date,open,high,low,close,tick_volume
2005-01-02,80.249,80.463,80.057,80.293,33385.7
2005-01-03,80.28,80.359,79.583,79.768,431409.2
2005-01-04,79.788,80.342,79.593,79.836,434896.8
2005-01-05,79.844,80.021,79.4,79.48,429474.0
2005-01-06,79.473,80.028,79.373,79.925,432150.7
2005-01-07,79.908,79.962,79.134,79.299,409942.8
2005-01-09,79.246,79.463,79.13,79.353,34659.0
2005-01-10,79.333,79.464,78.85,79.046,431885.8
2005-01-11,79.073,79.43,78.592,78.86,434600.7
2005-01-12,78.897,78.96,77.926,78.478,433027.1
2005-01-13,78.47,78.723,78.168,78.388,432627.5
2005-01-14,78.401,78.441,77.105,77.407,407125.6
2005-01-16,77.461,77.511,77.231,77.308,33652.9
2005-01-17,77.288,77.752,77.085,77.238,431821.6
2005-01-18,77.236,77.7,76.945,77.173,287409.9
2005-01-19,77.189,78.392,77.17,78.183,428061.3
2005-01-20,78.195,78.655,77.866,78.415,428357.4
2005-01-21,78.432,79.378,78.247,78.982,404812.3
2005-01-23,79.01,79.238,78.829,79.142,34875.1
2005-01-24,79.172,79.395,78.818,79.0,429082.3
2005-01-25,79.0,79.747,78.911,79.607,424540.4
2005-01-26,79.616,79.91,79.183,79.82,436205.2
2005-01-27,79.817,80.285,79.705,79.929,431542.5
2005-01-28,79.95,80.279,79.717,80.0,406416.3
2005-01-30,80.059,80.231,79.991,80.169,33925.1
2005-01-31,80.145,80.462,79.946,80.241,430278.8
2005-02-01,80.267,80.371,79.823,80.271,429532.2
2005-02-02,80.292,80.79,80.0,80.601,431191.6
2005-02-03,80.591,80.839,80.265,80.5,429017.3
2005-02-04,80.493,80.538,79.87,80.18,410129.1
2005-02-06,80.197,80.285,79.947,79.969,31441.3
2005-02-07,79.961,80.815,79.79,80.49,434884.6
2005-02-08,80.444,81.104,80.173,80.877,436834.2
2005-02-09,80.878,81.537,80.591,81.421,437078.8
2005-02-10,81.408,82.956,81.378,82.673,434237.1
2005-02-11,82.69,83.179,82.514,83.07,411930.1
2005-02-13,83.023,83.023,82.747,82.892,32600.7
2005-02-14,82.877,82.918,82.198,82.673,436449.5
2005-02-15,82.674,82.807,81.986,82.144,437969.9
2005-02-16,82.141,82.771,82.036,82.627,428948.4
2005-02-17,82.607,83.2,82.506,82.693,432301.1
2005-02-18,82.69,83.418,82.556,83.246,408622.0
2005-02-20,83.255,83.495,83.203,83.308,33301.8
2005-02-21,83.282,83.408,83.042,83.22,430327.0
2005-02-22,83.227,83.312,82.349,82.705,434076.0
2005-02-23,82.694,83.032,82.246,82.439,431925.1
2005-02-24,82.457,83.039,82.388,82.635,434844.3
2005-02-25,82.621,82.834,82.192,82.718,409274.5
2005-02-27,82.734,82.811,82.47,82.569,33105.1
2005-02-28,82.557,82.917,82.396,82.642,427349.9
2005-03-01,82.662,82.682,81.704,82.055,434648.1
2005-03-02,82.068,82.193,81.492,81.909,432384.2
2005-03-03,81.894,82.456,81.817,82.31,434657.3
2005-03-04,82.302,82.978,82.235,82.801,408188.5
2005-03-06,82.812,82.812,82.581,82.603,33494.1
2005-03-07,82.608,83.399,82.525,83.293,429086.1
2005-03-08,83.312,83.655,83.118,83.39,434496.4
2005-03-09,83.365,83.519,82.221,82.323,432241.8
2005-03-10,82.347,82.968,81.946,82.183,435944.8
2005-03-11,82.183,82.586,81.959,82.42,410723.5
2005-03-13,82.436,82.455,82.21,82.363,34116.0
2005-03-14,82.347,82.861,82.311,82.677,431478.5
2005-03-15,82.663,82.743,82.327,82.518,433701.9
2005-03-16,82.487,82.839,82.062,82.743,430198.9
2005-03-17,82.755,82.977,82.409,82.878,431863.3
2005-03-18,82.852,83.272,82.64,83.235,402702.6
2005-03-20,83.229,83.229,83.037,83.057,33733.5
2005-03-21,83.051,83.205,82.412,82.505,430919.5
2005-03-22,82.505,83.241,82.123,82.141,436276.7
2005-03-23,82.131,82.236,81.513,81.806,432446.5
2005-03-24,81.795,82.291,81.759,82.0,430034.8
2005-03-25,82.02,82.319,81.912,82.037,405254.1
2005-03-27,82.063,82.281,81.987,82.172,34204.3
2005-03-28,82.121,82.586,82.01,82.461,441116.7
2005-03-29,82.423,83.088,82.357,83.031,441628.0
2005-03-30,83.021,83.1,82.646,82.848,442193.1
2005-03-31,82.887,83.015,82.488,82.857,437847.7
2005-04-01,82.89,83.149,82.592,82.902,416135.5
2005-04-03,82.86,82.88,82.657,82.792,36907.4
2005-04-04,82.796,83.191,82.712,82.961,445737.5
2005-04-05,82.958,83.373,82.694,82.75,441235.1
2005-04-06,82.765,83.238,82.509,83.0,439938.8
2005-04-07,83.005,83.403,82.817,83.195,438268.7
2005-04-08,83.225,83.787,83.017,83.491,410925.8
2005-04-10,83.476,83.626,83.408,83.482,36295.2
2005-04-11,83.473,83.768,83.362,83.433,443008.8
2005-04-12,83.42,83.89,83.289,83.459,438879.8
2005-04-13,83.456,83.682,83.224,83.37,439281.0
2005-04-14,83.372,83.617,83.111,83.17,441755.4
2005-04-15,83.156,83.215,82.657,82.772,418931.5
2005-04-17,82.758,82.78,82.592,82.666,36772.6
2005-04-18,82.662,82.702,82.01,82.382,440438.2
2005-04-19,82.397,82.518,82.036,82.443,437986.6
2005-04-20,82.467,82.949,82.315,82.916,445312.1
2005-04-21,82.894,83.264,82.6,82.818,438422.6
2005-04-22,82.818,83.109,82.613,82.712,412836.3
2005-04-24,82.669,82.669,82.225,82.52,36070.3
2005-04-25,82.527,82.723,82.171,82.367,443068.0
2005-04-26,82.364,82.729,82.256,82.574,443971.3
2005-04-27,82.571,82.631,81.958,82.262,442188.6
2005-04-28,82.274,82.677,82.145,82.547,441923.6
2005-04-29,82.556,82.648,81.684,81.801,417235.6
2005-05-01,81.885,82.017,81.831,81.936,35851.5
2005-05-02,81.918,82.229,81.722,81.84,441861.6
2005-05-03,81.79,81.901,80.991,81.193,439615.5
2005-05-04,81.183,81.717,80.976,81.517,440028.7
2005-05-05,81.512,81.742,81.226,81.585,441926.7
2005-05-06,81.589,81.745,81.17,81.48,415846.0
2005-05-08,81.433,81.594,81.237,81.551,36546.5
2005-05-09,81.575,81.746,81.287,81.646,441177.3
2005-05-10,81.667,82.003,81.608,81.849,441597.9
2005-05-11,81.877,82.259,81.61,81.73,438554.1
2005-05-12,81.7,82.114,81.62,81.798,437083.5
2005-05-13,81.772,81.898,81.461,81.671,416867.3
2005-05-15,81.704,81.754,81.457,81.562,35583.5
2005-05-16,81.538,81.602,80.573,80.672,436607.5
2005-05-17,80.65,81.283,80.609,81.072,441325.4
2005-05-18,81.091,81.488,80.91,81.286,436441.4
2005-05-19,81.266,81.603,81.143,81.429,443169.7
2005-05-20,81.408,81.799,81.356,81.521,413308.4
2005-05-22,81.521,81.752,81.455,81.675,34840.7
2005-05-23,81.687,81.803,81.487,81.709,438390.1
2005-05-24,81.703,82.15,81.529,81.622,440000.5
2005-05-25,81.567,82.215,81.535,82.157,440840.7
2005-05-26,82.168,82.421,81.743,81.881,441532.7
2005-05-27,81.888,82.419,81.772,82.344,414066.5
2005-05-29,82.322,82.322,82.067,82.224,36495.0
2005-05-30,82.204,82.349,81.968,82.003,445835.5
2005-05-31,82.011,82.09,81.428,81.881,443197.8
2005-06-01,81.894,82.031,81.115,81.451,440355.0
2005-06-02,81.486,81.789,81.29,81.605,441494.1
2005-06-03,81.615,81.777,81.284,81.452,416660.6
2005-06-05,81.416,81.528,81.281,81.433,35861.2
2005-06-06,81.423,81.929,81.284,81.738,444238.8
2005-06-07,81.768,82.101,81.598,81.943,440081.8
2005-06-08,81.907,82.343,81.808,82.152,424942.3
2005-06-09,82.167,82.648,82.004,82.504,441354.5
2005-06-10,82.488,82.834,82.139,82.713,402308.5
2005-06-12,82.733,82.902,82.563,82.597,36481.5
2005-06-13,82.565,83.488,82.533,83.421,439235.5
2005-06-14,83.396,83.816,83.357,83.531,441741.1
2005-06-15,83.5,84.147,83.304,83.95,438855.3
2005-06-16,83.959,84.406,83.674,84.155,439065.4
2005-06-17,84.168,84.75,84.01,84.439,416074.7
2005-06-19,84.465,84.645,84.415,84.574,37264.4
2005-06-20,84.581,85.021,84.425,84.913,441500.3
2005-06-21,84.902,84.927,84.184,84.488,441037.6
2005-06-22,84.51,84.908,84.31,84.531,439335.3
2005-06-23,84.498,84.613,83.75,83.944,439898.2
2005-06-24,83.93,84.629,83.613,83.859,418011.1
2005-06-26,83.893,84.08,83.747,83.765,35792.8
2005-06-27,83.745,84.238,83.728,84.158,441685.9
2005-06-28,84.173,84.539,83.746,83.887,439477.6
2005-06-29,83.89,84.408,83.823,84.286,445276.6
2005-06-30,84.325,84.703,84.001,84.261,441972.9
2005-07-01,84.299,84.505,83.754,84.04,419213.0
2005-07-03,84.014,84.031,83.605,83.734,36187.0
2005-07-04,83.741,83.843,83.433,83.64,440753.8
2005-07-05,83.646,83.777,82.602,82.916,438631.3
2005-07-06,82.953,83.171,82.698,82.934,439534.1
2005-07-07,82.938,83.394,82.633,82.954,441236.0
2005-07-08,82.948,83.329,82.718,83.142,415212.2
2005-07-10,83.2,83.279,83.114,83.236,35652.6
2005-07-11,83.213,83.763,83.02,83.524,442164.7
2005-07-12,83.532,83.971,83.309,83.783,443892.8
2005-07-13,83.793,84.008,83.589,83.878,439190.3
2005-07-14,83.878,84.51,83.755,84.359,441112.8
2005-07-15,84.385,84.47,83.836,84.02,415867.4
2005-07-17,84.008,84.177,83.905,84.099,36307.5
2005-07-18,84.113,84.449,83.853,84.329,441930.6
2005-07-19,84.289,84.818,83.986,84.688,441328.1
2005-07-20,84.703,85.585,84.67,85.258,432831.4
2005-07-21,85.288,85.78,83.972,84.44,434377.7
2005-07-22,84.438,85.35,84.409,84.955,408411.3
2005-07-24,84.943,85.12,84.58,85.019,36134.3
2005-07-25,85.016,85.299,84.778,84.984,433224.0
2005-07-26,84.987,85.345,84.812,85.317,435538.4
2005-07-27,85.327,85.44,84.66,84.985,436272.9
2005-07-28,85.003,85.273,84.78,85.185,432358.8
2005-07-29,85.222,85.483,85.001,85.122,408281.5
2005-07-31,85.109,85.227,85.027,85.113,35244.0
2005-08-01,85.118,85.502,84.943,85.287,431796.3
2005-08-02,85.286,85.48,84.946,85.28,431753.2
2005-08-03,85.308,85.784,85.177,85.703,435207.9
2005-08-04,85.712,86.06,85.479,85.717,431504.1
2005-08-05,85.722,86.241,85.64,85.821,407815.2
2005-08-07,85.88,86.317,85.865,86.279,36185.0
2005-08-08,86.292,86.338,85.433,85.589,433527.8
2005-08-09,85.597,85.7,84.924,85.018,438957.1
2005-08-10,85.001,85.03,84.359,84.503,432783.3
2005-08-11,84.54,85.139,84.395,84.875,440932.2
2005-08-12,84.844,84.96,84.305,84.394,411057.3
2005-08-14,84.5,84.711,84.42,84.602,36640.0
2005-08-15,84.597,84.698,83.809,83.914,434635.1
2005-08-16,83.904,84.46,83.703,84.203,437799.3
2005-08-17,84.223,84.266,83.291,83.44,436911.4
2005-08-18,83.454,83.817,83.05,83.151,429889.3
2005-08-19,83.153,83.282,82.71,82.952,406472.1
2005-08-21,82.953,83.037,82.89,83.016,36540.9
2005-08-22,83.027,83.344,82.632,82.788,432345.3
2005-08-23,82.792,83.199,82.606,83.098,438690.6
2005-08-24,83.128,83.46,83.007,83.38,436509.6
2005-08-25,83.403,83.64,83.183,83.487,430961.6
2005-08-26,83.506,83.682,82.972,83.227,407627.7
2005-08-28,83.248,83.248,82.992,83.023,34494.2
2005-08-29,83.057,83.478,82.874,82.984,435041.5
2005-08-30,83.003,83.394,82.886,83.14,437417.7
2005-08-31,83.178,83.539,83.011,83.398,433097.5
2005-09-01,83.444,83.859,83.357,83.753,430406.8
2005-09-02,83.786,84.07,83.578,83.822,411675.3
2005-09-04,83.811,84.074,83.697,84.048,34755.8
2005-09-05,84.068,84.104,83.549,83.845,435594.6
2005-09-06,83.851,84.238,83.592,84.128,428613.4
2005-09-07,84.098,84.644,83.908,84.387,430018.4
2005-09-08,84.348,85.404,84.321,85.163,434133.5
2005-09-09,85.176,85.493,84.493,84.497,410404.5
2005-09-11,84.499,84.804,84.357,84.69,35726.9
2005-09-12,84.728,84.973,84.517,84.751,435627.8
2005-09-13,84.744,85.265,84.64,85.165,431858.5
2005-09-14,85.151,85.221,84.775,85.109,429302.6
2005-09-15,85.097,85.171,84.536,84.84,434979.7
2005-09-16,84.847,85.469,84.606,85.435,409291.9
2005-09-18,85.386,85.435,85.181,85.232,35694.6
2005-09-19,85.255,85.575,84.942,85.521,435361.0
2005-09-20,85.541,85.961,85.238,85.76,435658.7
2005-09-21,85.755,86.014,85.6,85.742,436379.5
2005-09-22,85.754,86.022,85.002,85.03,435604.2
2005-09-23,84.999,85.472,84.608,85.228,405998.3
2005-09-25,85.171,85.192,84.969,85.006,35806.4
2005-09-26,85.019,85.295,84.75,84.975,433534.2
2005-09-27,84.99,85.693,84.953,85.503,435500.6
2005-09-28,85.5,85.972,85.341,85.773,429103.1
2005-09-29,85.753,86.025,85.556,85.941,433553.2
2005-09-30,85.955,86.877,85.86,86.743,408377.8
2005-10-02,86.703,86.723,86.292,86.472,36407.5
2005-10-03,86.501,87.219,86.42,87.08,433709.5
2005-10-04,87.086,87.301,86.871,87.193,431981.6
2005-10-05,87.207,87.261,85.879,86.269,431485.1
2005-10-06,86.275,86.498,85.696,86.028,435263.2
2005-10-07,86.046,86.353,85.813,85.992,408653.6
2005-10-08,85.968,85.968,83.92,83.953,10482.2
2005-10-09,85.975,86.134,85.885,86.008,35755.6
2005-10-10,86.003,86.738,85.991,86.447,435213.8
2005-10-11,86.423,86.523,85.682,86.03,436361.2
2005-10-12,86.013,86.473,85.989,86.412,432395.8
2005-10-13,86.426,86.532,85.728,85.798,432197.1
2005-10-14,85.838,86.276,85.544,85.762,413612.3
2005-10-15,85.716,85.725,83.91,85.669,21801.9
2005-10-16,85.78,86.096,85.78,85.878,35554.1
2005-10-17,85.934,86.297,85.662,86.19,431874.5
2005-10-18,86.215,86.586,86.091,86.512,432110.7
2005-10-19,86.494,86.708,86.206,86.518,437480.6
2005-10-20,86.5,87.045,86.448,86.598,436398.4
2005-10-21,86.627,86.864,86.454,86.772,406455.1
2005-10-23,86.717,86.765,86.525,86.61,35144.2
2005-10-24,86.6,86.771,86.232,86.598,436055.2
2005-10-25,86.605,87.088,86.428,87.072,430111.8
2005-10-26,87.066,87.485,86.817,87.434,432261.0
2005-10-27,87.413,87.58,87.169,87.254,432183.7
2005-10-28,87.269,87.352,86.511,86.667,406075.6
2005-10-30,86.7,86.796,86.494,86.699,35915.9
2005-10-31,86.701,87.16,86.558,87.008,436871.1
2005-11-01,86.99,87.094,86.567,86.714,434967.5
2005-11-02,86.708,86.851,86.424,86.584,437326.4
2005-11-03,86.594,86.845,86.496,86.647,434380.5
2005-11-04,86.642,86.981,86.31,86.692,409760.7
2005-11-06,86.675,86.723,86.438,86.632,35059.2
2005-11-07,86.629,86.735,85.973,86.155,433023.4
2005-11-08,86.178,86.229,85.802,86.105,435119.6
2005-11-09,86.116,86.722,85.855,86.633,431463.5
2005-11-10,86.634,86.675,86.069,86.105,435062.7
2005-11-11,86.1,86.485,86.011,86.422,414732.1
2005-11-13,86.442,86.826,86.272,86.435,35317.4
2005-11-14,86.455,86.795,86.281,86.467,435530.7
2005-11-15,86.465,87.21,86.34,87.013,429585.3
2005-11-16,87.017,87.186,86.871,87.015,427811.6
2005-11-17,87.004,87.243,86.712,87.15,426682.2
2005-11-18,87.161,87.41,86.963,87.355,400467.9
2005-11-20,87.282,87.476,87.166,87.387,34337.7
2005-11-21,87.413,87.676,87.158,87.64,424347.9
2005-11-22,87.656,87.718,87.285,87.559,428029.1
2005-11-23,87.562,87.691,87.217,87.615,431971.3
2005-11-24,87.6,87.953,87.469,87.782,427502.2
2005-11-25,87.772,88.12,87.627,87.925,400689.0
2005-11-27,87.991,88.005,87.646,87.914,34843.2
2005-11-28,87.915,88.215,87.737,88.1,423829.9
2005-11-29,88.103,88.395,88.012,88.291,425859.8
2005-11-30,88.295,88.624,88.032,88.576,425458.9
2005-12-01,88.577,89.586,88.364,89.345,427488.3
2005-12-02,89.334,90.292,89.323,90.141,404043.1
2005-12-04,90.228,90.507,90.228,90.353,34896.9
2005-12-05,90.372,90.876,90.218,90.693,430715.3
2005-12-06,90.701,91.329,90.682,90.794,429632.2
2005-12-07,90.797,90.845,90.203,90.456,426737.3
2005-12-08,90.457,90.55,89.79,90.265,425645.1
2005-12-09,90.291,90.658,90.16,90.48,402604.4
2005-12-11,90.489,90.558,90.254,90.547,34876.8
2005-12-12,90.548,90.934,90.249,90.645,426645.0
2005-12-13,90.66,90.813,90.296,90.392,424683.3
2005-12-14,90.39,90.407,88.224,88.627,427927.3
2005-12-15,88.665,88.762,86.724,86.837,427962.1
2005-12-16,86.861,87.032,85.896,85.971,403270.7
2005-12-18,85.902,86.073,85.801,85.97,34992.7
2005-12-19,85.987,86.913,85.72,85.928,428933.5
2005-12-20,85.928,86.443,85.602,86.189,424806.0
2005-12-21,86.177,86.242,85.685,86.242,427258.9
2005-12-22,86.239,86.265,85.065,85.185,424080.0
2005-12-23,85.183,85.338,84.472,84.62,398436.4
2005-12-25,84.603,85.259,84.527,84.726,34832.5
2005-12-26,84.71,85.226,84.569,85.151,440296.9
2005-12-27,85.157,85.522,84.858,85.126,428087.0
2005-12-28,85.133,86.029,85.082,85.833,425630.8
2005-12-29,85.836,86.376,85.679,86.199,426547.1
2005-12-30,86.214,86.62,85.882,86.385,400460.1
2006-01-01,86.252,86.263,86.157,86.246,34303.8
2006-01-02,86.248,86.448,86.113,86.129,422856.2
2006-01-03,86.115,86.491,85.68,85.976,425229.7
2006-01-04,85.969,86.872,85.703,86.752,427129.2
2006-01-05,86.755,86.967,86.403,86.648,424442.7
2006-01-06,86.65,86.823,85.951,86.265,401623.0
2006-01-08,86.217,86.331,86.086,86.159,35413.4
2006-01-09,86.172,86.38,85.625,86.101,426211.0
2006-01-10,86.122,86.278,85.502,85.762,428955.1
2006-01-11,85.777,86.343,85.726,86.253,427917.6
2006-01-12,86.283,86.365,85.5,85.91,428010.0
2006-01-13,85.924,86.255,85.885,86.185,402782.3
2006-01-15,86.215,86.315,86.037,86.173,36278.0
2006-01-16,86.187,86.818,86.145,86.693,425098.8
2006-01-17,86.704,87.065,86.466,86.843,423239.6
2006-01-18,86.848,86.923,85.878,86.161,427397.1
2006-01-19,86.161,86.511,85.641,86.349,429183.4
2006-01-20,86.352,86.616,86.028,86.165,403802.7
2006-01-22,86.215,86.451,86.036,86.309,34143.2
2006-01-23,86.268,86.481,85.969,86.232,431869.8
2006-01-24,86.25,86.44,85.688,86.369,426289.9
2006-01-25,86.379,87.281,86.273,87.176,425492.6
2006-01-26,87.16,87.624,86.968,87.52,425998.5
2006-01-27,87.523,88.163,87.257,87.885,406309.3
2006-01-29,87.91,87.914,87.565,87.715,34358.8
2006-01-30,87.717,88.304,87.704,88.095,427647.6
2006-01-31,88.098,88.938,87.994,88.872,429859.2
2006-02-01,88.872,88.978,88.506,88.797,426654.6
2006-02-02,88.8,89.376,88.714,89.256,431918.7
2006-02-03,89.261,89.313,88.889,88.95,401054.8
2006-02-05,89.052,89.11,88.875,88.961,35573.9
2006-02-06,88.977,88.977,88.155,88.291,428283.9
2006-02-07,88.301,88.366,86.925,87.122,424653.9
2006-02-08,87.135,87.89,86.809,87.583,430568.2
2006-02-09,87.598,88.072,87.382,88.024,428672.8
2006-02-10,88.026,88.034,86.573,86.875,404737.7
2006-02-12,86.845,86.869,86.686,86.698,34440.8
2006-02-13,86.724,87.184,86.526,86.677,429228.1
2006-02-14,86.678,87.216,86.318,87.135,429719.0
2006-02-15,87.136,87.307,86.764,87.152,426224.2
2006-02-16,87.177,87.177,86.78,87.066,424804.7
2006-02-17,87.069,87.46,86.838,87.325,402944.0
2006-02-19,87.255,87.483,87.165,87.268,36003.2
2006-02-20,87.261,87.689,87.19,87.595,424858.2
2006-02-21,87.593,87.883,87.359,87.754,426038.7
2006-02-22,87.756,87.79,86.943,87.052,427734.9
2006-02-23,87.057,87.128,86.307,86.423,427068.4
2006-02-24,86.433,86.603,85.973,86.355,407174.4
2006-02-26,86.356,86.474,86.24,86.313,34601.3
2006-02-27,86.334,86.37,85.481,85.714,426795.9
2006-02-28,85.713,86.183,85.533,85.967,430609.0
2006-03-01,85.976,86.557,85.832,86.424,427757.8
2006-03-02,86.42,86.851,86.342,86.524,427256.3
2006-03-03,86.545,86.887,86.445,86.775,403045.5
2006-03-05,86.666,86.783,86.512,86.754,34415.8
2006-03-06,86.765,87.337,86.702,86.94,429080.1
2006-03-07,86.943,87.053,86.113,86.138,425269.1
2006-03-08,86.158,86.643,86.064,86.437,430953.0
2006-03-09,86.442,86.873,86.225,86.691,428672.9
2006-03-10,86.72,87.159,86.642,87.045,400680.9
2006-03-12,87.044,87.128,86.575,87.074,35387.0
2006-03-13,87.06,87.494,86.948,87.147,427079.6
2006-03-14,87.172,87.253,86.26,86.729,427851.4
2006-03-15,86.74,86.932,86.502,86.802,426972.0
2006-03-16,86.81,86.909,85.917,86.203,426983.1
2006-03-17,86.214,86.241,84.12,84.251,403725.2
2006-03-19,84.297,84.482,84.15,84.449,34048.0
2006-03-20,84.471,84.474,83.237,83.74,428357.8
2006-03-21,83.749,84.207,83.408,84.204,429165.9
2006-03-22,84.205,84.31,83.667,84.16,425480.3
2006-03-23,84.164,84.281,83.673,83.843,425059.7
2006-03-24,83.827,83.963,83.165,83.26,401934.5
2006-03-26,83.219,83.503,83.135,83.313,35442.2
2006-03-27,83.326,83.358,82.066,82.399,424964.7
2006-03-28,82.416,83.204,82.132,83.14,423736.3
2006-03-29,83.153,83.332,82.582,83.197,428437.6
2006-03-30,83.207,83.975,83.201,83.763,430312.3
2006-03-31,83.787,84.324,83.706,84.289,406645.7
2006-04-02,84.306,84.349,83.903,84.167,34444.4
2006-04-03,84.171,84.996,83.798,84.22,429926.3
2006-04-04,84.222,84.918,83.76,84.851,428276.4
2006-04-05,84.873,85.562,84.345,85.453,431073.8
2006-04-06,85.46,86.181,85.304,85.704,426515.9
2006-04-07,85.747,86.27,85.676,85.743,405510.2
2006-04-09,85.702,85.934,85.641,85.807,34838.1
2006-04-10,85.816,86.47,85.734,86.353,427047.7
2006-04-11,86.363,86.942,86.05,86.478,427423.7
2006-04-12,86.481,86.827,86.181,86.621,425548.8
2006-04-13,86.633,86.789,85.863,86.283,426429.4
2006-04-14,86.308,86.486,86.076,86.441,399207.8
2006-04-16,86.383,86.383,86.053,86.314,34446.7
2006-04-17,86.317,86.958,86.198,86.925,429887.4
2006-04-18,86.927,87.29,86.661,86.85,427966.3
2006-04-19,86.876,87.814,86.653,87.541,427725.5
2006-04-20,87.552,87.666,86.424,86.615,426602.4
2006-04-21,86.61,87.146,86.538,86.665,401237.5
2006-04-23,86.424,86.488,86.154,86.298,36588.0
2006-04-24,86.313,86.518,85.011,85.286,434183.3
2006-04-25,85.301,85.735,85.037,85.535,426690.9
2006-04-26,85.563,86.535,85.352,86.42,428376.7
2006-04-27,86.401,86.487,85.747,86.254,424756.5
2006-04-28,86.248,86.625,86.001,86.35,401884.9
2006-04-30,86.305,86.336,86.078,86.184,36621.6
2006-05-01,86.207,86.328,85.709,85.99,429365.5
2006-05-02,85.992,86.753,85.817,86.669,428615.9
2006-05-03,86.695,87.611,86.611,87.443,429656.4
2006-05-04,87.451,87.735,87.145,87.446,428708.2
2006-05-05,87.455,87.732,86.472,86.881,403068.9
2006-05-07,86.724,86.753,86.403,86.555,34989.6
2006-05-08,86.557,86.649,85.6,85.871,424784.3
2006-05-09,85.853,86.082,85.217,85.853,427023.7
2006-05-10,85.869,86.019,85.196,85.689,426525.2
2006-05-11,85.688,86.128,85.472,85.559,425698.9
2006-05-12,85.584,85.817,84.725,85.002,404977.8
2006-05-14,84.933,84.945,84.387,84.75,40685.1
2006-05-15,84.772,84.804,83.585,84.242,425430.6
2006-05-16,84.238,84.498,83.779,84.181,426726.6
2006-05-17,84.186,84.367,83.634,84.193,428290.7
2006-05-18,84.188,85.054,83.949,84.402,431780.4
2006-05-19,84.428,85.232,84.17,84.675,402965.8
2006-05-21,84.625,84.645,84.403,84.478,40204.7
2006-05-22,84.481,84.544,83.701,83.977,427514.0
2006-05-23,83.977,84.519,83.54,84.071,429546.1
2006-05-24,84.084,84.979,84.046,84.825,427570.9
2006-05-25,84.835,85.157,84.284,84.819,429612.7
2006-05-26,84.799,85.465,84.741,85.25,403280.7
2006-05-28,85.346,85.365,84.434,85.103,39572.9
2006-05-29,85.108,85.445,84.536,85.364,422691.6
2006-05-30,85.367,85.757,85.136,85.455,431918.4
2006-05-31,85.451,85.628,84.303,84.491,430767.3
2006-06-01,84.499,84.632,83.891,84.213,428600.3
2006-06-02,84.231,84.424,83.505,83.905,401961.8
2006-06-04,83.997,84.015,83.726,83.848,40822.0
2006-06-05,83.865,84.186,83.485,83.882,426588.2
2006-06-06,83.899,84.328,83.572,83.736,426713.6
2006-06-07,83.769,84.21,83.65,84.182,426117.3
2006-06-08,84.187,85.215,83.89,84.557,425357.4
2006-06-09,84.54,85.413,84.402,85.164,405133.9
2006-06-11,85.178,85.443,85.11,85.412,37595.9
2006-06-12,85.42,85.605,84.946,85.029,426690.4
2006-06-13,85.054,85.485,84.571,85.029,425481.2
2006-06-14,85.053,85.104,84.539,84.682,426785.9
2006-06-15,84.698,85.248,84.568,85.149,423434.3
2006-06-16,85.161,85.403,84.818,85.043,404906.1
2006-06-18,85.03,85.106,84.945,85.058,39581.2
2006-06-19,85.057,85.35,84.807,85.012,422707.7
2006-06-20,85.022,85.179,84.618,84.833,422980.5
2006-06-21,84.83,85.044,84.321,85.012,425967.0
2006-06-22,85.028,85.29,84.774,84.969,422496.4
2006-06-23,84.968,85.315,84.79,85.21,404316.9
2006-06-25,85.273,85.285,85.061,85.096,40896.2
2006-06-26,85.117,85.324,84.838,85.111,426533.6
2006-06-27,85.124,85.448,84.991,85.103,429483.2
2006-06-28,85.097,85.183,84.513,84.739,427023.1
2006-06-29,84.743,85.146,84.662,85.116,424751.9
2006-06-30,85.117,85.278,84.801,84.906,401708.2
2006-07-02,84.96,85.035,84.789,84.88,35761.4
2006-07-03,84.9,85.457,84.844,85.189,424488.7
2006-07-04,85.203,85.674,85.069,85.535,425887.5
2006-07-05,85.532,85.916,85.361,85.66,428416.0
2006-07-06,85.681,85.995,85.024,85.943,426268.8
2006-07-07,85.954,86.131,85.457,85.77,408309.7
2006-07-09,85.766,85.766,85.466,85.615,37048.3
2006-07-10,85.609,85.622,85.049,85.301,428962.1
2006-07-11,85.304,86.026,85.253,85.914,425155.7
2006-07-12,85.932,86.991,85.493,86.684,429204.7
2006-07-13,86.69,87.233,86.257,86.843,423140.8
2006-07-14,86.867,87.751,86.67,87.42,401774.4
2006-07-16,87.427,87.666,87.338,87.467,35271.0
2006-07-17,87.468,87.814,87.28,87.324,424304.1
2006-07-18,87.342,88.022,87.276,87.568,425842.2
2006-07-19,87.565,87.752,87.171,87.577,422150.4
2006-07-20,87.584,87.916,87.377,87.738,428240.1
2006-07-21,87.731,87.771,87.134,87.345,404961.2
2006-07-23,87.378,87.458,87.298,87.416,36713.6
2006-07-24,87.418,88.155,87.343,87.925,427761.8
2006-07-25,87.935,88.372,87.887,88.202,426386.8
2006-07-26,88.195,88.866,88.065,88.445,426461.9
2006-07-27,88.454,88.568,88.036,88.317,425051.4
2006-07-28,88.327,88.345,87.686,87.952,403558.0
2006-07-30,87.955,87.993,87.743,87.763,35222.5
2006-07-31,87.765,87.895,87.256,87.649,427224.4
2006-08-01,87.638,87.813,87.149,87.695,422263.2
2006-08-02,87.698,87.894,87.359,87.549,429003.1
2006-08-03,87.568,87.686,87.27,87.597,429025.5
2006-08-04,87.603,87.841,87.282,87.763,405855.7
2006-08-06,87.763,87.778,87.392,87.45,34893.4
2006-08-07,87.448,87.901,87.421,87.86,420976.7
2006-08-08,87.86,87.875,87.233,87.589,430741.3
2006-08-09,87.583,88.428,87.308,88.374,440080.6
2006-08-10,88.367,88.758,88.119,88.683,430885.7
2006-08-11,88.691,89.254,88.417,89.091,403590.8
2006-08-13,89.062,89.179,88.885,89.098,35907.1
2006-08-14,89.098,89.343,88.366,88.449,431849.0
2006-08-15,88.437,88.844,88.337,88.65,427029.4
2006-08-16,88.657,89.093,88.542,88.914,430200.8
2006-08-17,88.935,88.975,88.003,88.295,426155.5
2006-08-18,88.298,88.391,87.645,88.008,404116.4
2006-08-20,88.008,88.022,87.706,87.81,35898.5
2006-08-21,87.831,88.538,87.721,88.357,426019.8
2006-08-22,88.342,88.936,88.301,88.734,431021.6
2006-08-23,88.753,89.157,88.518,88.548,424116.3
2006-08-24,88.552,88.879,88.424,88.793,426175.4
2006-08-25,88.793,89.166,88.531,88.741,405054.7
2006-08-27,88.698,88.842,88.617,88.675,35746.9
2006-08-28,88.695,89.016,88.547,88.93,426859.4
2006-08-29,88.957,89.157,88.769,89.058,426800.3
2006-08-30,89.04,89.559,88.931,89.349,433289.0
2006-08-31,89.371,89.672,89.257,89.615,441934.6
2006-09-01,89.6,89.835,89.233,89.752,412283.2
2006-09-03,89.761,89.828,89.554,89.741,36332.7
2006-09-04,89.742,89.846,89.245,89.52,430664.0
2006-09-05,89.532,89.603,88.829,89.263,433879.2
2006-09-06,89.257,89.605,89.195,89.445,432779.1
2006-09-07,89.46,89.586,88.089,88.127,434450.6
2006-09-08,88.118,88.703,87.766,88.096,406975.4
2006-09-10,88.071,88.175,87.871,87.907,36859.6
2006-09-11,87.919,88.564,87.724,88.204,433177.7
2006-09-12,88.189,88.724,88.154,88.395,433083.1
2006-09-13,88.4,88.607,88.189,88.417,434753.0
2006-09-14,88.416,88.95,88.202,88.777,436978.4
2006-09-15,88.787,88.874,88.236,88.447,406319.2
2006-09-17,88.445,88.839,88.16,88.775,34071.0
2006-09-18,88.773,89.136,88.522,88.88,432926.2
2006-09-19,88.878,89.227,88.268,88.321,435735.8
2006-09-20,88.33,88.51,87.994,88.371,432931.5
2006-09-21,88.391,88.666,87.939,88.062,433997.7
2006-09-22,88.056,88.107,87.231,87.587,411831.5
2006-09-24,87.562,87.562,87.232,87.298,36416.0
2006-09-25,87.323,87.859,87.256,87.747,438181.9
2006-09-26,87.734,88.227,87.467,88.014,434104.2
2006-09-27,88.014,88.281,87.673,88.15,435949.3
2006-09-28,88.169,88.263,87.867,88.095,435533.8
2006-09-29,88.084,88.258,87.661,88.04,407432.2
2006-10-01,88.058,88.058,87.859,87.981,34336.1
2006-10-02,87.963,88.193,87.796,87.876,440125.3
2006-10-03,87.877,88.016,87.486,87.728,429816.1
2006-10-04,87.738,87.962,87.56,87.813,434483.4
2006-10-05,87.815,87.932,87.549,87.754,433414.4
2006-10-06,87.754,88.415,87.727,88.357,411165.0
2006-10-08,88.287,88.377,88.216,88.254,35603.6
2006-10-09,88.275,88.755,88.079,88.521,434575.8
2006-10-10,88.505,89.151,88.481,89.0,436091.5
2006-10-11,88.993,89.176,88.683,88.838,430801.8
2006-10-12,88.819,89.744,88.78,89.606,435967.8
2006-10-13,89.638,89.942,89.458,89.837,411622.6
2006-10-15,89.826,89.882,89.692,89.835,36232.2
2006-10-16,89.833,89.89,89.433,89.649,434052.5
2006-10-17,89.656,89.853,89.087,89.34,438776.5
2006-10-18,89.392,89.82,89.234,89.709,432921.8
2006-10-19,89.725,89.863,89.461,89.779,433413.4
2006-10-20,89.776,90.151,89.682,90.058,414346.5
2006-10-22,90.041,90.096,89.844,89.905,36465.8
2006-10-23,89.911,90.461,89.887,90.305,434392.7
2006-10-24,90.313,90.615,90.221,90.57,434094.0
2006-10-25,90.576,90.821,90.366,90.538,434585.2
2006-10-26,90.541,90.729,90.292,90.54,434753.9
2006-10-27,90.55,90.81,90.111,90.124,410055.4
2006-10-29,90.205,90.354,90.169,90.297,35354.8
2006-10-30,90.322,90.471,90.04,90.435,430387.5
2006-10-31,90.423,90.661,90.237,90.425,432743.2
2006-11-01,90.44,90.79,90.313,90.686,433748.7
2006-11-02,90.712,90.747,90.19,90.597,434288.7
2006-11-03,90.633,90.939,90.377,90.781,408547.2
2006-11-05,90.814,90.946,90.716,90.758,33636.7
2006-11-06,90.776,91.273,90.657,91.056,433567.8
2006-11-07,91.039,91.183,90.785,90.833,431898.5
2006-11-08,90.819,90.945,90.363,90.757,430069.8
2006-11-09,90.753,90.82,90.151,90.605,437356.0
2006-11-10,90.576,90.642,89.949,90.145,406821.5
2006-11-12,90.124,90.253,89.953,90.021,35388.6
2006-11-13,90.033,90.128,89.742,89.819,433667.1
2006-11-14,89.805,90.162,89.74,90.085,432150.5
2006-11-15,90.082,90.354,89.952,90.1,431100.1
2006-11-16,90.149,90.836,90.014,90.557,432552.8
2006-11-17,90.574,90.768,90.213,90.472,407985.2
2006-11-19,90.484,90.713,90.465,90.668,35628.4
2006-11-20,90.661,90.986,90.444,90.851,435992.0
2006-11-21,90.849,90.944,90.633,90.789,435198.4
2006-11-22,90.817,90.871,90.162,90.441,434773.0
2006-11-23,90.43,90.492,89.83,90.05,433629.2
2006-11-24,90.066,90.291,89.866,90.209,408278.7
2006-11-26,90.249,90.328,90.015,90.086,34499.2
2006-11-27,90.112,90.527,90.079,90.306,432190.5
2006-11-28,90.256,91.116,90.18,90.94,431486.5
2006-11-29,90.92,91.255,90.418,91.094,420885.0
2006-11-30,91.113,91.578,90.996,91.202,431427.9
2006-12-01,91.202,91.834,90.794,90.978,410257.2
2006-12-03,91.04,91.181,90.866,90.943,35502.6
2006-12-04,90.948,91.133,90.619,90.967,430642.8
2006-12-05,90.951,90.986,90.024,90.367,429784.0
2006-12-06,90.365,90.686,90.084,90.455,431954.0
2006-12-07,90.453,91.061,90.31,90.745,433452.2
2006-12-08,90.77,91.525,90.665,91.311,407310.2
2006-12-10,91.323,91.419,91.106,91.192,35273.7
2006-12-11,91.198,91.818,91.135,91.666,432735.4
2006-12-12,91.636,92.004,91.555,91.857,432194.1
2006-12-13,91.862,92.433,91.816,92.278,434786.6
2006-12-14,92.301,92.448,91.85,92.249,431829.8
2006-12-15,92.264,92.423,91.936,92.289,410855.1
2006-12-17,92.253,92.289,91.986,92.152,34495.9
2006-12-18,92.164,92.362,91.85,92.212,436502.9
2006-12-19,92.177,92.659,91.928,92.6,435005.4
2006-12-20,92.627,93.17,92.392,92.907,435800.4
2006-12-21,92.931,93.122,92.584,92.673,432958.1
2006-12-22,92.677,93.19,92.626,93.084,409635.3
2006-12-24,93.097,93.228,92.618,93.005,35146.4
2006-12-25,93.01,95.797,92.901,93.229,434284.6
2006-12-26,93.229,93.499,92.923,93.155,435515.4
2006-12-27,93.155,93.337,92.718,93.164,438945.1
2006-12-28,93.194,94.045,93.109,93.88,434530.5
2006-12-29,93.908,94.166,93.516,93.868,411321.3
2006-12-31,93.874,93.983,93.761,93.79,35237.8
2007-01-01,93.801,94.383,93.46,93.955,427749.9
2007-01-02,93.95,94.641,93.741,94.545,438899.1
2007-01-03,94.554,94.952,94.334,94.483,433264.3
2007-01-04,94.48,94.493,92.945,93.035,432991.8
2007-01-05,93.032,93.1,92.253,92.352,408965.4
2007-01-07,92.359,92.495,92.308,92.365,35062.8
2007-01-08,92.365,92.778,91.999,92.726,435987.4
2007-01-09,92.713,93.377,92.686,93.109,431995.5
2007-01-10,93.1,93.166,92.71,92.821,431662.9
2007-01-11,92.83,94.272,92.793,93.816,430097.9
2007-01-12,93.785,94.317,93.721,94.241,409498.4
2007-01-14,94.259,94.433,94.214,94.309,34818.2
2007-01-15,94.323,94.662,94.161,94.389,431753.7
2007-01-16,94.399,94.655,94.106,94.477,431156.7
2007-01-17,94.486,94.953,94.403,94.953,427777.8
2007-01-18,94.906,95.764,94.814,95.715,434072.1
2007-01-19,95.684,95.848,95.259,95.707,402778.4
2007-01-21,95.713,95.734,95.506,95.635,35622.6
2007-01-22,95.66,96.139,95.65,95.775,430418.3
2007-01-23,95.791,96.426,95.737,96.332,429615.5
2007-01-24,96.342,96.405,94.16,94.287,434016.7
2007-01-25,94.302,94.335,93.532,93.998,431512.9
2007-01-26,94.023,94.165,93.734,93.958,407188.8
2007-01-28,93.918,94.026,93.871,94.026,34866.1
2007-01-29,94.016,94.52,93.797,94.0,429361.2
2007-01-30,94.022,94.315,93.603,93.89,434048.5
2007-01-31,93.898,94.003,93.335,93.625,431135.0
2007-02-01,93.637,93.704,93.137,93.43,432360.0
2007-02-02,93.481,93.878,93.122,93.534,412074.9
2007-02-04,93.827,93.827,93.569,93.639,35120.1
2007-02-05,93.658,93.799,93.112,93.246,429495.2
2007-02-06,93.257,93.611,93.032,93.299,434663.1
2007-02-07,93.28,94.033,93.168,93.947,428428.3
2007-02-08,93.963,94.703,93.756,94.606,430388.9
2007-02-09,94.642,94.781,94.162,94.413,410261.0
2007-02-11,94.407,94.835,94.36,94.692,36178.3
2007-02-12,94.703,94.806,93.873,93.955,436687.0
2007-02-13,93.959,94.509,93.652,94.417,432082.2
2007-02-14,94.417,94.863,94.133,94.214,430900.8
2007-02-15,94.223,94.37,93.352,93.51,433600.0
2007-02-16,93.508,93.95,93.393,93.913,407738.8
2007-02-18,93.932,94.014,93.797,93.915,34042.5
2007-02-19,93.935,94.205,93.717,94.065,435997.4
2007-02-20,94.058,94.588,93.964,94.54,432738.5
2007-02-21,94.516,95.744,94.113,95.622,434000.0
2007-02-22,95.604,95.924,95.348,95.85,433844.8
2007-02-23,95.864,95.907,95.637,95.786,408202.0
2007-02-25,95.792,95.867,95.645,95.798,34841.2
2007-02-26,95.793,95.845,95.362,95.689,432442.0
2007-02-27,95.731,95.753,92.613,92.79,429746.1
2007-02-28,92.788,93.612,92.764,93.437,429071.6
2007-03-01,93.408,93.552,91.715,92.367,430789.7
2007-03-02,92.383,92.54,91.171,91.312,406830.2
2007-03-04,91.265,91.286,90.498,90.518,33649.5
2007-03-05,90.478,90.501,88.458,88.915,430578.8
2007-03-06,88.896,90.573,88.896,90.423,428971.3
2007-03-07,90.433,90.839,89.616,89.698,429200.8
2007-03-08,89.707,91.27,89.597,91.131,430721.8
2007-03-09,91.137,92.406,91.106,92.271,405762.0
2007-03-11,92.308,92.473,92.228,92.37,35665.0
2007-03-12,92.371,92.708,91.558,92.364,427019.8
2007-03-13,92.364,92.506,90.41,90.653,428670.6
2007-03-14,90.628,92.529,90.427,92.251,416211.3
2007-03-15,92.253,92.871,91.857,92.404,421601.9
2007-03-16,92.401,93.234,92.249,92.908,392832.4
2007-03-18,92.835,92.935,92.234,92.594,130602.9
2007-03-19,92.593,94.316,92.568,94.222,433948.2
2007-03-20,94.243,94.425,93.59,94.213,435551.2
2007-03-21,94.237,95.075,93.889,94.89,417698.7
2007-03-22,94.9,95.375,94.493,95.232,418254.9
2007-03-23,95.239,95.287,94.622,95.095,388941.6
2007-03-25,95.085,95.33,94.811,95.028,124838.1
2007-03-26,95.042,95.77,94.626,95.6,209744.2
2007-03-27,95.586,95.761,94.942,95.23,206438.6
2007-03-28,95.223,95.287,93.792,94.25,199383.9
2007-03-29,94.24,95.354,94.065,95.315,217500.8
2007-03-30,95.323,95.63,94.847,95.21,242486.3
2007-04-01,95.26,95.503,94.87,95.35,37603.3
2007-04-02,95.35,96.31,95.23,96.17,527991.8
2007-04-03,96.18,96.78,95.72,96.0,455877.9
2007-04-04,96.0,97.45,95.805,97.165,239474.2
2007-04-05,97.175,97.36,96.845,97.175,196033.9
2007-04-06,97.175,97.565,97.083,97.262,168682.5
2007-04-08,96.825,97.865,96.813,97.315,112233.9
2007-04-09,97.315,97.54,97.233,97.43,98193.7
2007-04-10,97.435,98.465,97.405,98.35,213243.05
2007-04-11,98.35,98.645,97.995,98.41,185955.8
2007-04-12,98.41,99.015,98.175,98.905,205444.73
2007-04-13,98.91,99.608,98.3,99.375,205078.1
2007-04-15,99.38,99.91,99.183,99.645,50916.7
2007-04-16,99.645,99.9,99.195,99.59,191616.8
2007-04-17,99.6,100.03,99.11,99.35,294425.6
2007-04-18,99.34,99.55,98.35,99.26,331263.4
2007-04-19,99.25,99.31,97.42,98.87,354209.5
2007-04-20,98.89,99.501,98.87,99.403,242040.4
2007-04-22,99.42,99.875,99.24,99.32,66914.8
2007-04-23,99.315,99.53,98.51,98.68,278533.8
2007-04-24,98.68,98.8,97.44,98.38,345346.2
2007-04-25,98.38,99.19,98.06,98.91,279720.36
2007-04-26,98.91,99.22,98.53,98.76,312327.9
2007-04-27,98.77,99.46,98.44,99.171,314331.0
2007-04-29,99.205,99.532,98.65,98.74,103687.1
2007-04-30,98.75,99.485,98.653,99.13,255868.6
2007-05-01,99.13,99.465,98.925,99.07,343691.4
2007-05-02,99.07,99.25,98.52,99.08,523608.5
2007-05-03,99.09,99.26,98.84,99.11,415239.8
2007-05-04,99.11,99.15,98.29,98.969,406299.4
2007-05-06,98.445,99.07,98.43,98.63,66080.6
2007-05-07,98.62,99.1,98.585,99.06,348886.6
2007-05-08,99.06,99.59,98.97,99.19,663505.1
2007-05-09,99.19,99.545,99.045,99.45,741947.23
2007-05-10,99.45,100.35,98.57,99.01,832898.5
2007-05-11,99.01,100.11,98.84,99.995,862101.0
2007-05-13,100.157,100.36,99.625,100.16,131202.3
2007-05-14,100.15,100.43,100.001,100.24,606345.1
2007-05-15,100.23,100.44,99.86,100.18,695203.3
2007-05-16,100.18,100.28,99.392,99.725,747523.0
2007-05-17,99.73,100.03,99.435,99.78,717558.7
2007-05-18,99.77,99.99,99.16,99.877,717546.3
2007-05-20,99.89,99.978,99.479,99.8,146521.4
2007-05-21,99.8,99.95,99.4,99.76,633677.4
2007-05-22,99.76,99.91,99.497,99.7,674969.92
2007-05-23,99.71,100.37,99.7,100.0,852160.8
2007-05-24,99.99,100.1,99.125,99.31,904342.73
2007-05-25,99.31,99.89,98.93,99.648,751655.38
2007-05-27,99.72,99.782,99.543,99.68,137749.45
2007-05-28,99.68,99.762,99.554,99.61,357482.0
2007-05-29,99.61,99.93,99.11,99.61,927028.8
2007-05-30,99.61,100.21,99.12,100.0,912508.0
2007-05-31,100.0,100.94,99.81,100.9,831001.8
2007-06-01,100.9,101.81,100.82,101.631,624787.6
2007-06-03,101.61,101.817,100.965,101.52,174433.1
2007-06-04,101.53,101.785,101.23,101.435,732331.3
2007-06-05,101.43,102.08,101.26,101.73,935945.1
2007-06-06,101.73,102.44,101.595,101.76,1180855.2
2007-06-07,101.76,102.85,101.41,102.06,1051329.0
2007-06-08,102.05,102.887,101.32,102.719,1333754.3
2007-06-10,102.875,103.0,102.46,102.56,167366.5
2007-06-11,102.56,102.8,102.07,102.71,997510.3
2007-06-12,102.71,102.81,102.02,102.11,1065367.6
2007-06-13,102.11,103.16,102.02,102.95,1241624.97
2007-06-14,102.95,103.17,102.53,102.8,943397.4
2007-06-15,102.8,104.012,102.69,103.91,872870.7
2007-06-17,103.64,104.07,103.57,104.05,205191.0
2007-06-18,104.05,104.37,103.705,104.16,889297.9
2007-06-19,104.16,104.49,104.07,104.45,934412.8
2007-06-20,104.45,104.68,104.02,104.29,993583.5
2007-06-21,104.29,104.83,104.24,104.83,825020.3
2007-06-22,104.83,105.37,104.699,104.971,848096.5
2007-06-24,105.025,105.167,104.641,105.05,185053.1
2007-06-25,105.05,105.26,104.45,104.57,922269.9
2007-06-26,104.57,104.75,103.585,103.68,1253012.15
2007-06-27,103.69,104.0,102.185,103.53,1672886.0
2007-06-28,103.54,104.39,103.07,104.3,1248842.5
2007-06-29,104.3,105.06,104.23,104.487,1131174.8
2007-07-01,104.71,104.96,104.25,104.69,266459.7
2007-07-02,104.69,105.19,104.65,104.93,1147364.0
2007-07-03,104.93,105.175,104.42,104.65,1187264.4
2007-07-04,104.65,105.28,104.58,105.255,805379.4
2007-07-05,105.26,105.46,104.96,105.23,1079285.8
2007-07-06,105.23,105.86,104.587,105.397,1032143.2
2007-07-08,105.785,105.94,105.46,105.89,258285.7
2007-07-09,105.88,106.29,105.82,106.03,903871.0
2007-07-10,106.03,106.12,103.7,104.73,1422140.1
2007-07-11,104.74,105.72,104.1,105.47,1587447.3
2007-07-12,105.475,106.17,104.96,106.11,1477572.1
2007-07-13,106.11,106.503,105.83,106.443,1328934.6
2007-07-15,106.25,106.617,105.875,106.24,225024.2
2007-07-16,106.24,106.56,106.09,106.31,1162632.6
2007-07-17,106.32,106.89,106.27,106.665,1228977.64
2007-07-18,106.68,107.27,106.53,106.96,1442103.3
2007-07-19,106.945,107.57,106.81,107.47,1153230.7
2007-07-20,107.47,107.72,106.03,106.657,1336203.5
2007-07-22,106.57,107.511,106.401,106.8,194370.92
2007-07-23,106.775,107.31,106.21,106.78,898489.4
2007-07-24,106.78,107.02,105.72,106.05,1417821.2
2007-07-25,106.05,106.83,105.345,106.805,1640624.7
2007-07-26,106.805,106.83,102.26,103.93,1721831.9
2007-07-27,103.94,104.56,100.82,100.998,1607379.53
2007-07-29,101.46,101.468,99.97,100.75,291233.4
2007-07-30,100.75,102.67,100.01,102.555,1449212.6
2007-07-31,102.56,102.83,100.58,101.11,1514730.8
2007-08-01,101.12,102.03,99.44,101.36,1793619.8
2007-08-02,101.37,102.63,100.51,102.22,1040802.2
2007-08-03,102.22,102.415,100.488,101.012,1138883.7
2007-08-05,101.192,101.32,99.84,100.56,222207.9
2007-08-06,100.555,102.21,100.28,101.91,1036887.2
2007-08-07,101.91,102.09,100.435,102.085,1233334.1
2007-08-08,102.09,103.415,101.67,103.33,1204277.01
2007-08-09,103.335,103.65,99.8,100.17,1289841.2
2007-08-10,100.17,100.58,98.51,99.82,1414917.3
2007-08-12,100.065,100.29,99.033,99.98,198886.4
2007-08-13,99.975,100.54,99.05,99.27,1301468.6
2007-08-14,99.26,99.42,97.82,98.04,1476247.1
2007-08-15,98.03,98.16,95.05,95.2,1776292.8
2007-08-16,95.2,95.46,87.77,90.04,1819154.4
2007-08-17,90.05,91.75,85.96,90.901,1294679.6
2007-08-19,90.608,91.548,90.37,90.64,244129.3
2007-08-20,90.62,93.19,90.26,92.02,1230259.8
2007-08-21,92.01,92.78,90.86,91.66,1172782.75
2007-08-22,91.66,94.03,91.18,93.88,1353967.42
2007-08-23,93.88,95.98,93.77,95.06,2029198.44
2007-08-24,95.04,96.395,94.39,96.237,1487233.61
2007-08-26,95.945,97.02,95.92,96.9,272592.6
2007-08-27,96.89,96.95,95.17,95.43,1137915.54
2007-08-28,95.43,95.7,92.04,92.21,1990071.34
2007-08-29,92.22,95.71,91.73,94.81,1935246.44
2007-08-30,94.81,95.22,93.64,94.88,1486724.34
2007-08-31,94.89,96.11,93.8,94.718,1224144.41
2007-09-02,94.42,95.355,94.316,94.79,376673.3
2007-09-03,94.79,95.57,94.7,94.97,717266.78
2007-09-04,94.97,96.46,94.89,96.37,1357395.6
2007-09-05,96.37,96.38,94.05,94.26,961859.11
2007-09-06,94.26,95.9,94.2,95.66,1109443.39
2007-09-07,95.66,95.72,93.1,94.097,1202037.27
2007-09-09,93.765,93.908,92.68,92.94,254124.1
2007-09-10,92.94,94.11,92.19,93.61,789568.87
2007-09-11,93.61,95.43,93.5,95.04,1354931.6
2007-09-12,95.04,96.33,94.98,95.91,1453974.1
2007-09-13,95.91,97.18,95.55,96.075,1055205.77
2007-09-14,96.085,97.22,96.075,96.924,786817.12
2007-09-16,97.0,97.2,96.619,96.895,234727.0
2007-09-17,96.895,97.54,95.51,95.93,659118.72
2007-09-18,95.93,99.125,94.985,98.295,904454.03
2007-09-19,98.285,99.66,98.2,99.31,812764.83
2007-09-20,99.31,99.86,98.5,99.685,1019558.3
2007-09-21,99.7,100.17,99.4,100.013,673934.27
2007-09-23,99.945,100.17,99.709,99.97,154812.22
2007-09-24,99.97,100.04,99.36,99.52,650728.55
2007-09-25,99.52,100.31,98.4,99.98,1252447.18
2007-09-26,99.98,101.36,99.87,101.05,1061552.28
2007-09-27,101.04,101.96,101.02,101.72,1028664.1
2007-09-28,101.72,101.99,101.2,101.935,1339384.77
2007-09-30,101.615,102.2,101.58,102.18,288379.1
2007-10-01,102.18,103.625,101.96,103.4,1147059.81
2007-10-02,103.4,103.42,101.63,102.23,1187724.08
2007-10-03,102.23,103.83,102.15,103.18,1242359.53
2007-10-04,103.18,103.65,102.42,103.43,1119455.26
2007-10-05,103.43,105.211,103.24,105.19,1093260.12
2007-10-07,105.112,105.62,104.536,105.52,286230.26
2007-10-08,105.52,105.78,104.654,104.975,717801.4
2007-10-09,104.975,105.57,104.37,105.39,1017033.01
2007-10-10,105.39,105.63,104.72,105.17,1093789.44
2007-10-11,105.17,106.64,105.13,105.915,1344288.45
2007-10-12,105.915,106.494,104.95,106.274,1111152.46
2007-10-14,106.188,106.55,105.998,106.37,264059.0
2007-10-15,106.37,106.87,104.985,105.62,1126355.93
2007-10-16,105.62,105.76,102.765,104.22,1221014.16
2007-10-17,104.22,104.93,102.585,103.505,923458.64
2007-10-18,103.505,104.35,102.715,103.425,653047.32
2007-10-19,103.425,103.815,101.827,102.086,851461.46
2007-10-21,102.082,102.097,100.145,100.53,253449.48
2007-10-22,100.53,101.87,99.365,101.425,1343135.83
2007-10-23,101.425,103.34,101.24,103.115,1722312.3
2007-10-24,103.115,103.85,101.85,102.86,1569603.6
2007-10-25,102.86,103.925,102.63,103.62,1647419.11
2007-10-26,103.62,104.98,103.565,104.95,1459749.71
2007-10-28,104.612,105.195,104.601,105.13,399323.13
2007-10-29,105.13,106.01,105.025,105.795,1450177.53
2007-10-30,105.795,105.88,104.65,105.63,1568931.24
2007-10-31,105.63,107.86,105.48,107.495,1637430.36
2007-11-01,107.495,107.83,104.3,104.765,1752622.56
2007-11-02,104.765,106.515,104.71,105.893,1385862.56
2007-11-04,105.883,106.165,105.265,105.285,381095.9
2007-11-05,105.285,105.83,104.525,105.33,1122114.36
2007-11-06,105.33,106.925,105.23,106.895,593569.65
2007-11-07,106.895,107.18,103.145,104.07,849620.72
2007-11-08,104.07,105.51,103.525,104.465,806863.3
2007-11-09,104.465,105.075,100.665,101.228,824225.39
2007-11-11,100.993,101.057,99.391,100.31,172113.6
2007-11-12,100.33,100.545,95.6,96.4,2308483.81
2007-11-13,96.4,100.25,96.275,99.975,2655320.2
2007-11-14,99.975,101.105,99.31,99.73,2271573.25
2007-11-15,99.73,100.43,97.425,98.045,1759347.25
2007-11-16,98.045,99.435,96.895,99.102,1592677.26
2007-11-18,98.86,99.603,98.456,99.375,231129.25
2007-11-19,99.375,99.905,96.46,96.815,1091991.95
2007-11-20,96.81,98.49,96.06,97.715,1035910.24
2007-11-21,97.72,97.81,93.665,94.125,863055.7
2007-11-22,94.125,95.875,94.005,94.64,546507.21
2007-11-23,94.64,95.185,93.55,94.65,735922.51
2007-11-25,94.563,96.01,94.543,95.73,225404.9
2007-11-26,95.73,96.375,92.995,93.615,696239.05
2007-11-27,93.615,95.865,93.505,95.465,639052.22
2007-11-28,95.465,98.19,94.695,97.41,606021.6
2007-11-29,97.41,97.545,96.19,96.935,659997.8
2007-11-30,96.935,98.67,96.76,98.37,647727.0
2007-12-02,98.09,98.67,97.85,97.98,97277.4
2007-12-03,97.98,98.095,97.145,97.295,664320.46
2007-12-04,97.295,97.35,95.49,95.8,875787.48
2007-12-05,95.8,96.83,95.26,96.595,883771.3
2007-12-06,96.595,97.95,96.365,97.94,355646.35
2007-12-07,97.935,98.5,97.375,97.81,266327.5
2007-12-09,98.353,98.377,97.23,97.825,113677.7
2007-12-10,97.825,99.12,97.465,98.995,403876.1
2007-12-11,98.995,99.43,96.28,97.22,416157.6
2007-12-12,97.22,100.06,96.995,99.105,701741.05
2007-12-13,99.105,99.235,97.85,98.625,624794.1
2007-12-14,98.625,98.87,97.205,97.411,474548.5
2007-12-16,97.68,97.916,97.347,97.76,92942.9
2007-12-17,97.76,97.93,96.58,96.82,592525.9
2007-12-18,96.805,98.01,96.765,97.655,260569.95
2007-12-19,97.66,97.845,96.94,97.245,233422.15
2007-12-20,97.245,97.45,96.735,97.19,335239.5
2007-12-21,97.19,99.075,97.03,98.863,317935.4
2007-12-23,98.675,99.07,98.55,98.98,17888.8
2007-12-24,98.98,99.672,98.93,99.447,38064.9
2007-12-25,99.452,99.586,99.027,99.348,160655.8
2007-12-26,99.341,99.95,99.154,99.865,189814.75
2007-12-27,99.865,100.165,99.57,99.875,428659.35
2007-12-28,99.86,99.99,98.22,98.398,224809.7
2007-12-30,98.663,98.784,98.105,98.49,26656.7
2007-12-31,98.49,98.78,97.435,97.579,311944.8
2008-01-01,97.606,98.2,97.357,98.035,51129.5
2008-01-02,98.035,99.09,96.17,96.54,294366.5
2008-01-03,96.55,96.965,95.115,96.57,274024.2
2008-01-04,96.57,96.635,94.296,94.89,260824.7
2008-01-06,94.92,95.162,94.301,94.8,63270.0
2008-01-07,94.795,95.96,94.44,95.215,303736.35
2008-01-08,95.215,96.95,94.985,95.815,412590.05
2008-01-09,95.815,97.26,95.655,97.02,1407676.25
2008-01-10,97.02,98.36,96.6,98.04,1991731.4
2008-01-11,98.04,98.29,96.772,96.922,990318.1
2008-01-13,97.095,97.185,96.38,97.175,151483.8
2008-01-14,97.175,97.59,96.495,97.25,530724.8
2008-01-15,97.25,97.25,93.69,94.33,380024.6
2008-01-16,94.33,95.41,92.645,94.35,784764.48
2008-01-17,94.35,95.405,92.76,92.86,878659.55
2008-01-18,92.86,95.03,92.78,93.787,1153807.9
2008-01-20,93.495,94.275,93.47,94.165,113471.6
2008-01-21,94.165,94.22,90.5,90.56,506970.9
2008-01-22,90.57,93.51,90.12,93.4,823112.65
2008-01-23,93.4,93.65,90.405,93.14,897657.07
2008-01-24,93.14,94.64,92.245,94.56,1110374.05
2008-01-25,94.56,95.395,93.625,93.93,1315955.3
2008-01-27,94.555,94.578,93.682,93.995,279902.2
2008-01-28,93.995,95.24,93.015,95.01,1886571.9
2008-01-29,95.01,95.33,94.34,95.105,1000951.5
2008-01-30,95.105,96.5,93.61,93.97,342026.36
2008-01-31,93.98,95.875,93.865,95.125,608344.11
2008-02-01,95.12,96.449,95.06,96.325,612517.21
2008-02-03,96.005,96.385,95.99,96.2,483770.3
2008-02-04,96.2,97.205,96.185,96.855,356271.8
2008-02-05,96.855,97.495,95.23,95.425,292511.0
2008-02-06,95.425,96.025,94.675,94.905,326163.41
2008-02-07,94.905,96.57,94.135,95.99,419168.39
2008-02-08,95.99,96.635,95.63,96.015,443850.35
2008-02-10,95.923,96.486,95.616,96.35,66688.9
2008-02-11,96.35,96.97,95.97,96.59,66588.65
2008-02-12,96.59,97.52,96.47,96.97,105915.61
2008-02-13,96.97,97.19,96.08,97.095,319849.05
2008-02-14,97.095,98.135,96.97,97.205,112220.65
2008-02-15,97.205,98.345,97.1,97.862,184099.6
2008-02-17,97.697,98.275,97.596,97.99,67599.4
2008-02-18,97.99,99.15,97.965,99.145,208144.6
2008-02-19,99.145,99.55,98.6,99.415,195815.0
2008-02-20,99.415,99.43,98.22,99.34,365110.85
2008-02-21,99.34,99.54,98.41,98.74,140433.35
2008-02-22,98.74,99.107,98.1,99.032,218021.15
2008-02-24,99.007,99.317,98.88,99.0,27045.8
2008-02-25,99.0,100.33,98.9,100.23,202763.4
2008-02-26,100.23,100.44,99.74,100.26,1257912.75
2008-02-27,100.275,100.415,99.56,100.19,1340123.85
2008-02-28,100.19,100.5,99.015,99.175,449611.35
2008-02-29,99.175,99.285,96.218,96.408,419318.46
2008-03-02,96.737,96.748,95.82,96.03,133084.4
2008-03-03,96.04,97.56,95.48,97.225,361643.05
2008-03-04,97.225,97.24,94.665,95.785,407311.04
2008-03-05,95.785,97.313,95.54,97.07,441696.6
2008-03-06,97.07,97.27,94.8,95.325,295384.0
2008-03-07,95.325,96.08,94.61,95.05,223813.8
2008-03-09,95.37,95.493,94.62,95.08,131671.3
2008-03-10,95.08,95.26,92.81,92.9,512107.02
2008-03-11,92.9,96.29,92.84,95.82,275640.55
2008-03-12,95.815,96.15,94.265,94.97,614512.55
2008-03-13,94.97,95.65,93.31,95.18,294414.1
2008-03-14,95.18,95.37,92.621,92.878,468470.38
2008-03-16,92.555,93.518,91.82,92.61,75753.5
2008-03-17,92.61,92.63,88.145,89.275,470243.1
2008-03-18,89.29,93.585,88.8,92.825,359007.2
2008-03-19,92.825,93.15,89.82,90.09,211691.55
2008-03-20,90.09,90.97,88.17,89.46,248891.6
2008-03-21,89.46,89.985,89.34,89.666,376846.1
2008-03-23,89.952,89.952,89.427,89.63,161226.6
2008-03-24,89.63,91.73,89.57,91.64,272028.1
2008-03-25,91.64,92.03,90.74,91.69,230567.1
2008-03-26,91.69,91.83,90.71,91.155,516154.06
2008-03-27,91.155,92.46,90.52,91.62,220541.3
2008-03-28,91.62,92.57,90.865,90.994,226999.9
2008-03-30,91.18,91.188,90.42,90.905,106017.6
2008-03-31,90.915,91.715,90.425,91.015,341368.9
2008-04-01,91.015,92.5,90.515,92.12,351123.7
2008-04-02,92.12,93.95,92.12,93.51,415999.24
2008-04-03,93.51,94.41,92.865,93.7,354087.8
2008-04-04,93.7,94.34,93.115,93.513,191256.25
2008-04-06,93.735,93.79,93.35,93.61,200578.9
2008-04-07,93.61,95.33,93.6,94.98,303317.8
2008-04-08,94.98,95.79,94.185,95.7,519891.7
2008-04-09,95.7,95.76,94.285,94.585,352832.6
2008-04-10,94.585,95.16,93.345,94.79,228533.9
2008-04-11,94.79,95.39,93.403,93.697,182296.6
2008-04-13,93.86,94.782,93.213,93.495,183652.1
2008-04-14,93.495,93.76,92.7,93.59,302885.7
2008-04-15,93.59,94.48,93.25,94.18,167163.7
2008-04-16,94.18,95.755,93.97,95.5,152168.6
2008-04-17,95.5,96.245,95.29,95.93,154963.0
2008-04-18,95.93,97.435,95.84,96.744,205383.9
2008-04-20,97.123,97.17,96.647,96.99,259477.5
2008-04-21,96.99,97.97,96.88,97.35,419148.4
2008-04-22,97.35,97.715,96.815,97.325,369813.7
2008-04-23,97.325,98.415,97.305,98.05,274439.7
2008-04-24,98.05,98.35,97.545,97.92,192544.3
2008-04-25,97.92,98.23,97.01,97.414,282960.26
2008-04-27,97.362,97.86,97.178,97.86,47276.5
2008-04-28,97.86,98.2,97.54,97.62,132981.5
2008-04-29,97.62,97.77,96.135,96.91,117673.85
2008-04-30,96.91,98.77,96.79,97.9,152178.89
2008-05-01,97.9,98.04,96.775,97.42,173074.4
2008-05-02,97.42,98.765,97.15,98.588,217397.8
2008-05-04,98.565,98.677,98.188,98.48,31992.0
2008-05-05,98.48,99.675,98.43,99.28,94882.45
2008-05-06,99.27,99.635,98.46,99.61,144292.6
2008-05-07,99.615,99.83,98.18,98.19,129892.45
2008-05-08,98.19,98.77,97.325,98.02,150236.65
2008-05-09,98.02,98.04,96.25,96.937,141913.22
2008-05-11,96.798,97.305,96.38,96.48,29497.0
2008-05-12,96.48,98.43,96.45,98.32,139931.1
2008-05-13,98.32,98.755,97.445,98.63,141245.68
2008-05-14,98.63,98.85,97.765,98.02,132432.6
2008-05-15,98.02,98.69,97.59,98.56,153792.7
2008-05-16,98.56,99.79,98.305,99.405,149460.8
2008-05-18,99.292,99.67,99.24,99.36,57344.48
2008-05-19,99.36,99.785,99.005,99.69,86049.95
2008-05-20,99.69,100.03,99.13,99.23,136523.8
2008-05-21,99.22,99.815,98.885,99.2,239437.77
2008-05-22,99.2,99.77,98.9,99.605,178854.42
2008-05-23,99.61,99.905,98.965,99.15,146233.85
2008-05-25,99.097,99.343,98.879,98.94,40918.8
2008-05-26,98.94,99.45,98.94,99.33,72700.3
2008-05-27,99.33,100.225,99.259,99.815,59188.42
2008-05-28,99.82,100.84,99.54,100.8,76635.29
2008-05-29,100.8,101.07,100.44,100.885,50646.7
2008-05-30,100.89,101.05,100.47,100.857,67952.51
2008-06-01,100.713,100.994,100.069,100.68,14016.88
2008-06-02,100.68,100.74,99.27,99.57,86324.15
2008-06-03,99.56,100.52,99.27,99.68,94339.56
2008-06-04,99.675,101.15,99.61,100.69,68054.4
2008-06-05,100.69,101.6,100.545,101.54,75542.55
2008-06-06,101.54,102.0,100.868,100.977,81221.46
2008-06-08,101.142,101.157,100.37,100.86,30687.83
2008-06-09,100.84,101.785,100.57,101.12,109398.75
2008-06-10,101.12,101.8,100.885,101.52,153626.94
2008-06-11,101.52,102.01,100.96,101.21,83904.36
2008-06-12,101.21,101.38,100.43,101.18,208246.21
2008-06-13,101.18,101.68,100.93,101.508,146345.54
2008-06-15,101.325,101.96,101.096,101.64,58905.4
2008-06-16,101.64,101.93,101.48,101.91,147146.86
2008-06-17,101.91,102.095,101.31,101.88,240779.0
2008-06-18,101.88,102.19,101.65,101.95,187243.28
2008-06-19,101.95,102.78,101.74,102.625,183784.6
2008-06-20,102.625,102.8,102.115,102.351,180378.0
2008-06-22,102.43,102.69,102.002,102.49,94742.9
2008-06-23,102.49,102.74,102.35,102.68,247010.96
2008-06-24,102.685,103.34,102.59,103.22,264658.9
2008-06-25,103.22,103.6,102.985,103.46,389422.4
2008-06-26,103.46,103.69,101.9,102.07,285214.62
2008-06-27,102.07,102.85,101.785,101.849,302591.65
2008-06-29,101.94,102.33,101.651,102.27,70799.9
2008-06-30,102.28,102.47,101.33,101.64,428450.4
2008-07-01,101.64,101.9,100.24,101.34,353197.83
2008-07-02,101.34,102.445,100.95,101.93,296405.73
2008-07-03,101.93,102.68,101.78,102.34,264665.51
2008-07-04,102.345,102.92,102.34,102.553,192438.0
2008-07-06,102.9,102.964,102.18,102.79,61059.4
2008-07-07,102.79,103.135,101.985,102.24,272092.9
2008-07-08,102.24,102.63,101.39,102.57,305702.6
2008-07-09,102.57,102.76,101.79,102.19,239494.9
2008-07-10,102.19,103.13,101.94,102.9,248587.2
2008-07-11,102.9,103.15,102.415,102.678,281429.06
2008-07-13,102.692,103.13,102.411,103.11,66784.8
2008-07-14,103.11,103.44,102.905,103.22,149489.15
2008-07-15,103.22,103.43,102.347,102.715,203781.44
2008-07-16,102.72,102.905,101.48,102.45,259729.67
2008-07-17,102.45,103.7,102.225,103.33,246825.9
2008-07-18,103.33,104.028,103.005,103.891,261435.7
2008-07-20,103.81,104.103,103.665,103.965,28448.8
2008-07-21,103.965,104.47,103.775,104.0,145752.1
2008-07-22,104.0,104.28,103.745,104.23,158490.0
2008-07-23,104.23,104.46,103.56,103.71,166255.4
2008-07-24,103.71,103.74,102.575,102.81,153088.7
2008-07-25,102.8,103.38,102.125,103.103,162939.77
2008-07-27,103.143,103.358,102.804,102.89,29102.0
2008-07-28,102.88,103.39,102.715,102.9,194535.2
2008-07-29,102.9,103.16,102.67,102.88,123271.3
2008-07-30,102.89,102.96,101.875,102.08,181597.2
2008-07-31,102.08,102.375,101.21,101.235,160175.5
2008-08-01,101.23,101.25,99.93,100.078,193917.9
2008-08-03,100.265,100.267,99.82,100.06,32190.7
2008-08-04,100.05,100.915,99.935,100.47,119610.9
2008-08-05,100.47,100.47,98.72,99.32,170238.47
2008-08-06,99.32,99.845,99.015,99.75,159639.8
2008-08-07,99.755,99.94,98.91,99.02,139141.28
2008-08-08,99.03,99.085,97.524,98.07,286446.41
2008-08-10,98.102,98.185,96.96,97.03,58385.2
2008-08-11,97.02,98.24,96.985,97.31,173771.36
2008-08-12,97.32,97.39,94.89,94.91,223640.4
2008-08-13,94.91,96.19,93.13,94.875,236214.99
2008-08-14,94.875,96.265,94.85,95.04,249870.0
2008-08-15,95.04,96.03,94.62,95.678,245495.8
2008-08-17,95.86,95.907,95.46,95.625,62878.4
2008-08-18,95.63,96.44,95.385,95.6,202826.39
2008-08-19,95.6,95.9,94.74,95.78,181841.8
2008-08-20,95.78,96.04,95.47,95.71,153795.0
2008-08-21,95.71,95.87,94.105,95.25,306722.3
2008-08-22,95.26,95.93,95.075,95.235,197552.0
2008-08-24,95.322,95.47,95.166,95.41,46829.0
2008-08-25,95.41,95.52,93.54,93.95,107019.6
2008-08-26,93.94,94.28,93.31,93.64,131625.24
2008-08-27,93.64,94.515,93.525,94.09,158733.8
2008-08-28,94.09,94.93,94.03,94.39,219783.22
2008-08-29,94.39,94.57,92.96,93.365,158383.64
2008-08-31,93.032,93.418,92.68,92.99,27654.34
2008-09-01,93.0,93.21,91.36,91.79,98969.02
2008-09-02,91.78,92.45,89.84,90.16,163444.4
2008-09-03,90.16,91.22,89.56,90.42,261131.22
2008-09-04,90.43,91.02,85.83,86.77,504376.77
2008-09-05,86.77,88.205,85.0,87.903,320306.22
2008-09-07,87.295,90.865,87.278,89.98,90748.36
2008-09-08,89.98,90.74,87.135,88.16,326607.87
2008-09-09,88.17,88.39,85.13,85.69,323750.7
2008-09-10,85.695,87.56,85.4,85.61,327448.3
2008-09-11,85.61,86.805,84.07,86.12,207669.62
2008-09-12,86.12,88.97,85.73,88.883,154831.17
2008-09-14,87.965,88.737,86.209,87.25,36359.0
2008-09-15,87.24,87.6,82.89,83.11,328840.02
2008-09-16,83.1,85.435,81.42,85.13,197465.44
2008-09-17,85.12,86.01,81.56,82.4,178376.46
2008-09-18,82.41,85.23,82.05,85.21,196792.9
2008-09-19,85.2,89.72,85.07,89.527,179261.14
2008-09-21,89.37,89.917,88.275,88.71,31961.0
2008-09-22,88.71,90.26,88.175,89.025,199300.1
2008-09-23,89.04,89.23,87.39,88.105,232963.4
2008-09-24,88.1,89.2,87.64,88.55,184625.6
2008-09-25,88.535,89.37,88.425,88.715,133618.3
2008-09-26,88.7,88.875,86.83,87.826,118374.9
2008-09-28,87.903,88.6,87.722,88.56,35722.9
2008-09-29,88.56,88.905,82.23,83.24,232978.7
2008-09-30,83.24,85.16,82.74,84.28,202932.93
2008-10-01,84.26,85.16,82.955,83.97,147843.88
2008-10-02,83.975,84.14,80.975,81.135,103540.37
2008-10-03,81.12,82.845,81.08,81.564,126924.88
2008-10-05,81.308,81.653,79.41,79.78,53644.4
2008-10-06,79.77,79.89,70.27,73.35,220149.02
2008-10-07,73.355,75.76,71.33,71.63,323202.84
2008-10-08,71.63,72.375,63.71,66.48,4616614.2
2008-10-09,66.48,72.335,65.785,66.795,7306893.0
2008-10-10,66.76,67.7,63.04,64.732,5467157.1
2008-10-11,64.65,64.65,64.65,64.65,1.5
2008-10-12,65.445,68.75,65.417,68.42,158644.9
2008-10-13,68.415,72.7,65.16,72.675,3663508.1
2008-10-14,72.675,74.515,70.525,70.54,4291467.8
2008-10-15,70.545,71.83,64.681,65.14,5779083.14
2008-10-16,65.14,70.51,65.14,69.575,5989262.44
2008-10-17,69.595,71.33,67.745,70.13,5235765.13
2008-10-19,69.832,71.007,69.818,70.48,542554.75
2008-10-20,70.49,72.03,70.095,71.71,4143654.7
2008-10-21,71.705,71.775,67.09,67.59,5721395.39
2008-10-22,67.595,68.45,64.45,64.85,5469967.18
2008-10-23,64.84,66.16,62.645,65.295,5272865.1
2008-10-24,65.295,65.305,55.03,58.545,4101327.52
2008-10-26,58.617,58.867,56.31,57.84,909294.66
2008-10-27,57.84,58.805,55.537,56.395,5193303.27
2008-10-28,56.38,64.775,55.981,63.83,245663.88
2008-10-29,63.855,66.51,60.905,65.42,231000.62
2008-10-30,65.414,68.07,64.54,66.12,293843.0
2008-10-31,66.13,66.615,63.131,65.791,157268.5
2008-11-02,65.832,66.22,65.723,66.09,7002.0
2008-11-03,66.1,68.355,65.395,66.81,176063.35
2008-11-04,66.83,70.53,65.03,69.62,192928.33
2008-11-05,69.625,69.71,66.241,66.735,269306.7
2008-11-06,66.735,67.975,64.42,64.715,211438.3
2008-11-07,64.71,66.94,63.351,66.068,191625.62
2008-11-09,66.18,68.225,66.175,68.11,25742.6
2008-11-10,68.125,69.395,64.915,65.75,260615.66
2008-11-11,65.75,66.385,63.035,63.815,192487.3
2008-11-12,63.805,65.34,60.02,60.43,218377.6
2008-11-13,60.43,65.62,60.38,64.935,230407.5
2008-11-14,64.945,65.03,62.51,62.74,166101.8
2008-11-16,62.527,62.831,60.922,61.35,34475.3
2008-11-17,61.35,64.125,61.295,62.445,198579.0
2008-11-18,62.46,64.005,61.72,62.865,196614.3
2008-11-19,62.87,63.875,60.59,61.25,266173.5
2008-11-20,61.255,61.475,56.835,57.305,209688.4
2008-11-21,57.305,60.705,57.18,60.545,213014.1
2008-11-23,60.57,61.26,60.341,60.875,28132.6
2008-11-24,60.875,63.71,59.19,62.92,259114.3
2008-11-25,62.91,63.675,60.65,61.89,301106.4
2008-11-26,61.89,62.725,61.0,62.51,328367.6
2008-11-27,62.51,63.07,61.61,62.59,141855.9
2008-11-28,62.595,62.85,61.945,62.475,234334.3
2008-11-30,62.468,62.585,62.08,62.105,32827.3
2008-12-01,62.115,62.18,58.995,59.13,260005.3
2008-12-02,59.145,60.66,58.86,59.87,194455.03
2008-12-03,59.88,60.805,59.315,60.325,227844.5
2008-12-04,60.345,60.7,59.03,59.455,279534.6
2008-12-05,59.455,60.42,57.725,60.126,201278.2
2008-12-07,60.14,60.453,59.764,59.995,17555.3
2008-12-08,60.01,62.705,59.995,61.665,219626.3
2008-12-09,61.62,61.665,59.92,60.68,232581.1
2008-12-10,60.68,61.695,60.32,60.875,201815.2
2008-12-11,60.88,62.435,60.555,61.26,197359.2
2008-12-12,61.265,61.72,57.64,60.495,207507.4
2008-12-14,60.147,60.895,60.07,60.37,31120.5
2008-12-15,60.37,61.13,60.03,60.52,116118.9
2008-12-16,60.52,62.09,60.16,61.545,97691.17
2008-12-17,61.545,62.07,60.68,61.54,153077.4
2008-12-18,61.54,63.55,60.39,61.95,128884.1
2008-12-19,61.95,62.13,60.475,61.368,101453.2
2008-12-21,60.858,61.03,60.655,60.975,9943.7
2008-12-22,60.955,61.95,60.945,61.653,188844.7
2008-12-23,61.629,62.005,61.37,61.72,101494.8
2008-12-24,61.72,61.94,61.115,61.756,115265.31
2008-12-25,61.766,62.309,61.426,61.675,101069.1
2008-12-26,61.675,62.33,61.625,61.847,48274.5
2008-12-28,61.76,62.312,61.395,62.07,12099.7
2008-12-29,62.07,62.885,61.92,62.49,182568.0
2008-12-30,62.49,62.615,62.045,62.36,178546.8
2008-12-31,62.36,64.566,61.98,63.918,174158.5
2009-01-01,63.924,64.686,63.492,63.87,172550.0
2009-01-02,63.875,65.55,63.06,65.27,173416.5
2009-01-04,65.28,65.92,64.962,65.87,45851.3
2009-01-05,65.86,67.26,65.105,66.57,133221.08
2009-01-06,66.56,68.28,65.895,67.225,141433.72
2009-01-07,67.225,67.9,65.495,65.82,130887.34
2009-01-08,65.84,65.97,63.9,65.01,157212.2
2009-01-09,65.01,65.17,63.248,63.483,142657.4
2009-01-11,63.815,64.037,62.76,62.97,25682.36
2009-01-12,62.975,63.13,60.42,60.71,130682.97
2009-01-13,60.715,60.73,58.525,59.64,158858.1
2009-01-14,59.64,61.14,58.525,59.225,155725.7
2009-01-15,59.24,60.14,58.17,59.97,162255.3
2009-01-16,59.98,61.61,59.835,60.83,132694.1
2009-01-18,61.023,62.13,60.939,61.935,12689.7
2009-01-19,61.94,62.185,60.25,60.45,105757.6
2009-01-20,60.455,60.635,57.9,58.27,154007.0
2009-01-21,58.285,59.51,56.27,58.605,256620.0
2009-01-22,58.615,59.085,57.435,58.33,199953.7
2009-01-23,58.33,58.65,56.485,57.852,140541.9
2009-01-24,57.852,57.852,57.852,57.852,0.0
2009-01-25,57.873,58.429,57.5,57.63,15313.4
2009-01-26,57.635,59.37,57.515,59.065,176765.6
2009-01-27,59.06,60.3,58.175,59.34,196287.1
2009-01-28,59.335,60.86,58.81,60.17,164566.4
2009-01-29,60.17,60.325,58.31,58.42,167121.2
2009-01-30,58.415,58.52,56.88,57.328,211281.1
2009-02-01,57.343,57.358,56.87,56.98,41879.6
2009-02-02,56.98,57.17,55.545,56.32,197360.0
2009-02-03,56.315,58.495,56.315,57.98,185419.0
2009-02-04,57.975,58.49,56.56,57.48,178300.5
2009-02-05,57.48,60.7,57.23,59.395,197175.4
2009-02-06,59.395,62.655,58.865,62.063,231928.2
2009-02-07,61.975,61.975,61.975,61.975,3.8
2009-02-08,61.675,62.46,61.571,61.96,45264.6
2009-02-09,61.96,62.75,60.255,61.595,220543.8
2009-02-10,61.605,61.73,58.45,59.42,187849.5
2009-02-11,59.42,59.74,58.55,58.98,148723.7
2009-02-12,58.975,59.67,58.085,59.56,187629.0
2009-02-13,59.56,60.995,59.14,60.547,146352.5
2009-02-15,60.573,60.588,59.478,59.69,34228.0
2009-02-16,59.7,59.99,59.36,59.86,111714.3
2009-02-17,59.865,59.895,58.46,58.74,157176.9
2009-02-18,58.75,60.09,58.67,59.84,143704.9
2009-02-19,59.845,61.54,59.775,60.59,152389.9
2009-02-20,60.59,60.81,59.565,60.242,158715.0
2009-02-22,59.88,60.515,59.84,60.225,24646.9
2009-02-23,60.22,61.845,59.785,60.455,208121.0
2009-02-24,60.46,63.26,60.24,62.97,191695.7
2009-02-25,62.97,63.605,62.47,62.97,220986.3
2009-02-26,62.97,64.575,62.93,63.585,246517.6
2009-02-27,63.59,63.68,61.41,62.615,288473.3
2009-03-01,62.618,62.628,61.545,61.63,42790.5
2009-03-02,61.655,62.33,61.02,61.085,329147.4
2009-03-03,61.095,63.41,61.08,62.785,331414.0
2009-03-04,62.785,64.775,61.785,64.04,339808.1
2009-03-05,64.04,64.305,62.205,62.665,349658.7
2009-03-06,62.66,63.43,61.605,63.042,335373.2
2009-03-08,62.933,63.165,62.837,62.955,55023.1
2009-03-09,62.955,63.37,62.245,62.78,365161.0
2009-03-10,62.78,64.04,62.685,64.0,435469.9
2009-03-11,64.0,64.07,62.745,62.995,433342.5
2009-03-12,63.0,64.205,61.41,63.63,469857.7
2009-03-13,63.625,64.975,63.535,64.404,402493.9
2009-03-15,64.257,64.463,63.765,64.38,36983.2
2009-03-16,64.395,65.37,64.25,64.78,364802.27
2009-03-17,64.785,65.49,64.685,65.445,399754.65
2009-03-18,65.46,65.46,63.935,65.375,415456.51
2009-03-19,65.38,65.585,64.2,64.99,531557.67
2009-03-20,64.995,66.315,64.865,65.867,353048.51
2009-03-22,65.86,66.355,65.695,66.315,43174.5
2009-03-23,66.315,68.565,66.245,68.34,453780.44
2009-03-24,68.34,69.62,67.78,68.75,475432.52
2009-03-25,68.76,68.76,67.25,68.3,432609.14
2009-03-26,68.305,69.435,68.155,69.295,374591.38
2009-03-27,69.295,69.305,67.2,67.885,400891.87
2009-03-28,67.885,67.885,67.885,67.885,0.0
2009-03-29,67.79,67.99,67.24,67.67,50213.03
2009-03-30,67.67,68.03,64.97,66.245,410257.97
2009-03-31,66.255,69.115,66.155,68.755,465662.87
2009-04-01,68.75,69.065,67.605,68.79,424710.02
2009-04-02,68.8,71.81,68.635,71.73,489263.74
2009-04-03,71.73,72.315,70.325,71.668,434965.13
2009-04-05,71.713,72.185,71.381,72.14,64105.06
2009-04-06,72.14,72.855,70.935,70.94,433327.48
2009-04-07,70.945,72.24,70.585,71.66,456668.15
2009-04-08,71.66,71.67,70.025,70.71,464127.75
2009-04-09,70.72,72.38,70.38,72.305,311861.2
2009-04-10,72.315,72.405,71.936,72.097,108752.9
2009-04-12,72.125,73.237,71.977,72.47,41396.8
2009-04-13,72.45,73.49,72.06,73.425,142272.1
2009-04-14,73.425,73.435,71.085,71.565,377820.56
2009-04-15,71.565,72.535,70.24,72.225,419820.3
2009-04-16,72.225,72.75,70.67,71.6,481231.4
2009-04-17,71.595,71.92,71.075,71.585,325058.3
2009-04-19,71.502,71.87,71.395,71.44,41173.8
2009-04-20,71.43,71.64,68.05,68.19,347907.41
2009-04-21,68.195,70.5,68.15,69.65,375571.1
2009-04-22,69.65,69.89,68.38,69.24,356551.2
2009-04-23,69.23,70.355,68.645,69.69,376860.5
2009-04-24,69.685,70.299,68.885,70.213,413669.4
2009-04-26,70.25,70.365,69.31,69.34,90443.9
2009-04-27,69.34,69.625,67.955,68.08,423101.8
2009-04-28,68.07,68.43,66.83,68.245,459831.0
2009-04-29,68.245,71.33,68.205,70.77,438369.9
2009-04-30,70.775,72.56,70.29,72.07,469861.8
2009-05-01,72.065,72.945,71.625,72.626,247941.15
2009-05-03,72.65,73.046,72.227,72.888,149930.9
2009-05-04,72.876,73.57,72.63,73.295,296795.3
2009-05-05,73.295,73.98,72.765,72.965,443859.4
2009-05-06,72.965,73.975,71.965,73.795,451956.4
2009-05-07,73.795,75.765,73.53,74.875,484209.04
2009-05-08,74.875,75.905,74.33,75.582,385610.1
2009-05-10,74.9,76.155,74.885,75.895,70360.2
2009-05-11,75.895,75.995,73.715,74.1,410006.7
2009-05-12,74.1,74.965,73.09,73.875,456049.2
2009-05-13,73.875,74.385,71.495,71.77,370296.58
2009-05-14,71.775,73.15,71.095,72.845,467783.93
2009-05-15,72.845,73.005,70.863,71.255,430412.31
2009-05-17,71.27,71.365,70.729,70.99,49734.1
2009-05-18,70.99,73.905,70.52,73.58,435765.38
2009-05-19,73.575,74.915,73.35,74.52,418603.48
2009-05-20,74.52,74.525,73.135,73.23,446631.15
2009-05-21,73.225,73.69,72.495,73.255,479629.5
2009-05-22,73.255,74.53,73.085,74.107,433316.9
2009-05-24,74.297,74.305,73.631,74.02,43220.9
2009-05-25,74.05,74.5,73.44,74.075,218939.7
2009-05-26,74.075,75.17,73.08,75.0,423338.94
2009-05-27,75.0,75.19,73.8,74.42,411856.29
2009-05-28,74.415,76.255,74.29,75.96,332883.94
2009-05-29,75.96,76.9,75.655,76.328,322881.1
2009-05-31,76.362,76.942,76.16,76.365,36398.9
2009-06-01,76.35,78.575,75.93,78.22,389442.0
2009-06-02,78.205,78.855,77.515,78.16,392737.4
2009-06-03,78.15,79.5,76.07,76.98,389313.1
2009-06-04,76.98,78.07,76.275,77.31,434511.2
2009-06-05,77.31,79.285,77.26,78.11,362120.4
2009-06-07,78.257,78.558,78.055,78.48,28224.4
2009-06-08,78.46,78.745,77.065,77.965,403529.0
2009-06-09,77.975,78.365,76.905,78.0,432183.01
2009-06-10,78.0,79.58,77.845,78.87,368843.93
2009-06-11,78.87,80.45,78.84,80.01,357689.71
2009-06-12,80.01,80.09,79.095,80.028,368885.04
2009-06-14,79.938,80.089,79.154,79.523,80169.1
2009-06-15,79.532,79.54,77.275,77.531,76861.7
2009-06-16,77.522,78.324,75.601,75.634,77281.9
2009-06-17,75.635,77.284,75.173,76.42,76755.5
2009-06-18,76.41,77.794,75.719,77.271,76423.5
2009-06-19,77.298,78.291,77.136,77.461,118091.4
2009-06-21,77.552,77.643,76.865,77.085,13877.0
2009-06-22,77.08,77.15,74.485,74.74,353988.99
2009-06-23,74.73,75.935,74.03,75.715,428257.24
2009-06-24,75.705,76.825,75.545,76.265,370858.46
2009-06-25,76.265,77.27,76.205,77.02,524519.73
2009-06-26,77.013,77.444,76.535,76.776,313938.79
2009-06-28,76.845,76.95,76.652,76.795,40151.1
2009-06-29,76.78,78.045,76.135,77.85,279501.76
2009-06-30,77.85,78.26,77.33,77.635,462604.6
2009-07-01,77.635,78.385,77.525,78.075,479620.01
2009-07-02,78.075,78.115,75.79,75.975,327163.64
2009-07-03,75.96,76.94,75.815,76.485,273236.6
2009-07-05,76.537,76.655,76.005,76.215,51861.3
2009-07-06,76.21,76.25,74.77,75.92,675967.25
2009-07-07,75.93,76.615,74.315,74.455,845327.05
2009-07-08,74.455,74.605,70.94,72.06,797509.15
2009-07-09,72.065,73.37,72.04,73.075,710792.43
2009-07-10,73.065,73.1,71.16,72.012,688737.0
2009-07-12,72.07,72.205,71.827,72.2,61274.3
2009-07-13,72.2,73.035,70.75,72.95,857960.0
2009-07-14,72.955,74.44,72.525,74.41,897620.35
2009-07-15,74.4,75.99,74.095,75.585,781718.05
2009-07-16,75.59,75.875,74.51,75.255,567510.6
2009-07-17,75.25,75.79,74.66,75.494,651535.0
2009-07-19,75.575,75.93,75.331,75.9,52408.0
2009-07-20,75.9,77.085,75.86,76.605,694648.9
2009-07-21,76.605,77.195,75.63,76.23,618235.7
2009-07-22,76.23,76.94,75.575,76.315,677202.12
2009-07-23,76.3,78.03,76.295,77.37,741151.4
2009-07-24,77.375,77.768,76.925,77.416,595514.1
2009-07-26,77.463,77.708,77.235,77.275,50435.3
2009-07-27,77.265,78.625,77.175,78.23,767465.8
2009-07-28,78.24,79.285,77.33,77.79,709120.72
2009-07-29,77.78,78.365,76.845,77.515,839630.15
2009-07-30,77.515,79.295,77.365,78.83,741222.9
2009-07-31,78.82,79.525,78.545,79.091,661242.0
2009-08-02,79.077,79.47,78.975,79.315,70930.5
2009-08-03,79.315,80.34,79.095,80.205,647423.2
2009-08-04,80.195,80.82,79.34,80.48,750489.9
2009-08-05,80.48,80.56,79.315,79.7,764133.36
2009-08-06,79.7,80.805,79.69,80.265,397679.5
2009-08-07,80.265,81.92,79.47,81.432,277953.95
2009-08-09,81.657,81.711,81.257,81.42,64236.8
2009-08-10,81.42,82.0,80.865,81.13,250666.81
2009-08-11,81.125,81.255,79.275,79.58,255791.7
2009-08-12,79.58,80.545,77.9,80.21,286882.1
2009-08-13,80.22,81.355,79.725,80.295,243413.43
2009-08-14,80.295,80.85,78.395,79.002,207002.65
2009-08-16,79.005,79.015,78.405,78.555,17331.8
2009-08-17,78.555,78.585,77.04,77.76,277623.8
2009-08-18,77.775,78.845,77.57,78.68,255095.92
2009-08-19,78.68,78.71,76.69,78.125,248693.92
2009-08-20,78.125,78.705,77.64,78.395,222299.2
2009-08-21,78.395,79.145,76.85,78.688,244077.49
2009-08-23,78.767,79.35,78.557,79.3,18537.4
2009-08-24,79.28,79.875,78.94,79.03,300488.1
2009-08-25,79.03,79.74,78.22,78.285,285133.2
2009-08-26,78.285,78.99,77.725,77.835,347364.9
2009-08-27,77.84,78.765,77.32,78.705,321058.0
2009-08-28,78.71,79.45,78.48,78.756,344339.4
2009-08-30,78.817,78.835,78.375,78.605,19859.2
2009-08-31,78.6,78.83,77.535,78.26,257109.62
2009-09-01,78.25,78.705,76.4,76.535,293023.2
2009-09-02,76.535,77.6,76.41,76.965,270369.5
2009-09-03,76.965,77.93,76.545,77.81,290079.1
2009-09-04,77.81,79.375,77.51,79.069,231763.2
2009-09-06,79.12,79.545,78.985,79.48,21906.7
2009-09-07,79.47,79.845,79.16,79.47,116878.4
2009-09-08,79.47,79.83,79.08,79.7,301414.07
2009-09-09,79.7,80.0,79.165,79.42,349565.9
2009-09-10,79.415,79.675,78.58,79.075,269197.45
2009-09-11,79.075,79.095,77.92,78.269,323664.8
2009-09-13,78.215,78.288,77.715,77.91,23521.3
2009-09-14,77.915,78.42,77.34,78.35,297122.9
2009-09-15,78.35,78.75,78.07,78.57,294341.86
2009-09-16,78.57,79.58,78.4,79.45,375850.4
2009-09-17,79.45,79.89,79.12,79.39,414898.2
2009-09-18,79.395,79.51,78.965,79.123,403792.6
2009-09-20,79.192,79.308,79.005,79.155,18588.4
2009-09-21,79.16,79.615,79.105,79.54,217619.0
2009-09-22,79.535,79.98,79.365,79.495,369590.6
2009-09-23,79.5,80.045,79.13,79.39,436164.0
2009-09-24,79.39,79.555,78.115,78.385,517419.0
2009-09-25,78.385,79.005,77.54,77.739,468830.3
2009-09-27,77.925,78.002,76.5,76.785,32341.4
2009-09-28,76.785,78.48,76.555,78.45,441190.5
2009-09-29,78.45,78.89,78.185,78.865,463936.0
2009-09-30,78.865,79.535,78.555,79.44,490243.5
2009-10-01,79.44,79.565,77.595,77.66,584943.8
2009-10-02,77.66,77.97,76.27,77.645,540106.7
2009-10-04,77.632,77.952,77.334,77.825,42713.7
2009-10-05,77.825,78.735,77.82,78.62,471513.6
2009-10-06,78.625,79.255,77.98,79.045,518891.9
2009-10-07,79.045,79.41,78.58,79.075,557392.1
2009-10-08,79.075,80.315,78.99,80.23,475541.4
2009-10-09,80.23,81.215,80.105,81.05,520204.4
2009-10-11,80.972,81.405,80.678,81.39,55428.8
2009-10-12,81.39,81.865,81.075,81.455,450226.9
2009-10-13,81.455,81.765,80.995,81.495,517089.9
2009-10-14,81.495,82.025,81.125,81.985,455778.7
2009-10-15,82.005,84.09,81.94,83.945,494704.0
2009-10-16,83.96,84.2,82.985,83.235,507199.2
2009-10-18,83.211,83.5,83.064,83.225,44595.6
2009-10-19,83.225,84.29,82.81,84.26,534454.4
2009-10-20,84.265,84.315,83.45,83.9,564473.7
2009-10-21,83.905,84.845,83.465,84.26,595106.5
2009-10-22,84.265,84.93,83.905,84.87,560403.98
2009-10-23,84.87,85.31,84.69,84.84,580826.6
2009-10-25,84.816,84.925,84.406,84.855,60472.1
2009-10-26,84.855,85.23,84.125,84.445,512854.18
2009-10-27,84.445,84.8,83.71,84.11,532341.8
2009-10-28,84.105,84.365,81.235,81.4,603275.2
2009-10-29,81.4,84.035,80.88,83.69,519156.2
2009-10-30,83.685,83.725,80.76,81.053,446073.5
2009-11-01,80.995,81.015,79.445,80.425,45043.9
2009-11-02,80.425,82.64,80.4,81.825,379936.95
2009-11-03,81.82,82.175,80.22,81.755,546523.6
2009-11-04,81.755,83.155,80.76,82.455,489359.32
2009-11-05,82.455,82.745,81.415,82.64,488831.0
2009-11-06,82.64,83.155,82.045,82.485,454350.9
2009-11-08,82.537,83.1,82.491,82.72,44233.0
2009-11-09,82.715,83.805,82.58,83.68,493462.35
2009-11-10,83.68,83.845,83.025,83.465,400002.7
2009-11-11,83.465,84.0,83.02,83.65,369819.9
2009-11-12,83.65,84.21,83.23,83.5,381301.3
2009-11-13,83.505,83.85,82.975,83.515,318374.1
2009-11-15,83.55,83.85,83.443,83.81,42283.4
2009-11-16,83.81,83.82,83.21,83.36,294855.0
2009-11-17,83.36,83.565,82.485,83.023,329120.9
2009-11-18,83.023,83.25,82.66,82.965,268827.2
2009-11-19,82.965,82.995,81.07,81.71,311384.39
2009-11-20,81.71,82.02,80.625,81.197,316357.1
2009-11-22,81.16,81.443,80.94,81.33,27363.3
2009-11-23,81.34,82.51,81.34,82.06,262870.9
2009-11-24,82.05,82.095,81.0,81.615,283860.0
2009-11-25,81.625,81.975,80.93,81.18,272413.45
2009-11-26,81.18,81.225,76.545,76.985,295398.46
2009-11-27,76.985,79.005,76.925,78.405,306564.2
2009-11-29,78.718,79.746,78.692,79.01,42208.3
2009-11-30,79.005,79.68,78.515,79.165,408700.7
2009-12-01,79.165,80.335,79.03,80.185,388754.3
2009-12-02,80.185,81.3,80.11,81.3,449190.1
2009-12-03,81.3,82.07,81.265,81.575,428615.05
2009-12-04,81.575,82.99,81.11,82.783,446511.42
2009-12-06,82.605,82.796,82.215,82.34,75817.6
2009-12-07,82.34,82.585,81.445,81.725,459243.9
2009-12-08,81.725,81.825,79.655,79.75,426804.9
2009-12-09,79.745,80.29,79.22,80.115,459687.3
2009-12-10,80.12,81.085,79.955,80.88,325920.0
2009-12-11,80.88,81.955,80.75,81.238,389255.0
2009-12-13,81.165,81.385,80.866,81.27,44114.1
2009-12-14,81.27,81.36,80.035,81.195,337912.5
2009-12-15,81.2,81.565,80.76,81.07,338380.2
2009-12-16,81.065,81.245,80.21,80.785,368407.65
2009-12-17,80.785,80.975,78.95,79.34,374401.1
2009-12-18,79.335,80.605,78.595,80.47,415162.6
2009-12-20,80.49,80.742,80.235,80.37,22715.16
2009-12-21,80.37,80.58,79.735,80.17,97886.8
2009-12-22,80.17,80.615,79.895,80.47,325231.1
2009-12-23,80.47,80.725,80.185,80.62,263168.1
2009-12-24,80.615,81.092,80.435,80.833,231271.2
2009-12-25,80.821,80.986,80.446,80.778,314098.8
2009-12-27,80.683,80.97,80.68,80.865,13402.5
2009-12-28,80.865,81.37,80.815,81.275,222548.9
2009-12-29,81.275,82.515,81.24,82.165,285364.25
2009-12-30,82.17,82.88,81.985,82.66,247893.0
2009-12-31,82.655,83.82,82.58,83.485,134495.4
2010-01-01,83.478,83.504,83.384,83.405,276157.3
2010-01-03,83.37,83.72,83.18,83.195,31596.5
2010-01-04,83.195,84.56,83.06,84.395,383429.8
2010-01-05,84.37,84.635,83.325,83.455,431844.9
2010-01-06,83.455,85.19,83.425,84.96,452902.0
2010-01-07,84.955,86.005,84.63,85.74,428360.5
2010-01-08,85.745,85.885,84.532,84.985,401758.6
2010-01-10,85.66,86.066,85.505,85.925,57038.5
2010-01-11,85.92,86.2,85.34,85.6,345147.4
2010-01-12,85.6,85.745,83.35,83.84,452636.8
2010-01-13,83.84,84.73,83.665,84.43,406421.5
2010-01-14,84.43,85.63,84.125,84.985,391493.4
2010-01-15,84.985,85.0,83.552,83.707,397103.1
2010-01-17,83.635,83.885,83.469,83.76,31196.9
2010-01-18,83.76,84.24,83.28,84.09,267204.5
2010-01-19,84.085,84.335,83.355,84.14,428400.6
2010-01-20,84.145,84.205,82.765,83.105,397840.1
2010-01-21,83.1,83.9,80.985,81.765,478878.6
2010-01-22,81.755,82.285,80.705,80.83,474778.9
2010-01-24,80.88,81.609,80.679,81.36,58181.7
2010-01-25,81.36,82.07,81.1,81.78,370279.5
2010-01-26,81.78,82.22,80.01,80.66,418417.8
2010-01-27,80.66,81.115,79.825,80.575,484332.7
2010-01-28,80.575,81.805,79.96,80.225,485237.7
2010-01-29,80.235,81.26,79.582,79.587,428970.8
2010-01-31,79.48,80.05,78.84,79.965,60413.7
2010-02-01,79.965,80.995,79.31,80.92,378632.0
2010-02-02,80.92,81.145,79.49,80.255,353052.3
2010-02-03,80.255,80.675,79.745,80.13,353199.9
2010-02-04,80.13,80.195,76.21,77.62,336415.75
2010-02-05,77.62,78.135,76.19,77.438,425470.6
2010-02-07,77.534,77.922,77.18,77.27,59300.6
2010-02-08,77.27,77.935,76.795,77.02,362080.7
2010-02-09,77.02,79.065,77.01,78.76,402530.6
2010-02-10,78.755,79.105,78.09,78.85,301097.6
2010-02-11,78.85,80.085,78.84,79.945,384106.9
2010-02-12,79.945,80.46,78.855,79.77,288177.95
2010-02-14,79.662,80.05,79.662,79.955,55001.6
2010-02-15,79.96,80.155,79.75,80.005,192822.54
2010-02-16,80.005,81.495,79.875,81.315,293734.63
2010-02-17,81.315,82.19,81.095,81.855,373900.62
2010-02-18,81.855,82.44,81.145,81.835,341850.24
2010-02-19,81.825,82.515,81.62,82.028,312747.9
2010-02-21,82.297,82.57,82.246,82.525,34787.3
2010-02-22,82.53,82.8,81.775,82.175,288118.86
2010-02-23,82.175,82.52,79.935,80.47,234403.46
2010-02-24,80.47,80.775,79.7,80.745,257520.29
2010-02-25,80.745,80.78,78.19,79.18,302383.8
2010-02-26,79.175,79.795,78.905,79.429,282161.0
2010-02-28,79.548,80.045,79.545,79.865,26015.5
2010-03-01,79.86,80.495,79.695,80.245,276968.0
2010-03-02,80.245,80.82,79.94,80.3,323991.74
2010-03-03,80.295,80.525,79.93,80.18,309730.2
2010-03-04,80.165,80.545,79.185,80.21,300500.2
2010-03-05,80.21,82.31,80.195,81.567,237543.7
2010-03-07,81.855,82.4,81.778,82.4,43572.6
2010-03-08,82.4,82.535,81.88,82.03,310859.3
2010-03-09,82.035,82.49,81.265,82.375,355084.9
2010-03-10,82.375,83.315,82.16,82.685,313889.6
2010-03-11,82.685,83.08,82.265,83.0,292474.4
2010-03-12,83.0,83.605,82.625,82.83,315375.1
2010-03-14,82.912,83.546,82.839,83.235,44467.3
2010-03-15,83.235,83.255,82.29,82.5,339238.0
2010-03-16,82.505,83.185,82.26,82.98,329756.0
2010-03-17,82.98,83.67,82.73,83.455,316509.3
2010-03-18,83.455,83.475,82.645,83.33,288847.3
2010-03-19,83.325,83.5,82.655,82.847,260201.0
2010-03-21,82.79,82.93,82.5,82.64,35327.4
2010-03-22,82.645,83.01,81.71,82.965,310970.2
2010-03-23,82.965,83.16,82.475,83.005,304595.85
2010-03-24,83.01,84.01,82.865,83.87,373866.4
2010-03-25,83.87,84.655,83.605,84.06,342102.1
2010-03-26,84.06,84.37,83.27,83.593,291108.7
2010-03-28,83.51,83.716,83.363,83.605,29270.9
2010-03-29,83.605,84.91,83.565,84.725,380890.6
2010-03-30,84.725,85.58,84.485,85.54,388886.53
2010-03-31,85.54,85.86,84.81,85.775,380800.1
2010-04-01,85.775,86.545,85.475,86.325,347245.3
2010-04-02,86.325,87.065,85.995,86.89,161311.8
2010-04-04,86.935,87.195,86.765,87.015,36268.8
2010-04-05,87.015,87.075,86.625,86.71,212913.6
2010-04-06,86.71,87.115,86.09,86.765,396393.54
2010-04-07,86.765,87.51,86.27,86.33,369373.7
2010-04-08,86.33,86.895,85.705,86.79,361048.9
2010-04-09,86.785,87.33,86.68,86.907,300975.25
2010-04-11,86.86,87.36,86.607,87.145,44067.5
2010-04-12,87.145,87.28,86.09,86.355,287301.3
2010-04-13,86.35,86.635,85.45,86.555,401595.06
2010-04-14,86.555,87.545,86.545,87.32,384386.35
2010-04-15,87.32,87.46,86.685,86.94,371913.09
2010-04-16,86.94,86.94,84.935,85.168,412861.5
2010-04-18,85.148,85.202,84.55,84.795,46031.6
2010-04-19,84.795,85.68,83.93,85.545,460258.5
2010-04-20,85.55,86.955,85.54,86.59,516126.6
2010-04-21,86.57,87.17,86.17,86.315,485721.9
2010-04-22,86.315,86.935,85.685,86.46,548712.15
2010-04-23,86.46,87.2,85.765,87.16,517854.8
2010-04-25,87.156,87.235,86.895,87.235,47484.7
2010-04-26,87.235,87.76,86.965,87.12,382289.46
2010-04-27,87.125,87.205,84.975,85.375,659126.9
2010-04-28,85.37,87.31,85.105,86.76,526521.4
2010-04-29,86.76,87.545,86.54,87.32,528405.3
2010-04-30,87.32,88.05,86.623,86.66,509041.8
2010-05-02,86.707,87.14,86.206,87.09,42423.5
2010-05-03,87.09,87.805,86.68,87.62,412387.6
2010-05-04,87.62,87.95,85.725,86.44,414980.2
2010-05-05,86.44,86.545,84.655,85.135,450095.0
2010-05-06,85.14,85.305,76.88,81.175,499458.62
2010-05-07,81.175,83.16,79.975,81.328,402459.78
2010-05-09,81.35,83.426,80.99,82.51,42418.0
2010-05-10,82.515,84.755,82.285,83.75,541243.2
2010-05-11,83.755,84.155,82.46,83.095,577811.98
2010-05-12,83.095,83.66,82.2,83.41,466750.6
2010-05-13,83.405,84.495,82.75,82.93,622243.68
2010-05-14,82.93,83.41,81.385,81.847,568194.8
2010-05-16,81.828,81.913,81.52,81.61,50327.9
2010-05-17,81.615,81.745,79.975,81.1,425780.6
2010-05-18,81.1,81.64,78.895,78.905,514134.6
2010-05-19,78.905,79.185,76.065,77.675,573484.7
2010-05-20,77.68,77.805,71.87,73.345,352697.5
2010-05-21,73.345,75.525,73.05,74.835,311884.6
2010-05-23,74.893,75.744,74.44,74.57,84178.3
2010-05-24,74.57,75.59,73.48,74.15,619021.7
2010-05-25,74.15,75.055,72.045,74.615,659449.8
2010-05-26,74.615,75.9,73.66,74.12,643066.8
2010-05-27,74.12,77.665,73.985,77.215,617918.2
2010-05-28,77.215,78.035,76.445,77.123,457725.3
2010-05-30,77.02,77.195,76.589,77.105,47699.2
2010-05-31,77.105,77.95,76.31,76.965,335812.0
2010-06-01,76.965,77.075,75.015,76.035,480611.56
2010-06-02,76.035,77.71,75.555,77.61,524041.7
2010-06-03,77.615,79.005,77.165,78.145,489703.46
2010-06-04,78.145,78.67,75.085,75.608,432286.6
2010-06-06,75.345,75.755,74.68,74.85,53690.8
2010-06-07,74.85,75.64,73.665,74.375,566897.8
2010-06-08,74.375,75.825,74.035,75.27,521242.7
2010-06-09,75.27,76.565,74.89,75.87,447294.2
2010-06-10,75.87,77.76,75.42,77.695,417933.5
2010-06-11,77.695,78.01,76.915,77.888,319233.8
2010-06-13,77.92,78.441,77.841,78.435,40811.4
2010-06-14,78.435,79.6,78.37,78.56,317735.2
2010-06-15,78.565,79.2,77.51,79.04,388902.8
2010-06-16,79.04,79.415,78.195,78.73,327728.9
2010-06-17,78.73,79.22,77.98,78.754,347018.6
2010-06-18,78.754,79.185,78.365,79.02,284986.8
2010-06-19,79.02,79.02,79.02,79.02,0.0
2010-06-20,79.037,79.825,78.358,79.625,50722.7
2010-06-21,79.63,80.855,79.435,79.88,319658.3
2010-06-22,79.88,80.35,78.715,78.73,307726.0
2010-06-23,78.73,79.125,77.945,78.69,279927.0
2010-06-24,78.695,78.83,77.125,77.66,321676.9
2010-06-25,77.665,78.29,76.985,77.927,355043.9
2010-06-27,78.06,78.16,77.85,78.05,34433.4
2010-06-28,78.045,78.42,77.58,77.84,354131.9
2010-06-29,77.86,77.96,74.92,75.285,441315.3
2010-06-30,75.28,75.995,74.135,74.475,416164.0
2010-07-01,74.475,74.605,72.675,74.14,398814.0
2010-07-02,74.145,75.04,73.58,73.837,367489.4
2010-07-04,73.807,73.95,73.41,73.665,100634.9
2010-07-05,73.665,74.46,73.055,73.105,251768.1
2010-07-06,73.095,75.02,72.71,74.74,411949.3
2010-07-07,74.74,76.015,73.54,75.82,555767.5
2010-07-08,75.82,77.885,75.815,77.585,389025.3
2010-07-09,77.585,77.875,77.185,77.62,248857.8
2010-07-11,77.737,77.905,77.56,77.865,44714.7
2010-07-12,77.87,78.09,77.095,77.805,383598.1
2010-07-13,77.805,78.58,76.805,78.415,522613.64
2010-07-14,78.415,78.855,77.49,77.825,445919.9
2010-07-15,77.825,78.185,76.12,77.01,560687.59
2010-07-16,77.01,77.145,75.025,75.208,420995.0
2010-07-18,75.257,75.333,74.68,74.715,37288.4
2010-07-19,74.715,75.855,74.715,75.375,465877.4
2010-07-20,75.375,77.455,75.32,77.26,486109.07
2010-07-21,77.26,77.295,76.08,76.19,462167.03
2010-07-22,76.19,78.035,75.555,78.01,466101.8
2010-07-23,78.005,78.44,77.23,78.23,351357.0
2010-07-25,78.34,78.51,78.045,78.505,32067.1
2010-07-26,78.515,78.705,77.775,78.26,427696.4
2010-07-27,78.26,79.425,78.205,79.095,514636.6
2010-07-28,79.095,79.25,77.765,78.185,496088.8
2010-07-29,78.185,78.895,77.725,78.05,516528.3
2010-07-30,78.05,78.565,77.345,78.18,492948.1
2010-08-01,78.12,78.51,77.797,78.505,35179.7
2010-08-02,78.51,79.305,78.48,78.945,437850.01
2010-08-03,78.94,79.07,77.915,78.415,500145.46
2010-08-04,78.415,79.23,77.685,79.045,452849.47
2010-08-05,79.045,79.275,78.265,78.46,351531.4
2010-08-06,78.46,79.045,77.84,78.49,378815.89
2010-08-08,78.57,78.765,78.225,78.3,22302.37
2010-08-09,78.3,78.82,78.285,78.675,555647.2
2010-08-10,78.675,78.81,77.73,77.775,544538.23
2010-08-11,77.775,77.865,76.045,76.34,683053.6
2010-08-12,76.345,77.315,75.84,77.285,535688.7
2010-08-13,77.285,77.81,76.655,76.893,565109.1
2010-08-15,76.89,77.075,76.65,76.695,41150.3
2010-08-16,76.705,76.92,75.97,76.26,491890.3
2010-08-17,76.26,77.705,76.21,77.48,622285.7
2010-08-18,77.48,77.48,76.54,76.56,393978.72
2010-08-19,76.565,77.315,75.76,75.78,533361.15
2010-08-20,75.78,76.585,75.47,76.42,455391.4
2010-08-22,76.5,76.585,75.574,76.01,49251.8
2010-08-23,76.01,76.585,75.59,75.67,438990.6
2010-08-24,75.67,75.825,73.57,74.31,436438.49
2010-08-25,74.31,75.27,73.725,75.1,505206.2
2010-08-26,75.1,75.395,74.55,74.605,537281.2
2010-08-27,74.605,76.805,74.55,76.59,412566.6
2010-08-29,76.587,77.365,76.585,77.17,59874.9
2010-08-30,77.175,77.51,75.335,75.425,324636.57
2010-08-31,75.425,75.725,74.525,75.025,503343.3
2010-09-01,75.025,77.01,74.975,76.755,532116.9
2010-09-02,76.755,76.895,76.13,76.665,388046.2
2010-09-03,76.665,78.05,76.35,77.29,351600.44
2010-09-05,77.355,77.375,76.851,77.33,48186.7
2010-09-06,77.325,77.4,76.915,76.99,292434.2
2010-09-07,76.99,77.295,76.125,76.385,465891.8
2010-09-08,76.385,77.2,75.925,77.035,690183.5
2010-09-09,77.035,77.675,76.915,77.39,468948.9
2010-09-10,77.395,78.09,77.27,77.96,359214.5
2010-09-12,77.928,78.464,77.925,78.42,83562.4
2010-09-13,78.42,78.515,77.965,78.015,396914.4
2010-09-14,78.015,78.495,77.445,78.075,435634.1
2010-09-15,78.075,80.63,77.925,80.375,355779.35
2010-09-16,80.375,80.53,79.585,80.235,356352.62
2010-09-17,80.23,81.295,80.195,80.34,369345.15
2010-09-19,80.38,80.475,80.142,80.3,47555.8
2010-09-20,80.295,81.42,80.23,81.055,329190.9
2010-09-21,81.055,81.35,80.56,81.205,286621.2
2010-09-22,81.21,81.295,80.28,80.8,208072.29
2010-09-23,80.8,80.955,79.82,80.04,392699.0
2010-09-24,80.045,81.11,80.0,80.7,352247.6
2010-09-26,80.807,81.121,80.677,80.94,46979.3
2010-09-27,80.94,81.24,80.635,80.795,435149.3
2010-09-28,80.8,81.26,80.455,81.14,443758.9
2010-09-29,81.14,81.365,80.935,81.16,385800.9
2010-09-30,81.16,81.35,80.42,80.61,295901.8
2010-10-01,80.61,81.14,80.535,80.89,415073.6
2010-10-02,80.89,80.89,80.89,80.89,0.0
2010-10-03,80.89,81.1,80.827,80.96,51452.5
2010-10-04,80.96,81.28,80.335,80.805,324607.0
2010-10-05,80.805,80.915,79.805,80.825,357475.0
2010-10-06,80.825,81.225,80.615,80.96,437206.0
2010-10-07,80.96,81.82,80.65,80.845,320116.0
2010-10-08,80.84,81.025,79.715,80.64,228139.0
2010-10-09,80.64,80.64,80.64,80.64,0.0
2010-10-10,80.64,81.35,80.54,80.96,39973.5
2010-10-11,80.96,81.115,80.59,80.84,315611.0
2010-10-12,80.84,80.845,79.985,80.745,407699.0
2010-10-13,80.745,81.28,80.515,81.13,372336.0
2010-10-14,81.135,81.345,80.61,80.735,410921.0
2010-10-15,80.73,80.97,80.245,80.62,345793.2
2010-10-16,80.62,80.62,80.62,80.62,0.0
2010-10-17,80.62,80.823,80.3,80.335,65759.1
2010-10-18,80.335,80.745,79.64,80.495,469110.0
2010-10-19,80.495,80.845,78.69,78.755,410275.0
2010-10-20,78.75,80.165,78.725,80.025,327445.0
2010-10-21,80.03,80.305,79.19,79.505,352205.0
2010-10-22,79.5,79.995,79.32,79.93,324435.7
2010-10-23,79.93,79.93,79.93,79.93,0.0
2010-10-24,79.93,80.224,79.746,80.042,61270.9
2010-10-25,80.042,80.563,79.876,79.963,168248.0
2010-10-26,79.96,80.35,79.905,80.177,102609.0
2010-10-27,80.177,80.327,78.9,79.443,101095.0
2010-10-28,79.45,79.738,79.027,79.257,104953.0
2010-10-29,79.256,79.343,78.184,79.027,91160.5
2010-10-30,79.027,79.027,79.027,79.027,0.0
2010-10-31,79.027,79.311,78.707,79.311,19664.9
2010-11-01,79.315,80.131,79.201,79.647,102053.0
2010-11-02,79.647,81.006,79.559,80.574,89534.0
2010-11-03,80.563,81.676,80.317,81.358,93229.0
2010-11-04,81.365,82.157,81.034,82.028,89431.0
2010-11-05,82.032,82.65,81.456,82.369,75620.5
2010-11-06,82.369,82.369,82.369,82.369,0.0
2010-11-07,82.369,82.637,82.272,82.47,17038.1
2010-11-08,82.47,82.555,81.761,81.933,87040.0
2010-11-09,81.919,82.392,81.413,81.949,93722.0
2010-11-10,81.941,82.843,81.749,82.585,88081.0
2010-11-11,82.587,82.815,82.019,82.119,88052.0
2010-11-12,82.119,82.395,80.338,81.227,81595.0
2010-11-13,81.227,81.227,81.227,81.227,0.0
2010-11-14,81.227,81.577,81.114,81.561,10193.4
2010-11-15,81.556,82.144,81.193,81.787,58609.0
2010-11-16,81.779,82.017,81.146,81.391,57050.0
2010-11-17,81.4,81.708,81.146,81.597,50154.0
2010-11-18,81.597,82.762,81.582,82.738,50393.0
2010-11-19,82.74,82.801,81.718,82.386,43347.4
2010-11-20,82.386,82.386,82.386,82.386,0.0
2010-11-21,82.386,82.647,82.179,82.629,8599.2
2010-11-22,82.626,82.995,81.946,82.186,43664.0
2010-11-23,82.177,82.338,80.45,81.145,56375.0
2010-11-24,81.153,82.284,80.98,82.247,56628.0
2010-11-25,82.241,82.255,81.482,81.737,36492.0
2010-11-26,81.737,81.882,80.552,81.062,47040.7
2010-11-27,81.062,81.062,81.062,81.062,0.0
2010-11-28,81.062,81.437,80.891,81.301,8391.2
2010-11-29,81.3,81.468,80.636,80.95,87713.0
2010-11-30,80.949,81.371,79.83,80.295,161895.0
2010-12-01,80.296,81.649,79.747,81.256,142705.0
2010-12-02,81.256,81.937,80.904,81.815,127640.0
2010-12-03,81.815,82.281,81.129,81.917,113704.0
2010-12-04,81.917,81.917,81.917,81.917,0.0
2010-12-05,81.917,82.117,81.688,82.104,25387.8
2010-12-06,82.104,82.157,81.507,81.71,107070.0
2010-12-07,81.71,82.464,81.398,82.075,126270.0
2010-12-08,82.074,82.614,81.977,82.337,159171.0
2010-12-09,82.337,82.82,82.132,82.5,145100.0
2010-12-10,82.504,82.816,82.222,82.697,102837.1
2010-12-11,82.697,82.697,82.697,82.697,0.0
2010-12-12,82.697,82.697,82.377,82.629,15727.0
2010-12-13,82.629,83.334,82.596,83.022,118490.0
2010-12-14,83.025,83.677,82.874,83.549,141694.0
2010-12-15,83.554,83.592,82.981,83.178,136867.0
2010-12-16,83.183,83.256,82.947,83.143,126409.0
2010-12-17,83.143,83.26,82.749,82.952,116486.4
2010-12-18,82.952,82.952,82.952,82.952,0.0
2010-12-19,82.952,83.021,82.787,82.998,9611.4
2010-12-20,83.0,83.346,82.728,83.16,130488.0
2010-12-21,83.159,83.589,83.068,83.445,118790.0
2010-12-22,83.445,83.568,83.277,83.484,112285.0
2010-12-23,83.484,83.528,83.117,83.337,86431.0
2010-12-24,83.33,83.418,83.145,83.187,59156.39
2010-12-25,83.187,83.187,83.187,83.187,0.0
2010-12-26,83.187,83.203,82.697,82.946,13354.04
2010-12-27,82.942,83.24,82.827,83.229,56285.0
2010-12-28,83.226,83.344,82.969,83.092,104578.0
2010-12-29,83.093,83.26,82.975,83.029,94027.0
2010-12-30,83.024,83.047,82.633,82.782,124070.0
2010-12-31,82.782,83.195,82.643,82.941,57811.7
2011-01-01,82.941,82.941,82.941,82.941,0.0
2011-01-02,82.941,83.218,82.679,82.839,13061.04
2011-01-03,82.839,83.267,82.732,83.036,82040.0
2011-01-04,83.036,83.14,81.97,82.619,142760.0
2011-01-05,82.615,83.368,81.949,83.152,126358.0
2011-01-06,83.149,83.364,82.548,82.704,127355.0
2011-01-07,82.691,83.084,82.208,82.756,134729.0
2011-01-08,82.756,82.756,82.756,82.756,0.0
2011-01-09,82.756,82.934,82.503,82.637,26706.24
2011-01-10,82.636,82.85,81.871,82.276,115863.0
2011-01-11,82.283,82.379,81.573,81.877,130897.0
2011-01-12,81.877,82.864,81.787,82.724,349117.0
2011-01-13,82.726,82.963,82.328,82.591,117138.0
2011-01-14,82.591,82.604,81.685,81.855,111582.0
2011-01-15,81.855,81.855,81.855,81.855,0.0
2011-01-16,81.855,82.224,81.706,82.118,13052.22
2011-01-17,82.121,82.318,81.767,82.076,85848.0
2011-01-18,82.076,82.566,81.801,82.402,128229.0
2011-01-19,82.402,82.782,81.807,81.886,146719.0
2011-01-20,81.889,82.106,81.513,81.74,152008.0
2011-01-21,81.74,82.071,81.566,81.707,127421.04
2011-01-22,81.707,81.707,81.707,81.707,0.0
2011-01-23,81.707,81.862,81.468,81.725,17408.49
2011-01-24,81.727,82.487,81.533,82.326,107020.0
2011-01-25,82.326,82.392,81.474,81.858,111553.0
2011-01-26,81.857,82.194,81.692,82.113,99585.0
2011-01-27,82.115,82.436,81.657,82.027,118451.0
2011-01-28,82.028,82.209,81.304,81.607,128685.9
2011-01-29,81.607,81.607,81.607,81.607,0.0
2011-01-30,81.607,81.607,80.974,81.022,15840.28
2011-01-31,81.02,81.897,81.012,81.871,131585.0
2011-02-01,81.871,82.565,81.756,82.298,157779.0
2011-02-02,82.296,82.552,81.989,82.426,155402.0
2011-02-03,82.426,82.945,82.329,82.847,165927.0
2011-02-04,82.847,83.506,82.503,83.306,179957.49
2011-02-05,83.306,83.306,83.306,83.306,0.0
2011-02-06,83.306,83.434,83.093,83.247,22018.4
2011-02-07,83.248,83.7,83.018,83.382,159131.0
2011-02-08,83.378,83.72,83.107,83.494,164186.0
2011-02-09,83.499,83.556,83.077,83.278,155526.0
2011-02-10,83.275,83.728,82.928,83.453,173331.0
2011-02-11,83.465,83.704,83.183,83.577,124869.08
2011-02-12,83.577,83.577,83.577,83.577,0.0
2011-02-13,83.577,83.704,83.282,83.561,18566.73
2011-02-14,83.562,83.775,83.418,83.558,121578.0
2011-02-15,83.56,83.889,83.366,83.471,165273.0
2011-02-16,83.473,83.999,83.427,83.869,163121.0
2011-02-17,83.868,84.396,83.753,84.284,145975.0
2011-02-18,84.283,84.468,84.199,84.377,144972.85
2011-02-19,84.377,84.377,84.377,84.377,0.0
2011-02-20,84.377,84.377,84.014,84.297,14655.63
2011-02-21,84.297,84.3,83.746,83.766,100481.0
2011-02-22,83.766,83.775,82.466,82.773,200611.0
2011-02-23,82.773,83.176,82.236,82.666,164415.0
2011-02-24,82.666,82.934,81.89,82.923,191152.0
2011-02-25,82.922,83.197,82.695,83.106,140446.93
2011-02-26,83.106,83.106,83.106,83.106,0.0
2011-02-27,83.106,83.106,82.773,82.778,20337.24
2011-02-28,82.777,83.453,82.629,83.402,154540.0
2011-03-01,83.402,83.717,82.87,83.0,156649.0
2011-03-02,83.0,83.327,82.616,83.152,151801.0
2011-03-03,83.153,83.693,82.99,83.41,177293.0
2011-03-04,83.408,83.988,83.122,83.367,132155.0
2011-03-05,83.367,83.367,83.367,83.367,0.0
2011-03-06,83.367,83.607,83.215,83.535,17866.55
2011-03-07,83.535,83.608,82.93,83.272,157781.0
2011-03-08,83.274,83.652,83.111,83.536,168177.0
2011-03-09,83.536,83.747,83.374,83.63,156862.0
2011-03-10,83.63,83.746,82.843,83.047,169319.0
2011-03-11,83.047,83.299,81.947,82.928,190175.79
2011-03-12,82.928,82.928,82.928,82.928,0.0
2011-03-13,82.928,83.234,81.389,82.072,41882.39
2011-03-14,82.072,83.201,82.027,82.532,180258.0
2011-03-15,82.532,82.645,79.275,80.558,271255.0
2011-03-16,80.557,80.747,74.463,77.499,279206.0
2011-03-17,77.499,78.296,76.737,78.249,271159.0
2011-03-18,78.248,81.43,77.83,80.152,218343.83
2011-03-19,80.152,80.152,80.152,80.152,0.0
2011-03-20,80.152,80.806,80.118,80.806,50283.62
2011-03-21,80.808,81.831,80.519,81.686,160044.0
2011-03-22,81.688,82.123,81.26,81.748,145594.0
2011-03-23,81.748,82.159,81.34,81.915,173039.0
2011-03-24,81.919,82.82,81.833,82.636,167409.0
2011-03-25,82.634,83.617,82.507,83.404,142668.69
2011-03-26,83.404,83.404,83.404,83.404,0.0
2011-03-27,83.404,83.659,83.166,83.655,18056.7
2011-03-28,83.655,84.225,83.525,83.62,138563.0
2011-03-29,83.623,85.05,83.417,85.016,161715.0
2011-03-30,85.016,85.826,84.867,85.769,188171.0
2011-03-31,85.769,86.185,85.162,86.07,162069.0
2011-04-01,86.069,87.595,86.013,87.243,184950.24
2011-04-02,87.243,87.243,87.243,87.243,0.0
2011-04-03,87.243,87.689,87.218,87.445,20736.69
2011-04-04,87.45,87.623,86.697,87.307,131180.0
2011-04-05,87.308,87.993,86.793,87.808,150163.0
2011-04-06,87.808,89.273,87.794,89.176,159496.0
2011-04-07,89.176,89.59,88.086,88.753,172005.0
2011-04-08,88.753,89.929,88.75,89.544,142067.36
2011-04-09,89.544,89.544,89.544,89.544,0.0
2011-04-10,89.544,90.023,89.377,90.021,17344.82
2011-04-11,90.019,90.021,88.351,88.53,138244.0
2011-04-12,88.528,88.66,86.861,87.699,198008.0
2011-04-13,87.704,88.523,87.462,87.866,167863.0
2011-04-14,87.864,88.321,86.951,88.224,174797.0
2011-04-15,88.225,88.316,87.226,87.789,137148.75
2011-04-16,87.789,87.789,87.789,87.789,0.0
2011-04-17,87.789,87.926,87.477,87.641,16875.71
2011-04-18,87.641,87.781,85.984,86.515,158955.0
2011-04-19,86.516,87.409,86.077,87.246,156564.0
2011-04-20,87.249,88.486,87.157,88.2,173313.0
2011-04-21,88.2,88.568,87.566,87.973,138379.0
2011-04-22,87.971,88.181,87.729,87.83,41451.99
2011-04-23,87.83,87.83,87.83,87.83,0.0
2011-04-24,87.83,88.391,87.751,88.356,10972.91
2011-04-25,88.358,88.502,87.46,87.515,102197.0
2011-04-26,87.512,88.383,87.214,88.02,163289.0
2011-04-27,88.015,89.381,87.87,89.381,170595.0
2011-04-28,89.378,89.586,88.611,89.177,160217.0
2011-04-29,89.175,89.207,88.686,88.986,115346.86
2011-04-30,88.986,88.986,88.986,88.986,0.0
2011-05-01,88.986,89.196,88.746,88.997,19036.84
2011-05-02,88.992,89.305,88.681,88.771,124830.0
2011-05-03,88.769,88.772,87.508,87.999,151151.0
2011-05-04,87.994,88.11,86.384,86.518,153622.0
2011-05-05,86.518,86.817,84.316,85.306,221073.0
2011-05-06,85.306,87.044,85.172,86.232,248865.13
2011-05-07,86.232,86.232,86.232,86.232,0.0
2011-05-08,86.232,86.864,86.188,86.809,18840.55
2011-05-09,86.809,87.004,86.364,86.495,189109.0
2011-05-10,86.496,87.968,86.235,87.767,175747.0
2011-05-11,87.766,88.101,86.106,86.637,188066.0
2011-05-12,86.637,86.917,85.325,86.334,192262.0
2011-05-13,86.334,86.467,84.882,85.382,179858.06
2011-05-14,85.382,85.382,85.377,85.382,0.0
2011-05-15,85.382,85.549,85.0,85.16,17672.52
2011-05-16,85.163,86.086,84.929,85.406,176558.0
2011-05-17,85.404,86.711,85.337,86.602,197386.0
2011-05-18,86.601,87.042,85.738,86.91,180058.0
2011-05-19,86.907,87.541,86.495,87.197,183173.0
2011-05-20,87.197,87.392,86.672,87.04,163251.5
2011-05-21,87.052,87.052,87.052,87.052,0.0
2011-05-22,87.052,87.142,86.677,86.849,21080.28
2011-05-23,86.854,86.959,85.679,86.048,194164.0
2011-05-24,86.048,86.911,85.989,86.607,173640.0
2011-05-25,86.609,86.643,85.464,86.213,200826.0
2011-05-26,86.209,86.941,85.96,86.251,185996.0
2011-05-27,86.251,86.953,86.141,86.428,185102.82
2011-05-28,86.428,86.428,86.428,86.428,0.0
2011-05-29,86.428,86.673,86.388,86.496,22447.63
2011-05-30,86.499,86.729,86.264,86.682,73894.0
2011-05-31,86.683,87.427,86.457,86.932,180644.0
2011-06-01,86.931,87.602,85.673,85.928,189673.0
2011-06-02,85.925,86.599,85.731,86.407,183238.0
2011-06-03,86.406,86.589,84.964,85.984,174895.35
2011-06-04,85.984,85.984,85.984,85.984,0.0
2011-06-05,85.984,86.3,85.781,86.288,21711.62
2011-06-06,86.288,86.45,85.585,85.954,151935.0
2011-06-07,85.954,86.264,85.63,85.827,157991.0
2011-06-08,85.827,85.872,84.419,85.03,175960.0
2011-06-09,85.03,85.534,84.457,85.478,170770.0
2011-06-10,85.477,85.526,84.45,84.587,163033.0
2011-06-11,84.587,84.587,84.587,84.587,0.0
2011-06-12,84.587,84.712,84.393,84.667,17656.46
2011-06-13,84.67,85.324,84.482,85.106,154156.0
2011-06-14,85.106,86.25,84.748,86.03,169423.0
2011-06-15,86.028,86.388,85.266,85.597,182994.0
2011-06-16,85.594,85.697,84.614,85.125,207679.0
2011-06-17,85.127,85.393,84.551,84.982,178680.5
2011-06-18,84.982,84.982,84.982,84.982,0.0
2011-06-19,84.982,85.097,84.796,84.865,18667.44
2011-06-20,84.866,85.153,84.081,85.019,158956.0
2011-06-21,85.017,85.182,84.421,84.995,152676.0
2011-06-22,84.995,85.344,84.723,84.847,156102.0
2011-06-23,84.847,85.087,84.237,84.846,196455.0
2011-06-24,84.849,85.026,84.272,84.322,176819.41
2011-06-25,84.322,84.322,84.322,84.322,0.0
2011-06-26,84.322,84.504,84.086,84.23,21904.41
2011-06-27,84.229,84.608,84.043,84.505,204416.0
2011-06-28,84.506,85.543,84.295,85.48,188105.0
2011-06-29,85.48,86.381,85.226,86.337,174380.0
2011-06-30,86.337,86.736,86.103,86.292,165137.0
2011-07-01,86.292,87.24,86.259,86.994,146057.5
2011-07-02,86.994,86.994,86.994,86.994,0.0
2011-07-03,86.994,87.263,86.917,87.107,13958.42
2011-07-04,87.107,87.211,86.452,86.769,101311.0
2011-07-05,86.771,86.898,86.441,86.676,152524.0
2011-07-06,86.676,86.829,86.273,86.587,150316.0
2011-07-07,86.587,87.575,86.492,87.542,146427.0
2011-07-08,87.542,87.743,86.286,86.686,156131.5
2011-07-09,86.686,86.686,86.686,86.686,0.0
2011-07-10,86.686,86.743,86.198,86.49,15116.53
2011-07-11,86.49,86.621,85.283,85.482,180192.0
2011-07-12,85.486,85.505,83.141,84.356,241159.0
2011-07-13,84.357,85.245,84.024,85.028,201410.0
2011-07-14,85.031,85.285,84.322,84.775,186718.0
2011-07-15,84.775,85.073,83.95,84.221,154405.75
2011-07-16,84.221,84.221,84.221,84.221,0.0
2011-07-17,84.221,84.306,83.932,84.154,16086.83
2011-07-18,84.157,84.163,83.53,84.058,142636.0
2011-07-19,84.058,85.023,83.821,85.006,154188.0
2011-07-20,85.005,85.235,84.442,84.826,138181.0
2011-07-21,84.826,85.285,84.245,85.137,161295.0
2011-07-22,85.134,85.352,84.91,85.139,120374.36
2011-07-23,85.139,85.193,85.139,85.139,0.0
2011-07-24,85.139,85.166,84.569,84.837,19194.06
2011-07-25,84.837,85.21,84.45,84.87,127593.0
2011-07-26,84.867,85.611,84.541,85.402,144882.0
2011-07-27,85.404,86.144,85.144,85.971,151090.0
2011-07-28,85.97,86.125,85.321,85.533,142547.0
2011-07-29,85.533,85.607,84.238,84.353,162828.43
2011-07-30,84.353,84.353,84.353,84.353,0.0
2011-07-31,84.353,85.436,84.289,85.18,27039.67
2011-08-01,85.18,86.172,83.769,85.269,187858.0
2011-08-02,85.269,85.594,82.911,83.053,187942.0
2011-08-03,83.05,83.378,82.073,82.942,205791.0
2011-08-04,82.942,85.153,82.495,82.602,259991.0
2011-08-05,82.616,83.149,81.408,81.885,261383.76
2011-08-06,81.885,81.885,81.825,81.885,0.0
2011-08-07,81.885,82.008,80.626,81.285,42604.87
2011-08-08,81.306,81.607,78.408,78.845,255954.0
2011-08-09,78.847,80.333,76.507,79.75,296975.0
2011-08-10,79.749,79.83,77.625,77.937,250988.0
2011-08-11,77.937,79.629,77.545,79.493,235588.0
2011-08-12,79.49,79.616,78.568,79.368,183520.71
2011-08-13,79.368,79.368,79.368,79.368,0.0
2011-08-14,79.368,80.023,79.368,80.014,13486.47
2011-08-15,80.014,80.774,79.707,80.542,144778.0
2011-08-16,80.542,80.754,79.819,80.362,165834.0
2011-08-17,80.361,81.154,80.03,80.86,154232.0
2011-08-18,80.862,80.875,79.125,79.147,179285.0
2011-08-19,79.151,79.992,78.848,79.638,189751.59
2011-08-20,79.638,79.638,79.638,79.638,0.0
2011-08-21,79.638,79.82,79.485,79.81,20033.55
2011-08-22,79.809,80.474,79.569,79.945,156051.0
2011-08-23,79.945,80.806,79.73,80.599,157398.0
2011-08-24,80.599,80.79,80.047,80.576,147532.0
2011-08-25,80.574,81.102,80.164,81.032,160117.0
2011-08-26,81.033,81.278,80.139,81.012,141289.43
2011-08-27,81.012,81.012,81.012,81.012,0.0
2011-08-28,81.012,81.32,80.943,81.147,16089.32
2011-08-29,81.15,82.196,81.124,82.085,106703.0
2011-08-30,82.083,82.195,81.533,81.923,123580.0
2011-08-31,81.923,82.202,81.645,81.997,117869.0
2011-09-01,81.999,82.822,81.936,82.409,136409.0
2011-09-02,82.407,82.549,81.536,81.718,114253.78
2011-09-03,81.718,81.718,81.718,81.718,0.0
2011-09-04,81.718,81.827,81.37,81.461,13960.97
2011-09-05,81.463,81.551,80.82,80.906,85210.0
2011-09-06,80.907,81.999,80.603,81.601,160095.0
2011-09-07,81.601,82.38,81.527,82.345,125106.0
2011-09-08,82.344,82.442,81.797,82.071,130850.0
2011-09-09,82.074,82.421,80.488,81.197,137279.16
2011-09-10,81.197,81.197,81.197,81.197,0.0
2011-09-11,81.197,81.288,80.533,80.582,18778.31
2011-09-12,80.583,80.776,78.877,79.727,172606.0
2011-09-13,79.728,79.907,79.019,79.398,158926.0
2011-09-14,79.399,79.778,78.109,78.776,160337.0
2011-09-15,78.778,79.435,78.088,79.265,137511.0
2011-09-16,79.265,79.914,79.032,79.523,120823.95
2011-09-17,79.523,79.523,79.523,79.523,0.0
2011-09-18,79.523,79.713,79.057,79.193,15514.56
2011-09-19,79.194,79.3,77.722,78.082,127644.0
2011-09-20,78.08,78.845,77.814,78.321,116604.0
2011-09-21,78.317,78.639,76.698,77.029,136607.0
2011-09-22,77.035,77.311,73.879,74.775,179656.0
2011-09-23,74.773,75.243,73.641,74.859,145755.19
2011-09-24,74.859,74.859,74.859,74.859,0.0
2011-09-25,74.859,75.434,74.65,75.304,17910.97
2011-09-26,75.305,75.41,73.383,74.894,195097.0
2011-09-27,74.894,76.678,74.638,75.948,166521.0
2011-09-28,75.949,76.002,74.334,74.356,148462.0
2011-09-29,74.385,75.908,74.139,74.994,150363.0
2011-09-30,74.992,75.291,74.278,74.412,131605.0
2011-10-01,74.401,74.412,74.4,74.412,107.7
2011-10-02,74.449,74.866,74.359,74.661,21619.03
2011-10-03,74.669,74.74,72.779,72.902,160831.0
2011-10-04,72.921,73.786,72.05,73.304,178283.0
2011-10-05,73.3,74.227,72.7,73.972,144435.0
2011-10-06,73.987,74.833,73.832,74.74,141134.0
2011-10-07,74.731,75.878,74.6,74.932,123079.44
2011-10-08,74.932,74.932,74.909,74.932,0.0
2011-10-09,74.932,75.148,74.62,75.148,15753.26
2011-10-10,75.152,76.803,75.09,76.411,136208.75
2011-10-11,76.41,76.673,75.95,76.232,154276.3
2011-10-12,76.232,78.968,75.669,78.202,174680.83
2011-10-13,78.202,78.917,77.61,78.2,169938.46
2011-10-14,78.199,79.913,78.058,79.814,145736.28
2011-10-15,79.814,79.814,79.814,79.814,0.0
2011-10-16,79.814,79.861,79.48,79.651,18158.32
2011-10-17,79.652,80.274,77.953,78.227,171968.91
2011-10-18,78.226,79.336,77.626,78.623,186945.32
2011-10-19,78.623,79.542,78.313,78.726,157078.22
2011-10-20,78.726,79.037,77.839,78.719,184356.11
2011-10-21,78.719,79.143,78.214,79.046,157050.42
2011-10-22,79.046,79.046,79.046,79.046,0.0
2011-10-23,79.046,79.073,78.577,78.928,22771.51
2011-10-24,78.926,79.831,78.757,79.695,154122.84
2011-10-25,79.693,79.911,78.996,79.326,161223.53
2011-10-26,79.326,79.421,78.37,79.237,166468.0
2011-10-27,79.237,81.614,79.118,81.378,178226.67
2011-10-28,81.378,81.432,80.764,81.078,137466.97
2011-10-29,81.078,81.078,81.078,81.078,0.0
2011-10-30,81.078,81.179,80.798,80.831,9762.43
2011-10-31,80.83,83.947,80.728,82.55,209613.04
2011-11-01,82.554,83.189,80.29,80.677,214978.02
2011-11-02,80.675,81.401,80.052,80.107,192393.87
2011-11-03,80.106,81.443,79.639,81.305,185433.39
2011-11-04,81.309,81.463,80.698,81.162,148858.26
2011-11-05,81.162,81.162,81.162,81.162,0.0
2011-11-06,81.162,81.467,80.97,81.263,14469.64
2011-11-07,81.259,81.338,80.233,80.892,158729.76
2011-11-08,80.896,80.952,80.241,80.631,161749.79
2011-11-09,80.631,80.732,78.656,78.829,188803.5
2011-11-10,78.829,79.269,78.049,78.836,186353.93
2011-11-11,78.836,79.507,78.27,79.245,138072.53
2011-11-12,79.245,79.245,79.245,79.245,0.0
2011-11-13,79.245,79.968,79.245,79.724,16599.5
2011-11-14,79.724,79.743,78.31,78.663,152022.45
2011-11-15,78.663,79.096,77.832,78.173,164192.85
2011-11-16,78.173,78.354,77.344,77.46,180162.75
2011-11-17,77.456,77.911,76.777,76.827,189454.18
2011-11-18,76.827,77.418,76.592,76.988,166556.08
2011-11-19,76.988,76.988,76.988,76.988,0.0
2011-11-20,76.988,76.988,76.572,76.793,19260.54
2011-11-21,76.796,76.804,75.479,75.794,175034.84
2011-11-22,75.794,76.3,75.627,75.809,168774.95
2011-11-23,75.809,75.846,74.821,74.936,166501.56
2011-11-24,74.935,75.47,74.778,74.889,123423.62
2011-11-25,74.898,75.925,74.802,75.469,131598.56
2011-11-26,75.469,75.469,75.469,75.469,0.0
2011-11-27,75.469,76.481,75.469,76.353,25058.49
2011-11-28,76.353,77.801,76.115,77.364,167305.2
2011-11-29,77.364,78.3,77.058,78.093,183069.88
2011-11-30,78.096,80.03,77.485,79.548,195425.38
2011-12-01,79.548,79.744,78.833,79.48,163620.13
2011-12-02,79.478,80.509,79.415,79.617,141597.99
2011-12-03,79.617,79.617,79.617,79.617,0.0
2011-12-04,79.617,80.121,79.583,79.94,18598.16
2011-12-05,79.94,80.191,79.541,79.791,179882.95
2011-12-06,79.791,79.89,78.927,79.673,161714.5
2011-12-07,79.675,80.006,79.548,79.822,152070.79
2011-12-08,79.822,80.137,78.845,79.055,199419.51
2011-12-09,79.056,79.342,78.032,79.25,187188.13
2011-12-10,79.25,79.25,79.25,79.25,0.0
2011-12-11,79.25,79.309,79.088,79.206,16840.42
2011-12-12,79.206,79.251,78.218,78.255,183556.01
2011-12-13,78.255,78.914,77.835,77.857,193912.0
2011-12-14,77.857,78.289,77.178,77.351,191407.24
2011-12-15,77.348,77.7,76.982,77.364,175462.43
2011-12-16,77.364,78.006,77.318,77.626,159901.69
2011-12-17,77.626,77.626,77.626,77.626,0.0
2011-12-18,77.626,77.714,77.453,77.52,20589.41
2011-12-19,77.52,77.642,77.101,77.365,192740.35
2011-12-20,77.365,78.521,77.293,78.4,185147.25
2011-12-21,78.4,79.362,78.239,78.611,194540.61
2011-12-22,78.613,79.283,78.55,79.201,151245.58
2011-12-23,79.202,79.5,79.082,79.192,90233.82
2011-12-24,79.192,79.192,79.192,79.192,0.0
2011-12-25,79.192,79.313,79.021,79.176,1585.29
2011-12-26,79.177,79.297,79.116,79.227,15533.95
2011-12-27,79.223,79.235,78.928,79.01,74022.4
2011-12-28,79.008,79.211,78.516,78.52,133227.9
2011-12-29,78.52,78.753,78.175,78.734,119503.37
2011-12-30,78.734,79.039,78.349,78.502,119758.45
2011-12-31,78.502,78.502,78.502,78.502,0.0
2012-01-01,78.502,78.896,78.457,78.724,5470.83
2012-01-02,78.723,78.874,78.404,78.863,19866.23
2012-01-03,78.865,79.714,78.863,79.564,142616.87
2012-01-04,79.561,79.575,79.088,79.324,142242.36
2012-01-05,79.327,79.363,78.691,79.093,162435.56
2012-01-06,79.093,79.372,78.655,78.71,114799.93
2012-01-07,78.71,78.71,78.71,78.71,0.0
2012-01-08,78.71,78.71,78.268,78.472,13283.3
2012-01-09,78.472,78.829,78.088,78.807,145298.62
2012-01-10,78.807,79.511,78.771,79.136,149707.52
2012-01-11,79.136,79.446,78.977,79.293,145538.05
2012-01-12,79.293,79.756,78.987,79.349,151654.68
2012-01-13,79.346,79.495,78.774,79.433,162649.65
2012-01-14,79.433,79.433,79.433,79.433,0.0
2012-01-15,79.433,79.433,79.015,79.073,16001.66
2012-01-16,79.073,79.298,78.803,79.284,116990.22
2012-01-17,79.284,80.116,79.279,79.756,156925.61
2012-01-18,79.756,80.189,79.46,79.982,165769.7
2012-01-19,79.982,80.53,79.613,80.256,160034.37
2012-01-20,80.256,80.869,80.138,80.719,138875.48
2012-01-21,80.719,80.719,80.719,80.719,0.0
2012-01-22,80.719,80.815,80.436,80.564,21394.6
2012-01-23,80.566,81.444,80.48,81.059,133192.99
2012-01-24,81.06,81.536,80.722,81.404,152727.79
2012-01-25,81.406,82.472,81.221,82.368,190214.56
2012-01-26,82.369,82.841,82.173,82.191,153283.04
2012-01-27,82.191,82.263,81.427,81.722,164955.95
2012-01-28,81.722,81.722,81.722,81.722,0.0
2012-01-29,81.722,81.747,81.481,81.612,13801.21
2012-01-30,81.612,81.617,80.51,80.849,160214.86
2012-01-31,80.852,81.53,80.704,80.894,174706.94
2012-02-01,80.898,81.869,80.563,81.649,169206.41
2012-02-02,81.648,81.882,81.318,81.533,156414.83
2012-02-03,81.53,82.615,81.304,82.472,138943.53
2012-02-04,82.472,82.472,82.472,82.472,0.0
2012-02-05,82.472,82.472,81.992,82.316,13940.48
2012-02-06,82.32,82.355,81.88,82.077,112723.7
2012-02-07,82.077,83.195,82.013,82.868,144965.64
2012-02-08,82.868,83.618,82.79,83.122,142202.78
2012-02-09,83.122,83.862,82.856,83.612,211842.92
2012-02-10,83.613,83.75,82.651,82.826,225511.3
2012-02-11,82.826,82.826,82.826,82.826,0.0
2012-02-12,82.826,83.241,82.713,83.214,25495.93
2012-02-13,83.214,83.696,82.896,82.965,229273.64
2012-02-14,82.965,83.938,82.758,83.89,264995.52
2012-02-15,83.893,84.607,83.687,83.869,254953.71
2012-02-16,83.868,84.996,83.539,84.744,253831.25
2012-02-17,84.744,85.495,84.742,85.159,218189.58
2012-02-18,85.159,85.159,85.159,85.159,0.0
2012-02-19,85.159,86.351,85.131,86.153,17674.88
2012-02-20,86.156,86.16,85.296,85.375,171693.13
2012-02-21,85.375,85.746,84.865,85.22,238599.51
2012-02-22,85.221,85.593,84.71,85.347,237508.92
2012-02-23,85.347,85.956,85.032,85.754,186125.46
2012-02-24,85.753,86.843,85.742,86.809,172933.01
2012-02-25,86.809,86.809,86.809,86.809,0.0
2012-02-26,86.809,87.469,86.809,87.127,30136.87
2012-02-27,87.127,87.131,85.617,86.561,210131.43
2012-02-28,86.561,87.125,86.11,86.894,218855.88
2012-02-29,86.9,87.536,86.688,87.316,235841.01
2012-03-01,87.317,87.739,86.855,87.652,218523.52
2012-03-02,87.65,88.001,87.543,87.781,196117.82
2012-03-03,87.781,87.781,87.781,87.781,0.0
2012-03-04,87.781,87.923,87.485,87.492,33966.86
2012-03-05,87.488,87.7,86.652,87.027,211483.15
2012-03-06,87.027,87.119,84.85,85.189,249332.91
2012-03-07,85.185,86.017,84.806,85.958,213421.06
2012-03-08,85.958,87.103,85.538,86.848,219460.42
2012-03-09,86.848,87.601,86.536,87.204,203193.48
2012-03-10,87.204,87.204,87.204,87.204,0.0
2012-03-11,87.204,87.263,86.96,86.969,24383.61
2012-03-12,86.969,87.001,86.085,86.741,186321.06
2012-03-13,86.741,87.569,86.413,87.433,222107.01
2012-03-14,87.434,87.792,87.197,87.508,216393.93
2012-03-15,87.508,88.025,87.377,87.806,225536.87
2012-03-16,87.805,88.58,87.66,88.337,193625.14
2012-03-17,88.337,88.337,88.337,88.337,0.0
2012-03-18,88.337,88.629,88.084,88.46,23590.29
2012-03-19,88.459,88.595,87.85,88.35,187739.2
2012-03-20,88.353,88.563,87.349,87.719,187904.1
2012-03-21,87.719,88.136,86.92,87.014,218797.38
2012-03-22,87.012,87.395,85.371,85.815,261137.56
2012-03-23,85.814,86.448,85.175,86.155,223354.16
2012-03-24,86.155,86.155,86.155,86.155,0.0
2012-03-25,86.155,86.655,86.101,86.612,20201.14
2012-03-26,86.611,87.425,86.148,87.387,223953.73
2012-03-27,87.392,87.574,86.708,86.743,218578.19
2012-03-28,86.74,86.813,85.636,86.078,249789.32
2012-03-29,86.078,86.114,84.607,85.363,260392.13
2012-03-30,85.364,85.913,84.882,85.649,223570.23
2012-03-31,85.649,85.649,85.649,85.649,0.0
2012-04-01,85.649,86.81,85.649,86.403,19373.58
2012-04-02,86.403,86.762,85.032,85.105,239321.37
2012-04-03,85.105,85.785,84.976,85.375,241450.58
2012-04-04,85.372,85.442,84.21,84.735,240409.53
2012-04-05,84.735,84.966,83.98,84.624,195666.39
2012-04-06,84.624,85.179,83.666,84.121,95562.42
2012-04-07,84.121,84.121,84.121,84.121,0.0
2012-04-08,84.032,84.156,83.484,83.646,21508.15
2012-04-09,83.658,84.352,83.55,84.138,138458.09
2012-04-10,84.137,84.623,82.508,82.511,243610.57
2012-04-11,82.51,83.785,82.485,83.576,225589.36
2012-04-12,83.575,84.573,83.382,84.468,221087.04
2012-04-13,84.472,84.807,83.777,83.914,203236.93
2012-04-14,83.914,83.914,83.914,83.914,0.0
2012-04-15,83.914,84.001,83.641,83.658,21156.4
2012-04-16,83.66,83.807,83.008,83.225,227838.9
2012-04-17,83.225,84.376,82.876,84.345,209496.45
2012-04-18,84.343,84.729,84.035,84.31,212976.78
2012-04-19,84.309,84.748,83.96,84.432,236411.92
2012-04-20,84.433,84.754,84.15,84.573,184468.29
2012-04-21,84.573,84.573,84.573,84.573,0.0
2012-04-22,84.573,84.735,84.47,84.709,14022.44
2012-04-23,84.713,84.714,83.294,83.576,203252.57
2012-04-24,83.577,84.158,82.863,84.116,206385.23
2012-04-25,84.114,84.332,83.781,84.241,209652.24
2012-04-26,84.238,84.335,83.564,84.049,210745.11
2012-04-27,84.051,84.501,83.51,84.015,207211.09
2012-04-28,84.015,84.015,84.015,84.015,0.0
2012-04-29,84.015,84.134,83.874,84.006,18838.91
2012-04-30,84.006,84.009,82.982,83.276,164439.3
2012-05-01,83.278,83.302,82.105,82.89,147106.17
2012-05-02,82.887,83.288,82.363,82.576,186537.59
2012-05-03,82.576,82.858,82.211,82.349,165847.04
2012-05-04,82.349,82.404,81.176,81.245,159422.09
2012-05-05,81.245,81.245,81.245,81.245,0.0
2012-05-06,81.245,81.245,80.558,80.78,20693.47
2012-05-07,80.782,81.694,80.69,81.632,172427.53
2012-05-08,81.632,81.634,80.445,80.668,198335.45
2012-05-09,80.668,80.846,79.72,80.126,225097.57
2012-05-10,80.125,81.114,80.054,80.345,220185.18
2012-05-11,80.341,80.592,79.9,80.072,196767.7
2012-05-12,80.072,80.072,80.072,80.072,0.0
2012-05-13,80.072,80.323,79.937,80.191,17755.77
2012-05-14,80.189,80.377,79.393,79.633,203270.18
2012-05-15,79.634,80.152,79.385,79.854,232035.12
2012-05-16,79.852,80.17,79.317,79.805,245735.15
2012-05-17,79.805,80.001,78.358,78.564,239822.02
2012-05-18,78.563,78.569,77.54,77.741,246095.1
2012-05-19,77.741,77.741,77.741,77.741,0.0
2012-05-20,77.741,78.031,77.55,77.883,26005.92
2012-05-21,77.883,78.754,77.82,78.733,218374.58
2012-05-22,78.733,79.173,78.11,78.155,240153.91
2012-05-23,78.155,78.252,76.863,77.281,265317.71
2012-05-24,77.281,77.96,77.087,77.79,243401.96
2012-05-25,77.79,78.037,77.542,77.734,204379.31
2012-05-26,77.734,77.734,77.734,77.734,0.0
2012-05-27,77.734,78.287,77.6,78.118,24352.9
2012-05-28,78.118,78.479,78.07,78.108,151665.53
2012-05-29,78.108,78.656,77.798,78.143,232641.86
2012-05-30,78.145,78.2,76.617,76.625,253397.29
2012-05-31,76.625,76.983,75.751,76.344,259811.28
2012-06-01,76.349,76.362,74.464,75.618,264330.47
2012-06-02,75.618,75.618,75.618,75.618,0.0
2012-06-03,75.618,75.876,75.272,75.272,25468.01
2012-06-04,75.273,76.399,75.233,76.396,208766.77
2012-06-05,76.396,77.012,75.947,76.958,246563.74
2012-06-06,76.955,78.79,76.764,78.578,274436.03
2012-06-07,78.578,79.711,78.347,78.988,253491.0
2012-06-08,78.985,78.997,77.691,78.761,254948.7
2012-06-09,78.761,78.761,78.761,78.761,0.0
2012-06-10,78.761,79.693,78.761,79.428,32421.06
2012-06-11,79.428,79.604,78.08,78.32,240605.5
2012-06-12,78.318,79.401,78.116,79.095,263355.77
2012-06-13,79.1,79.559,78.83,78.975,235894.52
2012-06-14,78.976,79.659,78.71,79.494,234705.97
2012-06-15,79.494,79.627,78.834,79.279,213684.2
2012-06-16,79.279,79.279,79.279,79.279,0.0
2012-06-17,79.279,80.099,79.279,79.963,32986.36
2012-06-18,79.961,80.267,79.333,79.897,220720.52
2012-06-19,79.897,80.636,79.768,80.454,213313.36
2012-06-20,80.453,81.431,80.182,80.976,236343.19
2012-06-21,80.974,81.57,80.342,80.391,257469.49
2012-06-22,80.392,81.075,80.358,80.907,219135.27
2012-06-23,80.907,80.907,80.907,80.907,0.0
2012-06-24,80.907,80.963,80.658,80.877,20512.31
2012-06-25,80.876,80.885,79.308,79.745,197943.37
2012-06-26,79.746,80.17,79.457,79.833,214354.07
2012-06-27,79.833,80.471,79.693,80.256,183090.08
2012-06-28,80.256,80.559,79.367,79.552,214517.49
2012-06-29,79.553,81.919,79.423,81.745,241143.56
2012-06-30,81.745,81.745,81.745,81.745,0.0
2012-07-01,81.683,82.018,81.564,81.729,21541.67
2012-07-02,81.729,81.957,81.142,81.318,198733.29
2012-07-03,81.318,82.186,81.261,82.112,172312.53
2012-07-04,82.113,82.21,81.845,82.057,126480.3
2012-07-05,82.056,82.355,81.615,82.107,195736.46
2012-07-06,82.107,82.194,81.036,81.32,178711.84
2012-07-07,81.32,81.32,81.32,81.32,0.0
2012-07-08,81.32,81.36,80.947,81.047,23403.72
2012-07-09,81.047,81.339,80.847,81.191,159091.76
2012-07-10,81.19,81.384,80.656,80.831,176306.22
2012-07-11,80.831,81.79,80.689,81.566,191541.78
2012-07-12,81.565,81.637,80.044,80.344,198176.7
2012-07-13,80.343,81.083,80.259,80.941,147638.81
2012-07-14,80.941,80.941,80.941,80.941,0.0
2012-07-15,80.941,81.306,80.941,81.031,19380.85
2012-07-16,81.032,81.034,80.46,80.725,138076.46
2012-07-17,80.728,81.633,80.704,81.576,177580.12
2012-07-18,81.576,81.707,81.244,81.632,176310.01
2012-07-19,81.631,82.11,81.504,82.066,185378.47
2012-07-20,82.066,82.073,81.329,81.42,163596.65
2012-07-21,81.42,81.42,81.42,81.42,0.0
2012-07-22,81.42,81.42,81.073,81.113,19977.4
2012-07-23,81.113,81.129,80.14,80.398,197155.09
2012-07-24,80.397,80.715,79.767,79.782,197677.3
2012-07-25,79.782,80.753,79.495,80.451,196499.87
2012-07-26,80.451,81.514,80.381,81.39,198379.0
2012-07-27,81.389,82.369,81.239,82.203,205714.98
2012-07-28,82.203,82.203,82.203,82.203,0.0
2012-07-29,82.203,82.314,82.041,82.13,11166.36
2012-07-30,82.126,82.212,81.724,82.004,175498.58
2012-07-31,82.005,82.464,81.837,81.883,184361.31
2012-08-01,81.883,82.416,81.563,82.046,182191.24
2012-08-02,82.046,82.744,81.646,81.79,190980.17
2012-08-03,81.786,83.093,81.572,82.88,173633.37
2012-08-04,82.88,82.88,82.88,82.88,0.0
2012-08-05,82.88,83.147,82.733,83.004,16990.19
2012-08-06,83.003,83.007,82.538,82.595,138778.49
2012-08-07,82.591,83.222,82.508,82.801,150031.99
2012-08-08,82.8,82.996,82.508,82.758,160913.55
2012-08-09,82.755,83.361,82.735,83.078,167905.35
2012-08-10,83.078,83.11,82.245,82.746,142765.83
2012-08-11,82.746,82.746,82.746,82.746,0.0
2012-08-12,82.746,82.786,82.47,82.57,14701.42
2012-08-13,82.57,82.803,82.222,82.346,125300.27
2012-08-14,82.346,83.08,82.322,82.659,148880.51
2012-08-15,82.657,82.982,82.478,82.906,137035.32
2012-08-16,82.907,83.5,82.899,83.412,149054.74
2012-08-17,83.412,83.451,82.738,82.87,125585.49
2012-08-18,82.87,82.87,82.87,82.87,0.0
2012-08-19,82.87,83.01,82.746,82.984,12303.0
2012-08-20,82.982,83.263,82.837,82.903,120912.76
2012-08-21,82.9,83.569,82.891,82.957,138886.55
2012-08-22,82.955,83.022,82.192,82.528,160066.6
2012-08-23,82.528,82.832,81.868,81.986,172284.41
2012-08-24,81.984,82.123,81.491,81.811,133771.41
2012-08-25,81.811,81.811,81.811,81.811,0.0
2012-08-26,81.811,82.047,81.748,81.911,12793.35
2012-08-27,81.911,82.079,81.564,81.603,85137.51
2012-08-28,81.605,81.687,81.227,81.503,122452.1
2012-08-29,81.503,81.781,81.278,81.392,107848.85
2012-08-30,81.389,81.422,80.72,80.722,109322.19
2012-08-31,80.725,81.299,80.647,80.877,133398.81
2012-09-01,80.877,80.877,80.877,80.877,0.0
2012-09-02,80.877,80.877,80.416,80.419,12115.27
2012-09-03,80.419,80.474,80.068,80.21,91533.35
2012-09-04,80.212,80.63,80.058,80.094,127926.07
2012-09-05,80.091,80.17,79.675,79.904,131862.52
2012-09-06,79.905,81.298,79.739,81.108,148675.96
2012-09-07,81.107,81.77,81.0,81.19,145135.95
2012-09-08,81.19,81.19,81.19,81.19,0.0
2012-09-09,81.19,81.264,81.036,81.054,7670.89
2012-09-10,81.057,81.233,80.822,80.828,101093.98
2012-09-11,80.827,81.285,80.74,81.084,127808.62
2012-09-12,81.083,81.825,81.081,81.403,146789.77
2012-09-13,81.403,81.886,80.673,81.809,154816.92
2012-09-14,81.807,83.075,81.73,82.685,163118.71
2012-09-15,82.685,82.685,82.685,82.685,0.0
2012-09-16,82.685,82.782,82.512,82.528,11408.38
2012-09-17,82.53,82.995,82.24,82.408,126875.34
2012-09-18,82.408,82.436,81.788,82.321,144271.85
2012-09-19,82.323,82.927,81.876,82.074,173502.66
2012-09-20,82.078,82.093,80.956,81.594,154730.61
2012-09-21,81.593,82.3,81.571,81.703,127082.01
2012-09-22,81.703,81.703,81.703,81.703,0.0
2012-09-23,81.703,81.754,81.5,81.512,11305.57
2012-09-24,81.517,81.532,80.955,81.145,103556.79
2012-09-25,81.145,81.502,80.537,80.551,121762.66
2012-09-26,80.553,80.732,80.232,80.57,124202.02
2012-09-27,80.57,81.199,80.473,81.001,120434.51
2012-09-28,81.004,81.259,80.718,80.869,149090.45
2012-09-29,80.869,80.869,80.869,80.869,0.0
2012-09-30,80.869,80.975,80.588,80.698,15010.65
2012-10-01,80.698,81.234,80.453,80.854,121697.6
2012-10-02,80.853,81.059,80.052,80.198,132383.82
2012-10-03,80.199,80.331,79.732,80.247,130032.79
2012-10-04,80.245,80.486,79.899,80.387,133962.0
2012-10-05,80.381,80.929,79.884,80.11,125602.76
2012-10-06,80.11,80.11,80.11,80.11,0.0
2012-10-07,80.11,80.11,79.784,80.048,15142.23
2012-10-08,80.051,80.081,79.404,79.961,95874.37
2012-10-09,79.961,80.298,79.584,79.707,122837.04
2012-10-10,79.704,80.401,79.649,79.799,128289.77
2012-10-11,79.803,80.788,79.755,80.417,131782.55
2012-10-12,80.419,80.745,79.993,80.262,118898.25
2012-10-13,80.262,80.262,80.262,80.262,0.0
2012-10-14,80.262,80.461,80.161,80.211,12347.83
2012-10-15,80.211,80.904,79.957,80.872,129076.38
2012-10-16,80.869,81.364,80.663,81.269,130585.33
2012-10-17,81.266,82.099,81.018,82.042,130711.57
2012-10-18,82.045,82.516,81.918,82.275,136102.51
2012-10-19,82.276,82.374,81.781,81.932,100599.23
2012-10-20,81.932,81.932,81.932,81.932,0.0
2012-10-21,81.932,81.932,81.627,81.671,12882.38
2012-10-22,81.672,82.694,81.63,82.664,116443.57
2012-10-23,82.661,82.661,81.652,81.952,130035.48
2012-10-24,81.95,82.659,81.946,82.591,128675.17
2012-10-25,82.594,83.477,82.591,83.038,133018.46
2012-10-26,83.04,83.095,82.275,82.588,127963.23
2012-10-27,82.588,82.588,82.588,82.588,0.0
2012-10-28,82.588,82.588,82.383,82.439,11354.7
2012-10-29,82.438,82.674,82.28,82.47,75054.52
2012-10-30,82.47,82.905,81.979,82.569,96853.52
2012-10-31,82.562,83.004,82.502,82.828,112020.17
2012-11-01,82.831,83.542,82.748,83.525,115139.3
2012-11-02,83.526,83.828,83.05,83.162,99486.13
2012-11-03,83.162,83.162,83.162,83.162,0.0
2012-11-04,83.162,83.3,82.917,83.251,18784.02
2012-11-05,83.248,83.476,82.944,83.205,81491.19
2012-11-06,83.206,84.028,83.137,83.721,92982.78
2012-11-07,83.724,84.149,82.998,83.211,147564.65
2012-11-08,83.209,83.439,82.545,82.655,118173.64
2012-11-09,82.655,82.988,81.964,82.532,134174.74
2012-11-10,82.532,82.532,82.532,82.532,0.0
2012-11-11,82.532,82.706,82.469,82.592,16910.34
2012-11-12,82.588,83.013,82.522,82.981,68604.99
2012-11-13,82.983,83.033,82.366,82.982,99734.26
2012-11-14,82.982,83.662,82.852,83.119,112761.94
2012-11-15,83.116,84.028,82.967,83.86,134795.66
2012-11-16,83.86,84.157,83.45,84.05,117373.84
2012-11-17,84.05,84.05,84.05,84.05,0.0
2012-11-18,84.05,84.484,83.908,84.481,17568.0
2012-11-19,84.488,84.784,84.153,84.596,93349.1
2012-11-20,84.596,84.916,84.34,84.877,112490.88
2012-11-21,84.876,85.733,84.53,85.716,114856.82
2012-11-22,85.715,85.953,85.435,85.479,92235.65
2012-11-23,85.475,86.239,85.328,86.15,85016.36
2012-11-24,86.15,86.15,86.15,86.15,0.0
2012-11-25,86.15,86.345,86.002,86.331,14971.74
2012-11-26,86.332,86.433,85.588,85.727,90822.08
2012-11-27,85.73,86.258,85.711,85.721,101002.11
2012-11-28,85.722,86.096,85.232,86.038,114575.34
2012-11-29,86.037,86.117,85.46,85.655,103544.76
2012-11-30,85.652,86.246,85.549,85.97,106170.09
2012-12-01,85.97,85.97,85.97,85.97,0.0
2012-12-02,85.868,86.006,85.773,85.978,16977.11
2012-12-03,85.978,85.979,85.383,85.695,98289.07
2012-12-04,85.691,85.921,85.422,85.712,96177.84
2012-12-05,85.712,86.26,85.669,86.108,116724.18
2012-12-06,86.11,86.571,85.987,86.342,116360.93
2012-12-07,86.341,86.712,86.089,86.463,97299.06
2012-12-08,86.463,86.463,86.463,86.463,0.0
2012-12-09,86.463,86.644,86.325,86.536,22238.25
2012-12-10,86.542,86.596,86.044,86.358,78192.18
2012-12-11,86.359,87.003,86.163,86.947,83482.51
2012-12-12,86.951,88.052,86.899,87.754,113904.43
2012-12-13,87.755,88.294,87.744,88.109,108500.53
2012-12-14,88.109,88.528,87.8,88.218,112882.32
2012-12-15,88.218,88.218,88.218,88.218,0.0
2012-12-16,88.218,89.059,88.185,88.802,19597.7
2012-12-17,88.802,88.808,88.076,88.487,99898.88
2012-12-18,88.484,88.759,88.225,88.719,105842.79
2012-12-19,88.719,88.874,87.884,88.216,120901.35
2012-12-20,88.214,88.525,87.843,88.47,125472.51
2012-12-21,88.473,88.486,87.531,87.57,141777.18
2012-12-22,87.57,87.57,87.57,87.57,0.0
2012-12-23,87.57,87.867,87.528,87.748,16677.65
2012-12-24,87.748,88.007,87.657,87.929,78904.12
2012-12-25,87.929,88.225,87.688,88.186,42076.59
2012-12-26,88.182,88.849,88.138,88.777,100056.78
2012-12-27,88.779,89.816,88.71,89.641,138569.27
2012-12-28,89.64,89.777,88.996,89.084,115738.0
2012-12-29,89.084,89.084,89.084,89.084,0.0
2012-12-30,89.084,89.311,88.748,89.296,14512.66
2012-12-31,89.296,90.191,89.232,90.175,97877.74
2013-01-01,90.175,90.247,89.811,89.969,7660.39
2013-01-02,89.969,91.746,89.899,91.56,158296.17
2013-01-03,91.56,91.736,91.114,91.65,139211.93
2013-01-04,91.648,92.473,91.449,92.335,167350.86
2013-01-05,92.335,92.335,92.335,92.335,0.0
2013-01-06,92.335,92.824,92.318,92.58,11035.12
2013-01-07,92.575,92.591,91.689,91.72,150589.21
2013-01-08,91.721,92.125,91.189,91.365,148680.9
2013-01-09,91.366,92.607,91.34,92.555,146616.66
2013-01-10,92.553,94.523,92.338,94.459,165661.61
2013-01-11,94.457,94.457,93.78,93.938,161290.91
2013-01-12,93.938,93.938,93.938,93.938,0.0
2013-01-13,93.938,94.464,93.938,94.295,10978.31
2013-01-14,94.292,94.643,94.059,94.494,140946.19
2013-01-15,94.491,94.64,93.096,93.809,202332.17
2013-01-16,93.81,93.86,92.467,93.578,204980.28
2013-01-17,93.58,95.015,92.543,94.704,223275.91
2013-01-18,94.701,94.919,94.165,94.661,187435.75
2013-01-19,94.661,94.661,94.661,94.661,0.0
2013-01-20,94.661,94.819,94.594,94.712,8665.72
2013-01-21,94.712,94.713,93.937,94.236,143047.48
2013-01-22,94.234,94.929,93.296,93.471,219472.58
2013-01-23,93.471,93.736,92.802,93.313,191312.55
2013-01-24,93.313,94.719,93.021,94.558,223787.08
2013-01-25,94.558,95.087,94.344,94.704,192439.88
2013-01-26,94.704,94.704,94.704,94.704,0.0
2013-01-27,94.704,95.015,94.704,94.92,8378.04
2013-01-28,94.92,95.008,94.09,94.247,152668.03
2013-01-29,94.25,95.056,94.242,94.976,180147.29
2013-01-30,94.978,95.458,94.713,94.787,180597.72
2013-01-31,94.787,95.774,94.262,95.66,187044.16
2013-02-01,95.66,96.722,95.408,96.582,166448.41
2013-02-02,96.582,96.582,96.582,96.582,0.0
2013-02-03,96.582,96.776,96.582,96.685,7492.71
2013-02-04,96.683,97.072,95.966,96.218,153154.15
2013-02-05,96.216,97.43,95.951,97.227,218721.75
2013-02-06,97.224,97.362,96.102,96.387,212927.33
2013-02-07,96.385,97.031,95.82,96.199,205735.12
2013-02-08,96.199,96.333,95.131,95.623,200570.63
2013-02-09,95.623,95.623,95.623,95.623,0.0
2013-02-10,95.623,95.623,95.25,95.497,7601.62
2013-02-11,95.496,96.876,95.173,96.626,159288.97
2013-02-12,96.626,96.875,95.784,96.458,208614.43
2013-02-13,96.456,96.855,96.06,96.548,185345.43
2013-02-14,96.548,96.97,95.984,96.186,198731.36
2013-02-15,96.186,96.681,95.527,96.315,224554.13
2013-02-16,96.315,96.315,96.315,96.315,0.0
2013-02-17,96.315,96.665,96.315,96.544,8646.3
2013-02-18,96.544,96.912,96.478,96.563,148316.06
2013-02-19,96.561,97.072,96.468,96.953,169569.2
2013-02-20,96.953,96.994,95.844,95.979,195300.68
2013-02-21,95.979,96.201,95.056,95.873,215143.09
2013-02-22,95.872,96.558,95.626,96.383,178658.95
2013-02-23,96.383,96.383,96.383,96.383,0.0
2013-02-24,96.383,97.429,96.383,97.027,16853.0
2013-02-25,97.027,97.044,93.563,94.838,255991.88
2013-02-26,94.841,95.304,93.048,94.259,304621.92
2013-02-27,94.257,94.571,92.962,94.429,240026.13
2013-02-28,94.428,95.11,94.078,94.582,213325.33
2013-03-01,94.581,95.608,94.422,95.454,198119.56
2013-03-02,95.454,95.454,95.454,95.454,0.0
2013-03-03,95.454,95.524,95.162,95.376,8975.86
2013-03-04,95.373,95.471,94.438,95.298,166939.52
2013-03-05,95.298,95.858,95.018,95.751,178000.64
2013-03-06,95.751,96.384,95.614,96.114,173642.15
2013-03-07,96.116,97.587,96.072,97.466,196379.43
2013-03-08,97.465,98.995,97.356,98.198,203870.49
2013-03-09,98.198,98.198,98.198,98.198,0.0
2013-03-10,98.198,98.324,97.935,98.237,12874.73
2013-03-11,98.236,99.38,98.05,99.301,153692.37
2013-03-12,99.299,99.568,98.468,98.97,206534.22
2013-03-13,98.97,99.21,98.543,98.888,196272.34
2013-03-14,98.889,99.973,98.872,99.587,194892.2
2013-03-15,99.585,99.839,98.944,99.16,176546.97
2013-03-16,99.16,99.16,99.16,99.16,0.0
2013-03-17,99.16,99.16,97.334,98.226,31399.03
2013-03-18,98.226,99.343,97.72,99.09,191789.33
2013-03-19,99.091,99.451,98.168,98.491,192975.75
2013-03-20,98.489,99.775,98.284,99.549,181557.56
2013-03-21,99.551,99.664,98.71,99.069,225939.12
2013-03-22,99.068,99.14,98.346,98.601,184509.02
2013-03-23,98.601,98.601,98.601,98.601,0.0
2013-03-24,98.601,99.244,98.532,99.092,15960.34
2013-03-25,99.092,99.392,97.724,98.27,206000.39
2013-03-26,98.27,99.191,98.244,99.107,189816.19
2013-03-27,99.108,99.283,97.986,98.543,175020.97
2013-03-28,98.543,98.664,97.809,98.084,169477.79
2013-03-29,98.084,98.189,97.826,98.109,93080.75
2013-03-30,98.109,98.109,98.109,98.109,0.0
2013-03-31,98.109,98.246,98.064,98.149,7237.23
2013-04-01,98.148,98.246,97.047,97.246,118809.27
2013-04-02,97.246,97.855,96.905,97.6,166058.05
2013-04-03,97.602,98.101,96.989,97.066,167265.19
2013-04-04,97.066,100.575,96.972,100.506,251074.23
2013-04-05,100.506,101.73,99.761,101.246,252770.79
2013-04-06,101.246,101.246,101.246,101.246,0.0
2013-04-07,101.246,102.353,101.246,102.258,26374.96
2013-04-08,102.265,103.793,101.95,103.491,220682.34
2013-04-09,103.493,104.345,102.833,103.791,214685.36
2013-04-10,103.791,105.268,103.701,105.029,200095.15
2013-04-11,105.028,105.423,104.391,105.06,211346.59
2013-04-12,105.061,105.154,103.058,103.319,204813.54
2013-04-13,103.319,103.319,103.319,103.319,0.0
2013-04-14,103.319,103.627,103.103,103.45,17572.53
2013-04-15,103.45,103.831,98.733,100.056,310103.52
2013-04-16,100.054,101.869,99.586,101.342,274705.09
2013-04-17,101.344,102.067,99.909,101.001,269230.94
2013-04-18,101.0,101.798,100.269,101.104,250691.71
2013-04-19,101.104,102.873,100.885,102.212,223229.26
2013-04-20,102.212,102.212,102.212,102.212,0.0
2013-04-21,102.212,102.683,102.212,102.536,12631.99
2013-04-22,102.535,102.931,101.336,101.803,207364.38
2013-04-23,101.804,102.279,100.758,102.215,232425.53
2013-04-24,102.215,102.517,101.53,102.16,194589.71
2013-04-25,102.16,102.654,102.02,102.228,194104.04
2013-04-26,102.228,102.451,100.304,100.703,223512.95
2013-04-27,100.703,100.703,100.703,100.703,0.0
2013-04-28,100.703,100.789,100.487,100.63,10717.6
2013-04-29,100.63,101.609,100.311,101.221,163908.31
2013-04-30,101.219,101.541,100.506,100.841,186463.63
2013-05-01,100.84,101.117,99.757,99.863,167318.18
2013-05-02,99.863,100.904,99.283,100.408,190287.93
2013-05-03,100.408,102.323,100.397,102.091,149308.5
2013-05-04,102.091,102.091,102.091,102.091,0.0
2013-05-05,102.091,102.24,102.047,102.058,7768.42
2013-05-06,102.059,102.112,101.423,101.788,119150.82
2013-05-07,101.787,101.8,100.399,100.512,186404.98
2013-05-08,100.51,101.013,100.44,100.753,170303.17
2013-05-09,100.754,102.135,100.464,101.585,214332.95
2013-05-10,101.584,102.062,101.317,101.817,239363.96
2013-05-11,101.817,101.817,101.817,101.817,0.0
2013-05-12,101.817,102.031,101.75,101.773,16394.4
2013-05-13,101.773,101.859,101.18,101.364,185549.24
2013-05-14,101.363,101.447,100.675,101.224,213425.79
2013-05-15,101.223,101.581,100.89,101.186,214892.9
2013-05-16,101.186,101.317,100.242,100.337,222955.49
2013-05-17,100.344,100.554,99.586,100.397,185975.18
2013-05-18,100.397,100.397,100.397,100.397,0.0
2013-05-19,100.397,100.397,99.425,100.304,16081.31
2013-05-20,100.304,100.559,100.049,100.246,182081.57
2013-05-21,100.248,100.936,100.133,100.563,198033.95
2013-05-22,100.563,100.96,99.499,99.71,249133.45
2013-05-23,99.711,99.992,97.293,99.169,318424.04
2013-05-24,99.17,99.356,97.117,97.696,254966.5
2013-05-25,97.696,97.696,97.696,97.696,0.0
2013-05-26,97.696,97.735,97.238,97.397,16501.9
2013-05-27,97.398,97.592,96.959,97.352,129152.48
2013-05-28,97.352,99.052,97.34,98.126,232403.02
2013-05-29,98.123,98.16,97.041,97.235,251007.69
2013-05-30,97.235,97.954,96.954,97.746,268771.96
2013-05-31,97.746,97.912,96.059,96.122,238571.04
2013-06-01,96.122,96.122,96.122,96.122,0.0
2013-06-02,96.122,96.781,96.122,96.661,14816.22
2013-06-03,96.664,97.361,96.252,97.233,232992.88
2013-06-04,97.233,97.358,96.148,96.647,230132.98
2013-06-05,96.645,96.744,94.037,94.141,255066.09
2013-06-06,94.141,94.376,92.553,93.035,274997.6
2013-06-07,93.035,93.051,90.539,92.617,318237.58
2013-06-08,92.617,92.617,92.617,92.617,0.0
2013-06-09,92.617,92.783,91.9,92.661,20628.07
2013-06-10,92.66,93.793,92.212,93.216,229182.29
2013-06-11,93.217,93.223,90.006,91.002,315340.62
2013-06-12,91.006,92.5,90.413,90.415,264019.55
2013-06-13,90.415,92.529,88.937,91.861,302835.3
2013-06-14,91.861,91.877,89.991,90.01,253743.55
2013-06-15,90.01,90.01,90.01,90.01,0.0
2013-06-16,90.01,90.386,89.965,90.223,12311.73
2013-06-17,90.219,91.552,90.06,90.361,199729.27
2013-06-18,90.363,90.726,89.828,90.458,199464.56
2013-06-19,90.46,91.168,89.243,89.614,225886.78
2013-06-20,89.614,90.437,89.095,89.2,299394.74
2013-06-21,89.2,90.533,89.147,90.22,239956.14
2013-06-22,90.22,90.22,90.22,90.22,0.0
2013-06-23,90.22,91.056,90.123,90.932,19596.06
2013-06-24,90.932,91.001,89.593,90.544,279401.32
2013-06-25,90.545,90.97,89.567,90.758,246870.4
2013-06-26,90.757,91.138,90.215,90.687,226858.96
2013-06-27,90.681,91.66,90.606,91.226,207241.28
2013-06-28,91.226,91.686,90.459,90.553,212489.7
2013-06-29,90.553,90.553,90.553,90.553,0.0
2013-06-30,90.553,90.991,90.423,90.91,14227.72
2013-07-01,90.902,92.232,90.728,92.068,176238.25
2013-07-02,92.069,92.181,91.3,92.084,204644.95
2013-07-03,92.084,92.412,90.15,90.987,240761.14
2013-07-04,90.989,91.837,90.524,91.725,181456.76
2013-07-05,91.726,92.192,91.237,91.665,180710.66
2013-07-06,91.665,91.665,91.665,91.665,0.0
2013-07-07,91.665,91.923,91.619,91.767,13446.18
2013-07-08,91.769,92.344,91.381,92.055,163274.85
2013-07-09,92.055,93.071,91.771,92.624,187824.35
2013-07-10,92.624,92.914,91.062,91.44,263785.45
2013-07-11,91.44,92.015,90.096,90.569,292239.54
2013-07-12,90.569,91.023,89.689,89.726,200291.03
2013-07-13,89.726,89.726,89.726,89.726,0.0
2013-07-14,89.726,90.246,89.726,90.132,10240.22
2013-07-15,90.132,91.001,89.909,90.857,182079.89
2013-07-16,90.856,91.89,90.845,91.642,203855.26
2013-07-17,91.642,92.182,91.444,91.959,206386.72
2013-07-18,91.959,92.401,91.589,92.308,201224.5
2013-07-19,92.308,92.555,91.598,92.228,190043.94
2013-07-20,92.228,92.228,92.228,92.228,0.0
2013-07-21,92.228,92.563,91.93,92.549,12232.68
2013-07-22,92.549,92.549,91.864,91.936,177712.87
2013-07-23,91.936,92.571,91.799,92.41,191979.83
2013-07-24,92.407,92.732,91.632,91.688,220576.86
2013-07-25,91.688,91.926,91.339,91.671,215008.99
2013-07-26,91.671,91.921,90.567,90.963,195451.36
2013-07-27,90.963,90.963,90.963,90.963,0.0
2013-07-28,90.963,91.06,90.601,90.65,12555.37
2013-07-29,90.65,90.953,89.819,90.197,188023.15
2013-07-30,90.198,90.298,88.683,88.905,194963.25
2013-07-31,88.905,88.911,87.223,87.588,210988.14
2013-08-01,87.59,89.011,87.483,88.865,188295.48
2013-08-02,88.864,89.089,87.904,88.044,188047.48
2013-08-03,88.044,88.044,88.044,88.044,0.0
2013-08-04,88.044,88.276,88.041,88.085,8717.47
2013-08-05,88.085,88.122,87.471,87.556,162469.17
2013-08-06,87.556,88.57,87.286,87.466,191119.7
2013-08-07,87.463,87.531,86.404,86.956,200343.19
2013-08-08,86.955,88.158,86.86,88.12,213638.91
2013-08-09,88.12,88.766,87.784,88.432,159820.62
2013-08-10,88.432,88.432,88.432,88.432,0.0
2013-08-11,88.432,88.612,88.123,88.142,8146.21
2013-08-12,88.142,89.029,88.064,88.561,159147.56
2013-08-13,88.559,89.643,88.509,89.272,181905.6
2013-08-14,89.274,89.811,89.078,89.419,167759.08
2013-08-15,89.419,90.071,88.62,88.65,214313.47
2013-08-16,88.65,89.889,88.634,89.537,163773.28
2013-08-17,89.537,89.537,89.537,89.537,0.0
2013-08-18,89.537,89.965,89.537,89.825,10205.09
2013-08-19,89.824,90.126,88.835,88.96,207531.01
2013-08-20,88.958,89.218,87.591,88.146,187841.66
2013-08-21,88.144,88.463,87.537,87.699,196322.12
2013-08-22,87.697,89.26,87.402,89.138,186534.89
2013-08-23,89.139,89.408,88.89,89.055,158720.89
2013-08-24,89.055,89.055,89.055,89.055,0.0
2013-08-25,89.055,89.251,88.928,89.113,7270.19
2013-08-26,89.116,89.265,88.488,88.547,127034.34
2013-08-27,88.545,88.559,86.537,86.646,183744.06
2013-08-28,86.647,87.514,86.464,87.434,188786.62
2013-08-29,87.433,88.002,87.369,87.741,161710.82
2013-08-30,87.743,87.935,87.233,87.334,150429.03
2013-08-31,87.334,87.334,87.334,87.334,0.0
2013-09-01,87.334,88.025,87.334,87.923,8650.16
2013-09-02,87.923,89.714,87.897,89.588,149188.41
2013-09-03,89.584,90.501,89.122,90.124,176108.43
2013-09-04,90.124,91.561,89.982,91.436,162485.53
2013-09-05,91.437,91.574,91.05,91.3,165423.13
2013-09-06,91.301,91.461,90.641,90.968,144808.01
2013-09-07,90.968,90.968,90.968,90.968,0.0
2013-09-08,90.968,92.065,90.968,91.91,12587.04
2013-09-09,91.91,92.092,91.318,92.037,138654.57
2013-09-10,92.036,93.565,91.984,93.264,161109.81
2013-09-11,93.264,93.556,92.933,93.129,163572.18
2013-09-12,93.129,93.257,91.723,92.233,175789.0
2013-09-13,92.233,92.482,91.686,91.824,133223.75
2013-09-14,91.824,91.824,91.824,91.824,0.0
2013-09-15,91.824,92.777,91.824,92.305,17391.35
2013-09-16,92.3,92.812,92.17,92.345,149934.71
2013-09-17,92.344,92.968,92.115,92.727,128356.33
2013-09-18,92.727,93.371,92.42,93.211,168152.88
2013-09-19,93.211,94.443,93.053,93.864,182219.21
2013-09-20,93.863,94.098,93.257,93.257,139300.45
2013-09-21,93.257,93.257,93.257,93.257,0.0
2013-09-22,93.257,93.383,92.909,93.334,7889.04
2013-09-23,93.328,93.574,93.0,93.003,118562.61
2013-09-24,93.003,93.384,92.239,92.624,134786.86
2013-09-25,92.624,92.733,91.915,92.145,135270.32
2013-09-26,92.149,93.012,92.044,92.556,158564.02
2013-09-27,92.558,92.768,91.378,91.471,129926.71
2013-09-28,91.471,91.471,91.471,91.471,0.0
2013-09-29,91.471,91.471,90.844,90.942,13810.46
2013-09-30,90.942,91.893,90.737,91.709,167604.57
2013-10-01,91.709,92.392,91.37,91.995,198185.49
2013-10-02,91.991,92.197,90.797,91.358,167660.36
2013-10-03,91.358,91.878,90.929,91.419,177477.88
2013-10-04,91.419,92.021,91.406,91.949,139462.18
2013-10-05,91.949,91.949,91.949,91.949,0.0
2013-10-06,91.949,91.949,91.665,91.836,7693.97
2013-10-07,91.834,91.884,90.99,91.2,129187.92
2013-10-08,91.2,92.2,91.088,91.589,169521.9
2013-10-09,91.588,92.194,91.467,92.127,150101.35
2013-10-10,92.125,93.019,91.791,92.872,166091.39
2013-10-11,92.872,93.437,92.804,93.263,125835.68
2013-10-12,93.263,93.263,93.263,93.263,0.0
2013-10-13,93.263,93.263,92.505,92.875,13756.5
2013-10-14,92.875,93.854,92.725,93.821,93862.32
2013-10-15,93.818,94.102,93.253,94.03,147786.56
2013-10-16,94.028,94.472,93.474,94.424,149487.92
2013-10-17,94.426,94.478,93.775,94.248,159580.51
2013-10-18,94.247,94.66,94.147,94.548,115976.47
2013-10-19,94.548,94.548,94.548,94.548,0.0
2013-10-20,94.548,94.697,94.465,94.627,8107.43
2013-10-21,94.627,94.961,94.472,94.773,103307.54
2013-10-22,94.776,95.679,94.687,95.206,122538.03
2013-10-23,95.204,95.663,93.427,93.936,160607.06
2013-10-24,93.936,94.354,93.176,93.661,141980.4
2013-10-25,93.659,93.664,92.997,93.297,126279.21
2013-10-26,93.297,93.297,93.297,93.297,0.0
2013-10-27,93.297,93.686,93.297,93.668,7104.8
2013-10-28,93.668,93.975,93.09,93.164,111226.85
2013-10-29,93.164,93.262,92.664,93.071,145675.46
2013-10-30,93.069,93.511,92.846,93.203,145299.33
2013-10-31,93.203,93.607,92.821,93.039,153740.24
2013-11-01,93.037,93.372,92.73,93.071,135489.32
2013-11-02,93.071,93.071,93.071,93.071,0.0
2013-11-03,93.071,93.467,93.071,93.453,6081.86
2013-11-04,93.451,93.858,93.419,93.811,98582.9
2013-11-05,93.81,93.858,92.979,93.528,134682.65
2013-11-06,93.529,94.16,93.39,93.974,115954.59
2013-11-07,93.975,94.085,92.338,92.811,185352.07
2013-11-08,92.815,93.109,92.579,92.926,150583.84
2013-11-09,92.926,92.926,92.926,92.926,0.0
2013-11-10,92.926,93.136,92.907,92.954,7414.0
2013-11-11,92.956,93.002,92.729,92.845,109891.95
2013-11-12,92.845,93.074,92.372,92.614,198560.45
2013-11-13,92.614,93.013,92.309,92.915,149953.25
2013-11-14,92.915,93.333,92.743,93.273,178617.11
2013-11-15,93.272,94.002,93.231,93.816,132638.76
2013-11-16,93.816,93.816,93.816,93.816,0.0
2013-11-17,93.816,94.046,93.816,94.015,5805.47
2013-11-18,94.015,94.195,93.471,93.545,150461.11
2013-11-19,93.543,94.601,93.317,94.566,166730.97
2013-11-20,94.566,94.599,93.09,93.523,172973.75
2013-11-21,93.522,93.756,92.923,93.472,196491.16
2013-11-22,93.47,93.547,92.535,92.82,154099.16
2013-11-23,92.82,92.82,92.82,92.82,0.0
2013-11-24,92.82,92.959,92.806,92.806,7704.08
2013-11-25,92.804,93.337,92.769,93.227,160670.39
2013-11-26,93.227,93.421,92.247,92.332,145988.7
2013-11-27,92.332,92.98,92.271,92.827,151547.12
2013-11-28,92.825,93.502,92.74,92.873,114573.61
2013-11-29,92.873,93.574,92.744,93.241,145867.72
2013-11-30,93.241,93.241,93.241,93.241,0.0
2013-12-01,93.241,93.574,93.241,93.475,7027.72
2013-12-02,93.475,94.02,93.363,93.818,167841.03
2013-12-03,93.821,93.969,93.126,93.431,181887.25
2013-12-04,93.433,93.688,91.78,92.464,198026.05
2013-12-05,92.464,92.619,91.912,92.219,157353.87
2013-12-06,92.217,93.696,92.097,93.617,135420.82
2013-12-07,93.617,93.617,93.617,93.617,0.0
2013-12-08,93.617,94.152,93.617,93.888,8894.02
2013-12-09,93.888,94.116,93.502,93.848,125199.59
2013-12-10,93.847,94.223,93.665,94.01,138747.32
2013-12-11,94.01,94.135,92.569,92.745,128061.71
2013-12-12,92.75,93.272,91.787,92.418,159356.68
2013-12-13,92.415,92.943,92.067,92.486,134445.12
2013-12-14,92.486,92.486,92.486,92.486,0.0
2013-12-15,92.486,92.541,92.276,92.427,4846.67
2013-12-16,92.427,92.428,91.816,92.118,112681.94
2013-12-17,92.115,92.295,91.221,91.544,118410.77
2013-12-18,91.544,92.517,91.077,92.154,151419.16
2013-12-19,92.154,92.433,91.698,92.393,126081.82
2013-12-20,92.396,93.011,92.325,92.789,108424.9
2013-12-21,92.789,92.789,92.789,92.789,0.0
2013-12-22,92.789,92.855,92.763,92.806,2728.92
2013-12-23,92.81,93.094,92.793,93.036,69245.4
2013-12-24,93.034,93.147,92.797,93.03,59364.94
2013-12-25,93.03,93.265,92.974,93.151,10962.23
2013-12-26,93.151,93.417,92.964,93.177,52573.41
2013-12-27,93.178,93.544,93.04,93.192,82195.24
2013-12-28,93.192,93.192,93.192,93.192,0.0
2013-12-29,93.192,93.287,93.121,93.199,5061.95
2013-12-30,93.194,93.764,93.076,93.585,89499.86
2013-12-31,93.58,94.064,93.487,93.802,61115.16
2014-01-01,93.802,93.802,93.482,93.66,3546.8
2014-01-02,93.66,93.966,93.153,93.366,118408.47
2014-01-03,93.366,94.037,92.895,93.754,133345.31
2014-01-04,93.754,93.754,93.754,93.754,0.0
2014-01-05,93.754,94.059,93.754,94.049,4305.4
2014-01-06,94.049,94.069,93.196,93.457,129447.99
2014-01-07,93.457,93.539,92.991,93.374,128894.29
2014-01-08,93.374,93.822,93.16,93.184,136395.58
2014-01-09,93.185,93.427,92.933,93.25,116478.16
2014-01-10,93.248,93.714,93.035,93.664,120852.24
2014-01-11,93.664,93.664,93.664,93.664,0.0
2014-01-12,93.664,93.714,93.492,93.655,6251.28
2014-01-13,93.658,93.854,93.181,93.292,150472.93
2014-01-14,93.288,93.553,92.972,93.355,147636.52
2014-01-15,93.354,93.419,92.729,93.13,123406.67
2014-01-16,93.127,93.164,91.623,91.982,134757.91
2014-01-17,91.98,92.106,91.404,91.546,100157.18
2014-01-18,91.546,91.546,91.546,91.546,0.0
2014-01-19,91.546,91.585,91.403,91.455,4812.12
2014-01-20,91.456,91.908,91.05,91.778,91021.65
2014-01-21,91.774,92.433,91.543,91.733,120024.36
2014-01-22,91.735,92.693,91.67,92.547,133278.39
2014-01-23,92.547,92.614,90.23,90.542,199055.25
2014-01-24,90.541,90.861,88.534,88.749,196134.63
2014-01-25,88.749,88.749,88.749,88.749,0.0
2014-01-26,88.749,88.906,88.44,88.768,12881.16
2014-01-27,88.768,90.076,88.605,89.639,204521.48
2014-01-28,89.636,91.009,89.542,90.698,177724.51
2014-01-29,90.696,91.112,89.025,89.46,216574.46
2014-01-30,89.456,90.491,88.968,90.355,183015.38
2014-01-31,90.361,90.727,88.86,89.265,178312.77
2014-02-01,89.265,89.265,89.265,89.265,0.0
2014-02-02,89.265,89.566,89.265,89.501,8472.0
2014-02-03,89.501,89.839,88.241,88.513,188410.44
2014-02-04,88.511,90.896,88.254,90.621,187955.06
2014-02-05,90.621,90.67,89.828,90.573,173608.55
2014-02-06,90.574,91.647,90.558,91.285,148282.41
2014-02-07,91.289,91.859,90.906,91.63,144158.89
2014-02-08,91.63,91.63,91.63,91.63,0.0
2014-02-09,91.63,91.866,91.63,91.675,5688.81
2014-02-10,91.675,91.783,90.927,91.362,106753.53
2014-02-11,91.359,92.893,91.359,92.465,133923.64
2014-02-12,92.464,92.97,92.295,92.449,111522.93
2014-02-13,92.451,92.529,91.118,91.77,132696.63
2014-02-14,91.771,92.296,91.328,91.965,135883.2
2014-02-15,91.965,91.965,91.965,91.965,0.0
2014-02-16,91.965,92.169,91.956,91.969,7511.15
2014-02-17,91.967,92.322,91.681,92.252,110039.15
2014-02-18,92.251,92.973,92.035,92.254,166696.79
2014-02-19,92.256,92.462,91.851,92.009,146781.63
2014-02-20,92.012,92.334,91.066,92.183,153416.74
2014-02-21,92.183,92.405,91.828,91.979,105000.83
2014-02-22,91.979,91.979,91.979,91.979,0.0
2014-02-23,91.979,92.106,91.878,92.049,5257.36
2014-02-24,92.049,92.744,91.578,92.618,113056.64
2014-02-25,92.618,92.781,91.982,92.047,117181.65
2014-02-26,92.045,92.37,91.587,91.692,125557.58
2014-02-27,91.692,91.768,90.702,91.489,142390.25
2014-02-28,91.488,91.601,90.687,90.825,139613.06
2014-03-01,90.825,90.825,90.825,90.825,0.0
2014-03-02,90.825,90.825,90.139,90.215,11151.39
2014-03-03,90.214,90.757,90.053,90.502,127858.12
2014-03-04,90.503,91.609,90.487,91.551,139026.74
2014-03-05,91.55,92.08,91.272,91.882,135636.01
2014-03-06,91.882,93.893,91.882,93.822,149743.69
2014-03-07,93.822,94.48,93.447,93.586,121667.95
2014-03-08,93.586,93.586,93.586,93.586,0.0
2014-03-09,93.586,93.586,93.081,93.428,10355.41
2014-03-10,93.428,93.609,92.892,93.146,119275.31
2014-03-11,93.146,93.45,92.077,92.19,123341.03
2014-03-12,92.191,92.524,91.655,92.502,122503.96
2014-03-13,92.502,93.41,91.542,91.882,160207.88
2014-03-14,91.884,92.05,91.298,91.49,131889.17
2014-03-15,91.49,91.49,91.49,91.49,0.0
2014-03-16,91.49,91.581,91.154,91.515,7868.44
2014-03-17,91.515,92.576,91.343,92.557,113600.91
2014-03-18,92.556,92.81,91.928,92.63,120470.69
2014-03-19,92.63,92.842,92.266,92.482,125963.46
2014-03-20,92.482,92.711,92.127,92.542,120246.37
2014-03-21,92.54,93.082,92.466,92.839,92787.15
2014-03-22,92.839,92.839,92.839,92.839,0.0
2014-03-23,92.839,93.074,92.839,92.989,7970.58
2014-03-24,92.989,93.554,92.593,93.31,117085.65
2014-03-25,93.309,93.827,93.234,93.725,107705.01
2014-03-26,93.718,94.693,93.645,93.979,114772.15
2014-03-27,93.979,94.7,93.786,94.691,122285.48
2014-03-28,94.691,95.235,94.567,95.066,100469.92
2014-03-29,95.066,95.066,95.066,95.066,0.0
2014-03-30,95.066,95.276,95.066,95.264,6911.34
2014-03-31,95.264,95.754,94.788,95.658,101955.3
2014-04-01,95.659,96.042,95.396,95.735,94885.62
2014-04-02,95.735,96.107,95.637,96.042,88465.42
2014-04-03,96.042,96.131,95.66,95.921,93122.0
2014-04-04,95.922,96.51,95.799,95.914,92031.67
2014-04-05,95.914,95.914,95.914,95.914,0.0
2014-04-06,95.914,96.052,95.846,95.97,5040.0
2014-04-07,95.97,96.043,95.335,95.5,95663.08
2014-04-08,95.5,95.891,95.026,95.31,144371.97
2014-04-09,95.308,95.785,95.194,95.757,117964.54
2014-04-10,95.757,96.227,95.249,95.275,145337.48
2014-04-11,95.273,95.702,95.055,95.446,134749.29
2014-04-12,95.446,95.446,95.446,95.446,0.0
2014-04-13,95.446,95.48,95.114,95.196,7221.08
2014-04-14,95.193,96.011,95.193,95.915,106436.29
2014-04-15,95.917,95.971,94.834,95.177,127026.2
2014-04-16,95.177,96.02,95.162,95.797,120197.0
2014-04-17,95.797,95.913,95.341,95.589,94990.19
2014-04-18,95.589,95.658,95.485,95.485,30858.29
2014-04-19,95.485,95.485,95.485,95.485,0.0
2014-04-20,95.485,95.761,95.485,95.71,5218.58
2014-04-21,95.71,95.879,95.621,95.866,59137.12
2014-04-22,95.865,96.186,95.772,96.16,92553.75
2014-04-23,96.159,96.244,94.809,95.189,104492.64
2014-04-24,95.19,95.317,94.556,94.809,102982.48
2014-04-25,94.809,94.987,94.521,94.702,117419.98
2014-04-26,94.702,94.702,94.702,94.702,0.0
2014-04-27,94.702,94.781,94.665,94.666,3570.01
2014-04-28,94.665,95.233,94.583,94.859,105589.29
2014-04-29,94.858,95.275,94.582,95.108,117312.58
2014-04-30,95.109,95.269,94.624,94.873,120787.43
2014-05-01,94.875,95.148,94.684,94.846,80515.87
2014-05-02,94.844,95.043,94.585,94.754,102767.49
2014-05-03,94.754,94.754,94.754,94.754,0.0
2014-05-04,94.754,94.92,94.754,94.782,3795.81
2014-05-05,94.778,94.913,94.265,94.816,78705.26
2014-05-06,94.816,95.172,94.591,95.103,108779.6
2014-05-07,95.104,95.141,94.733,94.963,115122.15
2014-05-08,94.962,95.655,94.955,95.176,119346.16
2014-05-09,95.175,95.392,95.024,95.326,88640.93
2014-05-11,95.335,95.415,95.23,95.334,4022.79
2014-05-12,95.332,95.719,95.315,95.642,81945.7
2014-05-13,95.64,95.901,95.473,95.726,94712.85
2014-05-14,95.725,96.102,95.347,95.352,95628.46
2014-05-15,95.351,95.795,94.722,94.942,115041.58
2014-05-16,94.941,95.171,94.808,94.977,87196.47
2014-05-18,95.179,95.18,95.038,95.087,4446.85
2014-05-19,95.089,95.14,94.509,94.693,99313.82
2014-05-20,94.693,94.729,93.482,93.496,107861.32
2014-05-21,93.496,93.845,93.04,93.663,114835.9
2014-05-22,93.666,94.359,93.475,93.896,105914.19
2014-05-23,93.897,94.245,93.835,94.044,90360.37
2014-05-25,94.095,94.259,94.094,94.208,3660.74
2014-05-26,94.208,94.346,94.084,94.337,54706.29
2014-05-27,94.338,94.546,94.208,94.481,101208.78
2014-05-28,94.481,94.499,93.73,93.816,98397.71
2014-05-29,93.816,94.801,93.692,94.697,117995.04
2014-05-30,94.697,94.785,94.44,94.71,98032.31
2014-06-01,94.816,94.844,94.658,94.721,4979.49
2014-06-02,94.719,94.874,94.281,94.603,109630.79
2014-06-03,94.603,95.067,94.503,94.946,112181.26
2014-06-04,94.946,95.41,94.918,95.203,118258.88
2014-06-05,95.203,95.695,94.943,95.521,135240.91
2014-06-06,95.522,95.801,95.383,95.622,109128.08
2014-06-08,95.709,95.844,95.686,95.807,5059.61
2014-06-09,95.807,95.946,95.738,95.75,87234.56
2014-06-10,95.749,95.95,95.682,95.858,112738.67
2014-06-11,95.858,96.123,95.637,95.68,112213.01
2014-06-12,95.68,96.101,95.397,95.832,117310.71
2014-06-13,95.832,96.147,95.618,95.903,102321.63
2014-06-15,95.89,95.941,95.746,95.751,5155.91
2014-06-16,95.751,95.834,95.484,95.681,94712.04
2014-06-17,95.684,95.746,95.194,95.394,98035.39
2014-06-18,95.396,95.926,95.312,95.791,105630.02
2014-06-19,95.794,95.97,95.738,95.78,107349.36
2014-06-20,95.78,95.926,95.75,95.779,65332.74
2014-06-22,95.703,95.862,95.676,95.8,4622.14
2014-06-23,95.8,96.325,95.792,95.985,83868.1
2014-06-24,95.985,96.099,95.381,95.433,76483.41
2014-06-25,95.433,95.835,95.308,95.747,90572.59
2014-06-26,95.747,95.818,95.402,95.6,91860.48
2014-06-27,95.6,95.775,95.389,95.549,91416.61
2014-06-29,95.516,95.611,95.474,95.488,4385.97
2014-06-30,95.488,95.619,95.167,95.52,94957.48
2014-07-01,95.52,96.497,95.427,96.379,108500.66
2014-07-02,96.375,96.439,95.866,96.062,99823.01
2014-07-03,96.059,96.12,95.326,95.525,110334.64
2014-07-04,95.524,95.623,95.384,95.533,71822.17
2014-07-06,95.55,95.612,95.515,95.571,5799.36
2014-07-07,95.569,95.605,95.333,95.409,83278.05
2014-07-08,95.409,95.701,95.334,95.468,96798.56
2014-07-09,95.467,95.718,95.42,95.66,96311.61
2014-07-10,95.657,95.977,94.716,95.056,112468.6
2014-07-11,95.056,95.326,94.973,95.129,83750.56
2014-07-13,95.073,95.179,95.051,95.101,3707.61
2014-07-14,95.099,95.439,95.089,95.352,72908.62
2014-07-15,95.352,95.501,95.068,95.174,99843.39
2014-07-16,95.173,95.312,94.915,95.178,71129.28
2014-07-17,95.176,95.278,94.384,94.598,106246.71
2014-07-18,94.597,95.305,94.506,95.113,94433.52
2014-07-20,95.158,95.274,95.158,95.216,4036.33
2014-07-21,95.216,95.231,94.938,94.976,79137.32
2014-07-22,94.976,95.56,94.973,95.279,100761.49
2014-07-23,95.279,96.032,95.221,95.838,92209.54
2014-07-24,95.84,96.178,95.686,95.832,94916.53
2014-07-25,95.831,95.932,95.604,95.655,83429.25
2014-07-27,95.627,95.686,95.62,95.641,5337.93
2014-07-28,95.642,95.868,95.53,95.809,85105.6
2014-07-29,95.809,95.897,95.692,95.782,101008.03
2014-07-30,95.782,96.117,95.708,95.892,118756.01
2014-07-31,95.891,95.905,95.486,95.585,114476.0
2014-08-01,95.587,95.797,95.293,95.503,121421.4
2014-08-03,95.466,95.535,95.415,95.499,4118.08
2014-08-04,95.497,95.76,95.48,95.683,68886.22
2014-08-05,95.682,95.825,95.293,95.425,86842.78
2014-08-06,95.425,95.569,95.128,95.452,91401.54
2014-08-07,95.45,95.554,94.567,94.6,114442.39
2014-08-08,94.6,94.714,93.923,94.601,116916.78
2014-08-10,94.764,94.806,94.677,94.774,6408.81
2014-08-11,94.773,94.865,94.533,94.67,79203.41
2014-08-12,94.67,94.847,94.596,94.79,92224.8
2014-08-13,94.79,95.403,94.75,95.299,95821.57
2014-08-14,95.296,95.507,95.254,95.476,88529.39
2014-08-15,95.477,95.696,95.025,95.362,91174.93
2014-08-17,95.298,95.453,95.297,95.387,4556.65
2014-08-18,95.391,95.712,95.248,95.657,75544.35
2014-08-19,95.657,95.941,95.609,95.685,90516.59
2014-08-20,95.689,96.439,95.651,96.299,115945.73
2014-08-21,96.301,96.648,95.988,96.596,103070.24
2014-08-22,96.596,96.866,96.449,96.764,104984.54
2014-08-24,97.059,97.059,96.782,96.879,10833.46
2014-08-25,96.879,97.123,96.524,96.551,85990.5
2014-08-26,96.548,97.068,96.47,96.974,115000.9
2014-08-27,96.974,97.158,96.835,96.966,107080.64
2014-08-28,96.968,97.249,96.78,96.967,112135.03
2014-08-29,96.966,97.264,96.924,97.128,87879.25
2014-08-31,97.12,97.216,97.12,97.176,5831.79
2014-09-01,97.175,97.449,97.119,97.394,73380.65
2014-09-02,97.394,97.648,97.35,97.617,113087.35
2014-09-03,97.617,98.127,97.442,97.946,117659.27
2014-09-04,97.948,98.675,97.878,98.543,123474.85
2014-09-05,98.542,98.598,98.248,98.546,107070.2
2014-09-07,98.295,98.588,98.295,98.483,6607.82
2014-09-08,98.481,98.511,98.073,98.44,120656.67
2014-09-09,98.44,98.65,97.619,97.693,169346.32
2014-09-10,97.693,97.924,97.261,97.798,199247.45
2014-09-11,97.796,98.344,97.251,97.426,153844.43
2014-09-12,97.426,97.463,96.925,97.004,155484.53
2014-09-14,96.587,96.787,96.528,96.718,7886.18
2014-09-15,96.716,96.89,96.392,96.789,119162.66
2014-09-16,96.789,97.525,96.364,97.297,146984.94
2014-09-17,97.3,97.543,96.984,97.237,155609.92
2014-09-18,97.239,97.806,97.117,97.724,129144.05
2014-09-19,97.724,97.922,97.193,97.279,138807.11
2014-09-21,97.362,97.512,97.283,97.378,6701.35
2014-09-22,97.378,97.419,96.491,96.526,118589.06
2014-09-23,96.526,96.98,96.087,96.101,137947.7
2014-09-24,96.097,96.944,96.085,96.846,123976.99
2014-09-25,96.847,96.873,95.403,95.622,143521.25
2014-09-26,95.622,95.987,95.363,95.779,125482.97
2014-09-28,95.646,95.83,95.501,95.566,9885.97
2014-09-29,95.565,95.684,95.127,95.325,148954.12
2014-09-30,95.325,96.028,95.118,95.816,145323.61
2014-10-01,95.815,95.835,95.0,95.303,163773.35
2014-10-02,95.302,95.815,94.888,95.418,178285.21
2014-10-03,95.418,95.879,94.95,95.211,123422.2
2014-10-05,95.164,95.308,95.024,95.116,6183.01
2014-10-06,95.116,95.558,95.069,95.482,121714.2
2014-10-07,95.482,95.582,95.096,95.194,164213.82
2014-10-08,95.194,95.692,94.71,95.577,173144.17
2014-10-09,95.576,95.833,94.437,94.495,225049.41
2014-10-10,94.495,94.635,93.44,93.495,157744.95
2014-10-12,93.481,93.55,92.866,93.142,16476.2
2014-10-13,93.142,94.309,92.878,93.716,158108.68
2014-10-14,93.716,94.51,92.947,93.46,169147.12
2014-10-15,93.459,94.009,92.186,93.2,238572.74
2014-10-16,93.2,93.408,91.761,93.347,239536.52
2014-10-17,93.347,93.731,92.747,93.444,145911.36
2014-10-19,93.894,93.965,93.732,93.817,11347.22
2014-10-20,93.815,94.215,93.592,93.822,126003.72
2014-10-21,93.819,94.193,93.548,93.827,151863.32
2014-10-22,93.827,94.568,93.553,93.931,131500.21
2014-10-23,93.93,94.936,93.797,94.687,139895.69
2014-10-24,94.689,95.284,94.122,95.034,115906.53
2014-10-26,95.35,95.377,95.173,95.247,5687.25
2014-10-27,95.249,95.312,94.738,94.959,104254.07
2014-10-28,94.959,95.837,94.921,95.796,107540.3
2014-10-29,95.796,96.278,95.378,95.427,124559.04
2014-10-30,95.428,96.677,95.416,96.417,136148.43
2014-10-31,96.417,98.869,96.347,98.75,170140.56
2014-11-02,98.64,98.951,98.637,98.748,8841.84
2014-11-03,98.748,99.396,98.135,98.809,148263.53
2014-11-04,98.809,99.385,98.305,99.277,165619.84
2014-11-05,99.277,99.713,98.206,98.358,184365.24
2014-11-06,98.358,98.862,98.057,98.616,199957.21
2014-11-07,98.616,99.233,98.484,98.909,184066.15
2014-11-09,98.988,99.091,98.879,98.987,7206.1
2014-11-10,98.985,99.151,98.779,99.005,137414.22
2014-11-11,99.005,100.84,98.981,100.743,185744.04
2014-11-12,100.742,100.843,100.059,100.673,181289.15
2014-11-13,100.674,101.204,100.266,100.809,156592.35
2014-11-14,100.809,101.915,100.78,101.676,159110.13
2014-11-16,102.234,102.399,102.019,102.281,12390.14
2014-11-17,102.28,102.281,101.243,101.559,184466.55
2014-11-18,101.559,102.232,101.324,101.79,152564.67
2014-11-19,101.79,101.944,101.331,101.629,171904.74
2014-11-20,101.63,102.019,101.444,101.932,169219.16
2014-11-21,101.932,102.841,101.48,102.056,166327.56
2014-11-23,102.28,102.348,102.146,102.232,7593.23
2014-11-24,102.232,102.465,101.818,101.882,125119.64
2014-11-25,101.884,101.944,100.403,100.815,167327.19
2014-11-26,100.816,100.816,99.921,100.34,136287.61
2014-11-27,100.342,101.055,100.337,100.502,109448.22
2014-11-28,100.502,101.341,100.367,100.783,115622.07
2014-11-30,100.54,100.825,100.137,100.313,12375.55
2014-12-01,100.313,100.799,100.092,100.319,177670.91
2014-12-02,100.321,101.158,100.307,100.809,154217.3
2014-12-03,100.809,100.898,99.983,100.647,153971.54
2014-12-04,100.647,100.942,100.222,100.468,168529.37
2014-12-05,100.465,101.36,100.374,100.988,138160.37
2014-12-07,100.975,101.19,100.951,101.023,9585.34
2014-12-08,101.023,101.131,99.86,100.124,151220.7
2014-12-09,100.124,100.159,98.553,99.031,224223.81
2014-12-10,99.029,99.469,97.769,97.977,217062.32
2014-12-11,97.982,98.776,97.437,98.12,222673.77
2014-12-12,98.12,98.4,97.694,97.872,180455.63
2014-12-14,97.842,97.857,96.832,97.006,17661.63
2014-12-15,97.006,98.022,96.61,96.721,203607.35
2014-12-16,96.721,96.944,95.29,95.899,246727.19
2014-12-17,95.896,96.694,95.219,96.501,210749.9
2014-12-18,96.501,97.613,96.251,97.154,185180.59
2014-12-19,97.154,97.788,97.013,97.191,127848.68
2014-12-21,97.297,97.388,97.159,97.348,6490.8
2014-12-22,97.348,97.683,97.105,97.554,86300.32
2014-12-23,97.557,97.964,97.177,97.854,88202.51
2014-12-24,97.855,97.901,97.488,97.59,68155.16
2014-12-25,97.59,97.717,97.382,97.605,13674.3
2014-12-26,97.604,97.881,97.558,97.665,48597.62
2014-12-28,97.666,97.763,97.611,97.666,6836.88
2014-12-29,97.664,98.301,97.649,98.112,65442.14
2014-12-30,98.113,98.212,97.297,97.75,92031.26
2014-12-31,97.748,98.248,97.559,97.694,70245.56
2015-01-01,97.94,98.107,97.795,98.056,4618.07
2015-01-02,98.057,98.097,97.344,97.43,110407.53
2015-01-04,97.243,97.532,96.971,97.126,9437.32
2015-01-05,97.126,97.443,96.381,96.694,155823.02
2015-01-06,96.694,97.22,95.632,95.848,204335.07
2015-01-07,95.849,96.459,95.676,96.302,180406.37
2015-01-08,96.304,97.258,96.304,97.178,136817.34
2015-01-09,97.179,97.649,96.829,97.151,152882.81
2015-01-11,97.137,97.359,97.077,97.214,8216.58
2015-01-12,97.214,97.601,96.376,96.456,171336.88
2015-01-13,96.459,96.985,95.811,96.257,204301.38
2015-01-14,96.255,96.342,94.25,95.592,255337.01
2015-01-15,95.592,96.946,94.949,95.482,288092.77
2015-01-16,95.485,96.906,95.374,96.692,185779.13
2015-01-18,96.549,96.748,96.524,96.721,5319.75
2015-01-19,96.724,96.859,95.926,96.446,126949.64
2015-01-20,96.446,97.389,96.351,96.874,185439.07
2015-01-21,96.862,97.037,95.221,95.467,214606.89
2015-01-22,95.467,95.849,94.831,95.164,216517.04
2015-01-23,95.164,95.344,93.049,93.127,199942.88
2015-01-25,92.612,92.867,92.167,92.482,13184.39
2015-01-26,92.482,94.008,92.477,93.881,171266.62
2015-01-27,93.882,94.087,93.184,93.287,202961.18
2015-01-28,93.286,94.617,92.574,92.785,220085.92
2015-01-29,92.786,93.292,91.38,92.038,216712.35
2015-01-30,92.038,92.1,90.86,91.226,183196.81
2015-02-01,90.676,91.184,90.676,91.173,13261.64
2015-02-02,91.173,92.033,91.145,91.693,195329.16
2015-02-03,91.695,92.037,89.368,91.329,252561.47
2015-02-04,91.326,92.365,90.716,90.994,221290.67
2015-02-05,90.994,91.929,90.743,91.662,181023.41
2015-02-06,91.662,93.101,91.578,92.815,196751.56
2015-02-08,92.369,92.548,92.295,92.324,13144.27
2015-02-09,92.325,92.977,92.11,92.437,194634.94
2015-02-10,92.437,92.966,92.241,92.898,210353.5
2015-02-11,92.898,93.097,92.463,92.81,209420.12
2015-02-12,92.808,92.862,91.269,92.214,276886.21
2015-02-13,92.214,92.382,91.847,92.314,189522.03
2015-02-15,92.079,92.212,92.031,92.106,9387.97
2015-02-16,92.106,92.407,91.754,91.906,105623.93
2015-02-17,91.906,93.366,91.572,93.107,134276.62
2015-02-18,93.105,93.302,92.625,92.687,145489.18
2015-02-19,92.687,92.98,92.172,92.756,143463.78
2015-02-20,92.756,93.449,92.422,93.267,156804.97
2015-02-22,93.421,93.452,93.306,93.405,7875.71
2015-02-23,93.405,93.426,92.621,92.733,127741.98
2015-02-24,92.734,93.218,92.424,93.085,156473.79
2015-02-25,93.085,93.959,93.057,93.662,151132.2
2015-02-26,93.662,93.918,92.962,93.155,156346.16
2015-02-27,93.156,93.645,92.73,93.329,139586.81
2015-03-01,93.449,93.477,93.227,93.285,8808.34
2015-03-02,93.285,93.542,92.991,93.225,127374.06
2015-03-03,93.225,93.851,92.978,93.529,149278.88
2015-03-04,93.531,93.952,93.278,93.585,130426.62
2015-03-05,93.584,93.894,93.18,93.453,130538.93
2015-03-06,93.453,94.196,93.06,93.177,140419.06
2015-03-08,93.081,93.245,93.049,93.219,10210.73
2015-03-09,93.218,93.593,92.928,93.313,132685.29
2015-03-10,93.313,93.389,92.172,92.486,204431.33
2015-03-11,92.485,92.72,91.798,92.305,193876.58
2015-03-12,92.306,93.583,92.12,93.499,211440.43
2015-03-13,93.499,93.543,92.3,92.671,157327.9
2015-03-15,92.463,92.664,92.369,92.375,16401.49
2015-03-16,92.376,93.036,92.375,92.752,130256.44
2015-03-17,92.76,92.997,92.257,92.428,136377.64
2015-03-18,92.428,93.82,92.059,93.387,171641.7
2015-03-19,93.389,93.53,92.003,92.482,209333.48
2015-03-20,92.482,93.65,92.378,93.284,153180.75
2015-03-22,93.263,93.558,93.263,93.401,16998.76
2015-03-23,93.401,94.583,93.207,94.282,190061.34
2015-03-24,94.282,94.664,93.84,94.175,202717.92
2015-03-25,94.175,94.393,93.522,93.573,155590.67
2015-03-26,93.573,93.602,92.783,93.347,188199.68
2015-03-27,93.347,93.349,92.278,92.319,159193.69
2015-03-29,92.197,92.366,92.106,92.224,12331.89
2015-03-30,92.224,92.259,91.635,91.901,152674.5
2015-03-31,91.898,92.064,91.109,91.362,156801.6
2015-04-01,91.356,91.658,90.868,90.927,170504.21
2015-04-02,90.929,91.031,90.195,90.723,157062.27
2015-04-03,90.723,91.61,90.603,90.747,80805.63
2015-04-05,90.804,90.838,90.634,90.797,9838.49
2015-04-06,90.796,91.203,90.624,90.675,96680.17
2015-04-07,90.676,92.179,90.533,91.883,164042.91
2015-04-08,91.883,92.596,91.81,92.271,161653.48
2015-04-09,92.264,92.863,92.163,92.861,151510.42
2015-04-10,92.861,93.053,91.93,92.27,132338.39
2015-04-12,92.27,92.356,92.116,92.118,8639.96
2015-04-13,92.117,92.2,90.879,91.053,146145.98
2015-04-14,91.057,91.378,90.467,90.951,155745.65
2015-04-15,90.947,91.547,90.477,91.441,162855.55
2015-04-16,91.441,93.016,91.416,92.696,174031.43
2015-04-17,92.693,93.038,92.319,92.532,155787.98
2015-04-19,93.114,93.155,92.666,92.748,11293.36
2015-04-20,92.75,93.001,91.946,92.03,134149.76
2015-04-21,92.03,92.659,91.747,92.286,143017.46
2015-04-22,92.286,93.203,92.231,92.903,157854.94
2015-04-23,92.9,93.177,92.546,92.962,182493.4
2015-04-24,92.962,93.271,92.837,93.036,160161.62
2015-04-26,92.956,93.176,92.935,93.107,7222.9
2015-04-27,93.107,93.771,92.868,93.699,150303.01
2015-04-28,93.698,95.416,93.601,95.019,151832.95
2015-04-29,95.019,95.947,94.85,95.107,211733.55
2015-04-30,95.105,95.399,93.992,94.337,182517.0
2015-05-01,94.337,94.658,93.82,94.257,114243.82
2015-05-03,94.146,94.281,94.012,94.02,11806.07
2015-05-04,94.02,94.308,93.731,94.145,95907.16
2015-05-05,94.146,95.398,93.573,95.097,179665.47
2015-05-06,95.097,95.935,94.951,94.957,186974.91
2015-05-07,94.956,95.64,94.507,94.567,188360.58
2015-05-08,94.566,95.313,94.322,94.986,172187.3
2015-05-10,94.86,95.001,94.729,94.934,15689.28
2015-05-11,94.938,95.021,94.458,94.857,156977.43
2015-05-12,94.857,95.926,94.738,95.754,181529.73
2015-05-13,95.754,96.855,95.435,96.664,189974.55
2015-05-14,96.668,97.292,96.13,96.364,190125.93
2015-05-15,96.364,96.438,95.767,95.878,162392.87
2015-05-17,95.855,96.092,95.847,95.995,9744.76
2015-05-18,95.995,96.058,95.636,95.853,158188.25
2015-05-19,95.852,96.058,95.383,95.575,187842.72
2015-05-20,95.575,95.887,95.262,95.482,182419.87
2015-05-21,95.482,95.762,95.329,95.605,143892.12
2015-05-22,95.607,95.766,94.945,95.151,124395.66
2015-05-24,94.989,95.166,94.913,94.96,7994.68
2015-05-25,94.96,95.292,94.949,95.157,86683.87
2015-05-26,95.157,95.766,95.089,95.252,146781.04
2015-05-27,95.251,95.736,95.137,95.707,151504.43
2015-05-28,95.707,96.002,94.577,94.792,165723.71
2015-05-29,94.792,95.138,94.624,94.853,139516.93
2015-05-31,94.74,94.97,94.727,94.939,8523.11
2015-06-01,94.942,95.176,94.606,95.075,154991.62
2015-06-02,95.07,96.583,95.049,96.263,191268.26
2015-06-03,96.263,96.987,96.263,96.592,164294.62
2015-06-04,96.592,96.718,95.419,95.614,176330.09
2015-06-05,95.615,96.352,95.572,95.738,136540.16
2015-06-07,95.694,95.812,95.665,95.672,8508.4
2015-06-08,95.671,95.962,95.429,95.77,149448.12
2015-06-09,95.77,96.097,95.17,95.583,166526.12
2015-06-10,95.587,95.74,94.39,94.958,202289.83
2015-06-11,94.958,95.819,94.762,95.76,174839.65
2015-06-12,95.761,95.792,94.996,95.343,135482.26
2015-06-14,95.481,95.564,95.274,95.289,9522.27
2015-06-15,95.289,95.987,95.137,95.742,136265.36
2015-06-16,95.742,96.002,95.404,95.616,125817.35
2015-06-17,95.614,95.78,95.041,95.403,164927.22
2015-06-18,95.403,96.311,94.948,95.821,169789.68
2015-06-19,95.819,95.912,95.087,95.288,123560.75
2015-06-21,95.475,95.511,95.301,95.339,9045.34
2015-06-22,95.339,95.833,95.255,95.385,115450.57
2015-06-23,95.386,95.953,95.187,95.913,118022.08
2015-06-24,95.914,96.184,95.358,95.447,121100.31
2015-06-25,95.449,95.807,95.42,95.558,109310.28
2015-06-26,95.561,95.581,94.556,94.82,99287.11
2015-06-28,93.556,93.637,92.668,93.393,19262.49
2015-06-29,93.392,94.72,93.293,94.105,146791.24
2015-06-30,94.1,94.458,93.616,94.163,152141.81
2015-07-01,94.166,94.986,94.055,94.189,135453.2
2015-07-02,94.187,94.433,93.649,93.972,127195.67
2015-07-03,93.972,94.01,92.084,92.205,103488.48
2015-07-05,91.16,91.851,90.954,91.636,13846.38
2015-07-06,91.635,92.416,91.219,91.692,133910.47
2015-07-07,91.69,92.021,90.433,91.343,151390.36
2015-07-08,91.341,91.366,89.448,89.708,179526.82
2015-07-09,89.704,91.02,89.162,90.786,165131.27
2015-07-10,90.785,91.784,90.636,91.281,133899.05
2015-07-12,90.567,91.278,90.567,90.897,9880.28
2015-07-13,90.897,91.876,90.833,91.361,161058.52
2015-07-14,91.361,91.997,91.324,91.833,138122.76
2015-07-15,91.832,92.426,91.105,91.329,166040.79
2015-07-16,91.331,92.212,91.019,92.048,145940.73
2015-07-17,92.05,92.098,91.37,91.4,106852.33
2015-07-19,91.48,91.573,91.417,91.464,5906.02
2015-07-20,91.464,91.813,90.997,91.656,131570.51
2015-07-21,91.655,92.26,91.345,91.952,163995.64
2015-07-22,91.95,92.004,91.197,91.476,155327.75
2015-07-23,91.476,91.811,91.034,91.139,135579.96
2015-07-24,91.142,91.196,89.931,90.102,124650.68
2015-07-26,89.939,90.176,89.896,90.024,6947.36
2015-07-27,90.024,90.216,89.531,89.687,152528.91
2015-07-28,89.687,90.828,89.341,90.804,154328.54
2015-07-29,90.801,90.821,90.288,90.432,141303.17
2015-07-30,90.434,90.895,90.308,90.517,141823.29
2015-07-31,90.517,91.019,89.929,90.416,139098.79
2015-08-02,90.664,90.664,90.492,90.492,9102.81
2015-08-03,90.498,90.643,89.964,90.165,121777.64
2015-08-04,90.165,92.033,90.046,91.659,165161.61
2015-08-05,91.664,91.906,91.254,91.7,159996.82
2015-08-06,91.7,92.232,91.343,91.615,144635.37
2015-08-07,91.615,92.212,91.559,92.137,137251.51
2015-08-09,92.018,92.186,91.961,91.972,5783.83
2015-08-10,91.974,92.441,91.741,92.38,121170.12
2015-08-11,92.38,92.692,90.958,91.491,162790.86
2015-08-12,91.491,91.786,90.352,91.746,173853.25
2015-08-13,91.746,92.057,91.148,91.732,160123.48
2015-08-14,91.733,91.914,91.552,91.652,123109.14
2015-08-16,91.663,91.752,91.579,91.626,6396.02
2015-08-17,91.627,91.868,91.476,91.733,111353.77
2015-08-18,91.731,91.895,91.087,91.29,119679.11
2015-08-19,91.293,91.483,90.742,91.141,140214.66
2015-08-20,91.139,91.31,90.245,90.534,136421.94
2015-08-21,90.534,90.598,89.19,89.199,161048.16
2015-08-23,88.907,89.168,87.884,88.292,18153.04
2015-08-24,88.292,88.536,82.08,85.298,238672.31
2015-08-25,85.3,87.16,84.139,84.185,228312.67
2015-08-26,84.185,85.789,84.185,85.475,235335.81
2015-08-27,85.476,86.953,85.05,86.836,210612.16
2015-08-28,86.836,87.318,86.044,87.28,167818.73
2015-08-30,86.978,87.085,86.492,86.584,14565.0
2015-08-31,86.584,86.792,85.791,86.1,147151.26
2015-09-01,86.1,86.458,83.635,83.922,210191.69
2015-09-02,83.922,85.144,83.736,84.974,187622.37
2015-09-03,84.973,85.033,83.83,84.322,160915.59
2015-09-04,84.322,84.326,82.115,82.183,168332.26
2015-09-06,82.358,82.686,82.208,82.632,12287.09
2015-09-07,82.632,83.08,82.255,82.961,169274.23
2015-09-08,82.964,84.52,82.517,84.497,179133.04
2015-09-09,84.496,85.486,83.685,83.69,189272.97
2015-09-10,83.689,85.904,83.334,85.344,219063.53
2015-09-11,85.342,85.601,84.785,85.471,129739.16
2015-09-13,85.335,85.778,85.291,85.746,10130.46
2015-09-14,85.745,86.259,84.933,86.192,154775.6
2015-09-15,86.192,86.322,84.947,85.8,155884.73
2015-09-16,85.799,86.847,85.692,86.773,145423.61
2015-09-17,86.773,87.507,85.844,86.31,178293.61
2015-09-18,86.312,86.862,85.79,86.219,184496.51
2015-09-20,86.253,86.364,86.181,86.274,9042.53
2015-09-21,86.271,86.377,85.712,85.877,134929.6
2015-09-22,85.877,86.115,84.633,84.953,138730.54
2015-09-23,84.952,85.202,84.001,84.124,148198.24
2015-09-24,84.127,84.541,82.991,84.296,185179.3
2015-09-25,84.297,85.002,83.933,84.63,154777.32
2015-09-27,84.695,84.701,84.454,84.492,9929.78
2015-09-28,84.492,84.729,83.514,83.518,149275.81
2015-09-29,83.516,84.299,82.823,83.984,184428.59
2015-09-30,83.99,84.665,83.803,84.016,162821.1
2015-10-01,84.013,85.051,83.909,84.335,161304.76
2015-10-02,84.335,84.675,83.269,84.435,157429.1
2015-10-04,84.644,84.714,84.505,84.574,10473.04
2015-10-05,84.574,85.519,84.511,85.352,137908.18
2015-10-06,85.35,86.253,85.114,86.076,141570.01
2015-10-07,86.074,86.887,85.94,86.282,177386.98
2015-10-08,86.281,87.193,85.801,87.146,154635.59
2015-10-09,87.142,88.33,87.04,88.203,153437.05
2015-10-11,87.92,88.067,87.876,87.888,13053.13
2015-10-12,87.888,88.61,87.764,88.144,101082.12
2015-10-13,88.144,88.195,86.191,86.467,147211.12
2015-10-14,86.465,87.089,86.087,87.011,166064.01
2015-10-15,87.012,87.505,86.288,87.227,176831.39
2015-10-16,87.227,87.24,86.339,86.811,123737.98
2015-10-18,86.612,86.77,86.545,86.598,8096.5
2015-10-19,86.6,87.2,86.272,86.736,117859.3
2015-10-20,86.736,87.352,86.595,87.051,116166.37
2015-10-21,87.053,87.297,86.361,86.447,130058.59
2015-10-22,86.451,87.269,85.998,87.173,150011.69
2015-10-23,87.173,88.098,87.111,87.598,143487.7
2015-10-25,87.614,87.701,87.5,87.605,12667.9
2015-10-26,87.605,87.994,87.498,87.676,117750.07
2015-10-27,87.674,87.69,86.475,86.668,122279.18
2015-10-28,86.668,86.7,85.611,85.757,139785.78
2015-10-29,85.758,85.986,85.513,85.798,144981.05
2015-10-30,85.8,86.282,85.427,86.055,169898.06
2015-11-01,85.626,86.001,85.626,85.953,9540.97
2015-11-02,85.955,86.527,85.851,86.443,120031.25
2015-11-03,86.456,87.182,85.934,87.039,120189.93
2015-11-04,87.039,87.581,86.609,86.707,141207.17
2015-11-05,86.711,87.308,86.65,86.959,137591.97
2015-11-06,86.958,87.375,86.506,86.682,151133.11
2015-11-08,86.615,86.732,86.608,86.693,8858.06
2015-11-09,86.691,87.269,86.624,86.755,155181.94
2015-11-10,86.755,87.09,86.464,86.691,139705.05
2015-11-11,86.689,86.989,86.613,86.761,122327.57
2015-11-12,86.764,87.949,86.737,87.447,154387.38
2015-11-13,87.446,87.679,87.182,87.378,126577.62
2015-11-15,87.024,87.233,86.818,86.923,11874.76
2015-11-16,86.92,87.614,86.878,87.422,143094.99
2015-11-17,87.421,88.018,87.245,87.787,141958.56
2015-11-18,87.787,88.007,87.379,87.897,129964.36
2015-11-19,87.897,88.516,87.858,88.365,156834.72
2015-11-20,88.366,89.012,88.286,88.844,132424.97
2015-11-22,88.8,88.888,88.795,88.81,8140.19
2015-11-23,88.81,88.849,88.23,88.347,124103.13
2015-11-24,88.347,89.111,88.031,88.863,130347.42
2015-11-25,88.862,89.092,88.797,88.981,131127.31
2015-11-26,88.983,89.083,88.375,88.512,117681.09
2015-11-27,88.512,88.727,88.109,88.306,109724.61
2015-11-29,88.333,88.351,88.151,88.233,8296.54
2015-11-30,88.236,89.416,88.043,89.092,132045.58
2015-12-01,89.092,90.104,89.043,90.0,157408.29
2015-12-02,90.0,90.483,89.806,89.981,152478.63
2015-12-03,89.983,90.579,89.697,89.887,196889.77
2015-12-04,89.888,90.725,89.604,90.277,173476.29
2015-12-06,90.411,90.461,90.3,90.399,9447.4
2015-12-07,90.399,90.476,89.452,89.452,131999.03
2015-12-08,89.452,89.647,88.263,88.784,156151.18
2015-12-09,88.784,88.989,87.298,88.005,186880.24
2015-12-10,88.017,89.128,87.946,88.487,154244.02
2015-12-11,88.488,88.623,86.793,86.901,157822.83
2015-12-13,87.262,87.289,86.521,86.598,12485.8
2015-12-14,86.595,87.851,86.51,87.847,182867.47
2015-12-15,87.85,88.127,87.14,87.594,171423.7
2015-12-16,87.594,88.593,87.442,88.211,174028.3
2015-12-17,88.212,88.294,87.112,87.285,165468.8
2015-12-18,87.282,87.995,86.212,86.889,170753.76
2015-12-20,86.922,87.099,86.808,86.942,11496.13
2015-12-21,86.943,87.243,86.639,87.206,132725.28
2015-12-22,87.206,87.721,87.126,87.503,141557.8
2015-12-23,87.502,87.658,87.145,87.458,90538.57
2015-12-24,87.459,87.672,87.19,87.3,80349.14
2015-12-25,87.301,87.612,87.207,87.504,12823.1
2015-12-27,87.488,87.571,87.409,87.551,7072.11
2015-12-28,87.554,87.608,87.212,87.302,93093.71
2015-12-29,87.306,87.916,87.262,87.84,105332.63
2015-12-30,87.841,87.975,87.604,87.717,97687.94
2015-12-31,87.716,88.204,87.432,87.604,82000.49
2016-01-03,87.552,87.831,87.541,87.64,9312.95
2016-01-04,87.64,87.716,85.335,85.818,156309.76
2016-01-05,85.817,86.345,84.886,85.278,167451.6
2016-01-06,85.278,85.402,83.548,83.963,192706.82
2016-01-07,83.963,84.122,81.991,82.416,225103.92
2016-01-08,82.416,83.883,81.466,81.476,197860.49
2016-01-10,81.694,81.698,80.88,81.21,13981.57
2016-01-11,81.21,83.02,81.168,82.211,205910.44
2016-01-12,82.21,82.774,81.38,82.289,213965.46
2016-01-13,82.289,83.394,81.373,81.429,200721.06
2016-01-14,81.431,82.796,81.164,82.704,223839.26
2016-01-15,82.704,82.714,79.562,80.217,228287.55
2016-01-17,79.772,80.287,79.723,80.228,10746.21
2016-01-18,80.23,81.272,80.13,80.684,169349.04
2016-01-19,80.685,82.157,80.191,81.243,210071.59
2016-01-20,81.243,81.342,79.21,81.342,269247.69
2016-01-21,81.337,82.735,80.086,82.726,288916.62
2016-01-22,82.727,83.52,82.128,83.178,201954.89
2016-01-24,83.101,83.25,82.98,82.98,6525.07
2016-01-25,82.978,83.49,81.996,82.03,187420.32
2016-01-26,82.029,83.263,81.476,82.918,191162.89
2016-01-27,82.913,84.216,82.699,83.051,225999.73
2016-01-28,83.046,84.805,83.003,84.226,208945.84
2016-01-29,84.226,86.363,84.033,85.792,230575.58
2016-01-31,85.918,85.918,85.722,85.771,9104.93
2016-02-01,85.769,86.22,85.284,85.89,187488.56
2016-02-02,85.892,86.145,84.069,84.198,211848.38
2016-02-03,84.198,84.769,83.194,84.563,270763.27
2016-02-04,84.563,85.051,83.906,84.115,256063.86
2016-02-05,84.115,84.305,82.507,82.507,211211.46
2016-02-07,82.571,82.98,82.558,82.847,15687.58
2016-02-08,82.848,83.48,81.598,81.822,237798.17
2016-02-09,81.821,81.821,80.003,81.347,313218.35
2016-02-10,81.347,81.935,80.352,80.42,358165.48
2016-02-11,80.419,80.87,77.584,80.127,338090.78
2016-02-12,80.126,80.645,79.29,80.418,267519.25
2016-02-14,80.548,80.901,80.469,80.869,10922.22
2016-02-15,80.871,81.981,80.611,81.712,194534.55
2016-02-16,81.714,82.426,80.462,81.224,226770.56
2016-02-17,81.223,82.077,80.348,81.971,232172.92
2016-02-18,81.971,82.018,80.835,80.963,206280.87
2016-02-19,80.965,81.006,79.823,80.454,195700.86
2016-02-21,80.531,80.588,80.257,80.376,9215.47
2016-02-22,80.378,82.02,80.343,81.677,184750.28
2016-02-23,81.676,81.784,80.454,80.505,209017.22
2016-02-24,80.506,80.818,79.605,80.591,220591.36
2016-02-25,80.592,81.885,80.194,81.864,223279.77
2016-02-26,81.861,82.014,81.009,81.226,182788.6
2016-02-28,81.113,81.214,80.877,81.039,13977.23
2016-02-29,81.039,81.12,80.094,80.254,213366.87
2016-03-01,80.254,81.969,79.804,81.801,207049.71
2016-03-02,81.8,82.913,81.544,82.678,207909.5
2016-03-03,82.677,83.795,82.614,83.632,203439.04
2016-03-04,83.632,84.933,83.244,84.581,207760.32
2016-03-06,84.321,84.518,84.295,84.3,11610.9
2016-03-07,84.302,85.014,83.899,84.624,171149.76
2016-03-08,84.623,84.663,83.594,83.764,199445.45
2016-03-09,83.764,85.225,83.345,84.546,201549.05
2016-03-10,84.55,85.617,83.705,84.153,254770.96
2016-03-11,84.155,86.205,84.069,86.063,194174.06
2016-03-13,85.95,86.04,85.779,86.022,15934.44
2016-03-14,86.022,86.406,85.224,85.572,165679.87
2016-03-15,85.571,85.664,83.9,84.39,200875.99
2016-03-16,84.39,85.406,84.262,85.07,193793.15
2016-03-17,85.07,85.867,84.294,85.142,233864.04
2016-03-18,85.143,85.36,84.669,84.75,165620.22
2016-03-20,84.68,84.748,84.586,84.618,12427.2
2016-03-21,84.618,85.082,84.216,84.883,158778.95
2016-03-22,84.881,85.651,84.123,85.516,166305.57
2016-03-23,85.517,85.859,84.517,84.682,175293.66
2016-03-24,84.682,85.01,84.325,84.903,147621.28
2016-03-25,84.908,85.222,84.754,84.855,51082.95
2016-03-27,84.988,85.177,84.863,85.113,9275.14
2016-03-28,85.113,85.693,85.01,85.623,100228.27
2016-03-29,85.623,86.154,85.283,86.028,173019.37
2016-03-30,86.028,86.668,85.62,86.056,179814.86
2016-03-31,86.056,86.701,85.765,86.275,170002.65
2016-04-01,86.275,86.473,85.253,85.701,165766.94
2016-04-03,85.594,85.789,85.556,85.625,7609.84
2016-04-04,85.624,85.646,84.474,84.486,148058.4
2016-04-05,84.486,84.636,82.804,83.265,187333.83
2016-04-06,83.266,83.666,83.035,83.502,163823.45
2016-04-07,83.499,83.73,80.68,81.499,197012.55
2016-04-08,81.5,82.467,81.472,81.573,159972.24
2016-04-10,81.489,82.004,81.435,81.909,11226.95
2016-04-11,81.909,82.448,81.077,81.957,170814.73
2016-04-12,81.961,83.528,81.862,83.528,170773.93
2016-04-13,83.528,84.008,83.229,83.804,160314.37
2016-04-14,83.804,84.477,83.414,84.073,157146.02
2016-04-15,84.073,84.769,83.615,83.943,136780.67
2016-04-17,82.742,83.178,82.473,82.601,16400.47
2016-04-18,82.599,84.838,82.462,84.746,174333.22
2016-04-19,84.746,85.46,84.63,85.155,164974.92
2016-04-20,85.155,85.818,84.605,85.693,176136.0
2016-04-21,85.692,85.918,84.635,84.768,182169.96
2016-04-22,84.768,86.38,84.666,86.147,193055.3
2016-04-24,86.059,86.22,85.9,85.924,10670.27
2016-04-25,85.924,85.952,85.495,85.721,174683.69
2016-04-26,85.722,86.301,85.239,86.13,180031.61
2016-04-27,86.131,86.297,84.222,84.783,205716.71
2016-04-28,84.781,84.875,82.093,82.495,224161.88
2016-04-29,82.494,82.52,80.815,80.83,196980.87
2016-05-01,80.659,81.195,80.638,81.034,14096.24
2016-05-02,81.031,81.628,80.803,81.522,158487.08
2016-05-03,81.522,81.949,79.534,79.956,196220.24
2016-05-04,79.953,80.461,79.488,79.818,174501.89
2016-05-05,79.819,80.438,79.792,80.264,135779.15
2016-05-06,80.266,80.292,78.178,78.892,162396.73
2016-05-08,78.739,79.242,78.738,79.153,8030.0
2016-05-09,79.151,79.522,78.845,79.266,151022.32
2016-05-10,79.267,80.648,79.119,80.488,153903.25
2016-05-11,80.488,80.63,79.701,79.731,152245.49
2016-05-12,79.728,80.377,79.452,79.814,156356.6
2016-05-13,79.813,79.845,78.893,78.909,170230.94
2016-05-15,78.719,79.044,78.635,79.029,8595.73
2016-05-16,79.028,79.556,78.982,79.485,117521.09
2016-05-17,79.488,80.558,79.296,79.768,145739.02
2016-05-18,79.767,80.038,79.309,79.563,163531.35
2016-05-19,79.563,79.704,79.021,79.478,169747.91
2016-05-20,79.478,79.952,79.438,79.528,118998.47
2016-05-22,79.477,79.682,79.472,79.48,6076.25
2016-05-23,79.482,79.747,78.773,78.94,139586.65
2016-05-24,78.938,79.254,78.308,79.192,146785.05
2016-05-25,79.192,79.505,78.998,79.142,143121.01
2016-05-26,79.142,79.503,78.451,79.257,132866.91
2016-05-27,79.259,79.493,78.893,79.177,122277.37
2016-05-29,79.243,79.593,79.211,79.513,11153.51
2016-05-30,79.514,79.904,79.245,79.738,91211.79
2016-05-31,79.737,80.689,79.723,80.048,150338.69
2016-06-01,80.049,80.789,79.02,79.342,169586.96
2016-06-02,79.341,79.444,78.32,78.701,158767.83
2016-06-03,78.699,79.003,78.102,78.445,164582.32
2016-06-05,78.507,78.556,78.127,78.325,11613.13
2016-06-06,78.328,79.349,78.034,79.219,157567.88
2016-06-07,79.216,80.307,79.016,79.862,141636.36
2016-06-08,79.864,80.274,79.371,79.969,150911.93
2016-06-09,79.975,80.14,78.98,79.394,148793.63
2016-06-10,79.392,79.562,78.552,78.862,134450.16
2016-06-12,78.765,78.827,78.371,78.495,12228.95
2016-06-13,78.495,78.871,78.087,78.329,157100.98
2016-06-14,78.329,78.562,77.507,77.989,159065.31
2016-06-15,77.991,78.74,77.745,78.503,155737.12
2016-06-16,78.504,78.65,75.588,77.436,197202.94
2016-06-17,77.44,77.534,76.8,76.946,148051.94
2016-06-19,77.823,77.874,77.391,77.707,15070.99
2016-06-20,77.707,78.155,77.328,77.41,152506.54
2016-06-21,77.411,78.563,77.31,78.018,155988.76
2016-06-22,78.018,78.978,77.773,78.599,150920.94
2016-06-23,78.599,81.576,77.681,79.169,209948.15
2016-06-24,79.166,80.142,72.476,76.314,252309.21
2016-06-26,75.229,76.154,75.229,75.9,17931.5
2016-06-27,75.898,76.137,74.522,74.884,212405.11
2016-06-28,74.88,76.03,74.709,76.013,167591.43
2016-06-29,76.015,76.818,75.439,76.75,160203.78
2016-06-30,76.75,77.042,75.556,76.761,185083.11
2016-07-01,76.761,76.955,76.419,76.79,139396.21
2016-07-03,76.389,76.667,76.389,76.476,7992.09
2016-07-04,76.477,77.402,76.44,77.156,110301.87
2016-07-05,77.154,77.176,75.196,75.281,157014.21
2016-07-06,75.281,76.275,74.545,75.992,187191.5
2016-07-07,75.993,76.223,75.183,75.498,160021.33
2016-07-08,75.496,76.128,75.045,76.042,140991.57
2016-07-10,76.092,76.252,76.027,76.099,8223.82
2016-07-11,76.096,77.598,75.935,77.249,162242.49
2016-07-12,77.25,80.346,77.213,79.607,192852.74
2016-07-13,79.607,79.998,78.851,79.007,191333.97
2016-07-14,79.007,80.991,78.963,80.03,202448.49
2016-07-15,80.028,81.504,79.134,79.45,197160.05
2016-07-17,79.973,80.518,79.901,79.985,16438.54
2016-07-18,79.988,80.778,79.757,80.44,138466.47
2016-07-19,80.441,80.45,79.339,79.664,168493.67
2016-07-20,79.664,80.224,79.265,80.01,301512.2
2016-07-21,80.011,80.454,79.047,79.391,606995.23
2016-07-22,79.391,79.521,78.906,79.245,446174.24
2016-07-24,79.15,79.536,79.062,79.423,27041.41
2016-07-25,79.428,79.715,78.88,78.921,416303.93
2016-07-26,78.919,78.942,78.16,78.783,535169.54
2016-07-27,78.786,79.572,78.579,78.873,623441.68
2016-07-28,78.873,79.149,77.628,78.728,458518.74
2016-07-29,78.724,79.496,77.495,77.518,562469.36
2016-07-31,77.613,77.901,77.431,77.642,32472.96
2016-08-01,77.643,78.185,76.992,77.005,473821.31
2016-08-02,77.007,77.47,76.499,76.793,520883.79
2016-08-03,76.792,77.081,76.507,76.902,434691.0
2016-08-04,76.899,77.353,76.844,77.312,376006.27
2016-08-05,77.31,77.672,77.167,77.496,339345.14
2016-08-07,77.652,77.833,77.491,77.673,21587.82
2016-08-08,77.672,78.673,77.552,78.347,282860.1
2016-08-09,78.349,78.444,78.014,78.095,266303.76
2016-08-10,78.095,78.512,77.848,77.991,329780.81
2016-08-11,77.991,78.624,77.862,78.317,255536.46
2016-08-12,78.317,78.547,77.332,77.451,273506.13
2016-08-14,77.407,77.633,77.407,77.511,13402.3
2016-08-15,77.511,77.805,77.375,77.724,244389.39
2016-08-16,77.724,77.724,77.03,77.077,323599.96
2016-08-17,77.077,77.565,76.294,76.536,325134.08
2016-08-18,76.536,77.273,76.325,76.877,339739.65
2016-08-19,76.879,76.965,76.065,76.381,275922.07
2016-08-21,76.602,76.674,76.46,76.485,33283.81
2016-08-22,76.483,76.773,76.344,76.499,374172.84
2016-08-23,76.499,76.653,76.282,76.342,371974.95
2016-08-24,76.343,76.622,76.103,76.51,332628.99
2016-08-25,76.512,76.72,76.418,76.663,291876.0
2016-08-26,76.66,77.195,76.553,76.973,357195.13
2016-08-28,77.122,77.174,76.845,76.847,22841.33
2016-08-29,76.845,77.4,76.693,77.137,337045.98
2016-08-30,77.137,77.462,77.081,77.4,328341.02
2016-08-31,77.399,77.801,77.355,77.672,342602.11
2016-09-01,77.672,78.197,77.484,77.956,374932.53
2016-09-02,77.954,78.774,77.866,78.637,383009.42
2016-09-04,78.759,78.84,78.602,78.618,19579.17
2016-09-05,78.616,78.894,78.279,78.572,289823.73
2016-09-06,78.576,79.128,77.814,78.043,405440.31
2016-09-07,78.046,78.126,77.583,78.087,469873.85
2016-09-08,78.089,78.599,77.914,78.259,400975.26
2016-09-09,78.259,78.303,77.394,77.394,346432.07
2016-09-11,77.311,77.407,77.057,77.282,30847.25
2016-09-12,77.282,77.451,76.416,76.967,398430.84
2016-09-13,76.969,77.078,76.113,76.528,435293.48
2016-09-14,76.53,77.421,76.389,76.718,418602.12
2016-09-15,76.72,76.893,75.968,76.614,391727.04
2016-09-16,76.617,76.834,76.313,76.562,283853.58
2016-09-18,76.366,76.876,76.366,76.749,26344.7
2016-09-19,76.749,77.028,76.674,76.815,237278.99
2016-09-20,76.812,76.995,76.664,76.745,263994.76
2016-09-21,76.745,77.529,76.174,76.624,519702.19
2016-09-22,76.624,77.289,76.449,77.09,323793.19
2016-09-23,77.09,77.338,76.809,76.945,336148.84
2016-09-25,76.857,76.98,76.789,76.836,17633.22
2016-09-26,76.836,76.98,76.449,76.597,329331.28
2016-09-27,76.598,77.497,76.182,77.055,403088.86
2016-09-28,77.055,77.701,76.911,77.654,368093.62
2016-09-29,77.651,78.17,76.902,77.187,463858.86
2016-09-30,77.187,77.756,76.494,77.576,387908.02
2016-10-02,77.504,77.699,77.446,77.596,18838.44
2016-10-03,77.596,78.287,77.373,78.242,269030.48
2016-10-04,78.242,78.71,78.147,78.292,413485.95
2016-10-05,78.293,79.018,78.162,78.828,318410.11
2016-10-06,78.825,78.996,78.463,78.589,338955.44
2016-10-07,78.589,78.798,77.984,78.104,410031.51
2016-10-09,78.509,78.564,78.237,78.309,17582.12
2016-10-10,78.311,78.978,78.084,78.804,220862.6
2016-10-11,78.803,78.916,77.743,78.139,348597.16
2016-10-12,78.141,79.029,78.083,78.783,317420.86
2016-10-13,78.782,78.896,77.897,78.452,349397.38
2016-10-14,78.458,79.727,78.404,79.336,341297.02
2016-10-16,79.519,79.52,79.008,79.02,21283.99
2016-10-17,79.019,79.383,78.812,79.339,264715.91
2016-10-18,79.339,80.016,79.258,79.696,264881.8
2016-10-19,79.695,79.907,79.148,79.88,240204.03
2016-10-20,79.88,80.003,79.187,79.46,262353.53
2016-10-21,79.46,79.511,78.72,78.967,219403.9
2016-10-23,78.992,79.108,78.932,79.0,13114.84
2016-10-24,78.999,79.392,78.878,79.204,158677.87
2016-10-25,79.201,80.013,79.182,79.682,119741.19
2016-10-26,79.683,80.312,79.387,79.971,122817.52
2016-10-27,79.969,80.032,79.556,79.859,124609.64
2016-10-28,79.861,80.016,79.281,79.514,139708.48
2016-10-30,79.218,79.5,79.212,79.416,8895.65
2016-10-31,79.424,79.985,79.376,79.735,113814.96
2016-11-01,79.734,80.632,79.461,79.566,170687.89
2016-11-02,79.565,79.649,78.981,79.097,174477.07
2016-11-03,79.098,79.315,78.475,79.192,159512.67
2016-11-04,79.191,79.391,78.856,79.083,148795.61
2016-11-06,79.866,80.111,79.561,79.959,13276.04
2016-11-07,79.958,80.784,79.737,80.61,145128.36
2016-11-08,80.619,81.792,80.261,81.295,150839.57
2016-11-09,81.295,81.927,76.79,80.939,352604.65
2016-11-10,80.945,82.455,80.394,81.265,266959.96
2016-11-11,81.262,81.352,80.254,80.414,232028.82
2016-11-13,80.618,80.801,80.565,80.701,11005.5
2016-11-14,80.703,82.005,80.52,81.883,225438.49
2016-11-15,81.885,82.593,81.542,82.327,197396.85
2016-11-16,82.332,82.606,81.352,81.483,193534.83
2016-11-17,81.483,81.84,81.111,81.572,191110.06
2016-11-18,81.573,81.908,81.107,81.301,187201.91
2016-11-20,81.298,81.445,81.215,81.248,11695.71
2016-11-21,81.25,81.812,81.14,81.619,198498.98
2016-11-22,81.62,82.281,81.418,82.213,166639.64
2016-11-23,82.211,83.473,82.186,82.972,163389.87
2016-11-24,82.972,84.033,82.923,83.993,143710.1
2016-11-25,84.004,84.62,83.747,84.188,185461.22
2016-11-27,83.925,84.095,83.804,83.827,8560.55
2016-11-28,83.834,84.265,83.167,83.686,190290.75
2016-11-29,83.688,84.378,83.604,84.173,181659.21
2016-11-30,84.176,84.812,83.967,84.722,220876.22
2016-12-01,84.723,84.85,84.356,84.535,193128.27
2016-12-02,84.542,84.812,84.33,84.626,164583.48
2016-12-04,84.402,84.521,83.772,84.442,21376.84
2016-12-05,84.448,85.541,84.293,85.072,193813.37
2016-12-06,85.072,85.229,84.566,85.222,152354.37
2016-12-07,85.224,85.317,84.667,85.138,145733.58
2016-12-08,85.138,85.273,84.79,85.066,183456.55
2016-12-09,85.069,86.091,85.029,85.851,148306.13
2016-12-11,85.924,86.07,85.731,85.956,9508.7
2016-12-12,85.96,86.61,85.818,86.193,169148.47
2016-12-13,86.196,86.589,86.096,86.335,161829.89
2016-12-14,86.335,86.872,86.167,86.843,186637.09
2016-12-15,86.842,87.531,86.66,87.107,245902.94
2016-12-16,87.105,87.139,85.761,86.102,185356.2
2016-12-18,85.894,86.006,85.75,85.874,13033.99
2016-12-19,85.874,85.944,84.644,84.843,166244.78
2016-12-20,84.851,85.718,84.812,85.607,155758.07
2016-12-21,85.607,85.743,84.887,85.091,132730.29
2016-12-22,85.089,85.296,84.626,84.852,132263.13
2016-12-23,84.85,84.9,83.949,84.15,89052.88
2016-12-25,84.086,84.253,83.907,84.176,7050.47
2016-12-26,84.181,84.556,84.008,84.134,65658.14
2016-12-27,84.135,84.601,84.132,84.468,87146.65
2016-12-28,84.463,84.86,83.902,84.094,118999.44
2016-12-29,84.097,84.24,83.741,84.157,136735.39
2016-12-30,84.159,84.594,84.11,84.225,153900.5
2017-01-01,84.279,84.377,83.981,84.178,505.62
2017-01-02,84.192,84.622,84.003,84.517,104819.76
2017-01-03,84.517,85.48,84.417,85.038,147708.79
2017-01-04,85.042,85.709,85.031,85.36,173644.51
2017-01-05,85.361,85.363,84.552,84.623,228280.28
2017-01-06,84.623,85.491,84.563,85.318,179465.65
2017-01-08,85.356,85.669,85.323,85.656,6073.31
2017-01-09,85.658,85.917,85.043,85.318,164479.34
2017-01-10,85.318,85.418,85.048,85.271,179938.92
2017-01-11,85.271,86.093,85.228,85.698,228689.49
2017-01-12,85.698,85.954,85.354,85.875,225032.75
2017-01-13,85.876,86.278,85.671,85.819,189989.12
2017-01-15,85.498,85.782,85.496,85.644,9455.42
2017-01-16,85.642,85.777,85.008,85.291,139387.28
2017-01-17,85.297,85.597,84.999,85.23,226664.97
2017-01-18,85.232,86.206,85.042,86.139,197561.83
2017-01-19,86.139,87.066,86.011,86.961,223839.94
2017-01-20,86.959,87.042,86.325,86.564,221127.36
2017-01-22,86.306,86.511,86.101,86.175,9869.96
2017-01-23,86.177,86.27,85.329,85.51,206096.33
2017-01-24,85.517,86.439,85.409,86.431,178951.73
2017-01-25,86.431,86.508,85.379,85.792,198213.83
2017-01-26,85.793,86.454,85.65,86.18,190069.23
2017-01-27,86.177,87.089,86.157,86.818,174115.57
2017-01-29,86.744,86.871,86.58,86.606,8739.91
2017-01-30,86.608,86.703,85.729,86.005,168529.87
2017-01-31,86.003,86.08,85.194,85.453,212916.85
2017-02-01,85.455,86.108,85.348,85.906,190795.43
2017-02-02,85.905,86.523,85.829,86.351,184388.56
2017-02-03,86.347,86.723,86.019,86.484,176059.54
2017-02-05,86.291,86.483,86.231,86.447,7630.23
2017-02-06,86.447,86.488,85.463,85.494,180487.93
2017-02-07,85.494,85.896,85.237,85.638,175740.94
2017-02-08,85.641,85.821,85.364,85.448,174905.43
2017-02-09,85.449,86.52,85.36,86.471,164160.34
2017-02-10,86.474,87.179,86.461,86.862,161757.11
2017-02-12,87.179,87.407,87.094,87.371,8203.28
2017-02-13,87.372,87.494,86.828,86.867,141418.62
2017-02-14,86.865,87.783,86.854,87.648,166737.32
2017-02-15,87.653,88.179,87.594,88.112,173003.31
2017-02-16,88.115,88.148,87.006,87.221,194400.9
2017-02-17,87.222,87.457,86.296,86.385,159879.8
2017-02-19,86.594,86.725,86.54,86.56,5973.13
2017-02-20,86.56,87.1,86.477,87.095,109208.02
2017-02-21,87.093,87.315,86.843,87.247,142346.99
2017-02-22,87.247,87.39,86.684,87.273,162811.28
2017-02-23,87.276,87.296,86.767,86.915,152896.55
2017-02-24,86.915,87.077,85.89,85.955,140150.78
2017-02-26,86.111,86.226,86.015,86.024,9310.19
2017-02-27,86.026,86.639,85.848,86.539,140764.52
2017-02-28,86.539,86.61,85.849,86.426,163050.55
2017-03-01,86.425,87.465,86.321,87.402,192626.49
2017-03-02,87.4,87.479,86.546,86.587,153619.9
2017-03-03,86.586,86.71,86.194,86.573,153965.52
2017-03-05,86.406,86.601,86.401,86.436,6275.44
2017-03-06,86.438,86.52,86.163,86.456,136952.95
2017-03-07,86.455,86.911,86.447,86.496,134427.88
2017-03-08,86.494,86.548,85.982,86.113,157499.98
2017-03-09,86.115,86.466,85.85,86.438,161945.14
2017-03-10,86.437,87.067,86.412,86.51,153040.04
2017-03-12,86.576,86.648,86.496,86.544,6447.9
2017-03-13,86.543,87.033,86.503,86.943,136052.36
2017-03-14,86.943,86.993,86.608,86.737,137385.02
2017-03-15,86.738,87.485,86.686,87.373,163585.29
2017-03-16,87.373,87.431,86.694,86.95,173877.1
2017-03-17,86.953,87.212,86.604,86.73,124982.03
2017-03-19,86.632,86.914,86.632,86.83,6825.42
2017-03-20,86.829,87.238,86.688,87.0,121787.31
2017-03-21,87.004,87.104,85.501,85.575,172198.98
2017-03-22,85.575,85.707,84.817,85.389,182869.6
2017-03-23,85.391,85.504,84.415,84.735,190136.78
2017-03-24,84.736,85.079,84.352,84.849,156899.72
2017-03-26,84.681,84.776,84.253,84.376,14152.09
2017-03-27,84.374,84.551,83.898,84.487,150968.8
2017-03-28,84.487,85.162,83.822,85.119,149109.88
2017-03-29,85.121,85.275,84.672,85.255,136622.81
2017-03-30,85.252,85.609,84.889,85.51,144351.02
2017-03-31,85.51,85.766,84.927,84.954,138455.94
2017-04-02,84.923,85.081,84.878,84.893,6457.34
2017-04-03,84.891,85.033,84.173,84.173,134869.55
2017-04-04,84.173,84.267,83.226,83.887,143034.25
2017-04-05,83.885,84.412,83.506,83.528,158087.53
2017-04-06,83.529,83.913,83.145,83.604,156794.39
2017-04-07,83.603,83.706,82.795,83.267,175327.62
2017-04-09,83.166,83.546,83.166,83.485,9699.97
2017-04-10,83.484,83.712,83.049,83.079,127061.05
2017-04-11,83.074,83.253,81.959,82.169,147411.25
2017-04-12,82.168,82.368,81.85,82.062,160652.62
2017-04-13,82.061,82.897,81.91,82.54,149233.12
2017-04-14,82.54,82.693,82.188,82.226,62939.97
2017-04-16,82.337,82.466,82.066,82.094,12435.59
2017-04-17,82.095,82.862,81.997,82.844,101604.91
2017-04-18,82.841,82.951,81.838,82.041,145985.85
2017-04-19,82.041,82.16,81.486,81.571,136363.18
2017-04-20,81.572,82.513,81.567,82.231,135227.3
2017-04-21,82.231,82.437,81.977,82.247,123533.79
2017-04-23,83.84,83.84,82.994,83.133,17726.8
2017-04-24,83.128,83.616,82.84,82.863,133981.68
2017-04-25,82.861,83.808,82.861,83.722,137950.56
2017-04-26,83.72,84.015,82.845,83.142,168551.55
2017-04-27,83.145,83.403,82.73,83.067,146824.11
2017-04-28,83.066,83.514,82.904,83.456,128633.83
2017-04-30,83.12,83.413,83.12,83.283,7436.88
2017-05-01,83.285,84.28,83.285,84.209,96430.28
2017-05-02,84.206,84.539,84.196,84.458,118611.08
2017-05-03,84.458,84.513,83.583,83.786,118703.07
2017-05-04,83.784,83.83,83.125,83.398,137621.43
2017-05-05,83.398,83.68,82.673,83.587,128934.14
2017-05-07,83.713,83.729,83.495,83.542,10471.7
2017-05-08,83.541,83.706,83.178,83.673,132531.16
2017-05-09,83.671,84.034,83.202,83.469,141126.23
2017-05-10,83.468,84.335,83.444,84.119,144764.78
2017-05-11,84.119,84.244,83.524,83.955,129320.66
2017-05-12,83.955,84.19,83.67,83.711,121976.42
2017-05-14,83.609,83.76,83.602,83.739,10182.57
2017-05-15,83.736,84.504,83.703,84.319,117754.04
2017-05-16,84.319,84.518,83.581,83.627,137436.21
2017-05-17,83.626,83.675,82.21,82.53,176811.8
2017-05-18,82.532,83.081,81.769,82.69,207317.91
2017-05-19,82.688,83.419,82.336,82.947,149127.88
2017-05-21,82.702,82.972,82.581,82.92,7939.67
2017-05-22,82.921,83.262,82.817,82.845,132251.08
2017-05-23,82.848,83.671,82.848,83.636,148064.15
2017-05-24,83.636,83.727,83.239,83.612,145617.2
2017-05-25,83.615,83.88,83.276,83.29,132786.21
2017-05-26,83.292,83.311,82.516,82.882,120366.24
2017-05-28,82.742,82.867,82.708,82.791,7198.39
2017-05-29,82.795,82.964,82.631,82.711,78689.35
2017-05-30,82.714,82.922,82.233,82.661,118524.95
2017-05-31,82.661,82.95,82.109,82.27,127804.94
2017-06-01,82.266,82.73,81.902,82.246,126331.44
2017-06-02,82.248,82.543,81.91,82.103,116103.54
2017-06-04,81.923,82.228,81.923,82.053,10204.98
2017-06-05,82.051,82.771,81.926,82.645,91260.1
2017-06-06,82.646,82.69,81.781,82.238,132324.92
2017-06-07,82.237,82.943,82.099,82.864,120309.72
2017-06-08,82.864,83.212,82.572,82.691,130440.87
2017-06-09,82.69,83.396,82.69,83.056,114689.89
2017-06-11,83.037,83.167,83.001,83.042,4973.9
2017-06-12,83.042,83.101,82.588,82.979,112820.04
2017-06-13,82.976,83.231,82.851,82.948,96840.62
2017-06-14,82.953,83.665,82.849,83.062,149019.07
2017-06-15,83.062,84.2,83.054,84.199,142586.25
2017-06-16,84.196,84.808,84.19,84.41,114128.11
2017-06-18,84.449,84.565,84.395,84.549,6540.08
2017-06-19,84.548,84.869,84.285,84.783,105588.55
2017-06-20,84.78,85.084,84.312,84.332,112089.9
2017-06-21,84.335,84.481,83.88,84.047,123041.3
2017-06-22,84.049,84.133,83.725,83.933,107595.76
2017-06-23,83.934,84.337,83.893,84.181,82845.3
2017-06-25,84.05,84.224,84.048,84.219,5318.14
2017-06-26,84.218,84.91,84.175,84.835,98543.44
2017-06-27,84.838,85.328,84.806,85.104,126002.23
2017-06-28,85.105,85.863,84.913,85.799,139005.93
2017-06-29,85.795,86.537,85.681,86.074,148333.96
2017-06-30,86.078,86.497,85.849,86.367,128126.36
2017-07-02,86.122,86.455,86.075,86.277,8548.69
2017-07-03,86.279,86.943,86.132,86.913,117785.49
2017-07-04,86.916,86.989,85.848,85.987,120495.43
2017-07-05,85.986,86.548,85.665,86.021,124567.93
2017-07-06,86.022,86.317,85.726,85.762,130479.21
2017-07-07,85.76,86.769,85.751,86.574,116623.0
2017-07-09,86.536,86.699,86.518,86.669,8270.2
2017-07-10,86.669,86.919,86.613,86.76,97403.59
2017-07-11,86.76,87.259,86.742,86.884,114975.55
2017-07-12,86.885,87.035,86.64,87.025,121502.13
2017-07-13,87.024,87.853,86.831,87.784,132945.03
2017-07-14,87.785,88.129,87.61,88.077,103254.99
2017-07-16,87.992,88.092,87.935,87.949,10929.79
2017-07-17,87.954,88.277,87.67,87.704,122849.31
2017-07-18,87.704,89.139,87.496,88.673,154070.61
2017-07-19,88.675,89.057,88.63,89.054,124246.83
2017-07-20,89.053,89.325,88.71,88.91,167235.67
2017-07-21,88.914,88.962,87.815,87.927,126663.5
2017-07-23,87.814,88.147,87.814,87.908,8990.52
2017-07-24,87.909,88.267,87.648,88.158,123902.75
2017-07-25,88.161,88.87,87.915,88.836,135005.21
2017-07-26,88.839,89.071,88.186,88.924,164297.5
2017-07-27,88.922,89.42,88.337,88.586,180996.82
2017-07-28,88.586,88.833,88.271,88.356,146508.31
2017-07-30,88.309,88.372,88.188,88.196,10607.41
2017-07-31,88.197,88.344,87.859,88.317,137806.48
2017-08-01,88.319,88.701,87.796,87.873,151531.66
2017-08-02,87.872,88.309,87.801,88.109,136010.87
2017-08-03,88.111,88.111,87.371,87.436,146712.5
2017-08-04,87.434,87.967,87.348,87.711,124226.59
2017-08-06,87.647,87.985,87.635,87.841,14613.55
2017-08-07,87.84,88.013,87.514,87.678,99632.32
2017-08-08,87.677,87.839,86.913,86.92,115993.2
2017-08-09,86.917,86.971,86.285,86.838,138283.5
2017-08-10,86.837,87.096,85.784,85.843,134756.83
2017-08-11,85.839,86.245,85.449,86.156,128891.14
2017-08-13,86.141,86.349,86.065,86.349,9606.59
2017-08-14,86.351,86.631,86.038,86.355,119608.39
2017-08-15,86.356,86.784,86.34,86.538,132016.99
2017-08-16,86.541,87.462,86.518,87.248,136322.5
2017-08-17,87.248,87.558,86.025,86.098,155435.36
2017-08-18,86.101,87.037,85.993,86.549,146146.09
2017-08-20,86.662,86.749,86.598,86.654,6958.93
2017-08-21,86.651,86.7,86.182,86.503,115613.45
2017-08-22,86.503,86.924,86.328,86.807,111023.1
2017-08-23,86.809,86.852,86.059,86.142,131137.79
2017-08-24,86.143,86.63,85.932,86.486,138053.25
2017-08-25,86.488,86.972,86.44,86.724,120867.0
2017-08-27,86.493,86.881,86.493,86.828,9131.13
2017-08-28,86.828,87.113,85.701,86.172,121426.06
2017-08-29,86.172,87.39,86.085,87.353,169590.4
2017-08-30,87.355,87.803,86.941,87.332,143541.24
2017-08-31,87.33,87.485,87.04,87.449,150390.87
2017-09-01,87.45,87.938,87.198,87.828,125810.92
2017-09-03,87.03,87.57,87.025,87.453,12382.83
2017-09-04,87.452,87.557,86.986,87.218,101676.83
2017-09-05,87.216,87.612,86.727,86.957,157221.19
2017-09-06,86.956,87.508,86.553,87.415,144924.27
2017-09-07,87.412,87.504,86.886,87.234,149718.56
2017-09-08,87.23,87.725,86.672,86.837,151498.71
2017-09-10,87.163,87.307,87.089,87.116,11685.71
2017-09-11,87.117,87.896,87.1,87.773,129155.64
2017-09-12,87.774,88.477,87.484,88.356,136692.38
2017-09-13,88.361,88.556,88.091,88.169,131524.2
2017-09-14,88.17,88.744,87.671,87.974,163861.86
2017-09-15,87.972,89.267,87.943,88.664,132697.98
2017-09-17,88.808,88.946,88.76,88.885,7535.31
2017-09-18,88.888,89.338,88.556,88.855,122292.66
2017-09-19,88.858,89.492,88.805,89.318,141894.52
2017-09-20,89.324,90.3,89.227,90.214,203990.57
2017-09-21,90.213,90.269,88.892,89.172,391947.39
2017-09-22,89.177,89.377,88.462,89.136,311080.05
2017-09-24,89.171,89.586,89.164,89.523,9481.0
2017-09-25,89.521,89.678,88.37,88.69,144855.27
2017-09-26,88.689,88.774,88.251,88.513,141713.74
2017-09-27,88.517,88.893,88.289,88.606,159550.48
2017-09-28,88.605,88.671,88.012,88.267,146839.99
2017-09-29,88.267,88.451,87.964,88.082,120231.35
2017-10-01,88.235,88.392,88.099,88.344,6884.26
2017-10-02,88.343,88.48,88.036,88.261,139856.12
2017-10-03,88.262,88.476,88.108,88.429,132199.03
2017-10-04,88.426,88.711,88.326,88.688,133191.82
2017-10-05,88.69,88.738,87.774,87.873,113989.68
2017-10-06,87.874,87.988,87.399,87.413,136800.79
2017-10-08,87.452,87.61,87.345,87.533,7363.57
2017-10-09,87.535,87.623,87.283,87.409,85737.07
2017-10-10,87.412,87.774,87.248,87.483,118840.65
2017-10-11,87.481,87.759,87.282,87.74,123966.84
2017-10-12,87.736,87.995,87.658,87.857,119414.6
2017-10-13,87.856,88.309,87.654,88.215,121405.71
2017-10-15,88.082,88.287,88.082,88.221,7019.66
2017-10-16,88.221,88.282,87.776,87.995,114728.01
2017-10-17,87.997,88.169,87.784,88.077,116912.49
2017-10-18,88.077,88.719,87.985,88.629,115657.36
2017-10-19,88.631,88.993,88.388,88.728,142657.46
2017-10-20,88.728,88.987,88.599,88.692,119238.01
2017-10-22,89.038,89.071,88.909,89.031,11832.69
2017-10-23,89.03,89.073,88.425,88.527,117791.77
2017-10-24,88.529,88.694,88.386,88.606,134578.87
2017-10-25,88.607,88.659,87.335,87.541,165440.18
2017-10-26,87.54,87.81,87.245,87.426,145367.72
2017-10-27,87.433,87.463,87.033,87.243,129982.32
2017-10-29,87.288,87.293,87.175,87.18,7240.98
2017-10-30,87.181,87.33,86.776,86.975,113099.02
2017-10-31,86.979,87.159,86.69,87.05,123393.83
2017-11-01,87.05,87.723,87.008,87.638,134483.6
2017-11-02,87.641,88.097,87.528,87.949,109609.64
2017-11-03,87.948,87.974,87.194,87.232,91977.33
2017-11-05,87.204,87.373,87.199,87.336,9293.06
2017-11-06,87.336,87.657,87.276,87.451,109477.09
2017-11-07,87.449,87.695,86.936,87.065,118750.26
2017-11-08,87.067,87.52,86.973,87.474,104917.95
2017-11-09,87.474,87.667,86.788,87.085,140744.32
2017-11-10,87.079,87.251,86.847,86.923,107725.42
2017-11-12,86.795,86.97,86.778,86.936,7966.72
2017-11-13,86.938,87.089,86.464,86.51,89826.91
2017-11-14,86.509,86.84,86.305,86.536,110949.06
2017-11-15,86.537,86.564,85.502,85.606,140308.14
2017-11-16,85.6,86.023,85.476,85.77,107865.13
2017-11-17,85.769,85.773,84.639,84.782,112489.89
2017-11-19,84.819,84.849,84.502,84.61,13705.9
2017-11-20,84.61,85.077,84.537,85.021,104315.98
2017-11-21,85.021,85.313,84.749,85.207,109543.65
2017-11-22,85.204,85.249,84.597,84.718,112659.64
2017-11-23,84.719,84.934,84.522,84.83,74663.93
2017-11-24,84.837,85.044,84.739,84.927,88935.1
2017-11-26,84.921,85.016,84.905,84.986,6589.48
2017-11-27,84.984,85.054,84.349,84.544,115808.68
2017-11-28,84.542,84.915,84.39,84.909,126823.16
2017-11-29,84.907,84.907,84.45,84.745,131511.2
2017-11-30,84.745,85.208,84.646,85.143,140316.43
2017-12-01,85.143,85.715,84.972,85.364,159520.26
2017-12-03,85.62,85.75,85.515,85.657,13411.65
2017-12-04,85.657,85.959,85.367,85.535,130365.45
2017-12-05,85.538,86.2,85.515,85.521,129661.16
2017-12-06,85.52,85.828,84.83,84.984,135257.29
2017-12-07,84.986,85.043,84.664,85.028,120987.35
2017-12-08,85.025,85.374,84.913,85.181,96149.49
2017-12-10,85.238,85.328,85.169,85.251,9518.55
2017-12-11,85.25,85.524,85.182,85.484,86763.9
2017-12-12,85.485,85.99,85.319,85.789,98319.7
2017-12-13,85.791,86.116,85.665,86.033,118922.02
2017-12-14,86.035,86.491,85.992,86.147,132141.45
2017-12-15,86.151,86.327,85.962,86.06,115116.28
2017-12-17,86.17,86.228,85.919,86.193,10013.24
2017-12-18,86.196,86.434,86.129,86.281,106689.31
2017-12-19,86.279,86.633,86.212,86.468,103824.69
2017-12-20,86.465,86.976,86.46,86.866,107363.31
2017-12-21,86.867,87.415,86.705,87.308,94434.22
2017-12-22,87.303,87.523,87.269,87.352,108420.58
2017-12-24,87.316,87.358,87.286,87.354,287.59
2017-12-25,87.354,87.521,87.311,87.507,6850.81
2017-12-26,87.507,87.546,87.383,87.508,53519.99
2017-12-27,87.509,88.146,87.505,88.01,94228.35
2017-12-28,88.01,88.111,87.761,87.973,89686.75
2017-12-29,87.975,88.156,87.755,87.847,76034.08
2018-01-01,87.86,88.028,87.792,87.946,8660.62
2018-01-02,87.95,88.409,87.632,87.9,95025.19
2018-01-03,87.902,88.231,87.693,88.133,102935.82
2018-01-04,88.136,88.712,88.098,88.699,106374.15
2018-01-05,88.704,89.087,88.44,88.864,93664.63
2018-01-07,88.932,89.073,88.854,88.931,7193.47
2018-01-08,88.934,89.028,88.474,88.764,89707.75
2018-01-09,88.763,88.846,87.865,88.087,118901.89
2018-01-10,88.087,88.105,87.21,87.456,149257.87
2018-01-11,87.456,88.087,87.311,87.758,142886.97
2018-01-12,87.758,87.937,87.392,87.849,137503.36
2018-01-14,87.77,87.976,87.77,87.889,8809.23
2018-01-15,87.889,88.166,87.669,88.054,125662.41
2018-01-16,88.053,88.415,87.72,87.986,141977.06
2018-01-17,87.992,88.998,87.905,88.761,155537.2
2018-01-18,88.759,88.983,88.4,88.895,151729.29
2018-01-19,88.895,89.02,88.371,88.548,140301.82
2018-01-21,88.421,88.605,88.378,88.566,10046.05
2018-01-22,88.567,88.992,88.38,88.87,118686.52
2018-01-23,88.868,89.067,87.91,88.133,150869.44
2018-01-24,88.132,88.425,87.852,87.997,165989.43
2018-01-25,87.997,88.335,87.705,88.052,198309.06
2018-01-26,88.054,88.497,87.781,88.051,180066.54
2018-01-28,88.057,88.191,88.043,88.149,12450.89
2018-01-29,88.149,88.333,87.925,88.197,153682.69
2018-01-30,88.198,88.305,87.462,88.074,180835.54
2018-01-31,88.077,88.492,87.64,88.003,191773.88
2018-02-01,88.004,88.127,87.49,87.946,176499.85
2018-02-02,87.95,87.962,87.225,87.237,183306.75
2018-02-04,87.211,87.285,86.87,86.974,93921.46
2018-02-05,86.972,87.51,85.846,85.899,220057.46
2018-02-06,85.902,86.728,84.989,86.529,339055.87
2018-02-07,86.534,86.593,85.294,85.315,204499.55
2018-02-08,85.314,85.985,84.438,84.548,252170.8
2018-02-09,84.548,85.443,84.009,84.996,251883.55
2018-02-11,85.054,85.108,84.936,85.085,8273.99
2018-02-12,85.085,85.515,84.755,85.428,149156.84
2018-02-13,85.428,85.596,84.285,84.719,172233.66
2018-02-14,84.72,84.894,83.319,84.488,193120.56
2018-02-15,84.486,84.814,83.869,84.277,188885.34
2018-02-16,84.278,84.663,83.906,84.016,152426.15
2018-02-18,84.062,84.116,84.002,84.07,7968.3
2018-02-19,84.073,84.505,84.07,84.4,107422.68
2018-02-20,84.401,84.81,84.208,84.631,144730.88
2018-02-21,84.63,84.861,83.863,83.883,161082.77
2018-02-22,83.883,84.061,83.517,83.738,147780.57
2018-02-23,83.737,83.854,83.272,83.8,116776.97
2018-02-25,84.019,84.038,83.861,83.934,10552.2
2018-02-26,83.933,84.126,83.601,84.044,124071.04
2018-02-27,84.045,84.163,83.572,83.723,142282.11
2018-02-28,83.723,83.81,82.696,82.781,152929.67
2018-03-01,82.783,83.176,82.125,82.435,196250.8
2018-03-02,82.435,82.605,81.561,82.052,166986.56
2018-03-04,81.897,82.05,81.708,81.87,10504.55
2018-03-05,81.87,82.582,81.487,82.501,154001.12
2018-03-06,82.502,83.322,82.012,82.2,170325.68
2018-03-07,82.2,83.124,82.058,83.101,158594.92
2018-03-08,83.098,83.17,82.497,82.911,149200.2
2018-03-09,82.912,83.901,82.805,83.798,128080.98
2018-03-11,83.67,84.101,83.67,84.03,6506.01
2018-03-12,84.031,84.084,83.633,83.666,113892.14
2018-03-13,83.668,84.524,83.543,83.729,134915.88
2018-03-14,83.729,84.258,83.482,83.658,133776.58
2018-03-15,83.658,83.695,82.7,82.806,132944.1
2018-03-16,82.807,82.816,81.708,81.709,113642.36
2018-03-18,81.734,81.838,81.709,81.771,6852.84
2018-03-19,81.773,82.007,81.255,81.713,135674.32
2018-03-20,81.713,82.195,81.606,81.874,119871.57
2018-03-21,81.874,82.576,81.471,82.363,140418.91
2018-03-22,82.361,82.432,80.498,80.766,197864.17
2018-03-23,80.767,81.461,80.584,80.588,182024.9
2018-03-25,80.603,80.868,80.551,80.827,7597.19
2018-03-26,80.826,81.856,80.793,81.844,142434.52
2018-03-27,81.846,81.893,80.831,81.045,173365.57
2018-03-28,81.044,81.963,80.754,81.815,198370.84
2018-03-29,81.815,81.919,81.467,81.827,176830.43
2018-03-30,81.825,81.848,81.477,81.589,139749.48
2018-04-01,81.647,81.801,81.617,81.684,6143.23
2018-04-02,81.686,81.794,80.827,80.96,107057.06
2018-04-03,80.961,81.992,80.932,81.762,155032.28
2018-04-04,81.763,82.497,81.251,82.441,176230.04
2018-04-05,82.443,82.646,81.971,82.133,163166.85
2018-04-06,82.131,82.58,81.9,82.01,162277.6
2018-04-08,82.108,82.203,81.996,82.124,7701.88
2018-04-09,82.124,82.581,81.966,82.192,133953.94
2018-04-10,82.191,83.374,82.066,83.168,153817.59
2018-04-11,83.171,83.212,82.669,82.921,119858.71
2018-04-12,82.919,83.311,82.7,83.206,105580.2
2018-04-13,83.21,84.074,83.21,83.305,95336.92
2018-04-15,83.48,83.65,83.402,83.571,5321.96
2018-04-16,83.568,83.609,83.105,83.231,89570.34
2018-04-17,83.235,83.37,83.047,83.123,90199.59
2018-04-18,83.123,83.669,83.096,83.607,93838.55
2018-04-19,83.606,83.945,82.859,82.95,109930.87
2018-04-20,82.949,83.153,82.426,82.536,101031.87
2018-04-22,82.678,82.708,82.564,82.62,10030.31
2018-04-23,82.619,82.818,82.502,82.686,99765.39
2018-04-24,82.685,83.092,82.487,82.753,125108.31
2018-04-25,82.753,82.87,82.452,82.78,122698.57
2018-04-26,82.782,82.911,82.511,82.566,131990.42
2018-04-27,82.563,82.71,82.374,82.67,94654.37
2018-04-29,82.623,82.722,82.609,82.616,3810.67
2018-04-30,82.617,82.693,82.231,82.333,89878.56
2018-05-01,82.334,82.532,82.034,82.204,103059.98
2018-05-02,82.206,82.651,82.075,82.233,130104.3
2018-05-03,82.235,82.576,81.75,82.143,127015.64
2018-05-04,82.144,82.461,81.671,82.219,103248.07
2018-05-06,82.276,82.291,82.105,82.11,4504.33
2018-05-07,82.111,82.202,81.822,81.92,94377.98
2018-05-08,81.921,81.98,81.138,81.198,116423.02
2018-05-09,81.196,82.004,81.133,81.912,116015.56
2018-05-10,81.913,82.464,81.85,82.368,132942.65
2018-05-11,82.368,82.671,82.236,82.465,108061.13
2018-05-13,82.441,82.595,82.409,82.537,5179.55
2018-05-14,82.533,82.788,82.483,82.58,78623.75
2018-05-15,82.581,82.704,82.192,82.364,140195.1
2018-05-16,82.365,83.002,82.176,82.963,143215.91
2018-05-17,82.965,83.376,82.841,83.19,137968.97
2018-05-18,83.191,83.43,83.048,83.14,119771.51
2018-05-20,83.382,83.517,83.308,83.42,6233.26
2018-05-21,83.42,84.222,83.384,84.151,100857.67
2018-05-22,84.153,84.477,83.909,83.917,128056.02
2018-05-23,83.919,84.009,82.483,83.129,172466.31
2018-05-24,83.129,83.161,82.38,82.758,165041.03
2018-05-25,82.76,83.163,82.407,82.546,131265.42
2018-05-27,82.955,83.056,82.815,82.83,8652.59
2018-05-28,82.83,83.068,82.428,82.548,116171.97
2018-05-29,82.546,82.564,81.026,81.121,197451.45
2018-05-30,81.124,82.608,81.122,82.306,174261.83
2018-05-31,82.306,82.667,81.993,82.259,169753.02
2018-06-01,82.262,82.938,82.204,82.847,143836.57
2018-06-03,82.757,82.967,82.756,82.946,4520.48
2018-06-04,82.949,84.165,82.926,84.139,121043.6
2018-06-05,84.141,84.182,83.34,83.773,147867.32
2018-06-06,83.772,84.498,83.73,84.397,134613.7
2018-06-07,84.399,84.535,83.394,83.543,144847.63
2018-06-08,83.547,83.778,82.586,83.225,130071.8
2018-06-10,82.935,83.226,82.929,83.215,5181.43
2018-06-11,83.215,84.007,83.096,83.937,110986.18
2018-06-12,83.937,84.157,83.496,83.657,129766.51
2018-06-13,83.657,83.988,83.39,83.442,113646.85
2018-06-14,83.441,83.584,82.586,82.591,130925.96
2018-06-15,82.594,82.844,82.271,82.308,114959.58
2018-06-17,82.353,82.415,82.266,82.324,5232.04
2018-06-18,82.323,82.397,81.479,81.535,101637.84
2018-06-19,81.535,81.799,80.628,81.35,153140.62
2018-06-20,81.35,81.662,80.988,81.368,130563.2
2018-06-21,81.366,81.647,81.001,81.102,192889.44
2018-06-22,81.103,81.932,81.082,81.803,139402.11
2018-06-24,81.692,81.857,81.692,81.781,7405.78
2018-06-25,81.793,81.793,80.984,81.232,152322.35
2018-06-26,81.234,81.456,80.966,81.399,160794.01
2018-06-27,81.399,81.639,80.751,80.913,202701.18
2018-06-28,80.911,81.299,80.691,81.184,176098.29
2018-06-29,81.183,82.042,81.045,81.926,159142.93
2018-07-01,81.895,82.03,81.839,81.921,13078.13
2018-07-02,81.918,82.109,80.982,81.363,133450.1
2018-07-03,81.366,82.075,81.03,81.468,150263.45
2018-07-04,81.466,81.969,81.434,81.544,137419.19
2018-07-05,81.544,81.932,81.272,81.666,142604.65
2018-07-06,81.667,82.26,81.589,82.048,127462.26
2018-07-08,82.038,82.136,82.019,82.13,6921.98
2018-07-09,82.129,82.909,82.088,82.881,120578.36
2018-07-10,82.886,83.159,82.161,82.204,135280.93
2018-07-11,82.203,82.723,82.068,82.472,187316.68
2018-07-12,82.474,83.477,82.462,83.452,140821.0
2018-07-13,83.453,83.604,82.992,83.368,113136.74
2018-07-15,83.249,83.479,83.246,83.38,5466.93
2018-07-16,83.38,83.686,83.222,83.316,133160.97
2018-07-17,83.316,83.603,83.213,83.38,152836.4
2018-07-18,83.383,83.548,82.839,83.454,145914.05
2018-07-19,83.454,83.928,82.588,82.726,171250.8
2018-07-20,82.725,82.993,82.207,82.655,167021.6
2018-07-22,82.634,82.761,82.531,82.534,10246.27
2018-07-23,82.535,82.556,82.097,82.257,152152.66
2018-07-24,82.258,82.639,81.809,82.63,146962.39
2018-07-25,82.622,82.89,82.087,82.69,165643.89
2018-07-26,82.691,82.719,81.99,82.041,142717.41
2018-07-27,82.041,82.309,81.865,82.144,131892.04
2018-07-29,82.093,82.182,82.055,82.079,6004.97
2018-07-30,82.081,82.306,82.041,82.225,119671.52
2018-07-31,82.226,83.258,82.148,82.972,165708.9
2018-08-01,82.971,83.079,82.479,82.667,156912.89
2018-08-02,82.665,82.738,81.96,82.205,133616.49
2018-08-03,82.204,82.62,82.113,82.272,122149.59
2018-08-05,82.26,82.331,82.198,82.243,4419.25
2018-08-06,82.243,82.426,82.174,82.23,115400.52
2018-08-07,82.23,82.759,82.179,82.679,116836.61
2018-08-08,82.681,82.795,82.081,82.361,127570.67
2018-08-09,82.364,82.647,81.867,81.893,128871.81
2018-08-10,81.897,81.918,80.615,80.896,162267.52
2018-08-12,80.319,80.769,80.313,80.626,8868.33
2018-08-13,80.63,80.844,79.981,80.379,194077.5
2018-08-14,80.379,80.815,80.217,80.499,139952.75
2018-08-15,80.5,80.571,79.704,79.976,151748.02
2018-08-16,79.975,80.827,79.836,80.581,149895.22
2018-08-17,80.583,80.971,80.106,80.813,111228.88
2018-08-19,80.889,80.898,80.729,80.742,4125.62
2018-08-20,80.743,80.953,80.592,80.663,112162.69
2018-08-21,80.664,81.487,80.592,81.058,124082.46
2018-08-22,81.061,81.368,80.915,81.107,121043.43
2018-08-23,81.104,81.104,80.571,80.672,129172.18
2018-08-24,80.67,81.7,80.602,81.46,110017.57
2018-08-26,81.52,81.747,81.513,81.712,6667.19
2018-08-27,81.712,81.723,81.182,81.675,119171.63
2018-08-28,81.675,81.777,81.423,81.635,128088.41
2018-08-29,81.632,81.796,81.051,81.651,127420.77
2018-08-30,81.649,81.667,80.491,80.616,132771.3
2018-08-31,80.619,80.661,79.638,79.836,126622.76
2018-09-02,79.863,79.939,79.779,79.896,5844.79
2018-09-03,79.895,80.264,79.523,80.066,97516.35
2018-09-04,80.065,80.442,79.732,80.083,128529.57
2018-09-05,80.086,80.578,79.598,80.191,127215.32
2018-09-06,80.19,80.286,79.441,79.443,135692.5
2018-09-07,79.443,79.558,78.685,78.834,143475.43
2018-09-09,78.854,78.979,78.835,78.912,4397.89
2018-09-10,78.911,79.262,78.766,79.015,101166.98
2018-09-11,79.012,79.506,78.908,79.377,112350.43
2018-09-12,79.375,80.008,79.077,79.753,129878.71
2018-09-13,79.747,80.801,79.704,80.509,125406.2
2018-09-14,80.51,80.707,80.081,80.133,104816.92
2018-09-16,80.131,80.173,79.966,79.972,4078.21
2018-09-17,79.972,80.599,79.798,79.799,105476.23
2018-09-18,79.798,81.263,79.778,81.114,148534.22
2018-09-19,81.114,81.664,81.02,81.541,132792.52
2018-09-20,81.543,82.038,81.308,81.964,106597.94
2018-09-21,81.967,82.36,81.887,81.996,104201.8
2018-09-23,81.607,81.903,81.607,81.88,3379.5
2018-09-24,81.879,82.011,81.588,81.79,103158.61
2018-09-25,81.79,82.037,81.663,81.89,107068.27
2018-09-26,81.888,82.504,81.718,81.78,125828.4
2018-09-27,81.782,81.951,81.303,81.693,111232.12
2018-09-28,81.693,82.205,81.664,82.144,107959.06
2018-09-30,82.16,82.295,82.114,82.2,4088.14
2018-10-01,82.2,82.409,82.069,82.359,115815.15
2018-10-02,82.364,82.472,81.375,81.615,122738.94
2018-10-03,81.617,81.922,81.22,81.25,130549.82
2018-10-04,81.252,81.262,80.378,80.643,141735.86
2018-10-05,80.645,80.77,79.999,80.156,131507.54
2018-10-07,80.241,80.318,80.109,80.215,5994.88
2018-10-08,80.215,80.422,79.758,79.996,125451.13
2018-10-09,79.994,80.415,79.825,80.415,156382.27
2018-10-10,80.413,80.595,79.043,79.171,159299.11
2018-10-11,79.17,80.152,79.156,79.856,224960.53
2018-10-12,79.848,80.162,79.496,79.836,154308.91
2018-10-14,79.728,79.78,79.69,79.747,5909.83
2018-10-15,79.747,79.969,79.481,79.802,151661.59
2018-10-16,79.803,80.241,79.732,80.197,127932.32
2018-10-17,80.195,80.338,79.664,80.083,136582.5
2018-10-18,80.083,80.447,79.497,79.617,160622.52
2018-10-19,79.615,80.487,79.558,80.126,155048.01
2018-10-21,80.091,80.226,79.942,79.996,6737.38
2018-10-22,79.996,80.313,79.646,79.742,152352.7
2018-10-23,79.742,79.787,79.042,79.747,181287.23
2018-10-24,79.75,80.029,79.039,79.104,191333.64
2018-10-25,79.106,79.804,78.99,79.552,180966.62
2018-10-26,79.556,79.566,78.563,79.271,215846.43
2018-10-28,79.376,79.466,79.304,79.43,7240.39
2018-10-29,79.43,79.765,79.103,79.326,187644.22
2018-10-30,79.326,80.399,79.293,80.255,182814.18
2018-10-31,80.256,80.388,79.812,79.932,152600.78
2018-11-01,79.931,81.261,79.859,81.223,155555.45
2018-11-02,81.224,81.94,81.07,81.459,162604.97
2018-11-04,81.375,81.512,81.338,81.442,5677.45
2018-11-05,81.443,81.715,81.244,81.679,130554.61
2018-11-06,81.678,82.209,81.616,82.087,133421.56
2018-11-07,82.087,82.698,81.872,82.611,177778.68
2018-11-08,82.613,83.049,82.512,82.794,157572.94
2018-11-09,82.799,82.878,82.11,82.205,146846.68
2018-11-11,82.142,82.288,82.106,82.271,10013.53
2018-11-12,82.27,82.511,81.555,81.568,143505.8
2018-11-13,81.566,82.373,81.385,82.279,169139.91
2018-11-14,82.28,82.466,81.786,82.135,181615.93
2018-11-15,82.134,82.894,82.111,82.575,185300.34
2018-11-16,82.573,82.821,82.114,82.665,142259.35
2018-11-18,82.407,82.548,82.385,82.484,10744.0
2018-11-19,82.485,82.621,81.874,82.04,128920.1
2018-11-20,82.039,82.224,81.19,81.341,156945.17
2018-11-21,81.341,82.236,81.3,82.083,126608.15
2018-11-22,82.083,82.18,81.698,81.911,91998.1
2018-11-23,81.913,81.981,81.427,81.646,100414.39
2018-11-25,81.624,81.717,81.584,81.664,8474.42
2018-11-26,81.663,82.383,81.654,81.99,113997.81
2018-11-27,81.989,82.566,81.825,82.255,133226.83
2018-11-28,82.255,83.186,82.176,82.91,122876.74
2018-11-29,82.911,83.216,82.744,83.041,123885.83
2018-11-30,83.04,83.084,82.739,82.961,118224.83
2018-12-02,83.857,83.9,83.651,83.891,10130.79
2018-12-03,83.891,83.893,83.456,83.557,105489.47
2018-12-04,83.557,83.611,82.568,82.764,156517.66
2018-12-05,82.766,82.993,82.012,82.12,108195.19
2018-12-06,82.12,82.143,80.931,81.533,186622.85
2018-12-07,81.537,81.686,81.097,81.13,143418.44
2018-12-09,80.937,81.066,80.721,80.792,7358.29
2018-12-10,80.793,81.528,80.793,81.398,162232.48
2018-12-11,81.397,81.89,81.235,81.772,150590.73
2018-12-12,81.77,82.06,81.623,81.757,143999.59
2018-12-13,81.757,82.207,81.716,82.023,131736.53
2018-12-14,82.018,82.122,81.252,81.28,129313.48
2018-12-16,81.297,81.382,81.292,81.369,11217.74
2018-12-17,81.369,81.501,80.83,80.979,127307.27
2018-12-18,80.981,81.206,80.663,80.891,154938.51
2018-12-19,80.891,81.014,79.56,79.949,206397.38
2018-12-20,79.949,80.207,78.832,79.105,278599.5
2018-12-21,79.104,79.264,78.188,78.204,223891.59
2018-12-23,78.083,78.375,78.057,78.283,9387.49
2018-12-24,78.283,78.505,77.641,77.704,186984.93
2018-12-25,77.7,77.855,77.458,77.816,13461.08
2018-12-26,77.817,78.738,77.606,78.669,133943.05
2018-12-27,78.672,78.677,77.53,77.976,276825.47
2018-12-28,77.975,78.123,77.534,77.586,163133.78
2018-12-30,77.632,77.832,77.632,77.708,11372.78
2018-12-31,77.708,78.058,77.152,77.174,103126.24
2019-01-01,77.333,77.348,77.245,77.3,7699.11
2019-01-02,77.3,77.305,70.406,74.303,245824.35
2019-01-03,74.304,76.013,73.972,75.559,270389.26
2019-01-04,75.558,77.293,75.238,77.237,260179.5
2019-01-06,77.207,77.358,77.107,77.323,10607.82
2019-01-07,77.325,77.731,77.028,77.607,211436.52
2019-01-08,77.611,78.014,77.296,77.922,238960.49
2019-01-09,77.922,78.107,77.397,77.62,232746.29
2019-01-10,77.622,77.996,77.079,77.824,210570.51
2019-01-11,77.826,78.352,77.821,78.289,187272.44
2019-01-13,78.261,78.261,78.083,78.098,4480.81
2019-01-14,78.097,78.249,77.565,77.92,157173.85
2019-01-15,77.921,78.518,77.811,78.301,197517.54
2019-01-16,78.302,78.376,77.907,78.204,162627.38
2019-01-17,78.204,78.977,77.759,78.468,169828.38
2019-01-18,78.47,79.102,78.466,78.603,158223.29
2019-01-20,78.589,78.651,78.537,78.561,9025.04
2019-01-21,78.562,78.712,78.284,78.513,121677.38
2019-01-22,78.512,78.526,77.735,77.873,146351.22
2019-01-23,77.873,78.417,77.872,78.254,156618.95
2019-01-24,78.253,78.54,77.509,77.721,173908.52
2019-01-25,77.721,78.834,77.613,78.605,169667.22
2019-01-27,78.608,78.704,78.536,78.54,7804.44
2019-01-28,78.54,78.823,78.195,78.293,152723.6
2019-01-29,78.292,78.484,77.963,78.315,151077.17
2019-01-30,78.314,79.285,78.207,79.048,185615.25
2019-01-31,79.047,79.394,78.871,79.152,183071.33
2019-02-01,79.15,79.604,78.733,79.355,156467.02
2019-02-03,79.36,79.378,79.294,79.322,11765.98
2019-02-04,79.321,79.534,79.167,79.323,141560.63
2019-02-05,79.324,79.843,79.091,79.622,145449.3
2019-02-06,79.623,79.656,78.055,78.203,160812.7
2019-02-07,78.204,78.245,77.748,77.861,157351.09
2019-02-08,77.858,77.979,77.438,77.769,136910.96
2019-02-10,77.752,78.081,77.745,77.969,7441.23
2019-02-11,77.97,78.152,77.898,77.962,141013.5
2019-02-12,77.963,78.531,77.927,78.501,152067.7
2019-02-13,78.503,78.945,78.396,78.663,147775.0
2019-02-14,78.664,79.239,78.242,78.526,186482.68
2019-02-15,78.526,78.936,78.095,78.855,154305.25
2019-02-17,78.782,79.014,78.782,79.002,8648.31
2019-02-18,79.004,79.192,78.774,78.865,137146.22
2019-02-19,78.867,79.354,78.514,79.255,153024.24
2019-02-20,79.255,79.573,79.125,79.391,164436.44
2019-02-21,79.392,79.817,78.333,78.689,200607.41
2019-02-22,78.691,79.096,78.424,78.873,163210.46
2019-02-24,78.962,79.292,78.919,79.281,12240.95
2019-02-25,79.28,79.776,78.909,79.637,165097.45
2019-02-26,79.636,79.664,79.167,79.522,164962.34
2019-02-27,79.522,79.548,78.943,79.248,171187.02
2019-02-28,79.248,79.468,78.932,79.082,174806.43
2019-03-01,79.082,79.648,79.043,79.209,149947.72
2019-03-03,79.505,79.557,79.316,79.467,14974.57
2019-03-04,79.468,79.522,79.035,79.249,161466.11
2019-03-05,79.249,79.365,79.009,79.285,159381.37
2019-03-06,79.282,79.342,78.386,78.492,158178.93
2019-03-07,78.492,78.76,78.156,78.413,144302.34
2019-03-08,78.412,78.412,77.728,78.285,151656.75
2019-03-10,78.03,78.262,78.03,78.172,6538.31
2019-03-11,78.172,78.769,77.91,78.73,131219.88
2019-03-12,78.73,78.927,78.504,78.616,137408.37
2019-03-13,78.615,78.978,78.374,78.803,128381.4
2019-03-14,78.803,78.993,78.571,78.983,139846.41
2019-03-15,78.984,79.243,78.883,78.955,119605.91
2019-03-17,78.986,79.021,78.918,79.016,4716.09
2019-03-18,79.016,79.412,78.995,79.068,108856.79
2019-03-19,79.067,79.193,78.83,78.971,116386.03
2019-03-20,78.971,79.311,78.701,78.937,147490.96
2019-03-21,78.938,79.358,78.584,78.747,170959.29
2019-03-22,78.746,78.837,77.777,77.822,198136.82
2019-03-24,77.789,77.957,77.784,77.951,7873.77
2019-03-25,77.952,78.346,77.541,78.315,193486.54
2019-03-26,78.312,79.001,78.288,78.907,167474.58
2019-03-27,78.907,78.914,78.007,78.275,203682.53
2019-03-28,78.274,78.443,77.912,78.354,178729.16
2019-03-29,78.352,78.704,78.306,78.644,148456.48
2019-03-31,79.015,79.026,78.796,78.935,8970.05
2019-04-01,78.935,79.265,78.921,79.236,137150.24
2019-04-02,79.235,79.402,78.511,78.551,138186.55
2019-04-03,78.551,79.464,78.491,79.281,133705.89
2019-04-04,79.28,79.464,79.149,79.372,120881.33
2019-04-05,79.373,79.636,79.256,79.358,100921.36
2019-04-07,79.351,79.407,79.291,79.318,4933.1
2019-04-08,79.317,79.507,78.949,79.363,107532.23
2019-04-09,79.363,79.614,79.136,79.179,125586.23
2019-04-10,79.18,79.608,79.005,79.534,136519.0
2019-04-11,79.534,79.634,79.425,79.522,121724.8
2019-04-12,79.521,80.484,79.459,80.312,128531.74
2019-04-14,80.329,80.403,80.292,80.335,6663.06
2019-04-15,80.336,80.442,80.188,80.304,104646.24
2019-04-16,80.303,80.387,79.889,80.211,130775.94
2019-04-17,80.213,80.72,80.106,80.344,156142.0
2019-04-18,80.345,80.6,79.91,80.022,135855.35
2019-04-19,80.022,80.11,79.957,79.993,62385.33
2019-04-21,79.984,80.05,79.904,79.992,4011.14
2019-04-22,79.992,80.079,79.773,79.841,65501.09
2019-04-23,79.841,79.845,79.256,79.338,122295.67
2019-04-24,79.338,79.356,78.391,78.647,140027.16
2019-04-25,78.648,78.711,78.115,78.283,117357.35
2019-04-26,78.284,78.8,78.175,78.517,118075.42
2019-04-28,78.48,78.625,78.48,78.609,2867.66
2019-04-29,78.609,78.944,78.603,78.797,75463.21
2019-04-30,78.8,78.925,78.286,78.537,109782.05
2019-05-01,78.537,78.702,78.081,78.171,87174.56
2019-05-02,78.169,78.46,77.959,77.973,107753.36
2019-05-03,77.975,78.182,77.829,78.013,97393.05
2019-05-05,77.057,77.55,77.057,77.154,15417.0
2019-05-06,77.158,77.666,76.79,77.477,115028.99
2019-05-07,77.477,78.042,77.116,77.273,142644.24
2019-05-08,77.272,77.38,76.896,76.927,151738.56
2019-05-09,76.927,76.973,76.341,76.741,166798.93
2019-05-10,76.739,77.234,76.571,76.936,183716.84
2019-05-12,76.726,76.865,76.57,76.571,8526.02
2019-05-13,76.572,76.685,75.734,75.804,147016.06
2019-05-14,75.806,76.359,75.798,76.087,118150.35
2019-05-15,76.088,76.094,75.524,75.817,129982.06
2019-05-16,75.818,75.999,75.397,75.726,128006.15
2019-05-17,75.725,75.84,75.33,75.571,145362.75
2019-05-19,76.078,76.107,75.809,76.036,6730.34
2019-05-20,76.038,76.389,75.901,76.18,122183.58
2019-05-21,76.184,76.281,75.619,76.097,122537.51
2019-05-22,76.098,76.185,75.795,75.797,118236.22
2019-05-23,75.799,75.88,75.445,75.571,155451.27
2019-05-24,75.574,75.828,75.389,75.696,109172.6
2019-05-26,75.745,75.89,75.716,75.807,4105.93
2019-05-27,75.807,76.008,75.693,75.783,70463.94
2019-05-28,75.783,75.952,75.548,75.729,133445.98
2019-05-29,75.728,75.862,75.453,75.795,154232.12
2019-05-30,75.799,76.164,75.483,75.497,128773.47
2019-05-31,75.5,75.643,75.08,75.08,186380.02
2019-06-02,75.019,75.125,74.974,74.985,10883.58
2019-06-03,74.984,75.486,74.967,75.303,183222.48
2019-06-04,75.302,75.693,75.075,75.678,170750.21
2019-06-05,75.677,75.902,75.378,75.493,181523.8
2019-06-06,75.494,75.775,75.275,75.631,181272.3
2019-06-07,75.634,75.815,75.49,75.717,161640.23
2019-06-09,75.987,76.017,75.836,75.865,8459.22
2019-06-10,75.864,75.92,75.414,75.426,144904.1
2019-06-11,75.425,75.676,75.395,75.507,144785.67
2019-06-12,75.512,75.555,75.142,75.182,165441.26
2019-06-13,75.184,75.282,74.771,74.86,148015.0
2019-06-14,74.859,74.919,74.481,74.556,132774.94
2019-06-16,74.562,74.702,74.524,74.671,7148.94
2019-06-17,74.671,74.78,74.355,74.371,97360.45
2019-06-18,74.371,74.719,73.929,74.716,154541.96
2019-06-19,74.717,74.773,74.307,74.437,146031.98
2019-06-20,74.437,74.679,74.131,74.259,201394.47
2019-06-21,74.259,74.537,74.141,74.287,158092.86
2019-06-23,74.331,74.538,74.331,74.534,8417.44
2019-06-24,74.533,74.799,74.509,74.763,134216.14
2019-06-25,74.767,74.855,74.335,74.597,205003.15
2019-06-26,74.597,75.353,74.597,75.261,157833.27
2019-06-27,75.262,75.618,75.234,75.478,143400.89
2019-06-28,75.48,75.791,75.326,75.757,131211.28
2019-06-30,76.033,76.285,76.024,76.109,14344.83
2019-07-01,76.109,76.109,75.419,75.481,139733.8
2019-07-02,75.481,75.745,75.314,75.42,117036.07
2019-07-03,75.422,75.904,75.132,75.769,123903.47
2019-07-04,75.768,75.925,75.616,75.743,62949.68
2019-07-05,75.744,75.899,75.552,75.676,120314.05
2019-07-07,75.635,75.793,75.617,75.736,4588.87
2019-07-08,75.737,75.887,75.633,75.801,91727.03
2019-07-09,75.801,75.913,75.298,75.436,107001.1
2019-07-10,75.437,75.621,75.29,75.382,133081.13
2019-07-11,75.384,75.725,75.182,75.708,132642.28
2019-07-12,75.707,75.909,75.541,75.727,119524.31
2019-07-14,75.669,75.77,75.656,75.658,7753.97
2019-07-15,75.664,76.02,75.618,75.941,98870.59
2019-07-16,75.94,76.142,75.822,75.906,131804.34
2019-07-17,75.908,76.003,75.608,75.641,120130.23
2019-07-18,75.642,75.987,75.446,75.91,176046.85
2019-07-19,75.911,76.11,75.815,75.833,140035.51
2019-07-21,75.844,75.943,75.844,75.938,5465.95
2019-07-22,75.935,76.16,75.833,75.847,103888.54
2019-07-23,75.849,76.073,75.614,75.711,94520.94
2019-07-24,75.711,75.722,75.342,75.491,93299.32
2019-07-25,75.494,75.588,75.251,75.53,124066.45
2019-07-26,75.532,75.585,75.023,75.08,87476.68
2019-07-28,74.996,75.115,74.996,75.02,3037.46
2019-07-29,75.021,75.193,74.902,75.088,71809.02
2019-07-30,75.087,75.192,74.585,74.632,108743.39
2019-07-31,74.633,74.891,74.348,74.479,167610.03
2019-08-01,74.48,74.852,72.868,73.073,210142.24
2019-08-02,73.073,73.126,72.216,72.442,258695.95
2019-08-04,72.393,72.463,72.361,72.362,8017.96
2019-08-05,72.361,72.398,71.234,71.416,241005.08
2019-08-06,71.416,72.714,71.394,71.898,228160.18
2019-08-07,71.897,72.051,70.738,71.702,257743.26
2019-08-08,71.704,72.358,71.566,72.115,189911.95
2019-08-09,72.109,72.235,71.479,71.674,140280.63
2019-08-11,71.575,71.694,71.385,71.419,8307.27
2019-08-12,71.419,71.689,70.899,71.19,160407.13
2019-08-13,71.191,72.93,71.021,72.454,210761.35
2019-08-14,72.453,72.48,71.249,71.536,232226.17
2019-08-15,71.537,72.502,71.503,71.846,266507.87
2019-08-16,71.847,72.236,71.808,72.059,157789.04
2019-08-18,72.029,72.247,72.029,72.223,7390.84
2019-08-19,72.224,72.307,71.974,71.986,124265.77
2019-08-20,71.987,72.357,71.905,71.984,143682.86
2019-08-21,71.985,72.404,71.985,72.32,133707.8
2019-08-22,72.316,72.338,71.835,71.935,174142.78
2019-08-23,71.932,72.109,71.032,71.117,231527.56
2019-08-25,70.707,70.76,69.956,70.312,35544.35
2019-08-26,70.315,72.075,70.312,71.735,316673.44
2019-08-27,71.733,71.773,71.258,71.427,213729.15
2019-08-28,71.427,71.589,71.218,71.493,204246.27
2019-08-29,71.493,71.808,71.119,71.703,197043.39
2019-08-30,71.702,71.755,71.335,71.58,186077.51
2019-09-01,71.334,71.465,71.22,71.381,22079.58
2019-09-02,71.381,71.532,71.222,71.271,103724.56
2019-09-03,71.271,71.726,71.094,71.588,174224.6
2019-09-04,71.588,72.346,71.558,72.272,154507.19
2019-09-05,72.273,73.148,72.272,72.935,176542.44
2019-09-06,72.932,73.284,72.843,73.167,157775.37
2019-09-08,73.051,73.263,73.051,73.212,10128.02
2019-09-09,73.213,73.703,73.037,73.675,132041.3
2019-09-10,73.675,73.832,73.414,73.792,141597.27
2019-09-11,73.791,74.283,73.667,74.26,131669.85
2019-09-12,74.266,74.487,73.872,74.246,196029.25
2019-09-13,74.249,74.496,74.157,74.36,128309.03
2019-09-15,73.746,74.209,73.742,74.115,17528.11
2019-09-16,74.115,74.296,73.834,74.204,158432.37
2019-09-17,74.204,74.283,73.895,74.213,145479.39
2019-09-18,74.214,74.236,73.848,73.99,138317.07
2019-09-19,73.989,74.011,73.126,73.39,162172.94
2019-09-20,73.39,73.457,72.697,72.743,132142.98
2019-09-22,72.952,72.958,72.843,72.865,7909.35
2019-09-23,72.862,73.04,72.621,72.876,148350.43
2019-09-24,72.879,73.304,72.716,72.844,182955.26
2019-09-25,72.846,73.082,72.479,72.744,197930.17
2019-09-26,72.743,72.991,72.623,72.764,178798.35
2019-09-27,72.764,73.319,72.622,72.968,169386.0
2019-09-29,72.976,73.059,72.893,72.985,8918.02
2019-09-30,72.986,73.101,72.701,72.943,152991.13
2019-10-01,72.944,73.374,72.044,72.274,212509.83
2019-10-02,72.275,72.483,71.732,71.881,209713.53
2019-10-03,71.882,72.164,71.739,72.046,187011.61
2019-10-04,72.046,72.456,72.03,72.344,151182.99
2019-10-06,72.046,72.265,72.046,72.205,14072.79
2019-10-07,72.203,72.418,71.918,72.205,136987.87
2019-10-08,72.207,72.54,71.92,71.955,179387.8
2019-10-09,71.953,72.488,71.841,72.05,160327.78
2019-10-10,72.053,73.077,71.966,72.947,206537.84
2019-10-11,72.947,73.957,72.917,73.579,165850.59
2019-10-13,73.56,73.749,73.551,73.736,14793.83
2019-10-14,73.733,73.737,72.993,73.44,122023.17
2019-10-15,73.439,73.686,73.079,73.474,154421.9
2019-10-16,73.472,73.557,73.054,73.424,154197.57
2019-10-17,73.422,74.402,73.398,74.111,156209.58
2019-10-18,74.111,74.353,74.098,74.295,116087.48
2019-10-20,74.233,74.341,74.097,74.241,19132.31
2019-10-21,74.241,74.728,74.235,74.615,110959.53
2019-10-22,74.615,74.823,74.3,74.427,136889.87
2019-10-23,74.426,74.513,74.016,74.414,132583.81
2019-10-24,74.415,74.491,73.926,74.03,139099.24
2019-10-25,74.029,74.312,73.965,74.102,96911.83
2019-10-27,74.156,74.198,74.125,74.183,7337.42
2019-10-28,74.183,74.581,74.069,74.532,103315.64
2019-10-29,74.53,74.822,74.51,74.645,121534.53
2019-10-30,74.644,75.143,74.528,75.042,160382.77
2019-10-31,75.038,75.294,74.318,74.44,177920.0
2019-11-01,74.44,74.886,74.354,74.759,129753.54
2019-11-03,74.818,74.84,74.757,74.834,12353.31
2019-11-04,74.834,75.008,74.664,74.885,109877.56
2019-11-05,74.882,75.407,74.736,75.195,150890.97
2019-11-06,75.197,75.302,74.819,74.896,126581.62
2019-11-07,74.899,75.673,74.566,75.388,176916.6
2019-11-08,75.388,75.558,74.745,74.923,134854.76
2019-11-10,74.87,74.959,74.861,74.888,5891.95
2019-11-11,74.886,74.92,74.606,74.675,92611.28
2019-11-12,74.675,74.942,74.522,74.57,137393.83
2019-11-13,74.57,74.706,74.194,74.408,144575.95
2019-11-14,74.407,74.428,73.355,73.634,143081.85
2019-11-15,73.633,74.212,73.584,74.179,102154.81
2019-11-17,74.105,74.142,74.053,74.078,3447.02
2019-11-18,74.077,74.32,73.889,73.943,107174.84
2019-11-19,73.943,74.277,73.592,74.028,105227.23
2019-11-20,74.027,74.159,73.628,73.734,140155.27
2019-11-21,73.734,74.05,73.489,73.707,149440.23
2019-11-22,73.707,73.917,73.587,73.691,114546.48
2019-11-24,73.797,73.854,73.75,73.839,7521.91
2019-11-25,73.839,73.997,73.728,73.861,93755.6
2019-11-26,73.863,74.106,73.717,74.042,111564.69
2019-11-27,74.041,74.294,73.9,74.025,97428.47
2019-11-28,74.024,74.164,73.961,74.12,68602.21
2019-11-29,74.12,74.275,73.924,74.009,95472.99
2019-12-01,74.123,74.146,74.053,74.1,6011.46
2019-12-02,74.099,74.519,74.085,74.328,117176.88
2019-12-03,74.328,74.844,74.184,74.429,153836.22
2019-12-04,74.43,74.643,73.896,74.54,146710.41
2019-12-05,74.539,74.626,74.164,74.284,114605.4
2019-12-06,74.287,74.535,74.167,74.252,103030.8
2019-12-08,74.203,74.289,74.175,74.26,3324.27
2019-12-09,74.261,74.261,73.973,74.123,79731.23
2019-12-10,74.124,74.275,73.824,74.081,111535.99
2019-12-11,74.08,74.755,73.944,74.576,107970.57
2019-12-12,74.574,75.973,74.538,75.77,165930.66
2019-12-13,75.77,75.958,74.973,75.179,187164.36
2019-12-15,75.218,75.281,75.127,75.196,9825.63
2019-12-16,75.197,75.629,75.125,75.306,97970.56
2019-12-17,75.312,75.352,74.942,75.028,103243.78
2019-12-18,75.03,75.207,74.847,75.092,94565.4
2019-12-19,75.093,75.432,75.049,75.366,105850.39
2019-12-20,75.367,75.613,75.219,75.507,82938.11
2019-12-22,75.394,75.612,75.394,75.612,5586.69
2019-12-23,75.612,75.795,75.47,75.742,81138.4
2019-12-24,75.742,75.783,75.593,75.678,106248.03
2019-12-25,75.676,75.753,75.569,75.732,7257.14
2019-12-26,75.732,76.185,75.728,76.096,50341.4
2019-12-27,76.096,76.545,76.025,76.427,87550.53
2019-12-29,76.365,76.499,76.365,76.414,4349.47
2019-12-30,76.413,76.508,76.088,76.23,98125.65
2019-12-31,76.227,76.435,76.055,76.235,74880.03
2020-01-01,76.266,76.316,76.101,76.311,3705.1
2020-01-02,76.311,76.321,75.672,75.799,186337.88
2020-01-03,75.798,75.801,74.854,75.063,157829.0
2020-01-05,74.866,74.977,74.732,74.967,11264.46
2020-01-06,74.967,75.27,74.852,75.203,138884.51
2020-01-07,75.204,75.262,73.871,74.082,163599.75
2020-01-08,74.082,75.068,73.756,74.966,232580.81
2020-01-09,74.968,75.202,74.95,75.041,133943.32
2020-01-10,75.042,75.697,75.029,75.511,139167.48
2020-01-12,75.534,75.675,75.503,75.59,7778.03
2020-01-13,75.588,76.009,75.555,75.878,110184.85
2020-01-14,75.879,76.103,75.699,75.74,140439.16
2020-01-15,75.741,76.036,75.58,75.9,124639.66
2020-01-16,75.901,76.244,75.866,76.006,109051.93
2020-01-17,76.007,76.167,75.663,75.675,104292.56
2020-01-19,75.658,75.842,75.651,75.822,5669.75
2020-01-20,75.822,75.894,75.525,75.751,70524.01
2020-01-21,75.753,75.813,75.108,75.258,132308.67
2020-01-22,75.259,75.408,75.029,75.071,119864.94
2020-01-23,75.071,75.492,74.649,75.034,154041.29
2020-01-24,75.032,75.172,74.424,74.519,118901.2
2020-01-26,74.195,74.329,73.989,73.996,21854.11
2020-01-27,73.997,74.313,73.541,73.657,156032.41
2020-01-28,73.657,73.877,73.295,73.817,142757.04
2020-01-29,73.817,74.008,73.444,73.603,135006.33
2020-01-30,73.602,73.633,72.803,73.017,183410.76
2020-01-31,73.016,73.439,72.415,72.415,169547.54
2020-02-02,72.471,72.581,72.41,72.539,11508.02
2020-02-03,72.537,72.923,72.505,72.662,162088.76
2020-02-04,72.662,73.847,72.499,73.667,144144.04
2020-02-05,73.668,74.342,73.54,74.142,157566.61
2020-02-06,74.141,74.391,73.977,74.02,122304.66
2020-02-07,74.02,74.025,73.044,73.199,134206.65
2020-02-09,73.116,73.309,73.052,73.117,14180.18
2020-02-10,73.117,73.67,73.097,73.429,101152.73
2020-02-11,73.428,74.003,73.321,73.797,86245.3
2020-02-12,73.796,74.292,73.646,73.757,81880.6
2020-02-13,73.758,74.09,73.626,73.755,124045.13
2020-02-14,73.754,73.985,73.607,73.663,88799.47
2020-02-16,73.827,73.911,73.721,73.841,9596.27
2020-02-17,73.841,73.952,73.645,73.693,72164.23
2020-02-18,73.695,73.697,73.189,73.579,115020.95
2020-02-19,73.581,74.472,73.426,74.29,114228.54
2020-02-20,74.29,74.416,73.789,74.034,154822.11
2020-02-21,74.033,74.297,73.427,73.859,144159.14
2020-02-23,73.262,73.743,73.251,73.685,13243.82
2020-02-24,73.685,73.908,72.996,73.281,192382.08
2020-02-25,73.282,73.498,72.525,72.848,237846.78
2020-02-26,72.848,73.012,72.198,72.263,256100.2
2020-02-27,72.267,72.589,71.771,72.133,273306.93
2020-02-28,72.133,72.186,69.374,70.287,376044.86
2020-03-01,69.46,70.302,69.426,70.131,18246.07
2020-03-02,70.13,71.198,69.855,71.073,304192.74
2020-03-03,71.073,71.509,70.301,70.482,303003.84
2020-03-04,70.48,71.427,70.475,71.396,216474.85
2020-03-05,71.396,71.398,69.951,70.305,207924.11
2020-03-06,70.306,70.425,69.58,69.895,285500.89
2020-03-08,68.845,69.177,68.516,68.727,34009.23
2020-03-09,68.724,69.009,64.356,68.006,404816.55
2020-03-10,68.01,68.987,67.056,68.215,376404.07
2020-03-11,68.223,68.786,67.575,67.703,320537.88
2020-03-12,67.707,67.813,65.047,65.671,434947.65
2020-03-13,65.668,67.739,65.668,66.699,426744.0
2020-03-15,65.747,67.375,64.856,65.799,44775.01
2020-03-16,65.797,66.237,64.053,64.808,433158.07
2020-03-17,64.817,65.825,63.919,64.314,553608.47
2020-03-18,64.313,64.647,61.685,62.755,505633.52
2020-03-19,62.751,65.543,59.888,63.928,519492.55
2020-03-20,63.928,65.63,63.409,64.219,415014.28
2020-03-22,64.312,64.529,63.351,63.496,37527.17
2020-03-23,63.496,65.25,62.921,65.103,502872.16
2020-03-24,65.103,66.638,64.945,66.331,411789.12
2020-03-25,66.33,67.703,65.338,65.407,386988.55
2020-03-26,65.42,66.588,64.911,66.328,379696.92
2020-03-27,66.326,66.932,65.483,66.502,334149.95
2020-03-29,66.265,66.494,65.911,66.337,20384.27
2020-03-30,66.337,66.668,65.735,66.623,305570.63
2020-03-31,66.624,67.265,65.579,65.987,370643.46
2020-04-01,65.986,66.356,64.865,65.337,289576.26
2020-04-02,65.344,65.626,64.393,65.518,287808.58
2020-04-03,65.512,65.59,64.833,64.977,244741.35
2020-04-05,65.131,65.214,64.854,65.146,13176.96
2020-04-06,65.15,66.808,65.128,66.75,261978.89
2020-04-07,66.753,67.674,66.429,66.847,313959.68
2020-04-08,66.845,67.991,66.475,67.899,242299.16
2020-04-09,67.907,68.882,67.487,68.73,243852.41
2020-04-10,68.73,69.027,68.485,68.738,94898.53
2020-04-12,68.787,68.971,68.525,68.629,14003.38
2020-04-13,68.63,68.935,68.334,68.872,149189.71
2020-04-14,68.874,69.261,68.503,68.924,189819.95
2020-04-15,68.924,68.946,67.58,67.887,230532.54
2020-04-16,67.888,68.947,67.588,68.636,269167.64
2020-04-17,68.639,68.75,68.071,68.409,223494.72
2020-04-19,68.413,68.459,68.228,68.242,8924.45
2020-04-20,68.241,68.895,68.13,68.282,187551.25
2020-04-21,68.29,68.335,67.29,67.779,204694.83
2020-04-22,67.782,68.473,67.698,67.897,160094.2
2020-04-23,67.905,69.008,67.748,68.643,195211.25
2020-04-24,68.644,68.783,68.214,68.714,144538.15
2020-04-26,68.633,68.793,68.577,68.776,8151.05
2020-04-27,68.778,69.386,68.721,69.2,157100.17
2020-04-28,69.202,69.564,69.032,69.416,158440.37
2020-04-29,69.416,69.945,69.281,69.876,146563.27
2020-04-30,69.876,70.167,69.242,69.673,249876.73
2020-05-01,69.678,69.722,68.497,68.569,146736.33
2020-05-03,68.476,68.531,68.008,68.056,11103.9
2020-05-04,68.056,68.714,67.995,68.559,137812.96
2020-05-05,68.559,68.986,68.459,68.48,146774.87
2020-05-06,68.483,68.621,67.63,67.881,150874.42
2020-05-07,67.883,69.206,67.881,69.147,158798.9
2020-05-08,69.147,69.727,69.146,69.66,123117.49
2020-05-10,69.576,69.896,69.48,69.876,9808.61
2020-05-11,69.878,70.175,69.379,69.765,137530.69
2020-05-12,69.765,70.156,69.135,69.141,170965.87
2020-05-13,69.143,69.761,68.89,69.003,205293.53
2020-05-14,69.009,69.486,68.546,69.463,183679.0
2020-05-15,69.462,69.532,68.635,68.645,158903.71
2020-05-17,68.74,68.938,68.653,68.886,7477.38
2020-05-18,68.886,70.073,68.825,70.049,146159.39
2020-05-19,70.054,70.961,69.876,70.518,160574.5
2020-05-20,70.522,71.032,70.269,70.918,147554.9
2020-05-21,70.917,71.082,70.494,70.683,156701.59
2020-05-22,70.684,70.795,69.938,70.308,127221.26
2020-05-24,70.28,70.56,70.238,70.524,7547.61
2020-05-25,70.525,70.581,70.199,70.532,86622.73
2020-05-26,70.536,71.782,70.475,71.436,152781.94
2020-05-27,71.436,71.923,70.813,71.38,217699.28
2020-05-28,71.381,71.778,71.014,71.392,191245.51
2020-05-29,71.393,71.929,71.139,71.847,222256.99
2020-05-31,71.689,71.841,71.609,71.717,10312.86
2020-06-01,71.718,73.298,71.687,72.966,188756.85
2020-06-02,72.967,75.333,72.945,75.241,221045.66
2020-06-03,75.243,75.767,74.406,75.504,248407.38
2020-06-04,75.503,76.204,74.859,75.732,248243.93
2020-06-05,75.735,76.748,75.593,76.35,813359.35
2020-06-07,76.336,76.786,76.306,76.734,8268.99
2020-06-08,76.734,76.734,75.556,76.148,163851.7
2020-06-09,76.152,76.273,74.468,74.804,208066.66
2020-06-10,74.808,75.612,74.514,74.559,230326.37
2020-06-11,74.562,74.825,72.767,72.936,292344.05
2020-06-12,72.937,74.301,72.527,73.715,289127.39
2020-06-14,73.411,73.533,73.218,73.255,15589.73
2020-06-15,73.254,74.84,72.645,74.833,276184.8
2020-06-16,74.833,75.087,73.322,74.032,256630.81
2020-06-17,74.03,74.308,73.42,73.491,215467.71
2020-06-18,73.491,73.894,72.986,73.362,206217.71
2020-06-19,73.362,73.826,72.98,73.03,169382.88
2020-06-21,72.722,72.995,72.714,72.856,11173.18
2020-06-22,72.863,74.143,72.805,74.069,140071.46
2020-06-23,74.068,74.421,73.202,73.89,195807.68
2020-06-24,73.893,74.161,73.307,73.372,185231.23
2020-06-25,73.375,73.909,73.313,73.812,189008.2
2020-06-26,73.813,73.88,73.307,73.597,142340.14
2020-06-28,73.421,73.599,73.326,73.559,9880.38
2020-06-29,73.562,74.01,73.466,73.927,148348.7
2020-06-30,73.931,74.595,73.606,74.508,158915.4
2020-07-01,74.51,74.701,73.917,74.206,149333.34
2020-07-02,74.205,74.706,74.178,74.377,150244.79
2020-07-03,74.381,74.675,74.327,74.562,89770.56
2020-07-05,74.464,74.778,74.453,74.75,4054.96
2020-07-06,74.75,75.161,74.731,74.879,117234.36
2020-07-07,74.879,75.062,74.561,74.677,146181.81
2020-07-08,74.678,74.986,74.506,74.943,141556.97
2020-07-09,74.944,75.061,74.566,74.633,170304.15
2020-07-10,74.634,74.66,73.982,74.293,139221.0
2020-07-12,74.292,74.405,74.263,74.298,6188.31
2020-07-13,74.299,75.007,74.19,74.413,184304.79
2020-07-14,74.413,75.023,74.243,74.94,236803.01
2020-07-15,74.94,75.275,74.795,74.916,194732.85
2020-07-16,74.916,75.099,74.681,74.837,170932.07
2020-07-17,74.841,74.967,74.753,74.853,110227.03
2020-07-19,74.804,75.005,74.795,75.004,4520.94
2020-07-20,75.005,75.332,74.852,75.267,158813.17
2020-07-21,75.268,76.314,75.212,76.254,244225.86
2020-07-22,76.255,76.87,76.051,76.485,357720.57
2020-07-23,76.483,76.709,75.758,75.845,314675.39
2020-07-24,75.845,75.9,74.864,75.395,319940.72
2020-07-26,75.123,75.362,75.078,75.219,11196.82
2020-07-27,75.218,75.423,75.006,75.361,374199.58
2020-07-28,75.363,75.577,75.007,75.24,242075.48
2020-07-29,75.24,75.514,75.172,75.336,171439.16
2020-07-30,75.336,75.482,74.825,75.396,223426.06
2020-07-31,75.396,75.921,75.012,75.551,290508.19
2020-08-02,75.412,75.659,75.37,75.643,14313.74
2020-08-03,75.644,75.804,75.098,75.455,195371.88
2020-08-04,75.455,75.812,75.386,75.8,179638.37
2020-08-05,75.801,76.407,75.698,75.98,214293.76
2020-08-06,75.982,76.437,75.662,76.349,286053.57
2020-08-07,76.351,76.438,75.725,75.798,480599.76
2020-08-09,75.812,75.875,75.694,75.748,9856.81
2020-08-10,75.748,76.017,75.686,75.839,143919.29
2020-08-11,75.839,76.335,75.839,76.087,196713.94
2020-08-12,76.088,76.714,75.86,76.546,213490.73
2020-08-13,76.545,76.701,76.314,76.465,179009.63
2020-08-14,76.469,76.503,76.149,76.428,153280.35
2020-08-16,76.369,76.654,76.328,76.642,5922.57
2020-08-17,76.643,76.677,76.349,76.471,114516.04
2020-08-18,76.47,76.549,76.116,76.342,201872.07
2020-08-19,76.345,76.678,76.076,76.238,190549.5
2020-08-20,76.239,76.313,75.609,76.126,189190.51
2020-08-21,76.127,76.275,75.629,75.749,237065.77
2020-08-23,75.798,75.905,75.601,75.803,5722.55
2020-08-24,75.802,76.149,75.717,75.992,161795.76
2020-08-25,75.993,76.651,75.86,76.58,187507.44
2020-08-26,76.579,76.768,76.427,76.701,190090.2
2020-08-27,76.7,77.536,76.625,77.531,377772.24
2020-08-28,77.531,77.958,77.089,77.576,460152.8
2020-08-30,77.6,77.871,77.525,77.781,12139.89
2020-08-31,77.781,78.461,77.409,78.198,324745.32
2020-09-01,78.198,78.36,78.007,78.119,253125.9
2020-09-02,78.117,78.168,77.536,77.827,204239.18
2020-09-03,77.827,77.906,76.935,76.954,251805.04
2020-09-04,76.954,77.526,76.77,77.346,219626.49
2020-09-06,77.379,77.468,77.255,77.405,9182.62
2020-09-07,77.403,77.602,77.239,77.391,105372.08
2020-09-08,77.392,77.64,76.115,76.398,249561.08
2020-09-09,76.397,77.425,76.257,77.289,167943.28
2020-09-10,77.289,77.736,76.924,77.077,288169.49
2020-09-11,77.078,77.588,77.038,77.293,153574.51
2020-09-13,77.202,77.348,77.19,77.299,5219.83
2020-09-14,77.298,77.323,76.954,77.003,118079.3
2020-09-15,77.005,77.509,76.785,76.893,145018.24
2020-09-16,76.895,77.181,76.445,76.66,183850.44
2020-09-17,76.659,76.786,76.102,76.566,285682.47
2020-09-18,76.563,76.854,75.981,76.17,160561.98
2020-09-20,76.156,76.295,76.103,76.243,6692.48
2020-09-21,76.243,76.391,75.266,75.676,339370.86
2020-09-22,75.675,75.769,75.114,75.35,323087.85
2020-09-23,75.351,75.378,74.358,74.392,253914.62
2020-09-24,74.391,74.627,73.971,74.386,322986.72
2020-09-25,74.385,74.627,74.013,74.154,222195.6
2020-09-27,74.144,74.383,74.143,74.328,3549.26
2020-09-28,74.326,74.822,74.112,74.797,144403.3
2020-09-29,74.799,75.512,74.612,75.509,148899.82
2020-09-30,75.508,75.703,74.872,75.552,195910.85
2020-10-01,75.553,76.052,75.484,75.792,180397.5
2020-10-02,75.794,75.846,74.929,75.358,193291.07
2020-10-04,75.455,75.722,75.392,75.688,8734.66
2020-10-05,75.687,76.078,75.641,76.037,116204.02
2020-10-06,76.038,76.164,74.939,75.102,166612.21
2020-10-07,75.103,75.754,74.993,75.618,138217.99
2020-10-08,75.618,76.077,75.523,76.074,113976.29
2020-10-09,76.073,76.52,75.927,76.406,124222.29
2020-10-11,76.346,76.511,76.285,76.311,6505.87
2020-10-12,76.307,76.37,75.865,75.934,113088.36
2020-10-13,75.934,75.95,75.44,75.559,161792.13
2020-10-14,75.56,75.718,74.972,75.081,157817.56
2020-10-15,75.08,75.259,74.255,74.676,170868.09
2020-10-16,74.676,74.735,74.392,74.578,140913.86
2020-10-18,74.566,74.824,74.505,74.783,4674.89
2020-10-19,74.784,74.949,74.3,74.389,119965.8
2020-10-20,74.386,74.612,74.201,74.36,136277.62
2020-10-21,74.36,74.611,74.202,74.368,164915.97
2020-10-22,74.368,74.857,74.186,74.768,141487.75
2020-10-23,74.767,74.924,74.37,74.702,133226.38
2020-10-25,74.657,74.759,74.501,74.658,8901.41
2020-10-26,74.661,74.943,74.507,74.606,148280.47
2020-10-27,74.606,74.784,74.274,74.466,131768.75
2020-10-28,74.466,74.63,73.39,73.593,186627.69
2020-10-29,73.594,73.852,73.135,73.58,184487.81
2020-10-30,73.581,73.92,73.143,73.521,205426.06
2020-11-01,73.424,73.516,73.18,73.284,9082.05
2020-11-02,73.285,73.958,73.229,73.86,132326.14
2020-11-03,73.86,75.383,73.609,75.237,168182.18
2020-11-04,75.236,75.475,74.073,74.986,308766.09
2020-11-05,74.984,75.461,74.561,75.241,224592.95
2020-11-06,75.239,75.371,74.9,74.966,198172.38
2020-11-08,75.198,75.305,75.082,75.23,11899.94
2020-11-09,75.232,77.038,75.089,76.532,260285.36
2020-11-10,76.528,76.825,76.244,76.649,224179.91
2020-11-11,76.649,77.098,76.506,76.781,153157.23
2020-11-12,76.782,76.823,75.917,76.088,160101.49
2020-11-13,76.092,76.302,75.758,76.008,125918.34
2020-11-15,76.123,76.371,76.01,76.305,7981.76
2020-11-16,76.303,76.771,76.09,76.513,150525.42
2020-11-17,76.513,76.562,75.895,76.008,134687.65
2020-11-18,76.008,76.158,75.695,75.81,146809.21
2020-11-19,75.81,75.85,75.404,75.448,158344.22
2020-11-20,75.447,75.975,75.447,75.782,122875.05
2020-11-22,75.757,75.942,75.748,75.921,8828.2
2020-11-23,75.92,76.331,75.817,76.25,137123.07
2020-11-24,76.25,77.003,76.25,76.984,151531.78
2020-11-25,76.985,77.042,76.454,76.878,136924.27
2020-11-26,76.878,76.917,76.652,76.696,88768.69
2020-11-27,76.697,76.952,76.496,76.814,100772.13
2020-11-29,76.838,77.112,76.815,77.034,4581.14
2020-11-30,77.036,77.048,76.569,76.756,154515.95
2020-12-01,76.757,77.011,76.631,76.977,139411.22
2020-12-02,76.976,77.498,76.85,77.443,143874.5
2020-12-03,77.442,77.562,77.162,77.213,132631.36
2020-12-04,77.212,77.501,77.02,77.302,141156.43
2020-12-06,77.332,77.502,77.303,77.426,6049.64
2020-12-07,77.427,77.488,76.9,77.123,139737.69
2020-12-08,77.124,77.369,77.064,77.159,132019.53
2020-12-09,77.154,77.943,77.137,77.522,134303.67
2020-12-10,77.523,78.586,77.519,78.375,154221.82
2020-12-11,78.377,78.78,78.191,78.33,130414.35
2020-12-13,78.517,78.574,78.43,78.489,7583.39
2020-12-14,78.492,78.704,78.275,78.369,137148.07
2020-12-15,78.374,78.543,78.145,78.332,116943.58
2020-12-16,78.331,78.431,78.124,78.326,135766.08
2020-12-17,78.324,78.821,78.286,78.54,124070.1
2020-12-18,78.539,78.824,78.437,78.692,120931.92
2020-12-20,78.513,78.639,78.42,78.51,8096.64
2020-12-21,78.509,78.575,77.492,78.286,198690.02
2020-12-22,78.286,78.354,77.849,78.191,207633.44
2020-12-23,78.192,78.584,77.959,78.502,130800.82
2020-12-24,78.502,78.844,78.483,78.69,105049.55
2020-12-25,78.686,78.776,78.42,78.684,3370.04
2020-12-27,78.67,78.803,78.576,78.79,4663.29
2020-12-28,78.79,78.881,78.477,78.683,112218.7
2020-12-29,78.684,78.956,78.684,78.804,185423.04
2020-12-30,78.805,79.397,78.747,79.284,106692.87
2020-12-31,79.285,79.79,79.28,79.384,109138.39
2021-01-03,79.418,79.681,79.366,79.616,9167.13
2021-01-04,79.616,79.621,78.849,79.099,187811.46
2021-01-05,79.101,79.836,79.042,79.708,183409.98
2021-01-06,79.711,80.551,79.53,80.521,264852.57
2021-01-07,80.521,80.691,80.162,80.639,193999.9
2021-01-08,80.645,80.926,80.382,80.706,236105.36
2021-01-10,80.561,80.686,80.272,80.359,9191.68
2021-01-11,80.359,80.447,79.994,80.262,180554.94
2021-01-12,80.26,80.72,80.18,80.67,170756.69
2021-01-13,80.668,80.684,80.265,80.428,161719.3
2021-01-14,80.429,80.852,80.401,80.741,177120.54
2021-01-15,80.739,80.788,79.718,79.96,176023.09
2021-01-17,80.023,80.066,79.84,79.841,6943.53
2021-01-18,79.84,79.911,79.51,79.697,148777.89
2021-01-19,79.697,80.318,79.688,80.142,158998.72
2021-01-20,80.142,80.376,79.977,80.307,150986.88
2021-01-21,80.308,80.515,80.189,80.32,158483.02
2021-01-22,80.319,80.445,79.902,80.015,150161.02
2021-01-24,80.089,80.131,79.995,80.055,5402.72
2021-01-25,80.056,80.338,79.76,80.051,177893.13
2021-01-26,80.051,80.345,79.605,80.325,141756.0
2021-01-27,80.323,80.441,79.595,79.651,213887.77
2021-01-28,79.651,80.236,79.201,80.007,238883.85
2021-01-29,80.006,80.647,79.807,79.96,251893.3
2021-01-31,79.851,79.953,79.69,79.805,10581.79
2021-02-01,79.805,80.209,79.788,80.062,178783.34
2021-02-02,80.061,80.366,79.538,79.885,173439.43
2021-02-03,79.884,80.187,79.825,80.176,139375.78
2021-02-04,80.177,80.331,80.045,80.239,148502.5
2021-02-05,80.24,80.915,80.039,80.863,143779.62
2021-02-07,80.77,80.954,80.761,80.926,8247.08
2021-02-08,80.928,81.189,80.831,81.101,118454.15
2021-02-09,81.1,81.159,80.645,80.946,125675.05
2021-02-10,80.946,81.097,80.751,80.805,146590.35
2021-02-11,80.804,81.372,80.673,81.2,109081.16
2021-02-12,81.199,81.484,81.084,81.409,95739.18
2021-02-14,81.463,81.582,81.434,81.563,7765.42
2021-02-15,81.56,82.088,81.51,82.034,85859.95
2021-02-16,82.036,82.413,81.88,82.086,136439.17
2021-02-17,82.086,82.292,81.759,82.12,154734.7
2021-02-18,82.118,82.3,81.824,82.075,150674.79
2021-02-19,82.073,83.157,81.99,82.94,144700.19
2021-02-21,82.946,83.265,82.939,83.186,6843.56
2021-02-22,83.186,83.434,82.987,83.104,153681.43
2021-02-23,83.104,83.366,82.913,83.258,162850.16
2021-02-24,83.258,84.528,83.24,84.504,184288.06
2021-02-25,84.504,84.949,83.508,83.651,229227.77
2021-02-26,83.651,83.743,81.984,82.06,257400.92
2021-02-28,82.12,82.635,82.086,82.551,7666.41
2021-03-01,82.55,83.132,82.414,83.054,170965.39
2021-03-02,83.051,83.635,82.625,83.53,191949.27
2021-03-03,83.531,83.754,83.009,83.009,187848.2
2021-03-04,83.01,84.038,83.007,83.274,235619.31
2021-03-05,83.27,83.592,82.779,83.171,248805.35
2021-03-07,83.316,83.744,83.298,83.557,8707.49
2021-03-08,83.557,83.616,82.927,83.389,223406.64
2021-03-09,83.39,83.915,83.173,83.77,194538.89
2021-03-10,83.769,83.928,83.479,83.834,178235.88
2021-03-11,83.834,84.562,83.79,84.528,165925.57
2021-03-12,84.527,84.776,84.21,84.567,178032.9
2021-03-14,84.463,84.714,84.392,84.694,9466.43
2021-03-15,84.696,84.729,84.113,84.55,145994.46
2021-03-16,84.55,84.663,84.189,84.456,135007.95
2021-03-17,84.453,85.099,84.121,85.098,168812.54
2021-03-18,85.099,85.448,84.354,84.449,208799.82
2021-03-19,84.45,84.546,84.114,84.25,175274.91
2021-03-21,83.684,84.164,83.663,84.077,9486.46
2021-03-22,84.077,84.378,83.836,84.244,136730.25
2021-03-23,84.247,84.265,82.464,82.545,155968.53
2021-03-24,82.545,83.039,82.286,82.58,143335.5
2021-03-25,82.58,83.061,82.553,82.892,166959.74
2021-03-26,82.892,83.836,82.828,83.739,124062.35
2021-03-28,83.734,83.886,83.643,83.848,7225.51
2021-03-29,83.847,83.933,83.335,83.898,124801.03
2021-03-30,83.9,84.284,83.694,83.919,131794.38
2021-03-31,83.919,84.476,83.873,84.106,141333.46
2021-04-01,84.106,84.273,83.43,84.247,150428.75
2021-04-02,84.247,84.484,84.029,84.058,85361.38
2021-04-04,84.124,84.34,84.103,84.33,8613.84
2021-04-05,84.33,84.411,84.077,84.378,76701.27
2021-04-06,84.375,84.461,83.787,84.173,128618.08
2021-04-07,84.172,84.244,83.489,83.638,136292.7
2021-04-08,83.637,83.784,83.286,83.709,123665.33
2021-04-09,83.71,83.785,83.036,83.532,118373.15
2021-04-11,83.525,83.686,83.468,83.622,5222.64
2021-04-12,83.622,83.642,83.153,83.425,109507.75
2021-04-13,83.425,83.463,83.032,83.295,134274.23
2021-04-14,83.295,84.286,83.106,84.117,134823.69
2021-04-15,84.114,84.411,83.881,84.247,132524.76
2021-04-16,84.247,84.379,84.076,84.111,113333.46
2021-04-18,84.055,84.103,83.858,83.858,5935.25
2021-04-19,83.86,84.147,83.749,83.941,141563.15
2021-04-20,83.942,84.716,83.357,83.501,164812.67
2021-04-21,83.502,83.923,83.221,83.775,139728.92
2021-04-22,83.775,83.861,83.062,83.193,148250.78
2021-04-23,83.194,83.743,83.101,83.496,111703.37
2021-04-25,83.497,83.655,83.491,83.527,4373.0
2021-04-26,83.528,84.499,83.499,84.36,125883.34
2021-04-27,84.359,84.515,84.076,84.473,122238.89
2021-04-28,84.472,84.752,84.135,84.647,140673.68
2021-04-29,84.647,85.005,84.36,84.698,128107.84
2021-04-30,84.698,84.851,84.137,84.301,130268.49
2021-05-02,84.367,84.401,84.275,84.371,3692.96
2021-05-03,84.372,84.749,84.357,84.634,104433.42
2021-05-04,84.633,84.736,83.932,84.33,142722.35
2021-05-05,84.331,84.704,84.293,84.657,113213.94
2021-05-06,84.655,84.933,84.241,84.918,155010.7
2021-05-07,84.917,85.315,84.722,85.132,138864.87
2021-05-09,85.294,85.329,85.176,85.319,5839.82
2021-05-10,85.317,85.803,85.124,85.341,137273.27
2021-05-11,85.342,85.444,84.82,85.207,156776.88
2021-05-12,85.205,85.259,84.592,84.793,184635.52
2021-05-13,84.796,84.839,84.292,84.588,168977.33
2021-05-14,84.587,85.169,84.527,85.053,123904.87
2021-05-16,84.916,85.139,84.843,85.109,4493.46
2021-05-17,85.107,85.112,84.455,84.917,126059.89
2021-05-18,84.918,85.148,84.767,84.782,123173.93
2021-05-19,84.784,84.956,84.042,84.35,189115.76
2021-05-20,84.35,84.647,84.237,84.579,134350.79
2021-05-21,84.578,84.653,84.109,84.154,119873.37
2021-05-23,84.174,84.229,84.101,84.137,5065.67
2021-05-24,84.136,84.415,83.973,84.366,101163.79
2021-05-25,84.364,84.666,84.241,84.313,122700.33
2021-05-26,84.313,84.8,84.288,84.492,127884.59
2021-05-27,84.492,85.067,84.333,85.016,131947.06
2021-05-28,85.017,85.151,84.547,84.651,120936.3
2021-05-30,84.539,84.761,84.539,84.716,2924.96
2021-05-31,84.715,84.905,84.593,84.784,85966.77
2021-06-01,84.784,85.053,84.664,84.922,123107.49
2021-06-02,84.921,85.189,84.762,84.87,105849.83
2021-06-03,84.872,84.99,84.304,84.501,122417.67
2021-06-04,84.502,84.844,84.323,84.763,108403.98
2021-06-06,84.735,84.865,84.565,84.858,2182.72
2021-06-07,84.857,84.877,84.65,84.753,82537.3
2021-06-08,84.752,84.851,84.635,84.695,80897.52
2021-06-09,84.694,84.834,84.66,84.722,77851.45
2021-06-10,84.721,85.017,84.625,84.749,135844.9
2021-06-11,84.75,85.052,84.389,84.475,102602.93
2021-06-13,84.441,84.59,84.441,84.565,3086.65
2021-06-14,84.565,84.938,84.471,84.862,95616.6
2021-06-15,84.861,84.929,84.516,84.605,104977.84
2021-06-16,84.607,84.755,84.065,84.348,155994.45
2021-06-17,84.35,84.609,83.068,83.367,177326.37
2021-06-18,83.368,83.38,82.362,82.362,179872.67
2021-06-20,82.485,82.704,82.386,82.667,7311.65
2021-06-21,82.669,83.273,82.133,83.165,176597.12
2021-06-22,83.164,83.654,82.788,83.595,135234.34
2021-06-23,83.59,84.144,83.529,84.072,144167.75
2021-06-24,84.072,84.166,83.873,84.095,127378.6
2021-06-25,84.096,84.255,84.022,84.115,114428.06
2021-06-27,83.933,84.159,83.847,84.155,4480.07
2021-06-28,84.154,84.155,83.594,83.709,106436.34
2021-06-29,83.71,83.725,82.954,83.048,116147.96
2021-06-30,83.051,83.349,82.811,83.318,127838.88
2021-07-01,83.318,83.654,83.109,83.292,124992.75
2021-07-02,83.292,83.638,83.038,83.511,119334.12
2021-07-04,83.454,83.614,83.405,83.554,6159.98
2021-07-05,83.554,83.713,83.419,83.636,114096.16
2021-07-06,83.634,84.193,82.751,82.891,150278.94
2021-07-07,82.892,83.345,82.648,82.79,155473.62
2021-07-08,82.791,82.805,81.319,81.614,222975.37
2021-07-09,81.616,82.545,81.342,82.475,161435.46
2021-07-11,82.223,82.589,82.223,82.547,6838.13
2021-07-12,82.546,82.672,82.015,82.498,137651.15
2021-07-13,82.499,82.818,82.078,82.28,162768.84
2021-07-14,82.278,82.528,82.12,82.284,163308.75
2021-07-15,82.282,82.304,81.428,81.486,156805.41
2021-07-16,81.487,81.942,81.344,81.387,125992.82
2021-07-18,81.418,81.554,81.146,81.177,8053.7
2021-07-19,81.178,81.253,80.013,80.366,195502.96
2021-07-20,80.365,80.671,79.839,80.665,182159.43
2021-07-21,80.665,81.193,80.087,81.05,155013.77
2021-07-22,81.049,81.481,80.856,81.287,149147.62
2021-07-23,81.288,81.656,81.16,81.386,106770.12
2021-07-25,81.354,81.476,81.264,81.45,2550.89
2021-07-26,81.447,81.513,80.77,81.449,137029.3
2021-07-27,81.449,81.479,80.636,80.882,153788.08
2021-07-28,80.883,81.142,80.635,81.062,171169.76
2021-07-29,81.062,81.355,80.751,80.919,132944.45
2021-07-30,80.918,81.079,80.451,80.524,137216.14
2021-08-01,80.434,80.602,80.324,80.548,4790.26
2021-08-02,80.55,80.76,80.335,80.427,122519.64
2021-08-03,80.427,80.914,80.154,80.617,137200.05
2021-08-04,80.617,81.034,80.521,80.861,118763.06
2021-08-05,80.861,81.353,80.842,81.247,110198.39
2021-08-06,81.248,81.396,81.016,81.021,107587.94
2021-08-08,80.974,81.107,80.834,80.88,8516.09
2021-08-09,80.88,81.097,80.802,80.864,102828.0
2021-08-10,80.864,81.321,80.708,81.219,94420.12
2021-08-11,81.22,81.581,81.108,81.353,91991.98
2021-08-12,81.352,81.374,80.947,81.045,78396.3
2021-08-13,81.047,81.107,80.743,80.747,68671.0
2021-08-15,80.711,80.875,80.711,80.742,5420.23
2021-08-16,80.743,80.752,79.888,80.214,98905.44
2021-08-17,80.215,80.216,79.335,79.471,112628.35
2021-08-18,79.47,79.772,79.247,79.423,114074.29
2021-08-19,79.423,79.55,78.244,78.441,165500.84
2021-08-20,78.441,78.632,77.894,78.303,114555.66
2021-08-22,78.216,78.455,78.001,78.407,5731.06
2021-08-23,78.408,79.185,78.405,79.06,114434.84
2021-08-24,79.06,79.744,79.026,79.538,108628.12
2021-08-25,79.537,80.099,79.393,80.022,105610.96
2021-08-26,80.025,80.091,79.568,79.654,116777.71
2021-08-27,79.654,80.348,79.415,80.249,110345.6
2021-08-29,80.215,80.381,80.215,80.367,3244.26
2021-08-30,80.367,80.376,79.976,80.148,80684.26
2021-08-31,80.149,80.637,80.072,80.536,123434.02
2021-09-01,80.537,81.228,80.523,81.093,116964.41
2021-09-02,81.093,81.523,80.884,81.332,105111.82
2021-09-03,81.333,82.025,81.251,81.727,117773.07
2021-09-05,81.7,81.821,81.696,81.709,3988.5
2021-09-06,81.71,81.832,81.544,81.667,117127.55
2021-09-07,81.667,81.989,81.284,81.468,132406.96
2021-09-08,81.47,81.646,80.97,81.133,128298.44
2021-09-09,81.133,81.195,80.772,80.878,133877.65
2021-09-10,80.878,81.427,80.75,80.795,109571.1
2021-09-12,80.783,80.967,80.681,80.957,4933.72
2021-09-13,80.955,81.132,80.666,81.018,118706.46
2021-09-14,81.016,81.149,80.171,80.275,131512.99
2021-09-15,80.276,80.346,79.827,80.298,124063.34
2021-09-16,80.299,80.366,79.747,79.984,124698.92
2021-09-17,79.983,80.504,79.861,79.863,122068.78
2021-09-19,79.8,79.913,79.784,79.881,3751.31
2021-09-20,79.88,79.962,79.049,79.445,180713.38
2021-09-21,79.444,79.831,78.853,78.9,156586.67
2021-09-22,78.897,79.943,78.844,79.428,169814.93
2021-09-23,79.427,80.595,79.353,80.502,136782.15
2021-09-24,80.501,80.767,80.005,80.342,125084.93
2021-09-26,80.284,80.496,80.209,80.47,3874.21
2021-09-27,80.47,80.962,80.412,80.783,145000.11
2021-09-28,80.782,81.31,80.485,80.789,196185.34
2021-09-29,80.788,80.928,80.182,80.354,170828.8
2021-09-30,80.355,80.903,80.293,80.572,186408.06
2021-10-01,80.571,80.808,79.899,80.602,208126.47
2021-10-03,80.47,80.808,80.47,80.71,7447.05
2021-10-04,80.71,81.176,80.489,80.886,191512.21
2021-10-05,80.885,81.346,80.548,81.25,159884.66
2021-10-06,81.248,81.402,80.57,81.127,208949.53
2021-10-07,81.127,81.712,81.008,81.697,154579.76
2021-10-08,81.695,82.072,81.555,82.005,161683.52
2021-10-10,81.925,82.083,81.853,81.897,6409.11
2021-10-11,81.896,83.556,81.885,83.32,156461.23
2021-10-12,83.319,83.8,83.01,83.26,185508.63
2021-10-13,83.26,83.71,83.118,83.653,171246.72
2021-10-14,83.652,84.458,83.641,84.389,132927.94
2021-10-15,84.389,84.925,84.334,84.743,143314.58
2021-10-17,84.707,85.017,84.606,84.883,13033.57
2021-10-18,84.883,84.895,84.274,84.746,162787.87
2021-10-19,84.746,85.642,84.692,85.621,154148.7
2021-10-20,85.619,86.023,85.482,85.963,148294.25
2021-10-21,85.962,86.254,84.888,84.966,162852.09
2021-10-22,84.971,85.542,84.608,84.681,166555.97
2021-10-24,84.766,84.896,84.706,84.893,5375.32
2021-10-25,84.893,85.303,84.792,85.229,155424.41
2021-10-26,85.227,85.92,85.201,85.778,142864.15
2021-10-27,85.778,86.057,85.047,85.326,184182.52
2021-10-28,85.325,85.707,85.113,85.563,191527.32
2021-10-29,85.564,85.871,85.32,85.727,183377.33
2021-10-31,85.609,85.884,85.609,85.879,5433.3
2021-11-01,85.881,86.058,85.606,85.799,148890.35
2021-11-02,85.8,85.909,84.495,84.743,162433.95
2021-11-03,84.741,85.204,84.498,85.196,174228.79
2021-11-04,85.196,85.206,83.895,84.329,185782.26
2021-11-05,84.328,84.328,83.819,83.915,179223.67
2021-11-07,83.793,84.019,83.792,83.916,5021.13
2021-11-08,83.918,84.172,83.838,83.973,129960.87
2021-11-09,83.972,83.988,83.117,83.281,176065.03
2021-11-10,83.281,83.955,82.993,83.536,203848.67
2021-11-11,83.534,83.661,83.106,83.142,143926.69
2021-11-12,83.141,83.557,83.117,83.467,138387.59
2021-11-14,83.422,83.662,83.422,83.571,3566.57
2021-11-15,83.569,83.926,83.431,83.83,130437.46
2021-11-16,83.829,84.159,83.694,83.89,160953.0
2021-11-17,83.889,83.912,82.817,82.995,167674.55
2021-11-18,82.994,83.258,82.683,83.158,152267.8
2021-11-19,83.154,83.358,82.156,82.474,196273.17
2021-11-21,82.431,82.537,82.347,82.537,4992.48
2021-11-22,82.535,83.21,82.452,82.961,157479.04
2021-11-23,82.96,83.249,82.652,83.151,194881.72
2021-11-24,83.151,83.236,82.739,83.11,177107.4
2021-11-25,83.111,83.196,82.529,82.545,130569.28
2021-11-26,82.544,82.592,80.47,80.549,277595.81
2021-11-28,81.133,81.34,80.643,81.224,15759.47
2021-11-29,81.221,81.409,80.649,81.317,203898.37
2021-11-30,81.317,81.392,80.114,80.722,295413.46
2021-12-01,80.724,81.475,79.976,80.227,237698.29
2021-12-02,80.226,80.558,79.912,80.103,228440.31
2021-12-03,80.103,80.204,78.787,78.862,212020.98
2021-12-05,78.964,79.344,78.959,79.326,6180.25
2021-12-06,79.327,80.061,79.085,79.98,155171.68
2021-12-07,79.979,80.927,79.854,80.854,150705.6
2021-12-08,80.855,81.715,80.673,81.497,179482.82
2021-12-09,81.494,81.668,80.919,81.066,129059.89
2021-12-10,81.065,81.555,80.827,81.279,144229.79
2021-12-12,81.102,81.389,81.067,81.335,7466.86
2021-12-13,81.336,81.487,80.702,80.991,113877.46
2021-12-14,80.992,81.148,80.477,80.798,145429.0
2021-12-15,80.801,81.896,80.771,81.797,170587.84
2021-12-16,81.797,82.437,81.421,81.557,183656.53
2021-12-17,81.558,81.748,80.93,80.93,176104.34
2021-12-19,80.986,81.092,80.751,80.781,7485.58
2021-12-20,80.781,80.953,80.27,80.805,187093.85
2021-12-21,80.806,81.669,80.623,81.475,129729.77
2021-12-22,81.475,82.473,81.261,82.306,123385.27
2021-12-23,82.305,82.983,82.135,82.77,102776.06
2021-12-24,82.77,82.871,82.484,82.5,119164.11
2021-12-26,82.646,82.75,82.139,82.661,3042.45
2021-12-27,82.664,83.223,82.621,83.058,62231.04
2021-12-28,83.06,83.436,82.87,83.009,82897.46
2021-12-29,83.007,83.497,82.794,83.433,105165.74
2021-12-30,83.431,83.757,83.32,83.415,95887.12
2021-12-31,83.414,83.749,83.387,83.643,81800.04
2022-01-02,83.461,83.771,83.442,83.683,3267.9
2022-01-03,83.684,83.861,82.825,82.986,109011.88
2022-01-04,82.986,84.174,82.944,84.091,144308.28
2022-01-05,84.093,84.296,83.748,83.85,153877.38
2022-01-06,83.849,83.884,82.683,82.986,161207.46
2022-01-07,82.984,83.22,82.627,82.943,124305.72
2022-01-09,82.933,83.057,82.857,82.994,5542.65
2022-01-10,82.993,83.361,82.33,82.765,146050.11
2022-01-11,82.77,83.219,82.575,83.153,151695.72
2022-01-12,83.151,83.676,83.03,83.5,146106.49
2022-01-13,83.5,83.744,82.999,83.088,154227.14
2022-01-14,83.088,83.102,82.089,82.349,184610.77
2022-01-16,82.358,82.504,82.309,82.482,5935.9
2022-01-17,82.483,82.762,82.346,82.622,105142.69
2022-01-18,82.621,82.961,82.16,82.332,195153.46
2022-01-19,82.333,82.794,82.078,82.511,185869.21
2022-01-20,82.51,82.97,82.11,82.258,179119.46
2022-01-21,82.261,82.272,81.493,81.531,237148.66
2022-01-23,81.507,81.788,81.5,81.78,7330.34
2022-01-24,81.782,81.827,80.693,81.562,287426.7
2022-01-25,81.562,81.779,81.041,81.528,295033.95
2022-01-26,81.526,82.15,81.218,81.695,269543.84
2022-01-27,81.694,81.758,80.913,81.149,331885.51
2022-01-28,81.149,81.337,80.365,80.526,309800.11
2022-01-30,80.568,80.696,80.545,80.639,11059.22
2022-01-31,80.64,81.623,80.565,81.367,217848.71
2022-02-01,81.367,81.899,80.901,81.845,228230.6
2022-02-02,81.844,81.988,81.381,81.445,194746.88
2022-02-03,81.445,82.282,81.382,82.104,247619.75
2022-02-04,82.105,82.219,81.295,81.499,249717.39
2022-02-06,81.548,81.685,81.542,81.573,10298.27
2022-02-07,81.575,82.05,81.411,82.006,205414.44
2022-02-08,82.006,82.655,81.98,82.55,193466.03
2022-02-09,82.548,83.053,82.46,82.965,165618.58
2022-02-10,82.964,83.988,82.728,83.109,272568.56
2022-02-11,83.11,83.252,81.976,82.371,293398.82
2022-02-13,82.181,82.644,82.181,82.576,9611.28
2022-02-14,82.576,82.597,81.547,82.401,337819.43
2022-02-15,82.4,82.727,81.889,82.661,221216.1
2022-02-16,82.658,83.197,82.626,82.994,210215.26
2022-02-17,82.993,83.338,82.336,82.55,286219.75
2022-02-18,82.548,83.325,82.42,82.473,239705.48
2022-02-20,82.47,82.584,82.342,82.447,8316.86
2022-02-21,82.451,83.051,82.121,82.334,206585.25
2022-02-22,82.335,83.202,82.246,83.176,298413.37
2022-02-23,83.176,83.833,82.976,83.043,201783.89
2022-02-24,83.04,83.079,82.012,82.732,495656.47
2022-02-25,82.731,83.614,82.44,83.49,334692.31
2022-02-27,82.458,83.181,82.458,83.054,23212.21
2022-02-28,83.052,83.704,82.756,83.535,317238.27
2022-03-01,83.537,83.859,83.099,83.383,278632.07
2022-03-02,83.385,84.439,83.318,84.245,304664.14
2022-03-03,84.243,84.933,84.12,84.712,245810.14
2022-03-04,84.715,85.142,84.156,84.715,307024.96
2022-03-06,84.743,84.999,84.472,84.992,15697.65
2022-03-07,84.992,85.508,84.267,84.549,373155.95
2022-03-08,84.549,84.836,83.809,84.102,351283.91
2022-03-09,84.103,84.981,84.103,84.804,270143.98
2022-03-10,84.804,85.604,84.573,85.572,252449.2
2022-03-11,85.572,85.89,85.262,85.494,255159.8
2022-03-13,85.523,85.816,85.427,85.755,8985.81
2022-03-14,85.752,85.762,84.902,85.1,240817.18
2022-03-15,85.1,85.362,84.59,85.065,247662.13
2022-03-16,85.063,86.734,85.017,86.636,266640.5
2022-03-17,86.636,87.59,86.485,87.455,236601.2
2022-03-18,87.455,88.375,87.446,88.287,184152.04
2022-03-20,88.165,88.4,88.157,88.371,8890.11
2022-03-21,88.37,88.503,87.832,88.443,181068.93
2022-03-22,88.443,90.652,88.398,90.544,215341.81
2022-03-23,90.542,90.934,89.932,90.824,202039.86
2022-03-24,90.824,92.011,90.524,91.887,222714.13
2022-03-25,91.887,91.934,91.058,91.679,242358.65
2022-03-27,91.51,91.985,91.503,91.912,9696.36
2022-03-28,91.911,94.312,91.697,92.658,362147.25
2022-03-29,92.659,93.007,91.444,92.519,340634.87
2022-03-30,92.516,92.516,91.133,91.53,320435.8
2022-03-31,91.532,92.094,90.759,91.205,322690.27
2022-04-01,91.201,92.324,91.167,91.835,268509.15
2022-04-03,91.828,91.965,91.764,91.797,10661.99
2022-04-04,91.795,92.744,91.568,92.626,219926.4
2022-04-05,92.625,94.166,92.264,93.795,260437.55
2022-04-06,93.795,94.133,92.721,92.848,291877.63
2022-04-07,92.847,92.909,92.408,92.797,244709.3
2022-04-08,92.799,92.894,92.462,92.694,224513.61
2022-04-10,92.487,92.823,92.46,92.619,8886.93
2022-04-11,92.617,93.616,92.517,93.04,281560.85
2022-04-12,93.037,93.801,92.832,93.485,284173.98
2022-04-13,93.484,93.861,93.013,93.394,320009.73
2022-04-14,93.396,93.666,93.121,93.461,273043.38
2022-04-15,93.461,93.783,93.352,93.374,243717.9
2022-04-17,93.416,93.723,93.331,93.647,13263.82
2022-04-18,93.646,93.717,93.076,93.538,196033.84
2022-04-19,93.538,95.658,93.438,95.616,337096.5
2022-04-20,95.617,95.741,94.752,95.265,371976.65
2022-04-21,95.267,95.584,94.404,94.528,312608.12
2022-04-22,94.529,94.706,92.989,93.008,334023.14
2022-04-24,93.044,93.293,92.978,93.006,13892.47
2022-04-25,93.006,93.047,91.111,91.699,421235.39
2022-04-26,91.703,92.584,90.439,90.887,386421.18
2022-04-27,90.887,91.982,90.791,91.473,364481.44
2022-04-28,91.474,93.522,91.332,92.979,407707.24
2022-04-29,92.982,93.467,91.588,91.612,347579.51
2022-05-01,91.736,92.142,91.648,91.82,21893.94
2022-05-02,91.819,92.027,91.497,91.739,305675.12
2022-05-03,91.739,92.937,91.738,92.397,272247.37
2022-05-04,92.397,94.024,92.261,93.711,285108.95
2022-05-05,93.712,93.785,92.295,92.778,390232.77
2022-05-06,92.778,92.994,91.991,92.299,408387.64
2022-05-08,92.224,92.335,92.077,92.096,20202.23
2022-05-09,92.096,92.145,90.459,90.658,372329.48
2022-05-10,90.658,91.155,89.745,90.378,427752.44
2022-05-11,90.377,91.765,89.777,89.934,388914.05
2022-05-12,89.934,90.306,87.307,88.329,470746.69
2022-05-13,88.329,89.718,88.174,89.621,309449.87
2022-05-15,89.427,90.0,89.39,89.904,15384.58
2022-05-16,89.904,90.175,88.461,89.913,285722.8
2022-05-17,89.912,91.166,89.877,90.985,297400.77
2022-05-18,90.983,91.168,88.992,89.012,287814.13
2022-05-19,89.013,90.529,89.004,90.026,396551.21
2022-05-20,90.029,90.693,89.365,89.995,306485.37
2022-05-22,90.075,90.442,89.92,90.307,13466.65
2022-05-23,90.304,91.041,90.062,90.574,285711.34
2022-05-24,90.572,90.713,89.239,89.998,292130.03
2022-05-25,89.996,90.513,89.304,90.142,296194.99
2022-05-26,90.142,90.655,89.645,90.218,251657.32
2022-05-27,90.216,91.016,89.989,90.97,204490.12
2022-05-29,90.962,91.222,90.809,91.104,9106.58
2022-05-30,91.104,92.001,90.947,91.926,167392.51
2022-05-31,91.927,92.522,91.581,92.465,275366.64
2022-06-01,92.466,93.615,92.421,93.314,267990.27
2022-06-02,93.315,94.461,92.841,94.399,214736.53
2022-06-03,94.397,94.573,94.106,94.275,209870.9
2022-06-05,94.386,94.44,94.126,94.126,10898.7
2022-06-06,94.127,95.095,93.767,94.975,196810.51
2022-06-07,94.979,96.135,94.811,95.912,271005.19
2022-06-08,95.909,96.878,95.741,96.619,285908.57
2022-06-09,96.618,96.698,95.277,95.38,318118.95
2022-06-10,95.381,95.533,94.321,94.673,297099.25
2022-06-12,94.494,94.755,94.437,94.613,17599.48
2022-06-13,94.612,94.988,92.617,93.167,384812.77
2022-06-14,93.166,93.894,92.424,93.166,425930.91
2022-06-15,93.167,94.124,92.94,94.067,412472.18
2022-06-16,94.066,94.537,91.962,93.22,475119.74
2022-06-17,93.22,94.569,92.96,93.536,450828.06
2022-06-19,93.348,94.17,93.347,94.041,18960.57
2022-06-20,94.04,94.355,93.378,94.138,280226.39
2022-06-21,94.136,95.318,93.782,94.866,309616.86
2022-06-22,94.869,94.918,93.587,93.901,346468.5
2022-06-23,93.901,94.165,92.644,93.057,390282.97
2022-06-24,93.057,94.021,92.781,93.832,287663.33
2022-06-26,93.639,94.06,93.639,93.785,14938.19
2022-06-27,93.784,93.943,92.969,93.734,325097.45
2022-06-28,93.73,94.714,93.456,93.914,367612.76
2022-06-29,93.916,94.305,93.467,93.968,387012.33
2022-06-30,93.965,94.283,93.338,93.669,374861.65
2022-07-01,93.665,93.785,91.421,92.08,394075.78
2022-07-03,92.101,92.297,91.973,91.977,19835.17
2022-07-04,91.978,93.511,91.587,93.354,236265.38
2022-07-05,93.353,93.982,91.736,92.081,388638.21
2022-07-06,92.08,92.517,91.527,92.198,433626.77
2022-07-07,92.198,93.164,91.896,93.067,313557.79
2022-07-08,93.07,93.479,92.329,93.246,357380.63
2022-07-10,93.156,93.414,93.098,93.291,13011.79
2022-07-11,93.3,93.689,92.303,92.619,304546.71
2022-07-12,92.619,92.659,91.955,92.235,367373.93
2022-07-13,92.234,93.372,92.228,92.659,390851.61
2022-07-14,92.658,94.252,92.634,93.894,420409.69
2022-07-15,93.893,94.265,93.151,94.033,313805.06
2022-07-17,94.003,94.302,93.955,94.219,14697.24
2022-07-18,94.22,94.635,93.933,94.146,299411.07
2022-07-19,94.146,95.445,93.996,95.284,310845.7
2022-07-20,95.282,95.753,95.018,95.283,304394.78
2022-07-21,95.283,95.594,94.87,94.885,395235.48
2022-07-22,94.886,95.38,94.049,94.167,371808.4
2022-07-24,94.264,94.316,94.098,94.123,16570.07
2022-07-25,94.124,95.184,93.889,94.804,295250.04
2022-07-26,94.805,95.268,94.568,95.124,266744.16
2022-07-27,95.125,95.69,94.747,95.186,309023.97
2022-07-28,95.185,95.32,93.568,94.038,382518.27
2022-07-29,94.041,94.261,92.856,93.101,385755.87
2022-07-31,92.929,93.143,92.927,92.963,20176.71
2022-08-01,92.963,93.311,92.264,92.296,373666.32
2022-08-02,92.296,92.398,90.52,91.872,504158.67
2022-08-03,91.871,93.219,91.717,92.906,400256.15
2022-08-04,92.905,93.803,92.239,92.296,357955.54
2022-08-05,92.296,93.622,92.267,93.262,336942.77
2022-08-07,93.226,93.434,93.096,93.231,20415.28
2022-08-08,93.231,94.427,93.213,94.231,280467.73
2022-08-09,94.228,94.388,93.896,94.021,221270.74
2022-08-10,94.03,94.295,93.468,94.052,321605.78
2022-08-11,94.048,94.599,93.849,94.451,319469.41
2022-08-12,94.454,95.147,94.434,95.04,280057.6
2022-08-14,94.916,95.083,94.839,94.856,11530.65
2022-08-15,94.858,94.947,93.063,93.443,288363.18
2022-08-16,93.442,94.473,93.076,94.254,274182.32
2022-08-17,94.256,94.379,93.513,93.537,328283.27
2022-08-18,93.537,94.184,93.37,93.855,332123.04
2022-08-19,93.855,94.549,93.854,94.081,300466.39
2022-08-21,94.001,94.256,93.894,94.229,16530.79
2022-08-22,94.229,94.838,94.128,94.623,295158.08
2022-08-23,94.623,94.852,94.099,94.637,353531.25
2022-08-24,94.638,94.794,94.193,94.667,329044.8
2022-08-25,94.669,95.436,94.662,95.071,317927.92
2022-08-26,95.072,95.767,94.618,94.893,352473.57
2022-08-28,94.689,94.875,94.684,94.841,18838.06
2022-08-29,94.841,95.92,94.817,95.762,375121.13
2022-08-30,95.762,96.2,94.973,95.108,365525.47
2022-08-31,95.108,95.566,94.89,95.13,361471.38
2022-09-01,95.129,95.37,94.76,95.186,391459.52
2022-09-02,95.186,96.036,95.016,95.441,337506.49
2022-09-04,94.954,95.489,94.951,95.402,16572.94
2022-09-05,95.402,95.725,95.03,95.647,274591.19
2022-09-06,95.649,96.629,95.483,96.311,401093.99
2022-09-07,96.312,97.492,95.995,97.291,475160.46
2022-09-08,97.294,97.464,96.638,97.321,443977.19
2022-09-09,97.318,97.913,97.069,97.543,454661.23
2022-09-11,97.114,97.721,96.941,97.589,15850.22
2022-09-12,97.589,98.407,97.421,98.276,378360.46
2022-09-13,98.278,98.588,97.187,97.368,427874.88
2022-09-14,97.368,97.54,95.981,96.506,479672.98
2022-09-15,96.505,97.13,95.807,95.841,341230.94
2022-09-16,95.84,96.426,95.549,96.037,323170.27
2022-09-18,95.953,96.17,95.924,96.001,17993.8
2022-09-19,96.001,96.442,95.713,96.363,340239.12
2022-09-20,96.362,96.538,95.885,96.121,270441.42
2022-09-21,96.121,96.258,95.343,95.372,449480.06
2022-09-22,95.372,96.407,93.561,94.52,551325.61
2022-09-23,94.52,94.678,93.382,93.57,498419.35
2022-09-25,93.594,93.77,93.344,93.731,25959.64
2022-09-26,93.728,94.024,93.146,93.486,612152.65
2022-09-27,93.488,93.958,92.906,93.106,525211.93
2022-09-28,93.103,94.027,92.124,93.898,612418.65
2022-09-29,93.902,94.078,93.118,93.985,563164.72
2022-09-30,93.985,94.212,92.517,92.551,544585.88
2022-10-02,92.522,93.108,92.522,92.954,21202.16
2022-10-03,92.956,94.352,92.776,93.982,461435.28
2022-10-04,93.981,94.691,93.203,93.693,463029.6
2022-10-05,93.69,94.083,92.926,94.058,445143.0
2022-10-06,94.058,94.533,92.631,93.034,504953.62
2022-10-07,93.034,93.227,92.405,92.559,389909.34
2022-10-09,92.376,92.535,92.222,92.523,23486.99
2022-10-10,92.524,92.766,91.478,91.709,406534.72
2022-10-11,91.71,92.326,91.074,91.392,430073.27
2022-10-12,91.395,92.416,91.289,92.107,462230.27
2022-10-13,92.105,92.825,90.837,92.726,457367.98
2022-10-14,92.726,93.544,92.104,92.199,452551.71
2022-10-16,92.2,92.493,92.085,92.476,18528.5
2022-10-17,92.477,93.865,92.26,93.806,364029.3
2022-10-18,93.807,94.409,93.14,94.224,404609.78
2022-10-19,94.223,94.396,93.688,93.835,356661.72
2022-10-20,93.834,95.154,93.37,94.217,413203.5
2022-10-21,94.219,95.741,93.071,94.215,520231.9
2022-10-23,94.426,95.423,92.931,94.001,56538.22
2022-10-24,94.002,94.807,93.584,94.207,499181.43
2022-10-25,94.21,94.664,93.865,94.465,375906.89
2022-10-26,94.463,95.439,94.393,94.891,432049.69
2022-10-27,94.89,95.01,94.131,94.355,420231.48
2022-10-28,94.355,94.905,94.219,94.495,351954.55
2022-10-30,94.383,94.64,94.383,94.609,23056.44
2022-10-31,94.607,95.348,94.601,95.333,286885.98
2022-11-01,95.334,95.558,94.475,94.617,332126.53
2022-11-02,94.616,94.774,93.656,93.729,387093.0
2022-11-03,93.729,93.824,92.959,93.304,341596.7
2022-11-04,93.302,95.079,93.09,94.847,385287.3
2022-11-06,94.424,94.69,94.117,94.548,20402.44
2022-11-07,94.548,95.03,94.294,94.922,325217.57
2022-11-08,94.922,95.198,94.369,94.566,327349.42
2022-11-09,94.565,94.783,93.981,94.011,373125.92
2022-11-10,94.01,94.343,92.91,93.63,442799.88
2022-11-11,93.632,94.246,92.595,93.051,511650.51
2022-11-13,93.197,93.696,92.935,93.464,19506.01
2022-11-14,93.46,94.29,92.908,93.756,352319.55
2022-11-15,93.752,94.52,93.475,94.068,462198.75
2022-11-16,94.068,94.65,93.749,93.884,378726.74
2022-11-17,93.885,94.058,93.153,93.903,355540.82
2022-11-18,93.903,94.091,93.227,93.623,298214.03
2022-11-20,93.528,93.796,93.399,93.738,10687.51
2022-11-21,93.738,94.079,93.183,93.884,297381.56
2022-11-22,93.884,94.017,93.563,93.855,260414.68
2022-11-23,93.858,94.131,93.668,93.932,295232.99
2022-11-24,93.932,94.001,93.119,93.767,227189.4
2022-11-25,93.767,94.056,93.612,93.835,226671.25
2022-11-27,93.498,93.701,93.421,93.534,15508.15
2022-11-28,93.534,93.565,92.143,92.27,320425.07
2022-11-29,92.269,93.184,92.182,92.729,299849.76
2022-11-30,92.735,93.847,92.596,93.392,370005.2
2022-12-01,93.393,93.616,92.0,92.044,407991.26
2022-12-02,92.042,92.234,91.128,91.192,343808.98
2022-12-04,91.208,91.614,91.018,91.61,13953.09
2022-12-05,91.609,92.192,91.418,91.599,321073.77
2022-12-06,91.599,92.334,91.421,91.684,307793.41
2022-12-07,91.683,92.129,91.623,91.719,308766.07
2022-12-08,91.719,92.582,91.618,92.573,275143.5
2022-12-09,92.57,92.899,91.873,92.77,296875.47
2022-12-11,92.634,92.884,92.57,92.674,11743.05
2022-12-12,92.676,92.971,92.386,92.843,298511.86
2022-12-13,92.844,93.354,92.511,92.751,396983.34
2022-12-14,92.751,92.999,92.39,92.821,383713.21
2022-12-15,92.821,93.061,92.15,92.368,359328.35
2022-12-16,92.368,92.398,91.214,91.326,298646.87
2022-12-18,91.05,91.381,91.05,91.325,9710.12
2022-12-19,91.327,91.956,91.064,91.843,268325.85
2022-12-20,91.843,92.02,87.021,88.208,511895.78
2022-12-21,88.204,88.881,87.765,88.86,304755.25
2022-12-22,88.858,89.268,88.068,88.35,273207.43
2022-12-23,88.35,89.293,88.241,89.107,197335.01
2022-12-25,89.016,89.092,88.994,89.024,382.2
2022-12-26,89.014,89.714,88.429,89.534,57053.59
2022-12-27,89.533,90.131,89.436,89.818,225864.76
2022-12-28,89.817,91.057,89.812,90.427,262957.38
2022-12-29,90.43,90.565,89.626,89.929,204640.08
2022-12-30,89.929,89.987,89.013,89.275,256288.91
2023-01-01,88.817,89.219,88.817,89.207,76.48
2023-01-02,89.184,89.318,88.768,89.038,101961.28
2023-01-03,89.036,89.088,87.409,88.296,382214.69
2023-01-04,88.298,90.876,88.024,90.312,408305.31
2023-01-05,90.308,90.979,89.809,90.027,353270.01
2023-01-06,90.024,90.95,90.024,90.791,309460.26
2023-01-08,90.713,91.034,90.664,90.889,14820.02
2023-01-09,90.89,91.817,90.818,91.013,355927.69
2023-01-10,91.016,91.302,90.78,91.058,330209.46
2023-01-11,91.058,91.669,91.056,91.13,271863.26
2023-01-12,91.13,91.285,89.893,89.994,425161.04
2023-01-13,89.993,90.082,88.636,89.139,362861.4
2023-01-15,89.05,89.339,89.007,89.28,9679.89
2023-01-16,89.281,89.586,89.141,89.4,246447.76
2023-01-17,89.4,89.871,89.261,89.639,320418.01
2023-01-18,89.639,91.916,89.19,89.261,465556.63
2023-01-19,89.26,89.26,88.112,88.725,309526.13
2023-01-20,88.725,90.431,88.722,90.191,269216.42
2023-01-22,90.118,90.403,90.102,90.358,8144.47
2023-01-23,90.358,91.926,90.163,91.779,284638.81
2023-01-24,91.78,91.925,91.254,91.767,218560.55
2023-01-25,91.772,92.782,91.41,91.867,238698.85
2023-01-26,91.867,92.813,91.64,92.338,303782.47
2023-01-27,92.338,92.547,92.06,92.251,231496.66
2023-01-29,92.021,92.3,91.95,92.284,8107.32
2023-01-30,92.284,92.653,91.606,92.093,271090.23
2023-01-31,92.091,92.108,91.085,91.741,280145.6
2023-02-01,91.741,92.235,91.203,91.916,332369.71
2023-02-02,91.914,92.158,90.869,91.07,343925.74
2023-02-03,91.071,91.484,90.363,90.755,322809.48
2023-02-05,91.284,91.362,90.881,91.361,14543.32
2023-02-06,91.36,91.609,90.958,91.358,301890.18
2023-02-07,91.36,91.944,90.718,91.271,382723.11
2023-02-08,91.271,91.548,90.898,91.025,285595.22
2023-02-09,91.025,91.578,90.946,91.249,291053.81
2023-02-10,91.249,91.467,90.225,90.871,337725.51
2023-02-12,90.766,91.025,90.766,90.939,6548.81
2023-02-13,90.94,92.486,90.822,92.214,257742.71
2023-02-14,92.214,93.036,91.802,92.917,386286.38
2023-02-15,92.917,92.92,91.919,92.479,299258.51
2023-02-16,92.48,92.728,91.95,91.997,311986.47
2023-02-17,91.997,92.399,91.935,92.227,271553.61
2023-02-19,92.171,92.317,92.154,92.257,12492.26
2023-02-20,92.257,92.838,92.192,92.808,170908.93
2023-02-21,92.813,93.009,92.363,92.653,286209.84
2023-02-22,92.652,92.686,91.656,91.909,290129.56
2023-02-23,91.908,92.286,91.421,91.656,252479.43
2023-02-24,91.657,91.932,91.281,91.723,290652.02
2023-02-26,91.777,91.876,91.679,91.858,7207.62
2023-02-27,91.859,91.916,91.327,91.884,218373.43
2023-02-28,91.884,92.192,91.504,91.763,233320.78
2023-03-01,91.762,92.22,91.274,92.055,282478.34
2023-03-02,92.055,92.162,91.777,92.036,260452.1
2023-03-03,92.036,92.243,91.774,91.895,225801.52
2023-03-05,91.704,91.91,91.695,91.865,13285.05
2023-03-06,91.863,91.899,91.351,91.542,206731.78
2023-03-07,91.542,91.734,90.168,90.521,277294.27
2023-03-08,90.521,90.922,90.265,90.486,236920.17
2023-03-09,90.485,90.503,89.538,89.851,218640.23
2023-03-10,89.851,90.251,88.628,88.779,394825.79
2023-03-12,88.951,89.572,88.177,89.521,32468.84
2023-03-13,89.523,89.824,87.791,88.567,539885.4
2023-03-14,88.568,90.095,88.546,89.901,428119.67
2023-03-15,89.901,90.192,87.348,87.943,489122.15
2023-03-16,87.944,89.083,87.391,88.865,423851.6
2023-03-17,88.865,89.502,88.081,88.211,313308.45
2023-03-19,88.5,88.853,88.287,88.792,15711.42
2023-03-20,88.794,89.234,87.13,88.252,316733.88
2023-03-21,88.252,88.503,87.708,88.418,216357.54
2023-03-22,88.418,89.0,87.594,87.857,261587.25
2023-03-23,87.856,88.375,86.921,87.43,291377.54
2023-03-24,87.432,87.478,86.056,86.811,277255.15
2023-03-26,86.826,87.143,86.643,87.075,12907.7
2023-03-27,87.076,87.539,86.715,87.395,199659.27
2023-03-28,87.394,87.904,87.148,87.88,191423.89
2023-03-29,87.885,88.829,87.77,88.561,191398.26
2023-03-30,88.561,89.511,88.391,89.446,198550.91
2023-03-31,89.444,89.68,88.624,88.727,201294.87
2023-04-02,89.107,89.12,88.747,88.793,17442.82
2023-04-03,88.79,90.051,88.553,89.796,213884.5
2023-04-04,89.797,90.162,88.58,88.798,208413.44
2023-04-05,88.8,89.195,87.639,87.915,213840.22
2023-04-06,87.913,88.154,87.591,87.869,161488.02
2023-04-07,87.867,88.254,87.765,88.024,92986.58
2023-04-09,87.867,88.205,87.848,88.149,7490.55
2023-04-10,88.149,88.807,88.005,88.732,145436.58
2023-04-11,88.73,89.126,88.526,88.884,162401.79
2023-04-12,88.883,89.36,88.869,89.121,191544.75
2023-04-13,89.121,90.17,88.974,89.876,186530.12
2023-04-14,89.877,90.086,89.507,89.715,184939.41
2023-04-16,89.667,89.846,89.595,89.843,7591.65
2023-04-17,89.842,90.156,89.586,90.063,165631.36
2023-04-18,90.063,90.511,89.973,90.283,170883.34
2023-04-19,90.281,90.585,90.2,90.327,170396.89
2023-04-20,90.327,90.778,90.248,90.339,160361.47
2023-04-21,90.338,90.466,89.397,89.695,145125.47
2023-04-23,89.695,89.788,89.556,89.621,5882.84
2023-04-24,89.622,90.047,89.423,89.883,131563.84
2023-04-25,89.882,90.023,88.254,88.728,158047.76
2023-04-26,88.728,88.747,87.868,88.191,192508.49
2023-04-27,88.191,88.856,88.133,88.712,180912.47
2023-04-28,88.713,90.213,88.431,90.107,209401.72
2023-04-30,89.987,90.267,89.987,90.18,8671.26
2023-05-01,90.175,91.329,90.151,91.094,129846.78
2023-05-02,91.09,92.434,90.832,91.046,205157.46
2023-05-03,91.045,91.055,89.328,89.365,213829.67
2023-05-04,89.365,90.12,89.161,89.836,227631.95
2023-05-05,89.834,91.091,89.809,90.995,144805.12
2023-05-07,90.944,91.34,90.939,91.214,7827.44
2023-05-08,91.216,91.874,90.924,91.594,120358.33
2023-05-09,91.594,91.736,91.094,91.545,136357.4
2023-05-10,91.545,91.686,90.504,90.931,169019.41
2023-05-11,90.932,91.152,89.792,90.101,177595.27
2023-05-12,90.097,90.407,89.911,90.115,127038.87
2023-05-14,90.152,90.295,90.094,90.279,12187.51
2023-05-15,90.278,91.315,90.203,91.167,122112.53
2023-05-16,91.165,91.258,90.548,90.826,134048.8
2023-05-17,90.827,91.786,90.671,91.584,133780.49
2023-05-18,91.587,91.937,91.074,91.866,140441.67
2023-05-19,91.866,92.352,91.477,91.735,153296.16
2023-05-21,91.657,91.768,91.522,91.687,6471.23
2023-05-22,91.686,92.299,91.377,92.189,139125.26
2023-05-23,92.189,92.348,91.464,91.67,149970.91
2023-05-24,91.669,91.669,90.761,91.141,161540.88
2023-05-25,91.142,91.255,90.752,90.989,165959.7
2023-05-26,90.997,91.715,90.797,91.621,127748.98
2023-05-28,91.695,91.961,91.564,91.921,8112.39
2023-05-29,91.918,92.008,91.594,91.697,59649.16
2023-05-30,91.698,91.942,90.885,91.11,150868.47
2023-05-31,91.109,91.405,90.259,90.525,160706.92
2023-06-01,90.524,91.347,90.293,91.258,141147.86
2023-06-02,91.256,92.559,91.225,92.428,130001.89
2023-06-04,92.36,92.547,92.36,92.5,6528.23
2023-06-05,92.501,92.655,92.132,92.191,124583.42
2023-06-06,92.193,93.26,92.161,93.204,126736.88
2023-06-07,93.205,93.523,92.775,93.146,134092.75
2023-06-08,93.144,93.444,92.975,93.206,122327.39
2023-06-09,93.206,94.095,93.202,93.948,112871.15
2023-06-11,93.815,94.039,93.728,94.001,4786.9
2023-06-12,94.002,94.415,93.871,94.167,105367.31
2023-06-13,94.164,95.05,93.972,94.882,144354.38
2023-06-14,94.878,95.281,94.592,95.127,150114.69
2023-06-15,95.127,96.727,95.121,96.493,167690.65
2023-06-16,96.493,97.569,96.236,97.545,170188.43
2023-06-18,97.481,97.673,97.349,97.487,7545.9
2023-06-19,97.486,97.576,96.726,97.198,94240.92
2023-06-20,97.197,97.411,95.568,95.966,154393.38
2023-06-21,95.965,96.466,95.777,96.327,163436.9
2023-06-22,96.327,96.807,95.779,96.676,157118.92
2023-06-23,96.675,96.845,95.253,95.935,158610.93
2023-06-25,95.862,96.01,95.779,95.896,8266.04
2023-06-26,95.896,96.088,95.371,95.742,132041.4
2023-06-27,95.742,96.495,95.693,96.139,147153.8
2023-06-28,96.139,96.2,95.15,95.28,152894.11
2023-06-29,95.278,96.009,95.162,95.808,158766.33
2023-06-30,95.81,96.292,95.596,96.133,158678.55
2023-07-02,96.052,96.169,96.048,96.141,5349.42
2023-07-03,96.14,96.614,95.994,96.502,128620.16
2023-07-04,96.502,96.828,96.062,96.655,80042.27
2023-07-05,96.655,96.829,96.057,96.16,126847.68
2023-07-06,96.162,96.31,95.267,95.433,174156.47
2023-07-07,95.432,95.587,94.697,95.054,161249.45
2023-07-09,94.903,95.234,94.903,95.107,7647.22
2023-07-10,95.105,95.471,94.109,94.344,141468.4
2023-07-11,94.344,94.607,93.469,93.783,163054.24
2023-07-12,93.782,94.211,93.271,93.957,178317.59
2023-07-13,93.956,95.31,93.854,95.102,181405.86
2023-07-14,95.101,95.382,94.545,94.873,178879.3
2023-07-16,94.7,94.928,94.691,94.823,5032.7
2023-07-17,94.821,94.891,94.015,94.469,137302.03
2023-07-18,94.465,94.831,93.773,94.717,185462.51
2023-07-19,94.717,94.812,94.199,94.526,171801.38
2023-07-20,94.527,95.421,94.517,94.793,181086.95
2023-07-21,94.792,95.782,94.648,95.378,160585.56
2023-07-23,95.295,95.441,95.269,95.333,5557.8
2023-07-24,95.332,95.478,94.853,95.281,164004.64
2023-07-25,95.282,95.856,95.173,95.641,158117.51
2023-07-26,95.64,95.724,94.421,94.902,183169.82
2023-07-27,94.902,95.418,92.959,93.206,221614.13
2023-07-28,93.208,94.212,91.786,93.819,256405.4
2023-07-30,93.7,93.898,93.644,93.735,10739.11
2023-07-31,93.734,95.828,93.71,95.584,178235.55
2023-08-01,95.583,95.811,94.448,94.604,165540.64
2023-08-02,94.606,94.899,93.516,93.759,168042.08
2023-08-03,93.759,94.085,92.963,93.538,207774.51
2023-08-04,93.539,93.927,93.053,93.074,173899.07
2023-08-06,93.026,93.305,93.021,93.262,8192.05
2023-08-07,93.26,93.694,93.109,93.678,122577.04
2023-08-08,93.68,93.977,92.9,93.601,165549.25
2023-08-09,93.601,94.11,93.523,93.923,141515.35
2023-08-10,93.924,94.935,93.827,94.322,173487.16
2023-08-11,94.323,94.589,94.016,94.089,136667.89
2023-08-13,94.002,94.199,94.002,94.079,6452.48
2023-08-14,94.079,94.437,93.573,94.356,143527.85
2023-08-15,94.355,94.86,93.902,94.032,178146.12
2023-08-16,94.03,94.287,93.635,93.852,161454.15
2023-08-17,93.851,94.001,93.212,93.344,173501.94
2023-08-18,93.342,93.556,92.788,93.084,145275.09
2023-08-20,93.043,93.213,93.041,93.211,5841.48
2023-08-21,93.209,93.908,92.83,93.788,134365.92
2023-08-22,93.787,94.057,93.503,93.647,135009.74
2023-08-23,93.647,93.955,93.223,93.759,148106.1
2023-08-24,93.759,94.176,93.466,93.657,137262.08
2023-08-25,93.657,93.977,93.494,93.71,140392.27
2023-08-27,93.742,94.028,93.742,94.021,5582.26
2023-08-28,94.019,94.331,93.828,94.146,106309.2
2023-08-29,94.144,94.595,94.043,94.536,147304.3
2023-08-30,94.536,95.063,94.169,94.648,149990.38
2023-08-31,94.648,94.938,94.033,94.366,154470.48
2023-09-01,94.367,94.421,93.853,94.263,149273.11
2023-09-03,94.105,94.319,94.086,94.237,4040.49
2023-09-04,94.236,94.716,94.224,94.626,68593.68
2023-09-05,94.625,94.652,93.588,93.995,149602.01
2023-09-06,93.995,94.331,93.855,94.258,148339.74
2023-09-07,94.256,94.316,93.705,93.967,124559.02
2023-09-08,93.966,94.456,93.583,94.247,122274.0
2023-09-10,93.856,94.22,93.603,94.113,12832.04
2023-09-11,94.114,94.459,93.874,94.301,154926.69
2023-09-12,94.301,94.61,94.053,94.595,117579.92
2023-09-13,94.594,94.826,94.168,94.602,145146.54
2023-09-14,94.6,95.042,94.5,94.829,144397.22
2023-09-15,94.828,95.545,94.804,95.05,112390.61
2023-09-17,95.029,95.234,94.957,95.217,3635.0
2023-09-18,95.219,95.251,94.787,95.054,92230.26
2023-09-19,95.053,95.634,94.976,95.513,98659.66
2023-09-20,95.511,96.064,95.299,95.456,139053.52
2023-09-21,95.455,95.556,94.534,94.63,133348.52
2023-09-22,94.63,95.824,94.539,95.513,137067.64
2023-09-24,95.413,95.634,95.403,95.599,7417.01
2023-09-25,95.6,95.711,95.178,95.571,101129.16
2023-09-26,95.57,95.767,95.205,95.295,129775.81
2023-09-27,95.296,95.46,94.719,94.886,135120.26
2023-09-28,94.888,95.967,94.868,95.949,153250.08
2023-09-29,95.949,96.92,95.917,96.047,159200.61
2023-10-01,96.069,96.29,95.997,96.25,8679.88
2023-10-02,96.25,96.414,95.254,95.34,126383.4
2023-10-03,95.339,95.366,93.016,94.107,176011.08
2023-10-04,94.108,94.398,93.787,94.281,179450.11
2023-10-05,94.283,94.693,94.205,94.57,164601.07
2023-10-06,94.571,95.556,94.331,95.3,166317.1
2023-10-08,94.775,95.004,94.618,94.997,14608.88
2023-10-09,94.995,95.265,94.632,95.246,114192.51
2023-10-10,95.245,95.654,95.125,95.595,161712.22
2023-10-11,95.594,95.729,95.365,95.647,152818.56
2023-10-12,95.647,95.825,94.454,94.602,137769.62
2023-10-13,94.601,94.883,94.047,94.146,132811.41
2023-10-15,94.114,94.403,94.083,94.391,6717.05
2023-10-16,94.392,94.904,94.219,94.795,114195.94
2023-10-17,94.794,95.502,94.566,95.289,135555.79
2023-10-18,95.289,95.662,94.814,94.847,134228.14
2023-10-19,94.846,95.165,94.314,94.741,163467.99
2023-10-20,94.741,94.795,94.408,94.559,116436.17
2023-10-22,94.586,94.739,94.503,94.725,5848.25
2023-10-23,94.725,95.018,94.314,94.902,106186.77
2023-10-24,94.901,95.372,94.843,95.308,127466.29
2023-10-25,95.31,95.896,94.325,94.463,126760.29
2023-10-26,94.464,95.245,94.243,95.23,164323.92
2023-10-27,95.23,95.366,94.674,94.759,127608.06
2023-10-29,94.661,94.932,94.658,94.908,7184.64
2023-10-30,94.906,95.524,94.858,94.942,115023.07
2023-10-31,94.941,96.161,94.845,95.898,158411.29
2023-11-01,95.897,96.712,95.607,96.706,162334.34
2023-11-02,96.706,96.928,96.501,96.736,140087.95
2023-11-03,96.736,97.318,96.575,97.245,140476.42
2023-11-05,97.133,97.398,97.106,97.375,5800.05
2023-11-06,97.372,97.506,97.25,97.32,111550.49
2023-11-07,97.316,97.592,96.407,96.707,116704.64
2023-11-08,96.706,97.095,96.509,96.653,115326.2
2023-11-09,96.657,97.003,96.215,96.279,130398.21
2023-11-10,96.276,96.419,96.032,96.322,102239.87
2023-11-12,96.207,96.455,96.162,96.392,5287.83
2023-11-13,96.391,96.857,96.285,96.741,84809.97
2023-11-14,96.736,97.939,96.474,97.785,133754.53
2023-11-15,97.785,98.584,97.642,98.456,147914.09
2023-11-16,98.456,98.571,97.241,97.49,136096.85
2023-11-17,97.49,97.521,96.926,97.459,137440.67
2023-11-19,97.257,97.669,97.199,97.631,7828.39
2023-11-20,97.632,97.726,97.017,97.34,155538.57
2023-11-21,97.338,97.421,96.827,97.156,162230.58
2023-11-22,97.155,97.927,97.08,97.783,160456.69
2023-11-23,97.778,98.192,97.656,98.161,84183.97
2023-11-24,98.155,98.54,97.954,98.333,85898.06
2023-11-26,98.245,98.477,98.245,98.437,3975.19
2023-11-27,98.435,98.494,97.809,98.153,135500.44
2023-11-28,98.155,98.378,97.855,97.883,164388.04
2023-11-29,97.711,97.739,97.684,97.736,1558.68
2023-11-30,97.309,98.099,97.252,97.776,196920.74
2023-12-01,97.774,98.068,97.691,97.924,174691.64
2023-12-03,97.763,97.945,97.692,97.802,12807.79
2023-12-04,97.802,97.909,97.195,97.471,183489.82
2023-12-05,97.47,97.513,96.263,96.471,186903.47
2023-12-06,96.467,97.172,96.346,96.421,155574.09
2023-12-07,96.42,96.48,93.691,95.108,236808.62
2023-12-08,95.107,95.595,94.163,95.327,268182.16
2023-12-10,95.137,95.427,95.136,95.394,8607.89
2023-12-11,95.393,96.145,95.314,95.875,155789.48
2023-12-12,95.875,96.013,95.187,95.378,167945.38
2023-12-13,95.377,95.66,94.57,95.172,209146.92
2023-12-14,95.169,95.505,94.814,95.349,285285.2
2023-12-15,95.349,95.441,94.718,95.25,202977.55
2023-12-17,95.09,95.346,95.09,95.339,6539.54
2023-12-18,95.336,96.14,95.276,95.659,156320.77
2023-12-19,95.649,97.582,95.48,97.267,195754.77
2023-12-20,97.271,97.4,96.388,96.72,218373.16
2023-12-21,96.719,96.765,96.325,96.521,206558.42
2023-12-22,96.52,97.01,96.358,96.829,196149.06
2023-12-25,96.753,96.906,96.243,96.775,8125.98
2023-12-26,96.774,97.239,96.725,97.232,68084.95
2023-12-27,97.232,97.591,96.842,96.927,113662.82
2023-12-28,96.931,97.235,96.098,96.546,137176.35
2023-12-29,96.546,96.857,95.953,96.029,130448.57
2024-01-01,95.872,96.113,95.863,96.09,5188.61
2024-01-02,96.09,96.713,95.836,96.199,149254.21
2024-01-03,96.2,96.596,95.872,96.303,178586.39
2024-01-04,96.304,97.196,96.186,97.084,171104.99
2024-01-05,97.086,97.392,96.843,97.106,200813.11
2024-01-07,96.928,97.278,96.928,97.188,5113.81
2024-01-08,97.188,97.288,96.455,96.869,152365.1
2024-01-09,96.868,96.906,96.143,96.543,161386.33
2024-01-10,96.54,97.717,96.536,97.664,136420.21
2024-01-11,97.663,97.796,97.036,97.203,199647.6
2024-01-12,97.206,97.449,96.819,96.878,162966.85
2024-01-14,96.847,97.096,96.815,97.09,6052.77
2024-01-15,97.089,97.233,96.921,96.956,91530.75
2024-01-16,96.956,97.041,96.581,97.016,191071.7
2024-01-17,97.013,97.14,96.643,97.054,184967.57
2024-01-18,97.054,97.502,96.691,97.49,165149.47
2024-01-19,97.489,97.76,97.442,97.644,146265.72
2024-01-21,97.613,97.814,97.611,97.687,6353.68
2024-01-22,97.689,97.88,97.156,97.337,141861.39
2024-01-23,97.337,97.814,97.093,97.591,168825.25
2024-01-24,97.587,97.59,96.811,97.03,179472.91
2024-01-25,97.029,97.357,96.971,97.229,167539.72
2024-01-26,97.229,97.658,97.127,97.352,133766.22
2024-01-28,97.33,97.465,97.257,97.458,7733.82
2024-01-29,97.457,97.698,97.256,97.538,121265.13
2024-01-30,97.538,97.583,97.063,97.164,140007.95
2024-01-31,97.164,97.379,96.359,96.478,242636.4
2024-02-01,96.476,96.592,95.5,96.286,213806.19
2024-02-02,96.287,96.922,96.261,96.561,170587.72
2024-02-04,96.59,96.71,96.416,96.6,9394.75
2024-02-05,96.599,96.744,96.21,96.336,153638.02
2024-02-06,96.336,96.8,96.271,96.493,155638.05
2024-02-07,96.493,96.789,96.436,96.557,152644.94
2024-02-08,96.557,97.035,96.545,97.001,143472.94
2024-02-09,97.003,97.458,96.877,97.357,134774.47
2024-02-11,97.303,97.362,97.174,97.333,6269.26
2024-02-12,97.331,97.674,97.132,97.542,105774.57
2024-02-13,97.541,97.605,97.142,97.263,147926.88
2024-02-14,97.261,97.85,97.061,97.843,134864.83
2024-02-15,97.843,97.856,97.316,97.853,147662.85
2024-02-16,97.851,98.256,97.699,98.083,139702.86
2024-02-18,97.959,98.151,97.959,98.149,5413.23
2024-02-19,98.148,98.226,97.995,98.134,74189.66
2024-02-20,98.134,98.613,98.04,98.283,133417.45
2024-02-21,98.28,98.59,98.251,98.532,143016.16
2024-02-22,98.532,99.019,98.367,98.689,135711.33
2024-02-23,98.686,99.056,98.604,98.68,103534.86
2024-02-25,98.755,98.836,98.548,98.78,5017.81
2024-02-26,98.775,98.779,98.43,98.46,99881.59
2024-02-27,98.459,98.621,98.204,98.488,102586.42
2024-02-28,98.489,98.55,97.755,97.841,113076.29
2024-02-29,97.839,97.851,97.345,97.546,152525.59
2024-03-01,97.547,98.086,97.547,97.949,122824.02
2024-03-03,97.829,98.017,97.829,97.992,4941.64
2024-03-04,97.99,98.143,97.87,97.896,90165.91
2024-03-05,97.898,97.97,97.402,97.586,113616.24
2024-03-06,97.585,98.212,97.38,98.011,127597.5
2024-03-07,98.008,98.076,97.433,97.901,145150.58
2024-03-08,97.901,98.152,97.274,97.422,149330.68
2024-03-10,97.295,97.478,97.177,97.245,8274.69
2024-03-11,97.246,97.298,96.895,97.054,119114.96
2024-03-12,97.055,97.701,97.011,97.537,153521.98
2024-03-13,97.537,97.959,97.24,97.814,117923.54
2024-03-14,97.814,97.937,97.422,97.562,137119.52
2024-03-15,97.561,97.971,97.268,97.773,112476.95
2024-03-17,97.674,97.823,97.658,97.68,5197.26
2024-03-18,97.679,98.046,97.64,97.801,94067.93
2024-03-19,97.802,98.611,97.556,98.543,147376.21
2024-03-20,98.544,99.658,98.531,99.471,142730.82
2024-03-21,99.469,100.168,99.281,99.643,154614.68
2024-03-22,99.643,99.707,98.512,98.63,122342.16
2024-03-24,98.472,98.67,98.472,98.583,6624.6
2024-03-25,98.581,99.089,98.514,98.97,100081.49
2024-03-26,98.969,99.244,98.869,99.001,90243.12
2024-03-27,99.001,99.018,98.479,98.663,127568.23
2024-03-28,98.662,98.933,98.17,98.653,110259.87
2024-03-29,98.653,98.788,98.412,98.429,59165.96
2024-03-31,98.494,98.93,98.492,98.919,6400.22
2024-04-01,98.918,98.948,98.265,98.347,65200.37
2024-04-02,98.347,98.823,98.256,98.703,91743.28
2024-04-03,98.702,99.645,98.581,99.563,100250.06
2024-04-04,99.561,100.397,99.471,99.666,93894.31
2024-04-05,99.666,99.832,99.195,99.702,119448.05
2024-04-07,99.524,99.72,99.523,99.65,5896.67
2024-04-08,99.65,100.329,99.512,100.285,96445.72
2024-04-09,100.288,100.806,100.211,100.6,85619.9
2024-04-10,100.599,100.642,99.386,99.528,155151.28
2024-04-11,99.528,100.241,99.395,100.194,137021.79
2024-04-12,100.195,100.204,98.732,99.045,126396.47
2024-04-14,98.905,99.281,98.871,99.258,8554.56
2024-04-15,99.256,100.017,99.2,99.337,146433.14
2024-04-16,99.34,99.365,98.63,99.197,164118.61
2024-04-17,99.196,99.532,98.999,99.369,134049.82
2024-04-18,99.37,99.584,99.178,99.312,128435.96
2024-04-19,99.312,99.403,97.774,99.175,182350.3
2024-04-21,99.03,99.376,99.012,99.355,6541.34
2024-04-22,99.35,99.908,99.33,99.865,91725.25
2024-04-23,99.87,100.444,99.706,100.344,106278.43
2024-04-24,100.343,101.016,100.333,100.892,102808.43
2024-04-25,100.893,101.651,100.784,101.496,115058.15
2024-04-26,101.496,103.474,101.402,103.394,143956.91
2024-04-28,103.017,103.582,102.943,103.492,8210.37
2024-04-29,103.494,104.937,101.359,102.556,242967.8
2024-04-30,102.556,102.898,102.038,102.146,141471.8
2024-05-01,102.146,102.751,99.902,101.69,166455.16
2024-05-02,101.692,102.043,100.461,100.611,215791.47
2024-05-03,100.609,101.22,100.454,101.111,170025.38
2024-05-05,101.13,101.587,100.933,101.544,6942.39
2024-05-06,101.546,102.194,101.414,102.158,82955.98
2024-05-07,102.16,102.466,101.578,101.969,114534.19
2024-05-08,101.968,102.39,101.82,102.198,88615.05
2024-05-09,102.198,102.946,102.047,102.821,91186.18
2024-05-10,102.821,103.049,102.769,102.793,81880.58
2024-05-12,102.728,102.921,102.714,102.848,3914.67
2024-05-13,102.844,103.295,102.592,103.283,72363.4
2024-05-14,103.28,103.698,103.083,103.677,86785.83
2024-05-15,103.674,104.036,103.139,103.377,136203.41
2024-05-16,103.378,103.852,102.797,103.837,126594.73
2024-05-17,103.839,104.297,103.623,104.151,76557.92
2024-05-19,104.05,104.429,104.033,104.351,4574.43
2024-05-20,104.354,104.563,103.91,104.345,81494.27
2024-05-21,104.346,104.425,103.911,104.172,102810.12
2024-05-22,104.17,104.442,103.483,103.731,94216.19
2024-05-23,103.731,104.244,103.472,103.622,112188.67
2024-05-24,103.623,104.135,103.502,104.011,75578.46
2024-05-26,103.84,104.104,103.802,103.887,4791.81
2024-05-27,103.888,104.47,103.855,104.388,50091.19
2024-05-28,104.388,104.622,104.345,104.55,92823.19
2024-05-29,104.549,104.86,104.109,104.17,100020.97
2024-05-30,104.246,104.249,103.358,104.077,129843.45
2024-05-31,104.076,104.687,103.83,104.62,132551.02
2024-06-02,104.332,104.701,104.332,104.613,5764.94
2024-06-03,104.611,104.721,104.002,104.417,134697.48
2024-06-04,104.416,104.625,102.612,103.082,167173.59
2024-06-05,103.083,104.004,103.046,103.751,131009.74
2024-06-06,103.75,103.979,103.608,103.814,121954.4
2024-06-07,103.813,103.967,102.978,103.093,142666.82
2024-06-09,103.028,103.274,102.976,103.217,7644.96
2024-06-10,103.216,103.829,103.155,103.766,91483.86
2024-06-11,103.76,103.944,103.53,103.812,105156.57
2024-06-12,103.808,104.546,103.673,104.48,159001.25
2024-06-13,104.479,104.686,103.849,104.185,127022.47
2024-06-14,104.187,104.8,103.638,104.055,167945.58
2024-06-16,103.861,104.275,103.861,104.182,5739.04
2024-06-17,104.184,104.385,103.589,104.358,93353.56
2024-06-18,104.355,105.153,104.017,105.153,109565.06
2024-06-19,105.158,105.498,105.099,105.418,51045.53
2024-06-20,105.416,105.904,105.332,105.857,98793.96
2024-06-21,105.856,106.156,105.467,106.086,98294.89
2024-06-23,105.996,106.122,105.923,106.084,5566.81
2024-06-24,106.084,106.371,105.573,106.26,99849.8
2024-06-25,106.26,106.396,105.924,106.108,89223.75
2024-06-26,106.108,106.965,105.978,106.739,116623.73
2024-06-27,106.74,107.061,106.643,106.864,102317.55
2024-06-28,106.862,107.459,106.552,107.224,155837.64
2024-06-30,107.312,107.46,107.276,107.393,5257.4
2024-07-01,107.393,107.816,107.247,107.473,107270.4
2024-07-02,107.473,107.715,107.237,107.689,94382.1
2024-07-03,107.691,108.504,107.672,108.454,103251.02
2024-07-04,108.454,108.53,108.281,108.508,59992.27
2024-07-05,108.508,108.601,107.99,108.44,125532.15
2024-07-07,108.184,108.472,108.184,108.369,6850.76
2024-07-08,108.37,108.571,108.156,108.464,97916.26
2024-07-09,108.465,108.806,108.37,108.761,93935.47
2024-07-10,108.759,109.152,108.738,109.103,80724.87
2024-07-11,109.106,109.369,106.743,107.143,189309.3
2024-07-12,107.143,107.858,106.749,107.039,190751.77
2024-07-14,107.014,107.233,106.865,107.171,10607.19
2024-07-15,107.17,107.212,106.541,106.946,121020.34
2024-07-16,106.945,107.094,106.487,106.602,119900.04
2024-07-17,106.602,106.826,104.523,104.776,184855.66
2024-07-18,104.777,105.7,104.614,105.365,172722.73
2024-07-19,105.367,105.77,105.171,105.209,132685.52
2024-07-21,105.193,105.424,105.159,105.406,9937.94
2024-07-22,105.404,105.404,103.978,104.161,134932.3
2024-07-23,104.16,104.195,102.839,102.988,133248.84
2024-07-24,102.991,103.114,101.008,101.176,189437.4
2024-07-25,101.174,101.204,99.208,100.516,261943.18
2024-07-26,100.515,101.493,100.329,100.62,158702.04
2024-07-28,100.578,101.151,100.532,101.011,10791.14
2024-07-29,101.01,101.232,100.375,100.777,156126.33
2024-07-30,100.775,101.775,99.661,99.839,187365.8
2024-07-31,99.839,100.003,97.389,98.069,354601.81
2024-08-01,98.071,98.734,96.748,96.871,292821.59
2024-08-02,96.872,97.453,95.331,95.356,301906.97
2024-08-04,95.311,95.455,94.36,94.595,29188.53
2024-08-05,94.596,95.064,90.124,94.99,481543.54
2024-08-06,95.001,95.501,93.416,94.284,399043.64
2024-08-07,94.284,97.072,94.175,95.35,389690.74
2024-08-08,95.353,97.446,94.721,97.341,360642.95
2024-08-09,97.338,97.365,96.212,96.356,277449.28
2024-08-11,96.183,96.709,96.16,96.607,11274.16
2024-08-12,96.606,97.851,96.502,96.814,155731.95
2024-08-13,96.818,97.744,96.722,97.533,182264.45
2024-08-14,97.531,97.867,96.758,97.163,191586.38
2024-08-15,97.162,98.802,96.582,98.669,168093.58
2024-08-16,98.669,98.907,97.808,98.425,142662.73
2024-08-18,98.313,98.789,98.191,98.727,7676.19
2024-08-19,98.728,98.931,96.988,98.791,175137.2
2024-08-20,98.794,99.033,97.789,98.037,173092.15
2024-08-21,98.036,98.913,97.633,97.948,180927.56
2024-08-22,97.947,98.423,97.6,98.057,161209.97
2024-08-23,98.059,98.608,97.568,98.059,176738.25
2024-08-25,97.848,98.041,97.443,97.684,17312.94
2024-08-26,97.687,98.043,97.263,97.871,157824.51
2024-08-27,97.873,98.413,97.575,97.711,141285.39
2024-08-28,97.713,98.279,97.685,97.969,155737.33
2024-08-29,97.969,98.954,97.886,98.46,172079.9
2024-08-30,98.459,98.972,98.255,98.876,130305.96
2024-09-01,98.738,99.269,98.679,99.084,7170.73
2024-09-02,99.083,99.865,98.546,99.599,89848.08
2024-09-03,99.601,99.838,97.401,97.584,181537.34
2024-09-04,97.584,97.676,96.173,96.261,193202.15
2024-09-05,96.261,97.049,96.105,96.651,184608.78
2024-09-06,96.646,96.971,94.773,94.901,242739.04
2024-09-08,94.74,95.072,94.661,95.033,11301.7
2024-09-09,95.033,95.705,94.913,95.324,166155.66
2024-09-10,95.322,95.71,94.508,94.626,153593.74
2024-09-11,94.624,95.269,93.588,95.201,233558.33
2024-09-12,95.203,95.669,94.725,95.181,214070.79
2024-09-13,95.182,95.218,94.162,94.413,181126.5
2024-09-15,94.271,94.557,94.181,94.556,8217.4
2024-09-16,94.557,95.313,93.864,95.06,161424.08
2024-09-17,95.054,96.247,94.701,96.002,180442.44
2024-09-18,96.003,96.597,95.322,96.55,218259.84
2024-09-19,96.548,97.874,96.548,97.278,252583.58
2024-09-20,97.279,98.307,96.71,97.908,216606.82
2024-09-22,97.747,98.13,97.743,98.115,8917.67
2024-09-23,98.12,98.717,97.624,98.146,172810.6
2024-09-24,98.139,99.061,97.988,98.715,182819.44
2024-09-25,98.714,99.354,98.486,98.68,170830.93
2024-09-26,98.672,100.112,98.626,99.997,185886.82
2024-09-27,99.996,100.721,98.025,98.185,239713.76
2024-09-29,98.067,98.908,97.996,98.789,10697.84
2024-09-30,98.794,99.439,98.086,99.38,194745.45
2024-10-01,99.379,100.1,98.345,98.872,228937.68
2024-10-02,98.868,101.097,98.741,100.89,197116.51
2024-10-03,100.893,101.271,100.235,100.576,195086.4
2024-10-04,100.577,101.27,99.9,101.015,179932.11
2024-10-06,100.895,101.417,100.745,101.145,11633.14
2024-10-07,101.142,101.203,99.649,100.062,181511.41
2024-10-08,100.065,100.132,99.083,99.831,184816.83
2024-10-09,99.833,100.409,99.697,100.170012,157854.27
2024-10-10,100.16847,100.765,99.684,100.241,174303.05
2024-10-11,100.242,100.782,100.035,100.593,103706.72
2024-10-13,100.355,100.649,100.245,100.487,8804.16
2024-10-14,100.488,100.948,100.317,100.681,102408.69
2024-10-15,100.685,100.761,99.49,99.55,140435.47
2024-10-16,99.553,100.051,99.434,99.675,132722.48
2024-10-17,99.676,100.685,99.617,100.563,153450.12
2024-10-18,100.563,100.835,100.179,100.25,130668.31
2024-10-20,100.174,100.443,100.127,100.44,4917.24
2024-10-21,100.447,100.456,99.941,100.223,125733.29
2024-10-22,100.225,101.04,100.156,100.994,131641.46
2024-10-23,100.991,101.69,100.897,101.351,172559.26
2024-10-24,101.351,101.428,100.451,100.703,171097.63
2024-10-25,100.708,101.116,100.296,100.526,134858.27
2024-10-27,101.221,101.275,100.829,100.993,16142.4
2024-10-28,100.994,101.521,100.676,100.817,142770.46
2024-10-29,100.821,100.953,100.265,100.513,153935.96
2024-10-30,100.517,100.964,100.187,100.718,161870.06
2024-10-31,100.716,100.96,99.533,99.955,184859.83
2024-11-01,99.956,100.727,99.824,100.334,158141.92
2024-11-03,100.64,100.679,100.249,100.365,10959.21
2024-11-04,100.365,100.47,99.999,100.161,170101.75
2024-11-05,100.255,100.928,100.125,100.555,168884.29
2024-11-06,100.555,101.803,100.254,101.333,475333.12
2024-11-07,101.332,102.401,101.311,102.241,289118.66
2024-11-08,102.239,102.263,100.144,100.477,252627.78
2024-11-10,100.419,100.72,100.368,100.672,6171.18
2024-11-11,100.675,101.355,100.648,100.997,171901.84
2024-11-12,100.997,101.262,100.499,100.982,219701.14
2024-11-13,100.982,101.282,100.457,100.918,238801.07
2024-11-14,100.917,101.178,100.686,101.007,254896.22
2024-11-15,101.007,101.199,99.415,99.757,279186.34
2024-11-17,99.704,100.015,99.596,99.974,8177.35
2024-11-18,99.972,100.683,99.562,100.585,244662.54
2024-11-19,100.586,101.203,99.483,101.203,269088.01
2024-11-20,101.203,101.556,100.568,101.109,192454.87
2024-11-21,101.109,101.142,100.299,100.343,262790.62
2024-11-22,100.343,100.804,100.049,100.598,261607.08
2024-11-24,100.65,101.028,100.633,100.803,13066.55
2024-11-25,100.803,100.981,99.605,99.783,265333.13
2024-11-26,99.779,100.018,98.863,99.011,299987.88
2024-11-27,99.011,99.173,97.712,98.32,282219.37
2024-11-28,98.319,98.752,98.129,98.372,147883.2
2024-11-29,98.372,98.387,97.35,97.371,288860.79
2024-12-01,97.327,97.573,97.313,97.435,14110.2
2024-12-02,97.436,98.017,96.271,96.803,254820.35
2024-12-03,96.801,97.541,96.162,97.023,215222.91
2024-12-04,97.024,97.146,95.907,96.819,245155.35
2024-12-05,96.816,97.085,96.334,96.837,205602.93
2024-12-06,96.838,96.89,95.517,95.847,211600.4
2024-12-08,95.72,96.045,95.72,95.922,6033.4
2024-12-09,95.922,97.798,95.617,97.452,163861.64
2024-12-10,97.456,97.465,96.449,96.802,192901.84
2024-12-11,96.803,97.252,95.982,97.111,208165.55
2024-12-12,97.086,98.059,96.961,97.214,214350.57
2024-12-13,97.219,97.959,97.009,97.732,174113.88
2024-12-15,97.543,97.777,97.523,97.7,7505.28
2024-12-16,97.699,98.338,97.631,98.256,161496.94
2024-12-17,98.256,98.344,97.101,97.347,154790.08
2024-12-18,97.347,97.418,95.8,95.966,216267.96
2024-12-19,95.967,98.732,95.896,98.226,291984.87
2024-12-20,98.225,98.405,97.432,97.759,265346.8
2024-12-22,97.712,97.943,97.701,97.909,7641.63
2024-12-23,97.92,98.237,97.74,98.084,155384.89
2024-12-24,98.084,98.166,97.745,97.797,113483.69
2024-12-25,97.797,98.209,97.717,98.091,7185.39
2024-12-26,98.089,98.442,97.905,98.176,115199.34
2024-12-27,98.177,98.279,97.778,98.071,124564.32
2024-12-29,97.937,98.353,97.928,98.285,4963.09
2024-12-30,98.285,98.733,97.298,97.622,165419.14
2024-12-31,97.622,97.647,96.931,97.253,179979.13
2025-01-01,97.17,97.71,97.133,97.666,9528.71
2025-01-02,97.666,98.036,97.053,97.574,224443.87
2025-01-03,97.576,97.891,97.489,97.774,154742.71
2025-01-05,97.587,97.998,97.49,97.974,5634.99
2025-01-06,97.975,98.908,97.968,98.397,220914.24
2025-01-07,98.399,99.166,98.259,98.637,190756.37
2025-01-08,98.635,98.657,98.045,98.247,199098.11
2025-01-09,98.254,98.276,97.668,97.821,138105.86
2025-01-10,97.822,98.199,96.79,96.887,214746.39
2025-01-12,96.835,97.198,96.83,97.17,7057.74
2025-01-13,97.166,97.516,96.377,97.385,186592.91
2025-01-14,97.389,97.957,97.099,97.843,199349.52
2025-01-15,97.846,97.86,97.145,97.406,184771.1
2025-01-16,97.406,97.686,96.237,96.474,207118.93
2025-01-17,96.473,97.16,96.061,96.76,168264.69
2025-01-19,96.772,96.961,96.729,96.865,7190.97
2025-01-20,96.867,97.774,96.664,97.515,203098.75
2025-01-21,97.515,97.587,96.771,97.521,236469.52
2025-01-22,97.521,98.334,97.463,98.113,167699.18
2025-01-23,98.12,98.315,97.797,98.082,169874.96
2025-01-24,98.082,98.762,97.88,98.455,217837.95
2025-01-26,98.117,98.202,97.9,97.998,8802.74
2025-01-27,98.0,98.248,96.763,96.963,262784.22
2025-01-28,96.963,97.506,96.839,97.246,191625.83
2025-01-29,97.248,97.337,96.478,96.811,205210.55
2025-01-30,96.811,96.827,95.582,95.747,201377.19
2025-01-31,95.747,96.927,95.601,96.374,235634.01
2025-02-02,95.244,95.637,95.215,95.405,23666.85
2025-02-03,95.413,96.625,94.617,96.534,338484.44
2025-02-04,96.531,96.752,95.571,96.318,206728.63
2025-02-05,96.319,96.46,95.678,95.921,210595.36
2025-02-06,95.921,95.953,94.869,94.951,185108.79
2025-02-07,94.951,95.675,94.487,94.912,229014.4
2025-02-09,94.252,95.056,94.252,95.04,9630.68
2025-02-10,95.041,95.675,94.966,95.172,158251.44
2025-02-11,95.166,96.201,95.071,96.192,145874.74
2025-02-12,96.192,97.328,96.142,96.881,215766.56
2025-02-13,96.879,97.274,95.999,96.63,218544.04
2025-02-14,96.635,96.987,96.32,96.732,169026.59
2025-02-16,96.533,96.843,96.533,96.616,6898.99
2025-02-17,96.616,96.738,96.064,96.24,112782.07
2025-02-18,96.24,96.783,96.122,96.5,134752.18
2025-02-19,96.501,96.764,95.796,95.884,155396.18
2025-02-20,95.883,95.964,95.325,95.702,199226.44
2025-02-21,95.7,96.492,94.645,94.886,195091.94
2025-02-23,94.896,95.189,94.856,95.151,8042.17
2025-02-24,95.151,95.449,94.689,95.019,200819.44
2025-02-25,95.017,95.312,94.013,94.666,220656.4
2025-02-26,94.668,94.739,93.776,93.927,205758.36
2025-02-27,93.929,94.509,93.242,93.524,216060.93
2025-02-28,93.525,93.853,92.724,93.477,233703.25
2025-03-02,93.584,93.951,93.544,93.798,9025.05
2025-03-03,93.798,94.242,92.532,92.802,249634.24
2025-03-04,92.806,94.159,91.852,93.909,345474.03
2025-03-05,93.908,94.403,93.336,94.341,310646.38
2025-03-06,94.337,94.718,93.291,93.798,305668.56
2025-03-07,93.799,93.808,92.42,93.29,293053.87
2025-03-09,93.22,93.274,92.84,93.02,15415.05
2025-03-10,93.022,93.415,92.068,92.366,257074.75
2025-03-11,92.367,93.31,91.817,93.2,312668.21
2025-03-12,93.2,93.843,92.994,93.841,216202.92
2025-03-13,93.845,93.94,92.534,92.99,197128.88
2025-03-14,92.984,94.101,92.914,93.977,153508.8
2025-03-16,94.01,94.201,93.907,93.994,8828.52
2025-03-17,93.994,95.392,93.901,95.325,165621.22
2025-03-18,95.324,95.747,94.771,95.065,165843.62
2025-03-19,95.065,95.352,94.364,94.465,186942.37
2025-03-20,94.465,94.471,93.162,93.662,169652.53
2025-03-21,93.662,94.21,93.14,93.619,154826.37
2025-03-23,93.585,94.127,93.585,94.118,7726.69
2025-03-24,94.12,94.804,93.934,94.785,139884.18
2025-03-25,94.787,94.912,94.318,94.564,135742.1
2025-03-26,94.561,95.187,94.261,94.59,166021.32
2025-03-27,94.587,95.394,94.437,95.048,163938.51
2025-03-28,95.047,95.18,94.094,94.179,155652.38
2025-03-30,94.081,94.201,93.623,93.995,12659.42
2025-03-31,93.995,94.04,93.046,93.562,209993.59
2025-04-01,93.561,94.249,93.145,94.162,200391.75
2025-04-02,94.162,95.306,92.302,92.629,230653.74
2025-04-03,92.627,93.133,92.071,92.513,400970.99
2025-04-04,92.513,92.636,87.405,88.771,517602.61
2025-04-06,87.144,87.412,86.113,87.059,61412.93
2025-04-07,87.061,90.481,86.665,88.626,657681.24
2025-04-08,88.623,89.685,86.506,86.819,474739.76
2025-04-09,86.819,91.319,86.043,90.403,601411.75
2025-04-10,90.394,91.104,88.906,89.451,499323.31
2025-04-11,89.455,90.511,88.284,90.231,519760.91
2025-04-13,90.628,90.818,90.158,90.535,27354.11
2025-04-14,90.535,90.778,89.56,90.491,311847.93
2025-04-15,90.491,91.406,90.491,90.689,237523.65
2025-04-16,90.689,91.203,90.12,90.371,254630.24
2025-04-17,90.368,91.169,90.298,90.919,234203.61
2025-04-18,90.922,90.988,90.558,90.575,944775.14
2025-04-20,90.418,90.687,90.217,90.47,19785.18
2025-04-21,90.468,90.656,89.969,90.457,178553.63
2025-04-22,90.458,91.032,89.638,90.949,241087.46
2025-04-23,90.948,91.603,90.573,91.107,270538.71
2025-04-24,91.104,91.545,90.551,91.428,185739.06
2025-04-25,91.426,92.219,91.334,91.895,173410.06
2025-04-27,91.628,92.028,91.592,91.806,9046.02
2025-04-28,91.808,91.954,91.198,91.39,166856.8
2025-04-29,91.39,91.677,90.585,90.863,160495.98
2025-04-30,90.862,91.734,90.667,91.681,179684.76
2025-05-01,91.681,93.052,91.596,92.848,170171.96
2025-05-02,92.85,93.563,92.824,93.441,210128.5
2025-05-04,93.262,93.486,93.196,93.207,9426.57
2025-05-05,93.209,93.473,92.751,92.841,159995.63
2025-05-06,92.842,93.334,92.114,93.051,176603.65
2025-05-07,93.051,93.073,92.217,92.513,184991.44
2025-05-08,92.513,93.545,92.427,93.31,193894.54
2025-05-09,93.307,93.39,92.805,93.153,126680.34
2025-05-11,93.741,93.957,93.562,93.616,14123.86
2025-05-12,93.616,94.913,93.517,94.474,219899.24
2025-05-13,94.474,95.643,94.058,95.477,169986.8
2025-05-14,95.478,95.567,94.081,94.242,201817.36
2025-05-15,94.243,94.369,93.066,93.222,164745.23
2025-05-16,93.224,93.5,92.74,93.261,127629.84
2025-05-18,92.963,93.225,92.929,93.079,9303.39
2025-05-19,93.081,93.678,92.871,93.567,144852.89
2025-05-20,93.568,93.845,92.495,92.729,154812.54
2025-05-21,92.728,92.935,92.285,92.43,197411.52
2025-05-22,92.427,92.518,91.992,92.197,177891.41
2025-05-23,92.198,92.691,91.647,92.586,192506.42
2025-05-25,92.345,92.967,92.332,92.861,12974.24
2025-05-26,92.86,93.195,92.422,92.422,103754.61
2025-05-27,92.422,93.096,92.135,92.931,145425.39
2025-05-28,92.929,93.698,92.737,93.585,176571.34
2025-05-29,93.585,93.869,92.632,92.632,193374.62
2025-05-30,92.631,92.905,92.01,92.635,210923.62
2025-06-01,92.429,92.765,92.429,92.642,6769.71
2025-06-02,92.644,92.848,92.378,92.554,158316.82
2025-06-03,92.557,93.136,92.056,92.968,135504.45
2025-06-04,92.969,93.594,92.527,92.61,143533.18
2025-06-05,92.611,93.78,92.602,93.444,174303.12
2025-06-06,93.441,94.126,93.362,94.023,146848.23
2025-06-08,94.019,94.098,93.974,94.029,4306.45
2025-06-09,94.028,94.338,93.912,94.204,106421.71
2025-06-10,94.21,94.751,93.892,94.562,139641.35
2025-06-11,94.562,94.717,93.786,93.841,136677.54
2025-06-12,93.843,93.924,93.235,93.397,155542.63
2025-06-13,93.399,93.87,92.312,93.447,220835.64
2025-06-15,93.221,93.885,93.182,93.852,13455.56
2025-06-16,93.851,94.551,93.416,94.22,141083.74
2025-06-17,94.221,94.84,93.944,94.218,160956.01
2025-06-18,94.218,94.488,93.941,94.309,166560.96
2025-06-19,94.312,94.338,93.802,94.189,124161.16
2025-06-20,94.186,94.552,94.065,94.219,117633.0
2025-06-22,94.192,94.37,93.883,94.242,12614.32
2025-06-23,94.242,94.682,93.846,94.51,194908.98
2025-06-24,94.511,94.553,93.892,94.135,156967.17
2025-06-25,94.135,94.752,94.005,94.496,124227.76
2025-06-26,94.499,94.744,94.058,94.717,157487.96
2025-06-27,94.709,94.851,94.225,94.466,138289.9
2025-06-29,94.342,94.527,94.283,94.389,7447.36
2025-06-30,94.388,94.889,93.99,94.568,133016.13
2025-07-01,94.568,94.601,93.963,94.331,141633.45
2025-07-02,94.331,94.681,94.117,94.463,129492.95
2025-07-03,94.461,95.367,94.331,95.165,112728.47
2025-07-04,95.165,95.225,94.527,94.527,139438.24
2025-07-06,94.611,94.778,94.512,94.639,5391.39
2025-07-07,94.641,95.047,94.232,94.913,128321.84
2025-07-08,94.914,95.96,94.898,95.816,146723.04
2025-07-09,95.817,96.214,95.478,95.491,124905.37
2025-07-10,95.49,96.456,95.39,96.444,120167.29
2025-07-11,96.442,97.053,95.977,96.891,143203.51
2025-07-13,96.575,96.906,96.57,96.849,8934.28
2025-07-14,96.848,96.926,96.447,96.706,115321.85
2025-07-15,96.703,97.432,96.543,96.98,127614.96
2025-07-16,96.983,97.321,96.1,96.529,166589.02
2025-07-17,96.532,96.772,95.991,96.454,125420.57
2025-07-18,96.455,96.963,96.388,96.848,97512.85
2025-07-20,96.281,96.755,96.281,96.676,7919.77
2025-07-21,96.677,96.677,95.959,96.209,90579.28
2025-07-22,96.21,96.38,95.627,96.172,110846.41
2025-07-23,96.172,96.743,95.841,96.611,138417.09
2025-07-24,96.613,97.044,96.391,96.944,130500.48
2025-07-25,96.945,97.137,96.614,96.897,124004.24
2025-07-27,97.092,97.192,97.013,97.105,5960.23
2025-07-28,97.103,97.287,96.561,96.823,125505.83
2025-07-29,96.823,96.942,96.56,96.669,122473.65
2025-07-30,96.67,96.747,95.957,96.169,167510.79
2025-07-31,96.169,96.993,95.859,96.924,162566.34
2025-08-01,96.921,97.065,95.093,95.354,222472.85
2025-08-03,95.111,95.342,95.099,95.319,8255.12
2025-08-04,95.318,95.862,94.904,95.03,130844.81
2025-08-05,95.03,95.604,94.971,95.476,128380.29
2025-08-06,95.475,96.021,95.463,95.674,105443.04
2025-08-07,95.671,96.204,95.656,95.788,141165.59
2025-08-08,95.785,96.523,95.75,96.359,98088.83
2025-08-10,96.13,96.377,96.13,96.217,3421.5
2025-08-11,96.216,96.56,95.994,96.494,84447.97
2025-08-12,96.496,96.832,96.207,96.49,132728.56
2025-08-13,96.489,96.748,96.314,96.374,94980.69
2025-08-14,96.375,96.375,95.519,95.954,137908.07
2025-08-15,95.955,95.98,95.52,95.755,90187.16
2025-08-17,95.77,95.931,95.728,95.882,3232.85
2025-08-18,95.882,96.201,95.835,96.064,83499.68
2025-08-19,96.064,96.102,95.124,95.343,105624.8
2025-08-20,95.344,95.363,94.399,94.791,105818.35
2025-08-21,94.79,95.357,94.574,95.345,107133.72
2025-08-22,95.344,95.596,95.142,95.343,129242.74
2025-08-24,95.209,95.557,95.204,95.494,5888.94
2025-08-25,95.493,95.952,95.391,95.806,94533.28
2025-08-26,95.807,95.844,95.364,95.789,119650.62
2025-08-27,95.79,96.007,95.62,95.955,113587.69
2025-08-28,95.954,96.086,95.705,95.889,105055.86
2025-08-29,95.889,96.24,95.878,96.134,103699.79
2025-08-31,96.154,96.295,96.093,96.261,3265.95
2025-09-01,96.261,96.591,96.052,96.446,73234.27
2025-09-02,96.449,96.87,96.426,96.856,151729.92
2025-09-03,96.855,97.295,96.704,96.846,127816.18
2025-09-04,96.846,97.013,96.531,96.803,116114.62
2025-09-05,96.806,97.0,96.31,96.614,132403.88
2025-09-07,97.037,97.259,96.939,97.218,11316.23
2025-09-08,97.217,97.43,97.017,97.235,111070.14
2025-09-09,97.234,97.326,96.815,97.067,124518.56
2025-09-10,97.065,97.742,97.052,97.532,113600.01
2025-09-11,97.532,98.151,97.399,98.135,123405.87
2025-09-12,98.134,98.422,98.038,98.146,96115.18
2025-09-14,97.977,98.235,97.977,98.185,4839.03
2025-09-15,98.186,98.366,98.05,98.352,91203.99
2025-09-16,98.347,98.389,97.664,97.927,127423.55
2025-09-17,97.926,97.954,97.381,97.705,144578.94
2025-09-18,97.706,98.098,97.527,97.905,147509.31
2025-09-19,97.904,97.972,97.241,97.507,135946.17
2025-09-21,97.404,97.623,97.321,97.577,3854.63
2025-09-22,97.581,97.855,97.31,97.515,104015.43
2025-09-23,97.517,97.72,97.143,97.399,111205.43
2025-09-24,97.4,98.181,97.276,97.986,115620.7
2025-09-25,97.989,98.222,97.745,97.985,137586.19
2025-09-26,97.984,97.994,97.73,97.843,115741.15
2025-09-28,97.766,97.925,97.74,97.893,3208.39
2025-09-29,97.896,97.897,97.518,97.759,102509.38
2025-09-30,97.763,98.144,97.423,97.854,141676.77
2025-10-01,97.853,97.92,97.03,97.308,154215.56
2025-10-02,97.31,97.459,96.854,97.097,110382.02
2025-10-03,97.1,97.499,97.092,97.308,98557.69
2025-10-05,98.309,98.674,98.206,98.631,17190.28
2025-10-06,98.631,99.537,98.558,99.486,143071.85
2025-10-07,99.484,100.118,99.157,100.049,120987.73
2025-10-08,100.051,100.61,99.915,100.549,122031.28
2025-10-09,100.55,100.946,100.143,100.395,147188.93
2025-10-10,100.392,100.527,97.806,97.808,165736.26
2025-10-12,98.729,98.984,98.558,98.81,15596.29
2025-10-13,98.807,99.389,98.763,99.279,116768.14
2025-10-14,99.276,99.485,97.858,98.469,173649.9
2025-10-15,98.468,98.816,98.059,98.257,143475.05
2025-10-16,98.258,98.488,97.173,97.323,170690.73
2025-10-17,97.319,97.848,96.247,97.807,183043.1
2025-10-19,97.526,98.156,97.517,98.114,6903.68
2025-10-20,98.115,98.48,97.614,98.274,117712.38
2025-10-21,98.275,98.775,97.916,98.583,152930.46
2025-10-22,98.584,98.869,98.204,98.608,142836.47
2025-10-23,98.609,99.549,98.572,99.418,108041.46
2025-10-24,99.418,99.592,99.213,99.509,120929.42
2025-10-26,99.953,100.178,99.783,100.007,10848.82
2025-10-27,100.008,100.37,99.796,100.144,115860.81
2025-10-28,100.144,100.35,99.412,99.914,119584.83
2025-10-29,99.915,100.752,99.731,100.44,170102.08
2025-10-30,100.438,101.207,100.318,100.949,179781.96
2025-10-31,100.951,101.028,100.639,100.77,111801.54
2025-11-02,100.731,100.985,100.73,100.926,5102.13
2025-11-03,100.927,101.14,100.397,100.824,92167.13
2025-11-04,100.826,100.909,99.462,99.572,135901.93
2025-11-05,99.568,100.391,98.825,100.303,118804.23
2025-11-06,100.307,100.327,98.824,99.171,120749.34
2025-11-07,99.17,99.76,98.968,99.626,137814.77
2025-11-09,99.834,100.043,99.685,100.018,7844.27
2025-11-10,100.021,100.825,99.74,100.729,100602.52
2025-11-11,100.727,100.876,100.356,100.601,89450.09
2025-11-12,100.598,101.322,100.564,101.118,99278.21
2025-11-13,101.124,101.826,100.687,100.923,147997.22
2025-11-14,100.927,101.298,100.222,100.976,164889.34
2025-11-16,100.881,101.033,100.855,100.988,4526.07
2025-11-17,100.988,101.15,100.606,100.81,117109.97
2025-11-18,100.811,101.434,100.147,101.227,158690.94
2025-11-19,101.225,101.949,100.593,101.894,147572.95
2025-11-20,101.896,102.488,101.292,101.501,203267.17
2025-11-21,101.496,101.659,100.357,100.917,192113.38
2025-11-23,100.913,101.274,100.903,101.245,4996.46
2025-11-24,101.244,101.509,100.961,101.445,108351.85
2025-11-25,101.441,101.441,100.342,101.062,131998.92
2025-11-26,101.063,102.032,101.014,101.909,131040.88
2025-11-27,101.907,102.157,101.638,102.148,63637.34
2025-11-28,102.149,102.365,101.838,102.207,457285.63
2025-11-30,102.076,102.275,102.011,102.14,5469.98
2025-12-01,102.14,102.151,101.51,101.761,131131.73
2025-12-02,101.762,102.498,101.694,102.39,100061.5
2025-12-03,102.393,102.52,102.02,102.436,104393.23
2025-12-04,102.435,102.852,102.096,102.487,126256.68
2025-12-05,102.487,103.186,102.29,103.147,100039.75
2025-12-07,102.891,103.13,102.872,103.047,6135.76
2025-12-08,103.048,103.371,102.903,103.276,96051.76
2025-12-09,103.278,104.393,102.986,104.11,112271.05
2025-12-10,104.109,104.312,103.727,103.939,125352.06
2025-12-11,103.941,103.953,103.181,103.602,134578.58
2025-12-12,103.599,104.047,103.32,103.629,118176.99
2025-12-14,103.542,103.674,103.363,103.61,5895.94
2025-12-15,103.611,103.676,102.878,102.964,114804.37
2025-12-16,102.966,103.038,102.437,102.654,166150.9
2025-12-17,102.653,103.058,102.321,102.63,135345.69
2025-12-18,102.631,103.105,102.558,102.889,132520.97
2025-12-19,102.894,104.311,102.837,104.227,126180.85
2025-12-21,104.181,104.253,103.979,104.221,10168.19
2025-12-22,104.221,104.617,104.081,104.44,99828.08
2025-12-23,104.441,104.714,103.891,104.63,110039.57
2025-12-24,104.63,104.692,104.327,104.494,96401.67
2025-12-25,104.489,104.681,104.307,104.669,13425.45
2025-12-26,104.67,105.166,104.636,105.129,94178.25
2025-12-28,104.771,105.084,104.736,105.077,8858.23
2025-12-29,105.073,105.215,104.347,104.437,126618.37
2025-12-30,104.438,104.84,104.384,104.722,99834.39
2025-12-31,104.716,104.837,104.463,104.531,93919.97
2026-01-01,104.419,104.739,104.359,104.666,3861.6
2026-01-02,104.667,105.279,104.631,104.939,98193.48
2026-01-04,104.684,104.955,104.616,104.93,7524.85
2026-01-05,104.933,105.154,104.563,105.136,127791.99
2026-01-06,105.141,105.611,104.975,105.511,112348.35
2026-01-07,105.509,105.936,105.232,105.33,107885.58
2026-01-08,105.33,105.531,104.72,105.084,110425.43
2026-01-09,105.083,105.657,105.048,105.547,122154.93
2026-01-11,105.472,105.754,105.472,105.73,3932.24
2026-01-12,105.729,106.28,105.591,105.97,120099.33
2026-01-13,105.97,106.698,105.968,106.383,121439.25
2026-01-14,106.382,106.716,105.585,105.856,158230.0
2026-01-15,105.86,106.33,105.675,106.267,124771.27
2026-01-16,106.269,106.305,105.524,105.632,105847.13
2026-01-18,105.321,105.458,105.215,105.369,11020.9
2026-01-19,105.372,106.189,105.235,106.118,84834.38
2026-01-20,106.119,106.823,105.91,106.452,158659.53
2026-01-21,106.454,107.204,106.298,107.02,155570.28
2026-01-22,107.021,108.418,106.963,108.386,106809.17
2026-01-23,108.385,109.003,107.201,107.306,159422.77
2026-01-25,107.032,107.375,106.786,107.268,14431.95
2026-01-26,107.273,107.315,106.078,106.737,181757.2
2026-01-27,106.734,107.092,106.066,106.695,190103.37
2026-01-28,106.693,108.05,106.599,107.759,215483.63
2026-01-29,107.76,108.573,106.519,107.923,241287.55
2026-01-30,107.927,108.582,107.296,107.735,286329.67
2026-02-01,107.633,107.991,107.57,107.785,18029.05
2026-02-02,107.775,108.369,106.854,108.17,272894.54
2026-02-03,108.169,109.555,108.159,109.417,220669.41
2026-02-04,109.418,110.187,109.183,109.75,202839.21
2026-02-05,109.75,109.963,108.353,108.443,244501.03
2026-02-06,108.444,110.379,108.046,110.202,162654.62
2026-02-08,110.396,110.792,109.966,110.636,11352.82
2026-02-09,110.633,110.642,109.652,110.592,179629.76
2026-02-10,110.59,110.658,109.022,109.286,146107.63
2026-02-11,109.284,109.641,108.554,109.195,202927.89
2026-02-12,109.196,109.484,107.97,108.293,212341.2
2026-02-13,108.291,108.793,107.692,107.92,201088.16
2026-02-15,107.751,108.067,107.673,108.051,6378.94
2026-02-16,108.051,108.891,108.008,108.6,75432.24
2026-02-17,108.598,108.727,107.847,108.444,172784.46
2026-02-18,108.443,109.205,108.373,108.939,119782.86
2026-02-19,108.94,109.765,108.854,109.499,153558.65
2026-02-20,109.5,110.069,108.879,109.81,199607.41
2026-02-22,109.485,109.777,109.484,109.764,11778.89
2026-02-23,109.763,109.773,108.806,109.186,143784.92
2026-02-24,109.189,110.437,109.178,110.046,137229.43
2026-02-25,110.044,111.476,110.026,111.192,130625.44
2026-02-26,111.19,111.301,110.262,110.695,148303.77
2026-02-27,110.693,111.295,110.506,111.016,150273.17
2026-03-01,109.716,110.73,109.696,110.517,15771.62
2026-03-02,110.517,111.8,110.446,111.696,222300.55
2026-03-03,111.702,112.09,109.528,111.045,315490.41
2026-03-04,111.045,111.214,109.922,111.071,273775.58
2026-03-05,111.069,111.107,110.065,110.44,261443.21
2026-03-06,110.442,111.109,110.122,110.883,270182.61
2026-03-08,110.326,110.701,110.233,110.386,32590.07
2026-03-09,110.384,111.76,110.263,111.583,394378.34
2026-03-10,111.583,112.847,111.286,112.558,293688.28
2026-03-11,112.559,113.958,112.546,113.41,240341.73
2026-03-12,113.413,113.739,112.621,112.677,230107.71
2026-03-13,112.672,112.89,111.473,111.476,247301.71
2026-03-15,111.514,111.792,111.485,111.769,11148.48
2026-03-16,111.769,112.581,111.574,112.457,183392.37
2026-03-17,112.459,113.082,112.283,112.954,127103.35
2026-03-18,112.956,113.213,112.161,112.335,234596.7
2026-03-19,112.332,112.61,111.161,111.815,340953.24
2026-03-20,111.814,112.384,111.611,111.806,236258.1
2026-03-22,111.39,111.744,111.247,111.562,11890.44
2026-03-23,111.564,111.775,110.278,111.069,429825.7
2026-03-24,111.067,111.174,110.348,111.01,355510.87
2026-03-25,111.009,111.154,110.52,110.659,228331.07
2026-03-26,110.657,110.918,109.848,109.99,212594.69
2026-03-27,109.988,110.404,109.623,110.132,191017.12
2026-03-29,109.912,110.082,109.682,109.765,11418.25
2026-03-30,109.766,109.815,109.045,109.419,196868.37
2026-03-31,109.416,109.869,108.778,109.708,267406.69
2026-04-01,109.707,110.217,109.489,109.86,230687.01
2026-04-02,109.859,110.293,109.403,110.214,233723.89
2026-04-03,110.216,110.334,109.738,109.942,54961.51
2026-04-05,109.737,110.046,109.694,110.006,14014.77
2026-04-06,110.008,110.591,110.002,110.447,137730.37
2026-04-07,110.447,112.341,110.305,112.314,246246.31
2026-04-08,112.316,112.37,111.436,111.671,244580.56
2026-04-09,111.672,112.735,111.567,112.555,158570.68
2026-04-10,112.561,112.864,112.379,112.49,125092.89
2026-04-12,111.573,112.221,111.458,112.085,14042.01
2026-04-13,112.086,113.192,112.064,113.027,144010.39
2026-04-14,113.029,113.413,112.614,113.206,140537.21
2026-04-15,113.204,114.109,113.109,113.956,134181.39
2026-04-16,113.956,114.245,113.753,113.966,149546.22
2026-04-17,113.969,114.373,113.495,113.675,166226.27
2026-04-19,113.118,113.64,113.064,113.551,11481.57
2026-04-20,113.552,114.073,113.525,113.954,152843.72
2026-04-21,113.956,114.3,113.69,114.05,160230.96
2026-04-22,114.05,114.256,113.842,114.145,131743.0
2026-04-23,114.145,114.261,113.651,113.87,233602.93
2026-04-24,113.873,114.011,113.683,113.922,153264.56
2026-04-26,113.694,114.018,113.678,113.979,4300.17
2026-04-27,113.981,114.636,113.959,114.591,121275.54
2026-04-28,114.593,114.713,114.077,114.67,164174.46
2026-04-29,114.668,114.705,113.906,114.182,184636.99
2026-04-30,114.181,114.443,111.318,113.033,320175.66
