date,open,high,low,close,tick_volume
2006-12-12,1.13948,1.14106,1.13381,1.13743,17371.4
2006-12-13,1.13725,1.1413,1.13152,1.13319,17715.4
2006-12-14,1.13327,1.14064,1.13018,1.1367,17546.4
2006-12-15,1.13684,1.13695,1.12985,1.13151,16492.0
2006-12-16,1.13151,1.13151,1.13151,1.13151,0.0
2006-12-17,1.13151,1.13464,1.13151,1.13248,1268.4
2006-12-18,1.13242,1.1344,1.12687,1.12939,16869.4
2006-12-19,1.12939,1.13085,1.12291,1.12519,17881.2
2006-12-20,1.12516,1.13196,1.12062,1.12852,18287.4
2006-12-21,1.12863,1.13281,1.12331,1.1234,18110.2
2006-12-22,1.12323,1.12676,1.11549,1.11773,15882.0
2006-12-23,1.11773,1.11773,1.11773,1.11773,0.0
2006-12-24,1.11773,1.11831,1.11773,1.11831,0.0
2006-12-25,1.11831,1.11831,1.11831,1.11831,0.0
2006-12-26,1.11831,1.11895,1.11291,1.1165,10634.8
2006-12-27,1.11657,1.12026,1.11372,1.11892,16857.0
2006-12-28,1.11896,1.12272,1.11565,1.11916,16649.8
2006-12-29,1.11919,1.12266,1.11531,1.11608,15315.8
2006-12-30,1.11608,1.11608,1.11608,1.11608,0.0
2006-12-31,1.11608,1.116622,1.11608,1.116622,0.0
2007-01-01,1.116622,1.116622,1.116622,1.116622,0.0
2007-01-02,1.116622,1.12602,1.116622,1.12554,11336.2
2007-01-03,1.12562,1.12773,1.11546,1.1205,17803.4
2007-01-04,1.12046,1.12596,1.11821,1.12518,17656.2
2007-01-05,1.1253,1.13634,1.1238,1.13241,16976.0
2007-01-06,1.13241,1.13241,1.13241,1.13241,0.0
2007-01-07,1.13241,1.13374,1.12955,1.13373,1312.8
2007-01-08,1.134,1.13859,1.12841,1.12926,17551.0
2007-01-09,1.12931,1.13178,1.12537,1.12708,18063.0
2007-01-10,1.1272,1.13207,1.12608,1.12921,17861.0
2007-01-11,1.12928,1.13736,1.12607,1.13128,18707.4
2007-01-12,1.1312,1.13478,1.12605,1.13302,16139.2
2007-01-13,1.13302,1.13302,1.13302,1.13302,0.0
2007-01-14,1.13302,1.13302,1.13061,1.13236,1141.4
2007-01-15,1.13251,1.13448,1.12276,1.12466,17263.4
2007-01-16,1.12506,1.134,1.12272,1.13305,18287.6
2007-01-17,1.13316,1.13833,1.13035,1.13598,18022.0
2007-01-18,1.13611,1.13741,1.13057,1.1347,18176.0
2007-01-19,1.13477,1.13764,1.13042,1.13389,16456.2
2007-01-20,1.13389,1.13389,1.13389,1.13389,0.0
2007-01-21,1.13389,1.13567,1.1332,1.13477,1082.2
2007-01-22,1.13487,1.13641,1.1239,1.12578,17531.4
2007-01-23,1.12586,1.13026,1.12284,1.12979,17870.2
2007-01-24,1.12982,1.13031,1.11156,1.11415,19057.4
2007-01-25,1.11449,1.1156,1.10656,1.10909,19060.2
2007-01-26,1.10953,1.11547,1.10734,1.10972,16448.0
2007-01-27,1.10972,1.10972,1.10972,1.10972,0.0
2007-01-28,1.10972,1.11253,1.10972,1.11203,1219.6
2007-01-29,1.11216,1.11328,1.10452,1.10854,17499.6
2007-01-30,1.10889,1.12304,1.10546,1.12155,18142.4
2007-01-31,1.12172,1.13119,1.11921,1.1239,18677.0
2007-02-01,1.12402,1.13812,1.12299,1.13274,18978.0
2007-02-02,1.13291,1.1407,1.12965,1.13579,16751.6
2007-02-03,1.13579,1.13579,1.13579,1.13579,0.0
2007-02-04,1.13579,1.13579,1.12915,1.13138,1351.6
2007-02-05,1.13147,1.13736,1.12712,1.13252,17055.8
2007-02-06,1.13263,1.14402,1.13167,1.1411,16299.4
2007-02-07,1.14087,1.14526,1.13085,1.13176,17206.0
2007-02-08,1.13177,1.14351,1.12844,1.14017,16865.6
2007-02-09,1.14044,1.1443,1.13322,1.136,14315.8
2007-02-10,1.136,1.136,1.136,1.136,0.0
2007-02-11,1.136,1.137123,1.136,1.137123,0.0
2007-02-12,1.137123,1.137123,1.12405,1.1284,8573.4
2007-02-13,1.12847,1.13033,1.1252,1.12853,17159.6
2007-02-14,1.12833,1.13217,1.12612,1.12991,16795.4
2007-02-15,1.12977,1.13176,1.12538,1.12919,16981.4
2007-02-16,1.12948,1.13023,1.12437,1.12642,14700.2
2007-02-17,1.12642,1.12642,1.12642,1.12642,0.0
2007-02-18,1.12642,1.12642,1.12154,1.12318,1283.2
2007-02-19,1.12342,1.12411,1.11844,1.12136,15529.4
2007-02-20,1.12146,1.12313,1.11841,1.12188,14804.2
2007-02-21,1.12192,1.12454,1.1167,1.11892,17216.8
2007-02-22,1.11918,1.1215,1.11543,1.11943,16786.0
2007-02-23,1.11912,1.12127,1.11617,1.11908,15119.6
2007-02-24,1.11908,1.11908,1.11908,1.11908,0.0
2007-02-25,1.11908,1.11908,1.11615,1.1168,1173.2
2007-02-26,1.11714,1.11904,1.11331,1.11632,15362.0
2007-02-27,1.11647,1.12851,1.11513,1.12586,18391.6
2007-02-28,1.12577,1.12851,1.12029,1.12176,18393.2
2007-03-01,1.12172,1.1338,1.1193,1.13054,18477.2
2007-03-02,1.13032,1.14233,1.12914,1.13504,16804.2
2007-03-03,1.13504,1.13504,1.13504,1.13504,0.0
2007-03-04,1.13504,1.138,1.13349,1.13738,1537.0
2007-03-05,1.13741,1.14711,1.13483,1.14166,18818.8
2007-03-06,1.14182,1.14215,1.13024,1.13043,18747.2
2007-03-07,1.13046,1.14648,1.12988,1.14334,18369.6
2007-03-08,1.14322,1.14441,1.13005,1.13038,18495.8
2007-03-09,1.13058,1.13293,1.12717,1.12848,16068.0
2007-03-10,1.12848,1.12848,1.12848,1.12848,0.0
2007-03-11,1.12848,1.12883,1.12359,1.12513,1315.4
2007-03-12,1.12527,1.13229,1.12347,1.12772,17615.8
2007-03-13,1.12789,1.1409,1.12603,1.13971,18445.0
2007-03-14,1.13955,1.14148,1.132,1.13294,18503.8
2007-03-15,1.13305,1.13783,1.13116,1.13266,17003.8
2007-03-16,1.13278,1.14103,1.13166,1.14001,15997.0
2007-03-17,1.14001,1.14001,1.14001,1.14001,0.0
2007-03-18,1.14001,1.14154,1.13815,1.1405,2007.0
2007-03-19,1.14049,1.14195,1.1357,1.13802,17099.6
2007-03-20,1.13803,1.1405,1.13317,1.13684,17836.4
2007-03-21,1.13652,1.13908,1.13398,1.13796,16979.0
2007-03-22,1.13761,1.13861,1.12845,1.13278,16955.2
2007-03-23,1.13258,1.135,1.12689,1.1302,14777.6
2007-03-24,1.1302,1.1302,1.1302,1.1302,0.0
2007-03-25,1.1302,1.13495,1.12971,1.1321,2027.2
2007-03-26,1.13205,1.13323,1.12668,1.128,16342.0
2007-03-27,1.12783,1.12968,1.12207,1.12588,15814.4
2007-03-28,1.12576,1.13648,1.12441,1.13244,16745.6
2007-03-29,1.1324,1.13519,1.12582,1.13004,15941.4
2007-03-30,1.12986,1.1339,1.12821,1.13069,14318.0
2007-03-31,1.13069,1.13069,1.13069,1.13069,0.0
2007-04-01,1.13069,1.13427,1.12968,1.13198,2106.6
2007-04-02,1.1318,1.13597,1.12674,1.12856,15789.2
2007-04-03,1.12874,1.13052,1.12113,1.12582,15545.6
2007-04-04,1.12562,1.13639,1.12392,1.13448,15222.0
2007-04-05,1.13476,1.13605,1.12954,1.13171,13685.8
2007-04-06,1.13142,1.13308,1.12886,1.13178,7016.8
2007-04-07,1.13178,1.13178,1.13178,1.13178,0.0
2007-04-08,1.13178,1.13185,1.12852,1.1299,1179.8
2007-04-09,1.12981,1.13459,1.12701,1.13234,11539.8
2007-04-10,1.13244,1.13687,1.12904,1.13169,17170.0
2007-04-11,1.13178,1.13412,1.12933,1.13252,16118.4
2007-04-12,1.13262,1.13703,1.12851,1.13082,16714.8
2007-04-13,1.13021,1.13286,1.12189,1.12829,15309.0
2007-04-14,1.12829,1.12829,1.12829,1.12829,0.0
2007-04-15,1.12829,1.12829,1.12525,1.12749,1773.4
2007-04-16,1.12743,1.12782,1.12257,1.1247,15149.6
2007-04-17,1.12439,1.12703,1.11762,1.11966,16327.2
2007-04-18,1.11983,1.12691,1.11517,1.12233,17313.0
2007-04-19,1.12203,1.1259,1.11977,1.12101,18081.4
2007-04-20,1.12099,1.12267,1.11696,1.11813,15250.2
2007-04-21,1.11813,1.11813,1.11813,1.11813,0.0
2007-04-22,1.11813,1.11965,1.11718,1.11896,1665.2
2007-04-23,1.11897,1.1227,1.11399,1.11747,17489.0
2007-04-24,1.11733,1.1193,1.10771,1.11419,18199.0
2007-04-25,1.11426,1.12217,1.11285,1.11965,16983.2
2007-04-26,1.11945,1.12187,1.11099,1.11714,17182.8
2007-04-27,1.1168,1.12185,1.11444,1.11715,15510.6
2007-04-28,1.11715,1.11715,1.11715,1.11715,0.0
2007-04-29,1.11715,1.12058,1.11587,1.11983,1725.6
2007-04-30,1.11967,1.12092,1.1169,1.11915,16435.0
2007-05-01,1.11936,1.12037,1.11455,1.11732,16122.6
2007-05-02,1.11752,1.11891,1.10396,1.11692,16821.4
2007-05-03,1.11672,1.11967,1.10264,1.11741,15687.8
2007-05-04,1.11731,1.11827,1.11158,1.11399,15529.2
2007-05-05,1.11399,1.11399,1.11399,1.11399,0.0
2007-05-06,1.11399,1.1174,1.11263,1.11673,1713.4
2007-05-07,1.11681,1.11933,1.11519,1.11858,14236.8
2007-05-08,1.11864,1.12545,1.11691,1.12442,16676.8
2007-05-09,1.1243,1.12918,1.1159,1.12825,16429.8
2007-05-10,1.12835,1.13756,1.10881,1.13445,18891.8
2007-05-11,1.13476,1.13732,1.13041,1.13159,15774.6
2007-05-12,1.13159,1.13159,1.13159,1.13159,0.0
2007-05-13,1.13159,1.13452,1.12811,1.13001,1865.6
2007-05-14,1.13024,1.13053,1.12444,1.1281,14951.8
2007-05-15,1.12794,1.13076,1.12563,1.12866,15574.0
2007-05-16,1.12869,1.12953,1.12217,1.12457,15542.0
2007-05-17,1.12457,1.12784,1.12286,1.12743,15689.6
2007-05-18,1.12747,1.12972,1.12509,1.12509,14008.2
2007-05-19,1.12509,1.12509,1.1247,1.12486,11.0
2007-05-20,1.12486,1.12804,1.11816,1.12673,1550.6
2007-05-21,1.12646,1.12773,1.12113,1.12455,15431.4
2007-05-22,1.12463,1.12905,1.12433,1.12743,16059.2
2007-05-23,1.12749,1.13233,1.12605,1.12811,16118.2
2007-05-24,1.12794,1.13189,1.12633,1.12942,16318.8
2007-05-25,1.12929,1.12998,1.12547,1.12576,13673.6
2007-05-26,1.12576,1.12576,1.12576,1.12576,0.0
2007-05-27,1.12576,1.12769,1.12541,1.12673,933.4
2007-05-28,1.127,1.12815,1.12483,1.12612,10989.6
2007-05-29,1.12638,1.12689,1.12235,1.12531,18935.2
2007-05-30,1.12537,1.12768,1.12221,1.12646,19035.8
2007-05-31,1.12667,1.12902,1.12077,1.12289,19539.6
2007-06-01,1.12291,1.12359,1.11556,1.11647,17609.8
2007-06-02,1.11647,1.11647,1.11647,1.11647,0.0
2007-06-03,1.11647,1.11766,1.11527,1.11732,1448.4
2007-06-04,1.1173,1.11818,1.11424,1.11583,17806.6
2007-06-05,1.11608,1.11714,1.11008,1.11507,19399.6
2007-06-06,1.11486,1.12251,1.11088,1.11711,20197.6
2007-06-07,1.11743,1.12143,1.11543,1.11651,20761.4
2007-06-08,1.11673,1.11983,1.10335,1.10507,18639.2
2007-06-09,1.10507,1.10507,1.10507,1.10507,0.0
2007-06-10,1.10507,1.10776,1.10501,1.10576,1855.6
2007-06-11,1.10579,1.12564,1.10441,1.12199,20013.0
2007-06-12,1.12176,1.12362,1.11716,1.12148,19720.0
2007-06-13,1.12129,1.12275,1.11594,1.12099,20362.6
2007-06-14,1.12097,1.12143,1.11076,1.11113,18413.2
2007-06-15,1.1112,1.1164,1.11005,1.11364,16573.6
2007-06-16,1.11364,1.11364,1.11364,1.11364,0.0
2007-06-17,1.11364,1.11922,1.11355,1.11772,2271.8
2007-06-18,1.11751,1.11867,1.11277,1.116,18515.8
2007-06-19,1.11567,1.11734,1.11183,1.11461,17131.2
2007-06-20,1.11475,1.11573,1.10695,1.1098,20039.0
2007-06-21,1.10955,1.11121,1.10418,1.10873,19077.4
2007-06-22,1.10872,1.11144,1.1038,1.107,17667.6
2007-06-23,1.107,1.107,1.107,1.107,0.0
2007-06-24,1.107,1.11024,1.10469,1.10582,1859.0
2007-06-25,1.10604,1.10886,1.10342,1.10558,19369.8
2007-06-26,1.10551,1.10678,1.09847,1.10125,20344.2
2007-06-27,1.10158,1.10565,1.0966,1.09875,21790.2
2007-06-28,1.09866,1.10231,1.09668,1.10088,21071.6
2007-06-29,1.1009,1.10308,1.09608,1.09732,18841.6
2007-06-30,1.09732,1.09732,1.09732,1.09732,0.0
2007-07-01,1.09732,1.10093,1.09702,1.09881,2133.4
2007-07-02,1.09903,1.10102,1.09592,1.09846,19686.0
2007-07-03,1.09838,1.09938,1.09086,1.09328,19404.8
2007-07-04,1.09346,1.09792,1.09186,1.09664,17253.8
2007-07-05,1.09635,1.09682,1.08977,1.09319,19167.8
2007-07-06,1.09333,1.09831,1.08997,1.09533,17759.0
2007-07-07,1.09533,1.09533,1.09533,1.09533,0.0
2007-07-08,1.09533,1.09636,1.09422,1.09547,1735.6
2007-07-09,1.09591,1.10285,1.09554,1.10255,19695.6
2007-07-10,1.10262,1.1116,1.10197,1.10672,20890.4
2007-07-11,1.1067,1.11091,1.10062,1.10224,20789.4
2007-07-12,1.10205,1.10511,1.09863,1.09991,20529.6
2007-07-13,1.09988,1.10805,1.09969,1.10461,18632.6
2007-07-14,1.10461,1.10461,1.10461,1.10461,0.0
2007-07-15,1.10461,1.1073,1.10124,1.10423,1976.6
2007-07-16,1.1043,1.10697,1.09685,1.09985,20203.2
2007-07-17,1.09959,1.10531,1.09939,1.1049,20007.8
2007-07-18,1.10473,1.10843,1.10353,1.10545,20995.6
2007-07-19,1.10544,1.11138,1.1047,1.10851,20575.8
2007-07-20,1.10823,1.10891,1.10178,1.10264,19134.2
2007-07-21,1.10264,1.10264,1.10264,1.10264,0.0
2007-07-22,1.10264,1.10414,1.09373,1.10191,1644.2
2007-07-23,1.10185,1.10469,1.09268,1.09462,21398.8
2007-07-24,1.09479,1.0965,1.09041,1.09566,22381.4
2007-07-25,1.09551,1.10549,1.09465,1.10454,23253.2
2007-07-26,1.10466,1.11632,1.10228,1.11489,23819.0
2007-07-27,1.11496,1.11824,1.10193,1.11114,21301.2
2007-07-28,1.11114,1.11114,1.11114,1.11114,0.0
2007-07-29,1.11114,1.12009,1.11114,1.11549,2767.6
2007-07-30,1.11612,1.12041,1.11146,1.11316,23743.6
2007-07-31,1.11332,1.11885,1.11031,1.11797,23766.4
2007-08-01,1.11806,1.12188,1.11308,1.11487,23863.2
2007-08-02,1.11491,1.11904,1.11349,1.11642,23064.4
2007-08-03,1.11671,1.12422,1.11457,1.12227,19791.6
2007-08-04,1.12227,1.12227,1.12227,1.12227,0.0
2007-08-05,1.12227,1.12711,1.12227,1.12572,2556.4
2007-08-06,1.12602,1.12738,1.11927,1.12121,22134.8
2007-08-07,1.12075,1.12618,1.11937,1.12228,21942.4
2007-08-08,1.12217,1.12634,1.11894,1.12131,23029.6
2007-08-09,1.12124,1.1336,1.11852,1.13292,22712.2
2007-08-10,1.13317,1.13784,1.12952,1.1306,21165.2
2007-08-11,1.1306,1.1306,1.1306,1.1306,0.0
2007-08-12,1.1306,1.13509,1.12948,1.13421,2034.0
2007-08-13,1.13428,1.14414,1.1328,1.14268,22880.4
2007-08-14,1.14281,1.14965,1.14168,1.14869,23341.6
2007-08-15,1.14883,1.16224,1.14467,1.16222,24063.4
2007-08-16,1.16209,1.17483,1.13839,1.1461,24640.0
2007-08-17,1.14716,1.16478,1.13347,1.14374,21580.2
2007-08-18,1.14374,1.14374,1.14374,1.14374,0.0
2007-08-19,1.14374,1.14746,1.14108,1.14445,2571.4
2007-08-20,1.14463,1.15752,1.14285,1.14797,23055.6
2007-08-21,1.14786,1.15551,1.14382,1.15105,23046.6
2007-08-22,1.15086,1.15665,1.13955,1.14148,23141.0
2007-08-23,1.14161,1.14922,1.14009,1.14518,23173.8
2007-08-24,1.1448,1.15284,1.14294,1.14512,19907.8
2007-08-25,1.14512,1.14512,1.14512,1.14512,0.0
2007-08-26,1.14512,1.14815,1.14045,1.14193,2320.2
2007-08-27,1.14198,1.15687,1.13999,1.15509,21769.2
2007-08-28,1.1551,1.17006,1.15448,1.16904,22842.4
2007-08-29,1.16792,1.17146,1.1571,1.16304,23416.2
2007-08-30,1.16302,1.16537,1.15743,1.16225,22986.2
2007-08-31,1.1621,1.16651,1.15575,1.1643,19795.4
2007-09-01,1.1643,1.1643,1.1643,1.1643,0.0
2007-09-02,1.1643,1.165646,1.161,1.1638,1539.2
2007-09-03,1.1638,1.17021,1.16319,1.17005,20755.6
2007-09-04,1.17016,1.18744,1.16849,1.18647,23974.8
2007-09-05,1.18618,1.19854,1.18064,1.19594,23767.2
2007-09-06,1.1958,1.19885,1.18904,1.1977,22258.4
2007-09-07,1.19747,1.20245,1.19254,1.19435,19803.6
2007-09-08,1.19435,1.19435,1.19435,1.19435,0.0
2007-09-09,1.19435,1.20059,1.19435,1.19841,2593.6
2007-09-10,1.19842,1.19996,1.18151,1.18623,23368.4
2007-09-11,1.18608,1.19078,1.17751,1.17792,22684.2
2007-09-12,1.17753,1.18624,1.17482,1.18212,22544.6
2007-09-13,1.18219,1.18337,1.16808,1.17822,22793.0
2007-09-14,1.17798,1.18199,1.17327,1.17954,19809.8
2007-09-15,1.17954,1.17954,1.17954,1.17954,0.0
2007-09-16,1.17954,1.17975,1.17634,1.17942,1942.6
2007-09-17,1.1793,1.18364,1.17617,1.17914,21346.0
2007-09-18,1.17911,1.18401,1.16939,1.17264,23032.4
2007-09-19,1.17252,1.17413,1.16055,1.16149,22610.6
2007-09-20,1.16154,1.17092,1.15868,1.1652,23273.0
2007-09-21,1.1655,1.16852,1.16068,1.16303,20016.6
2007-09-22,1.16303,1.16303,1.16303,1.16303,0.0
2007-09-23,1.16303,1.16632,1.16303,1.16588,1460.8
2007-09-24,1.1659,1.16719,1.15893,1.16319,21406.2
2007-09-25,1.16322,1.1778,1.16205,1.17315,22869.4
2007-09-26,1.17313,1.1776,1.17184,1.17506,21573.6
2007-09-27,1.17499,1.17639,1.16565,1.16754,22120.6
2007-09-28,1.16786,1.17347,1.16188,1.17036,20622.2
2007-09-29,1.17036,1.17036,1.17036,1.17036,0.0
2007-09-30,1.17036,1.17129,1.16693,1.16856,1625.2
2007-10-01,1.16841,1.16958,1.16096,1.16669,22480.8
2007-10-02,1.16659,1.16715,1.16017,1.16563,22470.0
2007-10-03,1.16555,1.17284,1.16368,1.17132,22856.8
2007-10-04,1.17143,1.17731,1.16849,1.17477,22272.0
2007-10-05,1.17479,1.18119,1.17266,1.1775,19715.4
2007-10-06,1.1775,1.1775,1.1775,1.1775,0.0
2007-10-07,1.1775,1.17997,1.17429,1.17811,2115.6
2007-10-08,1.17811,1.17888,1.16952,1.17174,22177.8
2007-10-09,1.17164,1.17806,1.16932,1.17676,23648.0
2007-10-10,1.17656,1.17845,1.17413,1.17655,23266.2
2007-10-11,1.1765,1.17794,1.16491,1.16673,23424.2
2007-10-12,1.16685,1.16956,1.16295,1.16344,20442.2
2007-10-13,1.16344,1.16344,1.16344,1.16344,0.0
2007-10-14,1.16344,1.17143,1.1633,1.16804,2403.6
2007-10-15,1.16786,1.18107,1.16725,1.17865,23882.0
2007-10-16,1.17854,1.1941,1.17607,1.18659,24778.6
2007-10-17,1.18659,1.19223,1.1815,1.18546,24886.8
2007-10-18,1.18553,1.19208,1.1835,1.18774,23776.6
2007-10-19,1.18773,1.19529,1.18507,1.18919,21295.8
2007-10-20,1.18919,1.18919,1.18919,1.18919,0.0
2007-10-21,1.18919,1.1973,1.18919,1.19561,3037.2
2007-10-22,1.19538,1.19689,1.18313,1.18455,24213.0
2007-10-23,1.18464,1.1881,1.18178,1.18639,23713.8
2007-10-24,1.18654,1.19772,1.18446,1.19504,24061.8
2007-10-25,1.19502,1.19806,1.18835,1.19151,23503.8
2007-10-26,1.19154,1.19864,1.189,1.19718,20674.4
2007-10-27,1.19718,1.19718,1.19718,1.19718,0.0
2007-10-28,1.19718,1.19744,1.19401,1.19542,1658.2
2007-10-29,1.19564,1.20014,1.19464,1.19613,23380.6
2007-10-30,1.19622,1.20381,1.19355,1.20058,23320.4
2007-10-31,1.20049,1.20816,1.20003,1.2053,22976.0
2007-11-01,1.20543,1.20773,1.19857,1.20424,23587.8
2007-11-02,1.20426,1.20702,1.20104,1.20482,20752.8
2007-11-03,1.20482,1.20482,1.20482,1.20482,0.0
2007-11-04,1.20482,1.20482,1.20016,1.20303,1720.8
2007-11-05,1.2029,1.20583,1.19205,1.19424,23078.2
2007-11-06,1.19422,1.19578,1.18727,1.18989,22431.4
2007-11-07,1.1901,1.20107,1.18777,1.20089,23575.4
2007-11-08,1.20084,1.20358,1.18872,1.19231,23760.2
2007-11-09,1.19235,1.19575,1.18671,1.19139,22287.2
2007-11-10,1.19139,1.19139,1.19139,1.19139,0.0
2007-11-11,1.19139,1.19468,1.18658,1.19169,1860.8
2007-11-12,1.19179,1.19212,1.17424,1.17593,23651.8
2007-11-13,1.17617,1.18136,1.17392,1.17956,23642.6
2007-11-14,1.17973,1.18802,1.16801,1.17647,23307.4
2007-11-15,1.17631,1.17782,1.17084,1.17254,23694.4
2007-11-16,1.17252,1.1803,1.16868,1.17715,21909.6
2007-11-17,1.17715,1.17715,1.17715,1.17715,0.0
2007-11-18,1.17715,1.18126,1.17625,1.18032,1467.0
2007-11-19,1.18041,1.18185,1.16735,1.1717,23033.8
2007-11-20,1.17194,1.1725,1.16277,1.16671,23278.0
2007-11-21,1.16657,1.16688,1.153,1.15448,23254.6
2007-11-22,1.15626,1.16041,1.15465,1.15786,22268.6
2007-11-23,1.15798,1.16061,1.15252,1.15514,20758.0
2007-11-24,1.15514,1.15514,1.15514,1.15514,0.0
2007-11-25,1.15514,1.15898,1.15484,1.1563,1595.0
2007-11-26,1.15623,1.16447,1.15504,1.15763,22984.2
2007-11-27,1.15744,1.15947,1.15016,1.1543,22902.6
2007-11-28,1.15348,1.15423,1.14251,1.14887,22652.8
2007-11-29,1.14888,1.14948,1.14024,1.14437,22746.6
2007-11-30,1.14437,1.15901,1.14356,1.15549,21428.2
2007-12-01,1.15549,1.15549,1.15549,1.15549,0.0
2007-12-02,1.15549,1.15833,1.15466,1.15472,1519.8
2007-12-03,1.15484,1.15669,1.14917,1.15091,22148.2
2007-12-04,1.15099,1.15122,1.14074,1.1435,22863.0
2007-12-05,1.14379,1.14544,1.12454,1.12805,23413.0
2007-12-06,1.12807,1.13346,1.12518,1.13017,22561.8
2007-12-07,1.13026,1.13121,1.12295,1.12696,21008.2
2007-12-08,1.12696,1.12696,1.12696,1.12696,0.0
2007-12-09,1.12696,1.13066,1.124,1.12981,1552.2
2007-12-10,1.12956,1.13484,1.12863,1.13133,21976.4
2007-12-11,1.13149,1.13439,1.12509,1.12693,22197.0
2007-12-12,1.12668,1.12825,1.11504,1.12355,22657.8
2007-12-13,1.12406,1.12507,1.11667,1.1228,23258.6
2007-12-14,1.12282,1.12461,1.11438,1.12341,21432.6
2007-12-15,1.12341,1.12341,1.12341,1.12341,0.0
2007-12-16,1.12341,1.12353,1.12092,1.12184,1489.4
2007-12-17,1.12193,1.13911,1.12149,1.1386,21656.0
2007-12-18,1.1386,1.14116,1.13393,1.13949,21988.8
2007-12-19,1.13966,1.14169,1.13295,1.1368,22099.6
2007-12-20,1.13695,1.13837,1.12417,1.1275,21865.0
2007-12-21,1.12746,1.13596,1.1254,1.13454,20078.0
2007-12-22,1.13454,1.13454,1.13454,1.13454,0.0
2007-12-23,1.13454,1.13587,1.13157,1.13427,903.6
2007-12-24,1.13515,1.13921,1.13209,1.13338,14366.6
2007-12-25,1.13338,1.13338,1.13338,1.13338,0.0
2007-12-26,1.13338,1.14048,1.13338,1.13789,15870.8
2007-12-27,1.13807,1.14052,1.13154,1.1351,21583.4
2007-12-28,1.13523,1.1363,1.12724,1.12807,19090.0
2007-12-29,1.12807,1.12807,1.12807,1.12807,0.0
2007-12-30,1.12807,1.13248,1.12803,1.13002,1131.8
2007-12-31,1.13012,1.14338,1.12992,1.14192,16932.6
2008-01-01,1.14192,1.14213,1.13918,1.13979,1398.6
2008-01-02,1.1396,1.1431,1.13526,1.13904,23502.4
2008-01-03,1.13912,1.1428,1.13229,1.14019,23655.4
2008-01-04,1.14007,1.14287,1.13424,1.13707,21575.8
2008-01-05,1.13707,1.13707,1.13707,1.13707,0.0
2008-01-06,1.13707,1.13738,1.13522,1.13588,1708.4
2008-01-07,1.13565,1.14286,1.13259,1.13384,23737.0
2008-01-08,1.13365,1.14355,1.13339,1.14295,23765.8
2008-01-09,1.1428,1.14906,1.13907,1.14,24398.0
2008-01-10,1.14031,1.14275,1.13525,1.13736,23945.2
2008-01-11,1.13724,1.14315,1.13436,1.13776,22315.4
2008-01-12,1.13776,1.13776,1.13776,1.13776,0.0
2008-01-13,1.13776,1.1395,1.13645,1.13814,1407.8
2008-01-14,1.13809,1.14195,1.13524,1.13789,23785.4
2008-01-15,1.13815,1.1392,1.13065,1.13451,23993.6
2008-01-16,1.13477,1.14554,1.13264,1.14256,24418.2
2008-01-17,1.14268,1.14889,1.13926,1.14279,24755.6
2008-01-18,1.14304,1.1571,1.1423,1.15491,22670.6
2008-01-19,1.15491,1.15491,1.15491,1.15491,0.0
2008-01-20,1.15491,1.15875,1.15491,1.1563,1618.6
2008-01-21,1.15609,1.15729,1.14986,1.15648,23791.2
2008-01-22,1.15617,1.15738,1.13298,1.13778,23955.6
2008-01-23,1.13772,1.14821,1.13349,1.14205,23928.6
2008-01-24,1.1418,1.14315,1.13369,1.13848,23419.0
2008-01-25,1.13856,1.14768,1.13766,1.1439,21746.4
2008-01-26,1.1439,1.1439,1.1439,1.1439,0.0
2008-01-27,1.1439,1.1443,1.14093,1.1426,1589.8
2008-01-28,1.14254,1.14402,1.13626,1.14083,22747.4
2008-01-29,1.14093,1.1437,1.13734,1.14103,23226.2
2008-01-30,1.14134,1.14252,1.13565,1.137,23267.2
2008-01-31,1.13751,1.13969,1.13315,1.13664,23327.0
2008-02-01,1.13702,1.14113,1.13394,1.13611,21118.0
2008-02-02,1.13611,1.13611,1.13611,1.13611,0.0
2008-02-03,1.13611,1.14012,1.13611,1.13881,905.0
2008-02-04,1.13912,1.14637,1.1378,1.14406,21737.2
2008-02-05,1.14378,1.14908,1.14048,1.1449,23188.7
2008-02-06,1.14465,1.14644,1.13444,1.13629,22694.8
2008-02-07,1.1361,1.13799,1.12712,1.13668,23120.5
2008-02-08,1.13648,1.13879,1.1322,1.13401,20425.1
2008-02-09,1.13401,1.13401,1.13401,1.13401,0.0
2008-02-10,1.13401,1.13827,1.13401,1.13661,955.8
2008-02-11,1.13641,1.14741,1.13641,1.14677,21133.2
2008-02-12,1.14654,1.14824,1.13896,1.14409,20605.5
2008-02-13,1.14388,1.14551,1.13895,1.14204,20740.2
2008-02-14,1.14177,1.14848,1.14037,1.14519,20598.0
2008-02-15,1.14543,1.15233,1.14505,1.14915,18427.5
2008-02-16,1.14915,1.14915,1.14915,1.14915,0.0
2008-02-17,1.14915,1.1492,1.14667,1.14824,1254.2
2008-02-18,1.14859,1.15135,1.146,1.14969,19421.6
2008-02-19,1.1498,1.15385,1.14799,1.15209,22286.2
2008-02-20,1.15229,1.15296,1.14704,1.15045,22209.0
2008-02-21,1.15071,1.15118,1.14446,1.14708,21356.8
2008-02-22,1.14713,1.1477,1.13908,1.14083,20114.0
2008-02-23,1.14083,1.14083,1.14083,1.14083,0.0
2008-02-24,1.14083,1.14372,1.14081,1.14211,992.2
2008-02-25,1.14218,1.1449,1.13763,1.13911,20961.8
2008-02-26,1.13944,1.14703,1.13855,1.14249,22023.2
2008-02-27,1.14247,1.15496,1.14174,1.15407,22145.6
2008-02-28,1.15407,1.1644,1.1525,1.16068,22731.1
2008-02-29,1.16058,1.16788,1.15785,1.16415,21150.8
2008-03-01,1.16415,1.16415,1.16415,1.16415,0.0
2008-03-02,1.16415,1.17236,1.16415,1.17003,1777.4
2008-03-03,1.1701,1.17286,1.16133,1.16338,22531.8
2008-03-04,1.16341,1.16615,1.15513,1.15766,22442.6
2008-03-05,1.1576,1.16721,1.157,1.16262,22136.8
2008-03-06,1.16231,1.16663,1.1605,1.16438,21805.0
2008-03-07,1.16455,1.17311,1.16351,1.16599,20711.6
2008-03-08,1.16599,1.16599,1.16599,1.16599,0.0
2008-03-09,1.16599,1.17154,1.16599,1.17021,1344.4
2008-03-10,1.17012,1.17159,1.15892,1.15991,21954.1
2008-03-11,1.16008,1.16202,1.15173,1.15659,22688.1
2008-03-12,1.15663,1.16116,1.15459,1.15867,22308.4
2008-03-13,1.1589,1.16592,1.15202,1.15648,22766.1
2008-03-14,1.1569,1.15702,1.14537,1.15203,19572.7
2008-03-15,1.15203,1.15203,1.15203,1.15203,0.0
2008-03-16,1.15203,1.15587,1.15118,1.15436,1721.4
2008-03-17,1.15455,1.15506,1.13983,1.1485,22686.7
2008-03-18,1.14819,1.15001,1.14247,1.14677,22429.6
2008-03-19,1.14651,1.14754,1.13966,1.1412,22385.2
2008-03-20,1.14122,1.14494,1.13285,1.13508,20939.4
2008-03-21,1.13488,1.1392,1.13363,1.13757,8898.8
2008-03-22,1.13757,1.13757,1.13757,1.13757,0.0
2008-03-23,1.13757,1.13924,1.13697,1.13752,1254.0
2008-03-24,1.13757,1.14231,1.13354,1.13382,19017.2
2008-03-25,1.13417,1.1391,1.13268,1.13593,22119.6
2008-03-26,1.13625,1.14485,1.13542,1.14247,21788.9
2008-03-27,1.14261,1.147,1.13888,1.14088,21506.2
2008-03-28,1.1412,1.15277,1.13855,1.1489,19900.1
2008-03-29,1.1489,1.1489,1.1489,1.1489,0.0
2008-03-30,1.1489,1.15724,1.1463,1.15524,1927.0
2008-03-31,1.15539,1.16378,1.15295,1.16138,21807.7
2008-04-01,1.16111,1.16437,1.15039,1.15247,21493.8
2008-04-02,1.15222,1.15891,1.15011,1.1586,21027.1
2008-04-03,1.15823,1.16714,1.15789,1.16446,20370.2
2008-04-04,1.1641,1.17056,1.16048,1.16695,17562.7
2008-04-05,1.16695,1.16695,1.16695,1.16695,0.0
2008-04-06,1.16695,1.1688,1.16553,1.16733,1505.5
2008-04-07,1.16757,1.16837,1.15919,1.16161,19659.5
2008-04-08,1.16176,1.16763,1.16125,1.16703,20381.9
2008-04-09,1.16703,1.16887,1.16181,1.16575,19090.8
2008-04-10,1.16572,1.16792,1.16261,1.16621,19900.4
2008-04-11,1.16629,1.17082,1.16445,1.16827,17763.7
2008-04-12,1.16827,1.16827,1.16827,1.16827,0.0
2008-04-13,1.16827,1.17455,1.166,1.17309,1981.9
2008-04-14,1.17322,1.17458,1.16502,1.17091,20403.9
2008-04-15,1.17132,1.18042,1.16893,1.17888,20011.4
2008-04-16,1.17909,1.18949,1.17823,1.18418,20915.3
2008-04-17,1.18427,1.19115,1.18289,1.18464,19976.1
2008-04-18,1.18451,1.18804,1.1768,1.18152,17838.4
2008-04-19,1.18152,1.18152,1.18152,1.18152,0.0
2008-04-20,1.18152,1.18239,1.17839,1.18005,1707.3
2008-04-21,1.18008,1.18918,1.17916,1.18541,19261.1
2008-04-22,1.18528,1.18885,1.1829,1.18523,19047.2
2008-04-23,1.1851,1.1941,1.18423,1.19349,20079.4
2008-04-24,1.19297,1.19424,1.18872,1.1932,19362.9
2008-04-25,1.19317,1.19672,1.18927,1.19187,18564.9
2008-04-26,1.19187,1.19187,1.19187,1.19187,0.0
2008-04-27,1.19187,1.19336,1.19076,1.19282,1422.4
2008-04-28,1.19281,1.19829,1.19107,1.19735,18418.7
2008-04-29,1.19706,1.20643,1.19485,1.20488,20545.6
2008-04-30,1.20415,1.20706,1.19972,1.20472,19979.1
2008-05-01,1.20437,1.2056,1.1972,1.20017,19575.9
2008-05-02,1.19998,1.20142,1.19018,1.19677,17246.7
2008-05-03,1.19677,1.19677,1.19677,1.19677,0.0
2008-05-04,1.19677,1.19869,1.19592,1.19738,1059.8
2008-05-05,1.19701,1.20627,1.1957,1.20362,18533.5
2008-05-06,1.20341,1.20449,1.19515,1.20131,19791.2
2008-05-07,1.20149,1.21374,1.19807,1.21165,19893.1
2008-05-08,1.21216,1.22328,1.20916,1.22189,20841.7
2008-05-09,1.22196,1.2281,1.21453,1.22435,18217.4
2008-05-10,1.22435,1.22435,1.22435,1.22435,0.0
2008-05-11,1.22435,1.22802,1.22045,1.227,1619.5
2008-05-12,1.22716,1.23059,1.22296,1.23011,19259.3
2008-05-13,1.23004,1.23383,1.22398,1.23281,19693.3
2008-05-14,1.23265,1.2336,1.22291,1.23111,20300.1
2008-05-15,1.23134,1.24,1.22871,1.23224,20832.8
2008-05-16,1.23241,1.23721,1.22936,1.23347,17603.1
2008-05-17,1.23347,1.23347,1.23347,1.23347,0.0
2008-05-18,1.23347,1.23624,1.23236,1.23564,1609.3
2008-05-19,1.23564,1.23705,1.22723,1.23336,17911.9
2008-05-20,1.2334,1.24087,1.23186,1.2358,19649.6
2008-05-21,1.2363,1.23992,1.23266,1.23714,19381.1
2008-05-22,1.23732,1.24049,1.21477,1.21891,20255.4
2008-05-23,1.21897,1.22454,1.21576,1.22034,17389.6
2008-05-24,1.22034,1.22034,1.22034,1.22034,0.0
2008-05-25,1.22034,1.22357,1.21894,1.22067,1235.3
2008-05-26,1.22077,1.22232,1.2166,1.21906,15841.7
2008-05-27,1.21888,1.21988,1.21196,1.21442,22513.3
2008-05-28,1.21439,1.22668,1.21297,1.22381,23343.9
2008-05-29,1.22358,1.22921,1.22194,1.22405,24013.6
2008-05-30,1.2239,1.22496,1.21597,1.219939,21217.5
2008-05-31,1.219939,1.219939,1.219939,1.219939,0.0
2008-06-01,1.219939,1.219939,1.21733,1.21774,1433.2
2008-06-02,1.21761,1.21955,1.21201,1.21556,24211.1
2008-06-03,1.21571,1.22064,1.2147,1.21665,24522.0
2008-06-04,1.21691,1.24336,1.2162,1.24225,25668.7
2008-06-05,1.24261,1.25167,1.24124,1.25111,25372.6
2008-06-06,1.25154,1.25522,1.24583,1.25337,21686.0
2008-06-07,1.25337,1.25337,1.25337,1.25337,0.0
2008-06-08,1.25337,1.25337,1.24875,1.25118,1770.5
2008-06-09,1.25148,1.2549,1.24643,1.2517,24219.2
2008-06-10,1.25207,1.26184,1.25084,1.25436,24711.7
2008-06-11,1.25426,1.25644,1.24992,1.25298,23348.2
2008-06-12,1.25312,1.25437,1.24209,1.2494,25328.1
2008-06-13,1.24932,1.25505,1.24782,1.25148,23232.2
2008-06-14,1.25148,1.25148,1.25148,1.25148,0.0
2008-06-15,1.25148,1.25148,1.24788,1.24924,1718.9
2008-06-16,1.24924,1.2515,1.24677,1.24899,24481.3
2008-06-17,1.24884,1.25163,1.24293,1.24729,25866.7
2008-06-18,1.24718,1.24905,1.24448,1.24674,24773.5
2008-06-19,1.24643,1.25002,1.24392,1.24847,24125.7
2008-06-20,1.2482,1.25299,1.24624,1.25158,20974.3
2008-06-21,1.25158,1.25158,1.25158,1.25158,0.0
2008-06-22,1.25158,1.25295,1.2501,1.25162,1829.5
2008-06-23,1.25163,1.25777,1.24998,1.25588,24924.2
2008-06-24,1.25616,1.26278,1.25459,1.25946,24073.5
2008-06-25,1.25983,1.26723,1.2592,1.26659,23517.6
2008-06-26,1.26695,1.26853,1.26242,1.26492,26572.9
2008-06-27,1.2653,1.26846,1.25844,1.26114,24010.8
2008-06-28,1.26114,1.26114,1.26114,1.26114,0.0
2008-06-29,1.26114,1.26256,1.26016,1.26072,1920.1
2008-06-30,1.26073,1.26303,1.25513,1.25713,26970.3
2008-07-01,1.25685,1.26072,1.25301,1.25883,27069.7
2008-07-02,1.25859,1.26758,1.25796,1.26542,26235.1
2008-07-03,1.26557,1.27081,1.26228,1.27019,24632.1
2008-07-04,1.26996,1.272,1.26623,1.26664,19074.3
2008-07-05,1.26664,1.26664,1.26664,1.26664,0.0
2008-07-06,1.26664,1.26897,1.26664,1.268,974.3
2008-07-07,1.2682,1.27043,1.2648,1.26751,26254.0
2008-07-08,1.26776,1.27024,1.26319,1.26681,25768.1
2008-07-09,1.267,1.26737,1.25736,1.26179,26872.1
2008-07-10,1.26184,1.27077,1.25936,1.2668,25338.8
2008-07-11,1.26688,1.27121,1.2635,1.26632,23318.3
2008-07-12,1.26632,1.26632,1.26632,1.26632,0.0
2008-07-13,1.26632,1.2753,1.26632,1.27296,1889.1
2008-07-14,1.27276,1.27452,1.26796,1.27211,26291.0
2008-07-15,1.27191,1.2736,1.26559,1.26973,28423.7
2008-07-16,1.26951,1.27113,1.26017,1.26345,28543.4
2008-07-17,1.2635,1.27559,1.26222,1.27283,28658.4
2008-07-18,1.27293,1.2753,1.26983,1.27247,23630.5
2008-07-19,1.27247,1.27247,1.27247,1.27247,0.0
2008-07-20,1.27247,1.27934,1.27225,1.27763,2128.4
2008-07-21,1.27768,1.28423,1.27656,1.28252,28012.1
2008-07-22,1.28257,1.2835,1.27549,1.27927,27858.1
2008-07-23,1.27909,1.29182,1.27799,1.29055,32084.5
2008-07-24,1.29071,1.29595,1.28724,1.28829,31985.2
2008-07-25,1.28794,1.29031,1.28215,1.2872,28822.7
2008-07-26,1.2872,1.2872,1.2872,1.2872,0.0
2008-07-27,1.2872,1.2872,1.28215,1.28406,1845.0
2008-07-28,1.28429,1.28773,1.28249,1.28341,28505.0
2008-07-29,1.28323,1.29363,1.2823,1.28766,29076.9
2008-07-30,1.28794,1.29197,1.28187,1.28451,30574.0
2008-07-31,1.28496,1.28936,1.27916,1.28377,30612.4
2008-08-01,1.28408,1.29007,1.27462,1.27607,28909.4
2008-08-02,1.27607,1.27607,1.27607,1.27607,0.0
2008-08-03,1.27607,1.27757,1.2735,1.2766,1700.2
2008-08-04,1.27667,1.27988,1.27107,1.27523,30928.1
2008-08-05,1.27508,1.2763,1.2586,1.26145,33991.5
2008-08-06,1.26125,1.26754,1.26084,1.26239,31997.6
2008-08-07,1.26233,1.2705,1.2612,1.26882,31502.0
2008-08-08,1.26884,1.27846,1.25857,1.26152,25433.5
2008-08-09,1.26152,1.26152,1.26152,1.26152,0.0
2008-08-10,1.26152,1.26427,1.25671,1.26179,2783.1
2008-08-11,1.26188,1.2681,1.25998,1.26243,34452.6
2008-08-12,1.26321,1.26418,1.25051,1.25413,36604.3
2008-08-13,1.25441,1.25882,1.24107,1.24166,37387.2
2008-08-14,1.24228,1.24913,1.23439,1.23784,35658.5
2008-08-15,1.23782,1.23956,1.22434,1.22531,33173.1
2008-08-16,1.22531,1.22531,1.22531,1.22531,0.0
2008-08-17,1.22531,1.23102,1.22457,1.22879,2023.3
2008-08-18,1.22876,1.23169,1.21927,1.22273,35722.0
2008-08-19,1.22256,1.2273,1.2161,1.2206,37364.7
2008-08-20,1.2207,1.22659,1.2173,1.22298,35934.8
2008-08-21,1.22299,1.22434,1.21576,1.22049,36838.5
2008-08-22,1.22045,1.22672,1.21773,1.21954,32850.9
2008-08-23,1.21954,1.21954,1.21954,1.21954,0.0
2008-08-24,1.21954,1.22444,1.21943,1.22276,2411.8
2008-08-25,1.22289,1.23286,1.22049,1.23108,37490.7
2008-08-26,1.23096,1.23753,1.22499,1.22793,38557.1
2008-08-27,1.22787,1.22901,1.22015,1.22255,39811.8
2008-08-28,1.22241,1.23107,1.22164,1.22614,38999.6
2008-08-29,1.22606,1.22837,1.22126,1.22408,35086.2
2008-08-30,1.22408,1.22408,1.22408,1.22408,0.0
2008-08-31,1.22408,1.22528,1.22064,1.22466,1938.9
2008-09-01,1.2249,1.22805,1.2185,1.22484,39585.1
2008-09-02,1.22493,1.2297,1.21229,1.21676,43454.2
2008-09-03,1.21688,1.22565,1.21509,1.21804,43055.8
2008-09-04,1.21833,1.23007,1.21512,1.22524,43798.0
2008-09-05,1.22526,1.2292,1.21065,1.21896,41292.1
2008-09-06,1.21896,1.21896,1.21896,1.21896,0.0
2008-09-07,1.21896,1.23778,1.21496,1.22376,3687.8
2008-09-08,1.22387,1.22387,1.21241,1.21574,45258.7
2008-09-09,1.21605,1.21743,1.19806,1.20256,45929.7
2008-09-10,1.20267,1.22327,1.19962,1.22063,44945.5
2008-09-11,1.22067,1.23144,1.21783,1.22914,45441.5
2008-09-12,1.22907,1.23314,1.22553,1.23116,42174.3
2008-09-13,1.23116,1.23116,1.23116,1.23116,0.0
2008-09-14,1.23116,1.23116,1.22163,1.22671,2135.6
2008-09-15,1.22636,1.231,1.21289,1.21669,46031.6
2008-09-16,1.2159,1.22128,1.20043,1.20928,45438.1
2008-09-17,1.20942,1.21342,1.19089,1.19546,45876.4
2008-09-18,1.19505,1.19807,1.18094,1.19281,45525.2
2008-09-19,1.19271,1.21323,1.19076,1.20745,42895.1
2008-09-20,1.20745,1.20745,1.20745,1.20745,0.0
2008-09-21,1.20745,1.21571,1.20745,1.20835,2499.5
2008-09-22,1.20836,1.22898,1.20434,1.22125,45621.4
2008-09-23,1.22123,1.22567,1.21636,1.22255,46652.5
2008-09-24,1.22232,1.22773,1.21613,1.21903,45354.3
2008-09-25,1.2192,1.22652,1.21591,1.2169,45007.5
2008-09-26,1.21716,1.21855,1.20524,1.208321,40022.1
2008-09-27,1.208321,1.208321,1.208321,1.208321,0.0
2008-09-28,1.208321,1.21242,1.20607,1.20861,2846.7
2008-09-29,1.2083,1.21077,1.19005,1.19272,45270.0
2008-09-30,1.19262,1.19448,1.17737,1.18731,44750.9
2008-10-01,1.1868,1.19041,1.16793,1.1761,45448.5
2008-10-02,1.17633,1.17819,1.16603,1.17373,45337.1
2008-10-03,1.17382,1.17714,1.16495,1.167976,41898.8
2008-10-04,1.167976,1.167976,1.167976,1.167976,0.0
2008-10-05,1.167976,1.17113,1.16096,1.16411,3299.9
2008-10-06,1.16358,1.16381,1.12462,1.13959,46849.9
2008-10-07,1.13966,1.14688,1.12421,1.13373,47356.8
2008-10-08,1.13435,1.1422,1.09874,1.11266,47210.6
2008-10-09,1.1132,1.14387,1.11283,1.12551,48080.6
2008-10-10,1.12469,1.12629,1.06299,1.07801,45233.5
2008-10-11,1.07801,1.07801,1.07801,1.07801,0.0
2008-10-12,1.07801,1.12562,1.07801,1.1055,2723.0
2008-10-13,1.10577,1.1398,1.09915,1.13959,47311.4
2008-10-14,1.13934,1.14435,1.11491,1.12375,48200.2
2008-10-15,1.12376,1.13347,1.09378,1.09678,48845.4
2008-10-16,1.09627,1.12235,1.08674,1.11681,48615.9
2008-10-17,1.11685,1.13412,1.10431,1.12365,43487.0
2008-10-18,1.12365,1.12365,1.12365,1.12365,0.0
2008-10-19,1.12365,1.1354,1.12189,1.1344,3606.9
2008-10-20,1.13461,1.14081,1.12107,1.12957,47898.1
2008-10-21,1.12965,1.13101,1.10532,1.10976,48169.9
2008-10-22,1.10991,1.14552,1.10942,1.12701,48800.3
2008-10-23,1.12666,1.12917,1.11595,1.12473,48576.7
2008-10-24,1.12502,1.1262,1.09113,1.1134,46068.2
2008-10-25,1.1134,1.1134,1.1134,1.1134,0.0
2008-10-26,1.1134,1.1134,1.10079,1.10408,2795.7
2008-10-27,1.10429,1.12923,1.10186,1.10419,48341.1
2008-10-28,1.10456,1.14084,1.10271,1.12542,48818.3
2008-10-29,1.12551,1.15267,1.11157,1.15073,49255.5
2008-10-30,1.15073,1.15852,1.1328,1.13653,48309.2
2008-10-31,1.13661,1.14665,1.12615,1.142539,43960.2
2008-11-01,1.142539,1.142539,1.142539,1.142539,0.0
2008-11-02,1.142539,1.14902,1.13796,1.14117,3850.6
2008-11-03,1.14152,1.15278,1.13514,1.14086,48330.7
2008-11-04,1.14101,1.15763,1.12564,1.14826,49148.3
2008-11-05,1.14866,1.15338,1.13141,1.13392,49733.3
2008-11-06,1.1343,1.14549,1.12914,1.13681,49160.9
2008-11-07,1.13678,1.14683,1.12822,1.13874,45721.5
2008-11-08,1.13874,1.13874,1.13874,1.13874,0.0
2008-11-09,1.13874,1.1506,1.13874,1.15053,1921.4
2008-11-10,1.15057,1.15778,1.14298,1.15092,49102.6
2008-11-11,1.15105,1.15156,1.13569,1.14668,49302.1
2008-11-12,1.14707,1.14992,1.13558,1.14194,49735.9
2008-11-13,1.14214,1.16581,1.13987,1.16482,49602.0
2008-11-14,1.1651,1.17904,1.15946,1.16952,46592.3
2008-11-15,1.16952,1.16952,1.16952,1.16952,0.0
2008-11-16,1.16952,1.16952,1.15748,1.16051,3311.8
2008-11-17,1.16028,1.17925,1.15899,1.17362,50040.7
2008-11-18,1.1738,1.18568,1.16631,1.17615,47306.3
2008-11-19,1.17589,1.18522,1.16958,1.17622,47495.0
2008-11-20,1.17681,1.18017,1.15756,1.16683,49325.4
2008-11-21,1.16736,1.18113,1.16111,1.17734,48750.0
2008-11-22,1.17734,1.17734,1.17734,1.17734,0.0
2008-11-23,1.17734,1.1823,1.16859,1.17785,1815.0
2008-11-24,1.17793,1.19335,1.1736,1.18533,50526.7
2008-11-25,1.18596,1.19236,1.17779,1.18571,51708.8
2008-11-26,1.18536,1.18703,1.17367,1.18055,50110.4
2008-11-27,1.18057,1.19116,1.17418,1.18836,44858.0
2008-11-28,1.18824,1.1927,1.18504,1.18854,45820.5
2008-11-29,1.18854,1.18854,1.18854,1.18854,0.0
2008-11-30,1.18854,1.19657,1.18573,1.1943,3122.0
2008-12-01,1.19483,1.20939,1.18707,1.20364,51249.6
2008-12-02,1.20406,1.21563,1.19865,1.20598,51677.4
2008-12-03,1.20618,1.21882,1.20378,1.21356,52492.1
2008-12-04,1.21379,1.21741,1.19977,1.20687,42868.4
2008-12-05,1.20631,1.21338,1.20277,1.20923,47331.5
2008-12-06,1.20923,1.20923,1.20923,1.20923,0.0
2008-12-07,1.20923,1.21352,1.20249,1.20834,1637.2
2008-12-08,1.20929,1.22702,1.2083,1.21415,53150.7
2008-12-09,1.21415,1.21967,1.20523,1.21292,53098.5
2008-12-10,1.21314,1.21499,1.20109,1.20246,52738.8
2008-12-11,1.20252,1.22246,1.19939,1.21366,53248.1
2008-12-12,1.21313,1.21425,1.19516,1.2109,48718.0
2008-12-13,1.2109,1.2109,1.2109,1.2109,0.0
2008-12-14,1.2109,1.21578,1.2055,1.21008,3638.9
2008-12-15,1.21001,1.21449,1.19838,1.20444,53930.9
2008-12-16,1.20452,1.20832,1.1892,1.19837,54627.0
2008-12-17,1.19852,1.20192,1.17863,1.18714,56232.9
2008-12-18,1.18757,1.18924,1.16546,1.17909,55167.6
2008-12-19,1.1797,1.1897,1.17812,1.18101,53849.2
2008-12-20,1.18101,1.18101,1.18101,1.18101,0.0
2008-12-21,1.18101,1.18849,1.18022,1.18088,1996.0
2008-12-22,1.18108,1.19665,1.17738,1.19128,56870.0
2008-12-23,1.18972,1.20272,1.17865,1.19414,58168.7
2008-12-24,1.1941,1.19543,1.17948,1.18568,53795.3
2008-12-25,1.18683,1.19335,1.18138,1.18523,16794.3
2008-12-26,1.18573,1.19063,1.17671,1.1786,52871.7
2008-12-27,1.1786,1.1786,1.1786,1.1786,0.0
2008-12-28,1.1786,1.1897,1.1786,1.18794,10079.3
2008-12-29,1.18524,1.19373,1.18089,1.18994,58657.0
2008-12-30,1.18864,1.20059,1.1834,1.19438,57489.9
2008-12-31,1.19318,1.21624,1.18867,1.21527,56691.6
2009-01-01,1.21026,1.21388,1.19905,1.20739,20528.4
2009-01-02,1.20757,1.21381,1.19419,1.21198,56370.4
2009-01-03,1.21198,1.21198,1.21198,1.21198,0.0
2009-01-04,1.21198,1.21505,1.20497,1.21023,5293.1
2009-01-05,1.20965,1.21916,1.20163,1.21202,59346.0
2009-01-06,1.21115,1.21805,1.20091,1.20704,58963.0
2009-01-07,1.20513,1.21234,1.197,1.2055,85319.1
2009-01-08,1.20575,1.2086,1.1882,1.19685,72327.9
2009-01-09,1.19685,1.19785,1.1842,1.1842,52368.8
2009-01-10,1.1842,1.1842,1.1842,1.1842,0.0
2009-01-11,1.1844,1.1893,1.18325,1.1881,2127.6
2009-01-12,1.1881,1.1891,1.17475,1.18615,73158.5
2009-01-13,1.1861,1.21085,1.1856,1.2067,84510.3
2009-01-14,1.2067,1.2284,1.20525,1.2234,81077.2
2009-01-15,1.2234,1.24185,1.21735,1.23055,80791.1
2009-01-16,1.23105,1.23935,1.22435,1.2297,59916.7
2009-01-17,1.2297,1.2297,1.2297,1.2297,0.0
2009-01-18,1.22865,1.23255,1.22685,1.2309,1808.6
2009-01-19,1.2309,1.24575,1.22635,1.2406,47224.5
2009-01-20,1.2409,1.25245,1.23655,1.24875,66625.6
2009-01-21,1.24885,1.2508,1.2359,1.2425,72701.7
2009-01-22,1.2425,1.2463,1.23525,1.2397,59313.3
2009-01-23,1.23995,1.24295,1.22855,1.2373,70114.1
2009-01-24,1.2373,1.2373,1.2373,1.2373,0.0
2009-01-25,1.2335,1.23985,1.23255,1.23575,1357.4
2009-01-26,1.23605,1.25525,1.2304,1.24925,63321.7
2009-01-27,1.2498,1.2587,1.2459,1.2575,65410.1
2009-01-28,1.2575,1.2747,1.24815,1.27235,78596.02
2009-01-29,1.27295,1.2805,1.26245,1.26555,69721.3
2009-01-30,1.26585,1.2724,1.24465,1.24595,68696.6
2009-01-31,1.24595,1.24595,1.24595,1.24595,0.0
2009-02-01,1.2489,1.25375,1.2481,1.2493,3285.6
2009-02-02,1.24975,1.2613,1.24575,1.2532,60458.4
2009-02-03,1.2533,1.27145,1.2456,1.2704,70383.1
2009-02-04,1.27045,1.27335,1.25645,1.25995,72780.7
2009-02-05,1.25995,1.27485,1.25565,1.2626,71425.4
2009-02-06,1.263,1.2743,1.25865,1.26815,76114.2
2009-02-07,1.2694,1.2694,1.2694,1.2694,1.6
2009-02-08,1.26815,1.2719,1.2637,1.2656,3608.9
2009-02-09,1.26625,1.27495,1.25405,1.2623,86089.0
2009-02-10,1.2626,1.2627,1.2408,1.2513,89752.5
2009-02-11,1.25145,1.25395,1.2421,1.2445,75969.5
2009-02-12,1.2445,1.2568,1.2401,1.2563,81461.5
2009-02-13,1.2565,1.25755,1.2492,1.2548,63189.9
2009-02-14,1.2548,1.2548,1.2548,1.2548,0.0
2009-02-15,1.2507,1.2545,1.2455,1.25275,2901.5
2009-02-16,1.2527,1.2571,1.2488,1.2548,48539.3
2009-02-17,1.25432,1.2609,1.24725,1.2533,69358.2
2009-02-18,1.25335,1.25655,1.24715,1.24945,73112.6
2009-02-19,1.2497,1.27035,1.24895,1.2655,72464.6
2009-02-20,1.26575,1.2708,1.2532,1.2586,67661.7
2009-02-21,1.2586,1.2586,1.2586,1.2586,0.0
2009-02-22,1.2641,1.26865,1.26145,1.26365,2346.2
2009-02-23,1.2634,1.2684,1.2576,1.26425,79574.1
2009-02-24,1.2643,1.2694,1.25835,1.2687,69766.3
2009-02-25,1.26832,1.27255,1.25975,1.27,78782.7
2009-02-26,1.2703,1.2806,1.26795,1.2737,62577.7
2009-02-27,1.27395,1.27975,1.26885,1.27405,70425.9
2009-02-28,1.27405,1.27405,1.27405,1.27405,0.0
2009-03-01,1.27865,1.28165,1.2757,1.27885,3707.6
2009-03-02,1.27875,1.28745,1.27565,1.2775,74615.9
2009-03-03,1.2775,1.2934,1.2762,1.2896,80873.0
2009-03-04,1.28995,1.29085,1.2758,1.2836,89320.7
2009-03-05,1.28385,1.28505,1.27375,1.2803,82959.0
2009-03-06,1.2803,1.28185,1.2669,1.273,86111.2
2009-03-07,1.273,1.273,1.273,1.273,0.0
2009-03-08,1.2729,1.27445,1.27025,1.27155,1757.3
2009-03-09,1.27175,1.28455,1.2701,1.2824,76858.6
2009-03-10,1.2824,1.28825,1.2785,1.2818,83820.95
2009-03-11,1.2818,1.287,1.26525,1.2675,84359.3
2009-03-12,1.2676,1.26965,1.25105,1.2564,90750.3
2009-03-13,1.2564,1.2613,1.25,1.2515,67428.9
2009-03-14,1.2515,1.2515,1.2515,1.2515,0.0
2009-03-15,1.2516,1.25685,1.24825,1.2547,2551.2
2009-03-16,1.25505,1.2562,1.2401,1.24505,63774.1
2009-03-17,1.2452,1.2501,1.2406,1.2497,66489.1
2009-03-18,1.2498,1.2533,1.23475,1.2451,76085.2
2009-03-19,1.2451,1.24915,1.2318,1.23495,93964.5
2009-03-20,1.235,1.2372,1.225,1.2269,67349.6
2009-03-21,1.2269,1.2269,1.2269,1.2269,0.0
2009-03-22,1.2306,1.2351,1.2301,1.23245,1890.1
2009-03-23,1.2326,1.23485,1.22565,1.2332,95809.0
2009-03-24,1.2332,1.241,1.22835,1.2404,90973.7
2009-03-25,1.2406,1.2481,1.22485,1.2281,125010.1
2009-03-26,1.2282,1.2313,1.2082,1.2156,86461.0
2009-03-27,1.2156,1.21955,1.208,1.21625,68621.4
2009-03-28,1.21625,1.21625,1.21625,1.21625,0.0
2009-03-29,1.21035,1.2184,1.20785,1.217,5428.0
2009-03-30,1.217,1.21935,1.20615,1.21035,88415.0
2009-03-31,1.21045,1.23725,1.2059,1.23495,96534.3
2009-04-01,1.2351,1.24355,1.2263,1.23315,93775.2
2009-04-02,1.23305,1.24035,1.2206,1.2235,114255.3
2009-04-03,1.22365,1.2266,1.2155,1.2181,92033.3
2009-04-04,1.2181,1.2181,1.2181,1.2181,0.0
2009-04-05,1.219,1.2194,1.20855,1.21015,5535.6
2009-04-06,1.2102,1.2215,1.2024,1.2179,105539.5
2009-04-07,1.2178,1.23855,1.21055,1.2359,115232.4
2009-04-08,1.23585,1.23665,1.2221,1.22415,92967.2
2009-04-09,1.22405,1.23485,1.21795,1.23325,87760.3
2009-04-10,1.2334,1.23585,1.2295,1.2328,14985.4
2009-04-11,1.2328,1.2328,1.2328,1.2328,0.0
2009-04-12,1.2359,1.2359,1.2259,1.23275,2321.4
2009-04-13,1.2327,1.2422,1.22985,1.2357,42072.2
2009-04-14,1.23575,1.2449,1.23005,1.2408,79484.8
2009-04-15,1.2408,1.25835,1.23745,1.2581,94656.0
2009-04-16,1.2582,1.2678,1.25335,1.25355,92344.4
2009-04-17,1.25365,1.2748,1.25255,1.2702,69613.9
2009-04-18,1.2702,1.2702,1.2702,1.2702,0.0
2009-04-19,1.2721,1.27355,1.26505,1.26685,3398.2
2009-04-20,1.26725,1.2703,1.25555,1.26315,84996.8
2009-04-21,1.26305,1.26665,1.25625,1.2629,89904.0
2009-04-22,1.2627,1.2743,1.2608,1.27035,80909.2
2009-04-23,1.2702,1.2755,1.26465,1.2705,81365.6
2009-04-24,1.27045,1.2706,1.25825,1.2619,72621.8
2009-04-25,1.2619,1.2619,1.2619,1.2619,0.0
2009-04-26,1.26495,1.27075,1.26255,1.26445,3695.3
2009-04-27,1.2646,1.2669,1.24725,1.25495,89276.4
2009-04-28,1.25505,1.2688,1.25355,1.25845,97107.0
2009-04-29,1.25845,1.28535,1.256,1.28385,108041.8
2009-04-30,1.28385,1.29375,1.27745,1.2863,112740.6
2009-05-01,1.2864,1.29095,1.2769,1.2802,67261.8
2009-05-02,1.2802,1.2802,1.2802,1.2802,0.0
2009-05-03,1.2802,1.2802,1.2802,1.2802,0.0
2009-05-04,1.27965,1.289,1.27725,1.28415,79242.1
2009-05-05,1.2841,1.28705,1.27385,1.27645,103257.6
2009-05-06,1.27635,1.2847,1.268,1.27275,110303.0
2009-05-07,1.27265,1.2837,1.26805,1.27155,111460.0
2009-05-08,1.2715,1.2781,1.267,1.27125,94606.4
2009-05-09,1.27125,1.27125,1.27125,1.27125,0.0
2009-05-10,1.27365,1.27585,1.26535,1.26635,5117.8
2009-05-11,1.26635,1.2692,1.25515,1.26385,96087.8
2009-05-12,1.2638,1.268,1.2584,1.26475,109252.8
2009-05-13,1.26475,1.27775,1.26055,1.2699,116696.1
2009-05-14,1.2703,1.28055,1.266,1.27785,110949.7
2009-05-15,1.27795,1.28455,1.2767,1.27905,90801.7
2009-05-16,1.27905,1.27905,1.27905,1.27905,0.0
2009-05-17,1.27695,1.2824,1.2748,1.27765,3573.8
2009-05-18,1.2777,1.289,1.27445,1.2825,91924.0
2009-05-19,1.2825,1.289,1.2783,1.2837,107247.7
2009-05-20,1.28375,1.28555,1.27215,1.276,107160.2
2009-05-21,1.2759,1.2785,1.2672,1.26805,106891.7
2009-05-22,1.2683,1.27055,1.25925,1.26035,84306.82
2009-05-23,1.26035,1.26035,1.26035,1.26035,0.0
2009-05-24,1.26715,1.2707,1.26535,1.2672,3358.8
2009-05-25,1.2679,1.2689,1.25615,1.2586,41328.2
2009-05-26,1.2587,1.2671,1.2558,1.2645,95018.2
2009-05-27,1.26445,1.2697,1.25775,1.26395,93432.2
2009-05-28,1.26395,1.2733,1.2491,1.25675,106466.5
2009-05-29,1.25665,1.2605,1.248,1.25055,95660.3
2009-05-30,1.25055,1.25055,1.25055,1.25055,0.0
2009-05-31,1.2524,1.2546,1.2487,1.2519,3126.8
2009-06-01,1.25195,1.2547,1.23845,1.2506,98090.7
2009-06-02,1.25065,1.25325,1.24525,1.2519,110254.9
2009-06-03,1.25195,1.27,1.25025,1.26335,123350.2
2009-06-04,1.2634,1.2735,1.2591,1.26525,106137.3
2009-06-05,1.2653,1.26865,1.26045,1.2654,86170.7
2009-06-06,1.2654,1.2654,1.2654,1.2654,0.0
2009-06-07,1.26635,1.2716,1.26505,1.26775,2500.0
2009-06-08,1.26735,1.2755,1.2656,1.2712,93362.7
2009-06-09,1.27145,1.281,1.26925,1.27825,94463.0
2009-06-10,1.27805,1.2828,1.2647,1.26705,73067.6
2009-06-11,1.267,1.2749,1.26445,1.27095,84606.8
2009-06-12,1.27095,1.27175,1.26175,1.26205,64091.0
2009-06-13,1.26205,1.26205,1.26205,1.26205,0.0
2009-06-19,1.2536,1.25535,1.24915,1.2528,19355.6
2009-06-20,1.2528,1.2528,1.2528,1.2528,0.0
2009-06-21,1.25035,1.2535,1.2481,1.2497,2463.0
2009-06-22,1.2496,1.2558,1.2463,1.248,67949.2
2009-06-23,1.2479,1.25035,1.2384,1.2429,84894.36
2009-06-24,1.2429,1.24785,1.2382,1.2472,85661.01
2009-06-25,1.2473,1.2516,1.242,1.2432,70743.23
2009-06-26,1.2514,1.2516,1.245,1.2488,65628.55
2009-06-27,1.2488,1.2488,1.2488,1.2488,0.0
2009-06-28,1.24845,1.2499,1.24545,1.24655,2537.6
2009-06-29,1.24645,1.2475,1.238,1.23965,101583.68
2009-06-30,1.23985,1.25125,1.2396,1.24815,94496.41
2009-07-01,1.24815,1.26425,1.2459,1.261,76433.78
2009-07-02,1.2609,1.2684,1.257,1.26265,193355.36
2009-07-03,1.2624,1.2676,1.2579,1.264,127130.01
2009-07-04,1.264,1.264,1.264,1.264,0.0
2009-07-05,1.26435,1.2653,1.264,1.26455,36176.96
2009-07-06,1.26465,1.26665,1.2496,1.2508,404229.76
2009-07-07,1.25105,1.25845,1.2502,1.25335,395632.57
2009-07-08,1.25345,1.2544,1.24125,1.24235,303870.01
2009-07-09,1.24235,1.24665,1.2374,1.2396,304129.08
2009-07-10,1.23965,1.2442,1.2336,1.24075,267499.38
2009-07-11,1.24075,1.24075,1.24075,1.24075,0.0
2009-07-12,1.2388,1.2431,1.2388,1.2415,13358.46
2009-07-13,1.2415,1.2461,1.23465,1.23615,246825.77
2009-07-14,1.23655,1.24405,1.2345,1.2396,335748.31
2009-07-15,1.24,1.2472,1.23385,1.2365,281831.65
2009-07-16,1.2365,1.2496,1.23435,1.24075,233243.26
2009-07-17,1.24075,1.2469,1.23905,1.2436,175720.75
2009-07-18,1.2436,1.2436,1.2436,1.2436,0.0
2009-07-19,1.24255,1.24495,1.242,1.2427,8544.77
2009-07-20,1.2427,1.24565,1.23847,1.23875,190641.99
2009-07-21,1.2386,1.247,1.23785,1.2417,233883.95
2009-07-22,1.2414,1.2455,1.2352,1.2381,196535.01
2009-07-23,1.2381,1.24445,1.23655,1.243,206528.49
2009-07-24,1.24295,1.24635,1.24095,1.2451,159552.11
2009-07-25,1.2451,1.2451,1.2451,1.2451,0.0
2009-07-26,1.2442,1.24775,1.24345,1.24653,6521.73
2009-07-27,1.24705,1.25445,1.246,1.2532,248996.22
2009-07-28,1.2532,1.25875,1.2519,1.25695,319306.08
2009-07-29,1.25685,1.25905,1.24055,1.2564,285578.8
2009-07-30,1.2564,1.26755,1.25495,1.2634,188347.4
2009-07-31,1.26325,1.2676,1.25985,1.26165,173729.2
2009-08-01,1.26165,1.26165,1.26165,1.26165,0.0
2009-08-02,1.26345,1.2657,1.2585,1.26235,13370.1
2009-08-03,1.26235,1.2641,1.25835,1.2608,193503.7
2009-08-04,1.2608,1.2657,1.25075,1.25235,301809.11
2009-08-05,1.2523,1.2552,1.24405,1.25155,259468.5
2009-08-06,1.25145,1.2582,1.24985,1.2529,151408.71
2009-08-07,1.2529,1.25335,1.23555,1.24285,103173.62
2009-08-08,1.24285,1.24285,1.24285,1.24285,0.0
2009-08-09,1.2437,1.2466,1.24105,1.245,2818.0
2009-08-10,1.2445,1.24785,1.23575,1.2377,84357.17
2009-08-11,1.2377,1.24675,1.2353,1.2427,87122.87
2009-08-12,1.24275,1.2437,1.2367,1.2418,89360.36
2009-08-13,1.24185,1.24565,1.23725,1.24105,60273.31
2009-08-14,1.24095,1.24275,1.2242,1.22905,78213.77
2009-08-15,1.22905,1.22905,1.22905,1.22905,0.0
2009-08-16,1.22905,1.23055,1.22795,1.22865,5575.94
2009-08-17,1.22865,1.2331,1.2241,1.22975,101665.04
2009-08-18,1.22995,1.2312,1.21985,1.2258,75857.28
2009-08-19,1.2259,1.23025,1.22265,1.22905,68727.14
2009-08-20,1.22905,1.2328,1.2258,1.22855,74229.96
2009-08-21,1.22815,1.22915,1.2188,1.22305,67955.6
2009-08-22,1.22305,1.22305,1.22305,1.22305,0.0
2009-08-23,1.2219,1.2246,1.21975,1.22345,21117.46
2009-08-24,1.22345,1.2281,1.2203,1.2221,83101.38
2009-08-25,1.22175,1.22275,1.2176,1.2195,98394.15
2009-08-26,1.2195,1.22005,1.213,1.21535,123550.78
2009-08-27,1.21535,1.225,1.2121,1.22125,137500.85
2009-08-28,1.22125,1.23125,1.22025,1.22705,105040.81
2009-08-29,1.22705,1.22705,1.22705,1.22705,0.0
2009-08-30,1.22905,1.2313,1.2275,1.2308,4205.1
2009-08-31,1.2308,1.23275,1.2257,1.22915,93587.55
2009-09-01,1.22915,1.23015,1.2216,1.2223,106233.86
2009-09-02,1.2222,1.2414,1.22145,1.23735,112610.38
2009-09-03,1.23735,1.24045,1.23265,1.2364,113567.81
2009-09-04,1.2364,1.2397,1.23,1.2397,113369.78
2009-09-05,1.2397,1.2397,1.2397,1.2397,0.0
2009-09-06,1.23805,1.2388,1.23455,1.2372,8984.06
2009-09-07,1.2371,1.23855,1.23185,1.23565,113539.68
2009-09-08,1.23515,1.2419,1.23311,1.2378,128025.92
2009-09-09,1.2378,1.24285,1.23365,1.2349,121110.51
2009-09-10,1.2349,1.23725,1.2252,1.22595,83091.65
2009-09-11,1.22595,1.2284,1.219,1.21935,129066.7
2009-09-12,1.21935,1.21935,1.21935,1.21935,0.0
2009-09-13,1.2209,1.22485,1.2199,1.2233,3514.7
2009-09-14,1.2233,1.2301,1.2226,1.2293,97431.13
2009-09-15,1.22925,1.2297,1.22305,1.22535,116614.73
2009-09-16,1.22535,1.22715,1.2209,1.2231,90612.78
2009-09-17,1.2229,1.2281,1.2219,1.22625,95643.87
2009-09-18,1.22625,1.22685,1.2211,1.22115,98081.3
2009-09-19,1.22115,1.22115,1.22115,1.22115,0.0
2009-09-20,1.22318,1.22425,1.221,1.22305,4025.33
2009-09-21,1.22305,1.2253,1.2084,1.21075,98489.12
2009-09-22,1.2109,1.21565,1.20095,1.20345,88087.98
2009-09-23,1.20345,1.20975,1.20265,1.2085,101734.92
2009-09-24,1.20885,1.2116,1.20315,1.21085,124217.35
2009-09-25,1.21085,1.21185,1.20365,1.20465,144504.22
2009-09-26,1.20465,1.20465,1.20465,1.20465,0.0
2009-09-27,1.2087,1.20965,1.2001,1.2011,9294.34
2009-09-28,1.20125,1.21895,1.1983,1.21555,113807.47
2009-09-29,1.21555,1.2207,1.21175,1.21875,123833.3
2009-09-30,1.21885,1.22385,1.21715,1.2216,131688.03
2009-10-01,1.2216,1.2236,1.21045,1.2165,155481.22
2009-10-02,1.2165,1.2229,1.20305,1.20573,151133.21
2009-10-03,1.20573,1.20573,1.20573,1.20573,0.0
2009-10-04,1.20602,1.2146,1.20431,1.21445,10481.6
2009-10-05,1.21445,1.2166,1.19875,1.20225,133215.42
2009-10-06,1.20225,1.215,1.1932,1.21045,128336.34
2009-10-07,1.21045,1.21475,1.20585,1.20825,149644.5
2009-10-08,1.2082,1.22365,1.207,1.2194,151821.0
2009-10-09,1.21935,1.23415,1.21885,1.22884,145849.8
2009-10-10,1.22884,1.22884,1.22884,1.22884,0.0
2009-10-11,1.22807,1.2338,1.2272,1.23285,23520.8
2009-10-12,1.23295,1.2427,1.2278,1.22905,125615.9
2009-10-13,1.2291,1.2358,1.2258,1.22815,149451.28
2009-10-14,1.22825,1.23915,1.2274,1.23265,146763.36
2009-10-15,1.23265,1.23925,1.22865,1.2352,160043.6
2009-10-16,1.23525,1.2421,1.2345,1.23703,157377.8
2009-10-17,1.23703,1.23703,1.23703,1.23703,0.0
2009-10-18,1.23838,1.24127,1.23365,1.23545,17051.0
2009-10-19,1.2354,1.2374,1.2253,1.22765,150870.1
2009-10-20,1.2277,1.2355,1.2272,1.2317,144942.65
2009-10-21,1.23165,1.2322,1.21905,1.22315,163871.64
2009-10-22,1.2231,1.23055,1.21975,1.22405,148403.14
2009-10-23,1.22395,1.22755,1.2201,1.22135,141052.6
2009-10-24,1.22135,1.22135,1.22135,1.22135,0.0
2009-10-25,1.2212,1.22326,1.21765,1.22235,11685.0
2009-10-26,1.22235,1.22955,1.22065,1.2277,164172.5
2009-10-27,1.2277,1.23305,1.2242,1.23165,160322.0
2009-10-28,1.2318,1.2483,1.2275,1.2483,183470.0
2009-10-29,1.2483,1.25435,1.2422,1.25305,164406.2
2009-10-30,1.25305,1.25533,1.24785,1.25485,124905.2
2009-10-31,1.25485,1.25485,1.25485,1.25485,0.0
2009-11-01,1.25047,1.2578,1.24955,1.2565,17153.7
2009-11-02,1.25645,1.25995,1.2498,1.25655,182341.57
2009-11-03,1.25655,1.25765,1.24795,1.2505,201832.2
2009-11-04,1.2505,1.26023,1.2476,1.25865,156097.36
2009-11-05,1.25865,1.26445,1.2566,1.2612,110605.1
2009-11-06,1.2611,1.26712,1.26005,1.26467,118536.03
2009-11-07,1.26467,1.2663,1.26467,1.2663,0.0
2009-11-08,1.26598,1.26809,1.2514,1.2558,23559.52
2009-11-09,1.2558,1.25965,1.24815,1.25075,154210.68
2009-11-10,1.25075,1.2556,1.25035,1.2551,134597.18
2009-11-11,1.2551,1.25885,1.2522,1.2565,138412.41
2009-11-12,1.2565,1.2644,1.2551,1.2603,122936.95
2009-11-13,1.2603,1.2635,1.25226,1.25476,97877.3
2009-11-14,1.25476,1.25476,1.25476,1.25476,0.0
2009-11-15,1.25293,1.25845,1.25181,1.25715,9752.12
2009-11-16,1.2571,1.26005,1.2491,1.25025,96293.15
2009-11-17,1.25035,1.2523,1.2441,1.24755,114197.6
2009-11-18,1.24667,1.2486,1.24403,1.24525,86609.0
2009-11-19,1.2452,1.25915,1.245,1.2576,140762.83
2009-11-20,1.25765,1.26415,1.2572,1.26204,166364.45
2009-11-21,1.26204,1.26204,1.26204,1.26204,0.0
2009-11-22,1.25893,1.26565,1.25885,1.2632,17997.47
2009-11-23,1.26325,1.26835,1.2584,1.26155,124781.03
2009-11-24,1.2616,1.27045,1.26075,1.26905,104882.74
2009-11-25,1.26905,1.27645,1.26675,1.27235,98604.75
2009-11-26,1.2723,1.2787,1.2715,1.2748,105893.46
2009-11-27,1.2748,1.2818,1.2685,1.27284,131347.96
2009-11-28,1.27284,1.27284,1.27284,1.27284,0.0
2009-11-29,1.27262,1.28147,1.27063,1.2771,18216.8
2009-11-30,1.27705,1.28095,1.27175,1.2784,166417.4
2009-12-01,1.27845,1.2809,1.2662,1.2732,149512.48
2009-12-02,1.27315,1.2819,1.27245,1.28065,126035.0
2009-12-03,1.2806,1.284,1.27655,1.27925,149358.95
2009-12-04,1.27925,1.28045,1.2739,1.2751,124728.98
2009-12-05,1.2751,1.2751,1.2751,1.2751,0.0
2009-12-06,1.2734,1.27946,1.2733,1.276,28152.15
2009-12-07,1.276,1.2812,1.27285,1.2789,178931.54
2009-12-08,1.27895,1.2806,1.2763,1.27795,156932.88
2009-12-09,1.27795,1.28,1.2565,1.2595,146871.03
2009-12-10,1.25955,1.26515,1.25375,1.25825,96072.39
2009-12-11,1.2582,1.2619,1.2553,1.25696,121958.7
2009-12-12,1.25696,1.25696,1.25696,1.25696,0.0
2009-12-13,1.25455,1.25911,1.2533,1.25665,10757.0
2009-12-14,1.25655,1.2605,1.2513,1.25895,110555.85
2009-12-15,1.259,1.25945,1.2532,1.2556,104150.3
2009-12-16,1.2555,1.25635,1.24615,1.24945,118680.8
2009-12-17,1.24945,1.2539,1.24465,1.2469,146946.04
2009-12-18,1.2467,1.254,1.2466,1.24866,116832.1
2009-12-19,1.24866,1.24866,1.24866,1.24866,0.0
2009-12-20,1.2491,1.2544,1.24878,1.2503,7267.8
2009-12-21,1.2503,1.25275,1.24535,1.24925,94195.25
2009-12-22,1.2493,1.2546,1.2459,1.2536,116673.57
2009-12-23,1.25355,1.2545,1.2465,1.2486,95095.21
2009-12-24,1.2484,1.25305,1.24458,1.24883,138780.9
2009-12-25,1.24837,1.25324,1.24612,1.24906,50580.01
2009-12-26,1.24906,1.24906,1.24906,1.24906,0.0
2009-12-27,1.25157,1.25336,1.25025,1.2521,9105.33
2009-12-28,1.2519,1.25405,1.24953,1.2529,84077.42
2009-12-29,1.25285,1.25525,1.2425,1.24675,98864.37
2009-12-30,1.2465,1.2487,1.2357,1.2363,60725.61
2009-12-31,1.2363,1.24135,1.23195,1.23525,83938.0
2010-01-01,1.23543,1.23589,1.23479,1.23493,1827.97
2010-10-01,1.31495,1.3157,1.30345,1.30345,94913.0
2010-10-02,1.30345,1.30345,1.30345,1.30345,0.0
2010-10-03,1.30345,1.30775,1.30345,1.3073,5803.0
2010-10-04,1.3073,1.31025,1.30255,1.30875,116008.0
2010-10-05,1.30875,1.31185,1.28945,1.29895,147237.0
2010-10-06,1.29895,1.30045,1.29465,1.29535,174631.0
2010-10-07,1.29535,1.31255,1.29485,1.30765,122188.0
2010-10-08,1.3076,1.3114,1.3008,1.3008,100088.0
2010-10-09,1.3008,1.3008,1.3008,1.3008,0.0
2010-10-10,1.3008,1.3095,1.3008,1.3076,4916.0
2010-10-11,1.3076,1.31015,1.3053,1.30885,121522.0
2010-10-12,1.3088,1.30925,1.30155,1.30525,153988.0
2010-10-13,1.30525,1.30965,1.29785,1.30765,153246.0
2010-10-14,1.3077,1.3119,1.30445,1.3091,143146.0
2010-10-15,1.30915,1.3141,1.3064,1.3097,117096.0
2010-10-16,1.3097,1.3097,1.3097,1.3097,0.0
2010-10-17,1.3097,1.31295,1.30905,1.3109,6734.0
2010-10-18,1.3109,1.31155,1.30555,1.3091,159139.0
2010-10-19,1.3091,1.3121,1.29755,1.30045,167768.0
2010-10-20,1.30055,1.30985,1.29995,1.3087,172376.0
2010-10-21,1.30875,1.3137,1.3078,1.31045,144530.0
2010-10-22,1.31045,1.31545,1.30825,1.31515,118178.0
2010-10-23,1.31515,1.31515,1.31515,1.31515,0.0
2010-10-24,1.31515,1.3169,1.31419,1.31557,28991.0
2010-10-25,1.31557,1.3218,1.31396,1.31627,187027.0
2010-10-26,1.31627,1.31807,1.3126,1.31676,107626.0
2010-10-27,1.31676,1.31719,1.29981,1.30188,155641.0
2010-10-28,1.30188,1.30532,1.29596,1.29782,125537.0
2010-10-29,1.29774,1.29797,1.27998,1.28248,112001.0
2010-10-30,1.28248,1.28248,1.28248,1.28248,0.0
2010-10-31,1.28248,1.28827,1.28248,1.28771,12160.0
2010-11-01,1.28763,1.29289,1.28284,1.2888,120990.0
2010-11-02,1.2888,1.30737,1.2885,1.29516,129216.0
2010-11-03,1.29516,1.2958,1.27408,1.27606,124479.0
2010-11-04,1.27606,1.28241,1.27143,1.27787,118524.0
2010-11-05,1.27787,1.28229,1.27277,1.27482,101445.0
2010-11-06,1.27482,1.27482,1.27482,1.27482,0.0
2010-11-07,1.27482,1.28347,1.27482,1.28236,7084.0
2010-11-08,1.28236,1.28668,1.27942,1.28496,118311.0
2010-11-09,1.28496,1.29535,1.28246,1.29376,122203.0
2010-11-10,1.29366,1.29596,1.28056,1.28497,121565.0
2010-11-11,1.28502,1.28738,1.27564,1.28106,108404.0
2010-11-12,1.28107,1.28189,1.27127,1.27201,107652.0
2010-11-13,1.27201,1.27201,1.27201,1.27201,0.0
2010-11-14,1.27201,1.27607,1.27014,1.27546,2639.0
2010-11-15,1.27537,1.28016,1.27207,1.27316,77376.0
2010-11-16,1.27317,1.27744,1.26848,1.27017,83726.0
2010-11-17,1.27017,1.27567,1.26861,1.27217,81176.0
2010-11-18,1.27219,1.27487,1.27005,1.27047,66628.0
2010-11-19,1.27047,1.27217,1.26368,1.26368,69323.0
2010-11-20,1.26368,1.26368,1.26368,1.26368,0.0
2010-11-21,1.26368,1.26854,1.26368,1.26809,3276.0
2010-11-22,1.26808,1.28514,1.26717,1.27926,92355.0
2010-11-23,1.27926,1.28275,1.27343,1.28137,93662.0
2010-11-24,1.28137,1.29277,1.28116,1.29218,84577.0
2010-11-25,1.29222,1.29514,1.28184,1.28418,52989.0
2010-11-26,1.28418,1.28747,1.27997,1.28447,71776.0
2010-11-27,1.28447,1.28447,1.28447,1.28447,0.0
2010-11-28,1.28447,1.28756,1.28447,1.28576,4102.0
2010-11-29,1.28576,1.29197,1.2843,1.29036,98537.0
2010-11-30,1.29027,1.29395,1.28736,1.29346,155892.0
2010-12-01,1.29336,1.2938,1.28647,1.29107,135414.0
2010-12-02,1.29097,1.29448,1.28192,1.29146,123443.0
2010-12-03,1.29146,1.29877,1.28997,1.29546,102643.0
2010-12-04,1.29546,1.29546,1.29546,1.29546,0.0
2010-12-05,1.29546,1.29768,1.2946,1.29598,5000.0
2010-12-06,1.29621,1.30107,1.29286,1.29837,93078.0
2010-12-07,1.29837,1.30299,1.29627,1.29922,115464.0
2010-12-08,1.29927,1.31449,1.29826,1.31031,113134.0
2010-12-09,1.31033,1.32139,1.30816,1.31387,104472.0
2010-12-10,1.3139,1.31847,1.31207,1.31759,80368.0
2010-12-11,1.31759,1.31759,1.31759,1.31759,0.0
2010-12-12,1.31759,1.31794,1.31627,1.31687,3146.0
2010-12-13,1.31677,1.32717,1.31397,1.32356,101822.0
2010-12-14,1.32347,1.32907,1.32142,1.32827,116780.0
2010-12-15,1.32826,1.33586,1.3235,1.33316,109746.0
2010-12-16,1.33316,1.343,1.33277,1.33617,94353.0
2010-12-17,1.33612,1.34182,1.3343,1.34148,88004.0
2010-12-18,1.34148,1.34148,1.34148,1.34148,0.0
2010-12-19,1.34148,1.34337,1.33956,1.34266,3933.0
2010-12-20,1.34276,1.34367,1.33598,1.34045,96543.0
2010-12-21,1.34045,1.34237,1.33146,1.34146,98468.0
2010-12-22,1.34146,1.35171,1.33921,1.34481,92747.0
2010-12-23,1.34479,1.34919,1.34024,1.34107,77489.0
2010-12-24,1.34106,1.34363,1.33839,1.33854,29858.0
2010-12-25,1.33854,1.33854,1.33854,1.33854,0.0
2010-12-26,1.33854,1.34207,1.3372,1.33963,3465.0
2010-12-27,1.33963,1.34337,1.33677,1.33987,66534.0
2010-12-28,1.33993,1.34298,1.32696,1.33707,91886.0
2010-12-29,1.33706,1.33707,1.32242,1.3265,85484.0
2010-12-30,1.3265,1.32667,1.31384,1.31616,80986.0
2010-12-31,1.31617,1.31897,1.30572,1.3092,61770.0
2011-01-01,1.3092,1.3092,1.3092,1.3092,0.0
2011-01-02,1.3092,1.31537,1.3092,1.31172,3445.0
2011-01-03,1.31174,1.31677,1.31044,1.31397,73889.0
2011-01-04,1.31397,1.31651,1.30791,1.31147,124206.0
2011-01-05,1.31138,1.32114,1.30684,1.31826,128308.0
2011-01-06,1.31827,1.31896,1.31177,1.31366,111260.0
2011-01-07,1.31366,1.31366,1.30706,1.30976,107792.0
2011-01-08,1.30976,1.30976,1.30976,1.30976,0.0
2011-01-09,1.30976,1.31066,1.30512,1.31066,3198.0
2011-01-10,1.31066,1.31109,1.30056,1.30312,104753.0
2011-01-11,1.30308,1.30327,1.29217,1.29377,135216.0
2011-01-12,1.29377,1.30886,1.29366,1.30616,116669.0
2011-01-13,1.30616,1.30796,1.29176,1.29289,113210.0
2011-01-14,1.29282,1.29906,1.28532,1.28836,100833.0
2011-01-15,1.28836,1.28836,1.28836,1.28836,0.0
2011-01-16,1.28836,1.28993,1.28766,1.28817,4324.0
2011-01-17,1.28819,1.28899,1.28377,1.28566,96865.0
2011-01-18,1.28573,1.29599,1.28356,1.2926,116127.0
2011-01-19,1.29258,1.30436,1.291,1.30287,134894.0
2011-01-20,1.30287,1.30757,1.29349,1.30488,169334.0
2011-01-21,1.30482,1.30803,1.30083,1.30179,105268.0
2011-01-22,1.30179,1.30179,1.30179,1.30179,0.0
2011-01-23,1.30179,1.30468,1.30146,1.30379,3353.0
2011-01-24,1.30385,1.30906,1.29986,1.30506,90430.0
2011-01-25,1.30506,1.30547,1.29526,1.29657,113744.0
2011-01-26,1.29657,1.30137,1.29012,1.29188,99746.0
2011-01-27,1.29209,1.29233,1.28032,1.28146,126139.0
2011-01-28,1.28146,1.28807,1.27783,1.28418,100311.0
2011-01-29,1.28418,1.28418,1.28418,1.28418,0.0
2011-01-30,1.28418,1.28636,1.28238,1.28269,8092.0
2011-01-31,1.28267,1.29246,1.28227,1.29037,121300.0
2011-02-01,1.29037,1.30005,1.28732,1.29248,117819.0
2011-02-02,1.29255,1.30711,1.28864,1.30659,114742.0
2011-02-03,1.30657,1.31378,1.30318,1.31269,106662.0
2011-02-04,1.31277,1.3207,1.31146,1.31581,97568.0
2011-02-05,1.31581,1.31581,1.31581,1.31581,0.0
2011-02-06,1.31581,1.31796,1.31473,1.31481,2888.0
2011-02-07,1.31481,1.32042,1.31042,1.31153,86393.0
2011-02-08,1.31153,1.31497,1.30398,1.30856,100064.0
2011-02-09,1.30846,1.31516,1.30626,1.31017,100795.0
2011-02-10,1.31017,1.31746,1.30478,1.31442,106469.0
2011-02-11,1.31449,1.32069,1.31144,1.31667,92543.0
2011-02-12,1.31667,1.31667,1.31667,1.31667,0.0
2011-02-13,1.31667,1.32317,1.31667,1.32216,4643.0
2011-02-14,1.32226,1.32814,1.32206,1.32616,90767.0
2011-02-15,1.32616,1.33046,1.32343,1.32577,125142.0
2011-02-16,1.32576,1.32972,1.32164,1.32796,128870.0
2011-02-17,1.32797,1.33427,1.32746,1.33337,108677.0
2011-02-18,1.33337,1.33347,1.32557,1.33176,103244.0
2011-02-19,1.33176,1.33176,1.33176,1.33176,0.0
2011-02-20,1.33176,1.33176,1.32654,1.32842,4004.0
2011-02-21,1.32851,1.32992,1.31843,1.32197,76667.0
2011-02-22,1.32207,1.34328,1.3219,1.33719,165456.0
2011-02-23,1.33719,1.34739,1.335,1.34551,137888.0
2011-02-24,1.34551,1.35066,1.3434,1.34527,155497.0
2011-02-25,1.34538,1.35586,1.34526,1.35376,109238.0
2011-02-26,1.35376,1.35376,1.35376,1.35376,0.0
2011-02-27,1.35376,1.35376,1.34869,1.34881,4817.0
2011-02-28,1.34881,1.35498,1.34727,1.35291,118424.0
2011-03-01,1.35291,1.35745,1.34937,1.3561,137575.0
2011-03-02,1.3561,1.3694,1.35576,1.36767,160159.0
2011-03-03,1.36767,1.37137,1.36051,1.3687,117957.0
2011-03-04,1.36876,1.37663,1.36712,1.37192,103568.0
2011-03-05,1.37192,1.37192,1.37192,1.37192,0.0
2011-03-06,1.37192,1.37756,1.37192,1.37543,4264.0
2011-03-07,1.37557,1.37937,1.37093,1.37246,105282.0
2011-03-08,1.37247,1.37336,1.3618,1.3631,111801.0
2011-03-09,1.36312,1.37626,1.35878,1.37116,101099.0
2011-03-10,1.37116,1.37226,1.35957,1.36346,121202.0
2011-03-11,1.36346,1.36617,1.35479,1.36476,122212.0
2011-03-12,1.36476,1.36476,1.36476,1.36476,0.0
2011-03-13,1.36476,1.37234,1.36276,1.36501,7257.0
2011-03-14,1.36501,1.36767,1.3616,1.36491,108695.0
2011-03-15,1.36491,1.36582,1.35001,1.3569,188863.0
2011-03-16,1.3569,1.36663,1.34349,1.35652,172661.0
2011-03-17,1.35648,1.37201,1.35441,1.36267,146880.0
2011-03-18,1.36267,1.36717,1.35739,1.36119,113428.0
2011-03-19,1.36119,1.36119,1.36119,1.36119,0.0
2011-03-20,1.36119,1.36487,1.35981,1.36223,5628.0
2011-03-21,1.36237,1.37171,1.36069,1.36724,101736.0
2011-03-22,1.36717,1.36808,1.35899,1.36406,105232.0
2011-03-23,1.36402,1.36886,1.36079,1.36217,102255.0
2011-03-24,1.36217,1.36472,1.3553,1.35817,109571.0
2011-03-25,1.35817,1.3628,1.35657,1.36061,92386.0
2011-03-26,1.36061,1.36061,1.36061,1.36061,0.0
2011-03-27,1.36061,1.36502,1.3574,1.36397,6103.0
2011-03-28,1.36397,1.37288,1.36131,1.36429,88405.0
2011-03-29,1.36449,1.36579,1.35629,1.36017,91353.0
2011-03-30,1.36017,1.36185,1.35193,1.35455,92281.0
2011-03-31,1.35455,1.36057,1.35301,1.35887,100028.0
2011-04-01,1.35887,1.36061,1.35151,1.35166,90402.0
2011-04-02,1.35166,1.35166,1.35166,1.35166,0.0
2011-04-03,1.35166,1.35356,1.35108,1.35193,4147.0
2011-04-04,1.35198,1.35323,1.34669,1.34847,78892.0
2011-04-05,1.34847,1.34867,1.33925,1.34491,94545.0
2011-04-06,1.34491,1.34529,1.33708,1.34067,96498.0
2011-04-07,1.34067,1.3503,1.33585,1.34613,100723.0
2011-04-08,1.34628,1.35183,1.34316,1.34911,85333.0
2011-04-09,1.34911,1.34911,1.34911,1.34911,0.0
2011-04-10,1.34911,1.3523,1.34746,1.35166,5826.0
2011-04-11,1.35169,1.35232,1.33838,1.33997,88861.0
2011-04-12,1.33997,1.34214,1.33057,1.33286,137533.0
2011-04-13,1.3329,1.33387,1.32576,1.33082,100858.0
2011-04-14,1.33077,1.33168,1.32359,1.32707,110155.0
2011-04-15,1.32707,1.32824,1.32027,1.32096,84893.0
2011-04-16,1.32096,1.32096,1.32096,1.32096,0.0
2011-04-17,1.32096,1.32917,1.31822,1.32841,7770.0
2011-04-18,1.32836,1.3376,1.32673,1.33282,101029.0
2011-04-19,1.33277,1.33639,1.33008,1.3334,99993.0
2011-04-20,1.33342,1.34432,1.32962,1.34116,112849.0
2011-04-21,1.34116,1.34484,1.33893,1.33996,88350.0
2011-04-22,1.33996,1.34116,1.33669,1.33706,17602.0
2011-04-23,1.33706,1.33706,1.33706,1.33706,0.0
2011-04-24,1.33706,1.34112,1.33706,1.34053,3638.0
2011-04-25,1.34053,1.34173,1.33836,1.34034,62240.0
2011-04-26,1.34034,1.34077,1.33501,1.338,100169.0
2011-04-27,1.33806,1.35721,1.33309,1.35392,113338.0
2011-04-28,1.35397,1.36416,1.35271,1.36027,118415.0
2011-04-29,1.36027,1.36149,1.35234,1.35351,88525.0
2011-04-30,1.35351,1.35351,1.35351,1.35351,0.0
2011-05-01,1.35351,1.36032,1.35264,1.35662,10529.0
2011-05-02,1.35662,1.35949,1.35386,1.35911,103603.0
2011-05-03,1.35911,1.36107,1.35251,1.36022,129745.0
2011-05-04,1.36022,1.37036,1.35356,1.35805,147936.0
2011-05-05,1.35813,1.36116,1.34464,1.34836,156190.0
2011-05-06,1.34837,1.35947,1.34711,1.35193,146022.0
2011-05-07,1.35193,1.35193,1.35193,1.35193,0.0
2011-05-08,1.35193,1.3583,1.35193,1.35701,6377.0
2011-05-09,1.35697,1.36387,1.3536,1.36152,113122.0
2011-05-10,1.36145,1.36587,1.35627,1.36497,120659.0
2011-05-11,1.36497,1.368,1.35295,1.3546,128133.0
2011-05-12,1.35452,1.35535,1.33546,1.34236,168932.0
2011-05-13,1.34236,1.35023,1.33967,1.34068,131566.0
2011-05-14,1.34068,1.34068,1.34068,1.34068,0.0
2011-05-15,1.34068,1.34668,1.34068,1.34423,6541.0
2011-05-16,1.34417,1.35868,1.34248,1.35456,139841.0
2011-05-17,1.35456,1.35797,1.35099,1.35237,138342.0
2011-05-18,1.35237,1.35445,1.3426,1.34611,119192.0
2011-05-19,1.34617,1.35109,1.34325,1.34736,119197.0
2011-05-20,1.34736,1.34837,1.33731,1.33812,109775.0
2011-05-21,1.33812,1.33812,1.33812,1.33812,0.0
2011-05-22,1.33812,1.34107,1.33707,1.33822,6941.0
2011-05-23,1.3383,1.33982,1.32712,1.32966,128611.0
2011-05-24,1.32963,1.33066,1.31782,1.32347,122754.0
2011-05-25,1.32347,1.32524,1.3156,1.3189,138781.0
2011-05-26,1.31895,1.32087,1.30647,1.31116,131445.0
2011-05-27,1.31109,1.31491,1.30494,1.30623,121957.0
2011-05-28,1.30623,1.30623,1.30623,1.30623,0.0
2011-05-29,1.30623,1.31052,1.30151,1.30277,6728.0
2011-05-30,1.30265,1.30962,1.30161,1.3084,53581.0
2011-05-31,1.30845,1.3089,1.29248,1.29567,125572.0
2011-06-01,1.29569,1.30805,1.29457,1.30098,144039.0
2011-06-02,1.30098,1.31057,1.29842,1.30968,125138.0
2011-06-03,1.30966,1.31737,1.30615,1.31271,120635.0
2011-06-04,1.31271,1.31271,1.31271,1.31271,0.0
2011-06-05,1.31271,1.31664,1.31212,1.31647,6737.0
2011-06-06,1.31647,1.31817,1.31284,1.31536,110887.0
2011-06-07,1.31546,1.31659,1.30027,1.30506,114115.0
2011-06-08,1.30511,1.30731,1.29123,1.29266,119809.0
2011-06-09,1.29266,1.29631,1.28068,1.28729,117793.0
2011-06-10,1.28726,1.28857,1.28012,1.28191,108654.0
2011-06-11,1.28191,1.28191,1.28191,1.28191,0.0
2011-06-12,1.28191,1.28483,1.28178,1.28437,5640.0
2011-06-13,1.28442,1.30245,1.28392,1.2988,123248.0
2011-06-14,1.2988,1.30696,1.29693,1.30671,118255.0
2011-06-15,1.30671,1.31531,1.30486,1.31195,129719.0
2011-06-16,1.31195,1.31697,1.30874,1.31126,151231.0
2011-06-17,1.31126,1.31437,1.30484,1.30587,124029.0
2011-06-18,1.30587,1.30587,1.30587,1.30587,0.0
2011-06-19,1.30587,1.30905,1.30388,1.30719,5071.0
2011-06-20,1.30736,1.30957,1.30273,1.30818,121367.0
2011-06-21,1.30816,1.31029,1.29842,1.30413,115564.0
2011-06-22,1.30412,1.30456,1.29452,1.2952,114785.0
2011-06-23,1.29518,1.29673,1.28949,1.29493,148779.0
2011-06-24,1.29496,1.29915,1.28892,1.28928,118516.0
2011-06-25,1.28928,1.28928,1.28928,1.28928,0.0
2011-06-26,1.28928,1.30464,1.28928,1.3037,7505.0
2011-06-27,1.30372,1.30383,1.29385,1.30058,138545.0
2011-06-28,1.30067,1.30437,1.29582,1.29921,128588.0
2011-06-29,1.29921,1.30073,1.28992,1.29187,136451.0
2011-06-30,1.29187,1.29706,1.29056,1.294,129911.0
2011-07-01,1.294,1.30269,1.29297,1.30055,117861.0
2011-07-02,1.30055,1.30055,1.30055,1.30055,0.0
2011-07-03,1.30055,1.30195,1.29923,1.29992,6015.0
2011-07-04,1.29992,1.30139,1.28912,1.29058,78584.0
2011-07-05,1.29061,1.29721,1.28736,1.29242,111882.0
2011-07-06,1.29237,1.29599,1.29027,1.29297,110611.0
2011-07-07,1.29297,1.30104,1.29017,1.29314,107959.0
2011-07-08,1.29315,1.29557,1.282,1.28296,98472.0
2011-07-09,1.28296,1.28296,1.28296,1.28296,0.0
2011-07-10,1.28296,1.28517,1.28154,1.28489,6865.0
2011-07-11,1.28489,1.28905,1.28075,1.28717,128236.0
2011-07-12,1.28717,1.30017,1.28694,1.29296,178219.0
2011-07-13,1.29291,1.29437,1.26766,1.26976,151812.0
2011-07-14,1.26976,1.2763,1.26846,1.27236,150216.0
2011-07-15,1.27227,1.27547,1.25648,1.25957,111453.0
2011-07-16,1.25957,1.25957,1.25957,1.25957,0.0
2011-07-17,1.25957,1.26117,1.25369,1.25597,6778.0
2011-07-18,1.25596,1.25916,1.25309,1.25867,126990.0
2011-07-19,1.25856,1.26077,1.24836,1.256,133147.0
2011-07-20,1.256,1.25871,1.25299,1.25535,109249.0
2011-07-21,1.25535,1.25777,1.24963,1.25587,130415.0
2011-07-22,1.25587,1.26202,1.25306,1.25392,98726.0
2011-07-23,1.25392,1.25392,1.25392,1.25392,0.0
2011-07-24,1.25392,1.25447,1.25127,1.25357,6744.0
2011-07-25,1.25357,1.25877,1.24967,1.25627,97004.0
2011-07-26,1.25616,1.25911,1.25147,1.25638,113169.0
2011-07-27,1.25639,1.26882,1.25409,1.26467,136147.0
2011-07-28,1.26467,1.26896,1.26184,1.26326,123771.0
2011-07-29,1.26326,1.26696,1.24924,1.25014,134152.0
2011-07-30,1.25014,1.25014,1.25014,1.25014,0.0
2011-07-31,1.25014,1.25248,1.24739,1.25106,8593.0
2011-08-01,1.25106,1.25601,1.24963,1.2543,118913.0
2011-08-02,1.25439,1.25654,1.24188,1.24529,155689.0
2011-08-03,1.24534,1.2498,1.23814,1.24305,168469.0
2011-08-04,1.243,1.25976,1.23989,1.25942,198210.0
2011-08-05,1.25962,1.26011,1.23704,1.23766,200162.0
2011-08-06,1.23766,1.23766,1.23766,1.23766,0.0
2011-08-07,1.23766,1.24527,1.23536,1.24419,17726.0
2011-08-08,1.24417,1.25192,1.23771,1.24175,218708.0
2011-08-09,1.24174,1.24967,1.23317,1.23606,235840.0
2011-08-10,1.23606,1.26243,1.23178,1.25194,222230.0
2011-08-11,1.25166,1.25944,1.23957,1.24713,253295.0
2011-08-12,1.2473,1.25338,1.24029,1.24277,183290.0
2011-08-13,1.24277,1.24277,1.24277,1.24277,0.0
2011-08-14,1.24277,1.24586,1.24067,1.24576,7334.0
2011-08-15,1.24571,1.26503,1.24122,1.25776,123961.0
2011-08-16,1.25776,1.26339,1.24988,1.25602,158424.0
2011-08-17,1.25601,1.26253,1.25252,1.26076,153020.0
2011-08-18,1.26076,1.26702,1.25303,1.26226,170977.0
2011-08-19,1.26212,1.27339,1.25718,1.27097,193585.0
2011-08-20,1.27097,1.27097,1.27097,1.27097,0.0
2011-08-21,1.27097,1.27097,1.26555,1.2699,6848.0
2011-08-22,1.26992,1.27338,1.26086,1.264,155750.0
2011-08-23,1.264,1.26607,1.25729,1.26363,138219.0
2011-08-24,1.2637,1.26724,1.26081,1.26264,133453.0
2011-08-25,1.26259,1.26489,1.25638,1.2601,133327.0
2011-08-26,1.2601,1.26476,1.25584,1.25694,119745.0
2011-08-27,1.25694,1.25694,1.25694,1.25694,0.0
2011-08-28,1.25694,1.26001,1.25649,1.25761,5588.0
2011-08-29,1.25762,1.26122,1.25424,1.25698,86866.0
2011-08-30,1.25695,1.25706,1.24868,1.25382,110463.0
2011-08-31,1.25385,1.25486,1.24822,1.25477,96266.0
2011-09-01,1.2547,1.26368,1.253,1.25862,109341.0
2011-09-02,1.25859,1.26049,1.25229,1.25465,131093.0
2011-09-03,1.25465,1.25465,1.25465,1.25465,0.0
2011-09-04,1.25465,1.25923,1.25465,1.25811,6329.0
2011-09-05,1.25803,1.27057,1.25385,1.26917,84319.0
2011-09-06,1.26911,1.2795,1.26416,1.2759,134553.0
2011-09-07,1.2758,1.28328,1.27399,1.27658,108151.0
2011-09-08,1.27655,1.27801,1.26847,1.26927,112875.0
2011-09-09,1.26927,1.27402,1.26648,1.27273,111822.0
2011-09-10,1.27273,1.27273,1.27273,1.27273,0.0
2011-09-11,1.27273,1.27462,1.26663,1.27277,9993.0
2011-09-12,1.27279,1.27372,1.25359,1.25696,161959.0
2011-09-13,1.25697,1.25891,1.2496,1.25253,146417.0
2011-09-14,1.25253,1.25622,1.24157,1.25403,171325.0
2011-09-15,1.25403,1.25688,1.24662,1.25527,141272.0
2011-09-16,1.25518,1.25572,1.244,1.24887,99696.0
2011-09-17,1.24887,1.24887,1.24887,1.24887,0.0
2011-09-18,1.24887,1.25057,1.24243,1.24523,8144.0
2011-09-19,1.24534,1.24685,1.23591,1.24104,107615.0
2011-09-20,1.24096,1.24942,1.23936,1.24777,88838.0
2011-09-21,1.24781,1.25882,1.24446,1.25828,108994.0
2011-09-22,1.25834,1.26044,1.24596,1.24772,157922.0
2011-09-23,1.24775,1.26149,1.24648,1.26026,135817.0
2011-09-24,1.26026,1.26026,1.26026,1.26026,0.0
2011-09-25,1.26026,1.26742,1.26026,1.26464,10049.0
2011-09-26,1.26464,1.26641,1.25513,1.25725,160979.0
2011-09-27,1.25724,1.26211,1.25211,1.25663,140177.0
2011-09-28,1.25663,1.26306,1.25382,1.2586,136067.0
2011-09-29,1.25882,1.27103,1.25592,1.27028,129223.0
2011-09-30,1.27018,1.27728,1.26716,1.26832,119225.0
2011-10-01,1.26832,1.26832,1.26832,1.26832,0.0
2011-10-02,1.26737,1.27035,1.26614,1.26899,6283.0
2011-10-03,1.26903,1.27178,1.26328,1.26476,135423.0
2011-10-04,1.26468,1.26511,1.25272,1.25611,157010.0
2011-10-05,1.25614,1.26323,1.25226,1.25882,130064.0
2011-10-06,1.25876,1.26657,1.25862,1.26565,117353.0
2011-10-07,1.26584,1.27153,1.26334,1.26757,107843.56
2011-10-08,1.26757,1.26757,1.26757,1.26757,0.0
2011-10-09,1.26757,1.27147,1.26757,1.26896,5686.57
2011-10-10,1.26898,1.27535,1.26676,1.27316,123042.84
2011-10-11,1.27316,1.27747,1.27138,1.27632,131346.54
2011-10-12,1.27629,1.27802,1.27025,1.27664,133509.46
2011-10-13,1.27663,1.28521,1.27533,1.28242,124881.37
2011-10-14,1.28237,1.28693,1.27998,1.28311,102832.03
2011-10-15,1.28311,1.28311,1.28311,1.28311,0.0
2011-10-16,1.28311,1.28649,1.28276,1.28396,5993.68
2011-10-17,1.28401,1.28627,1.28126,1.2828,125909.14
2011-10-18,1.28281,1.29314,1.28227,1.29027,144057.13
2011-10-19,1.29016,1.29357,1.28861,1.29074,124255.19
2011-10-20,1.29074,1.29213,1.28248,1.28907,148001.27
2011-10-21,1.2891,1.29246,1.28709,1.29086,108589.76
2011-10-22,1.29086,1.29086,1.29086,1.29086,0.0
2011-10-23,1.29086,1.29086,1.28518,1.28789,6724.93
2011-10-24,1.28789,1.30198,1.28598,1.29918,120841.91
2011-10-25,1.29914,1.31241,1.29782,1.30875,119593.62
2011-10-26,1.30865,1.31059,1.29655,1.30004,131125.19
2011-10-27,1.30003,1.30882,1.29899,1.30062,151611.73
2011-10-28,1.30059,1.30732,1.29909,1.30257,109584.33
2011-10-29,1.30257,1.30257,1.30257,1.30257,0.0
2011-10-30,1.30257,1.30597,1.30119,1.30156,6277.62
2011-10-31,1.30156,1.30752,1.29565,1.3041,141329.12
2011-11-01,1.3041,1.30593,1.29371,1.29922,179807.36
2011-11-02,1.29916,1.31462,1.29771,1.30977,177013.17
2011-11-03,1.30972,1.31446,1.30276,1.30925,168009.21
2011-11-04,1.30923,1.31191,1.30533,1.3071,129095.76
2011-11-05,1.3071,1.3071,1.3071,1.3071,0.0
2011-11-06,1.3071,1.30766,1.30426,1.30532,4162.02
2011-11-07,1.30534,1.30578,1.29735,1.30257,137546.0
2011-11-08,1.30261,1.30297,1.29555,1.30167,142225.75
2011-11-09,1.30167,1.30362,1.29673,1.29952,170948.81
2011-11-10,1.29951,1.30703,1.29783,1.30562,165952.55
2011-11-11,1.30562,1.31042,1.30336,1.30683,113524.33
2011-11-12,1.30683,1.30683,1.30683,1.30683,0.0
2011-11-13,1.30683,1.30692,1.30315,1.30642,3955.51
2011-11-14,1.30642,1.31311,1.30522,1.31236,140582.02
2011-11-15,1.31232,1.32236,1.31162,1.31839,145498.9
2011-11-16,1.31835,1.32188,1.31436,1.31695,173716.61
2011-11-17,1.31691,1.32138,1.31472,1.31591,172940.36
2011-11-18,1.3159,1.32707,1.31478,1.32308,145602.58
2011-11-19,1.32308,1.32308,1.32308,1.32308,0.0
2011-11-20,1.32308,1.32339,1.31921,1.32216,7018.21
2011-11-21,1.32216,1.32295,1.31409,1.31449,160331.46
2011-11-22,1.31449,1.32097,1.31346,1.31542,148267.59
2011-11-23,1.31542,1.31573,1.3065,1.31141,160880.48
2011-11-24,1.31146,1.31328,1.30821,1.30888,100935.55
2011-11-25,1.30886,1.31402,1.30622,1.31239,114961.76
2011-11-26,1.31239,1.31239,1.31239,1.31239,0.0
2011-11-27,1.31239,1.31239,1.30594,1.31012,10080.55
2011-11-28,1.30996,1.31813,1.30668,1.31204,155468.65
2011-11-29,1.31204,1.31796,1.31014,1.31213,162909.31
2011-11-30,1.31218,1.32393,1.31082,1.31574,177720.07
2011-12-01,1.31572,1.31775,1.31079,1.31145,140820.3
2011-12-02,1.31126,1.31821,1.30756,1.31327,122961.07
2011-12-03,1.31327,1.31327,1.31327,1.31327,0.0
2011-12-04,1.31327,1.31505,1.31173,1.31286,3777.89
2011-12-05,1.31224,1.31838,1.31073,1.31471,115593.02
2011-12-06,1.31471,1.31645,1.30965,1.31333,131087.85
2011-12-07,1.31333,1.32336,1.31244,1.31683,126356.22
2011-12-08,1.31689,1.3185,1.31208,1.3175,142979.12
2011-12-09,1.3174,1.31949,1.3142,1.31701,128206.83
2011-12-10,1.31701,1.31701,1.31701,1.31701,0.0
2011-12-11,1.31701,1.31914,1.31641,1.31712,3971.07
2011-12-12,1.31702,1.32177,1.31535,1.31847,139490.08
2011-12-13,1.31854,1.32434,1.31749,1.32125,146917.43
2011-12-14,1.32125,1.32765,1.31785,1.32099,145772.43
2011-12-15,1.32099,1.32389,1.31378,1.31469,136770.66
2011-12-16,1.31469,1.3162,1.3067,1.31015,124574.92
2011-12-17,1.31015,1.31015,1.31015,1.31015,0.0
2011-12-18,1.31015,1.31015,1.30599,1.30776,3443.04
2011-12-19,1.30776,1.31101,1.30544,1.31055,123076.7
2011-12-20,1.31055,1.31258,1.30567,1.31165,124853.79
2011-12-21,1.31165,1.3148,1.30673,1.31051,132528.6
2011-12-22,1.31048,1.31342,1.30703,1.30902,101311.47
2011-12-23,1.30896,1.3141,1.30811,1.31014,52352.61
2011-12-24,1.31014,1.31014,1.31014,1.31014,0.0
2011-12-25,1.31014,1.31296,1.30794,1.3095,517.17
2011-12-26,1.31025,1.31406,1.3093,1.31187,12202.37
2011-12-27,1.31187,1.31763,1.31028,1.31448,42413.82
2011-12-28,1.31448,1.31511,1.30962,1.31292,85960.21
2011-12-29,1.31292,1.31478,1.31018,1.31338,85487.24
2011-12-30,1.31338,1.31602,1.31051,1.31051,66532.24
2011-12-31,1.31051,1.31051,1.31051,1.31051,0.0
2012-01-01,1.31051,1.31436,1.31051,1.31255,508.4
2012-01-02,1.31253,1.31596,1.30939,1.31269,19648.34
2012-01-03,1.31264,1.31584,1.31033,1.31217,95183.39
2012-01-04,1.31225,1.31677,1.3098,1.31473,116250.8
2012-01-05,1.31458,1.31517,1.31106,1.31255,133379.2
2012-01-06,1.31255,1.31382,1.30839,1.30969,101541.68
2012-01-07,1.30969,1.30969,1.30969,1.30969,0.0
2012-01-08,1.30969,1.30969,1.30657,1.30761,6284.1
2012-01-09,1.30762,1.30768,1.29856,1.30007,113178.77
2012-01-10,1.29999,1.30258,1.29636,1.29646,124606.66
2012-01-11,1.29638,1.29779,1.29229,1.29244,115925.68
2012-01-12,1.29246,1.30242,1.29226,1.30197,115587.53
2012-01-13,1.30197,1.30532,1.29778,1.29896,117918.4
2012-01-14,1.29896,1.29896,1.29896,1.29896,0.0
2012-01-15,1.29896,1.29923,1.29525,1.29584,5595.8
2012-01-16,1.29584,1.30132,1.29398,1.29945,80962.01
2012-01-17,1.29945,1.30348,1.29537,1.29654,123534.82
2012-01-18,1.29656,1.29835,1.28681,1.29641,136441.53
2012-01-19,1.29641,1.3007,1.29133,1.29701,123055.39
2012-01-20,1.29697,1.30116,1.29593,1.29967,101561.51
2012-01-21,1.29967,1.29967,1.29967,1.29967,0.0
2012-01-22,1.29967,1.30119,1.29811,1.30019,4412.07
2012-01-23,1.30019,1.30098,1.29736,1.29752,103882.46
2012-01-24,1.29747,1.29857,1.29036,1.29178,109391.57
2012-01-25,1.29178,1.30268,1.28982,1.29545,132532.07
2012-01-26,1.29539,1.29947,1.29222,1.29263,114562.39
2012-01-27,1.29253,1.29425,1.29074,1.29267,110707.15
2012-01-28,1.29267,1.29267,1.29267,1.29267,0.0
2012-01-29,1.29267,1.29285,1.29098,1.29133,3802.71
2012-01-30,1.29133,1.29433,1.28757,1.29207,117312.77
2012-01-31,1.29201,1.29331,1.28335,1.28566,121841.76
2012-02-01,1.28572,1.28969,1.28362,1.28566,125688.41
2012-02-02,1.28566,1.2881,1.28253,1.28663,115369.91
2012-02-03,1.28663,1.28957,1.28461,1.2884,112282.14
2012-02-04,1.2884,1.2884,1.2884,1.2884,0.0
2012-02-05,1.2884,1.29073,1.28744,1.28894,4144.19
2012-02-06,1.289,1.29148,1.28478,1.2859,101507.83
2012-02-07,1.2859,1.29621,1.28353,1.29245,135609.83
2012-02-08,1.29245,1.29458,1.28853,1.2937,125456.87
2012-02-09,1.29369,1.29436,1.29021,1.29233,159715.96
2012-02-10,1.29228,1.29244,1.28717,1.29037,192023.88
2012-02-11,1.29037,1.29037,1.29037,1.29037,0.0
2012-02-12,1.29037,1.29115,1.28812,1.28981,9031.47
2012-02-13,1.2898,1.29033,1.28541,1.28681,202969.79
2012-02-14,1.28683,1.28809,1.27992,1.28107,235187.62
2012-02-15,1.28101,1.28412,1.27911,1.28344,234968.67
2012-02-16,1.28346,1.29304,1.28304,1.286,229893.99
2012-02-17,1.286,1.28927,1.2833,1.28526,177629.41
2012-02-18,1.28526,1.28526,1.28526,1.28526,0.0
2012-02-19,1.28526,1.28526,1.28111,1.28228,10456.41
2012-02-20,1.28219,1.28357,1.27946,1.2805,142491.65
2012-02-21,1.28052,1.28124,1.27663,1.27767,206223.07
2012-02-22,1.27766,1.28418,1.27658,1.28318,180565.69
2012-02-23,1.28318,1.28495,1.28072,1.28104,133117.51
2012-02-24,1.281,1.28249,1.27814,1.27886,112114.27
2012-02-25,1.27886,1.27886,1.27886,1.27886,0.0
2012-02-26,1.27886,1.28036,1.27826,1.27922,6304.5
2012-02-27,1.27919,1.28193,1.27787,1.27992,125927.44
2012-02-28,1.27992,1.28626,1.27984,1.28496,125493.89
2012-02-29,1.28496,1.28681,1.28023,1.28622,142947.11
2012-03-01,1.28626,1.28961,1.28483,1.28865,134965.85
2012-03-02,1.28866,1.29549,1.28708,1.29398,112260.62
2012-03-03,1.29398,1.29398,1.29398,1.29398,0.0
2012-03-04,1.29398,1.29439,1.29227,1.29283,4194.11
2012-03-05,1.29278,1.30021,1.29247,1.29906,124929.87
2012-03-06,1.29905,1.30623,1.29745,1.29856,148067.23
2012-03-07,1.29852,1.30034,1.28922,1.29716,133472.24
2012-03-08,1.29717,1.29841,1.28747,1.29166,141985.22
2012-03-09,1.2917,1.29195,1.28521,1.28715,117027.01
2012-03-10,1.28715,1.28715,1.28715,1.28715,0.0
2012-03-11,1.28715,1.29034,1.28715,1.28947,4746.72
2012-03-12,1.2895,1.28968,1.28233,1.28441,118250.92
2012-03-13,1.28446,1.2845,1.27931,1.28248,130755.05
2012-03-14,1.28248,1.29326,1.28187,1.29202,141764.63
2012-03-15,1.29206,1.29333,1.28352,1.28418,135554.2
2012-03-16,1.28418,1.2871,1.28131,1.28407,106016.58
2012-03-17,1.28407,1.28407,1.28407,1.28407,0.0
2012-03-18,1.28407,1.28469,1.281,1.28241,6139.79
2012-03-19,1.28241,1.28595,1.2805,1.28383,106431.72
2012-03-20,1.28385,1.28746,1.2805,1.28204,138014.08
2012-03-21,1.28204,1.28893,1.28006,1.28663,137644.87
2012-03-22,1.28663,1.28711,1.27781,1.28215,153659.49
2012-03-23,1.28215,1.2828,1.27701,1.27867,125128.97
2012-03-24,1.27867,1.27867,1.27867,1.27867,0.0
2012-03-25,1.27867,1.28202,1.27853,1.28147,4040.3
2012-03-26,1.28144,1.28269,1.27884,1.27979,125107.17
2012-03-27,1.27975,1.28015,1.27367,1.27397,120424.42
2012-03-28,1.27398,1.27518,1.26842,1.26957,148255.62
2012-03-29,1.26945,1.27105,1.26695,1.26907,149169.66
2012-03-30,1.26907,1.27041,1.26217,1.26294,124386.33
2012-03-31,1.26294,1.26294,1.26294,1.26294,0.0
2012-04-01,1.26294,1.26898,1.26294,1.26863,8114.55
2012-04-02,1.26863,1.27006,1.2627,1.26405,135885.16
2012-04-03,1.26401,1.26859,1.25801,1.26185,157209.25
2012-04-04,1.26184,1.26272,1.25755,1.25998,140631.45
2012-04-05,1.25998,1.26422,1.25799,1.26189,114904.84
2012-04-06,1.26189,1.26292,1.2565,1.25713,42071.41
2012-04-07,1.25713,1.25713,1.25713,1.25713,0.0
2012-04-09,1.25717,1.25784,1.25341,1.25567,42626.96
2012-04-10,1.25567,1.26267,1.25475,1.25612,148937.38
2012-04-11,1.25613,1.26071,1.25603,1.25942,130675.15
2012-04-12,1.25942,1.26661,1.254,1.25573,145679.42
2012-04-13,1.25577,1.26017,1.25184,1.26017,131270.2
2012-04-14,1.26017,1.26017,1.26017,1.26017,0.0
2012-04-15,1.26017,1.26017,1.25654,1.25847,7652.06
2012-04-16,1.25854,1.26629,1.25781,1.26328,150463.78
2012-04-17,1.26328,1.26828,1.26306,1.26545,136734.08
2012-04-18,1.26545,1.26994,1.2647,1.26888,147216.81
2012-04-19,1.26893,1.27038,1.26599,1.26984,153253.21
2012-04-20,1.26984,1.27195,1.26721,1.26721,118513.18
2012-04-21,1.26721,1.26721,1.26721,1.26721,0.0
2012-04-22,1.26721,1.26942,1.26721,1.2682,4645.76
2012-04-23,1.2682,1.2707,1.26549,1.26875,126051.74
2012-04-24,1.26868,1.27021,1.26195,1.26968,145740.78
2012-04-25,1.26965,1.27385,1.26802,1.27057,139213.3
2012-04-26,1.27053,1.27699,1.26799,1.27506,133888.8
2012-04-27,1.27506,1.27811,1.27141,1.27256,132013.52
2012-04-28,1.27256,1.27256,1.27256,1.27256,0.0
2012-04-29,1.27256,1.2727,1.26947,1.26962,5601.94
2012-04-30,1.26962,1.27486,1.26908,1.27357,116465.72
2012-05-01,1.27357,1.27477,1.26582,1.26826,99961.8
2012-05-02,1.26826,1.28301,1.26802,1.27721,131519.36
2012-05-03,1.27723,1.28353,1.27579,1.28181,130940.62
2012-05-04,1.28181,1.28499,1.27791,1.27822,122433.27
2012-05-05,1.27822,1.27822,1.27822,1.27822,0.0
2012-05-06,1.27822,1.28044,1.27693,1.27764,14947.43
2012-05-07,1.27765,1.28391,1.27671,1.28137,124233.55
2012-05-08,1.28137,1.28563,1.28129,1.28547,150940.96
2012-05-09,1.2855,1.28593,1.27989,1.28195,169727.36
2012-05-10,1.28193,1.28565,1.27997,1.28302,169521.16
2012-05-11,1.28302,1.28423,1.27714,1.27951,145472.31
2012-05-12,1.27951,1.27951,1.27951,1.27951,0.0
2012-05-13,1.27951,1.28372,1.27861,1.283,9704.32
2012-05-14,1.283,1.28444,1.27984,1.28294,143057.27
2012-05-15,1.28294,1.29315,1.28196,1.29182,159835.2
2012-05-16,1.29181,1.29891,1.29136,1.29593,174106.24
2012-05-17,1.29592,1.3,1.29242,1.29436,166569.17
2012-05-18,1.29436,1.30469,1.29187,1.29995,183992.28
2012-05-19,1.29995,1.29995,1.29995,1.29995,0.0
2012-05-20,1.29995,1.30134,1.29729,1.29781,7159.65
2012-05-21,1.29778,1.30114,1.2923,1.29247,156247.56
2012-05-22,1.29245,1.30151,1.29171,1.29837,163357.52
2012-05-23,1.29837,1.3039,1.29686,1.29862,162764.27
2012-05-24,1.29865,1.29973,1.29332,1.29472,159817.87
2012-05-25,1.29474,1.29613,1.2912,1.29349,131582.69
2012-05-26,1.29349,1.29349,1.29349,1.29349,0.0
2012-05-27,1.29349,1.29416,1.29132,1.2933,9812.4
2012-05-28,1.2933,1.29572,1.29142,1.29338,86335.73
2012-05-29,1.29335,1.29579,1.2897,1.29063,146391.65
2012-05-30,1.29063,1.29108,1.28588,1.29065,150602.59
2012-05-31,1.29074,1.29305,1.28602,1.28996,152153.18
2012-06-01,1.29008,1.2912,1.28266,1.28403,150535.64
2012-06-02,1.28403,1.28403,1.28403,1.28403,0.0
2012-06-03,1.28403,1.28708,1.2826,1.28373,10214.36
2012-06-04,1.28375,1.28644,1.28153,1.28431,121513.94
2012-06-05,1.2844,1.29202,1.28269,1.2879,148598.34
2012-06-06,1.2879,1.29462,1.28566,1.28648,155269.46
2012-06-07,1.28649,1.29242,1.28432,1.28995,139584.86
2012-06-08,1.29003,1.29249,1.28474,1.28612,132368.49
2012-06-09,1.28612,1.28612,1.28612,1.28612,0.0
2012-06-10,1.28612,1.28646,1.28413,1.28588,9983.95
2012-06-11,1.28585,1.28684,1.28174,1.28475,130309.02
2012-06-12,1.2847,1.28477,1.27718,1.27999,149652.83
2012-06-13,1.27999,1.28562,1.27836,1.28086,137310.31
2012-06-14,1.28086,1.28205,1.27687,1.27851,132012.36
2012-06-15,1.27852,1.2801,1.27545,1.27698,113943.33
2012-06-16,1.27698,1.27698,1.27698,1.27698,0.0
2012-06-17,1.27698,1.2795,1.27566,1.27707,9723.98
2012-06-18,1.27704,1.27881,1.27322,1.27662,131045.11
2012-06-19,1.2766,1.28026,1.27547,1.27931,133903.97
2012-06-20,1.27931,1.28204,1.2725,1.27358,142352.8
2012-06-21,1.27358,1.27677,1.2706,1.27547,150032.25
2012-06-22,1.27538,1.2768,1.27112,1.27222,122593.75
2012-06-23,1.27222,1.27222,1.27222,1.27222,0.0
2012-06-24,1.27222,1.27451,1.27057,1.27451,6898.19
2012-06-25,1.27441,1.2752,1.26911,1.27163,118984.93
2012-06-26,1.27171,1.27386,1.26729,1.27278,129655.3
2012-06-27,1.27275,1.27699,1.27182,1.27281,100536.99
2012-06-28,1.27281,1.27644,1.27132,1.27478,135094.41
2012-06-29,1.27478,1.2803,1.27349,1.27752,147461.98
2012-06-30,1.27752,1.27752,1.27752,1.27752,0.0
2012-07-01,1.28107,1.28147,1.27686,1.27713,7090.72
2012-07-02,1.27711,1.27766,1.27414,1.27435,114697.13
2012-07-03,1.27435,1.27942,1.27397,1.27788,100631.26
2012-07-04,1.27787,1.27988,1.27642,1.27741,81526.32
2012-07-05,1.27741,1.28102,1.27715,1.27835,120914.9
2012-07-06,1.27838,1.28106,1.27785,1.2791,107219.74
2012-07-07,1.2791,1.2791,1.2791,1.2791,0.0
2012-07-08,1.2791,1.27975,1.27785,1.27919,7967.38
2012-07-09,1.27919,1.28196,1.2785,1.28113,115748.49
2012-07-10,1.2811,1.28393,1.28003,1.28239,130751.32
2012-07-11,1.28232,1.29063,1.28221,1.28907,134536.71
2012-07-12,1.28905,1.28973,1.28135,1.28282,139122.85
2012-07-13,1.28282,1.28685,1.28242,1.28421,114386.85
2012-07-14,1.28421,1.28421,1.28421,1.28421,0.0
2012-07-15,1.28421,1.28554,1.28299,1.28469,5874.12
2012-07-16,1.28469,1.28649,1.28333,1.28587,90102.54
2012-07-17,1.2858,1.29402,1.28457,1.29189,131396.64
2012-07-18,1.29184,1.29902,1.29112,1.29544,119172.93
2012-07-19,1.29542,1.2983,1.29422,1.29745,119528.59
2012-07-20,1.29754,1.29932,1.29622,1.29707,110624.77
2012-07-21,1.29707,1.29707,1.29707,1.29707,0.0
2012-07-22,1.29707,1.29888,1.29706,1.29767,6425.51
2012-07-23,1.29767,1.30286,1.29726,1.30114,126825.64
2012-07-24,1.30111,1.30601,1.29955,1.30557,138470.81
2012-07-25,1.30554,1.30786,1.30212,1.30427,145886.47
2012-07-26,1.3043,1.30531,1.29535,1.29901,129124.31
2012-07-27,1.299,1.30028,1.29141,1.29327,139854.01
2012-07-28,1.29327,1.29327,1.29327,1.29327,0.0
2012-07-29,1.29327,1.2947,1.29214,1.29411,6191.63
2012-07-30,1.29411,1.2988,1.29398,1.29749,102948.5
2012-07-31,1.2975,1.30046,1.29537,1.29556,122884.24
2012-08-01,1.29553,1.29634,1.29241,1.29274,122158.24
2012-08-02,1.29271,1.29632,1.29016,1.29213,120623.33
2012-08-03,1.2921,1.29295,1.28781,1.29003,120681.11
2012-08-04,1.29003,1.29003,1.29003,1.29003,0.0
2012-08-05,1.29003,1.29168,1.29003,1.2908,6905.61
2012-08-06,1.2908,1.29152,1.28712,1.28843,100049.09
2012-08-07,1.28844,1.29479,1.28645,1.29259,106026.67
2012-08-08,1.29259,1.30187,1.29247,1.29992,113284.21
2012-08-09,1.29992,1.30428,1.29742,1.30206,111039.88
2012-08-10,1.30206,1.30255,1.29782,1.29981,102630.35
2012-08-11,1.29981,1.29981,1.29981,1.29981,0.0
2012-08-12,1.29981,1.30106,1.29737,1.30094,5055.12
2012-08-13,1.30092,1.30169,1.29647,1.29883,90168.66
2012-08-14,1.29883,1.30364,1.29607,1.30277,106242.17
2012-08-15,1.30277,1.3031,1.2997,1.30056,98371.16
2012-08-16,1.30059,1.30101,1.29514,1.29633,99184.73
2012-08-17,1.29633,1.29642,1.28978,1.28997,96870.6
2012-08-18,1.28997,1.28997,1.28997,1.28997,0.0
2012-08-19,1.28997,1.29231,1.28965,1.29181,4580.64
2012-08-20,1.29181,1.29293,1.28995,1.29121,92611.69
2012-08-21,1.29121,1.29342,1.29047,1.2918,90115.89
2012-08-22,1.29179,1.29327,1.2876,1.28776,126088.44
2012-08-23,1.28776,1.28824,1.28229,1.2835,120712.72
2012-08-24,1.2835,1.28449,1.28071,1.28076,106351.74
2012-08-25,1.28076,1.28076,1.28076,1.28076,0.0
2012-08-26,1.28076,1.28447,1.28076,1.28345,5376.73
2012-08-27,1.28345,1.28433,1.28048,1.28162,73829.99
2012-08-28,1.28163,1.29141,1.2813,1.28825,94294.06
2012-08-29,1.28825,1.29292,1.28768,1.29058,84897.0
2012-08-30,1.29067,1.29162,1.2868,1.28852,90200.37
2012-08-31,1.28852,1.28961,1.28331,1.28331,97093.95
2012-09-01,1.28331,1.28331,1.28331,1.28331,0.0
2012-09-02,1.28331,1.28597,1.28331,1.28457,5500.37
2012-09-03,1.28457,1.28588,1.28109,1.28418,71139.45
2012-09-04,1.28418,1.29185,1.28252,1.28608,103541.98
2012-09-05,1.28603,1.28646,1.28086,1.28167,113534.11
2012-09-06,1.28163,1.28593,1.27794,1.28387,110026.02
2012-09-07,1.28386,1.28805,1.27717,1.27726,105705.9
2012-09-08,1.27726,1.27726,1.27726,1.27726,0.0
2012-09-09,1.27726,1.28006,1.27715,1.27752,5152.4
2012-09-10,1.2775,1.27894,1.27497,1.27816,87852.69
2012-09-11,1.27816,1.27827,1.27424,1.27602,107580.31
2012-09-12,1.27603,1.27822,1.27403,1.27527,124565.77
2012-09-13,1.27527,1.27634,1.26628,1.26747,109503.62
2012-09-14,1.2674,1.27416,1.26651,1.27241,111822.13
2012-09-15,1.27241,1.27241,1.27241,1.27241,0.0
2012-09-16,1.27241,1.27241,1.26967,1.27126,3965.12
2012-09-17,1.27117,1.27222,1.26591,1.26778,104030.13
2012-09-18,1.26777,1.26811,1.25991,1.26232,99133.2
2012-09-19,1.26236,1.26962,1.26069,1.26149,85505.15
2012-09-20,1.26149,1.26367,1.2576,1.25781,97301.79
2012-09-21,1.2578,1.26307,1.25771,1.2604,84789.35
2012-09-22,1.2604,1.2604,1.2604,1.2604,0.0
2012-09-23,1.2604,1.26201,1.25593,1.2617,3535.0
2012-09-24,1.26169,1.26976,1.26093,1.26797,73471.13
2012-09-25,1.26807,1.26878,1.26142,1.26448,88106.68
2012-09-26,1.26448,1.26514,1.25617,1.25704,89406.09
2012-09-27,1.25704,1.26049,1.25483,1.25636,96243.21
2012-09-28,1.25636,1.25641,1.2474,1.24987,102007.93
2012-09-29,1.24987,1.24987,1.24987,1.24987,0.0
2012-09-30,1.24987,1.25093,1.24956,1.25085,8132.27
2012-10-01,1.25085,1.25263,1.24789,1.25037,97810.0
2012-10-02,1.25033,1.25212,1.23708,1.24232,119908.34
2012-10-03,1.24232,1.24746,1.2401,1.24553,121266.97
2012-10-04,1.24553,1.25044,1.24259,1.24621,114911.27
2012-10-05,1.24621,1.24796,1.24051,1.24466,92641.41
2012-10-06,1.24466,1.24466,1.24466,1.24466,0.0
2012-10-07,1.24466,1.24466,1.24185,1.24245,5508.4
2012-10-08,1.2425,1.24695,1.24099,1.24431,89410.13
2012-10-09,1.2443,1.24996,1.24275,1.24892,111523.09
2012-10-10,1.24892,1.25438,1.24858,1.25178,117429.13
2012-10-11,1.25174,1.25729,1.25089,1.25632,107044.42
2012-10-12,1.25632,1.25658,1.24873,1.25284,89662.6
2012-10-13,1.25284,1.25284,1.25284,1.25284,0.0
2012-10-14,1.25284,1.25566,1.25275,1.25412,7393.52
2012-10-15,1.25414,1.25755,1.25079,1.25672,94322.86
2012-10-16,1.2567,1.26487,1.25606,1.26071,94797.41
2012-10-17,1.26069,1.26391,1.25942,1.26291,99515.13
2012-10-18,1.26291,1.26724,1.26247,1.26581,98818.12
2012-10-19,1.26581,1.26705,1.26287,1.26583,83538.69
2012-10-20,1.26583,1.26583,1.26583,1.26583,0.0
2012-10-21,1.26583,1.26583,1.26136,1.26341,5453.04
2012-10-22,1.26341,1.2636,1.26087,1.26311,84459.8
2012-10-23,1.26313,1.26569,1.25978,1.26566,106312.78
2012-10-24,1.26566,1.26987,1.26,1.26046,119973.16
2012-10-25,1.26045,1.26658,1.25859,1.26282,105007.45
2012-10-26,1.26278,1.26344,1.25838,1.26011,98741.59
2012-10-27,1.26011,1.26011,1.26011,1.26011,0.0
2012-10-28,1.26011,1.26102,1.25883,1.26097,5663.88
2012-10-29,1.26097,1.26344,1.25965,1.26111,62249.64
2012-10-30,1.26112,1.26452,1.25946,1.26087,59542.99
2012-10-31,1.26086,1.26426,1.26067,1.26154,76645.91
2012-11-01,1.26157,1.26288,1.25532,1.25788,84233.21
2012-11-02,1.25789,1.25867,1.25241,1.25245,92347.46
2012-11-03,1.25245,1.25245,1.25245,1.25245,0.0
2012-11-04,1.25245,1.2546,1.25245,1.25442,3850.53
2012-11-05,1.25441,1.25764,1.25317,1.25588,82424.0
2012-11-06,1.25587,1.26235,1.25544,1.26038,92069.38
2012-11-07,1.26042,1.27241,1.25895,1.2695,138901.23
2012-11-08,1.2695,1.27905,1.26767,1.27873,107950.31
2012-11-09,1.27873,1.27873,1.27321,1.27541,104174.61
2012-11-10,1.27541,1.27541,1.27541,1.27541,0.0
2012-11-11,1.27541,1.27589,1.27407,1.27546,4078.19
2012-11-12,1.27542,1.27841,1.27412,1.27465,73667.43
2012-11-13,1.2747,1.2793,1.27144,1.27918,97908.5
2012-11-14,1.27917,1.28322,1.27783,1.27876,107548.21
2012-11-15,1.27882,1.27985,1.27131,1.27535,104267.1
2012-11-16,1.27534,1.27751,1.27222,1.27231,99630.53
2012-11-17,1.27231,1.27231,1.27231,1.27231,0.0
2012-11-18,1.27231,1.27417,1.2705,1.27372,4618.61
2012-11-19,1.2737,1.27581,1.26923,1.27075,73333.48
2012-11-20,1.27075,1.27342,1.27015,1.27157,89770.77
2012-11-21,1.2716,1.27453,1.27107,1.27239,93026.54
2012-11-22,1.27239,1.27487,1.27213,1.27225,57912.22
2012-11-23,1.27226,1.27373,1.26796,1.26901,59690.49
2012-11-24,1.26901,1.26901,1.26901,1.26901,0.0
2012-11-25,1.26901,1.27062,1.26816,1.26917,2918.92
2012-11-26,1.26922,1.27374,1.26854,1.27306,73516.85
2012-11-27,1.27306,1.27484,1.27205,1.27276,85958.69
2012-11-28,1.27276,1.27353,1.27047,1.27105,93384.76
2012-11-29,1.27105,1.27106,1.26586,1.26753,89392.87
2012-11-30,1.26753,1.27269,1.26639,1.27054,82421.78
2012-12-01,1.27054,1.27054,1.27054,1.27054,0.0
2012-12-02,1.27021,1.27301,1.27021,1.27262,3724.56
2012-12-03,1.27264,1.27286,1.26792,1.26983,70854.48
2012-12-04,1.26983,1.27237,1.26826,1.27009,85372.15
2012-12-05,1.27009,1.27051,1.2596,1.26,88735.56
2012-12-06,1.25998,1.26285,1.25785,1.25935,98266.83
2012-12-07,1.25935,1.25998,1.2573,1.25921,69098.13
2012-12-08,1.25921,1.25921,1.25921,1.25921,0.0
2012-12-09,1.25921,1.26026,1.2573,1.25758,4308.91
2012-12-10,1.25758,1.2587,1.25546,1.25679,58880.23
2012-12-11,1.25685,1.25685,1.25121,1.25503,65927.34
2012-12-12,1.25505,1.25583,1.2505,1.25134,61289.73
2012-12-13,1.25137,1.25145,1.24701,1.24851,56800.1
2012-12-14,1.2485,1.25295,1.24738,1.24821,62889.01
2012-12-15,1.24821,1.24821,1.24821,1.24821,0.0
2012-12-16,1.24821,1.24821,1.24514,1.24792,6627.51
2012-12-17,1.24792,1.2502,1.24544,1.24862,50307.76
2012-12-18,1.24857,1.2528,1.24788,1.25165,56264.27
2012-12-19,1.25165,1.25732,1.25097,1.25434,70957.11
2012-12-20,1.25435,1.25854,1.25324,1.25646,65795.18
2012-12-21,1.25648,1.26681,1.25638,1.26279,62912.89
2012-12-22,1.26279,1.26279,1.26279,1.26279,0.0
2012-12-23,1.26279,1.26302,1.26045,1.26281,4381.49
2012-12-24,1.26281,1.26691,1.25837,1.2606,44662.42
2012-12-25,1.26044,1.26232,1.25906,1.26072,6978.19
2012-12-26,1.26071,1.26989,1.25808,1.26456,53688.87
2012-12-27,1.26453,1.26848,1.26105,1.26257,66895.53
2012-12-28,1.26257,1.26863,1.2621,1.26439,63438.24
2012-12-29,1.26439,1.26439,1.26439,1.26439,0.0
2012-12-30,1.26439,1.26439,1.26175,1.26251,3882.35
2012-12-31,1.26257,1.26347,1.25363,1.25367,47570.9
2013-01-01,1.25367,1.25727,1.25367,1.25646,3743.99
2013-01-02,1.25646,1.26418,1.24717,1.25865,93982.78
2013-01-03,1.25875,1.26522,1.25782,1.26451,70880.84
2013-01-04,1.26452,1.26797,1.25889,1.25953,75747.96
2013-01-05,1.25953,1.25953,1.25953,1.25953,0.0
2013-01-06,1.25953,1.26369,1.25953,1.262,6762.86
2013-01-07,1.262,1.26376,1.25358,1.25524,67263.42
2013-01-08,1.2552,1.25715,1.2519,1.25483,73088.74
2013-01-09,1.25483,1.25653,1.25051,1.25205,88307.72
2013-01-10,1.2521,1.25644,1.25076,1.25347,88535.6
2013-01-11,1.25344,1.26001,1.25343,1.25924,74651.08
2013-01-12,1.25924,1.25924,1.25924,1.25924,0.0
2013-01-13,1.25924,1.2593,1.2564,1.25897,4362.51
2013-01-14,1.25898,1.25966,1.25211,1.25433,72740.65
2013-01-15,1.25433,1.25957,1.25154,1.25518,93734.24
2013-01-16,1.25518,1.25864,1.25478,1.2568,91483.64
2013-01-17,1.2568,1.26464,1.25098,1.25969,93995.44
2013-01-18,1.25969,1.26018,1.25537,1.25592,79582.33
2013-01-19,1.25592,1.25592,1.25592,1.25592,0.0
2013-01-20,1.25592,1.25652,1.25459,1.25615,2826.59
2013-01-21,1.25616,1.25975,1.25595,1.25796,45882.36
2013-01-22,1.25796,1.2585,1.25349,1.25552,87579.8
2013-01-23,1.25552,1.25556,1.2495,1.25016,74673.23
2013-01-24,1.25015,1.25089,1.24626,1.24875,91331.07
2013-01-25,1.24874,1.2502,1.24316,1.24433,79144.15
2013-01-26,1.24433,1.24433,1.24433,1.24433,0.0
2013-01-27,1.24433,1.24662,1.24433,1.24573,1308.24
2013-01-28,1.2457,1.25453,1.24565,1.24944,61847.73
2013-01-29,1.24936,1.25071,1.24681,1.24836,73798.4
2013-01-30,1.24833,1.25502,1.24429,1.24613,88387.49
2013-01-31,1.24616,1.24701,1.23987,1.24211,94106.8
2013-02-01,1.24212,1.24214,1.22964,1.23047,79216.63
2013-02-02,1.23047,1.23047,1.23047,1.23047,0.0
2013-02-03,1.22882,1.23336,1.22803,1.232,5160.74
2013-02-04,1.23226,1.23901,1.23087,1.23839,62908.27
2013-02-05,1.23842,1.24087,1.22817,1.22827,95017.38
2013-02-06,1.22827,1.23202,1.22174,1.23073,95313.78
2013-02-07,1.2307,1.23891,1.22935,1.23325,94175.24
2013-02-08,1.23325,1.23666,1.23087,1.23412,79092.36
2013-02-09,1.23412,1.23412,1.23412,1.23412,0.0
2013-02-10,1.23279,1.23596,1.23236,1.2352,6372.73
2013-02-11,1.23398,1.23627,1.22569,1.22732,62743.48
2013-02-12,1.22732,1.23014,1.2228,1.22953,83364.6
2013-02-13,1.22953,1.23106,1.2239,1.22436,86449.97
2013-02-14,1.22436,1.22487,1.21415,1.21614,100946.74
2013-02-15,1.21615,1.22048,1.21567,1.21848,77115.07
2013-02-16,1.21848,1.21848,1.21848,1.21848,0.0
2013-02-17,1.21848,1.21933,1.21662,1.21757,4153.86
2013-02-18,1.21757,1.2223,1.21706,1.21974,68109.44
2013-02-19,1.21974,1.22778,1.21908,1.22245,74785.58
2013-02-20,1.22249,1.23478,1.22177,1.22771,79271.19
2013-02-21,1.22771,1.23329,1.22604,1.23261,83512.35
2013-02-22,1.23257,1.23435,1.2286,1.23108,59530.06
2013-02-23,1.23108,1.23108,1.23108,1.23108,0.0
2013-02-24,1.23108,1.23167,1.22981,1.23051,4505.67
2013-02-25,1.2306,1.23372,1.22573,1.2326,78591.07
2013-02-26,1.23274,1.24264,1.23106,1.23849,79283.81
2013-02-27,1.23861,1.24032,1.23305,1.2381,90542.14
2013-02-28,1.23789,1.23927,1.23242,1.23916,80243.25
2013-03-01,1.23915,1.2393,1.23363,1.23613,80075.15
2013-03-02,1.23613,1.23613,1.23613,1.23613,0.0
2013-03-03,1.23613,1.23929,1.23613,1.23779,3622.04
2013-03-04,1.23777,1.23786,1.23107,1.23275,72087.01
2013-03-05,1.23276,1.23815,1.23106,1.23344,68117.5
2013-03-06,1.23344,1.23701,1.23121,1.23645,67225.62
2013-03-07,1.23646,1.24183,1.23523,1.23991,69499.51
2013-03-08,1.23991,1.24845,1.2385,1.24511,72807.95
2013-03-09,1.24511,1.24511,1.24511,1.24511,0.0
2013-03-10,1.24511,1.24525,1.24361,1.24457,5891.37
2013-03-11,1.24457,1.24785,1.24058,1.24472,62371.27
2013-03-12,1.24472,1.25273,1.24419,1.25201,76318.36
2013-03-13,1.25198,1.26038,1.24593,1.25845,93809.17
2013-03-14,1.25842,1.26817,1.25842,1.2636,101868.14
2013-03-15,1.26361,1.26547,1.25738,1.25752,70321.22
2013-03-16,1.25752,1.25752,1.25752,1.25752,0.0
2013-03-17,1.25752,1.25989,1.25602,1.25846,11680.05
2013-03-18,1.25843,1.26211,1.25646,1.25798,87855.74
2013-03-19,1.25796,1.26082,1.25585,1.25796,99294.51
2013-03-20,1.25795,1.26397,1.25298,1.25595,113276.39
2013-03-21,1.25599,1.25703,1.25025,1.25429,103347.94
2013-03-22,1.25429,1.25516,1.24901,1.24911,68462.41
2013-03-23,1.24911,1.24911,1.24911,1.24911,0.0
2013-03-24,1.24911,1.25274,1.24911,1.2504,9342.56
2013-03-25,1.2504,1.25442,1.24996,1.25295,85376.57
2013-03-26,1.25294,1.25534,1.24788,1.24841,79275.27
2013-03-27,1.24841,1.25012,1.24667,1.24764,73437.44
2013-03-28,1.24764,1.24858,1.24294,1.24361,78476.98
2013-03-29,1.24357,1.24641,1.24239,1.24427,40155.18
2013-03-30,1.24427,1.24427,1.24427,1.24427,0.0
2013-03-31,1.24427,1.24576,1.24302,1.24315,2886.12
2013-04-01,1.24315,1.24603,1.24288,1.24514,44843.33
2013-04-02,1.24507,1.24655,1.23958,1.24302,71079.67
2013-04-03,1.24307,1.2448,1.24106,1.24182,69410.58
2013-04-04,1.24181,1.24605,1.23791,1.23933,85050.37
2013-04-05,1.2393,1.24136,1.23068,1.23115,78405.76
2013-04-06,1.23115,1.23115,1.23115,1.23115,0.0
2013-04-07,1.23115,1.23366,1.23057,1.23103,6827.46
2013-04-08,1.23103,1.23414,1.2286,1.23036,67448.19
2013-04-09,1.23033,1.23523,1.22729,1.23073,79843.83
2013-04-10,1.23073,1.23263,1.22658,1.22875,83266.68
2013-04-11,1.22869,1.22932,1.21822,1.22187,85607.68
2013-04-12,1.2219,1.22663,1.22097,1.22288,67634.41
2013-04-13,1.22288,1.22288,1.22288,1.22288,0.0
2013-04-14,1.22288,1.22689,1.22288,1.22626,5756.84
2013-04-15,1.22626,1.23103,1.22424,1.22525,131745.95
2013-04-16,1.22524,1.22592,1.22033,1.22212,115325.92
2013-04-17,1.22212,1.22484,1.21759,1.21921,107178.89
2013-04-18,1.21921,1.22488,1.21752,1.22346,107609.77
2013-04-19,1.22346,1.22428,1.21951,1.22014,89306.15
2013-04-20,1.22014,1.22014,1.22014,1.22014,0.0
2013-04-21,1.22014,1.22377,1.22014,1.22276,6707.38
2013-04-22,1.22282,1.22297,1.21616,1.21891,81570.37
2013-04-23,1.21891,1.22328,1.21326,1.21747,92655.45
2013-04-24,1.21864,1.21959,1.21114,1.21231,93525.73
2013-04-25,1.21234,1.21321,1.20681,1.21037,81343.38
2013-04-26,1.21032,1.21301,1.20564,1.21211,76202.11
2013-04-27,1.21211,1.21211,1.21211,1.21211,0.0
2013-04-28,1.21211,1.21226,1.20901,1.20985,6115.2
2013-04-29,1.20984,1.21223,1.20743,1.20982,83815.22
2013-04-30,1.20983,1.2113,1.20606,1.21077,82624.65
2013-05-01,1.21075,1.2129,1.20703,1.20854,95208.87
2013-05-02,1.20852,1.20991,1.20137,1.20533,92762.94
2013-05-03,1.20533,1.20927,1.20257,1.2084,69471.04
2013-05-04,1.2084,1.2084,1.2084,1.2084,0.0
2013-05-05,1.2084,1.2084,1.2051,1.20601,4870.34
2013-05-06,1.20605,1.20647,1.20111,1.20333,63623.34
2013-05-07,1.20333,1.20644,1.1955,1.20325,90631.85
2013-05-08,1.20325,1.2167,1.20215,1.20565,99511.99
2013-05-09,1.20567,1.21186,1.19898,1.19965,109746.08
2013-05-10,1.19962,1.20831,1.19959,1.2056,124719.29
2013-05-11,1.2056,1.2056,1.2056,1.2056,0.0
2013-05-12,1.2056,1.20792,1.20521,1.20694,8903.62
2013-05-13,1.20694,1.2089,1.20163,1.20667,109622.69
2013-05-14,1.20674,1.20788,1.20186,1.20599,122036.4
2013-05-15,1.20602,1.20692,1.19787,1.19903,133464.7
2013-05-16,1.19903,1.20522,1.19609,1.20234,131278.93
2013-05-17,1.20239,1.20734,1.20004,1.20651,109528.45
2013-05-18,1.20651,1.20651,1.20651,1.20651,0.0
2013-05-19,1.20651,1.20651,1.20303,1.20439,9870.78
2013-05-20,1.20441,1.20565,1.19875,1.1997,113078.64
2013-05-21,1.19971,1.20262,1.19735,1.20156,131962.12
2013-05-22,1.20162,1.20254,1.19646,1.2012,158632.04
2013-05-23,1.20122,1.20187,1.19448,1.19598,174064.08
2013-05-24,1.19598,1.19777,1.19135,1.19175,125783.89
2013-05-25,1.19175,1.19175,1.19175,1.19175,0.0
2013-05-26,1.19175,1.19175,1.18868,1.19045,12879.46
2013-05-27,1.1904,1.19374,1.18994,1.19046,101610.49
2013-05-28,1.19047,1.19426,1.18651,1.18776,144067.08
2013-05-29,1.18776,1.19056,1.1818,1.188,148352.01
2013-05-30,1.188,1.19854,1.18483,1.19552,166587.26
2013-05-31,1.19552,1.20631,1.19074,1.20217,148320.65
2013-06-01,1.20217,1.20217,1.20217,1.20217,0.0
2013-06-02,1.20217,1.20723,1.20217,1.20581,12749.72
2013-06-03,1.20581,1.21007,1.20369,1.2054,110201.7
2013-06-04,1.20542,1.20791,1.20218,1.20284,136990.94
2013-06-05,1.20282,1.20329,1.19383,1.19682,154544.76
2013-06-06,1.19678,1.19859,1.19094,1.19444,186954.16
2013-06-07,1.19445,1.20556,1.19042,1.20384,168479.3
2013-06-08,1.20384,1.20384,1.20384,1.20384,0.0
2013-06-09,1.20384,1.20384,1.19956,1.20006,11245.89
2013-06-10,1.20003,1.20266,1.19477,1.19599,135197.38
2013-06-11,1.19599,1.20311,1.19328,1.19691,202292.76
2013-06-12,1.19689,1.19941,1.18737,1.19007,158859.38
2013-06-13,1.19007,1.19935,1.18783,1.18981,186399.29
2013-06-14,1.18979,1.19267,1.18626,1.18914,138829.66
2013-06-15,1.18914,1.18914,1.18914,1.18914,0.0
2013-06-16,1.18914,1.18914,1.18514,1.18732,12938.51
2013-06-17,1.18733,1.19541,1.18733,1.19495,119743.84
2013-06-18,1.19498,1.19551,1.18246,1.18594,134522.73
2013-06-19,1.18594,1.18867,1.175,1.17892,153649.89
2013-06-20,1.17892,1.18995,1.17457,1.18433,188645.25
2013-06-21,1.18431,1.1931,1.18386,1.18757,163735.09
2013-06-22,1.18757,1.18757,1.18757,1.18757,0.0
2013-06-23,1.18757,1.19111,1.18741,1.19041,13307.82
2013-06-24,1.19041,1.19682,1.18544,1.19241,196400.46
2013-06-25,1.19241,1.19822,1.19128,1.1967,154639.65
2013-06-26,1.19668,1.19848,1.18811,1.19404,147008.83
2013-06-27,1.19408,1.19421,1.18738,1.18984,141316.05
2013-06-28,1.18984,1.19018,1.17931,1.17959,149930.21
2013-06-29,1.17959,1.17959,1.17959,1.17959,0.0
2013-06-30,1.17959,1.18251,1.17898,1.17984,10073.79
2013-07-01,1.17982,1.18341,1.17921,1.18066,127846.2
2013-07-02,1.18065,1.18246,1.17627,1.1798,138861.24
2013-07-03,1.17983,1.18113,1.16507,1.16935,153506.77
2013-07-04,1.16938,1.17235,1.16538,1.16855,137699.14
2013-07-05,1.1685,1.17882,1.16441,1.17441,115685.3
2013-07-06,1.17441,1.17441,1.17441,1.17441,0.0
2013-07-07,1.17441,1.17531,1.17333,1.17422,8271.83
2013-07-08,1.17422,1.17465,1.16766,1.17107,96300.26
2013-07-09,1.17105,1.17139,1.1649,1.16941,120332.13
2013-07-10,1.16942,1.17463,1.16563,1.16642,163541.07
2013-07-11,1.16651,1.17503,1.16383,1.16861,172254.27
2013-07-12,1.16864,1.1697,1.15846,1.16279,116285.08
2013-07-13,1.16279,1.16279,1.16279,1.16279,0.0
2013-07-14,1.16279,1.16451,1.16217,1.16434,11007.91
2013-07-15,1.16433,1.16951,1.16254,1.16522,144643.01
2013-07-16,1.16519,1.17374,1.16475,1.16998,137988.08
2013-07-17,1.16998,1.17338,1.16549,1.16809,144513.74
2013-07-18,1.16806,1.1686,1.15983,1.16084,125053.41
2013-07-19,1.16084,1.16141,1.15408,1.15601,112724.49
2013-07-20,1.15601,1.15601,1.15601,1.15601,0.0
2013-07-21,1.15601,1.1622,1.15601,1.16166,7303.96
2013-07-22,1.16159,1.16401,1.15933,1.16059,109937.68
2013-07-23,1.16059,1.16268,1.15711,1.16142,122849.75
2013-07-24,1.16141,1.16416,1.14637,1.14694,159963.24
2013-07-25,1.14691,1.14852,1.13956,1.14577,143678.46
2013-07-26,1.14575,1.14942,1.14416,1.14536,113966.11
2013-07-27,1.14536,1.14536,1.14536,1.14536,0.0
2013-07-28,1.14536,1.14734,1.14495,1.14554,8424.01
2013-07-29,1.14556,1.14806,1.14307,1.14608,118681.99
2013-07-30,1.14608,1.14667,1.13331,1.13484,136117.56
2013-07-31,1.1348,1.1348,1.11969,1.12416,155919.63
2013-08-01,1.12423,1.13549,1.12395,1.13124,135795.24
2013-08-02,1.13127,1.13942,1.12618,1.13506,130266.05
2013-08-03,1.13506,1.13506,1.13506,1.13506,0.0
2013-08-04,1.13506,1.14991,1.13506,1.14625,10015.79
2013-08-05,1.14627,1.14802,1.1354,1.13716,128918.86
2013-08-06,1.13718,1.14504,1.13464,1.13776,135369.98
2013-08-07,1.13776,1.13782,1.12653,1.13115,130784.55
2013-08-08,1.13115,1.14062,1.12789,1.13918,156564.6
2013-08-09,1.13918,1.14444,1.13697,1.14344,105342.64
2013-08-10,1.14344,1.14344,1.14344,1.14344,0.0
2013-08-11,1.14344,1.14437,1.14187,1.14337,6200.18
2013-08-12,1.14337,1.14601,1.14042,1.14182,87783.65
2013-08-13,1.14182,1.14504,1.13879,1.14009,119478.37
2013-08-14,1.14012,1.14191,1.13394,1.13575,122564.83
2013-08-15,1.1357,1.13911,1.1304,1.13112,131256.04
2013-08-16,1.13112,1.13762,1.12753,1.13218,120138.87
2013-08-17,1.13218,1.13218,1.13218,1.13218,0.0
2013-08-18,1.13218,1.13352,1.13089,1.13277,10220.73
2013-08-19,1.13274,1.13572,1.12642,1.13066,110367.72
2013-08-20,1.13066,1.14052,1.12948,1.13832,138680.26
2013-08-21,1.13832,1.14571,1.13564,1.14331,152723.23
2013-08-22,1.14331,1.15438,1.1414,1.15033,139615.23
2013-08-23,1.1504,1.15899,1.15009,1.15524,129580.74
2013-08-24,1.15524,1.15524,1.15524,1.15524,0.0
2013-08-25,1.15524,1.15861,1.15448,1.15724,7421.67
2013-08-26,1.15727,1.15747,1.1482,1.14896,93432.73
2013-08-27,1.14893,1.15358,1.14559,1.15175,120104.65
2013-08-28,1.15176,1.15274,1.14387,1.14447,119573.94
2013-08-29,1.14443,1.15127,1.14354,1.14965,113443.19
2013-08-30,1.14965,1.1525,1.14815,1.15163,90546.89
2013-08-31,1.15163,1.15163,1.15163,1.15163,0.0
2013-09-01,1.15163,1.15334,1.14934,1.15073,9316.33
2013-09-02,1.15073,1.15452,1.14763,1.15125,99286.03
2013-09-03,1.15127,1.16305,1.14889,1.16051,130383.01
2013-09-04,1.16051,1.16588,1.15817,1.16119,126424.19
2013-09-05,1.16119,1.16279,1.15449,1.15635,110229.55
2013-09-06,1.15635,1.15647,1.14674,1.14683,90824.79
2013-09-07,1.14683,1.14683,1.14683,1.14683,0.0
2013-09-08,1.14683,1.15208,1.14683,1.15179,8236.43
2013-09-09,1.15175,1.15304,1.14783,1.15122,86021.28
2013-09-10,1.15122,1.15506,1.15117,1.15447,121854.37
2013-09-11,1.15447,1.15577,1.1451,1.14545,127276.78
2013-09-12,1.14545,1.14783,1.13358,1.1391,120390.89
2013-09-13,1.13908,1.14041,1.13366,1.13592,86002.09
2013-09-14,1.13592,1.13592,1.13592,1.13592,0.0
2013-09-15,1.13592,1.14208,1.13388,1.13787,11187.59
2013-09-16,1.13787,1.14326,1.13736,1.13901,94156.17
2013-09-17,1.13901,1.14034,1.13458,1.13684,91232.47
2013-09-18,1.13686,1.14012,1.13095,1.13213,110314.75
2013-09-19,1.13211,1.13282,1.1253,1.12611,118569.09
2013-09-20,1.12611,1.12867,1.12124,1.1232,80593.72
2013-09-21,1.1232,1.1232,1.1232,1.1232,0.0
2013-09-22,1.1232,1.12448,1.12112,1.12411,5916.15
2013-09-23,1.12411,1.12852,1.12315,1.12672,79266.16
2013-09-24,1.12672,1.13861,1.12622,1.13756,91141.07
2013-09-25,1.13751,1.13965,1.13442,1.13542,90043.34
2013-09-26,1.13542,1.13626,1.12858,1.13017,86390.71
2013-09-27,1.13017,1.1306,1.12425,1.1246,79976.55
2013-09-28,1.1246,1.1246,1.1246,1.1246,0.0
2013-09-29,1.1246,1.1267,1.12288,1.12464,10194.16
2013-09-30,1.12469,1.12811,1.12139,1.1233,94230.7
2013-10-01,1.12331,1.13819,1.12202,1.1371,120894.25
2013-10-02,1.1371,1.1426,1.12559,1.12902,136472.21
2013-10-03,1.129,1.13534,1.12677,1.13445,109038.37
2013-10-04,1.13445,1.13781,1.13223,1.13363,81110.24
2013-10-05,1.13363,1.13363,1.13363,1.13363,0.0
2013-10-06,1.13363,1.13585,1.13294,1.13553,5204.51
2013-10-07,1.13553,1.13705,1.13256,1.13674,82236.53
2013-10-08,1.13673,1.13949,1.13501,1.13661,121566.57
2013-10-09,1.13656,1.13987,1.13556,1.13871,132516.15
2013-10-10,1.13871,1.14405,1.13503,1.14256,110234.63
2013-10-11,1.14256,1.14316,1.13477,1.13653,94762.19
2013-10-12,1.13653,1.13653,1.13653,1.13653,0.0
2013-10-13,1.13653,1.13653,1.13264,1.13513,5435.66
2013-10-14,1.13514,1.13771,1.12991,1.13717,83678.11
2013-10-15,1.13718,1.1389,1.13349,1.13469,104282.41
2013-10-16,1.13461,1.1363,1.13103,1.13195,102925.77
2013-10-17,1.13193,1.13772,1.13074,1.13673,115378.33
2013-10-18,1.13673,1.13972,1.13494,1.13685,78486.65
2013-10-19,1.13685,1.13685,1.13685,1.13685,0.0
2013-10-20,1.13685,1.13921,1.13634,1.1373,6942.45
2013-10-21,1.1373,1.1443,1.13621,1.14152,80416.11
2013-10-22,1.14152,1.14432,1.13865,1.13946,91304.2
2013-10-23,1.13947,1.15013,1.13942,1.14539,141600.05
2013-10-24,1.14537,1.15425,1.14346,1.1532,119908.27
2013-10-25,1.15319,1.15745,1.15278,1.15672,92620.18
2013-10-26,1.15672,1.15672,1.15672,1.15672,0.0
2013-10-27,1.15672,1.15763,1.15545,1.15704,3773.13
2013-10-28,1.15706,1.15794,1.14911,1.15005,85554.9
2013-10-29,1.15005,1.15267,1.14617,1.14828,130161.46
2013-10-30,1.14828,1.15225,1.1449,1.14718,115787.06
2013-10-31,1.1472,1.15169,1.14344,1.14526,117887.2
2013-11-01,1.14526,1.14813,1.14057,1.14142,88624.93
2013-11-02,1.14142,1.14142,1.14142,1.14142,0.0
2013-11-03,1.14142,1.14537,1.14142,1.14526,4029.18
2013-11-04,1.14523,1.14846,1.14344,1.14675,83183.15
2013-11-05,1.14675,1.14897,1.13501,1.13586,106899.85
2013-11-06,1.13586,1.13756,1.1325,1.13733,87838.61
2013-11-07,1.13736,1.13778,1.13115,1.13649,120110.13
2013-11-08,1.13652,1.13813,1.13101,1.13633,119330.99
2013-11-09,1.13633,1.13633,1.13633,1.13633,0.0
2013-11-10,1.13633,1.13662,1.13482,1.13633,5092.7
2013-11-11,1.13634,1.13672,1.13184,1.13385,85456.06
2013-11-12,1.13385,1.13637,1.12996,1.13259,111177.33
2013-11-13,1.13259,1.13332,1.12737,1.12943,102656.23
2013-11-14,1.12939,1.12939,1.1216,1.12506,100920.93
2013-11-15,1.12507,1.12794,1.12256,1.12421,75629.76
2013-11-16,1.12421,1.12421,1.12421,1.12421,0.0
2013-11-17,1.12421,1.12421,1.12164,1.12251,6100.11
2013-11-18,1.12242,1.12686,1.11957,1.12634,89993.63
2013-11-19,1.12634,1.13053,1.12411,1.12711,95156.82
2013-11-20,1.12713,1.13111,1.1255,1.12822,114349.03
2013-11-21,1.12827,1.13005,1.11998,1.12191,127326.67
2013-11-22,1.12191,1.12658,1.11698,1.11854,101958.06
2013-11-23,1.11854,1.11854,1.11854,1.11854,0.0
2013-11-24,1.11854,1.12098,1.11831,1.11849,5824.31
2013-11-25,1.11852,1.11924,1.11241,1.11612,104449.32
2013-11-26,1.11612,1.11679,1.11167,1.11319,108728.16
2013-11-27,1.11319,1.11778,1.11139,1.11414,103475.11
2013-11-28,1.11428,1.12149,1.11276,1.11894,87497.26
2013-11-29,1.11896,1.12249,1.11614,1.11854,100928.95
2013-11-30,1.11854,1.11854,1.11854,1.11854,0.0
2013-12-01,1.11854,1.11921,1.11623,1.11716,6985.19
2013-12-02,1.11728,1.11886,1.11047,1.11256,96219.98
2013-12-03,1.11256,1.11332,1.10517,1.10826,114268.19
2013-12-04,1.10829,1.10916,1.1,1.10012,125555.62
2013-12-05,1.10009,1.10562,1.09927,1.10287,84293.49
2013-12-06,1.10287,1.10702,1.09647,1.09803,103793.09
2013-12-07,1.09803,1.09803,1.09803,1.09803,0.0
2013-12-08,1.09803,1.10081,1.09803,1.09836,4441.81
2013-12-09,1.09836,1.1006,1.09502,1.09776,67412.41
2013-12-10,1.09776,1.10323,1.09666,1.10056,69123.99
2013-12-11,1.10057,1.10483,1.09302,1.09322,77632.9
2013-12-12,1.09327,1.09676,1.08177,1.08565,92138.82
2013-12-13,1.08565,1.08813,1.08282,1.08323,60086.36
2013-12-14,1.08323,1.08323,1.08323,1.08323,0.0
2013-12-15,1.08323,1.08401,1.08256,1.08329,3050.87
2013-12-16,1.08325,1.08531,1.07996,1.08176,59901.72
2013-12-17,1.08176,1.08191,1.07475,1.07751,70261.72
2013-12-18,1.0775,1.08167,1.07179,1.07758,87792.94
2013-12-19,1.07758,1.0848,1.07658,1.08137,73795.53
2013-12-20,1.08137,1.09007,1.0803,1.08753,68679.15
2013-12-21,1.08753,1.08753,1.08753,1.08753,0.0
2013-12-22,1.08753,1.08753,1.08594,1.08646,2426.45
2013-12-23,1.08646,1.09093,1.08602,1.08961,52415.2
2013-12-24,1.08961,1.09146,1.08722,1.08884,32687.82
2013-12-25,1.08885,1.09196,1.08727,1.09019,4463.61
2013-12-26,1.09026,1.09133,1.08715,1.08887,34582.88
2013-12-27,1.08887,1.09133,1.08549,1.08593,51653.79
2013-12-28,1.08593,1.08593,1.08593,1.08593,0.0
2013-12-29,1.08593,1.08668,1.08491,1.08605,3135.09
2013-12-30,1.08599,1.08894,1.08347,1.08551,47165.22
2013-12-31,1.08551,1.08772,1.08218,1.08243,42944.04
2014-01-01,1.08243,1.08486,1.08048,1.08347,2253.46
2014-01-02,1.08342,1.08965,1.08269,1.08787,71287.47
2014-01-03,1.08787,1.09047,1.08031,1.08084,80132.69
2014-01-04,1.08084,1.08084,1.08084,1.08084,0.0
2014-01-05,1.08084,1.08467,1.08084,1.08445,4527.79
2014-01-06,1.08445,1.08597,1.0797,1.08176,70308.27
2014-01-07,1.08176,1.08249,1.07552,1.0769,78622.77
2014-01-08,1.0769,1.07868,1.0751,1.07587,82109.77
2014-01-09,1.07587,1.07967,1.07352,1.07886,76549.23
2014-01-10,1.07881,1.0848,1.07776,1.08281,79083.72
2014-01-11,1.08281,1.08281,1.08281,1.08281,0.0
2014-01-12,1.08281,1.08533,1.08244,1.08524,4186.0
2014-01-13,1.08522,1.08617,1.07944,1.08008,86547.03
2014-01-14,1.08011,1.08021,1.0674,1.07092,85644.36
2014-01-15,1.07092,1.07141,1.06403,1.0686,80635.59
2014-01-16,1.0686,1.06893,1.05419,1.0565,96377.87
2014-01-17,1.05651,1.06462,1.0559,1.06251,75835.46
2014-01-18,1.06251,1.06251,1.06251,1.06251,0.0
2014-01-19,1.06251,1.06357,1.06103,1.06291,4242.25
2014-01-20,1.06291,1.07046,1.05718,1.05889,62679.59
2014-01-21,1.05889,1.06032,1.05632,1.05896,69819.13
2014-01-22,1.05896,1.06718,1.05708,1.06485,76550.6
2014-01-23,1.06485,1.06701,1.05299,1.05698,97131.69
2014-01-24,1.05698,1.05876,1.04912,1.05566,92474.72
2014-01-25,1.05566,1.05566,1.05566,1.05566,0.0
2014-01-26,1.05566,1.05751,1.05489,1.05601,4434.44
2014-01-27,1.05601,1.06284,1.05532,1.06171,80381.44
2014-01-28,1.06171,1.06529,1.06028,1.06276,82472.55
2014-01-29,1.06276,1.06712,1.0564,1.06545,100399.66
2014-01-30,1.06545,1.07947,1.06403,1.07517,100030.67
2014-01-31,1.07516,1.08302,1.07271,1.08187,88451.91
2014-02-01,1.08187,1.08187,1.08187,1.08187,0.0
2014-02-02,1.08187,1.08246,1.07959,1.08042,4944.2
2014-02-03,1.08051,1.08734,1.07731,1.08352,90396.25
2014-02-04,1.08352,1.09463,1.08122,1.08347,106523.35
2014-02-05,1.08344,1.08724,1.08175,1.08513,92056.46
2014-02-06,1.08527,1.09042,1.08296,1.08509,83429.81
2014-02-07,1.08509,1.08862,1.07926,1.07944,89257.51
2014-02-08,1.07944,1.07944,1.07944,1.07944,0.0
2014-02-09,1.07944,1.08162,1.07939,1.08017,3691.0
2014-02-10,1.08017,1.08272,1.0782,1.08171,59558.67
2014-02-11,1.08177,1.08726,1.08116,1.08522,83691.42
2014-02-12,1.08522,1.08602,1.08218,1.08444,70482.57
2014-02-13,1.08444,1.08461,1.07361,1.07621,79553.24
2014-02-14,1.07621,1.07987,1.07564,1.07868,65343.18
2014-02-15,1.07868,1.07868,1.07868,1.07868,0.0
2014-02-16,1.07868,1.08312,1.07868,1.08112,3889.52
2014-02-17,1.08111,1.08187,1.07832,1.08051,55527.81
2014-02-18,1.08046,1.08846,1.07887,1.08672,90811.58
2014-02-19,1.08672,1.08891,1.08342,1.08687,99894.92
2014-02-20,1.08687,1.08847,1.0813,1.08492,135816.61
2014-02-21,1.08492,1.08538,1.08156,1.08327,93555.43
2014-02-22,1.08327,1.08327,1.08327,1.08327,0.0
2014-02-23,1.08327,1.08461,1.08254,1.08428,4061.59
2014-02-24,1.08429,1.08577,1.08177,1.0844,106061.44
2014-02-25,1.0844,1.08497,1.08157,1.08181,106337.32
2014-02-26,1.08182,1.0822,1.07716,1.07862,120735.05
2014-02-27,1.07857,1.07912,1.06703,1.07096,138747.28
2014-02-28,1.07092,1.07092,1.06266,1.06453,123245.05
2014-03-01,1.06453,1.06453,1.06453,1.06453,0.0
2014-03-02,1.06453,1.06574,1.06321,1.06465,7705.77
2014-03-03,1.06465,1.06822,1.0642,1.06715,97131.82
2014-03-04,1.06715,1.07212,1.06566,1.06716,104522.02
2014-03-05,1.06716,1.07147,1.06554,1.06697,108258.24
2014-03-06,1.06697,1.07459,1.06661,1.07421,137483.62
2014-03-07,1.07421,1.0759,1.06973,1.07024,107269.5
2014-03-08,1.07024,1.07024,1.07024,1.07024,0.0
2014-03-09,1.07024,1.07024,1.06747,1.06876,6918.48
2014-03-10,1.06878,1.07038,1.06398,1.0652,91814.22
2014-03-11,1.0652,1.06625,1.05843,1.05991,115427.56
2014-03-12,1.05986,1.06452,1.05383,1.05563,126568.32
2014-03-13,1.05564,1.06145,1.05512,1.05737,141100.0
2014-03-14,1.05725,1.05844,1.05449,1.0573,100041.35
2014-03-15,1.0573,1.0573,1.0573,1.0573,0.0
2014-03-16,1.0573,1.05769,1.05392,1.05769,5821.31
2014-03-17,1.05767,1.06152,1.05598,1.06097,99497.76
2014-03-18,1.06097,1.06192,1.05686,1.05861,111977.25
2014-03-19,1.05861,1.06011,1.05423,1.05794,126723.96
2014-03-20,1.05789,1.05997,1.05584,1.05917,124530.68
2014-03-21,1.05922,1.06464,1.05919,1.06385,100331.06
2014-03-22,1.06385,1.06385,1.06385,1.06385,0.0
2014-03-23,1.06385,1.06633,1.06334,1.06463,7293.21
2014-03-24,1.06459,1.06891,1.06066,1.06802,104055.31
2014-03-25,1.06802,1.07157,1.06682,1.0687,91380.01
2014-03-26,1.06871,1.07378,1.06579,1.07187,109706.93
2014-03-27,1.07187,1.07292,1.06418,1.06946,87835.91
2014-03-28,1.06942,1.06985,1.06453,1.06702,83354.87
2014-03-29,1.06702,1.06702,1.06702,1.06702,0.0
2014-03-30,1.06702,1.06842,1.06553,1.06751,6692.22
2014-03-31,1.06751,1.06962,1.06508,1.06861,87664.2
2014-04-01,1.06861,1.07277,1.06444,1.07205,81461.2
2014-04-02,1.07206,1.08081,1.07202,1.07837,97517.31
2014-04-03,1.07837,1.0834,1.0767,1.07929,96408.96
2014-04-04,1.07929,1.08301,1.07901,1.07931,75415.82
2014-04-05,1.07931,1.07931,1.07931,1.07931,0.0
2014-04-06,1.07931,1.08202,1.07789,1.0786,6326.04
2014-04-07,1.07859,1.08023,1.07607,1.07635,107252.65
2014-04-08,1.07633,1.07983,1.07453,1.0786,122969.99
2014-04-09,1.07863,1.08191,1.07531,1.07544,121305.06
2014-04-10,1.07543,1.0861,1.07351,1.08386,137819.58
2014-04-11,1.08386,1.08633,1.08056,1.08061,118049.48
2014-04-12,1.08061,1.08061,1.08061,1.08061,0.0
2014-04-13,1.08061,1.08211,1.07977,1.08057,5441.09
2014-04-14,1.08059,1.08746,1.08052,1.08371,101719.3
2014-04-15,1.08369,1.08749,1.08139,1.08659,121093.02
2014-04-16,1.08659,1.09112,1.08524,1.08599,103994.79
2014-04-17,1.08599,1.08946,1.084,1.08794,90327.15
2014-04-18,1.08793,1.08881,1.08567,1.0857,31490.28
2014-04-19,1.0857,1.0857,1.0857,1.0857,0.0
2014-04-20,1.0857,1.08864,1.08499,1.08636,6100.35
2014-04-21,1.0864,1.09103,1.08629,1.08872,62716.39
2014-04-22,1.08875,1.09112,1.08671,1.08787,87397.55
2014-04-23,1.08787,1.08857,1.07663,1.07834,92945.41
2014-04-24,1.07834,1.08283,1.07618,1.08129,84123.23
2014-04-25,1.08129,1.08319,1.07952,1.08096,65782.35
2014-04-26,1.08096,1.08096,1.08096,1.08096,0.0
2014-04-27,1.08096,1.08136,1.08012,1.08054,3034.6
2014-04-28,1.08053,1.08722,1.08051,1.0843,100368.01
2014-04-29,1.0843,1.08616,1.08238,1.08296,98323.95
2014-04-30,1.08296,1.08557,1.07689,1.07807,9631311.31
2014-05-01,1.07807,1.07922,1.07303,1.07479,20817391.06
2014-05-02,1.07475,1.07644,1.06833,1.07005,90817.48
2014-05-03,1.07005,1.07005,1.07005,1.07005,0.0
2014-05-04,1.07005,1.07171,1.07005,1.071,5465.27
2014-05-05,1.07096,1.07272,1.06755,1.06886,49177149.85
2014-05-06,1.06886,1.07517,1.06488,1.07348,122386.14
2014-05-09,1.08357,1.08708,1.08172,1.08643,14164253.3
2014-05-11,1.08506,1.08629,1.08448,1.08502,6741.46
2014-05-13,1.0854,1.08614,1.08165,1.08517,87088.94
2014-05-15,1.08166,1.08312,1.07947,1.08108,34063626.16
2014-05-18,1.08506,1.08523,1.0835,1.08403,6931.26
2014-05-20,1.08107,1.08197,1.07771,1.07816,19100118.92
2014-05-22,1.07809,1.08078,1.07629,1.07701,77796112.02
2014-05-23,1.07701,1.08137,1.07649,1.07894,73864.4
2014-05-25,1.08096,1.08199,1.07978,1.08165,5673.4
2014-05-28,1.08121,1.08866,1.08073,1.08717,65981217.54
2014-05-30,1.09674,1.09766,1.09469,1.09496,89855.76
2014-06-01,1.09601,1.09724,1.09475,1.09507,5442.63
2014-06-02,1.09507,1.09689,1.09148,1.09401,39590137.67
2014-06-03,1.09396,1.09936,1.09252,1.09738,30756507.83
2014-06-04,1.09738,1.1035,1.09702,1.10082,84629.16
2014-06-05,1.1008,1.10261,1.0975,1.09935,49187219.66
2014-06-06,1.09935,1.09977,1.09378,1.09792,76256.31
2014-06-08,1.0981,1.09867,1.09727,1.09804,3251.31
2014-06-09,1.0981,1.10225,1.09695,1.09986,84024.72
2014-06-10,1.09986,1.1012,1.09804,1.0986,29738449.5
2014-06-11,1.09859,1.09945,1.08896,1.08988,115021.2
2014-06-12,1.08988,1.08992,1.0822,1.08595,31773373.92
2014-06-15,1.08375,1.08478,1.08349,1.08396,4208.26
2014-06-16,1.08396,1.08421,1.08106,1.08299,82205183.91
2014-06-17,1.08296,1.08334,1.07762,1.07801,63675238.84
2014-06-18,1.07801,1.07843,1.07475,1.07815,74390.28
2014-06-19,1.07815,1.08111,1.07776,1.07914,73625.17
2014-06-20,1.07915,1.0812,1.07769,1.0789,39379.88
2014-06-22,1.07715,1.0787,1.07678,1.0781,5555.7
2014-06-23,1.07809,1.08237,1.07794,1.08198,62793.88
2014-06-24,1.08196,1.08215,1.07867,1.08025,65355.25
2014-06-25,1.08025,1.08042,1.07459,1.07645,69257.9
2014-06-26,1.07645,1.0765,1.07086,1.07225,74121.01
2014-06-27,1.07225,1.07574,1.07217,1.0732,62857.55
2014-06-29,1.07239,1.07395,1.07239,1.073,3755.84
2014-06-30,1.07299,1.07814,1.07264,1.07579,73572.47
2014-07-01,1.07584,1.0835,1.07406,1.08306,76605.01
2014-07-02,1.08303,1.08371,1.07567,1.0762,71078.82
2014-07-03,1.0762,1.07655,1.0672,1.0688,75509.79
2014-07-04,1.06879,1.07155,1.06829,1.0708,50992.49
2014-07-06,1.06979,1.0718,1.06969,1.07148,5345.39
2014-07-07,1.07147,1.07329,1.0687,1.07116,65348.45
2014-07-08,1.07116,1.07144,1.06734,1.07002,67807.29
2014-07-09,1.07002,1.07072,1.06604,1.06748,75375.02
2014-07-10,1.06748,1.07035,1.06227,1.06499,77891.25
2014-07-11,1.06499,1.06715,1.06423,1.06474,64805.44
2014-07-13,1.06336,1.06489,1.06335,1.06476,3830.48
2014-07-14,1.06468,1.06741,1.06456,1.06579,63499.49
2014-07-15,1.06575,1.07405,1.06414,1.07265,90503.4
2014-07-16,1.0727,1.07566,1.0721,1.07451,64576.6
2014-07-17,1.07451,1.07995,1.07432,1.07834,99754.9
2014-07-18,1.07834,1.08245,1.0777,1.08056,81578.42
2014-07-20,1.07896,1.0811,1.07764,1.07905,4862.85
2014-07-21,1.07905,1.07993,1.07733,1.07893,56855.92
2014-07-22,1.07892,1.08534,1.07873,1.08265,74115.12
2014-07-23,1.08265,1.09722,1.08257,1.09608,77865.47
2014-07-24,1.09608,1.10152,1.09559,1.09742,71956.87
2014-07-25,1.09739,1.10134,1.09679,1.09795,57359.78
2014-07-27,1.09815,1.09909,1.09773,1.09893,5050.44
2014-07-28,1.09894,1.10114,1.0985,1.10045,55229.56
2014-07-29,1.10045,1.10479,1.09851,1.10264,69860.78
2014-07-30,1.10267,1.10307,1.09774,1.09849,73940.55
2014-07-31,1.09852,1.0987,1.09216,1.09365,80032.94
2014-08-01,1.09364,1.09638,1.09236,1.09434,89161.88
2014-08-03,1.09367,1.09439,1.09245,1.09417,5101.45
2014-08-04,1.09415,1.09635,1.09378,1.09485,48463.7
2014-08-05,1.0948,1.1035,1.09383,1.10189,74368.72
2014-08-06,1.1019,1.10528,1.10133,1.10307,67557.48
2014-08-07,1.10309,1.10463,1.09259,1.0956,76831.24
2014-08-08,1.0956,1.09673,1.09328,1.09584,62778.31
2014-08-10,1.09509,1.09659,1.09446,1.09611,2390.95
2014-08-11,1.09607,1.09645,1.09415,1.09529,32932.79
2014-08-12,1.09531,1.10092,1.09447,1.09989,47612.33
2014-08-13,1.09986,1.10253,1.09641,1.09738,53807.54
2014-08-14,1.09738,1.09871,1.09454,1.0982,43642.56
2014-08-15,1.09822,1.09983,1.09573,1.09729,44936.32
2014-08-17,1.09681,1.09888,1.09644,1.09835,3056.47
2014-08-18,1.09838,1.10244,1.09627,1.10182,38584.95
2014-08-19,1.10183,1.10777,1.10159,1.10375,58048.64
2014-08-20,1.10372,1.10988,1.10368,1.10898,64079.67
2014-08-21,1.10898,1.11015,1.10536,1.10767,48277.11
2014-08-22,1.10769,1.10928,1.10556,1.10769,43129.57
2014-08-24,1.10829,1.11608,1.10786,1.1127,8479.84
2014-08-25,1.1127,1.11687,1.11186,1.11582,42686.12
2014-08-26,1.11582,1.11861,1.11319,1.11698,46112.75
2014-08-27,1.11694,1.11778,1.11299,1.11564,46339.54
2014-08-28,1.11564,1.11757,1.1132,1.11632,48557.88
2014-08-29,1.11631,1.11906,1.11418,1.11644,39609.65
2014-08-31,1.11614,1.11744,1.11541,1.11674,4242.19
2014-09-01,1.11674,1.11685,1.11207,1.11284,35589.7
2014-09-02,1.11283,1.11807,1.11238,1.11737,58993.48
2014-09-03,1.11738,1.12353,1.11656,1.12219,55316.9
2014-09-04,1.12222,1.12847,1.12157,1.12786,61717.84
2014-09-05,1.12786,1.12953,1.12502,1.12524,49948.41
2014-09-07,1.1269,1.12763,1.12597,1.12601,5840.29
2014-09-08,1.12598,1.12671,1.12036,1.12157,54492.0
2014-09-09,1.12161,1.12257,1.11495,1.11503,71431.65
2014-09-10,1.11501,1.1181,1.10891,1.11673,70071.11
2014-09-11,1.11673,1.12262,1.11066,1.11159,83938.2
2014-09-12,1.11159,1.11237,1.10617,1.10876,61732.22
2014-09-14,1.10528,1.10697,1.1052,1.10587,7285.05
2014-09-15,1.10592,1.10779,1.10348,1.10481,70103.23
2014-09-16,1.10483,1.10946,1.10212,1.10856,69533.86
2014-09-17,1.10859,1.11013,1.10532,1.1062,96666.59
2014-09-18,1.10624,1.10662,1.10004,1.10198,65840.61
2014-09-19,1.10196,1.10286,1.09752,1.09752,71164.74
2014-09-21,1.09545,1.09752,1.09496,1.09736,4491.68
2014-09-22,1.09737,1.09793,1.09182,1.09423,67037.02
2014-09-23,1.09419,1.09891,1.0931,1.0959,83213.73
2014-09-24,1.0959,1.1009,1.0956,1.09891,66780.55
2014-09-25,1.09889,1.1105,1.0979,1.10769,104982.66
2014-09-26,1.10769,1.11487,1.10641,1.11332,75058.63
2014-09-28,1.11229,1.11374,1.11014,1.11098,6262.66
2014-09-29,1.11098,1.12811,1.11078,1.12175,87911.69
2014-09-30,1.12175,1.12597,1.11817,1.11884,93094.98
2014-10-01,1.11882,1.1244,1.11268,1.1236,104214.39
2014-10-02,1.1236,1.12436,1.11171,1.11441,110015.55
2014-10-03,1.11443,1.11902,1.11237,1.11625,79516.19
2014-10-05,1.11675,1.12173,1.11592,1.1208,6335.61
2014-10-06,1.12083,1.12279,1.11582,1.11966,67930.05
2014-10-07,1.11968,1.12609,1.11887,1.12596,90277.05
2014-10-08,1.12596,1.12789,1.11688,1.11809,103396.3
2014-10-09,1.11807,1.11873,1.11356,1.11482,104343.51
2014-10-10,1.11478,1.11657,1.11066,1.11074,69666.65
2014-10-12,1.11092,1.11223,1.10688,1.10807,9339.44
2014-10-13,1.10806,1.11353,1.10647,1.11252,71392.69
2014-10-14,1.11249,1.11419,1.10958,1.11209,66761.43
2014-10-15,1.11214,1.11486,1.09816,1.10365,113856.07
2014-10-16,1.10369,1.10869,1.09918,1.10411,99252.27
2014-10-17,1.10411,1.10633,1.10028,1.10432,54146.92
2014-10-19,1.10463,1.10574,1.10358,1.10438,4692.36
2014-10-20,1.10438,1.10542,1.10101,1.10231,43984.09
2014-10-21,1.10231,1.10496,1.09848,1.10039,67230.62
2014-10-22,1.10039,1.1162,1.09705,1.1162,66974.96
2014-10-23,1.1162,1.1226,1.11415,1.11844,98465.76
2014-10-24,1.11848,1.12191,1.11599,1.11931,46802.28
2014-10-26,1.12082,1.12172,1.11972,1.12128,4321.48
2014-10-27,1.12131,1.12272,1.11331,1.11568,36931.46
2014-10-28,1.11571,1.11992,1.1151,1.11813,46651.34
2014-10-29,1.11811,1.1298,1.11605,1.12677,69170.39
2014-10-30,1.12674,1.12785,1.1235,1.12597,74196.39
2014-10-31,1.12597,1.13029,1.11965,1.1284,85890.28
2014-11-02,1.12599,1.12657,1.125,1.12536,3645.15
2014-11-03,1.12533,1.12847,1.12147,1.12374,70504.88
2014-11-04,1.12374,1.12745,1.11594,1.11796,70769.82
2014-11-05,1.118,1.11853,1.10908,1.11238,98629.61
2014-11-06,1.11237,1.11604,1.11107,1.11285,152566.59
2014-11-07,1.11285,1.11745,1.11184,1.11281,144043.42
2014-11-09,1.11214,1.11361,1.11193,1.11331,8994.88
2014-11-10,1.11332,1.11493,1.10917,1.11189,98025.97
2014-11-11,1.11186,1.11597,1.11081,1.11252,141985.38
2014-11-12,1.11252,1.1129,1.10536,1.10756,132813.9
2014-11-13,1.10756,1.10842,1.10435,1.10615,112353.12
2014-11-14,1.10614,1.10827,1.10337,1.10507,111355.05
2014-11-16,1.10405,1.10429,1.10274,1.10313,8600.46
2014-11-17,1.10313,1.1042,1.09789,1.09852,115312.43
2014-11-18,1.09852,1.10184,1.09335,1.10156,113649.6
2014-11-19,1.10156,1.10226,1.09449,1.09736,127523.43
2014-11-20,1.09734,1.09863,1.09367,1.09666,136658.96
2014-11-21,1.09667,1.10164,1.09428,1.09846,125924.86
2014-11-23,1.10049,1.10108,1.099,1.0999,7342.72
2014-11-24,1.0999,1.10049,1.09387,1.09441,91756.01
2014-11-25,1.09441,1.09869,1.09095,1.09286,134613.1
2014-11-26,1.09289,1.0934,1.08193,1.08292,124164.68
2014-11-27,1.08292,1.08847,1.08272,1.08462,111097.82
2014-11-28,1.08458,1.08757,1.08208,1.08215,99385.4
2014-11-30,1.08311,1.08577,1.08176,1.08288,10479.0
2014-12-01,1.08288,1.08515,1.07628,1.0781,149112.29
2014-12-02,1.0781,1.08467,1.0771,1.08412,126823.38
2014-12-03,1.08412,1.08585,1.07764,1.08316,138157.27
2014-12-04,1.08316,1.08554,1.07566,1.07788,148899.25
2014-12-05,1.0779,1.08047,1.0761,1.07808,106786.79
2014-12-07,1.07828,1.08202,1.07775,1.0818,8546.44
2014-12-08,1.08183,1.08676,1.08019,1.08424,145424.34
2014-12-09,1.08423,1.08465,1.07636,1.07873,178933.33
2014-12-10,1.07873,1.08109,1.06228,1.06585,161172.48
2014-12-11,1.06589,1.06954,1.05353,1.0587,176930.24
2014-12-12,1.05871,1.06255,1.05795,1.05942,128365.04
2014-12-14,1.06006,1.06093,1.05675,1.05836,11513.3
2014-12-15,1.05836,1.06487,1.05649,1.06087,138848.61
2014-12-16,1.06078,1.06456,1.05192,1.05537,163088.36
2014-12-17,1.05537,1.05991,1.04875,1.05558,142300.36
2014-12-18,1.05558,1.05818,1.05,1.05007,145116.75
2014-12-19,1.05007,1.05195,1.04884,1.05131,98781.88
2014-12-21,1.05078,1.05245,1.05007,1.05163,6688.03
2014-12-22,1.05163,1.0558,1.04837,1.05136,88341.16
2014-12-23,1.05136,1.05216,1.04748,1.05116,84319.97
2014-12-24,1.05118,1.05135,1.04766,1.04785,32992.02
2014-12-25,1.04761,1.04986,1.0473,1.04851,12199.74
2014-12-26,1.04839,1.04994,1.0449,1.04569,53591.05
2014-12-28,1.04708,1.04769,1.04647,1.04713,4981.97
2014-12-29,1.04713,1.04808,1.04327,1.04534,56675.59
2014-12-30,1.04534,1.04569,1.04209,1.04461,59140.96
2014-12-31,1.04454,1.04888,1.04406,1.04616,49171.73
2015-01-01,1.04882,1.04983,1.04697,1.04952,7233.99
2015-01-02,1.04949,1.05339,1.0466,1.04919,69420.97
2015-01-04,1.04992,1.05385,1.04945,1.0527,9930.86
2015-01-05,1.0527,1.05711,1.04992,1.0515,89531.12
2015-01-06,1.05152,1.05423,1.03912,1.04304,102418.03
2015-01-07,1.04306,1.04311,1.03534,1.03906,95402.08
2015-01-08,1.03903,1.04272,1.03719,1.0388,91685.18
2015-01-09,1.03873,1.0489,1.03754,1.04654,93325.57
2015-01-11,1.04617,1.04814,1.0447,1.04787,6612.0
2015-01-12,1.0479,1.0517,1.04704,1.0489,92515.12
2015-01-13,1.0489,1.05691,1.0476,1.05521,110858.27
2015-01-14,1.05524,1.05728,1.04606,1.05538,141637.58
2015-01-15,1.05537,1.06395,1.04702,1.04841,149874.95
2015-01-16,1.04841,1.05827,1.04836,1.0545,111485.81
2015-01-18,1.05596,1.05781,1.0551,1.05547,3590.31
2015-01-19,1.05547,1.05743,1.05194,1.05552,87547.93
2015-01-20,1.05552,1.07115,1.05357,1.06744,107234.93
2015-01-21,1.06739,1.07314,1.06657,1.07005,129812.48
2015-01-22,1.07006,1.07582,1.0673,1.06814,151546.1
2015-01-23,1.06815,1.06939,1.05805,1.06018,125250.21
2015-01-25,1.0592,1.06375,1.05804,1.06172,9853.93
2015-01-26,1.06173,1.07079,1.05896,1.06494,124939.75
2015-01-27,1.06495,1.06934,1.06238,1.06256,113852.51
2015-01-28,1.06265,1.07966,1.06213,1.07749,137776.17
2015-01-29,1.07754,1.07845,1.06639,1.06907,117944.46
2015-01-30,1.06908,1.07404,1.06613,1.06938,96522.44
2015-02-01,1.06839,1.07205,1.06776,1.07103,8493.56
2015-02-02,1.07101,1.07386,1.06663,1.06787,87180.39
2015-02-03,1.06793,1.07061,1.05401,1.05802,140306.88
2015-02-04,1.05802,1.06338,1.05095,1.05423,124175.05
2015-02-05,1.05429,1.05854,1.05187,1.05311,102413.66
2015-02-06,1.05311,1.06134,1.05267,1.05825,74675.14
2015-02-08,1.05455,1.05762,1.05455,1.05575,4823.97
2015-02-09,1.0557,1.05671,1.05045,1.05367,55861.84
2015-02-10,1.05364,1.05413,1.04833,1.04906,65576.55
2015-02-11,1.04906,1.04953,1.04335,1.04686,59296.64
2015-02-12,1.04686,1.04813,1.03857,1.04343,74647.12
2015-02-13,1.0434,1.04531,1.04019,1.04161,44180.64
2015-02-15,1.03907,1.03912,1.038,1.0382,2946.67
2015-02-16,1.0382,1.03872,1.03308,1.03623,50631.29
2015-02-17,1.03619,1.03931,1.03404,1.03598,52307.88
2015-02-18,1.03601,1.03857,1.03335,1.03443,52824.49
2015-02-19,1.03443,1.03681,1.02998,1.03675,69122.38
2015-02-20,1.03674,1.04304,1.03563,1.04135,73905.58
2015-02-22,1.04213,1.04257,1.04097,1.04203,5847.52
2015-02-23,1.04207,1.04297,1.03506,1.03563,77710.78
2015-02-24,1.03561,1.04772,1.03547,1.04673,91432.71
2015-02-25,1.04673,1.04708,1.04054,1.04134,87113.05
2015-02-26,1.04134,1.04226,1.03388,1.03516,88800.53
2015-02-27,1.03516,1.03604,1.03196,1.03196,63500.22
2015-03-01,1.0329,1.03406,1.03129,1.0314,5150.65
2015-03-02,1.03144,1.03484,1.03135,1.03327,62143.21
2015-03-03,1.03327,1.04067,1.03237,1.03399,75607.06
2015-03-04,1.03399,1.03548,1.02826,1.03075,67357.8
2015-03-05,1.03075,1.04155,1.02831,1.03941,71537.14
2015-03-06,1.03938,1.05015,1.0389,1.0475,74891.95
2015-03-08,1.04646,1.04874,1.0455,1.04852,8907.7
2015-03-09,1.04852,1.05004,1.04536,1.04682,81315.81
2015-03-10,1.04676,1.05202,1.04579,1.04807,104114.46
2015-03-11,1.0481,1.05297,1.03914,1.04093,120601.62
2015-03-12,1.04099,1.04401,1.03544,1.04039,112671.86
2015-03-13,1.04039,1.04532,1.03975,1.03987,80324.05
2015-03-15,1.04017,1.04167,1.03904,1.04037,6500.3
2015-03-16,1.04037,1.04096,1.03491,1.03555,64702.27
2015-03-17,1.03555,1.04284,1.03266,1.04178,69589.49
2015-03-18,1.04168,1.04398,1.03545,1.03664,97547.96
2015-03-19,1.03664,1.03737,1.03017,1.03052,92998.12
2015-03-20,1.03052,1.03322,1.02574,1.02696,76067.47
2015-03-22,1.02644,1.02888,1.02566,1.02819,10086.82
2015-03-23,1.02818,1.03073,1.02196,1.02867,109896.68
2015-03-24,1.02867,1.0334,1.02603,1.03093,119731.81
2015-03-25,1.0309,1.03301,1.02662,1.03222,82289.75
2015-03-26,1.03217,1.03405,1.02778,1.03213,100972.08
2015-03-27,1.03215,1.03233,1.02292,1.02372,73810.24
2015-03-29,1.02329,1.02497,1.02243,1.02477,8452.85
2015-03-30,1.02477,1.0263,1.01558,1.02098,80800.23
2015-03-31,1.02103,1.02265,1.01593,1.02242,84552.66
2015-04-01,1.02241,1.02589,1.01859,1.0221,90474.67
2015-04-02,1.02214,1.02237,1.00911,1.00966,78682.0
2015-04-03,1.0096,1.0168,1.00424,1.00424,49603.04
2015-04-05,1.00429,1.00653,1.00285,1.00335,4293.88
2015-04-06,1.0033,1.00861,1.00199,1.00722,51307.38
2015-04-07,1.00724,1.02186,1.00658,1.0176,95485.0
2015-04-08,1.0176,1.02048,1.01465,1.0175,87661.43
2015-04-09,1.01748,1.02073,1.01549,1.01699,80575.37
2015-04-10,1.01699,1.01977,1.01539,1.01947,66435.32
2015-04-12,1.01812,1.0196,1.01694,1.01748,4283.3
2015-04-13,1.01748,1.02006,1.0149,1.01672,83394.71
2015-04-14,1.01672,1.01983,1.01186,1.01378,78867.51
2015-04-15,1.01375,1.01463,1.00771,1.01119,91179.66
2015-04-16,1.01119,1.02218,1.01097,1.01758,94903.2
2015-04-17,1.01755,1.01781,1.01079,1.01128,71220.87
2015-04-19,1.01546,1.01588,1.01156,1.01301,8673.25
2015-04-20,1.01301,1.01415,1.00709,1.00782,68155.24
2015-04-21,1.00782,1.0084,1.00374,1.00549,79603.98
2015-04-22,1.00546,1.01416,1.00515,1.01365,86209.97
2015-04-23,1.01365,1.02641,1.01315,1.02545,104485.49
2015-04-24,1.02548,1.03102,1.02545,1.02834,76255.66
2015-04-26,1.02887,1.03053,1.02781,1.02942,5501.82
2015-04-27,1.02942,1.03214,1.02489,1.03119,66260.53
2015-04-28,1.03116,1.04151,1.02934,1.03544,85734.04
2015-04-29,1.03544,1.05192,1.03472,1.051,112464.53
2015-04-30,1.05103,1.05155,1.03372,1.03877,111977.42
2015-05-01,1.03874,1.04113,1.03654,1.04032,66266.39
2015-05-03,1.03979,1.04147,1.03913,1.04008,7497.47
2015-05-04,1.04003,1.0423,1.03811,1.03985,60212.56
2015-05-05,1.03985,1.05884,1.03428,1.0576,99826.82
2015-05-06,1.05754,1.06839,1.05754,1.06255,97136.97
2015-05-07,1.06251,1.06543,1.05765,1.06151,95567.73
2015-05-08,1.06151,1.06544,1.05634,1.05859,78843.71
2015-05-10,1.06028,1.06844,1.06028,1.06753,11324.23
2015-05-11,1.06753,1.07647,1.06587,1.07546,74117.4
2015-05-12,1.07544,1.08896,1.07459,1.07719,91313.44
2015-05-13,1.07719,1.08488,1.07253,1.07734,105866.54
2015-05-14,1.07734,1.08009,1.0751,1.0789,95111.74
2015-05-15,1.07892,1.0799,1.07355,1.07442,70572.6
2015-05-17,1.0784,1.08,1.07814,1.07908,3851.14
2015-05-18,1.07906,1.08488,1.0763,1.08383,76105.87
2015-05-19,1.0838,1.0844,1.07453,1.07629,89167.94
2015-05-20,1.07635,1.08001,1.07439,1.07879,88226.36
2015-05-21,1.07878,1.08038,1.07314,1.07425,87547.05
2015-05-22,1.07425,1.07452,1.06903,1.06984,74772.96
2015-05-24,1.06918,1.07101,1.06826,1.07006,5504.4
2015-05-25,1.07007,1.07255,1.0693,1.07022,51584.83
2015-05-26,1.07024,1.07183,1.06743,1.0691,78595.4
2015-05-27,1.0691,1.0704,1.06264,1.06805,77386.86
2015-05-28,1.06811,1.06903,1.05761,1.0657,96384.97
2015-05-29,1.06568,1.0786,1.06568,1.07409,80026.72
2015-05-31,1.07731,1.07862,1.07538,1.07751,5181.97
2015-06-01,1.07751,1.07934,1.06995,1.07197,95964.13
2015-06-02,1.0719,1.08431,1.07132,1.08342,124278.19
2015-06-03,1.08344,1.09125,1.08295,1.08666,98600.24
2015-06-04,1.08665,1.08705,1.07624,1.07855,88007.05
2015-06-05,1.07854,1.0855,1.07687,1.08056,70171.56
2015-06-07,1.08154,1.08188,1.08038,1.08133,5912.07
2015-06-08,1.08132,1.08292,1.07593,1.0778,73116.98
2015-06-09,1.0778,1.08212,1.07389,1.07551,82392.71
2015-06-10,1.07551,1.10208,1.07109,1.09697,116146.13
2015-06-11,1.09695,1.10792,1.09627,1.10466,104347.84
2015-06-12,1.10466,1.10945,1.10295,1.10593,67519.6
2015-06-14,1.10859,1.10859,1.10575,1.10576,5916.15
2015-06-15,1.10576,1.11141,1.10467,1.10866,69353.7
2015-06-16,1.10866,1.1116,1.10675,1.10921,59798.45
2015-06-17,1.10921,1.12155,1.10646,1.12102,91390.94
2015-06-18,1.12097,1.12849,1.11827,1.12586,95199.19
2015-06-19,1.12585,1.12639,1.12176,1.12415,60837.2
2015-06-21,1.12424,1.12623,1.12374,1.12579,6378.8
2015-06-22,1.12579,1.12951,1.12393,1.12511,71865.8
2015-06-23,1.12511,1.12984,1.12294,1.1281,72189.05
2015-06-24,1.12816,1.12976,1.11614,1.11863,70550.99
2015-06-25,1.11863,1.12626,1.11639,1.12297,64866.46
2015-06-26,1.12297,1.12298,1.11634,1.11849,62073.09
2015-06-28,1.11459,1.11944,1.11241,1.11681,16413.29
2015-06-29,1.11681,1.1234,1.11497,1.12226,91245.97
2015-06-30,1.12223,1.13904,1.12099,1.13377,100453.69
2015-07-01,1.1337,1.1383,1.13295,1.13767,86665.71
2015-07-02,1.13764,1.14292,1.13338,1.13619,87766.48
2015-07-03,1.13623,1.13684,1.12014,1.12081,71652.22
2015-07-05,1.12064,1.12343,1.11848,1.11969,9985.2
2015-07-06,1.1197,1.12426,1.11807,1.12034,90944.43
2015-07-07,1.12036,1.1252,1.11482,1.11876,98510.63
2015-07-08,1.11876,1.11905,1.10209,1.10521,92425.35
2015-07-09,1.10517,1.11173,1.10172,1.10581,79039.67
2015-07-10,1.10581,1.10944,1.10287,1.10503,57989.86
2015-07-12,1.10606,1.10833,1.1054,1.10567,8341.91
2015-07-13,1.10562,1.10883,1.10409,1.10628,102849.79
2015-07-14,1.10624,1.11345,1.10583,1.11101,79928.4
2015-07-15,1.11101,1.12354,1.11004,1.12162,96663.37
2015-07-16,1.1216,1.13785,1.12136,1.13662,91337.4
2015-07-17,1.13663,1.1368,1.12741,1.1307,51683.37
2015-07-19,1.13091,1.1327,1.12983,1.13082,8340.73
2015-07-20,1.13082,1.13156,1.11852,1.12073,89597.4
2015-07-21,1.12073,1.12161,1.11262,1.12031,92733.48
2015-07-22,1.1203,1.12299,1.10985,1.11399,90644.56
2015-07-23,1.11401,1.11556,1.10652,1.11182,90092.46
2015-07-24,1.11182,1.11276,1.1044,1.10724,68741.34
2015-07-26,1.10598,1.10723,1.1055,1.10562,10748.0
2015-07-27,1.10562,1.1064,1.09744,1.09775,83753.4
2015-07-28,1.09777,1.09981,1.08951,1.09448,96531.14
2015-07-29,1.09448,1.09797,1.09053,1.09613,87822.8
2015-07-30,1.09618,1.10697,1.09593,1.10439,84484.3
2015-07-31,1.10439,1.11126,1.10192,1.10521,71997.98
2015-08-02,1.10597,1.10964,1.10583,1.10875,6890.98
2015-08-03,1.10874,1.11202,1.10101,1.10787,72721.07
2015-08-04,1.10785,1.13077,1.10673,1.12822,90506.44
2015-08-05,1.1282,1.13159,1.12405,1.12609,97701.77
2015-08-06,1.12609,1.1301,1.11919,1.12213,85641.55
2015-08-07,1.12214,1.12903,1.11735,1.11954,80356.84
2015-08-09,1.11989,1.1217,1.11944,1.11978,9296.71
2015-08-10,1.11977,1.12245,1.11735,1.12078,74910.16
2015-08-11,1.12082,1.12219,1.11334,1.11626,87387.21
2015-08-12,1.11627,1.11865,1.1097,1.11671,102485.76
2015-08-13,1.11671,1.12615,1.11205,1.12483,103255.02
2015-08-14,1.1248,1.13034,1.12383,1.1271,83119.92
2015-08-16,1.12649,1.12797,1.12554,1.12645,6274.87
2015-08-17,1.12645,1.12842,1.11997,1.12053,75900.85
2015-08-18,1.12048,1.12052,1.11143,1.1137,89524.47
2015-08-19,1.1137,1.11787,1.11091,1.11442,97228.2
2015-08-20,1.1144,1.11515,1.10487,1.10735,96399.36
2015-08-21,1.10733,1.10771,1.09236,1.0932,92179.53
2015-08-23,1.09487,1.09758,1.09203,1.09435,11876.66
2015-08-24,1.09435,1.16765,1.093,1.11014,146872.25
2015-08-25,1.11014,1.11078,1.09712,1.09741,113004.07
2015-08-26,1.09741,1.10677,1.0946,1.10484,117897.9
2015-08-27,1.10484,1.11012,1.10132,1.10742,105407.78
2015-08-28,1.10735,1.10972,1.105,1.10849,79771.76
2015-08-30,1.10586,1.1092,1.10498,1.10506,10657.1
2015-08-31,1.105,1.12625,1.1039,1.11929,97654.54
2015-09-01,1.11925,1.1213,1.10597,1.10917,109496.37
2015-09-02,1.10915,1.10962,1.10099,1.10571,103883.16
2015-09-03,1.10572,1.10657,1.0957,1.09784,90937.48
2015-09-04,1.09781,1.10268,1.09452,1.09886,81994.22
2015-09-06,1.09887,1.10267,1.09662,1.10236,8791.38
2015-09-07,1.10242,1.10878,1.10207,1.10797,105178.7
2015-09-08,1.10789,1.113,1.10286,1.10358,89526.66
2015-09-09,1.10357,1.11243,1.09348,1.11109,99403.81
2015-09-10,1.11112,1.12643,1.1079,1.12049,128347.34
2015-09-11,1.12048,1.1236,1.11772,1.12215,60543.34
2015-09-13,1.1205,1.12311,1.12005,1.1227,6888.83
2015-09-14,1.12269,1.13106,1.11874,1.12923,81073.75
2015-09-15,1.12922,1.13073,1.12151,1.12268,82390.53
2015-09-16,1.12262,1.13465,1.12065,1.13334,84113.79
2015-09-17,1.13335,1.13348,1.12414,1.12804,98954.96
2015-09-18,1.1281,1.1328,1.12028,1.12182,89096.17
2015-09-20,1.12306,1.12648,1.12268,1.12648,6415.78
2015-09-21,1.12643,1.13119,1.12362,1.12622,77038.39
2015-09-22,1.12621,1.13109,1.12296,1.12521,66888.92
2015-09-23,1.12515,1.12616,1.11368,1.11381,72936.38
2015-09-24,1.11383,1.11493,1.10089,1.10723,88123.16
2015-09-25,1.10719,1.11053,1.09977,1.10003,59666.56
2015-09-27,1.10363,1.10363,1.09961,1.10098,6206.37
2015-09-28,1.10097,1.10592,1.09736,1.10556,75051.19
2015-09-29,1.10563,1.1058,1.09672,1.10214,84177.76
2015-09-30,1.10214,1.10332,1.09474,1.09702,88900.59
2015-10-01,1.09699,1.10368,1.09564,1.09994,85723.18
2015-10-02,1.09994,1.10074,1.09116,1.09358,68655.48
2015-10-04,1.09232,1.09523,1.09155,1.09233,6520.81
2015-10-05,1.09233,1.09508,1.08669,1.09085,77846.63
2015-10-06,1.09085,1.09865,1.08843,1.0938,85037.2
2015-10-07,1.09379,1.09495,1.08616,1.0893,106214.46
2015-10-08,1.0893,1.09067,1.08486,1.08945,96574.32
2015-10-09,1.08945,1.09563,1.08696,1.0946,88655.96
2015-10-11,1.09488,1.09625,1.09451,1.09476,8209.18
2015-10-12,1.09476,1.09688,1.09174,1.09521,78322.27
2015-10-13,1.09525,1.09834,1.08479,1.08656,104999.92
2015-10-14,1.08656,1.08683,1.07206,1.07511,110849.58
2015-10-15,1.07511,1.07769,1.06298,1.07117,123697.08
2015-10-16,1.07119,1.07206,1.06503,1.06524,75492.62
2015-10-18,1.06666,1.06829,1.06491,1.06826,6973.77
2015-10-19,1.06831,1.07232,1.06484,1.06609,73574.64
2015-10-20,1.06605,1.0766,1.06423,1.07574,75707.36
2015-10-21,1.07572,1.08017,1.07119,1.07286,88864.53
2015-10-22,1.07293,1.07325,1.0587,1.06139,96813.75
2015-10-23,1.06139,1.07147,1.05722,1.06617,87812.91
2015-10-25,1.06886,1.07011,1.06694,1.06996,8832.55
2015-10-26,1.06996,1.07335,1.06601,1.06839,72578.42
2015-10-27,1.06837,1.07064,1.06023,1.06194,76349.65
2015-10-28,1.06193,1.07105,1.05189,1.06234,102720.87
2015-10-29,1.06243,1.0686,1.05585,1.05748,95641.13
2015-10-30,1.0574,1.0574,1.04962,1.05246,95363.89
2015-11-01,1.05595,1.05643,1.05263,1.05364,15173.34
2015-11-02,1.0537,1.0612,1.05196,1.05936,84971.5
2015-11-03,1.05936,1.07976,1.05159,1.07894,102112.95
2015-11-04,1.07894,1.08817,1.07822,1.08279,98687.27
2015-11-05,1.0828,1.08514,1.07817,1.08138,83525.98
2015-11-06,1.08138,1.08498,1.07782,1.07866,87043.0
2015-11-08,1.07797,1.07851,1.07592,1.07681,6763.59
2015-11-09,1.07679,1.08002,1.07436,1.07844,73317.24
2015-11-10,1.07841,1.08244,1.07281,1.07531,70290.13
2015-11-11,1.07528,1.07866,1.07298,1.07846,78183.47
2015-11-12,1.07842,1.09182,1.0762,1.08933,97406.82
2015-11-13,1.08933,1.09493,1.08898,1.08935,65085.61
2015-11-15,1.08703,1.09,1.08611,1.08761,9970.67
2015-11-16,1.08761,1.09656,1.08709,1.09384,79012.36
2015-11-17,1.09381,1.10305,1.0938,1.0979,98788.58
2015-11-18,1.0979,1.10133,1.09348,1.09609,96024.64
2015-11-19,1.09609,1.10188,1.09366,1.09596,110520.13
2015-11-20,1.09596,1.10381,1.09123,1.10205,90500.17
2015-11-22,1.10186,1.10517,1.10084,1.10437,5437.45
2015-11-23,1.10437,1.10651,1.10007,1.10377,88909.35
2015-11-24,1.10384,1.10866,1.10156,1.10613,83902.2
2015-11-25,1.10615,1.10804,1.10144,1.10302,91060.09
2015-11-26,1.10306,1.10416,1.09552,1.0977,89191.36
2015-11-27,1.0977,1.10308,1.09763,1.10051,73216.16
2015-11-29,1.10029,1.10211,1.0999,1.10092,5356.68
2015-11-30,1.10087,1.10176,1.09513,1.0962,85901.52
2015-12-01,1.09621,1.09907,1.09236,1.09761,118108.62
2015-12-02,1.09759,1.10293,1.09633,1.0992,114412.99
2015-12-03,1.09921,1.10498,1.09656,1.09761,128525.57
2015-12-04,1.09756,1.09841,1.0868,1.08693,108729.99
2015-12-06,1.08851,1.0911,1.08812,1.09036,9680.88
2015-12-07,1.09036,1.096,1.09026,1.09361,88595.46
2015-12-08,1.09361,1.09486,1.08386,1.08784,105997.42
2015-12-09,1.08783,1.09343,1.07068,1.07532,113306.07
2015-12-10,1.07548,1.08419,1.07324,1.07516,86239.56
2015-12-11,1.07516,1.0775,1.06927,1.06928,76388.94
2015-12-13,1.07216,1.07271,1.06625,1.06663,8746.44
2015-12-14,1.06666,1.07437,1.06666,1.0697,83621.05
2015-12-15,1.0697,1.07167,1.06105,1.0639,89897.92
2015-12-16,1.06395,1.06933,1.06205,1.0646,93266.78
2015-12-17,1.0646,1.0683,1.05832,1.0637,99499.84
2015-12-18,1.06362,1.06787,1.06157,1.06533,81855.69
2015-12-20,1.06572,1.06577,1.06424,1.06473,6294.81
2015-12-21,1.06473,1.06538,1.05942,1.06199,68008.98
2015-12-22,1.06196,1.06351,1.05825,1.06222,75152.47
2015-12-23,1.06222,1.06776,1.0605,1.06504,61243.68
2015-12-24,1.06509,1.06799,1.0614,1.0648,40612.34
2015-12-25,1.0648,1.06675,1.06232,1.06331,5045.56
2015-12-27,1.06459,1.06491,1.06299,1.06445,8652.34
2015-12-28,1.06441,1.0647,1.05778,1.05842,51086.58
2015-12-29,1.05844,1.06215,1.05665,1.06201,57318.69
2015-12-30,1.06201,1.06658,1.06086,1.0641,63289.04
2015-12-31,1.06405,1.0689,1.06175,1.06614,53890.72
2016-01-03,1.06662,1.06826,1.06585,1.06666,7093.05
2016-01-04,1.06665,1.07078,1.06205,1.06521,81159.83
2016-01-05,1.06518,1.07183,1.06476,1.06876,83971.68
2016-01-06,1.06874,1.07277,1.06243,1.06586,111881.55
2016-01-07,1.06576,1.06585,1.05386,1.05859,123837.19
2016-01-08,1.05863,1.06625,1.05739,1.06217,99088.54
2016-01-10,1.0627,1.06497,1.05974,1.06455,7592.84
2016-01-11,1.06455,1.06993,1.06351,1.06579,121714.33
2016-01-12,1.06578,1.07183,1.06224,1.06797,123908.12
2016-01-13,1.068,1.07242,1.06545,1.06945,118337.25
2016-01-14,1.06948,1.07988,1.06792,1.07755,133531.19
2016-01-15,1.07754,1.08093,1.06041,1.06043,132604.37
2016-01-17,1.06629,1.06629,1.06369,1.06452,8449.63
2016-01-18,1.06448,1.06949,1.06279,1.06543,101245.16
2016-01-19,1.06543,1.08089,1.06468,1.08043,147555.24
2016-01-20,1.08041,1.08401,1.06996,1.07292,177734.29
2016-01-21,1.07285,1.0776,1.06859,1.07224,189177.74
2016-01-22,1.0722,1.0836,1.07142,1.07899,130217.63
2016-01-24,1.07863,1.08281,1.07804,1.08179,8592.06
2016-01-25,1.08174,1.08219,1.07371,1.07717,135527.47
2016-01-26,1.07714,1.08131,1.07524,1.0759,141821.49
2016-01-27,1.07586,1.0933,1.07499,1.09074,164244.65
2016-01-28,1.09079,1.09682,1.09001,1.09316,148922.95
2016-01-29,1.09316,1.09727,1.08985,1.09167,150804.37
2016-01-31,1.09079,1.09341,1.09043,1.0922,7854.48
2016-02-01,1.0922,1.0945,1.08406,1.08564,131494.62
2016-02-02,1.08556,1.09059,1.07684,1.07813,128331.89
2016-02-03,1.07802,1.07924,1.06494,1.07647,146868.54
2016-02-04,1.07647,1.07879,1.06895,1.07037,137235.38
2016-02-05,1.07031,1.07458,1.06501,1.06532,112561.28
2016-02-07,1.0673,1.06944,1.06691,1.06878,10761.02
2016-02-08,1.0688,1.07173,1.06624,1.06903,120874.84
2016-02-09,1.06905,1.06916,1.05893,1.06338,145163.56
2016-02-10,1.0633,1.06865,1.06048,1.06265,153303.51
2016-02-11,1.06261,1.06622,1.05697,1.06138,170014.96
2016-02-12,1.06135,1.07359,1.06007,1.07155,127215.42
2016-02-14,1.07341,1.07369,1.07154,1.07172,8293.68
2016-02-15,1.07172,1.07645,1.07097,1.07453,125223.0
2016-02-16,1.07459,1.08731,1.07324,1.08141,133557.02
2016-02-17,1.08141,1.08339,1.07754,1.08176,129067.66
2016-02-18,1.08171,1.08262,1.07423,1.07673,122648.81
2016-02-19,1.07671,1.07817,1.07222,1.0773,98374.25
2016-02-21,1.07612,1.07824,1.0745,1.0782,6582.07
2016-02-22,1.0782,1.07973,1.07496,1.07727,115239.08
2016-02-23,1.07725,1.08465,1.07725,1.08382,114313.26
2016-02-24,1.0838,1.08737,1.07887,1.07908,120565.18
2016-02-25,1.07911,1.08083,1.07109,1.07216,118560.66
2016-02-26,1.07214,1.07662,1.06705,1.07461,102062.98
2016-02-28,1.08008,1.08156,1.07893,1.08132,9560.69
2016-02-29,1.0813,1.08572,1.07926,1.08131,110886.99
2016-03-01,1.08131,1.08521,1.07635,1.08177,111913.03
2016-03-02,1.08177,1.09738,1.07983,1.09342,123007.89
2016-03-03,1.09344,1.09602,1.09019,1.09393,136718.43
2016-03-04,1.09394,1.09541,1.08936,1.09038,138248.95
2016-03-06,1.09008,1.09195,1.08943,1.09142,11255.15
2016-03-07,1.09142,1.10273,1.08983,1.09917,113657.63
2016-03-08,1.09917,1.10378,1.09561,1.10234,125906.99
2016-03-09,1.10237,1.1265,1.09937,1.1249,143237.29
2016-03-10,1.1249,1.1284,1.11496,1.11577,163228.02
2016-03-11,1.11575,1.12437,1.11445,1.11977,107384.22
2016-03-13,1.12159,1.12288,1.1204,1.12176,14931.55
2016-03-14,1.12176,1.12683,1.11909,1.12486,126956.01
2016-03-15,1.12482,1.13155,1.1212,1.12854,129560.94
2016-03-16,1.12859,1.13169,1.11592,1.11941,137963.35
2016-03-17,1.11937,1.1259,1.11482,1.11838,148145.74
2016-03-18,1.11838,1.1221,1.11575,1.11805,99157.05
2016-03-20,1.11849,1.12141,1.11791,1.12122,14488.27
2016-03-21,1.12122,1.12421,1.11903,1.11947,101758.83
2016-03-22,1.11947,1.12994,1.11895,1.12876,119717.67
2016-03-23,1.12879,1.13332,1.12051,1.12107,114438.29
2016-03-24,1.12109,1.12415,1.11841,1.12358,98722.34
2016-03-25,1.12358,1.12491,1.11963,1.12064,55366.46
2016-03-27,1.12343,1.12446,1.12149,1.12338,5925.44
2016-03-28,1.12338,1.12515,1.1201,1.12083,58808.18
2016-03-29,1.12083,1.1216,1.11057,1.11251,113205.6
2016-03-30,1.11251,1.11433,1.10443,1.10941,124186.08
2016-03-31,1.10943,1.11004,1.10639,1.10836,112598.86
2016-04-01,1.10834,1.11414,1.10753,1.11113,96831.59
2016-04-03,1.11306,1.11386,1.11122,1.11154,5451.87
2016-04-04,1.11154,1.11982,1.10774,1.1157,99216.39
2016-04-05,1.1157,1.12012,1.10689,1.10941,110407.41
2016-04-06,1.10942,1.11437,1.10827,1.11431,102115.1
2016-04-07,1.11424,1.11643,1.10668,1.10807,102553.13
2016-04-08,1.10809,1.11305,1.10701,1.10701,79580.65
2016-04-10,1.10768,1.11047,1.10751,1.10957,4470.89
2016-04-11,1.10961,1.11018,1.10511,1.1071,99446.61
2016-04-12,1.1071,1.11244,1.10525,1.10984,98395.13
2016-04-13,1.10988,1.11031,1.10345,1.10779,101750.44
2016-04-14,1.10785,1.12391,1.10661,1.1209,103122.16
2016-04-15,1.12086,1.12203,1.11254,1.11487,81418.4
2016-04-17,1.11079,1.11831,1.10627,1.10932,12578.25
2016-04-18,1.10933,1.11697,1.10767,1.11281,107964.84
2016-04-19,1.1128,1.1138,1.10719,1.10872,100016.34
2016-04-20,1.10873,1.11897,1.10845,1.11818,107186.29
2016-04-21,1.1182,1.12352,1.11782,1.12135,111297.8
2016-04-22,1.12135,1.12661,1.11953,1.12463,106872.79
2016-04-24,1.1226,1.1246,1.12207,1.12282,6570.69
2016-04-25,1.12282,1.12712,1.12096,1.12302,98434.3
2016-04-26,1.12302,1.12466,1.11986,1.12387,108781.07
2016-04-27,1.12387,1.12528,1.09394,1.09729,141784.57
2016-04-28,1.09733,1.09967,1.09239,1.09616,121307.83
2016-04-29,1.09611,1.09937,1.08794,1.08936,110433.29
2016-05-01,1.08887,1.08982,1.08738,1.08743,5426.89
2016-05-02,1.0874,1.09271,1.08432,1.08941,97824.93
2016-05-03,1.08938,1.09494,1.07893,1.08206,125492.63
2016-05-04,1.08208,1.0891,1.08104,1.08382,109887.34
2016-05-05,1.08382,1.08743,1.08281,1.08549,87896.1
2016-05-06,1.08545,1.08575,1.07364,1.0764,90252.07
2016-05-08,1.07582,1.07872,1.07557,1.07775,4307.87
2016-05-09,1.07783,1.08218,1.07508,1.08049,83424.08
2016-05-10,1.08049,1.09206,1.08047,1.08396,93447.27
2016-05-11,1.08396,1.08453,1.07913,1.07919,83407.47
2016-05-12,1.07917,1.08034,1.07167,1.07299,84860.74
2016-05-13,1.07299,1.0745,1.07057,1.07284,87741.67
2016-05-15,1.07122,1.0752,1.07118,1.07519,4645.26
2016-05-16,1.07519,1.07833,1.07205,1.07395,63067.87
2016-05-17,1.07398,1.08068,1.07306,1.07576,82785.53
2016-05-18,1.07569,1.07665,1.06793,1.06921,99096.38
2016-05-19,1.06924,1.07226,1.0652,1.06956,105644.1
2016-05-20,1.06962,1.07077,1.06632,1.06712,69807.91
2016-05-22,1.06707,1.06824,1.06576,1.06769,3783.64
2016-05-23,1.06766,1.06937,1.06197,1.06909,81585.66
2016-05-24,1.06913,1.07336,1.06311,1.06507,93446.27
2016-05-25,1.06508,1.07188,1.06289,1.07101,89419.02
2016-05-26,1.07101,1.0747,1.0663,1.07016,84454.12
2016-05-27,1.07016,1.07348,1.06974,1.07269,70182.49
2016-05-29,1.07228,1.07293,1.07129,1.0723,5395.5
2016-05-30,1.07227,1.07387,1.07006,1.07242,54750.62
2016-05-31,1.07244,1.07759,1.06467,1.06668,84752.75
2016-06-01,1.06664,1.07392,1.06237,1.06287,99582.56
2016-06-02,1.06287,1.06404,1.05872,1.0608,83874.94
2016-06-03,1.06078,1.06169,1.05261,1.05851,87418.63
2016-06-05,1.05929,1.0605,1.05819,1.05883,6173.52
2016-06-06,1.05883,1.06732,1.05628,1.06623,84323.05
2016-06-07,1.06616,1.07386,1.06441,1.07111,77586.28
2016-06-08,1.07112,1.07149,1.0506,1.05162,85910.54
2016-06-09,1.05161,1.05219,1.04085,1.04156,96000.28
2016-06-10,1.0416,1.04768,1.0416,1.04499,75100.07
2016-06-12,1.04555,1.04632,1.04449,1.04586,5303.26
2016-06-13,1.04588,1.04929,1.04487,1.04797,75660.62
2016-06-14,1.04796,1.05292,1.04609,1.0523,86763.14
2016-06-15,1.05231,1.0547,1.04567,1.04756,87610.39
2016-06-16,1.04756,1.04992,1.04165,1.04643,96827.62
2016-06-17,1.04635,1.04928,1.04518,1.04651,73487.07
2016-06-19,1.05027,1.05076,1.04722,1.04831,8487.9
2016-06-20,1.0483,1.05023,1.04556,1.04836,77408.08
2016-06-21,1.04836,1.05155,1.0448,1.04561,79566.5
2016-06-22,1.04561,1.04925,1.04424,1.0488,78852.15
2016-06-23,1.0488,1.0532,1.04458,1.046,118651.55
2016-06-24,1.04604,1.05118,1.04257,1.04607,170909.83
2016-06-26,1.04812,1.04971,1.04576,1.04751,9058.69
2016-06-27,1.04754,1.05097,1.04474,1.04906,111188.06
2016-06-28,1.04906,1.04982,1.04482,1.0461,87323.62
2016-06-29,1.04612,1.04895,1.04321,1.04842,86887.27
2016-06-30,1.04839,1.04997,1.04203,1.04417,110193.14
2016-07-01,1.04417,1.04685,1.04138,1.04504,73239.67
2016-07-03,1.03902,1.04131,1.03795,1.04071,6018.28
2016-07-04,1.04067,1.04627,1.03971,1.04316,64064.8
2016-07-05,1.04315,1.04622,1.04074,1.04379,94360.21
2016-07-06,1.04379,1.05505,1.04348,1.05383,105109.38
2016-07-07,1.05382,1.05411,1.0338,1.03593,104908.95
2016-07-08,1.03591,1.03785,1.03122,1.03533,90538.42
2016-07-10,1.03577,1.03768,1.03515,1.03581,6767.74
2016-07-11,1.03578,1.04449,1.03515,1.04193,91933.29
2016-07-12,1.04189,1.04714,1.04161,1.0426,90971.67
2016-07-13,1.04261,1.0485,1.04233,1.04587,97785.75
2016-07-14,1.04587,1.06338,1.04352,1.06317,104973.17
2016-07-15,1.06316,1.07013,1.0617,1.06419,97930.87
2016-07-17,1.06265,1.07415,1.06149,1.07278,9694.87
2016-07-18,1.07278,1.07715,1.06624,1.07556,84570.11
2016-07-19,1.07553,1.07607,1.06279,1.06563,93473.68
2016-07-20,1.0656,1.07316,1.06103,1.07205,130262.49
2016-07-21,1.07207,1.07539,1.0691,1.07135,200423.84
2016-07-22,1.07135,1.07266,1.06554,1.06554,141979.48
2016-07-24,1.06645,1.06735,1.06443,1.06662,12600.07
2016-07-25,1.06664,1.07262,1.06622,1.06823,162281.25
2016-07-26,1.0682,1.06978,1.0623,1.06328,195390.25
2016-07-27,1.0633,1.07238,1.05773,1.05937,226993.09
2016-07-28,1.05937,1.0635,1.05687,1.05948,169097.41
2016-07-29,1.05947,1.06261,1.05186,1.05359,206306.57
2016-07-31,1.05282,1.05571,1.05249,1.05517,9745.26
2016-08-01,1.05517,1.05563,1.04857,1.04965,160018.38
2016-08-02,1.04964,1.05471,1.04485,1.05399,211553.46
2016-08-03,1.05399,1.06187,1.05193,1.06047,188613.89
2016-08-04,1.06047,1.06433,1.05885,1.06382,196713.44
2016-08-05,1.0638,1.06799,1.06037,1.06608,166563.77
2016-08-07,1.06714,1.06943,1.06535,1.06904,11770.11
2016-08-08,1.06903,1.07432,1.06794,1.07114,134075.08
2016-08-09,1.07112,1.07427,1.06822,1.06959,152879.59
2016-08-10,1.06959,1.07085,1.05406,1.05825,195693.8
2016-08-11,1.05825,1.06995,1.0551,1.06658,181614.2
2016-08-12,1.06658,1.06854,1.06175,1.06248,147016.76
2016-08-14,1.0647,1.06484,1.06336,1.06442,6155.76
2016-08-15,1.06439,1.06738,1.06256,1.06376,134961.79
2016-08-16,1.06376,1.06525,1.05192,1.05698,170859.17
2016-08-17,1.05698,1.05767,1.05388,1.05483,168215.92
2016-08-18,1.05483,1.0578,1.05169,1.05446,181878.46
2016-08-19,1.05445,1.05471,1.04751,1.04818,142324.98
2016-08-21,1.04826,1.05072,1.04817,1.04923,17562.56
2016-08-22,1.04925,1.05272,1.04235,1.04665,179371.08
2016-08-23,1.04665,1.04695,1.0418,1.04622,172267.23
2016-08-24,1.04624,1.04672,1.04,1.04035,174617.76
2016-08-25,1.04035,1.04422,1.03933,1.04421,145337.38
2016-08-26,1.0442,1.04666,1.04131,1.04458,184075.67
2016-08-28,1.0446,1.04585,1.04372,1.04388,10915.16
2016-08-29,1.04388,1.04571,1.04202,1.04387,180638.27
2016-08-30,1.04387,1.04532,1.0381,1.03882,189149.72
2016-08-31,1.03882,1.03938,1.03495,1.03786,201043.73
2016-09-01,1.03787,1.03997,1.03457,1.0356,224019.0
2016-09-02,1.0356,1.03846,1.03384,1.0375,229326.57
2016-09-04,1.03925,1.03958,1.03707,1.03724,10974.18
2016-09-05,1.0372,1.03891,1.03545,1.03872,172420.36
2016-09-06,1.03874,1.0434,1.0345,1.03601,228404.67
2016-09-07,1.03599,1.03656,1.02631,1.02949,222724.53
2016-09-08,1.02949,1.03698,1.02717,1.03272,245481.8
2016-09-09,1.03272,1.03475,1.02899,1.02939,218649.36
2016-09-11,1.02955,1.03022,1.0282,1.02844,13773.9
2016-09-12,1.02842,1.03036,1.02673,1.02817,252972.1
2016-09-13,1.02817,1.03103,1.0255,1.03039,280352.7
2016-09-14,1.0304,1.03147,1.02363,1.02864,244512.79
2016-09-15,1.02863,1.02944,1.02415,1.02605,268980.25
2016-09-16,1.02604,1.03104,1.02563,1.03012,197800.5
2016-09-18,1.02982,1.0319,1.02809,1.03126,9959.25
2016-09-19,1.03128,1.03394,1.03075,1.03208,178072.45
2016-09-20,1.03207,1.033,1.02669,1.03225,189512.77
2016-09-21,1.03225,1.04042,1.031,1.03919,305693.4
2016-09-22,1.0392,1.04651,1.03692,1.04565,224023.47
2016-09-23,1.04565,1.05426,1.04565,1.05156,213076.16
2016-09-25,1.05062,1.05381,1.05023,1.05258,14154.81
2016-09-26,1.05258,1.05377,1.0485,1.04885,209034.54
2016-09-27,1.04885,1.05216,1.04775,1.05141,228834.58
2016-09-28,1.05141,1.05848,1.05134,1.05625,234476.09
2016-09-29,1.05623,1.05822,1.05165,1.05271,263134.17
2016-09-30,1.05272,1.05389,1.04718,1.05088,211533.32
2016-10-02,1.05093,1.05319,1.05047,1.05223,14782.36
2016-10-03,1.05231,1.0568,1.05192,1.05336,168930.68
2016-10-04,1.05339,1.06078,1.05085,1.05887,253000.92
2016-10-05,1.05889,1.06345,1.0587,1.06255,218796.58
2016-10-06,1.06253,1.06348,1.05741,1.05783,213343.81
2016-10-07,1.05785,1.06378,1.05774,1.05838,274233.8
2016-10-09,1.05922,1.06161,1.05857,1.05947,12920.02
2016-10-10,1.05946,1.06787,1.05924,1.06601,153163.67
2016-10-11,1.06602,1.06997,1.06521,1.06765,223262.05
2016-10-12,1.06764,1.07401,1.06726,1.07197,224470.28
2016-10-13,1.07196,1.07197,1.06569,1.06744,221253.63
2016-10-14,1.06744,1.07642,1.06548,1.07444,184571.98
2016-10-16,1.07429,1.07517,1.07117,1.07154,14563.42
2016-10-17,1.07154,1.07186,1.0621,1.06508,172870.58
2016-10-18,1.06508,1.06915,1.0628,1.06458,176486.41
2016-10-19,1.06455,1.06857,1.06247,1.06826,174534.8
2016-10-20,1.06824,1.06944,1.05906,1.06172,169639.07
2016-10-21,1.06172,1.06644,1.0607,1.06142,136103.65
2016-10-23,1.06156,1.0634,1.06089,1.06232,8488.68
2016-10-24,1.06232,1.06825,1.06165,1.06446,99492.44
2016-10-25,1.06445,1.07018,1.06413,1.06743,91792.97
2016-10-26,1.06743,1.07555,1.06419,1.06955,92024.14
2016-10-27,1.06952,1.06987,1.06467,1.065,90677.28
2016-10-28,1.065,1.06627,1.05976,1.05981,106247.92
2016-10-30,1.06038,1.062,1.0596,1.06026,4845.23
2016-10-31,1.06031,1.06487,1.06012,1.06311,89299.13
2016-11-01,1.06311,1.07032,1.05851,1.06105,128276.24
2016-11-02,1.06102,1.06155,1.0489,1.05055,133132.33
2016-11-03,1.05055,1.05307,1.04633,1.0484,119539.41
2016-11-04,1.0484,1.05146,1.0466,1.04664,115751.88
2016-11-06,1.04474,1.04979,1.04474,1.04867,9437.31
2016-11-07,1.04867,1.0541,1.04749,1.05166,110561.13
2016-11-08,1.05171,1.05257,1.04728,1.05074,115037.74
2016-11-09,1.05073,1.05311,1.0363,1.04933,272179.36
2016-11-10,1.04936,1.06464,1.04846,1.05513,193077.3
2016-11-11,1.05509,1.06057,1.05052,1.05852,199843.06
2016-11-13,1.05617,1.06347,1.05596,1.06139,10289.4
2016-11-14,1.06139,1.06582,1.05999,1.0616,180422.98
2016-11-15,1.06161,1.06544,1.05984,1.06503,165391.21
2016-11-16,1.06506,1.06551,1.05569,1.05588,163071.07
2016-11-17,1.0558,1.05791,1.05185,1.05371,144943.8
2016-11-18,1.05371,1.05449,1.04461,1.04601,152411.43
2016-11-20,1.04831,1.04876,1.04448,1.04656,10245.69
2016-11-21,1.04655,1.04787,1.04117,1.04203,141504.32
2016-11-22,1.04203,1.04921,1.04186,1.04788,125969.43
2016-11-23,1.04786,1.05611,1.04694,1.05345,138886.09
2016-11-24,1.05346,1.05957,1.05301,1.05798,106640.03
2016-11-25,1.05798,1.06107,1.05373,1.05559,138362.05
2016-11-27,1.05604,1.05739,1.05486,1.05599,5335.91
2016-11-28,1.05594,1.05932,1.05334,1.05772,151868.09
2016-11-29,1.05775,1.05859,1.04795,1.04882,149675.33
2016-11-30,1.04882,1.04914,1.04121,1.04377,150240.64
2016-12-01,1.04377,1.04898,1.04167,1.04576,150755.36
2016-12-02,1.04576,1.04736,1.04234,1.04354,129925.35
2016-12-04,1.04552,1.05066,1.04084,1.04919,16894.51
2016-12-05,1.04919,1.0517,1.04538,1.0463,153449.69
2016-12-06,1.0463,1.04921,1.04162,1.04891,124219.33
2016-12-07,1.04891,1.04958,1.04183,1.04197,114327.63
2016-12-08,1.04195,1.04285,1.03765,1.03854,152145.85
2016-12-09,1.03854,1.04433,1.03819,1.04358,122942.95
2016-12-11,1.04445,1.04613,1.04275,1.04515,7429.65
2016-12-12,1.04515,1.04587,1.0405,1.04138,131641.06
2016-12-13,1.0414,1.04261,1.03834,1.04067,137162.48
2016-12-14,1.04066,1.04208,1.03746,1.04095,167448.66
2016-12-15,1.04097,1.04721,1.04037,1.04505,200915.44
2016-12-16,1.04504,1.04938,1.04391,1.04912,150808.07
2016-12-18,1.0449,1.04743,1.04456,1.04708,10745.78
2016-12-19,1.0471,1.04732,1.04382,1.04644,147944.41
2016-12-20,1.04644,1.05011,1.04606,1.04943,129362.86
2016-12-21,1.0494,1.05026,1.04564,1.04805,117930.76
2016-12-22,1.04805,1.04999,1.04343,1.04568,124322.26
2016-12-23,1.04568,1.04626,1.04181,1.04244,85107.43
2016-12-25,1.04146,1.04378,1.04059,1.04215,3781.25
2016-12-26,1.04215,1.04454,1.03761,1.04291,41566.27
2016-12-27,1.04291,1.04416,1.04183,1.04247,78064.85
2016-12-28,1.04243,1.0435,1.03592,1.03713,95400.0
2016-12-29,1.03713,1.04009,1.03559,1.03823,106552.03
2016-12-30,1.03823,1.04003,1.03721,1.03864,131869.09
2017-01-01,1.0369,1.03843,1.03565,1.03843,256.29
2017-01-02,1.03842,1.03979,1.03339,1.03822,71254.23
2017-01-03,1.03822,1.04623,1.03548,1.04455,122500.83
2017-01-04,1.04455,1.04874,1.04395,1.04589,150122.27
2017-01-05,1.04591,1.04778,1.04241,1.04508,178985.98
2017-01-06,1.04508,1.04899,1.04249,1.04784,150944.95
2017-01-08,1.04699,1.04933,1.04669,1.04931,5298.83
2017-01-09,1.04931,1.05177,1.04722,1.04873,137242.59
2017-01-10,1.0487,1.05497,1.04636,1.05379,155755.69
2017-01-11,1.0538,1.0571,1.0528,1.05388,197474.46
2017-01-12,1.05388,1.05588,1.05046,1.05285,183236.13
2017-01-13,1.05285,1.05442,1.05046,1.05139,169912.15
2017-01-15,1.0525,1.05307,1.04985,1.05177,9089.28
2017-01-16,1.05183,1.05442,1.05159,1.05241,126559.26
2017-01-17,1.05242,1.05275,1.04744,1.04826,183784.91
2017-01-18,1.04825,1.05384,1.04648,1.05333,164167.84
2017-01-19,1.05333,1.05438,1.05021,1.05172,190709.82
2017-01-20,1.05167,1.05541,1.04931,1.05354,187057.57
2017-01-22,1.05431,1.0549,1.05247,1.05332,6076.49
2017-01-23,1.05332,1.05369,1.04543,1.04785,163259.75
2017-01-24,1.04785,1.04918,1.04402,1.0467,150863.99
2017-01-25,1.04671,1.04701,1.036,1.03743,176620.13
2017-01-26,1.03745,1.04257,1.03732,1.03963,161146.04
2017-01-27,1.03959,1.04069,1.03691,1.03867,146796.09
2017-01-29,1.03899,1.03959,1.03764,1.03857,5416.75
2017-01-30,1.03858,1.04162,1.03595,1.03706,130329.42
2017-01-31,1.03706,1.04085,1.03255,1.03898,156025.48
2017-02-01,1.03898,1.04653,1.03831,1.04475,148808.81
2017-02-02,1.04483,1.05183,1.04311,1.05052,157520.65
2017-02-03,1.05049,1.05294,1.04852,1.04948,154559.06
2017-02-05,1.05036,1.05093,1.04827,1.04921,4673.39
2017-02-06,1.04921,1.05029,1.04473,1.04473,128776.28
2017-02-07,1.04473,1.04586,1.03792,1.04433,148804.06
2017-02-08,1.04432,1.05511,1.04279,1.05498,145584.99
2017-02-09,1.055,1.06304,1.05403,1.06026,139262.63
2017-02-10,1.06027,1.06741,1.05938,1.06515,132131.1
2017-02-12,1.06606,1.06694,1.06384,1.0665,6749.59
2017-02-13,1.0665,1.0678,1.06318,1.06426,121624.06
2017-02-14,1.06423,1.0706,1.06362,1.06919,147601.65
2017-02-15,1.0692,1.07073,1.06684,1.069,142383.21
2017-02-16,1.06902,1.06948,1.06347,1.06678,162615.44
2017-02-17,1.06677,1.07086,1.06491,1.0671,131408.96
2017-02-19,1.06578,1.06834,1.06571,1.06762,4970.72
2017-02-20,1.06763,1.07172,1.06716,1.07168,89674.66
2017-02-21,1.07168,1.07377,1.07023,1.07156,114729.88
2017-02-22,1.07153,1.07484,1.0704,1.07169,118223.95
2017-02-23,1.07169,1.07216,1.06584,1.06664,132054.32
2017-02-24,1.06664,1.06882,1.0642,1.06539,113385.98
2017-02-26,1.06632,1.06671,1.06561,1.06659,5775.61
2017-02-27,1.06659,1.06919,1.06458,1.06852,109780.79
2017-02-28,1.06851,1.0698,1.06167,1.06549,130681.99
2017-03-01,1.06551,1.0766,1.06502,1.07608,160962.22
2017-03-02,1.07606,1.07653,1.06986,1.07245,130192.6
2017-03-03,1.07242,1.07947,1.07132,1.07766,135355.37
2017-03-05,1.07987,1.08054,1.07867,1.079,6899.38
2017-03-06,1.079,1.08524,1.07788,1.08511,116670.92
2017-03-07,1.08511,1.09155,1.08406,1.09053,123990.46
2017-03-08,1.09053,1.09265,1.08753,1.0883,128371.81
2017-03-09,1.0883,1.09078,1.08597,1.08859,138477.93
2017-03-10,1.08859,1.09002,1.08609,1.08919,123177.17
2017-03-12,1.08696,1.08964,1.08679,1.08942,6901.62
2017-03-13,1.08942,1.09488,1.08864,1.09354,114086.86
2017-03-14,1.09355,1.09414,1.09075,1.09184,117939.35
2017-03-15,1.09184,1.09986,1.09062,1.09671,143789.55
2017-03-16,1.09671,1.10195,1.09306,1.09865,153612.87
2017-03-17,1.09859,1.10025,1.09547,1.09718,114811.3
2017-03-19,1.09515,1.09786,1.09482,1.09658,7084.73
2017-03-20,1.09656,1.09795,1.09486,1.0964,107741.85
2017-03-21,1.0964,1.09709,1.08961,1.08966,140817.0
2017-03-22,1.08966,1.091,1.08577,1.08923,141199.37
2017-03-23,1.08924,1.0896,1.08235,1.08612,124080.32
2017-03-24,1.08611,1.08878,1.08298,1.08417,108191.92
2017-03-26,1.08514,1.08582,1.08308,1.08338,8984.62
2017-03-27,1.08338,1.08369,1.07923,1.08245,114305.25
2017-03-28,1.08245,1.09251,1.08113,1.09206,107458.84
2017-03-29,1.0921,1.09227,1.08838,1.09041,96368.44
2017-03-30,1.09041,1.09444,1.09002,1.09259,106189.95
2017-03-31,1.09259,1.09658,1.08811,1.08827,105798.69
2017-04-02,1.08769,1.09042,1.08755,1.08936,5761.4
2017-04-03,1.08935,1.08956,1.08333,1.08377,105775.08
2017-04-04,1.08377,1.08783,1.08112,1.08482,114570.67
2017-04-05,1.0848,1.08987,1.08398,1.08465,119755.9
2017-04-06,1.08466,1.08483,1.08081,1.0814,120068.03
2017-04-07,1.08139,1.08254,1.07616,1.08114,131550.58
2017-04-09,1.07985,1.08187,1.07979,1.0815,8314.39
2017-04-10,1.08148,1.08336,1.07628,1.07782,106300.68
2017-04-11,1.07782,1.08183,1.07646,1.07828,116963.46
2017-04-12,1.07823,1.08271,1.07696,1.07805,134083.89
2017-04-13,1.07806,1.08472,1.07712,1.08156,123541.58
2017-04-14,1.08158,1.0834,1.07994,1.07994,55701.43
2017-04-16,1.08146,1.08259,1.08048,1.08064,8012.62
2017-04-17,1.08065,1.0834,1.07865,1.0825,75967.05
2017-04-18,1.0825,1.08324,1.07182,1.0728,118528.54
2017-04-19,1.0728,1.07344,1.06424,1.06487,109256.81
2017-04-20,1.06487,1.07651,1.06461,1.07562,109606.89
2017-04-21,1.07562,1.07701,1.0718,1.07214,82554.22
2017-04-23,1.07617,1.07619,1.0725,1.07305,11609.77
2017-04-24,1.07305,1.07941,1.07259,1.07784,97091.78
2017-04-25,1.07784,1.08529,1.07771,1.08435,113789.52
2017-04-26,1.08435,1.0873,1.08219,1.08337,136912.92
2017-04-27,1.08337,1.08755,1.0819,1.08511,122226.8
2017-04-28,1.08511,1.09147,1.08463,1.08997,104242.35
2017-04-30,1.08734,1.09092,1.0871,1.08859,10799.76
2017-05-01,1.08861,1.09351,1.08802,1.08804,84612.33
2017-05-02,1.08804,1.09123,1.08177,1.08335,98539.18
2017-05-03,1.08335,1.08499,1.07742,1.07877,110525.2
2017-05-04,1.07877,1.08013,1.07584,1.07812,116434.66
2017-05-05,1.07813,1.07835,1.07011,1.07096,111085.74
2017-05-07,1.07322,1.07464,1.07194,1.07455,7949.22
2017-05-08,1.07455,1.07469,1.06674,1.06754,107039.1
2017-05-09,1.06755,1.0687,1.06396,1.06466,122274.57
2017-05-10,1.06464,1.07765,1.061,1.07701,130966.33
2017-05-11,1.07701,1.07867,1.07294,1.07799,119436.39
2017-05-12,1.07799,1.08054,1.07608,1.07608,108172.42
2017-05-14,1.07719,1.07816,1.07512,1.07676,11512.48
2017-05-15,1.07674,1.07863,1.07539,1.07689,95955.69
2017-05-16,1.07689,1.07995,1.07448,1.07709,116284.43
2017-05-17,1.07708,1.07733,1.06963,1.0708,135054.9
2017-05-18,1.07077,1.07721,1.06919,1.07645,148158.05
2017-05-19,1.07637,1.08199,1.07463,1.07608,104594.64
2017-05-21,1.07566,1.07646,1.0736,1.07476,6694.69
2017-05-22,1.07475,1.07543,1.06634,1.06639,93863.25
2017-05-23,1.06634,1.06928,1.06444,1.06601,117345.53
2017-05-24,1.066,1.06629,1.06237,1.06416,124739.07
2017-05-25,1.06417,1.06664,1.05885,1.06217,111575.07
2017-05-26,1.06217,1.06217,1.05258,1.05336,110483.64
2017-05-28,1.05276,1.05599,1.05253,1.05552,5895.52
2017-05-29,1.05553,1.05707,1.04895,1.05498,73397.32
2017-05-30,1.05498,1.05596,1.05062,1.05259,101285.05
2017-05-31,1.05261,1.05382,1.04647,1.0484,109648.72
2017-06-01,1.0484,1.05146,1.04346,1.04511,112507.08
2017-06-02,1.04512,1.04533,1.03908,1.04094,108552.52
2017-06-04,1.04008,1.04201,1.04008,1.04085,10051.3
2017-06-05,1.04087,1.0505,1.03973,1.05005,89051.69
2017-06-06,1.05006,1.05014,1.04195,1.04616,114469.55
2017-06-07,1.0461,1.05161,1.04327,1.0488,114605.21
2017-06-08,1.0488,1.04884,1.04402,1.04574,121299.88
2017-06-09,1.04574,1.04654,1.04324,1.04329,95476.27
2017-06-11,1.04388,1.04522,1.04386,1.04451,7630.62
2017-06-12,1.04451,1.04978,1.04404,1.04756,112620.59
2017-06-13,1.04754,1.04823,1.04297,1.04581,107155.48
2017-06-14,1.04581,1.04821,1.04135,1.04744,139988.54
2017-06-15,1.04746,1.05501,1.04522,1.05309,132642.64
2017-06-16,1.05309,1.05378,1.04989,1.05004,103630.48
2017-06-18,1.05014,1.05107,1.04884,1.04892,7056.22
2017-06-19,1.04893,1.05208,1.04466,1.0505,99400.93
2017-06-20,1.0505,1.05152,1.04571,1.04652,105632.05
2017-06-21,1.04653,1.04801,1.03795,1.04172,106219.22
2017-06-22,1.04174,1.04309,1.03696,1.03843,94053.56
2017-06-23,1.03843,1.04054,1.038,1.03848,79493.23
2017-06-25,1.03777,1.03945,1.03777,1.03939,6314.45
2017-06-26,1.03939,1.04239,1.03835,1.04122,95272.73
2017-06-27,1.04123,1.04438,1.03754,1.04394,111551.78
2017-06-28,1.04394,1.04666,1.04206,1.0456,123138.32
2017-06-29,1.04559,1.05342,1.04416,1.05141,129158.93
2017-06-30,1.05141,1.05253,1.04693,1.04772,115856.74
2017-07-02,1.04784,1.04931,1.04699,1.04816,8132.64
2017-07-03,1.04815,1.05204,1.04585,1.05168,104507.24
2017-07-04,1.05167,1.05514,1.04172,1.04398,104618.54
2017-07-05,1.04399,1.04778,1.04243,1.04361,107180.2
2017-07-06,1.04364,1.04711,1.04042,1.0405,103653.12
2017-07-07,1.0405,1.04623,1.03956,1.04391,99793.59
2017-07-09,1.04308,1.04544,1.04275,1.04477,8467.99
2017-07-10,1.04482,1.04927,1.04316,1.04872,83386.32
2017-07-11,1.04864,1.05843,1.04792,1.05775,103221.1
2017-07-12,1.05775,1.05954,1.0554,1.0583,113051.83
2017-07-13,1.0583,1.05888,1.0493,1.05701,115860.38
2017-07-14,1.05703,1.06662,1.05619,1.06521,105749.1
2017-07-16,1.06527,1.06583,1.06314,1.06352,11216.66
2017-07-17,1.06352,1.07293,1.06332,1.07017,134504.8
2017-07-18,1.07017,1.07997,1.06979,1.07673,157485.04
2017-07-19,1.07675,1.08163,1.07447,1.08087,125988.71
2017-07-20,1.08087,1.08447,1.07336,1.07378,154823.71
2017-07-21,1.07379,1.07412,1.06086,1.06117,132230.58
2017-07-23,1.06053,1.06449,1.06049,1.06317,9173.19
2017-07-24,1.06316,1.07029,1.06261,1.06541,133901.75
2017-07-25,1.0654,1.0713,1.06455,1.0688,132266.58
2017-07-26,1.0688,1.06927,1.06223,1.06289,153806.69
2017-07-27,1.06293,1.06806,1.06221,1.06276,151231.34
2017-07-28,1.06274,1.0669,1.06147,1.06198,124200.1
2017-07-30,1.06215,1.06403,1.06152,1.06165,8748.7
2017-07-31,1.0617,1.06614,1.05904,1.06589,119594.09
2017-08-01,1.06589,1.07271,1.06523,1.07138,136670.2
2017-08-02,1.07134,1.07458,1.06977,1.07366,121370.52
2017-08-03,1.07361,1.07377,1.06743,1.06873,124808.57
2017-08-04,1.06872,1.07277,1.06682,1.06875,124165.57
2017-08-06,1.06924,1.07116,1.06901,1.07036,11968.28
2017-08-07,1.07036,1.07602,1.06989,1.07579,105439.28
2017-08-08,1.07579,1.08044,1.07532,1.07776,116125.32
2017-08-09,1.07772,1.07854,1.06963,1.07294,135437.95
2017-08-10,1.07294,1.08611,1.07292,1.08174,146315.85
2017-08-11,1.08169,1.08254,1.07738,1.07762,147658.02
2017-08-13,1.07906,1.08066,1.07665,1.08049,14424.34
2017-08-14,1.08048,1.08201,1.07642,1.07651,180397.93
2017-08-15,1.0765,1.08213,1.07473,1.08174,184012.57
2017-08-16,1.0817,1.08667,1.08152,1.08418,187192.46
2017-08-17,1.08418,1.08779,1.08095,1.08141,192864.81
2017-08-18,1.08141,1.08481,1.08025,1.0843,148284.73
2017-08-20,1.08307,1.08504,1.08307,1.08425,10656.51
2017-08-21,1.08425,1.08446,1.08215,1.08313,153347.33
2017-08-22,1.08309,1.08725,1.08304,1.08657,154844.23
2017-08-23,1.08657,1.09579,1.08613,1.09335,180985.7
2017-08-24,1.09335,1.09721,1.09232,1.09594,175698.57
2017-08-25,1.09589,1.09721,1.0939,1.09508,177667.23
2017-08-27,1.09413,1.09648,1.09374,1.0949,11878.35
2017-08-28,1.09489,1.09826,1.09283,1.09402,176410.6
2017-08-29,1.09405,1.09806,1.09276,1.09613,207687.63
2017-08-30,1.09613,1.10161,1.09541,1.09736,200123.87
2017-08-31,1.09735,1.10792,1.09722,1.10623,212767.22
2017-09-01,1.10618,1.11408,1.10539,1.11238,185611.17
2017-09-03,1.11081,1.11197,1.10981,1.11142,16390.73
2017-09-04,1.11135,1.11167,1.10764,1.10941,159244.48
2017-09-05,1.10947,1.11301,1.10258,1.10316,209807.32
2017-09-06,1.10312,1.11245,1.10244,1.11175,204905.26
2017-09-07,1.11174,1.11436,1.10692,1.11141,206786.95
2017-09-08,1.11143,1.11171,1.10567,1.10891,212106.11
2017-09-10,1.109,1.11218,1.10861,1.11209,10508.77
2017-09-11,1.11209,1.11345,1.10424,1.10602,181824.63
2017-09-12,1.10602,1.11067,1.09785,1.10144,186863.76
2017-09-13,1.10144,1.10456,1.09964,1.10058,193198.58
2017-09-14,1.10058,1.10914,1.09929,1.10683,211944.19
2017-09-15,1.10682,1.10775,1.09526,1.09693,169460.52
2017-09-17,1.09848,1.0987,1.09573,1.09686,9798.13
2017-09-18,1.09686,1.09825,1.09378,1.09725,172597.48
2017-09-19,1.09723,1.09881,1.09334,1.09453,176069.89
2017-09-20,1.09457,1.09774,1.08898,1.09289,203267.86
2017-09-21,1.09289,1.09332,1.08236,1.08659,199025.68
2017-09-22,1.08659,1.08958,1.08402,1.08416,166389.92
2017-09-24,1.0885,1.09251,1.08533,1.09213,11976.5
2017-09-25,1.09214,1.09714,1.09051,1.09116,163963.03
2017-09-26,1.09115,1.0978,1.0911,1.09355,186863.7
2017-09-27,1.09354,1.09536,1.08676,1.08734,205777.82
2017-09-28,1.08733,1.08871,1.08411,1.08668,188848.12
2017-09-29,1.08668,1.08795,1.08299,1.08589,142937.53
2017-10-01,1.08591,1.08817,1.08536,1.0863,8924.18
2017-10-02,1.08629,1.08897,1.08532,1.08829,155183.55
2017-10-03,1.08829,1.09571,1.0875,1.09396,161365.83
2017-10-04,1.09396,1.09927,1.0919,1.09824,156301.35
2017-10-05,1.09829,1.09908,1.09219,1.09523,150870.28
2017-10-06,1.09525,1.09717,1.09098,1.0962,162037.3
2017-10-08,1.09967,1.10132,1.09891,1.10011,9769.19
2017-10-09,1.10011,1.10038,1.09455,1.09801,128552.62
2017-10-10,1.09801,1.1022,1.09739,1.1008,164307.89
2017-10-11,1.10081,1.10236,1.09824,1.09928,160441.97
2017-10-12,1.09932,1.10121,1.09581,1.09781,163612.55
2017-10-13,1.09781,1.10044,1.09548,1.0998,152680.9
2017-10-15,1.09839,1.1,1.09744,1.09869,6996.82
2017-10-16,1.09869,1.09872,1.08846,1.09179,147768.11
2017-10-17,1.09179,1.09579,1.09064,1.09377,150871.04
2017-10-18,1.09377,1.09917,1.09377,1.09591,154992.37
2017-10-19,1.09591,1.12241,1.09515,1.11995,173074.65
2017-10-20,1.11994,1.12536,1.11983,1.12215,153390.85
2017-10-22,1.1246,1.12532,1.12399,1.12473,9722.05
2017-10-23,1.1247,1.12572,1.1182,1.11858,135662.2
2017-10-24,1.11856,1.12903,1.11659,1.12621,155617.55
2017-10-25,1.1262,1.12666,1.11746,1.11885,171636.84
2017-10-26,1.11883,1.12381,1.11693,1.11996,157954.2
2017-10-27,1.11999,1.12037,1.11408,1.11593,165146.69
2017-10-29,1.11494,1.11857,1.11351,1.11718,7944.21
2017-10-30,1.1172,1.12292,1.11648,1.11842,139294.07
2017-10-31,1.11841,1.12223,1.10762,1.10937,165737.75
2017-11-01,1.10939,1.11496,1.10815,1.1139,161071.54
2017-11-02,1.11388,1.11704,1.11181,1.1158,144470.5
2017-11-03,1.1158,1.11587,1.10479,1.10715,135100.36
2017-11-05,1.10627,1.10756,1.10626,1.10726,7213.08
2017-11-06,1.10725,1.11262,1.10523,1.10744,143752.61
2017-11-07,1.10744,1.10953,1.10541,1.10752,147741.02
2017-11-08,1.10751,1.10965,1.101,1.10375,144956.41
2017-11-09,1.10375,1.10764,1.10151,1.10629,172645.46
2017-11-10,1.10627,1.10944,1.10342,1.10447,138172.26
2017-11-12,1.10389,1.10584,1.10383,1.10414,8303.42
2017-11-13,1.10414,1.10752,1.10345,1.10401,129643.18
2017-11-14,1.104,1.1139,1.10384,1.10918,149888.45
2017-11-15,1.10923,1.11012,1.09888,1.10414,160948.66
2017-11-16,1.10413,1.10973,1.10184,1.10654,138234.93
2017-11-17,1.10655,1.11295,1.10424,1.10927,140778.12
2017-11-19,1.11147,1.11161,1.10911,1.11061,12167.94
2017-11-20,1.11061,1.11162,1.10566,1.10904,138163.25
2017-11-21,1.10904,1.11157,1.10653,1.10774,145704.16
2017-11-22,1.10774,1.10866,1.1053,1.10769,145829.46
2017-11-23,1.1077,1.10837,1.10512,1.10668,114914.12
2017-11-24,1.1067,1.10892,1.10466,1.10499,112118.95
2017-11-26,1.10635,1.10806,1.10635,1.10741,7858.56
2017-11-27,1.10741,1.10876,1.098,1.09916,149092.07
2017-11-28,1.09914,1.10238,1.09603,1.10223,176397.36
2017-11-29,1.10223,1.10347,1.09477,1.09907,191999.79
2017-11-30,1.0992,1.10937,1.0992,1.10708,208888.22
2017-12-01,1.10707,1.1092,1.10355,1.10415,205544.26
2017-12-03,1.10596,1.1072,1.10532,1.10704,10070.43
2017-12-04,1.10708,1.11042,1.10565,1.10727,191506.07
2017-12-05,1.10728,1.11131,1.10481,1.10613,191714.06
2017-12-06,1.10613,1.10886,1.09649,1.09874,189980.94
2017-12-07,1.09873,1.10161,1.09571,1.10022,184561.25
2017-12-08,1.10016,1.10024,1.09507,1.09819,157871.5
2017-12-10,1.09708,1.09849,1.09683,1.09713,6991.68
2017-12-11,1.09713,1.09733,1.08631,1.08975,158024.08
2017-12-12,1.08973,1.09132,1.08595,1.08917,165799.58
2017-12-13,1.0891,1.09115,1.08645,1.087,167475.39
2017-12-14,1.08697,1.09841,1.08651,1.0967,185409.53
2017-12-15,1.0967,1.09771,1.09094,1.0931,164830.11
2017-12-17,1.0919,1.09331,1.09175,1.09262,6778.25
2017-12-18,1.09262,1.09638,1.09086,1.09574,159842.78
2017-12-19,1.09571,1.09948,1.09257,1.09776,160283.33
2017-12-20,1.09777,1.10116,1.09226,1.09338,159821.6
2017-12-21,1.09338,1.09924,1.09292,1.09868,153022.44
2017-12-22,1.09867,1.10153,1.0975,1.09792,123975.53
2017-12-24,1.09696,1.09801,1.09695,1.09792,388.05
2017-12-25,1.09792,1.09963,1.0969,1.09904,5509.42
2017-12-26,1.09904,1.10027,1.09666,1.09935,98426.43
2017-12-27,1.09937,1.1007,1.09774,1.09962,133899.97
2017-12-28,1.09967,1.10084,1.09859,1.09863,126547.23
2017-12-29,1.09859,1.10151,1.0968,1.09718,123585.01
2018-01-01,1.09819,1.10238,1.09471,1.10034,6515.31
2018-01-02,1.10036,1.10334,1.09911,1.10306,152907.88
2018-01-03,1.10306,1.10531,1.10104,1.10429,169795.61
2018-01-04,1.10429,1.10504,1.0979,1.09885,164198.28
2018-01-05,1.09884,1.09906,1.09449,1.09639,146749.84
2018-01-07,1.09705,1.09777,1.09583,1.09583,9381.1
2018-01-08,1.09581,1.09695,1.09109,1.09339,145056.93
2018-01-09,1.09338,1.09595,1.08879,1.09318,176424.04
2018-01-10,1.09318,1.09359,1.08698,1.08888,199224.5
2018-01-11,1.08888,1.09547,1.08508,1.08587,191507.04
2018-01-12,1.08587,1.0914,1.08395,1.09095,179506.13
2018-01-14,1.09111,1.09294,1.09046,1.09098,7066.7
2018-01-15,1.09099,1.09412,1.08969,1.09106,172284.21
2018-01-16,1.09101,1.09696,1.09016,1.09683,172233.31
2018-01-17,1.09683,1.10016,1.09392,1.09606,209897.41
2018-01-18,1.09603,1.09854,1.09218,1.09738,199289.2
2018-01-19,1.09738,1.10005,1.09673,1.09764,196324.89
2018-01-21,1.09757,1.09926,1.09731,1.09795,8135.62
2018-01-22,1.09792,1.09849,1.09347,1.09402,157422.57
2018-01-23,1.09401,1.09449,1.08557,1.08726,187269.23
2018-01-24,1.08726,1.09966,1.08606,1.09702,204805.39
2018-01-25,1.09703,1.09942,1.09342,1.09828,242094.27
2018-01-26,1.09824,1.10382,1.09624,1.10147,212645.55
2018-01-28,1.10306,1.10374,1.10173,1.10217,6470.91
2018-01-29,1.10217,1.10723,1.10195,1.10525,197819.73
2018-01-30,1.10522,1.10577,1.10092,1.10345,203679.28
2018-01-31,1.10345,1.1035,1.09191,1.0929,233018.7
2018-02-01,1.0929,1.09417,1.08492,1.08645,224647.85
2018-02-02,1.08645,1.08766,1.08428,1.08464,218117.29
2018-02-04,1.0853,1.08604,1.08395,1.08552,10277.03
2018-02-05,1.08552,1.08807,1.08222,1.08389,222158.96
2018-02-06,1.08391,1.08446,1.07446,1.07673,283335.97
2018-02-07,1.07676,1.08474,1.07472,1.08111,211597.19
2018-02-08,1.08111,1.08932,1.07568,1.07771,234441.01
2018-02-09,1.07772,1.08067,1.07468,1.07672,219782.14
2018-02-11,1.07876,1.07933,1.07749,1.0791,7501.93
2018-02-12,1.0791,1.08316,1.07693,1.08192,181352.63
2018-02-13,1.08192,1.08393,1.07612,1.07947,189879.13
2018-02-14,1.07945,1.08073,1.07145,1.07514,232740.93
2018-02-15,1.07514,1.07697,1.07041,1.07369,216584.86
2018-02-16,1.07368,1.07578,1.06983,1.06985,189432.79
2018-02-18,1.07158,1.07168,1.07017,1.07061,4282.11
2018-02-19,1.07062,1.07446,1.07038,1.074,133854.66
2018-02-20,1.07399,1.07697,1.07115,1.07352,195311.56
2018-02-21,1.07352,1.07535,1.06554,1.06585,198804.83
2018-02-22,1.06585,1.07082,1.0654,1.07049,188318.24
2018-02-23,1.07049,1.0753,1.0691,1.07467,169273.77
2018-02-25,1.07433,1.07697,1.07433,1.07644,8709.97
2018-02-26,1.07645,1.07692,1.07147,1.0766,166052.35
2018-02-27,1.0766,1.07853,1.07584,1.07699,192766.48
2018-02-28,1.07694,1.0826,1.07556,1.07714,193277.16
2018-03-01,1.07717,1.07754,1.06809,1.06917,236475.51
2018-03-02,1.06917,1.07344,1.06603,1.07145,230560.11
2018-03-04,1.07173,1.07276,1.07078,1.07247,7984.87
2018-03-05,1.0724,1.07493,1.07045,1.07476,204791.05
2018-03-06,1.07476,1.07655,1.06784,1.0691,229072.09
2018-03-07,1.06908,1.07446,1.06665,1.07391,230678.99
2018-03-08,1.07389,1.07585,1.07132,1.07308,226518.94
2018-03-09,1.07308,1.0774,1.07037,1.07652,214945.14
2018-03-11,1.07509,1.07691,1.07477,1.07563,10856.75
2018-03-12,1.07561,1.08014,1.07402,1.07823,208007.51
2018-03-13,1.07828,1.07934,1.07053,1.07206,226750.38
2018-03-14,1.07203,1.07831,1.07056,1.07763,225382.3
2018-03-15,1.07763,1.07773,1.07064,1.07136,217384.22
2018-03-16,1.07134,1.07601,1.06794,1.06812,208587.4
2018-03-18,1.06884,1.06907,1.06757,1.06761,10178.08
2018-03-19,1.06762,1.06916,1.06356,1.06417,213315.91
2018-03-20,1.06418,1.0715,1.06396,1.07101,176582.39
2018-03-21,1.07102,1.0755,1.07054,1.07533,172478.17
2018-03-22,1.0753,1.07618,1.06502,1.06637,190143.91
2018-03-23,1.06638,1.06908,1.06278,1.06306,164727.95
2018-03-25,1.06443,1.06487,1.06257,1.06465,5942.21
2018-03-26,1.06463,1.06524,1.05844,1.06192,132481.6
2018-03-27,1.06192,1.06265,1.05554,1.05736,153126.98
2018-03-28,1.05738,1.06361,1.05599,1.06224,169485.05
2018-03-29,1.06226,1.06685,1.06047,1.06295,136543.15
2018-03-30,1.06296,1.0646,1.05868,1.05868,125648.63
2018-04-01,1.06099,1.06239,1.06071,1.06199,4753.64
2018-04-02,1.06201,1.06374,1.0602,1.06237,103307.24
2018-04-03,1.06237,1.06559,1.05675,1.05762,146606.89
2018-04-04,1.05762,1.05957,1.0526,1.05486,148862.1
2018-04-05,1.05484,1.05758,1.05246,1.05595,127228.38
2018-04-06,1.05594,1.06077,1.05415,1.05509,157793.85
2018-04-08,1.05447,1.05585,1.05374,1.05557,6238.23
2018-04-09,1.05556,1.05613,1.05038,1.05368,142200.23
2018-04-10,1.05368,1.05572,1.05129,1.05337,155877.36
2018-04-11,1.05337,1.05553,1.05108,1.05343,144378.62
2018-04-12,1.05345,1.05371,1.04876,1.05129,139132.16
2018-04-13,1.05128,1.05825,1.05123,1.05529,124222.51
2018-04-15,1.05579,1.05802,1.05521,1.05774,6819.45
2018-04-16,1.05777,1.05915,1.05507,1.05545,113978.5
2018-04-17,1.05545,1.06008,1.05519,1.05816,115916.9
2018-04-18,1.05816,1.06437,1.05793,1.06329,123480.94
2018-04-19,1.06329,1.06722,1.06154,1.06399,153701.63
2018-04-20,1.06399,1.06615,1.06194,1.06324,138585.91
2018-04-22,1.06152,1.06413,1.06137,1.06336,9849.57
2018-04-23,1.06337,1.06612,1.06242,1.06323,135568.01
2018-04-24,1.06323,1.06959,1.06305,1.06866,152284.98
2018-04-25,1.06866,1.07136,1.06692,1.06979,148792.25
2018-04-26,1.0698,1.0728,1.06836,1.06941,163156.82
2018-04-27,1.06943,1.07177,1.06798,1.06956,144414.67
2018-04-29,1.06948,1.07028,1.06908,1.06928,5718.57
2018-04-30,1.06928,1.07144,1.06818,1.07016,131038.95
2018-05-01,1.07016,1.07202,1.06578,1.06869,143586.92
2018-05-02,1.0687,1.0725,1.06798,1.07037,173849.53
2018-05-03,1.07036,1.07302,1.06742,1.06947,176573.82
2018-05-04,1.06947,1.07555,1.06918,1.07343,134452.21
2018-05-06,1.07369,1.07418,1.07166,1.07176,5304.2
2018-05-07,1.07177,1.0723,1.06968,1.07054,132556.08
2018-05-08,1.07054,1.07126,1.06778,1.0687,161937.36
2018-05-09,1.06871,1.07641,1.06574,1.07584,157776.38
2018-05-10,1.07584,1.08242,1.075,1.08067,186340.07
2018-05-11,1.0807,1.08422,1.0802,1.08216,143341.64
2018-05-13,1.0817,1.08427,1.08145,1.08345,7565.52
2018-05-14,1.08345,1.08943,1.08345,1.08794,139384.4
2018-05-15,1.08794,1.09,1.08531,1.08794,169707.86
2018-05-16,1.08795,1.08999,1.08502,1.0888,174193.23
2018-05-17,1.08882,1.09387,1.08724,1.0903,164136.72
2018-05-18,1.0903,1.09108,1.08448,1.08516,151256.67
2018-05-20,1.0866,1.08918,1.08542,1.08803,9559.33
2018-05-21,1.08804,1.09273,1.08762,1.09041,146242.64
2018-05-22,1.09042,1.09457,1.08956,1.09169,174354.44
2018-05-23,1.09166,1.09422,1.09089,1.09225,197632.77
2018-05-24,1.09225,1.09396,1.0912,1.09229,176571.03
2018-05-25,1.09229,1.09608,1.09067,1.09116,160727.18
2018-05-27,1.09157,1.09271,1.09084,1.09197,7074.33
2018-05-28,1.09197,1.09225,1.08618,1.08744,130016.94
2018-05-29,1.08744,1.08893,1.08452,1.08624,185210.96
2018-05-30,1.08626,1.08715,1.08045,1.08405,183685.69
2018-05-31,1.08405,1.08569,1.07764,1.07917,175218.48
2018-06-01,1.07921,1.08376,1.07763,1.08348,152345.56
2018-06-03,1.08274,1.08444,1.08227,1.08434,5546.27
2018-06-04,1.08435,1.08871,1.08409,1.08822,145650.0
2018-06-05,1.08822,1.08828,1.08294,1.08456,160474.91
2018-06-06,1.08456,1.09017,1.08456,1.08876,140430.82
2018-06-07,1.08879,1.08949,1.08305,1.08489,144040.61
2018-06-08,1.08491,1.0854,1.07777,1.08035,129024.6
2018-06-10,1.08025,1.08152,1.07904,1.08093,4324.13
2018-06-11,1.08096,1.08418,1.07948,1.08369,112650.89
2018-06-12,1.08369,1.08416,1.08009,1.08122,154372.45
2018-06-13,1.08122,1.08127,1.07645,1.07747,145566.47
2018-06-14,1.07746,1.07813,1.06999,1.07234,164857.64
2018-06-15,1.07234,1.07589,1.07154,1.07155,138491.48
2018-06-17,1.07249,1.07319,1.07189,1.07243,7274.58
2018-06-18,1.07244,1.07477,1.06726,1.06808,125230.97
2018-06-19,1.06806,1.0708,1.06575,1.07016,161326.03
2018-06-20,1.07016,1.07473,1.06853,1.07337,146063.96
2018-06-21,1.07336,1.07766,1.07256,1.07384,182281.87
2018-06-22,1.07384,1.0779,1.07098,1.07585,153011.18
2018-06-24,1.07542,1.07601,1.07473,1.07564,6066.71
2018-06-25,1.07572,1.077,1.0731,1.07529,149049.34
2018-06-26,1.0753,1.07934,1.07391,1.07894,150493.12
2018-06-27,1.07893,1.08552,1.07816,1.08135,177596.76
2018-06-28,1.08133,1.08888,1.08096,1.08803,162861.79
2018-06-29,1.08799,1.09301,1.08694,1.09275,158375.57
2018-07-01,1.09043,1.09239,1.08938,1.09118,8549.91
2018-07-02,1.09124,1.0951,1.08894,1.09347,137552.04
2018-07-03,1.09348,1.09915,1.09218,1.09269,140421.37
2018-07-04,1.09269,1.09553,1.09009,1.09158,111943.42
2018-07-05,1.09158,1.09205,1.08642,1.087,128714.87
2018-07-06,1.08701,1.08854,1.08523,1.0859,110183.39
2018-07-08,1.08646,1.08808,1.0861,1.08793,6218.19
2018-07-09,1.08791,1.09341,1.0877,1.0908,115375.25
2018-07-10,1.09073,1.09277,1.08738,1.08778,117832.25
2018-07-11,1.0878,1.09092,1.08679,1.09059,150762.17
2018-07-12,1.09059,1.09402,1.08974,1.09372,119552.29
2018-07-13,1.09374,1.09709,1.09294,1.0968,114570.95
2018-07-15,1.09692,1.09725,1.09557,1.09678,5645.5
2018-07-16,1.09677,1.09739,1.09236,1.09259,124282.34
2018-07-17,1.0926,1.09441,1.08602,1.08939,134611.3
2018-07-18,1.0894,1.08992,1.08625,1.08924,134130.3
2018-07-19,1.08926,1.09442,1.08862,1.0911,174526.05
2018-07-20,1.09107,1.092,1.08844,1.08886,156436.44
2018-07-22,1.09137,1.09182,1.08934,1.08966,7165.97
2018-07-23,1.08962,1.08983,1.08686,1.08814,119308.9
2018-07-24,1.08813,1.09211,1.08607,1.09188,125578.76
2018-07-25,1.09188,1.09354,1.0874,1.08984,135274.87
2018-07-26,1.08984,1.08993,1.0866,1.08751,118017.91
2018-07-27,1.08751,1.09099,1.08734,1.08886,98603.99
2018-07-29,1.08851,1.0894,1.08845,1.08887,3377.57
2018-07-30,1.08887,1.08919,1.08406,1.08545,87288.73
2018-07-31,1.08542,1.09226,1.08433,1.09069,119576.24
2018-08-01,1.09068,1.09137,1.08857,1.08995,112241.19
2018-08-02,1.08995,1.09302,1.08845,1.09243,89101.42
2018-08-03,1.09243,1.09703,1.09192,1.09636,104243.42
2018-08-05,1.09513,1.09712,1.09476,1.09641,3722.33
2018-08-06,1.09639,1.09784,1.09551,1.09742,89331.41
2018-08-07,1.09739,1.10336,1.09735,1.10151,95030.62
2018-08-08,1.10153,1.1099,1.09792,1.10935,102104.56
2018-08-09,1.10935,1.11744,1.10935,1.11578,129013.59
2018-08-10,1.1158,1.1175,1.10492,1.10889,144148.11
2018-08-12,1.10603,1.10831,1.10548,1.10679,6985.03
2018-08-13,1.10672,1.10736,1.10335,1.10513,123326.96
2018-08-14,1.10515,1.10577,1.0986,1.10115,119594.36
2018-08-15,1.10114,1.10366,1.09914,1.10293,124217.91
2018-08-16,1.10294,1.10475,1.09906,1.10238,127023.62
2018-08-17,1.10236,1.1039,1.09988,1.10205,103512.08
2018-08-19,1.10121,1.10338,1.10095,1.10328,4829.06
2018-08-20,1.10329,1.10567,1.10185,1.10482,89931.44
2018-08-21,1.10482,1.10558,1.09481,1.09813,112167.65
2018-08-22,1.09816,1.09865,1.09468,1.09481,109333.98
2018-08-23,1.09482,1.09506,1.09057,1.09318,123744.95
2018-08-24,1.09319,1.09854,1.09081,1.09436,117268.9
2018-08-26,1.09554,1.09617,1.09415,1.09577,7203.46
2018-08-27,1.09577,1.09766,1.09428,1.0963,101627.45
2018-08-28,1.09632,1.0978,1.09229,1.09378,113411.3
2018-08-29,1.09379,1.09465,1.08718,1.08927,110823.05
2018-08-30,1.08926,1.09608,1.08905,1.09223,118924.92
2018-08-31,1.09226,1.09331,1.08571,1.0858,123722.29
2018-09-02,1.08591,1.08829,1.08485,1.08804,6198.14
2018-09-03,1.08804,1.09321,1.08591,1.09106,95078.48
2018-09-04,1.09104,1.09756,1.08984,1.09673,117248.42
2018-09-05,1.09673,1.10197,1.08998,1.0903,127508.57
2018-09-06,1.0903,1.09285,1.08819,1.09238,139789.18
2018-09-07,1.09237,1.09284,1.08635,1.08719,136734.24
2018-09-09,1.08677,1.08888,1.0866,1.08838,5752.3
2018-09-10,1.08835,1.09079,1.08811,1.09021,104134.71
2018-09-11,1.09021,1.09186,1.08776,1.09142,112974.16
2018-09-12,1.09143,1.0943,1.08928,1.09298,129580.13
2018-09-13,1.09294,1.09797,1.09272,1.09345,119992.5
2018-09-14,1.09347,1.09452,1.09139,1.09232,103309.91
2018-09-16,1.09121,1.09278,1.09113,1.09189,5448.8
2018-09-17,1.09189,1.09287,1.08772,1.08873,117420.67
2018-09-18,1.08873,1.0977,1.08823,1.09668,141208.41
2018-09-19,1.09668,1.10023,1.09215,1.09279,136742.63
2018-09-20,1.09277,1.0939,1.08906,1.09045,117553.9
2018-09-21,1.09049,1.09147,1.08837,1.09041,112600.86
2018-09-23,1.08845,1.08959,1.0876,1.08889,7402.33
2018-09-24,1.08888,1.09302,1.08818,1.09191,110836.07
2018-09-25,1.09193,1.0928,1.08889,1.09089,117453.98
2018-09-26,1.09089,1.09262,1.08612,1.0891,137993.62
2018-09-27,1.08912,1.09188,1.08753,1.08876,113519.82
2018-09-28,1.08876,1.0928,1.08866,1.09038,107215.39
2018-09-30,1.0898,1.09177,1.08961,1.0906,5084.77
2018-10-01,1.09058,1.09512,1.08998,1.0944,123059.36
2018-10-02,1.09447,1.09461,1.08895,1.09069,135163.85
2018-10-03,1.09074,1.09302,1.08892,1.09168,137538.28
2018-10-04,1.09169,1.09329,1.08904,1.09249,139568.23
2018-10-05,1.09249,1.09514,1.09035,1.09477,136698.23
2018-10-07,1.09524,1.09607,1.09427,1.09564,8412.75
2018-10-08,1.09562,1.09759,1.09237,1.09634,131081.36
2018-10-09,1.09636,1.09933,1.09559,1.09701,138694.08
2018-10-10,1.09701,1.09894,1.09123,1.09341,143677.3
2018-10-11,1.0934,1.09505,1.08948,1.09156,184654.0
2018-10-12,1.09153,1.09529,1.09081,1.09287,137676.39
2018-10-14,1.09329,1.09404,1.09249,1.09324,6701.45
2018-10-15,1.09324,1.09355,1.08186,1.08566,153421.67
2018-10-16,1.08567,1.08661,1.08151,1.08433,142392.21
2018-10-17,1.08428,1.08731,1.08218,1.08641,145853.95
2018-10-18,1.08644,1.08999,1.08354,1.08533,162981.71
2018-10-19,1.08534,1.08543,1.07981,1.07986,156219.61
2018-10-21,1.07616,1.07918,1.07616,1.07857,10054.02
2018-10-22,1.07857,1.08207,1.07675,1.07898,152327.18
2018-10-23,1.07897,1.08216,1.07755,1.08205,164560.28
2018-10-24,1.08206,1.08519,1.08099,1.08482,162619.94
2018-10-25,1.08482,1.08695,1.08358,1.08469,163420.73
2018-10-26,1.08473,1.08787,1.08293,1.08696,171842.19
2018-10-28,1.087,1.08819,1.0863,1.08762,7924.08
2018-10-29,1.08762,1.08782,1.08068,1.08195,169634.81
2018-10-30,1.08195,1.08462,1.08146,1.08236,160176.13
2018-10-31,1.08236,1.08578,1.07986,1.08547,136982.47
2018-11-01,1.08548,1.08777,1.08179,1.08352,166505.45
2018-11-02,1.08355,1.08595,1.0809,1.0824,173623.73
2018-11-04,1.08332,1.08349,1.08061,1.0825,7996.69
2018-11-05,1.0825,1.08362,1.08025,1.08311,140515.49
2018-11-06,1.08311,1.08511,1.07343,1.07457,152107.48
2018-11-07,1.07457,1.07648,1.06861,1.07284,175180.36
2018-11-08,1.07284,1.07663,1.07108,1.07628,175506.28
2018-11-09,1.07627,1.07628,1.07165,1.07184,161585.19
2018-11-11,1.0729,1.07401,1.07201,1.07383,8711.42
2018-11-12,1.07383,1.07386,1.06761,1.06799,161226.59
2018-11-13,1.06799,1.06983,1.06617,1.0681,180871.45
2018-11-14,1.0681,1.06904,1.06124,1.06514,192737.44
2018-11-15,1.06514,1.07122,1.06355,1.06543,192814.29
2018-11-16,1.06542,1.06738,1.06356,1.06503,152146.4
2018-11-18,1.06434,1.06647,1.06397,1.06641,9043.29
2018-11-19,1.0664,1.06954,1.06526,1.06636,130357.15
2018-11-20,1.06636,1.06685,1.05888,1.06273,154439.86
2018-11-21,1.06273,1.06481,1.06002,1.06352,129594.16
2018-11-22,1.06356,1.06617,1.06303,1.06459,114777.34
2018-11-23,1.06457,1.06779,1.06303,1.06479,110470.8
2018-11-25,1.06898,1.06972,1.06745,1.06786,6919.72
2018-11-26,1.06787,1.06874,1.06465,1.0661,116870.89
2018-11-27,1.06605,1.0691,1.06241,1.06332,139449.07
2018-11-28,1.06332,1.06557,1.0627,1.06302,134674.41
2018-11-29,1.06306,1.06839,1.0628,1.06651,144389.15
2018-11-30,1.0665,1.06714,1.06183,1.06199,129600.09
2018-12-02,1.06639,1.06688,1.06555,1.06677,9592.17
2018-12-03,1.06678,1.06716,1.06089,1.06178,121570.86
2018-12-04,1.06178,1.06231,1.05753,1.05837,152562.51
2018-12-05,1.05837,1.05955,1.05152,1.05401,118903.42
2018-12-06,1.05402,1.05432,1.04744,1.05103,167326.68
2018-12-07,1.05103,1.05257,1.04859,1.04899,141588.72
2018-12-09,1.04568,1.0494,1.04566,1.04921,7147.73
2018-12-10,1.04922,1.0499,1.04335,1.04605,142478.36
2018-12-11,1.04605,1.04964,1.0451,1.04734,142895.83
2018-12-12,1.04734,1.05547,1.04705,1.05229,131019.68
2018-12-13,1.05229,1.05494,1.05195,1.05337,124468.94
2018-12-14,1.05337,1.05869,1.05255,1.05535,134058.2
2018-12-16,1.05506,1.05699,1.05496,1.05646,10870.9
2018-12-17,1.05645,1.05747,1.05343,1.05426,117469.6
2018-12-18,1.05336,1.0535,1.04568,1.04912,138331.42
2018-12-19,1.04912,1.05128,1.04429,1.04987,194595.6
2018-12-20,1.04987,1.05543,1.04845,1.04964,253123.12
2018-12-21,1.04964,1.0537,1.04764,1.04764,233096.46
2018-12-23,1.04632,1.0501,1.04631,1.04939,12286.94
2018-12-24,1.04939,1.05003,1.0438,1.04567,203236.91
2018-12-25,1.04586,1.04853,1.0423,1.04695,11468.73
2018-12-26,1.04698,1.05105,1.04541,1.04959,132261.07
2018-12-27,1.04963,1.05168,1.04639,1.04979,266663.31
2018-12-28,1.0498,1.05251,1.04835,1.04835,187024.55
2018-12-30,1.04875,1.05059,1.04844,1.05026,12647.39
2018-12-31,1.05027,1.05261,1.04862,1.04864,196481.87
2019-01-01,1.04971,1.04993,1.04784,1.04989,10325.83
2019-01-02,1.04989,1.05089,1.01111,1.043,265563.45
2019-01-03,1.04299,1.05075,1.04295,1.04747,327543.04
2019-01-04,1.04747,1.05664,1.04658,1.0558,273066.19
2019-01-06,1.05458,1.05768,1.05434,1.05639,12703.48
2019-01-07,1.05641,1.05848,1.05406,1.05779,208354.45
2019-01-08,1.05779,1.06381,1.05627,1.0625,217825.17
2019-01-09,1.06252,1.06296,1.05496,1.05659,211183.18
2019-01-10,1.05658,1.05984,1.05449,1.0591,209301.95
2019-01-11,1.05909,1.06068,1.05428,1.05504,181589.13
2019-01-13,1.05632,1.05662,1.05536,1.05597,11046.38
2019-01-14,1.05599,1.05738,1.05384,1.05456,184881.74
2019-01-15,1.05456,1.05699,1.05353,1.05647,206968.09
2019-01-16,1.05647,1.06093,1.0547,1.05878,169266.85
2019-01-17,1.05878,1.06489,1.05774,1.063,200704.96
2019-01-18,1.06298,1.06517,1.06149,1.06175,142227.22
2019-01-20,1.06086,1.06296,1.06086,1.06269,7029.33
2019-01-21,1.06269,1.06701,1.06231,1.06391,150081.84
2019-01-22,1.06391,1.06454,1.05419,1.05481,173568.21
2019-01-23,1.05479,1.0549,1.05018,1.05206,193867.41
2019-01-24,1.05205,1.05413,1.04654,1.0487,213030.18
2019-01-25,1.0487,1.05006,1.04745,1.04932,189661.69
2019-01-27,1.05027,1.05091,1.04932,1.04972,7444.1
2019-01-28,1.04976,1.05043,1.04734,1.04863,140102.62
2019-01-29,1.04863,1.04923,1.04496,1.04883,188646.59
2019-01-30,1.04882,1.05332,1.04771,1.05176,238510.65
2019-01-31,1.05176,1.05325,1.04882,1.05172,214210.98
2019-02-01,1.05171,1.05186,1.04704,1.05076,197562.56
2019-02-03,1.05048,1.05099,1.05,1.05071,6498.28
2019-02-04,1.05071,1.05098,1.04823,1.04881,161636.84
2019-02-05,1.04881,1.05296,1.04555,1.04945,187593.16
2019-02-06,1.04945,1.05101,1.03988,1.04998,217044.92
2019-02-07,1.04998,1.05348,1.04839,1.05168,192963.89
2019-02-08,1.05168,1.05264,1.04701,1.0502,175750.57
2019-02-10,1.05066,1.05117,1.04947,1.05028,10592.04
2019-02-11,1.05027,1.05067,1.04817,1.04828,175481.83
2019-02-12,1.04828,1.05453,1.04827,1.05392,176660.14
2019-02-13,1.05393,1.05412,1.0396,1.04163,197819.69
2019-02-14,1.04164,1.04295,1.03688,1.0397,206043.09
2019-02-15,1.03971,1.04074,1.03691,1.03941,163512.42
2019-02-17,1.04014,1.04129,1.03982,1.04073,11844.39
2019-02-18,1.04073,1.04184,1.038,1.0401,139531.15
2019-02-19,1.04009,1.04295,1.03947,1.04211,188967.71
2019-02-20,1.0421,1.0453,1.04006,1.04527,174051.85
2019-02-21,1.04526,1.04893,1.0397,1.04324,241420.63
2019-02-22,1.04325,1.04899,1.04051,1.04081,177187.43
2019-02-24,1.04,1.04263,1.0397,1.04237,11196.9
2019-02-25,1.04237,1.04252,1.03916,1.0416,207341.28
2019-02-26,1.04161,1.04363,1.03891,1.04292,175081.34
2019-02-27,1.04291,1.0439,1.04072,1.04314,206413.04
2019-02-28,1.04345,1.04605,1.04059,1.04118,208208.49
2019-03-01,1.0412,1.04244,1.0394,1.04083,151519.97
2019-03-03,1.04053,1.04144,1.03939,1.04064,13225.63
2019-03-04,1.04063,1.04226,1.03811,1.03921,145872.94
2019-03-05,1.03923,1.04363,1.03816,1.04214,137552.16
2019-03-06,1.04213,1.04267,1.03583,1.03866,133232.91
2019-03-07,1.03861,1.03973,1.03687,1.03815,130325.22
2019-03-08,1.03815,1.0386,1.03424,1.03478,129432.03
2019-03-10,1.03507,1.0357,1.03405,1.03444,8910.64
2019-03-11,1.03443,1.03589,1.03312,1.0347,121399.63
2019-03-12,1.0347,1.03488,1.02934,1.03057,118970.61
2019-03-13,1.03055,1.03487,1.03022,1.03336,116518.52
2019-03-14,1.03336,1.03593,1.03201,1.03384,134048.34
2019-03-15,1.03384,1.03566,1.03356,1.03419,94566.66
2019-03-17,1.03455,1.03504,1.03402,1.035,8259.91
2019-03-18,1.03501,1.03734,1.03402,1.03705,115245.61
2019-03-19,1.03705,1.03736,1.03341,1.03417,117409.89
2019-03-20,1.03418,1.03687,1.02981,1.03104,143252.11
2019-03-21,1.03104,1.03444,1.03067,1.03261,163371.5
2019-03-22,1.0326,1.03291,1.02893,1.0291,176504.88
2019-03-24,1.02968,1.02986,1.0279,1.02957,6006.83
2019-03-25,1.02959,1.03147,1.02752,1.02941,154428.49
2019-03-26,1.02941,1.03382,1.02849,1.03306,145501.93
2019-03-27,1.03307,1.04521,1.03075,1.04207,175581.4
2019-03-28,1.0424,1.04483,1.04013,1.04425,173069.93
2019-03-29,1.04425,1.04512,1.04017,1.04185,132964.9
2019-03-31,1.0426,1.04388,1.04212,1.04228,11481.59
2019-04-01,1.04228,1.04819,1.04218,1.04697,129378.42
2019-04-02,1.04697,1.04953,1.04329,1.04535,153443.58
2019-04-03,1.04536,1.0497,1.04487,1.04831,132573.44
2019-04-04,1.0483,1.05401,1.04748,1.05209,132821.88
2019-04-05,1.05211,1.05745,1.05192,1.05504,113596.48
2019-04-07,1.05434,1.05562,1.05408,1.0548,9337.9
2019-04-08,1.0548,1.05726,1.05324,1.0567,124071.54
2019-04-09,1.05671,1.05961,1.0552,1.05565,122040.9
2019-04-10,1.05566,1.06055,1.05421,1.05884,137733.68
2019-04-11,1.05885,1.06109,1.058,1.05906,112485.97
2019-04-12,1.05907,1.06246,1.05802,1.0602,128103.56
2019-04-14,1.06108,1.06117,1.05929,1.05953,11520.07
2019-04-15,1.05952,1.06219,1.05813,1.06005,109331.22
2019-04-16,1.06002,1.0732,1.05708,1.06783,140116.33
2019-04-17,1.06784,1.07064,1.06502,1.06652,129821.95
2019-04-18,1.06658,1.07144,1.0662,1.06864,132948.1
2019-04-19,1.06864,1.06997,1.0684,1.06881,76192.95
2019-04-21,1.06868,1.06995,1.06841,1.0691,7674.89
2019-04-22,1.0691,1.06979,1.06747,1.06761,79743.39
2019-04-23,1.0676,1.06847,1.06634,1.06651,108531.93
2019-04-24,1.06651,1.06702,1.06168,1.06338,141147.52
2019-04-25,1.06339,1.06422,1.05614,1.05793,115881.78
2019-04-26,1.05794,1.05837,1.05588,1.0564,112676.04
2019-04-28,1.05737,1.05765,1.05516,1.05647,7338.28
2019-04-29,1.05647,1.05886,1.05551,1.05762,79089.12
2019-04-30,1.05763,1.06152,1.0545,1.05968,116035.92
2019-05-01,1.05969,1.06077,1.05787,1.05824,102628.88
2019-05-02,1.05822,1.05961,1.05708,1.05726,103375.41
2019-05-03,1.05722,1.05792,1.05512,1.05637,105230.99
2019-05-05,1.05415,1.05639,1.05352,1.05544,19907.44
2019-05-06,1.05544,1.05937,1.05431,1.05815,117070.09
2019-05-07,1.05815,1.06431,1.0578,1.06243,128755.92
2019-05-08,1.06242,1.07264,1.0616,1.06189,137735.82
2019-05-09,1.06188,1.06222,1.0586,1.06091,143915.07
2019-05-10,1.06091,1.06175,1.0596,1.06001,161923.63
2019-05-12,1.05971,1.06043,1.05882,1.0597,9127.32
2019-05-13,1.05974,1.0606,1.05637,1.05649,128941.38
2019-05-14,1.05649,1.05706,1.05451,1.0558,109071.82
2019-05-15,1.05581,1.05676,1.05404,1.05532,119134.8
2019-05-16,1.05533,1.05609,1.05207,1.05461,118038.93
2019-05-17,1.0546,1.0551,1.05224,1.05332,112065.64
2019-05-19,1.05835,1.05891,1.05566,1.05727,9878.65
2019-05-20,1.05727,1.05933,1.05636,1.05825,109869.32
2019-05-21,1.05831,1.0586,1.05545,1.05784,120716.21
2019-05-22,1.05784,1.05972,1.05733,1.05881,96917.83
2019-05-23,1.05882,1.05956,1.05696,1.0577,125409.55
2019-05-24,1.0577,1.05863,1.05516,1.05685,97878.38
2019-05-26,1.05718,1.05784,1.05667,1.05701,3979.45
2019-05-27,1.05705,1.05802,1.05612,1.057,68870.9
2019-05-28,1.057,1.05864,1.05562,1.05805,110041.16
2019-05-29,1.05805,1.06291,1.05718,1.0619,124652.07
2019-05-30,1.06191,1.0631,1.06078,1.0617,101573.96
2019-05-31,1.06169,1.06304,1.05994,1.06033,141203.05
2019-06-02,1.06056,1.06234,1.06032,1.06044,11386.08
2019-06-03,1.06045,1.06158,1.05689,1.05746,147662.44
2019-06-04,1.05746,1.06075,1.05696,1.05771,163143.95
2019-06-05,1.05771,1.05773,1.04989,1.05172,168104.1
2019-06-06,1.05173,1.05411,1.05091,1.05372,151047.21
2019-06-07,1.05371,1.05445,1.04986,1.04986,135037.42
2019-06-09,1.051,1.05218,1.05066,1.05095,7220.5
2019-06-10,1.05095,1.05349,1.04984,1.05289,130789.87
2019-06-11,1.0529,1.05795,1.05241,1.05718,147739.99
2019-06-12,1.05722,1.05806,1.05325,1.05366,151151.56
2019-06-13,1.05367,1.05431,1.05051,1.05374,132855.66
2019-06-14,1.05375,1.05877,1.05347,1.05754,113451.71
2019-06-16,1.05714,1.05883,1.05673,1.05844,6753.15
2019-06-17,1.05845,1.05853,1.05376,1.05458,87966.46
2019-06-18,1.05458,1.05502,1.0506,1.05272,134159.8
2019-06-19,1.05271,1.05361,1.0495,1.05046,129712.41
2019-06-20,1.05051,1.05246,1.04785,1.05146,159166.79
2019-06-21,1.05146,1.05368,1.04972,1.05092,137924.83
2019-06-23,1.05132,1.05276,1.05107,1.05269,8151.38
2019-06-24,1.05268,1.05497,1.05081,1.05159,107470.14
2019-06-25,1.0516,1.05171,1.04615,1.04926,156446.87
2019-06-26,1.04924,1.05342,1.04414,1.04571,132305.4
2019-06-27,1.04571,1.04769,1.04438,1.04514,116364.06
2019-06-28,1.04514,1.04668,1.04362,1.04466,104321.42
2019-06-30,1.04564,1.04675,1.04458,1.04463,9814.36
2019-07-01,1.04463,1.04499,1.04266,1.04391,117230.66
2019-07-02,1.04393,1.04998,1.04269,1.04728,105691.63
2019-07-03,1.04727,1.04974,1.04585,1.04809,107527.56
2019-07-04,1.04806,1.05115,1.048,1.04983,64796.83
2019-07-05,1.04983,1.05441,1.04954,1.05295,99285.9
2019-07-07,1.05244,1.05379,1.05224,1.05285,3954.78
2019-07-08,1.05287,1.05299,1.05079,1.05204,81817.49
2019-07-09,1.05203,1.05212,1.04783,1.04908,95400.4
2019-07-10,1.04909,1.05339,1.04591,1.04719,120605.64
2019-07-11,1.0472,1.04734,1.04431,1.04647,119651.29
2019-07-12,1.04647,1.04917,1.04598,1.04812,107464.64
2019-07-14,1.04878,1.04929,1.04811,1.04826,5101.49
2019-07-15,1.04824,1.04861,1.04456,1.04696,94737.2
2019-07-16,1.04695,1.04834,1.04428,1.04674,116057.17
2019-07-17,1.04676,1.04676,1.04065,1.04103,113077.48
2019-07-18,1.04104,1.04454,1.03992,1.04289,148366.47
2019-07-19,1.0429,1.04315,1.04002,1.04111,128920.82
2019-07-21,1.04062,1.04222,1.04023,1.04177,4286.82
2019-07-22,1.04175,1.04355,1.03852,1.04302,98330.37
2019-07-23,1.04302,1.04538,1.04198,1.04435,94533.27
2019-07-24,1.04437,1.04442,1.03944,1.04133,94461.91
2019-07-25,1.04134,1.04388,1.03976,1.04369,125983.0
2019-07-26,1.0437,1.04399,1.04112,1.04135,91431.15
2019-07-28,1.04077,1.04151,1.04042,1.04057,2947.62
2019-07-29,1.04054,1.04347,1.04032,1.04051,68577.87
2019-07-30,1.04049,1.04175,1.03864,1.03888,87119.0
2019-07-31,1.0389,1.04563,1.03856,1.04475,170450.74
2019-08-01,1.04475,1.04538,1.0361,1.03788,186133.51
2019-08-02,1.03788,1.04192,1.03771,1.03962,166691.92
2019-08-04,1.04035,1.04163,1.03971,1.04118,7122.27
2019-08-05,1.04116,1.04278,1.02627,1.03117,185773.27
2019-08-06,1.03118,1.03941,1.03112,1.03532,174614.48
2019-08-07,1.03532,1.04956,1.03368,1.04769,212704.4
2019-08-08,1.0477,1.05208,1.04592,1.05011,163545.36
2019-08-09,1.05007,1.05093,1.04811,1.04887,142264.66
2019-08-11,1.04814,1.04951,1.04814,1.0488,18928.57
2019-08-12,1.0488,1.05145,1.04521,1.04768,170348.7
2019-08-13,1.04769,1.05443,1.04717,1.05182,195942.93
2019-08-14,1.05182,1.05272,1.04763,1.04887,183140.17
2019-08-15,1.04888,1.05362,1.04841,1.05238,180207.08
2019-08-16,1.0524,1.05555,1.05226,1.05435,129111.51
2019-08-18,1.05413,1.05601,1.05224,1.05591,7912.41
2019-08-19,1.05588,1.05687,1.05392,1.05473,99225.05
2019-08-20,1.05474,1.05822,1.0541,1.05682,105506.24
2019-08-21,1.05682,1.06013,1.0567,1.05924,100121.86
2019-08-22,1.05928,1.06158,1.05679,1.05726,121211.23
2019-08-23,1.05719,1.05994,1.05471,1.05503,147985.44
2019-08-25,1.05504,1.05585,1.05386,1.05427,26961.65
2019-08-26,1.05426,1.06132,1.05307,1.06009,197338.65
2019-08-27,1.06005,1.06213,1.0593,1.06132,132570.74
2019-08-28,1.0613,1.06496,1.0604,1.06354,152711.59
2019-08-29,1.06352,1.067,1.06278,1.06624,154487.79
2019-08-30,1.06622,1.06931,1.06547,1.06735,132793.16
2019-09-01,1.06675,1.06817,1.06637,1.06753,24565.57
2019-09-02,1.06754,1.06857,1.0639,1.06456,100251.57
2019-09-03,1.06455,1.07083,1.06447,1.06707,138394.63
2019-09-04,1.06705,1.0706,1.06691,1.06929,123745.76
2019-09-05,1.06928,1.07077,1.06639,1.06905,142282.37
2019-09-06,1.06903,1.06953,1.0632,1.06517,118147.27
2019-09-08,1.06553,1.06656,1.06504,1.06529,12858.49
2019-09-09,1.06529,1.0693,1.06314,1.06781,108121.73
2019-09-10,1.06776,1.06945,1.06443,1.0691,106529.86
2019-09-11,1.06907,1.0706,1.06807,1.07053,101543.88
2019-09-12,1.07053,1.07249,1.06759,1.07204,130755.72
2019-09-13,1.07204,1.07964,1.07174,1.07845,93552.17
2019-09-15,1.07654,1.07915,1.0763,1.07718,13467.44
2019-09-16,1.07722,1.08286,1.07592,1.0819,107485.3
2019-09-17,1.08192,1.08271,1.07876,1.07933,118621.64
2019-09-18,1.07932,1.08142,1.07821,1.07991,113925.57
2019-09-19,1.07992,1.08124,1.07477,1.07905,135543.81
2019-09-20,1.07896,1.08392,1.07778,1.08042,106899.6
2019-09-22,1.08061,1.08085,1.07967,1.08003,8250.26
2019-09-23,1.08002,1.08191,1.07545,1.07565,109428.74
2019-09-24,1.07565,1.07924,1.07388,1.07618,146221.69
2019-09-25,1.07619,1.07691,1.0702,1.07667,133045.78
2019-09-26,1.07666,1.07703,1.07062,1.07226,130341.95
2019-09-27,1.07223,1.07553,1.07186,1.07413,134666.0
2019-09-29,1.07475,1.07583,1.07396,1.07538,8232.43
2019-09-30,1.07541,1.07979,1.07512,1.07793,143258.99
2019-10-01,1.07791,1.08048,1.07262,1.07432,191095.9
2019-10-02,1.07433,1.07501,1.06896,1.07039,166664.79
2019-10-03,1.07041,1.07251,1.06748,1.06993,161105.22
2019-10-04,1.06995,1.07238,1.06744,1.07135,168328.96
2019-10-06,1.07096,1.07205,1.06983,1.07074,15603.15
2019-10-07,1.07075,1.07203,1.0684,1.07003,173506.62
2019-10-08,1.07001,1.0703,1.06643,1.06844,157364.21
2019-10-09,1.06844,1.06978,1.06663,1.06868,163614.3
2019-10-10,1.06867,1.07053,1.06688,1.06905,177184.04
2019-10-11,1.06904,1.07326,1.06898,1.07135,155732.71
2019-10-13,1.07189,1.07401,1.07172,1.07397,12601.85
2019-10-14,1.07398,1.0763,1.07266,1.07468,127063.52
2019-10-15,1.07465,1.07804,1.06828,1.0727,153731.65
2019-10-16,1.07267,1.07769,1.07145,1.07456,149522.32
2019-10-17,1.07452,1.07925,1.07339,1.07402,148822.33
2019-10-18,1.07401,1.075,1.07156,1.07339,105008.18
2019-10-20,1.07252,1.07445,1.07209,1.07269,15259.41
2019-10-21,1.07269,1.07476,1.07103,1.07143,120992.7
2019-10-22,1.07142,1.07146,1.06815,1.06995,141894.19
2019-10-23,1.06992,1.07048,1.06599,1.06677,129096.81
2019-10-24,1.06677,1.06947,1.06643,1.06868,136982.71
2019-10-25,1.06866,1.07423,1.06847,1.07343,98204.0
2019-10-27,1.07326,1.074,1.07017,1.07306,8728.47
2019-10-28,1.073,1.0786,1.07299,1.07638,114139.72
2019-10-29,1.07636,1.08044,1.07434,1.07937,130361.57
2019-10-30,1.07938,1.0824,1.07548,1.07633,150732.73
2019-10-31,1.07616,1.07867,1.0735,1.07463,152167.56
2019-11-01,1.07463,1.07563,1.07151,1.07503,121212.65
2019-11-03,1.07417,1.07503,1.07381,1.07456,5417.03
2019-11-04,1.07455,1.0769,1.07071,1.07606,118035.3
2019-11-05,1.07602,1.08168,1.07459,1.08102,144761.49
2019-11-06,1.08105,1.08276,1.07973,1.08032,114470.06
2019-11-07,1.08032,1.08648,1.0803,1.08216,141657.77
2019-11-08,1.08215,1.08493,1.08042,1.08314,105260.06
2019-11-10,1.08152,1.08374,1.08144,1.08307,4595.34
2019-11-11,1.08307,1.0831,1.07592,1.07616,86970.71
2019-11-12,1.07614,1.08208,1.07565,1.07967,118883.53
2019-11-13,1.07962,1.07972,1.06504,1.06613,135471.49
2019-11-14,1.06612,1.0666,1.06049,1.06355,131208.34
2019-11-15,1.06355,1.06537,1.0624,1.06435,99389.91
2019-11-17,1.06353,1.06489,1.06339,1.06471,5103.91
2019-11-18,1.0647,1.06565,1.06203,1.0639,101034.05
2019-11-19,1.06388,1.06448,1.06049,1.061,93822.58
2019-11-20,1.06098,1.0624,1.05908,1.06052,104252.68
2019-11-21,1.06052,1.06123,1.05796,1.05982,117053.7
2019-11-22,1.05982,1.06042,1.05723,1.0588,93394.29
2019-11-24,1.05906,1.05996,1.05868,1.05962,3846.29
2019-11-25,1.05963,1.05967,1.05432,1.05639,93172.36
2019-11-26,1.0564,1.05876,1.05513,1.05598,102013.53
2019-11-27,1.05598,1.05688,1.05399,1.05524,90380.78
2019-11-28,1.0552,1.05545,1.05225,1.05416,77946.99
2019-11-29,1.05417,1.05505,1.05226,1.05274,80297.38
2019-12-01,1.05208,1.05258,1.05152,1.05176,4832.27
2019-12-02,1.05176,1.05178,1.04724,1.04923,105789.42
2019-12-03,1.04923,1.05178,1.04791,1.05074,113622.71
2019-12-04,1.05076,1.05076,1.04526,1.04585,113214.91
2019-12-05,1.04586,1.04736,1.04237,1.0441,89342.94
2019-12-06,1.0441,1.04492,1.04056,1.04103,85900.6
2019-12-08,1.04161,1.04254,1.04127,1.0422,3717.14
2019-12-09,1.04219,1.04301,1.0405,1.0423,79188.1
2019-12-10,1.0423,1.04235,1.03972,1.04078,96106.21
2019-12-11,1.0408,1.04554,1.0388,1.04388,109037.37
2019-12-12,1.04387,1.04879,1.04338,1.04629,135807.52
2019-12-13,1.04629,1.04746,1.04194,1.04205,156877.18
2019-12-15,1.04216,1.04321,1.04156,1.0428,9434.25
2019-12-16,1.04282,1.04433,1.04111,1.04254,101102.09
2019-12-17,1.04249,1.04308,1.04012,1.04288,140925.8
2019-12-18,1.04288,1.04401,1.03646,1.04117,127259.6
2019-12-19,1.04117,1.04516,1.04115,1.04212,133559.52
2019-12-20,1.04212,1.04635,1.04208,1.04468,92176.86
2019-12-22,1.04402,1.04523,1.04402,1.04502,4540.49
2019-12-23,1.04501,1.04653,1.04217,1.04395,93900.91
2019-12-24,1.04395,1.04495,1.04135,1.04171,84847.24
2019-12-25,1.04171,1.04428,1.04109,1.04223,3471.06
2019-12-26,1.04223,1.04246,1.04018,1.0409,36694.58
2019-12-27,1.0409,1.04215,1.04,1.04141,115185.44
2019-12-29,1.04158,1.04224,1.04042,1.04144,3420.82
2019-12-30,1.04144,1.04178,1.03916,1.0397,109922.91
2019-12-31,1.0397,1.04299,1.03924,1.04234,90425.48
2020-01-01,1.04337,1.04357,1.04024,1.04184,5565.17
2020-01-02,1.04184,1.04486,1.04114,1.04242,144518.79
2020-01-03,1.04242,1.04455,1.04143,1.04195,163001.98
2020-01-05,1.04234,1.04343,1.042,1.04338,11787.4
2020-01-06,1.04338,1.04404,1.03922,1.04016,148959.38
2020-01-07,1.04017,1.04096,1.03319,1.03442,163299.38
2020-01-08,1.03442,1.03606,1.03152,1.03316,216998.18
2020-01-09,1.03316,1.0385,1.03263,1.03719,135122.96
2020-01-10,1.03719,1.0407,1.03711,1.03945,135562.27
2020-01-12,1.03852,1.04026,1.03848,1.03952,6228.18
2020-01-13,1.03952,1.04232,1.03951,1.04105,129130.01
2020-01-14,1.04105,1.04458,1.03991,1.04354,104034.66
2020-01-15,1.04354,1.04587,1.04118,1.04349,92375.36
2020-01-16,1.04351,1.04359,1.03828,1.03926,95830.91
2020-01-17,1.03924,1.04159,1.03727,1.0391,84510.72
2020-01-19,1.03835,1.04031,1.03835,1.03968,4863.28
2020-01-20,1.03965,1.04077,1.03853,1.04063,62694.02
2020-01-21,1.04063,1.04082,1.03684,1.03816,101969.36
2020-01-22,1.03819,1.0384,1.03636,1.0373,98123.94
2020-01-23,1.03728,1.04302,1.0335,1.03466,127920.6
2020-01-24,1.03466,1.03521,1.03178,1.0326,90354.27
2020-01-26,1.03357,1.03503,1.03245,1.03463,13900.58
2020-01-27,1.03464,1.03567,1.03075,1.03307,106560.19
2020-01-28,1.03307,1.03504,1.0311,1.03425,97596.32
2020-01-29,1.03419,1.03695,1.03293,1.03452,97154.35
2020-01-30,1.03452,1.03573,1.03296,1.03422,117900.92
2020-01-31,1.03421,1.03658,1.03398,1.03398,113920.64
2020-02-02,1.03257,1.03671,1.03227,1.03626,9595.53
2020-02-03,1.03625,1.03719,1.03412,1.03551,118844.79
2020-02-04,1.03549,1.04118,1.03524,1.03679,122583.93
2020-02-05,1.03677,1.04423,1.03677,1.04163,125401.81
2020-02-06,1.04163,1.04469,1.04094,1.04197,101438.28
2020-02-07,1.04197,1.04346,1.03932,1.04212,107391.53
2020-02-09,1.04074,1.04298,1.04059,1.04244,9941.59
2020-02-10,1.04243,1.04766,1.04217,1.04717,98367.47
2020-02-11,1.04717,1.05048,1.04692,1.04875,93517.73
2020-02-12,1.04874,1.04892,1.03972,1.04137,80989.96
2020-02-13,1.04137,1.04463,1.04089,1.04307,98038.19
2020-02-14,1.04308,1.04546,1.0429,1.04291,74076.17
2020-02-16,1.04189,1.04391,1.04185,1.04337,5055.04
2020-02-17,1.04337,1.04662,1.04195,1.04218,66768.34
2020-02-18,1.04217,1.04762,1.04141,1.04689,102598.71
2020-02-19,1.04687,1.04787,1.04534,1.04568,86610.83
2020-02-20,1.04564,1.04696,1.04287,1.044,112691.88
2020-02-21,1.04401,1.04663,1.04281,1.04299,111045.73
2020-02-23,1.04255,1.04518,1.04221,1.04484,11158.13
2020-02-24,1.04484,1.04596,1.04106,1.04223,140812.72
2020-02-25,1.04224,1.04503,1.04119,1.04482,141248.15
2020-02-26,1.04482,1.0456,1.03965,1.04108,160283.36
2020-02-27,1.04104,1.04329,1.03852,1.04267,182940.45
2020-02-28,1.04267,1.04626,1.03886,1.0414,256284.03
2020-03-01,1.04345,1.04696,1.0425,1.0458,9507.13
2020-03-02,1.0458,1.04846,1.04215,1.04495,216192.86
2020-03-03,1.04495,1.05113,1.04093,1.0498,216402.88
2020-03-04,1.04976,1.05313,1.04891,1.05195,139955.87
2020-03-05,1.05192,1.05292,1.04642,1.04797,121982.84
2020-03-06,1.04797,1.04829,1.04234,1.04383,167531.4
2020-03-08,1.04485,1.04736,1.04338,1.04509,25727.85
2020-03-09,1.0451,1.05219,1.0362,1.04095,304885.47
2020-03-10,1.04094,1.04292,1.03288,1.03671,228754.56
2020-03-11,1.0367,1.03728,1.03028,1.03395,217266.65
2020-03-12,1.03392,1.03451,1.02061,1.026,349638.07
2020-03-13,1.02597,1.02841,1.01556,1.0175,332430.63
2020-03-15,1.02938,1.03119,1.01722,1.02063,50397.04
2020-03-16,1.02063,1.02296,1.00195,1.00972,385312.23
2020-03-17,1.00973,1.01252,1.00321,1.00717,288005.59
2020-03-18,1.00713,1.01589,0.9994,1.01338,341164.32
2020-03-19,1.01339,1.01876,1.00228,1.0102,473106.94
2020-03-20,1.01023,1.02205,1.00947,1.01551,255085.71
2020-03-22,1.02346,1.02602,1.01716,1.0222,49325.65
2020-03-23,1.02221,1.02448,1.01362,1.02333,523682.81
2020-03-24,1.02331,1.02691,1.01864,1.02474,407713.31
2020-03-25,1.02474,1.02998,1.01606,1.01643,386297.77
2020-03-26,1.01652,1.02214,1.01192,1.01694,374417.9
2020-03-27,1.01701,1.02485,1.01576,1.02008,363369.5
2020-03-29,1.01855,1.02082,1.01758,1.02029,29879.79
2020-03-30,1.02028,1.02773,1.01792,1.02554,333228.76
2020-03-31,1.02555,1.03346,1.01977,1.03149,377682.1
2020-04-01,1.03149,1.03508,1.02482,1.02587,244662.64
2020-04-02,1.02598,1.02679,1.02053,1.02514,229729.3
2020-04-03,1.02519,1.02744,1.02094,1.02135,218286.27
2020-04-05,1.02318,1.02505,1.02206,1.02378,15994.74
2020-04-06,1.02377,1.02842,1.02224,1.02842,211431.99
2020-04-07,1.02842,1.03503,1.02557,1.0318,255697.15
2020-04-08,1.0318,1.03768,1.02859,1.03617,197185.44
2020-04-09,1.03628,1.04391,1.03424,1.04221,175542.76
2020-04-10,1.04208,1.04621,1.04062,1.04069,61046.86
2020-04-12,1.04138,1.04414,1.04095,1.04247,7090.15
2020-04-13,1.04247,1.04891,1.04203,1.04881,125475.83
2020-04-14,1.04881,1.05666,1.04782,1.05467,163882.17
2020-04-15,1.05467,1.05705,1.0512,1.05205,176624.31
2020-04-16,1.05202,1.06228,1.05199,1.05982,217585.2
2020-04-17,1.05985,1.06126,1.05289,1.05456,194226.47
2020-04-19,1.05112,1.05494,1.04952,1.05361,7704.59
2020-04-20,1.05364,1.05545,1.04821,1.04948,168547.7
2020-04-21,1.04951,1.05563,1.04837,1.05525,220728.4
2020-04-22,1.05525,1.06381,1.0544,1.06305,154440.14
2020-04-23,1.06305,1.06408,1.05836,1.06171,175770.05
2020-04-24,1.06169,1.06331,1.05971,1.06194,110156.24
2020-04-26,1.06035,1.0628,1.05963,1.06227,4750.81
2020-04-27,1.06229,1.07104,1.06204,1.07044,129590.95
2020-04-28,1.07044,1.07508,1.06964,1.07001,122724.78
2020-04-29,1.07001,1.07215,1.06699,1.06738,126984.64
2020-04-30,1.06742,1.06943,1.06024,1.06122,178799.3
2020-05-01,1.06119,1.06318,1.05807,1.05861,111937.55
2020-05-03,1.05855,1.06009,1.05735,1.05994,14314.63
2020-05-04,1.05995,1.06442,1.05856,1.06206,126576.48
2020-05-05,1.06211,1.06575,1.06117,1.06276,129156.55
2020-05-06,1.06276,1.06645,1.06154,1.06367,154223.14
2020-05-07,1.06367,1.06985,1.06333,1.06658,141540.51
2020-05-08,1.0666,1.06876,1.06303,1.06349,112854.88
2020-05-10,1.06192,1.06452,1.06126,1.0641,10737.97
2020-05-11,1.06412,1.06861,1.06399,1.06693,126699.02
2020-05-12,1.06694,1.06803,1.06161,1.0636,141933.45
2020-05-13,1.06361,1.078,1.06148,1.07606,178824.72
2020-05-14,1.07606,1.07767,1.07415,1.07613,160410.25
2020-05-15,1.07615,1.08253,1.07526,1.08082,131400.73
2020-05-17,1.08064,1.0826,1.07989,1.08241,8690.81
2020-05-18,1.08242,1.083,1.07753,1.08001,113505.97
2020-05-19,1.08002,1.08279,1.074,1.07461,130642.09
2020-05-20,1.07464,1.07509,1.07128,1.07221,112495.11
2020-05-21,1.07222,1.075,1.07024,1.07241,121596.07
2020-05-22,1.07242,1.07328,1.06675,1.07143,106438.18
2020-05-24,1.07083,1.07296,1.07064,1.07227,7092.47
2020-05-25,1.07225,1.07357,1.07053,1.0723,77277.09
2020-05-26,1.07227,1.07398,1.06926,1.07233,117164.9
2020-05-27,1.07235,1.07386,1.06701,1.07003,172445.89
2020-05-28,1.07004,1.07147,1.06671,1.07017,153885.71
2020-05-29,1.07016,1.07525,1.06935,1.07422,212741.17
2020-05-31,1.074,1.07559,1.07373,1.0743,11590.15
2020-06-01,1.0743,1.08158,1.07387,1.07993,194852.39
2020-06-02,1.07995,1.08804,1.07904,1.08305,203153.92
2020-06-03,1.08308,1.08595,1.07563,1.07763,196658.95
2020-06-04,1.07763,1.07901,1.07315,1.07369,188204.03
2020-06-05,1.0737,1.07708,1.06979,1.07066,197907.83
2020-06-07,1.07056,1.07184,1.06938,1.0713,11781.98
2020-06-08,1.0713,1.07178,1.068,1.06949,159992.78
2020-06-09,1.06956,1.07021,1.06371,1.06793,201320.91
2020-06-10,1.06791,1.0728,1.06659,1.07018,215768.63
2020-06-11,1.07017,1.07045,1.06348,1.06496,315266.51
2020-06-12,1.06491,1.06807,1.06294,1.06486,332717.17
2020-06-14,1.06144,1.06419,1.06049,1.06352,18997.6
2020-06-15,1.06351,1.07105,1.05814,1.07094,316255.43
2020-06-16,1.071,1.07279,1.06538,1.06734,323215.76
2020-06-17,1.06733,1.06947,1.06335,1.06677,210742.33
2020-06-18,1.06676,1.06857,1.06335,1.06657,189233.19
2020-06-19,1.06657,1.07067,1.06579,1.06649,194136.03
2020-06-21,1.06644,1.06734,1.06511,1.06576,10131.84
2020-06-22,1.06578,1.06831,1.06292,1.06702,142801.87
2020-06-23,1.067,1.06948,1.06522,1.06805,195382.02
2020-06-24,1.06805,1.0755,1.06759,1.0707,185710.26
2020-06-25,1.07073,1.07156,1.06742,1.07105,186198.76
2020-06-26,1.07107,1.07163,1.06718,1.06833,149835.81
2020-06-28,1.06864,1.07001,1.06809,1.06884,7221.22
2020-06-29,1.06887,1.0704,1.06711,1.06903,142003.3
2020-06-30,1.06905,1.07178,1.06788,1.06961,149722.19
2020-07-01,1.06961,1.07046,1.0651,1.06671,151234.08
2020-07-02,1.06672,1.06735,1.06056,1.06307,149389.53
2020-07-03,1.06305,1.06688,1.0602,1.061,92383.64
2020-07-05,1.06165,1.06288,1.06149,1.06272,4816.22
2020-07-06,1.06271,1.0662,1.06156,1.06343,122243.91
2020-07-07,1.06346,1.06348,1.05979,1.05999,140860.28
2020-07-08,1.06004,1.06276,1.05886,1.06268,138376.65
2020-07-09,1.06265,1.0628,1.05889,1.05948,155224.13
2020-07-10,1.05949,1.06002,1.05654,1.05701,144559.02
2020-07-12,1.05649,1.05788,1.05649,1.05727,7070.67
2020-07-13,1.05727,1.06232,1.05681,1.06128,150625.98
2020-07-14,1.06131,1.06862,1.06129,1.06779,217687.75
2020-07-15,1.06777,1.06919,1.0649,1.06608,167834.19
2020-07-16,1.06609,1.06785,1.0651,1.06654,165184.55
2020-07-17,1.06655,1.06799,1.06615,1.06683,107582.0
2020-07-19,1.0654,1.06753,1.06531,1.0672,5029.41
2020-07-20,1.06721,1.06763,1.06553,1.06708,107050.92
2020-07-21,1.06707,1.07539,1.0667,1.07374,176418.22
2020-07-22,1.07375,1.07473,1.07082,1.07217,179074.4
2020-07-23,1.07215,1.07272,1.06881,1.06996,193584.42
2020-07-24,1.06998,1.07131,1.06726,1.06952,168478.23
2020-07-26,1.06937,1.06955,1.06772,1.06813,10748.84
2020-07-27,1.06815,1.07083,1.06708,1.0703,156858.49
2020-07-28,1.07029,1.07587,1.06969,1.07486,160110.49
2020-07-29,1.07486,1.07928,1.0748,1.07766,143064.16
2020-07-30,1.07766,1.08001,1.0734,1.07557,148702.04
2020-07-31,1.07559,1.0784,1.07447,1.07693,165194.15
2020-08-02,1.0746,1.07718,1.07441,1.07688,13026.69
2020-08-03,1.07688,1.07855,1.07171,1.07587,129964.62
2020-08-04,1.0759,1.08278,1.07495,1.07992,131149.14
2020-08-05,1.07992,1.08612,1.07952,1.08289,122349.92
2020-08-06,1.08287,1.08524,1.08064,1.08202,165171.89
2020-08-07,1.08209,1.08542,1.07979,1.0842,157235.15
2020-08-09,1.08306,1.08485,1.08255,1.0843,8412.53
2020-08-10,1.08431,1.08735,1.08319,1.08532,105469.05
2020-08-11,1.08532,1.08958,1.08331,1.08765,150489.89
2020-08-12,1.08765,1.09206,1.08471,1.08925,147733.15
2020-08-13,1.08927,1.09214,1.08837,1.092,115808.73
2020-08-14,1.09201,1.09629,1.09181,1.09556,84624.74
2020-08-16,1.09436,1.09949,1.094,1.09913,6989.06
2020-08-17,1.09913,1.10278,1.09775,1.1009,94269.12
2020-08-18,1.10091,1.10434,1.09582,1.09762,122946.07
2020-08-19,1.09759,1.09798,1.0929,1.09525,132078.77
2020-08-20,1.09525,1.10332,1.09326,1.10129,132476.08
2020-08-21,1.10133,1.10316,1.09388,1.09462,117530.14
2020-08-23,1.09702,1.09702,1.09316,1.09525,3635.11
2020-08-24,1.09524,1.10023,1.09468,1.09836,90569.1
2020-08-25,1.09837,1.1,1.0959,1.09858,104557.05
2020-08-26,1.0986,1.09964,1.09198,1.09239,120070.85
2020-08-27,1.0924,1.09429,1.08979,1.094,220134.65
2020-08-28,1.094,1.09573,1.09028,1.09212,143638.16
2020-08-30,1.09306,1.09386,1.09212,1.0928,5769.36
2020-08-31,1.09282,1.09588,1.09094,1.09564,275393.9
2020-09-01,1.09568,1.09599,1.08874,1.08993,149620.82
2020-09-02,1.08994,1.09114,1.0819,1.08317,128111.08
2020-09-03,1.08318,1.08589,1.08142,1.08423,136891.18
2020-09-04,1.08423,1.08558,1.08236,1.08315,159737.33
2020-09-06,1.08412,1.08496,1.08201,1.08472,7319.25
2020-09-07,1.08472,1.08813,1.08463,1.08803,64452.37
2020-09-08,1.08803,1.09189,1.08713,1.09039,130817.52
2020-09-09,1.09039,1.09132,1.08799,1.08915,119793.11
2020-09-10,1.08916,1.09357,1.08756,1.09246,133875.86
2020-09-11,1.09247,1.09305,1.09043,1.0919,100236.72
2020-09-13,1.09162,1.09255,1.08891,1.08898,5327.46
2020-09-14,1.08898,1.08955,1.0857,1.08737,80319.23
2020-09-15,1.08738,1.091,1.08588,1.08728,93520.88
2020-09-16,1.08729,1.0882,1.08271,1.08517,152984.6
2020-09-17,1.08518,1.08867,1.08099,1.08121,146210.61
2020-09-18,1.08119,1.08201,1.07656,1.07807,108319.33
2020-09-20,1.07824,1.07922,1.07775,1.07915,5287.13
2020-09-21,1.07917,1.08464,1.07834,1.08462,136579.52
2020-09-22,1.08462,1.08499,1.07952,1.08164,135590.22
2020-09-23,1.08163,1.0821,1.07488,1.07967,139223.9
2020-09-24,1.07969,1.08026,1.0753,1.07731,139366.05
2020-09-25,1.07729,1.07777,1.07168,1.07392,120547.48
2020-09-27,1.07363,1.07485,1.07276,1.07469,4284.18
2020-09-28,1.07471,1.08039,1.07454,1.08024,102298.75
2020-09-29,1.08027,1.08288,1.07826,1.08236,103043.49
2020-09-30,1.08237,1.08491,1.07867,1.08198,138711.52
2020-10-01,1.08196,1.0847,1.07961,1.07962,122302.98
2020-10-02,1.07962,1.08043,1.07705,1.07859,137224.48
2020-10-04,1.07605,1.0807,1.07605,1.08048,4942.16
2020-10-05,1.08049,1.08214,1.07911,1.08104,92261.57
2020-10-06,1.08104,1.08305,1.07589,1.07872,128832.71
2020-10-07,1.07871,1.08632,1.07846,1.08558,96625.82
2020-10-08,1.08557,1.08942,1.08457,1.08888,92757.59
2020-10-09,1.08889,1.08889,1.08486,1.08509,80351.16
2020-10-11,1.08417,1.08608,1.08398,1.08412,4763.79
2020-10-12,1.0841,1.0859,1.08267,1.08418,78323.05
2020-10-13,1.08417,1.0842,1.07555,1.07654,108335.29
2020-10-14,1.07655,1.07881,1.07206,1.07274,120477.87
2020-10-15,1.07274,1.07589,1.07015,1.07411,117432.99
2020-10-16,1.07413,1.0744,1.07103,1.07119,89184.27
2020-10-18,1.07027,1.07223,1.0698,1.07184,5411.44
2020-10-19,1.07184,1.07301,1.06817,1.06994,97114.52
2020-10-20,1.06994,1.07252,1.06914,1.07131,105812.35
2020-10-21,1.07132,1.07195,1.06751,1.06923,120833.3
2020-10-22,1.06922,1.07035,1.06439,1.06807,108214.28
2020-10-23,1.06805,1.06831,1.06534,1.06639,96780.18
2020-10-25,1.06568,1.06732,1.06564,1.06692,8192.58
2020-10-26,1.06693,1.0673,1.06372,1.06603,120688.44
2020-10-27,1.06602,1.06695,1.06062,1.06307,106235.2
2020-10-28,1.06306,1.0659,1.06022,1.061,148507.66
2020-10-29,1.061,1.06324,1.05952,1.06152,154115.02
2020-10-30,1.06155,1.06341,1.0595,1.0622,164116.17
2020-11-01,1.06223,1.06331,1.0613,1.06206,8211.86
2020-11-02,1.06206,1.06433,1.06014,1.06346,126696.77
2020-11-03,1.06346,1.07062,1.06039,1.06955,120721.96
2020-11-04,1.06954,1.07382,1.06504,1.0717,218001.47
2020-11-05,1.07166,1.07587,1.06879,1.07356,160890.96
2020-11-06,1.07357,1.07461,1.06942,1.0712,138880.32
2020-11-08,1.07173,1.0724,1.07089,1.07195,5125.21
2020-11-09,1.07191,1.073,1.06603,1.06665,192092.09
2020-11-10,1.0666,1.06753,1.06407,1.06645,166787.66
2020-11-11,1.06648,1.06853,1.05512,1.05525,126442.08
2020-11-12,1.05527,1.059,1.05462,1.05869,127920.81
2020-11-13,1.05868,1.06304,1.05789,1.0611,97297.85
2020-11-15,1.06092,1.06224,1.06037,1.06098,5516.13
2020-11-16,1.06098,1.06259,1.05871,1.05967,109795.8
2020-11-17,1.05965,1.06274,1.0582,1.05872,106168.66
2020-11-18,1.05873,1.05886,1.05395,1.05458,104299.06
2020-11-19,1.05458,1.05678,1.05173,1.05247,121637.21
2020-11-20,1.05247,1.05376,1.05106,1.0532,105048.21
2020-11-22,1.05364,1.05387,1.0526,1.05285,6438.9
2020-11-23,1.05282,1.05461,1.05139,1.05264,100692.19
2020-11-24,1.05262,1.05574,1.04715,1.0555,114985.74
2020-11-25,1.05549,1.05622,1.0489,1.05146,104121.04
2020-11-26,1.05146,1.05244,1.04969,1.05047,61671.16
2020-11-27,1.05046,1.05193,1.04884,1.04917,82378.71
2020-11-29,1.04985,1.05201,1.04938,1.05191,3320.66
2020-11-30,1.05191,1.05212,1.04599,1.04833,126496.91
2020-12-01,1.04834,1.04839,1.04172,1.04396,114493.03
2020-12-02,1.04399,1.0498,1.04229,1.04859,117306.21
2020-12-03,1.04856,1.05226,1.04748,1.0516,104472.25
2020-12-04,1.05165,1.05683,1.05103,1.05362,110190.55
2020-12-06,1.05463,1.05561,1.05417,1.0553,3200.54
2020-12-07,1.0553,1.05587,1.05157,1.05353,101786.98
2020-12-08,1.0535,1.0562,1.05126,1.05238,108646.5
2020-12-09,1.05234,1.06013,1.05206,1.05951,110510.98
2020-12-10,1.05949,1.06419,1.05927,1.06066,131148.48
2020-12-11,1.06067,1.06558,1.06066,1.06255,113810.62
2020-12-13,1.06294,1.06464,1.06262,1.06354,4841.13
2020-12-14,1.06354,1.06553,1.06219,1.06359,106392.9
2020-12-15,1.06358,1.06684,1.06141,1.0663,94386.65
2020-12-16,1.06629,1.06908,1.06268,1.06477,94915.68
2020-12-17,1.06478,1.06702,1.0625,1.06539,84168.61
2020-12-18,1.06541,1.06934,1.06402,1.06704,90362.42
2020-12-20,1.06596,1.06847,1.06544,1.06795,4614.72
2020-12-21,1.06795,1.07016,1.06513,1.06749,165811.91
2020-12-22,1.06747,1.07141,1.06727,1.07058,131504.31
2020-12-23,1.07055,1.07116,1.06684,1.06785,105298.8
2020-12-24,1.06789,1.07152,1.06606,1.06752,72945.46
2020-12-25,1.06753,1.06905,1.06595,1.06763,1624.0
2020-12-27,1.06759,1.06983,1.06674,1.06943,4200.36
2020-12-28,1.06943,1.06945,1.06621,1.06754,83414.8
2020-12-29,1.06754,1.06794,1.06282,1.06434,93199.87
2020-12-30,1.06434,1.0675,1.06299,1.06557,85401.47
2020-12-31,1.06558,1.07209,1.06487,1.07002,79733.01
2021-01-03,1.07088,1.07175,1.06978,1.07151,6918.22
2021-01-04,1.07154,1.07208,1.06694,1.06836,154385.67
2021-01-05,1.06835,1.07189,1.06696,1.06994,164050.77
2021-01-06,1.06994,1.07063,1.068,1.06985,212512.96
2021-01-07,1.06985,1.07057,1.06721,1.06917,151295.72
2021-01-08,1.06918,1.0734,1.06874,1.0724,190059.35
2021-01-10,1.07182,1.07426,1.07142,1.07211,6573.9
2021-01-11,1.07211,1.0747,1.07044,1.07432,148603.65
2021-01-12,1.07431,1.07758,1.0733,1.07563,128699.17
2021-01-13,1.07563,1.07831,1.0736,1.07731,115817.64
2021-01-14,1.07731,1.07951,1.07615,1.07735,124217.66
2021-01-15,1.07736,1.08041,1.07659,1.07975,145535.59
2021-01-17,1.07928,1.08016,1.07887,1.07939,4601.35
2021-01-18,1.07939,1.08087,1.0784,1.07996,91221.21
2021-01-19,1.07997,1.08421,1.07938,1.08184,120191.5
2021-01-20,1.08184,1.0839,1.07866,1.07929,121785.11
2021-01-21,1.07929,1.08003,1.07494,1.07554,119023.61
2021-01-22,1.07555,1.07684,1.07341,1.07365,128093.26
2021-01-24,1.07449,1.07514,1.07399,1.07422,4391.01
2021-01-25,1.07421,1.07481,1.06961,1.07151,137015.25
2021-01-26,1.07151,1.07222,1.06812,1.07109,114324.17
2021-01-27,1.0711,1.07154,1.06815,1.0709,186346.86
2021-01-28,1.0709,1.07125,1.06717,1.06921,180387.96
2021-01-29,1.06923,1.07028,1.06323,1.06373,185074.18
2021-01-31,1.06427,1.06477,1.06319,1.06369,6944.54
2021-02-01,1.06366,1.06625,1.0623,1.06541,155397.25
2021-02-02,1.06543,1.06768,1.05621,1.05735,149598.16
2021-02-03,1.05735,1.0595,1.05405,1.05733,124880.39
2021-02-04,1.05731,1.06244,1.05659,1.06162,113807.65
2021-02-05,1.06161,1.06603,1.06125,1.06526,109879.24
2021-02-07,1.06624,1.06677,1.06469,1.06474,6514.16
2021-02-08,1.06476,1.06732,1.06453,1.06658,96036.77
2021-02-09,1.06655,1.06903,1.06521,1.06883,105546.44
2021-02-10,1.06882,1.0727,1.06875,1.07002,123898.76
2021-02-11,1.07002,1.07298,1.06996,1.07195,85577.79
2021-02-12,1.07195,1.07587,1.07185,1.07426,69632.22
2021-02-14,1.07735,1.07735,1.07517,1.07545,4195.18
2021-02-15,1.07542,1.07696,1.07378,1.07639,55024.49
2021-02-16,1.0764,1.07687,1.07185,1.07609,113070.8
2021-02-17,1.07609,1.07948,1.07609,1.07854,129170.43
2021-02-18,1.07852,1.07958,1.07519,1.07616,125490.89
2021-02-19,1.07618,1.07935,1.07572,1.07836,110777.85
2021-02-21,1.07927,1.07928,1.0777,1.07853,4100.26
2021-02-22,1.07852,1.08163,1.07642,1.08001,109663.47
2021-02-23,1.08,1.08271,1.07717,1.07753,117948.55
2021-02-24,1.07753,1.08206,1.06864,1.07167,138040.48
2021-02-25,1.07169,1.07405,1.06661,1.06793,188821.4
2021-02-26,1.06793,1.07154,1.06391,1.0646,231745.42
2021-02-28,1.06477,1.06713,1.06444,1.06626,7437.02
2021-03-01,1.06626,1.07093,1.06433,1.06858,147663.78
2021-03-02,1.06854,1.07701,1.06757,1.07285,159639.52
2021-03-03,1.07286,1.07559,1.07188,1.07264,140879.01
2021-03-04,1.07265,1.07538,1.07192,1.07479,182249.13
2021-03-05,1.07478,1.07669,1.07165,1.0728,183426.18
2021-03-07,1.07305,1.07405,1.07199,1.07387,6951.56
2021-03-08,1.07383,1.07646,1.07214,1.0734,164505.43
2021-03-09,1.0734,1.07709,1.07271,1.0747,141674.91
2021-03-10,1.0747,1.07612,1.07378,1.07462,127858.62
2021-03-11,1.07462,1.07848,1.0739,1.07745,110200.18
2021-03-12,1.07746,1.08183,1.07733,1.08064,115119.42
2021-03-14,1.0805,1.08098,1.07913,1.07996,5984.2
2021-03-15,1.07992,1.08001,1.07421,1.07575,95839.28
2021-03-16,1.07579,1.07813,1.07475,1.07682,97566.91
2021-03-17,1.0768,1.07866,1.07478,1.07748,117724.13
2021-03-18,1.07749,1.08403,1.07733,1.08174,154107.25
2021-03-19,1.08175,1.08257,1.079,1.07979,125427.01
2021-03-21,1.07968,1.08056,1.07886,1.07973,3978.81
2021-03-22,1.07975,1.08641,1.0782,1.08588,90982.47
2021-03-23,1.08589,1.09365,1.0852,1.08772,112224.08
2021-03-24,1.08771,1.09306,1.0873,1.08921,92615.23
2021-03-25,1.08922,1.09079,1.088,1.08996,97134.56
2021-03-26,1.08996,1.09296,1.08906,1.09119,81610.7
2021-03-28,1.09192,1.09242,1.09017,1.09197,4689.41
2021-03-29,1.09194,1.0946,1.08901,1.08979,81589.72
2021-03-30,1.08979,1.09052,1.08678,1.08817,78565.96
2021-03-31,1.08816,1.09015,1.08633,1.08749,76098.86
2021-04-01,1.08749,1.08833,1.08341,1.08451,82614.64
2021-04-02,1.08451,1.08515,1.08052,1.0811,35281.01
2021-04-04,1.08236,1.08426,1.08066,1.08368,5451.23
2021-04-05,1.08371,1.08442,1.08178,1.08361,52959.05
2021-04-06,1.08361,1.08748,1.08278,1.08537,79274.58
2021-04-07,1.08533,1.08656,1.08357,1.08563,78766.49
2021-04-08,1.08563,1.08648,1.08293,1.08431,73958.88
2021-04-09,1.08434,1.0848,1.08182,1.08325,71440.32
2021-04-11,1.08228,1.08426,1.08195,1.08302,3760.75
2021-04-12,1.08302,1.08473,1.08138,1.08462,70757.43
2021-04-13,1.08463,1.08542,1.08129,1.08303,81510.07
2021-04-14,1.08303,1.08412,1.07959,1.08193,89133.82
2021-04-15,1.08195,1.08245,1.07914,1.08024,77521.68
2021-04-16,1.08025,1.08414,1.07962,1.0817,63016.28
2021-04-18,1.08399,1.08399,1.0823,1.08231,3708.65
2021-04-19,1.0823,1.08331,1.07912,1.07994,75040.28
2021-04-20,1.07997,1.08226,1.07498,1.07773,89814.46
2021-04-21,1.07771,1.07783,1.07402,1.07628,82047.72
2021-04-22,1.07631,1.07912,1.07447,1.07684,85337.06
2021-04-23,1.0768,1.07831,1.07575,1.07587,58884.98
2021-04-25,1.07581,1.07709,1.0754,1.07661,3134.02
2021-04-26,1.07663,1.08011,1.07622,1.07845,73525.24
2021-04-27,1.07843,1.07929,1.0765,1.07824,67571.2
2021-04-28,1.07822,1.07882,1.07145,1.07305,91185.21
2021-04-29,1.07305,1.07424,1.07155,1.07314,84492.94
2021-04-30,1.07315,1.07728,1.07228,1.07623,79928.55
2021-05-02,1.07572,1.07691,1.07509,1.07679,3510.22
2021-05-03,1.07677,1.07889,1.07509,1.07803,75625.28
2021-05-04,1.07801,1.0821,1.07525,1.07697,104183.98
2021-05-05,1.077,1.07859,1.07214,1.07376,75685.9
2021-05-06,1.07373,1.0767,1.07175,1.07661,88872.35
2021-05-07,1.0766,1.07895,1.07412,1.0767,83085.39
2021-05-09,1.07692,1.07785,1.07664,1.0772,3343.57
2021-05-10,1.0772,1.08132,1.0768,1.07829,78418.04
2021-05-11,1.07825,1.07945,1.07686,1.07919,87821.49
2021-05-12,1.07924,1.08042,1.07688,1.07931,110710.44
2021-05-13,1.07932,1.07939,1.07454,1.07552,85540.23
2021-05-14,1.07552,1.0771,1.07204,1.07239,62039.22
2021-05-16,1.07104,1.07406,1.07104,1.07381,2299.49
2021-05-17,1.07378,1.07787,1.07222,1.07684,71049.2
2021-05-18,1.07685,1.07744,1.07378,1.07598,67530.19
2021-05-19,1.07599,1.07913,1.07517,1.07794,117111.81
2021-05-20,1.07796,1.08014,1.07726,1.07961,84812.17
2021-05-21,1.07963,1.08076,1.07716,1.07805,91655.82
2021-05-23,1.07592,1.07837,1.07592,1.07716,4151.43
2021-05-24,1.07716,1.079,1.0731,1.07433,72097.63
2021-05-25,1.0744,1.07482,1.07042,1.07277,78384.59
2021-05-26,1.07278,1.07314,1.06148,1.06347,84608.13
2021-05-27,1.06348,1.06369,1.05999,1.06298,72454.85
2021-05-28,1.06294,1.06559,1.06203,1.06294,79188.19
2021-05-30,1.06165,1.06463,1.06165,1.06427,2465.51
2021-05-31,1.06425,1.06594,1.06188,1.0641,58569.86
2021-06-01,1.06414,1.07021,1.06352,1.06934,81118.62
2021-06-02,1.06934,1.07176,1.06785,1.07063,67476.54
2021-06-03,1.07062,1.07332,1.07017,1.07204,84314.57
2021-06-04,1.07205,1.07568,1.07052,1.07286,76127.93
2021-06-06,1.07293,1.0742,1.07235,1.07376,2290.86
2021-06-07,1.07375,1.07476,1.07178,1.07351,70542.14
2021-06-08,1.07353,1.0762,1.07192,1.07613,66964.56
2021-06-09,1.07611,1.07782,1.07437,1.07769,49780.31
2021-06-10,1.0777,1.07818,1.07582,1.07756,63004.81
2021-06-11,1.07757,1.08114,1.07713,1.08051,56321.78
2021-06-13,1.07953,1.08053,1.07798,1.0797,2741.94
2021-06-14,1.0797,1.08077,1.07817,1.07956,54925.23
2021-06-15,1.07956,1.08028,1.07701,1.07907,66749.11
2021-06-16,1.07909,1.08032,1.07626,1.07694,105171.82
2021-06-17,1.07694,1.08028,1.07439,1.07721,103880.48
2021-06-18,1.0772,1.08121,1.07666,1.07863,94492.59
2021-06-20,1.07866,1.07987,1.07789,1.07953,4858.66
2021-06-21,1.07952,1.07993,1.07658,1.07851,91084.33
2021-06-22,1.07852,1.0787,1.0744,1.07656,74790.44
2021-06-23,1.07658,1.07772,1.07391,1.07497,62299.76
2021-06-24,1.07493,1.07527,1.07255,1.07347,72085.89
2021-06-25,1.07347,1.07476,1.07235,1.0737,60723.1
2021-06-27,1.0724,1.07441,1.07161,1.07433,3411.97
2021-06-28,1.07432,1.07504,1.07221,1.07364,58398.05
2021-06-29,1.07365,1.07652,1.07285,1.07497,72473.38
2021-06-30,1.07496,1.07598,1.07154,1.07162,68407.63
2021-07-01,1.07162,1.07242,1.0701,1.07208,66354.47
2021-07-02,1.07209,1.07271,1.06955,1.0698,70201.12
2021-07-04,1.06978,1.07036,1.06978,1.07009,3068.42
2021-07-05,1.07016,1.07282,1.06789,1.06932,63948.53
2021-07-06,1.06932,1.07223,1.06627,1.06802,94933.87
2021-07-07,1.06803,1.06902,1.06583,1.06702,84466.75
2021-07-08,1.06701,1.0706,1.06646,1.06965,120056.07
2021-07-09,1.06965,1.07153,1.06865,1.06987,95267.23
2021-07-11,1.06869,1.07024,1.06783,1.06912,4878.01
2021-07-12,1.06909,1.07236,1.06876,1.07034,81972.82
2021-07-13,1.07036,1.07386,1.06952,1.07144,99303.2
2021-07-14,1.07144,1.07164,1.0618,1.06287,124903.14
2021-07-15,1.06291,1.06596,1.05759,1.05875,102099.72
2021-07-16,1.05873,1.06112,1.05559,1.05591,76833.48
2021-07-18,1.05648,1.05689,1.05555,1.05625,3918.32
2021-07-19,1.05628,1.05906,1.05519,1.05902,118738.65
2021-07-20,1.05903,1.06139,1.05704,1.05994,97610.04
2021-07-21,1.05993,1.06023,1.05434,1.05632,76183.12
2021-07-22,1.05635,1.05994,1.05562,1.05722,94835.93
2021-07-23,1.05723,1.05852,1.05449,1.0551,59514.39
2021-07-25,1.05549,1.05604,1.05454,1.0551,2566.23
2021-07-26,1.0551,1.05593,1.05385,1.05469,72840.1
2021-07-27,1.05467,1.05976,1.05401,1.05787,91460.4
2021-07-28,1.05785,1.06063,1.05666,1.05988,107090.22
2021-07-29,1.05988,1.06032,1.05384,1.05492,67465.33
2021-07-30,1.05494,1.05581,1.05179,1.05287,75419.58
2021-08-01,1.05116,1.05363,1.05113,1.05265,4026.96
2021-08-02,1.05268,1.0565,1.05253,1.05349,71068.48
2021-08-03,1.05349,1.05643,1.04936,1.04983,82746.67
2021-08-04,1.04985,1.05032,1.04672,1.04805,72890.73
2021-08-05,1.04805,1.05041,1.04725,1.05034,60915.3
2021-08-06,1.05032,1.05034,1.04723,1.04866,62799.53
2021-08-08,1.04764,1.05023,1.04764,1.04915,6368.27
2021-08-09,1.04913,1.0494,1.04705,1.04832,63017.46
2021-08-10,1.04834,1.0511,1.04727,1.04823,53587.91
2021-08-11,1.04823,1.04865,1.04551,1.04676,58353.79
2021-08-12,1.04672,1.04873,1.04552,1.04805,48753.41
2021-08-13,1.04803,1.0489,1.0464,1.04645,38114.19
2021-08-15,1.04627,1.04683,1.04615,1.04632,3348.01
2021-08-16,1.04632,1.04643,1.04232,1.0442,51520.31
2021-08-17,1.04419,1.05397,1.04193,1.04731,89279.88
2021-08-18,1.04729,1.05405,1.0451,1.05184,97355.55
2021-08-19,1.05186,1.05367,1.04547,1.04787,109687.08
2021-08-20,1.04786,1.04797,1.04299,1.04394,68441.7
2021-08-22,1.04285,1.04556,1.04186,1.04505,3833.59
2021-08-23,1.04506,1.04716,1.04445,1.04569,68574.85
2021-08-24,1.04568,1.0471,1.0409,1.04477,63317.65
2021-08-25,1.04477,1.04583,1.04222,1.04363,62235.1
2021-08-26,1.04363,1.0443,1.04019,1.04231,66809.34
2021-08-27,1.0423,1.04429,1.04089,1.04204,60802.29
2021-08-29,1.04339,1.04365,1.04078,1.04325,2431.44
2021-08-30,1.04325,1.04386,1.04121,1.04177,46666.78
2021-08-31,1.04176,1.04192,1.03473,1.03772,79652.23
2021-09-01,1.03771,1.04344,1.03755,1.04255,64148.03
2021-09-02,1.04254,1.04353,1.03968,1.04063,69236.73
2021-09-03,1.04063,1.04448,1.03994,1.04085,68654.35
2021-09-05,1.03939,1.04194,1.03939,1.04092,3615.95
2021-09-06,1.04094,1.04282,1.03987,1.04203,81239.43
2021-09-07,1.04202,1.04527,1.03806,1.04071,81989.99
2021-09-08,1.04066,1.04095,1.03695,1.03702,86446.54
2021-09-09,1.03703,1.03801,1.03537,1.03712,97352.07
2021-09-10,1.03708,1.03815,1.03311,1.03342,78794.0
2021-09-12,1.03295,1.03511,1.032,1.03501,2618.01
2021-09-13,1.03498,1.03665,1.03293,1.03539,76997.24
2021-09-14,1.03534,1.03614,1.02956,1.03133,89887.09
2021-09-15,1.03132,1.03263,1.02802,1.02935,65504.75
2021-09-16,1.02936,1.03159,1.02791,1.03123,78515.81
2021-09-17,1.03122,1.03472,1.03055,1.03314,66734.77
2021-09-19,1.03219,1.03354,1.03073,1.03276,2862.24
2021-09-20,1.0327,1.03577,1.02891,1.03446,118909.41
2021-09-21,1.03445,1.0358,1.03061,1.03298,86193.04
2021-09-22,1.03298,1.03521,1.03084,1.03458,105620.29
2021-09-23,1.03456,1.03534,1.03002,1.03281,79767.78
2021-09-24,1.03282,1.03561,1.03142,1.03423,73325.45
2021-09-26,1.0335,1.03578,1.03124,1.03543,3111.98
2021-09-27,1.03543,1.03924,1.0353,1.03893,87884.95
2021-09-28,1.03893,1.04312,1.03755,1.04084,106475.03
2021-09-29,1.04082,1.04646,1.04074,1.04462,109197.0
2021-09-30,1.04454,1.04862,1.04454,1.04814,103259.38
2021-10-01,1.04817,1.04912,1.04495,1.04578,102539.82
2021-10-03,1.04552,1.04812,1.04552,1.04803,4205.42
2021-10-04,1.04803,1.04855,1.04375,1.04705,96268.81
2021-10-05,1.04703,1.04772,1.04336,1.04772,85604.64
2021-10-06,1.0477,1.05298,1.04412,1.05279,110681.0
2021-10-07,1.05278,1.05532,1.0519,1.05457,78415.61
2021-10-08,1.05457,1.05545,1.05256,1.05395,85686.98
2021-10-10,1.05533,1.05601,1.05376,1.05381,5062.78
2021-10-11,1.05387,1.0594,1.05344,1.05842,77872.91
2021-10-12,1.05842,1.06114,1.05785,1.05909,80592.53
2021-10-13,1.05916,1.06045,1.05643,1.05893,84314.11
2021-10-14,1.05896,1.05971,1.05315,1.05371,74105.3
2021-10-15,1.05373,1.05398,1.0481,1.04819,74481.71
2021-10-17,1.04624,1.04862,1.04522,1.04801,13563.58
2021-10-18,1.04795,1.04857,1.0452,1.04564,77138.43
2021-10-19,1.04567,1.04685,1.04241,1.04465,85255.49
2021-10-20,1.04467,1.04572,1.04232,1.04398,80090.83
2021-10-21,1.04399,1.04641,1.0424,1.04298,84846.35
2021-10-22,1.04296,1.04951,1.04157,1.04354,105763.92
2021-10-24,1.04305,1.04461,1.04304,1.04453,2821.15
2021-10-25,1.04451,1.04913,1.04353,1.04545,80559.55
2021-10-26,1.04544,1.04842,1.04484,1.04807,76815.83
2021-10-27,1.04805,1.05176,1.04656,1.047,100905.35
2021-10-28,1.04694,1.04838,1.04557,1.04674,109957.42
2021-10-29,1.04674,1.05275,1.04674,1.04864,116116.95
2021-10-31,1.04863,1.04948,1.0473,1.04762,3523.9
2021-11-01,1.0476,1.04838,1.04439,1.04757,80546.06
2021-11-02,1.04755,1.04841,1.0405,1.04354,91408.83
2021-11-03,1.04355,1.04471,1.03901,1.04079,111734.17
2021-11-04,1.04077,1.04244,1.03941,1.04204,86866.67
2021-11-05,1.04204,1.04331,1.03879,1.03885,88938.42
2021-11-07,1.04002,1.04091,1.03883,1.04024,4440.99
2021-11-08,1.04029,1.04055,1.03344,1.0351,72790.98
2021-11-09,1.03514,1.03796,1.03298,1.03534,83474.8
2021-11-10,1.03535,1.03903,1.03424,1.03784,97215.05
2021-11-11,1.03785,1.04008,1.03555,1.03846,82355.21
2021-11-12,1.03857,1.04108,1.03787,1.04034,61955.56
2021-11-14,1.04007,1.04212,1.03885,1.04104,3397.27
2021-11-15,1.04103,1.04368,1.03966,1.04283,67238.59
2021-11-16,1.04277,1.04562,1.04229,1.04442,88041.83
2021-11-17,1.0444,1.04463,1.03715,1.03782,83984.49
2021-11-18,1.03776,1.03789,1.03224,1.03335,84518.2
2021-11-19,1.03331,1.03611,1.03274,1.03346,89113.89
2021-11-21,1.03288,1.03487,1.03258,1.0344,2702.54
2021-11-22,1.0344,1.04012,1.03376,1.04003,89439.41
2021-11-23,1.04002,1.0431,1.03834,1.03876,100972.63
2021-11-24,1.03872,1.04832,1.037,1.04754,96897.16
2021-11-25,1.04754,1.05019,1.04527,1.04806,58812.89
2021-11-26,1.04805,1.0485,1.04283,1.04365,120268.44
2021-11-28,1.04302,1.04654,1.04189,1.04636,6164.72
2021-11-29,1.04634,1.04964,1.04448,1.04607,95779.0
2021-11-30,1.04607,1.04823,1.04224,1.04404,179585.55
2021-12-01,1.04403,1.04565,1.04226,1.04302,138192.28
2021-12-02,1.04303,1.04378,1.03974,1.0404,117753.48
2021-12-03,1.04043,1.04199,1.03669,1.03703,110110.3
2021-12-05,1.03633,1.03873,1.0359,1.03858,5058.64
2021-12-06,1.03855,1.04506,1.03768,1.04437,88589.1
2021-12-07,1.04443,1.05014,1.04401,1.04951,85084.74
2021-12-08,1.04952,1.05358,1.0491,1.05295,102267.9
2021-12-09,1.05293,1.05363,1.05094,1.05166,81319.08
2021-12-10,1.05166,1.05628,1.05024,1.05465,73898.13
2021-12-12,1.05294,1.05495,1.05162,1.05439,4304.52
2021-12-13,1.05447,1.0565,1.05241,1.0562,69422.2
2021-12-14,1.0562,1.0562,1.05195,1.05475,84687.07
2021-12-15,1.05476,1.05968,1.05445,1.05732,118786.06
2021-12-16,1.05731,1.05962,1.05484,1.0558,111081.09
2021-12-17,1.05577,1.05904,1.05564,1.05715,99151.11
2021-12-19,1.05658,1.05852,1.05643,1.05721,5735.36
2021-12-20,1.05721,1.06011,1.05566,1.05914,111139.93
2021-12-21,1.05916,1.05961,1.05492,1.05643,79272.99
2021-12-22,1.05643,1.06,1.05576,1.05978,75874.31
2021-12-23,1.05973,1.06272,1.05786,1.06074,69272.47
2021-12-24,1.06074,1.06274,1.05559,1.05814,183850.64
2021-12-26,1.05673,1.06183,1.05672,1.06093,2469.19
2021-12-27,1.06091,1.06332,1.06033,1.06152,44172.47
2021-12-28,1.06154,1.06428,1.06087,1.06275,54835.12
2021-12-29,1.0627,1.06429,1.06026,1.06124,73877.49
2021-12-30,1.06127,1.0643,1.05692,1.06149,71711.95
2021-12-31,1.0615,1.06316,1.06036,1.06185,62474.97
2022-01-02,1.05881,1.06262,1.05881,1.06247,1755.05
2022-01-03,1.06243,1.0626,1.05718,1.05984,66427.14
2022-01-04,1.05983,1.06382,1.05855,1.06246,87150.32
2022-01-05,1.06243,1.06499,1.06145,1.06298,102919.49
2022-01-06,1.06293,1.06308,1.05974,1.06267,97145.11
2022-01-07,1.06259,1.06326,1.05776,1.05911,73155.82
2022-01-09,1.05892,1.06035,1.05745,1.05939,4292.64
2022-01-10,1.0594,1.06315,1.05848,1.06113,101109.81
2022-01-11,1.06119,1.06316,1.06015,1.0628,92952.51
2022-01-12,1.06279,1.06482,1.06199,1.06353,90718.84
2022-01-13,1.06353,1.06359,1.0599,1.0611,88401.62
2022-01-14,1.06113,1.06156,1.05849,1.05903,101524.87
2022-01-16,1.05923,1.06003,1.05814,1.05991,3056.08
2022-01-17,1.05993,1.06135,1.05815,1.06101,66134.9
2022-01-18,1.06102,1.06237,1.05975,1.06142,113578.71
2022-01-19,1.06143,1.06435,1.0584,1.06429,109870.23
2022-01-20,1.06426,1.07036,1.06387,1.069,103161.8
2022-01-21,1.06904,1.07133,1.0676,1.06815,137675.46
2022-01-23,1.06781,1.06977,1.06732,1.06917,4473.73
2022-01-24,1.06916,1.07022,1.06342,1.06708,177885.27
2022-01-25,1.06708,1.07112,1.06682,1.0699,177600.07
2022-01-26,1.06991,1.07267,1.06791,1.06909,190562.83
2022-01-27,1.06907,1.07207,1.06772,1.06837,183737.71
2022-01-28,1.0685,1.07056,1.06562,1.06814,205652.95
2022-01-30,1.06688,1.06855,1.06514,1.06785,5588.71
2022-01-31,1.06784,1.07518,1.06763,1.07455,146442.68
2022-02-01,1.07449,1.07569,1.06992,1.0748,161717.54
2022-02-02,1.07477,1.077,1.07315,1.0769,129691.63
2022-02-03,1.0769,1.0769,1.07052,1.07138,185387.89
2022-02-04,1.07135,1.07173,1.06794,1.06931,170356.47
2022-02-06,1.06958,1.0707,1.0688,1.0695,3717.08
2022-02-07,1.0695,1.07442,1.06942,1.07375,137924.36
2022-02-08,1.07375,1.07538,1.07158,1.07451,134060.46
2022-02-09,1.07454,1.07662,1.07296,1.07448,122059.84
2022-02-10,1.07449,1.07696,1.07207,1.07435,205350.87
2022-02-11,1.07436,1.07496,1.07045,1.07045,236503.86
2022-02-13,1.07246,1.07565,1.07098,1.07487,7619.88
2022-02-14,1.07486,1.07804,1.07379,1.07768,201482.18
2022-02-15,1.07767,1.07896,1.07311,1.07654,155141.62
2022-02-16,1.07654,1.07958,1.07544,1.07664,143744.75
2022-02-17,1.07664,1.077,1.07274,1.07432,181326.64
2022-02-18,1.0743,1.07439,1.07101,1.07119,153319.3
2022-02-20,1.07138,1.07218,1.07072,1.07204,5119.8
2022-02-21,1.07205,1.07419,1.0709,1.07287,146188.23
2022-02-22,1.07286,1.07378,1.06993,1.07191,198940.56
2022-02-23,1.0719,1.07325,1.06679,1.06747,158507.83
2022-02-24,1.06749,1.07242,1.06652,1.07049,313462.66
2022-02-25,1.07046,1.07351,1.06759,1.07162,226367.23
2022-02-27,1.07335,1.07419,1.0716,1.07366,13995.62
2022-02-28,1.07366,1.07486,1.07072,1.07267,196645.09
2022-03-01,1.07265,1.07501,1.07158,1.07294,192948.88
2022-03-02,1.07293,1.07554,1.0718,1.07522,207605.71
2022-03-03,1.07521,1.07956,1.07511,1.07725,168572.28
2022-03-04,1.07725,1.07914,1.07311,1.07388,198712.11
2022-03-06,1.07549,1.07594,1.07354,1.07557,9139.37
2022-03-07,1.07557,1.07668,1.07087,1.07191,213484.89
2022-03-08,1.0719,1.07315,1.06425,1.06813,250746.29
2022-03-09,1.06814,1.07173,1.06706,1.06998,193928.56
2022-03-10,1.07004,1.07267,1.06916,1.07148,171348.8
2022-03-11,1.07152,1.07295,1.06848,1.07191,182357.23
2022-03-13,1.06925,1.07156,1.06893,1.071,4589.56
2022-03-14,1.07098,1.07111,1.06464,1.06663,169884.7
2022-03-15,1.06664,1.06737,1.05999,1.06358,154094.56
2022-03-16,1.06358,1.0675,1.06316,1.06698,170354.68
2022-03-17,1.06696,1.07213,1.06664,1.07096,144016.33
2022-03-18,1.07095,1.07403,1.07076,1.07255,130592.82
2022-03-20,1.07201,1.0744,1.07199,1.07405,4222.33
2022-03-21,1.07401,1.07522,1.07054,1.07503,130129.6
2022-03-22,1.07507,1.07536,1.06929,1.07158,113523.37
2022-03-23,1.07159,1.07634,1.07054,1.07493,118945.93
2022-03-24,1.07491,1.08055,1.07415,1.07834,126258.18
2022-03-25,1.07834,1.08084,1.07741,1.07903,122960.63
2022-03-27,1.07902,1.08081,1.07572,1.08048,5788.6
2022-03-28,1.0804,1.08743,1.0798,1.0856,144753.54
2022-03-29,1.08557,1.08843,1.08133,1.08236,155031.75
2022-03-30,1.08235,1.08256,1.07544,1.07617,143860.6
2022-03-31,1.07609,1.08128,1.07572,1.08086,151144.79
2022-04-01,1.08078,1.08597,1.07917,1.08306,119296.72
2022-04-03,1.08065,1.08398,1.07917,1.08372,3695.11
2022-04-04,1.08371,1.08609,1.08073,1.0859,110202.91
2022-04-05,1.08589,1.09239,1.08424,1.09172,145323.26
2022-04-06,1.09171,1.09214,1.08332,1.08583,176677.73
2022-04-07,1.08579,1.08664,1.08195,1.08621,146236.23
2022-04-08,1.08614,1.09022,1.08571,1.08867,141894.37
2022-04-10,1.08722,1.09021,1.08722,1.08968,5241.01
2022-04-11,1.08967,1.09059,1.08371,1.08745,149190.61
2022-04-12,1.08745,1.0888,1.0856,1.08707,186654.45
2022-04-13,1.08709,1.09737,1.08289,1.09555,187075.34
2022-04-14,1.09555,1.09669,1.08833,1.09252,150470.46
2022-04-15,1.09253,1.09365,1.08937,1.09246,128850.3
2022-04-17,1.0916,1.09394,1.0916,1.09394,4943.04
2022-04-18,1.09393,1.09498,1.09017,1.09232,118305.02
2022-04-19,1.09231,1.09677,1.09175,1.09591,168241.74
2022-04-20,1.09591,1.09979,1.09327,1.09746,168020.66
2022-04-21,1.09747,1.09791,1.09389,1.09489,184669.85
2022-04-22,1.09489,1.09682,1.0909,1.09143,191517.21
2022-04-24,1.09322,1.09327,1.08928,1.09193,5587.93
2022-04-25,1.09196,1.09199,1.08208,1.08456,214351.62
2022-04-26,1.08456,1.08826,1.08392,1.08621,192172.51
2022-04-27,1.08621,1.09161,1.08532,1.08888,205034.95
2022-04-28,1.08887,1.09616,1.0885,1.09479,237125.68
2022-04-29,1.0948,1.09775,1.0928,1.0929,167122.26
2022-05-01,1.09241,1.0944,1.09087,1.0943,10451.8
2022-05-02,1.09429,1.09754,1.09293,1.09422,180023.13
2022-05-03,1.09426,1.10643,1.09399,1.10381,223316.98
2022-05-04,1.10375,1.1109,1.10203,1.10713,233946.61
2022-05-05,1.10711,1.1093,1.10396,1.10715,262425.01
2022-05-06,1.10714,1.10735,1.10171,1.10335,268760.46
2022-05-08,1.10151,1.10367,1.10094,1.10271,11818.38
2022-05-09,1.10268,1.1052,1.09727,1.10021,293233.72
2022-05-10,1.10023,1.10383,1.09837,1.10254,283137.95
2022-05-11,1.10255,1.10621,1.09893,1.10214,317446.49
2022-05-12,1.10216,1.10526,1.09819,1.09983,329131.16
2022-05-13,1.09984,1.10581,1.09946,1.10295,198158.59
2022-05-15,1.10187,1.10536,1.10186,1.10431,6104.34
2022-05-16,1.10432,1.10662,1.10141,1.10475,219065.53
2022-05-17,1.10466,1.10796,1.10215,1.10532,216681.29
2022-05-18,1.10533,1.10664,1.10209,1.10571,203277.45
2022-05-19,1.1057,1.10693,1.09899,1.10342,288674.64
2022-05-20,1.10342,1.10362,1.09812,1.09851,223067.32
2022-05-22,1.1,1.10065,1.09817,1.09979,6906.21
2022-05-23,1.09977,1.10021,1.09684,1.09939,179817.51
2022-05-24,1.09934,1.10151,1.09758,1.10141,210268.46
2022-05-25,1.1014,1.10243,1.09209,1.09398,222473.68
2022-05-26,1.09392,1.09677,1.09343,1.09518,166454.25
2022-05-27,1.09518,1.09655,1.09333,1.09475,146805.65
2022-05-29,1.09384,1.09664,1.09294,1.09567,8676.7
2022-05-30,1.09571,1.09846,1.09455,1.09722,125884.95
2022-05-31,1.0972,1.10362,1.0971,1.10172,185425.63
2022-06-01,1.10174,1.10774,1.10112,1.1068,185500.3
2022-06-02,1.10679,1.10789,1.10522,1.10755,141517.99
2022-06-03,1.10755,1.10954,1.10607,1.10705,132042.54
2022-06-05,1.10602,1.10781,1.10594,1.10659,5754.41
2022-06-06,1.10659,1.10905,1.10556,1.10829,133758.61
2022-06-07,1.10829,1.11613,1.10771,1.11425,186660.44
2022-06-08,1.11424,1.11624,1.11391,1.11536,165415.26
2022-06-09,1.11536,1.11537,1.11023,1.11152,192976.2
2022-06-10,1.11152,1.11158,1.10749,1.1077,199318.68
2022-06-12,1.1072,1.10975,1.10664,1.10766,11747.72
2022-06-13,1.10767,1.1098,1.10457,1.10631,243418.16
2022-06-14,1.10632,1.1097,1.10219,1.10636,261013.7
2022-06-15,1.10635,1.11667,1.10602,1.11541,281059.88
2022-06-16,1.11537,1.11609,1.10346,1.10703,292926.29
2022-06-17,1.107,1.10882,1.09785,1.09794,227917.44
2022-06-19,1.096,1.0994,1.09579,1.09892,10069.07
2022-06-20,1.09894,1.10059,1.09528,1.09982,172419.66
2022-06-21,1.09983,1.10218,1.0965,1.10212,211930.73
2022-06-22,1.1021,1.10503,1.10065,1.10105,207653.43
2022-06-23,1.10103,1.10299,1.09623,1.09827,216034.15
2022-06-24,1.09829,1.09979,1.0952,1.09889,185308.6
2022-06-26,1.09779,1.09995,1.09779,1.09978,8204.91
2022-06-27,1.09977,1.10018,1.0953,1.09979,208337.43
2022-06-28,1.09978,1.10797,1.09859,1.10696,223582.7
2022-06-29,1.10697,1.10759,1.10269,1.10521,226859.62
2022-06-30,1.10517,1.10896,1.10235,1.10545,232396.01
2022-07-01,1.10546,1.10603,1.09657,1.09744,232821.51
2022-07-03,1.09733,1.09858,1.09697,1.09764,8455.38
2022-07-04,1.09763,1.10651,1.09616,1.10572,143454.01
2022-07-05,1.10572,1.10775,1.10034,1.1018,228649.18
2022-07-06,1.1018,1.10431,1.09832,1.10281,256611.3
2022-07-07,1.10283,1.1084,1.10149,1.10826,187464.62
2022-07-08,1.10825,1.10939,1.10541,1.1071,201531.55
2022-07-10,1.10594,1.10785,1.10504,1.10667,10678.64
2022-07-11,1.10667,1.10695,1.09937,1.10145,206177.68
2022-07-12,1.10148,1.10341,1.0982,1.1019,224904.13
2022-07-13,1.10192,1.1065,1.10086,1.10213,266964.48
2022-07-14,1.10211,1.10686,1.09832,1.10189,281606.81
2022-07-15,1.10187,1.10394,1.09741,1.102,220470.66
2022-07-17,1.10266,1.10471,1.10051,1.10075,10782.22
2022-07-18,1.10075,1.10822,1.09918,1.10667,184973.08
2022-07-19,1.10666,1.10979,1.10578,1.10624,191648.36
2022-07-20,1.10625,1.10697,1.10353,1.10633,212839.5
2022-07-21,1.10632,1.11045,1.10556,1.10863,242142.55
2022-07-22,1.1086,1.11095,1.10595,1.10691,220103.9
2022-07-24,1.10449,1.10861,1.10427,1.10757,10223.94
2022-07-25,1.10758,1.11117,1.10647,1.11068,182159.27
2022-07-26,1.11068,1.11428,1.11049,1.11301,162340.67
2022-07-27,1.11302,1.11769,1.10929,1.11733,189519.25
2022-07-28,1.11731,1.11792,1.10875,1.11176,204862.07
2022-07-29,1.11178,1.11347,1.10909,1.11079,186359.34
2022-07-31,1.10995,1.11145,1.10994,1.11028,9314.58
2022-08-01,1.11028,1.11261,1.10706,1.10914,202651.58
2022-08-02,1.10914,1.11069,1.10067,1.10757,295963.32
2022-08-03,1.10759,1.11029,1.10562,1.10685,235109.22
2022-08-04,1.10685,1.10743,1.10289,1.1052,193571.63
2022-08-05,1.1052,1.10785,1.10292,1.10762,176138.01
2022-08-07,1.10511,1.10705,1.10511,1.10627,6190.27
2022-08-08,1.10627,1.11256,1.10619,1.11091,155391.42
2022-08-09,1.11092,1.11215,1.10437,1.10632,129962.88
2022-08-10,1.1063,1.11232,1.103,1.1055,184925.97
2022-08-11,1.1055,1.10655,1.10148,1.10377,188712.76
2022-08-12,1.10378,1.10442,1.10099,1.10333,148737.86
2022-08-14,1.1017,1.10409,1.10114,1.10336,6171.87
2022-08-15,1.10336,1.10598,1.10153,1.10325,153686.81
2022-08-16,1.10326,1.10814,1.10197,1.10675,161629.95
2022-08-17,1.10671,1.10689,1.09887,1.10426,203664.12
2022-08-18,1.10426,1.10742,1.10288,1.10692,201649.74
2022-08-19,1.10691,1.11456,1.10585,1.11312,154564.84
2022-08-21,1.10987,1.11367,1.10987,1.11362,8390.92
2022-08-22,1.11363,1.11502,1.1116,1.11352,171309.75
2022-08-23,1.11353,1.11559,1.11211,1.11504,207505.97
2022-08-24,1.11505,1.11733,1.11262,1.11725,178043.51
2022-08-25,1.11725,1.12176,1.11722,1.11999,176168.31
2022-08-26,1.12,1.12549,1.11995,1.12301,188270.66
2022-08-28,1.1227,1.12378,1.12092,1.12372,12486.14
2022-08-29,1.12371,1.12394,1.1189,1.12165,219321.1
2022-08-30,1.12165,1.12485,1.11674,1.11818,212054.28
2022-08-31,1.11814,1.12193,1.1169,1.11728,222629.73
2022-09-01,1.11726,1.1208,1.11453,1.1167,204442.65
2022-09-02,1.1167,1.12066,1.11303,1.11351,176986.29
2022-09-04,1.11399,1.11595,1.11122,1.11568,10258.31
2022-09-05,1.11569,1.11601,1.11261,1.1157,116872.65
2022-09-06,1.1157,1.11648,1.11245,1.11528,188535.49
2022-09-07,1.11528,1.11796,1.11298,1.11359,194406.82
2022-09-08,1.1136,1.11543,1.11133,1.11436,217806.5
2022-09-09,1.11436,1.12115,1.11397,1.1204,199602.06
2022-09-11,1.12068,1.12252,1.11846,1.11989,10835.57
2022-09-12,1.11988,1.12272,1.1181,1.12155,174511.61
2022-09-13,1.12155,1.12565,1.11945,1.12301,215918.73
2022-09-14,1.12303,1.12376,1.12008,1.12201,207859.23
2022-09-15,1.12201,1.12566,1.12046,1.12252,172458.98
2022-09-16,1.12255,1.12534,1.11984,1.12016,155961.17
2022-09-18,1.12,1.12313,1.11957,1.12174,13789.34
2022-09-19,1.12175,1.12937,1.12152,1.12856,166289.42
2022-09-20,1.12858,1.13636,1.12856,1.1339,148913.77
2022-09-21,1.1339,1.13499,1.1317,1.13409,203218.98
2022-09-22,1.13411,1.1369,1.13171,1.13641,240513.05
2022-09-23,1.1364,1.13749,1.13291,1.13547,180600.44
2022-09-25,1.13327,1.13758,1.13267,1.13756,14866.05
2022-09-26,1.13756,1.14603,1.13323,1.14235,331128.19
2022-09-27,1.14235,1.1433,1.13709,1.14261,313848.79
2022-09-28,1.14259,1.14895,1.13601,1.1376,348191.29
2022-09-29,1.13759,1.14116,1.13029,1.13347,303693.32
2022-09-30,1.13347,1.14392,1.13282,1.14318,316292.79
2022-10-02,1.14208,1.14405,1.13967,1.14214,14576.48
2022-10-03,1.14212,1.14307,1.13609,1.1367,275023.94
2022-10-04,1.13669,1.14182,1.1306,1.13513,273701.24
2022-10-05,1.13514,1.13591,1.124,1.12729,275336.46
2022-10-06,1.12729,1.1348,1.12444,1.13302,318312.45
2022-10-07,1.13299,1.13692,1.13156,1.136,258367.41
2022-10-09,1.13396,1.13526,1.13392,1.13424,12403.16
2022-10-10,1.13425,1.13438,1.12676,1.12952,246129.48
2022-10-11,1.12953,1.13078,1.11952,1.12198,263140.3
2022-10-12,1.12199,1.12307,1.11544,1.11862,246058.92
2022-10-13,1.11861,1.12048,1.11438,1.11687,289730.19
2022-10-14,1.11688,1.11882,1.11454,1.11496,376529.67
2022-10-16,1.11433,1.11675,1.11339,1.11575,14635.77
2022-10-17,1.11576,1.11882,1.11236,1.11304,256731.87
2022-10-18,1.11304,1.11344,1.10627,1.109,193602.3
2022-10-19,1.10899,1.10956,1.10291,1.1061,150901.31
2022-10-20,1.1061,1.10872,1.10449,1.10676,186407.76
2022-10-21,1.10675,1.10998,1.10532,1.10775,162911.65
2022-10-23,1.1063,1.10757,1.10386,1.10526,36047.06
2022-10-24,1.10527,1.10996,1.10211,1.10919,242649.39
2022-10-25,1.10915,1.11213,1.10647,1.11176,208892.37
2022-10-26,1.11177,1.11751,1.11044,1.11184,242062.26
2022-10-27,1.11189,1.11296,1.10557,1.10681,204320.53
2022-10-28,1.10682,1.10803,1.10123,1.10277,172994.92
2022-10-30,1.1011,1.10375,1.10096,1.10334,17385.46
2022-10-31,1.10331,1.10553,1.09889,1.10029,141284.63
2022-11-01,1.1003,1.10182,1.09192,1.09371,174679.15
2022-11-02,1.09371,1.09552,1.08777,1.09024,165289.7
2022-11-03,1.09021,1.09345,1.08756,1.09009,177387.8
2022-11-04,1.09004,1.09596,1.0885,1.0905,211577.81
2022-11-06,1.08996,1.09427,1.08698,1.0924,10203.43
2022-11-07,1.0924,1.09365,1.0887,1.08996,172375.22
2022-11-08,1.08996,1.09264,1.08802,1.09145,170375.61
2022-11-09,1.09145,1.09703,1.09103,1.09257,193168.2
2022-11-10,1.09257,1.0989,1.09155,1.09776,232510.06
2022-11-11,1.09776,1.1044,1.0949,1.09525,233139.93
2022-11-13,1.09678,1.09985,1.09525,1.09702,14509.44
2022-11-14,1.09702,1.10042,1.09546,1.0988,175931.32
2022-11-15,1.09881,1.09998,1.09466,1.09789,265548.11
2022-11-16,1.0979,1.09913,1.09394,1.09572,215786.07
2022-11-17,1.09572,1.0979,1.09057,1.09132,181451.66
2022-11-18,1.09133,1.09133,1.08328,1.08423,150219.33
2022-11-20,1.08145,1.08485,1.08144,1.08378,5923.32
2022-11-21,1.08379,1.0852,1.08034,1.08344,150346.5
2022-11-22,1.08342,1.08356,1.07812,1.07999,124043.31
2022-11-23,1.08,1.08247,1.07452,1.07853,161728.87
2022-11-24,1.07851,1.08108,1.07641,1.08072,112980.2
2022-11-25,1.08066,1.08204,1.07756,1.07898,120668.12
2022-11-27,1.07995,1.08105,1.0784,1.07953,5817.52
2022-11-28,1.07951,1.08021,1.07511,1.0791,149448.62
2022-11-29,1.0791,1.08177,1.07716,1.07841,152862.56
2022-11-30,1.07848,1.07954,1.0756,1.07678,202992.85
2022-12-01,1.07676,1.07862,1.0668,1.06927,216248.65
2022-12-02,1.06927,1.06938,1.05884,1.05977,180667.13
2022-12-04,1.06032,1.06374,1.06006,1.06371,8009.82
2022-12-05,1.06371,1.0657,1.05819,1.06062,160800.9
2022-12-06,1.06061,1.06575,1.0561,1.05902,141163.73
2022-12-07,1.05904,1.06075,1.05308,1.05856,168882.04
2022-12-08,1.05856,1.06242,1.05622,1.06241,146295.36
2022-12-09,1.06239,1.0624,1.05863,1.05897,157189.37
2022-12-11,1.05784,1.06085,1.05752,1.06039,5530.51
2022-12-12,1.06038,1.06132,1.05547,1.05702,177457.89
2022-12-13,1.05702,1.06084,1.05565,1.06016,243282.26
2022-12-14,1.06016,1.06641,1.05888,1.06251,250048.72
2022-12-15,1.06251,1.06343,1.05518,1.05708,237754.21
2022-12-16,1.05708,1.05714,1.04696,1.04731,175006.66
2022-12-18,1.05039,1.05114,1.04875,1.04954,5105.97
2022-12-19,1.04957,1.05599,1.04875,1.05394,181916.22
2022-12-20,1.05395,1.05651,1.05036,1.05422,287460.78
2022-12-21,1.05422,1.0677,1.05378,1.06758,198905.17
2022-12-22,1.06757,1.07182,1.06581,1.06789,209375.74
2022-12-23,1.06789,1.06893,1.06346,1.06761,204199.33
2022-12-25,1.06726,1.06803,1.06614,1.06675,61.62
2022-12-26,1.0661,1.07375,1.06378,1.06932,23038.5
2022-12-27,1.06931,1.0743,1.06738,1.0725,160049.77
2022-12-28,1.07247,1.0765,1.06622,1.06784,166877.44
2022-12-29,1.06783,1.0683,1.06225,1.06617,141629.81
2022-12-30,1.06618,1.07548,1.06602,1.07278,165940.88
2023-01-01,1.07182,1.07202,1.07154,1.07165,51.4
2023-01-02,1.07164,1.07886,1.07152,1.07599,35438.1
2023-01-03,1.07598,1.07952,1.07165,1.07656,236971.81
2023-01-04,1.07656,1.08779,1.07625,1.0865,247414.36
2023-01-05,1.0865,1.08731,1.0791,1.0843,245233.38
2023-01-06,1.08426,1.08644,1.08175,1.08229,263173.56
2023-01-08,1.08513,1.08513,1.08112,1.08404,7496.19
2023-01-09,1.08404,1.08654,1.08205,1.08476,209087.27
2023-01-10,1.08475,1.08561,1.07972,1.0818,190128.07
2023-01-11,1.08181,1.08741,1.08101,1.08506,171673.29
2023-01-12,1.08506,1.09148,1.08451,1.09071,226282.95
2023-01-13,1.09068,1.0936,1.08957,1.09063,197169.7
2023-01-15,1.09128,1.09323,1.09009,1.09233,5189.55
2023-01-16,1.09231,1.09368,1.08772,1.09016,123922.32
2023-01-17,1.09017,1.09165,1.08488,1.08621,183889.47
2023-01-18,1.08621,1.08707,1.07592,1.07729,293776.2
2023-01-19,1.07729,1.08177,1.07358,1.0808,213580.16
2023-01-20,1.0808,1.08113,1.07588,1.0762,175697.99
2023-01-22,1.07542,1.07766,1.07542,1.07621,4657.89
2023-01-23,1.07621,1.08523,1.07551,1.08297,186176.56
2023-01-24,1.08299,1.08601,1.08016,1.08538,172017.19
2023-01-25,1.08539,1.09665,1.08539,1.09649,189160.73
2023-01-26,1.09647,1.09847,1.09442,1.09603,174440.38
2023-01-27,1.09604,1.09683,1.09422,1.09463,155068.88
2023-01-29,1.09335,1.09522,1.0933,1.09476,5508.71
2023-01-30,1.09474,1.09562,1.08962,1.09107,175670.53
2023-01-31,1.09106,1.0968,1.08803,1.09524,198374.13
2023-02-01,1.09525,1.09928,1.09514,1.09691,222001.15
2023-02-02,1.09691,1.09726,1.0894,1.09228,249601.49
2023-02-03,1.0923,1.09512,1.088,1.09382,221207.31
2023-02-05,1.09273,1.0949,1.09144,1.09355,10323.33
2023-02-06,1.09356,1.09749,1.0907,1.09188,198294.68
2023-02-07,1.09187,1.10172,1.09052,1.10154,248992.76
2023-02-08,1.1015,1.10298,1.09654,1.09724,197506.75
2023-02-09,1.09725,1.09823,1.09502,1.09667,185379.65
2023-02-10,1.09666,1.09828,1.09501,1.09665,208078.51
2023-02-12,1.09453,1.09637,1.09453,1.09514,4324.83
2023-02-13,1.09515,1.0965,1.09276,1.09555,152877.92
2023-02-14,1.09555,1.10295,1.09366,1.10287,252726.46
2023-02-15,1.10287,1.10315,1.09634,1.09988,205255.21
2023-02-16,1.09987,1.1018,1.09617,1.09871,217778.64
2023-02-17,1.0987,1.10196,1.09843,1.1012,199730.06
2023-02-19,1.10048,1.10182,1.10038,1.10151,4497.15
2023-02-20,1.10151,1.1087,1.10111,1.10407,111930.44
2023-02-21,1.10407,1.10807,1.1001,1.10391,209242.08
2023-02-22,1.1039,1.10402,1.09208,1.09443,199319.94
2023-02-23,1.09443,1.09605,1.09156,1.09274,189769.74
2023-02-24,1.09274,1.09392,1.09018,1.09065,190731.21
2023-02-26,1.09102,1.09274,1.09019,1.09231,5311.51
2023-02-27,1.09228,1.09358,1.09062,1.09341,166842.64
2023-02-28,1.09342,1.09471,1.08638,1.08785,185866.37
2023-03-01,1.08784,1.08835,1.0795,1.08074,233663.6
2023-03-02,1.08073,1.08332,1.07994,1.08227,207631.26
2023-03-03,1.08227,1.08872,1.08192,1.08747,171684.57
2023-03-05,1.08502,1.08805,1.08417,1.08766,5562.97
2023-03-06,1.08763,1.08923,1.08433,1.08595,156787.39
2023-03-07,1.08596,1.08687,1.07416,1.0782,226086.27
2023-03-08,1.07818,1.08105,1.07672,1.07841,184100.39
2023-03-09,1.07841,1.08105,1.07714,1.07985,176756.39
2023-03-10,1.07983,1.08049,1.0722,1.07247,292851.01
2023-03-12,1.0746,1.07716,1.0724,1.07672,20180.29
2023-03-13,1.07671,1.07844,1.06881,1.07094,388828.71
2023-03-14,1.07097,1.07363,1.06892,1.07339,313444.38
2023-03-15,1.07343,1.07667,1.06642,1.07388,334100.58
2023-03-16,1.07388,1.07984,1.07185,1.07391,270690.69
2023-03-17,1.07392,1.07618,1.06816,1.06842,210029.35
2023-03-19,1.06646,1.07052,1.06604,1.07005,13748.94
2023-03-20,1.07006,1.07601,1.06741,1.07595,231548.96
2023-03-21,1.07594,1.07962,1.07357,1.07827,180228.58
2023-03-22,1.0783,1.08039,1.07234,1.07493,200706.24
2023-03-23,1.07491,1.07567,1.06718,1.06951,216175.4
2023-03-24,1.06951,1.07298,1.06805,1.07075,206097.54
2023-03-26,1.07045,1.07264,1.07037,1.07147,9903.23
2023-03-27,1.07147,1.07452,1.07072,1.0735,154443.19
2023-03-28,1.07349,1.07453,1.0708,1.07234,139482.65
2023-03-29,1.07233,1.07474,1.06852,1.07442,146612.55
2023-03-30,1.07442,1.07625,1.0697,1.07107,137185.36
2023-03-31,1.07107,1.07123,1.06709,1.06835,143117.06
2023-04-02,1.06739,1.07074,1.06598,1.06969,13224.46
2023-04-03,1.06968,1.0791,1.0692,1.07715,165132.59
2023-04-04,1.07715,1.07782,1.06822,1.07013,166722.39
2023-04-05,1.07017,1.07152,1.05867,1.06302,178570.11
2023-04-06,1.06301,1.06873,1.06261,1.06863,132800.68
2023-04-07,1.06865,1.07028,1.06001,1.06425,78687.79
2023-04-09,1.06425,1.06707,1.06425,1.06683,7194.07
2023-04-10,1.06685,1.06914,1.06429,1.0676,103296.48
2023-04-11,1.0676,1.07559,1.06731,1.07403,129641.39
2023-04-12,1.07402,1.07787,1.07397,1.07691,158761.36
2023-04-13,1.07691,1.08119,1.07443,1.07623,149494.62
2023-04-14,1.07624,1.08124,1.07346,1.08025,154486.09
2023-04-16,1.07942,1.08121,1.07845,1.08115,7284.28
2023-04-17,1.08114,1.08495,1.08025,1.08359,134940.09
2023-04-18,1.08361,1.08701,1.08069,1.0838,131565.41
2023-04-19,1.0838,1.08847,1.08109,1.08801,136186.98
2023-04-20,1.08799,1.09232,1.08655,1.09124,128743.17
2023-04-21,1.09122,1.09302,1.08869,1.0896,123096.4
2023-04-23,1.08778,1.09057,1.08778,1.08939,4886.71
2023-04-24,1.08942,1.09001,1.08384,1.08545,111769.98
2023-04-25,1.08544,1.08551,1.07779,1.07952,130007.59
2023-04-26,1.07952,1.08015,1.07623,1.07962,147674.18
2023-04-27,1.07964,1.07972,1.07512,1.07877,148525.08
2023-04-28,1.07875,1.07912,1.06819,1.06959,155236.91
2023-04-30,1.06897,1.07156,1.06826,1.07106,7695.65
2023-05-01,1.07106,1.07651,1.07091,1.07432,116740.9
2023-05-02,1.07432,1.08337,1.0707,1.07154,167359.64
2023-05-03,1.07154,1.07176,1.0678,1.06966,159385.49
2023-05-04,1.06964,1.07148,1.06224,1.06445,183265.0
2023-05-05,1.06443,1.07297,1.06338,1.07211,137013.04
2023-05-07,1.07121,1.07306,1.07095,1.07112,6371.98
2023-05-08,1.07113,1.07377,1.06757,1.07001,99044.89
2023-05-09,1.07002,1.07086,1.06619,1.06747,109592.95
2023-05-10,1.06749,1.06862,1.06257,1.06437,145807.69
2023-05-11,1.06438,1.06467,1.06031,1.06448,143852.2
2023-05-12,1.06448,1.07412,1.06431,1.07243,115717.42
2023-05-14,1.07219,1.07342,1.07153,1.07281,8181.38
2023-05-15,1.07284,1.07644,1.07254,1.07328,98658.78
2023-05-16,1.07328,1.07349,1.06685,1.06748,119020.04
2023-05-17,1.06749,1.06784,1.06252,1.06566,127108.18
2023-05-18,1.06567,1.06623,1.06069,1.06266,122134.33
2023-05-19,1.06267,1.06373,1.05831,1.05922,140197.4
2023-05-21,1.05845,1.0611,1.05821,1.05971,6754.27
2023-05-22,1.05972,1.06006,1.0559,1.05764,132772.9
2023-05-23,1.05764,1.06068,1.05626,1.05824,133385.28
2023-05-24,1.05824,1.07293,1.05668,1.07183,178915.53
2023-05-25,1.0718,1.0755,1.07072,1.07343,147220.56
2023-05-26,1.07342,1.07859,1.0706,1.0776,129746.33
2023-05-28,1.07581,1.07895,1.07563,1.07742,6030.99
2023-05-29,1.07743,1.08058,1.07707,1.07996,57907.24
2023-05-30,1.08,1.08246,1.07714,1.0779,133869.22
2023-05-31,1.07791,1.08275,1.07765,1.08011,158164.75
2023-06-01,1.08012,1.08458,1.07995,1.08457,143356.6
2023-06-02,1.0846,1.09081,1.08339,1.08994,135184.22
2023-06-04,1.08745,1.09045,1.08745,1.08913,5869.25
2023-06-05,1.08916,1.09124,1.08852,1.08926,111541.69
2023-06-06,1.08927,1.09912,1.08831,1.09885,126187.45
2023-06-07,1.09885,1.10315,1.09675,1.102,131442.09
2023-06-08,1.10198,1.10261,1.09824,1.10144,122729.87
2023-06-09,1.10147,1.10201,1.0975,1.09916,104250.38
2023-06-11,1.09869,1.10071,1.09711,1.1002,4173.63
2023-06-12,1.10021,1.10398,1.10018,1.10182,96529.5
2023-06-13,1.10182,1.10483,1.09839,1.09898,136033.89
2023-06-14,1.09897,1.10141,1.09306,1.0965,139657.25
2023-06-15,1.09652,1.10452,1.09532,1.10336,143156.45
2023-06-16,1.10334,1.105,1.10127,1.10148,129663.99
2023-06-18,1.10183,1.10424,1.10131,1.10291,7526.25
2023-06-19,1.10291,1.1052,1.1007,1.1045,116702.25
2023-06-20,1.10449,1.10494,1.09729,1.10094,156765.9
2023-06-21,1.10096,1.10162,1.093,1.09537,163415.15
2023-06-22,1.09536,1.09556,1.09045,1.09339,148128.89
2023-06-23,1.0934,1.09364,1.08623,1.08624,156771.18
2023-06-25,1.08554,1.08859,1.0855,1.08655,6692.48
2023-06-26,1.08656,1.08719,1.08077,1.08285,132880.86
2023-06-27,1.08286,1.08736,1.08247,1.08518,144228.88
2023-06-28,1.08511,1.09078,1.07973,1.08639,146992.91
2023-06-29,1.0864,1.09234,1.08517,1.09096,146635.56
2023-06-30,1.09097,1.09127,1.08427,1.08482,138010.03
2023-07-02,1.08487,1.08601,1.08384,1.08595,4105.96
2023-07-03,1.08596,1.08616,1.08145,1.08406,120070.12
2023-07-04,1.08404,1.08549,1.0779,1.07993,85730.87
2023-07-05,1.07991,1.08015,1.07586,1.07728,125397.68
2023-07-06,1.07726,1.07805,1.07348,1.0757,149674.83
2023-07-07,1.0757,1.07773,1.07348,1.07692,143349.37
2023-07-09,1.07401,1.07826,1.07401,1.07758,6154.03
2023-07-10,1.07758,1.07874,1.0719,1.07582,124536.88
2023-07-11,1.07581,1.08013,1.07439,1.07971,143971.9
2023-07-12,1.07975,1.08315,1.07613,1.07726,149765.84
2023-07-13,1.07727,1.07995,1.07501,1.07759,146573.2
2023-07-14,1.07759,1.07843,1.07251,1.07298,148220.72
2023-07-16,1.07182,1.07455,1.07182,1.07414,6523.97
2023-07-17,1.07414,1.07816,1.07243,1.07728,116014.23
2023-07-18,1.07726,1.08594,1.07618,1.08234,165819.25
2023-07-19,1.08232,1.08839,1.07876,1.08108,164194.36
2023-07-20,1.08109,1.09003,1.08107,1.08779,156089.56
2023-07-21,1.0878,1.09139,1.08719,1.09106,130003.04
2023-07-23,1.08793,1.09116,1.08789,1.0904,5501.18
2023-07-24,1.09039,1.09254,1.08296,1.08582,146232.4
2023-07-25,1.08584,1.09195,1.08576,1.09192,133351.44
2023-07-26,1.09192,1.09206,1.08486,1.08835,173559.17
2023-07-27,1.08836,1.08979,1.08151,1.08456,181838.69
2023-07-28,1.08456,1.08548,1.0789,1.07923,186395.06
2023-07-30,1.07936,1.0815,1.07875,1.08124,6941.76
2023-07-31,1.08124,1.08335,1.07795,1.08255,122540.64
2023-08-01,1.08254,1.08281,1.07218,1.07773,129395.74
2023-08-02,1.07771,1.08023,1.07313,1.07478,131955.19
2023-08-03,1.07479,1.07906,1.07332,1.07859,155323.65
2023-08-04,1.07859,1.07966,1.07653,1.07659,136273.74
2023-08-06,1.07629,1.07814,1.0758,1.07766,6834.41
2023-08-07,1.07768,1.07875,1.0748,1.07616,94625.21
2023-08-08,1.07615,1.07931,1.07532,1.07841,118190.03
2023-08-09,1.0784,1.08079,1.07586,1.07817,112490.56
2023-08-10,1.07817,1.08355,1.07751,1.08304,148102.38
2023-08-11,1.08312,1.08698,1.08281,1.08483,121654.75
2023-08-13,1.08275,1.08545,1.08275,1.08539,6484.02
2023-08-14,1.08544,1.08655,1.08131,1.086,122958.6
2023-08-15,1.08598,1.08767,1.08309,1.08394,158139.04
2023-08-16,1.08392,1.08487,1.08001,1.08121,146185.5
2023-08-17,1.0812,1.08227,1.07791,1.08101,147992.07
2023-08-18,1.08099,1.0818,1.07874,1.08098,112064.51
2023-08-20,1.0779,1.08227,1.07781,1.08212,6075.32
2023-08-21,1.08212,1.08415,1.07907,1.08152,104660.23
2023-08-22,1.08151,1.08254,1.07913,1.08142,114130.76
2023-08-23,1.08145,1.08487,1.08044,1.0847,122971.56
2023-08-24,1.08471,1.08612,1.0826,1.08327,114350.09
2023-08-25,1.0833,1.08714,1.08299,1.08375,115175.06
2023-08-27,1.08306,1.08555,1.08306,1.08555,4618.69
2023-08-28,1.08555,1.08841,1.0851,1.08804,94868.4
2023-08-29,1.08802,1.08896,1.08285,1.0852,124852.22
2023-08-30,1.08522,1.08875,1.08371,1.08811,136594.75
2023-08-31,1.0881,1.08962,1.0843,1.08571,127478.36
2023-09-01,1.0857,1.08677,1.08322,1.08499,129384.92
2023-09-03,1.08475,1.08605,1.08361,1.08563,4027.31
2023-09-04,1.08566,1.08831,1.08537,1.0877,65944.02
2023-09-05,1.08771,1.08773,1.08197,1.08336,125222.19
2023-09-06,1.08336,1.08732,1.08322,1.08694,129603.74
2023-09-07,1.08692,1.0875,1.08374,1.08488,105031.75
2023-09-08,1.08484,1.08493,1.0814,1.08376,92518.0
2023-09-10,1.08311,1.08468,1.08052,1.08404,9379.93
2023-09-11,1.08404,1.08705,1.08283,1.08682,108839.87
2023-09-12,1.08679,1.0887,1.08523,1.08774,96331.49
2023-09-13,1.08774,1.08782,1.0838,1.08461,135093.13
2023-09-14,1.08458,1.08987,1.08325,1.08928,139447.21
2023-09-15,1.0893,1.09174,1.08898,1.08988,113196.38
2023-09-17,1.08818,1.09084,1.08778,1.09046,3795.23
2023-09-18,1.09045,1.09062,1.08678,1.08757,94898.24
2023-09-19,1.08756,1.08943,1.0854,1.08637,103408.99
2023-09-20,1.08638,1.08911,1.08384,1.0863,146803.94
2023-09-21,1.08629,1.08672,1.07981,1.08056,139077.39
2023-09-22,1.08052,1.08275,1.07872,1.08037,120049.83
2023-09-24,1.07879,1.08129,1.07806,1.08125,7857.16
2023-09-25,1.08126,1.08153,1.07431,1.07622,98770.31
2023-09-26,1.07621,1.07667,1.07395,1.07493,130048.41
2023-09-27,1.07488,1.07712,1.06891,1.07311,144863.55
2023-09-28,1.07312,1.07815,1.07167,1.07749,165212.58
2023-09-29,1.07746,1.07751,1.0723,1.07252,157470.07
2023-10-01,1.07107,1.07371,1.07037,1.07352,7099.58
2023-10-02,1.07353,1.07435,1.06848,1.07082,144121.5
2023-10-03,1.07083,1.0722,1.06585,1.06683,168262.79
2023-10-04,1.06683,1.07222,1.06548,1.06922,184769.78
2023-10-05,1.0692,1.07181,1.06646,1.0674,151385.36
2023-10-06,1.0674,1.06925,1.06519,1.06557,165100.85
2023-10-08,1.06493,1.06643,1.06383,1.06642,13279.57
2023-10-09,1.06639,1.06655,1.06233,1.06461,121690.4
2023-10-10,1.06461,1.06686,1.06134,1.06461,153308.77
2023-10-11,1.0646,1.06658,1.06301,1.06614,155924.39
2023-10-12,1.06615,1.06917,1.06264,1.06669,133966.08
2023-10-13,1.06669,1.07001,1.06626,1.06974,131670.91
2023-10-15,1.06387,1.06926,1.0637,1.0684,7411.14
2023-10-16,1.06839,1.07419,1.06672,1.07399,117304.87
2023-10-17,1.07399,1.08006,1.07389,1.07933,136503.62
2023-10-18,1.07934,1.0825,1.07873,1.08183,155358.18
2023-10-19,1.08182,1.0844,1.07925,1.08273,176470.93
2023-10-20,1.08273,1.08456,1.08201,1.083,122472.66
2023-10-22,1.0817,1.08428,1.08037,1.08418,5156.76
2023-10-23,1.0842,1.08473,1.08165,1.08288,111890.04
2023-10-24,1.08288,1.08881,1.08281,1.08773,127473.53
2023-10-25,1.08775,1.09145,1.08415,1.08657,148678.87
2023-10-26,1.08658,1.08755,1.08437,1.08661,146397.58
2023-10-27,1.08661,1.09065,1.08613,1.08981,119607.37
2023-10-29,1.09,1.09142,1.0888,1.09123,5066.07
2023-10-30,1.09127,1.09292,1.0883,1.09046,110417.59
2023-10-31,1.09045,1.09304,1.0843,1.09113,134539.04
2023-11-01,1.09114,1.09416,1.08654,1.0923,157889.66
2023-11-02,1.09228,1.09342,1.0898,1.09018,119616.91
2023-11-03,1.09018,1.09195,1.08528,1.08553,130945.75
2023-11-05,1.08543,1.08749,1.08507,1.08663,3845.71
2023-11-06,1.0866,1.08904,1.08548,1.08835,103128.58
2023-11-07,1.08839,1.08972,1.08203,1.08345,105688.71
2023-11-08,1.08347,1.08618,1.0816,1.0836,106357.55
2023-11-09,1.08364,1.08426,1.07834,1.0802,121774.72
2023-11-10,1.08021,1.08021,1.07782,1.07912,98332.07
2023-11-12,1.0778,1.07993,1.0778,1.07968,3812.9
2023-11-13,1.07968,1.085,1.07867,1.08437,79549.31
2023-11-14,1.08438,1.08669,1.0816,1.08224,120096.69
2023-11-15,1.08223,1.08245,1.07727,1.08002,129310.55
2023-11-16,1.07997,1.08459,1.07975,1.0845,124964.33
2023-11-17,1.08452,1.08817,1.08392,1.08724,109108.01
2023-11-19,1.08475,1.08711,1.08455,1.08602,6461.01
2023-11-20,1.086,1.08867,1.08437,1.08608,113551.51
2023-11-21,1.08607,1.08687,1.08133,1.08311,120544.45
2023-11-22,1.08309,1.08762,1.08283,1.08655,121198.75
2023-11-23,1.08654,1.0866,1.08254,1.08452,63941.22
2023-11-24,1.08455,1.08502,1.08083,1.08145,76550.35
2023-11-26,1.0805,1.08294,1.0805,1.08289,2483.27
2023-11-27,1.08288,1.08536,1.08123,1.08353,104456.76
2023-11-28,1.08354,1.08608,1.08209,1.08296,121261.54
2023-11-29,1.07559,1.07565,1.07533,1.07557,1195.86
2023-11-30,1.07512,1.07662,1.07194,1.07295,148861.61
2023-12-01,1.07299,1.07614,1.0701,1.07459,139394.56
2023-12-03,1.07554,1.07608,1.07401,1.075,8230.69
2023-12-04,1.07502,1.07666,1.07078,1.07328,138896.05
2023-12-05,1.07324,1.0741,1.06724,1.06861,145834.25
2023-12-06,1.06862,1.06958,1.06566,1.06692,126939.22
2023-12-07,1.0669,1.07067,1.06616,1.07024,145048.23
2023-12-08,1.07025,1.07513,1.06985,1.07417,152776.4
2023-12-10,1.07356,1.07453,1.06988,1.07426,5115.12
2023-12-11,1.07424,1.07428,1.07094,1.07214,112761.73
2023-12-12,1.07215,1.07282,1.06825,1.0696,125046.36
2023-12-13,1.06961,1.07945,1.06946,1.07636,147155.3
2023-12-14,1.07637,1.08151,1.07513,1.07842,188067.8
2023-12-15,1.07843,1.08171,1.07745,1.07897,135488.32
2023-12-17,1.07888,1.08007,1.07624,1.07872,7338.33
2023-12-18,1.07872,1.07984,1.07583,1.07867,107231.77
2023-12-19,1.07867,1.08042,1.07689,1.07851,108843.78
2023-12-20,1.07852,1.07996,1.07534,1.07766,132531.86
2023-12-21,1.07768,1.0817,1.07701,1.07971,123953.39
2023-12-22,1.07972,1.08128,1.07835,1.07987,118409.75
2023-12-24,1.07692,1.07692,1.0769,1.0769,8.4
2023-12-25,1.0763,1.08041,1.0763,1.07926,4836.67
2023-12-26,1.07924,1.07924,1.07714,1.07799,80258.2
2023-12-27,1.07796,1.08113,1.07758,1.07945,93413.95
2023-12-28,1.07945,1.0798,1.0772,1.07748,104903.01
2023-12-29,1.07747,1.07861,1.07508,1.07774,110155.94
2024-01-01,1.0756,1.07838,1.0756,1.07825,3707.82
2024-01-02,1.07825,1.08316,1.07806,1.0823,120992.69
2024-01-03,1.0823,1.08274,1.0765,1.07716,153057.02
2024-01-04,1.07715,1.07875,1.07477,1.0762,123511.88
2024-01-05,1.07622,1.07646,1.073,1.07508,156644.15
2024-01-07,1.07511,1.07574,1.07443,1.07477,4143.51
2024-01-08,1.07474,1.07584,1.07057,1.07455,112848.96
2024-01-09,1.07455,1.07586,1.06996,1.0715,117266.55
2024-01-10,1.07152,1.07719,1.07124,1.07592,115854.56
2024-01-11,1.07586,1.0765,1.07072,1.07301,127403.2
2024-01-12,1.07302,1.07389,1.07033,1.07119,122920.42
2024-01-14,1.07059,1.07385,1.06959,1.07332,6772.21
2024-01-15,1.07333,1.07629,1.07241,1.07429,67949.32
2024-01-16,1.07428,1.07508,1.07109,1.0729,148460.11
2024-01-17,1.07287,1.0735,1.06985,1.07158,154933.9
2024-01-18,1.07159,1.07548,1.06905,1.07544,130166.09
2024-01-19,1.07543,1.07938,1.07519,1.0784,111646.13
2024-01-21,1.07765,1.07891,1.07662,1.07795,3871.96
2024-01-22,1.07794,1.08255,1.07664,1.08175,107364.78
2024-01-23,1.08175,1.08325,1.07705,1.07916,128015.99
2024-01-24,1.07914,1.07953,1.07512,1.07646,137905.65
2024-01-25,1.07646,1.07808,1.07501,1.07753,128018.23
2024-01-26,1.07752,1.08032,1.07742,1.07896,89431.57
2024-01-28,1.07787,1.08011,1.07732,1.07978,6357.06
2024-01-29,1.07976,1.08112,1.07457,1.0782,90304.76
2024-01-30,1.0782,1.07872,1.07499,1.07541,107401.86
2024-01-31,1.07542,1.07582,1.07222,1.07353,178154.9
2024-02-01,1.07355,1.07422,1.06905,1.06987,154633.09
2024-02-02,1.06986,1.07401,1.06976,1.07312,126948.75
2024-02-04,1.07247,1.07412,1.07159,1.0728,8005.55
2024-02-05,1.0728,1.07362,1.06922,1.07054,115005.8
2024-02-06,1.07054,1.07369,1.06889,1.07022,115327.08
2024-02-07,1.07023,1.07127,1.06537,1.06726,119999.92
2024-02-08,1.06723,1.0674,1.06288,1.06297,91538.22
2024-02-09,1.06295,1.06391,1.05851,1.06012,94567.9
2024-02-11,1.06017,1.06309,1.05892,1.0612,6155.78
2024-02-12,1.06119,1.06581,1.0609,1.06543,79169.42
2024-02-13,1.06544,1.06925,1.06394,1.06528,115760.61
2024-02-14,1.06528,1.06716,1.0638,1.06714,116500.91
2024-02-15,1.06709,1.06853,1.06469,1.06777,107171.81
2024-02-16,1.06776,1.07025,1.06567,1.06604,104314.72
2024-02-18,1.06544,1.06648,1.0653,1.06551,3543.67
2024-02-19,1.0655,1.06656,1.06208,1.0631,57947.73
2024-02-20,1.0631,1.06478,1.06108,1.06251,104718.82
2024-02-21,1.06253,1.06268,1.05919,1.06018,113031.13
2024-02-22,1.06018,1.06103,1.05691,1.05877,96362.9
2024-02-23,1.05876,1.06053,1.05786,1.05895,62347.56
2024-02-25,1.05835,1.06137,1.05814,1.06109,3997.05
2024-02-26,1.06111,1.0633,1.05836,1.06034,64121.71
2024-02-27,1.06035,1.06299,1.05945,1.06062,70686.26
2024-02-28,1.06063,1.06859,1.05985,1.06517,90588.03
2024-02-29,1.06518,1.06947,1.06517,1.06773,93813.57
2024-03-01,1.06775,1.06984,1.06666,1.06846,78534.44
2024-03-03,1.06784,1.0695,1.0677,1.06942,4897.43
2024-03-04,1.06942,1.06994,1.06645,1.06749,60796.06
2024-03-05,1.0675,1.06938,1.06637,1.06835,90113.38
2024-03-06,1.06831,1.07185,1.06814,1.07139,91513.91
2024-03-07,1.07139,1.07295,1.07008,1.07158,77663.6
2024-03-08,1.07158,1.07464,1.07119,1.07234,94556.86
2024-03-10,1.07034,1.07297,1.07034,1.07196,5248.63
2024-03-11,1.07193,1.07227,1.06894,1.07196,70773.3
2024-03-12,1.07196,1.07463,1.07123,1.07441,109826.72
2024-03-13,1.07441,1.07582,1.07213,1.07502,88120.75
2024-03-14,1.075,1.07529,1.07159,1.07418,98960.47
2024-03-15,1.07419,1.0787,1.07417,1.07796,80974.3
2024-03-17,1.07693,1.07829,1.07599,1.07721,4557.96
2024-03-18,1.07722,1.07858,1.07533,1.07799,67652.57
2024-03-19,1.07802,1.07956,1.07612,1.07895,96739.65
2024-03-20,1.07894,1.08491,1.07883,1.08346,106738.99
2024-03-21,1.08347,1.0877,1.08314,1.08682,106028.36
2024-03-22,1.08682,1.0874,1.08387,1.08684,83077.87
2024-03-24,1.08383,1.08799,1.08226,1.0877,5528.48
2024-03-25,1.08766,1.08958,1.08693,1.0895,78867.9
2024-03-26,1.08952,1.09015,1.08684,1.08841,75065.16
2024-03-27,1.08826,1.08873,1.0862,1.08853,77758.51
2024-03-28,1.08852,1.09089,1.08805,1.09059,88507.65
2024-03-29,1.09059,1.09145,1.0867,1.0867,23343.26
2024-03-31,1.08682,1.09146,1.08682,1.09138,6545.38
2024-04-01,1.09135,1.09169,1.08876,1.08992,62270.02
2024-04-02,1.08993,1.09266,1.08987,1.09117,78906.0
2024-04-03,1.09117,1.09367,1.09021,1.09208,89824.78
2024-04-04,1.09207,1.09549,1.09118,1.093,87326.55
2024-04-05,1.09299,1.09484,1.09186,1.09396,101556.92
2024-04-07,1.09166,1.09427,1.09166,1.09415,5535.23
2024-04-08,1.09416,1.09507,1.09215,1.09448,88490.88
2024-04-09,1.09447,1.09468,1.09174,1.09276,84476.41
2024-04-10,1.09272,1.09414,1.08746,1.08904,138623.25
2024-04-11,1.08903,1.09087,1.08734,1.08977,106541.56
2024-04-12,1.08977,1.09048,1.08765,1.08818,92911.25
2024-04-14,1.0861,1.08944,1.0861,1.08914,6960.83
2024-04-15,1.08914,1.09199,1.08908,1.0913,105205.17
2024-04-16,1.09122,1.09198,1.08616,1.0883,135165.51
2024-04-17,1.08831,1.08912,1.08536,1.08877,100210.02
2024-04-18,1.08876,1.08933,1.08592,1.08825,96263.49
2024-04-19,1.08825,1.09048,1.08555,1.08909,120897.8
2024-04-21,1.08924,1.09001,1.08656,1.08902,4723.6
2024-04-22,1.08906,1.09059,1.08768,1.08946,77677.18
2024-04-23,1.08943,1.09365,1.08889,1.09302,83192.27
2024-04-24,1.09302,1.09832,1.09176,1.09455,86811.13
2024-04-25,1.09454,1.09598,1.09404,1.09476,90189.56
2024-04-26,1.09475,1.09982,1.09382,1.09934,87806.59
2024-04-28,1.09574,1.09984,1.09573,1.09981,3439.62
2024-04-29,1.0998,1.10116,1.096,1.0988,110727.55
2024-04-30,1.09878,1.10175,1.09548,1.10151,106553.15
2024-05-01,1.10154,1.10158,1.09745,1.10127,109402.48
2024-05-02,1.10129,1.10268,1.0991,1.10156,123302.17
2024-05-03,1.10154,1.10225,1.09653,1.0991,126967.95
2024-05-05,1.09918,1.10072,1.09816,1.10008,4719.86
2024-05-06,1.10007,1.10266,1.09953,1.10219,65178.27
2024-05-07,1.10216,1.10296,1.09732,1.09869,89581.04
2024-05-08,1.09866,1.09881,1.09425,1.09549,73101.05
2024-05-09,1.09551,1.09787,1.09505,1.09631,76345.72
2024-05-10,1.09631,1.09899,1.09613,1.09622,69993.33
2024-05-12,1.09634,1.09781,1.09568,1.09678,3762.18
2024-05-13,1.09677,1.09965,1.09577,1.09753,61609.68
2024-05-14,1.09752,1.09883,1.09531,1.09618,76916.14
2024-05-15,1.09618,1.09764,1.09169,1.09304,99725.74
2024-05-16,1.09303,1.09395,1.08959,1.09104,75149.88
2024-05-17,1.09105,1.09224,1.08912,1.09052,61481.53
2024-05-19,1.0905,1.09221,1.09031,1.09194,3595.67
2024-05-20,1.09195,1.09437,1.09041,1.09241,69715.96
2024-05-21,1.09243,1.09428,1.09088,1.09407,48317.98
2024-05-22,1.09405,1.09415,1.08352,1.08499,61822.38
2024-05-23,1.08498,1.08512,1.08183,1.0827,63913.42
2024-05-24,1.08272,1.08358,1.08179,1.08239,46520.12
2024-05-26,1.08177,1.08315,1.08172,1.08189,3833.46
2024-05-27,1.0819,1.08301,1.08156,1.08191,32876.71
2024-05-28,1.08192,1.0832,1.0805,1.08256,57646.04
2024-05-29,1.08258,1.08477,1.07998,1.08081,58598.75
2024-05-30,1.08182,1.08518,1.08135,1.08403,64519.07
2024-05-31,1.08404,1.08472,1.08167,1.08251,65611.92
2024-06-02,1.08131,1.08331,1.08131,1.08248,4544.16
2024-06-03,1.08248,1.08254,1.07721,1.08023,70207.43
2024-06-04,1.0802,1.08106,1.07427,1.07622,83870.57
2024-06-05,1.07623,1.07731,1.07254,1.07398,70714.27
2024-06-06,1.074,1.07631,1.07374,1.07628,57322.88
2024-06-07,1.0763,1.07825,1.07436,1.07774,66687.12
2024-06-09,1.07652,1.07828,1.07642,1.07797,3887.36
2024-06-10,1.078,1.07969,1.07751,1.07809,47542.69
2024-06-11,1.07805,1.07832,1.07455,1.07514,54381.22
2024-06-12,1.07515,1.07822,1.07477,1.07703,100482.32
2024-06-13,1.07704,1.07818,1.07333,1.07656,67876.16
2024-06-14,1.07656,1.07885,1.07606,1.07647,70496.97
2024-06-16,1.07688,1.07791,1.07573,1.07748,3198.78
2024-06-17,1.07746,1.07984,1.07687,1.07865,50158.26
2024-06-18,1.07866,1.08479,1.07811,1.08479,61205.88
2024-06-19,1.08477,1.08848,1.08456,1.08727,33701.03
2024-06-20,1.08729,1.08915,1.08497,1.08787,53789.86
2024-06-21,1.08788,1.08867,1.08478,1.08499,49626.44
2024-06-23,1.08456,1.08599,1.08297,1.08562,2738.59
2024-06-24,1.0856,1.08738,1.08454,1.08725,48653.06
2024-06-25,1.08727,1.08862,1.08262,1.08608,43629.36
2024-06-26,1.08609,1.09432,1.08511,1.0929,67315.54
2024-06-27,1.09291,1.09489,1.08959,1.09296,50466.71
2024-06-28,1.09293,1.09631,1.09163,1.09442,69114.95
2024-06-30,1.093,1.09561,1.093,1.09424,3067.56
2024-07-01,1.09427,1.09737,1.09278,1.09725,55187.6
2024-07-02,1.09723,1.09878,1.096,1.09644,51597.59
2024-07-03,1.09646,1.09921,1.09613,1.0989,56254.61
2024-07-04,1.09887,1.10009,1.09788,1.10002,30036.05
2024-07-05,1.10002,1.10102,1.09771,1.09771,65092.07
2024-07-07,1.09737,1.09861,1.09663,1.09854,4192.28
2024-07-08,1.09852,1.09976,1.0979,1.09976,44451.08
2024-07-09,1.09977,1.1018,1.09783,1.10024,52673.58
2024-07-10,1.10025,1.11026,1.09907,1.10902,54738.87
2024-07-11,1.10902,1.11142,1.10623,1.11061,89078.88
2024-07-12,1.11062,1.11178,1.10758,1.1083,68105.63
2024-07-14,1.10757,1.11083,1.10731,1.11071,6760.35
2024-07-15,1.11071,1.11359,1.10946,1.11296,63148.18
2024-07-16,1.11296,1.11514,1.10874,1.10881,73819.66
2024-07-17,1.1088,1.11056,1.10437,1.1069,78149.82
2024-07-18,1.10692,1.11026,1.10605,1.10936,74531.09
2024-07-19,1.10935,1.11279,1.10886,1.11181,65731.21
2024-07-21,1.11008,1.11251,1.10925,1.11152,5393.58
2024-07-22,1.11153,1.1127,1.10946,1.11069,54757.63
2024-07-23,1.1107,1.1124,1.10809,1.11076,53850.41
2024-07-24,1.11076,1.11363,1.10646,1.10928,76714.79
2024-07-25,1.10925,1.11131,1.10357,1.11047,102122.81
2024-07-26,1.11047,1.11352,1.11042,1.11149,52761.77
2024-07-28,1.11161,1.11345,1.11022,1.11276,3308.62
2024-07-29,1.11277,1.11475,1.1121,1.11468,47338.69
2024-07-30,1.11469,1.1148,1.1047,1.1079,65383.54
2024-07-31,1.10791,1.10807,1.09608,1.10021,108902.49
2024-08-01,1.1002,1.10037,1.09022,1.09387,90318.26
2024-08-02,1.09385,1.09564,1.09129,1.09271,116774.98
2024-08-04,1.09175,1.09505,1.09075,1.09258,11852.9
2024-08-05,1.0926,1.09584,1.08428,1.09492,292730.01
2024-08-06,1.09497,1.10076,1.08815,1.09044,194763.5
2024-08-07,1.09045,1.09206,1.08549,1.08824,131002.16
2024-08-08,1.08821,1.09758,1.08666,1.09737,113184.27
2024-08-09,1.09737,1.0977,1.09258,1.09536,70278.51
2024-08-11,1.09454,1.09658,1.09332,1.096,4106.08
2024-08-12,1.09602,1.09612,1.09105,1.09327,66283.31
2024-08-13,1.09327,1.09401,1.0902,1.09187,82146.62
2024-08-14,1.09187,1.10405,1.09074,1.09982,93271.75
2024-08-15,1.09979,1.10557,1.09685,1.10553,72962.14
2024-08-16,1.10553,1.10566,1.09902,1.10147,48557.03
2024-08-18,1.1009,1.10256,1.10052,1.10156,3879.3
2024-08-19,1.10157,1.10325,1.09826,1.10067,57867.67
2024-08-20,1.1007,1.10089,1.09463,1.09581,58735.08
2024-08-21,1.0958,1.09828,1.09346,1.09524,66151.69
2024-08-22,1.09522,1.09622,1.09111,1.09193,61397.26
2024-08-23,1.09197,1.09342,1.08975,1.09001,70149.42
2024-08-25,1.08962,1.09089,1.08867,1.09045,7077.01
2024-08-26,1.09047,1.09216,1.08944,1.09147,66178.88
2024-08-27,1.09146,1.09187,1.0851,1.08716,67518.24
2024-08-28,1.08715,1.09094,1.08417,1.08574,69518.36
2024-08-29,1.08575,1.08722,1.07971,1.08498,75860.72
2024-08-30,1.08498,1.08807,1.08199,1.08199,58108.83
2024-09-01,1.08232,1.08396,1.08163,1.08341,2598.86
2024-09-02,1.0834,1.09041,1.08331,1.08937,36368.32
2024-09-03,1.08936,1.09046,1.08235,1.0851,73758.62
2024-09-04,1.08508,1.08647,1.08235,1.08554,74145.89
2024-09-05,1.08553,1.08748,1.08187,1.08297,71057.04
2024-09-06,1.08296,1.08445,1.07963,1.07988,106897.52
2024-09-08,1.07869,1.08106,1.07679,1.08096,4432.82
2024-09-09,1.08095,1.08569,1.08001,1.08392,59002.96
2024-09-10,1.0839,1.08462,1.0804,1.08179,60076.31
2024-09-11,1.0818,1.08844,1.08166,1.08831,87827.45
2024-09-12,1.08832,1.08934,1.08499,1.08703,76240.13
2024-09-13,1.08703,1.08946,1.08519,1.08836,63235.32
2024-09-15,1.08842,1.08932,1.08614,1.08926,3934.77
2024-09-16,1.08924,1.09029,1.08745,1.08969,58562.6
2024-09-17,1.08968,1.09268,1.0893,1.09171,69724.96
2024-09-18,1.09169,1.09194,1.0865,1.08947,105812.82
2024-09-19,1.08947,1.09443,1.08899,1.09174,99947.87
2024-09-20,1.09175,1.09344,1.09046,1.09089,90197.76
2024-09-22,1.08959,1.09206,1.08919,1.09203,3462.4
2024-09-23,1.09206,1.09434,1.08944,1.09026,75621.09
2024-09-24,1.09025,1.09433,1.08625,1.08707,93554.86
2024-09-25,1.08706,1.09023,1.08489,1.08998,70214.62
2024-09-26,1.08999,1.09319,1.08566,1.08867,93956.27
2024-09-27,1.08868,1.09235,1.08764,1.08812,80173.21
2024-09-29,1.08851,1.08988,1.08721,1.08956,4730.35
2024-09-30,1.08955,1.09063,1.08688,1.08982,84827.16
2024-10-01,1.08983,1.09611,1.08934,1.09498,97661.01
2024-10-02,1.09496,1.10005,1.09346,1.09989,74749.9
2024-10-03,1.09988,1.10243,1.0987,1.10182,83170.51
2024-10-04,1.10183,1.10485,1.10115,1.10304,73104.71
2024-10-06,1.10049,1.10431,1.1002,1.10366,5803.67
2024-10-07,1.10368,1.10544,1.10119,1.10229,80407.69
2024-10-08,1.10228,1.10231,1.09695,1.09916,92903.81
2024-10-09,1.107531,1.107576,1.10615,1.106638,0.0
2024-10-10,1.10662,1.107332,1.106551,1.107204,0.0
2024-10-11,1.10577,1.10642,1.10436,1.10484,42557.78
2024-10-13,1.10348,1.10551,1.10199,1.10497,7164.49
2024-10-14,1.10495,1.10641,1.10083,1.10415,66596.78
2024-10-15,1.10416,1.10586,1.09751,1.10328,69906.93
2024-10-16,1.10329,1.1048,1.09854,1.10001,72723.43
2024-10-17,1.1,1.10594,1.0996,1.10536,68084.25
2024-10-18,1.10536,1.10763,1.10386,1.10403,65946.4
2024-10-20,1.10299,1.10538,1.10289,1.10484,2834.75
2024-10-21,1.10486,1.10573,1.10159,1.10466,54381.46
2024-10-22,1.10465,1.10605,1.10314,1.10553,67730.05
2024-10-23,1.10553,1.10652,1.10234,1.10464,65137.7
2024-10-24,1.10467,1.10561,1.10115,1.10427,78083.7
2024-10-25,1.10425,1.10568,1.10385,1.10477,48033.19
2024-10-27,1.10428,1.10556,1.10325,1.10436,6429.81
2024-10-28,1.10435,1.10543,1.09905,1.09919,63636.07
2024-10-29,1.09919,1.10062,1.09746,1.09859,65447.22
2024-10-30,1.09858,1.10095,1.09632,1.10064,75403.68
2024-10-31,1.10064,1.10173,1.09844,1.10136,86131.31
2024-11-01,1.10136,1.10263,1.09787,1.0995,65648.55
2024-11-03,1.09953,1.10191,1.09949,1.10083,6164.12
2024-11-04,1.10082,1.10269,1.09842,1.102,81423.21
2024-11-05,1.10213,1.10728,1.10203,1.10362,74251.45
2024-11-06,1.10366,1.10691,1.10001,1.10579,230650.12
2024-11-07,1.10575,1.10888,1.10489,1.10837,131922.44
2024-11-08,1.10837,1.10849,1.10222,1.10319,109282.93
2024-11-10,1.10172,1.10382,1.10116,1.10377,3679.47
2024-11-11,1.10379,1.10494,1.10131,1.10197,78839.31
2024-11-12,1.10196,1.1031,1.09959,1.10237,108759.67
2024-11-13,1.10235,1.10419,1.09974,1.10364,110027.0
2024-11-14,1.10364,1.10486,1.10094,1.10345,130191.22
2024-11-15,1.10347,1.10403,1.10118,1.10169,107515.24
2024-11-17,1.0997,1.10251,1.09935,1.10237,3572.74
2024-11-18,1.10241,1.10532,1.10167,1.10442,85948.56
2024-11-19,1.10441,1.10588,1.10264,1.10504,137508.93
2024-11-20,1.10502,1.10747,1.10438,1.10735,93018.53
2024-11-21,1.10734,1.1115,1.10686,1.1114,98619.69
2024-11-22,1.11137,1.11794,1.11107,1.11404,107548.74
2024-11-24,1.11502,1.11634,1.11362,1.11557,7906.28
2024-11-25,1.11557,1.11688,1.11092,1.11221,94988.65
2024-11-26,1.11219,1.11285,1.10796,1.10923,110177.8
2024-11-27,1.10924,1.11024,1.09918,1.10243,110431.42
2024-11-28,1.10241,1.10451,1.09941,1.10353,55849.44
2024-11-29,1.10355,1.10385,1.09821,1.09869,98192.44
2024-12-01,1.10055,1.10144,1.09998,1.1008,5085.4
2024-12-02,1.1008,1.10274,1.09804,1.10028,105506.81
2024-12-03,1.10026,1.10296,1.10017,1.10248,85756.56
2024-12-04,1.10246,1.10276,1.09727,1.09796,105423.71
2024-12-05,1.09793,1.09859,1.09478,1.09644,70868.93
2024-12-06,1.09642,1.09843,1.09412,1.09542,93536.16
2024-12-08,1.09403,1.09687,1.09328,1.09604,4283.51
2024-12-09,1.09602,1.10091,1.09555,1.09881,79632.8
2024-12-10,1.09882,1.10017,1.09499,1.09889,83553.39
2024-12-11,1.09885,1.10123,1.09809,1.10089,99881.56
2024-12-12,1.10211,1.10597,1.1012,1.10406,99953.75
2024-12-13,1.10409,1.10578,1.10318,1.10363,72555.8
2024-12-15,1.10271,1.10354,1.10127,1.10339,3509.3
2024-12-16,1.1034,1.10417,1.10029,1.10085,65690.75
2024-12-17,1.10086,1.10282,1.10019,1.10075,57544.38
2024-12-18,1.10075,1.1066,1.09941,1.10465,103427.29
2024-12-19,1.10465,1.10809,1.10302,1.10736,108484.46
2024-12-20,1.10738,1.10843,1.10509,1.10515,95892.93
2024-12-22,1.10846,1.10878,1.10575,1.10646,3250.15
2024-12-23,1.10649,1.10726,1.10292,1.1057,78496.06
2024-12-24,1.10576,1.10608,1.10084,1.10335,58491.59
2024-12-25,1.10365,1.10532,1.10161,1.10469,2027.64
2024-12-26,1.10468,1.10631,1.10363,1.10622,59278.03
2024-12-27,1.10619,1.10693,1.10205,1.10324,72287.76
2024-12-29,1.10257,1.10473,1.10126,1.10374,3970.75
2024-12-30,1.10375,1.1044,1.1005,1.1026,66086.04
2024-12-31,1.1026,1.10662,1.10235,1.10576,84296.58
2025-01-01,1.10345,1.10634,1.10321,1.10625,4880.69
2025-01-02,1.10625,1.10911,1.10556,1.1086,91092.17
2025-01-03,1.1086,1.10999,1.10726,1.10726,64922.53
2025-01-05,1.1067,1.10775,1.10487,1.10741,3389.67
2025-01-06,1.10739,1.10884,1.10397,1.1064,108365.66
2025-01-07,1.10638,1.10724,1.10398,1.10641,90935.48
2025-01-08,1.10642,1.10852,1.10395,1.10802,96618.45
2025-01-09,1.10801,1.10856,1.10597,1.10658,67558.91
2025-01-10,1.10654,1.10895,1.10561,1.10572,99230.2
2025-01-12,1.10566,1.10669,1.10474,1.10595,3358.71
2025-01-13,1.10594,1.10839,1.10401,1.1051,61048.85
2025-01-14,1.10513,1.10598,1.10199,1.10494,60606.9
2025-01-15,1.10491,1.10925,1.10373,1.10777,55343.63
2025-01-16,1.10779,1.11021,1.1059,1.10728,68342.77
2025-01-17,1.10728,1.11016,1.10645,1.1087,54860.6
2025-01-19,1.10758,1.10938,1.10746,1.10872,3069.26
2025-01-20,1.10872,1.10887,1.10319,1.10539,78328.57
2025-01-21,1.10542,1.10693,1.10305,1.10612,100312.73
2025-01-22,1.10613,1.10847,1.10565,1.10767,53113.6
2025-01-23,1.10768,1.10812,1.10558,1.10696,70041.29
2025-01-24,1.10697,1.10763,1.10487,1.10535,67308.19
2025-01-26,1.10515,1.10557,1.10408,1.10518,4966.8
2025-01-27,1.10519,1.10701,1.10434,1.1049,76102.53
2025-01-28,1.10493,1.10643,1.10229,1.10362,53892.35
2025-01-29,1.10362,1.10381,1.10024,1.10118,66094.63
2025-01-30,1.10118,1.10335,1.10012,1.10266,61008.66
2025-01-31,1.10267,1.10345,1.10073,1.10168,81485.8
2025-02-02,1.10158,1.10355,1.10086,1.10265,15731.85
2025-02-03,1.10263,1.10674,1.10185,1.10473,144325.85
2025-02-04,1.1047,1.10788,1.10449,1.10652,65875.37
2025-02-05,1.10651,1.1068,1.10349,1.10471,59310.63
2025-02-06,1.10473,1.10776,1.10396,1.10694,51080.95
2025-02-07,1.10696,1.10914,1.10604,1.10785,69522.09
2025-02-09,1.10519,1.10841,1.10456,1.10841,7018.42
2025-02-10,1.10842,1.11349,1.108,1.11277,49422.91
2025-02-11,1.1128,1.11349,1.11136,1.1128,47110.61
2025-02-12,1.11281,1.11424,1.11055,1.11342,71828.98
2025-02-13,1.11341,1.11384,1.1112,1.11212,70006.78
2025-02-14,1.11213,1.11237,1.10771,1.10832,53600.63
2025-02-16,1.10905,1.10942,1.10815,1.10871,5342.67
2025-02-17,1.1087,1.11027,1.10678,1.10877,37712.63
2025-02-18,1.10878,1.11445,1.10862,1.11352,53129.88
2025-02-19,1.11353,1.11743,1.1103,1.11218,65813.17
2025-02-20,1.11217,1.11344,1.1085,1.11058,63859.14
2025-02-21,1.11052,1.11077,1.10662,1.10662,63636.93
2025-02-23,1.10715,1.10791,1.10607,1.10766,3125.07
2025-02-24,1.10764,1.1084,1.10625,1.10686,65725.59
2025-02-25,1.10686,1.10908,1.10605,1.10833,55881.58
2025-02-26,1.10833,1.10883,1.10498,1.10712,59103.68
2025-02-27,1.10711,1.10865,1.1059,1.1075,69690.78
2025-02-28,1.10753,1.10994,1.10731,1.10893,70722.86
2025-03-02,1.10844,1.1101,1.10825,1.1098,3215.16
2025-03-03,1.10977,1.11062,1.10627,1.10741,71633.9
2025-03-04,1.10743,1.108,1.10367,1.10722,103654.49
2025-03-05,1.10717,1.10793,1.10336,1.10615,112644.32
2025-03-06,1.10615,1.10668,1.10281,1.10378,95177.06
2025-03-07,1.10382,1.10535,1.10108,1.10426,84953.31
2025-03-09,1.10194,1.10434,1.10179,1.104,6664.92
2025-03-10,1.104,1.10485,1.09964,1.10263,87060.63
2025-03-11,1.10265,1.1036,1.10012,1.10211,88223.16
2025-03-12,1.10208,1.10313,1.10091,1.10287,84787.96
2025-03-13,1.10287,1.10352,1.10085,1.10229,94518.46
2025-03-14,1.10223,1.10279,1.09958,1.09988,58385.01
2025-03-16,1.09884,1.1008,1.09799,1.09968,4337.03
2025-03-17,1.09968,1.10059,1.09553,1.09571,57211.41
2025-03-18,1.09571,1.09622,1.09193,1.09327,52897.96
2025-03-19,1.09327,1.09483,1.09155,1.09335,61080.5
2025-03-20,1.09335,1.09614,1.09125,1.09388,64761.4
2025-03-21,1.09392,1.09451,1.09117,1.09358,41675.06
2025-03-23,1.09111,1.09484,1.09071,1.09461,3127.87
2025-03-24,1.09466,1.09882,1.09431,1.0977,42534.46
2025-03-25,1.09768,1.10026,1.09757,1.10006,41955.2
2025-03-26,1.10002,1.10024,1.09709,1.09937,54564.82
2025-03-27,1.09933,1.09995,1.09608,1.0985,56782.6
2025-03-28,1.09846,1.10118,1.09803,1.09954,43960.68
2025-03-30,1.09819,1.10127,1.09819,1.10079,5914.35
2025-03-31,1.10078,1.10236,1.09816,1.10059,66294.63
2025-04-01,1.10058,1.10307,1.09813,1.10074,58607.84
2025-04-02,1.10076,1.10107,1.09271,1.09365,84560.58
2025-04-03,1.0937,1.09522,1.08856,1.09285,116334.45
2025-04-04,1.09285,1.0934,1.07723,1.07912,217146.57
2025-04-06,1.07352,1.08048,1.07023,1.08045,48006.61
2025-04-07,1.08043,1.08668,1.07562,1.08308,366826.69
2025-04-08,1.08309,1.08313,1.07307,1.0794,223090.76
2025-04-09,1.07945,1.09058,1.07634,1.08806,393434.05
2025-04-10,1.08805,1.08874,1.08117,1.08269,283910.57
2025-04-11,1.08271,1.08301,1.06934,1.07916,282539.49
2025-04-13,1.08099,1.08145,1.07654,1.07971,18203.36
2025-04-14,1.0797,1.07976,1.07403,1.07729,150197.3
2025-04-15,1.0773,1.07753,1.07204,1.0751,120243.47
2025-04-16,1.0751,1.07912,1.07078,1.07285,152332.0
2025-04-17,1.07289,1.07601,1.06668,1.06984,137254.18
2025-04-18,1.06982,1.07575,1.06849,1.07302,790681.69
2025-04-20,1.07341,1.07367,1.0717,1.07207,10580.77
2025-04-21,1.07208,1.07258,1.06728,1.0701,125737.37
2025-04-22,1.07008,1.07051,1.06466,1.06976,92767.48
2025-04-23,1.06978,1.0725,1.06643,1.06933,109966.24
2025-04-24,1.06935,1.06979,1.06579,1.06877,96895.61
2025-04-25,1.06879,1.07342,1.06867,1.07249,84510.2
2025-04-27,1.07091,1.07356,1.07066,1.07268,3959.17
2025-04-28,1.07269,1.07676,1.07162,1.07649,70798.26
2025-04-29,1.07649,1.07835,1.07243,1.07548,64928.51
2025-04-30,1.07544,1.08101,1.07523,1.07984,73677.05
2025-05-01,1.07986,1.081,1.07685,1.07991,74628.52
2025-05-02,1.07992,1.08459,1.07979,1.08418,77571.73
2025-05-04,1.08112,1.0842,1.08109,1.08295,5318.56
2025-05-05,1.08297,1.0853,1.08061,1.08375,56082.58
2025-05-06,1.08378,1.08478,1.07801,1.08154,133879.42
2025-05-07,1.08155,1.08276,1.07888,1.08265,110483.12
2025-05-08,1.08267,1.08432,1.08037,1.08357,85475.32
2025-05-09,1.08354,1.08702,1.08327,1.08454,52825.0
2025-05-11,1.08407,1.0856,1.08243,1.08449,9860.57
2025-05-12,1.08449,1.08979,1.08323,1.08714,96228.79
2025-05-13,1.08713,1.09048,1.08676,1.0902,82824.29
2025-05-14,1.09021,1.09105,1.08672,1.08987,90182.41
2025-05-15,1.08988,1.09208,1.08795,1.09043,79789.52
2025-05-16,1.09043,1.09127,1.08627,1.08862,71796.28
2025-05-18,1.08563,1.08925,1.08554,1.0887,5286.53
2025-05-19,1.08871,1.09077,1.08703,1.08855,61473.42
2025-05-20,1.08855,1.08915,1.08215,1.08393,95577.6
2025-05-21,1.08389,1.08666,1.08121,1.08406,95362.35
2025-05-22,1.08406,1.08821,1.08381,1.08661,95818.3
2025-05-23,1.0866,1.08829,1.0818,1.085,87630.03
2025-05-25,1.08331,1.08544,1.08301,1.08497,6873.06
2025-05-26,1.085,1.08556,1.07858,1.08097,50895.77
2025-05-27,1.08097,1.08398,1.08012,1.0839,74721.44
2025-05-28,1.08391,1.085,1.07596,1.07819,100544.9
2025-05-29,1.07819,1.08231,1.07553,1.07812,90177.1
2025-05-30,1.07813,1.07874,1.07593,1.07794,77718.33
2025-06-01,1.07706,1.07905,1.07653,1.07851,4967.5
2025-06-02,1.07854,1.07861,1.07435,1.07438,82379.67
2025-06-03,1.07438,1.07784,1.07262,1.07634,84764.84
2025-06-04,1.07654,1.07854,1.07494,1.07686,58799.7
2025-06-05,1.07683,1.07827,1.07498,1.07743,75524.71
2025-06-06,1.07741,1.07961,1.07503,1.07872,90285.46
2025-06-08,1.0772,1.07927,1.0772,1.07903,5029.96
2025-06-09,1.07902,1.08021,1.07622,1.07714,62367.98
2025-06-10,1.07717,1.0796,1.07601,1.0773,90744.59
2025-06-11,1.07733,1.0804,1.07685,1.07825,87483.29
2025-06-12,1.07825,1.07874,1.07511,1.07606,108828.67
2025-06-13,1.07604,1.07913,1.07445,1.0776,125457.45
2025-06-15,1.07617,1.07929,1.07617,1.07877,17674.11
2025-06-16,1.07878,1.07936,1.07506,1.07588,110559.48
2025-06-17,1.07589,1.07789,1.07515,1.07666,91497.51
2025-06-18,1.07666,1.07964,1.076,1.0792,126053.63
2025-06-19,1.0792,1.08349,1.07863,1.0808,91208.57
2025-06-20,1.08079,1.08325,1.07985,1.08046,100167.5
2025-06-22,1.07968,1.0826,1.07919,1.08117,9758.73
2025-06-23,1.08118,1.08406,1.0794,1.08055,131918.78
2025-06-24,1.08054,1.08135,1.07862,1.08044,105878.93
2025-06-25,1.08044,1.0805,1.07685,1.07715,95485.31
2025-06-26,1.07716,1.08074,1.0769,1.08037,110646.37
2025-06-27,1.08037,1.08057,1.07724,1.07801,88018.14
2025-06-29,1.07752,1.0791,1.07689,1.07737,7666.53
2025-06-30,1.0774,1.07998,1.07608,1.07952,90237.0
2025-07-01,1.07953,1.07968,1.0765,1.07861,85955.42
2025-07-02,1.07862,1.08206,1.07752,1.08089,75906.63
2025-07-03,1.08092,1.08447,1.08012,1.08181,89021.84
2025-07-04,1.08177,1.08267,1.08074,1.08078,111716.82
2025-07-06,1.08022,1.0828,1.07937,1.08259,5346.18
2025-07-07,1.0826,1.08441,1.0813,1.08292,86529.36
2025-07-08,1.08292,1.08904,1.08247,1.08859,74000.39
2025-07-09,1.08858,1.09041,1.08671,1.08939,73996.37
2025-07-10,1.08944,1.0924,1.08905,1.09139,59965.57
2025-07-11,1.09138,1.0953,1.09072,1.09426,80425.02
2025-07-13,1.09109,1.09537,1.09106,1.09475,6161.04
2025-07-14,1.09474,1.09733,1.09447,1.09592,87761.65
2025-07-15,1.0959,1.09632,1.09434,1.09467,81167.95
2025-07-16,1.09467,1.0989,1.09414,1.09721,102290.82
2025-07-17,1.09716,1.09781,1.0921,1.09317,66464.84
2025-07-18,1.09319,1.09334,1.09095,1.09139,52749.86
2025-07-20,1.08956,1.09466,1.08903,1.09407,6147.85
2025-07-21,1.09408,1.0949,1.09095,1.09346,62078.92
2025-07-22,1.09347,1.09574,1.09141,1.09243,74352.12
2025-07-23,1.09245,1.09303,1.09006,1.09155,81281.45
2025-07-24,1.09152,1.09378,1.09111,1.0925,88618.08
2025-07-25,1.09253,1.09325,1.09082,1.09083,54398.9
2025-07-27,1.09195,1.09251,1.09112,1.09166,4027.53
2025-07-28,1.09166,1.09259,1.0905,1.09197,62106.93
2025-07-29,1.09194,1.09387,1.09142,1.09368,82474.76
2025-07-30,1.0937,1.09371,1.09044,1.09094,108605.04
2025-07-31,1.09095,1.09231,1.08944,1.09173,95312.49
2025-08-01,1.09173,1.09637,1.09134,1.09325,111774.8
2025-08-03,1.09127,1.09452,1.09108,1.09372,4129.59
2025-08-04,1.09371,1.09658,1.09353,1.09417,74407.09
2025-08-05,1.09419,1.09803,1.09367,1.09539,76908.24
2025-08-06,1.0954,1.09673,1.09511,1.09637,50499.43
2025-08-07,1.09638,1.0969,1.09195,1.09309,85163.69
2025-08-08,1.0931,1.09646,1.09279,1.09507,66947.5
2025-08-10,1.09285,1.09602,1.09281,1.0956,3016.47
2025-08-11,1.09561,1.09776,1.09509,1.09661,61416.88
2025-08-12,1.09662,1.09822,1.09426,1.09596,92287.43
2025-08-13,1.09598,1.09667,1.09315,1.09539,42783.79
2025-08-14,1.09538,1.09815,1.09448,1.09732,63907.04
2025-08-15,1.09731,1.09944,1.09682,1.0984,40936.04
2025-08-17,1.09789,1.09894,1.09779,1.09837,1874.82
2025-08-18,1.09835,1.09897,1.09382,1.09636,38116.7
2025-08-19,1.09638,1.09639,1.09263,1.09426,55749.97
2025-08-20,1.09427,1.10678,1.09382,1.10415,74703.35
2025-08-21,1.10415,1.10493,1.10181,1.10368,51018.08
2025-08-22,1.10369,1.10677,1.10339,1.1057,74853.14
2025-08-24,1.10334,1.10672,1.10318,1.10567,3397.14
2025-08-25,1.10567,1.10838,1.10481,1.10811,55554.8
2025-08-26,1.1081,1.11051,1.1064,1.10887,66337.07
2025-08-27,1.10887,1.11149,1.1078,1.11115,57052.47
2025-08-28,1.11114,1.11231,1.10837,1.10999,48956.42
2025-08-29,1.10999,1.11037,1.10838,1.10866,46818.57
2025-08-31,1.10817,1.11008,1.10817,1.10966,1729.03
2025-09-01,1.10966,1.11114,1.10706,1.11035,34860.44
2025-09-02,1.11035,1.11215,1.10868,1.11208,62687.24
2025-09-03,1.11208,1.11514,1.11122,1.11286,68185.21
2025-09-04,1.11282,1.1156,1.11152,1.11469,57746.31
2025-09-05,1.11469,1.11482,1.11145,1.11203,56317.54
2025-09-07,1.11026,1.11314,1.11026,1.11312,2898.28
2025-09-08,1.11312,1.11325,1.10601,1.10972,45689.39
2025-09-09,1.10971,1.11153,1.10865,1.11114,65527.75
2025-09-10,1.11113,1.11377,1.10976,1.11371,65896.52
2025-09-11,1.1137,1.11559,1.11289,1.11506,57888.89
2025-09-12,1.11507,1.11695,1.11461,1.11591,39348.56
2025-09-14,1.11358,1.11688,1.11288,1.11662,3798.63
2025-09-15,1.1166,1.11805,1.11435,1.11801,31562.52
2025-09-16,1.11802,1.11904,1.11395,1.11681,60179.51
2025-09-17,1.11676,1.12152,1.11219,1.1209,68673.84
2025-09-18,1.12094,1.12786,1.12028,1.1234,65973.48
2025-09-19,1.12336,1.12604,1.1229,1.12531,47415.29
2025-09-21,1.12345,1.12654,1.12227,1.12609,2523.56
2025-09-22,1.12608,1.12659,1.12289,1.1247,50332.01
2025-09-23,1.12469,1.1279,1.12339,1.12661,46883.23
2025-09-24,1.1266,1.13397,1.12592,1.13242,67019.53
2025-09-25,1.13241,1.13458,1.13076,1.13446,97189.79
2025-09-26,1.13446,1.1349,1.13265,1.13323,70171.81
2025-09-28,1.13025,1.13439,1.13025,1.13401,2374.04
2025-09-29,1.13398,1.13855,1.13369,1.13803,75061.41
2025-09-30,1.13801,1.14176,1.13578,1.14061,94853.82
2025-10-01,1.14061,1.14078,1.13507,1.13635,92370.92
2025-10-02,1.13638,1.13699,1.13123,1.13387,66920.76
2025-10-03,1.13391,1.1343,1.1315,1.1315,71057.64
2025-10-05,1.13071,1.13296,1.13027,1.13211,8563.9
2025-10-06,1.1321,1.13448,1.12975,1.13281,80043.51
2025-10-07,1.1327,1.13553,1.13268,1.13494,85612.37
2025-10-08,1.13489,1.1444,1.13416,1.13839,84088.37
2025-10-09,1.13839,1.14281,1.13656,1.1405,82236.6
2025-10-10,1.1405,1.14185,1.13091,1.13127,106690.14
2025-10-12,1.1313,1.13523,1.13073,1.13474,12423.4
2025-10-13,1.13475,1.13912,1.13463,1.13897,84231.68
2025-10-14,1.13897,1.13942,1.13194,1.13623,93970.18
2025-10-15,1.1362,1.13923,1.13479,1.13856,82903.85
2025-10-16,1.13854,1.13913,1.12857,1.13188,105181.34
2025-10-17,1.13189,1.13426,1.1276,1.13358,135670.21
2025-10-19,1.13038,1.13565,1.13036,1.13434,5201.64
2025-10-20,1.13434,1.13471,1.13169,1.13443,80816.43
2025-10-21,1.13444,1.13548,1.12941,1.13038,92203.67
2025-10-22,1.13038,1.13123,1.12783,1.131,109573.05
2025-10-23,1.131,1.13327,1.12966,1.1319,83945.78
2025-10-24,1.13189,1.13314,1.12983,1.1321,97891.7
2025-10-26,1.13019,1.13487,1.1298,1.1343,8544.31
2025-10-27,1.1343,1.13807,1.13319,1.13565,100194.11
2025-10-28,1.13564,1.13948,1.13435,1.13861,100234.57
2025-10-29,1.13863,1.14278,1.13754,1.14099,137750.55
2025-10-30,1.14099,1.14195,1.13843,1.14175,94721.6
2025-10-31,1.14173,1.14416,1.1417,1.14283,56724.55
2025-11-02,1.14239,1.14415,1.14239,1.14375,3909.97
2025-11-03,1.1438,1.146,1.14361,1.14572,66861.46
2025-11-04,1.14573,1.15123,1.14479,1.14931,84720.2
2025-11-05,1.14927,1.15017,1.1466,1.14867,74242.38
2025-11-06,1.14867,1.1513,1.14817,1.14986,99995.04
2025-11-07,1.14986,1.15663,1.14951,1.15371,108566.68
2025-11-09,1.15165,1.15567,1.15165,1.1556,7257.98
2025-11-10,1.15557,1.15893,1.15496,1.1579,72530.06
2025-11-11,1.1579,1.15845,1.15248,1.15421,68611.66
2025-11-12,1.15421,1.15691,1.15211,1.15436,70650.95
2025-11-13,1.15439,1.16361,1.15327,1.15516,90773.95
2025-11-14,1.15516,1.15553,1.14594,1.15002,80470.77
2025-11-16,1.14922,1.15108,1.14922,1.15094,2331.82
2025-11-17,1.15093,1.15227,1.14656,1.14819,66931.79
2025-11-18,1.1482,1.1504,1.14535,1.15011,84789.8
2025-11-19,1.15011,1.15648,1.14996,1.15581,83913.48
2025-11-20,1.15583,1.15721,1.14889,1.15351,103047.28
2025-11-21,1.15349,1.15444,1.1494,1.14964,96336.39
2025-11-23,1.14942,1.15199,1.14938,1.15129,3259.25
2025-11-24,1.1513,1.1535,1.14919,1.15193,60968.81
2025-11-25,1.15192,1.15318,1.14946,1.15017,76142.95
2025-11-26,1.1502,1.15265,1.14065,1.14346,99992.72
2025-11-27,1.14352,1.14352,1.13919,1.14069,42384.45
2025-11-28,1.14068,1.14348,1.14055,1.14098,410124.55
2025-11-30,1.14126,1.14245,1.14067,1.142,4401.82
2025-12-01,1.142,1.14294,1.14052,1.14248,71541.92
2025-12-02,1.14252,1.14584,1.14214,1.14493,58752.38
2025-12-03,1.14495,1.14688,1.14217,1.14383,63687.29
2025-12-04,1.14383,1.14734,1.14382,1.14704,86782.01
2025-12-05,1.14705,1.15003,1.14631,1.14932,66545.38
2025-12-07,1.14598,1.14956,1.14597,1.14884,10831.5
2025-12-08,1.14883,1.14918,1.14552,1.14724,71825.53
2025-12-09,1.14725,1.14931,1.1436,1.14879,74691.56
2025-12-10,1.14877,1.15161,1.14688,1.14734,119829.17
2025-12-11,1.14731,1.14759,1.144,1.14675,104683.29
2025-12-12,1.14675,1.14775,1.14555,1.14563,81302.23
2025-12-14,1.14462,1.14645,1.1441,1.14571,4979.39
2025-12-15,1.14572,1.15187,1.14474,1.14784,74199.88
2025-12-16,1.14782,1.15,1.14446,1.14663,109649.81
2025-12-17,1.14663,1.14714,1.14193,1.14401,101254.04
2025-12-18,1.144,1.14691,1.1437,1.14511,91675.51
2025-12-19,1.14511,1.15083,1.1446,1.14769,64366.89
2025-12-21,1.14749,1.15001,1.14748,1.14857,10244.11
2025-12-22,1.14858,1.14944,1.14704,1.14859,68581.39
2025-12-23,1.14859,1.14877,1.14591,1.14696,64278.14
2025-12-24,1.14695,1.15025,1.14547,1.14585,69105.24
2025-12-25,1.14596,1.1492,1.14499,1.14876,12029.57
2025-12-26,1.14875,1.15215,1.14875,1.15054,62531.22
2025-12-28,1.14784,1.1524,1.14771,1.15233,5386.59
2025-12-29,1.15233,1.15482,1.15119,1.1526,113218.81
2025-12-30,1.15266,1.15661,1.15239,1.15629,88643.86
2025-12-31,1.15629,1.1605,1.15619,1.15895,91097.28
2026-01-01,1.15554,1.16004,1.15553,1.15982,3138.91
2026-01-02,1.15985,1.16299,1.15845,1.15974,59586.2
2026-01-04,1.15759,1.16182,1.15742,1.16128,6883.18
2026-01-05,1.1613,1.16153,1.15825,1.1602,78933.13
2026-01-06,1.16025,1.16569,1.1579,1.16489,76557.63
2026-01-07,1.16491,1.16926,1.16189,1.16417,78262.78
2026-01-08,1.16416,1.16562,1.16259,1.16495,74950.9
2026-01-09,1.16495,1.16738,1.16488,1.16598,80000.09
2026-01-11,1.16404,1.16724,1.16372,1.16691,4173.47
2026-01-12,1.16692,1.16714,1.16131,1.16188,71917.95
2026-01-13,1.16187,1.1649,1.16076,1.16451,81191.33
2026-01-14,1.16455,1.16611,1.15999,1.16342,83815.99
2026-01-15,1.16343,1.16779,1.16314,1.16657,76337.14
2026-01-16,1.16656,1.16661,1.16101,1.1613,55823.12
2026-01-18,1.16063,1.16186,1.16009,1.16017,6976.18
2026-01-19,1.16017,1.1611,1.15693,1.15819,58997.27
2026-01-20,1.15814,1.15888,1.15241,1.15511,86645.39
2026-01-21,1.15514,1.15779,1.15346,1.15694,67390.37
2026-01-22,1.15695,1.16247,1.15344,1.15599,53253.54
2026-01-23,1.15601,1.16139,1.15572,1.15882,46772.44
2026-01-25,1.16088,1.16157,1.15789,1.15972,9036.7
2026-01-26,1.15977,1.16095,1.15632,1.15798,65520.63
2026-01-27,1.15797,1.16076,1.15773,1.1604,67869.16
2026-01-28,1.16041,1.16331,1.15856,1.16064,101967.81
2026-01-29,1.16068,1.16458,1.15634,1.15987,127592.21
2026-01-30,1.15985,1.16066,1.15445,1.15597,124221.46
2026-02-01,1.15424,1.1559,1.15371,1.15552,14107.27
2026-02-02,1.15553,1.15929,1.1527,1.15714,132032.65
2026-02-03,1.15715,1.16466,1.15661,1.16233,125677.64
2026-02-04,1.16232,1.16686,1.1616,1.16618,114100.65
2026-02-05,1.16615,1.16647,1.1617,1.16457,107295.67
2026-02-06,1.16458,1.16629,1.16257,1.16528,67132.38
2026-02-08,1.16404,1.16697,1.1635,1.1663,5985.08
2026-02-09,1.16627,1.17225,1.16558,1.17033,69456.02
2026-02-10,1.17034,1.17201,1.16873,1.17095,55671.3
2026-02-11,1.17098,1.17871,1.17069,1.17791,92068.36
2026-02-12,1.1779,1.1796,1.17268,1.17507,82713.37
2026-02-13,1.17502,1.17547,1.16984,1.17025,82934.67
2026-02-15,1.17045,1.17205,1.17016,1.17199,3991.18
2026-02-16,1.17205,1.1751,1.17124,1.17244,32568.6
2026-02-17,1.17248,1.17274,1.16787,1.17095,69244.97
2026-02-18,1.17096,1.18094,1.17046,1.18042,57841.97
2026-02-19,1.18041,1.18307,1.17951,1.18175,66325.21
2026-02-20,1.18177,1.18581,1.18072,1.18505,78772.27
2026-02-22,1.18245,1.18539,1.18229,1.18453,6026.54
2026-02-23,1.18452,1.18517,1.18101,1.18455,59522.21
2026-02-24,1.18455,1.18557,1.1819,1.18349,55403.83
2026-02-25,1.18348,1.18914,1.18296,1.18657,54360.9
2026-02-26,1.18656,1.18912,1.18535,1.18765,66424.84
2026-02-27,1.18767,1.18988,1.1859,1.18597,65320.15
2026-03-01,1.18252,1.18594,1.18173,1.1844,14154.44
2026-03-02,1.18441,1.19528,1.18439,1.19429,109213.24
2026-03-03,1.1943,1.19796,1.1886,1.19537,177474.58
2026-03-04,1.19541,1.1955,1.18624,1.19167,155453.73
2026-03-05,1.19167,1.19233,1.187,1.18875,149698.88
2026-03-06,1.18878,1.19351,1.1883,1.19081,179516.61
2026-03-08,1.18996,1.1928,1.18879,1.19084,26557.97
2026-03-09,1.19085,1.19306,1.18696,1.19254,221285.52
2026-03-10,1.19254,1.20195,1.1919,1.20167,187041.85
2026-03-11,1.20168,1.21065,1.201,1.20923,165058.73
2026-03-12,1.20925,1.21089,1.20594,1.20882,136530.83
2026-03-13,1.20883,1.21196,1.20656,1.20799,106625.15
2026-03-15,1.20661,1.20968,1.20571,1.20857,11081.92
2026-03-16,1.20857,1.2092,1.20535,1.20734,95280.92
2026-03-17,1.20735,1.21483,1.20601,1.21345,102921.83
2026-03-18,1.21349,1.21435,1.20857,1.21302,135125.25
2026-03-19,1.21301,1.21333,1.20433,1.20668,239531.77
2026-03-20,1.20668,1.20682,1.20322,1.20389,169432.27
2026-03-22,1.20263,1.2039,1.20044,1.20182,9233.26
2026-03-23,1.20182,1.20527,1.19433,1.19708,318115.33
2026-03-24,1.19706,1.19897,1.19327,1.19845,242121.34
2026-03-25,1.19846,1.20002,1.1956,1.19571,191896.2
2026-03-26,1.19571,1.20008,1.1938,1.19538,179385.29
2026-03-27,1.19542,1.19734,1.19356,1.19622,169959.15
2026-03-29,1.1935,1.19657,1.19265,1.19603,10636.01
2026-03-30,1.19605,1.20034,1.19466,1.19735,160906.13
2026-03-31,1.19733,1.20242,1.19716,1.20235,207691.1
2026-04-01,1.20228,1.20531,1.20178,1.20414,169411.76
2026-04-02,1.20415,1.20915,1.20256,1.20873,196721.27
2026-04-03,1.20879,1.21172,1.2049,1.20955,57483.61
2026-04-05,1.20713,1.21177,1.20707,1.2108,8441.93
2026-04-06,1.21081,1.21196,1.20879,1.2104,133349.65
2026-04-07,1.2104,1.21948,1.21022,1.21811,133674.9
2026-04-08,1.2181,1.21977,1.20744,1.20833,203070.29
2026-04-09,1.20834,1.20967,1.20403,1.2092,150153.97
2026-04-10,1.20917,1.21148,1.20792,1.20941,79907.02
2026-04-12,1.20388,1.21018,1.20336,1.20945,16223.06
2026-04-13,1.20949,1.20999,1.20723,1.20904,100249.85
2026-04-14,1.20898,1.20906,1.2037,1.20769,95967.38
2026-04-15,1.20769,1.21383,1.2072,1.21373,127603.0
2026-04-16,1.21372,1.21844,1.21303,1.21627,128090.41
2026-04-17,1.21625,1.21911,1.21591,1.21827,122424.36
2026-04-19,1.2144,1.21803,1.21414,1.21635,10363.23
2026-04-20,1.21639,1.21929,1.21366,1.21465,133863.4
2026-04-21,1.21464,1.21477,1.2107,1.21336,141542.12
2026-04-22,1.21336,1.21341,1.20891,1.21206,140708.31
2026-04-23,1.21203,1.21835,1.21172,1.21799,192269.73
2026-04-24,1.21797,1.21858,1.21506,1.21567,152036.59
2026-04-26,1.21235,1.21705,1.21196,1.2167,5714.46
2026-04-27,1.21669,1.21772,1.2133,1.21624,169992.53
2026-04-28,1.21623,1.22085,1.21549,1.22057,139607.61
2026-04-29,1.22057,1.22337,1.21668,1.22057,177537.8
2026-04-30,1.22054,1.22253,1.21615,1.21909,220975.18
