date,open,high,low,close,tick_volume
2005-10-07,1.59797,1.60395,1.59767,1.60152,84410.5
2005-10-09,1.60152,1.60194,1.59964,1.6016,6193.5
2005-10-10,1.60145,1.6019,1.5873,1.58947,111583.9
2005-10-11,1.58941,1.59866,1.5858,1.59264,110464.4
2005-10-12,1.59228,1.59591,1.58923,1.59078,115328.5
2005-10-13,1.59045,1.60289,1.58791,1.6018,117779.9
2005-10-14,1.6019,1.60896,1.59613,1.60418,108669.1
2005-10-16,1.60418,1.60418,1.60068,1.60239,6914.1
2005-10-17,1.60243,1.6091,1.5995,1.60417,116994.1
2005-10-18,1.60411,1.60474,1.59492,1.59558,117916.2
2005-10-19,1.59564,1.60028,1.59177,1.59593,119272.1
2005-10-20,1.59585,1.60049,1.58764,1.59956,118788.6
2005-10-21,1.59971,1.60342,1.59317,1.5948,109735.3
2005-10-22,1.5948,1.5948,1.5948,1.5948,0.0
2005-10-23,1.5948,1.59688,1.59419,1.5951,7001.3
2005-10-24,1.59501,1.59978,1.59224,1.59497,116643.5
2005-10-25,1.5949,1.60358,1.59131,1.59901,118887.7
2005-10-26,1.59903,1.60297,1.59514,1.59971,119446.0
2005-10-27,1.59947,1.60386,1.59564,1.60264,118462.5
2005-10-28,1.60262,1.61391,1.60218,1.61004,107172.4
2005-10-29,1.61004,1.61004,1.61004,1.61004,0.0
2005-10-30,1.61004,1.61082,1.60803,1.6093,6364.4
2005-10-31,1.60929,1.61043,1.60077,1.60294,116193.0
2005-11-01,1.60291,1.61991,1.60202,1.61757,118727.1
2005-11-02,1.61748,1.62887,1.61577,1.62608,117856.9
2005-11-03,1.62603,1.62801,1.61309,1.61577,114874.9
2005-11-04,1.61566,1.62239,1.61,1.6106,113271.9
2005-11-05,1.6106,1.6106,1.6106,1.6106,0.0
2005-11-06,1.6106,1.61225,1.60979,1.61008,5920.4
2005-11-07,1.60988,1.61404,1.60539,1.60817,120240.1
2005-11-08,1.60828,1.6088,1.59911,1.60312,118636.8
2005-11-09,1.60296,1.60469,1.5944,1.59907,117088.4
2005-11-10,1.59914,1.60795,1.59738,1.59838,117809.5
2005-11-11,1.5985,1.60061,1.59273,1.59924,108605.7
2005-11-12,1.59924,1.59924,1.59924,1.59924,0.0
2005-11-13,1.59924,1.5995,1.59924,1.5995,0.0
2005-11-14,1.59904,1.6081,1.59862,1.60522,117113.0
2005-11-15,1.60521,1.608,1.5951,1.60109,119054.8
2005-11-16,1.60095,1.60485,1.5938,1.59719,119920.8
2005-11-17,1.59699,1.60116,1.59241,1.60003,120932.0
2005-11-18,1.59982,1.60713,1.59413,1.604,115449.8
2005-11-19,1.604,1.604,1.604,1.604,0.0
2005-11-20,1.604,1.60748,1.60256,1.60403,8670.4
2005-11-21,1.60397,1.60943,1.59053,1.59303,118976.8
2005-11-22,1.59305,1.60246,1.59241,1.60225,120427.7
2005-11-23,1.60203,1.60641,1.59545,1.59911,118989.2
2005-11-24,1.59902,1.60131,1.59058,1.59718,119784.4
2005-11-25,1.59704,1.59963,1.59062,1.59235,114292.0
2005-11-26,1.59235,1.59235,1.59235,1.59235,0.0
2005-11-27,1.59235,1.59522,1.5908,1.594,7558.7
2005-11-28,1.59396,1.60157,1.59106,1.59757,120401.1
2005-11-29,1.59775,1.59895,1.59062,1.59445,121109.7
2005-11-30,1.5944,1.59826,1.59019,1.59335,119409.3
2005-12-01,1.59319,1.596,1.57472,1.58103,118418.5
2005-12-02,1.58095,1.58125,1.56244,1.5658,113645.8
2005-12-03,1.5658,1.5658,1.5658,1.5658,0.0
2005-12-04,1.5658,1.56859,1.56505,1.56859,7770.9
2005-12-05,1.56852,1.57102,1.56222,1.5691,120454.1
2005-12-06,1.56893,1.57087,1.56122,1.56661,120916.4
2005-12-07,1.56658,1.57625,1.56505,1.56655,120285.2
2005-12-08,1.56654,1.57935,1.5643,1.57519,119838.2
2005-12-09,1.57521,1.57558,1.56841,1.5739,114386.9
2005-12-10,1.5739,1.5739,1.5739,1.5739,0.0
2005-12-11,1.5739,1.57422,1.57217,1.57248,7670.7
2005-12-12,1.57261,1.58662,1.56995,1.58001,119987.6
2005-12-13,1.57996,1.58629,1.57797,1.58575,121142.0
2005-12-14,1.58561,1.59373,1.58511,1.58662,120118.9
2005-12-15,1.58666,1.60732,1.58527,1.60139,121571.5
2005-12-16,1.60025,1.61698,1.5999,1.6149,114229.8
2005-12-17,1.6149,1.6149,1.6149,1.6149,0.0
2005-12-18,1.6149,1.61803,1.58365,1.61667,7499.3
2005-12-19,1.61674,1.62494,1.60806,1.62048,117135.3
2005-12-20,1.62039,1.6221,1.61245,1.6141,120173.7
2005-12-21,1.61412,1.61964,1.60909,1.61058,120311.3
2005-12-22,1.61058,1.62528,1.60934,1.62415,119629.0
2005-12-23,1.62395,1.63215,1.62172,1.628,115065.3
2005-12-24,1.628,1.628,1.628,1.628,0.0
2005-12-25,1.628,1.628,1.628,1.628,0.0
2005-12-26,1.628,1.628,1.61824,1.61853,4691.4
2005-12-27,1.61824,1.63616,1.61732,1.6327,119953.9
2005-12-28,1.63251,1.635,1.62072,1.62312,119963.2
2005-12-29,1.62317,1.62832,1.61421,1.61811,116220.4
2005-12-30,1.61809,1.61971,1.60607,1.6136,114798.3
2005-12-31,1.6136,1.6136,1.6136,1.6136,0.0
2006-01-01,1.6136,1.6136,1.6136,1.6136,0.0
2006-01-02,1.6136,1.61415,1.60902,1.61415,5154.4
2006-01-03,1.61409,1.62596,1.60926,1.62144,121614.0
2006-01-04,1.6214,1.62703,1.61747,1.62135,120723.6
2006-01-05,1.6213,1.62266,1.61534,1.61909,120911.0
2006-01-06,1.61898,1.62417,1.6091,1.6106,114843.4
2006-01-07,1.6106,1.6106,1.6106,1.6106,0.0
2006-01-08,1.6106,1.61258,1.6104,1.6124,7163.0
2006-01-09,1.61236,1.61407,1.60065,1.60478,121765.8
2006-01-10,1.60482,1.61151,1.60283,1.60827,121936.3
2006-01-11,1.60808,1.6102,1.60189,1.60703,120520.1
2006-01-12,1.60684,1.61192,1.5972,1.60475,121458.4
2006-01-13,1.60476,1.60963,1.60035,1.6072,114845.7
2006-01-14,1.6072,1.6072,1.6072,1.6072,0.0
2006-01-15,1.6072,1.60829,1.60401,1.60609,4761.5
2006-01-16,1.60608,1.60957,1.60404,1.60729,120628.9
2006-01-17,1.60707,1.6112,1.6011,1.61011,120550.0
2006-01-18,1.61003,1.62382,1.60872,1.61883,119720.8
2006-01-19,1.61881,1.62335,1.61327,1.61635,121025.5
2006-01-20,1.6163,1.62417,1.60968,1.6221,113671.5
2006-01-21,1.6221,1.6221,1.6221,1.6221,0.0
2006-01-22,1.6221,1.6221,1.6221,1.6221,0.0
2006-01-23,1.6221,1.63382,1.62198,1.63153,100450.9
2006-01-24,1.63121,1.63921,1.63032,1.63232,120113.1
2006-01-25,1.63242,1.63533,1.62393,1.62533,119090.3
2006-01-26,1.62526,1.6271,1.61907,1.62169,121163.3
2006-01-27,1.62159,1.62523,1.60926,1.6132,115559.2
2006-01-28,1.6132,1.6132,1.6132,1.6132,0.0
2006-01-29,1.6132,1.61641,1.61288,1.61394,7655.0
2006-01-30,1.61378,1.61511,1.60938,1.61231,120473.3
2006-01-31,1.61224,1.61316,1.59985,1.60248,119977.5
2006-02-01,1.60231,1.60606,1.59949,1.60152,120675.7
2006-02-02,1.60145,1.60584,1.60076,1.60368,120396.4
2006-02-03,1.60352,1.60715,1.59937,1.6051,114686.2
2006-02-04,1.6051,1.6051,1.6051,1.6051,0.0
2006-02-05,1.6051,1.60675,1.60395,1.60569,6125.8
2006-02-06,1.60577,1.61373,1.60414,1.61187,120902.8
2006-02-07,1.61198,1.62086,1.60848,1.61843,120145.2
2006-02-08,1.61838,1.62452,1.61064,1.61722,120112.8
2006-02-09,1.61728,1.62161,1.61339,1.61727,119676.1
2006-02-10,1.61742,1.62082,1.61002,1.61298,113456.4
2006-02-11,1.61298,1.61298,1.61298,1.61298,0.0
2006-02-12,1.61298,1.61478,1.58915,1.61392,7561.1
2006-02-13,1.61378,1.6155,1.60742,1.61414,120343.5
2006-02-14,1.61404,1.61702,1.60455,1.60752,120623.2
2006-02-15,1.60749,1.61073,1.60257,1.60693,121646.6
2006-02-16,1.60696,1.61285,1.60501,1.60509,119577.8
2006-02-17,1.60516,1.6184,1.60478,1.614,115376.1
2006-02-18,1.614,1.614,1.614,1.614,0.0
2006-02-19,1.614,1.61587,1.61155,1.61527,6948.4
2006-02-20,1.61509,1.61762,1.6089,1.61115,119437.6
2006-02-21,1.61127,1.61691,1.60927,1.61187,120951.3
2006-02-22,1.61196,1.61994,1.61042,1.61947,120237.1
2006-02-23,1.61942,1.62022,1.60962,1.61378,120845.6
2006-02-24,1.6138,1.61481,1.60361,1.6055,115532.2
2006-02-25,1.6055,1.6055,1.6055,1.6055,0.0
2006-02-26,1.6055,1.60645,1.60325,1.60439,6980.5
2006-02-27,1.60428,1.60822,1.60199,1.60533,119894.0
2006-02-28,1.60531,1.60981,1.60261,1.60538,121177.6
2006-03-01,1.60514,1.60861,1.5974,1.59968,120740.2
2006-03-02,1.59962,1.61005,1.59654,1.60958,119549.0
2006-03-03,1.60957,1.6172,1.60891,1.6155,114523.2
2006-03-04,1.6155,1.6155,1.6155,1.6155,0.0
2006-03-05,1.6155,1.61963,1.61542,1.61601,7700.4
2006-03-06,1.61598,1.62538,1.61394,1.62403,119649.5
2006-03-07,1.62402,1.62436,1.61548,1.62363,120207.6
2006-03-08,1.62343,1.62827,1.61802,1.62405,120782.0
2006-03-09,1.62403,1.6277,1.61639,1.62128,120369.8
2006-03-10,1.62129,1.62996,1.61744,1.6265,115650.8
2006-03-11,1.6265,1.6265,1.6265,1.6265,0.0
2006-03-12,1.6265,1.62955,1.62155,1.62803,7512.1
2006-03-13,1.62803,1.63161,1.62261,1.62813,119735.3
2006-03-14,1.62812,1.63515,1.62684,1.62912,121403.1
2006-03-15,1.62909,1.63476,1.62467,1.63327,120486.1
2006-03-16,1.63327,1.65551,1.63128,1.64927,120793.8
2006-03-17,1.64923,1.67771,1.64862,1.6754,111452.8
2006-03-18,1.6754,1.6754,1.6754,1.6754,0.0
2006-03-19,1.6754,1.67851,1.67136,1.67384,7588.3
2006-03-20,1.67371,1.69511,1.67271,1.68865,121979.1
2006-03-21,1.68844,1.69424,1.68083,1.68416,119745.1
2006-03-22,1.68408,1.68814,1.67494,1.67577,120174.1
2006-03-23,1.67576,1.6845,1.67304,1.68116,120598.3
2006-03-24,1.68097,1.69938,1.67998,1.698,114444.4
2006-03-25,1.698,1.698,1.698,1.698,0.0
2006-03-26,1.698,1.70031,1.69648,1.69653,7583.4
2006-03-27,1.69648,1.71123,1.69614,1.69768,120198.3
2006-03-28,1.69758,1.70707,1.68813,1.6992,119913.9
2006-03-29,1.69915,1.71085,1.69828,1.70188,120717.2
2006-03-30,1.70188,1.70251,1.69188,1.70167,120939.2
2006-03-31,1.70166,1.70395,1.68977,1.6908,114506.2
2006-04-01,1.6908,1.6908,1.6908,1.6908,0.0
2006-04-02,1.6908,1.69701,1.6908,1.69435,8370.6
2006-04-03,1.69444,1.70434,1.68035,1.69703,121064.1
2006-04-04,1.69672,1.70465,1.69076,1.69485,120353.2
2006-04-05,1.69477,1.70028,1.68597,1.68969,120255.5
2006-04-06,1.68965,1.69154,1.66839,1.67519,120415.6
2006-04-07,1.67477,1.67494,1.66122,1.6652,111495.1
2006-04-08,1.6652,1.6652,1.6652,1.6652,0.0
2006-04-09,1.6652,1.66756,1.6627,1.66528,7757.9
2006-04-10,1.66529,1.66618,1.65667,1.66028,119886.8
2006-04-11,1.66018,1.66414,1.65252,1.65843,120619.8
2006-04-12,1.6584,1.66126,1.64996,1.65401,120489.1
2006-04-13,1.65386,1.66664,1.65056,1.66381,121099.4
2006-04-14,1.66382,1.66446,1.6596,1.6632,109593.4
2006-04-15,1.6632,1.6632,1.6632,1.6632,0.0
2006-04-16,1.6632,1.66686,1.66303,1.66331,8391.0
2006-04-17,1.66336,1.67025,1.65952,1.66021,120188.1
2006-04-18,1.65999,1.66634,1.65503,1.66368,120958.5
2006-04-19,1.6636,1.66522,1.65265,1.65773,121349.2
2006-04-20,1.65773,1.67321,1.65591,1.66774,120896.7
2006-04-21,1.66775,1.66819,1.65347,1.6582,110665.5
2006-04-22,1.6582,1.6582,1.6582,1.6582,0.0
2006-04-23,1.6582,1.65894,1.65431,1.65875,4471.5
2006-04-24,1.65875,1.66669,1.6538,1.66269,113188.4
2006-04-25,1.66271,1.66884,1.65793,1.66711,119838.9
2006-04-26,1.66695,1.67104,1.64996,1.65213,121112.7
2006-04-27,1.65202,1.65886,1.65133,1.65855,120088.9
2006-04-28,1.65865,1.66441,1.65679,1.663,107625.1
2006-04-29,1.663,1.663,1.663,1.663,0.0
2006-04-30,1.663,1.66526,1.66248,1.66297,8239.6
2006-05-01,1.66299,1.66465,1.65333,1.65982,121068.4
2006-05-02,1.65975,1.66435,1.64511,1.64735,119741.7
2006-05-03,1.64711,1.64976,1.6371,1.64139,119912.7
2006-05-04,1.64123,1.64784,1.63687,1.64707,120573.0
2006-05-05,1.64693,1.65333,1.64529,1.6477,109623.3
2006-05-06,1.6477,1.6477,1.6477,1.6477,0.0
2006-05-07,1.6477,1.6495,1.6463,1.6488,7583.6
2006-05-08,1.64876,1.65455,1.64791,1.65043,120829.0
2006-05-09,1.65049,1.66136,1.64582,1.64878,120860.9
2006-05-10,1.64858,1.65623,1.64602,1.65267,119122.8
2006-05-11,1.6526,1.65546,1.64379,1.65379,120053.0
2006-05-12,1.65382,1.67207,1.65166,1.672,111796.0
2006-05-13,1.672,1.672,1.672,1.672,0.0
2006-05-14,1.672,1.6807,1.67079,1.67449,14191.9
2006-05-15,1.67426,1.68645,1.67329,1.68068,121351.7
2006-05-16,1.6806,1.68459,1.67145,1.6749,120205.4
2006-05-17,1.67472,1.68095,1.66821,1.67908,120427.6
2006-05-18,1.67891,1.68236,1.66837,1.6816,118712.9
2006-05-19,1.68109,1.68808,1.67413,1.6848,109924.2
2006-05-20,1.6848,1.6848,1.6848,1.6848,0.0
2006-05-21,1.6848,1.68905,1.68385,1.689,13782.3
2006-05-22,1.68912,1.7114,1.68755,1.70716,116917.9
2006-05-23,1.70716,1.70992,1.69258,1.70373,120536.9
2006-05-24,1.70371,1.70574,1.69255,1.69557,119730.1
2006-05-25,1.69523,1.69873,1.68062,1.6832,116187.7
2006-05-26,1.68338,1.68902,1.67635,1.6808,110860.9
2006-05-27,1.6808,1.6808,1.6808,1.6808,0.0
2006-05-28,1.6808,1.68272,1.67985,1.68217,14047.9
2006-05-29,1.68223,1.6838,1.67813,1.68071,120205.9
2006-05-30,1.68069,1.69039,1.67988,1.68787,120980.7
2006-05-31,1.68767,1.70774,1.68368,1.70484,119005.7
2006-06-01,1.70492,1.71772,1.70079,1.71052,120301.0
2006-06-02,1.71054,1.7236,1.71022,1.7167,111395.5
2006-06-03,1.7167,1.7167,1.7167,1.7167,0.0
2006-06-04,1.7167,1.72169,1.71575,1.72019,13970.3
2006-06-05,1.72045,1.73054,1.7172,1.72464,121468.3
2006-06-06,1.72449,1.73458,1.71924,1.73153,120888.0
2006-06-07,1.73157,1.7334,1.72253,1.72348,120324.9
2006-06-08,1.72327,1.7243,1.69894,1.70252,120618.7
2006-06-09,1.70265,1.70369,1.68263,1.68875,111200.3
2006-06-10,1.68875,1.68875,1.68875,1.68875,0.0
2006-06-11,1.68875,1.689,1.68497,1.68581,13555.0
2006-06-12,1.68554,1.69478,1.68152,1.69136,120681.7
2006-06-13,1.69124,1.70186,1.69059,1.69905,120952.2
2006-06-14,1.69904,1.71283,1.69758,1.70917,119737.2
2006-06-15,1.70899,1.7119,1.69884,1.70164,119753.7
2006-06-16,1.70162,1.71263,1.69792,1.7115,110279.9
2006-06-17,1.7115,1.7115,1.7115,1.7115,0.0
2006-06-18,1.7115,1.71328,1.71055,1.71196,14101.0
2006-06-19,1.71199,1.71199,1.7013,1.70683,119441.1
2006-06-20,1.70663,1.70709,1.69889,1.70406,120309.7
2006-06-21,1.70415,1.72099,1.70181,1.70812,120283.5
2006-06-22,1.7079,1.71677,1.70626,1.71615,119971.8
2006-06-23,1.71606,1.71703,1.70596,1.7079,110152.6
2006-06-24,1.7079,1.7079,1.7079,1.7079,0.0
2006-06-25,1.7079,1.71074,1.70735,1.71009,13860.4
2006-06-26,1.71003,1.72058,1.70631,1.71766,119991.7
2006-06-27,1.7171,1.71928,1.71332,1.71751,120488.9
2006-06-28,1.71718,1.7246,1.71484,1.72091,104391.6
2006-06-29,1.72074,1.72409,1.70841,1.71207,119592.2
2006-06-30,1.7121,1.72216,1.70755,1.7199,111378.9
2006-07-01,1.7199,1.7199,1.7199,1.7199,0.0
2006-07-02,1.7199,1.7208,1.71952,1.72025,3746.2
2006-07-03,1.7201,1.7256,1.7139,1.72179,120801.7
2006-07-04,1.72173,1.72256,1.7128,1.71849,120037.3
2006-07-05,1.71839,1.71887,1.71236,1.71654,120609.9
2006-07-06,1.71643,1.71978,1.70735,1.7125,109555.1
2006-07-07,1.7125,1.71278,1.70174,1.7042,97039.6
2006-07-08,1.7042,1.7042,1.7042,1.7042,0.0
2006-07-09,1.7042,1.70527,1.70332,1.7037,3655.0
2006-07-10,1.70356,1.70642,1.69913,1.70513,120290.8
2006-07-11,1.70512,1.70541,1.69289,1.69608,121227.3
2006-07-12,1.69598,1.6973,1.68435,1.68841,121991.2
2006-07-13,1.68839,1.68973,1.67939,1.68504,120340.4
2006-07-14,1.68489,1.69132,1.67451,1.67895,109336.1
2006-07-15,1.67895,1.67895,1.67895,1.67895,0.0
2006-07-16,1.67895,1.6793,1.67612,1.67832,3717.0
2006-07-17,1.67868,1.68157,1.67029,1.6752,118978.1
2006-07-18,1.67525,1.67913,1.66261,1.67349,121395.1
2006-07-19,1.67352,1.68365,1.67283,1.67837,120600.3
2006-07-20,1.6782,1.68334,1.67773,1.68251,120752.7
2006-07-21,1.68255,1.6876,1.68069,1.68615,111048.2
2006-07-22,1.68615,1.68615,1.68615,1.68615,0.0
2006-07-23,1.68615,1.68884,1.68615,1.68755,3489.6
2006-07-24,1.68713,1.68713,1.6713,1.67512,121744.8
2006-07-25,1.67498,1.67595,1.66761,1.66895,120542.2
2006-07-26,1.66898,1.67125,1.65757,1.67073,120266.8
2006-07-27,1.67064,1.67342,1.66199,1.66278,120339.7
2006-07-28,1.66279,1.66785,1.66022,1.662,110929.4
2006-07-29,1.662,1.662,1.662,1.662,0.0
2006-07-30,1.662,1.66752,1.662,1.66736,3359.6
2006-07-31,1.66729,1.67036,1.66107,1.66747,119782.2
2006-08-01,1.66738,1.67768,1.66696,1.67184,119187.1
2006-08-02,1.67167,1.67552,1.66868,1.67242,111196.1
2006-08-03,1.6724,1.68373,1.66859,1.6816,121213.2
2006-08-04,1.68155,1.68616,1.67699,1.6813,111151.9
2006-08-05,1.6813,1.6813,1.6813,1.6813,0.0
2006-08-06,1.6813,1.68219,1.6802,1.68219,3689.0
2006-08-07,1.68217,1.68661,1.67741,1.6778,120968.1
2006-08-08,1.67779,1.69192,1.67749,1.6875,74247.7
2006-08-09,1.68715,1.68975,1.68625,1.6895,36883.6
2006-08-10,1.6885,1.6885,1.66421,1.6652,109647.8
2006-08-11,1.6652,1.66745,1.65697,1.6597,103911.1
2006-08-12,1.6597,1.6597,1.6597,1.6597,0.0
2006-08-13,1.6597,1.6597,1.6597,1.6597,0.0
2006-08-14,1.6597,1.67674,1.65926,1.67502,92938.2
2006-08-15,1.67493,1.67728,1.66925,1.67115,120600.5
2006-08-16,1.67111,1.67545,1.66866,1.67143,121320.6
2006-08-17,1.67127,1.6868,1.67054,1.68333,119401.3
2006-08-18,1.68332,1.69184,1.68207,1.6887,111574.0
2006-08-19,1.6887,1.6887,1.6887,1.6887,0.0
2006-08-20,1.6887,1.69062,1.68864,1.69039,3319.5
2006-08-21,1.69032,1.69538,1.68716,1.68851,120937.8
2006-08-22,1.68849,1.69004,1.67627,1.67802,120372.0
2006-08-23,1.6779,1.67904,1.67086,1.6787,120471.1
2006-08-24,1.67857,1.68162,1.67138,1.67525,121182.8
2006-08-25,1.67511,1.68886,1.67414,1.6838,110661.8
2006-08-26,1.6838,1.6838,1.6838,1.6838,0.0
2006-08-27,1.6838,1.68643,1.6835,1.68593,3544.6
2006-08-28,1.68572,1.69036,1.68182,1.684,121000.6
2006-08-29,1.68377,1.68591,1.67356,1.68062,119716.4
2006-08-30,1.68061,1.68474,1.6758,1.68189,115281.3
2006-08-31,1.68194,1.68497,1.67474,1.677,117217.1
2006-09-01,1.67709,1.67824,1.67091,1.67258,104975.8
2006-09-02,1.67258,1.67258,1.67258,1.67258,0.0
2006-09-03,1.67258,1.67422,1.67122,1.67215,7089.6
2006-09-04,1.67206,1.67293,1.66516,1.6661,103481.9
2006-09-05,1.66595,1.66924,1.65943,1.66469,105930.6
2006-09-06,1.66443,1.67218,1.66171,1.66973,119975.1
2006-09-07,1.66972,1.67943,1.66865,1.67883,121095.8
2006-09-08,1.67885,1.68181,1.66251,1.67988,109401.0
2006-09-09,1.67988,1.67988,1.67988,1.67988,0.0
2006-09-10,1.67988,1.68241,1.67841,1.68167,8737.1
2006-09-11,1.68161,1.6932,1.68021,1.69157,118594.6
2006-09-12,1.69124,1.69445,1.68289,1.69009,119728.8
2006-09-13,1.68993,1.69293,1.68199,1.68531,120695.1
2006-09-14,1.6852,1.6898,1.67875,1.6853,121011.0
2006-09-15,1.6853,1.69036,1.67895,1.6813,107374.8
2006-09-16,1.6813,1.6813,1.6813,1.6813,0.0
2006-09-17,1.6813,1.6813,1.67743,1.67932,6530.5
2006-09-18,1.67936,1.68645,1.67911,1.6832,119716.1
2006-09-19,1.68318,1.68806,1.677,1.68594,118647.8
2006-09-20,1.68589,1.68698,1.68117,1.68397,117271.7
2006-09-21,1.68398,1.68943,1.67905,1.68853,118142.6
2006-09-22,1.6884,1.70702,1.68836,1.7034,107864.2
2006-09-23,1.7034,1.7034,1.7034,1.7034,0.0
2006-09-24,1.7034,1.70639,1.70101,1.70607,9519.2
2006-09-25,1.70607,1.70662,1.68905,1.69081,117660.8
2006-09-26,1.69088,1.69236,1.68409,1.68733,118361.3
2006-09-27,1.68729,1.69797,1.68713,1.69248,118285.6
2006-09-28,1.69263,1.69855,1.69228,1.6979,60426.2
2006-09-29,1.69794,1.70259,1.69296,1.6983,32478.7
2006-09-30,1.6983,1.6983,1.6983,1.6983,0.0
2006-10-01,1.6983,1.70147,1.6983,1.70012,7242.1
2006-10-02,1.70045,1.7056,1.69854,1.70457,118195.5
2006-10-03,1.70452,1.71351,1.70227,1.71121,117342.0
2006-10-04,1.71113,1.71211,1.70114,1.70423,117387.3
2006-10-05,1.70429,1.70435,1.69915,1.70219,114884.5
2006-10-06,1.70227,1.70255,1.69307,1.69513,64611.0
2006-10-07,1.69513,1.69513,1.69513,1.69513,0.0
2006-10-08,1.69513,1.6954,1.69513,1.6954,0.0
2006-10-09,1.6954,1.6954,1.6954,1.6954,0.0
2006-10-10,1.6954,1.6954,1.6954,1.6954,0.0
2006-10-11,1.6954,1.6954,1.6954,1.6954,0.0
2006-10-12,1.6954,1.6954,1.6954,1.6954,0.0
2006-10-13,1.6954,1.6954,1.6954,1.6954,0.0
2006-10-14,1.6954,1.6954,1.6954,1.6954,0.0
2006-10-15,1.6954,1.6954,1.6954,1.6954,0.0
2006-10-16,1.6954,1.6954,1.6954,1.6954,0.0
2006-10-17,1.6954,1.6954,1.6954,1.6954,0.0
2006-10-18,1.6954,1.6954,1.6954,1.6954,0.0
2006-10-19,1.6954,1.6954,1.6954,1.6954,0.0
2006-10-20,1.6954,1.6954,1.6954,1.6954,0.0
2006-10-21,1.6954,1.6954,1.6954,1.6954,0.0
2006-10-22,1.6954,1.6954,1.6954,1.6954,0.0
2006-10-23,1.6954,1.6954,1.6954,1.6954,0.0
2006-10-24,1.6954,1.6954,1.6954,1.6954,0.0
2006-10-25,1.6954,1.6954,1.6954,1.6954,0.0
2006-10-26,1.6954,1.6954,1.6954,1.6954,0.0
2006-10-27,1.6954,1.6954,1.6954,1.6954,0.0
2006-10-28,1.6954,1.6954,1.6954,1.6954,0.0
2006-10-29,1.6954,1.6954,1.6954,1.6954,0.0
2006-10-30,1.6954,1.6954,1.6954,1.6954,0.0
2006-10-31,1.6954,1.6954,1.6954,1.6954,0.0
2006-11-01,1.6954,1.6954,1.6954,1.6954,0.0
2006-11-02,1.6954,1.6954,1.6954,1.6954,0.0
2006-11-03,1.65611,1.65611,1.6485,1.6485,163.4
2006-11-04,1.6485,1.6485,1.6485,1.6485,0.0
2006-11-05,1.6485,1.6489,1.6485,1.6489,0.0
2006-11-06,1.6489,1.6489,1.6489,1.6489,0.0
2006-11-07,1.6489,1.6489,1.6489,1.6489,0.0
2006-11-08,1.6489,1.6489,1.6489,1.6489,0.0
2006-11-09,1.6489,1.6489,1.6489,1.6489,0.0
2006-11-10,1.6489,1.6489,1.6489,1.6489,0.0
2006-11-11,1.6489,1.6489,1.6489,1.6489,0.0
2006-11-12,1.6489,1.6489,1.6489,1.6489,0.0
2006-11-13,1.6489,1.6489,1.6489,1.6489,0.0
2006-11-14,1.6489,1.6489,1.6489,1.6489,0.0
2006-11-15,1.6489,1.6489,1.6489,1.6489,0.0
2006-11-16,1.6489,1.6489,1.6489,1.6489,0.0
2006-11-17,1.6489,1.6489,1.6489,1.6489,0.0
2006-11-18,1.6489,1.6489,1.6489,1.6489,0.0
2006-11-19,1.6489,1.6489,1.6489,1.6489,0.0
2006-11-20,1.6489,1.6489,1.6489,1.6489,0.0
2006-11-21,1.6489,1.6489,1.6489,1.6489,0.0
2006-11-22,1.6489,1.6489,1.6489,1.6489,0.0
2006-11-23,1.6489,1.6489,1.6489,1.6489,0.0
2006-11-24,1.6489,1.6489,1.6489,1.6489,0.0
2006-11-25,1.6489,1.6489,1.6489,1.6489,0.0
2006-11-26,1.6489,1.6489,1.6489,1.6489,0.0
2006-11-27,1.6489,1.6489,1.6489,1.6489,0.0
2006-11-28,1.6489,1.6489,1.6489,1.6489,0.0
2006-11-29,1.6489,1.6489,1.6489,1.6489,0.0
2006-11-30,1.6489,1.6489,1.6489,1.6489,0.0
2006-12-01,1.6489,1.6489,1.6489,1.6489,0.0
2006-12-02,1.6489,1.6489,1.6489,1.6489,0.0
2006-12-03,1.6489,1.6489,1.6489,1.6489,0.0
2006-12-04,1.6489,1.6489,1.6489,1.6489,0.0
2006-12-05,1.6489,1.6489,1.6489,1.6489,0.0
2006-12-06,1.6489,1.6489,1.6489,1.6489,0.0
2006-12-07,1.6489,1.6489,1.6489,1.6489,0.0
2006-12-08,1.6489,1.6489,1.6489,1.6489,0.0
2006-12-09,1.6489,1.6489,1.6489,1.6489,0.0
2006-12-10,1.6489,1.6489,1.6489,1.6489,0.0
2006-12-11,1.6489,1.6489,1.6489,1.6489,0.0
2006-12-12,1.6489,1.6489,1.6489,1.6489,0.0
2006-12-13,1.6489,1.6489,1.6489,1.6489,0.0
2006-12-14,1.6489,1.6489,1.6489,1.6489,0.0
2006-12-15,1.6489,1.6489,1.6489,1.6489,0.0
2006-12-16,1.6489,1.6489,1.6489,1.6489,0.0
2006-12-17,1.6489,1.6489,1.6489,1.6489,0.0
2006-12-18,1.6489,1.6489,1.6489,1.6489,0.0
2006-12-19,1.6489,1.6489,1.6489,1.6489,0.0
2006-12-20,1.6489,1.6489,1.6489,1.6489,0.0
2006-12-21,1.6489,1.6489,1.6489,1.6489,0.0
2006-12-22,1.6489,1.6489,1.6489,1.6489,0.0
2006-12-23,1.6489,1.6489,1.6489,1.6489,0.0
2006-12-24,1.6489,1.6489,1.6489,1.6489,0.0
2006-12-25,1.6489,1.6489,1.6489,1.6489,0.0
2006-12-26,1.6489,1.6489,1.6489,1.6489,0.0
2006-12-27,1.6489,1.6489,1.6489,1.6489,0.0
2006-12-28,1.6489,1.67023,1.6489,1.6694,249.4
2006-12-29,1.6694,1.6694,1.6694,1.6694,0.0
2006-12-30,1.6694,1.6697,1.6694,1.6697,0.0
2006-12-31,1.6697,1.6697,1.6697,1.6697,0.0
2007-01-01,1.6697,1.6697,1.6697,1.6697,0.0
2007-01-02,1.6697,1.6697,1.6697,1.6697,0.0
2007-01-03,1.6697,1.6697,1.6697,1.6697,0.0
2007-01-04,1.6697,1.6697,1.6697,1.6697,0.0
2007-01-05,1.6697,1.6697,1.6697,1.6697,0.0
2007-01-06,1.6697,1.6697,1.6697,1.6697,0.0
2007-01-07,1.6697,1.6697,1.6697,1.6697,0.0
2007-01-08,1.6697,1.6697,1.6697,1.6697,0.0
2007-01-09,1.6697,1.6697,1.6697,1.6697,0.0
2007-01-10,1.6697,1.6697,1.6697,1.6697,0.0
2007-01-11,1.6697,1.6697,1.6697,1.6697,0.0
2007-01-12,1.6697,1.6697,1.6697,1.6697,0.0
2007-01-13,1.6697,1.6697,1.6697,1.6697,0.0
2007-01-14,1.6697,1.6697,1.6697,1.6697,0.0
2007-01-15,1.6697,1.6697,1.6697,1.6697,0.0
2007-01-16,1.6697,1.6697,1.64986,1.64986,92.3
2007-01-17,1.64986,1.64986,1.64986,1.64986,0.0
2007-01-18,1.64986,1.64986,1.64282,1.64282,77.4
2007-01-19,1.64282,1.64282,1.64282,1.64282,0.0
2007-01-20,1.64282,1.6429,1.64282,1.6429,0.0
2007-01-21,1.6429,1.6429,1.6429,1.6429,0.0
2007-01-22,1.6429,1.6429,1.6429,1.6429,0.0
2007-01-23,1.6429,1.6429,1.6429,1.6429,0.0
2007-01-24,1.6429,1.65887,1.6429,1.65887,67.9
2007-01-25,1.65887,1.6602,1.65887,1.6602,0.0
2007-01-26,1.6602,1.6602,1.6602,1.6602,0.0
2007-01-27,1.6602,1.6602,1.6602,1.6602,0.0
2007-01-28,1.6602,1.6602,1.6602,1.6602,0.0
2007-01-29,1.6602,1.6602,1.6602,1.6602,0.0
2007-01-30,1.6602,1.6602,1.6602,1.6602,0.0
2007-01-31,1.6602,1.6602,1.6602,1.6602,0.0
2007-02-01,1.6602,1.68043,1.6602,1.68043,305.8
2007-02-02,1.68043,1.68043,1.68043,1.68043,0.0
2007-02-03,1.68043,1.68075,1.68043,1.68075,0.0
2007-02-04,1.68075,1.68075,1.68075,1.68075,0.0
2007-02-05,1.68075,1.68075,1.68075,1.68075,0.0
2007-02-06,1.68075,1.68075,1.68075,1.68075,0.0
2007-02-07,1.68075,1.68075,1.68075,1.68075,0.0
2007-02-08,1.68075,1.68075,1.68075,1.68075,0.0
2007-02-09,1.68075,1.68075,1.68075,1.68075,0.0
2007-02-10,1.68075,1.68075,1.68075,1.68075,0.0
2007-02-11,1.68075,1.68075,1.68075,1.68075,0.0
2007-02-12,1.68075,1.6808,1.68075,1.6808,0.0
2007-02-13,1.6808,1.6808,1.6808,1.6808,0.0
2007-02-14,1.6808,1.6808,1.6808,1.6808,0.0
2007-02-15,1.6808,1.6808,1.6808,1.6808,0.0
2007-02-16,1.6808,1.6808,1.6808,1.6808,0.0
2007-02-17,1.6808,1.6808,1.6808,1.6808,0.0
2007-02-18,1.6808,1.6808,1.6808,1.6808,0.0
2007-02-19,1.6808,1.6808,1.6808,1.6808,0.0
2007-02-20,1.6808,1.6808,1.6808,1.6808,0.0
2007-02-21,1.6808,1.6808,1.66217,1.6626,208.6
2007-02-22,1.6626,1.6626,1.6626,1.6626,0.0
2007-02-23,1.6626,1.6628,1.6626,1.6628,0.0
2007-02-24,1.6628,1.6628,1.6628,1.6628,0.0
2007-02-25,1.6628,1.6628,1.6628,1.6628,0.0
2007-02-26,1.6628,1.6628,1.6628,1.6628,0.0
2007-02-27,1.6628,1.6628,1.6628,1.6628,0.0
2007-02-28,1.6628,1.6628,1.6628,1.6628,0.0
2007-03-01,1.6628,1.67877,1.6628,1.67877,48.7
2007-03-02,1.67877,1.67877,1.67877,1.67877,0.0
2007-03-03,1.67877,1.68045,1.67877,1.68025,105.7
2007-03-04,1.68025,1.68025,1.68025,1.68025,0.0
2007-03-05,1.68025,1.6805,1.68025,1.6805,0.0
2007-03-06,1.6805,1.6805,1.6805,1.6805,0.0
2007-03-07,1.6805,1.6805,1.6805,1.6805,0.0
2007-03-08,1.6805,1.6805,1.6805,1.6805,0.0
2007-03-09,1.6805,1.6805,1.6805,1.6805,0.0
2007-03-10,1.6805,1.6805,1.6805,1.6805,0.0
2007-03-11,1.6805,1.6805,1.6805,1.6805,0.0
2007-03-12,1.6805,1.6805,1.6805,1.6805,0.0
2007-03-13,1.6805,1.69145,1.67331,1.68708,97965.7
2007-03-14,1.6868,1.68981,1.67784,1.6808,119766.1
2007-03-15,1.68092,1.68544,1.6718,1.68272,137183.3
2007-03-16,1.68279,1.68452,1.6697,1.67206,110953.6
2007-03-17,1.67206,1.67206,1.67206,1.67206,0.0
2007-03-18,1.67206,1.67799,1.67155,1.67278,20136.4
2007-03-19,1.67319,1.675,1.65534,1.65997,118923.2
2007-03-20,1.66027,1.6687,1.65504,1.65564,121290.3
2007-03-21,1.6557,1.66278,1.65445,1.65628,149300.3
2007-03-22,1.65621,1.66159,1.6508,1.65213,123219.6
2007-03-23,1.65262,1.65561,1.64665,1.64804,118000.0
2007-03-24,1.64804,1.64804,1.64804,1.64804,0.0
2007-03-25,1.64804,1.65113,1.64653,1.64743,18320.0
2007-03-26,1.64722,1.65138,1.64201,1.64725,121161.9
2007-03-27,1.64785,1.65442,1.64322,1.65242,117954.6
2007-03-28,1.65223,1.66072,1.64965,1.64977,138186.8
2007-03-29,1.64997,1.65356,1.6441,1.65038,118659.5
2007-03-30,1.65031,1.65375,1.64396,1.65147,127605.3
2007-03-31,1.65147,1.65147,1.65147,1.65147,0.0
2007-04-01,1.64535,1.6529,1.64395,1.649,18364.3
2007-04-02,1.6489,1.6503,1.6331,1.6381,210569.9
2007-04-03,1.638,1.652,1.6357,1.6486,184684.8
2007-04-04,1.6486,1.6507,1.6286,1.6325,211148.7
2007-04-05,1.6325,1.6405,1.6308,1.6394,161128.4
2007-04-06,1.6394,1.6407,1.6342,1.64065,80326.2
2007-04-07,1.64065,1.64065,1.64065,1.64065,0.0
2007-04-08,1.6381,1.6401,1.63445,1.6393,35963.3
2007-04-09,1.6394,1.6397,1.63356,1.6343,82063.1
2007-04-10,1.6344,1.6345,1.62383,1.6268,180836.6
2007-04-11,1.6267,1.6308,1.6244,1.629,166943.2
2007-04-12,1.6289,1.6326,1.62089,1.62178,207009.3
2007-04-13,1.62137,1.62764,1.61935,1.6223,161110.9
2007-04-14,1.6223,1.6223,1.6223,1.6223,0.0
2007-04-15,1.62145,1.6301,1.62105,1.6237,40043.5
2007-04-16,1.6238,1.62954,1.623,1.6262,145749.0
2007-04-17,1.6261,1.6276,1.61873,1.6227,143091.4
2007-04-18,1.6229,1.631,1.62148,1.623,154600.5
2007-04-19,1.623,1.6392,1.6228,1.6316,177380.5
2007-04-20,1.6313,1.6336,1.6204,1.6211,111152.7
2007-04-21,1.6211,1.6211,1.6211,1.6211,0.0
2007-04-22,1.62565,1.6264,1.62065,1.6256,25127.6
2007-04-23,1.6256,1.632,1.624,1.6295,112169.9
2007-04-24,1.6295,1.6498,1.6276,1.6429,165619.5
2007-04-25,1.6429,1.6443,1.631,1.6356,165259.2
2007-04-26,1.6357,1.6477,1.63435,1.6447,149204.9
2007-04-27,1.6446,1.6497,1.6389,1.64496,149722.6
2007-04-28,1.64496,1.64496,1.64496,1.64496,0.0
2007-04-29,1.64,1.6485,1.6345,1.6466,40752.6
2007-04-30,1.6468,1.65,1.639,1.6447,152233.9
2007-05-01,1.6447,1.6486,1.6392,1.644,155039.34
2007-05-02,1.644,1.6501,1.6431,1.6488,175541.19
2007-05-03,1.6487,1.6529,1.64316,1.6457,129343.0
2007-05-04,1.646,1.6593,1.64446,1.65125,142422.2
2007-05-05,1.65125,1.65125,1.65125,1.65125,0.0
2007-05-06,1.6551,1.65785,1.6498,1.6549,25565.37
2007-05-07,1.6549,1.6554,1.64696,1.648,98414.4
2007-05-08,1.6482,1.6489,1.6325,1.6369,166190.1
2007-05-09,1.6369,1.6371,1.6315,1.6348,126646.25
2007-05-10,1.6347,1.6367,1.6216,1.6318,209737.5
2007-05-11,1.6318,1.6327,1.6223,1.6245,180617.3
2007-05-12,1.6245,1.6245,1.6245,1.6245,0.0
2007-05-13,1.6233,1.628,1.6211,1.6236,33038.1
2007-05-14,1.6236,1.6282,1.622,1.627,125086.9
2007-05-15,1.627,1.6325,1.62477,1.6306,147132.74
2007-05-16,1.6308,1.6445,1.62947,1.6377,172874.8
2007-05-17,1.6377,1.6435,1.6353,1.6401,159517.09
2007-05-18,1.64,1.6429,1.6359,1.63725,165724.9
2007-05-19,1.63725,1.63725,1.63725,1.63725,0.0
2007-05-20,1.637,1.64195,1.6354,1.6409,31531.9
2007-05-21,1.6409,1.6437,1.6359,1.6388,147276.2
2007-05-22,1.6388,1.6424,1.63481,1.6411,141840.7
2007-05-23,1.6413,1.642,1.6296,1.6353,177472.9
2007-05-24,1.6352,1.6421,1.6314,1.6391,157770.5
2007-05-25,1.6391,1.64414,1.6356,1.64226,146274.0
2007-05-26,1.64226,1.64226,1.64226,1.64226,0.0
2007-05-27,1.64315,1.6437,1.63911,1.6423,30478.5
2007-05-28,1.6425,1.6431,1.63621,1.6427,92839.2
2007-05-29,1.64217,1.6477,1.6408,1.6418,168787.3
2007-05-30,1.6418,1.644,1.6292,1.6325,170534.1
2007-05-31,1.6326,1.6337,1.62166,1.623,159220.5
2007-06-01,1.6229,1.6242,1.6126,1.61483,142888.6
2007-06-02,1.61483,1.61483,1.61483,1.61483,0.0
2007-06-03,1.61483,1.61561,1.6102,1.61502,41278.8
2007-06-04,1.61459,1.61926,1.61193,1.61689,60792.0
2007-06-05,1.6169,1.61887,1.61028,1.61295,60945.6
2007-06-06,1.61313,1.61359,1.60022,1.60284,60883.2
2007-06-07,1.60297,1.60383,1.58864,1.59298,60950.4
2007-06-08,1.59281,1.59615,1.5798,1.5811,55507.2
2007-06-09,1.5811,1.5811,1.5811,1.5811,0.0
2007-06-10,1.5811,1.58422,1.5796,1.5842,17462.4
2007-06-11,1.58393,1.58931,1.58046,1.58208,60772.8
2007-06-12,1.5819,1.58546,1.57663,1.58231,60648.0
2007-06-13,1.58287,1.5868,1.57775,1.58381,60672.0
2007-06-14,1.58404,1.59469,1.58194,1.59224,60580.8
2007-06-15,1.59166,1.5941,1.5862,1.5862,55276.8
2007-06-16,1.5862,1.5862,1.5862,1.5862,0.0
2007-06-17,1.5862,1.5938,1.5862,1.5882,17073.6
2007-06-18,1.58865,1.5946,1.58453,1.59171,60033.6
2007-06-19,1.59157,1.59299,1.5839,1.58557,60134.4
2007-06-20,1.58592,1.58928,1.58308,1.58684,60403.2
2007-06-21,1.58672,1.58804,1.5789,1.58008,60240.0
2007-06-22,1.58029,1.59164,1.57802,1.58693,54369.6
2007-06-23,1.58693,1.58693,1.58693,1.58693,0.0
2007-06-24,1.58693,1.59034,1.58545,1.58624,16660.8
2007-06-25,1.5861,1.59105,1.5832,1.59051,57345.6
2007-06-26,1.59039,1.59521,1.58217,1.59415,78048.0
2007-06-27,1.59375,1.60843,1.59132,1.60141,59385.6
2007-06-28,1.60132,1.60273,1.58591,1.58679,59059.2
2007-06-29,1.58637,1.59763,1.58008,1.5949,52464.0
2007-06-30,1.5949,1.5949,1.5949,1.5949,0.0
2007-07-01,1.5949,1.59629,1.58664,1.59204,11169.6
2007-07-02,1.59216,1.59243,1.5832,1.58627,279567.63
2007-07-03,1.5869,1.59369,1.58457,1.5913,280108.21
2007-07-04,1.59144,1.59231,1.58457,1.58732,278764.52
2007-07-05,1.58705,1.59004,1.58381,1.58807,279666.13
2007-07-06,1.5877,1.6082,1.58392,1.59295,262013.29
2007-07-07,1.59295,1.59295,1.59295,1.59295,0.0
2007-07-08,1.59295,1.59295,1.5861,1.58754,45385.49
2007-07-09,1.58793,1.58878,1.58134,1.58358,278019.61
2007-07-10,1.58345,1.60475,1.58173,1.59633,278965.43
2007-07-11,1.59665,1.60085,1.58959,1.59348,279637.2
2007-07-12,1.59313,1.59951,1.58803,1.58947,280874.52
2007-07-13,1.58931,1.59205,1.57805,1.57937,271536.89
2007-07-14,1.57937,1.57937,1.57937,1.57937,0.0
2007-07-15,1.57937,1.58416,1.57937,1.5819,25652.43
2007-07-16,1.5822,1.58334,1.5741,1.5788,308444.93
2007-07-17,1.5789,1.581,1.5736,1.57855,353381.1
2007-07-18,1.57855,1.5804,1.568,1.5738,391003.3
2007-07-19,1.5738,1.57545,1.56643,1.5675,377450.0
2007-07-20,1.5674,1.5778,1.5653,1.57125,370874.1
2007-07-21,1.57125,1.57125,1.57125,1.57125,0.0
2007-07-22,1.57117,1.5748,1.56985,1.5712,60589.0
2007-07-23,1.5714,1.5729,1.561,1.5633,212158.0
2007-07-24,1.56325,1.5695,1.5592,1.56675,311823.0
2007-07-25,1.5667,1.5705,1.54814,1.5488,490686.3
2007-07-26,1.5488,1.5857,1.54718,1.5723,566661.05
2007-07-27,1.5721,1.603,1.5666,1.60113,541504.5
2007-07-28,1.60113,1.60113,1.60113,1.60113,0.0
2007-07-29,1.59383,1.6065,1.5935,1.6008,75481.4
2007-07-30,1.6008,1.6155,1.5923,1.5944,393892.2
2007-07-31,1.5944,1.6098,1.5916,1.6023,358823.3
2007-08-01,1.6023,1.6165,1.59587,1.602,503877.8
2007-08-02,1.60195,1.6076,1.5917,1.5969,372685.7
2007-08-03,1.5969,1.61526,1.5954,1.6122,317510.39
2007-08-04,1.6122,1.6122,1.6122,1.6122,0.0
2007-08-05,1.60725,1.6225,1.6063,1.6152,78298.2
2007-08-06,1.6151,1.6185,1.6047,1.6083,324994.8
2007-08-07,1.6083,1.6167,1.6023,1.6034,323033.74
2007-08-08,1.6034,1.60795,1.5976,1.5985,289372.1
2007-08-09,1.5985,1.61245,1.5931,1.60855,390592.4
2007-08-10,1.60855,1.6263,1.6068,1.62225,396775.6
2007-08-11,1.62225,1.62225,1.62225,1.62225,0.0
2007-08-12,1.61845,1.62218,1.61192,1.6196,56924.0
2007-08-13,1.6196,1.623,1.6111,1.62055,380672.85
2007-08-14,1.6206,1.6243,1.6172,1.6217,468340.5
2007-08-15,1.62175,1.6422,1.6207,1.6401,577298.4
2007-08-16,1.6403,1.71595,1.6381,1.69405,699471.45
2007-08-17,1.6939,1.7449,1.6855,1.6959,466570.9
2007-08-18,1.6959,1.6959,1.6959,1.6959,0.0
2007-08-19,1.6863,1.7002,1.68423,1.6973,36788.1
2007-08-20,1.6976,1.7094,1.6658,1.6784,518839.9
2007-08-21,1.6786,1.6913,1.6719,1.6807,393995.88
2007-08-22,1.6807,1.6873,1.6687,1.6712,467910.76
2007-08-23,1.6712,1.6728,1.6503,1.6554,514975.01
2007-08-24,1.6554,1.6598,1.6451,1.65145,425980.3
2007-08-25,1.65145,1.65145,1.65145,1.65145,0.0
2007-08-26,1.6588,1.65897,1.6451,1.6464,73702.2
2007-08-27,1.6463,1.6525,1.6396,1.6517,293001.68
2007-08-28,1.6518,1.68045,1.6504,1.6776,599931.15
2007-08-29,1.67765,1.68445,1.6589,1.6673,607504.14
2007-08-30,1.6673,1.679,1.66255,1.6704,542308.91
2007-08-31,1.6703,1.6806,1.6563,1.66445,518147.02
2007-09-01,1.66445,1.66445,1.66445,1.66445,0.0
2007-09-02,1.67095,1.67117,1.66285,1.6649,113495.6
2007-09-03,1.665,1.6655,1.653,1.6589,265523.24
2007-09-04,1.6589,1.6592,1.6408,1.6451,504357.54
2007-09-05,1.645,1.6668,1.6448,1.664,460359.34
2007-09-06,1.6639,1.6647,1.64934,1.6522,508205.66
2007-09-07,1.6522,1.6724,1.65,1.65814,495360.49
2007-09-08,1.65814,1.65814,1.65814,1.65814,0.0
2007-09-09,1.6666,1.67495,1.65906,1.673,74975.8
2007-09-10,1.6731,1.6853,1.6688,1.6724,249030.45
2007-09-11,1.6725,1.6735,1.65656,1.661,483166.78
2007-09-12,1.6609,1.6623,1.6482,1.6547,541752.99
2007-09-13,1.6547,1.6616,1.6495,1.65695,430921.24
2007-09-14,1.657,1.6575,1.6445,1.64685,394855.79
2007-09-15,1.64685,1.64685,1.64685,1.64685,0.0
2007-09-16,1.6451,1.652,1.64295,1.6484,77650.14
2007-09-17,1.6481,1.6666,1.6409,1.6624,313983.69
2007-09-18,1.6625,1.6752,1.6366,1.6451,433347.06
2007-09-19,1.6451,1.6464,1.6276,1.63105,470339.99
2007-09-20,1.6312,1.6336,1.6211,1.6214,503653.05
2007-09-21,1.6213,1.6325,1.6174,1.6242,372685.28
2007-09-22,1.6242,1.6242,1.6242,1.6242,0.0
2007-09-23,1.6291,1.62928,1.61949,1.6241,68632.95
2007-09-24,1.6241,1.6299,1.6193,1.6236,301025.63
2007-09-25,1.6236,1.6367,1.617,1.6214,465914.5
2007-09-26,1.6214,1.6229,1.6102,1.6136,342190.29
2007-09-27,1.6137,1.6148,1.6039,1.6073,439541.72
2007-09-28,1.6073,1.6135,1.60265,1.60656,415623.64
2007-09-29,1.60656,1.60656,1.60656,1.60656,0.0
2007-09-30,1.60705,1.61055,1.6038,1.6038,86056.5
2007-10-01,1.604,1.607,1.5902,1.5932,389761.08
2007-10-02,1.5932,1.6112,1.5927,1.6004,492646.1
2007-10-03,1.6006,1.6021,1.5897,1.5941,430572.5
2007-10-04,1.59405,1.6011,1.588,1.5908,397039.55
2007-10-05,1.5908,1.5935,1.57065,1.57076,341553.5
2007-10-06,1.57076,1.57076,1.57076,1.57076,0.0
2007-10-07,1.57222,1.57563,1.5677,1.5693,106790.4
2007-10-08,1.5693,1.5748,1.5637,1.5701,271894.0
2007-10-09,1.5701,1.5735,1.5645,1.5686,402529.0
2007-10-10,1.5684,1.5799,1.5667,1.5742,388815.99
2007-10-11,1.5742,1.5784,1.5678,1.5743,486584.8
2007-10-12,1.5743,1.583,1.5653,1.56645,463699.82
2007-10-13,1.56645,1.56645,1.56645,1.56645,0.0
2007-10-14,1.56665,1.56914,1.5626,1.5664,105295.1
2007-10-15,1.56635,1.5845,1.5639,1.5784,533421.89
2007-10-16,1.5784,1.60445,1.5769,1.5915,724110.82
2007-10-17,1.59155,1.60755,1.58535,1.5968,623815.06
2007-10-18,1.5968,1.60585,1.59025,1.59615,476427.62
2007-10-19,1.59625,1.60735,1.58955,1.60285,557853.16
2007-10-20,1.60285,1.60285,1.60285,1.60285,0.0
2007-10-21,1.60355,1.6223,1.60265,1.61795,147392.55
2007-10-22,1.61795,1.6207,1.59435,1.5982,555144.13
2007-10-23,1.5982,1.60065,1.58525,1.5883,480031.5
2007-10-24,1.58795,1.59095,1.57645,1.5808,489363.28
2007-10-25,1.5808,1.5829,1.57495,1.57665,440998.32
2007-10-26,1.57665,1.5771,1.5644,1.56653,387312.42
2007-10-27,1.56653,1.56653,1.56653,1.56653,0.0
2007-10-28,1.5698,1.57173,1.56335,1.56455,113224.57
2007-10-29,1.56445,1.56935,1.55615,1.56235,449170.8
2007-10-30,1.56235,1.5728,1.56145,1.56875,406422.45
2007-10-31,1.5687,1.56905,1.54982,1.55305,409551.46
2007-11-01,1.55305,1.58345,1.54955,1.57605,450600.41
2007-11-02,1.57605,1.58405,1.56485,1.57153,412022.72
2007-11-03,1.57153,1.57153,1.57153,1.57153,0.0
2007-11-04,1.57272,1.5782,1.56676,1.5778,75076.8
2007-11-05,1.5778,1.57905,1.5688,1.5709,454250.58
2007-11-06,1.5709,1.5739,1.56215,1.5623,472894.5
2007-11-07,1.5623,1.59085,1.55895,1.58155,673604.0
2007-11-08,1.58155,1.5914,1.5717,1.58315,632652.8
2007-11-09,1.58315,1.6121,1.5788,1.60833,518058.95
2007-11-10,1.60833,1.60833,1.60833,1.60833,0.0
2007-11-11,1.60655,1.6276,1.6063,1.6149,87965.5
2007-11-12,1.615,1.6596,1.6133,1.6504,644106.7
2007-11-13,1.65035,1.6536,1.6215,1.6249,492156.65
2007-11-14,1.6249,1.6398,1.6172,1.6345,872389.95
2007-11-15,1.6345,1.654,1.6278,1.64655,1223880.95
2007-11-16,1.64655,1.65665,1.63777,1.63805,1026392.0
2007-11-17,1.63805,1.63805,1.63805,1.63805,0.0
2007-11-18,1.64418,1.65084,1.63242,1.63515,53727.45
2007-11-19,1.63515,1.6655,1.63165,1.6622,365120.7
2007-11-20,1.6622,1.6758,1.6523,1.6645,533670.1
2007-11-21,1.6645,1.71205,1.6635,1.7091,461970.05
2007-11-22,1.7092,1.7105,1.68975,1.7024,240612.8
2007-11-23,1.7024,1.716,1.68635,1.6887,307926.8
2007-11-24,1.6887,1.6887,1.6887,1.6887,0.0
2007-11-25,1.69332,1.69378,1.67548,1.68265,86688.1
2007-11-26,1.68285,1.7157,1.67465,1.7053,288909.0
2007-11-27,1.70525,1.7065,1.68695,1.69015,779873.4
2007-11-28,1.69015,1.69615,1.6637,1.67425,1099217.9
2007-11-29,1.67435,1.68315,1.6663,1.67075,932479.85
2007-11-30,1.67075,1.67415,1.65274,1.65433,807443.42
2007-12-01,1.65433,1.65433,1.65433,1.65433,0.0
2007-12-02,1.65592,1.65995,1.65233,1.65935,54811.2
2007-12-03,1.65935,1.6696,1.65635,1.6648,319216.0
2007-12-04,1.6648,1.69755,1.66415,1.6919,379742.48
2007-12-05,1.69195,1.69985,1.67465,1.67555,396071.2
2007-12-06,1.67555,1.67835,1.66335,1.66625,309539.0
2007-12-07,1.66625,1.6744,1.66045,1.6729,195968.6
2007-12-08,1.6729,1.6729,1.6729,1.6729,0.0
2007-12-09,1.6644,1.67868,1.6628,1.67185,31991.7
2007-12-10,1.67185,1.6762,1.6588,1.6612,200570.2
2007-12-11,1.6612,1.68415,1.65275,1.6717,263498.3
2007-12-12,1.6717,1.675,1.6488,1.66275,431835.2
2007-12-13,1.66265,1.67325,1.65915,1.66535,305197.8
2007-12-14,1.66525,1.67955,1.6633,1.67585,292662.3
2007-12-15,1.67585,1.67585,1.67585,1.67585,0.0
2007-12-16,1.673,1.67574,1.6659,1.6706,38326.5
2007-12-17,1.6708,1.68135,1.66825,1.6794,247644.6
2007-12-18,1.6796,1.68245,1.668,1.67285,311817.7
2007-12-19,1.67285,1.6776,1.6677,1.6752,338093.6
2007-12-20,1.6752,1.6756,1.6647,1.66825,303162.5
2007-12-21,1.66835,1.66955,1.6525,1.65845,197426.9
2007-12-22,1.65845,1.65845,1.65845,1.65845,0.0
2007-12-23,1.65873,1.66063,1.65307,1.6564,16356.3
2007-12-24,1.6565,1.6586,1.64963,1.65079,94229.6
2007-12-25,1.65122,1.6572,1.64985,1.65231,121749.2
2007-12-26,1.653,1.6607,1.65086,1.6564,159745.7
2007-12-27,1.6565,1.6693,1.65237,1.665,293389.9
2007-12-28,1.66465,1.68565,1.66344,1.67722,253925.2
2007-12-29,1.67722,1.67722,1.67722,1.67722,0.0
2007-12-30,1.68683,1.6869,1.67416,1.6793,6683.5
2007-12-31,1.6793,1.6793,1.6594,1.66502,193926.8
2008-01-01,1.6656,1.67375,1.66193,1.6672,104310.8
2008-01-02,1.6672,1.6762,1.65445,1.6648,1257091.09
2008-01-03,1.6648,1.6801,1.6637,1.6717,1242360.2
2008-01-04,1.6717,1.69585,1.66725,1.68552,999637.6
2008-01-05,1.68552,1.68552,1.68552,1.68552,0.0
2008-01-06,1.68955,1.69428,1.6879,1.6896,26363.9
2008-01-07,1.6896,1.69445,1.6768,1.6841,420794.9
2008-01-08,1.6841,1.68505,1.66355,1.67235,301287.84
2008-01-09,1.67225,1.6739,1.6572,1.6602,880101.6
2008-01-10,1.6602,1.66615,1.64765,1.6542,1161801.46
2008-01-11,1.6542,1.66005,1.64765,1.65925,618550.95
2008-01-12,1.65925,1.65925,1.65925,1.65925,0.0
2008-01-13,1.65535,1.66466,1.65485,1.65775,108522.45
2008-01-14,1.65775,1.6609,1.6512,1.65465,522668.2
2008-01-15,1.65465,1.6851,1.6483,1.6749,603739.56
2008-01-16,1.6749,1.68975,1.6584,1.6679,467193.2
2008-01-17,1.6679,1.6786,1.65145,1.6769,684727.64
2008-01-18,1.6769,1.67955,1.65755,1.6626,528871.6
2008-01-19,1.6626,1.6626,1.6626,1.6626,0.0
2008-01-20,1.66905,1.66928,1.65435,1.65655,44169.9
2008-01-21,1.65655,1.6831,1.65355,1.6816,302960.2
2008-01-22,1.6815,1.69465,1.6742,1.6787,515198.9
2008-01-23,1.6786,1.6953,1.67205,1.6759,472871.8
2008-01-24,1.6759,1.6813,1.6701,1.67345,364590.0
2008-01-25,1.6734,1.6761,1.66255,1.66565,382275.56
2008-01-26,1.66565,1.66565,1.66565,1.66565,0.0
2008-01-27,1.66665,1.6717,1.6657,1.66755,48625.6
2008-01-28,1.66755,1.67935,1.6614,1.66425,316036.7
2008-01-29,1.66425,1.66605,1.6578,1.6623,246532.2
2008-01-30,1.6623,1.6806,1.6507,1.6754,230617.1
2008-01-31,1.675,1.6758,1.65275,1.6597,348258.92
2008-02-01,1.65975,1.6614,1.63504,1.63627,204495.32
2008-02-02,1.63627,1.63627,1.63627,1.63627,0.0
2008-02-03,1.6379,1.64105,1.63551,1.63945,37138.3
2008-02-04,1.63945,1.64025,1.6284,1.63305,207714.1
2008-02-05,1.63305,1.6399,1.621,1.6335,406169.16
2008-02-06,1.6335,1.6399,1.62765,1.63725,238220.9
2008-02-07,1.63725,1.6434,1.61385,1.61775,259400.9
2008-02-08,1.61775,1.6247,1.6124,1.61928,293423.45
2008-02-09,1.61928,1.61928,1.61928,1.61928,0.0
2008-02-10,1.62248,1.62258,1.61665,1.6196,52582.9
2008-02-11,1.6196,1.6199,1.6029,1.604,103108.6
2008-02-12,1.604,1.6165,1.60005,1.6136,148978.36
2008-02-13,1.6136,1.632,1.61,1.6227,147699.2
2008-02-14,1.6227,1.62575,1.61115,1.6233,140653.6
2008-02-15,1.6234,1.6245,1.6131,1.61495,139885.0
2008-02-16,1.61495,1.61495,1.61495,1.61495,0.0
2008-02-17,1.61795,1.62077,1.6135,1.6138,25641.3
2008-02-18,1.6138,1.6141,1.5981,1.5981,107052.0
2008-02-19,1.5981,1.6049,1.5923,1.5988,137014.76
2008-02-20,1.5988,1.61105,1.5987,1.6007,152842.6
2008-02-21,1.6007,1.6141,1.60025,1.61125,161549.6
2008-02-22,1.61125,1.6127,1.6023,1.60297,192821.8
2008-02-23,1.60297,1.60297,1.60297,1.60297,0.0
2008-02-24,1.60527,1.60885,1.60324,1.6078,32401.9
2008-02-25,1.6078,1.6081,1.5973,1.5986,135654.0
2008-02-26,1.5986,1.6099,1.59475,1.6058,99645.3
2008-02-27,1.6058,1.6115,1.5998,1.6048,237430.4
2008-02-28,1.6048,1.6104,1.5982,1.60705,132151.8
2008-02-29,1.60695,1.63377,1.60205,1.63322,252056.3
2008-03-01,1.63322,1.63322,1.63322,1.63322,0.0
2008-03-02,1.6295,1.6384,1.6263,1.63115,16387.5
2008-03-03,1.63115,1.6349,1.6118,1.6179,177647.3
2008-03-04,1.6179,1.6492,1.61715,1.641,158478.0
2008-03-05,1.641,1.6448,1.62901,1.6353,188813.95
2008-03-06,1.6353,1.6632,1.6321,1.6552,170369.3
2008-03-07,1.65515,1.6579,1.64355,1.65522,177091.3
2008-03-08,1.65522,1.65522,1.65522,1.65522,0.0
2008-03-09,1.65508,1.6609,1.655,1.65545,12839.9
2008-03-10,1.65545,1.6776,1.6517,1.6747,85575.95
2008-03-11,1.6747,1.6775,1.6467,1.6525,220079.9
2008-03-12,1.65255,1.6694,1.64705,1.6603,331234.15
2008-03-13,1.6602,1.6687,1.6471,1.6523,139580.4
2008-03-14,1.6522,1.6745,1.6488,1.67108,261150.3
2008-03-15,1.67108,1.67108,1.67108,1.67108,0.0
2008-03-16,1.67112,1.6816,1.6614,1.6684,27901.8
2008-03-17,1.6684,1.7255,1.6683,1.7102,387711.8
2008-03-18,1.70975,1.71675,1.6742,1.6831,176714.6
2008-03-19,1.6831,1.7149,1.67855,1.711,113995.6
2008-03-20,1.711,1.7216,1.70135,1.7136,118981.49
2008-03-21,1.7136,1.7158,1.7081,1.7119,27633.7
2008-03-22,1.7119,1.7119,1.7119,1.7119,0.0
2008-03-23,1.72162,1.72168,1.70905,1.7113,22822.3
2008-03-24,1.7113,1.7129,1.6932,1.6964,71594.1
2008-03-25,1.6964,1.711,1.6951,1.7034,81067.3
2008-03-26,1.7034,1.7268,1.70195,1.72025,76419.9
2008-03-27,1.72025,1.7254,1.70505,1.7172,151389.9
2008-03-28,1.7172,1.7239,1.7084,1.71932,163605.3
2008-03-29,1.71932,1.71932,1.71932,1.71932,0.0
2008-03-30,1.72303,1.7269,1.71952,1.72285,19269.2
2008-03-31,1.72285,1.74265,1.71965,1.72705,107590.5
2008-04-01,1.72705,1.73275,1.7126,1.7206,105505.1
2008-04-02,1.7206,1.7208,1.70885,1.7133,85925.5
2008-04-03,1.7133,1.71535,1.6984,1.7113,74986.1
2008-04-04,1.7113,1.7203,1.70195,1.70638,61192.5
2008-04-05,1.70638,1.70638,1.70638,1.70638,0.0
2008-04-06,1.7062,1.7083,1.7032,1.7075,50725.5
2008-04-07,1.7075,1.70925,1.6923,1.695,136484.2
2008-04-08,1.695,1.7051,1.68315,1.6844,99618.3
2008-04-09,1.6844,1.7074,1.6844,1.7011,89230.05
2008-04-10,1.7011,1.705,1.6866,1.6898,95778.8
2008-04-11,1.6898,1.7063,1.68755,1.6983,72364.9
2008-04-12,1.6983,1.6983,1.6983,1.6983,0.0
2008-04-13,1.7031,1.70328,1.68207,1.699,35115.4
2008-04-14,1.699,1.71805,1.6976,1.70925,71193.35
2008-04-15,1.7092,1.7148,1.7009,1.704,71527.37
2008-04-16,1.704,1.7123,1.69645,1.6991,61461.1
2008-04-17,1.6991,1.7042,1.69275,1.6968,85390.1
2008-04-18,1.6968,1.6997,1.6859,1.69329,102321.7
2008-04-19,1.69329,1.69329,1.69329,1.69329,0.0
2008-04-20,1.69295,1.69589,1.68379,1.6921,201208.4
2008-04-21,1.6921,1.6962,1.6787,1.6864,215205.2
2008-04-22,1.6864,1.6941,1.6831,1.6879,153717.2
2008-04-23,1.6879,1.6896,1.6728,1.6749,66660.6
2008-04-24,1.6749,1.67815,1.66195,1.67,152502.7
2008-04-25,1.67,1.679,1.6656,1.67265,66784.4
2008-04-26,1.67265,1.67265,1.67265,1.67265,0.0
2008-04-27,1.67883,1.68027,1.66903,1.6698,18119.4
2008-04-28,1.6698,1.673,1.663,1.6692,45435.4
2008-04-29,1.6692,1.67695,1.665,1.6706,39853.1
2008-04-30,1.6708,1.6731,1.6495,1.6578,57608.6
2008-05-01,1.6578,1.6666,1.65125,1.6575,63255.6
2008-05-02,1.6576,1.66535,1.6429,1.64732,63290.1
2008-05-03,1.64732,1.64732,1.64732,1.64732,0.0
2008-05-04,1.6463,1.652,1.64522,1.6518,10766.7
2008-05-05,1.6518,1.653,1.63395,1.6383,38109.6
2008-05-06,1.6383,1.6458,1.63265,1.634,61961.1
2008-05-07,1.634,1.6389,1.6278,1.6388,51676.9
2008-05-08,1.6388,1.6405,1.62617,1.6312,63208.0
2008-05-09,1.6314,1.64785,1.6309,1.64231,48110.3
2008-05-10,1.64231,1.64231,1.64231,1.64231,0.0
2008-05-11,1.63853,1.6454,1.63572,1.6451,14642.5
2008-05-12,1.6449,1.6477,1.6341,1.6404,54026.5
2008-05-13,1.6405,1.6475,1.63555,1.6426,46954.5
2008-05-14,1.6426,1.6617,1.64015,1.65865,48471.2
2008-05-15,1.6586,1.6634,1.6408,1.642,47727.5
2008-05-16,1.6421,1.6444,1.6265,1.62925,44406.05
2008-05-17,1.62925,1.62925,1.62925,1.62925,0.0
2008-05-18,1.62898,1.633,1.6272,1.6326,15486.6
2008-05-19,1.6326,1.6363,1.625,1.6266,30635.6
2008-05-20,1.6266,1.6368,1.61815,1.6343,46400.9
2008-05-21,1.6343,1.6415,1.6293,1.6388,55731.3
2008-05-22,1.6388,1.6468,1.6343,1.6426,39286.28
2008-05-23,1.6426,1.6453,1.6346,1.64241,33308.04
2008-05-24,1.64241,1.64241,1.64241,1.64241,0.0
2008-05-25,1.64205,1.6454,1.63862,1.645,14918.8
2008-05-26,1.6449,1.6454,1.6384,1.6422,24808.9
2008-05-27,1.6421,1.6437,1.6341,1.6379,30295.4
2008-05-28,1.6379,1.63975,1.6231,1.625,52312.83
2008-05-29,1.6249,1.6298,1.6186,1.6232,41126.0
2008-05-30,1.6231,1.6312,1.6193,1.62685,51133.2
2008-05-31,1.62685,1.62685,1.62685,1.62685,0.0
2008-06-01,1.62682,1.63199,1.62385,1.6285,9234.7
2008-06-02,1.6286,1.6336,1.6202,1.6282,62309.31
2008-06-03,1.6282,1.6311,1.6175,1.6263,70489.3
2008-06-04,1.6263,1.6284,1.6048,1.6129,42427.7
2008-06-05,1.613,1.6281,1.6064,1.6259,39626.7
2008-06-06,1.6258,1.6399,1.6216,1.6387,37489.9
2008-06-07,1.6387,1.6387,1.6387,1.6387,0.0
2008-06-08,1.63785,1.6424,1.6327,1.6397,23091.4
2008-06-09,1.6395,1.6522,1.6376,1.6452,64163.4
2008-06-10,1.6452,1.6462,1.6303,1.6345,59941.0
2008-06-11,1.6345,1.6444,1.6329,1.6423,61601.8
2008-06-12,1.6424,1.653,1.6378,1.647,167451.0
2008-06-13,1.647,1.6486,1.6335,1.63825,100503.03
2008-06-14,1.63825,1.63825,1.63825,1.63825,0.0
2008-06-15,1.63365,1.64282,1.63335,1.6387,22162.7
2008-06-16,1.6387,1.6489,1.6366,1.6421,159883.8
2008-06-17,1.6421,1.6508,1.6407,1.6432,197983.4
2008-06-18,1.6433,1.6485,1.6388,1.6436,156977.1
2008-06-19,1.6436,1.6474,1.6276,1.631,149327.0
2008-06-20,1.631,1.6393,1.6297,1.63804,169155.8
2008-06-21,1.63804,1.63804,1.63804,1.63804,0.0
2008-06-22,1.6382,1.6398,1.6326,1.6338,43578.6
2008-06-23,1.6338,1.6356,1.62805,1.63025,139311.7
2008-06-24,1.63025,1.6326,1.626,1.6265,125069.09
2008-06-25,1.6265,1.63565,1.62542,1.6327,194963.9
2008-06-26,1.6327,1.6508,1.6317,1.6495,275194.98
2008-06-27,1.6495,1.6505,1.6344,1.64403,223861.1
2008-06-28,1.64403,1.64403,1.64403,1.64403,0.0
2008-06-29,1.63957,1.64377,1.6394,1.64095,30245.24
2008-06-30,1.64095,1.6472,1.635,1.644,304844.6
2008-07-01,1.644,1.6585,1.6415,1.654,246964.1
2008-07-02,1.654,1.6585,1.6436,1.6492,261030.4
2008-07-03,1.6492,1.654,1.6328,1.63505,202331.9
2008-07-04,1.63505,1.6362,1.62635,1.6341,137627.0
2008-07-05,1.6341,1.6341,1.6341,1.6341,0.0
2008-07-06,1.62898,1.63185,1.62785,1.6295,45257.0
2008-07-07,1.6295,1.6479,1.6257,1.6463,256738.6
2008-07-08,1.6463,1.6511,1.6403,1.6414,193524.6
2008-07-09,1.6414,1.6536,1.6397,1.6449,229875.0
2008-07-10,1.6449,1.6473,1.6335,1.6414,203710.3
2008-07-11,1.6414,1.64995,1.6384,1.64806,188231.5
2008-07-12,1.64806,1.64806,1.64806,1.64806,0.0
2008-07-13,1.64235,1.6506,1.64217,1.64315,50452.0
2008-07-14,1.6432,1.6444,1.6334,1.6348,172120.9
2008-07-15,1.6347,1.6368,1.62131,1.623,208231.34
2008-07-16,1.6229,1.63065,1.6204,1.6228,253599.37
2008-07-17,1.62285,1.6342,1.6217,1.62945,216651.6
2008-07-18,1.62945,1.6334,1.6264,1.62983,216822.8
2008-07-19,1.62983,1.62983,1.62983,1.62983,0.0
2008-07-20,1.62957,1.63365,1.6263,1.6293,33258.6
2008-07-21,1.6293,1.631,1.6235,1.6298,184976.14
2008-07-22,1.6298,1.63355,1.6233,1.6233,181736.3
2008-07-23,1.6233,1.6344,1.6224,1.6315,259236.0
2008-07-24,1.6315,1.6403,1.628,1.6367,267333.0
2008-07-25,1.6368,1.64405,1.63675,1.64056,269439.2
2008-07-26,1.64056,1.64056,1.64056,1.64056,0.0
2008-07-27,1.63855,1.6459,1.6384,1.6449,36751.1
2008-07-28,1.6448,1.6475,1.6398,1.6434,169657.2
2008-07-29,1.6434,1.6481,1.63519,1.6374,229902.7
2008-07-30,1.6374,1.6529,1.6366,1.6501,269322.5
2008-07-31,1.6501,1.6611,1.64835,1.658,220348.7
2008-08-01,1.658,1.675,1.657,1.66975,221694.3
2008-08-02,1.66975,1.66975,1.66975,1.66975,0.0
2008-08-03,1.66975,1.6762,1.66962,1.673,31436.9
2008-08-04,1.67305,1.6771,1.6689,1.6763,188636.6
2008-08-05,1.6764,1.6924,1.6716,1.6869,253084.44
2008-08-06,1.6869,1.699,1.6843,1.6924,236087.4
2008-08-07,1.6926,1.6996,1.687,1.6906,199100.0
2008-08-08,1.6905,1.7042,1.6834,1.6877,364364.45
2008-08-09,1.6877,1.6877,1.6877,1.6877,0.0
2008-08-10,1.688,1.69427,1.68195,1.6878,53167.6
2008-08-11,1.6877,1.6924,1.6818,1.6875,267125.7
2008-08-12,1.6876,1.7151,1.6861,1.7142,367921.78
2008-08-13,1.7142,1.73575,1.70225,1.7143,325018.76
2008-08-14,1.7143,1.71445,1.6973,1.70625,309122.5
2008-08-15,1.70635,1.7122,1.6895,1.69678,271900.4
2008-08-16,1.69678,1.69678,1.69678,1.69678,0.0
2008-08-17,1.6932,1.69707,1.68968,1.6944,90303.8
2008-08-18,1.6944,1.6953,1.6828,1.6922,268046.21
2008-08-19,1.6923,1.69995,1.68865,1.6935,254139.0
2008-08-20,1.6934,1.69575,1.68656,1.6906,188533.4
2008-08-21,1.6906,1.7047,1.6892,1.6948,374250.1
2008-08-22,1.69475,1.71047,1.68995,1.71014,265418.6
2008-08-23,1.71014,1.71014,1.71014,1.71014,0.0
2008-08-24,1.70498,1.70867,1.7016,1.7025,49738.3
2008-08-25,1.7026,1.719,1.6997,1.7135,170613.1
2008-08-26,1.7135,1.7209,1.7079,1.7134,226760.53
2008-08-27,1.7135,1.7194,1.7069,1.7142,244304.4
2008-08-28,1.7142,1.717,1.69935,1.7041,304066.3
2008-08-29,1.7041,1.7147,1.7016,1.70962,279398.5
2008-08-30,1.70962,1.70962,1.70962,1.70962,0.0
2008-08-31,1.71273,1.7188,1.70683,1.7138,70137.4
2008-09-01,1.7138,1.7221,1.7108,1.7165,115360.6
2008-09-02,1.7165,1.7502,1.70785,1.7423,300383.68
2008-09-03,1.7423,1.7532,1.72355,1.7385,324506.0
2008-09-04,1.7386,1.7557,1.72329,1.7498,318414.95
2008-09-05,1.75,1.7718,1.73625,1.7477,239604.73
2008-09-06,1.7477,1.7477,1.7477,1.7477,0.0
2008-09-07,1.75933,1.75938,1.7246,1.7322,69310.1
2008-09-08,1.7322,1.7441,1.7206,1.7317,275116.0
2008-09-09,1.7318,1.76755,1.73021,1.759,319985.66
2008-09-10,1.759,1.7655,1.7394,1.7479,291826.1
2008-09-11,1.7478,1.75985,1.732,1.7421,260298.17
2008-09-12,1.7423,1.7475,1.71825,1.7186,250497.7
2008-09-13,1.7186,1.7186,1.7186,1.7186,0.0
2008-09-14,1.7346,1.75023,1.7191,1.7446,52636.47
2008-09-15,1.74485,1.79265,1.73955,1.7851,246411.4
2008-09-16,1.78495,1.816,1.7601,1.7656,194387.1
2008-09-17,1.7656,1.8251,1.75945,1.8125,160746.91
2008-09-18,1.8125,1.8206,1.77655,1.7774,270024.8
2008-09-19,1.7774,1.7789,1.73085,1.7333,176269.8
2008-09-20,1.7333,1.7333,1.7333,1.7333,0.0
2008-09-21,1.73873,1.7463,1.7247,1.7431,36605.9
2008-09-22,1.7434,1.7545,1.7316,1.7519,169295.0
2008-09-23,1.7517,1.76675,1.74455,1.7588,206696.4
2008-09-24,1.7588,1.765,1.7466,1.75485,154146.6
2008-09-25,1.75485,1.7607,1.7461,1.7522,164869.0
2008-09-26,1.7521,1.76795,1.7492,1.75425,116582.2
2008-09-27,1.75425,1.75425,1.75425,1.75425,0.0
2008-09-28,1.76012,1.76038,1.74515,1.7454,28936.5
2008-09-29,1.74545,1.8096,1.74035,1.7985,159417.7
2008-09-30,1.7985,1.80495,1.76295,1.7754,157960.34
2008-10-01,1.7755,1.7813,1.76185,1.7666,173733.5
2008-10-02,1.7666,1.79155,1.76205,1.7834,217396.8
2008-10-03,1.7834,1.79175,1.7666,1.7787,195297.0
2008-10-04,1.7787,1.7787,1.7787,1.7787,0.0
2008-10-05,1.78437,1.7921,1.7638,1.7884,26745.8
2008-10-06,1.7884,1.9316,1.786,1.8715,232516.8
2008-10-07,1.87165,1.93175,1.8494,1.918,264270.8
2008-10-08,1.918,2.11215,1.904,2.0412,3129113.45
2008-10-09,2.0412,2.0419,1.9186,2.0086,4544275.0
2008-10-10,2.0086,2.10075,2.0086,2.08089,4111360.8
2008-10-11,2.0826,2.0826,2.0826,2.0826,1.1
2008-10-12,2.06752,2.06778,1.9948,2.0012,223044.0
2008-10-13,2.00135,2.06015,1.92715,1.9278,4741475.45
2008-10-14,1.92745,1.96305,1.899,1.9522,4469081.45
2008-10-15,1.9504,2.0706,1.93255,2.0481,4393519.55
2008-10-16,2.0481,2.0481,1.9381,1.9648,5387055.4
2008-10-17,1.9648,1.99605,1.9227,1.94105,4571330.6
2008-10-18,1.94105,1.94105,1.94105,1.94105,0.0
2008-10-19,1.9444,1.95599,1.9182,1.9353,405488.7
2008-10-20,1.9352,1.9445,1.8895,1.8986,3079981.8
2008-10-21,1.89865,1.9478,1.89685,1.9273,4251474.6
2008-10-22,1.9273,1.9389,1.8977,1.92365,5136032.3
2008-10-23,1.92375,1.96985,1.90525,1.9269,5034027.5
2008-10-24,1.92705,2.07375,1.92475,2.03112,3707606.4
2008-10-25,2.03112,2.03112,2.03112,2.03112,0.0
2008-10-26,2.02535,2.0477,2.01743,2.0384,305444.0
2008-10-27,2.0387,2.08205,2.01735,2.05915,3055231.5
2008-10-28,2.05905,2.0595,1.95675,1.9683,387833.6
2008-10-29,1.9686,1.99715,1.90435,1.9302,476440.4
2008-10-30,1.9302,1.9574,1.88895,1.9205,600537.9
2008-10-31,1.92035,1.937,1.89865,1.9037,401701.95
2008-11-01,1.9037,1.9037,1.9037,1.9037,0.0
2008-11-02,1.9034,1.90825,1.89935,1.9019,6860.7
2008-11-03,1.90225,1.92235,1.85395,1.8668,292540.6
2008-11-04,1.8668,1.90485,1.84955,1.8595,290052.9
2008-11-05,1.8595,1.9109,1.85225,1.89965,369349.3
2008-11-06,1.89895,1.9205,1.8586,1.90595,358526.6
2008-11-07,1.9062,1.93275,1.8779,1.88795,220066.35
2008-11-08,1.88795,1.88795,1.88795,1.88795,0.0
2008-11-09,1.89342,1.89367,1.8586,1.86215,21608.8
2008-11-10,1.86235,1.9143,1.8492,1.8977,131320.3
2008-11-11,1.898,1.93555,1.8877,1.9061,114235.6
2008-11-12,1.90615,1.96875,1.89165,1.9533,146326.3
2008-11-13,1.9533,1.96645,1.90975,1.92,203039.8
2008-11-14,1.9202,1.96005,1.9111,1.94685,138547.6
2008-11-15,1.94685,1.94685,1.94685,1.94685,0.0
2008-11-16,1.94232,1.96907,1.93745,1.9619,19584.5
2008-11-17,1.96205,1.96275,1.9302,1.94975,153217.1
2008-11-18,1.94995,1.9646,1.9288,1.9435,130454.9
2008-11-19,1.9436,1.9675,1.9305,1.9584,188832.1
2008-11-20,1.9584,2.05615,1.951,2.0395,131983.3
2008-11-21,2.0395,2.0417,1.98865,1.99253,171646.1
2008-11-22,1.99253,1.99253,1.99253,1.99253,0.0
2008-11-23,1.98713,1.99323,1.9792,1.9916,11286.7
2008-11-24,1.9916,2.02015,1.9727,1.9875,198795.4
2008-11-25,1.9875,2.02855,1.97595,2.0084,203824.7
2008-11-26,2.0084,2.01585,1.9681,1.9722,187769.2
2008-11-27,1.9722,1.9924,1.94945,1.96485,120242.3
2008-11-28,1.965,1.97245,1.93325,1.93883,209796.5
2008-11-29,1.93883,1.93883,1.93883,1.93883,0.0
2008-11-30,1.93728,1.9492,1.93683,1.94355,27021.8
2008-12-01,1.9439,1.98625,1.94115,1.9842,155407.1
2008-12-02,1.9842,1.9889,1.9479,1.9763,171087.25
2008-12-03,1.9763,1.9791,1.95215,1.9606,154475.2
2008-12-04,1.9607,1.9933,1.95055,1.9857,199405.1
2008-12-05,1.9853,2.0113,1.95955,1.9623,138675.8
2008-12-06,1.9623,1.9623,1.9623,1.9623,0.0
2008-12-07,1.95582,1.97071,1.95515,1.9675,11473.5
2008-12-08,1.9675,1.9675,1.925,1.9479,156480.8
2008-12-09,1.9479,1.9768,1.94765,1.9661,175480.2
2008-12-10,1.96615,1.99245,1.9501,1.98365,166766.8
2008-12-11,1.9837,1.9937,1.95865,1.9902,183825.6
2008-12-12,1.9903,2.0455,1.9827,2.0101,149716.8
2008-12-13,2.0101,2.0101,2.0101,2.0101,0.0
2008-12-14,2.02565,2.02597,2.00967,2.0194,16529.4
2008-12-15,2.0194,2.062,2.0099,2.0481,115396.6
2008-12-16,2.0484,2.05615,2.0128,2.0254,151766.3
2008-12-17,2.02555,2.0691,2.0125,2.0422,161026.7
2008-12-18,2.0425,2.1024,2.02555,2.06415,182024.8
2008-12-19,2.0639,2.08365,2.02402,2.02422,167465.6
2008-12-20,2.02422,2.02422,2.02422,2.02422,0.0
2008-12-21,2.03627,2.0491,2.03543,2.0491,5752.0
2008-12-22,2.04875,2.05885,2.0252,2.03985,170476.7
2008-12-23,2.0381,2.0588,2.0381,2.05065,149559.1
2008-12-24,2.05065,2.06655,2.0416,2.04909,68681.1
2008-12-25,2.04817,2.06883,2.04153,2.0544,140386.3
2008-12-26,2.05445,2.06705,2.04275,2.0581,52447.6
2008-12-27,2.0581,2.0581,2.0581,2.0581,0.0
2008-12-28,2.06533,2.06557,2.04429,2.05675,21849.6
2008-12-29,2.0568,2.0703,2.0297,2.03395,122426.3
2008-12-30,2.03385,2.05235,2.03051,2.04635,115519.1
2008-12-31,2.04635,2.0503,1.96106,1.98052,102836.5
2009-01-01,1.98087,2.00197,1.97192,1.98595,75731.5
2009-01-02,1.9863,2.0095,1.9486,1.95652,116622.1
2009-01-03,1.95652,1.95652,1.95652,1.95652,0.0
2009-01-04,1.95627,1.95688,1.94035,1.9501,20706.6
2009-01-05,1.95005,1.9586,1.888,1.9085,193773.8
2009-01-06,1.9085,1.91215,1.86045,1.87505,163851.2
2009-01-07,1.87505,1.9193,1.86395,1.9164,160214.8
2009-01-08,1.91635,1.94705,1.91255,1.924,160643.3
2009-01-09,1.92415,1.9497,1.90045,1.91363,148907.7
2009-01-10,1.91363,1.91363,1.91363,1.91363,0.0
2009-01-11,1.90968,1.92835,1.90882,1.91945,23362.8
2009-01-12,1.9194,1.9707,1.91375,1.96675,168983.8
2009-01-13,1.96675,2.0035,1.9603,1.9777,210451.0
2009-01-14,1.97765,1.99905,1.95285,1.9874,187247.6
2009-01-15,1.9875,2.0056,1.96315,1.9728,250078.8
2009-01-16,1.9729,1.9935,1.95035,1.97742,191129.5
2009-01-17,1.97742,1.97742,1.97742,1.97742,0.0
2009-01-18,1.99133,1.99385,1.9636,1.9657,26941.2
2009-01-19,1.96565,1.973,1.9474,1.96185,156974.8
2009-01-20,1.9617,1.9916,1.94145,1.98525,206433.6
2009-01-21,1.98525,1.9965,1.9568,1.9745,314143.1
2009-01-22,1.9745,1.9943,1.96685,1.986,331292.3
2009-01-23,1.98565,1.9962,1.96005,1.98713,180928.2
2009-01-24,1.98713,1.98713,1.98713,1.98713,0.0
2009-01-25,1.98113,1.98519,1.97043,1.97655,31765.4
2009-01-26,1.9766,2.0044,1.96635,1.9907,164574.8
2009-01-27,1.9908,1.9994,1.9783,1.98835,189338.8
2009-01-28,1.98845,1.9957,1.96105,1.9763,214307.3
2009-01-29,1.9763,1.9995,1.97425,1.9903,201964.6
2009-01-30,1.9903,2.01905,1.9877,2.01192,194416.0
2009-01-31,2.01192,2.01192,2.01192,2.01192,0.0
2009-02-01,2.01313,2.01498,2.00275,2.00555,34905.2
2009-02-02,2.00555,2.0389,2.00205,2.03155,216121.6
2009-02-03,2.0317,2.03255,1.9891,2.0046,199360.7
2009-02-04,2.0043,2.0391,1.9739,2.0002,203969.5
2009-02-05,2.0002,2.0004,1.9531,1.96185,183744.8
2009-02-06,1.96185,1.9735,1.9013,1.91235,170928.0
2009-02-07,1.91235,1.91235,1.91235,1.91235,0.0
2009-02-08,1.90655,1.9308,1.90623,1.92445,40516.9
2009-02-09,1.92445,1.94365,1.9061,1.9205,205661.4
2009-02-10,1.92055,1.98365,1.9138,1.96445,248505.0
2009-02-11,1.96445,1.9887,1.95655,1.9687,201227.5
2009-02-12,1.96885,1.98635,1.95235,1.9608,220076.9
2009-02-13,1.9608,1.9699,1.939,1.9504,187600.0
2009-02-14,1.9504,1.9504,1.9504,1.9504,0.0
2009-02-15,1.95328,1.96717,1.9485,1.95915,36007.9
2009-02-16,1.95915,1.97385,1.9549,1.95995,150599.2
2009-02-17,1.9602,1.9855,1.9553,1.97535,219530.8
2009-02-18,1.97545,1.9783,1.9611,1.9654,201320.13
2009-02-19,1.96565,1.9709,1.95015,1.9627,195602.2
2009-02-20,1.96285,1.99905,1.95865,1.9857,189319.0
2009-02-21,1.9857,1.9857,1.9857,1.9857,0.0
2009-02-22,1.98683,1.99215,1.97955,1.98435,33247.8
2009-02-23,1.9845,1.99425,1.9694,1.97675,205767.9
2009-02-24,1.97725,1.9865,1.964,1.97295,224735.74
2009-02-25,1.97295,1.9796,1.9599,1.96555,207907.1
2009-02-26,1.96555,1.97035,1.9488,1.9657,182347.4
2009-02-27,1.96605,1.9917,1.9635,1.9828,183565.8
2009-02-28,1.9828,1.9828,1.9828,1.9828,0.0
2009-03-01,1.97388,1.9873,1.9713,1.984,38153.3
2009-03-02,1.9843,1.999,1.97355,1.9954,223674.3
2009-03-03,1.9956,1.9959,1.9556,1.9648,219845.4
2009-03-04,1.96495,1.9832,1.93635,1.9529,208062.5
2009-03-05,1.9529,1.97415,1.94465,1.9633,198208.72
2009-03-06,1.9633,1.9903,1.95485,1.97093,213321.28
2009-03-07,1.97093,1.97093,1.97093,1.97093,0.0
2009-03-08,1.9743,1.97765,1.97098,1.97725,36195.0
2009-03-09,1.97725,2.0028,1.9712,1.9885,210261.6
2009-03-10,1.9885,1.9924,1.9586,1.96195,265368.46
2009-03-11,1.9621,1.97825,1.95855,1.9754,236493.0
2009-03-12,1.9756,1.9877,1.965,1.97135,260803.5
2009-03-13,1.97135,1.97905,1.9551,1.96335,213594.46
2009-03-14,1.96335,1.96335,1.96335,1.96335,0.0
2009-03-15,1.96658,1.9698,1.95752,1.9615,45342.4
2009-03-16,1.96165,1.9721,1.9597,1.96685,229949.4
2009-03-17,1.9667,1.97595,1.9612,1.96605,207660.04
2009-03-18,1.96605,2.0049,1.9647,1.9881,247149.24
2009-03-19,1.98815,1.997,1.9739,1.9854,273187.24
2009-03-20,1.9853,1.99,1.96075,1.9761,202952.12
2009-03-21,1.9761,1.9761,1.9761,1.9761,0.0
2009-03-22,1.97098,1.9783,1.96825,1.97115,40560.9
2009-03-23,1.9713,1.9724,1.9301,1.93405,231690.88
2009-03-24,1.93415,1.9402,1.92375,1.9274,256684.08
2009-03-25,1.9274,1.95825,1.9269,1.94185,189678.7
2009-03-26,1.94175,1.94755,1.9217,1.92605,171529.5
2009-03-27,1.9262,1.9446,1.90925,1.9112,161168.65
2009-03-28,1.9112,1.9112,1.9112,1.9112,0.0
2009-03-29,1.9179,1.92305,1.90731,1.92165,29075.2
2009-03-30,1.9218,1.9463,1.91745,1.93785,201983.9
2009-03-31,1.93785,1.94045,1.9036,1.9146,184919.1
2009-04-01,1.9147,1.92625,1.89065,1.89595,184065.5
2009-04-02,1.89595,1.89825,1.87025,1.87165,187744.2
2009-04-03,1.87165,1.90015,1.8649,1.88383,161052.2
2009-04-04,1.88383,1.88383,1.88383,1.88383,0.0
2009-04-05,1.88583,1.89248,1.88278,1.8861,32001.0
2009-04-06,1.8861,1.8989,1.87655,1.8848,162836.9
2009-04-07,1.8849,1.8934,1.8518,1.86305,169646.3
2009-04-08,1.863,1.87485,1.8595,1.871,183574.1
2009-04-09,1.871,1.87575,1.8204,1.82525,201168.3
2009-04-10,1.82545,1.83652,1.82105,1.83608,51827.4
2009-04-11,1.83608,1.83608,1.83608,1.83608,0.0
2009-04-12,1.83262,1.83323,1.8067,1.82245,27677.7
2009-04-13,1.8224,1.83645,1.8195,1.82675,103988.5
2009-04-14,1.8272,1.841,1.81745,1.8342,181870.5
2009-04-15,1.834,1.85,1.81215,1.81675,203770.31
2009-04-16,1.81675,1.84105,1.81235,1.831,206088.9
2009-04-17,1.8313,1.83295,1.803,1.80432,186486.7
2009-04-18,1.80432,1.80432,1.80432,1.80432,0.0
2009-04-19,1.8074,1.8082,1.7996,1.8078,14281.2
2009-04-20,1.8077,1.85835,1.80445,1.8496,194770.7
2009-04-21,1.84965,1.85335,1.81555,1.82925,213870.4
2009-04-22,1.8303,1.84635,1.82555,1.84125,184530.4
2009-04-23,1.84115,1.847,1.82835,1.84275,203080.9
2009-04-24,1.84275,1.851,1.82831,1.82999,200818.1
2009-04-25,1.82999,1.82999,1.82999,1.82999,0.0
2009-04-26,1.83767,1.84448,1.82653,1.84385,39224.3
2009-04-27,1.8437,1.85395,1.8276,1.8429,233377.1
2009-04-28,1.84275,1.865,1.8403,1.8571,247973.1
2009-04-29,1.8571,1.85775,1.82075,1.8284,264721.9
2009-04-30,1.82845,1.8342,1.7983,1.81635,260798.4
2009-05-01,1.8164,1.8279,1.80732,1.81045,176367.5
2009-05-02,1.81045,1.81045,1.81045,1.81045,0.0
2009-05-03,1.81045,1.81712,1.80588,1.81106,57071.8
2009-05-04,1.81056,1.8154,1.7997,1.8085,219733.8
2009-05-05,1.8086,1.81165,1.7902,1.79985,244977.1
2009-05-06,1.7998,1.80575,1.7739,1.7771,289847.5
2009-05-07,1.7772,1.7797,1.74865,1.77255,259650.55
2009-05-08,1.7728,1.7822,1.76375,1.77288,235701.4
2009-05-09,1.77288,1.77288,1.77288,1.77288,0.0
2009-05-10,1.76108,1.77677,1.76073,1.77285,30279.5
2009-05-11,1.77285,1.79305,1.7711,1.78865,245730.4
2009-05-12,1.78865,1.7938,1.7777,1.7812,249167.3
2009-05-13,1.7813,1.8092,1.7781,1.7988,251035.1
2009-05-14,1.79875,1.81445,1.79135,1.7954,230696.6
2009-05-15,1.7955,1.80278,1.78975,1.80068,218761.8
2009-05-16,1.80068,1.80068,1.80068,1.80068,0.0
2009-05-17,1.79835,1.80243,1.79272,1.8003,19911.8
2009-05-18,1.8003,1.80305,1.7665,1.7728,242809.5
2009-05-19,1.7728,1.77445,1.7539,1.7611,275912.4
2009-05-20,1.7611,1.781,1.7592,1.7798,253659.8
2009-05-21,1.77985,1.7933,1.77235,1.78605,257886.3
2009-05-22,1.786,1.79225,1.7781,1.78753,211187.6
2009-05-23,1.78753,1.78753,1.78753,1.78753,0.0
2009-05-24,1.78505,1.796,1.78312,1.7913,17719.2
2009-05-25,1.7906,1.7989,1.78855,1.79425,119129.2
2009-05-26,1.79425,1.8003,1.7734,1.7764,262960.7
2009-05-27,1.7764,1.7883,1.7655,1.7765,261733.2
2009-05-28,1.7765,1.787,1.77015,1.7754,231326.7
2009-05-29,1.7754,1.7775,1.76305,1.76625,214170.4
2009-05-30,1.76625,1.76625,1.76625,1.76625,0.0
2009-05-31,1.7653,1.76801,1.75301,1.76345,16487.3
2009-06-01,1.7635,1.76435,1.74335,1.74765,221098.9
2009-06-02,1.74795,1.75405,1.7369,1.74475,232387.4
2009-06-03,1.7449,1.77885,1.7292,1.7628,267436.7
2009-06-04,1.7628,1.7848,1.7573,1.77065,257819.8
2009-06-05,1.77065,1.7714,1.745,1.7603,267860.7
2009-06-06,1.7603,1.7603,1.7603,1.7603,0.0
2009-06-07,1.7591,1.75989,1.75233,1.75665,18759.1
2009-06-08,1.7567,1.77,1.75115,1.7588,251707.9
2009-06-09,1.75865,1.7648,1.74885,1.7557,255875.9
2009-06-10,1.75575,1.7569,1.73345,1.74175,243244.3
2009-06-11,1.7419,1.7424,1.7147,1.7216,244132.9
2009-06-12,1.72165,1.73335,1.7196,1.72362,221792.5
2009-06-13,1.72362,1.72362,1.72362,1.72362,0.0
2009-06-14,1.72485,1.73426,1.71982,1.72857,36770.0
2009-06-15,1.7287,1.74107,1.72476,1.73279,75274.2
2009-06-16,1.73282,1.75266,1.72588,1.75167,75102.7
2009-06-17,1.75243,1.76323,1.73942,1.75197,74972.3
2009-06-18,1.7515,1.75925,1.73136,1.73927,75282.5
2009-06-19,1.73882,1.73963,1.72284,1.73041,121581.4
2009-06-20,1.73041,1.73041,1.73041,1.73041,0.0
2009-06-21,1.72675,1.73915,1.72521,1.7369,7006.4
2009-06-22,1.7366,1.7724,1.73115,1.7678,223819.5
2009-06-23,1.768,1.78335,1.76515,1.7712,276930.8
2009-06-24,1.7712,1.774,1.7387,1.74925,248490.0
2009-06-25,1.74925,1.75415,1.739,1.74091,283380.3
2009-06-26,1.74043,1.7499,1.73439,1.73891,206914.8
2009-06-27,1.73891,1.73891,1.73891,1.73891,0.0
2009-06-28,1.73908,1.74575,1.73825,1.7433,31089.5
2009-06-29,1.7432,1.7526,1.7371,1.7409,156213.5
2009-06-30,1.74085,1.74545,1.7315,1.74005,221501.2
2009-07-01,1.74,1.75375,1.7358,1.74825,207909.5
2009-07-02,1.74825,1.7661,1.74725,1.76055,193680.3
2009-07-03,1.7609,1.7615,1.74814,1.7524,135455.8
2009-07-04,1.7524,1.7524,1.7524,1.7524,0.0
2009-07-05,1.752,1.76055,1.74992,1.7557,26471.4
2009-07-06,1.7557,1.7671,1.75176,1.7544,300083.6
2009-07-07,1.7544,1.76815,1.74605,1.76605,335981.8
2009-07-08,1.76605,1.7915,1.76315,1.783,360464.9
2009-07-09,1.78305,1.7944,1.7765,1.7858,321840.2
2009-07-10,1.7858,1.79725,1.78475,1.78705,285275.7
2009-07-11,1.78705,1.78705,1.78705,1.78705,0.0
2009-07-12,1.7878,1.7922,1.7869,1.7891,25367.4
2009-07-13,1.7891,1.8102,1.7824,1.7864,358849.0
2009-07-14,1.7864,1.7879,1.75675,1.7589,316296.5
2009-07-15,1.75905,1.7655,1.7523,1.7577,276022.4
2009-07-16,1.7577,1.76665,1.75275,1.75915,299990.5
2009-07-17,1.7591,1.7662,1.75237,1.75683,250432.6
2009-07-18,1.75683,1.75683,1.75683,1.75683,0.0
2009-07-19,1.75608,1.76195,1.75555,1.75665,27034.0
2009-07-20,1.75665,1.7587,1.7396,1.7461,249144.7
2009-07-21,1.74625,1.7513,1.7362,1.7417,264884.6
2009-07-22,1.7415,1.748,1.7353,1.7416,263134.8
2009-07-23,1.7416,1.74425,1.7344,1.73805,263975.2
2009-07-24,1.73805,1.7457,1.73184,1.7361,218032.6
2009-07-25,1.7361,1.7361,1.7361,1.7361,0.0
2009-07-26,1.7369,1.7409,1.73345,1.7395,27680.6
2009-07-27,1.73955,1.7401,1.72915,1.7327,257354.8
2009-07-28,1.73245,1.73425,1.7095,1.71685,284885.5
2009-07-29,1.7169,1.72905,1.71305,1.7192,302036.2
2009-07-30,1.7192,1.7219,1.69845,1.70715,285520.7
2009-07-31,1.70715,1.71415,1.7029,1.70425,281051.0
2009-08-01,1.70425,1.70425,1.70425,1.70425,0.0
2009-08-02,1.7045,1.7095,1.70325,1.70435,41790.4
2009-08-03,1.7043,1.7157,1.69755,1.7095,278362.84
2009-08-04,1.7094,1.71595,1.69965,1.7066,303116.6
2009-08-05,1.7066,1.71765,1.70505,1.7138,277827.3
2009-08-06,1.71385,1.71425,1.7039,1.7092,163168.3
2009-08-07,1.7092,1.7202,1.69115,1.6947,117034.0
2009-08-08,1.6947,1.6947,1.6947,1.6947,0.0
2009-08-09,1.69328,1.70132,1.69307,1.6966,27365.0
2009-08-10,1.6966,1.69665,1.68505,1.6893,121045.96
2009-08-11,1.6892,1.70865,1.6882,1.70565,123124.5
2009-08-12,1.70565,1.72485,1.6975,1.70455,128510.1
2009-08-13,1.7041,1.70615,1.68875,1.6936,118822.25
2009-08-14,1.69365,1.713,1.6866,1.70522,114340.02
2009-08-15,1.70522,1.70522,1.70522,1.70522,0.0
2009-08-16,1.70453,1.71199,1.7026,1.70795,14877.3
2009-08-17,1.7079,1.7285,1.70695,1.7134,119837.7
2009-08-18,1.7128,1.71725,1.7044,1.7078,113930.08
2009-08-19,1.7078,1.7245,1.7061,1.71615,104931.37
2009-08-20,1.7161,1.71845,1.70825,1.71335,91991.3
2009-08-21,1.7135,1.72925,1.7106,1.71569,99283.8
2009-08-22,1.71569,1.71569,1.71569,1.71569,0.0
2009-08-23,1.71422,1.71946,1.71,1.7105,15258.8
2009-08-24,1.7104,1.7112,1.7003,1.7069,132545.6
2009-08-25,1.70685,1.71555,1.7026,1.71375,122349.5
2009-08-26,1.71385,1.72315,1.70715,1.7208,132421.0
2009-08-27,1.72085,1.7262,1.7038,1.70965,117915.7
2009-08-28,1.7093,1.713,1.69554,1.69619,121007.4
2009-08-29,1.69619,1.69619,1.69619,1.69619,0.0
2009-08-30,1.69685,1.701,1.69595,1.69885,16240.7
2009-08-31,1.69895,1.7118,1.69395,1.7013,110271.7
2009-09-01,1.7014,1.7229,1.6968,1.7207,149646.45
2009-09-02,1.7208,1.72275,1.7057,1.71,124493.2
2009-09-03,1.71,1.71365,1.6952,1.69805,135621.9
2009-09-04,1.69805,1.69975,1.67658,1.67925,113151.2
2009-09-05,1.67925,1.67925,1.67925,1.67925,0.0
2009-09-06,1.6786,1.68061,1.67655,1.6786,14297.3
2009-09-07,1.67865,1.68455,1.6716,1.67595,59665.2
2009-09-08,1.6759,1.68305,1.6724,1.6796,129090.35
2009-09-09,1.6796,1.6918,1.6756,1.6878,152331.8
2009-09-10,1.6878,1.7006,1.68505,1.69055,128594.11
2009-09-11,1.69055,1.69325,1.68425,1.68624,139471.4
2009-09-12,1.68624,1.68624,1.68624,1.68624,0.0
2009-09-13,1.68822,1.694,1.68585,1.69115,12121.4
2009-09-14,1.69095,1.70175,1.69035,1.69765,134335.75
2009-09-15,1.69765,1.70345,1.6947,1.697,133678.9
2009-09-16,1.697,1.69785,1.68165,1.6845,134233.75
2009-09-17,1.6845,1.6929,1.68035,1.6917,171205.4
2009-09-18,1.69165,1.69775,1.68845,1.6956,162460.6
2009-09-19,1.6956,1.6956,1.6956,1.6956,0.0
2009-09-20,1.69412,1.6978,1.69368,1.6963,11246.2
2009-09-21,1.69635,1.70445,1.69375,1.6982,150838.32
2009-09-22,1.69835,1.6993,1.68525,1.68965,153931.5
2009-09-23,1.6896,1.69785,1.68615,1.6937,175294.17
2009-09-24,1.6937,1.699,1.6856,1.69725,217996.74
2009-09-25,1.69725,1.69985,1.687,1.69212,201695.31
2009-09-26,1.69212,1.69212,1.69212,1.69212,0.0
2009-09-27,1.6899,1.70015,1.68978,1.69885,18490.8
2009-09-28,1.6988,1.6994,1.6729,1.6753,161527.2
2009-09-29,1.67535,1.6763,1.6639,1.6695,200596.32
2009-09-30,1.6694,1.67055,1.65475,1.65795,192037.34
2009-10-01,1.65805,1.6734,1.65105,1.673,209709.7
2009-10-02,1.67285,1.69235,1.66855,1.68385,215122.4
2009-10-03,1.68385,1.68385,1.68385,1.68385,0.0
2009-10-04,1.6832,1.68665,1.68135,1.6819,20801.28
2009-10-05,1.6817,1.6819,1.6669,1.6707,174424.61
2009-10-06,1.6707,1.67775,1.65135,1.65405,209022.21
2009-10-07,1.6541,1.65645,1.645,1.6471,187056.71
2009-10-08,1.6471,1.6482,1.62765,1.63355,184355.92
2009-10-09,1.6337,1.6345,1.62565,1.62919,190137.64
2009-10-10,1.62919,1.62919,1.62919,1.62919,0.0
2009-10-11,1.62918,1.62925,1.6253,1.6264,26635.2
2009-10-12,1.62645,1.63525,1.6258,1.6283,154518.38
2009-10-13,1.6283,1.63945,1.62695,1.6365,182302.98
2009-10-14,1.63655,1.6371,1.62645,1.6278,175740.27
2009-10-15,1.6277,1.6285,1.6167,1.61755,189490.22
2009-10-16,1.61715,1.63033,1.6135,1.62992,201543.55
2009-10-17,1.62992,1.62992,1.62992,1.62992,0.0
2009-10-18,1.62363,1.62915,1.62285,1.6267,17674.2
2009-10-19,1.6266,1.6301,1.60865,1.6117,193180.83
2009-10-20,1.6116,1.62135,1.6079,1.61535,188272.35
2009-10-21,1.61545,1.62265,1.6107,1.61865,208122.9
2009-10-22,1.6186,1.62845,1.61585,1.6196,185079.62
2009-10-23,1.6197,1.62995,1.61785,1.62652,188280.82
2009-10-24,1.62652,1.62652,1.62652,1.62652,0.0
2009-10-25,1.62615,1.63018,1.62416,1.6268,19100.4
2009-10-26,1.627,1.63,1.6197,1.62195,165379.61
2009-10-27,1.62205,1.6239,1.6135,1.61455,197632.3
2009-10-28,1.61465,1.64215,1.60945,1.6377,208196.35
2009-10-29,1.6379,1.64205,1.61705,1.62215,176962.32
2009-10-30,1.62215,1.64002,1.61895,1.63675,172608.93
2009-10-31,1.63675,1.63675,1.63675,1.63675,0.0
2009-11-01,1.63502,1.6504,1.63306,1.6397,21306.5
2009-11-02,1.6396,1.63995,1.6269,1.6319,180427.63
2009-11-03,1.6319,1.64725,1.6266,1.6293,202847.5
2009-11-04,1.6292,1.6399,1.6238,1.63515,183709.53
2009-11-05,1.6351,1.6413,1.63055,1.6341,165283.86
2009-11-06,1.63405,1.63445,1.61433,1.61492,169977.44
2009-11-07,1.61492,1.61492,1.61492,1.61492,0.0
2009-11-08,1.6148,1.61803,1.61095,1.6149,21317.29
2009-11-09,1.6149,1.6166,1.6086,1.611,184280.3
2009-11-10,1.6109,1.61775,1.60885,1.61085,132530.92
2009-11-11,1.6109,1.6153,1.609,1.6105,139274.7
2009-11-12,1.6105,1.61185,1.6019,1.60595,149221.5
2009-11-13,1.60595,1.60725,1.59428,1.59573,117190.1
2009-11-14,1.59573,1.59573,1.59573,1.59573,0.0
2009-11-15,1.59772,1.59979,1.5963,1.5991,18768.5
2009-11-16,1.5991,1.60595,1.59475,1.5997,108665.7
2009-11-17,1.59975,1.6096,1.59629,1.59769,136513.95
2009-11-18,1.59811,1.61255,1.59665,1.6108,114833.1
2009-11-19,1.61085,1.6268,1.6106,1.62255,136553.76
2009-11-20,1.6223,1.6355,1.62,1.62268,142889.45
2009-11-21,1.62268,1.62268,1.62268,1.62268,0.0
2009-11-22,1.6251,1.6286,1.62143,1.62435,15109.0
2009-11-23,1.62425,1.62685,1.6158,1.6202,107958.7
2009-11-24,1.62025,1.63335,1.6197,1.6246,131745.03
2009-11-25,1.62465,1.62795,1.61725,1.6271,121733.59
2009-11-26,1.6271,1.6627,1.62695,1.65475,124974.2
2009-11-27,1.65475,1.6607,1.64505,1.6532,142830.6
2009-11-28,1.6532,1.6532,1.6532,1.6532,0.0
2009-11-29,1.65013,1.65023,1.63761,1.64385,18997.8
2009-11-30,1.64395,1.6499,1.63395,1.6383,163670.0
2009-12-01,1.63825,1.64545,1.6279,1.63055,127628.1
2009-12-02,1.6305,1.6306,1.6229,1.6239,116880.6
2009-12-03,1.62375,1.6311,1.62095,1.6295,134355.2
2009-12-04,1.62955,1.63335,1.61685,1.62383,149065.7
2009-12-05,1.62383,1.62383,1.62383,1.62383,0.0
2009-12-06,1.62567,1.6272,1.6213,1.62625,25130.4
2009-12-07,1.6263,1.63045,1.6199,1.62155,149833.5
2009-12-08,1.62155,1.6285,1.62025,1.6281,162460.8
2009-12-09,1.6281,1.62875,1.6183,1.6197,170021.4
2009-12-10,1.6196,1.6206,1.6035,1.60695,135537.86
2009-12-11,1.60695,1.61225,1.59922,1.59946,129667.1
2009-12-12,1.59946,1.59946,1.59946,1.59946,0.0
2009-12-13,1.60213,1.60735,1.60187,1.6057,13765.1
2009-12-14,1.60545,1.6151,1.5968,1.6005,132457.2
2009-12-15,1.60045,1.60675,1.59885,1.60495,126847.3
2009-12-16,1.60495,1.6224,1.60235,1.61515,135903.0
2009-12-17,1.6151,1.62445,1.60965,1.6207,162429.5
2009-12-18,1.6207,1.62245,1.6067,1.60833,125690.1
2009-12-19,1.60833,1.60833,1.60833,1.60833,0.0
2009-12-20,1.61035,1.61285,1.60191,1.61175,16691.6
2009-12-21,1.61175,1.625,1.61045,1.62205,120575.2
2009-12-22,1.6221,1.629,1.6202,1.62595,118186.7
2009-12-23,1.626,1.63185,1.62485,1.6291,96074.5
2009-12-24,1.6291,1.63155,1.62284,1.62491,80805.1
2009-12-25,1.62518,1.63342,1.62304,1.628,67109.3
2009-12-26,1.628,1.628,1.628,1.628,0.0
2009-12-27,1.62567,1.62834,1.6233,1.62545,15017.8
2009-12-28,1.62535,1.62645,1.6185,1.6206,76305.1
2009-12-29,1.6206,1.6211,1.60015,1.6048,90132.0
2009-12-30,1.6048,1.60885,1.59955,1.60355,79740.0
2009-12-31,1.60355,1.6065,1.5913,1.59512,99007.9
2010-01-01,1.59503,1.5956,1.59437,1.59558,1136.7
2010-10-01,1.41305,1.419,1.4102,1.4167,77404.0
2010-10-02,1.4167,1.4167,1.4167,1.4167,0.0
2010-10-03,1.4167,1.41905,1.4166,1.4179,5193.0
2010-10-04,1.4179,1.42055,1.41135,1.41145,149639.0
2010-10-05,1.41145,1.43725,1.41095,1.42535,190495.0
2010-10-06,1.4253,1.42745,1.41655,1.42605,180264.0
2010-10-07,1.4258,1.42605,1.41025,1.4183,182436.0
2010-10-08,1.4183,1.4315,1.4096,1.41475,169585.0
2010-10-09,1.41475,1.41475,1.41475,1.41475,0.0
2010-10-10,1.41475,1.41555,1.41225,1.41425,7002.0
2010-10-11,1.41425,1.4185,1.40755,1.4116,162379.0
2010-10-12,1.4115,1.4176,1.40465,1.40995,195973.0
2010-10-13,1.41,1.4181,1.40515,1.40815,181161.0
2010-10-14,1.40815,1.4195,1.4057,1.417,214717.0
2010-10-15,1.417,1.41905,1.4095,1.41055,169454.0
2010-10-16,1.41055,1.41055,1.41055,1.41055,0.0
2010-10-17,1.41055,1.41275,1.4075,1.4122,8490.0
2010-10-18,1.4122,1.41305,1.40635,1.40805,231394.0
2010-10-19,1.40805,1.4221,1.40475,1.4167,237489.0
2010-10-20,1.4168,1.4188,1.4107,1.41625,193491.0
2010-10-21,1.41625,1.4271,1.41215,1.4219,220371.0
2010-10-22,1.4219,1.423,1.41655,1.41965,166303.0
2010-10-23,1.41965,1.41965,1.41965,1.41965,0.0
2010-10-24,1.41965,1.41965,1.41432,1.41794,30093.0
2010-10-25,1.41794,1.41918,1.40493,1.40683,148925.0
2010-10-26,1.40691,1.41189,1.40433,1.40572,95282.0
2010-10-27,1.40568,1.42503,1.405,1.41622,125440.0
2010-10-28,1.41616,1.42628,1.41332,1.42357,137777.0
2010-10-29,1.42356,1.42704,1.41578,1.41718,96122.0
2010-10-30,1.41718,1.41718,1.41718,1.41718,0.0
2010-10-31,1.41718,1.41906,1.41601,1.41627,10803.0
2010-11-01,1.41632,1.41969,1.40456,1.40687,89459.0
2010-11-02,1.40694,1.40775,1.39265,1.40483,89868.0
2010-11-03,1.40483,1.41605,1.40322,1.40725,102798.0
2010-11-04,1.40736,1.41076,1.39725,1.40106,96089.0
2010-11-05,1.40105,1.40239,1.37913,1.38029,86561.0
2010-11-06,1.38029,1.38029,1.38029,1.38029,0.0
2010-11-07,1.38029,1.38621,1.38029,1.38468,7775.0
2010-11-08,1.38469,1.38614,1.37111,1.37212,94037.0
2010-11-09,1.37209,1.37623,1.36762,1.37049,101814.0
2010-11-10,1.37049,1.37865,1.36736,1.37112,99053.0
2010-11-11,1.37112,1.37769,1.36541,1.36688,96989.0
2010-11-12,1.36692,1.39023,1.36443,1.38975,97910.0
2010-11-13,1.38975,1.38975,1.38975,1.38975,0.0
2010-11-14,1.38975,1.38975,1.38406,1.38406,3144.0
2010-11-15,1.38406,1.39302,1.37202,1.38015,71751.0
2010-11-16,1.38015,1.38936,1.37844,1.38221,78377.0
2010-11-17,1.38221,1.38581,1.37729,1.38068,65098.0
2010-11-18,1.38071,1.3829,1.37548,1.37857,62206.0
2010-11-19,1.37849,1.39342,1.37791,1.3854,55638.0
2010-11-20,1.3854,1.3854,1.3854,1.3854,0.0
2010-11-21,1.3854,1.38984,1.3854,1.38771,2799.0
2010-11-22,1.38776,1.38808,1.37675,1.37841,61863.0
2010-11-23,1.37849,1.38642,1.3719,1.37349,80867.0
2010-11-24,1.37353,1.37367,1.356,1.35649,73798.0
2010-11-25,1.35649,1.36561,1.35594,1.36503,47531.0
2010-11-26,1.36504,1.37527,1.3642,1.37148,59294.0
2010-11-27,1.37148,1.37148,1.37148,1.37148,0.0
2010-11-28,1.37148,1.37326,1.36955,1.37027,4180.0
2010-11-29,1.37027,1.37602,1.36117,1.36348,112173.0
2010-11-30,1.36348,1.36476,1.35216,1.35415,185019.0
2010-12-01,1.35419,1.36148,1.3514,1.35863,186028.0
2010-12-02,1.35864,1.36468,1.35103,1.35218,177900.0
2010-12-03,1.35208,1.35572,1.34761,1.35001,179126.0
2010-12-04,1.35001,1.35001,1.35001,1.35001,0.0
2010-12-05,1.35001,1.35334,1.34976,1.35215,7471.0
2010-12-06,1.35211,1.35259,1.3421,1.34421,187009.0
2010-12-07,1.34422,1.34989,1.34162,1.3472,215082.0
2010-12-08,1.3472,1.35519,1.34623,1.35311,217408.0
2010-12-09,1.35308,1.35438,1.33846,1.34507,185467.0
2010-12-10,1.34506,1.34656,1.33845,1.34168,148129.0
2010-12-11,1.34168,1.34168,1.34168,1.34168,0.0
2010-12-12,1.34168,1.34254,1.34022,1.34097,6563.0
2010-12-13,1.34097,1.34713,1.33665,1.34597,200172.0
2010-12-14,1.34597,1.35036,1.33823,1.3395,231058.0
2010-12-15,1.33948,1.34545,1.33796,1.33962,180698.0
2010-12-16,1.33959,1.34158,1.33653,1.33809,125087.0
2010-12-17,1.33813,1.35114,1.33158,1.3344,134047.0
2010-12-18,1.3344,1.3344,1.3344,1.3344,0.0
2010-12-19,1.3344,1.33523,1.33197,1.33213,5350.0
2010-12-20,1.33207,1.33309,1.31885,1.32104,208621.0
2010-12-21,1.32107,1.32434,1.31074,1.31358,160834.0
2010-12-22,1.31358,1.31917,1.30741,1.3124,138790.0
2010-12-23,1.31239,1.31305,1.30115,1.30713,106174.0
2010-12-24,1.30713,1.3094,1.30387,1.30513,59613.0
2010-12-25,1.30513,1.30513,1.30513,1.30513,0.0
2010-12-26,1.30513,1.31024,1.30513,1.30752,5072.0
2010-12-27,1.30752,1.31314,1.30662,1.31106,84753.0
2010-12-28,1.31108,1.31619,1.29551,1.29616,137931.0
2010-12-29,1.29616,1.30078,1.29261,1.29963,139260.0
2010-12-30,1.29967,1.31265,1.2981,1.30934,102143.0
2010-12-31,1.30934,1.31683,1.30308,1.30691,100968.0
2011-01-01,1.30691,1.30691,1.30691,1.30691,0.0
2011-01-02,1.30691,1.30803,1.3046,1.30765,7556.0
2011-01-03,1.30766,1.31508,1.30031,1.31339,169164.0
2011-01-04,1.31347,1.33256,1.31289,1.32249,209753.0
2011-01-05,1.32251,1.32732,1.31415,1.31568,180169.0
2011-01-06,1.31571,1.32031,1.3053,1.30691,169521.0
2011-01-07,1.30698,1.31042,1.29431,1.2955,179774.0
2011-01-08,1.2955,1.2955,1.2955,1.2955,0.0
2011-01-09,1.2955,1.29692,1.2949,1.29554,8202.0
2011-01-10,1.29546,1.30654,1.29308,1.30315,158505.0
2011-01-11,1.30315,1.3228,1.30245,1.32156,211437.0
2011-01-12,1.32156,1.32156,1.30826,1.31803,165487.0
2011-01-13,1.31815,1.34084,1.31513,1.33759,149841.0
2011-01-14,1.3376,1.35498,1.33738,1.35357,126397.0
2011-01-15,1.35357,1.35357,1.35357,1.35357,0.0
2011-01-16,1.35357,1.35357,1.34833,1.35031,3871.0
2011-01-17,1.35027,1.35174,1.33475,1.33764,119448.0
2011-01-18,1.33761,1.34722,1.33693,1.34106,169437.0
2011-01-19,1.34105,1.35043,1.33723,1.34932,174013.0
2011-01-20,1.3493,1.36621,1.34767,1.36606,206701.0
2011-01-21,1.36611,1.37702,1.36455,1.37541,157092.0
2011-01-22,1.37541,1.37541,1.37541,1.37541,0.0
2011-01-23,1.37541,1.38017,1.37541,1.37628,5152.0
2011-01-24,1.37624,1.37872,1.36387,1.36755,121511.0
2011-01-25,1.36755,1.37808,1.36475,1.37505,159902.0
2011-01-26,1.37505,1.37678,1.36879,1.37168,125799.0
2011-01-27,1.37168,1.3869,1.37082,1.3864,134184.0
2011-01-28,1.38635,1.38775,1.36832,1.36886,131477.0
2011-01-29,1.36886,1.36886,1.36886,1.36886,0.0
2011-01-30,1.36886,1.37642,1.36886,1.37491,6578.0
2011-01-31,1.37495,1.37885,1.36778,1.37492,152396.0
2011-02-01,1.37487,1.37621,1.36141,1.36755,162548.0
2011-02-02,1.36726,1.37185,1.3649,1.36583,168725.0
2011-02-03,1.36583,1.36747,1.34151,1.3425,203717.0
2011-02-04,1.3425,1.34364,1.33043,1.33897,178614.0
2011-02-05,1.33897,1.33897,1.33897,1.33897,0.0
2011-02-06,1.33897,1.34054,1.33705,1.34039,4269.0
2011-02-07,1.34039,1.34395,1.33184,1.34127,176807.0
2011-02-08,1.34124,1.34935,1.33688,1.34226,195604.0
2011-02-09,1.34227,1.35912,1.34172,1.35712,178907.0
2011-02-10,1.35714,1.36098,1.353,1.35834,172685.0
2011-02-11,1.3583,1.36057,1.35019,1.35155,139926.0
2011-02-12,1.35155,1.35155,1.35155,1.35155,0.0
2011-02-13,1.35155,1.35385,1.34843,1.349,4687.0
2011-02-14,1.349,1.34935,1.34128,1.34515,155740.0
2011-02-15,1.3452,1.35578,1.34389,1.35346,180962.0
2011-02-16,1.35344,1.36022,1.34907,1.35284,192511.0
2011-02-17,1.35289,1.3552,1.34241,1.346,173854.0
2011-02-18,1.346,1.35078,1.34036,1.34919,169932.0
2011-02-19,1.34919,1.34919,1.34919,1.34919,0.0
2011-02-20,1.34919,1.35207,1.34791,1.3517,3767.0
2011-02-21,1.3517,1.35786,1.3495,1.35655,123635.0
2011-02-22,1.35655,1.36953,1.35148,1.36684,213458.0
2011-02-23,1.36694,1.37852,1.36483,1.3721,199865.0
2011-02-24,1.37207,1.3731,1.3622,1.36732,215536.0
2011-02-25,1.36734,1.36803,1.35024,1.35114,163908.0
2011-02-26,1.35114,1.35114,1.35114,1.35114,0.0
2011-02-27,1.35114,1.35505,1.35114,1.35407,4696.0
2011-02-28,1.3541,1.36526,1.35171,1.35661,187817.0
2011-03-01,1.35663,1.36123,1.35462,1.35849,197675.0
2011-03-02,1.35849,1.36787,1.35624,1.36443,195661.0
2011-03-03,1.36443,1.37993,1.35981,1.37796,175511.0
2011-03-04,1.37796,1.38501,1.37593,1.37889,141865.0
2011-03-05,1.37889,1.37889,1.37889,1.37889,0.0
2011-03-06,1.37889,1.38032,1.37714,1.37894,4723.0
2011-03-07,1.37895,1.38342,1.37624,1.3795,174367.0
2011-03-08,1.37946,1.38312,1.37455,1.3773,127549.0
2011-03-09,1.37729,1.37996,1.37195,1.37714,161178.0
2011-03-10,1.37714,1.38211,1.37522,1.37757,220410.0
2011-03-11,1.37764,1.38357,1.36765,1.37104,189276.0
2011-03-12,1.37104,1.37104,1.37104,1.37104,0.0
2011-03-13,1.37104,1.38271,1.37104,1.37998,12523.0
2011-03-14,1.37998,1.38877,1.37703,1.38683,180874.0
2011-03-15,1.38683,1.4153,1.38649,1.40715,236413.0
2011-03-16,1.40719,1.43374,1.40334,1.41711,216334.0
2011-03-17,1.41711,1.43248,1.41547,1.42544,208838.0
2011-03-18,1.42544,1.42807,1.41046,1.42272,174549.0
2011-03-19,1.42272,1.42272,1.42272,1.42272,0.0
2011-03-20,1.42272,1.42731,1.42026,1.42026,7466.0
2011-03-21,1.42026,1.42276,1.40667,1.41336,147280.0
2011-03-22,1.41342,1.41641,1.40251,1.40436,150877.0
2011-03-23,1.40436,1.40692,1.38964,1.39229,163293.0
2011-03-24,1.3923,1.39288,1.38609,1.38906,166898.0
2011-03-25,1.38906,1.39121,1.37082,1.37198,154655.0
2011-03-26,1.37198,1.37198,1.37198,1.37198,0.0
2011-03-27,1.37198,1.37254,1.36688,1.36851,9322.0
2011-03-28,1.36852,1.37604,1.36462,1.37505,151630.0
2011-03-29,1.37503,1.38023,1.36824,1.3701,162974.0
2011-03-30,1.3701,1.37046,1.36243,1.36919,172165.0
2011-03-31,1.3692,1.37573,1.36616,1.37185,173393.0
2011-04-01,1.37183,1.37278,1.36053,1.36961,150473.0
2011-04-02,1.36961,1.36961,1.36961,1.36961,0.0
2011-04-03,1.36961,1.37026,1.36782,1.36983,6154.0
2011-04-04,1.36981,1.37626,1.36774,1.37228,143407.0
2011-04-05,1.37228,1.37836,1.37154,1.37703,160729.0
2011-04-06,1.37703,1.37967,1.37061,1.37224,165582.0
2011-04-07,1.37224,1.37353,1.35909,1.36738,181165.0
2011-04-08,1.3674,1.37282,1.36521,1.37028,161433.0
2011-04-09,1.37028,1.37028,1.37028,1.37028,0.0
2011-04-10,1.37028,1.37079,1.36642,1.36909,9315.0
2011-04-11,1.36909,1.37725,1.36693,1.37559,153004.0
2011-04-12,1.37559,1.38758,1.37481,1.38287,209918.0
2011-04-13,1.38287,1.38723,1.37375,1.37702,175420.0
2011-04-14,1.37701,1.37854,1.37031,1.37511,177937.0
2011-04-15,1.37511,1.37724,1.36436,1.36451,147491.0
2011-04-16,1.36451,1.36451,1.36451,1.36451,0.0
2011-04-17,1.36451,1.36768,1.36397,1.3646,8326.0
2011-04-18,1.36461,1.36527,1.35272,1.35702,174192.0
2011-04-19,1.35702,1.36454,1.35632,1.36245,172973.0
2011-04-20,1.3624,1.36391,1.35483,1.35765,186356.0
2011-04-21,1.35763,1.3616,1.35234,1.35437,168248.0
2011-04-22,1.35436,1.35809,1.35321,1.35552,33461.0
2011-04-23,1.35552,1.35552,1.35552,1.35552,0.0
2011-04-24,1.35552,1.35552,1.35204,1.35401,7021.0
2011-04-25,1.35408,1.36161,1.35408,1.3577,122121.0
2011-04-26,1.35767,1.36298,1.35588,1.35889,176540.0
2011-04-27,1.35889,1.36181,1.35347,1.35994,188272.0
2011-04-28,1.35994,1.36166,1.35557,1.35741,192769.0
2011-04-29,1.35741,1.36189,1.3486,1.3494,129495.0
2011-04-30,1.3494,1.3494,1.3494,1.3494,0.0
2011-05-01,1.3494,1.35298,1.34889,1.35116,13745.0
2011-05-02,1.35115,1.35744,1.34809,1.35296,154700.0
2011-05-03,1.35298,1.3684,1.35219,1.36559,202715.0
2011-05-04,1.36559,1.38289,1.36486,1.38116,225238.0
2011-05-05,1.3812,1.39281,1.36851,1.37043,237599.0
2011-05-06,1.37043,1.37211,1.33609,1.33774,246550.0
2011-05-07,1.33774,1.33774,1.33774,1.33774,0.0
2011-05-08,1.33774,1.34243,1.33774,1.33885,11800.0
2011-05-09,1.33882,1.34103,1.32716,1.33157,234971.0
2011-05-10,1.33148,1.33351,1.32676,1.32831,236702.0
2011-05-11,1.32831,1.33063,1.32276,1.32859,225229.0
2011-05-12,1.32859,1.34216,1.32818,1.3349,242652.0
2011-05-13,1.3349,1.34031,1.33214,1.33459,211582.0
2011-05-14,1.33459,1.33459,1.33459,1.33459,0.0
2011-05-15,1.33459,1.33502,1.33,1.33299,11549.0
2011-05-16,1.33298,1.3413,1.33263,1.33907,227160.0
2011-05-17,1.33906,1.34576,1.33572,1.34239,233333.0
2011-05-18,1.34236,1.34575,1.33898,1.34055,208181.0
2011-05-19,1.34055,1.34504,1.33586,1.34243,213418.0
2011-05-20,1.34244,1.3436,1.32569,1.32785,192978.0
2011-05-21,1.32785,1.32785,1.32785,1.32785,0.0
2011-05-22,1.32785,1.33053,1.32562,1.32702,13597.0
2011-05-23,1.327,1.33763,1.32655,1.3349,231056.0
2011-05-24,1.3349,1.33827,1.33208,1.3349,225230.0
2011-05-25,1.33489,1.34283,1.33396,1.33835,235347.0
2011-05-26,1.33835,1.34175,1.32758,1.33025,218733.0
2011-05-27,1.33029,1.33862,1.32879,1.33618,209992.0
2011-05-28,1.33618,1.33618,1.33618,1.33618,0.0
2011-05-29,1.33618,1.33618,1.33332,1.33573,7247.0
2011-05-30,1.33573,1.33948,1.33415,1.33691,96170.0
2011-05-31,1.33685,1.35178,1.3362,1.34967,211356.0
2011-06-01,1.34966,1.35153,1.33982,1.351,223631.0
2011-06-02,1.351,1.36059,1.34653,1.35583,218469.0
2011-06-03,1.35583,1.36743,1.3543,1.36464,197748.0
2011-06-04,1.36464,1.36464,1.36464,1.36464,0.0
2011-06-05,1.36464,1.36482,1.3616,1.36215,9001.0
2011-06-06,1.36215,1.36397,1.35802,1.35973,191859.0
2011-06-07,1.35976,1.37246,1.35745,1.37119,204746.0
2011-06-08,1.37119,1.3804,1.36938,1.37038,212658.0
2011-06-09,1.37039,1.38391,1.36293,1.36641,202466.0
2011-06-10,1.36642,1.36872,1.35742,1.36105,178717.0
2011-06-11,1.36105,1.36105,1.36105,1.36105,0.0
2011-06-12,1.36105,1.36161,1.35832,1.36042,6228.0
2011-06-13,1.36042,1.36253,1.35619,1.3582,193680.0
2011-06-14,1.3582,1.36078,1.35004,1.35035,188693.0
2011-06-15,1.35032,1.35235,1.33741,1.34024,251823.0
2011-06-16,1.34024,1.34732,1.33905,1.34415,284298.0
2011-06-17,1.34415,1.3502,1.34268,1.34588,238674.0
2011-06-18,1.34588,1.34588,1.34588,1.34588,0.0
2011-06-19,1.34588,1.34761,1.34374,1.34642,7685.0
2011-06-20,1.34642,1.35531,1.34527,1.35451,236484.0
2011-06-21,1.35455,1.36065,1.35243,1.35709,229402.0
2011-06-22,1.35711,1.35953,1.35373,1.35727,230272.0
2011-06-23,1.35727,1.35769,1.35025,1.35269,262948.0
2011-06-24,1.3527,1.35481,1.34386,1.35192,239119.0
2011-06-25,1.35192,1.35192,1.35192,1.35192,0.0
2011-06-26,1.35192,1.3544,1.35187,1.35196,9692.0
2011-06-27,1.35206,1.36877,1.35184,1.36752,263041.0
2011-06-28,1.36752,1.36814,1.36096,1.36111,214692.0
2011-06-29,1.36111,1.36338,1.35063,1.35249,212662.0
2011-06-30,1.35245,1.35553,1.34703,1.35345,184389.0
2011-07-01,1.35345,1.35625,1.34474,1.34817,173556.0
2011-07-02,1.34817,1.34817,1.34817,1.34817,0.0
2011-07-03,1.34817,1.35197,1.34736,1.35131,6022.0
2011-07-04,1.35131,1.3563,1.34985,1.35372,116598.0
2011-07-05,1.35366,1.35687,1.34727,1.34995,168777.0
2011-07-06,1.34992,1.35123,1.33762,1.33874,183575.0
2011-07-07,1.33876,1.34016,1.32404,1.33295,166054.0
2011-07-08,1.33295,1.33668,1.3224,1.32581,180689.0
2011-07-09,1.32581,1.32581,1.32581,1.32581,0.0
2011-07-10,1.32581,1.3269,1.3243,1.32541,9343.0
2011-07-11,1.32554,1.32936,1.314,1.31919,221284.0
2011-07-12,1.31911,1.32157,1.31233,1.31746,264299.0
2011-07-13,1.31745,1.32466,1.31047,1.32313,237862.0
2011-07-14,1.32321,1.32579,1.31745,1.31934,226579.0
2011-07-15,1.31936,1.33104,1.31801,1.32834,199603.0
2011-07-16,1.32834,1.32834,1.32834,1.32834,0.0
2011-07-17,1.32834,1.32834,1.32525,1.32698,6837.0
2011-07-18,1.32698,1.33187,1.32167,1.32807,211681.0
2011-07-19,1.32811,1.33057,1.31644,1.31965,220801.0
2011-07-20,1.31965,1.32541,1.31764,1.32477,197231.0
2011-07-21,1.32475,1.33154,1.32115,1.32914,222689.0
2011-07-22,1.32914,1.33186,1.32086,1.32276,181282.0
2011-07-23,1.32276,1.32276,1.32276,1.32276,0.0
2011-07-24,1.32276,1.32879,1.32276,1.32715,9097.0
2011-07-25,1.32715,1.33039,1.32064,1.32596,178971.0
2011-07-26,1.32596,1.32908,1.31982,1.32467,202526.0
2011-07-27,1.32468,1.32679,1.30137,1.30164,223099.0
2011-07-28,1.30172,1.3033,1.29278,1.3033,208617.0
2011-07-29,1.30331,1.31308,1.30023,1.30915,219750.0
2011-07-30,1.30915,1.30915,1.30915,1.30915,0.0
2011-07-31,1.30915,1.30915,1.30153,1.30313,10145.0
2011-08-01,1.30313,1.30834,1.29406,1.2982,214705.0
2011-08-02,1.2982,1.32081,1.29655,1.31969,250546.0
2011-08-03,1.31971,1.33721,1.31913,1.3342,279375.0
2011-08-04,1.33424,1.34949,1.3338,1.34748,328898.0
2011-08-05,1.34745,1.36743,1.3442,1.367,314954.0
2011-08-06,1.367,1.367,1.367,1.367,0.0
2011-08-07,1.367,1.3832,1.367,1.37682,20780.0
2011-08-08,1.37682,1.40073,1.36675,1.3961,370371.0
2011-08-09,1.39614,1.42604,1.38082,1.38817,388903.0
2011-08-10,1.38818,1.3959,1.38219,1.39333,412326.0
2011-08-11,1.39332,1.40166,1.37401,1.37549,392750.0
2011-08-12,1.3756,1.38353,1.37303,1.37515,284783.0
2011-08-13,1.37515,1.37515,1.37515,1.37515,0.0
2011-08-14,1.37515,1.37675,1.37205,1.37205,8529.0
2011-08-15,1.37205,1.382,1.36944,1.37665,208159.0
2011-08-16,1.37665,1.38173,1.37188,1.37301,257088.0
2011-08-17,1.37301,1.37677,1.36474,1.36689,230241.0
2011-08-18,1.36686,1.38427,1.36583,1.38397,276407.0
2011-08-19,1.38393,1.3871,1.37628,1.38301,248772.0
2011-08-20,1.38301,1.38301,1.38301,1.38301,0.0
2011-08-21,1.38301,1.38598,1.38301,1.38312,8720.0
2011-08-22,1.38312,1.38372,1.37638,1.38127,207686.0
2011-08-23,1.38122,1.38291,1.37006,1.37288,209530.0
2011-08-24,1.37287,1.37934,1.37181,1.37703,205563.0
2011-08-25,1.37703,1.38274,1.37177,1.37424,210157.0
2011-08-26,1.37424,1.37747,1.36095,1.36963,190670.0
2011-08-27,1.36963,1.36963,1.36963,1.36963,0.0
2011-08-28,1.36963,1.37149,1.36851,1.36931,9201.0
2011-08-29,1.36931,1.3708,1.35936,1.36062,159903.0
2011-08-30,1.36063,1.36186,1.34802,1.35201,182580.0
2011-08-31,1.35201,1.35456,1.34181,1.34441,167213.0
2011-09-01,1.34436,1.34706,1.32615,1.33099,177176.0
2011-09-02,1.33101,1.33583,1.32946,1.33403,176320.0
2011-09-03,1.33403,1.33403,1.33403,1.33403,0.0
2011-09-04,1.33403,1.33629,1.33334,1.3344,10579.0
2011-09-05,1.33437,1.33916,1.33298,1.33751,140757.0
2011-09-06,1.33751,1.34636,1.3293,1.33077,211838.0
2011-09-07,1.33077,1.33232,1.3205,1.32246,177336.0
2011-09-08,1.32251,1.32978,1.30973,1.31243,186369.0
2011-09-09,1.31243,1.31447,1.30288,1.30384,186987.0
2011-09-10,1.30384,1.30384,1.30384,1.30384,0.0
2011-09-11,1.30384,1.30597,1.29854,1.30554,13390.0
2011-09-12,1.3055,1.32349,1.30482,1.32023,233893.0
2011-09-13,1.32023,1.33025,1.31793,1.32574,225316.0
2011-09-14,1.32574,1.34339,1.32075,1.33856,232154.0
2011-09-15,1.33849,1.34796,1.33579,1.34305,208017.0
2011-09-16,1.3431,1.34504,1.32702,1.33096,173012.0
2011-09-17,1.33096,1.33096,1.33096,1.33096,0.0
2011-09-18,1.33096,1.33145,1.32593,1.32937,12824.0
2011-09-19,1.32938,1.34288,1.3282,1.33756,202510.0
2011-09-20,1.33758,1.33917,1.32834,1.33615,171956.0
2011-09-21,1.33621,1.35274,1.33029,1.3503,204664.0
2011-09-22,1.35023,1.38668,1.34793,1.37702,244408.0
2011-09-23,1.37702,1.38839,1.37194,1.37897,216043.0
2011-09-24,1.37897,1.37897,1.37897,1.37897,0.0
2011-09-25,1.37897,1.38285,1.37442,1.37566,14327.0
2011-09-26,1.37563,1.39039,1.37158,1.37707,259585.0
2011-09-27,1.37708,1.37898,1.36456,1.37173,232280.0
2011-09-28,1.37175,1.3922,1.37088,1.39169,209097.0
2011-09-29,1.39111,1.39642,1.38065,1.39061,201530.0
2011-09-30,1.39074,1.39162,1.37796,1.38483,172979.0
2011-10-01,1.38483,1.38483,1.38483,1.38483,0.0
2011-10-02,1.38045,1.38164,1.37789,1.38089,8153.0
2011-10-03,1.38076,1.38825,1.37546,1.38568,209040.0
2011-10-04,1.38559,1.40857,1.38515,1.39553,230469.0
2011-10-05,1.39557,1.39778,1.37975,1.38526,191965.0
2011-10-06,1.38503,1.38555,1.36523,1.3772,186244.0
2011-10-07,1.37729,1.37789,1.36474,1.36875,163772.0
2011-10-08,1.36875,1.36875,1.36875,1.36875,0.0
2011-10-09,1.36875,1.37363,1.36875,1.36917,6498.43
2011-10-10,1.36916,1.37133,1.36289,1.36697,195483.39
2011-10-11,1.36697,1.37349,1.36473,1.3715,211298.22
2011-10-12,1.3715,1.37752,1.35289,1.35806,217708.2
2011-10-13,1.35805,1.35805,1.34594,1.35215,219326.82
2011-10-14,1.35211,1.35275,1.34133,1.34168,182408.66
2011-10-15,1.34168,1.34168,1.34168,1.34168,0.0
2011-10-16,1.34168,1.34543,1.34168,1.34472,8881.35
2011-10-17,1.34472,1.35345,1.3393,1.34983,207648.91
2011-10-18,1.34983,1.35422,1.33693,1.34073,228620.29
2011-10-19,1.34076,1.34626,1.33689,1.34341,214159.82
2011-10-20,1.34343,1.34907,1.33886,1.3469,234532.34
2011-10-21,1.34693,1.3497,1.33846,1.33883,187231.95
2011-10-22,1.33883,1.33883,1.33883,1.33883,0.0
2011-10-23,1.33883,1.34328,1.33868,1.34075,9435.18
2011-10-24,1.34075,1.34164,1.32811,1.33072,190119.98
2011-10-25,1.33072,1.33446,1.32693,1.33361,184576.91
2011-10-26,1.33363,1.34683,1.33345,1.33469,181973.72
2011-10-27,1.3347,1.33894,1.31806,1.3252,214202.53
2011-10-28,1.32517,1.32958,1.32021,1.32164,171141.98
2011-10-29,1.32164,1.32164,1.32164,1.32164,0.0
2011-10-30,1.32164,1.3257,1.3195,1.32505,7538.84
2011-10-31,1.32505,1.33226,1.31143,1.31443,227641.05
2011-11-01,1.31443,1.32985,1.31105,1.32476,271803.38
2011-11-02,1.32477,1.33662,1.31945,1.33498,251985.25
2011-11-03,1.33502,1.33911,1.31719,1.32688,256426.29
2011-11-04,1.32687,1.33392,1.32433,1.32897,209380.89
2011-11-05,1.32897,1.32897,1.32897,1.32897,0.0
2011-11-06,1.32897,1.32918,1.32395,1.32582,7873.43
2011-11-07,1.32581,1.33396,1.32531,1.32781,227730.92
2011-11-08,1.32777,1.33678,1.32668,1.33212,226389.39
2011-11-09,1.33212,1.33873,1.32999,1.3342,265315.25
2011-11-10,1.3342,1.34541,1.33213,1.34043,251794.32
2011-11-11,1.34039,1.34646,1.33573,1.33663,166342.74
2011-11-12,1.33663,1.33663,1.33663,1.33663,0.0
2011-11-13,1.33663,1.33696,1.33277,1.33421,7052.22
2011-11-14,1.33421,1.33916,1.33302,1.33504,241934.17
2011-11-15,1.33508,1.3381,1.32822,1.33144,257874.04
2011-11-16,1.33147,1.33832,1.3302,1.33707,285158.17
2011-11-17,1.33706,1.34938,1.33425,1.34767,289516.59
2011-11-18,1.34767,1.3532,1.34418,1.35113,264185.44
2011-11-19,1.35113,1.35113,1.35113,1.35113,0.0
2011-11-20,1.35113,1.3561,1.34997,1.354,8887.13
2011-11-21,1.35402,1.37505,1.35366,1.36849,283731.59
2011-11-22,1.36849,1.37507,1.36574,1.37254,278555.05
2011-11-23,1.37253,1.38089,1.37212,1.37583,284890.27
2011-11-24,1.37589,1.37731,1.36856,1.37365,200527.48
2011-11-25,1.37365,1.37539,1.35826,1.36304,228420.17
2011-11-26,1.36304,1.36304,1.36304,1.36304,0.0
2011-11-27,1.36304,1.36304,1.3518,1.35392,13705.69
2011-11-28,1.35396,1.35549,1.34157,1.34375,287650.13
2011-11-29,1.34375,1.34725,1.32688,1.32999,285105.21
2011-11-30,1.32999,1.33563,1.30601,1.31099,288523.31
2011-12-01,1.31099,1.32306,1.31008,1.3174,270898.17
2011-12-02,1.3174,1.31883,1.30686,1.31093,237773.77
2011-12-03,1.31093,1.31093,1.31093,1.31093,0.0
2011-12-04,1.31093,1.31173,1.30731,1.31024,7673.83
2011-12-05,1.31024,1.31347,1.30245,1.30517,234509.92
2011-12-06,1.30517,1.31511,1.30475,1.3084,270265.61
2011-12-07,1.3084,1.30861,1.30194,1.30375,247022.63
2011-12-08,1.30375,1.31388,1.29616,1.3112,259952.28
2011-12-09,1.3112,1.32256,1.30771,1.30975,236303.62
2011-12-10,1.30975,1.30975,1.30975,1.30975,0.0
2011-12-11,1.30975,1.3111,1.30893,1.30999,7733.74
2011-12-12,1.30999,1.31555,1.30739,1.31113,263487.02
2011-12-13,1.31111,1.31215,1.29652,1.30346,283671.38
2011-12-14,1.30345,1.31234,1.29959,1.31125,269205.19
2011-12-15,1.3113,1.31649,1.3049,1.31098,245820.19
2011-12-16,1.31095,1.31098,1.30122,1.30671,221476.79
2011-12-17,1.30671,1.30671,1.30671,1.30671,0.0
2011-12-18,1.30671,1.30906,1.30499,1.30849,5774.66
2011-12-19,1.30849,1.31501,1.30709,1.31137,214324.74
2011-12-20,1.31137,1.31217,1.2972,1.29849,201888.68
2011-12-21,1.29849,1.29975,1.28637,1.29459,217008.94
2011-12-22,1.29459,1.29576,1.28532,1.28814,182680.26
2011-12-23,1.28814,1.28938,1.28358,1.28503,124273.55
2011-12-24,1.28503,1.28503,1.28503,1.28503,0.0
2011-12-25,1.28503,1.28656,1.28185,1.28338,976.72
2011-12-26,1.28353,1.28692,1.28284,1.28435,20158.22
2011-12-27,1.28433,1.28853,1.28411,1.28786,105508.91
2011-12-28,1.28785,1.28795,1.27709,1.28256,157039.51
2011-12-29,1.28258,1.28399,1.27578,1.2773,184182.18
2011-12-30,1.27729,1.27741,1.26306,1.27029,132276.59
2011-12-31,1.27029,1.27029,1.27029,1.27029,0.0
2012-01-01,1.27029,1.27029,1.26448,1.26562,1189.12
2012-01-02,1.26539,1.27044,1.26147,1.26184,34565.43
2012-01-03,1.26184,1.2631,1.25673,1.2588,191229.98
2012-01-04,1.2588,1.262,1.24751,1.25033,223741.43
2012-01-05,1.25033,1.25456,1.2445,1.24776,220470.95
2012-01-06,1.24781,1.2507,1.24198,1.2434,194495.99
2012-01-07,1.2434,1.2434,1.2434,1.2434,0.0
2012-01-08,1.2434,1.24478,1.24239,1.24297,12095.08
2012-01-09,1.24298,1.25047,1.24296,1.24575,230865.8
2012-01-10,1.24575,1.24584,1.23611,1.23838,219963.49
2012-01-11,1.23832,1.2406,1.2314,1.23314,218408.63
2012-01-12,1.23314,1.24403,1.2299,1.24058,216068.34
2012-01-13,1.24056,1.2447,1.22628,1.228,228406.93
2012-01-14,1.228,1.228,1.228,1.228,0.0
2012-01-15,1.228,1.23064,1.22625,1.23022,9259.42
2012-01-16,1.23021,1.23266,1.22614,1.22721,189500.8
2012-01-17,1.2272,1.22914,1.22273,1.22752,254595.51
2012-01-18,1.22752,1.23735,1.22672,1.23488,270583.15
2012-01-19,1.23488,1.24529,1.2334,1.24461,258584.75
2012-01-20,1.24461,1.24637,1.23283,1.23297,213948.0
2012-01-21,1.23297,1.23297,1.23297,1.23297,0.0
2012-01-22,1.23297,1.23297,1.22727,1.23112,7527.33
2012-01-23,1.23112,1.23794,1.22791,1.23701,198308.26
2012-01-24,1.23704,1.24535,1.23604,1.24376,198593.75
2012-01-25,1.24374,1.24783,1.23478,1.23734,218137.67
2012-01-26,1.23733,1.23744,1.23132,1.23342,208914.56
2012-01-27,1.23338,1.2409,1.22944,1.24019,202173.3
2012-01-28,1.24019,1.24019,1.24019,1.24019,0.0
2012-01-29,1.24019,1.24306,1.24019,1.24176,6786.74
2012-01-30,1.24176,1.24767,1.23781,1.24091,225348.51
2012-01-31,1.24091,1.24169,1.23096,1.23273,233901.21
2012-02-01,1.23273,1.23407,1.22723,1.22883,226907.15
2012-02-02,1.22883,1.23009,1.22339,1.22732,209073.76
2012-02-03,1.22731,1.23194,1.21673,1.22118,203715.38
2012-02-04,1.22118,1.22118,1.22118,1.22118,0.0
2012-02-05,1.22118,1.22167,1.21861,1.2206,9087.99
2012-02-06,1.2206,1.22497,1.21803,1.22357,216205.05
2012-02-07,1.22357,1.22831,1.21323,1.2272,246078.94
2012-02-08,1.22718,1.23016,1.22302,1.22811,233906.43
2012-02-09,1.22809,1.23332,1.22727,1.23288,269566.36
2012-02-10,1.2329,1.2419,1.23214,1.2363,251839.58
2012-02-11,1.2363,1.2363,1.2363,1.2363,0.0
2012-02-12,1.2363,1.23757,1.23502,1.23621,16692.45
2012-02-13,1.23621,1.23661,1.22779,1.22889,268759.66
2012-02-14,1.22887,1.23319,1.22667,1.22686,300002.08
2012-02-15,1.22685,1.22902,1.2176,1.22171,313243.68
2012-02-16,1.22171,1.22269,1.21483,1.22101,301410.03
2012-02-17,1.22102,1.23036,1.21633,1.22701,246831.95
2012-02-18,1.22701,1.22701,1.22701,1.22701,0.0
2012-02-19,1.22701,1.22701,1.22277,1.22443,16967.93
2012-02-20,1.22441,1.23327,1.22374,1.2315,189265.19
2012-02-21,1.2315,1.24307,1.23131,1.24119,277772.94
2012-02-22,1.24122,1.24778,1.23915,1.2465,255158.44
2012-02-23,1.2465,1.24993,1.24116,1.2466,239861.77
2012-02-24,1.24661,1.25916,1.2438,1.2571,209289.77
2012-02-25,1.2571,1.2571,1.2571,1.2571,0.0
2012-02-26,1.2571,1.26017,1.2563,1.2593,11925.87
2012-02-27,1.25927,1.26175,1.24271,1.2462,249347.89
2012-02-28,1.24619,1.2524,1.24506,1.24804,246385.12
2012-02-29,1.248,1.24893,1.237,1.24024,265166.12
2012-03-01,1.24022,1.24263,1.23095,1.23274,250503.33
2012-03-02,1.23274,1.23451,1.22608,1.22955,221136.66
2012-03-03,1.22955,1.22955,1.22955,1.22955,0.0
2012-03-04,1.22955,1.23031,1.22794,1.22986,8022.66
2012-03-05,1.2299,1.24081,1.22951,1.23868,239508.0
2012-03-06,1.23866,1.24535,1.23692,1.24169,264960.58
2012-03-07,1.24174,1.24852,1.241,1.24355,231912.15
2012-03-08,1.24353,1.25195,1.23907,1.24675,237884.57
2012-03-09,1.24675,1.249,1.23489,1.24069,212439.36
2012-03-10,1.24069,1.24069,1.24069,1.24069,0.0
2012-03-11,1.24069,1.24256,1.23935,1.24241,7509.45
2012-03-12,1.24239,1.25459,1.24194,1.25049,218098.29
2012-03-13,1.25049,1.25199,1.2393,1.2408,241048.08
2012-03-14,1.2408,1.24871,1.23865,1.2472,236252.96
2012-03-15,1.2472,1.24866,1.24,1.24321,237787.01
2012-03-16,1.24321,1.24564,1.23914,1.24357,196143.48
2012-03-17,1.24357,1.24357,1.24357,1.24357,0.0
2012-03-18,1.24357,1.24479,1.2416,1.24286,9194.36
2012-03-19,1.24284,1.24957,1.2404,1.24828,185676.66
2012-03-20,1.24831,1.264,1.24625,1.2626,228993.76
2012-03-21,1.2626,1.26874,1.26115,1.26368,235493.13
2012-03-22,1.26361,1.27404,1.26317,1.26966,272670.04
2012-03-23,1.26966,1.27566,1.26541,1.26744,230628.52
2012-03-24,1.26744,1.26744,1.26744,1.26744,0.0
2012-03-25,1.26744,1.26829,1.26533,1.26651,9263.08
2012-03-26,1.26655,1.27034,1.26227,1.26867,240117.27
2012-03-27,1.26867,1.27652,1.26598,1.27637,228929.93
2012-03-28,1.27638,1.28426,1.27618,1.28225,255602.14
2012-03-29,1.28226,1.28705,1.28002,1.28334,255995.63
2012-03-30,1.28334,1.28972,1.2819,1.28952,205375.43
2012-03-31,1.28952,1.28952,1.28952,1.28952,0.0
2012-04-01,1.28952,1.28952,1.27766,1.28105,14069.69
2012-04-02,1.28105,1.28651,1.27604,1.27844,218516.39
2012-04-03,1.27843,1.28775,1.27409,1.28298,251956.2
2012-04-04,1.28301,1.28698,1.27707,1.27853,234800.0
2012-04-05,1.27858,1.28147,1.2659,1.26884,183902.98
2012-04-06,1.26884,1.27434,1.26401,1.26923,79326.73
2012-04-07,1.26923,1.26923,1.26923,1.26923,0.0
2012-04-09,1.27126,1.27315,1.26655,1.27179,80020.92
2012-04-10,1.2718,1.27807,1.26894,1.27804,232914.3
2012-04-11,1.27798,1.2783,1.27055,1.27127,201376.25
2012-04-12,1.27127,1.2723,1.26118,1.2636,204221.46
2012-04-13,1.26361,1.26867,1.25902,1.26044,181644.46
2012-04-14,1.26044,1.26044,1.26044,1.26044,0.0
2012-04-15,1.26044,1.2622,1.25871,1.26143,12308.75
2012-04-16,1.26143,1.26903,1.2571,1.26799,217281.83
2012-04-17,1.26797,1.27181,1.26002,1.26222,189207.94
2012-04-18,1.26221,1.26772,1.25995,1.26489,193029.9
2012-04-19,1.26495,1.27296,1.26428,1.27044,201909.19
2012-04-20,1.27044,1.27655,1.27044,1.27272,172491.94
2012-04-21,1.27272,1.27272,1.27272,1.27272,0.0
2012-04-22,1.27272,1.27328,1.27047,1.27204,8590.59
2012-04-23,1.27206,1.27837,1.27194,1.27565,181722.77
2012-04-24,1.27565,1.28356,1.27373,1.27681,197705.83
2012-04-25,1.27685,1.28033,1.27417,1.27688,176531.49
2012-04-26,1.27694,1.27749,1.27103,1.27216,171273.69
2012-04-27,1.27221,1.27326,1.26464,1.26546,158689.16
2012-04-28,1.26546,1.26546,1.26546,1.26546,0.0
2012-04-29,1.26546,1.2668,1.2645,1.2664,6745.74
2012-04-30,1.26643,1.27154,1.26642,1.27001,140872.57
2012-05-01,1.27,1.2867,1.26955,1.28057,111957.99
2012-05-02,1.28057,1.28082,1.2711,1.27558,173735.18
2012-05-03,1.27559,1.2835,1.27419,1.28134,154337.01
2012-05-04,1.28142,1.29199,1.28004,1.28435,162849.2
2012-05-05,1.28435,1.28435,1.28435,1.28435,0.0
2012-05-06,1.28435,1.28435,1.28039,1.28056,22637.57
2012-05-07,1.28052,1.28333,1.27726,1.27849,163581.32
2012-05-08,1.27847,1.28766,1.27817,1.2864,184196.71
2012-05-09,1.28641,1.29034,1.28514,1.28659,230933.36
2012-05-10,1.28661,1.28719,1.27821,1.28569,217842.25
2012-05-11,1.28569,1.28997,1.28292,1.28884,196491.92
2012-05-12,1.28884,1.28884,1.28884,1.28884,0.0
2012-05-13,1.28884,1.28884,1.2862,1.28697,16701.96
2012-05-14,1.28697,1.29153,1.28448,1.28658,194641.33
2012-05-15,1.28663,1.28848,1.27843,1.28057,205834.74
2012-05-16,1.28059,1.28572,1.27853,1.28194,231905.16
2012-05-17,1.28195,1.28442,1.27718,1.28336,223294.37
2012-05-18,1.28337,1.30289,1.28336,1.29761,230266.85
2012-05-19,1.29761,1.29761,1.29761,1.29761,0.0
2012-05-20,1.29761,1.30078,1.29647,1.29823,14064.59
2012-05-21,1.29825,1.29943,1.2918,1.29209,209258.95
2012-05-22,1.29209,1.29625,1.28815,1.29589,217068.52
2012-05-23,1.29594,1.29925,1.28803,1.29114,256475.41
2012-05-24,1.29122,1.29165,1.28264,1.28362,241853.34
2012-05-25,1.28365,1.28745,1.27944,1.28235,193327.34
2012-05-26,1.28235,1.28235,1.28235,1.28235,0.0
2012-05-27,1.28235,1.28282,1.27891,1.28039,15243.27
2012-05-28,1.28039,1.2804,1.2719,1.27549,157566.59
2012-05-29,1.27547,1.27652,1.26833,1.26959,222326.44
2012-05-30,1.26962,1.27656,1.26899,1.2751,247254.21
2012-05-31,1.27508,1.27776,1.26666,1.27173,228981.45
2012-06-01,1.27171,1.28436,1.27072,1.28112,242100.24
2012-06-02,1.28112,1.28112,1.28112,1.28112,0.0
2012-06-03,1.28112,1.28616,1.27972,1.28574,17015.84
2012-06-04,1.2857,1.28715,1.27929,1.28452,194986.38
2012-06-05,1.28457,1.28715,1.27372,1.27486,229279.14
2012-06-06,1.27484,1.27574,1.26169,1.26889,243747.2
2012-06-07,1.26887,1.27189,1.25956,1.26798,232320.05
2012-06-08,1.26798,1.27193,1.25854,1.26177,220518.02
2012-06-09,1.26177,1.26177,1.26177,1.26177,0.0
2012-06-10,1.26177,1.2681,1.26177,1.26634,18013.76
2012-06-11,1.26634,1.26705,1.25873,1.26335,226272.47
2012-06-12,1.26335,1.26475,1.25487,1.25673,233385.93
2012-06-13,1.25672,1.26501,1.25485,1.2637,224356.62
2012-06-14,1.26364,1.26547,1.25919,1.2614,222752.69
2012-06-15,1.26137,1.26229,1.25243,1.25301,192056.57
2012-06-16,1.25301,1.25301,1.25301,1.25301,0.0
2012-06-17,1.25301,1.25947,1.25301,1.25615,17287.96
2012-06-18,1.25612,1.25722,1.23945,1.24565,222283.64
2012-06-19,1.24568,1.24816,1.24059,1.24574,220269.63
2012-06-20,1.24574,1.2489,1.24328,1.24378,220215.63
2012-06-21,1.24377,1.25114,1.24311,1.24948,238171.87
2012-06-22,1.24948,1.25276,1.24633,1.24814,189972.27
2012-06-23,1.24814,1.24814,1.24814,1.24814,0.0
2012-06-24,1.24814,1.24981,1.24814,1.2489,8951.49
2012-06-25,1.24889,1.25164,1.24682,1.2487,184936.31
2012-06-26,1.2487,1.24896,1.2394,1.24257,196856.95
2012-06-27,1.24262,1.24357,1.23584,1.23775,177121.59
2012-06-28,1.23775,1.24184,1.23266,1.24006,226508.58
2012-06-29,1.24003,1.24387,1.23357,1.23667,249618.02
2012-06-30,1.23667,1.23667,1.23667,1.23667,0.0
2012-07-01,1.23484,1.23625,1.23411,1.23605,10648.09
2012-07-02,1.23606,1.2362,1.22611,1.22892,195685.25
2012-07-03,1.22892,1.22975,1.2244,1.22555,168040.2
2012-07-04,1.22555,1.22572,1.21689,1.21918,152092.69
2012-07-05,1.21918,1.22277,1.20215,1.20526,211810.58
2012-07-06,1.20529,1.20858,1.20087,1.20289,196565.47
2012-07-07,1.20289,1.20289,1.20289,1.20289,0.0
2012-07-08,1.20289,1.20489,1.20101,1.20343,15186.56
2012-07-09,1.20343,1.20968,1.20297,1.20685,181394.86
2012-07-10,1.20692,1.20939,1.1987,1.20298,197150.76
2012-07-11,1.20299,1.2037,1.19345,1.19474,185192.54
2012-07-12,1.19474,1.20605,1.19366,1.20309,197435.25
2012-07-13,1.20309,1.20477,1.19593,1.19753,176669.95
2012-07-14,1.19753,1.19753,1.19753,1.19753,0.0
2012-07-15,1.19753,1.19753,1.19539,1.19655,8876.91
2012-07-16,1.19655,1.1994,1.19248,1.19771,151537.72
2012-07-17,1.19771,1.1984,1.18918,1.19181,189454.24
2012-07-18,1.19179,1.19395,1.18339,1.1849,192351.34
2012-07-19,1.1849,1.18546,1.17425,1.17777,198019.85
2012-07-20,1.17777,1.17907,1.17039,1.17127,179800.68
2012-07-21,1.17127,1.17127,1.17127,1.17127,0.0
2012-07-22,1.17127,1.17314,1.16941,1.17306,13219.8
2012-07-23,1.17306,1.18243,1.1729,1.18047,216741.9
2012-07-24,1.18046,1.18162,1.17369,1.18079,226750.83
2012-07-25,1.18079,1.18489,1.17639,1.17844,229686.43
2012-07-26,1.17841,1.18443,1.17392,1.18132,211898.26
2012-07-27,1.18132,1.18561,1.17334,1.17465,234897.41
2012-07-28,1.17465,1.17465,1.17465,1.17465,0.0
2012-07-29,1.17465,1.17659,1.17357,1.17576,9087.26
2012-07-30,1.17576,1.17599,1.16522,1.16791,185929.76
2012-07-31,1.16793,1.17326,1.1645,1.17265,215041.45
2012-08-01,1.17267,1.17358,1.16789,1.16908,209273.56
2012-08-02,1.16908,1.17094,1.16046,1.16465,197534.79
2012-08-03,1.16467,1.17339,1.16102,1.17177,194376.48
2012-08-04,1.17177,1.17177,1.17177,1.17177,0.0
2012-08-05,1.17177,1.17748,1.17131,1.17689,14126.97
2012-08-06,1.17686,1.17695,1.17047,1.17295,177023.38
2012-08-07,1.17293,1.17693,1.16957,1.17559,179948.98
2012-08-08,1.17557,1.17591,1.16793,1.17209,180092.4
2012-08-09,1.17208,1.17218,1.1611,1.16271,185212.52
2012-08-10,1.1627,1.16911,1.16133,1.16153,157089.01
2012-08-11,1.16153,1.16153,1.16153,1.16153,0.0
2012-08-12,1.16153,1.16463,1.16153,1.16317,6349.51
2012-08-13,1.16316,1.1755,1.16261,1.17249,164179.63
2012-08-14,1.17249,1.17683,1.17197,1.17515,164192.02
2012-08-15,1.17514,1.17909,1.16802,1.17088,133371.33
2012-08-16,1.17085,1.17796,1.16887,1.17414,155039.41
2012-08-17,1.17413,1.18497,1.17391,1.18293,149389.32
2012-08-18,1.18293,1.18293,1.18293,1.18293,0.0
2012-08-19,1.18293,1.18384,1.18154,1.18167,5586.4
2012-08-20,1.1817,1.18347,1.17755,1.18193,147565.69
2012-08-21,1.18193,1.19199,1.17777,1.19178,155467.35
2012-08-22,1.19178,1.19601,1.19114,1.19273,193274.98
2012-08-23,1.19273,1.20471,1.19016,1.20376,203992.21
2012-08-24,1.20377,1.20703,1.20124,1.20207,175443.83
2012-08-25,1.20207,1.20207,1.20207,1.20207,0.0
2012-08-26,1.20207,1.20234,1.19943,1.20204,8301.26
2012-08-27,1.20203,1.20684,1.20117,1.20637,129219.07
2012-08-28,1.20637,1.21248,1.2031,1.21171,166931.97
2012-08-29,1.21172,1.21313,1.20705,1.21192,150150.73
2012-08-30,1.21192,1.21695,1.21154,1.21693,161071.19
2012-08-31,1.21691,1.22306,1.21303,1.21789,175844.16
2012-09-01,1.21789,1.21789,1.21789,1.21789,0.0
2012-09-02,1.21789,1.22411,1.21789,1.22409,7781.79
2012-09-03,1.22409,1.23073,1.22319,1.22911,123418.24
2012-09-04,1.22911,1.23285,1.22616,1.22793,180440.92
2012-09-05,1.2279,1.2391,1.22631,1.2365,193568.87
2012-09-06,1.2365,1.23849,1.22561,1.22839,195967.69
2012-09-07,1.22838,1.23417,1.22319,1.23345,181201.01
2012-09-08,1.23345,1.23345,1.23345,1.23345,0.0
2012-09-09,1.23345,1.23567,1.23319,1.23483,7827.48
2012-09-10,1.23482,1.23646,1.23164,1.23505,164576.13
2012-09-11,1.23504,1.23805,1.22824,1.23232,190773.45
2012-09-12,1.23232,1.23404,1.2255,1.23324,204059.81
2012-09-13,1.23323,1.23786,1.22913,1.23299,201134.62
2012-09-14,1.23298,1.24507,1.22938,1.24401,213116.43
2012-09-15,1.24401,1.24401,1.24401,1.24401,0.0
2012-09-16,1.24401,1.24496,1.24248,1.24465,8495.05
2012-09-17,1.24467,1.25371,1.24343,1.25125,172713.61
2012-09-18,1.25123,1.25524,1.24724,1.24809,183326.33
2012-09-19,1.24811,1.25198,1.2442,1.24699,186767.84
2012-09-20,1.24697,1.251,1.24095,1.24337,199471.52
2012-09-21,1.24338,1.24368,1.23548,1.24043,176484.31
2012-09-22,1.24043,1.24043,1.24043,1.24043,0.0
2012-09-23,1.24043,1.24324,1.24043,1.24261,6730.99
2012-09-24,1.24261,1.24456,1.23858,1.24171,152004.13
2012-09-25,1.24171,1.24494,1.23652,1.24473,178195.42
2012-09-26,1.24473,1.24596,1.23991,1.2416,171152.19
2012-09-27,1.24162,1.24201,1.23283,1.23708,162532.81
2012-09-28,1.23708,1.24223,1.23527,1.23813,169185.82
2012-09-29,1.23813,1.23813,1.23813,1.23813,0.0
2012-09-30,1.23813,1.24101,1.23657,1.23707,11366.64
2012-10-01,1.23709,1.24529,1.23653,1.2439,168263.73
2012-10-02,1.2439,1.26018,1.2428,1.25906,180457.24
2012-10-03,1.25906,1.26642,1.25881,1.26312,182666.9
2012-10-04,1.26312,1.27177,1.26271,1.27074,185834.85
2012-10-05,1.27074,1.28233,1.26683,1.27895,155431.44
2012-10-06,1.27895,1.27895,1.27895,1.27895,0.0
2012-10-07,1.27895,1.28234,1.27895,1.27955,7480.66
2012-10-08,1.27956,1.28022,1.26943,1.27029,149870.37
2012-10-09,1.27029,1.27055,1.2602,1.26206,188737.14
2012-10-10,1.26206,1.26248,1.25604,1.25796,184488.49
2012-10-11,1.25801,1.26147,1.25068,1.26077,183035.78
2012-10-12,1.26079,1.26793,1.25776,1.26603,162033.4
2012-10-13,1.26603,1.26603,1.26603,1.26603,0.0
2012-10-14,1.26603,1.26657,1.26279,1.26519,9183.01
2012-10-15,1.26519,1.26718,1.2615,1.26326,167120.31
2012-10-16,1.26327,1.27308,1.26198,1.2715,184387.53
2012-10-17,1.2715,1.27163,1.26285,1.26338,179276.81
2012-10-18,1.26339,1.2642,1.2592,1.25969,183681.46
2012-10-19,1.2597,1.26257,1.25813,1.25995,148102.36
2012-10-20,1.25995,1.25995,1.25995,1.25995,0.0
2012-10-21,1.25995,1.26384,1.25995,1.26358,6961.96
2012-10-22,1.26358,1.26693,1.26273,1.26456,153312.99
2012-10-23,1.26456,1.26715,1.26187,1.26345,168487.39
2012-10-24,1.26347,1.26361,1.2504,1.25322,180226.89
2012-10-25,1.25324,1.25406,1.2485,1.24979,175600.15
2012-10-26,1.24979,1.25486,1.24575,1.24693,166456.8
2012-10-27,1.24693,1.24693,1.24693,1.24693,0.0
2012-10-28,1.24693,1.24936,1.24693,1.24825,6807.82
2012-10-29,1.24825,1.24964,1.24513,1.2483,113019.09
2012-10-30,1.24828,1.25216,1.24534,1.25059,120452.1
2012-10-31,1.25068,1.25336,1.24729,1.24982,155895.69
2012-11-01,1.24983,1.25082,1.24241,1.24322,147166.54
2012-11-02,1.24324,1.24427,1.23588,1.24101,141974.4
2012-11-03,1.24101,1.24101,1.24101,1.24101,0.0
2012-11-04,1.24101,1.24101,1.23908,1.23993,5098.84
2012-11-05,1.23994,1.24078,1.23278,1.23297,122854.91
2012-11-06,1.233,1.23356,1.22422,1.22784,142179.15
2012-11-07,1.22784,1.23181,1.22161,1.22597,196751.05
2012-11-08,1.22602,1.22697,1.21951,1.22511,159567.95
2012-11-09,1.22508,1.22684,1.22228,1.2235,163575.84
2012-11-10,1.2235,1.2235,1.2235,1.2235,0.0
2012-11-11,1.2235,1.22523,1.22211,1.22373,5578.88
2012-11-12,1.22375,1.22445,1.21728,1.21875,97419.08
2012-11-13,1.21871,1.22126,1.21586,1.21683,146160.31
2012-11-14,1.21683,1.22902,1.21599,1.22807,146447.75
2012-11-15,1.22807,1.23979,1.22641,1.23628,152245.26
2012-11-16,1.23626,1.23775,1.23079,1.23196,144497.76
2012-11-17,1.23196,1.23196,1.23196,1.23196,0.0
2012-11-18,1.23196,1.23196,1.22981,1.23144,5045.18
2012-11-19,1.23145,1.23187,1.22654,1.22739,131557.83
2012-11-20,1.22744,1.23568,1.22578,1.23331,136627.45
2012-11-21,1.23333,1.24002,1.23017,1.23895,145484.48
2012-11-22,1.23895,1.24265,1.23558,1.24035,111749.61
2012-11-23,1.24032,1.24218,1.23775,1.23949,120305.9
2012-11-24,1.23949,1.23949,1.23949,1.23949,0.0
2012-11-25,1.23949,1.24067,1.23908,1.24048,4542.58
2012-11-26,1.24046,1.24191,1.23848,1.24028,123116.3
2012-11-27,1.24035,1.24071,1.23483,1.23877,145918.04
2012-11-28,1.23877,1.23939,1.2335,1.23645,150360.84
2012-11-29,1.23645,1.24558,1.23567,1.24382,136588.17
2012-11-30,1.24384,1.24923,1.24367,1.24511,138405.09
2012-12-01,1.24511,1.24511,1.24511,1.24511,0.0
2012-12-02,1.24506,1.24689,1.24414,1.2464,4815.07
2012-12-03,1.24638,1.25443,1.24638,1.25214,136771.49
2012-12-04,1.25213,1.25322,1.24723,1.25049,136410.79
2012-12-05,1.25049,1.25293,1.24743,1.25131,139447.64
2012-12-06,1.25131,1.25193,1.2347,1.23748,159890.5
2012-12-07,1.23748,1.23804,1.23009,1.23202,122227.34
2012-12-08,1.23202,1.23202,1.23202,1.23202,0.0
2012-12-09,1.23202,1.23202,1.2286,1.23117,6899.42
2012-12-10,1.23119,1.2342,1.22949,1.23365,107970.25
2012-12-11,1.23365,1.23881,1.2336,1.23482,118596.77
2012-12-12,1.23482,1.2393,1.23324,1.23888,117683.24
2012-12-13,1.23885,1.24397,1.23717,1.24166,114254.02
2012-12-14,1.24167,1.24634,1.24022,1.24536,122497.57
2012-12-15,1.24536,1.24536,1.24536,1.24536,0.0
2012-12-16,1.24536,1.2506,1.24536,1.24751,8934.1
2012-12-17,1.24749,1.25012,1.24666,1.24807,104538.02
2012-12-18,1.24807,1.25839,1.24723,1.25768,112235.44
2012-12-19,1.25769,1.26805,1.25685,1.2612,132533.49
2012-12-20,1.26121,1.26819,1.259,1.26302,127836.49
2012-12-21,1.26304,1.26993,1.26189,1.26762,135716.19
2012-12-22,1.26762,1.26762,1.26762,1.26762,0.0
2012-12-23,1.26762,1.26796,1.26613,1.2679,5083.81
2012-12-24,1.26787,1.27362,1.26585,1.27109,82250.81
2012-12-25,1.27122,1.27286,1.26917,1.2704,12883.66
2012-12-26,1.2704,1.27826,1.2704,1.27618,91221.71
2012-12-27,1.27618,1.28058,1.27412,1.27762,115999.87
2012-12-28,1.2776,1.27806,1.26758,1.27381,105143.51
2012-12-29,1.27381,1.27381,1.27381,1.27381,0.0
2012-12-30,1.27381,1.27537,1.2721,1.27275,6018.21
2012-12-31,1.27279,1.27523,1.26773,1.26874,101550.22
2013-01-01,1.26874,1.2725,1.26861,1.26998,6065.79
2013-01-02,1.26996,1.27094,1.25444,1.25644,174613.5
2013-01-03,1.25645,1.25683,1.24425,1.24634,148871.77
2013-01-04,1.24637,1.25153,1.24526,1.24679,145488.51
2013-01-05,1.24679,1.24679,1.24679,1.24679,0.0
2013-01-06,1.24679,1.24743,1.24385,1.24496,7407.07
2013-01-07,1.24498,1.25078,1.24062,1.24844,131878.86
2013-01-08,1.24843,1.25283,1.24388,1.24442,135261.42
2013-01-09,1.24442,1.24658,1.23839,1.24252,141841.63
2013-01-10,1.24253,1.25466,1.23567,1.25452,160897.37
2013-01-11,1.25453,1.26748,1.25198,1.2662,156628.38
2013-01-12,1.2662,1.2662,1.2662,1.2662,0.0
2013-01-13,1.2662,1.26924,1.26563,1.26771,7066.33
2013-01-14,1.26767,1.27094,1.26235,1.2662,148842.33
2013-01-15,1.2662,1.26974,1.25689,1.25904,175953.46
2013-01-16,1.25904,1.26217,1.25595,1.2586,165662.92
2013-01-17,1.25861,1.27175,1.25757,1.2682,179730.98
2013-01-18,1.26821,1.27382,1.265,1.26702,171029.46
2013-01-19,1.26702,1.26702,1.26702,1.26702,0.0
2013-01-20,1.26702,1.26804,1.26619,1.26788,5257.29
2013-01-21,1.26787,1.26808,1.2639,1.26571,105881.36
2013-01-22,1.26571,1.26837,1.25683,1.26059,180913.18
2013-01-23,1.26059,1.265,1.25853,1.26299,157427.66
2013-01-24,1.263,1.28062,1.26213,1.27982,186534.27
2013-01-25,1.27984,1.29405,1.27774,1.29134,175252.75
2013-01-26,1.29134,1.29134,1.29134,1.29134,0.0
2013-01-27,1.29134,1.29342,1.29134,1.29332,1768.43
2013-01-28,1.29326,1.29583,1.2891,1.29026,124104.39
2013-01-29,1.29018,1.29069,1.28371,1.289,159474.62
2013-01-30,1.28899,1.30452,1.28727,1.30253,168279.34
2013-01-31,1.30253,1.30735,1.29891,1.30482,155582.83
2013-02-01,1.30482,1.31899,1.303,1.31039,140154.41
2013-02-02,1.31039,1.31039,1.31039,1.31039,0.0
2013-02-03,1.31039,1.31116,1.30887,1.30893,4861.43
2013-02-04,1.30799,1.31077,1.2932,1.2939,116663.39
2013-02-05,1.29389,1.3088,1.29014,1.30717,173506.85
2013-02-06,1.30716,1.31534,1.30564,1.31046,171481.86
2013-02-07,1.31046,1.3158,1.29589,1.30197,154171.54
2013-02-08,1.30199,1.30527,1.29326,1.29471,158635.86
2013-02-09,1.29471,1.29471,1.29471,1.29471,0.0
2013-02-10,1.29594,1.29695,1.29452,1.29513,5582.63
2013-02-11,1.29568,1.3076,1.29508,1.30619,136689.69
2013-02-12,1.30621,1.31449,1.30099,1.30122,152378.93
2013-02-13,1.30122,1.30901,1.2964,1.29818,156343.73
2013-02-14,1.29818,1.30015,1.28548,1.28987,171524.53
2013-02-15,1.2899,1.29823,1.28474,1.29626,171297.59
2013-02-16,1.29626,1.29626,1.29626,1.29626,0.0
2013-02-17,1.29626,1.29855,1.29505,1.29529,6229.81
2013-02-18,1.29529,1.29944,1.29343,1.29385,121882.69
2013-02-19,1.29384,1.29498,1.28797,1.29447,152636.76
2013-02-20,1.29447,1.30175,1.2934,1.29526,179939.4
2013-02-21,1.29526,1.29717,1.2791,1.28152,199549.57
2013-02-22,1.28154,1.28511,1.27431,1.27782,161244.86
2013-02-23,1.27782,1.27782,1.27782,1.27782,0.0
2013-02-24,1.27782,1.28453,1.27782,1.28096,8967.56
2013-02-25,1.28096,1.29138,1.2676,1.27223,203282.23
2013-02-26,1.27258,1.28098,1.26965,1.27675,203434.66
2013-02-27,1.27679,1.28744,1.27613,1.28597,195007.57
2013-02-28,1.28597,1.28915,1.27626,1.27824,187448.97
2013-03-01,1.27823,1.28054,1.27108,1.27613,197691.9
2013-03-02,1.27613,1.27613,1.27613,1.27613,0.0
2013-03-03,1.27613,1.27722,1.27498,1.27648,6579.44
2013-03-04,1.27648,1.28651,1.27631,1.27754,163476.68
2013-03-05,1.27752,1.27774,1.26993,1.27095,150951.32
2013-03-06,1.27099,1.27194,1.26512,1.26812,148675.12
2013-03-07,1.26812,1.27765,1.26686,1.27609,165064.9
2013-03-08,1.27611,1.27944,1.26582,1.27009,156559.84
2013-03-09,1.27009,1.27009,1.27009,1.27009,0.0
2013-03-10,1.27009,1.27332,1.27009,1.27154,9094.68
2013-03-11,1.27151,1.27299,1.26666,1.2681,130317.85
2013-03-12,1.26811,1.2685,1.26068,1.26165,170468.89
2013-03-13,1.26165,1.26518,1.25486,1.25817,168247.09
2013-03-14,1.25818,1.25858,1.24695,1.25349,180819.68
2013-03-15,1.25349,1.26225,1.25282,1.25598,153209.7
2013-03-16,1.25598,1.25598,1.25598,1.25598,0.0
2013-03-17,1.25598,1.25598,1.24351,1.24513,25606.64
2013-03-18,1.24512,1.25076,1.24264,1.24537,176489.44
2013-03-19,1.24538,1.24915,1.23958,1.24149,196476.2
2013-03-20,1.24149,1.24907,1.23983,1.24683,185288.13
2013-03-21,1.24683,1.2483,1.23413,1.23609,200214.6
2013-03-22,1.23609,1.24623,1.23474,1.24354,157203.33
2013-03-23,1.24354,1.24354,1.24354,1.24354,0.0
2013-03-24,1.24354,1.24765,1.23898,1.24592,16680.36
2013-03-25,1.24592,1.24942,1.22751,1.22893,191247.93
2013-03-26,1.22893,1.23144,1.22319,1.22774,160768.01
2013-03-27,1.22778,1.22827,1.22208,1.22256,158059.24
2013-03-28,1.22256,1.23308,1.22238,1.23013,151993.64
2013-03-29,1.23013,1.23283,1.22729,1.22953,58432.39
2013-03-30,1.22953,1.22953,1.22953,1.22953,0.0
2013-03-31,1.22953,1.23067,1.22844,1.22977,4136.94
2013-04-01,1.22976,1.23434,1.22845,1.23108,79210.06
2013-04-02,1.23106,1.23287,1.22471,1.22587,145051.38
2013-04-03,1.22587,1.22954,1.22188,1.22909,135853.0
2013-04-04,1.22906,1.24209,1.22353,1.23991,181193.04
2013-04-05,1.23992,1.25636,1.23715,1.25078,165510.66
2013-04-06,1.25078,1.25078,1.25078,1.25078,0.0
2013-04-07,1.25078,1.25517,1.25048,1.25482,14362.92
2013-04-08,1.25483,1.25536,1.24837,1.2504,139432.22
2013-04-09,1.25041,1.25354,1.2432,1.24719,163355.94
2013-04-10,1.24721,1.24861,1.23815,1.23863,152817.15
2013-04-11,1.23864,1.24472,1.2365,1.24372,164032.84
2013-04-12,1.24371,1.24914,1.23868,1.24737,152485.59
2013-04-13,1.24737,1.24737,1.24737,1.24737,0.0
2013-04-14,1.24737,1.24899,1.24537,1.2461,9876.02
2013-04-15,1.2461,1.26685,1.24495,1.26267,226549.98
2013-04-16,1.26268,1.27165,1.2594,1.26918,221839.74
2013-04-17,1.26917,1.27388,1.26225,1.26533,219390.28
2013-04-18,1.26534,1.27095,1.26204,1.26782,209722.53
2013-04-19,1.26791,1.27285,1.262,1.26976,173980.32
2013-04-20,1.26976,1.26976,1.26976,1.26976,0.0
2013-04-21,1.26976,1.27213,1.26976,1.27093,9036.13
2013-04-22,1.27092,1.27325,1.26842,1.27236,155788.74
2013-04-23,1.27232,1.27752,1.26521,1.26613,174328.91
2013-04-24,1.26661,1.27005,1.26223,1.26649,167415.77
2013-04-25,1.2665,1.26782,1.25992,1.26336,171789.44
2013-04-26,1.26337,1.26865,1.26095,1.26676,155161.09
2013-04-27,1.26676,1.26676,1.26676,1.26676,0.0
2013-04-28,1.26676,1.27,1.26676,1.26813,9211.73
2013-04-29,1.26814,1.26875,1.26414,1.26618,142012.37
2013-04-30,1.26619,1.27362,1.26113,1.26961,162561.03
2013-05-01,1.26961,1.28469,1.268,1.28162,159937.38
2013-05-02,1.28162,1.28879,1.27229,1.27421,189545.64
2013-05-03,1.27421,1.28198,1.26889,1.27087,146671.06
2013-05-04,1.27087,1.27087,1.27087,1.27087,0.0
2013-05-05,1.27087,1.27425,1.27087,1.27406,6774.4
2013-05-06,1.27406,1.28139,1.27352,1.276,118515.19
2013-05-07,1.276,1.29098,1.27545,1.28497,157777.93
2013-05-08,1.28497,1.29466,1.28421,1.29145,163012.98
2013-05-09,1.29146,1.29772,1.28353,1.29326,182148.29
2013-05-10,1.29326,1.30175,1.29155,1.29549,204545.54
2013-05-11,1.29549,1.29549,1.29549,1.29549,0.0
2013-05-12,1.29549,1.29911,1.29527,1.29868,11522.91
2013-05-13,1.29872,1.30499,1.29664,1.30254,179821.54
2013-05-14,1.30251,1.31188,1.29941,1.30582,209163.33
2013-05-15,1.30583,1.30846,1.29813,1.30151,204700.13
2013-05-16,1.30151,1.31382,1.29941,1.31118,210080.51
2013-05-17,1.31111,1.32242,1.31059,1.31908,184785.25
2013-05-18,1.31908,1.31908,1.31908,1.31908,0.0
2013-05-19,1.31908,1.31908,1.31375,1.31396,11976.84
2013-05-20,1.31396,1.31728,1.31145,1.3134,172998.05
2013-05-21,1.31339,1.3203,1.3104,1.31581,201576.26
2013-05-22,1.31583,1.3318,1.31538,1.32873,244996.66
2013-05-23,1.32878,1.33791,1.32387,1.33452,272878.75
2013-05-24,1.33452,1.34326,1.33177,1.33863,198229.3
2013-05-25,1.33863,1.33863,1.33863,1.33863,0.0
2013-05-26,1.33863,1.3443,1.33816,1.34258,14698.08
2013-05-27,1.3426,1.34515,1.33901,1.3432,120245.64
2013-05-28,1.34321,1.34448,1.33276,1.34176,222495.82
2013-05-29,1.34175,1.34802,1.34036,1.34394,225832.82
2013-05-30,1.34393,1.35362,1.33746,1.34892,237335.12
2013-05-31,1.34887,1.35909,1.34699,1.35708,205968.01
2013-06-01,1.35708,1.35708,1.35708,1.35708,0.0
2013-06-02,1.35708,1.35708,1.34948,1.35071,14438.78
2013-06-03,1.35071,1.35419,1.33693,1.34049,161672.03
2013-06-04,1.34048,1.35904,1.33944,1.35596,195562.4
2013-06-05,1.35602,1.37658,1.35505,1.3762,218335.14
2013-06-06,1.37621,1.38987,1.37475,1.38559,255210.98
2013-06-07,1.38557,1.40173,1.38496,1.39103,245987.38
2013-06-08,1.39103,1.39103,1.39103,1.39103,0.0
2013-06-09,1.39103,1.40444,1.39103,1.40125,15493.53
2013-06-10,1.40129,1.40748,1.39585,1.40593,201304.89
2013-06-11,1.40592,1.42364,1.40413,1.40783,268725.31
2013-06-12,1.40784,1.41201,1.38792,1.409,211796.41
2013-06-13,1.40899,1.41674,1.38324,1.38979,259481.38
2013-06-14,1.38979,1.39499,1.3811,1.39379,218415.88
2013-06-15,1.39379,1.39379,1.39379,1.39379,0.0
2013-06-16,1.39379,1.396,1.39338,1.396,10624.27
2013-06-17,1.396,1.40198,1.38244,1.39817,197907.86
2013-06-18,1.3982,1.41682,1.39546,1.41494,219424.65
2013-06-19,1.41494,1.43475,1.40071,1.43115,238981.89
2013-06-20,1.43117,1.4415,1.42674,1.43835,296096.56
2013-06-21,1.43835,1.43857,1.41985,1.42291,252046.84
2013-06-22,1.42291,1.42291,1.42291,1.42291,0.0
2013-06-23,1.42291,1.42291,1.41699,1.41778,16929.5
2013-06-24,1.41776,1.43146,1.41231,1.41593,291258.29
2013-06-25,1.41596,1.42543,1.41019,1.41393,258259.67
2013-06-26,1.41393,1.41614,1.39366,1.40124,245456.88
2013-06-27,1.40128,1.40932,1.39551,1.40736,223983.4
2013-06-28,1.40736,1.4268,1.40705,1.42295,232877.09
2013-06-29,1.42295,1.42295,1.42295,1.42295,0.0
2013-06-30,1.42295,1.42677,1.42216,1.4228,11828.36
2013-07-01,1.4228,1.425,1.41153,1.41371,202605.68
2013-07-02,1.41373,1.42716,1.41257,1.41958,230408.83
2013-07-03,1.41958,1.43951,1.41234,1.42819,254914.65
2013-07-04,1.42819,1.43195,1.40642,1.40873,213266.06
2013-07-05,1.40875,1.41797,1.40258,1.41482,201515.7
2013-07-06,1.41482,1.41482,1.41482,1.41482,0.0
2013-07-07,1.41482,1.41726,1.41453,1.41678,13434.57
2013-07-08,1.41676,1.41796,1.40746,1.41001,175225.11
2013-07-09,1.41006,1.41455,1.39046,1.3955,218463.25
2013-07-10,1.39547,1.42211,1.38628,1.42001,280389.57
2013-07-11,1.42008,1.43013,1.40744,1.42775,296709.01
2013-07-12,1.42775,1.4477,1.42344,1.44319,205244.75
2013-07-13,1.44319,1.44319,1.44319,1.44319,0.0
2013-07-14,1.44319,1.44319,1.43613,1.43728,10816.51
2013-07-15,1.43728,1.4417,1.43105,1.43636,196269.7
2013-07-16,1.43639,1.43644,1.41843,1.42185,226869.75
2013-07-17,1.42186,1.42956,1.41656,1.42008,221771.16
2013-07-18,1.42013,1.43308,1.41976,1.42792,201918.31
2013-07-19,1.42792,1.43325,1.42103,1.43218,185031.77
2013-07-20,1.43218,1.43218,1.43218,1.43218,0.0
2013-07-21,1.43218,1.43232,1.42682,1.42693,10026.38
2013-07-22,1.42694,1.43441,1.42274,1.42487,172068.54
2013-07-23,1.42486,1.42935,1.42112,1.42357,198354.3
2013-07-24,1.4236,1.44475,1.41853,1.44419,261204.75
2013-07-25,1.44419,1.44554,1.43179,1.43701,247074.38
2013-07-26,1.43704,1.43728,1.42909,1.43263,237124.92
2013-07-27,1.43263,1.43263,1.43263,1.43263,0.0
2013-07-28,1.43263,1.43582,1.43104,1.43564,9897.47
2013-07-29,1.43564,1.44507,1.4311,1.44148,189620.78
2013-07-30,1.44151,1.46548,1.44003,1.46228,207147.66
2013-07-31,1.46228,1.49028,1.46224,1.48569,233243.02
2013-08-01,1.48569,1.48629,1.47106,1.47797,190118.56
2013-08-02,1.47798,1.49389,1.47764,1.49097,182246.63
2013-08-03,1.49097,1.49097,1.49097,1.49097,0.0
2013-08-04,1.49097,1.49174,1.48833,1.491,10899.73
2013-08-05,1.49099,1.49932,1.483,1.48746,174850.62
2013-08-06,1.48746,1.48852,1.47368,1.48083,193943.98
2013-08-07,1.48083,1.48986,1.47702,1.48133,217634.68
2013-08-08,1.48126,1.48555,1.46668,1.46895,210311.92
2013-08-09,1.46895,1.47252,1.44779,1.45004,155229.31
2013-08-10,1.45004,1.45004,1.45004,1.45004,0.0
2013-08-11,1.45004,1.45341,1.44892,1.45341,7289.4
2013-08-12,1.4534,1.45871,1.44493,1.45855,152708.14
2013-08-13,1.45855,1.46057,1.45319,1.45803,185702.85
2013-08-14,1.45803,1.46004,1.44816,1.4503,158398.11
2013-08-15,1.4503,1.4628,1.44609,1.46175,185443.79
2013-08-16,1.46174,1.46189,1.44744,1.45074,145127.67
2013-08-17,1.45074,1.45074,1.45074,1.45074,0.0
2013-08-18,1.45074,1.45209,1.44649,1.44917,12474.86
2013-08-19,1.4492,1.4651,1.44427,1.46285,152648.95
2013-08-20,1.46285,1.48395,1.46179,1.48169,184566.54
2013-08-21,1.48169,1.48862,1.47879,1.48768,191673.88
2013-08-22,1.48769,1.49284,1.47529,1.48122,211959.78
2013-08-23,1.48122,1.48843,1.47676,1.48139,162751.0
2013-08-24,1.48139,1.48139,1.48139,1.48139,0.0
2013-08-25,1.48139,1.48395,1.48063,1.48286,7906.41
2013-08-26,1.48285,1.48543,1.47601,1.48469,116720.17
2013-08-27,1.48471,1.49971,1.48467,1.49711,176454.73
2013-08-28,1.49715,1.50302,1.48869,1.49051,169445.28
2013-08-29,1.49058,1.49083,1.4789,1.48304,165080.51
2013-08-30,1.48301,1.48565,1.4766,1.4848,141445.02
2013-08-31,1.4848,1.4848,1.4848,1.4848,0.0
2013-09-01,1.4848,1.4848,1.47657,1.47771,10216.12
2013-09-02,1.47774,1.47779,1.46386,1.46582,127254.77
2013-09-03,1.46583,1.46995,1.45082,1.45482,174038.01
2013-09-04,1.45482,1.45673,1.43458,1.43958,157163.11
2013-09-05,1.43958,1.44685,1.43544,1.43848,158952.66
2013-09-06,1.43847,1.43894,1.42599,1.4345,126237.23
2013-09-07,1.4345,1.4345,1.4345,1.4345,0.0
2013-09-08,1.4345,1.4345,1.42935,1.43313,7937.96
2013-09-09,1.43308,1.43858,1.43011,1.43604,131297.23
2013-09-10,1.4361,1.43612,1.42369,1.42663,150836.13
2013-09-11,1.4266,1.43013,1.4239,1.42649,151882.62
2013-09-12,1.42646,1.44011,1.42347,1.43541,169616.72
2013-09-13,1.43542,1.43924,1.43211,1.43736,132369.52
2013-09-14,1.43736,1.43736,1.43736,1.43736,0.0
2013-09-15,1.43736,1.43736,1.42278,1.43268,17786.83
2013-09-16,1.43269,1.43353,1.42185,1.43087,152493.7
2013-09-17,1.43087,1.43559,1.42586,1.428,123641.29
2013-09-18,1.42803,1.42989,1.41926,1.42423,162715.79
2013-09-19,1.42423,1.43453,1.4211,1.43288,184155.73
2013-09-20,1.43288,1.43971,1.4304,1.43894,125344.39
2013-09-21,1.43894,1.43894,1.43894,1.43894,0.0
2013-09-22,1.43894,1.44589,1.43894,1.4396,10158.25
2013-09-23,1.4396,1.44222,1.42727,1.43276,132697.21
2013-09-24,1.43276,1.43923,1.43264,1.43585,118850.06
2013-09-25,1.4359,1.44509,1.43499,1.44374,155399.1
2013-09-26,1.44379,1.4456,1.43643,1.44129,130296.24
2013-09-27,1.44131,1.45595,1.4386,1.45072,119753.07
2013-09-28,1.45072,1.45072,1.45072,1.45072,0.0
2013-09-29,1.45072,1.45296,1.44712,1.45116,14313.86
2013-09-30,1.45116,1.45391,1.44536,1.45051,141021.59
2013-10-01,1.45051,1.45515,1.43585,1.43957,164989.58
2013-10-02,1.4396,1.45431,1.43642,1.44806,160154.68
2013-10-03,1.44801,1.45463,1.44604,1.44906,151843.29
2013-10-04,1.44906,1.44911,1.4335,1.43737,118552.72
2013-10-05,1.43737,1.43737,1.43737,1.43737,0.0
2013-10-06,1.43737,1.43882,1.43688,1.43708,6642.29
2013-10-07,1.43708,1.44658,1.43557,1.43978,112992.61
2013-10-08,1.43978,1.44123,1.43074,1.4389,133511.05
2013-10-09,1.43891,1.44108,1.42749,1.43063,144323.01
2013-10-10,1.43059,1.43685,1.42699,1.4305,143940.01
2013-10-11,1.43053,1.43547,1.42735,1.42986,115103.34
2013-10-12,1.42986,1.42986,1.42986,1.42986,0.0
2013-10-13,1.42986,1.43841,1.42986,1.43486,7468.26
2013-10-14,1.43486,1.43675,1.42481,1.42503,101073.03
2013-10-15,1.425,1.42581,1.4142,1.41727,142379.25
2013-10-16,1.41723,1.42329,1.41408,1.41696,143218.28
2013-10-17,1.41696,1.42386,1.41566,1.4212,158649.71
2013-10-18,1.42125,1.42229,1.41339,1.41376,115454.26
2013-10-19,1.41376,1.41376,1.41376,1.41376,0.0
2013-10-20,1.41376,1.4163,1.41376,1.41613,6995.61
2013-10-21,1.41611,1.41789,1.41261,1.4165,105000.05
2013-10-22,1.41655,1.42109,1.41341,1.4201,123154.45
2013-10-23,1.4201,1.43406,1.4123,1.42893,185500.35
2013-10-24,1.42894,1.44114,1.42653,1.43503,154191.97
2013-10-25,1.43503,1.44194,1.4336,1.43943,126774.84
2013-10-26,1.43943,1.43943,1.43943,1.43943,0.0
2013-10-27,1.43943,1.44064,1.43803,1.43822,6053.79
2013-10-28,1.43822,1.4462,1.435,1.44475,112966.82
2013-10-29,1.44475,1.45301,1.44406,1.44977,159985.77
2013-10-30,1.44978,1.45253,1.44457,1.44964,148307.75
2013-10-31,1.44963,1.44984,1.43358,1.43487,163659.96
2013-11-01,1.43491,1.43614,1.42512,1.42823,135128.29
2013-11-02,1.42823,1.42823,1.42823,1.42823,0.0
2013-11-03,1.42823,1.4285,1.42486,1.42494,6215.06
2013-11-04,1.42494,1.42574,1.41924,1.4209,113007.97
2013-11-05,1.4209,1.42641,1.41457,1.41826,137681.75
2013-11-06,1.41825,1.42201,1.41602,1.41897,118574.74
2013-11-07,1.41897,1.42742,1.40504,1.41806,169075.14
2013-11-08,1.41805,1.42647,1.41441,1.42419,137193.09
2013-11-09,1.42419,1.42419,1.42419,1.42419,0.0
2013-11-10,1.42419,1.42462,1.42267,1.42424,5938.94
2013-11-11,1.42427,1.43458,1.42286,1.4317,98631.1
2013-11-12,1.43172,1.44842,1.43067,1.44451,141638.99
2013-11-13,1.44452,1.4479,1.439,1.44006,135838.93
2013-11-14,1.44006,1.44773,1.4369,1.44456,143906.48
2013-11-15,1.44454,1.44511,1.43795,1.43977,108877.97
2013-11-16,1.43977,1.43977,1.43977,1.43977,0.0
2013-11-17,1.43977,1.44034,1.43844,1.43897,4197.02
2013-11-18,1.43897,1.44171,1.43298,1.44125,127269.03
2013-11-19,1.44125,1.44337,1.43179,1.43661,150585.95
2013-11-20,1.43658,1.44489,1.43239,1.43941,181590.77
2013-11-21,1.43941,1.46217,1.43899,1.45965,186574.67
2013-11-22,1.45965,1.48063,1.45697,1.47759,121162.18
2013-11-23,1.47759,1.47759,1.47759,1.47759,0.0
2013-11-24,1.47759,1.47896,1.47639,1.47849,5970.35
2013-11-25,1.4785,1.48425,1.47076,1.47164,122810.2
2013-11-26,1.47162,1.48882,1.47119,1.48754,141777.19
2013-11-27,1.48753,1.49894,1.48589,1.49417,129659.01
2013-11-28,1.49417,1.5005,1.48492,1.49821,106336.84
2013-11-29,1.49821,1.50309,1.48941,1.49169,124082.61
2013-11-30,1.49169,1.49169,1.49169,1.49169,0.0
2013-12-01,1.49169,1.49169,1.48767,1.48935,5961.34
2013-12-02,1.48935,1.49163,1.47997,1.48557,151134.06
2013-12-03,1.4856,1.49443,1.48219,1.4883,177836.3
2013-12-04,1.48829,1.50875,1.48667,1.5042,215661.09
2013-12-05,1.50418,1.51468,1.50059,1.50776,174246.02
2013-12-06,1.50778,1.51614,1.50173,1.50521,118315.81
2013-12-07,1.50521,1.50521,1.50521,1.50521,0.0
2013-12-08,1.50521,1.50557,1.5023,1.50547,6590.75
2013-12-09,1.50546,1.51315,1.50159,1.51136,125718.33
2013-12-10,1.51136,1.51387,1.50195,1.50492,130700.17
2013-12-11,1.50493,1.52584,1.50281,1.52382,142279.55
2013-12-12,1.52382,1.54315,1.51794,1.54092,209971.11
2013-12-13,1.54092,1.5413,1.53118,1.53226,119967.39
2013-12-14,1.53226,1.53226,1.53226,1.53226,0.0
2013-12-15,1.53226,1.53528,1.53183,1.53474,3389.97
2013-12-16,1.53475,1.5442,1.53326,1.53906,120502.04
2013-12-17,1.53903,1.54816,1.53559,1.54353,113555.78
2013-12-18,1.54351,1.55761,1.54182,1.54696,143503.09
2013-12-19,1.54698,1.54772,1.53994,1.54096,128661.3
2013-12-20,1.54096,1.54182,1.53055,1.53191,117146.26
2013-12-21,1.53191,1.53191,1.53191,1.53191,0.0
2013-12-22,1.53191,1.53335,1.5313,1.53303,3042.74
2013-12-23,1.53299,1.53491,1.5287,1.53355,100122.66
2013-12-24,1.53353,1.5364,1.53054,1.53192,66174.99
2013-12-25,1.5319,1.53358,1.52997,1.53348,8979.54
2013-12-26,1.53347,1.54295,1.53263,1.5411,65744.34
2013-12-27,1.54114,1.55964,1.54016,1.54979,131687.03
2013-12-28,1.54979,1.54979,1.54979,1.54979,0.0
2013-12-29,1.54979,1.55566,1.54979,1.55313,5401.31
2013-12-30,1.55313,1.5554,1.54691,1.54748,115175.87
2013-12-31,1.54748,1.54946,1.53818,1.54154,77716.95
2014-01-01,1.54154,1.54873,1.54154,1.54778,5028.64
2014-01-02,1.54767,1.54883,1.52574,1.53438,146230.98
2014-01-03,1.53437,1.53674,1.5116,1.51829,155701.76
2014-01-04,1.51829,1.51829,1.51829,1.51829,0.0
2014-01-05,1.51829,1.51978,1.51632,1.51657,3850.87
2014-01-06,1.51658,1.52461,1.51273,1.51981,123569.27
2014-01-07,1.51981,1.53098,1.51957,1.52695,143833.83
2014-01-08,1.52698,1.52865,1.51978,1.52665,136740.42
2014-01-09,1.52663,1.53551,1.52269,1.52945,134661.72
2014-01-10,1.52945,1.53281,1.51731,1.51917,129193.55
2014-01-11,1.51917,1.51917,1.51917,1.51917,0.0
2014-01-12,1.51917,1.52123,1.51634,1.51724,5322.83
2014-01-13,1.51722,1.52029,1.50299,1.51063,127855.69
2014-01-14,1.51064,1.5275,1.50936,1.52518,125456.64
2014-01-15,1.52518,1.53244,1.52153,1.52723,126828.74
2014-01-16,1.52721,1.55073,1.52711,1.54358,141553.26
2014-01-17,1.54358,1.54827,1.54101,1.54143,102462.66
2014-01-18,1.54143,1.54143,1.54143,1.54143,0.0
2014-01-19,1.54143,1.54318,1.54076,1.54171,4849.94
2014-01-20,1.54172,1.54341,1.53616,1.53851,90271.28
2014-01-21,1.5385,1.54228,1.53365,1.54014,116366.01
2014-01-22,1.54014,1.54249,1.52363,1.53134,125369.86
2014-01-23,1.53135,1.5667,1.53083,1.56288,160717.25
2014-01-24,1.5629,1.58311,1.55965,1.57431,146495.21
2014-01-25,1.57431,1.57431,1.57431,1.57431,0.0
2014-01-26,1.57431,1.57492,1.57137,1.5741,8110.7
2014-01-27,1.57412,1.57718,1.56021,1.56611,126734.09
2014-01-28,1.56611,1.56615,1.54876,1.55412,129357.88
2014-01-29,1.55414,1.56538,1.54742,1.56129,150230.77
2014-01-30,1.56131,1.56733,1.53983,1.54128,141491.78
2014-01-31,1.54127,1.55895,1.53608,1.53975,140697.79
2014-02-01,1.53975,1.53975,1.53975,1.53975,0.0
2014-02-02,1.53975,1.54144,1.53768,1.54057,6997.06
2014-02-03,1.54055,1.5476,1.53037,1.54561,140098.19
2014-02-04,1.54566,1.54824,1.51119,1.51658,151887.04
2014-02-05,1.51655,1.5225,1.51129,1.51611,138864.35
2014-02-06,1.51612,1.51968,1.50233,1.51904,135676.38
2014-02-07,1.51903,1.5232,1.51139,1.5213,141508.17
2014-02-08,1.5213,1.5213,1.5213,1.5213,0.0
2014-02-09,1.5213,1.52327,1.52011,1.52245,4123.5
2014-02-10,1.52244,1.53185,1.52073,1.52536,100566.73
2014-02-11,1.52539,1.52541,1.50822,1.51195,131385.79
2014-02-12,1.51197,1.51372,1.49854,1.50586,113284.52
2014-02-13,1.50586,1.52789,1.50464,1.52249,121951.42
2014-02-14,1.52255,1.52451,1.51426,1.51524,104451.82
2014-02-15,1.51524,1.51524,1.51524,1.51524,0.0
2014-02-16,1.51524,1.51524,1.51194,1.51282,5372.06
2014-02-17,1.51282,1.51936,1.51248,1.51616,84238.37
2014-02-18,1.51618,1.52612,1.50851,1.52594,116154.99
2014-02-19,1.52594,1.53087,1.52024,1.52645,115758.86
2014-02-20,1.5265,1.53866,1.52057,1.52284,133980.59
2014-02-21,1.52284,1.53437,1.52165,1.52952,91759.99
2014-02-22,1.52952,1.52952,1.52952,1.52952,0.0
2014-02-23,1.52952,1.53274,1.52857,1.53014,5199.69
2014-02-24,1.53013,1.53654,1.51815,1.51996,107734.13
2014-02-25,1.51996,1.5276,1.51877,1.52539,103662.34
2014-02-26,1.52542,1.53203,1.52247,1.52633,119084.33
2014-02-27,1.52633,1.53558,1.52549,1.52966,120583.02
2014-02-28,1.52966,1.54924,1.52491,1.54504,122326.85
2014-03-01,1.54504,1.54504,1.54504,1.54504,0.0
2014-03-02,1.54504,1.54872,1.54504,1.54709,9221.62
2014-03-03,1.54711,1.54985,1.53612,1.53899,111065.07
2014-03-04,1.53904,1.54056,1.53061,1.53414,107313.79
2014-03-05,1.53415,1.53663,1.52703,1.52959,101900.77
2014-03-06,1.52956,1.52986,1.51481,1.52271,132284.46
2014-03-07,1.5227,1.53108,1.52018,1.52898,114117.9
2014-03-08,1.52898,1.52898,1.52898,1.52898,0.0
2014-03-09,1.52898,1.53536,1.52898,1.53236,6936.4
2014-03-10,1.53237,1.53977,1.53139,1.53811,104397.01
2014-03-11,1.5381,1.5471,1.53103,1.54571,110640.08
2014-03-12,1.54571,1.55369,1.54417,1.54518,106535.68
2014-03-13,1.54519,1.54535,1.53108,1.53576,137429.56
2014-03-14,1.53576,1.54352,1.53328,1.53943,100640.66
2014-03-15,1.53943,1.53943,1.53943,1.53943,0.0
2014-03-16,1.53943,1.54481,1.53943,1.5404,5917.82
2014-03-17,1.54041,1.54289,1.52813,1.53291,89728.98
2014-03-18,1.53291,1.53693,1.52111,1.52551,100485.4
2014-03-19,1.52551,1.53229,1.52501,1.53032,106132.91
2014-03-20,1.53031,1.53575,1.5222,1.52456,107386.93
2014-03-21,1.52458,1.52471,1.51579,1.51778,81093.06
2014-03-22,1.51778,1.51778,1.51778,1.51778,0.0
2014-03-23,1.51778,1.51778,1.51473,1.51723,5597.17
2014-03-24,1.51722,1.524,1.50864,1.51597,102055.66
2014-03-25,1.51599,1.51617,1.50348,1.50836,108698.34
2014-03-26,1.50836,1.50914,1.49176,1.49493,108999.64
2014-03-27,1.49491,1.49598,1.48234,1.48234,102585.42
2014-03-28,1.48232,1.4898,1.47792,1.48638,85281.62
2014-03-29,1.48638,1.48638,1.48638,1.48638,0.0
2014-03-30,1.48638,1.4895,1.4852,1.48535,5251.02
2014-03-31,1.48535,1.49573,1.48474,1.48608,89491.19
2014-04-01,1.48603,1.49482,1.48043,1.4931,82943.71
2014-04-02,1.4931,1.49647,1.48733,1.48877,73402.76
2014-04-03,1.48875,1.49479,1.48413,1.48622,92278.73
2014-04-04,1.4862,1.48624,1.46952,1.47421,81924.72
2014-04-05,1.47421,1.47421,1.47421,1.47421,0.0
2014-04-06,1.47421,1.47615,1.4741,1.47523,4450.39
2014-04-07,1.47527,1.48513,1.47372,1.483,83346.4
2014-04-08,1.483,1.48303,1.47315,1.47535,105863.76
2014-04-09,1.47536,1.47836,1.469,1.47724,98578.43
2014-04-10,1.47724,1.47789,1.46533,1.47774,106613.07
2014-04-11,1.47772,1.48358,1.47361,1.47711,88012.69
2014-04-12,1.47711,1.47711,1.47711,1.47711,0.0
2014-04-13,1.47711,1.47711,1.47348,1.47554,5644.52
2014-04-14,1.47554,1.47589,1.46607,1.46785,85389.62
2014-04-15,1.46785,1.47982,1.46703,1.47816,96955.16
2014-04-16,1.47826,1.48191,1.47174,1.47486,93924.06
2014-04-17,1.47486,1.48373,1.47293,1.48019,79835.46
2014-04-18,1.48019,1.48152,1.47892,1.47907,26995.02
2014-04-19,1.47907,1.47907,1.47907,1.47907,0.0
2014-04-20,1.47907,1.48066,1.47874,1.48016,3431.24
2014-04-21,1.48016,1.48236,1.47665,1.47713,45631.55
2014-04-22,1.47711,1.47775,1.47184,1.4734,81095.48
2014-04-23,1.47342,1.49288,1.47177,1.48755,108434.9
2014-04-24,1.48755,1.49444,1.48565,1.49226,92640.45
2014-04-25,1.49226,1.49422,1.48784,1.49105,70941.44
2014-04-26,1.49105,1.49105,1.49105,1.49105,0.0
2014-04-27,1.49105,1.49305,1.49105,1.49239,2535.55
2014-04-28,1.49238,1.49853,1.4855,1.49711,93758.55
2014-04-29,1.49711,1.5022,1.48868,1.48979,95617.92
2014-04-30,1.48979,1.49801,1.4828,1.49405,11122789.09
2014-05-01,1.49405,1.4981,1.49087,1.49541,4077836.83
2014-05-02,1.49545,1.50159,1.49332,1.49505,106353.39
2014-05-03,1.49505,1.49505,1.49505,1.49505,0.0
2014-05-04,1.49505,1.49584,1.49376,1.49567,3027.49
2014-05-05,1.49568,1.49954,1.4934,1.4945,31329439.27
2014-05-06,1.4945,1.49751,1.48617,1.48977,100644.4
2014-05-09,1.47745,1.47999,1.46891,1.46902,13589928.77
2014-05-11,1.4683,1.47053,1.46829,1.47045,3132.64
2014-05-13,1.46963,1.47497,1.46217,1.46388,98039.18
2014-05-15,1.46409,1.46926,1.45641,1.46614,23103756.09
2014-05-18,1.46068,1.46325,1.46059,1.46318,3582.91
2014-05-19,1.46318,1.47059,1.4628,1.46925,54175668.4
2014-05-20,1.46925,1.48416,1.46868,1.48415,41036130.0
2014-05-23,1.4798,1.48087,1.47441,1.47589,77738.57
2014-05-25,1.47432,1.476,1.47398,1.47507,4233.15
2014-05-26,1.47506,1.47763,1.47392,1.47466,89322870.72
2014-05-30,1.46111,1.4677,1.45819,1.46376,83294.48
2014-06-01,1.46433,1.46604,1.46297,1.46588,4946.36
2014-06-02,1.46588,1.47514,1.46363,1.47217,22336165.91
2014-06-03,1.47217,1.47444,1.46416,1.47125,8292250.68
2014-06-04,1.47125,1.47161,1.46396,1.46687,94764.5
2014-06-05,1.46687,1.46844,1.45119,1.46465,78351065.02
2014-06-06,1.46465,1.46499,1.45628,1.46126,95212.21
2014-06-08,1.46092,1.46188,1.46065,1.46183,2503.25
2014-06-09,1.46185,1.46196,1.45259,1.45474,78768.99
2014-06-10,1.45474,1.45483,1.44398,1.44498,11792774.35
2014-06-11,1.44498,1.44504,1.43766,1.44293,98480.46
2014-06-12,1.44294,1.44812,1.43589,1.43816,33560180.73
2014-06-13,1.43816,1.44632,1.43786,1.4394,58675131.74
2014-06-15,1.44105,1.44146,1.4392,1.44144,3120.46
2014-06-16,1.44141,1.44653,1.43855,1.4454,57148895.38
2014-06-17,1.44541,1.45254,1.44526,1.45105,51776041.5
2014-06-18,1.45105,1.45361,1.44435,1.44565,86447.31
2014-06-19,1.44565,1.44947,1.4444,1.44814,96223.39
2014-06-20,1.44814,1.44925,1.44478,1.44774,58603.04
2014-06-22,1.44878,1.44974,1.44767,1.44818,4268.8
2014-06-23,1.44815,1.44822,1.43813,1.44342,75476.24
2014-06-24,1.44343,1.45355,1.44165,1.45297,75914.43
2014-06-25,1.45293,1.45514,1.44845,1.44914,82746.22
2014-06-26,1.44919,1.45114,1.44355,1.44701,94949.1
2014-06-27,1.44701,1.44956,1.4433,1.44674,77353.2
2014-06-29,1.44768,1.44918,1.44768,1.44916,2750.4
2014-06-30,1.44916,1.45474,1.44716,1.45199,82951.55
2014-07-01,1.45199,1.45391,1.43989,1.44134,86274.69
2014-07-02,1.44138,1.44788,1.4408,1.44722,82699.14
2014-07-03,1.44722,1.46013,1.44643,1.45594,100384.53
2014-07-04,1.45594,1.45599,1.45068,1.45133,56637.04
2014-07-06,1.45137,1.45257,1.45121,1.45177,4078.34
2014-07-07,1.45181,1.45382,1.45052,1.45186,68324.36
2014-07-08,1.45186,1.45186,1.4448,1.4471,74945.62
2014-07-09,1.4471,1.45179,1.44601,1.44792,84447.63
2014-07-10,1.44792,1.45596,1.44306,1.44968,94810.18
2014-07-11,1.44968,1.45051,1.44516,1.448,69186.13
2014-07-13,1.45002,1.45059,1.44879,1.44968,3129.04
2014-07-14,1.44968,1.45175,1.44654,1.45034,63629.24
2014-07-15,1.45034,1.45456,1.44664,1.44951,93617.28
2014-07-16,1.44952,1.45314,1.44339,1.44448,66311.81
2014-07-17,1.44448,1.44831,1.4409,1.44639,84987.32
2014-07-18,1.44634,1.44806,1.43737,1.43915,84186.86
2014-07-20,1.44003,1.44037,1.43909,1.44018,3039.53
2014-07-21,1.44018,1.44431,1.43979,1.44397,65046.12
2014-07-22,1.44394,1.44458,1.43115,1.43433,85206.59
2014-07-23,1.43433,1.43566,1.42284,1.42584,78088.46
2014-07-24,1.42584,1.43091,1.4206,1.42983,75654.0
2014-07-25,1.42982,1.43223,1.42639,1.42903,67391.77
2014-07-27,1.42934,1.42949,1.42826,1.42858,3960.51
2014-07-28,1.42858,1.43116,1.42713,1.42803,59391.01
2014-07-29,1.42801,1.43132,1.42712,1.42898,71552.45
2014-07-30,1.42898,1.43698,1.42855,1.43651,89996.82
2014-07-31,1.43651,1.44196,1.43596,1.43947,88976.58
2014-08-01,1.43947,1.44458,1.43705,1.44109,95776.7
2014-08-03,1.4422,1.44271,1.44112,1.44212,3395.77
2014-08-04,1.44214,1.44214,1.43717,1.43835,51184.03
2014-08-05,1.43834,1.44022,1.43376,1.43748,72257.79
2014-08-06,1.43748,1.43842,1.42722,1.43162,81107.28
2014-08-07,1.43162,1.44471,1.43035,1.44195,101585.16
2014-08-08,1.44192,1.44776,1.44001,1.44502,93436.15
2014-08-10,1.44539,1.44566,1.44438,1.44471,4177.39
2014-08-11,1.44473,1.44597,1.44297,1.44488,65586.0
2014-08-12,1.44488,1.44628,1.4398,1.44202,77175.45
2014-08-13,1.44202,1.44247,1.43547,1.4363,88045.55
2014-08-14,1.43629,1.43835,1.43353,1.43445,80591.3
2014-08-15,1.43445,1.44054,1.43197,1.43671,79354.98
2014-08-17,1.43737,1.43818,1.43645,1.43751,4128.18
2014-08-18,1.43751,1.43868,1.4308,1.43327,63306.77
2014-08-19,1.43327,1.43407,1.42705,1.43292,85819.47
2014-08-20,1.43289,1.43346,1.426,1.42774,105277.22
2014-08-21,1.42773,1.43372,1.42648,1.42743,95108.96
2014-08-22,1.42744,1.4275,1.4198,1.42075,102973.45
2014-08-24,1.41703,1.41979,1.41688,1.41934,11195.24
2014-08-25,1.41932,1.42149,1.41486,1.42117,81092.4
2014-08-26,1.42117,1.42206,1.41336,1.4135,105969.34
2014-08-27,1.41358,1.41465,1.40955,1.41303,96128.62
2014-08-28,1.41303,1.41456,1.40645,1.41007,111058.84
2014-08-29,1.41007,1.41327,1.40491,1.40584,88135.42
2014-08-31,1.40765,1.40807,1.40647,1.40698,4980.64
2014-09-01,1.40697,1.4076,1.40402,1.40681,65590.96
2014-09-02,1.40682,1.41614,1.4064,1.41554,102417.19
2014-09-03,1.41553,1.41723,1.40504,1.40786,105038.0
2014-09-04,1.40786,1.40852,1.38037,1.38535,125352.45
2014-09-05,1.38532,1.38539,1.38005,1.38044,98545.22
2014-09-07,1.38275,1.3836,1.38208,1.3832,5882.61
2014-09-08,1.3832,1.39263,1.38021,1.38964,112241.12
2014-09-09,1.38964,1.40672,1.38766,1.40562,140440.41
2014-09-10,1.40563,1.41885,1.40433,1.4109,141558.98
2014-09-11,1.4109,1.42179,1.4011,1.42062,137234.63
2014-09-12,1.42057,1.4346,1.42029,1.43358,117251.8
2014-09-14,1.43946,1.43955,1.43711,1.43803,6731.06
2014-09-15,1.43804,1.44185,1.43004,1.43221,107322.8
2014-09-16,1.43222,1.43829,1.42379,1.42689,128338.4
2014-09-17,1.42686,1.43809,1.42579,1.4342,146238.88
2014-09-18,1.43421,1.4403,1.4335,1.43831,121874.84
2014-09-19,1.4383,1.44388,1.43006,1.43645,137140.73
2014-09-21,1.43658,1.43706,1.43534,1.43632,6755.92
2014-09-22,1.43632,1.45078,1.43607,1.44751,155763.09
2014-09-23,1.44752,1.45563,1.44017,1.45138,156205.12
2014-09-24,1.45135,1.45341,1.43784,1.4422,119481.46
2014-09-25,1.44217,1.45237,1.44093,1.44884,144529.5
2014-09-26,1.44884,1.45623,1.44543,1.44579,119640.07
2014-09-28,1.44848,1.45186,1.4472,1.45099,8983.15
2014-09-29,1.45099,1.45847,1.44983,1.4563,129967.75
2014-09-30,1.45632,1.45872,1.44141,1.44517,145592.12
2014-10-01,1.44517,1.45606,1.44296,1.44356,165725.1
2014-10-02,1.44356,1.44401,1.43451,1.44056,177160.33
2014-10-03,1.44056,1.44661,1.4358,1.44194,125524.54
2014-10-05,1.44138,1.4457,1.44136,1.44442,5414.16
2014-10-06,1.44444,1.44522,1.43524,1.44154,125610.99
2014-10-07,1.44155,1.44561,1.43136,1.43763,156830.7
2014-10-08,1.43762,1.44999,1.43499,1.44155,161857.47
2014-10-09,1.44153,1.44873,1.43458,1.44768,171059.03
2014-10-10,1.44768,1.45465,1.44609,1.45309,142369.99
2014-10-12,1.45281,1.4613,1.45149,1.45651,12804.7
2014-10-13,1.45652,1.46033,1.44452,1.45319,141199.91
2014-10-14,1.45319,1.45544,1.4442,1.45148,151095.18
2014-10-15,1.45148,1.46625,1.44577,1.45809,210456.11
2014-10-16,1.45804,1.47053,1.45627,1.4598,193824.96
2014-10-17,1.4598,1.46527,1.45492,1.45912,120351.93
2014-10-19,1.45513,1.45712,1.45367,1.45591,7881.18
2014-10-20,1.45591,1.45949,1.45146,1.45762,103970.9
2014-10-21,1.45765,1.46005,1.44225,1.44987,141667.89
2014-10-22,1.44989,1.4533,1.43626,1.44195,149627.72
2014-10-23,1.44188,1.44561,1.43774,1.44484,131937.31
2014-10-24,1.44484,1.45132,1.43713,1.44112,99769.55
2014-10-26,1.43963,1.44113,1.43911,1.43958,4937.55
2014-10-27,1.43958,1.44489,1.43827,1.44243,99332.83
2014-10-28,1.44242,1.44313,1.43572,1.43754,110015.44
2014-10-29,1.43753,1.44119,1.43181,1.44043,126599.89
2014-10-30,1.44043,1.44115,1.42484,1.4283,139713.57
2014-10-31,1.42825,1.43141,1.42221,1.4229,144824.33
2014-11-02,1.4284,1.42976,1.4277,1.42845,6349.84
2014-11-03,1.42846,1.43891,1.42704,1.43748,147362.27
2014-11-04,1.43748,1.44487,1.43081,1.43516,151771.41
2014-11-05,1.43514,1.45664,1.43402,1.45439,170191.44
2014-11-06,1.45439,1.45923,1.44293,1.44587,178033.28
2014-11-07,1.44587,1.44861,1.43743,1.44132,154101.61
2014-11-09,1.44164,1.44264,1.44077,1.44152,7002.08
2014-11-10,1.44151,1.44308,1.43758,1.44066,117234.94
2014-11-11,1.44065,1.444,1.43276,1.43318,141326.51
2014-11-12,1.43318,1.43796,1.42476,1.42701,155725.96
2014-11-13,1.42701,1.43378,1.42262,1.43268,122875.04
2014-11-14,1.43272,1.4346,1.42875,1.43103,126746.8
2014-11-16,1.4271,1.43109,1.42692,1.43066,7531.38
2014-11-17,1.43068,1.43456,1.42706,1.42969,129806.1
2014-11-18,1.42969,1.4413,1.42836,1.4389,110907.3
2014-11-19,1.43886,1.45903,1.43872,1.45741,143835.88
2014-11-20,1.45741,1.46318,1.45243,1.45481,148171.63
2014-11-21,1.45481,1.45526,1.42456,1.42846,149710.38
2014-11-23,1.42438,1.42743,1.4241,1.42526,8957.15
2014-11-24,1.42526,1.44708,1.42364,1.44551,113277.76
2014-11-25,1.44551,1.4641,1.44271,1.45811,139986.53
2014-11-26,1.45812,1.47022,1.45578,1.46559,120060.1
2014-11-27,1.46559,1.46597,1.45246,1.46115,104405.73
2014-11-28,1.46115,1.46823,1.45643,1.46259,107063.15
2014-11-30,1.47135,1.4755,1.46701,1.47335,11464.16
2014-12-01,1.47336,1.47778,1.46445,1.47058,144029.84
2014-12-02,1.47057,1.47346,1.45905,1.46445,132572.08
2014-12-03,1.46447,1.47629,1.4604,1.46637,139293.61
2014-12-04,1.46637,1.48311,1.46128,1.47679,156795.56
2014-12-05,1.47679,1.47893,1.47362,1.47622,114061.92
2014-12-07,1.47894,1.48172,1.47734,1.47973,7427.64
2014-12-08,1.47972,1.486,1.47497,1.48369,128835.05
2014-12-09,1.48369,1.4973,1.48369,1.49285,164163.15
2014-12-10,1.49286,1.50151,1.48386,1.49763,148766.08
2014-12-11,1.49763,1.51223,1.4909,1.50291,172883.21
2014-12-12,1.5029,1.51452,1.49673,1.51119,133924.07
2014-12-14,1.51269,1.51895,1.51069,1.51809,12527.98
2014-12-15,1.51811,1.51811,1.50275,1.51454,135454.09
2014-12-16,1.51459,1.52429,1.51026,1.52132,165016.84
2014-12-17,1.52125,1.53319,1.51219,1.51816,149309.16
2014-12-18,1.51819,1.5199,1.4978,1.50427,143269.17
2014-12-19,1.50427,1.50734,1.49918,1.50086,100440.32
2014-12-21,1.50033,1.502,1.49946,1.50031,5934.64
2014-12-22,1.50035,1.50712,1.49842,1.50531,80008.48
2014-12-23,1.50534,1.5122,1.49967,1.50139,92090.82
2014-12-24,1.50136,1.50597,1.49891,1.502,51992.97
2014-12-25,1.50201,1.50639,1.50129,1.50549,14545.76
2014-12-26,1.50549,1.50554,1.49702,1.49891,58754.8
2014-12-28,1.49866,1.50077,1.49843,1.49969,9704.03
2014-12-29,1.49967,1.50167,1.49212,1.49386,76376.43
2014-12-30,1.49387,1.49577,1.48345,1.48601,83577.63
2014-12-31,1.486,1.48686,1.47665,1.48044,66908.4
2015-01-01,1.47885,1.48159,1.47689,1.47758,7990.45
2015-01-02,1.4776,1.48565,1.47653,1.48321,97559.02
2015-01-04,1.47986,1.48187,1.47041,1.48077,13159.37
2015-01-05,1.48069,1.48614,1.4714,1.47418,136014.39
2015-01-06,1.47416,1.4762,1.4607,1.4696,153539.29
2015-01-07,1.46959,1.47328,1.46397,1.46547,142725.6
2015-01-08,1.46525,1.4655,1.45037,1.45349,126171.83
2015-01-09,1.45349,1.45582,1.43978,1.44288,135788.16
2015-01-11,1.44248,1.44407,1.44152,1.44353,6491.3
2015-01-12,1.44353,1.45356,1.4365,1.45154,136881.41
2015-01-13,1.45154,1.4548,1.44058,1.44131,152581.97
2015-01-14,1.44131,1.46115,1.43836,1.44748,193621.39
2015-01-15,1.44747,1.44864,1.40692,1.41523,227964.28
2015-01-16,1.41523,1.41645,1.4005,1.40529,147204.35
2015-01-18,1.40479,1.4067,1.40396,1.40547,4472.17
2015-01-19,1.40549,1.41731,1.40278,1.41542,113687.08
2015-01-20,1.41541,1.41903,1.40879,1.41416,134106.13
2015-01-21,1.41416,1.43609,1.40668,1.43363,166102.54
2015-01-22,1.43364,1.44074,1.40581,1.41526,192374.68
2015-01-23,1.41523,1.42442,1.39655,1.41555,195870.83
2015-01-25,1.41391,1.41713,1.41079,1.41444,12216.1
2015-01-26,1.41444,1.42583,1.4121,1.42005,157688.28
2015-01-27,1.42005,1.4356,1.41476,1.43515,193657.37
2015-01-28,1.43515,1.43666,1.4164,1.42974,205847.36
2015-01-29,1.42974,1.46322,1.42776,1.45632,179943.86
2015-01-30,1.45629,1.46691,1.44773,1.45189,155119.62
2015-02-01,1.45808,1.45889,1.45286,1.4532,8206.04
2015-02-02,1.4532,1.45808,1.44812,1.45399,146706.41
2015-02-03,1.45399,1.48941,1.44869,1.47581,215745.12
2015-02-04,1.47581,1.47738,1.45605,1.4586,195180.94
2015-02-05,1.45859,1.47262,1.45469,1.47068,159060.08
2015-02-06,1.47066,1.47109,1.44756,1.45046,138537.13
2015-02-08,1.45516,1.458,1.45483,1.45755,8547.35
2015-02-09,1.45755,1.46088,1.44228,1.4526,121259.58
2015-02-10,1.45264,1.4593,1.4458,1.45415,135905.29
2015-02-11,1.45418,1.47046,1.45344,1.46481,128749.15
2015-02-12,1.46481,1.48051,1.46406,1.47052,157282.24
2015-02-13,1.47052,1.47818,1.46309,1.46468,113488.05
2015-02-15,1.46552,1.46868,1.46518,1.46778,5967.92
2015-02-16,1.46781,1.46857,1.45812,1.46084,93302.0
2015-02-17,1.46082,1.46385,1.45314,1.45996,109382.29
2015-02-18,1.46,1.4612,1.45466,1.45994,115080.92
2015-02-19,1.45994,1.47284,1.4563,1.45781,137204.01
2015-02-20,1.45782,1.45842,1.43854,1.45013,160509.97
2015-02-22,1.45152,1.45221,1.45048,1.45069,7053.98
2015-02-23,1.45069,1.45635,1.44945,1.45321,129415.98
2015-02-24,1.45323,1.4614,1.4464,1.44776,157917.0
2015-02-25,1.4478,1.44816,1.43626,1.44152,148501.38
2015-02-26,1.44152,1.45015,1.43149,1.43553,154245.7
2015-02-27,1.43555,1.44037,1.4314,1.43259,135045.7
2015-03-01,1.43183,1.43444,1.43164,1.43356,8553.39
2015-03-02,1.43359,1.44428,1.43186,1.44108,120458.51
2015-03-03,1.44104,1.4422,1.42717,1.43021,135020.27
2015-03-04,1.4302,1.43368,1.41461,1.41626,122109.52
2015-03-05,1.41629,1.42466,1.41116,1.4171,133439.44
2015-03-06,1.4171,1.41759,1.39448,1.40477,133224.1
2015-03-08,1.40468,1.40553,1.40337,1.40447,10158.87
2015-03-09,1.40448,1.41165,1.40356,1.40975,129586.52
2015-03-10,1.40979,1.41404,1.39947,1.4012,212526.37
2015-03-11,1.4012,1.40731,1.3861,1.38715,201294.56
2015-03-12,1.38718,1.38907,1.37499,1.37874,203558.33
2015-03-13,1.37874,1.3856,1.37283,1.37403,165934.59
2015-03-15,1.37374,1.37715,1.37343,1.37664,11046.17
2015-03-16,1.37662,1.38497,1.37362,1.38325,164788.88
2015-03-17,1.38325,1.39495,1.38107,1.3903,147815.38
2015-03-18,1.3903,1.4065,1.38576,1.39464,181232.0
2015-03-19,1.39471,1.39997,1.38648,1.39283,205671.14
2015-03-20,1.39288,1.40103,1.38805,1.39106,152763.37
2015-03-22,1.39271,1.39491,1.39058,1.39087,15087.08
2015-03-23,1.39094,1.39632,1.38196,1.38997,195239.84
2015-03-24,1.38998,1.39524,1.38346,1.38686,198923.56
2015-03-25,1.38683,1.40097,1.38589,1.40007,158714.79
2015-03-26,1.40007,1.40697,1.38753,1.38983,203873.87
2015-03-27,1.38986,1.4101,1.38704,1.40484,183058.81
2015-03-29,1.4072,1.40809,1.40534,1.4069,14586.44
2015-03-30,1.4069,1.41803,1.40369,1.41422,167068.77
2015-03-31,1.4142,1.41803,1.4043,1.41014,181435.32
2015-04-01,1.41014,1.41782,1.40576,1.41615,186490.24
2015-04-02,1.41615,1.4392,1.41573,1.43387,167064.7
2015-04-03,1.43387,1.43878,1.42118,1.436,88695.48
2015-04-05,1.43835,1.44248,1.43769,1.439,15249.32
2015-04-06,1.439,1.44445,1.435,1.44061,94836.96
2015-04-07,1.44064,1.44327,1.41254,1.41649,173606.4
2015-04-08,1.41649,1.41771,1.40065,1.4036,163345.49
2015-04-09,1.40365,1.40509,1.38316,1.38461,154009.85
2015-04-10,1.38463,1.38823,1.37847,1.38038,131115.6
2015-04-12,1.38007,1.38444,1.37949,1.38374,9523.87
2015-04-13,1.38374,1.39873,1.38294,1.39365,150890.88
2015-04-14,1.39366,1.40198,1.38739,1.39817,155123.01
2015-04-15,1.39815,1.40166,1.38802,1.39088,158734.09
2015-04-16,1.39087,1.39333,1.37046,1.38163,178647.67
2015-04-17,1.38162,1.39043,1.37926,1.38768,153403.2
2015-04-19,1.38173,1.38546,1.38157,1.38475,9999.97
2015-04-20,1.38477,1.39407,1.37782,1.39217,142070.93
2015-04-21,1.39215,1.39618,1.38095,1.39222,143658.04
2015-04-22,1.39221,1.39248,1.37787,1.38447,160268.85
2015-04-23,1.38449,1.39491,1.37944,1.39068,175628.36
2015-04-24,1.39068,1.39767,1.38579,1.3892,150787.14
2015-04-26,1.38816,1.38946,1.38676,1.38761,9533.13
2015-04-27,1.38761,1.3918,1.38147,1.38264,142995.11
2015-04-28,1.38264,1.38376,1.36779,1.37173,158123.23
2015-04-29,1.37172,1.39399,1.37005,1.38993,219958.19
2015-04-30,1.38994,1.4231,1.38591,1.41949,193531.59
2015-05-01,1.41953,1.43544,1.41824,1.4263,118857.82
2015-05-03,1.42839,1.42968,1.42595,1.42929,11266.8
2015-05-04,1.42929,1.43458,1.41901,1.4222,112362.83
2015-05-05,1.42217,1.42854,1.40558,1.40981,161138.31
2015-05-06,1.40981,1.42598,1.40226,1.42554,165424.5
2015-05-07,1.42554,1.43511,1.41593,1.4233,175686.69
2015-05-08,1.42331,1.42965,1.41213,1.41213,154683.06
2015-05-10,1.41163,1.41478,1.41163,1.41268,11113.49
2015-05-11,1.41268,1.41596,1.40791,1.41124,144467.0
2015-05-12,1.4113,1.41706,1.40196,1.40402,165997.99
2015-05-13,1.40402,1.41267,1.39428,1.39891,167196.87
2015-05-14,1.39891,1.41415,1.39116,1.41041,179943.09
2015-05-15,1.4104,1.42564,1.40986,1.42415,152179.51
2015-05-17,1.42348,1.42473,1.42114,1.42264,9262.48
2015-05-18,1.42262,1.42769,1.41494,1.41651,143552.35
2015-05-19,1.41651,1.42049,1.3993,1.40635,168319.1
2015-05-20,1.40636,1.41143,1.40125,1.40911,167297.81
2015-05-21,1.40912,1.4166,1.40417,1.40652,143775.16
2015-05-22,1.40651,1.41969,1.40497,1.4054,129292.03
2015-05-24,1.40578,1.40756,1.40347,1.40692,12105.52
2015-05-25,1.40692,1.40773,1.40007,1.40203,73026.37
2015-05-26,1.40203,1.40915,1.39495,1.40566,151329.79
2015-05-27,1.40564,1.41314,1.40284,1.40871,142306.0
2015-05-28,1.40871,1.43368,1.40633,1.43168,157879.51
2015-05-29,1.4317,1.43785,1.42758,1.43658,136315.65
2015-05-31,1.43716,1.43778,1.43305,1.43382,9375.68
2015-06-01,1.43385,1.43849,1.42401,1.43428,166377.97
2015-06-02,1.4343,1.44467,1.42043,1.43651,199110.91
2015-06-03,1.43643,1.45,1.42692,1.44903,179171.14
2015-06-04,1.44905,1.47123,1.44778,1.45789,188503.56
2015-06-05,1.45789,1.46804,1.44978,1.45637,152297.03
2015-06-07,1.45526,1.45769,1.45457,1.45756,9038.1
2015-06-08,1.45756,1.46996,1.45215,1.46719,153172.62
2015-06-09,1.46718,1.47526,1.45883,1.46902,173411.39
2015-06-10,1.46895,1.47687,1.45418,1.46339,199582.68
2015-06-11,1.46342,1.46533,1.44891,1.45147,167558.32
2015-06-12,1.45146,1.45962,1.44896,1.4567,143226.96
2015-06-14,1.4457,1.45234,1.44515,1.45214,11507.88
2015-06-15,1.45212,1.4579,1.44256,1.45334,144892.08
2015-06-16,1.45334,1.46268,1.44476,1.4513,145136.75
2015-06-17,1.4513,1.47233,1.45099,1.47156,166775.85
2015-06-18,1.47159,1.47363,1.45224,1.45953,174211.43
2015-06-19,1.45953,1.46404,1.45504,1.46031,132903.88
2015-06-21,1.46454,1.46467,1.46151,1.46295,8557.13
2015-06-22,1.46295,1.47323,1.45625,1.46779,150882.66
2015-06-23,1.46776,1.4692,1.44168,1.44306,162556.76
2015-06-24,1.44303,1.4553,1.44039,1.45395,155377.96
2015-06-25,1.45393,1.45421,1.44058,1.4488,131772.68
2015-06-26,1.44881,1.46433,1.44696,1.45749,117673.69
2015-06-28,1.4429,1.44485,1.43697,1.44031,21854.12
2015-06-29,1.44038,1.46429,1.43167,1.4621,174446.77
2015-06-30,1.46209,1.46261,1.44375,1.44714,172179.53
2015-07-01,1.44714,1.44929,1.43873,1.44497,160719.04
2015-07-02,1.44497,1.45931,1.44279,1.45155,155450.19
2015-07-03,1.45155,1.47923,1.44997,1.47774,122446.35
2015-07-05,1.4693,1.47583,1.46654,1.46866,17739.4
2015-07-06,1.46866,1.47875,1.46657,1.47776,158746.44
2015-07-07,1.47776,1.48102,1.47073,1.47651,181563.47
2015-07-08,1.47654,1.49473,1.47547,1.49171,170301.36
2015-07-09,1.49174,1.49681,1.47801,1.48261,161428.15
2015-07-10,1.48261,1.50703,1.47974,1.49734,150170.94
2015-07-12,1.49524,1.49995,1.49484,1.49977,11166.47
2015-07-13,1.49975,1.50166,1.48387,1.48573,185331.98
2015-07-14,1.48577,1.48718,1.47589,1.47802,171701.25
2015-07-15,1.47804,1.49072,1.46915,1.48384,196119.73
2015-07-16,1.48384,1.48631,1.46459,1.46782,183837.96
2015-07-17,1.46783,1.47406,1.46642,1.46844,131072.38
2015-07-19,1.46676,1.47049,1.46657,1.46979,9849.27
2015-07-20,1.46979,1.47666,1.46634,1.46905,147979.65
2015-07-21,1.46905,1.47545,1.46573,1.47307,181312.76
2015-07-22,1.47301,1.48329,1.47276,1.48137,170860.65
2015-07-23,1.48132,1.49486,1.48077,1.49321,157797.42
2015-07-24,1.49321,1.51034,1.49306,1.50724,129786.35
2015-07-26,1.51012,1.51031,1.50621,1.50829,8231.26
2015-07-27,1.50826,1.52652,1.50678,1.52394,167837.14
2015-07-28,1.52393,1.52761,1.50499,1.50563,161688.16
2015-07-29,1.50562,1.51438,1.50396,1.5049,158351.61
2015-07-30,1.50495,1.50875,1.49615,1.49948,156772.05
2015-07-31,1.49948,1.51801,1.49743,1.50411,156600.46
2015-08-02,1.49811,1.50317,1.49811,1.50313,13771.76
2015-08-03,1.50309,1.50921,1.50062,1.5052,129635.78
2015-08-04,1.5052,1.50632,1.47398,1.47583,174308.77
2015-08-05,1.47582,1.48383,1.47278,1.48346,177714.0
2015-08-06,1.48346,1.49158,1.47562,1.48708,162915.76
2015-08-07,1.48708,1.48818,1.47556,1.47738,148106.28
2015-08-09,1.47817,1.4814,1.47771,1.48121,5878.82
2015-08-10,1.48121,1.48967,1.48069,1.48596,133063.44
2015-08-11,1.48596,1.51812,1.4827,1.5095,173389.11
2015-08-12,1.50951,1.53003,1.50719,1.51118,178104.51
2015-08-13,1.51105,1.52056,1.50517,1.51285,165209.11
2015-08-14,1.51287,1.5151,1.50495,1.50527,132349.38
2015-08-16,1.50649,1.50721,1.50437,1.50557,6777.65
2015-08-17,1.50557,1.51073,1.4992,1.50227,122505.83
2015-08-18,1.50228,1.51089,1.49971,1.50273,131401.7
2015-08-19,1.50273,1.51398,1.50026,1.51164,150163.66
2015-08-20,1.51164,1.53227,1.51023,1.53184,150847.1
2015-08-21,1.53179,1.55772,1.53109,1.5562,162338.38
2015-08-23,1.5586,1.57134,1.55608,1.56846,15599.8
2015-08-24,1.56848,1.6597,1.56564,1.61377,242638.36
2015-08-25,1.61379,1.62733,1.58218,1.62683,219332.37
2015-08-26,1.62682,1.62839,1.58577,1.59233,249313.07
2015-08-27,1.59232,1.59974,1.56413,1.56677,212505.82
2015-08-28,1.56674,1.58094,1.55839,1.55907,171724.75
2015-08-30,1.56193,1.57102,1.55959,1.57036,14348.28
2015-08-31,1.57035,1.58337,1.56739,1.57854,154816.78
2015-09-01,1.57855,1.61366,1.57408,1.61112,199292.96
2015-09-02,1.61112,1.61518,1.58863,1.59135,186449.31
2015-09-03,1.5914,1.60636,1.57449,1.58443,165263.23
2015-09-04,1.58441,1.61447,1.58401,1.61299,152918.56
2015-09-06,1.61077,1.61395,1.60674,1.60813,11234.8
2015-09-07,1.60812,1.61388,1.60402,1.60631,155379.44
2015-09-08,1.6063,1.61431,1.58755,1.5927,173393.8
2015-09-09,1.59271,1.61179,1.57784,1.6116,179017.47
2015-09-10,1.61165,1.61753,1.57764,1.59493,226981.87
2015-09-11,1.59493,1.60537,1.59294,1.59856,137895.0
2015-09-13,1.59971,1.60408,1.59738,1.59774,9938.17
2015-09-14,1.59775,1.6066,1.57777,1.57892,170546.01
2015-09-15,1.57891,1.59193,1.57621,1.58163,168184.47
2015-09-16,1.58161,1.58315,1.56618,1.56806,149606.21
2015-09-17,1.56805,1.59622,1.56646,1.58611,189440.25
2015-09-18,1.58605,1.59174,1.56645,1.57,182934.09
2015-09-20,1.57015,1.57169,1.56829,1.5703,8886.89
2015-09-21,1.57028,1.58103,1.56715,1.56965,140509.47
2015-09-22,1.56966,1.578,1.56011,1.57175,147683.17
2015-09-23,1.57175,1.60205,1.56786,1.59867,153901.41
2015-09-24,1.59865,1.61895,1.59002,1.59488,196472.84
2015-09-25,1.59488,1.59851,1.58348,1.59251,153377.95
2015-09-27,1.59069,1.59615,1.59069,1.59555,7259.85
2015-09-28,1.59555,1.61106,1.58696,1.61083,154209.42
2015-09-29,1.61088,1.62498,1.59801,1.60596,186919.32
2015-09-30,1.60591,1.60805,1.58694,1.59358,171904.26
2015-10-01,1.59362,1.59491,1.57406,1.59002,158603.15
2015-10-02,1.59002,1.61447,1.58354,1.58997,146623.48
2015-10-04,1.58971,1.59331,1.58809,1.59208,9597.57
2015-10-05,1.59208,1.59334,1.57446,1.58001,140626.75
2015-10-06,1.58001,1.58317,1.56662,1.57397,149254.16
2015-10-07,1.57397,1.57592,1.5515,1.56199,185357.9
2015-10-08,1.562,1.57608,1.55119,1.55278,181161.24
2015-10-09,1.55277,1.55587,1.54532,1.5478,164747.74
2015-10-11,1.55219,1.55448,1.54986,1.55433,14477.63
2015-10-12,1.55432,1.55557,1.53974,1.54584,119126.79
2015-10-13,1.54584,1.58072,1.54424,1.57613,175120.79
2015-10-14,1.57616,1.58218,1.56711,1.56713,184392.29
2015-10-15,1.56713,1.57136,1.54931,1.55154,196149.13
2015-10-16,1.55153,1.56748,1.55143,1.56022,138338.86
2015-10-18,1.56425,1.56523,1.56257,1.56443,8733.42
2015-10-19,1.56443,1.57069,1.55021,1.56067,125373.68
2015-10-20,1.56066,1.56566,1.55428,1.56231,124192.64
2015-10-21,1.56232,1.57709,1.56091,1.5729,142867.47
2015-10-22,1.57292,1.57917,1.53438,1.5366,180577.19
2015-10-23,1.53661,1.53734,1.51892,1.52601,154388.16
2015-10-25,1.52386,1.52741,1.52354,1.52572,11655.12
2015-10-26,1.52575,1.52749,1.51659,1.52565,128421.96
2015-10-27,1.52565,1.53768,1.52166,1.53354,134542.46
2015-10-28,1.53357,1.55531,1.5331,1.53953,161770.17
2015-10-29,1.53952,1.55281,1.53535,1.54991,175115.45
2015-10-30,1.54986,1.5576,1.54042,1.5411,181031.37
2015-11-01,1.55053,1.55053,1.54428,1.54503,8341.2
2015-11-02,1.54499,1.54842,1.53738,1.53887,132688.12
2015-11-03,1.53888,1.54522,1.52174,1.52478,143797.7
2015-11-04,1.52479,1.5258,1.51477,1.52243,150632.43
2015-11-05,1.52237,1.52619,1.51639,1.52287,137302.36
2015-11-06,1.52285,1.52857,1.51054,1.5239,155148.51
2015-11-08,1.52617,1.52703,1.52434,1.5245,7125.08
2015-11-09,1.5245,1.52875,1.52157,1.52597,149845.45
2015-11-10,1.52596,1.52718,1.51743,1.52436,143091.9
2015-11-11,1.52436,1.52466,1.51731,1.52265,133792.79
2015-11-12,1.52265,1.52336,1.49852,1.51501,181619.5
2015-11-13,1.51502,1.5155,1.50421,1.51064,141004.79
2015-11-15,1.50756,1.50951,1.50407,1.50537,13142.13
2015-11-16,1.50537,1.51373,1.50418,1.5067,150437.24
2015-11-17,1.5067,1.50697,1.49337,1.49637,165090.48
2015-11-18,1.49636,1.50409,1.49542,1.49924,153315.69
2015-11-19,1.49925,1.4998,1.48754,1.49158,177359.37
2015-11-20,1.49158,1.49207,1.47012,1.47073,152842.53
2015-11-22,1.47088,1.47237,1.47057,1.47224,6488.51
2015-11-23,1.47224,1.48274,1.47135,1.47998,157489.52
2015-11-24,1.48,1.48312,1.46341,1.46719,154151.17
2015-11-25,1.46718,1.46975,1.45868,1.46446,162070.47
2015-11-26,1.46447,1.47175,1.46265,1.46935,132345.01
2015-11-27,1.46936,1.47594,1.46576,1.4717,133914.7
2015-11-29,1.4719,1.47473,1.47176,1.47309,6543.45
2015-11-30,1.47309,1.47555,1.45632,1.46155,149355.72
2015-12-01,1.46153,1.4623,1.4492,1.45112,189275.86
2015-12-02,1.45101,1.45493,1.44133,1.45302,193250.16
2015-12-03,1.45301,1.49659,1.43494,1.48942,239515.1
2015-12-04,1.48942,1.496,1.47653,1.48172,219572.28
2015-12-06,1.4806,1.48455,1.48027,1.48262,7662.72
2015-12-07,1.48261,1.49455,1.47905,1.49303,166945.26
2015-12-08,1.49305,1.5155,1.49015,1.50793,188641.19
2015-12-09,1.50796,1.53035,1.50462,1.52285,205258.15
2015-12-10,1.52285,1.52328,1.49535,1.50536,180117.63
2015-12-11,1.50533,1.53421,1.5046,1.52925,170764.04
2015-12-13,1.52445,1.53347,1.52361,1.53266,12732.45
2015-12-14,1.53271,1.53324,1.51474,1.51518,201085.99
2015-12-15,1.51512,1.52767,1.51171,1.51853,190971.56
2015-12-16,1.51853,1.52319,1.50483,1.50959,205777.22
2015-12-17,1.50965,1.52713,1.50316,1.52101,184736.6
2015-12-18,1.52101,1.52369,1.50578,1.51355,165920.72
2015-12-20,1.51309,1.51794,1.51287,1.51605,9021.51
2015-12-21,1.51603,1.5254,1.51333,1.51587,146796.23
2015-12-22,1.51582,1.51913,1.50566,1.51411,134741.28
2015-12-23,1.51411,1.51472,1.50457,1.50823,112571.67
2015-12-24,1.50821,1.50948,1.50287,1.50822,74584.21
2015-12-25,1.50821,1.50937,1.50284,1.50435,5411.46
2015-12-27,1.50453,1.50721,1.50432,1.50547,6214.09
2015-12-28,1.50545,1.51405,1.50545,1.51227,92906.45
2015-12-29,1.51227,1.51352,1.4945,1.49875,112310.12
2015-12-30,1.49875,1.50275,1.49502,1.50148,123101.66
2015-12-31,1.50147,1.50147,1.48628,1.48884,90628.68
2016-01-03,1.49136,1.49195,1.48699,1.48957,6939.08
2016-01-04,1.48957,1.51816,1.48792,1.50661,170420.31
2016-01-05,1.50661,1.5079,1.49722,1.50132,174060.54
2016-01-06,1.50132,1.52951,1.49818,1.52227,209765.97
2016-01-07,1.52227,1.56336,1.52089,1.55768,237963.76
2016-01-08,1.55768,1.5721,1.53644,1.57075,213955.11
2016-01-10,1.56588,1.58273,1.56569,1.57623,13305.51
2016-01-11,1.57625,1.57758,1.54505,1.5538,217703.24
2016-01-12,1.5538,1.57031,1.54438,1.55244,226134.85
2016-01-13,1.55244,1.5701,1.53406,1.56938,227409.83
2016-01-14,1.56938,1.58232,1.5503,1.5518,248839.76
2016-01-15,1.5518,1.6076,1.5518,1.58972,253078.72
2016-01-17,1.59561,1.59566,1.59049,1.59187,8571.49
2016-01-18,1.59187,1.59412,1.57171,1.58469,186181.86
2016-01-19,1.58469,1.5943,1.5612,1.57857,227122.44
2016-01-20,1.57857,1.60526,1.56652,1.56652,275655.19
2016-01-21,1.56656,1.58806,1.54493,1.54764,304597.76
2016-01-22,1.54764,1.55314,1.53397,1.54139,223751.13
2016-01-24,1.53984,1.54244,1.53924,1.5424,5741.82
2016-01-25,1.5424,1.5644,1.5373,1.564,197860.39
2016-01-26,1.564,1.5705,1.54398,1.55055,213480.47
2016-01-27,1.55053,1.55867,1.53477,1.55509,246168.41
2016-01-28,1.55512,1.55613,1.53054,1.54382,228041.24
2016-01-29,1.54382,1.54655,1.52494,1.52842,236715.26
2016-01-31,1.52849,1.53301,1.52836,1.53131,8448.04
2016-02-01,1.53135,1.5441,1.5293,1.53289,203542.01
2016-02-02,1.53287,1.55543,1.5288,1.55398,217247.22
2016-02-03,1.55393,1.56428,1.54211,1.54986,260334.43
2016-02-04,1.54984,1.55858,1.54172,1.55564,256736.42
2016-02-05,1.55564,1.57902,1.55298,1.57836,221118.94
2016-02-07,1.57537,1.57667,1.57044,1.57283,13133.21
2016-02-08,1.57285,1.58381,1.56478,1.58132,229089.91
2016-02-09,1.58132,1.61484,1.5795,1.59785,286109.33
2016-02-10,1.59775,1.60602,1.56877,1.58865,284253.62
2016-02-11,1.58864,1.62517,1.57915,1.58841,307457.28
2016-02-12,1.58838,1.59632,1.58003,1.58305,213966.56
2016-02-14,1.58101,1.5833,1.57703,1.5773,11594.07
2016-02-15,1.57725,1.57957,1.55752,1.56379,180917.71
2016-02-16,1.56379,1.57512,1.55393,1.56557,210715.21
2016-02-17,1.56558,1.5772,1.5478,1.55013,229010.93
2016-02-18,1.55014,1.56138,1.54719,1.55352,213092.61
2016-02-19,1.55351,1.56927,1.55313,1.55655,199429.63
2016-02-21,1.55247,1.5583,1.55213,1.55693,10479.68
2016-02-22,1.55692,1.55797,1.52025,1.52454,178226.79
2016-02-23,1.52454,1.53338,1.51589,1.53203,197779.82
2016-02-24,1.53206,1.54039,1.52592,1.53133,220814.63
2016-02-25,1.53137,1.53995,1.52137,1.52322,206029.42
2016-02-26,1.52322,1.53485,1.51732,1.53333,186633.68
2016-02-28,1.53176,1.53461,1.53141,1.53267,14317.49
2016-02-29,1.53262,1.53828,1.51749,1.52449,210918.08
2016-03-01,1.52448,1.53081,1.51058,1.51434,222802.62
2016-03-02,1.51435,1.51788,1.48822,1.49177,212599.54
2016-03-03,1.49176,1.49256,1.48165,1.48776,223735.75
2016-03-04,1.48777,1.49238,1.47382,1.47896,223444.73
2016-03-06,1.48376,1.48434,1.48059,1.48382,11408.94
2016-03-07,1.48383,1.48534,1.46989,1.4767,191396.18
2016-03-08,1.47672,1.48928,1.47332,1.47975,216482.88
2016-03-09,1.47975,1.48199,1.45953,1.47101,215938.66
2016-03-10,1.47102,1.50858,1.44664,1.49855,288091.36
2016-03-11,1.49855,1.50233,1.47213,1.47265,224389.12
2016-03-13,1.47555,1.48018,1.47492,1.47641,15288.26
2016-03-14,1.47641,1.4821,1.46984,1.47632,221092.3
2016-03-15,1.4763,1.49214,1.47411,1.48841,234853.13
2016-03-16,1.48842,1.49402,1.47973,1.48684,247860.25
2016-03-17,1.48687,1.48779,1.47114,1.4797,271222.19
2016-03-18,1.47975,1.48477,1.47501,1.48166,199524.46
2016-03-20,1.48165,1.48535,1.48165,1.4847,13182.95
2016-03-21,1.4847,1.48978,1.4744,1.48419,197628.46
2016-03-22,1.48417,1.48518,1.46966,1.47254,198247.73
2016-03-23,1.47253,1.48694,1.46623,1.48368,192270.4
2016-03-24,1.48365,1.49255,1.48257,1.48336,174943.17
2016-03-25,1.48336,1.48859,1.48131,1.48601,58131.77
2016-03-27,1.48463,1.48816,1.48403,1.48712,7172.11
2016-03-28,1.48709,1.48849,1.47999,1.48279,108442.91
2016-03-29,1.48279,1.49056,1.47611,1.47835,207692.89
2016-03-30,1.47834,1.48332,1.47143,1.4797,223575.8
2016-03-31,1.47972,1.48674,1.47696,1.4837,215606.99
2016-04-01,1.4837,1.4974,1.47796,1.48273,197090.13
2016-04-03,1.48593,1.48633,1.48334,1.48619,6886.61
2016-04-04,1.48619,1.49928,1.48543,1.49881,171104.08
2016-04-05,1.49881,1.51572,1.49241,1.50837,203968.56
2016-04-06,1.50836,1.51068,1.49697,1.4978,192747.36
2016-04-07,1.49777,1.52019,1.49506,1.51275,206319.34
2016-04-08,1.51275,1.51365,1.50266,1.50845,170310.46
2016-04-10,1.51194,1.51261,1.50616,1.50769,9315.67
2016-04-11,1.5077,1.51591,1.49895,1.50267,184932.75
2016-04-12,1.50266,1.50437,1.4809,1.48117,195214.66
2016-04-13,1.48117,1.48473,1.47115,1.47248,187233.96
2016-04-14,1.47247,1.47753,1.45876,1.46474,178149.15
2016-04-15,1.46475,1.47023,1.45613,1.45963,146562.89
2016-04-17,1.47637,1.48031,1.47137,1.47774,15703.38
2016-04-18,1.47777,1.47947,1.45425,1.4554,181891.33
2016-04-19,1.45538,1.46036,1.45239,1.45658,167961.95
2016-04-20,1.45657,1.46224,1.44652,1.4488,187748.14
2016-04-21,1.44882,1.45991,1.44343,1.4578,213094.65
2016-04-22,1.45779,1.45944,1.45112,1.45526,193860.79
2016-04-24,1.45704,1.4579,1.45491,1.45663,9562.08
2016-04-25,1.45669,1.46224,1.45508,1.4603,178529.6
2016-04-26,1.46029,1.46364,1.45553,1.45825,185857.47
2016-04-27,1.45824,1.49508,1.45591,1.48965,222395.7
2016-04-28,1.48964,1.49418,1.48051,1.48788,218896.46
2016-04-29,1.48786,1.50782,1.48582,1.50475,200582.85
2016-05-01,1.50786,1.50886,1.5041,1.50479,11869.88
2016-05-02,1.50487,1.51307,1.50105,1.50376,176885.44
2016-05-03,1.50374,1.53886,1.49351,1.53392,225025.97
2016-05-04,1.53395,1.54225,1.52972,1.53937,189487.55
2016-05-05,1.53934,1.54047,1.52201,1.52467,163119.0
2016-05-06,1.52468,1.55667,1.52466,1.54721,169458.73
2016-05-08,1.5483,1.54988,1.54341,1.54406,6827.13
2016-05-09,1.54406,1.55922,1.54334,1.556,157248.61
2016-05-10,1.556,1.55918,1.54002,1.54312,161124.47
2016-05-11,1.54314,1.5535,1.53948,1.55326,150311.68
2016-05-12,1.55326,1.55999,1.54736,1.55447,158525.86
2016-05-13,1.55448,1.56033,1.55161,1.55475,164332.78
2016-05-15,1.55964,1.55965,1.55561,1.55595,8252.25
2016-05-16,1.55595,1.55666,1.55018,1.55278,129678.25
2016-05-17,1.55278,1.5544,1.53669,1.54613,157896.18
2016-05-18,1.54614,1.55527,1.54566,1.55349,183343.6
2016-05-19,1.55353,1.55863,1.54901,1.54902,178883.43
2016-05-20,1.54902,1.55385,1.54654,1.55332,125704.46
2016-05-22,1.55088,1.55345,1.55043,1.55314,5818.39
2016-05-23,1.55314,1.55575,1.54754,1.5534,135257.01
2016-05-24,1.55343,1.56456,1.54762,1.54885,156942.67
2016-05-25,1.54882,1.55395,1.5448,1.55219,148094.27
2016-05-26,1.55223,1.55965,1.54684,1.54893,151795.55
2016-05-27,1.54893,1.55055,1.5454,1.54563,127974.65
2016-05-29,1.54811,1.54846,1.54551,1.54735,9410.31
2016-05-30,1.54731,1.5529,1.54637,1.54948,98211.6
2016-05-31,1.54943,1.55118,1.53561,1.5386,158301.83
2016-06-01,1.5386,1.54454,1.52379,1.5433,171507.72
2016-06-02,1.54329,1.55414,1.53951,1.54233,153518.69
2016-06-03,1.54233,1.54837,1.53556,1.54233,156355.84
2016-06-05,1.54028,1.54645,1.53965,1.54569,9985.61
2016-06-06,1.54569,1.55134,1.5383,1.54123,158710.29
2016-06-07,1.54124,1.54251,1.52191,1.52548,135332.17
2016-06-08,1.52549,1.52998,1.51906,1.52224,144127.5
2016-06-09,1.5222,1.53007,1.51998,1.5256,147733.68
2016-06-10,1.52561,1.52938,1.52194,1.52527,126742.16
2016-06-12,1.52476,1.52646,1.52359,1.52432,8277.74
2016-06-13,1.52431,1.5303,1.52059,1.53013,136105.81
2016-06-14,1.53011,1.53104,1.51857,1.52468,143060.55
2016-06-15,1.52463,1.52784,1.51369,1.51879,150578.12
2016-06-16,1.51879,1.53653,1.51454,1.52447,186294.29
2016-06-17,1.52459,1.52641,1.51993,1.52428,145178.66
2016-06-19,1.52361,1.52985,1.52281,1.52761,13780.23
2016-06-20,1.52763,1.52889,1.51524,1.51819,163043.77
2016-06-21,1.51823,1.51901,1.5052,1.50974,158576.96
2016-06-22,1.50974,1.51091,1.50293,1.50791,161238.51
2016-06-23,1.50792,1.50921,1.48975,1.50176,212682.84
2016-06-24,1.50176,1.51352,1.4801,1.48462,287564.67
2016-06-26,1.48419,1.49,1.4827,1.48621,15883.68
2016-06-27,1.48621,1.50454,1.48317,1.4972,227613.6
2016-06-28,1.49723,1.50473,1.4929,1.49612,186541.37
2016-06-29,1.49612,1.49867,1.48845,1.48931,183904.74
2016-06-30,1.48934,1.50419,1.48344,1.49094,206371.2
2016-07-01,1.49101,1.4941,1.48224,1.4846,157510.21
2016-07-03,1.49263,1.49395,1.48966,1.49097,9872.81
2016-07-04,1.49093,1.49118,1.47615,1.48075,126444.83
2016-07-05,1.48074,1.49382,1.47531,1.48645,169814.83
2016-07-06,1.48642,1.49025,1.47391,1.47672,198466.16
2016-07-07,1.47671,1.48325,1.46991,1.47638,177102.83
2016-07-08,1.4764,1.48097,1.45883,1.45902,148254.89
2016-07-10,1.45947,1.46163,1.45936,1.46129,9593.36
2016-07-11,1.46132,1.46955,1.45804,1.46702,155529.33
2016-07-12,1.467,1.46791,1.44793,1.45477,176497.19
2016-07-13,1.45477,1.46191,1.44972,1.46086,177439.48
2016-07-14,1.46094,1.46189,1.45169,1.45888,180183.1
2016-07-15,1.4589,1.46049,1.44966,1.45604,174377.9
2016-07-17,1.45459,1.45819,1.45214,1.45663,14487.1
2016-07-18,1.45665,1.46312,1.45266,1.46075,143835.63
2016-07-19,1.46071,1.4775,1.46068,1.46696,161225.04
2016-07-20,1.46698,1.47776,1.46596,1.47561,315924.6
2016-07-21,1.47559,1.47681,1.46539,1.46988,550779.67
2016-07-22,1.46988,1.47899,1.46796,1.46987,458896.45
2016-07-24,1.46985,1.47086,1.46653,1.46763,15453.94
2016-07-25,1.4676,1.4726,1.46507,1.47015,429041.49
2016-07-26,1.47015,1.47219,1.45833,1.46208,487291.55
2016-07-27,1.46208,1.4782,1.45251,1.47199,561728.9
2016-07-28,1.47199,1.47771,1.46929,1.47547,460612.47
2016-07-29,1.4755,1.48128,1.46861,1.46927,530396.83
2016-07-31,1.47063,1.47209,1.46934,1.47167,20435.38
2016-08-01,1.47166,1.48401,1.46695,1.48349,422441.74
2016-08-02,1.4835,1.4908,1.46833,1.47634,483790.6
2016-08-03,1.47638,1.47948,1.46843,1.46927,393362.23
2016-08-04,1.46928,1.46931,1.45672,1.45734,380218.47
2016-08-05,1.45734,1.45977,1.44945,1.45509,312607.62
2016-08-07,1.45437,1.45871,1.45367,1.45652,15646.82
2016-08-08,1.45652,1.45961,1.44375,1.44699,276069.78
2016-08-09,1.44701,1.4538,1.44456,1.45074,301896.15
2016-08-10,1.45074,1.4524,1.44204,1.45032,339385.44
2016-08-11,1.45031,1.45246,1.4436,1.44802,300916.6
2016-08-12,1.44802,1.46043,1.44728,1.45818,287614.88
2016-08-14,1.45779,1.45947,1.45677,1.45833,12396.73
2016-08-15,1.45835,1.46076,1.45418,1.45679,251537.84
2016-08-16,1.45679,1.46831,1.45517,1.46521,310349.54
2016-08-17,1.46526,1.47952,1.46392,1.47455,330059.77
2016-08-18,1.47458,1.4782,1.46633,1.47786,364674.66
2016-08-19,1.47786,1.48887,1.47771,1.48399,395283.36
2016-08-21,1.48691,1.4879,1.48334,1.48524,27637.99
2016-08-22,1.48522,1.48775,1.48009,1.4833,394188.89
2016-08-23,1.48331,1.48531,1.47908,1.48463,394338.88
2016-08-24,1.48464,1.48775,1.47607,1.48003,368903.41
2016-08-25,1.48008,1.48518,1.47601,1.48038,319725.27
2016-08-26,1.48038,1.48159,1.46954,1.4801,370990.26
2016-08-28,1.47938,1.48492,1.4783,1.48491,19195.52
2016-08-29,1.48494,1.48713,1.47465,1.47716,372041.56
2016-08-30,1.47716,1.48472,1.47447,1.48195,364490.63
2016-08-31,1.48196,1.48531,1.48012,1.48376,392096.58
2016-09-01,1.48376,1.4849,1.47689,1.48315,420822.95
2016-09-02,1.48317,1.48465,1.4723,1.47246,418650.71
2016-09-04,1.47372,1.47525,1.47216,1.475,14596.01
2016-09-05,1.475,1.47506,1.46833,1.46876,343598.51
2016-09-06,1.46876,1.46876,1.45828,1.46369,443976.32
2016-09-07,1.46369,1.46976,1.46142,1.46557,415132.62
2016-09-08,1.46557,1.47439,1.4579,1.47294,455356.34
2016-09-09,1.47292,1.49005,1.47216,1.48918,422645.63
2016-09-11,1.48942,1.49192,1.4886,1.49024,23664.38
2016-09-12,1.49024,1.49939,1.48436,1.48563,472724.92
2016-09-13,1.48563,1.50905,1.48485,1.50246,494989.58
2016-09-14,1.50245,1.50667,1.49859,1.50301,459567.13
2016-09-15,1.50301,1.50957,1.49432,1.49692,442949.74
2016-09-16,1.49692,1.4991,1.48829,1.48855,330089.1
2016-09-18,1.49018,1.49121,1.48632,1.48731,17166.33
2016-09-19,1.4873,1.4874,1.47663,1.48258,329578.7
2016-09-20,1.48258,1.48388,1.4749,1.4764,337234.68
2016-09-21,1.47636,1.47804,1.46465,1.46584,503989.48
2016-09-22,1.46585,1.47085,1.46316,1.46586,386842.5
2016-09-23,1.46585,1.47604,1.46422,1.47233,386937.19
2016-09-25,1.4735,1.47699,1.4732,1.47577,17465.64
2016-09-26,1.47577,1.47808,1.47085,1.47414,367850.81
2016-09-27,1.47414,1.47708,1.46044,1.46269,428694.78
2016-09-28,1.46269,1.46608,1.45592,1.45874,429320.54
2016-09-29,1.45874,1.47133,1.45573,1.47064,507794.23
2016-09-30,1.47064,1.47432,1.46091,1.46738,437945.64
2016-10-02,1.46653,1.4697,1.46471,1.4697,15870.0
2016-10-03,1.46968,1.46985,1.45762,1.45878,323218.45
2016-10-04,1.45878,1.47355,1.45351,1.47271,458189.1
2016-10-05,1.47268,1.47596,1.46717,1.47054,403990.14
2016-10-06,1.47054,1.47788,1.46849,1.47076,397433.58
2016-10-07,1.47076,1.47691,1.46521,1.47567,477038.83
2016-10-09,1.46868,1.47363,1.46868,1.47282,23625.94
2016-10-10,1.47282,1.47487,1.46303,1.4659,300726.94
2016-10-11,1.4659,1.47525,1.46213,1.46242,400206.08
2016-10-12,1.46248,1.46276,1.45315,1.4576,397733.04
2016-10-13,1.4576,1.46664,1.45747,1.46059,392939.39
2016-10-14,1.46058,1.46133,1.43928,1.43928,352841.57
2016-10-16,1.43872,1.44406,1.43868,1.44365,20026.52
2016-10-17,1.44365,1.44755,1.43874,1.4412,312000.23
2016-10-18,1.4412,1.44122,1.42965,1.43008,301145.01
2016-10-19,1.43008,1.43473,1.41873,1.42035,292939.55
2016-10-20,1.42035,1.44258,1.41835,1.43185,307228.41
2016-10-21,1.43185,1.43264,1.42279,1.42992,290608.96
2016-10-23,1.42954,1.43128,1.42954,1.43105,14353.22
2016-10-24,1.43105,1.43249,1.42444,1.43202,185496.42
2016-10-25,1.43204,1.43204,1.42131,1.42297,144607.6
2016-10-26,1.42299,1.42919,1.41273,1.4263,153898.51
2016-10-27,1.4263,1.4392,1.42521,1.43561,154570.76
2016-10-28,1.43562,1.44849,1.43388,1.44496,161447.9
2016-10-30,1.44732,1.44783,1.44507,1.44587,10169.87
2016-10-31,1.44586,1.44733,1.43799,1.44211,139032.7
2016-11-01,1.44214,1.44689,1.42987,1.44587,187736.41
2016-11-02,1.44603,1.4534,1.44477,1.44985,210367.14
2016-11-03,1.4499,1.45579,1.4415,1.44435,197155.26
2016-11-04,1.4444,1.45186,1.44213,1.451,190953.76
2016-11-06,1.43968,1.44726,1.43953,1.445,14081.74
2016-11-07,1.44503,1.44867,1.42813,1.43164,182595.07
2016-11-08,1.43156,1.43617,1.41597,1.42264,177234.54
2016-11-09,1.42268,1.48815,1.41431,1.42714,393555.78
2016-11-10,1.4272,1.43841,1.40739,1.43084,288108.72
2016-11-11,1.43084,1.44292,1.42925,1.4382,265522.31
2016-11-13,1.43496,1.4365,1.43108,1.43318,15104.46
2016-11-14,1.43318,1.43551,1.41815,1.41986,278011.84
2016-11-15,1.41986,1.43084,1.41792,1.41951,247735.97
2016-11-16,1.41951,1.43501,1.41849,1.42911,241840.04
2016-11-17,1.42914,1.43866,1.42648,1.43534,230319.54
2016-11-18,1.43534,1.44468,1.43122,1.4428,243654.36
2016-11-20,1.44473,1.44703,1.44327,1.4448,14960.51
2016-11-21,1.44482,1.44888,1.44014,1.44196,245539.38
2016-11-22,1.44198,1.44255,1.43415,1.43515,217607.0
2016-11-23,1.43516,1.43649,1.4237,1.42989,211803.11
2016-11-24,1.42991,1.43174,1.42318,1.42378,180920.28
2016-11-25,1.42378,1.42772,1.41798,1.42363,213830.41
2016-11-27,1.42494,1.42546,1.42277,1.42544,8848.29
2016-11-28,1.42543,1.43081,1.41359,1.41681,217445.48
2016-11-29,1.41681,1.42378,1.41523,1.42246,199567.27
2016-11-30,1.42244,1.43734,1.41966,1.43339,237567.47
2016-12-01,1.43339,1.43977,1.43047,1.43651,203077.41
2016-12-02,1.43652,1.44364,1.42706,1.42967,177491.99
2016-12-04,1.42492,1.42635,1.41582,1.42047,30882.75
2016-12-05,1.42047,1.44383,1.4146,1.43943,229619.9
2016-12-06,1.43944,1.45012,1.43416,1.43421,184026.65
2016-12-07,1.43421,1.44483,1.43405,1.43713,157936.34
2016-12-08,1.43711,1.45125,1.42146,1.42399,218504.27
2016-12-09,1.42397,1.42506,1.41182,1.41696,166175.4
2016-12-11,1.41381,1.4192,1.41374,1.41594,9909.25
2016-12-12,1.41593,1.42064,1.41373,1.41948,181772.5
2016-12-13,1.41946,1.42194,1.41251,1.41816,177539.3
2016-12-14,1.41818,1.42386,1.41441,1.41858,210512.08
2016-12-15,1.41856,1.42014,1.40911,1.41397,266633.92
2016-12-16,1.41397,1.43422,1.41397,1.43025,206790.63
2016-12-18,1.43328,1.4359,1.43131,1.43299,11769.83
2016-12-19,1.43292,1.44025,1.43084,1.43471,186440.23
2016-12-20,1.4347,1.43715,1.42923,1.42975,170396.1
2016-12-21,1.42979,1.44281,1.42905,1.44108,165967.12
2016-12-22,1.44108,1.45358,1.43885,1.44546,159769.56
2016-12-23,1.44554,1.45972,1.44426,1.4565,129392.63
2016-12-25,1.45622,1.45906,1.45508,1.45628,5327.3
2016-12-26,1.45634,1.45835,1.44398,1.45589,89886.8
2016-12-27,1.4559,1.45613,1.45177,1.45489,100888.29
2016-12-28,1.45489,1.45542,1.44553,1.44975,138975.0
2016-12-29,1.44975,1.47201,1.44722,1.46036,166868.68
2016-12-30,1.46035,1.46613,1.45479,1.45964,187992.03
2017-01-01,1.45513,1.45793,1.45513,1.45776,235.08
2017-01-02,1.45777,1.46389,1.4519,1.45313,114028.72
2017-01-03,1.45313,1.45561,1.43561,1.4409,176272.87
2017-01-04,1.44088,1.44181,1.4324,1.44019,200936.76
2017-01-05,1.44022,1.44627,1.43824,1.4451,240254.64
2017-01-06,1.4451,1.44693,1.43997,1.44282,195464.76
2017-01-08,1.44288,1.44489,1.4399,1.4399,6681.07
2017-01-09,1.4399,1.44162,1.43361,1.43895,183260.76
2017-01-10,1.43895,1.44283,1.43172,1.43379,199627.88
2017-01-11,1.43378,1.43487,1.41802,1.42272,246623.52
2017-01-12,1.42271,1.42379,1.41561,1.41751,238260.62
2017-01-13,1.41749,1.42533,1.41403,1.41847,199275.32
2017-01-15,1.41715,1.42033,1.41612,1.41721,8818.59
2017-01-16,1.41715,1.42113,1.416,1.41892,162013.74
2017-01-17,1.41889,1.42128,1.41288,1.41663,247151.4
2017-01-18,1.41665,1.41896,1.4113,1.4152,215462.2
2017-01-19,1.41518,1.41775,1.40273,1.40869,241882.86
2017-01-20,1.40866,1.41691,1.40749,1.4154,223789.27
2017-01-22,1.41618,1.41702,1.4146,1.4146,8256.89
2017-01-23,1.41459,1.42234,1.41452,1.41892,212874.4
2017-01-24,1.4189,1.42195,1.41312,1.41321,189615.47
2017-01-25,1.4132,1.42759,1.41214,1.41955,230759.22
2017-01-26,1.41956,1.42285,1.41591,1.41844,211426.25
2017-01-27,1.41853,1.42239,1.41448,1.41649,188428.19
2017-01-29,1.41737,1.41874,1.41587,1.41866,6750.7
2017-01-30,1.41866,1.42157,1.40954,1.41527,174683.33
2017-01-31,1.41527,1.42554,1.41302,1.42527,227140.43
2017-02-01,1.42528,1.42913,1.41856,1.4197,203544.87
2017-02-02,1.41975,1.41975,1.40376,1.40586,196300.43
2017-02-03,1.40585,1.40762,1.39976,1.40255,195261.15
2017-02-05,1.40507,1.40586,1.40352,1.40483,6524.22
2017-02-06,1.40483,1.40759,1.40024,1.40512,189627.28
2017-02-07,1.40512,1.40564,1.39466,1.40118,203110.49
2017-02-08,1.40119,1.40178,1.39379,1.40081,202397.98
2017-02-09,1.40082,1.40399,1.39421,1.39785,189792.28
2017-02-10,1.39785,1.39817,1.38399,1.38547,178388.86
2017-02-12,1.38361,1.38706,1.38353,1.38454,7894.07
2017-02-13,1.38454,1.38907,1.38321,1.38695,165293.56
2017-02-14,1.38695,1.38717,1.37756,1.37925,181190.81
2017-02-15,1.37925,1.38037,1.3725,1.3732,182276.99
2017-02-16,1.3732,1.388,1.37261,1.38632,202451.76
2017-02-17,1.38631,1.39018,1.38284,1.38449,173324.13
2017-02-19,1.38258,1.38623,1.38189,1.3859,8239.72
2017-02-20,1.38589,1.3863,1.37959,1.37959,140965.36
2017-02-21,1.37958,1.38083,1.37185,1.37322,183951.98
2017-02-22,1.37325,1.37506,1.36265,1.37085,182296.49
2017-02-23,1.37085,1.37632,1.36626,1.37225,168462.69
2017-02-24,1.37226,1.38348,1.37083,1.37636,152203.75
2017-02-26,1.37469,1.37811,1.37469,1.37595,8958.61
2017-02-27,1.37597,1.38166,1.3713,1.37894,145092.48
2017-02-28,1.37889,1.38369,1.37665,1.38291,184014.43
2017-03-01,1.38292,1.38345,1.37307,1.3755,225877.27
2017-03-02,1.37549,1.38942,1.37337,1.38749,180935.36
2017-03-03,1.38749,1.39871,1.38748,1.39803,188623.19
2017-03-05,1.398,1.39949,1.39698,1.3984,8143.19
2017-03-06,1.39839,1.4016,1.39245,1.3936,168011.9
2017-03-07,1.39362,1.39425,1.38752,1.39196,167300.25
2017-03-08,1.39196,1.40204,1.38849,1.40092,180499.56
2017-03-09,1.40092,1.41185,1.39918,1.4091,200252.75
2017-03-10,1.40912,1.41801,1.40652,1.41494,181205.3
2017-03-12,1.41352,1.41748,1.41352,1.41735,6926.27
2017-03-13,1.41735,1.41842,1.40553,1.40759,169430.24
2017-03-14,1.40764,1.41121,1.40171,1.40272,159437.0
2017-03-15,1.40272,1.40487,1.38805,1.39333,194671.17
2017-03-16,1.39333,1.40551,1.39025,1.40413,205666.1
2017-03-17,1.40411,1.40453,1.3928,1.3934,161102.0
2017-03-19,1.39497,1.39537,1.39279,1.39388,6143.79
2017-03-20,1.39387,1.39628,1.38733,1.38898,150203.46
2017-03-21,1.38898,1.40941,1.38872,1.4091,193105.15
2017-03-22,1.4091,1.4121,1.40522,1.40708,190818.79
2017-03-23,1.40708,1.41484,1.40655,1.41242,188468.51
2017-03-24,1.41244,1.42085,1.40985,1.41575,161284.08
2017-03-26,1.419,1.42226,1.41764,1.4209,12133.33
2017-03-27,1.42091,1.43106,1.41965,1.42385,165257.92
2017-03-28,1.42385,1.43063,1.41307,1.41327,158423.93
2017-03-29,1.41327,1.41583,1.40074,1.40253,157526.62
2017-03-30,1.40252,1.40604,1.39508,1.39642,161682.65
2017-03-31,1.39641,1.40247,1.39398,1.39617,161689.69
2017-04-02,1.39558,1.39843,1.39538,1.39834,7024.64
2017-04-03,1.39834,1.40564,1.39718,1.40287,147552.97
2017-04-04,1.40289,1.41202,1.40111,1.41089,151302.86
2017-04-05,1.41091,1.41205,1.40459,1.41031,166728.98
2017-04-06,1.41031,1.41716,1.40849,1.41167,159877.34
2017-04-07,1.41162,1.41799,1.41061,1.41122,173576.42
2017-04-09,1.41259,1.41279,1.40892,1.40944,9769.65
2017-04-10,1.40943,1.41571,1.40908,1.41185,139111.95
2017-04-11,1.4119,1.42171,1.40948,1.41439,160633.79
2017-04-12,1.4144,1.42024,1.41252,1.41559,174454.62
2017-04-13,1.41559,1.4164,1.40012,1.40311,159316.71
2017-04-14,1.40309,1.40448,1.3991,1.39992,75277.34
2017-04-16,1.39991,1.4009,1.39852,1.39973,11423.89
2017-04-17,1.39976,1.4032,1.39823,1.40192,97500.11
2017-04-18,1.40194,1.42111,1.40045,1.41916,166797.97
2017-04-19,1.41916,1.42989,1.41849,1.42937,155787.47
2017-04-20,1.42937,1.43356,1.4228,1.42503,147156.75
2017-04-21,1.42502,1.42619,1.41683,1.42124,133258.63
2017-04-23,1.43821,1.44401,1.43627,1.43898,19260.57
2017-04-24,1.43898,1.43898,1.43166,1.43733,154429.65
2017-04-25,1.43733,1.45403,1.43571,1.44969,154902.77
2017-04-26,1.44972,1.4601,1.44695,1.45852,181922.02
2017-04-27,1.45852,1.46413,1.45408,1.45467,172767.36
2017-04-28,1.45462,1.46512,1.45273,1.45427,151849.84
2017-04-30,1.45964,1.45964,1.45477,1.45724,8798.47
2017-05-01,1.45724,1.45735,1.44685,1.44828,90526.84
2017-05-02,1.44828,1.45291,1.44435,1.44951,142038.11
2017-05-03,1.44953,1.46871,1.44897,1.4657,160125.76
2017-05-04,1.46569,1.4837,1.46542,1.48172,183315.92
2017-05-05,1.48171,1.4911,1.48021,1.48125,163462.34
2017-05-07,1.48625,1.48677,1.47852,1.47856,13489.68
2017-05-08,1.47854,1.48535,1.47605,1.47839,163853.65
2017-05-09,1.47841,1.4879,1.47659,1.48277,175686.03
2017-05-10,1.48275,1.48322,1.46952,1.47695,166527.6
2017-05-11,1.47691,1.48162,1.47045,1.47276,154450.96
2017-05-12,1.47276,1.48053,1.4671,1.47918,149141.59
2017-05-14,1.4784,1.47974,1.47733,1.47796,10348.72
2017-05-15,1.47798,1.4811,1.47151,1.47972,141016.69
2017-05-16,1.47972,1.49506,1.47736,1.49471,182266.86
2017-05-17,1.49472,1.5043,1.49332,1.50087,199393.6
2017-05-18,1.50089,1.5075,1.49219,1.49715,216646.04
2017-05-19,1.49715,1.50465,1.4935,1.50265,159960.36
2017-05-21,1.50161,1.50574,1.5014,1.50347,9188.69
2017-05-22,1.50347,1.50721,1.49655,1.50418,157585.64
2017-05-23,1.50418,1.50573,1.49345,1.49631,182565.73
2017-05-24,1.49629,1.50209,1.49395,1.49803,187737.53
2017-05-25,1.498,1.5063,1.49481,1.50373,165611.75
2017-05-26,1.50374,1.51106,1.49805,1.50121,154831.34
2017-05-28,1.5002,1.50294,1.49994,1.50165,6912.28
2017-05-29,1.50159,1.50459,1.49549,1.49591,101509.16
2017-05-30,1.49593,1.50203,1.49287,1.498,158244.77
2017-05-31,1.498,1.51453,1.49431,1.51354,168286.97
2017-06-01,1.51354,1.52269,1.50962,1.51917,160270.01
2017-06-02,1.51913,1.52184,1.51434,1.51513,145313.25
2017-06-04,1.51782,1.51858,1.51586,1.51816,11292.67
2017-06-05,1.51816,1.51862,1.50161,1.50354,129950.61
2017-06-06,1.50355,1.51093,1.49741,1.50047,161103.67
2017-06-07,1.50045,1.50305,1.48227,1.49288,162969.7
2017-06-08,1.49288,1.4949,1.48401,1.4865,174832.41
2017-06-09,1.48654,1.48861,1.48215,1.48605,157937.16
2017-06-11,1.48751,1.48854,1.48711,1.48789,6003.21
2017-06-12,1.4879,1.49092,1.48318,1.48332,133430.51
2017-06-13,1.48338,1.48957,1.48002,1.48727,133825.18
2017-06-14,1.48727,1.48876,1.47545,1.47745,191320.56
2017-06-15,1.47743,1.47975,1.46897,1.46951,176598.68
2017-06-16,1.46954,1.47128,1.46601,1.46868,145184.05
2017-06-18,1.47032,1.47057,1.46894,1.47036,7340.62
2017-06-19,1.47036,1.47546,1.46506,1.46811,142618.38
2017-06-20,1.46807,1.4707,1.46269,1.47014,157428.52
2017-06-21,1.47012,1.47983,1.46908,1.47898,147336.86
2017-06-22,1.479,1.48146,1.4765,1.4783,134199.18
2017-06-23,1.4783,1.48041,1.47339,1.47829,118212.11
2017-06-25,1.48014,1.48034,1.4786,1.47913,7316.76
2017-06-26,1.4791,1.47985,1.47319,1.47451,137933.32
2017-06-27,1.47444,1.49605,1.46816,1.49441,168751.07
2017-06-28,1.4944,1.49984,1.48655,1.48992,187691.45
2017-06-29,1.48989,1.49263,1.48546,1.48828,171968.79
2017-06-30,1.48826,1.48866,1.48218,1.48513,159688.34
2017-07-02,1.48534,1.48698,1.48426,1.48602,7615.84
2017-07-03,1.48602,1.48827,1.48258,1.48346,141346.22
2017-07-04,1.48346,1.49509,1.4799,1.49229,142035.87
2017-07-05,1.49229,1.49658,1.48751,1.49299,159991.43
2017-07-06,1.493,1.50743,1.49035,1.5068,157839.84
2017-07-07,1.50676,1.50708,1.49633,1.49839,151877.02
2017-07-09,1.49895,1.50057,1.49891,1.49941,6483.45
2017-07-10,1.49941,1.50264,1.49764,1.49812,125078.31
2017-07-11,1.49813,1.50368,1.49283,1.50203,154241.86
2017-07-12,1.50204,1.50249,1.48546,1.48675,164957.33
2017-07-13,1.48675,1.48948,1.47061,1.47334,169215.73
2017-07-14,1.47334,1.47489,1.46263,1.4645,154104.48
2017-07-16,1.46531,1.46673,1.464,1.4664,13360.3
2017-07-17,1.4664,1.47345,1.46246,1.47292,163414.18
2017-07-18,1.47291,1.47768,1.45352,1.4583,202521.47
2017-07-19,1.45829,1.45852,1.44724,1.44833,153299.87
2017-07-20,1.44831,1.46478,1.4422,1.46321,202461.6
2017-07-21,1.4632,1.4775,1.46239,1.47331,161493.57
2017-07-23,1.47507,1.47565,1.47046,1.47394,10163.6
2017-07-24,1.47391,1.47583,1.46197,1.46838,158695.82
2017-07-25,1.46839,1.47276,1.4658,1.46811,168863.73
2017-07-26,1.46812,1.47653,1.46474,1.46641,208017.17
2017-07-27,1.4664,1.46673,1.45653,1.46584,205265.31
2017-07-28,1.46582,1.47488,1.4647,1.47059,177202.93
2017-07-30,1.47071,1.47264,1.46994,1.4717,12847.82
2017-07-31,1.47163,1.48085,1.46849,1.47696,170651.89
2017-08-01,1.47696,1.48485,1.47028,1.48439,181797.52
2017-08-02,1.48439,1.49004,1.48242,1.48964,171293.49
2017-08-03,1.48961,1.49587,1.48916,1.49322,173142.66
2017-08-04,1.49326,1.49654,1.48213,1.48433,169330.34
2017-08-06,1.48615,1.48637,1.484,1.48552,14835.19
2017-08-07,1.48552,1.49249,1.48342,1.49054,143301.97
2017-08-08,1.49054,1.4922,1.48246,1.48869,166538.02
2017-08-09,1.48878,1.49371,1.48413,1.4904,190387.27
2017-08-10,1.49037,1.49689,1.4847,1.49577,188415.21
2017-08-11,1.49577,1.50107,1.49382,1.49673,179373.38
2017-08-13,1.49726,1.49863,1.49596,1.49602,11832.23
2017-08-14,1.49603,1.50196,1.49322,1.49897,198829.75
2017-08-15,1.49898,1.50147,1.49584,1.50025,213995.3
2017-08-16,1.50026,1.50035,1.48246,1.48422,208375.98
2017-08-17,1.48417,1.48796,1.4733,1.48766,227779.75
2017-08-18,1.48765,1.4881,1.47941,1.48259,198022.46
2017-08-20,1.48267,1.48322,1.48174,1.48311,9616.03
2017-08-21,1.48312,1.49,1.48076,1.48819,172123.66
2017-08-22,1.48817,1.48959,1.48314,1.48661,179696.69
2017-08-23,1.48662,1.49666,1.48639,1.49353,206026.13
2017-08-24,1.49353,1.49884,1.49222,1.49378,212323.4
2017-08-25,1.49376,1.50346,1.48835,1.50227,201446.1
2017-08-27,1.50666,1.50666,1.50333,1.50481,15703.15
2017-08-28,1.50481,1.51413,1.49988,1.50944,203746.2
2017-08-29,1.50945,1.51739,1.50165,1.50399,247432.17
2017-08-30,1.50399,1.50925,1.49792,1.50397,222943.63
2017-08-31,1.50397,1.50878,1.49718,1.49966,231887.74
2017-09-01,1.49966,1.50437,1.48699,1.48757,212936.85
2017-09-03,1.49475,1.49493,1.49008,1.49179,14678.41
2017-09-04,1.49179,1.49914,1.49088,1.49713,182542.03
2017-09-05,1.4971,1.49787,1.48349,1.48906,243320.73
2017-09-06,1.48912,1.49808,1.48592,1.48923,232967.53
2017-09-07,1.48924,1.49966,1.48715,1.4929,252320.99
2017-09-08,1.49288,1.49441,1.48654,1.49388,234359.65
2017-09-10,1.4911,1.49373,1.4911,1.49297,14328.85
2017-09-11,1.49293,1.49502,1.4881,1.49034,207423.47
2017-09-12,1.49034,1.49401,1.48458,1.49333,203988.67
2017-09-13,1.49331,1.49451,1.48759,1.48969,194985.68
2017-09-14,1.48971,1.49238,1.48124,1.48956,228616.25
2017-09-15,1.48956,1.49668,1.48634,1.49207,200925.38
2017-09-17,1.48946,1.49363,1.48946,1.49297,10759.12
2017-09-18,1.49295,1.50326,1.48714,1.5005,192331.71
2017-09-19,1.50042,1.50321,1.494,1.49817,210402.29
2017-09-20,1.49814,1.49889,1.47918,1.48134,300737.16
2017-09-21,1.48131,1.50677,1.48068,1.50618,327353.9
2017-09-22,1.50613,1.5108,1.49886,1.50032,190739.7
2017-09-24,1.4962,1.49931,1.49573,1.49796,13943.88
2017-09-25,1.49797,1.50081,1.48956,1.49349,211431.47
2017-09-26,1.49349,1.49681,1.49015,1.49602,213564.57
2017-09-27,1.49602,1.49899,1.49092,1.49681,217957.26
2017-09-28,1.49681,1.50744,1.49559,1.50115,195981.92
2017-09-29,1.50121,1.51007,1.50066,1.50794,160949.36
2017-10-01,1.5047,1.50682,1.50414,1.50573,9770.61
2017-10-02,1.50573,1.50627,1.49765,1.49887,183308.92
2017-10-03,1.49887,1.50542,1.49708,1.49914,188586.66
2017-10-04,1.49913,1.49953,1.49439,1.49543,177172.0
2017-10-05,1.49544,1.50482,1.49518,1.50339,173785.89
2017-10-06,1.50337,1.51294,1.50198,1.5095,182840.24
2017-10-08,1.50924,1.51055,1.50883,1.50963,10888.5
2017-10-09,1.50957,1.51489,1.50829,1.5134,138598.26
2017-10-10,1.51339,1.5188,1.51097,1.51708,183945.52
2017-10-11,1.51707,1.52412,1.51441,1.52042,190101.91
2017-10-12,1.5204,1.52136,1.5113,1.51138,177000.03
2017-10-13,1.51138,1.51296,1.49744,1.49784,170656.73
2017-10-15,1.49741,1.49916,1.49703,1.49818,9003.82
2017-10-16,1.49819,1.50383,1.49504,1.50353,169012.96
2017-10-17,1.50353,1.50391,1.49639,1.49957,169916.97
2017-10-18,1.49957,1.50433,1.49823,1.50378,169213.4
2017-10-19,1.50379,1.50577,1.49863,1.50458,190901.07
2017-10-20,1.50457,1.5088,1.50256,1.50707,165030.54
2017-10-22,1.50405,1.50715,1.50394,1.50581,11566.82
2017-10-23,1.50579,1.50699,1.50154,1.50474,162199.22
2017-10-24,1.50473,1.51378,1.50371,1.51222,172295.03
2017-10-25,1.51223,1.5352,1.51057,1.53347,202773.91
2017-10-26,1.53347,1.53924,1.51871,1.51896,200875.21
2017-10-27,1.51894,1.52543,1.5105,1.51168,185831.8
2017-10-29,1.51178,1.51422,1.5107,1.51382,10975.99
2017-10-30,1.51383,1.51778,1.51132,1.51384,161252.51
2017-10-31,1.51384,1.5234,1.5133,1.52112,160706.53
2017-11-01,1.52117,1.52239,1.51203,1.51478,182065.81
2017-11-02,1.51478,1.51534,1.50862,1.51131,157447.35
2017-11-03,1.51134,1.52053,1.51121,1.51699,149224.74
2017-11-05,1.51827,1.51887,1.51699,1.51821,10076.68
2017-11-06,1.51818,1.51941,1.50875,1.51045,167439.21
2017-11-07,1.51042,1.51745,1.50806,1.5155,161461.41
2017-11-08,1.51551,1.51684,1.50862,1.50987,131775.56
2017-11-09,1.50985,1.52009,1.50828,1.51593,162961.97
2017-11-10,1.51595,1.52343,1.51369,1.52183,130029.99
2017-11-12,1.52298,1.52512,1.52271,1.52494,6521.85
2017-11-13,1.52494,1.53277,1.5197,1.53172,121017.74
2017-11-14,1.5317,1.54727,1.52787,1.5452,144179.59
2017-11-15,1.5452,1.56062,1.54506,1.552,166569.59
2017-11-16,1.552,1.55587,1.54839,1.55231,130800.06
2017-11-17,1.55233,1.56565,1.55195,1.55777,131223.69
2017-11-19,1.55753,1.5606,1.55193,1.55359,12732.31
2017-11-20,1.55347,1.55994,1.55057,1.5537,135685.96
2017-11-21,1.55373,1.55915,1.5459,1.54797,159372.29
2017-11-22,1.54795,1.55638,1.54651,1.55176,139112.46
2017-11-23,1.55175,1.55591,1.55108,1.55412,103465.05
2017-11-24,1.5541,1.56737,1.55332,1.56572,117986.68
2017-11-26,1.56529,1.56837,1.56525,1.56705,6081.38
2017-11-27,1.5671,1.56969,1.5615,1.56475,137223.36
2017-11-28,1.56468,1.56882,1.55682,1.55772,153322.54
2017-11-29,1.55778,1.56787,1.55746,1.56631,158526.63
2017-11-30,1.56632,1.57497,1.56133,1.5732,171850.43
2017-12-01,1.57325,1.57703,1.5578,1.56235,188431.6
2017-12-03,1.56144,1.56382,1.56114,1.56245,8527.08
2017-12-04,1.56245,1.56382,1.5563,1.56075,154798.87
2017-12-05,1.56076,1.56091,1.54933,1.55572,161162.09
2017-12-06,1.55572,1.56303,1.54876,1.5598,161717.97
2017-12-07,1.55981,1.5696,1.5596,1.56723,150587.81
2017-12-08,1.56731,1.56839,1.56015,1.56736,141900.54
2017-12-10,1.56589,1.56777,1.56589,1.56748,5497.95
2017-12-11,1.5675,1.56833,1.56251,1.56406,131280.31
2017-12-12,1.56406,1.56588,1.55169,1.55387,135598.35
2017-12-13,1.55387,1.55564,1.54404,1.55128,152894.33
2017-12-14,1.55131,1.55131,1.53475,1.53598,170493.53
2017-12-15,1.53597,1.54101,1.53218,1.53638,147205.26
2017-12-17,1.53587,1.53661,1.53454,1.53568,6663.21
2017-12-18,1.53569,1.54249,1.53419,1.53738,142224.14
2017-12-19,1.53739,1.54694,1.53602,1.54682,145456.57
2017-12-20,1.54682,1.55273,1.54191,1.54827,138391.26
2017-12-21,1.54826,1.55199,1.53798,1.53799,130958.68
2017-12-22,1.53797,1.53875,1.53255,1.53713,128457.56
2017-12-24,1.53536,1.53679,1.53504,1.53521,229.19
2017-12-25,1.53521,1.53814,1.53372,1.53696,7703.47
2017-12-26,1.53698,1.53845,1.53367,1.53385,75373.84
2017-12-27,1.53382,1.53447,1.52791,1.53076,119573.39
2017-12-28,1.53075,1.53486,1.52874,1.53185,115170.38
2017-12-29,1.53185,1.53931,1.53041,1.5372,109507.81
2018-01-01,1.53849,1.54086,1.53678,1.53996,8998.11
2018-01-02,1.53996,1.5429,1.53222,1.54018,134751.36
2018-01-03,1.54018,1.54306,1.53155,1.53446,144833.96
2018-01-04,1.53445,1.5415,1.53124,1.5344,147373.58
2018-01-05,1.5344,1.53942,1.52886,1.52964,134925.78
2018-01-07,1.52881,1.53156,1.52851,1.53152,5494.86
2018-01-08,1.53152,1.53406,1.52536,1.5257,129916.25
2018-01-09,1.5257,1.52739,1.52165,1.52705,151585.08
2018-01-10,1.52705,1.53114,1.52258,1.52359,189519.99
2018-01-11,1.5236,1.53122,1.51545,1.527,182838.77
2018-01-12,1.527,1.54461,1.52603,1.54071,188428.59
2018-01-14,1.54253,1.5429,1.54066,1.54158,6936.53
2018-01-15,1.54158,1.54405,1.53516,1.54092,166018.35
2018-01-16,1.5409,1.54241,1.53407,1.53945,186073.41
2018-01-17,1.53944,1.54094,1.52668,1.52797,219069.31
2018-01-18,1.52797,1.53435,1.5261,1.52811,195239.35
2018-01-19,1.52813,1.53244,1.52689,1.52799,182838.8
2018-01-21,1.53346,1.53379,1.53013,1.5316,7041.52
2018-01-22,1.5316,1.53265,1.52696,1.5305,170951.78
2018-01-23,1.5305,1.53977,1.52849,1.53792,194977.8
2018-01-24,1.53789,1.5412,1.52789,1.53942,215678.86
2018-01-25,1.53943,1.54949,1.53347,1.54321,282666.66
2018-01-26,1.54321,1.54577,1.52946,1.53191,241747.14
2018-01-28,1.53321,1.53321,1.53078,1.53147,8249.75
2018-01-29,1.5315,1.53598,1.52594,1.52922,223219.35
2018-01-30,1.52921,1.53788,1.52774,1.5319,229732.78
2018-01-31,1.5319,1.54244,1.53178,1.5406,267687.4
2018-02-01,1.54063,1.55757,1.53992,1.55608,276103.66
2018-02-02,1.55609,1.5731,1.55581,1.57205,279366.67
2018-02-04,1.57061,1.5758,1.5701,1.57449,15461.25
2018-02-05,1.57448,1.5746,1.56336,1.56975,271437.1
2018-02-06,1.56982,1.57958,1.56414,1.56834,341348.67
2018-02-07,1.56834,1.57461,1.56386,1.5697,270235.91
2018-02-08,1.5697,1.5766,1.5648,1.57407,297437.19
2018-02-09,1.57409,1.57844,1.5647,1.56729,282404.19
2018-02-11,1.5663,1.56771,1.56586,1.56663,7316.77
2018-02-12,1.56662,1.5712,1.56228,1.56528,227898.59
2018-02-13,1.56528,1.5779,1.56074,1.57131,229500.01
2018-02-14,1.57131,1.58167,1.56909,1.57227,275217.36
2018-02-15,1.57228,1.58045,1.5675,1.57396,257464.71
2018-02-16,1.57397,1.57723,1.56761,1.56829,239606.33
2018-02-18,1.56769,1.57002,1.56767,1.5687,6601.78
2018-02-19,1.56873,1.56937,1.56509,1.56778,177690.62
2018-02-20,1.56777,1.56995,1.56058,1.56518,240850.38
2018-02-21,1.56518,1.57519,1.56175,1.57484,251680.73
2018-02-22,1.57484,1.57549,1.56759,1.57244,237532.75
2018-02-23,1.57243,1.57588,1.56709,1.56709,206939.12
2018-02-25,1.56692,1.56812,1.56584,1.56757,9543.17
2018-02-26,1.56758,1.57182,1.56179,1.56872,205904.36
2018-02-27,1.56875,1.57344,1.56601,1.56874,231949.12
2018-02-28,1.56857,1.57227,1.56261,1.57033,227502.3
2018-03-01,1.57034,1.58231,1.57001,1.58027,262062.44
2018-03-02,1.58026,1.59192,1.57867,1.58612,237899.1
2018-03-04,1.58793,1.59219,1.58715,1.58813,15484.62
2018-03-05,1.58813,1.59365,1.58592,1.58871,231137.15
2018-03-06,1.58873,1.59664,1.58233,1.59454,253540.22
2018-03-07,1.59462,1.5977,1.58519,1.58581,255690.36
2018-03-08,1.58585,1.59409,1.57884,1.57951,250517.17
2018-03-09,1.57953,1.58245,1.56758,1.56758,227976.02
2018-03-11,1.56754,1.56842,1.56481,1.56569,9979.67
2018-03-12,1.56569,1.56844,1.56223,1.56737,190402.05
2018-03-13,1.56736,1.57916,1.5648,1.57665,214681.08
2018-03-14,1.57664,1.57761,1.56385,1.57024,211791.83
2018-03-15,1.57025,1.58004,1.56954,1.5798,204415.35
2018-03-16,1.57987,1.59371,1.57845,1.59265,176594.62
2018-03-18,1.59076,1.59315,1.59072,1.59119,9250.81
2018-03-19,1.59119,1.60256,1.58992,1.60045,210851.86
2018-03-20,1.60045,1.60403,1.59212,1.59274,208444.34
2018-03-21,1.59274,1.60005,1.58594,1.58798,240224.89
2018-03-22,1.58795,1.60285,1.58732,1.60141,259083.83
2018-03-23,1.60141,1.60554,1.59436,1.60487,232622.51
2018-03-25,1.60275,1.60525,1.60231,1.60231,8568.54
2018-03-26,1.60232,1.61322,1.59753,1.60628,205562.62
2018-03-27,1.60623,1.61628,1.60521,1.61429,219518.76
2018-03-28,1.61429,1.61907,1.60501,1.607,232085.34
2018-03-29,1.607,1.61178,1.59955,1.6005,214448.57
2018-03-30,1.60047,1.60451,1.59831,1.60338,145999.09
2018-04-01,1.60014,1.60308,1.60013,1.6024,5183.55
2018-04-02,1.60238,1.60848,1.60091,1.60628,130299.82
2018-04-03,1.60626,1.60626,1.59356,1.59833,190040.07
2018-04-04,1.5983,1.60562,1.58982,1.59148,204218.55
2018-04-05,1.59147,1.59965,1.59023,1.59713,204282.79
2018-04-06,1.59715,1.60219,1.59122,1.59993,207862.76
2018-04-08,1.5986,1.60075,1.59718,1.59801,7933.64
2018-04-09,1.598,1.60609,1.59463,1.60014,186617.23
2018-04-10,1.60018,1.60182,1.58907,1.59232,215086.13
2018-04-11,1.59232,1.59946,1.59129,1.59375,184847.52
2018-04-12,1.59375,1.59624,1.587,1.58916,177586.19
2018-04-13,1.58914,1.58968,1.57748,1.58791,162183.2
2018-04-15,1.58666,1.58838,1.5848,1.58643,7136.43
2018-04-16,1.58643,1.59474,1.58551,1.59273,144286.46
2018-04-17,1.5927,1.59545,1.58796,1.59284,149706.92
2018-04-18,1.59283,1.59642,1.58812,1.58935,170046.26
2018-04-19,1.58936,1.59919,1.58488,1.59869,183953.89
2018-04-20,1.59871,1.60299,1.59742,1.60149,173278.49
2018-04-22,1.59914,1.60261,1.5988,1.60252,9412.08
2018-04-23,1.60252,1.60613,1.59747,1.60604,218413.15
2018-04-24,1.60604,1.61137,1.60208,1.60881,223491.13
2018-04-25,1.60885,1.614,1.60643,1.60787,185655.63
2018-04-26,1.60787,1.61099,1.60123,1.60277,201997.5
2018-04-27,1.60277,1.60533,1.59675,1.59956,161042.39
2018-04-29,1.59947,1.60066,1.59924,1.60066,5994.61
2018-04-30,1.60063,1.60562,1.59967,1.60393,152472.16
2018-05-01,1.60393,1.60441,1.59985,1.60256,176020.7
2018-05-02,1.60257,1.60402,1.59343,1.59611,228888.84
2018-05-03,1.59612,1.59667,1.58914,1.59226,223389.02
2018-05-04,1.59227,1.59249,1.58437,1.58609,183877.1
2018-05-06,1.58497,1.58916,1.58487,1.5889,5968.85
2018-05-07,1.5889,1.59156,1.58383,1.58689,167783.23
2018-05-08,1.58696,1.59426,1.58547,1.59347,206663.79
2018-05-09,1.59347,1.59636,1.58681,1.58853,197164.14
2018-05-10,1.58848,1.5903,1.58111,1.58308,216455.09
2018-05-11,1.58306,1.58502,1.57756,1.5826,180767.75
2018-05-13,1.5822,1.58366,1.58207,1.58291,8391.6
2018-05-14,1.58293,1.58835,1.58163,1.58524,173135.95
2018-05-15,1.58524,1.58881,1.58237,1.58279,210400.65
2018-05-16,1.58276,1.58667,1.56895,1.57164,211458.65
2018-05-17,1.57163,1.57294,1.56588,1.57082,200142.29
2018-05-18,1.57082,1.57273,1.56539,1.56668,174645.3
2018-05-20,1.56398,1.56645,1.5624,1.56386,9828.71
2018-05-21,1.56383,1.56446,1.5532,1.55502,174509.22
2018-05-22,1.55498,1.5568,1.54881,1.55543,190264.52
2018-05-23,1.55543,1.56186,1.54617,1.54756,239841.85
2018-05-24,1.54756,1.55263,1.54593,1.54825,219572.17
2018-05-25,1.54825,1.54881,1.54055,1.54276,198881.84
2018-05-27,1.54559,1.5471,1.54449,1.54668,11020.77
2018-05-28,1.5467,1.5495,1.53722,1.54074,176556.95
2018-05-29,1.54076,1.54553,1.53154,1.54174,256305.77
2018-05-30,1.54176,1.54403,1.53635,1.5408,248907.14
2018-05-31,1.5408,1.54652,1.53699,1.54611,230541.16
2018-06-01,1.54609,1.553,1.53946,1.53973,207052.35
2018-06-03,1.54098,1.54238,1.5398,1.54162,6790.03
2018-06-04,1.54166,1.54166,1.52745,1.52903,194955.61
2018-06-05,1.52903,1.53934,1.52843,1.53805,212222.08
2018-06-06,1.53805,1.53914,1.52822,1.53727,194037.94
2018-06-07,1.53725,1.55125,1.53706,1.54862,210986.13
2018-06-08,1.54859,1.55577,1.54767,1.54883,201429.73
2018-06-10,1.55051,1.55088,1.5484,1.55,5425.62
2018-06-11,1.54999,1.55259,1.5471,1.54823,146445.83
2018-06-12,1.54822,1.55192,1.54427,1.5509,178906.22
2018-06-13,1.55092,1.55955,1.54889,1.55924,173334.48
2018-06-14,1.55926,1.5693,1.54268,1.54886,202357.05
2018-06-15,1.54884,1.56031,1.54835,1.55928,178608.61
2018-06-17,1.55645,1.55892,1.55639,1.55795,7246.05
2018-06-18,1.55796,1.57256,1.5544,1.57077,161196.86
2018-06-19,1.57084,1.57514,1.56387,1.56809,213014.75
2018-06-20,1.56807,1.5722,1.56182,1.57044,191606.45
2018-06-21,1.57047,1.5743,1.56318,1.57311,235410.45
2018-06-22,1.57311,1.57553,1.56525,1.56611,246809.2
2018-06-24,1.56694,1.56886,1.56647,1.56741,7619.24
2018-06-25,1.56723,1.58181,1.56576,1.57914,197591.13
2018-06-26,1.57913,1.58227,1.57473,1.5759,218905.53
2018-06-27,1.57589,1.58257,1.56968,1.57496,265651.64
2018-06-28,1.57503,1.57851,1.5713,1.57365,223694.46
2018-06-29,1.57371,1.58086,1.57208,1.57625,240093.36
2018-07-01,1.57714,1.57858,1.57468,1.57851,13103.29
2018-07-02,1.57851,1.58702,1.57627,1.58637,191413.42
2018-07-03,1.58636,1.58874,1.57476,1.58007,206948.1
2018-07-04,1.58006,1.58095,1.57274,1.58002,167058.89
2018-07-05,1.58004,1.58701,1.57866,1.58279,210086.94
2018-07-06,1.58281,1.58502,1.57788,1.5802,186482.66
2018-07-08,1.57842,1.58147,1.57833,1.58012,11031.33
2018-07-09,1.58012,1.5804,1.57225,1.57369,192153.48
2018-07-10,1.5737,1.58257,1.56999,1.58141,196047.88
2018-07-11,1.5814,1.5881,1.57933,1.58506,233066.69
2018-07-12,1.58506,1.58574,1.57405,1.57467,186792.07
2018-07-13,1.57463,1.57722,1.57126,1.57361,168937.68
2018-07-15,1.57489,1.5759,1.57338,1.5742,7690.05
2018-07-16,1.57422,1.57971,1.57177,1.57931,177139.64
2018-07-17,1.57931,1.58278,1.57532,1.57947,201204.35
2018-07-18,1.57947,1.58303,1.57271,1.5739,199526.69
2018-07-19,1.57386,1.58462,1.56564,1.58289,238365.13
2018-07-20,1.58286,1.58899,1.57805,1.57956,227186.11
2018-07-22,1.57921,1.5805,1.57859,1.57972,11186.91
2018-07-23,1.57969,1.58629,1.57916,1.58443,180436.23
2018-07-24,1.58439,1.58691,1.57264,1.57346,181311.79
2018-07-25,1.57351,1.58075,1.57012,1.57352,195317.25
2018-07-26,1.57352,1.58066,1.57292,1.57749,197792.02
2018-07-27,1.57749,1.57879,1.57199,1.57434,176587.65
2018-07-29,1.57452,1.57587,1.57378,1.57583,5245.17
2018-07-30,1.57583,1.58193,1.57444,1.58032,144617.03
2018-07-31,1.58031,1.58197,1.57234,1.57543,182465.23
2018-08-01,1.57542,1.57888,1.57389,1.57501,166635.23
2018-08-02,1.57501,1.5793,1.57264,1.57415,159802.75
2018-08-03,1.57415,1.57504,1.56268,1.56268,160394.63
2018-08-05,1.56326,1.56452,1.56292,1.56363,4678.38
2018-08-06,1.56363,1.56577,1.56149,1.56479,135661.78
2018-08-07,1.56479,1.56501,1.55796,1.56254,147686.06
2018-08-08,1.56255,1.56752,1.56062,1.56322,147503.31
2018-08-09,1.56322,1.56481,1.55881,1.56306,169388.13
2018-08-10,1.56297,1.57023,1.56065,1.56343,218707.07
2018-08-12,1.56225,1.56477,1.56163,1.56342,11387.11
2018-08-13,1.5634,1.56958,1.56291,1.56899,200462.8
2018-08-14,1.56898,1.57269,1.56609,1.56808,184946.17
2018-08-15,1.56808,1.57161,1.56505,1.56801,195706.62
2018-08-16,1.56799,1.57214,1.56284,1.56655,200357.9
2018-08-17,1.56655,1.56832,1.56301,1.56316,161361.9
2018-08-19,1.56333,1.56514,1.56309,1.56494,4559.35
2018-08-20,1.56493,1.56657,1.56023,1.56634,151926.65
2018-08-21,1.56632,1.57409,1.56485,1.57245,177699.19
2018-08-22,1.57248,1.58001,1.57223,1.5797,169755.73
2018-08-23,1.57969,1.5935,1.57957,1.59331,170951.51
2018-08-24,1.59334,1.59463,1.58298,1.5856,161274.23
2018-08-26,1.58469,1.58657,1.58397,1.58588,8650.73
2018-08-27,1.58593,1.59059,1.5851,1.58972,149965.9
2018-08-28,1.58972,1.59541,1.58948,1.592,174658.47
2018-08-29,1.59199,1.60552,1.59126,1.60155,168570.18
2018-08-30,1.60157,1.6084,1.59841,1.60625,175095.15
2018-08-31,1.60623,1.61601,1.60614,1.6122,180833.31
2018-09-02,1.61216,1.61441,1.61198,1.61329,6047.02
2018-09-03,1.61327,1.6172,1.6076,1.61123,130705.28
2018-09-04,1.61123,1.61506,1.6041,1.61266,179092.9
2018-09-05,1.61264,1.62018,1.60704,1.61685,186943.09
2018-09-06,1.61687,1.62211,1.61311,1.61598,188456.47
2018-09-07,1.61599,1.6289,1.61555,1.62492,191379.99
2018-09-09,1.62553,1.6267,1.62455,1.6249,5854.29
2018-09-10,1.6249,1.63194,1.62247,1.63066,153394.76
2018-09-11,1.63067,1.63536,1.62814,1.63065,165885.69
2018-09-12,1.63065,1.63398,1.61973,1.62113,180571.13
2018-09-13,1.62119,1.6268,1.61368,1.62668,176409.5
2018-09-14,1.62668,1.62858,1.62269,1.62432,159254.91
2018-09-16,1.62379,1.62733,1.62379,1.62723,4955.55
2018-09-17,1.62723,1.63314,1.62356,1.6331,153545.82
2018-09-18,1.6331,1.63329,1.61474,1.61637,190779.9
2018-09-19,1.61637,1.61674,1.60517,1.60819,181707.47
2018-09-20,1.60816,1.61701,1.60654,1.61603,175847.16
2018-09-21,1.61602,1.6176,1.61104,1.61137,167749.48
2018-09-23,1.61552,1.61639,1.61407,1.61452,6320.48
2018-09-24,1.61452,1.62428,1.61336,1.62041,151321.3
2018-09-25,1.62051,1.62535,1.61843,1.6228,155501.44
2018-09-26,1.6228,1.62314,1.61206,1.61884,180534.35
2018-09-27,1.61888,1.62109,1.61454,1.615,177687.68
2018-09-28,1.61501,1.61578,1.60299,1.60717,170019.31
2018-09-30,1.60715,1.60766,1.60464,1.60649,5977.88
2018-10-01,1.60649,1.60934,1.60109,1.60172,180313.56
2018-10-02,1.60165,1.60823,1.59852,1.6071,188770.1
2018-10-03,1.60709,1.61805,1.60646,1.61729,203016.15
2018-10-04,1.61726,1.6279,1.61502,1.62651,200992.59
2018-10-05,1.62651,1.63525,1.62489,1.63349,180867.8
2018-10-07,1.63244,1.63455,1.63193,1.63341,8653.98
2018-10-08,1.63341,1.63471,1.62246,1.62527,168347.7
2018-10-09,1.62522,1.62616,1.61624,1.61678,190423.92
2018-10-10,1.6168,1.63526,1.61467,1.63266,204515.37
2018-10-11,1.63266,1.63573,1.62283,1.62674,265198.75
2018-10-12,1.62677,1.63012,1.61783,1.6241,190988.76
2018-10-14,1.62232,1.62584,1.62232,1.62513,7750.34
2018-10-15,1.62511,1.62693,1.62078,1.62317,198115.6
2018-10-16,1.62319,1.6284,1.61907,1.6216,178684.5
2018-10-17,1.62156,1.62263,1.61587,1.61733,179979.02
2018-10-18,1.61733,1.61802,1.61028,1.61405,207988.66
2018-10-19,1.61405,1.61846,1.60485,1.61668,204027.31
2018-10-21,1.61793,1.61864,1.61512,1.61809,8130.58
2018-10-22,1.6181,1.62272,1.61619,1.621,200737.8
2018-10-23,1.62101,1.62495,1.61727,1.61734,218911.46
2018-10-24,1.61733,1.61891,1.60529,1.61379,232435.58
2018-10-25,1.61379,1.61607,1.60333,1.60637,219923.11
2018-10-26,1.60637,1.6189,1.60524,1.60794,231174.76
2018-10-28,1.605,1.60719,1.60499,1.60593,8246.2
2018-10-29,1.60594,1.61496,1.60283,1.61065,218667.78
2018-10-30,1.61065,1.61161,1.59551,1.59827,209243.73
2018-10-31,1.59829,1.60345,1.59579,1.5974,188563.18
2018-11-01,1.5974,1.59814,1.58167,1.58255,205643.34
2018-11-02,1.58254,1.58531,1.57418,1.58219,212301.07
2018-11-04,1.58296,1.58421,1.58198,1.58321,9150.35
2018-11-05,1.58321,1.58514,1.5794,1.58182,177646.11
2018-11-06,1.58181,1.58316,1.57542,1.57954,184977.91
2018-11-07,1.57968,1.58256,1.56964,1.5715,222543.44
2018-11-08,1.57148,1.57332,1.56324,1.5645,206741.16
2018-11-09,1.5645,1.56969,1.5635,1.56771,205910.69
2018-11-11,1.56738,1.56876,1.56645,1.56687,8556.27
2018-11-12,1.56686,1.56863,1.56132,1.5643,189801.03
2018-11-13,1.56428,1.56733,1.55746,1.56423,216271.53
2018-11-14,1.56422,1.56926,1.56227,1.56388,225969.1
2018-11-15,1.56389,1.56438,1.55193,1.55726,226591.45
2018-11-16,1.55725,1.56429,1.55528,1.55682,188253.39
2018-11-18,1.56132,1.5614,1.5585,1.55968,10966.73
2018-11-19,1.55968,1.57225,1.55772,1.56997,156029.83
2018-11-20,1.56997,1.57814,1.56695,1.57569,188499.76
2018-11-21,1.57565,1.5765,1.56626,1.56813,146182.69
2018-11-22,1.5681,1.57575,1.56719,1.57266,116926.72
2018-11-23,1.57266,1.57552,1.56477,1.5659,126882.4
2018-11-25,1.56801,1.56867,1.56609,1.56746,5812.44
2018-11-26,1.56745,1.57025,1.56334,1.56882,144136.04
2018-11-27,1.56884,1.57045,1.55956,1.56278,164537.02
2018-11-28,1.56278,1.56282,1.55176,1.55685,161255.95
2018-11-29,1.55682,1.55894,1.55055,1.55579,167181.53
2018-11-30,1.5558,1.55803,1.54655,1.54722,156710.72
2018-12-02,1.53807,1.5405,1.53688,1.53804,8913.64
2018-12-03,1.53804,1.54417,1.53461,1.54336,144763.8
2018-12-04,1.54337,1.54651,1.5403,1.54418,182851.31
2018-12-05,1.54416,1.56316,1.54216,1.56211,137559.68
2018-12-06,1.56211,1.57851,1.56177,1.57254,209284.31
2018-12-07,1.57254,1.58447,1.57156,1.58022,173348.97
2018-12-09,1.58489,1.58852,1.58309,1.58744,8766.11
2018-12-10,1.58744,1.58787,1.57755,1.57908,370532.69
2018-12-11,1.57911,1.58174,1.56808,1.56961,193031.01
2018-12-12,1.56961,1.57635,1.56724,1.57563,174487.27
2018-12-13,1.57563,1.57645,1.56726,1.57319,157624.62
2018-12-14,1.57318,1.58225,1.57184,1.57489,153147.58
2018-12-16,1.57461,1.57613,1.57411,1.57533,14437.34
2018-12-17,1.57533,1.58217,1.57494,1.58132,143756.74
2018-12-18,1.58123,1.58543,1.57653,1.58225,173995.89
2018-12-19,1.58223,1.60365,1.58058,1.60073,228569.73
2018-12-20,1.60073,1.61424,1.59723,1.60985,279583.79
2018-12-21,1.60987,1.61698,1.60242,1.61618,242589.27
2018-12-23,1.61457,1.61531,1.61254,1.61316,5461.38
2018-12-24,1.61319,1.62035,1.6105,1.61659,179546.29
2018-12-25,1.61659,1.62115,1.61438,1.61958,11162.81
2018-12-26,1.61957,1.62272,1.6047,1.6058,128101.0
2018-12-27,1.60577,1.63153,1.60551,1.62478,272709.23
2018-12-28,1.62478,1.62686,1.62021,1.62482,226868.73
2018-12-30,1.62313,1.62431,1.62262,1.62392,6035.3
2018-12-31,1.62393,1.62687,1.61615,1.62547,155835.41
2019-01-01,1.62562,1.62756,1.62427,1.62601,7316.64
2019-01-02,1.62605,1.66515,1.61889,1.63538,274525.92
2019-01-03,1.63534,1.64075,1.6231,1.6256,295112.47
2019-01-04,1.62563,1.63053,1.60004,1.60039,270703.17
2019-01-06,1.60108,1.60356,1.60077,1.60165,8362.87
2019-01-07,1.60166,1.60865,1.59968,1.60656,228514.36
2019-01-08,1.60655,1.6075,1.5975,1.59888,247792.44
2019-01-09,1.59889,1.61103,1.5969,1.61025,250226.5
2019-01-10,1.61023,1.61534,1.59886,1.60114,229338.9
2019-01-11,1.6011,1.60233,1.58837,1.58887,209257.97
2019-01-13,1.58796,1.59177,1.58796,1.5912,5700.77
2019-01-14,1.59118,1.5989,1.58897,1.5935,207969.44
2019-01-15,1.59344,1.59344,1.58281,1.58372,241951.79
2019-01-16,1.5837,1.59125,1.58051,1.58931,203108.24
2019-01-17,1.58935,1.59218,1.57835,1.58443,214431.47
2019-01-18,1.58444,1.58803,1.57738,1.58635,191738.46
2019-01-20,1.5851,1.58737,1.58502,1.58654,4584.91
2019-01-21,1.58656,1.59147,1.58418,1.58797,173884.86
2019-01-22,1.58797,1.59658,1.58787,1.59561,203433.87
2019-01-23,1.59563,1.59734,1.58925,1.59315,202527.8
2019-01-24,1.59316,1.60373,1.58904,1.59506,251628.41
2019-01-25,1.59509,1.59814,1.58805,1.58822,215148.34
2019-01-27,1.58846,1.59004,1.58759,1.58979,5985.95
2019-01-28,1.58977,1.59689,1.58504,1.5949,179309.39
2019-01-29,1.59492,1.6005,1.59401,1.59763,223503.35
2019-01-30,1.59763,1.59874,1.5805,1.58324,259604.67
2019-01-31,1.58324,1.58562,1.57207,1.57423,246730.88
2019-02-01,1.57422,1.58171,1.57284,1.58001,214483.26
2019-02-03,1.57971,1.58139,1.57968,1.58026,6731.86
2019-02-04,1.58027,1.58587,1.57941,1.58526,186384.91
2019-02-05,1.58527,1.58977,1.57296,1.5752,194983.08
2019-02-06,1.5752,1.59984,1.57438,1.59834,211067.07
2019-02-07,1.59835,1.60142,1.5925,1.59811,198049.21
2019-02-08,1.59814,1.60594,1.59635,1.59671,170724.95
2019-02-10,1.59608,1.59684,1.59292,1.59472,6909.04
2019-02-11,1.59472,1.59983,1.59338,1.59688,190674.64
2019-02-12,1.59687,1.5982,1.59041,1.59536,200985.77
2019-02-13,1.59536,1.59722,1.58608,1.5884,197999.42
2019-02-14,1.5884,1.59457,1.58214,1.58982,224495.25
2019-02-15,1.58983,1.59406,1.58021,1.58109,192164.19
2019-02-17,1.58203,1.58233,1.57995,1.58071,6784.23
2019-02-18,1.58071,1.58724,1.58024,1.5861,159540.85
2019-02-19,1.58612,1.5914,1.58149,1.58205,195632.11
2019-02-20,1.58206,1.58663,1.58155,1.58267,210761.77
2019-02-21,1.58268,1.60193,1.57422,1.59522,253138.1
2019-02-22,1.59522,1.60012,1.58705,1.58897,205453.73
2019-02-24,1.58742,1.58939,1.58435,1.58461,10617.86
2019-02-25,1.58464,1.5892,1.58093,1.58446,192349.66
2019-02-26,1.58451,1.59003,1.58221,1.58375,193971.86
2019-02-27,1.58376,1.59626,1.58197,1.59183,228334.53
2019-02-28,1.59189,1.60456,1.58779,1.60138,226778.29
2019-03-01,1.60138,1.60715,1.59825,1.6043,186289.27
2019-03-03,1.60011,1.60358,1.60011,1.60215,11554.03
2019-03-04,1.60215,1.60557,1.59694,1.59888,188345.77
2019-03-05,1.59888,1.60372,1.59484,1.59515,186214.24
2019-03-06,1.59516,1.61214,1.59407,1.60871,186348.66
2019-03-07,1.6087,1.61103,1.5933,1.59425,209349.86
2019-03-08,1.59425,1.60013,1.59301,1.59398,217263.33
2019-03-10,1.59686,1.59735,1.59479,1.59583,6214.97
2019-03-11,1.59584,1.59783,1.5896,1.59198,161559.29
2019-03-12,1.59198,1.59968,1.58945,1.59801,178089.36
2019-03-13,1.59801,1.6012,1.59523,1.59891,161688.65
2019-03-14,1.59891,1.60567,1.59885,1.59965,181982.07
2019-03-15,1.59965,1.60029,1.59593,1.59806,140433.91
2019-03-17,1.59703,1.5996,1.5969,1.59791,5094.32
2019-03-18,1.59791,1.59904,1.59299,1.59682,142981.81
2019-03-19,1.59682,1.6021,1.59476,1.60191,149544.98
2019-03-20,1.6019,1.60767,1.59677,1.60203,198790.95
2019-03-21,1.60203,1.60225,1.59482,1.60041,222216.21
2019-03-22,1.60042,1.60206,1.58873,1.59576,226520.01
2019-03-24,1.59463,1.59664,1.59435,1.59517,7485.27
2019-03-25,1.59518,1.59821,1.58988,1.59006,194576.92
2019-03-26,1.59003,1.59049,1.57798,1.57962,181811.34
2019-03-27,1.57958,1.59162,1.57893,1.58829,214906.89
2019-03-28,1.58838,1.59031,1.5833,1.58545,193538.38
2019-03-29,1.58551,1.58732,1.57933,1.58045,178365.54
2019-03-31,1.57669,1.57966,1.57665,1.57789,6875.92
2019-04-01,1.57789,1.57912,1.57447,1.57594,168369.57
2019-04-02,1.57596,1.58765,1.57126,1.58742,167559.63
2019-04-03,1.58743,1.58787,1.57618,1.57982,168837.84
2019-04-04,1.57982,1.58106,1.57526,1.57855,145724.65
2019-04-05,1.57852,1.58138,1.57499,1.57777,128908.36
2019-04-07,1.57798,1.57991,1.57718,1.57986,5438.75
2019-04-08,1.57987,1.58403,1.57912,1.5805,140336.17
2019-04-09,1.5805,1.58232,1.576,1.58044,141773.82
2019-04-10,1.58045,1.5834,1.5712,1.57339,172065.64
2019-04-11,1.57339,1.58173,1.57326,1.58079,147685.49
2019-04-12,1.58079,1.58524,1.5736,1.57478,152869.03
2019-04-14,1.57414,1.57642,1.57353,1.57618,6279.58
2019-04-15,1.57623,1.57894,1.57447,1.57582,132943.91
2019-04-16,1.57584,1.58342,1.572,1.575,167883.63
2019-04-17,1.575,1.57698,1.56828,1.57486,152441.65
2019-04-18,1.57487,1.57648,1.56953,1.57197,160566.53
2019-04-19,1.57197,1.57344,1.57014,1.57061,68283.4
2019-04-21,1.57026,1.57311,1.57026,1.57301,3852.41
2019-04-22,1.57298,1.57883,1.57228,1.57826,69225.32
2019-04-23,1.57826,1.5828,1.57755,1.58183,137738.4
2019-04-24,1.58185,1.59582,1.58097,1.59015,177305.51
2019-04-25,1.59014,1.59305,1.58556,1.58682,154555.34
2019-04-26,1.58679,1.58798,1.58061,1.58295,159621.69
2019-04-28,1.58252,1.5839,1.582,1.58297,4370.67
2019-04-29,1.58295,1.58548,1.58055,1.58531,110592.03
2019-04-30,1.58529,1.59467,1.58274,1.59091,155652.43
2019-05-01,1.59091,1.59885,1.58965,1.59708,128788.78
2019-05-02,1.59707,1.59905,1.59398,1.59754,153430.45
2019-05-03,1.59754,1.59942,1.59197,1.59453,135570.59
2019-05-05,1.60185,1.60411,1.59901,1.60369,12381.84
2019-05-06,1.6037,1.60637,1.59824,1.6018,131139.29
2019-05-07,1.60177,1.60418,1.59049,1.59659,155772.85
2019-05-08,1.59658,1.60189,1.59454,1.60152,168577.7
2019-05-09,1.60151,1.61207,1.60098,1.60543,189761.84
2019-05-10,1.60542,1.60837,1.60031,1.60475,187394.92
2019-05-12,1.60595,1.60879,1.60327,1.60878,7957.11
2019-05-13,1.60878,1.61878,1.60773,1.61725,150699.46
2019-05-14,1.61725,1.61951,1.61259,1.61475,145344.29
2019-05-15,1.61475,1.62043,1.61457,1.61803,143359.23
2019-05-16,1.61803,1.62516,1.61724,1.62113,128260.41
2019-05-17,1.62113,1.62612,1.62059,1.62409,134794.45
2019-05-19,1.6142,1.62001,1.61394,1.61754,7348.63
2019-05-20,1.61753,1.61787,1.60959,1.61361,120587.39
2019-05-21,1.6136,1.62515,1.61264,1.62196,131033.21
2019-05-22,1.62196,1.62378,1.6194,1.62195,116199.12
2019-05-23,1.62196,1.62375,1.61741,1.62121,145449.64
2019-05-24,1.62119,1.62466,1.61628,1.61708,109937.69
2019-05-26,1.61655,1.61797,1.61603,1.61712,4186.43
2019-05-27,1.61712,1.6187,1.61525,1.61741,71434.89
2019-05-28,1.61737,1.61811,1.61088,1.6126,138475.4
2019-05-29,1.61256,1.61389,1.60838,1.60962,150143.3
2019-05-30,1.60959,1.6124,1.60499,1.6117,132993.61
2019-05-31,1.61167,1.61444,1.60686,1.60958,187061.9
2019-06-02,1.61084,1.61264,1.60846,1.61254,10513.3
2019-06-03,1.61253,1.61348,1.60675,1.61329,189956.42
2019-06-04,1.61328,1.61597,1.60778,1.60971,181899.59
2019-06-05,1.60971,1.61499,1.60814,1.61102,189131.87
2019-06-06,1.61101,1.61784,1.60743,1.61676,193609.24
2019-06-07,1.61677,1.61969,1.61446,1.61822,174612.63
2019-06-09,1.6153,1.6186,1.61514,1.61795,7262.65
2019-06-10,1.61794,1.62646,1.61774,1.62583,146606.09
2019-06-11,1.62585,1.62875,1.62413,1.62751,174546.51
2019-06-12,1.6275,1.63262,1.62738,1.62943,172392.63
2019-06-13,1.62944,1.63621,1.62729,1.63203,160933.05
2019-06-14,1.63202,1.63631,1.63013,1.63105,157331.33
2019-06-16,1.63023,1.63192,1.62992,1.63064,6241.84
2019-06-17,1.63063,1.63875,1.62977,1.63806,113635.88
2019-06-18,1.63805,1.64476,1.62697,1.62721,174406.75
2019-06-19,1.62719,1.63434,1.62648,1.63182,162172.14
2019-06-20,1.63181,1.63627,1.62957,1.63181,207777.41
2019-06-21,1.63184,1.64164,1.62865,1.64099,188247.61
2019-06-23,1.63984,1.6412,1.63883,1.63888,9915.15
2019-06-24,1.6389,1.63999,1.63465,1.63641,155529.85
2019-06-25,1.63634,1.63991,1.63154,1.63314,220128.45
2019-06-26,1.63316,1.63333,1.62409,1.62814,167098.13
2019-06-27,1.62814,1.62824,1.62161,1.62324,157385.79
2019-06-28,1.62324,1.62546,1.6182,1.61898,147079.81
2019-06-30,1.61526,1.6179,1.61469,1.61756,11659.19
2019-07-01,1.61755,1.62588,1.61723,1.62043,157546.67
2019-07-02,1.62042,1.62079,1.61273,1.61416,140426.42
2019-07-03,1.61415,1.61652,1.60251,1.6053,133789.71
2019-07-04,1.60533,1.60816,1.60244,1.60642,78518.09
2019-07-05,1.60639,1.61106,1.60363,1.60795,135455.34
2019-07-07,1.60823,1.60908,1.60725,1.60806,3928.23
2019-07-08,1.60803,1.60965,1.60489,1.60852,98116.02
2019-07-09,1.6085,1.61887,1.60814,1.6178,106230.87
2019-07-10,1.61781,1.62304,1.61528,1.6179,137956.14
2019-07-11,1.61791,1.61898,1.61161,1.61352,142867.67
2019-07-12,1.61354,1.61371,1.60452,1.60493,122847.15
2019-07-14,1.60527,1.60634,1.60485,1.60622,3272.92
2019-07-15,1.60622,1.60726,1.59877,1.59984,100517.02
2019-07-16,1.59983,1.60098,1.59448,1.59802,142815.74
2019-07-17,1.59802,1.60338,1.59706,1.60189,122793.71
2019-07-18,1.60188,1.60335,1.59228,1.59318,176736.8
2019-07-19,1.59315,1.59479,1.58946,1.59249,157111.96
2019-07-21,1.59226,1.59315,1.59179,1.5926,4354.72
2019-07-22,1.59263,1.59525,1.58938,1.59384,107755.08
2019-07-23,1.59383,1.59466,1.58932,1.594,108122.95
2019-07-24,1.59395,1.59758,1.59335,1.59668,112925.99
2019-07-25,1.59664,1.609,1.59201,1.60336,157823.26
2019-07-26,1.60332,1.611,1.60276,1.61007,99068.13
2019-07-28,1.61066,1.61163,1.60963,1.61154,2920.36
2019-07-29,1.61151,1.61548,1.60923,1.61514,86699.69
2019-07-30,1.6151,1.62321,1.61273,1.62279,110271.99
2019-07-31,1.62279,1.62462,1.61458,1.61744,190198.62
2019-08-01,1.61742,1.63138,1.6107,1.62884,214656.41
2019-08-02,1.62884,1.63917,1.6256,1.63316,227071.52
2019-08-04,1.63369,1.6357,1.63369,1.63569,7332.86
2019-08-05,1.63572,1.6624,1.63529,1.66225,219852.49
2019-08-06,1.66223,1.66257,1.64575,1.65697,204786.92
2019-08-07,1.65698,1.6786,1.65306,1.65794,250295.42
2019-08-08,1.65794,1.66051,1.64132,1.6423,187379.46
2019-08-09,1.6423,1.65222,1.64055,1.65023,155933.38
2019-08-11,1.65035,1.65395,1.65008,1.65357,9347.64
2019-08-12,1.65354,1.66232,1.64761,1.66024,185376.32
2019-08-13,1.6602,1.66193,1.63935,1.64432,229249.95
2019-08-14,1.64433,1.65941,1.64132,1.64962,243575.77
2019-08-15,1.6496,1.64983,1.63565,1.64045,266493.14
2019-08-16,1.64045,1.64087,1.63079,1.63534,172888.22
2019-08-18,1.63562,1.63649,1.63416,1.63442,7806.48
2019-08-19,1.63438,1.64082,1.63352,1.64031,127968.16
2019-08-20,1.64028,1.64046,1.63088,1.63814,144633.45
2019-08-21,1.63814,1.6384,1.63232,1.6346,137162.13
2019-08-22,1.63465,1.64189,1.63441,1.64054,189744.73
2019-08-23,1.64052,1.65256,1.63568,1.64955,244048.34
2019-08-25,1.65472,1.66803,1.65245,1.66146,27710.17
2019-08-26,1.66145,1.66149,1.6363,1.63977,307121.76
2019-08-27,1.63974,1.64697,1.63837,1.64169,210007.76
2019-08-28,1.64166,1.64653,1.63953,1.64472,206948.68
2019-08-29,1.64472,1.65011,1.63964,1.64182,207748.65
2019-08-30,1.64182,1.64735,1.63065,1.63065,201638.95
2019-09-01,1.63329,1.63519,1.6319,1.63397,21302.22
2019-09-02,1.63395,1.63516,1.62976,1.63353,118151.78
2019-09-03,1.63351,1.63515,1.62174,1.62231,199603.59
2019-09-04,1.62228,1.62468,1.61764,1.62351,178563.79
2019-09-05,1.62348,1.6241,1.61571,1.61977,193998.9
2019-09-06,1.61977,1.62035,1.60889,1.60943,173194.89
2019-09-08,1.61162,1.61162,1.6089,1.60963,8071.05
2019-09-09,1.60963,1.612,1.60484,1.60931,149380.74
2019-09-10,1.6093,1.61186,1.60758,1.61118,151223.86
2019-09-11,1.61115,1.61283,1.60117,1.60187,144321.77
2019-09-12,1.60186,1.61276,1.59053,1.61091,215092.2
2019-09-13,1.61088,1.61668,1.60685,1.60895,151283.34
2019-09-15,1.61289,1.61323,1.60956,1.61129,13629.54
2019-09-16,1.61129,1.61309,1.6014,1.6035,170880.73
2019-09-17,1.60348,1.61381,1.60293,1.61282,179582.84
2019-09-18,1.61282,1.61824,1.61265,1.61631,174671.52
2019-09-19,1.6163,1.63015,1.61625,1.62625,177949.68
2019-09-20,1.62622,1.62968,1.62226,1.62858,155178.04
2019-09-22,1.62591,1.6285,1.62551,1.62779,6991.08
2019-09-23,1.62779,1.6284,1.62006,1.62301,161329.55
2019-09-24,1.62296,1.62403,1.6154,1.62018,156959.7
2019-09-25,1.62018,1.62831,1.61672,1.62129,162512.98
2019-09-26,1.62128,1.62365,1.6144,1.61724,159157.89
2019-09-27,1.61724,1.62195,1.61315,1.61663,152654.81
2019-09-29,1.61802,1.61951,1.61707,1.61823,8479.68
2019-09-30,1.61818,1.62143,1.61193,1.6145,164065.46
2019-10-01,1.61449,1.63388,1.60743,1.62992,233320.27
2019-10-02,1.62993,1.63678,1.62775,1.63393,201146.26
2019-10-03,1.6339,1.63427,1.62565,1.62719,201045.3
2019-10-04,1.62718,1.62751,1.62079,1.6211,175104.47
2019-10-06,1.62483,1.62532,1.62261,1.62385,10279.57
2019-10-07,1.62379,1.63161,1.62357,1.62954,166224.98
2019-10-08,1.62954,1.63125,1.62522,1.62878,191305.52
2019-10-09,1.62881,1.63694,1.6257,1.63463,187607.47
2019-10-10,1.63457,1.63594,1.62626,1.62809,213497.82
2019-10-11,1.62809,1.62888,1.62032,1.6239,203446.35
2019-10-13,1.62448,1.62543,1.62227,1.62228,12306.38
2019-10-14,1.62226,1.63511,1.62184,1.62732,140947.6
2019-10-15,1.62736,1.63496,1.62451,1.63382,201007.87
2019-10-16,1.63385,1.64324,1.63356,1.63903,203238.89
2019-10-17,1.63901,1.63959,1.62592,1.62995,203883.48
2019-10-18,1.62997,1.63038,1.62604,1.62893,143361.53
2019-10-20,1.62958,1.63013,1.62738,1.62889,17009.12
2019-10-21,1.62897,1.62899,1.62191,1.62302,137613.81
2019-10-22,1.62302,1.62498,1.6206,1.62206,164682.42
2019-10-23,1.62205,1.62697,1.6216,1.62504,141982.71
2019-10-24,1.62502,1.63096,1.62447,1.62887,175410.54
2019-10-25,1.62886,1.63031,1.62113,1.62346,112556.75
2019-10-27,1.6241,1.62486,1.62321,1.6246,7345.23
2019-10-28,1.6246,1.62714,1.62147,1.62259,112509.89
2019-10-29,1.62258,1.62269,1.61664,1.6207,136689.04
2019-10-30,1.62071,1.62178,1.61481,1.61678,181399.97
2019-10-31,1.61675,1.62075,1.61122,1.61849,198105.69
2019-11-01,1.61849,1.61966,1.61323,1.61431,146911.86
2019-11-03,1.61485,1.61627,1.61457,1.6146,4662.67
2019-11-04,1.61455,1.61779,1.61221,1.61525,127678.49
2019-11-05,1.61526,1.618,1.60424,1.60724,178378.31
2019-11-06,1.60723,1.61091,1.60445,1.60973,133680.24
2019-11-07,1.60973,1.61159,1.59758,1.60192,188349.69
2019-11-08,1.6019,1.6095,1.59959,1.6063,135210.32
2019-11-10,1.60703,1.60729,1.60615,1.60711,4325.87
2019-11-11,1.60714,1.61172,1.60652,1.61119,110340.95
2019-11-12,1.61121,1.61388,1.60808,1.60943,151963.04
2019-11-13,1.60941,1.61444,1.6055,1.60967,158376.73
2019-11-14,1.60967,1.62608,1.6093,1.62359,152111.38
2019-11-15,1.62357,1.62642,1.61979,1.6199,116004.46
2019-11-17,1.6208,1.62207,1.6207,1.62193,5586.62
2019-11-18,1.62193,1.62715,1.62111,1.62704,118650.75
2019-11-19,1.62702,1.63068,1.62091,1.62312,113099.04
2019-11-20,1.62314,1.63039,1.62163,1.62957,134693.17
2019-11-21,1.62957,1.63231,1.62699,1.62997,146127.59
2019-11-22,1.62996,1.6315,1.62337,1.62362,119397.36
2019-11-24,1.62221,1.62381,1.6218,1.6229,3942.74
2019-11-25,1.6229,1.62664,1.62119,1.62469,106402.18
2019-11-26,1.62469,1.62719,1.62148,1.6239,114316.75
2019-11-27,1.62398,1.62791,1.62117,1.62586,110440.91
2019-11-28,1.62576,1.62876,1.62434,1.62686,77261.91
2019-11-29,1.62689,1.6314,1.62237,1.62878,98137.69
2019-12-01,1.62812,1.62935,1.62811,1.62855,4225.96
2019-12-02,1.62851,1.62872,1.6214,1.62448,125081.6
2019-12-03,1.62449,1.62466,1.61476,1.61779,136697.44
2019-12-04,1.61778,1.62606,1.61565,1.61796,157302.44
2019-12-05,1.61796,1.62672,1.61679,1.62507,114421.52
2019-12-06,1.62506,1.6253,1.61498,1.61598,106425.09
2019-12-08,1.61807,1.61851,1.61709,1.61767,3169.86
2019-12-09,1.61767,1.62362,1.61733,1.62076,92539.44
2019-12-10,1.62072,1.62958,1.61908,1.6285,125605.08
2019-12-11,1.62848,1.62981,1.61542,1.62037,139807.45
2019-12-12,1.62036,1.62039,1.60937,1.61469,183067.72
2019-12-13,1.61465,1.62341,1.61118,1.6163,203341.87
2019-12-15,1.61551,1.61978,1.61543,1.61806,9891.0
2019-12-16,1.61806,1.62208,1.6148,1.62015,132544.93
2019-12-17,1.62011,1.6314,1.61929,1.62776,143034.49
2019-12-18,1.62776,1.62839,1.61998,1.62143,129171.79
2019-12-19,1.62143,1.62154,1.61406,1.61433,153493.37
2019-12-20,1.61433,1.6146,1.60323,1.6043,109982.43
2019-12-22,1.60682,1.60721,1.60436,1.6044,4443.71
2019-12-23,1.60439,1.60568,1.59871,1.60144,117590.71
2019-12-24,1.60146,1.60397,1.59934,1.60152,92895.27
2019-12-25,1.60152,1.6028,1.59872,1.602,3093.32
2019-12-26,1.60197,1.6022,1.59695,1.59796,50858.43
2019-12-27,1.59796,1.6035,1.59718,1.59941,126404.18
2019-12-29,1.59979,1.6022,1.59826,1.60136,5873.99
2019-12-30,1.60136,1.60352,1.59821,1.59982,136690.81
2019-12-31,1.59985,1.60147,1.59629,1.59714,110671.72
2020-01-01,1.59765,1.60067,1.59574,1.59832,4383.39
2020-01-02,1.59829,1.60227,1.59678,1.59955,335452.63
2020-01-03,1.59956,1.60627,1.59948,1.60566,185456.26
2020-01-05,1.60824,1.60994,1.60714,1.60721,8788.22
2020-01-06,1.60719,1.61508,1.60482,1.61381,149109.76
2020-01-07,1.61379,1.62757,1.61308,1.62592,174421.79
2020-01-08,1.62594,1.62932,1.6161,1.61623,223371.46
2020-01-09,1.61626,1.62166,1.61554,1.62092,142700.47
2020-01-10,1.62089,1.62119,1.60897,1.61086,192633.91
2020-01-12,1.61111,1.6121,1.60958,1.61097,4831.23
2020-01-13,1.61095,1.61431,1.60808,1.6142,130578.34
2020-01-14,1.61419,1.61688,1.60864,1.6138,146330.39
2020-01-15,1.61383,1.61983,1.61245,1.61446,156067.0
2020-01-16,1.61446,1.6164,1.61013,1.61432,136749.1
2020-01-17,1.61432,1.61756,1.61018,1.61274,122240.11
2020-01-19,1.6135,1.61359,1.6116,1.61218,5391.61
2020-01-20,1.61217,1.61625,1.61144,1.61371,92045.58
2020-01-21,1.61369,1.62109,1.61227,1.61881,146469.62
2020-01-22,1.6188,1.62296,1.617,1.62183,140414.96
2020-01-23,1.62184,1.6224,1.61084,1.61433,168405.81
2020-01-24,1.61433,1.6179,1.61065,1.61518,129006.68
2020-01-26,1.61894,1.62135,1.61719,1.62085,19663.0
2020-01-27,1.62085,1.63142,1.61847,1.62954,150211.17
2020-01-28,1.62953,1.63558,1.6281,1.62944,143851.19
2020-01-29,1.62943,1.63328,1.625,1.63079,145279.89
2020-01-30,1.63079,1.64681,1.63079,1.64461,166859.04
2020-01-31,1.64459,1.65945,1.63928,1.65909,168057.78
2020-02-02,1.65924,1.65924,1.65599,1.65678,10124.77
2020-02-03,1.6569,1.65803,1.64683,1.65357,171402.45
2020-02-04,1.65354,1.65601,1.63806,1.64071,163052.92
2020-02-05,1.64071,1.64223,1.62607,1.62927,162618.84
2020-02-06,1.62927,1.63236,1.62559,1.6312,132675.78
2020-02-07,1.63119,1.64478,1.63101,1.63947,163854.14
2020-02-09,1.64093,1.64233,1.63859,1.64146,8868.53
2020-02-10,1.64145,1.64184,1.6304,1.6308,130569.64
2020-02-11,1.63079,1.63265,1.62121,1.6251,128388.6
2020-02-12,1.62507,1.62581,1.6129,1.61992,107987.54
2020-02-13,1.61991,1.62034,1.60855,1.61344,117681.29
2020-02-14,1.61342,1.6165,1.60964,1.61322,100040.58
2020-02-16,1.61239,1.61315,1.61079,1.61187,6438.58
2020-02-17,1.61186,1.6155,1.60985,1.61502,77499.18
2020-02-18,1.61502,1.62281,1.6125,1.6125,131115.21
2020-02-19,1.61249,1.6191,1.61104,1.61792,115836.19
2020-02-20,1.61798,1.6331,1.6145,1.63149,147391.65
2020-02-21,1.63148,1.64066,1.62881,1.63646,149998.59
2020-02-23,1.64168,1.64345,1.63881,1.64065,12220.37
2020-02-24,1.64065,1.64445,1.63672,1.64097,189007.81
2020-02-25,1.64097,1.65022,1.63894,1.64708,195087.63
2020-02-26,1.64706,1.66315,1.64441,1.66266,217683.31
2020-02-27,1.66266,1.6759,1.66174,1.671,256749.29
2020-02-28,1.671,1.70682,1.67033,1.69418,333845.75
2020-03-01,1.70715,1.70776,1.69384,1.6967,13113.43
2020-03-02,1.69665,1.71251,1.68759,1.70158,314034.94
2020-03-03,1.7016,1.71016,1.68287,1.69768,295641.31
2020-03-04,1.6977,1.6977,1.6774,1.68027,209384.2
2020-03-05,1.68027,1.70176,1.67779,1.69615,200196.67
2020-03-06,1.69612,1.7108,1.69292,1.69949,292633.77
2020-03-08,1.71649,1.72484,1.71238,1.72203,26198.46
2020-03-09,1.72204,1.81997,1.7087,1.72756,401600.42
2020-03-10,1.72759,1.75337,1.72314,1.74192,379166.42
2020-03-11,1.74192,1.74802,1.72855,1.73851,321794.51
2020-03-12,1.73845,1.79822,1.73753,1.78193,664607.69
2020-03-13,1.78194,1.81077,1.76373,1.79325,435539.16
2020-03-15,1.7905,1.82625,1.77264,1.805,41056.83
2020-03-16,1.80497,1.8334,1.79786,1.82938,488207.74
2020-03-17,1.82936,1.84247,1.81482,1.8388,478308.1
2020-03-18,1.83877,1.90136,1.8292,1.88915,520742.73
2020-03-19,1.88924,1.97987,1.80258,1.85383,555171.47
2020-03-20,1.85383,1.8658,1.80078,1.84229,503998.66
2020-03-22,1.83902,1.86879,1.83653,1.8573,42515.37
2020-03-23,1.85728,1.87476,1.82835,1.83162,573872.07
2020-03-24,1.8316,1.84658,1.80177,1.80866,453350.59
2020-03-25,1.80872,1.84654,1.78335,1.84475,417572.34
2020-03-26,1.84456,1.85703,1.81207,1.81742,390488.14
2020-03-27,1.81737,1.8254,1.79415,1.80625,364485.0
2020-03-29,1.80627,1.81693,1.80104,1.80341,17153.5
2020-03-30,1.80337,1.81128,1.78532,1.78862,319877.85
2020-03-31,1.78856,1.80871,1.77321,1.7961,397575.84
2020-04-01,1.79609,1.8124,1.76751,1.7979,310093.96
2020-04-02,1.79791,1.80742,1.78783,1.78809,315530.72
2020-04-03,1.78806,1.80576,1.78466,1.80199,282833.78
2020-04-05,1.79591,1.80398,1.7959,1.8027,12351.1
2020-04-06,1.80264,1.80273,1.76405,1.76521,265652.17
2020-04-07,1.7652,1.77126,1.75498,1.77049,308283.88
2020-04-08,1.77049,1.77575,1.73986,1.74204,252930.48
2020-04-09,1.74201,1.75045,1.72051,1.72459,253723.07
2020-04-10,1.72453,1.73005,1.71765,1.72019,99310.04
2020-04-12,1.72304,1.72818,1.72043,1.72529,7661.1
2020-04-13,1.72529,1.72709,1.70341,1.70619,161423.82
2020-04-14,1.70619,1.7163,1.70026,1.70675,208548.24
2020-04-15,1.70666,1.73137,1.70636,1.7282,236886.66
2020-04-16,1.72817,1.73506,1.70168,1.7072,277081.3
2020-04-17,1.7072,1.7163,1.70355,1.70829,233198.08
2020-04-19,1.70577,1.71443,1.70573,1.71423,7351.55
2020-04-20,1.71415,1.71688,1.70163,1.71282,207205.15
2020-04-21,1.7128,1.73208,1.71141,1.72515,234926.03
2020-04-22,1.72512,1.72743,1.70905,1.71589,191135.26
2020-04-23,1.71586,1.71973,1.68848,1.68971,228106.39
2020-04-24,1.68968,1.69779,1.68715,1.6926,185578.84
2020-04-26,1.69571,1.69579,1.69096,1.69133,7294.54
2020-04-27,1.69134,1.692,1.67349,1.67822,180990.17
2020-04-28,1.67818,1.68219,1.66403,1.66583,179974.53
2020-04-29,1.66581,1.668,1.65779,1.65944,186710.31
2020-04-30,1.6594,1.68809,1.65386,1.68512,227519.73
2020-05-01,1.6851,1.71393,1.68435,1.71057,159943.7
2020-05-03,1.70986,1.71953,1.70951,1.71884,12246.72
2020-05-04,1.71883,1.71883,1.69421,1.69673,181468.86
2020-05-05,1.69668,1.69668,1.67821,1.68464,202626.54
2020-05-06,1.68454,1.69241,1.67631,1.6895,679643.16
2020-05-07,1.68947,1.68947,1.66113,1.66681,195272.99
2020-05-08,1.66678,1.66754,1.65715,1.65924,145124.93
2020-05-10,1.65676,1.66268,1.65648,1.65822,9557.52
2020-05-11,1.6582,1.67425,1.65324,1.66694,157349.1
2020-05-12,1.66691,1.68097,1.66066,1.68093,202801.53
2020-05-13,1.68093,1.68137,1.66679,1.67679,241832.05
2020-05-14,1.67677,1.68382,1.66935,1.66995,214923.75
2020-05-15,1.66995,1.68919,1.66925,1.68607,182867.36
2020-05-17,1.68279,1.68672,1.6822,1.68368,7644.96
2020-05-18,1.68365,1.68523,1.66904,1.67294,172756.1
2020-05-19,1.67294,1.67712,1.66276,1.67049,183044.87
2020-05-20,1.67049,1.67611,1.66144,1.66569,165400.63
2020-05-21,1.66567,1.67338,1.66501,1.66734,180375.03
2020-05-22,1.66732,1.67631,1.66622,1.66773,153918.41
2020-05-24,1.66717,1.66887,1.66567,1.66638,6768.9
2020-05-25,1.66638,1.67018,1.66353,1.66435,113287.21
2020-05-26,1.66434,1.66593,1.64687,1.65189,185723.84
2020-05-27,1.65189,1.67173,1.64531,1.66376,271585.15
2020-05-28,1.66373,1.67521,1.65859,1.67017,246683.68
2020-05-29,1.67015,1.67715,1.66328,1.6647,257272.59
2020-05-31,1.6691,1.67062,1.66622,1.6693,10082.11
2020-06-01,1.66932,1.66935,1.63355,1.63984,223763.46
2020-06-02,1.63982,1.64158,1.61558,1.61773,242234.27
2020-06-03,1.61772,1.63162,1.60326,1.62183,276338.46
2020-06-04,1.62185,1.63652,1.62132,1.63357,296445.74
2020-06-05,1.63356,1.63562,1.61669,1.61986,275344.19
2020-06-07,1.62053,1.62254,1.61608,1.61645,8298.11
2020-06-08,1.61645,1.6225,1.6071,1.60937,187969.77
2020-06-09,1.6093,1.63303,1.60652,1.63291,225879.52
2020-06-10,1.63287,1.63484,1.61578,1.63114,256670.91
2020-06-11,1.63117,1.6559,1.62856,1.65282,330986.88
2020-06-12,1.6528,1.65856,1.63794,1.63909,338274.83
2020-06-14,1.64066,1.6487,1.64066,1.64831,18881.48
2020-06-15,1.6483,1.65725,1.62813,1.62832,337665.13
2020-06-16,1.62827,1.64302,1.62464,1.63406,308590.61
2020-06-17,1.63403,1.6425,1.6221,1.63471,260984.54
2020-06-18,1.63468,1.64216,1.63085,1.63456,245059.42
2020-06-19,1.63456,1.63715,1.62581,1.63487,208547.68
2020-06-21,1.64194,1.64194,1.6368,1.63873,9867.21
2020-06-22,1.63873,1.63916,1.6262,1.62751,176516.88
2020-06-23,1.6275,1.63815,1.62441,1.62918,224837.57
2020-06-24,1.62917,1.6415,1.6264,1.64089,222147.33
2020-06-25,1.64089,1.6415,1.62741,1.62841,230942.24
2020-06-26,1.62839,1.63708,1.62774,1.63365,174846.58
2020-06-28,1.63537,1.63865,1.6346,1.63566,6638.83
2020-06-29,1.63564,1.6445,1.63259,1.63649,177660.68
2020-06-30,1.6365,1.64037,1.62631,1.62807,192296.82
2020-07-01,1.62801,1.63003,1.62094,1.62783,181308.46
2020-07-02,1.62784,1.63054,1.62166,1.62399,181172.18
2020-07-03,1.62401,1.62488,1.61695,1.61871,133299.38
2020-07-05,1.62182,1.62236,1.61827,1.61859,3923.27
2020-07-06,1.61857,1.62525,1.61765,1.62179,151576.63
2020-07-07,1.62179,1.62803,1.61733,1.62397,170614.9
2020-07-08,1.62397,1.62805,1.62178,1.62282,170415.38
2020-07-09,1.62283,1.62717,1.6193,1.62176,207434.45
2020-07-10,1.62176,1.6291,1.62125,1.62571,197954.26
2020-07-12,1.62485,1.62766,1.6242,1.62713,6693.86
2020-07-13,1.62712,1.63554,1.62227,1.63543,173554.03
2020-07-14,1.63543,1.64001,1.63127,1.6327,240348.06
2020-07-15,1.63276,1.63432,1.62548,1.62896,259204.16
2020-07-16,1.62895,1.63491,1.62773,1.63249,265190.81
2020-07-17,1.63242,1.6387,1.62866,1.6334,123956.9
2020-07-19,1.63201,1.63467,1.63201,1.63375,5791.06
2020-07-20,1.63373,1.64057,1.62953,1.63137,175556.97
2020-07-21,1.63134,1.63242,1.61151,1.6159,222008.46
2020-07-22,1.61587,1.62337,1.61019,1.62037,240318.57
2020-07-23,1.62034,1.63476,1.61823,1.63332,244022.07
2020-07-24,1.63333,1.64336,1.63012,1.64013,212107.04
2020-07-26,1.64123,1.64317,1.63768,1.64148,11488.62
2020-07-27,1.64147,1.64975,1.63899,1.64385,229980.08
2020-07-28,1.64384,1.64658,1.63583,1.63693,214670.99
2020-07-29,1.63693,1.64405,1.63394,1.64257,249821.52
2020-07-30,1.64262,1.65462,1.6393,1.64832,245144.93
2020-07-31,1.64831,1.65284,1.64521,1.64845,270656.45
2020-08-02,1.65134,1.65144,1.64823,1.64874,10311.56
2020-08-03,1.64872,1.65579,1.6469,1.65244,198917.13
2020-08-04,1.65246,1.65389,1.64337,1.64607,186799.11
2020-08-05,1.64607,1.65043,1.64068,1.64928,204770.16
2020-08-06,1.64928,1.65199,1.63892,1.64205,213596.33
2020-08-07,1.64201,1.64785,1.63844,1.64646,222591.85
2020-08-09,1.64577,1.64754,1.64396,1.64621,7665.7
2020-08-10,1.64619,1.6469,1.63923,1.64011,137718.08
2020-08-11,1.64009,1.64475,1.63522,1.64231,223578.53
2020-08-12,1.64233,1.6517,1.64188,1.64606,208943.99
2020-08-13,1.64605,1.65373,1.64333,1.6529,175288.1
2020-08-14,1.65291,1.65499,1.64917,1.65096,136761.94
2020-08-16,1.65164,1.6525,1.64746,1.64773,5731.35
2020-08-17,1.64773,1.65266,1.64365,1.64595,124355.29
2020-08-18,1.64596,1.65294,1.6438,1.64659,173958.68
2020-08-19,1.64657,1.64957,1.6414,1.64792,192856.79
2020-08-20,1.6479,1.65503,1.6465,1.64761,193595.84
2020-08-21,1.64761,1.65047,1.64126,1.64685,179646.4
2020-08-23,1.64473,1.64918,1.64473,1.64779,5723.63
2020-08-24,1.64779,1.64841,1.64373,1.64494,172414.06
2020-08-25,1.64492,1.65208,1.64241,1.64404,184391.09
2020-08-26,1.64405,1.6443,1.63369,1.63422,196306.17
2020-08-27,1.63425,1.63629,1.62559,1.62598,563324.96
2020-08-28,1.62603,1.6297,1.61487,1.61571,360722.03
2020-08-30,1.61668,1.61781,1.61564,1.61683,8209.25
2020-08-31,1.61683,1.62231,1.61502,1.61792,303714.15
2020-09-01,1.6179,1.62461,1.61502,1.61611,232242.86
2020-09-02,1.61609,1.62124,1.61402,1.61638,197809.15
2020-09-03,1.61642,1.63256,1.61366,1.6323,222500.61
2020-09-04,1.6323,1.63268,1.62286,1.6253,217893.61
2020-09-06,1.62467,1.62726,1.62359,1.62522,10181.11
2020-09-07,1.62521,1.62729,1.62248,1.62328,114539.02
2020-09-08,1.62327,1.63521,1.61762,1.63203,216025.89
2020-09-09,1.63201,1.63271,1.62006,1.62233,184954.51
2020-09-10,1.62232,1.63129,1.62211,1.62815,211120.21
2020-09-11,1.62815,1.62967,1.62331,1.62577,149376.18
2020-09-13,1.62531,1.62686,1.62346,1.62587,5671.79
2020-09-14,1.62586,1.63352,1.62516,1.62929,119179.17
2020-09-15,1.62926,1.63262,1.61741,1.62312,135008.94
2020-09-16,1.62313,1.62341,1.61234,1.61767,182679.79
2020-09-17,1.61767,1.62345,1.61241,1.61982,223378.86
2020-09-18,1.61984,1.62508,1.61698,1.62333,151885.58
2020-09-20,1.62379,1.62523,1.62179,1.62398,6448.66
2020-09-21,1.62398,1.63122,1.61925,1.62715,206979.5
2020-09-22,1.62714,1.6363,1.62555,1.63197,207521.19
2020-09-23,1.63198,1.65049,1.63156,1.65003,208649.48
2020-09-24,1.64997,1.65923,1.64895,1.65457,239824.23
2020-09-25,1.65461,1.65782,1.64769,1.65394,185819.5
2020-09-27,1.65316,1.65388,1.6516,1.6525,3750.37
2020-09-28,1.65248,1.65463,1.64544,1.646,163418.08
2020-09-29,1.64597,1.64936,1.64013,1.6431,165586.02
2020-09-30,1.64312,1.65134,1.63296,1.63611,225654.21
2020-10-01,1.6361,1.63768,1.63153,1.63532,209981.34
2020-10-02,1.63532,1.64225,1.63429,1.63527,241405.65
2020-10-04,1.63369,1.63627,1.63312,1.63366,8473.64
2020-10-05,1.63366,1.64222,1.63074,1.63876,142046.4
2020-10-06,1.63876,1.65357,1.63628,1.65085,188194.89
2020-10-07,1.65086,1.65239,1.64576,1.64867,160642.08
2020-10-08,1.64869,1.6509,1.63917,1.63987,134478.22
2020-10-09,1.63987,1.64216,1.63266,1.63289,137710.4
2020-10-11,1.63505,1.63621,1.63276,1.63536,7426.29
2020-10-12,1.63537,1.63972,1.63321,1.63863,115557.03
2020-10-13,1.63863,1.64591,1.63699,1.63886,166805.3
2020-10-14,1.63884,1.64711,1.63366,1.64456,164038.81
2020-10-15,1.64454,1.65677,1.64374,1.65149,182469.92
2020-10-16,1.65147,1.65835,1.6508,1.65458,148560.33
2020-10-18,1.65473,1.65724,1.65104,1.65154,4317.68
2020-10-19,1.65153,1.66987,1.64846,1.66824,139533.86
2020-10-20,1.66823,1.68267,1.66781,1.67777,153233.89
2020-10-21,1.67773,1.67787,1.66388,1.66813,168904.64
2020-10-22,1.66812,1.67122,1.65572,1.65764,155870.27
2020-10-23,1.65764,1.66651,1.65528,1.66112,145786.9
2020-10-25,1.66057,1.66417,1.65967,1.6613,10591.21
2020-10-26,1.66129,1.66598,1.65333,1.65924,155115.63
2020-10-27,1.65924,1.66055,1.65359,1.65392,147299.49
2020-10-28,1.65392,1.66853,1.646,1.66514,194295.48
2020-10-29,1.66512,1.6686,1.65807,1.65937,200165.77
2020-10-30,1.65937,1.66411,1.65285,1.65649,203805.01
2020-11-01,1.65758,1.66331,1.65718,1.66115,7274.5
2020-11-02,1.66126,1.664,1.64745,1.6503,160912.23
2020-11-03,1.6503,1.65747,1.63208,1.63422,161626.94
2020-11-04,1.6342,1.6504,1.6286,1.63386,353155.09
2020-11-05,1.63386,1.6392,1.62292,1.62703,235287.29
2020-11-06,1.62705,1.6373,1.62422,1.63522,207900.7
2020-11-08,1.63301,1.63455,1.63131,1.63211,12261.04
2020-11-09,1.63211,1.63499,1.62054,1.62421,280285.65
2020-11-10,1.62434,1.62825,1.61877,1.62294,246872.0
2020-11-11,1.62294,1.62428,1.61437,1.61708,168035.57
2020-11-12,1.61708,1.6335,1.61577,1.6303,177536.45
2020-11-13,1.63025,1.63433,1.62642,1.62744,137121.68
2020-11-15,1.62807,1.62921,1.62355,1.62475,8268.88
2020-11-16,1.62476,1.6274,1.61583,1.6201,163111.73
2020-11-17,1.62008,1.62805,1.6176,1.62587,143135.77
2020-11-18,1.6259,1.63045,1.61879,1.62321,148856.13
2020-11-19,1.6232,1.63337,1.6216,1.63247,157873.15
2020-11-20,1.63247,1.6325,1.62046,1.62334,133020.04
2020-11-22,1.6227,1.62408,1.62195,1.62242,5253.56
2020-11-23,1.62247,1.62686,1.61908,1.62331,148457.57
2020-11-24,1.62331,1.62358,1.61214,1.61495,149723.11
2020-11-25,1.61499,1.62448,1.61396,1.61815,168943.42
2020-11-26,1.61815,1.62126,1.61544,1.61897,98697.09
2020-11-27,1.61897,1.62008,1.61447,1.61817,115686.46
2020-11-29,1.61913,1.61999,1.61649,1.61755,5205.54
2020-11-30,1.61755,1.62783,1.61628,1.62209,172934.21
2020-12-01,1.62209,1.63865,1.62184,1.63534,172842.5
2020-12-02,1.63538,1.64192,1.63191,1.63366,173939.3
2020-12-03,1.63367,1.63711,1.62992,1.63311,164435.14
2020-12-04,1.63311,1.64101,1.6304,1.63195,169225.61
2020-12-06,1.63192,1.6325,1.63026,1.63106,5567.47
2020-12-07,1.63107,1.63995,1.62809,1.6329,168563.42
2020-12-08,1.63288,1.63651,1.63033,1.63425,158367.56
2020-12-09,1.6344,1.63454,1.61774,1.6247,161619.92
2020-12-10,1.62472,1.62483,1.60899,1.61398,195857.17
2020-12-11,1.61399,1.61404,1.604,1.60701,165405.73
2020-12-13,1.60735,1.60772,1.60571,1.60698,5942.11
2020-12-14,1.60698,1.61285,1.60444,1.61219,150555.09
2020-12-15,1.61217,1.61797,1.60653,1.60812,138646.73
2020-12-16,1.60813,1.61448,1.60614,1.61109,161371.06
2020-12-17,1.61114,1.61216,1.60057,1.6102,136821.51
2020-12-18,1.6102,1.6145,1.60583,1.60714,136934.55
2020-12-20,1.61085,1.61107,1.60784,1.60942,6369.44
2020-12-21,1.60942,1.6256,1.60764,1.61482,239527.48
2020-12-22,1.61484,1.6231,1.61297,1.6133,182983.09
2020-12-23,1.61339,1.61618,1.60623,1.60807,150305.25
2020-12-24,1.60811,1.61017,1.60229,1.60337,101928.58
2020-12-25,1.603,1.60786,1.60183,1.60348,3265.59
2020-12-27,1.60251,1.60487,1.60168,1.60339,5099.02
2020-12-28,1.60342,1.61526,1.60244,1.61035,129735.04
2020-12-29,1.61032,1.61335,1.60633,1.60986,132794.18
2020-12-30,1.6099,1.61116,1.59832,1.59963,135687.95
2020-12-31,1.59964,1.59968,1.58282,1.58732,127761.0
2021-01-03,1.58774,1.5902,1.5865,1.58847,10922.38
2021-01-04,1.58848,1.60296,1.58617,1.59746,205140.17
2021-01-05,1.59746,1.59881,1.58152,1.58424,198353.31
2021-01-06,1.58424,1.58792,1.57693,1.57851,284502.84
2021-01-07,1.57851,1.58643,1.57825,1.57919,221047.03
2021-01-08,1.57918,1.58135,1.57237,1.57334,244709.26
2021-01-10,1.57463,1.5796,1.57339,1.57838,8482.83
2021-01-11,1.57836,1.58314,1.5748,1.57771,203031.9
2021-01-12,1.57772,1.57924,1.56932,1.57003,191700.48
2021-01-13,1.57004,1.57464,1.5684,1.56987,173141.34
2021-01-14,1.56986,1.57069,1.55924,1.56256,189800.37
2021-01-15,1.5626,1.57331,1.56121,1.56702,181767.95
2021-01-17,1.56736,1.57038,1.56621,1.57036,7294.27
2021-01-18,1.57035,1.57504,1.56795,1.5715,156326.25
2021-01-19,1.57149,1.5769,1.56711,1.57368,164760.2
2021-01-20,1.5737,1.57589,1.56014,1.56213,173306.01
2021-01-21,1.56215,1.56839,1.55963,1.56773,174028.81
2021-01-22,1.56773,1.5804,1.5669,1.57707,174761.34
2021-01-24,1.57679,1.57846,1.57578,1.57732,5861.83
2021-01-25,1.57732,1.578,1.57075,1.57384,193794.17
2021-01-26,1.57388,1.57943,1.56859,1.5687,174550.32
2021-01-27,1.5687,1.58283,1.56729,1.58232,252207.01
2021-01-28,1.5823,1.59466,1.57613,1.58007,273480.37
2021-01-29,1.58007,1.58918,1.57745,1.58742,287256.28
2021-01-31,1.59107,1.59349,1.58939,1.59064,12430.87
2021-02-01,1.59061,1.59075,1.57873,1.58077,227116.76
2021-02-02,1.58077,1.58963,1.57705,1.58244,210137.08
2021-02-03,1.58243,1.58373,1.57646,1.5768,166525.7
2021-02-04,1.57679,1.57823,1.57052,1.57432,165731.0
2021-02-05,1.57432,1.57632,1.56815,1.56815,165109.05
2021-02-07,1.56932,1.57029,1.56786,1.56903,8641.77
2021-02-08,1.56904,1.57167,1.56164,1.56343,131887.38
2021-02-09,1.56344,1.5688,1.56221,1.56532,151049.28
2021-02-10,1.56531,1.57042,1.56491,1.56892,160543.91
2021-02-11,1.56895,1.57071,1.56245,1.56477,124001.3
2021-02-12,1.56477,1.56826,1.56112,1.56117,113393.37
2021-02-14,1.56095,1.5621,1.56062,1.56123,6622.29
2021-02-15,1.56123,1.5616,1.55731,1.55824,85609.87
2021-02-16,1.55823,1.56356,1.5559,1.56262,161127.84
2021-02-17,1.56261,1.56279,1.55246,1.55258,162583.84
2021-02-18,1.55263,1.56048,1.55043,1.5565,157038.23
2021-02-19,1.55649,1.55756,1.53912,1.53912,146574.75
2021-02-21,1.53886,1.54038,1.53655,1.53813,6591.58
2021-02-22,1.53814,1.54102,1.53429,1.53686,168195.82
2021-02-23,1.53687,1.54019,1.53421,1.53662,161960.55
2021-02-24,1.53664,1.53749,1.52538,1.52564,197541.45
2021-02-25,1.52564,1.54782,1.5252,1.54619,259816.08
2021-02-26,1.54621,1.56911,1.54538,1.56606,318815.74
2021-02-28,1.56472,1.56634,1.55797,1.5594,8838.26
2021-03-01,1.55938,1.5618,1.54666,1.54991,205418.04
2021-03-02,1.54992,1.55357,1.54091,1.54446,217027.02
2021-03-03,1.54444,1.55408,1.54217,1.55369,219486.76
2021-03-04,1.55368,1.55378,1.5422,1.5512,264035.46
2021-03-05,1.55131,1.56096,1.54768,1.54978,279575.88
2021-03-07,1.54847,1.54887,1.54482,1.54716,9791.62
2021-03-08,1.54717,1.55397,1.5443,1.54792,232204.55
2021-03-09,1.54792,1.55293,1.54066,1.54185,202758.8
2021-03-10,1.54186,1.54775,1.539,1.54244,181314.96
2021-03-11,1.54245,1.54304,1.53531,1.53877,155110.12
2021-03-12,1.53876,1.54234,1.53669,1.53969,166453.19
2021-03-14,1.54051,1.54219,1.5392,1.53946,8640.77
2021-03-15,1.53946,1.5457,1.53705,1.53918,141584.81
2021-03-16,1.53918,1.54726,1.53445,1.53641,137237.39
2021-03-17,1.53639,1.5463,1.53324,1.53329,168510.31
2021-03-18,1.53329,1.53717,1.52699,1.53716,198825.35
2021-03-19,1.53718,1.54104,1.53352,1.53708,167293.5
2021-03-21,1.53967,1.54028,1.53795,1.53874,6869.69
2021-03-22,1.53872,1.54286,1.53723,1.54062,131634.47
2021-03-23,1.54062,1.55754,1.54043,1.5564,157730.68
2021-03-24,1.55642,1.56072,1.5509,1.55609,152563.59
2021-03-25,1.55609,1.5577,1.55039,1.55086,167191.93
2021-03-26,1.55086,1.5524,1.54258,1.54319,116921.57
2021-03-28,1.54297,1.54448,1.54195,1.54339,6603.28
2021-03-29,1.5434,1.5463,1.53872,1.54062,128057.83
2021-03-30,1.54062,1.54449,1.53572,1.5407,128017.42
2021-03-31,1.54069,1.54482,1.538,1.54418,130477.74
2021-04-01,1.54418,1.55528,1.54397,1.54618,133503.39
2021-04-02,1.5462,1.54815,1.54193,1.54365,51126.19
2021-04-04,1.54541,1.5462,1.544,1.54434,7235.21
2021-04-05,1.54433,1.5456,1.54034,1.54314,78350.1
2021-04-06,1.54313,1.55263,1.5427,1.54873,119874.02
2021-04-07,1.54873,1.56107,1.54708,1.5593,137147.94
2021-04-08,1.5593,1.56017,1.55278,1.55612,119764.3
2021-04-09,1.55609,1.56623,1.5556,1.56132,126110.04
2021-04-11,1.55969,1.56198,1.55884,1.56076,5416.57
2021-04-12,1.56075,1.56512,1.55896,1.56169,115926.94
2021-04-13,1.56168,1.56743,1.56109,1.56308,135974.94
2021-04-14,1.56313,1.56556,1.54862,1.55118,125931.27
2021-04-15,1.55119,1.55342,1.54241,1.5441,123401.66
2021-04-16,1.54411,1.54992,1.54385,1.54886,108565.48
2021-04-18,1.5483,1.55166,1.548,1.55166,4657.19
2021-04-19,1.55164,1.55283,1.54481,1.55083,135090.99
2021-04-20,1.55084,1.55984,1.54411,1.55806,148445.44
2021-04-21,1.55806,1.5608,1.55027,1.5523,132298.87
2021-04-22,1.5523,1.56041,1.55046,1.5594,155335.1
2021-04-23,1.5594,1.56203,1.55424,1.56203,110227.36
2021-04-25,1.56166,1.56202,1.55943,1.56135,5208.54
2021-04-26,1.56133,1.56141,1.54591,1.54919,125311.52
2021-04-27,1.54917,1.55702,1.54801,1.55631,111516.69
2021-04-28,1.55632,1.56332,1.55408,1.55546,139584.12
2021-04-29,1.55549,1.56251,1.55369,1.55891,136467.75
2021-04-30,1.55889,1.56155,1.55561,1.55684,134877.14
2021-05-02,1.55739,1.559,1.55571,1.55779,3731.3
2021-05-03,1.55779,1.56092,1.55283,1.55425,108924.31
2021-05-04,1.55425,1.56415,1.5527,1.55755,155732.59
2021-05-05,1.55754,1.55789,1.54808,1.54904,125662.56
2021-05-06,1.54905,1.55744,1.54786,1.54932,145276.11
2021-05-07,1.54932,1.55523,1.54671,1.55038,153218.89
2021-05-09,1.54739,1.55039,1.54739,1.54867,5617.08
2021-05-10,1.54868,1.55038,1.54192,1.54835,143021.32
2021-05-11,1.54835,1.55435,1.54776,1.54938,173138.49
2021-05-12,1.54939,1.56421,1.54887,1.56191,207439.67
2021-05-13,1.56189,1.56886,1.5604,1.56349,203171.87
2021-05-14,1.56349,1.56688,1.55928,1.55986,156652.69
2021-05-16,1.56134,1.56233,1.56015,1.56195,4200.26
2021-05-17,1.56192,1.57026,1.56184,1.56373,141905.07
2021-05-18,1.56371,1.56958,1.56043,1.56937,137367.77
2021-05-19,1.56933,1.5794,1.56869,1.57639,198635.85
2021-05-20,1.5764,1.57701,1.56964,1.57338,134423.67
2021-05-21,1.57338,1.57974,1.5682,1.57475,134076.93
2021-05-23,1.57474,1.57675,1.57419,1.57668,4607.14
2021-05-24,1.57668,1.58207,1.57298,1.57579,117892.2
2021-05-25,1.57579,1.58132,1.57448,1.58016,141322.85
2021-05-26,1.58016,1.58052,1.57228,1.57518,149445.52
2021-05-27,1.5752,1.57746,1.57247,1.57472,145761.31
2021-05-28,1.57473,1.58308,1.5726,1.58045,142542.25
2021-05-30,1.5797,1.58181,1.5797,1.58133,3597.88
2021-05-31,1.58129,1.58227,1.57491,1.57964,94374.68
2021-06-01,1.57967,1.58133,1.57415,1.57516,136971.65
2021-06-02,1.57516,1.57993,1.57266,1.57652,127793.81
2021-06-03,1.57652,1.58506,1.57492,1.58306,146915.44
2021-06-04,1.58305,1.58426,1.57058,1.57088,128163.79
2021-06-06,1.5704,1.57211,1.56953,1.57158,2256.34
2021-06-07,1.57161,1.5732,1.56663,1.57161,96515.15
2021-06-08,1.57162,1.57551,1.57054,1.57323,105514.15
2021-06-09,1.57321,1.57714,1.57119,1.57556,95672.84
2021-06-10,1.57557,1.57657,1.56879,1.57113,147638.32
2021-06-11,1.57112,1.57321,1.56586,1.57012,122998.87
2021-06-13,1.57052,1.57143,1.57013,1.57096,3963.52
2021-06-14,1.57097,1.57268,1.56868,1.57176,103761.15
2021-06-15,1.57176,1.57918,1.57052,1.57744,130317.47
2021-06-16,1.57741,1.57887,1.57076,1.57512,184239.35
2021-06-17,1.5751,1.57894,1.56891,1.57638,215830.13
2021-06-18,1.57635,1.58608,1.57543,1.58534,209888.43
2021-06-20,1.58319,1.58533,1.5819,1.58233,7914.01
2021-06-21,1.58233,1.58662,1.57814,1.58085,203518.04
2021-06-22,1.58085,1.58715,1.57903,1.57994,158650.67
2021-06-23,1.58002,1.58186,1.57359,1.57516,151568.04
2021-06-24,1.57516,1.57679,1.57203,1.57314,154055.54
2021-06-25,1.57313,1.57423,1.57075,1.57093,130617.72
2021-06-27,1.57292,1.57468,1.5706,1.57226,5276.19
2021-06-28,1.57227,1.57708,1.57009,1.57605,120585.84
2021-06-29,1.57603,1.58454,1.57561,1.58376,130516.16
2021-06-30,1.58376,1.58601,1.57868,1.58124,143132.61
2021-07-01,1.58128,1.58782,1.58001,1.58661,143728.52
2021-07-02,1.58661,1.5876,1.57518,1.57518,145881.47
2021-07-04,1.57654,1.57702,1.57492,1.57687,5468.65
2021-07-05,1.57687,1.57851,1.57166,1.57308,101310.57
2021-07-06,1.57308,1.57864,1.56155,1.57731,170825.45
2021-07-07,1.57731,1.57962,1.5703,1.5758,156537.25
2021-07-08,1.5758,1.59782,1.57571,1.59369,240947.78
2021-07-09,1.59366,1.59748,1.58434,1.58434,202773.81
2021-07-11,1.58506,1.58578,1.58382,1.58507,6594.81
2021-07-12,1.58509,1.59123,1.58277,1.58634,156297.74
2021-07-13,1.58633,1.58853,1.57946,1.58265,168183.15
2021-07-14,1.58267,1.58459,1.57751,1.5817,183498.03
2021-07-15,1.58173,1.5926,1.5815,1.59111,178037.81
2021-07-16,1.59111,1.59687,1.58728,1.59504,149962.28
2021-07-18,1.59462,1.59922,1.59166,1.59873,6274.37
2021-07-19,1.5987,1.61213,1.59734,1.60702,206629.99
2021-07-20,1.60702,1.61132,1.60403,1.60529,194590.81
2021-07-21,1.60529,1.61295,1.60109,1.60395,159928.78
2021-07-22,1.60396,1.60537,1.59011,1.595,173540.26
2021-07-23,1.59499,1.59972,1.59349,1.5975,127318.48
2021-07-25,1.59685,1.59853,1.59606,1.59783,3363.05
2021-07-26,1.59781,1.60594,1.59742,1.59858,144846.3
2021-07-27,1.59865,1.60859,1.59845,1.60466,166961.84
2021-07-28,1.60466,1.60998,1.60247,1.60569,185026.54
2021-07-29,1.60568,1.61021,1.60227,1.60762,131424.05
2021-07-30,1.60766,1.61758,1.60599,1.61546,155151.79
2021-08-01,1.61645,1.61706,1.61505,1.6162,3966.57
2021-08-02,1.6162,1.61835,1.60951,1.6131,140321.9
2021-08-03,1.61311,1.61316,1.60327,1.60463,147555.36
2021-08-04,1.60461,1.60588,1.59672,1.60338,129148.17
2021-08-05,1.60336,1.60389,1.59635,1.59836,121930.76
2021-08-06,1.59835,1.60169,1.59525,1.5982,117879.16
2021-08-08,1.59895,1.60228,1.59677,1.60146,11739.83
2021-08-09,1.60145,1.60231,1.5973,1.60099,123912.8
2021-08-10,1.60101,1.60367,1.59237,1.59578,104827.47
2021-08-11,1.59577,1.59929,1.59001,1.59298,113552.87
2021-08-12,1.59297,1.59994,1.5925,1.59856,92916.96
2021-08-13,1.59855,1.60134,1.59776,1.59957,79185.15
2021-08-15,1.60047,1.60125,1.59858,1.60121,3140.7
2021-08-16,1.60122,1.60856,1.60102,1.60471,100066.16
2021-08-17,1.6047,1.6166,1.60462,1.61383,139679.79
2021-08-18,1.61382,1.61905,1.61171,1.6184,128212.13
2021-08-19,1.61839,1.63561,1.61597,1.63385,169483.51
2021-08-20,1.63387,1.64358,1.63242,1.63803,136937.79
2021-08-22,1.63761,1.64125,1.63639,1.63852,4988.62
2021-08-23,1.6385,1.63851,1.6271,1.62909,117151.78
2021-08-24,1.62907,1.63015,1.6173,1.62128,102279.66
2021-08-25,1.62128,1.62198,1.61664,1.61771,109718.66
2021-08-26,1.61768,1.62429,1.61709,1.6237,120065.21
2021-08-27,1.6237,1.62647,1.61216,1.6123,122036.03
2021-08-29,1.61387,1.61391,1.61179,1.61271,3486.95
2021-08-30,1.61276,1.61899,1.6126,1.61806,84660.99
2021-08-31,1.61807,1.61946,1.61126,1.61378,142724.35
2021-09-01,1.61377,1.61479,1.60508,1.60736,127891.33
2021-09-02,1.6074,1.60919,1.60065,1.60499,105234.01
2021-09-03,1.605,1.60631,1.59229,1.5931,126686.0
2021-09-05,1.59221,1.5968,1.59217,1.5968,3033.77
2021-09-06,1.59679,1.59795,1.5942,1.59656,115673.21
2021-09-07,1.59655,1.60523,1.59086,1.60326,146088.93
2021-09-08,1.60326,1.60852,1.60039,1.60546,145395.87
2021-09-09,1.60547,1.6079,1.59766,1.60457,152216.64
2021-09-10,1.60458,1.60697,1.59737,1.60534,129570.12
2021-09-12,1.60378,1.60703,1.60299,1.60356,3742.69
2021-09-13,1.60354,1.60712,1.59932,1.60324,130384.46
2021-09-14,1.60322,1.61397,1.60195,1.613,149471.34
2021-09-15,1.61293,1.61662,1.60943,1.60986,132015.98
2021-09-16,1.60984,1.617,1.60611,1.61341,143786.33
2021-09-17,1.61339,1.61508,1.60891,1.61354,151984.8
2021-09-19,1.61456,1.61517,1.61348,1.61473,3363.88
2021-09-20,1.61471,1.62138,1.61301,1.61524,184244.55
2021-09-21,1.61524,1.6234,1.61112,1.62164,165413.48
2021-09-22,1.62164,1.62264,1.61001,1.61589,180346.46
2021-09-23,1.61589,1.61957,1.60589,1.6088,159953.42
2021-09-24,1.60881,1.61757,1.6053,1.6134,138471.68
2021-09-26,1.61541,1.6156,1.61107,1.6134,3410.62
2021-09-27,1.61341,1.61341,1.60374,1.60636,148873.05
2021-09-28,1.60637,1.61623,1.60016,1.61313,225746.25
2021-09-29,1.61314,1.61825,1.60667,1.61602,199160.11
2021-09-30,1.616,1.61629,1.59786,1.60101,229163.11
2021-10-01,1.60107,1.61031,1.59394,1.59558,230613.96
2021-10-03,1.59691,1.597,1.59386,1.59536,7211.17
2021-10-04,1.59537,1.60089,1.59251,1.59347,192640.04
2021-10-05,1.5935,1.5993,1.58902,1.59096,172936.9
2021-10-06,1.59096,1.59938,1.58632,1.58662,219702.86
2021-10-07,1.58661,1.58866,1.5785,1.57974,157542.64
2021-10-08,1.57977,1.58503,1.57795,1.5829,173115.03
2021-10-10,1.58233,1.58576,1.58162,1.58541,6117.4
2021-10-11,1.58542,1.58552,1.56919,1.57215,145554.04
2021-10-12,1.57216,1.57556,1.56447,1.57223,165155.42
2021-10-13,1.57221,1.5754,1.5687,1.57067,176131.18
2021-10-14,1.57065,1.57213,1.56109,1.56328,139415.26
2021-10-15,1.56329,1.56598,1.56092,1.56238,139237.7
2021-10-17,1.5626,1.56404,1.5601,1.56186,8587.96
2021-10-18,1.56183,1.57181,1.56152,1.56602,159951.48
2021-10-19,1.56604,1.56638,1.55448,1.55593,155440.54
2021-10-20,1.55599,1.558,1.5486,1.55044,152131.08
2021-10-21,1.55048,1.55872,1.54582,1.5575,160069.84
2021-10-22,1.5575,1.55994,1.54957,1.55822,168050.56
2021-10-24,1.55811,1.55942,1.55741,1.55832,4385.44
2021-10-25,1.55833,1.55935,1.54843,1.54943,141686.38
2021-10-26,1.54945,1.54948,1.54302,1.54349,146142.93
2021-10-27,1.5435,1.54843,1.53969,1.54636,193418.31
2021-10-28,1.54636,1.55194,1.5395,1.55109,213575.91
2021-10-29,1.55111,1.55253,1.53572,1.53634,204743.03
2021-10-31,1.53875,1.53886,1.53662,1.53706,5808.75
2021-11-01,1.53709,1.544,1.53558,1.54234,154786.77
2021-11-02,1.54233,1.56019,1.53973,1.55708,167109.52
2021-11-03,1.55709,1.56212,1.55448,1.55506,179602.1
2021-11-04,1.55504,1.56239,1.55338,1.55966,164863.33
2021-11-05,1.55971,1.56666,1.55776,1.5619,163656.54
2021-11-07,1.56251,1.56423,1.55959,1.56412,6409.72
2021-11-08,1.56417,1.56476,1.55863,1.56274,122326.01
2021-11-09,1.56275,1.57296,1.55964,1.57178,168899.56
2021-11-10,1.57178,1.5745,1.56381,1.56604,214116.26
2021-11-11,1.56602,1.57351,1.56468,1.57004,154954.34
2021-11-12,1.57004,1.57182,1.55999,1.56019,136016.8
2021-11-14,1.56218,1.56218,1.55958,1.56036,3006.48
2021-11-15,1.56036,1.56245,1.5463,1.5474,144121.24
2021-11-16,1.54741,1.55174,1.54475,1.55008,170492.25
2021-11-17,1.55008,1.5585,1.54855,1.55707,176735.36
2021-11-18,1.55702,1.56481,1.55273,1.56214,168216.92
2021-11-19,1.56216,1.56285,1.55601,1.55859,196584.86
2021-11-21,1.55976,1.56109,1.55823,1.55917,5450.22
2021-11-22,1.55912,1.56033,1.54912,1.5553,191237.57
2021-11-23,1.5553,1.56273,1.5533,1.55692,204932.32
2021-11-24,1.55693,1.56107,1.55213,1.55545,204774.72
2021-11-25,1.55543,1.56306,1.55492,1.56258,115801.54
2021-11-26,1.56256,1.59111,1.56176,1.5889,293140.63
2021-11-28,1.58269,1.58917,1.5798,1.58087,8885.82
2021-11-29,1.58091,1.58394,1.57517,1.58026,209508.98
2021-11-30,1.58026,1.59701,1.57875,1.59007,306364.72
2021-12-01,1.59008,1.59448,1.5799,1.59246,252321.94
2021-12-02,1.59245,1.60055,1.59094,1.59508,246893.07
2021-12-03,1.59508,1.617,1.5949,1.61538,253570.26
2021-12-05,1.6136,1.61504,1.61054,1.61067,5894.69
2021-12-06,1.61066,1.6128,1.59895,1.60065,179632.73
2021-12-07,1.60064,1.60265,1.57896,1.58256,166291.91
2021-12-08,1.58255,1.58623,1.57923,1.58232,211275.55
2021-12-09,1.58234,1.58531,1.57682,1.58022,148670.76
2021-12-10,1.58023,1.58263,1.57179,1.57714,157854.37
2021-12-12,1.57778,1.57966,1.57705,1.57834,5093.08
2021-12-13,1.57834,1.587,1.5736,1.58218,143718.31
2021-12-14,1.58217,1.59069,1.58007,1.58459,164162.81
2021-12-15,1.58455,1.58565,1.57323,1.57531,189681.84
2021-12-16,1.57534,1.5805,1.56566,1.5794,212073.45
2021-12-17,1.57938,1.58386,1.57524,1.57685,184620.15
2021-12-19,1.57534,1.58081,1.57509,1.57978,5423.56
2021-12-20,1.57968,1.58998,1.57812,1.58611,200129.52
2021-12-21,1.58611,1.58827,1.57563,1.57903,164282.16
2021-12-22,1.57903,1.58297,1.56846,1.57042,144379.91
2021-12-23,1.57042,1.57568,1.56114,1.56558,128382.93
2021-12-24,1.56562,1.56759,1.5615,1.56429,110117.11
2021-12-26,1.56392,1.56611,1.56364,1.56611,2649.27
2021-12-27,1.5661,1.56951,1.56272,1.56566,84843.66
2021-12-28,1.56566,1.56604,1.55928,1.56413,100472.58
2021-12-29,1.56416,1.56701,1.55932,1.56495,125562.8
2021-12-30,1.56496,1.56501,1.55663,1.56173,123639.6
2021-12-31,1.56169,1.56746,1.55604,1.56321,108355.2
2022-01-02,1.56356,1.56518,1.56287,1.56472,3234.24
2022-01-03,1.56472,1.57292,1.56071,1.57051,134352.44
2022-01-04,1.57053,1.57187,1.55756,1.55859,160004.68
2022-01-05,1.55859,1.56772,1.55735,1.56627,182875.42
2022-01-06,1.56635,1.58225,1.56626,1.57682,198471.48
2022-01-07,1.57682,1.58534,1.57392,1.58168,155815.87
2022-01-09,1.58225,1.58302,1.58065,1.58147,5438.1
2022-01-10,1.58153,1.58358,1.57297,1.57787,176925.16
2022-01-11,1.57786,1.58236,1.5752,1.57633,171345.29
2022-01-12,1.57637,1.57838,1.56897,1.57087,169825.91
2022-01-13,1.57085,1.5743,1.56815,1.57333,167639.1
2022-01-14,1.57331,1.58481,1.5725,1.5815,206754.81
2022-01-16,1.58109,1.58272,1.57965,1.5813,5847.09
2022-01-17,1.58129,1.58553,1.57931,1.58213,132730.18
2022-01-18,1.58214,1.58716,1.5752,1.57614,221942.39
2022-01-19,1.57612,1.57863,1.56692,1.57179,209832.98
2022-01-20,1.57177,1.572,1.55869,1.56759,199188.45
2022-01-21,1.56756,1.58148,1.56745,1.58018,238803.72
2022-01-23,1.58072,1.58095,1.57773,1.57783,5434.47
2022-01-24,1.57784,1.59454,1.57682,1.58278,343025.01
2022-01-25,1.58275,1.58641,1.57544,1.5788,353537.73
2022-01-26,1.57885,1.58452,1.57139,1.57834,329773.94
2022-01-27,1.57834,1.58817,1.57418,1.58406,373965.16
2022-01-28,1.58402,1.59784,1.58261,1.59282,343247.16
2022-01-30,1.59295,1.59518,1.59224,1.59383,7185.64
2022-01-31,1.59383,1.59485,1.58138,1.58862,275233.1
2022-02-01,1.58855,1.59652,1.57729,1.58011,276094.96
2022-02-02,1.5801,1.58706,1.57776,1.58673,241953.12
2022-02-03,1.5867,1.6039,1.58317,1.60097,301103.67
2022-02-04,1.60094,1.62242,1.59987,1.61685,316905.7
2022-02-06,1.61939,1.61939,1.61642,1.61784,5263.52
2022-02-07,1.61783,1.61988,1.60412,1.60517,286010.63
2022-02-08,1.60519,1.60685,1.59659,1.59825,260463.15
2022-02-09,1.59827,1.59859,1.58992,1.59118,197577.89
2022-02-10,1.59116,1.59859,1.5839,1.5933,315344.19
2022-02-11,1.59328,1.6003,1.5861,1.58894,358601.79
2022-02-13,1.58927,1.59125,1.58851,1.59055,17530.77
2022-02-14,1.59056,1.59594,1.58358,1.58512,359360.46
2022-02-15,1.58513,1.59321,1.58443,1.58843,282531.96
2022-02-16,1.58839,1.58866,1.57922,1.58106,232550.21
2022-02-17,1.5811,1.58465,1.57557,1.58099,305648.6
2022-02-18,1.58098,1.58269,1.57328,1.57702,261061.91
2022-02-20,1.57808,1.57888,1.57637,1.5778,9104.84
2022-02-21,1.57781,1.57849,1.57066,1.57408,226182.58
2022-02-22,1.57407,1.57514,1.56723,1.56752,331363.53
2022-02-23,1.56753,1.56976,1.55788,1.56411,242848.34
2022-02-24,1.56411,1.56783,1.55541,1.56276,550260.32
2022-02-25,1.56274,1.56824,1.5514,1.55814,372030.87
2022-02-27,1.55307,1.55727,1.54958,1.55572,30397.44
2022-02-28,1.55582,1.55846,1.54322,1.54482,384966.77
2022-03-01,1.5448,1.54575,1.53027,1.53301,330842.36
2022-03-02,1.533,1.53318,1.52254,1.52355,364051.49
2022-03-03,1.52355,1.52445,1.50739,1.50832,291713.71
2022-03-04,1.50833,1.51016,1.48015,1.48194,346160.06
2022-03-06,1.481,1.48255,1.4701,1.47042,16880.47
2022-03-07,1.47042,1.48864,1.4564,1.48247,470782.41
2022-03-08,1.48247,1.50498,1.479,1.49936,453821.32
2022-03-09,1.49941,1.51588,1.49355,1.51331,333939.02
2022-03-10,1.51333,1.51524,1.49109,1.49516,342252.59
2022-03-11,1.49509,1.50736,1.49216,1.49539,313828.73
2022-03-13,1.49668,1.5003,1.49569,1.49813,9734.71
2022-03-14,1.49814,1.52433,1.49692,1.52001,298058.55
2022-03-15,1.52002,1.53287,1.51955,1.52518,316796.34
2022-03-16,1.52517,1.52596,1.50972,1.51209,340214.04
2022-03-17,1.51212,1.51446,1.50255,1.50362,239523.85
2022-03-18,1.5036,1.50483,1.48925,1.48975,234779.3
2022-03-20,1.49066,1.49231,1.48992,1.49014,7319.75
2022-03-21,1.49013,1.49877,1.48751,1.48952,229004.67
2022-03-22,1.48952,1.49075,1.47538,1.47789,247816.13
2022-03-23,1.47793,1.48054,1.46617,1.46755,209223.27
2022-03-24,1.46755,1.47128,1.46091,1.46568,249701.03
2022-03-25,1.46567,1.46998,1.45928,1.46089,213438.32
2022-03-27,1.4637,1.46393,1.45966,1.46069,8936.22
2022-03-28,1.46069,1.46969,1.45349,1.46598,287386.4
2022-03-29,1.46597,1.48966,1.46355,1.47587,338550.88
2022-03-30,1.47579,1.48884,1.47452,1.48777,302432.84
2022-03-31,1.48771,1.4942,1.47624,1.4779,297632.34
2022-04-01,1.4779,1.48139,1.46893,1.47198,238361.78
2022-04-03,1.47276,1.47549,1.47222,1.47546,5616.83
2022-04-04,1.47544,1.47593,1.45286,1.45484,206039.49
2022-04-05,1.45485,1.45591,1.43198,1.43765,248240.22
2022-04-06,1.43763,1.45392,1.43386,1.45203,300700.87
2022-04-07,1.45201,1.46141,1.45086,1.45268,283270.89
2022-04-08,1.45266,1.46076,1.44967,1.45725,210975.41
2022-04-10,1.46375,1.46375,1.45915,1.46175,10011.02
2022-04-11,1.46176,1.46845,1.46086,1.46686,249537.79
2022-04-12,1.46687,1.46882,1.44859,1.45233,298794.48
2022-04-13,1.45232,1.46443,1.44922,1.46231,274198.34
2022-04-14,1.46226,1.46647,1.45073,1.46047,295722.09
2022-04-15,1.46044,1.46191,1.45778,1.46103,132912.73
2022-04-17,1.46085,1.46298,1.46005,1.46194,9316.21
2022-04-18,1.46193,1.46792,1.46134,1.46517,170095.27
2022-04-19,1.46522,1.46763,1.45932,1.45984,259248.03
2022-04-20,1.45985,1.46339,1.45442,1.45737,278303.7
2022-04-21,1.45735,1.47277,1.45548,1.47208,295528.27
2022-04-22,1.47209,1.49147,1.47058,1.49026,295936.24
2022-04-24,1.48932,1.49455,1.48779,1.49452,10025.69
2022-04-25,1.49453,1.50544,1.49051,1.49255,357882.32
2022-04-26,1.49254,1.49428,1.48112,1.49012,337177.06
2022-04-27,1.49009,1.4927,1.47711,1.48187,358478.89
2022-04-28,1.48185,1.48844,1.47269,1.47721,375591.54
2022-04-29,1.47718,1.49409,1.46849,1.49294,322023.43
2022-05-01,1.49128,1.49268,1.48986,1.49146,14075.18
2022-05-02,1.49145,1.49655,1.48646,1.49041,274377.68
2022-05-03,1.49041,1.49042,1.47196,1.48221,326910.2
2022-05-04,1.48221,1.48401,1.45992,1.46447,333122.43
2022-05-05,1.46445,1.48519,1.46357,1.48029,426701.34
2022-05-06,1.48027,1.49685,1.47894,1.48999,441982.12
2022-05-08,1.49027,1.49528,1.49024,1.49494,16238.43
2022-05-09,1.49493,1.52044,1.49466,1.51895,428881.25
2022-05-10,1.51896,1.52776,1.51108,1.51861,476422.93
2022-05-11,1.51865,1.51914,1.49844,1.51746,454720.69
2022-05-12,1.51749,1.52786,1.50849,1.51091,526134.79
2022-05-13,1.5109,1.51216,1.49927,1.49986,314441.98
2022-05-15,1.50087,1.50112,1.49621,1.49654,12425.48
2022-05-16,1.49656,1.51175,1.49516,1.49697,302361.9
2022-05-17,1.49701,1.50583,1.48868,1.5004,323462.71
2022-05-18,1.50041,1.50564,1.49713,1.505,303779.42
2022-05-19,1.50503,1.50779,1.49491,1.50224,396432.23
2022-05-20,1.50224,1.50859,1.49439,1.49857,320049.01
2022-05-22,1.49779,1.49915,1.49535,1.4966,11892.09
2022-05-23,1.49658,1.50816,1.48839,1.50756,292422.84
2022-05-24,1.50749,1.51983,1.50505,1.51123,300545.24
2022-05-25,1.51122,1.51405,1.50233,1.50731,306407.65
2022-05-26,1.50726,1.51644,1.50507,1.51185,255469.14
2022-05-27,1.51184,1.51386,1.49599,1.49849,218977.01
2022-05-29,1.49868,1.49989,1.49712,1.49871,11651.94
2022-05-30,1.4987,1.50095,1.49582,1.49733,182176.19
2022-05-31,1.49732,1.49914,1.48747,1.49433,289103.82
2022-06-01,1.49432,1.49592,1.48126,1.48507,264776.76
2022-06-02,1.48505,1.49169,1.47726,1.47958,228442.26
2022-06-03,1.47957,1.48788,1.47755,1.48647,211315.45
2022-06-05,1.48567,1.48941,1.48547,1.48938,9488.21
2022-06-06,1.48935,1.49147,1.48189,1.48742,213452.54
2022-06-07,1.48742,1.49045,1.47587,1.48125,288900.41
2022-06-08,1.48132,1.49218,1.47819,1.49127,264138.75
2022-06-09,1.49126,1.5041,1.48947,1.4961,317234.42
2022-06-10,1.49613,1.49791,1.4834,1.49237,308210.93
2022-06-12,1.49337,1.49694,1.49084,1.49447,19941.99
2022-06-13,1.49447,1.50555,1.49065,1.50044,365788.84
2022-06-14,1.50042,1.5184,1.49681,1.51524,419314.2
2022-06-15,1.5152,1.51891,1.48776,1.49005,460988.24
2022-06-16,1.49,1.5086,1.48624,1.49795,459346.98
2022-06-17,1.49796,1.51592,1.49745,1.51238,396966.13
2022-06-19,1.51225,1.51294,1.50799,1.50905,13830.62
2022-06-20,1.50907,1.51507,1.50472,1.50922,246238.02
2022-06-21,1.50928,1.52095,1.5077,1.51306,290276.19
2022-06-22,1.51303,1.53053,1.51231,1.52985,333400.61
2022-06-23,1.52988,1.53439,1.5199,1.52387,336077.92
2022-06-24,1.52389,1.52785,1.51671,1.51945,266842.53
2022-06-26,1.51937,1.52188,1.5185,1.52147,13643.07
2022-06-27,1.52149,1.52996,1.52131,1.52853,308734.7
2022-06-28,1.52857,1.52935,1.51601,1.52406,336283.99
2022-06-29,1.52407,1.53167,1.51648,1.51859,358921.08
2022-06-30,1.51865,1.5227,1.50614,1.51895,361138.37
2022-07-01,1.51897,1.53972,1.51717,1.52942,376184.91
2022-07-03,1.52922,1.53127,1.52828,1.53112,15178.3
2022-07-04,1.53113,1.53529,1.51642,1.51818,225150.21
2022-07-05,1.51818,1.52442,1.50889,1.50956,361063.88
2022-07-06,1.50954,1.51135,1.49286,1.50157,389625.14
2022-07-07,1.50158,1.50444,1.48384,1.48485,300306.57
2022-07-08,1.48481,1.49029,1.48046,1.48534,319959.78
2022-07-10,1.48521,1.487,1.48342,1.48522,13334.16
2022-07-11,1.48523,1.49787,1.48456,1.4903,325240.82
2022-07-12,1.49028,1.49397,1.48233,1.48677,372267.32
2022-07-13,1.48677,1.49147,1.47829,1.4903,410056.61
2022-07-14,1.49028,1.49418,1.47624,1.48389,439554.0
2022-07-15,1.48392,1.4923,1.48185,1.48454,337586.78
2022-07-17,1.48436,1.48484,1.48135,1.48193,13257.72
2022-07-18,1.48193,1.49054,1.48138,1.48989,306585.95
2022-07-19,1.48989,1.49031,1.48029,1.48352,322988.69
2022-07-20,1.48358,1.48505,1.47498,1.47881,325440.72
2022-07-21,1.47882,1.49088,1.47389,1.47636,377511.16
2022-07-22,1.47629,1.47683,1.46515,1.47459,354980.68
2022-07-24,1.47338,1.47764,1.4731,1.47727,14956.94
2022-07-25,1.47723,1.48017,1.46761,1.47077,321777.15
2022-07-26,1.47077,1.47172,1.45563,1.45817,298222.29
2022-07-27,1.45813,1.46677,1.4555,1.45922,323946.54
2022-07-28,1.45924,1.46188,1.45102,1.45646,377561.22
2022-07-29,1.45644,1.46848,1.45533,1.46204,346134.05
2022-07-31,1.46096,1.4646,1.46093,1.46457,12912.65
2022-08-01,1.46457,1.46617,1.45283,1.46089,342123.56
2022-08-02,1.46094,1.48055,1.4605,1.47383,449411.4
2022-08-03,1.47381,1.47415,1.46143,1.46393,360241.3
2022-08-04,1.46389,1.47242,1.45613,1.47219,325728.1
2022-08-05,1.4722,1.47732,1.46711,1.47242,291479.79
2022-08-07,1.47189,1.474,1.47078,1.47336,10470.71
2022-08-08,1.47336,1.47382,1.45732,1.45905,250252.08
2022-08-09,1.45906,1.46897,1.45795,1.46764,218844.54
2022-08-10,1.46767,1.47049,1.452,1.45409,306585.97
2022-08-11,1.45414,1.4568,1.45036,1.45313,302921.2
2022-08-12,1.45313,1.45388,1.43919,1.43939,262292.8
2022-08-14,1.43975,1.44178,1.43973,1.44084,8809.04
2022-08-15,1.44082,1.45436,1.4398,1.44753,264325.58
2022-08-16,1.44751,1.45314,1.44326,1.44856,284044.2
2022-08-17,1.44858,1.47057,1.44805,1.46818,338464.52
2022-08-18,1.46818,1.47142,1.45743,1.45965,336598.22
2022-08-19,1.45963,1.46338,1.45644,1.45938,274597.68
2022-08-21,1.45982,1.46091,1.45879,1.4592,13630.75
2022-08-22,1.4592,1.45932,1.44321,1.44472,303278.86
2022-08-23,1.44471,1.44696,1.43608,1.43981,325648.17
2022-08-24,1.43981,1.44646,1.43585,1.44328,287468.72
2022-08-25,1.44326,1.44355,1.42829,1.43199,287875.91
2022-08-26,1.43199,1.44662,1.43012,1.44514,314598.43
2022-08-28,1.44743,1.44854,1.44553,1.44729,20809.58
2022-08-29,1.44725,1.45569,1.44417,1.44909,282048.95
2022-08-30,1.4491,1.46309,1.44179,1.46219,318232.97
2022-08-31,1.4623,1.47025,1.45174,1.47004,350662.07
2022-09-01,1.47001,1.47399,1.45872,1.46434,335568.37
2022-09-02,1.4644,1.47044,1.46088,1.46126,298192.23
2022-09-04,1.46379,1.46397,1.45819,1.45937,17066.65
2022-09-05,1.45934,1.46401,1.45651,1.4607,252438.75
2022-09-06,1.46073,1.47259,1.45834,1.47089,389443.58
2022-09-07,1.47088,1.4806,1.46998,1.4805,361071.77
2022-09-08,1.48051,1.48812,1.47485,1.4796,407573.42
2022-09-09,1.47961,1.48133,1.4665,1.46718,348187.75
2022-09-11,1.4784,1.4784,1.4696,1.47089,18198.14
2022-09-12,1.47089,1.48189,1.46826,1.46934,332546.56
2022-09-13,1.46933,1.48223,1.46891,1.48008,347539.56
2022-09-14,1.48006,1.48972,1.47603,1.47808,364577.17
2022-09-15,1.47805,1.4941,1.47353,1.49353,297717.62
2022-09-16,1.49353,1.49668,1.48704,1.48998,309491.16
2022-09-18,1.48888,1.49094,1.4882,1.49012,11921.97
2022-09-19,1.49012,1.49624,1.4877,1.48974,256863.88
2022-09-20,1.48974,1.4948,1.48709,1.48958,329684.47
2022-09-21,1.48957,1.49473,1.4771,1.48675,391661.96
2022-09-22,1.48673,1.49409,1.47904,1.48064,457156.67
2022-09-23,1.48065,1.4876,1.47834,1.48375,374087.66
2022-09-25,1.48253,1.48567,1.48191,1.48287,27015.22
2022-09-26,1.48286,1.49224,1.47144,1.48633,545421.52
2022-09-27,1.48633,1.49327,1.48206,1.49115,478264.45
2022-09-28,1.49118,1.50026,1.48414,1.49242,597984.13
2022-09-29,1.49241,1.51264,1.49081,1.51014,487209.54
2022-09-30,1.51014,1.53357,1.50343,1.53157,502939.31
2022-10-02,1.52792,1.53006,1.52427,1.52527,20775.4
2022-10-03,1.52532,1.52646,1.50493,1.51194,432404.09
2022-10-04,1.51196,1.5418,1.50671,1.53263,452994.88
2022-10-05,1.53269,1.5397,1.51902,1.52177,450072.38
2022-10-06,1.52181,1.53258,1.51666,1.52592,462618.79
2022-10-07,1.52591,1.53187,1.52272,1.52703,391226.04
2022-10-09,1.52885,1.53364,1.52678,1.53021,22773.07
2022-10-10,1.53023,1.54488,1.52819,1.54226,364875.92
2022-10-11,1.54225,1.5517,1.53965,1.54822,441240.43
2022-10-12,1.54819,1.55381,1.54274,1.54628,429023.88
2022-10-13,1.54631,1.56399,1.54306,1.55144,485093.5
2022-10-14,1.55146,1.56856,1.54317,1.56687,445674.05
2022-10-16,1.56511,1.56697,1.56445,1.56517,18276.94
2022-10-17,1.56518,1.56864,1.55599,1.5629,351480.04
2022-10-18,1.56292,1.56785,1.55439,1.56149,388170.43
2022-10-19,1.56157,1.56243,1.55342,1.55892,340334.81
2022-10-20,1.55892,1.5668,1.54641,1.55834,365876.96
2022-10-21,1.55832,1.56455,1.54271,1.54621,437326.58
2022-10-23,1.54243,1.54807,1.53999,1.54785,53094.7
2022-10-24,1.54784,1.57053,1.54489,1.5619,408834.88
2022-10-25,1.56192,1.56584,1.55485,1.56015,346940.17
2022-10-26,1.56016,1.561,1.54472,1.55359,389291.06
2022-10-27,1.5536,1.56062,1.53899,1.54499,392760.58
2022-10-28,1.54501,1.55675,1.54165,1.55385,346827.9
2022-10-30,1.55376,1.55594,1.55295,1.55504,22992.21
2022-10-31,1.55506,1.55598,1.54165,1.54222,287286.9
2022-11-01,1.5422,1.54887,1.53569,1.54402,338802.33
2022-11-02,1.54406,1.54923,1.5341,1.54822,343294.1
2022-11-03,1.54827,1.55297,1.54272,1.55024,338266.78
2022-11-04,1.55022,1.55155,1.52716,1.53822,364034.6
2022-11-06,1.54291,1.5469,1.54022,1.54177,14792.79
2022-11-07,1.54178,1.5495,1.54042,1.54711,334666.05
2022-11-08,1.54716,1.55218,1.5396,1.54853,316405.35
2022-11-09,1.54849,1.55892,1.54564,1.55782,375900.21
2022-11-10,1.55785,1.56491,1.53979,1.54251,415751.13
2022-11-11,1.54246,1.5476,1.53567,1.54333,404329.03
2022-11-13,1.54129,1.54686,1.53786,1.54226,18566.01
2022-11-14,1.54231,1.54587,1.53779,1.54179,355235.32
2022-11-15,1.54179,1.5485,1.5257,1.5298,446657.07
2022-11-16,1.52977,1.54484,1.52971,1.54207,381458.23
2022-11-17,1.54204,1.55506,1.53967,1.5491,381168.9
2022-11-18,1.5491,1.55078,1.5421,1.5465,274226.5
2022-11-20,1.54883,1.54883,1.54484,1.54568,8643.0
2022-11-21,1.54569,1.55457,1.54429,1.55029,302072.67
2022-11-22,1.5503,1.55212,1.54415,1.55049,282021.93
2022-11-23,1.55043,1.55528,1.54218,1.54402,330965.43
2022-11-24,1.54404,1.54598,1.53652,1.53818,217056.62
2022-11-25,1.53816,1.545,1.5369,1.53858,246604.32
2022-11-27,1.54297,1.54465,1.5406,1.54448,10408.82
2022-11-28,1.54447,1.56442,1.54405,1.55482,287838.71
2022-11-29,1.55482,1.55643,1.53701,1.54447,299981.8
2022-11-30,1.54445,1.5489,1.53055,1.53275,326219.64
2022-12-01,1.53274,1.54587,1.52731,1.54561,365134.77
2022-12-02,1.5456,1.55137,1.54222,1.55054,308589.53
2022-12-04,1.54931,1.5527,1.5471,1.54741,11290.02
2022-12-05,1.54753,1.56768,1.54359,1.56482,298159.74
2022-12-06,1.56483,1.56879,1.55728,1.56253,292922.16
2022-12-07,1.56253,1.57483,1.55968,1.56278,305952.65
2022-12-08,1.56276,1.56753,1.5547,1.55775,274990.09
2022-12-09,1.55777,1.56487,1.54799,1.5491,267672.83
2022-12-11,1.55028,1.55185,1.54858,1.55183,7298.67
2022-12-12,1.55182,1.56605,1.5508,1.56113,260007.5
2022-12-13,1.56113,1.56335,1.54433,1.55279,347124.34
2022-12-14,1.55279,1.56011,1.5479,1.55661,353923.3
2022-12-15,1.55661,1.58825,1.55403,1.5864,365293.75
2022-12-16,1.58638,1.59176,1.58205,1.58295,296746.27
2022-12-18,1.57775,1.5835,1.57669,1.58264,10652.81
2022-12-19,1.58263,1.58657,1.57749,1.58252,267164.37
2022-12-20,1.58257,1.59778,1.57785,1.58855,370523.8
2022-12-21,1.58858,1.59428,1.57957,1.58021,273912.08
2022-12-22,1.58027,1.59112,1.57236,1.5877,267424.29
2022-12-23,1.58774,1.59005,1.57933,1.58051,229332.02
2022-12-25,1.58018,1.58403,1.57906,1.58286,993.88
2022-12-26,1.58285,1.58964,1.57541,1.57749,28656.29
2022-12-27,1.57752,1.58185,1.57363,1.58065,210056.14
2022-12-28,1.58066,1.58145,1.56528,1.5753,230980.73
2022-12-29,1.57522,1.58628,1.57098,1.5756,205038.08
2022-12-30,1.57562,1.57882,1.56716,1.56998,251144.91
2023-01-01,1.56738,1.56738,1.56724,1.56726,10.28
2023-01-02,1.56726,1.57308,1.56194,1.56816,49462.47
2023-01-03,1.56815,1.57408,1.56173,1.56789,334395.18
2023-01-04,1.5679,1.56913,1.54164,1.55299,350006.4
2023-01-05,1.553,1.56167,1.55009,1.55784,310314.91
2023-01-06,1.55785,1.56098,1.54565,1.54735,313040.8
2023-01-08,1.54611,1.54781,1.54508,1.54606,8749.15
2023-01-09,1.54607,1.55386,1.53848,1.55324,302730.48
2023-01-10,1.5532,1.5621,1.54996,1.55772,305456.03
2023-01-11,1.55768,1.56251,1.55218,1.558,240736.11
2023-01-12,1.55803,1.5622,1.54975,1.55852,325239.8
2023-01-13,1.55853,1.56077,1.55126,1.55286,288516.77
2023-01-15,1.55255,1.55348,1.55182,1.55207,8181.35
2023-01-16,1.55207,1.55707,1.54842,1.55448,191818.68
2023-01-17,1.55443,1.56218,1.54247,1.54387,277447.88
2023-01-18,1.54386,1.5557,1.53775,1.55479,343936.22
2023-01-19,1.55481,1.57494,1.55382,1.56726,263015.58
2023-01-20,1.56724,1.56789,1.55639,1.55832,201011.95
2023-01-22,1.55955,1.56003,1.55544,1.55559,7648.93
2023-01-23,1.55556,1.564,1.54387,1.54668,212522.11
2023-01-24,1.54664,1.55001,1.54055,1.54464,214321.62
2023-01-25,1.54464,1.54618,1.53071,1.53636,234788.46
2023-01-26,1.53637,1.53801,1.5278,1.53113,217016.11
2023-01-27,1.53114,1.53269,1.52555,1.52873,193579.74
2023-01-29,1.52998,1.53054,1.52732,1.52946,5429.11
2023-01-30,1.52943,1.54074,1.52669,1.53717,221679.35
2023-01-31,1.5372,1.54972,1.53658,1.5401,256580.32
2023-02-01,1.5401,1.54765,1.53566,1.54064,289339.22
2023-02-02,1.54064,1.54395,1.53319,1.5416,313674.94
2023-02-03,1.54161,1.56038,1.54046,1.55847,308783.61
2023-02-05,1.56285,1.56292,1.55708,1.55928,12070.82
2023-02-06,1.55927,1.56508,1.55372,1.55729,254102.73
2023-02-07,1.55727,1.55785,1.53919,1.54053,319437.68
2023-02-08,1.54055,1.54865,1.5374,1.54641,230677.01
2023-02-09,1.54639,1.54895,1.53869,1.54763,231278.48
2023-02-10,1.54763,1.55102,1.53902,1.54304,263167.45
2023-02-12,1.54344,1.54456,1.54111,1.54442,7793.19
2023-02-13,1.54443,1.54695,1.53718,1.53978,204783.88
2023-02-14,1.53978,1.54747,1.53549,1.5363,312994.11
2023-02-15,1.5363,1.55509,1.53622,1.5478,257177.08
2023-02-16,1.54778,1.5575,1.54457,1.55416,282747.67
2023-02-17,1.55416,1.56066,1.55145,1.55305,241752.05
2023-02-19,1.5548,1.55588,1.55225,1.55525,7000.1
2023-02-20,1.55526,1.55566,1.54336,1.54605,155878.73
2023-02-21,1.54605,1.55473,1.54394,1.55185,267429.37
2023-02-22,1.55181,1.56328,1.55159,1.55687,264933.42
2023-02-23,1.55682,1.56,1.55131,1.55633,222843.93
2023-02-24,1.55633,1.56927,1.55396,1.56767,246549.65
2023-02-26,1.56589,1.56773,1.56529,1.56716,5540.56
2023-02-27,1.56718,1.57672,1.56612,1.57384,200535.33
2023-02-28,1.57384,1.58146,1.56939,1.57141,223084.54
2023-03-01,1.57143,1.5827,1.56691,1.57821,261231.77
2023-03-02,1.57823,1.58255,1.5732,1.5742,235897.8
2023-03-03,1.57423,1.57504,1.56914,1.57053,192242.4
2023-03-05,1.57429,1.5743,1.56961,1.573,8589.16
2023-03-06,1.57299,1.58832,1.57253,1.58731,192743.93
2023-03-07,1.58734,1.60406,1.58409,1.60077,259981.18
2023-03-08,1.60076,1.60305,1.59372,1.59965,215327.66
2023-03-09,1.59965,1.6078,1.59401,1.60642,191621.14
2023-03-10,1.60643,1.61896,1.60279,1.61632,332734.36
2023-03-12,1.61392,1.62044,1.60904,1.6101,32107.72
2023-03-13,1.61013,1.61691,1.59696,1.6111,464695.73
2023-03-14,1.61113,1.61462,1.60185,1.60388,362187.82
2023-03-15,1.60391,1.60941,1.58486,1.59886,409700.34
2023-03-16,1.59886,1.60091,1.59018,1.59268,345095.9
2023-03-17,1.59268,1.59477,1.5856,1.59105,236518.91
2023-03-19,1.59016,1.59313,1.58877,1.59093,12374.5
2023-03-20,1.59095,1.60031,1.58707,1.59566,216818.64
2023-03-21,1.59569,1.61945,1.59424,1.61294,158084.34
2023-03-22,1.6129,1.62548,1.6055,1.62276,236242.74
2023-03-23,1.62277,1.6255,1.61677,1.62153,249954.57
2023-03-24,1.62153,1.62508,1.61376,1.61798,239987.72
2023-03-26,1.61875,1.62242,1.61727,1.61939,10817.79
2023-03-27,1.61938,1.62557,1.61481,1.62267,178736.11
2023-03-28,1.62271,1.62398,1.61471,1.61611,161603.93
2023-03-29,1.61611,1.62769,1.61551,1.62265,166701.39
2023-03-30,1.62264,1.63138,1.61419,1.62365,171743.84
2023-03-31,1.62365,1.63085,1.61968,1.62113,184016.85
2023-04-02,1.61825,1.62314,1.61789,1.6222,15731.57
2023-04-03,1.62219,1.62387,1.60346,1.60703,202846.36
2023-04-04,1.60703,1.62726,1.60435,1.62087,189619.57
2023-04-05,1.6209,1.63883,1.61639,1.62323,197364.7
2023-04-06,1.62325,1.63907,1.62259,1.63592,151158.42
2023-04-07,1.63592,1.63919,1.63134,1.6329,66486.05
2023-04-09,1.63455,1.63646,1.63416,1.6353,7306.48
2023-04-10,1.63528,1.63868,1.63327,1.63474,109463.32
2023-04-11,1.6348,1.6417,1.62991,1.64061,141383.79
2023-04-12,1.64064,1.64371,1.63306,1.64203,187035.42
2023-04-13,1.64203,1.64455,1.62634,1.62897,173743.63
2023-04-14,1.62898,1.64037,1.62654,1.63799,182444.37
2023-04-16,1.63749,1.63932,1.63723,1.63797,6164.06
2023-04-17,1.63799,1.64008,1.62834,1.63073,149229.37
2023-04-18,1.63075,1.63154,1.62453,1.62929,157981.55
2023-04-19,1.62931,1.63459,1.62784,1.63319,156674.65
2023-04-20,1.63319,1.63603,1.62199,1.62653,143012.6
2023-04-21,1.62654,1.64285,1.62651,1.64157,153411.46
2023-04-23,1.63947,1.64285,1.63881,1.64272,4873.3
2023-04-24,1.6427,1.65139,1.64178,1.64932,141680.22
2023-04-25,1.64941,1.65867,1.64926,1.65417,162478.42
2023-04-26,1.65414,1.6785,1.65283,1.67129,201687.14
2023-04-27,1.67127,1.6733,1.66162,1.66365,188979.4
2023-04-28,1.66366,1.67148,1.66049,1.66452,201013.37
2023-04-30,1.66382,1.66696,1.66371,1.66559,7763.27
2023-05-01,1.66561,1.66571,1.65034,1.65612,124365.28
2023-05-02,1.65609,1.65822,1.63568,1.65051,208031.49
2023-05-03,1.65053,1.6666,1.65038,1.66643,201569.3
2023-05-04,1.66644,1.66677,1.64327,1.646,230352.19
2023-05-05,1.64603,1.64608,1.63115,1.6313,163515.17
2023-05-07,1.63161,1.63297,1.6303,1.63296,8135.36
2023-05-08,1.63291,1.63516,1.62109,1.62164,126258.23
2023-05-09,1.62164,1.62573,1.61851,1.62028,134962.93
2023-05-10,1.62028,1.6249,1.61353,1.6195,173928.11
2023-05-11,1.61949,1.63176,1.61778,1.62872,193420.08
2023-05-12,1.6287,1.63488,1.62756,1.63337,149004.88
2023-05-14,1.63122,1.63356,1.63081,1.63262,10472.55
2023-05-15,1.63267,1.63374,1.6207,1.62232,123803.01
2023-05-16,1.62233,1.63323,1.62137,1.63186,144633.97
2023-05-17,1.63187,1.63575,1.62404,1.62826,150489.75
2023-05-18,1.62821,1.63489,1.62407,1.62576,153124.24
2023-05-19,1.62575,1.62645,1.61986,1.62442,177763.97
2023-05-21,1.62477,1.62695,1.62386,1.62509,7189.1
2023-05-22,1.6251,1.63112,1.62351,1.62587,155190.32
2023-05-23,1.62587,1.63084,1.62273,1.62822,158475.38
2023-05-24,1.62824,1.64724,1.62818,1.64365,195158.18
2023-05-25,1.64366,1.65033,1.64047,1.65011,167506.09
2023-05-26,1.65,1.65147,1.6428,1.64509,147291.29
2023-05-28,1.64227,1.64441,1.64227,1.64309,6991.46
2023-05-29,1.6431,1.64387,1.63629,1.64002,64545.3
2023-05-30,1.64004,1.64778,1.63508,1.64647,150098.53
2023-05-31,1.64647,1.65149,1.64094,1.64344,215798.83
2023-06-01,1.64346,1.64692,1.63322,1.63577,186248.57
2023-06-02,1.63576,1.63659,1.61883,1.62007,161725.19
2023-06-04,1.61995,1.62202,1.61827,1.62128,7060.45
2023-06-05,1.62131,1.62399,1.61438,1.61964,144668.69
2023-06-06,1.61964,1.62077,1.60104,1.60137,147219.58
2023-06-07,1.60143,1.60957,1.59771,1.60799,163773.98
2023-06-08,1.60801,1.60901,1.60177,1.60631,149622.92
2023-06-09,1.60631,1.61027,1.59364,1.59375,129839.85
2023-06-11,1.59266,1.59461,1.59265,1.59373,5038.07
2023-06-12,1.59371,1.59504,1.59057,1.59366,123125.52
2023-06-13,1.59367,1.59828,1.58797,1.59356,172170.38
2023-06-14,1.59357,1.5996,1.58744,1.5952,161732.6
2023-06-15,1.59522,1.59895,1.58475,1.5909,169606.64
2023-06-16,1.59092,1.59565,1.58759,1.5905,160828.13
2023-06-18,1.58652,1.5919,1.58652,1.59179,6538.84
2023-06-19,1.5918,1.60024,1.58978,1.59464,107478.01
2023-06-20,1.59466,1.61439,1.59338,1.60817,181904.85
2023-06-21,1.60815,1.61861,1.60581,1.61658,191470.76
2023-06-22,1.61658,1.62582,1.61512,1.62072,178179.31
2023-06-23,1.62072,1.63371,1.61883,1.63104,191615.67
2023-06-25,1.62966,1.6327,1.62964,1.63231,9040.25
2023-06-26,1.63235,1.63635,1.62951,1.63452,148935.17
2023-06-27,1.63451,1.64131,1.62569,1.63969,167736.05
2023-06-28,1.63969,1.65535,1.63835,1.654,182676.25
2023-06-29,1.65401,1.65434,1.639,1.64224,170679.54
2023-06-30,1.64219,1.64604,1.6365,1.63688,173038.21
2023-07-02,1.63604,1.63846,1.63573,1.63805,5041.7
2023-07-03,1.63805,1.64327,1.63145,1.63504,145325.85
2023-07-04,1.63501,1.64111,1.62227,1.62572,91932.35
2023-07-05,1.62573,1.63519,1.62511,1.63104,146000.07
2023-07-06,1.63104,1.64407,1.6249,1.64273,195621.28
2023-07-07,1.64269,1.64641,1.63668,1.63885,183866.21
2023-07-09,1.63789,1.64004,1.63765,1.63966,6666.84
2023-07-10,1.63967,1.65244,1.63787,1.64823,150313.55
2023-07-11,1.64824,1.65204,1.64385,1.64543,169003.23
2023-07-12,1.64542,1.64987,1.63535,1.64005,174310.05
2023-07-13,1.64004,1.64126,1.62327,1.62926,178103.45
2023-07-14,1.62921,1.64355,1.62845,1.64176,172726.07
2023-07-16,1.64004,1.64335,1.63973,1.64191,5601.59
2023-07-17,1.64194,1.65213,1.64179,1.65001,136185.44
2023-07-18,1.65002,1.65431,1.64518,1.6479,181353.63
2023-07-19,1.64789,1.66018,1.64676,1.65471,181388.63
2023-07-20,1.65467,1.65484,1.63808,1.64253,181538.11
2023-07-21,1.64254,1.65385,1.64124,1.65234,143032.03
2023-07-23,1.65015,1.65465,1.64954,1.65393,5619.35
2023-07-24,1.65393,1.65601,1.63966,1.6433,169497.0
2023-07-25,1.64329,1.64502,1.62607,1.62792,157099.51
2023-07-26,1.62789,1.64385,1.62736,1.63841,188536.52
2023-07-27,1.63843,1.64063,1.62781,1.63549,222548.92
2023-07-28,1.63551,1.65785,1.6355,1.65681,224875.04
2023-07-30,1.65537,1.65704,1.6522,1.65521,6713.24
2023-07-31,1.65525,1.65549,1.63412,1.63725,166275.86
2023-08-01,1.63726,1.66482,1.63587,1.66325,196788.58
2023-08-02,1.66326,1.67348,1.65882,1.6729,203333.6
2023-08-03,1.6729,1.67659,1.66763,1.66915,234017.31
2023-08-04,1.6692,1.67677,1.66358,1.67537,211419.4
2023-08-06,1.67504,1.6758,1.67317,1.67357,8987.65
2023-08-07,1.6736,1.67676,1.66842,1.674,152374.26
2023-08-08,1.67396,1.68592,1.67206,1.6773,195674.62
2023-08-09,1.67729,1.68369,1.67032,1.67956,174290.81
2023-08-10,1.6796,1.68624,1.67095,1.68624,227011.54
2023-08-11,1.68621,1.68836,1.68207,1.68455,198468.25
2023-08-13,1.68476,1.68586,1.68362,1.68478,6753.86
2023-08-14,1.68478,1.69294,1.67863,1.6811,201050.88
2023-08-15,1.68109,1.6911,1.67386,1.68845,234716.65
2023-08-16,1.68841,1.69547,1.68629,1.69538,217263.9
2023-08-17,1.69543,1.70639,1.69135,1.69732,237722.09
2023-08-18,1.69735,1.70141,1.69413,1.6974,196759.64
2023-08-20,1.6942,1.69763,1.69363,1.6953,7969.85
2023-08-21,1.69532,1.7039,1.69513,1.6991,183794.83
2023-08-22,1.69917,1.7019,1.68626,1.68817,192093.77
2023-08-23,1.68818,1.68983,1.67523,1.67645,197228.64
2023-08-24,1.67642,1.68538,1.67533,1.68384,187578.51
2023-08-25,1.68384,1.68871,1.67744,1.68461,201919.06
2023-08-27,1.68454,1.68518,1.6819,1.68269,7497.88
2023-08-28,1.68272,1.68834,1.67825,1.68398,146639.8
2023-08-29,1.68399,1.68534,1.67513,1.67819,204363.49
2023-08-30,1.67823,1.68787,1.67575,1.68678,202406.5
2023-08-31,1.6868,1.68689,1.67086,1.67143,210043.37
2023-09-01,1.67144,1.68049,1.66753,1.66969,207165.55
2023-09-03,1.66974,1.67175,1.66963,1.67006,5142.15
2023-09-04,1.67001,1.672,1.66486,1.67101,104214.6
2023-09-05,1.67097,1.68938,1.67047,1.68228,216909.8
2023-09-06,1.68231,1.68523,1.67588,1.68037,205863.51
2023-09-07,1.68037,1.68492,1.67293,1.67716,167907.15
2023-09-08,1.67716,1.68115,1.67151,1.67754,155367.37
2023-09-10,1.67717,1.67851,1.67341,1.67507,12210.5
2023-09-11,1.67511,1.67641,1.66449,1.67147,173065.37
2023-09-12,1.67149,1.67542,1.66463,1.67266,153005.79
2023-09-13,1.67266,1.67946,1.66916,1.67144,210312.4
2023-09-14,1.67144,1.67161,1.65122,1.65365,221672.17
2023-09-15,1.65373,1.65919,1.6454,1.65738,173556.0
2023-09-17,1.65376,1.6581,1.65307,1.65644,4960.49
2023-09-18,1.6564,1.66149,1.65348,1.66025,148113.69
2023-09-19,1.66027,1.6616,1.65217,1.65221,155753.31
2023-09-20,1.65223,1.65626,1.64779,1.65461,206935.02
2023-09-21,1.65459,1.6651,1.65335,1.66314,216680.36
2023-09-22,1.66311,1.66356,1.64671,1.65227,198808.43
2023-09-24,1.65142,1.65388,1.6504,1.6531,8228.73
2023-09-25,1.6531,1.65894,1.64719,1.64912,162974.91
2023-09-26,1.64912,1.65496,1.64626,1.65295,202584.98
2023-09-27,1.65291,1.65812,1.64702,1.65468,212486.71
2023-09-28,1.65469,1.65529,1.64232,1.64345,257086.73
2023-09-29,1.64344,1.645,1.63197,1.64235,237176.85
2023-10-01,1.64362,1.64438,1.64019,1.64097,10184.17
2023-10-02,1.64099,1.65184,1.6393,1.64717,201216.88
2023-10-03,1.64712,1.66425,1.64573,1.65929,253000.94
2023-10-04,1.6593,1.66407,1.65494,1.66004,257902.51
2023-10-05,1.66,1.66067,1.65039,1.65559,227529.17
2023-10-06,1.65557,1.66361,1.65256,1.65778,233616.6
2023-10-08,1.65841,1.66295,1.65673,1.65877,15635.26
2023-10-09,1.6588,1.66266,1.6469,1.6473,183564.88
2023-10-10,1.64731,1.65565,1.64435,1.64853,238845.78
2023-10-11,1.64855,1.65733,1.64668,1.65513,220584.46
2023-10-12,1.6551,1.6693,1.6533,1.66799,208705.02
2023-10-13,1.66801,1.67053,1.66442,1.66886,206513.66
2023-10-15,1.66717,1.66964,1.66554,1.66703,9344.17
2023-10-16,1.66704,1.6686,1.66278,1.66526,181159.23
2023-10-17,1.66517,1.6656,1.65728,1.66147,225248.8
2023-10-18,1.66147,1.66481,1.65525,1.66379,221697.16
2023-10-19,1.66378,1.67395,1.66305,1.67376,269710.04
2023-10-20,1.67373,1.67904,1.67254,1.67793,198003.42
2023-10-22,1.67545,1.67804,1.67496,1.67538,8597.19
2023-10-23,1.67536,1.68444,1.67417,1.68372,189068.06
2023-10-24,1.68371,1.68401,1.66511,1.66572,207428.23
2023-10-25,1.66573,1.68094,1.65575,1.67871,202177.26
2023-10-26,1.67869,1.68225,1.66681,1.66784,246148.66
2023-10-27,1.6678,1.66948,1.65991,1.66712,200618.67
2023-10-29,1.66677,1.66785,1.66502,1.66618,7857.02
2023-10-30,1.66619,1.66737,1.65904,1.66666,177645.28
2023-10-31,1.66667,1.67604,1.66438,1.66917,212847.45
2023-11-01,1.66918,1.67247,1.64812,1.64824,229728.36
2023-11-02,1.64826,1.6567,1.64553,1.65135,187099.92
2023-11-03,1.65136,1.65333,1.64635,1.64697,196598.63
2023-11-05,1.64699,1.64848,1.6465,1.64685,5719.11
2023-11-06,1.64684,1.65393,1.64517,1.6517,160525.58
2023-11-07,1.65171,1.66635,1.64675,1.6632,176484.49
2023-11-08,1.66323,1.67295,1.65709,1.67156,165243.04
2023-11-09,1.67149,1.67746,1.66682,1.67664,193866.95
2023-11-10,1.67668,1.6832,1.67535,1.67906,155369.56
2023-11-12,1.68075,1.68081,1.67788,1.67959,6877.07
2023-11-13,1.67957,1.68165,1.67382,1.67732,130733.01
2023-11-14,1.67728,1.68394,1.67016,1.67376,184749.04
2023-11-15,1.67377,1.67619,1.66333,1.66676,196263.85
2023-11-16,1.66677,1.67972,1.66545,1.6775,192192.82
2023-11-17,1.67749,1.6801,1.6687,1.67423,176032.76
2023-11-19,1.67694,1.67694,1.67344,1.67486,6746.79
2023-11-20,1.67486,1.67618,1.66448,1.6682,178047.93
2023-11-21,1.66825,1.66925,1.66226,1.66459,183696.77
2023-11-22,1.66456,1.66964,1.65998,1.66405,191511.08
2023-11-23,1.66407,1.66494,1.65922,1.66203,104300.09
2023-11-24,1.66202,1.6633,1.6586,1.65918,121012.89
2023-11-26,1.66258,1.66303,1.66075,1.66218,4236.02
2023-11-27,1.66218,1.6664,1.656,1.65691,163985.21
2023-11-28,1.65691,1.65908,1.65073,1.6531,187545.96
2023-11-29,1.65814,1.65862,1.65755,1.65758,1780.15
2023-11-30,1.65807,1.65852,1.64449,1.64848,234638.45
2023-12-01,1.64845,1.65268,1.6291,1.62982,218430.21
2023-12-03,1.63079,1.63302,1.62787,1.62888,9426.98
2023-12-04,1.62883,1.63896,1.62677,1.63765,202156.1
2023-12-05,1.63766,1.6516,1.63748,1.64652,224936.82
2023-12-06,1.6465,1.6465,1.63582,1.64326,195813.84
2023-12-07,1.64325,1.64873,1.63357,1.63614,223890.11
2023-12-08,1.63617,1.63772,1.62897,1.63599,238694.65
2023-12-10,1.6362,1.6372,1.63523,1.63594,5888.69
2023-12-11,1.63597,1.64289,1.63575,1.63977,168525.55
2023-12-12,1.63972,1.64716,1.63203,1.64479,175074.35
2023-12-13,1.64478,1.6479,1.63022,1.6325,218824.78
2023-12-14,1.63255,1.64203,1.62069,1.6403,292593.29
2023-12-15,1.64034,1.64064,1.62203,1.62543,226331.81
2023-12-17,1.62503,1.62744,1.62482,1.62633,6069.47
2023-12-18,1.62631,1.63199,1.62138,1.62917,173865.52
2023-12-19,1.62917,1.6293,1.62054,1.62439,173097.8
2023-12-20,1.62439,1.62662,1.61489,1.62346,185111.23
2023-12-21,1.62338,1.62652,1.61668,1.61921,197982.25
2023-12-22,1.61916,1.62347,1.61655,1.61936,189715.45
2023-12-24,1.61872,1.61872,1.61872,1.61872,0.9
2023-12-25,1.61978,1.62291,1.61439,1.61931,6514.13
2023-12-26,1.61931,1.62078,1.61609,1.61798,86720.44
2023-12-27,1.61797,1.62416,1.61386,1.62083,130745.59
2023-12-28,1.62079,1.63138,1.61622,1.62125,152583.96
2023-12-29,1.62129,1.63037,1.61662,1.62023,152600.55
2024-01-01,1.61919,1.6224,1.61744,1.62065,4448.42
2024-01-02,1.62059,1.62066,1.61273,1.61695,193009.59
2024-01-03,1.61693,1.62748,1.61677,1.62219,221310.68
2024-01-04,1.62214,1.63443,1.61729,1.63218,182809.93
2024-01-05,1.63217,1.63823,1.62856,1.62905,225380.8
2024-01-07,1.62749,1.6301,1.62746,1.62906,5436.22
2024-01-08,1.62908,1.63993,1.62605,1.6301,173708.07
2024-01-09,1.6301,1.63647,1.62773,1.63527,179888.89
2024-01-10,1.63529,1.63907,1.63,1.6373,154278.47
2024-01-11,1.63732,1.64594,1.63255,1.63924,231131.39
2024-01-12,1.6392,1.63984,1.63191,1.63755,187803.36
2024-01-14,1.63509,1.63796,1.63506,1.63609,6228.78
2024-01-15,1.63611,1.64632,1.63531,1.64568,107069.63
2024-01-16,1.64561,1.6526,1.64549,1.65087,235831.71
2024-01-17,1.65085,1.66307,1.6496,1.66134,213562.21
2024-01-18,1.66136,1.66722,1.65272,1.6529,207960.21
2024-01-19,1.65283,1.65641,1.64806,1.65078,172951.15
2024-01-21,1.64972,1.65266,1.64971,1.6514,5503.3
2024-01-22,1.6513,1.657,1.64861,1.65534,162075.63
2024-01-23,1.65533,1.65553,1.64655,1.64855,182985.78
2024-01-24,1.64856,1.65531,1.64768,1.6547,204092.21
2024-01-25,1.65472,1.65689,1.64285,1.64761,212245.94
2024-01-26,1.64755,1.65131,1.64306,1.65073,162175.04
2024-01-28,1.64866,1.65034,1.64734,1.64826,8616.28
2024-01-29,1.6483,1.64928,1.63649,1.63797,148262.46
2024-01-30,1.63797,1.64762,1.63492,1.64405,168038.68
2024-01-31,1.64405,1.64992,1.64098,1.64607,278684.01
2024-02-01,1.64608,1.66048,1.64362,1.65388,233572.22
2024-02-02,1.65387,1.65786,1.64628,1.65488,200378.06
2024-02-04,1.65535,1.66003,1.65148,1.65701,18302.43
2024-02-05,1.65709,1.66001,1.65247,1.65733,186530.74
2024-02-06,1.65731,1.65775,1.64716,1.64766,189490.88
2024-02-07,1.6477,1.65318,1.64565,1.65243,182230.34
2024-02-08,1.65238,1.66103,1.65047,1.65823,154928.08
2024-02-09,1.65825,1.66052,1.65165,1.65213,146834.7
2024-02-11,1.65256,1.65547,1.65225,1.65479,6679.02
2024-02-12,1.6548,1.65627,1.64754,1.64978,126899.45
2024-02-13,1.64974,1.6611,1.64928,1.65919,191595.57
2024-02-14,1.65916,1.66055,1.65077,1.65119,172983.74
2024-02-15,1.65123,1.65585,1.64864,1.65072,165001.81
2024-02-16,1.65074,1.65373,1.64765,1.64942,174675.5
2024-02-18,1.6488,1.65026,1.64867,1.64958,4485.52
2024-02-19,1.64952,1.65015,1.64586,1.64984,95518.74
2024-02-20,1.64986,1.65066,1.64509,1.64941,166112.68
2024-02-21,1.64941,1.65313,1.64537,1.65078,164454.26
2024-02-22,1.65082,1.65373,1.64646,1.65035,185471.0
2024-02-23,1.65034,1.65124,1.64591,1.64842,146396.93
2024-02-25,1.64851,1.6495,1.64683,1.64825,5127.92
2024-02-26,1.64826,1.66062,1.64792,1.6592,132587.52
2024-02-27,1.65923,1.66262,1.65496,1.65663,140765.8
2024-02-28,1.65665,1.66937,1.65559,1.66877,161140.34
2024-02-29,1.6687,1.66969,1.66016,1.66222,193424.91
2024-03-01,1.66221,1.66554,1.65799,1.65978,169033.81
2024-03-03,1.65895,1.66144,1.65894,1.66084,5579.78
2024-03-04,1.66084,1.66875,1.65952,1.66795,134946.12
2024-03-05,1.66788,1.67437,1.66642,1.66896,155946.98
2024-03-06,1.66897,1.6709,1.65766,1.6597,180296.59
2024-03-07,1.65968,1.66016,1.644,1.65376,176634.41
2024-03-08,1.6537,1.65518,1.64412,1.65064,182991.52
2024-03-10,1.64826,1.6528,1.64826,1.65165,7067.36
2024-03-11,1.65165,1.65643,1.64965,1.65241,144739.16
2024-03-12,1.65241,1.65599,1.64798,1.65363,178960.61
2024-03-13,1.65355,1.65542,1.65118,1.65246,135690.49
2024-03-14,1.65248,1.65674,1.65057,1.65412,160976.09
2024-03-15,1.65407,1.66094,1.65407,1.65861,132531.28
2024-03-17,1.65842,1.66,1.65746,1.65952,6715.78
2024-03-18,1.65952,1.66054,1.65694,1.65816,115846.02
2024-03-19,1.6581,1.66791,1.65668,1.66445,161108.95
2024-03-20,1.66444,1.66546,1.65611,1.65733,172628.7
2024-03-21,1.65737,1.65867,1.64763,1.65284,172608.9
2024-03-22,1.6528,1.662,1.65201,1.65881,138115.42
2024-03-24,1.65749,1.65963,1.65673,1.6586,5980.35
2024-03-25,1.65854,1.65966,1.65343,1.65739,130553.93
2024-03-26,1.65735,1.65916,1.65436,1.65664,126121.24
2024-03-27,1.6566,1.66205,1.65511,1.65734,136730.77
2024-03-28,1.65732,1.66233,1.65336,1.6557,158451.62
2024-03-29,1.6557,1.6568,1.65201,1.65406,79581.61
2024-03-31,1.65328,1.6554,1.65136,1.65178,8556.36
2024-04-01,1.6518,1.65713,1.65089,1.65488,100045.33
2024-04-02,1.6549,1.65571,1.64855,1.65313,134396.6
2024-04-03,1.65314,1.65622,1.64888,1.64993,151398.23
2024-04-04,1.6499,1.65037,1.64131,1.64484,133736.78
2024-04-05,1.64479,1.64956,1.64427,1.64609,164746.94
2024-04-07,1.64581,1.6489,1.64581,1.64831,7056.76
2024-04-08,1.64828,1.6505,1.64112,1.64436,153389.08
2024-04-09,1.64437,1.64519,1.63598,1.63812,130954.62
2024-04-10,1.63811,1.65178,1.63702,1.65046,217043.63
2024-04-11,1.65047,1.65166,1.63874,1.63986,208266.21
2024-04-12,1.63984,1.64781,1.63763,1.64593,197915.54
2024-04-14,1.6439,1.64569,1.64277,1.64415,12084.1
2024-04-15,1.6441,1.64973,1.64133,1.64928,214722.05
2024-04-16,1.64929,1.66181,1.64886,1.65624,250772.78
2024-04-17,1.65622,1.66004,1.65355,1.6569,207646.04
2024-04-18,1.65691,1.65896,1.65372,1.65671,201533.77
2024-04-19,1.65666,1.66809,1.65651,1.65922,256235.93
2024-04-21,1.6596,1.66098,1.65832,1.65859,6588.33
2024-04-22,1.65863,1.65903,1.65065,1.65123,162261.55
2024-04-23,1.65125,1.65618,1.64848,1.6496,179807.29
2024-04-24,1.64961,1.64982,1.64072,1.64659,160890.45
2024-04-25,1.64661,1.64854,1.64099,1.64459,173136.98
2024-04-26,1.64465,1.64513,1.63485,1.63539,168916.61
2024-04-28,1.63639,1.63732,1.63576,1.63652,4803.11
2024-04-29,1.63652,1.63785,1.62899,1.63312,198138.26
2024-04-30,1.63312,1.64959,1.63224,1.64724,190011.26
2024-05-01,1.64722,1.64886,1.63958,1.64114,201696.45
2024-05-02,1.64113,1.64336,1.63194,1.63298,223526.98
2024-05-03,1.633,1.63379,1.62272,1.62795,211758.4
2024-05-05,1.62495,1.62878,1.62495,1.6278,5971.57
2024-05-06,1.6278,1.6289,1.62354,1.62548,117431.67
2024-05-07,1.62545,1.63301,1.6217,1.6315,152729.78
2024-05-08,1.63151,1.63824,1.63066,1.63374,128092.94
2024-05-09,1.63374,1.63539,1.62769,1.62931,140379.68
2024-05-10,1.6293,1.63256,1.62868,1.63083,129751.06
2024-05-12,1.63071,1.63173,1.62984,1.63171,4712.02
2024-05-13,1.63173,1.63512,1.62971,1.63226,116402.66
2024-05-14,1.63229,1.63686,1.63159,1.63246,143608.22
2024-05-15,1.63244,1.63421,1.62476,1.62505,172744.91
2024-05-16,1.62504,1.63147,1.62218,1.62629,150328.4
2024-05-17,1.62629,1.63062,1.62292,1.6234,112341.54
2024-05-19,1.62201,1.62428,1.62198,1.6228,5136.91
2024-05-20,1.62279,1.6294,1.62128,1.6277,114326.88
2024-05-21,1.62767,1.63254,1.62512,1.62814,144642.26
2024-05-22,1.62812,1.63714,1.62477,1.63549,144364.0
2024-05-23,1.63548,1.63799,1.63233,1.63788,179401.79
2024-05-24,1.63787,1.64046,1.63533,1.6359,126939.78
2024-05-26,1.63505,1.63778,1.63493,1.63768,5072.94
2024-05-27,1.63767,1.63776,1.62926,1.63173,77124.06
2024-05-28,1.63174,1.63421,1.62817,1.63222,146839.91
2024-05-29,1.63223,1.63733,1.62744,1.6343,161936.51
2024-05-30,1.63303,1.63676,1.62995,1.63367,169452.18
2024-05-31,1.63366,1.63418,1.62874,1.63033,176773.04
2024-06-02,1.62962,1.63132,1.62958,1.63051,7602.9
2024-06-03,1.63054,1.6348,1.62528,1.63037,167306.98
2024-06-04,1.63039,1.63855,1.62875,1.63733,183922.84
2024-06-05,1.63726,1.63948,1.63206,1.63377,149314.31
2024-06-06,1.63376,1.6403,1.62961,1.633,153543.1
2024-06-07,1.63297,1.64199,1.631,1.64113,185725.35
2024-06-09,1.63376,1.63827,1.63376,1.63752,9603.57
2024-06-10,1.63751,1.63869,1.626,1.62886,132853.79
2024-06-11,1.62886,1.63345,1.62347,1.62532,152560.55
2024-06-12,1.6253,1.62821,1.61736,1.62266,216440.74
2024-06-13,1.62265,1.6273,1.61517,1.61917,171247.8
2024-06-14,1.61915,1.62184,1.61488,1.61765,190119.32
2024-06-16,1.61661,1.61868,1.61661,1.61844,6204.21
2024-06-17,1.61844,1.62621,1.61741,1.62281,145656.43
2024-06-18,1.62283,1.6246,1.61196,1.61205,165064.35
2024-06-19,1.61202,1.61261,1.60787,1.61023,88796.6
2024-06-20,1.61018,1.6113,1.60588,1.60727,151674.87
2024-06-21,1.60727,1.61128,1.60265,1.60939,142103.31
2024-06-23,1.60745,1.61104,1.60745,1.61078,6574.11
2024-06-24,1.61076,1.61601,1.60928,1.61283,135835.53
2024-06-25,1.61278,1.61354,1.60766,1.61165,134585.52
2024-06-26,1.61167,1.61333,1.59967,1.60701,164174.39
2024-06-27,1.607,1.61135,1.60246,1.61013,146829.37
2024-06-28,1.61014,1.61462,1.60205,1.6059,180750.88
2024-06-30,1.60727,1.60876,1.60624,1.60845,9144.02
2024-07-01,1.60844,1.6147,1.60826,1.61334,161831.6
2024-07-02,1.61333,1.61766,1.60907,1.61162,141299.13
2024-07-03,1.61162,1.61344,1.60607,1.60763,137802.18
2024-07-04,1.60756,1.60789,1.60425,1.60745,76105.35
2024-07-05,1.60743,1.60939,1.60418,1.6055,147770.1
2024-07-07,1.60208,1.60516,1.60182,1.60462,9075.86
2024-07-08,1.60461,1.60897,1.60254,1.60613,125964.56
2024-07-09,1.60608,1.60802,1.60292,1.60403,119138.66
2024-07-10,1.60404,1.60627,1.603,1.60447,114617.55
2024-07-11,1.60443,1.60852,1.59961,1.60612,181350.74
2024-07-12,1.60618,1.60887,1.60473,1.60695,164160.49
2024-07-14,1.60554,1.60944,1.60454,1.60767,11287.27
2024-07-15,1.60768,1.61321,1.6064,1.6115,151566.36
2024-07-16,1.61152,1.62001,1.61125,1.61937,157618.05
2024-07-17,1.61938,1.62634,1.61725,1.62535,185658.17
2024-07-18,1.62533,1.62837,1.61872,1.62587,173665.97
2024-07-19,1.62587,1.62861,1.62311,1.62786,162941.75
2024-07-21,1.62458,1.62818,1.62414,1.62758,11963.78
2024-07-22,1.62758,1.64037,1.62752,1.64009,139447.38
2024-07-23,1.64008,1.64288,1.63849,1.64082,137205.41
2024-07-24,1.64081,1.64884,1.64048,1.6486,176172.41
2024-07-25,1.64859,1.66428,1.64847,1.65912,229577.83
2024-07-26,1.65916,1.65924,1.6525,1.65772,140892.85
2024-07-28,1.65676,1.65752,1.65443,1.6561,8094.46
2024-07-29,1.65611,1.65835,1.6501,1.65141,128715.58
2024-07-30,1.65139,1.65663,1.6492,1.65359,143172.7
2024-07-31,1.6536,1.66993,1.6523,1.65288,220827.67
2024-08-01,1.65289,1.66202,1.64722,1.66108,229904.79
2024-08-02,1.66108,1.67682,1.65434,1.67481,271217.9
2024-08-04,1.67245,1.67953,1.67167,1.67901,20663.89
2024-08-05,1.67899,1.71836,1.67704,1.68062,467492.67
2024-08-06,1.68054,1.68708,1.67107,1.67706,356904.53
2024-08-07,1.67705,1.67998,1.66005,1.67628,277299.74
2024-08-08,1.67626,1.67871,1.65457,1.65595,234173.61
2024-08-09,1.65595,1.66228,1.65353,1.6607,163538.91
2024-08-11,1.66117,1.66198,1.65874,1.6612,6891.83
2024-08-12,1.66121,1.66144,1.65417,1.66067,130090.9
2024-08-13,1.66065,1.66129,1.65306,1.65652,172799.43
2024-08-14,1.65654,1.6706,1.65474,1.66888,181358.85
2024-08-15,1.66889,1.67475,1.65599,1.65936,149480.26
2024-08-16,1.65937,1.66017,1.65188,1.65341,118810.93
2024-08-18,1.65379,1.65395,1.65146,1.65213,6582.18
2024-08-19,1.6521,1.65413,1.64485,1.64616,143400.63
2024-08-20,1.64618,1.65041,1.64504,1.64932,142097.64
2024-08-21,1.64929,1.65462,1.64724,1.65257,142413.25
2024-08-22,1.65257,1.65811,1.64923,1.65728,151114.66
2024-08-23,1.65728,1.65791,1.64565,1.64575,158989.96
2024-08-25,1.64644,1.64905,1.6451,1.64842,11306.41
2024-08-26,1.64841,1.65145,1.64544,1.64829,143871.79
2024-08-27,1.6483,1.65046,1.64438,1.64667,138261.55
2024-08-28,1.64665,1.64724,1.63781,1.63994,145398.57
2024-08-29,1.63996,1.63997,1.62532,1.63037,161640.69
2024-08-30,1.63039,1.63593,1.62659,1.63279,146567.7
2024-09-01,1.63256,1.63294,1.63048,1.63175,4920.48
2024-09-02,1.63177,1.63483,1.62705,1.6305,80694.43
2024-09-03,1.6305,1.64653,1.62937,1.64568,175978.27
2024-09-04,1.64563,1.65229,1.64089,1.64974,167687.0
2024-09-05,1.64972,1.65195,1.64583,1.64828,162374.6
2024-09-06,1.6483,1.66283,1.64354,1.66169,207536.85
2024-09-08,1.66077,1.66304,1.66072,1.66212,8044.76
2024-09-09,1.66215,1.66256,1.65538,1.65748,135862.69
2024-09-10,1.6575,1.6598,1.65327,1.65632,138528.93
2024-09-11,1.65628,1.66175,1.64825,1.64955,189024.94
2024-09-12,1.64953,1.65395,1.64517,1.6471,158641.34
2024-09-13,1.6471,1.65643,1.6465,1.65104,154056.96
2024-09-15,1.6499,1.65326,1.64958,1.6514,7692.44
2024-09-16,1.65138,1.6535,1.64747,1.64821,138940.97
2024-09-17,1.64818,1.64996,1.64231,1.64507,149215.42
2024-09-18,1.64506,1.64753,1.6384,1.64253,200839.94
2024-09-19,1.64253,1.64421,1.63164,1.63879,219980.3
2024-09-20,1.63875,1.64294,1.63566,1.63954,178697.28
2024-09-22,1.63959,1.6402,1.6385,1.63855,6390.97
2024-09-23,1.63853,1.63889,1.62331,1.62593,165160.97
2024-09-24,1.62592,1.63126,1.61848,1.62038,168545.1
2024-09-25,1.62039,1.63208,1.62,1.63208,165678.23
2024-09-26,1.63208,1.63208,1.61834,1.62149,185987.58
2024-09-27,1.62148,1.62504,1.61166,1.61658,181546.98
2024-09-29,1.6152,1.61727,1.61392,1.61424,6810.58
2024-09-30,1.61422,1.61856,1.60627,1.61033,177712.06
2024-10-01,1.61034,1.61135,1.60185,1.60827,202130.75
2024-10-02,1.60828,1.60895,1.60038,1.60445,161170.52
2024-10-03,1.60448,1.61382,1.60373,1.61088,177550.86
2024-10-04,1.61085,1.61551,1.60988,1.61503,162771.81
2024-10-06,1.61333,1.6142,1.61132,1.61376,8773.2
2024-10-07,1.61377,1.62639,1.61094,1.62443,171983.73
2024-10-08,1.62439,1.63528,1.62198,1.62845,198789.2
2024-10-09,1.629244,1.629594,1.627989,1.628976,0.0
2024-10-10,1.629104,1.629104,1.628465,1.62858,0.0
2024-10-11,1.62189,1.62556,1.61865,1.61911,107024.29
2024-10-13,1.6189,1.62454,1.6188,1.62285,7730.2
2024-10-14,1.62283,1.6277,1.61975,1.62208,137354.01
2024-10-15,1.62201,1.63071,1.61969,1.62975,148754.73
2024-10-16,1.62973,1.63274,1.62497,1.62926,142127.12
2024-10-17,1.62928,1.62946,1.61487,1.61635,162724.29
2024-10-18,1.61637,1.62119,1.61333,1.61941,131955.38
2024-10-20,1.61863,1.621,1.61814,1.61865,5401.1
2024-10-21,1.61867,1.62611,1.6162,1.6253,127638.1
2024-10-22,1.62528,1.62596,1.6144,1.61574,133101.53
2024-10-23,1.61574,1.6283,1.61383,1.62481,159525.25
2024-10-24,1.6248,1.63233,1.6184,1.63132,168231.97
2024-10-25,1.63132,1.63614,1.62932,1.63377,134478.55
2024-10-27,1.63007,1.63508,1.62995,1.63492,10046.73
2024-10-28,1.63492,1.64348,1.63382,1.64309,139082.76
2024-10-29,1.64309,1.6501,1.64173,1.64972,161312.25
2024-10-30,1.64971,1.65418,1.644,1.65195,178629.09
2024-10-31,1.65193,1.65997,1.64963,1.65483,184209.99
2024-11-01,1.65485,1.65835,1.64749,1.65058,176405.97
2024-11-03,1.64382,1.65161,1.64359,1.64951,10595.28
2024-11-04,1.64948,1.65429,1.64682,1.65125,187882.03
2024-11-05,1.65142,1.65276,1.64282,1.64639,187570.46
2024-11-06,1.64639,1.64963,1.62718,1.63403,523423.03
2024-11-07,1.63404,1.63437,1.61595,1.61719,312230.24
2024-11-08,1.6172,1.63041,1.61658,1.62738,268448.34
2024-11-10,1.62538,1.62782,1.62435,1.627,9463.05
2024-11-11,1.627,1.628,1.61805,1.62067,210691.37
2024-11-12,1.62071,1.62769,1.61943,1.62575,267815.52
2024-11-13,1.62575,1.63105,1.6238,1.62693,277987.66
2024-11-14,1.6269,1.63283,1.62617,1.63101,310537.87
2024-11-15,1.63101,1.63529,1.62936,1.63052,277616.59
2024-11-17,1.62697,1.63095,1.62691,1.62962,6608.05
2024-11-18,1.62962,1.63608,1.6274,1.62838,244462.33
2024-11-19,1.62836,1.62994,1.62089,1.62141,298270.1
2024-11-20,1.62141,1.62361,1.61913,1.61935,236685.48
2024-11-21,1.61928,1.62027,1.60586,1.60819,263544.97
2024-11-22,1.60819,1.61322,1.59636,1.60239,301472.75
2024-11-24,1.60164,1.60479,1.60066,1.60232,16892.41
2024-11-25,1.60233,1.61971,1.60043,1.61559,274286.12
2024-11-26,1.61564,1.62444,1.61259,1.62032,326092.0
2024-11-27,1.62032,1.63063,1.61686,1.62553,292740.54
2024-11-28,1.62552,1.62741,1.61993,1.62274,185848.05
2024-11-29,1.62275,1.6252,1.61879,1.62105,273039.94
2024-12-01,1.62195,1.62271,1.62054,1.62151,11088.78
2024-12-02,1.62154,1.62491,1.6158,1.62166,299444.85
2024-12-03,1.62171,1.62513,1.61684,1.62048,246259.1
2024-12-04,1.62045,1.63916,1.61952,1.63437,267089.59
2024-12-05,1.63438,1.64316,1.63341,1.64097,219989.53
2024-12-06,1.64097,1.65602,1.64069,1.65334,232838.14
2024-12-08,1.65095,1.65239,1.64984,1.65087,6593.77
2024-12-09,1.65086,1.65231,1.63501,1.63936,212720.92
2024-12-10,1.63934,1.65387,1.63911,1.65167,221076.55
2024-12-11,1.65169,1.65746,1.6457,1.64681,259988.7
2024-12-12,1.64584,1.6469,1.63608,1.64377,260806.15
2024-12-13,1.64375,1.65189,1.64186,1.65051,223572.18
2024-12-15,1.64991,1.65179,1.64854,1.65048,7218.82
2024-12-16,1.65049,1.6528,1.64744,1.64919,208018.75
2024-12-17,1.64915,1.65794,1.64895,1.65538,174720.71
2024-12-18,1.65538,1.66907,1.65537,1.66794,263144.7
2024-12-19,1.66796,1.67142,1.65655,1.6632,309326.6
2024-12-20,1.66319,1.66921,1.66027,1.66743,275667.54
2024-12-22,1.66514,1.66993,1.66508,1.6681,7906.41
2024-12-23,1.66802,1.67084,1.66189,1.66628,190515.59
2024-12-24,1.66629,1.67003,1.66278,1.66278,131250.86
2024-12-25,1.66765,1.66829,1.66401,1.66543,4403.4
2024-12-26,1.66546,1.67692,1.66312,1.67446,130580.29
2024-12-27,1.67449,1.68011,1.67297,1.67658,174033.38
2024-12-29,1.67613,1.67759,1.67332,1.67525,6029.04
2024-12-30,1.67525,1.67698,1.66896,1.67333,190037.62
2024-12-31,1.67333,1.67759,1.67012,1.67246,178870.25
2025-01-01,1.6717,1.67429,1.67092,1.67109,7314.96
2025-01-02,1.67109,1.67236,1.64884,1.65565,244353.11
2025-01-03,1.65559,1.65929,1.65078,1.65683,187507.27
2025-01-05,1.657,1.6589,1.65581,1.65645,6685.0
2025-01-06,1.65645,1.66512,1.65218,1.6643,260157.8
2025-01-07,1.66428,1.6643,1.65435,1.65873,266057.14
2025-01-08,1.65872,1.66551,1.65775,1.66035,251604.17
2025-01-09,1.66034,1.66633,1.65981,1.66338,176237.11
2025-01-10,1.66334,1.6678,1.65984,1.66614,252122.47
2025-01-12,1.66338,1.66732,1.66337,1.66436,6873.78
2025-01-13,1.66438,1.66527,1.65428,1.6577,250632.7
2025-01-14,1.65767,1.66535,1.65337,1.66454,255398.25
2025-01-15,1.66454,1.66637,1.65074,1.65095,213788.01
2025-01-16,1.65094,1.66005,1.64809,1.65876,230383.17
2025-01-17,1.65875,1.66607,1.65523,1.65829,208576.52
2025-01-19,1.65796,1.65892,1.65674,1.65872,6877.97
2025-01-20,1.65872,1.66434,1.65684,1.65909,266437.02
2025-01-21,1.6591,1.66798,1.65841,1.66158,300105.53
2025-01-22,1.66153,1.66417,1.65843,1.65911,212077.44
2025-01-23,1.65912,1.66286,1.65588,1.65771,234917.15
2025-01-24,1.65774,1.66423,1.65179,1.6615,241748.35
2025-01-26,1.66053,1.66518,1.66049,1.66309,8593.7
2025-01-27,1.66305,1.67269,1.66202,1.66728,292002.92
2025-01-28,1.6673,1.67105,1.66551,1.66782,229232.65
2025-01-29,1.66781,1.67499,1.66743,1.67057,240483.8
2025-01-30,1.67057,1.67795,1.66871,1.67296,230613.15
2025-01-31,1.67297,1.67422,1.66413,1.66763,282755.37
2025-02-02,1.66388,1.66898,1.66109,1.66823,31503.16
2025-02-03,1.66823,1.67901,1.65801,1.66092,447301.66
2025-02-04,1.66093,1.66718,1.65776,1.65944,279021.63
2025-02-05,1.65942,1.6625,1.6538,1.65467,244850.98
2025-02-06,1.65467,1.65947,1.65036,1.6532,208177.76
2025-02-07,1.65319,1.65331,1.64489,1.64489,245861.01
2025-02-09,1.64831,1.64886,1.64594,1.64737,11427.84
2025-02-10,1.64737,1.64748,1.63897,1.64266,186735.3
2025-02-11,1.64266,1.64719,1.63927,1.64564,187984.9
2025-02-12,1.64566,1.65682,1.643,1.65424,244161.34
2025-02-13,1.65424,1.66329,1.65391,1.65612,270455.17
2025-02-14,1.65611,1.65751,1.64989,1.65115,212025.9
2025-02-16,1.65108,1.65202,1.64994,1.64997,9368.57
2025-02-17,1.64996,1.65127,1.64459,1.64964,149005.38
2025-02-18,1.64964,1.65192,1.64261,1.64468,184662.85
2025-02-19,1.64467,1.64636,1.63984,1.64333,189174.63
2025-02-20,1.64332,1.64646,1.63567,1.63987,216177.72
2025-02-21,1.63992,1.64688,1.63784,1.64523,205503.6
2025-02-23,1.64391,1.64576,1.64242,1.64436,8877.09
2025-02-24,1.64437,1.65185,1.64286,1.65029,240377.95
2025-02-25,1.65031,1.66194,1.64778,1.65624,239351.31
2025-02-26,1.65624,1.66495,1.6561,1.66213,235010.45
2025-02-27,1.66209,1.66863,1.65991,1.66782,259284.76
2025-02-28,1.66782,1.67726,1.66725,1.67042,257611.96
2025-03-02,1.67294,1.67546,1.6724,1.67384,10914.49
2025-03-03,1.67385,1.68792,1.67167,1.68677,274758.08
2025-03-04,1.68678,1.70012,1.68576,1.69473,399577.76
2025-03-05,1.69473,1.70926,1.69393,1.70316,382922.5
2025-03-06,1.70315,1.71072,1.69916,1.70357,366501.94
2025-03-07,1.70354,1.72689,1.70288,1.71684,330575.66
2025-03-09,1.71399,1.72424,1.71399,1.72287,17104.83
2025-03-10,1.72287,1.72872,1.7103,1.7258,329851.18
2025-03-11,1.72577,1.74181,1.72527,1.73353,365704.57
2025-03-12,1.73346,1.7365,1.71985,1.71991,300517.02
2025-03-13,1.71992,1.73061,1.71859,1.72669,281525.26
2025-03-14,1.72667,1.72966,1.71805,1.71894,249994.42
2025-03-16,1.71877,1.72041,1.71778,1.71986,11784.82
2025-03-17,1.71986,1.72076,1.70844,1.71092,206741.76
2025-03-18,1.71091,1.72198,1.70849,1.71936,194034.82
2025-03-19,1.71933,1.72397,1.71226,1.71466,221160.71
2025-03-20,1.71465,1.72675,1.71462,1.722,227365.63
2025-03-21,1.72199,1.72716,1.7196,1.72428,184962.57
2025-03-23,1.72298,1.72444,1.72096,1.72292,11172.64
2025-03-24,1.72291,1.72475,1.71601,1.71818,206001.61
2025-03-25,1.7182,1.71908,1.71018,1.71053,176326.48
2025-03-26,1.71054,1.7166,1.7049,1.70849,216093.35
2025-03-27,1.70851,1.71462,1.70522,1.71402,207702.64
2025-03-28,1.71403,1.72308,1.71038,1.72192,179452.55
2025-03-30,1.72066,1.72495,1.71726,1.72264,15970.94
2025-03-31,1.72264,1.73654,1.72094,1.73342,240770.91
2025-04-01,1.73344,1.73644,1.7162,1.71646,236823.63
2025-04-02,1.71645,1.74083,1.71111,1.74058,263653.78
2025-04-03,1.74056,1.75276,1.73569,1.74591,475146.34
2025-04-04,1.7459,1.82913,1.74423,1.81298,556940.36
2025-04-06,1.81253,1.84165,1.811,1.83447,68386.93
2025-04-07,1.83444,1.83852,1.78759,1.8199,735115.94
2025-04-08,1.81982,1.84805,1.79579,1.84382,623401.7
2025-04-09,1.84381,1.85548,1.77455,1.78528,771733.55
2025-04-10,1.78527,1.81449,1.76968,1.80885,685300.85
2025-04-11,1.80882,1.8447,1.79766,1.80553,657162.31
2025-04-13,1.79256,1.8056,1.79171,1.8,39665.57
2025-04-14,1.80001,1.81137,1.79071,1.79389,494967.23
2025-04-15,1.79387,1.79389,1.77139,1.78172,345327.71
2025-04-16,1.78173,1.79422,1.77806,1.78898,404383.41
2025-04-17,1.78899,1.79386,1.77603,1.77939,319704.47
2025-04-18,1.77939,1.78853,1.77801,1.78568,856136.45
2025-04-20,1.78748,1.79281,1.78533,1.79161,31752.3
2025-04-21,1.79161,1.8014,1.78978,1.79283,294808.48
2025-04-22,1.79285,1.79825,1.7791,1.78041,385600.82
2025-04-23,1.78034,1.78606,1.76606,1.78022,370096.75
2025-04-24,1.78021,1.7869,1.77472,1.77672,277297.4
2025-04-25,1.77669,1.78128,1.7649,1.77558,250015.82
2025-04-27,1.77628,1.778,1.77238,1.77745,13528.87
2025-04-28,1.77743,1.78167,1.77104,1.77456,249344.18
2025-04-29,1.77454,1.78873,1.76996,1.7831,245393.24
2025-04-30,1.78309,1.7882,1.76562,1.766,280448.86
2025-05-01,1.76599,1.77518,1.75966,1.76881,243920.49
2025-05-02,1.76878,1.76929,1.75159,1.75238,313739.87
2025-05-04,1.74852,1.75685,1.74851,1.75675,14602.5
2025-05-05,1.75675,1.75855,1.74617,1.75074,227689.44
2025-05-06,1.75075,1.7575,1.73846,1.74359,264637.7
2025-05-07,1.7436,1.76213,1.74201,1.75751,294107.5
2025-05-08,1.75748,1.76294,1.74991,1.75585,284621.54
2025-05-09,1.75586,1.75835,1.75143,1.75321,203988.48
2025-05-11,1.74181,1.74931,1.7414,1.74891,16913.21
2025-05-12,1.74892,1.75143,1.73109,1.74098,316559.37
2025-05-13,1.74097,1.74518,1.7252,1.72814,242507.55
2025-05-14,1.72812,1.7416,1.72467,1.73956,243073.4
2025-05-15,1.73953,1.74933,1.73389,1.74747,224298.71
2025-05-16,1.74746,1.75187,1.73991,1.74238,212045.41
2025-05-18,1.74191,1.74666,1.7419,1.74554,10454.16
2025-05-19,1.74552,1.7518,1.73811,1.74016,208384.1
2025-05-20,1.74018,1.76056,1.73882,1.75665,270874.93
2025-05-21,1.75665,1.76219,1.75313,1.76151,276375.43
2025-05-22,1.76152,1.76348,1.75367,1.76027,303028.18
2025-05-23,1.76027,1.76106,1.74806,1.74876,247654.95
2025-05-25,1.74909,1.75135,1.74748,1.7493,19812.64
2025-05-26,1.74929,1.75737,1.74629,1.75732,155033.13
2025-05-27,1.75734,1.76267,1.75498,1.75816,221774.82
2025-05-28,1.75817,1.76366,1.74719,1.74833,257567.9
2025-05-29,1.74834,1.76577,1.74793,1.76535,286842.05
2025-05-30,1.76537,1.76983,1.76106,1.7635,324451.63
2025-06-01,1.76113,1.76408,1.76095,1.76192,14212.08
2025-06-02,1.7619,1.76543,1.75792,1.76227,222989.04
2025-06-03,1.76226,1.77071,1.75705,1.76085,205681.32
2025-06-04,1.76088,1.76389,1.75424,1.75984,209066.37
2025-06-05,1.75984,1.7604,1.75214,1.75931,248242.03
2025-06-06,1.75933,1.76128,1.7533,1.75401,214201.12
2025-06-08,1.75316,1.75558,1.75195,1.75499,9382.71
2025-06-09,1.755,1.75518,1.7491,1.75323,156890.23
2025-06-10,1.75328,1.75506,1.74606,1.75165,199642.64
2025-06-11,1.75165,1.76891,1.75116,1.76826,195615.4
2025-06-12,1.76824,1.78316,1.76753,1.77844,238525.97
2025-06-13,1.77841,1.78826,1.77352,1.78,318998.25
2025-06-15,1.77667,1.77919,1.77552,1.7771,18948.27
2025-06-16,1.77708,1.78224,1.76878,1.77396,214685.46
2025-06-17,1.77397,1.77562,1.76625,1.77157,244668.37
2025-06-18,1.77157,1.77368,1.76061,1.76367,255468.38
2025-06-19,1.76365,1.77881,1.7631,1.77481,202120.26
2025-06-20,1.7748,1.78801,1.77275,1.78517,200793.87
2025-06-22,1.78049,1.78879,1.78024,1.78393,22831.49
2025-06-23,1.78392,1.79905,1.78353,1.79043,282345.52
2025-06-24,1.79043,1.7913,1.7811,1.78766,254299.75
2025-06-25,1.78766,1.79151,1.78363,1.79149,206115.39
2025-06-26,1.79148,1.79409,1.78261,1.78595,253379.91
2025-06-27,1.78595,1.79735,1.78329,1.79344,217430.76
2025-06-29,1.79348,1.79603,1.79172,1.79507,13151.76
2025-06-30,1.79507,1.79632,1.78919,1.79216,219199.17
2025-07-01,1.79215,1.79733,1.78845,1.79409,207819.11
2025-07-02,1.79408,1.79642,1.78999,1.79237,203059.64
2025-07-03,1.79239,1.79645,1.78739,1.78949,183385.74
2025-07-04,1.7895,1.79905,1.78834,1.79508,238078.9
2025-07-06,1.7942,1.79849,1.79408,1.79835,7765.89
2025-07-07,1.79836,1.80978,1.79828,1.8037,203123.87
2025-07-08,1.8037,1.80417,1.79071,1.79677,229269.59
2025-07-09,1.79675,1.79772,1.7894,1.79575,208451.71
2025-07-10,1.79578,1.79646,1.77416,1.77469,182897.18
2025-07-11,1.77468,1.78011,1.77187,1.77708,217514.69
2025-07-13,1.77665,1.77824,1.77525,1.77653,11649.48
2025-07-14,1.77654,1.78304,1.77392,1.78254,176720.59
2025-07-15,1.78255,1.78474,1.77525,1.78053,202147.37
2025-07-16,1.78053,1.78985,1.77693,1.78371,232798.65
2025-07-17,1.78371,1.79456,1.78239,1.78744,184136.0
2025-07-18,1.78744,1.78835,1.78318,1.78568,156400.5
2025-07-20,1.78151,1.78702,1.78151,1.78566,9729.14
2025-07-21,1.78566,1.79301,1.78491,1.79155,135627.76
2025-07-22,1.79159,1.79738,1.78793,1.79115,159396.59
2025-07-23,1.79111,1.79152,1.77671,1.78329,201136.51
2025-07-24,1.78328,1.78428,1.77495,1.78237,188691.38
2025-07-25,1.78235,1.78991,1.78154,1.78714,186053.72
2025-07-27,1.78715,1.78976,1.78625,1.78893,8159.87
2025-07-28,1.78891,1.7921,1.77502,1.77794,194988.21
2025-07-29,1.77792,1.77971,1.77041,1.77336,183298.92
2025-07-30,1.77336,1.77863,1.77048,1.77296,257190.28
2025-07-31,1.77296,1.77985,1.76732,1.77698,221808.12
2025-08-01,1.777,1.79301,1.77329,1.79019,292646.46
2025-08-03,1.79026,1.79343,1.78961,1.79111,8722.28
2025-08-04,1.79111,1.79127,1.78388,1.78916,193954.42
2025-08-05,1.78918,1.79145,1.78359,1.78894,192462.15
2025-08-06,1.78899,1.79438,1.78203,1.79431,154054.97
2025-08-07,1.7943,1.79438,1.78395,1.78943,214606.49
2025-08-08,1.78945,1.79044,1.78255,1.7843,137300.13
2025-08-10,1.78352,1.78737,1.78352,1.78731,3649.16
2025-08-11,1.78733,1.78947,1.78109,1.78337,138596.8
2025-08-12,1.78339,1.79208,1.781,1.78827,213047.59
2025-08-13,1.78825,1.79182,1.78517,1.7878,138040.31
2025-08-14,1.78779,1.79492,1.78325,1.793,182445.11
2025-08-15,1.793,1.7992,1.79221,1.7979,138756.24
2025-08-17,1.79699,1.79964,1.79699,1.7974,4435.36
2025-08-18,1.7974,1.79922,1.79182,1.79647,132632.77
2025-08-19,1.79645,1.80602,1.79445,1.80378,148811.35
2025-08-20,1.80374,1.81508,1.803,1.8103,163114.22
2025-08-21,1.81032,1.81569,1.8048,1.80712,157076.12
2025-08-22,1.80713,1.80813,1.80276,1.80494,207051.89
2025-08-24,1.80386,1.80631,1.80327,1.8054,7309.92
2025-08-25,1.80538,1.80699,1.7908,1.79183,150205.19
2025-08-26,1.79181,1.7981,1.79145,1.7915,198774.45
2025-08-27,1.79152,1.79286,1.78641,1.78835,188553.96
2025-08-28,1.78837,1.7899,1.78518,1.78815,172110.93
2025-08-29,1.78817,1.78939,1.78236,1.7863,188124.31
2025-08-31,1.78603,1.78745,1.78549,1.78649,4200.12
2025-09-01,1.78651,1.79327,1.78523,1.78654,122076.31
2025-09-02,1.78653,1.79339,1.7839,1.78441,255871.06
2025-09-03,1.78444,1.78754,1.78034,1.78158,209630.47
2025-09-04,1.78157,1.79012,1.77986,1.78714,206321.11
2025-09-05,1.78712,1.79133,1.78129,1.78688,234597.03
2025-09-07,1.78596,1.78823,1.78595,1.7867,10929.16
2025-09-08,1.78668,1.78741,1.77849,1.78357,191614.86
2025-09-09,1.78359,1.78574,1.77415,1.77682,197988.26
2025-09-10,1.77682,1.77698,1.76437,1.76793,209975.02
2025-09-11,1.76794,1.77131,1.76006,1.76019,227925.04
2025-09-12,1.76022,1.7663,1.75909,1.76341,197556.41
2025-09-14,1.76414,1.76566,1.76282,1.76339,5279.31
2025-09-15,1.76339,1.76678,1.76014,1.76281,153150.22
2025-09-16,1.76279,1.77665,1.76215,1.77473,186496.41
2025-09-17,1.77474,1.78011,1.77167,1.77758,206633.07
2025-09-18,1.77759,1.78263,1.77588,1.78155,220206.78
2025-09-19,1.78158,1.78602,1.77944,1.78078,182633.98
2025-09-21,1.77777,1.78169,1.7774,1.78125,6151.57
2025-09-22,1.78122,1.7889,1.7783,1.78761,157064.25
2025-09-23,1.78761,1.79311,1.78357,1.79042,173343.8
2025-09-24,1.79037,1.791,1.77752,1.78278,198416.71
2025-09-25,1.78275,1.78572,1.77807,1.78348,223147.5
2025-09-26,1.78346,1.78987,1.78346,1.78693,182385.38
2025-09-28,1.7853,1.7875,1.78521,1.78637,5774.01
2025-09-29,1.78638,1.78921,1.7805,1.78324,163868.59
2025-09-30,1.78323,1.78483,1.77118,1.775,209012.25
2025-10-01,1.77496,1.78182,1.77133,1.77349,228651.56
2025-10-02,1.77349,1.77948,1.77237,1.77671,161945.82
2025-10-03,1.7767,1.77965,1.7751,1.77734,152997.59
2025-10-05,1.77824,1.77955,1.7756,1.77604,16603.56
2025-10-06,1.77603,1.77708,1.76505,1.76965,188186.45
2025-10-07,1.7697,1.77365,1.76685,1.7708,167738.02
2025-10-08,1.77079,1.772,1.76298,1.76608,185189.16
2025-10-09,1.76607,1.7675,1.75706,1.76276,214050.18
2025-10-10,1.76281,1.79607,1.76026,1.79362,229969.14
2025-10-12,1.78353,1.78773,1.78153,1.7853,20003.72
2025-10-13,1.78537,1.78551,1.77344,1.77601,175141.87
2025-10-14,1.77598,1.79454,1.7723,1.78747,263087.54
2025-10-15,1.7875,1.79281,1.78202,1.78941,203284.02
2025-10-16,1.7894,1.80654,1.78861,1.80476,250531.02
2025-10-17,1.80475,1.81615,1.79301,1.79301,269324.31
2025-10-19,1.794,1.79669,1.79139,1.79307,6193.02
2025-10-20,1.79307,1.79668,1.78491,1.78687,166665.97
2025-10-21,1.78685,1.79452,1.78595,1.78689,210565.19
2025-10-22,1.78687,1.79281,1.7831,1.7889,215194.33
2025-10-23,1.78886,1.78978,1.77999,1.78313,164066.6
2025-10-24,1.78309,1.78959,1.78283,1.78446,177640.63
2025-10-26,1.77853,1.78022,1.77679,1.78009,10970.83
2025-10-27,1.78011,1.78191,1.77404,1.77641,164210.3
2025-10-28,1.77644,1.78141,1.76828,1.77024,151943.5
2025-10-29,1.77024,1.77192,1.75783,1.76421,220921.0
2025-10-30,1.76424,1.77063,1.7616,1.76409,223625.15
2025-10-31,1.76407,1.76979,1.75967,1.76154,146917.73
2025-11-02,1.76051,1.76353,1.76051,1.76101,8311.39
2025-11-03,1.761,1.76576,1.75628,1.7616,129220.7
2025-11-04,1.7616,1.77248,1.76003,1.77095,156093.75
2025-11-05,1.77102,1.77858,1.76307,1.76591,140207.3
2025-11-06,1.7659,1.785,1.7655,1.78103,159220.41
2025-11-07,1.78105,1.78985,1.77714,1.77939,164778.04
2025-11-09,1.77798,1.78088,1.77509,1.77519,8413.17
2025-11-10,1.77525,1.77824,1.76647,1.76846,117213.54
2025-11-11,1.76848,1.77836,1.76794,1.77454,114301.64
2025-11-12,1.77453,1.77623,1.76852,1.77334,124739.18
2025-11-13,1.77331,1.78472,1.76295,1.78182,184287.62
2025-11-14,1.78181,1.78688,1.773,1.77726,205015.23
2025-11-16,1.7759,1.77976,1.7759,1.77783,4110.19
2025-11-17,1.77784,1.78715,1.77627,1.78508,144916.74
2025-11-18,1.78506,1.79357,1.77701,1.77914,185251.13
2025-11-19,1.77915,1.78841,1.77751,1.77787,175727.2
2025-11-20,1.77786,1.79101,1.77407,1.78832,202731.33
2025-11-21,1.78835,1.79343,1.78081,1.7828,222702.8
2025-11-23,1.77996,1.78261,1.77996,1.78078,4564.16
2025-11-24,1.78079,1.79079,1.78055,1.78175,137058.72
2025-11-25,1.78179,1.79772,1.78179,1.78723,171479.58
2025-11-26,1.78725,1.7879,1.77659,1.77837,170023.11
2025-11-27,1.77837,1.77857,1.77364,1.77469,84144.69
2025-11-28,1.77469,1.77573,1.76753,1.76762,490721.69
2025-11-30,1.77148,1.77333,1.77018,1.77065,5488.14
2025-12-01,1.77066,1.77628,1.77041,1.77417,157402.4
2025-12-02,1.77417,1.77488,1.76639,1.76886,133272.65
2025-12-03,1.76883,1.77507,1.7663,1.76645,134138.1
2025-12-04,1.76644,1.76693,1.75939,1.7624,159589.5
2025-12-05,1.76239,1.76289,1.75263,1.75287,127945.91
2025-12-07,1.75181,1.75543,1.75181,1.75433,7607.92
2025-12-08,1.75434,1.75799,1.75278,1.75649,129927.49
2025-12-09,1.75648,1.7622,1.74798,1.75121,141746.88
2025-12-10,1.75122,1.7555,1.74836,1.75334,176517.95
2025-12-11,1.75329,1.76405,1.75203,1.76219,171415.4
2025-12-12,1.76222,1.76882,1.75703,1.76409,158661.67
2025-12-14,1.76392,1.76733,1.76335,1.76555,7836.22
2025-12-15,1.76554,1.77073,1.76382,1.76963,146773.04
2025-12-16,1.76965,1.77709,1.76846,1.77133,195896.07
2025-12-17,1.77134,1.77946,1.76856,1.7788,177465.46
2025-12-18,1.77877,1.78061,1.7705,1.77274,176312.6
2025-12-19,1.77277,1.77473,1.76949,1.77081,133144.39
2025-12-21,1.76854,1.77284,1.76854,1.77087,6504.97
2025-12-22,1.77086,1.77171,1.76476,1.7669,118602.08
2025-12-23,1.7669,1.76788,1.75866,1.7597,128152.97
2025-12-24,1.75971,1.76128,1.75299,1.7535,105195.15
2025-12-25,1.75353,1.75787,1.75253,1.75727,14577.11
2025-12-26,1.75733,1.75757,1.75158,1.75163,127167.34
2025-12-28,1.75326,1.75465,1.75295,1.75317,6043.37
2025-12-29,1.75318,1.76224,1.74875,1.75826,158125.55
2025-12-30,1.75825,1.75886,1.75318,1.75401,124770.21
2025-12-31,1.75402,1.76149,1.7527,1.75963,127885.07
2026-01-01,1.75913,1.76116,1.7584,1.75937,7767.99
2026-01-02,1.75939,1.75986,1.74895,1.74981,138680.13
2026-01-04,1.75239,1.75366,1.74914,1.75122,8458.54
2026-01-05,1.75118,1.75341,1.74267,1.74488,158976.54
2026-01-06,1.74486,1.74739,1.73351,1.73524,142340.06
2026-01-07,1.73518,1.73973,1.72905,1.73698,145275.99
2026-01-08,1.73697,1.74542,1.73588,1.7402,141165.61
2026-01-09,1.7402,1.7444,1.73876,1.73909,145034.08
2026-01-11,1.73862,1.74104,1.73829,1.73843,4122.49
2026-01-12,1.73841,1.74375,1.73705,1.73925,145726.0
2026-01-13,1.73922,1.74447,1.73546,1.74205,142292.74
2026-01-14,1.74207,1.74565,1.73789,1.74264,170090.66
2026-01-15,1.74263,1.74558,1.72984,1.73236,143453.39
2026-01-16,1.73235,1.73788,1.73105,1.73445,122716.42
2026-01-18,1.73464,1.73852,1.73433,1.73801,11937.99
2026-01-19,1.738,1.73979,1.73323,1.73469,114153.93
2026-01-20,1.73471,1.74653,1.73065,1.74214,196548.67
2026-01-21,1.74213,1.74213,1.72714,1.72819,189159.44
2026-01-22,1.72817,1.7284,1.71582,1.71852,132318.12
2026-01-23,1.7185,1.71853,1.70988,1.71495,153585.83
2026-01-25,1.71304,1.71919,1.71216,1.71526,13650.93
2026-01-26,1.71521,1.7192,1.71099,1.71736,180208.15
2026-01-27,1.71735,1.72322,1.71419,1.71825,214361.85
2026-01-28,1.71822,1.71862,1.69681,1.70184,269921.05
2026-01-29,1.70184,1.71021,1.68933,1.69802,308133.14
2026-01-30,1.69801,1.70845,1.6941,1.70126,377363.72
2026-02-01,1.70404,1.71075,1.70284,1.70589,21448.52
2026-02-02,1.7059,1.71461,1.69309,1.69572,348380.77
2026-02-03,1.69574,1.69633,1.67609,1.68233,295191.98
2026-02-04,1.68233,1.69203,1.67965,1.68706,253095.66
2026-02-05,1.68705,1.70356,1.68413,1.70273,313057.87
2026-02-06,1.70273,1.70629,1.68217,1.68395,218520.73
2026-02-08,1.6855,1.6855,1.67985,1.68081,9727.46
2026-02-09,1.68082,1.69042,1.67853,1.68037,193442.18
2026-02-10,1.68035,1.68539,1.67944,1.68047,163320.59
2026-02-11,1.68046,1.68095,1.66341,1.66664,224824.8
2026-02-12,1.66665,1.67583,1.66228,1.67445,230591.25
2026-02-13,1.6745,1.68308,1.67186,1.6773,233470.38
2026-02-15,1.6776,1.68131,1.67757,1.678,4344.46
2026-02-16,1.67801,1.67846,1.6718,1.67542,85588.95
2026-02-17,1.67543,1.68019,1.67121,1.67328,205512.63
2026-02-18,1.67328,1.67615,1.67042,1.67371,143548.39
2026-02-19,1.67369,1.67466,1.66573,1.6678,179260.35
2026-02-20,1.6678,1.67537,1.66258,1.66268,247232.13
2026-02-22,1.66473,1.66659,1.66311,1.66375,11080.69
2026-02-23,1.66378,1.6729,1.66363,1.67032,184819.49
2026-02-24,1.67031,1.67501,1.66546,1.66795,155051.48
2026-02-25,1.66796,1.66839,1.65653,1.65929,150925.72
2026-02-26,1.65932,1.66708,1.65645,1.66173,191962.99
2026-02-27,1.66174,1.66393,1.65595,1.65968,221107.6
2026-03-01,1.67223,1.67223,1.66315,1.66641,25844.51
2026-03-02,1.66641,1.66718,1.64496,1.64642,386557.12
2026-03-03,1.64644,1.66272,1.64247,1.64935,532393.39
2026-03-04,1.64936,1.65928,1.64235,1.6442,465051.24
2026-03-05,1.64421,1.65946,1.64241,1.65577,447340.19
2026-03-06,1.65577,1.65681,1.64787,1.65207,452606.65
2026-03-08,1.65215,1.65472,1.64956,1.65359,41925.42
2026-03-09,1.65356,1.65539,1.64112,1.64341,533496.71
2026-03-10,1.64341,1.64581,1.62684,1.63084,436662.97
2026-03-11,1.63083,1.63083,1.61283,1.61896,375547.44
2026-03-12,1.61898,1.62835,1.61352,1.628,372220.72
2026-03-13,1.62799,1.63534,1.62491,1.63486,362375.17
2026-03-15,1.632,1.63537,1.63157,1.63236,20170.44
2026-03-16,1.63237,1.63487,1.6249,1.62691,265159.12
2026-03-17,1.62689,1.63095,1.62078,1.62308,250614.01
2026-03-18,1.6231,1.6317,1.61992,1.63063,284567.79
2026-03-19,1.63061,1.64159,1.62567,1.63493,466802.1
2026-03-20,1.63493,1.64842,1.62894,1.64701,360090.62
2026-03-22,1.64773,1.6503,1.64687,1.64922,17764.72
2026-03-23,1.64919,1.66223,1.64471,1.65617,557391.11
2026-03-24,1.65617,1.66673,1.65562,1.66022,531897.24
2026-03-25,1.66022,1.66747,1.6598,1.6651,357857.85
2026-03-26,1.6651,1.67548,1.6626,1.67481,336275.43
2026-03-27,1.67482,1.67773,1.66889,1.67308,289045.44
2026-03-29,1.67389,1.67799,1.67259,1.67735,19402.75
2026-03-30,1.67736,1.68047,1.66972,1.6735,309765.04
2026-03-31,1.6735,1.68461,1.66824,1.67229,427924.86
2026-04-01,1.67238,1.67596,1.66731,1.6739,375732.96
2026-04-02,1.67388,1.67876,1.66891,1.6699,379906.7
2026-04-03,1.66989,1.67245,1.66799,1.66846,97695.47
2026-04-05,1.67072,1.67359,1.6705,1.67161,17792.55
2026-04-06,1.67161,1.67169,1.66569,1.6685,208334.35
2026-04-07,1.66849,1.67086,1.65094,1.65131,386671.38
2026-04-08,1.65128,1.66146,1.64999,1.65627,420111.23
2026-04-09,1.65625,1.66158,1.64993,1.65236,249920.15
2026-04-10,1.65235,1.66125,1.65068,1.65845,189461.45
2026-04-12,1.66869,1.66869,1.66178,1.66307,21489.3
2026-04-13,1.6631,1.66365,1.6549,1.6574,245875.52
2026-04-14,1.65743,1.6616,1.65147,1.6549,197971.94
2026-04-15,1.65491,1.65538,1.64432,1.64528,186543.81
2026-04-16,1.64529,1.64685,1.64063,1.64558,207733.45
2026-04-17,1.64557,1.64611,1.6394,1.63995,229478.38
2026-04-19,1.64623,1.64824,1.64311,1.6452,16623.95
2026-04-20,1.64519,1.64619,1.64091,1.64254,203198.98
2026-04-21,1.64254,1.64579,1.63849,1.64106,227714.51
2026-04-22,1.64104,1.64128,1.63394,1.63533,218947.55
2026-04-23,1.63535,1.64101,1.63423,1.63878,330390.53
2026-04-24,1.63878,1.64181,1.63766,1.63875,226950.95
2026-04-26,1.63853,1.63988,1.63818,1.63876,5962.15
2026-04-27,1.63874,1.63901,1.62992,1.6302,168406.28
2026-04-28,1.63019,1.63405,1.62887,1.63041,215060.51
2026-04-29,1.63041,1.64242,1.62978,1.63917,294021.45
2026-04-30,1.63918,1.64068,1.62783,1.62874,351528.39
