date,open,high,low,close,tick_volume
2005-01-02,1.54457,1.54602,1.54397,1.545,49583.3
2005-01-03,1.54498,1.5477,1.5409,1.54507,616707.9
2005-01-04,1.54468,1.55271,1.54367,1.55091,615561.6
2005-01-05,1.55082,1.55443,1.54691,1.54955,620946.4
2005-01-06,1.54957,1.55112,1.54473,1.54724,626012.6
2005-01-07,1.54727,1.54929,1.54459,1.54603,589373.6
2005-01-09,1.54627,1.548,1.54577,1.54767,70331.2
2005-01-10,1.54769,1.54862,1.54473,1.54616,613666.2
2005-01-11,1.54596,1.55144,1.54388,1.55033,603795.6
2005-01-12,1.5505,1.5507,1.54472,1.54785,614646.3
2005-01-13,1.54767,1.54965,1.54635,1.54826,613272.3
2005-01-14,1.54835,1.55073,1.54599,1.54678,590274.7
2005-01-16,1.54624,1.54725,1.54582,1.54696,47144.2
2005-01-17,1.5471,1.54829,1.54318,1.54524,613508.9
2005-01-18,1.54527,1.54758,1.54206,1.54277,422002.9
2005-01-19,1.54307,1.54508,1.53975,1.54097,610395.4
2005-01-20,1.54086,1.54366,1.53978,1.54239,616137.0
2005-01-21,1.54265,1.54989,1.54226,1.54573,592076.3
2005-01-23,1.54618,1.54705,1.54489,1.54631,69631.3
2005-01-24,1.54636,1.54737,1.5433,1.54467,617438.9
2005-01-25,1.54481,1.55007,1.54309,1.54795,617530.2
2005-01-26,1.54785,1.55048,1.5462,1.54661,610812.8
2005-01-27,1.54667,1.54733,1.54347,1.54483,618590.6
2005-01-28,1.54457,1.54862,1.54325,1.54662,580109.7
2005-01-30,1.54696,1.54907,1.54644,1.5482,55699.2
2005-01-31,1.54815,1.55074,1.54632,1.5499,609080.9
2005-02-01,1.54982,1.55454,1.54937,1.55371,608187.7
2005-02-02,1.55369,1.55622,1.55095,1.55487,616898.6
2005-02-03,1.55466,1.56113,1.55394,1.55987,614030.2
2005-02-04,1.55987,1.5602,1.55638,1.55826,584049.8
2005-02-06,1.55814,1.55885,1.55716,1.55778,55103.2
2005-02-07,1.5578,1.5625,1.5565,1.56187,626257.5
2005-02-08,1.56195,1.56311,1.55781,1.55919,618317.5
2005-02-09,1.55927,1.56052,1.55553,1.55817,618221.7
2005-02-10,1.55812,1.55974,1.55329,1.5548,620505.0
2005-02-11,1.55477,1.55823,1.55243,1.55713,589160.1
2005-02-13,1.5566,1.55769,1.55621,1.55702,58692.1
2005-02-14,1.55707,1.55735,1.55269,1.5537,614815.5
2005-02-15,1.55378,1.55447,1.54707,1.5475,608008.6
2005-02-16,1.54747,1.55036,1.54508,1.547,617144.0
2005-02-17,1.54714,1.54903,1.54539,1.5474,611982.9
2005-02-18,1.54745,1.54841,1.5448,1.54604,573824.6
2005-02-20,1.54569,1.54659,1.54512,1.54587,44067.9
2005-02-21,1.5457,1.54602,1.54307,1.54487,605471.9
2005-02-22,1.54465,1.54615,1.5348,1.53631,621614.3
2005-02-23,1.53632,1.53908,1.53584,1.53621,622965.1
2005-02-24,1.53652,1.5442,1.53604,1.54217,608112.7
2005-02-25,1.54225,1.54378,1.53803,1.53854,579408.2
2005-02-27,1.53805,1.53935,1.5377,1.53887,63441.6
2005-02-28,1.53886,1.53991,1.53631,1.53803,621272.6
2005-03-01,1.53821,1.53916,1.53417,1.53695,611806.8
2005-03-02,1.537,1.54292,1.53571,1.5414,615816.0
2005-03-03,1.54162,1.54871,1.54128,1.5477,616664.7
2005-03-04,1.54769,1.54949,1.54563,1.54749,580838.8
2005-03-06,1.54649,1.54807,1.54649,1.54743,43459.6
2005-03-07,1.54763,1.55311,1.54613,1.55205,607701.3
2005-03-08,1.55236,1.5537,1.54674,1.549,614723.4
2005-03-09,1.54935,1.55377,1.5489,1.55175,618277.2
2005-03-10,1.55173,1.55196,1.54673,1.54842,618894.2
2005-03-11,1.54846,1.55099,1.54711,1.54745,586361.8
2005-03-13,1.54737,1.55,1.54688,1.54754,43555.0
2005-03-14,1.54763,1.55209,1.54716,1.54997,620738.7
2005-03-15,1.55005,1.55219,1.54877,1.55067,611468.4
2005-03-16,1.5506,1.55096,1.54478,1.54601,615238.5
2005-03-17,1.54602,1.54882,1.54354,1.54841,604610.4
2005-03-18,1.54846,1.55152,1.54635,1.55018,583048.9
2005-03-20,1.54963,1.55065,1.54915,1.54985,57954.1
2005-03-21,1.54974,1.5533,1.54833,1.55111,616708.3
2005-03-22,1.5512,1.55634,1.55009,1.55434,601291.0
2005-03-23,1.55399,1.5564,1.55218,1.55306,668938.3
2005-03-24,1.55324,1.55514,1.55156,1.55472,655931.5
2005-03-25,1.5549,1.55504,1.55292,1.55372,623577.2
2005-03-27,1.55308,1.5549,1.55295,1.55334,67449.5
2005-03-28,1.55361,1.55642,1.55082,1.55177,699345.8
2005-03-29,1.55203,1.55463,1.55025,1.55261,698714.9
2005-03-30,1.55255,1.55329,1.54733,1.5494,697173.1
2005-03-31,1.54948,1.55117,1.54719,1.55086,697771.7
2005-04-01,1.55104,1.5546,1.54989,1.55221,655122.9
2005-04-03,1.55183,1.55376,1.55163,1.55254,83771.2
2005-04-04,1.55263,1.55474,1.55116,1.55281,693325.9
2005-04-05,1.55271,1.55489,1.5491,1.55105,697295.6
2005-04-06,1.55125,1.552,1.54851,1.55093,694087.4
2005-04-07,1.55082,1.55209,1.54785,1.55083,746585.1
2005-04-08,1.55074,1.55268,1.54673,1.54847,652136.6
2005-04-10,1.5476,1.54862,1.54659,1.54766,73893.9
2005-04-11,1.54749,1.54972,1.54602,1.54787,696206.3
2005-04-12,1.54783,1.55088,1.54685,1.54909,663449.0
2005-04-13,1.54906,1.55212,1.54679,1.54938,622424.8
2005-04-14,1.54941,1.55711,1.54866,1.55447,613567.3
2005-04-15,1.55412,1.55543,1.54957,1.55064,596222.8
2005-04-17,1.55,1.55057,1.54787,1.55,49688.2
2005-04-18,1.55007,1.55072,1.54456,1.54658,618402.4
2005-04-19,1.5465,1.54751,1.54144,1.54222,619710.8
2005-04-20,1.54212,1.54502,1.53834,1.54002,617397.4
2005-04-21,1.54005,1.54473,1.5386,1.54313,625245.6
2005-04-22,1.54307,1.54553,1.54178,1.54193,588422.4
2005-04-24,1.54222,1.54298,1.54148,1.54243,42192.8
2005-04-25,1.5425,1.54461,1.542,1.54355,619555.8
2005-04-26,1.54348,1.54422,1.53842,1.54115,620177.6
2005-04-27,1.54108,1.54395,1.53754,1.54087,633266.3
2005-04-28,1.54101,1.5421,1.53725,1.53787,614945.8
2005-04-29,1.53787,1.54003,1.53505,1.53829,593201.9
2005-05-01,1.53808,1.53911,1.53753,1.53878,55949.8
2005-05-02,1.53891,1.54174,1.53725,1.53972,611055.0
2005-05-03,1.5397,1.54395,1.53938,1.54295,619685.1
2005-05-04,1.54302,1.54359,1.54001,1.54252,631645.2
2005-05-05,1.54255,1.54832,1.54196,1.54589,613495.3
2005-05-06,1.54602,1.54954,1.54523,1.54635,586600.0
2005-05-08,1.54655,1.54771,1.54591,1.54721,68816.4
2005-05-09,1.54725,1.54869,1.5457,1.5481,609391.0
2005-05-10,1.54823,1.54858,1.54502,1.54637,617637.0
2005-05-11,1.54636,1.54673,1.54306,1.54427,618024.3
2005-05-12,1.54426,1.54631,1.54208,1.54279,620291.1
2005-05-13,1.54287,1.54633,1.54159,1.54521,598183.6
2005-05-15,1.54557,1.5468,1.54482,1.54642,65977.6
2005-05-16,1.54623,1.54656,1.54291,1.54419,612027.7
2005-05-17,1.54427,1.54514,1.54173,1.54432,621974.3
2005-05-18,1.54435,1.54495,1.54116,1.54367,609757.0
2005-05-19,1.54358,1.54552,1.54123,1.54455,618866.4
2005-05-20,1.54455,1.55002,1.54349,1.54695,590308.0
2005-05-22,1.54665,1.54926,1.54625,1.54902,52818.7
2005-05-23,1.5491,1.54957,1.54559,1.54777,608298.3
2005-05-24,1.54782,1.54815,1.54515,1.54637,597352.5
2005-05-25,1.54645,1.54695,1.54451,1.54657,599123.8
2005-05-26,1.54646,1.54851,1.54405,1.54583,594442.7
2005-05-27,1.54635,1.54871,1.54525,1.54814,572496.3
2005-05-29,1.54682,1.54682,1.54353,1.54489,46233.9
2005-05-30,1.54495,1.54593,1.54338,1.5449,626664.6
2005-05-31,1.54484,1.54507,1.53492,1.53527,610971.7
2005-06-01,1.53535,1.53675,1.52979,1.53225,604435.9
2005-06-02,1.53255,1.53656,1.53147,1.53547,605930.5
2005-06-03,1.53552,1.53705,1.5313,1.53255,586017.7
2005-06-05,1.53169,1.53302,1.53141,1.53213,48509.0
2005-06-06,1.53201,1.53277,1.53033,1.53165,596912.1
2005-06-07,1.53171,1.53224,1.52913,1.53005,597924.8
2005-06-08,1.53006,1.53668,1.52927,1.53445,586570.9
2005-06-09,1.53453,1.53486,1.53129,1.53365,602468.3
2005-06-10,1.53323,1.53915,1.53211,1.53744,567973.6
2005-06-12,1.5368,1.53752,1.53544,1.53729,51195.7
2005-06-13,1.53728,1.53953,1.53558,1.53917,609488.5
2005-06-14,1.53918,1.54042,1.53577,1.53637,598881.4
2005-06-15,1.53636,1.53981,1.53577,1.53965,596062.4
2005-06-16,1.53957,1.54082,1.53733,1.53937,598616.8
2005-06-17,1.5393,1.54654,1.53849,1.54328,572582.7
2005-06-19,1.54294,1.54421,1.54157,1.54331,51803.6
2005-06-20,1.5428,1.54503,1.54224,1.54292,602570.0
2005-06-21,1.54293,1.54363,1.54024,1.54161,593804.2
2005-06-22,1.5416,1.54328,1.5388,1.54152,611375.5
2005-06-23,1.54143,1.54225,1.53868,1.5401,604658.6
2005-06-24,1.53995,1.54259,1.53728,1.54045,582467.2
2005-06-26,1.54015,1.54166,1.53964,1.54005,54877.8
2005-06-27,1.54003,1.54348,1.53981,1.54254,610084.2
2005-06-28,1.54251,1.54575,1.54177,1.54427,600282.9
2005-06-29,1.54449,1.54866,1.54339,1.54854,604307.6
2005-06-30,1.54853,1.55213,1.54679,1.55065,600007.1
2005-07-01,1.55057,1.55479,1.54891,1.54955,584167.2
2005-07-03,1.54981,1.54981,1.54684,1.54904,56994.6
2005-07-04,1.54903,1.55226,1.54576,1.55211,625862.8
2005-07-05,1.55207,1.55379,1.54953,1.55304,605165.0
2005-07-06,1.55303,1.55456,1.55203,1.55367,595687.9
2005-07-07,1.55362,1.55519,1.54417,1.55067,609227.7
2005-07-08,1.55057,1.55568,1.54886,1.55363,578833.6
2005-07-10,1.55417,1.55559,1.55412,1.55533,53859.2
2005-07-11,1.55548,1.55708,1.55271,1.5536,600816.7
2005-07-12,1.5537,1.55715,1.55294,1.55591,610260.5
2005-07-13,1.55591,1.56012,1.55526,1.55847,616656.5
2005-07-14,1.55828,1.56018,1.55617,1.5582,602808.6
2005-07-15,1.5583,1.56059,1.55755,1.55929,576879.2
2005-07-17,1.55905,1.56064,1.55867,1.56043,57314.9
2005-07-18,1.56041,1.56099,1.55871,1.55987,595818.0
2005-07-19,1.55995,1.56468,1.55964,1.56382,607643.3
2005-07-20,1.56351,1.56569,1.56045,1.56142,605555.8
2005-07-21,1.56145,1.56477,1.55936,1.56293,616670.4
2005-07-22,1.56295,1.56565,1.56151,1.56442,582193.2
2005-07-24,1.56361,1.5647,1.56313,1.564,52809.5
2005-07-25,1.56394,1.56426,1.56105,1.56198,607373.7
2005-07-26,1.56177,1.5624,1.55977,1.56155,595650.8
2005-07-27,1.56155,1.56448,1.56048,1.56344,602920.9
2005-07-28,1.56344,1.56519,1.55806,1.55905,608306.4
2005-07-29,1.55905,1.56309,1.55815,1.56235,586319.0
2005-07-31,1.5619,1.56283,1.56121,1.56257,70020.0
2005-08-01,1.56247,1.56345,1.5566,1.55755,608636.2
2005-08-02,1.55757,1.55844,1.55501,1.55648,608271.2
2005-08-03,1.55639,1.55948,1.55426,1.55605,616966.9
2005-08-04,1.55597,1.55914,1.55524,1.55704,608130.5
2005-08-05,1.55697,1.56221,1.55631,1.5605,579861.4
2005-08-07,1.55945,1.56074,1.5583,1.56012,68798.7
2005-08-08,1.56011,1.56122,1.55558,1.55616,605549.9
2005-08-09,1.55628,1.55822,1.55499,1.55762,610854.5
2005-08-10,1.5576,1.55807,1.55494,1.55598,612693.1
2005-08-11,1.55597,1.55644,1.55038,1.55231,613382.1
2005-08-12,1.55226,1.55455,1.55018,1.55197,582171.4
2005-08-14,1.55165,1.55298,1.55041,1.55105,55529.7
2005-08-15,1.55107,1.55228,1.54965,1.55108,610455.5
2005-08-16,1.55107,1.55279,1.54901,1.55212,609308.2
2005-08-17,1.55223,1.55246,1.54691,1.5478,605366.1
2005-08-18,1.54826,1.54926,1.54512,1.54756,615822.3
2005-08-19,1.54755,1.5505,1.54641,1.54983,574300.7
2005-08-21,1.5496,1.55025,1.54837,1.5496,66843.8
2005-08-22,1.54982,1.55342,1.54847,1.55271,616568.6
2005-08-23,1.5526,1.55445,1.55208,1.55254,606476.9
2005-08-24,1.55271,1.55541,1.55043,1.55097,604087.9
2005-08-25,1.55105,1.55127,1.54335,1.54517,605894.4
2005-08-26,1.54526,1.54727,1.5444,1.54547,569026.7
2005-08-28,1.54565,1.54658,1.54375,1.54385,61435.4
2005-08-29,1.54357,1.55046,1.54274,1.54867,607395.7
2005-08-30,1.54873,1.55172,1.54678,1.55043,603811.5
2005-08-31,1.55034,1.55083,1.54482,1.54638,614943.4
2005-09-01,1.54636,1.54842,1.54116,1.54179,610091.2
2005-09-02,1.54187,1.54383,1.52772,1.52799,584368.3
2005-09-04,1.53057,1.54103,1.52997,1.54016,58232.5
2005-09-05,1.54026,1.54556,1.53938,1.54363,628612.0
2005-09-06,1.54367,1.5441,1.54163,1.54358,612244.4
2005-09-07,1.54373,1.54439,1.54181,1.54313,607322.2
2005-09-08,1.5432,1.54373,1.54154,1.54245,608984.2
2005-09-09,1.54277,1.54448,1.54078,1.54305,579929.3
2005-09-11,1.54216,1.54301,1.54108,1.54246,47300.0
2005-09-12,1.54257,1.54552,1.54142,1.54447,609829.2
2005-09-13,1.54445,1.54844,1.54359,1.54662,615753.1
2005-09-14,1.54673,1.54738,1.54406,1.54487,608173.3
2005-09-15,1.54474,1.54981,1.54362,1.54925,615560.3
2005-09-16,1.5493,1.55386,1.54829,1.55303,584733.0
2005-09-18,1.55047,1.55303,1.55003,1.55074,54220.6
2005-09-19,1.55085,1.55285,1.54817,1.55215,612235.6
2005-09-20,1.55212,1.5546,1.55106,1.55294,611627.7
2005-09-21,1.55297,1.55383,1.55046,1.55305,609164.5
2005-09-22,1.55307,1.55473,1.55169,1.55353,611136.1
2005-09-23,1.55357,1.55694,1.55308,1.55533,585861.7
2005-09-25,1.55537,1.55767,1.55472,1.55627,60693.8
2005-09-26,1.55637,1.55793,1.55485,1.55695,608781.2
2005-09-27,1.5569,1.55854,1.5556,1.55622,614583.1
2005-09-28,1.55626,1.55716,1.55402,1.55521,611342.7
2005-09-29,1.5553,1.55883,1.55439,1.55667,613631.6
2005-09-30,1.55667,1.56019,1.55286,1.55947,577458.4
2005-10-02,1.55732,1.55732,1.55358,1.55431,76622.3
2005-10-03,1.55455,1.55596,1.55016,1.55126,612997.7
2005-10-04,1.55141,1.55302,1.54999,1.55137,609281.9
2005-10-05,1.55137,1.55173,1.54696,1.5475,606632.1
2005-10-06,1.54737,1.54867,1.54441,1.54843,618474.2
2005-10-07,1.54829,1.5518,1.54526,1.54885,584245.5
2005-10-08,1.54872,1.54872,1.54062,1.54077,10556.0
2005-10-09,1.54966,1.55088,1.54903,1.54938,69211.4
2005-10-10,1.54893,1.55122,1.54749,1.54825,620275.8
2005-10-11,1.54828,1.54891,1.54565,1.5462,616863.1
2005-10-12,1.54623,1.54848,1.54599,1.54794,611381.6
2005-10-13,1.54757,1.55225,1.54558,1.54969,617866.2
2005-10-14,1.54937,1.55168,1.54714,1.55032,581248.3
2005-10-15,1.55005,1.55005,1.54054,1.54972,29352.4
2005-10-16,1.55018,1.55141,1.54997,1.55044,68065.2
2005-10-17,1.55065,1.55483,1.55012,1.55435,615593.7
2005-10-18,1.5544,1.55655,1.55171,1.55304,602269.0
2005-10-19,1.5531,1.55394,1.55108,1.55249,613872.1
2005-10-20,1.5526,1.55338,1.54641,1.54664,611688.0
2005-10-21,1.54656,1.54783,1.54303,1.54469,584321.7
2005-10-23,1.5438,1.54419,1.54277,1.54304,69211.4
2005-10-24,1.54317,1.54553,1.54151,1.5422,614995.6
2005-10-25,1.54215,1.54571,1.54131,1.54433,611374.2
2005-10-26,1.54396,1.54855,1.5437,1.54757,614305.9
2005-10-27,1.54763,1.54804,1.54435,1.54527,610599.6
2005-10-28,1.54535,1.54651,1.54305,1.54559,581267.2
2005-10-30,1.54444,1.54502,1.5439,1.54457,64743.6
2005-10-31,1.54458,1.54741,1.54339,1.54567,613950.6
2005-11-01,1.54573,1.54859,1.54474,1.54714,606614.0
2005-11-02,1.5473,1.54768,1.54116,1.54257,607720.0
2005-11-03,1.54232,1.54437,1.54154,1.54332,616882.9
2005-11-04,1.54332,1.54549,1.54136,1.54355,579182.8
2005-11-06,1.54415,1.54586,1.54357,1.54515,64407.0
2005-11-07,1.54465,1.54574,1.54017,1.54097,609954.2
2005-11-08,1.54127,1.54456,1.5405,1.54363,613472.5
2005-11-09,1.54363,1.54395,1.53982,1.54091,603341.4
2005-11-10,1.54098,1.54166,1.53566,1.53622,605513.8
2005-11-11,1.53591,1.53857,1.5351,1.53795,570393.4
2005-11-13,1.53715,1.5385,1.53651,1.53741,75194.1
2005-11-14,1.53763,1.54072,1.53684,1.54018,603534.5
2005-11-15,1.54002,1.5444,1.53931,1.54368,608506.7
2005-11-16,1.54365,1.54773,1.54302,1.54695,591605.8
2005-11-17,1.54695,1.54796,1.54536,1.54745,584857.5
2005-11-18,1.54738,1.54943,1.5461,1.54685,564827.1
2005-11-20,1.54707,1.54825,1.54644,1.54788,41455.6
2005-11-21,1.54787,1.54964,1.54622,1.54782,593002.9
2005-11-22,1.5479,1.54903,1.54603,1.54833,589058.9
2005-11-23,1.54834,1.55123,1.54794,1.54992,600059.9
2005-11-24,1.54992,1.55158,1.54874,1.5504,584562.3
2005-11-25,1.55042,1.55114,1.54517,1.54535,561959.6
2005-11-27,1.54507,1.54633,1.54348,1.54465,46921.2
2005-11-28,1.54481,1.54816,1.54433,1.5471,587506.4
2005-11-29,1.54708,1.54878,1.54607,1.54715,595185.2
2005-11-30,1.54715,1.5507,1.54666,1.55034,586582.5
2005-12-01,1.55049,1.55071,1.54486,1.54617,588358.7
2005-12-02,1.54627,1.54652,1.54214,1.54265,558828.2
2005-12-04,1.54212,1.54356,1.54212,1.54345,51776.4
2005-12-05,1.54345,1.5454,1.53986,1.54053,589964.0
2005-12-06,1.54054,1.54191,1.53793,1.53937,595021.2
2005-12-07,1.53937,1.54056,1.53847,1.53925,586340.9
2005-12-08,1.53925,1.53988,1.5356,1.53625,591791.4
2005-12-09,1.53626,1.54022,1.53557,1.53855,561855.8
2005-12-11,1.53779,1.53895,1.53761,1.53823,53103.9
2005-12-12,1.53828,1.54262,1.53753,1.54053,598013.6
2005-12-13,1.5405,1.54582,1.53988,1.54435,595338.8
2005-12-14,1.54429,1.54528,1.53731,1.5378,608478.6
2005-12-15,1.53788,1.54442,1.53705,1.54348,599977.2
2005-12-16,1.54376,1.55021,1.54152,1.5496,565398.4
2005-12-18,1.54928,1.55004,1.53972,1.54977,40776.9
2005-12-19,1.54988,1.55277,1.54862,1.55117,595881.6
2005-12-20,1.55132,1.5548,1.5489,1.55187,589049.3
2005-12-21,1.55187,1.55472,1.55135,1.55395,600200.2
2005-12-22,1.55381,1.558,1.55282,1.55695,579309.5
2005-12-23,1.55695,1.55775,1.55517,1.55685,556137.9
2005-12-25,1.55627,1.55768,1.55588,1.55694,67763.1
2005-12-26,1.55704,1.56551,1.553,1.55612,666355.3
2005-12-27,1.55599,1.55886,1.55534,1.55831,589132.4
2005-12-28,1.55824,1.55961,1.55615,1.55787,592315.4
2005-12-29,1.55787,1.55932,1.55443,1.55647,586417.3
2005-12-30,1.55646,1.55764,1.55311,1.55515,561162.8
2006-01-01,1.55527,1.55568,1.55503,1.55545,50016.9
2006-01-02,1.55532,1.55571,1.55222,1.55424,642897.3
2006-01-03,1.55426,1.55522,1.54888,1.55007,603001.8
2006-01-04,1.5502,1.55263,1.54556,1.54633,593597.4
2006-01-05,1.54644,1.54913,1.54384,1.545,594279.5
2006-01-06,1.5451,1.54583,1.54071,1.54315,558451.6
2006-01-08,1.54319,1.54386,1.5422,1.54306,53382.2
2006-01-09,1.54321,1.54354,1.54084,1.54205,596556.1
2006-01-10,1.54213,1.54573,1.54133,1.54444,587028.8
2006-01-11,1.54455,1.54775,1.54367,1.54625,596331.3
2006-01-12,1.54626,1.54936,1.54599,1.54712,594021.8
2006-01-13,1.54702,1.55023,1.54671,1.54995,559340.0
2006-01-15,1.54899,1.54987,1.54575,1.54957,59526.0
2006-01-16,1.54959,1.55126,1.5477,1.54957,584325.5
2006-01-17,1.54957,1.55101,1.54826,1.54901,593584.0
2006-01-18,1.54908,1.551,1.54587,1.55026,597307.5
2006-01-19,1.5503,1.55416,1.54962,1.55325,594899.8
2006-01-20,1.55325,1.55371,1.54811,1.54845,563180.8
2006-01-22,1.54772,1.5502,1.54772,1.54897,70472.2
2006-01-23,1.54865,1.55139,1.54582,1.54725,630511.7
2006-01-24,1.5471,1.54959,1.54624,1.54835,599673.0
2006-01-25,1.54835,1.55059,1.54674,1.54837,608215.8
2006-01-26,1.54845,1.55157,1.54769,1.54994,598519.0
2006-01-27,1.54993,1.55373,1.54884,1.55295,572446.5
2006-01-29,1.55243,1.55305,1.55093,1.55255,55049.0
2006-01-30,1.55247,1.55636,1.55159,1.55558,588017.4
2006-01-31,1.55557,1.55588,1.55236,1.55307,597683.7
2006-02-01,1.55315,1.55627,1.55212,1.55447,595068.7
2006-02-02,1.55455,1.55622,1.55329,1.55439,597217.2
2006-02-03,1.55434,1.55679,1.55336,1.55655,563444.4
2006-02-05,1.55614,1.5564,1.55495,1.55567,63453.4
2006-02-06,1.55575,1.55781,1.55421,1.55685,583764.3
2006-02-07,1.55678,1.5578,1.5529,1.55359,599115.5
2006-02-08,1.55363,1.55565,1.55194,1.55385,604609.0
2006-02-09,1.55385,1.55721,1.55266,1.55705,604656.1
2006-02-10,1.55708,1.55729,1.5537,1.55545,585587.2
2006-02-12,1.55557,1.55586,1.54315,1.55541,44802.6
2006-02-13,1.55542,1.55681,1.55425,1.55635,609748.8
2006-02-14,1.55622,1.5586,1.55533,1.55817,598829.9
2006-02-15,1.55825,1.55843,1.55658,1.55745,604963.5
2006-02-16,1.55735,1.55964,1.55604,1.55888,603670.2
2006-02-17,1.55896,1.56382,1.55858,1.56365,582851.6
2006-02-19,1.56368,1.56397,1.56261,1.56342,48951.4
2006-02-20,1.56353,1.56406,1.56019,1.56055,606354.7
2006-02-21,1.56064,1.5615,1.55748,1.55794,598793.9
2006-02-22,1.55797,1.56225,1.55679,1.56181,604615.6
2006-02-23,1.56177,1.56265,1.55769,1.56022,605775.3
2006-02-24,1.56016,1.56431,1.5584,1.56405,577884.5
2006-02-26,1.564,1.56426,1.56266,1.56382,63064.0
2006-02-27,1.56393,1.56754,1.56295,1.56708,605602.2
2006-02-28,1.56712,1.5672,1.56239,1.56375,609695.4
2006-03-01,1.56377,1.56677,1.56019,1.56462,604552.6
2006-03-02,1.56454,1.56588,1.56147,1.56279,603927.2
2006-03-03,1.56285,1.56407,1.5604,1.5616,585413.2
2006-03-05,1.56124,1.56223,1.55978,1.5608,61021.3
2006-03-06,1.56086,1.56162,1.55922,1.55992,614529.3
2006-03-07,1.55989,1.56275,1.55818,1.5612,619056.4
2006-03-08,1.56128,1.56192,1.55831,1.5596,611857.6
2006-03-09,1.5596,1.56623,1.55929,1.56415,613439.1
2006-03-10,1.56428,1.56951,1.56389,1.56887,576642.3
2006-03-12,1.56789,1.56911,1.56688,1.56896,58904.5
2006-03-13,1.56907,1.57195,1.56797,1.56843,615422.7
2006-03-14,1.56836,1.56913,1.56334,1.56487,605454.0
2006-03-15,1.56487,1.5666,1.56264,1.56322,608706.5
2006-03-16,1.5633,1.57177,1.5626,1.56932,604621.6
2006-03-17,1.56942,1.57427,1.5688,1.5718,583529.0
2006-03-19,1.57196,1.57249,1.57133,1.57181,50603.4
2006-03-20,1.57188,1.5732,1.56924,1.56972,612770.6
2006-03-21,1.56978,1.57507,1.56949,1.57341,614910.2
2006-03-22,1.57344,1.57676,1.57286,1.57643,598945.3
2006-03-23,1.5765,1.57843,1.57472,1.57571,612067.3
2006-03-24,1.57562,1.57854,1.57497,1.5775,576797.2
2006-03-26,1.5766,1.5774,1.57557,1.57569,56744.6
2006-03-27,1.57578,1.57719,1.57165,1.5721,613760.9
2006-03-28,1.57215,1.57338,1.56881,1.57182,600671.4
2006-03-29,1.57177,1.5759,1.57035,1.57507,611262.4
2006-03-30,1.57502,1.57809,1.57384,1.57755,613223.9
2006-03-31,1.57752,1.58169,1.57717,1.5799,581932.4
2006-04-02,1.58,1.58048,1.57682,1.57893,45137.2
2006-04-03,1.57891,1.5843,1.57868,1.58317,615495.9
2006-04-04,1.58332,1.58533,1.57922,1.58191,618361.9
2006-04-05,1.5819,1.58199,1.57611,1.578,619068.2
2006-04-06,1.57796,1.58033,1.57481,1.57649,613269.1
2006-04-07,1.57638,1.5775,1.57139,1.57313,590630.5
2006-04-09,1.57362,1.5751,1.57318,1.57472,45898.9
2006-04-10,1.57465,1.57839,1.57256,1.577,600924.7
2006-04-11,1.57697,1.57805,1.57475,1.57555,610081.6
2006-04-12,1.57567,1.57655,1.57095,1.57157,606686.8
2006-04-13,1.57152,1.57218,1.56947,1.57137,600277.2
2006-04-14,1.57135,1.57262,1.57095,1.57164,552624.3
2006-04-16,1.57195,1.57271,1.57143,1.57258,45672.0
2006-04-17,1.57249,1.57316,1.56648,1.56812,609564.4
2006-04-18,1.56787,1.56829,1.56319,1.56722,617259.1
2006-04-19,1.56731,1.569,1.56643,1.56802,612658.6
2006-04-20,1.5681,1.57528,1.56714,1.5735,621120.2
2006-04-21,1.5735,1.5759,1.57217,1.57341,576032.7
2006-04-23,1.57239,1.57337,1.57161,1.57297,68838.7
2006-04-24,1.5733,1.57355,1.56944,1.5709,614352.8
2006-04-25,1.57086,1.57654,1.57035,1.5757,610075.1
2006-04-26,1.57561,1.58215,1.57511,1.58102,605870.1
2006-04-27,1.58098,1.58228,1.57715,1.57879,610572.7
2006-04-28,1.57885,1.57988,1.56327,1.56415,586064.1
2006-04-30,1.56385,1.56452,1.56321,1.56404,44313.4
2006-05-01,1.564,1.56568,1.55889,1.56088,603029.5
2006-05-02,1.56091,1.56474,1.55942,1.5603,611691.0
2006-05-03,1.56028,1.56341,1.55718,1.562,604329.1
2006-05-04,1.56201,1.56453,1.55774,1.55887,616273.7
2006-05-05,1.55887,1.56216,1.55784,1.56065,586097.4
2006-05-07,1.55995,1.56064,1.55928,1.55974,55875.5
2006-05-08,1.55975,1.56188,1.55687,1.56053,613820.0
2006-05-09,1.56062,1.56122,1.55609,1.5571,618714.7
2006-05-10,1.55713,1.5603,1.55495,1.55802,612908.1
2006-05-11,1.55807,1.56229,1.55543,1.5575,614599.7
2006-05-12,1.55748,1.55823,1.5468,1.54833,600231.1
2006-05-14,1.54773,1.54792,1.54571,1.54692,52584.7
2006-05-15,1.54698,1.55162,1.54651,1.55058,624919.1
2006-05-16,1.55065,1.55382,1.54957,1.55196,615612.6
2006-05-17,1.55198,1.55261,1.54679,1.54775,616221.9
2006-05-18,1.54776,1.55178,1.54498,1.54886,623160.0
2006-05-19,1.54889,1.55695,1.54874,1.55388,590155.8
2006-05-21,1.55355,1.55392,1.55237,1.55334,47468.3
2006-05-22,1.55325,1.55437,1.54725,1.54908,624878.6
2006-05-23,1.54908,1.55363,1.54697,1.54858,622643.2
2006-05-24,1.54858,1.55442,1.54815,1.55349,631919.5
2006-05-25,1.55351,1.55851,1.55239,1.55752,617649.4
2006-05-26,1.55757,1.56306,1.55683,1.56137,588519.6
2006-05-28,1.56053,1.56204,1.55744,1.56189,47668.4
2006-05-29,1.56187,1.56208,1.55737,1.56085,589493.4
2006-05-30,1.56071,1.56205,1.55731,1.55916,621540.9
2006-05-31,1.55928,1.56158,1.55657,1.56078,617828.5
2006-06-01,1.56074,1.56424,1.55865,1.56346,621358.3
2006-06-02,1.56351,1.56512,1.55894,1.56034,585233.6
2006-06-04,1.56042,1.56053,1.55784,1.5598,48384.5
2006-06-05,1.55974,1.56188,1.55717,1.55884,614826.6
2006-06-06,1.55882,1.5609,1.55614,1.55842,610219.4
2006-06-07,1.55842,1.56276,1.55795,1.56235,605698.2
2006-06-08,1.56225,1.56393,1.55716,1.55815,613840.3
2006-06-09,1.55815,1.5595,1.55481,1.55562,581959.9
2006-06-11,1.55535,1.55674,1.55481,1.55623,42867.9
2006-06-12,1.55627,1.55696,1.55203,1.55235,602669.7
2006-06-13,1.5523,1.55492,1.55045,1.55423,608945.1
2006-06-14,1.55418,1.55533,1.54946,1.55147,611133.2
2006-06-15,1.55141,1.5557,1.55117,1.55491,608892.8
2006-06-16,1.55489,1.55802,1.55324,1.55606,575553.5
2006-06-18,1.55662,1.55673,1.55545,1.55595,47496.2
2006-06-19,1.55587,1.56149,1.55523,1.56021,610648.6
2006-06-20,1.56018,1.56038,1.55621,1.55892,617147.1
2006-06-21,1.55892,1.56231,1.55807,1.56177,602250.0
2006-06-22,1.56183,1.56399,1.56102,1.5632,603277.8
2006-06-23,1.56318,1.56457,1.56015,1.56067,582682.6
2006-06-25,1.56215,1.56222,1.56103,1.56184,44869.0
2006-06-26,1.56197,1.56461,1.56071,1.56428,611784.5
2006-06-27,1.56427,1.56728,1.56287,1.56305,608884.6
2006-06-28,1.56302,1.56468,1.56167,1.56369,605118.6
2006-06-29,1.5637,1.56634,1.55443,1.56572,593966.7
2006-06-30,1.56573,1.56834,1.5626,1.56383,588147.5
2006-07-02,1.56446,1.56527,1.56263,1.56472,46450.4
2006-07-03,1.5648,1.56797,1.56282,1.56718,606430.9
2006-07-04,1.5672,1.56864,1.56468,1.56497,599455.3
2006-07-05,1.565,1.57025,1.56468,1.56825,611425.4
2006-07-06,1.56805,1.57016,1.56705,1.56907,606682.0
2006-07-07,1.56906,1.5708,1.56568,1.56761,575292.9
2006-07-09,1.56607,1.56701,1.56555,1.56653,56001.1
2006-07-10,1.56648,1.56834,1.56516,1.56662,604190.7
2006-07-11,1.56666,1.56705,1.56435,1.56579,602675.2
2006-07-12,1.5658,1.56883,1.56347,1.56719,603964.6
2006-07-13,1.56727,1.56779,1.55935,1.56002,603502.5
2006-07-14,1.5601,1.56297,1.55924,1.56108,586503.4
2006-07-16,1.55969,1.5673,1.5569,1.55925,36522.2
2006-07-17,1.55916,1.56384,1.55885,1.56248,605714.9
2006-07-18,1.56264,1.56662,1.56143,1.56603,607024.1
2006-07-19,1.566,1.57221,1.56557,1.57162,603615.8
2006-07-20,1.57155,1.57224,1.56969,1.5709,597158.3
2006-07-21,1.57092,1.5716,1.56836,1.56868,589812.0
2006-07-23,1.56933,1.57081,1.56855,1.57,41218.3
2006-07-24,1.56998,1.57498,1.56915,1.57364,608831.8
2006-07-25,1.57375,1.577,1.573,1.57572,610136.4
2006-07-26,1.5758,1.57803,1.57407,1.57737,608428.6
2006-07-27,1.57737,1.5786,1.57124,1.5719,611604.1
2006-07-28,1.57182,1.57357,1.57049,1.57179,581607.7
2006-07-30,1.57199,1.57287,1.57139,1.5725,55559.7
2006-07-31,1.5726,1.57396,1.56954,1.57115,600653.5
2006-08-01,1.57107,1.57468,1.57083,1.57224,609422.4
2006-08-02,1.5723,1.57455,1.56841,1.5737,615852.0
2006-08-03,1.5737,1.57665,1.56945,1.5761,614558.2
2006-08-04,1.57612,1.57869,1.57232,1.57445,582512.5
2006-08-06,1.57361,1.57435,1.57268,1.5732,47935.6
2006-08-07,1.5732,1.57467,1.56896,1.57258,607856.3
2006-08-08,1.57267,1.57483,1.56461,1.5738,606167.1
2006-08-09,1.57362,1.57766,1.57112,1.57745,596086.9
2006-08-10,1.57737,1.57947,1.5732,1.57847,607711.5
2006-08-11,1.57847,1.58172,1.5773,1.58138,578951.0
2006-08-13,1.58067,1.58079,1.57696,1.57865,42857.2
2006-08-14,1.57827,1.58111,1.57714,1.57905,589682.5
2006-08-15,1.57905,1.58237,1.57847,1.58168,599941.0
2006-08-16,1.58158,1.5827,1.5766,1.57908,599504.4
2006-08-17,1.57901,1.58182,1.57592,1.58115,600665.1
2006-08-18,1.58113,1.58246,1.57858,1.58145,572864.0
2006-08-20,1.58094,1.58169,1.58042,1.5813,58469.5
2006-08-21,1.58132,1.58159,1.57588,1.5787,618203.0
2006-08-22,1.57873,1.58106,1.5761,1.57999,604328.6
2006-08-23,1.57997,1.58152,1.57844,1.57942,604570.7
2006-08-24,1.57953,1.58169,1.57832,1.58127,597980.4
2006-08-25,1.58135,1.58172,1.57885,1.58058,585461.2
2006-08-27,1.5807,1.58141,1.57684,1.58092,38296.8
2006-08-28,1.58092,1.58216,1.57865,1.5805,594775.9
2006-08-29,1.58048,1.58065,1.57431,1.57569,606754.4
2006-08-30,1.57568,1.57739,1.57337,1.57517,608073.1
2006-08-31,1.57545,1.57891,1.57417,1.5765,621025.3
2006-09-01,1.57687,1.58082,1.57526,1.57856,594271.4
2006-09-03,1.57836,1.57951,1.57707,1.57876,63009.6
2006-09-04,1.57882,1.58133,1.57832,1.5806,623918.2
2006-09-05,1.58068,1.58273,1.57973,1.58109,618714.0
2006-09-06,1.58112,1.58473,1.57974,1.58141,612264.2
2006-09-07,1.58151,1.58384,1.57971,1.58225,610225.3
2006-09-08,1.58216,1.58277,1.57983,1.58091,587046.9
2006-09-10,1.58005,1.58158,1.57988,1.58094,54496.0
2006-09-11,1.581,1.58222,1.57846,1.58046,606909.5
2006-09-12,1.58046,1.58759,1.57836,1.58671,613721.2
2006-09-13,1.58665,1.59085,1.5853,1.58655,607039.4
2006-09-14,1.58642,1.59363,1.58266,1.593,610858.6
2006-09-15,1.5931,1.59653,1.58819,1.58968,583435.6
2006-09-17,1.58879,1.58967,1.58821,1.58895,42158.0
2006-09-18,1.589,1.59041,1.58555,1.58838,601760.1
2006-09-19,1.58842,1.59131,1.58573,1.58643,604965.5
2006-09-20,1.58637,1.58846,1.58518,1.58723,609863.4
2006-09-21,1.58778,1.59442,1.58563,1.58794,616701.7
2006-09-22,1.58809,1.58978,1.5787,1.57959,586222.8
2006-09-24,1.5795,1.58111,1.57926,1.58084,62227.6
2006-09-25,1.58083,1.58096,1.57549,1.57902,605979.9
2006-09-26,1.57905,1.57937,1.57634,1.57752,602249.3
2006-09-27,1.57714,1.58178,1.57642,1.58059,605351.7
2006-09-28,1.58062,1.58471,1.57971,1.58372,611014.4
2006-09-29,1.58391,1.58963,1.58272,1.5845,586265.4
2006-10-01,1.58515,1.58547,1.58401,1.58515,42383.9
2006-10-02,1.58521,1.58628,1.58228,1.58355,614762.7
2006-10-03,1.58326,1.5863,1.58292,1.58565,610705.1
2006-10-04,1.58572,1.58927,1.58486,1.58705,607955.2
2006-10-05,1.58707,1.5913,1.5855,1.58912,614351.1
2006-10-06,1.58902,1.59017,1.58647,1.58748,583419.7
2006-10-08,1.58739,1.58834,1.58691,1.58795,65144.4
2006-10-09,1.58801,1.58974,1.5861,1.58888,599479.3
2006-10-10,1.58882,1.59348,1.58795,1.59297,602713.4
2006-10-11,1.59305,1.59514,1.59177,1.59305,607450.1
2006-10-12,1.59297,1.59408,1.59159,1.59259,615371.4
2006-10-13,1.59266,1.59622,1.59151,1.59249,579508.5
2006-10-15,1.59208,1.5931,1.59193,1.59262,55905.0
2006-10-16,1.59268,1.59371,1.5903,1.59195,607490.0
2006-10-17,1.59197,1.59244,1.58778,1.59022,621802.3
2006-10-18,1.5903,1.59297,1.58867,1.59212,617784.9
2006-10-19,1.59214,1.5925,1.58565,1.5878,611510.6
2006-10-20,1.5878,1.58943,1.58578,1.58789,579009.1
2006-10-22,1.58684,1.5881,1.58619,1.58791,54682.1
2006-10-23,1.58781,1.59115,1.58683,1.59006,609314.0
2006-10-24,1.58997,1.59215,1.58849,1.59074,615076.4
2006-10-25,1.59084,1.59425,1.58985,1.59326,601048.2
2006-10-26,1.59324,1.59409,1.59004,1.59122,607574.4
2006-10-27,1.59127,1.59243,1.58918,1.59239,580484.9
2006-10-29,1.59087,1.59157,1.58893,1.5893,65492.3
2006-10-30,1.58939,1.59039,1.58721,1.58846,606689.4
2006-10-31,1.58837,1.58926,1.58558,1.58733,610556.7
2006-11-01,1.58731,1.58891,1.58605,1.58852,604779.8
2006-11-02,1.58851,1.59124,1.58736,1.59082,601229.4
2006-11-03,1.59102,1.59582,1.58989,1.59399,586721.3
2006-11-05,1.59366,1.59484,1.59313,1.59366,48676.6
2006-11-06,1.59375,1.59788,1.59288,1.59695,608207.6
2006-11-07,1.59691,1.59816,1.59387,1.59558,600105.6
2006-11-08,1.59577,1.59671,1.59365,1.596,607498.2
2006-11-09,1.59585,1.59729,1.59269,1.59398,603851.3
2006-11-10,1.59402,1.59458,1.59144,1.59415,581481.8
2006-11-12,1.59314,1.59323,1.59117,1.59181,50200.0
2006-11-13,1.5919,1.59485,1.59087,1.59393,608356.6
2006-11-14,1.59391,1.59565,1.59237,1.59302,606220.7
2006-11-15,1.59322,1.5997,1.5919,1.59775,607608.6
2006-11-16,1.59775,1.59909,1.59559,1.59647,600421.1
2006-11-17,1.59652,1.60085,1.59458,1.59552,574622.3
2006-11-19,1.59507,1.59575,1.5947,1.59534,46717.1
2006-11-20,1.59541,1.59705,1.59197,1.59387,598210.2
2006-11-21,1.5939,1.59498,1.59133,1.5934,598600.6
2006-11-22,1.59344,1.59377,1.58607,1.58705,603878.1
2006-11-23,1.5872,1.58809,1.58266,1.58487,608227.1
2006-11-24,1.58487,1.58568,1.58087,1.5834,579670.6
2006-11-26,1.58272,1.58395,1.58231,1.58342,55745.7
2006-11-27,1.58344,1.58587,1.58259,1.5841,612134.8
2006-11-28,1.584,1.58901,1.5833,1.58746,594043.4
2006-11-29,1.58741,1.59157,1.58641,1.59089,601983.2
2006-11-30,1.59095,1.5926,1.5855,1.5867,605212.5
2006-12-01,1.58686,1.59155,1.58554,1.59077,594108.7
2006-12-03,1.59076,1.59131,1.58992,1.59041,50192.6
2006-12-04,1.59048,1.5941,1.58994,1.59152,611525.5
2006-12-05,1.59154,1.59261,1.58625,1.58744,609504.0
2006-12-06,1.58735,1.58953,1.58664,1.58876,614381.5
2006-12-07,1.5891,1.58963,1.58709,1.58792,612469.3
2006-12-08,1.58795,1.59203,1.58692,1.59086,573612.3
2006-12-10,1.58945,1.59073,1.58903,1.58972,49222.1
2006-12-11,1.58958,1.59234,1.58798,1.59175,614324.6
2006-12-12,1.59172,1.59343,1.58986,1.59265,620439.3
2006-12-13,1.59277,1.59557,1.59208,1.59354,615022.5
2006-12-14,1.5934,1.59915,1.59203,1.59655,608812.1
2006-12-15,1.59643,1.59996,1.59589,1.59724,579774.1
2006-12-17,1.59708,1.59843,1.59688,1.59732,54626.0
2006-12-18,1.59749,1.60129,1.59653,1.60094,601852.6
2006-12-19,1.60084,1.60421,1.59894,1.60178,611350.7
2006-12-20,1.60177,1.60517,1.60092,1.60422,612039.1
2006-12-21,1.60431,1.60475,1.60152,1.60281,604860.2
2006-12-22,1.60278,1.60346,1.60037,1.6016,580070.9
2006-12-24,1.60132,1.60229,1.60023,1.60138,66561.5
2006-12-25,1.60143,1.605,1.59636,1.60177,670359.5
2006-12-26,1.60151,1.60314,1.60021,1.60219,637913.4
2006-12-27,1.60222,1.60904,1.60125,1.60847,607571.6
2006-12-28,1.60856,1.61025,1.60496,1.6064,607932.1
2006-12-29,1.60637,1.60994,1.60488,1.60894,592491.3
2006-12-31,1.60849,1.60912,1.60763,1.60889,59791.2
2007-01-01,1.60891,1.6102,1.60373,1.60823,638925.6
2007-01-02,1.60802,1.61184,1.6066,1.61045,649707.6
2007-01-03,1.61045,1.61699,1.60902,1.61337,610420.4
2007-01-04,1.61339,1.61502,1.61052,1.61307,611620.8
2007-01-05,1.61298,1.61318,1.60617,1.60691,583917.4
2007-01-07,1.60671,1.60731,1.60618,1.60715,50420.5
2007-01-08,1.60715,1.61086,1.60577,1.61008,605267.1
2007-01-09,1.61004,1.61468,1.60934,1.61343,615774.4
2007-01-10,1.61347,1.61456,1.61117,1.61235,611130.4
2007-01-11,1.61223,1.61705,1.60968,1.61102,617924.6
2007-01-12,1.61088,1.61404,1.60942,1.6116,584703.4
2007-01-14,1.61063,1.6126,1.61032,1.61243,57874.7
2007-01-15,1.61238,1.61601,1.61093,1.61502,609531.9
2007-01-16,1.615,1.61595,1.61128,1.61262,620580.8
2007-01-17,1.61267,1.6146,1.61196,1.61345,607728.8
2007-01-18,1.61349,1.61966,1.61274,1.61672,611364.7
2007-01-19,1.61659,1.61925,1.61602,1.61744,580477.3
2007-01-21,1.61748,1.61818,1.61685,1.61805,43660.1
2007-01-22,1.61803,1.61949,1.61668,1.61785,606084.2
2007-01-23,1.6179,1.61896,1.61358,1.61834,619627.0
2007-01-24,1.61833,1.62223,1.61507,1.61827,615828.0
2007-01-25,1.61817,1.6189,1.61239,1.61468,614869.0
2007-01-26,1.61457,1.61977,1.6133,1.61927,582313.5
2007-01-28,1.6179,1.61915,1.61766,1.61904,55259.4
2007-01-29,1.61892,1.62438,1.6178,1.62285,606028.6
2007-01-30,1.62285,1.62511,1.62113,1.62268,610743.7
2007-01-31,1.62263,1.62596,1.6198,1.62082,614736.5
2007-02-01,1.62078,1.62184,1.61657,1.61915,609590.8
2007-02-02,1.61915,1.62034,1.61611,1.61721,578376.6
2007-02-04,1.61698,1.618,1.61594,1.61747,50230.9
2007-02-05,1.61745,1.61818,1.61306,1.61386,605522.0
2007-02-06,1.61417,1.61449,1.60824,1.60953,609178.5
2007-02-07,1.60952,1.61589,1.60844,1.61555,613449.3
2007-02-08,1.61535,1.62595,1.61467,1.62432,615834.3
2007-02-09,1.62448,1.62723,1.62153,1.62231,584636.0
2007-02-11,1.62182,1.62455,1.62081,1.62334,70762.9
2007-02-12,1.62325,1.62557,1.62212,1.62467,659299.8
2007-02-13,1.62468,1.62701,1.62253,1.62535,605569.6
2007-02-14,1.62543,1.62866,1.62393,1.62777,613761.1
2007-02-15,1.62772,1.62808,1.62115,1.62212,617301.9
2007-02-16,1.62209,1.62283,1.62006,1.62219,577593.8
2007-02-18,1.62224,1.62266,1.62023,1.62118,45114.9
2007-02-19,1.6212,1.62324,1.61971,1.62183,602621.3
2007-02-20,1.62185,1.62745,1.62078,1.62448,612402.2
2007-02-21,1.62445,1.62868,1.62324,1.62637,617634.1
2007-02-22,1.62627,1.6288,1.62439,1.62503,608437.5
2007-02-23,1.62512,1.62697,1.62105,1.62321,583495.8
2007-02-25,1.62241,1.62329,1.62161,1.62237,58167.1
2007-02-26,1.62249,1.62399,1.61884,1.62157,609587.0
2007-02-27,1.62165,1.62202,1.60947,1.6116,620089.2
2007-02-28,1.61168,1.61444,1.60993,1.61261,616646.0
2007-03-01,1.6127,1.61418,1.60606,1.61188,621153.3
2007-03-02,1.61187,1.61295,1.60272,1.6046,585791.2
2007-03-04,1.60425,1.60626,1.60271,1.60308,63603.0
2007-03-05,1.60313,1.60342,1.59298,1.59719,623746.4
2007-03-06,1.59729,1.60767,1.59704,1.60713,613987.0
2007-03-07,1.6072,1.60769,1.60212,1.60246,608511.5
2007-03-08,1.60257,1.61333,1.60207,1.61255,615155.7
2007-03-09,1.6124,1.61928,1.61163,1.61915,583012.9
2007-03-11,1.61799,1.61899,1.61687,1.61869,63009.3
2007-03-12,1.61862,1.61932,1.61295,1.61535,611465.8
2007-03-13,1.61532,1.61647,1.60448,1.60516,615117.5
2007-03-14,1.60517,1.61066,1.60261,1.61058,619835.0
2007-03-15,1.61058,1.61239,1.60676,1.61097,620452.6
2007-03-16,1.61103,1.61119,1.60388,1.60694,591447.2
2007-03-18,1.60705,1.60747,1.60419,1.60564,198268.2
2007-03-19,1.60557,1.61378,1.60517,1.61226,607917.3
2007-03-20,1.61226,1.61416,1.61059,1.61383,616502.0
2007-03-21,1.61372,1.61959,1.61247,1.61927,607774.9
2007-03-22,1.61927,1.62163,1.61681,1.61863,605900.1
2007-03-23,1.61854,1.62012,1.61563,1.61883,577826.6
2007-03-25,1.61888,1.62058,1.61763,1.61847,192713.9
2007-03-26,1.61858,1.62154,1.6168,1.62087,271560.5
2007-03-27,1.62075,1.62195,1.61685,1.61805,276467.0
2007-03-28,1.61805,1.62156,1.61468,1.61959,284147.6
2007-03-29,1.61966,1.62483,1.61884,1.62314,276538.2
2007-03-30,1.62304,1.62662,1.61936,1.62298,391437.4
2007-04-01,1.6229,1.62385,1.62113,1.6227,34919.7
2007-04-02,1.6227,1.6251,1.62057,1.6246,807522.92
2007-04-03,1.6246,1.6298,1.62296,1.6291,653066.93
2007-04-04,1.6291,1.63175,1.6279,1.63085,319901.81
2007-04-05,1.63095,1.6319,1.6291,1.6316,310732.75
2007-04-06,1.6316,1.63712,1.63036,1.63427,245524.9
2007-04-08,1.63538,1.63666,1.63315,1.63445,40201.2
2007-04-09,1.6345,1.639,1.63314,1.638,179134.62
2007-04-10,1.638,1.6388,1.63286,1.6348,319283.63
2007-04-11,1.63485,1.63975,1.63321,1.6397,302222.8
2007-04-12,1.6397,1.6453,1.6372,1.6409,286783.7
2007-04-13,1.6409,1.644,1.6348,1.64279,252896.72
2007-04-15,1.64265,1.6464,1.6409,1.64585,33583.4
2007-04-16,1.6459,1.6459,1.64239,1.6434,307134.0
2007-04-17,1.6434,1.6435,1.63855,1.6398,411522.45
2007-04-18,1.6398,1.6402,1.63515,1.6379,363303.1
2007-04-19,1.638,1.6425,1.63205,1.6413,442933.83
2007-04-20,1.6413,1.6436,1.63974,1.64171,315097.17
2007-04-22,1.64223,1.64338,1.6401,1.6409,25612.5
2007-04-23,1.6409,1.6433,1.63866,1.6416,356946.37
2007-04-24,1.64155,1.6417,1.6368,1.63815,386511.58
2007-04-25,1.6382,1.6448,1.63709,1.6438,378103.3
2007-04-26,1.64361,1.6445,1.64184,1.6432,378653.8
2007-04-27,1.6432,1.64735,1.641,1.64573,351181.0
2007-04-29,1.64535,1.64728,1.64105,1.6435,44375.9
2007-04-30,1.6436,1.6487,1.64212,1.6469,410221.16
2007-05-01,1.6469,1.6535,1.6458,1.6515,442970.05
2007-05-02,1.6515,1.6534,1.6487,1.6499,632516.25
2007-05-03,1.6499,1.65124,1.64636,1.648,467714.02
2007-05-04,1.648,1.6489,1.6434,1.64563,473786.4
2007-05-06,1.64615,1.64828,1.64455,1.6454,43105.7
2007-05-07,1.6454,1.6483,1.64392,1.6477,295674.2
2007-05-08,1.6477,1.6507,1.6473,1.64905,665187.9
2007-05-09,1.6492,1.6498,1.64675,1.6493,806148.9
2007-05-10,1.6493,1.6502,1.6435,1.6443,915125.1
2007-05-11,1.6443,1.64904,1.64145,1.64816,796215.93
2007-05-13,1.64827,1.64985,1.6462,1.6484,56143.8
2007-05-14,1.64835,1.6522,1.6479,1.6507,705709.1
2007-05-15,1.65065,1.6536,1.6484,1.6518,852106.71
2007-05-16,1.6518,1.6553,1.65017,1.6533,975425.7
2007-05-17,1.6533,1.6569,1.6514,1.6559,644543.44
2007-05-18,1.6559,1.65828,1.6527,1.65715,877324.36
2007-05-20,1.65772,1.6613,1.65502,1.6601,81917.96
2007-05-21,1.66,1.66123,1.6545,1.6563,785486.96
2007-05-22,1.6563,1.6573,1.65287,1.6546,740286.6
2007-05-23,1.65465,1.6547,1.6504,1.65107,1014206.62
2007-05-24,1.6519,1.6528,1.64751,1.64845,856986.76
2007-05-25,1.6485,1.6523,1.64736,1.6508,755493.8
2007-05-27,1.65103,1.65171,1.64934,1.6506,69338.8
2007-05-28,1.6506,1.65347,1.64954,1.6524,441415.0
2007-05-29,1.6524,1.6529,1.6465,1.6474,967343.1
2007-05-30,1.6474,1.64785,1.6444,1.64519,799111.31
2007-05-31,1.6457,1.6497,1.64476,1.6482,821560.22
2007-06-01,1.6482,1.654,1.64751,1.65238,740469.22
2007-06-03,1.6536,1.6547,1.65209,1.65232,78017.6
2007-06-04,1.6531,1.6549,1.64835,1.6495,875535.92
2007-06-05,1.6495,1.6518,1.64544,1.6467,887032.12
2007-06-06,1.6468,1.6481,1.64127,1.64203,1010023.17
2007-06-07,1.6423,1.6494,1.64147,1.6445,874012.57
2007-06-08,1.64455,1.6524,1.6438,1.65093,1058168.2
2007-06-10,1.65163,1.65168,1.65009,1.6511,97014.5
2007-06-11,1.6511,1.6552,1.64929,1.6538,734606.48
2007-06-12,1.6538,1.6565,1.65125,1.6522,876760.15
2007-06-13,1.6522,1.6576,1.6521,1.6562,1234466.98
2007-06-14,1.6562,1.6598,1.6538,1.6591,967412.63
2007-06-15,1.6591,1.6628,1.6566,1.66028,815897.4
2007-06-17,1.6619,1.6625,1.6604,1.6616,93002.1
2007-06-18,1.6617,1.6663,1.6607,1.666,762821.3
2007-06-19,1.666,1.6672,1.66145,1.6646,859628.62
2007-06-20,1.6646,1.6656,1.65788,1.6591,1047120.98
2007-06-21,1.6591,1.6635,1.65825,1.6622,915249.4
2007-06-22,1.6622,1.6637,1.6537,1.6553,1033692.87
2007-06-24,1.65565,1.65612,1.6534,1.6543,78257.7
2007-06-25,1.6543,1.6559,1.65143,1.653,930845.55
2007-06-26,1.653,1.65555,1.65095,1.6516,943590.16
2007-06-27,1.6516,1.6544,1.649,1.6541,1054084.0
2007-06-28,1.6541,1.6576,1.6522,1.656,939383.7
2007-06-29,1.656,1.6573,1.65233,1.65393,875006.61
2007-07-01,1.65409,1.65489,1.65199,1.65405,115482.9
2007-07-02,1.6541,1.6545,1.6461,1.6488,1046869.55
2007-07-03,1.6488,1.6557,1.64817,1.65465,856292.6
2007-07-04,1.65465,1.6575,1.65323,1.6564,449337.8
2007-07-05,1.6564,1.6575,1.6522,1.65482,1070126.1
2007-07-06,1.6553,1.6606,1.65465,1.6592,788766.8
2007-07-08,1.65892,1.6601,1.65843,1.6595,88079.5
2007-07-09,1.6595,1.6604,1.65621,1.6571,786547.74
2007-07-10,1.6571,1.6586,1.6522,1.6534,1343279.94
2007-07-11,1.6535,1.6586,1.65177,1.6571,1841065.04
2007-07-12,1.6571,1.6591,1.656,1.6586,1381575.9
2007-07-13,1.6586,1.6595,1.655,1.65682,1205153.3
2007-07-15,1.65722,1.658,1.656,1.6575,109346.0
2007-07-16,1.6575,1.6581,1.6545,1.6571,843578.05
2007-07-17,1.6571,1.6587,1.6523,1.65585,1172694.6
2007-07-18,1.6558,1.658,1.6533,1.6573,1381304.7
2007-07-19,1.6573,1.6625,1.65608,1.6611,990130.52
2007-07-20,1.6611,1.6633,1.65835,1.6611,1021627.61
2007-07-22,1.65945,1.66259,1.65807,1.6606,119850.4
2007-07-23,1.6607,1.66655,1.65817,1.6642,938459.31
2007-07-24,1.6642,1.6682,1.66139,1.6625,984703.82
2007-07-25,1.6625,1.6687,1.66137,1.6651,1161903.05
2007-07-26,1.6651,1.6659,1.65255,1.655,1067751.4
2007-07-27,1.655,1.6561,1.64515,1.64642,1279200.37
2007-07-29,1.64725,1.64769,1.64495,1.6456,149278.4
2007-07-30,1.6455,1.65035,1.64125,1.64995,864183.15
2007-07-31,1.65,1.6524,1.6419,1.6428,892934.35
2007-08-01,1.6428,1.647,1.6348,1.6447,1364550.3
2007-08-02,1.6447,1.6516,1.6418,1.649,880256.86
2007-08-03,1.6491,1.6534,1.6381,1.64081,1158169.57
2007-08-05,1.63945,1.64158,1.63515,1.6373,216598.1
2007-08-06,1.6373,1.6451,1.63501,1.64455,1492264.3
2007-08-07,1.6446,1.6472,1.6391,1.64525,1126399.3
2007-08-08,1.64525,1.6513,1.6432,1.6504,962651.93
2007-08-09,1.6504,1.65164,1.63543,1.6357,1474503.1
2007-08-10,1.6357,1.6453,1.6306,1.64125,1589542.05
2007-08-12,1.64083,1.64423,1.63777,1.6411,85933.2
2007-08-13,1.6411,1.644,1.6354,1.6398,1451170.33
2007-08-14,1.6398,1.64445,1.6377,1.6386,2023442.73
2007-08-15,1.6386,1.6435,1.6343,1.637,2319605.8
2007-08-16,1.637,1.6384,1.6255,1.6341,3109709.43
2007-08-17,1.6341,1.6343,1.6174,1.62616,2142076.05
2007-08-19,1.6273,1.63034,1.625,1.6263,128098.2
2007-08-20,1.6265,1.6308,1.6231,1.6248,1576669.49
2007-08-21,1.6248,1.6262,1.6205,1.6242,1621783.57
2007-08-22,1.6242,1.6348,1.62281,1.6343,1295082.2
2007-08-23,1.6343,1.6419,1.6335,1.63631,1258281.26
2007-08-24,1.6367,1.64328,1.6326,1.64307,1425081.31
2007-08-26,1.64185,1.64299,1.64031,1.6423,115872.2
2007-08-27,1.6423,1.6444,1.63871,1.6391,762259.4
2007-08-28,1.6391,1.641,1.63205,1.6326,1204447.51
2007-08-29,1.6326,1.6408,1.63139,1.6396,1372961.7
2007-08-30,1.6396,1.6435,1.6378,1.6434,1506270.69
2007-08-31,1.6434,1.6478,1.6416,1.64638,1501519.5
2007-09-02,1.64682,1.64861,1.6444,1.6453,105811.7
2007-09-03,1.6453,1.6486,1.64427,1.6464,732986.32
2007-09-04,1.6464,1.6497,1.6436,1.6488,1050914.26
2007-09-05,1.6488,1.6494,1.64263,1.6431,910752.18
2007-09-06,1.6431,1.64615,1.64205,1.6446,445027.95
2007-09-07,1.6446,1.6448,1.6338,1.63555,704566.48
2007-09-09,1.63628,1.63647,1.6331,1.6342,83882.7
2007-09-10,1.6343,1.63945,1.63293,1.63655,613004.01
2007-09-11,1.6366,1.646,1.63565,1.6451,1061770.04
2007-09-12,1.6451,1.6478,1.64085,1.6468,1013828.99
2007-09-13,1.6469,1.64975,1.64045,1.64339,1036531.83
2007-09-14,1.6433,1.6514,1.64277,1.64977,866542.4
2007-09-16,1.64992,1.65078,1.64714,1.64875,148570.0
2007-09-17,1.6488,1.64905,1.64376,1.6461,745390.36
2007-09-18,1.6461,1.6528,1.6431,1.6508,1012688.14
2007-09-19,1.6509,1.65595,1.6489,1.6525,1128623.07
2007-09-20,1.6524,1.6531,1.64435,1.64925,1429940.4
2007-09-21,1.6493,1.6537,1.6483,1.65077,814768.13
2007-09-23,1.6517,1.65285,1.6491,1.6512,66631.7
2007-09-24,1.6512,1.655,1.64973,1.65125,685520.7
2007-09-25,1.6513,1.6524,1.64685,1.6495,648691.51
2007-09-26,1.6495,1.6548,1.64836,1.65295,744722.82
2007-09-27,1.65295,1.66175,1.65218,1.66,675539.87
2007-09-28,1.66005,1.6615,1.6576,1.65789,1049936.34
2007-09-30,1.6583,1.6604,1.65778,1.6592,84061.4
2007-10-01,1.6592,1.6664,1.65895,1.66315,1129097.22
2007-10-02,1.6632,1.6659,1.6615,1.6633,1116003.33
2007-10-03,1.6633,1.6673,1.6614,1.6627,1342790.83
2007-10-04,1.6627,1.6639,1.65905,1.6601,1285712.27
2007-10-05,1.66,1.6662,1.65957,1.6647,1222664.48
2007-10-07,1.66552,1.66592,1.66225,1.6647,129838.4
2007-10-08,1.6646,1.6684,1.6636,1.6664,945419.1
2007-10-09,1.66635,1.67,1.66385,1.669,1430370.94
2007-10-10,1.669,1.6746,1.66814,1.6738,1371586.15
2007-10-11,1.67385,1.6828,1.6727,1.679,1685564.2
2007-10-12,1.679,1.6824,1.6756,1.67855,1743162.09
2007-10-14,1.67903,1.68008,1.677,1.6784,210909.9
2007-10-15,1.6784,1.6806,1.6755,1.6779,2322655.65
2007-10-16,1.6779,1.6786,1.6739,1.6758,1469935.93
2007-10-17,1.67575,1.6805,1.6713,1.67545,1004510.64
2007-10-18,1.67545,1.67695,1.6682,1.6719,1077735.41
2007-10-19,1.6719,1.6736,1.66674,1.66716,1227920.15
2007-10-21,1.6676,1.67132,1.6625,1.66475,276577.4
2007-10-22,1.66475,1.6706,1.66345,1.6688,2562678.41
2007-10-23,1.6688,1.67395,1.66665,1.67315,2534232.05
2007-10-24,1.67315,1.67335,1.66715,1.6718,1007881.86
2007-10-25,1.6718,1.6727,1.6677,1.66935,1299982.32
2007-10-26,1.6694,1.67574,1.6691,1.67479,3183597.9
2007-10-28,1.67515,1.67686,1.67426,1.675,723316.1
2007-10-29,1.675,1.6808,1.67445,1.6795,3117787.7
2007-10-30,1.6795,1.6797,1.6716,1.6729,3070507.06
2007-10-31,1.6729,1.6784,1.67095,1.6774,3691266.88
2007-11-01,1.6774,1.6789,1.6689,1.66955,3464970.36
2007-11-02,1.66955,1.67507,1.66705,1.67387,2935287.81
2007-11-04,1.67295,1.6754,1.67065,1.6711,600757.2
2007-11-05,1.67105,1.67285,1.6671,1.66935,2379079.18
2007-11-06,1.66935,1.6705,1.6633,1.666,1538389.21
2007-11-07,1.666,1.6664,1.65695,1.6582,1464015.22
2007-11-08,1.6582,1.66125,1.65165,1.65455,1377835.63
2007-11-09,1.65455,1.65475,1.6449,1.6468,1791464.61
2007-11-11,1.64712,1.64721,1.6446,1.6458,122552.7
2007-11-12,1.6458,1.64785,1.6376,1.6406,1009599.13
2007-11-13,1.64045,1.647,1.6402,1.646,1210275.79
2007-11-14,1.64595,1.649,1.64365,1.6453,1090174.13
2007-11-15,1.6453,1.6476,1.63895,1.64105,1288173.69
2007-11-16,1.64105,1.6418,1.63495,1.63825,1203859.76
2007-11-18,1.63953,1.63971,1.63698,1.63875,208179.6
2007-11-19,1.63875,1.64005,1.6349,1.6353,1693422.63
2007-11-20,1.6353,1.6429,1.6343,1.6404,2018413.13
2007-11-21,1.6404,1.64065,1.6346,1.6367,4720158.73
2007-11-22,1.6367,1.6382,1.6327,1.6347,4494256.72
2007-11-23,1.6347,1.6368,1.62985,1.63415,3908326.61
2007-11-25,1.634,1.6374,1.63324,1.637,831367.8
2007-11-26,1.637,1.63965,1.63035,1.6316,1746154.29
2007-11-27,1.6316,1.64115,1.63145,1.6396,3820080.06
2007-11-28,1.6396,1.65135,1.637,1.64845,3702168.23
2007-11-29,1.64845,1.651,1.64725,1.6483,3548286.53
2007-11-30,1.6482,1.6587,1.64815,1.65615,2738652.16
2007-12-02,1.65592,1.65675,1.6524,1.65545,520911.2
2007-12-03,1.65545,1.65725,1.6514,1.65335,854612.64
2007-12-04,1.65345,1.6574,1.64665,1.6491,1204500.2
2007-12-05,1.6491,1.65155,1.6453,1.64745,1186051.5
2007-12-06,1.64745,1.6543,1.6461,1.65345,1207709.81
2007-12-07,1.6534,1.657,1.65253,1.6533,1232609.4
2007-12-09,1.65292,1.65425,1.65195,1.6527,165219.0
2007-12-10,1.6526,1.6599,1.6526,1.6595,1210270.41
2007-12-11,1.6595,1.6668,1.65485,1.6567,1360857.7
2007-12-12,1.6568,1.67285,1.65655,1.66875,1786674.41
2007-12-13,1.6687,1.6719,1.6643,1.6699,1591199.98
2007-12-14,1.6699,1.6715,1.6616,1.66233,1630292.79
2007-12-16,1.6636,1.66565,1.65952,1.6647,139519.2
2007-12-17,1.6647,1.6649,1.65315,1.6563,550183.38
2007-12-18,1.6563,1.6611,1.6553,1.66025,596266.41
2007-12-19,1.66015,1.6628,1.65775,1.6609,586282.69
2007-12-20,1.66085,1.6618,1.6574,1.66,812949.66
2007-12-21,1.66,1.6631,1.65845,1.65855,603718.5
2007-12-23,1.6605,1.66233,1.65957,1.6612,99409.5
2007-12-24,1.6612,1.6677,1.661,1.66478,500137.74
2007-12-25,1.6646,1.67335,1.62835,1.66718,624442.6
2007-12-26,1.66724,1.6687,1.66425,1.6675,694001.7
2007-12-27,1.6675,1.6685,1.664,1.6659,1250922.18
2007-12-28,1.666,1.6663,1.65685,1.65685,1039172.88
2007-12-30,1.65843,1.66057,1.6566,1.6591,65447.0
2007-12-31,1.6591,1.6591,1.65139,1.65218,652078.25
2008-01-01,1.652,1.65588,1.65112,1.6545,123635.2
2008-01-02,1.6545,1.6558,1.643,1.6472,1494835.01
2008-01-03,1.6472,1.64763,1.638,1.63875,867601.79
2008-01-04,1.6389,1.6411,1.63166,1.6344,659759.54
2008-01-06,1.6336,1.63438,1.63155,1.63295,94505.3
2008-01-07,1.63295,1.6424,1.6325,1.6413,702882.38
2008-01-08,1.6413,1.6449,1.63508,1.6357,598736.05
2008-01-09,1.6357,1.64045,1.633,1.63665,1426567.78
2008-01-10,1.63665,1.63835,1.6287,1.6346,2573325.71
2008-01-11,1.6346,1.6349,1.6247,1.62712,2813654.27
2008-01-13,1.6271,1.62885,1.6264,1.628,135466.05
2008-01-14,1.6281,1.6322,1.6229,1.6249,1622588.81
2008-01-15,1.625,1.6251,1.6152,1.6153,741348.35
2008-01-16,1.61555,1.6167,1.60815,1.6113,1193731.35
2008-01-17,1.6113,1.6181,1.6094,1.6112,1525406.18
2008-01-18,1.6112,1.6179,1.6042,1.60453,1841965.01
2008-01-20,1.6057,1.60735,1.60398,1.607,98091.4
2008-01-21,1.607,1.60735,1.59455,1.60085,624336.09
2008-01-22,1.60085,1.6079,1.59485,1.6062,1105659.95
2008-01-23,1.6062,1.6076,1.58255,1.59655,1097537.65
2008-01-24,1.59675,1.60655,1.58885,1.6053,1853416.2
2008-01-25,1.6053,1.6143,1.60475,1.60827,1329619.45
2008-01-27,1.60895,1.61025,1.60775,1.60805,204350.05
2008-01-28,1.6083,1.6125,1.60305,1.611,1528800.57
2008-01-29,1.6112,1.6173,1.60735,1.6157,946748.4
2008-01-30,1.6157,1.6187,1.60595,1.6077,1201838.74
2008-01-31,1.6077,1.61135,1.60165,1.60655,1545692.77
2008-02-01,1.60655,1.6127,1.60085,1.61185,515487.64
2008-02-03,1.61217,1.61302,1.6105,1.6108,158989.1
2008-02-04,1.61055,1.6183,1.6104,1.6132,684920.99
2008-02-05,1.6132,1.62165,1.60865,1.60885,380374.77
2008-02-06,1.60885,1.61015,1.6032,1.60365,263885.4
2008-02-07,1.60365,1.6069,1.5961,1.5972,498734.97
2008-02-08,1.5972,1.6033,1.59685,1.59975,682497.08
2008-02-10,1.59947,1.6018,1.59813,1.6012,49578.24
2008-02-11,1.6012,1.60245,1.5943,1.59845,107258.9
2008-02-12,1.59845,1.60895,1.598,1.6069,142103.46
2008-02-13,1.6069,1.6162,1.6045,1.613,147149.15
2008-02-14,1.613,1.6182,1.6045,1.6067,66885.71
2008-02-15,1.6067,1.6097,1.59925,1.60468,113928.93
2008-02-17,1.60459,1.60595,1.60299,1.60445,40885.2
2008-02-18,1.60445,1.61685,1.6043,1.61405,157782.45
2008-02-19,1.61405,1.61575,1.60865,1.61185,554537.15
2008-02-20,1.61185,1.6183,1.60915,1.6171,1036178.5
2008-02-21,1.6171,1.6231,1.61175,1.6147,146684.2
2008-02-22,1.6147,1.61655,1.6066,1.60855,351665.85
2008-02-24,1.60893,1.6107,1.608,1.6103,56036.6
2008-02-25,1.6103,1.6176,1.6096,1.6149,508205.34
2008-02-26,1.6149,1.6174,1.60885,1.61295,991903.07
2008-02-27,1.61295,1.61345,1.6055,1.6068,2179775.03
2008-02-28,1.6068,1.6068,1.5963,1.59675,1758447.74
2008-02-29,1.59675,1.5979,1.57925,1.57935,140819.44
2008-03-02,1.58037,1.5812,1.5702,1.571,358637.66
2008-03-03,1.571,1.5861,1.5699,1.5824,327360.05
2008-03-04,1.5824,1.5832,1.57405,1.58065,137160.46
2008-03-05,1.58065,1.58525,1.5747,1.5828,891623.63
2008-03-06,1.5828,1.58565,1.57185,1.57255,478003.1
2008-03-07,1.57255,1.5772,1.56585,1.57575,730459.42
2008-03-09,1.57585,1.57588,1.5689,1.5702,666918.9
2008-03-10,1.5702,1.5726,1.56195,1.5627,712920.68
2008-03-11,1.5627,1.5878,1.5617,1.584,980222.45
2008-03-12,1.584,1.5861,1.5766,1.5771,1653493.84
2008-03-13,1.5771,1.58205,1.56775,1.5783,659552.45
2008-03-14,1.5783,1.5803,1.5622,1.56315,1352809.25
2008-03-16,1.5639,1.5651,1.5501,1.5567,491231.1
2008-03-17,1.5567,1.5577,1.5334,1.5495,1659196.24
2008-03-18,1.54945,1.5699,1.5449,1.56465,1240842.11
2008-03-19,1.56465,1.56765,1.55685,1.5581,852628.67
2008-03-20,1.5581,1.5705,1.5534,1.5543,640327.4
2008-03-21,1.5544,1.55965,1.5535,1.55768,900823.75
2008-03-23,1.55744,1.5604,1.55694,1.5591,586572.8
2008-03-24,1.5591,1.5763,1.5591,1.5726,1448621.21
2008-03-25,1.5726,1.57765,1.5707,1.5744,843818.4
2008-03-26,1.5744,1.5772,1.5657,1.56865,1315430.85
2008-03-27,1.56865,1.5723,1.56525,1.5685,517960.5
2008-03-28,1.5685,1.57565,1.5667,1.5712,754982.3
2008-03-30,1.5717,1.5737,1.56757,1.5735,265214.4
2008-03-31,1.5735,1.5755,1.56635,1.56705,1492805.88
2008-04-01,1.56705,1.58135,1.5664,1.579,902193.33
2008-04-02,1.579,1.5857,1.57765,1.5808,1190940.22
2008-04-03,1.5808,1.5856,1.57845,1.58425,808645.91
2008-04-04,1.58425,1.5877,1.57725,1.58157,480154.08
2008-04-06,1.58245,1.58366,1.58085,1.5825,56769.6
2008-04-07,1.5825,1.5955,1.5822,1.5913,561462.15
2008-04-08,1.5913,1.5954,1.588,1.5941,1308013.05
2008-04-09,1.5941,1.5945,1.5817,1.5857,828157.89
2008-04-10,1.5857,1.58785,1.57205,1.5865,662005.15
2008-04-11,1.5865,1.59015,1.5791,1.58188,1735986.38
2008-04-13,1.58308,1.58625,1.57568,1.5795,734703.3
2008-04-14,1.5795,1.58335,1.57605,1.5826,1389335.75
2008-04-15,1.5826,1.59315,1.5795,1.5914,1803937.68
2008-04-16,1.5914,1.5954,1.5864,1.5927,2192275.82
2008-04-17,1.5927,1.6014,1.5905,1.5993,1632340.38
2008-04-18,1.5993,1.61625,1.5975,1.61037,2199361.17
2008-04-20,1.61025,1.61045,1.60794,1.61,130043.7
2008-04-21,1.61,1.6122,1.6025,1.6049,764090.95
2008-04-22,1.6049,1.60915,1.60115,1.6032,840075.56
2008-04-23,1.6032,1.6166,1.6028,1.613,273767.25
2008-04-24,1.613,1.6247,1.61085,1.623,324062.4
2008-04-25,1.623,1.6246,1.6139,1.61626,254297.08
2008-04-27,1.61725,1.6186,1.61366,1.61801,64694.6
2008-04-28,1.6183,1.6205,1.61365,1.6182,119221.44
2008-04-29,1.6182,1.6193,1.6102,1.61434,155819.21
2008-04-30,1.6146,1.62345,1.61205,1.617,118230.58
2008-05-01,1.617,1.62275,1.61618,1.6213,144348.44
2008-05-02,1.6214,1.6319,1.61987,1.62996,356061.95
2008-05-04,1.6308,1.63145,1.62725,1.629,46499.9
2008-05-05,1.629,1.6346,1.62835,1.63195,169395.75
2008-05-06,1.6321,1.63405,1.62555,1.633,254747.2
2008-05-07,1.633,1.6334,1.62295,1.6235,173329.89
2008-05-08,1.6235,1.6248,1.6169,1.61822,247423.03
2008-05-09,1.6183,1.61885,1.6066,1.61131,191671.58
2008-05-11,1.61115,1.613,1.6075,1.61105,36050.6
2008-05-12,1.61105,1.62315,1.61045,1.6229,126198.35
2008-05-13,1.6229,1.63035,1.6185,1.6281,229163.3
2008-05-14,1.6281,1.63365,1.6265,1.6318,127541.98
2008-05-15,1.63195,1.6349,1.6287,1.63295,168059.6
2008-05-16,1.633,1.6369,1.6268,1.63114,230240.58
2008-05-18,1.6317,1.63293,1.62965,1.63275,103423.8
2008-05-19,1.63275,1.63765,1.6272,1.6338,170689.82
2008-05-20,1.6338,1.634,1.62188,1.62232,151027.25
2008-05-21,1.6225,1.6277,1.61749,1.6185,309837.61
2008-05-22,1.6185,1.6253,1.6162,1.621,208999.47
2008-05-23,1.621,1.6228,1.613,1.61404,137926.48
2008-05-25,1.6138,1.6164,1.6122,1.61545,38674.6
2008-05-26,1.6154,1.6194,1.61465,1.6162,158756.74
2008-05-27,1.6164,1.6236,1.61465,1.6216,102756.69
2008-05-28,1.6216,1.62785,1.6162,1.6236,228760.55
2008-05-29,1.6236,1.63005,1.62297,1.6286,82497.73
2008-05-30,1.6286,1.6289,1.61995,1.62099,104601.24
2008-06-01,1.62092,1.62271,1.61871,1.6217,16616.54
2008-06-02,1.6217,1.6222,1.608,1.61053,119653.9
2008-06-03,1.611,1.61685,1.6055,1.60855,49776.01
2008-06-04,1.60855,1.6116,1.6034,1.6085,57110.9
2008-06-05,1.6085,1.6193,1.6076,1.6185,45418.27
2008-06-06,1.6185,1.6223,1.60556,1.60637,47680.44
2008-06-08,1.60685,1.60895,1.6046,1.6052,18644.44
2008-06-09,1.6052,1.613,1.6049,1.6075,83562.78
2008-06-10,1.6075,1.6133,1.60526,1.6125,138152.63
2008-06-11,1.6125,1.6156,1.60295,1.6033,160130.09
2008-06-12,1.6033,1.61365,1.60245,1.60755,268317.51
2008-06-13,1.60755,1.6146,1.60705,1.60958,242606.97
2008-06-15,1.61028,1.61264,1.60597,1.61055,35016.3
2008-06-16,1.6107,1.61895,1.6102,1.6158,411535.4
2008-06-17,1.6158,1.62,1.6126,1.6155,397834.9
2008-06-18,1.6155,1.6188,1.6082,1.6097,349544.4
2008-06-19,1.6097,1.6218,1.6074,1.6182,385702.9
2008-06-20,1.6182,1.62045,1.6128,1.61587,269060.7
2008-06-22,1.61532,1.6179,1.61482,1.6174,35225.3
2008-06-23,1.61735,1.6243,1.6156,1.62195,211951.24
2008-06-24,1.622,1.6238,1.61605,1.6211,145554.16
2008-06-25,1.6211,1.6244,1.62015,1.6221,279383.36
2008-06-26,1.62205,1.62495,1.6109,1.6125,206456.76
2008-06-27,1.6125,1.6153,1.60395,1.60777,331584.45
2008-06-29,1.60795,1.60969,1.60645,1.6081,8238.0
2008-06-30,1.6081,1.6094,1.60305,1.6083,349359.66
2008-07-01,1.60835,1.61235,1.6015,1.6119,298010.71
2008-07-02,1.6119,1.615,1.60745,1.61,276403.1
2008-07-03,1.61,1.6143,1.60768,1.61035,255364.9
2008-07-04,1.61035,1.612,1.6063,1.61055,172972.02
2008-07-06,1.6096,1.6103,1.60803,1.6095,18611.2
2008-07-07,1.6095,1.6166,1.6076,1.61335,225085.13
2008-07-08,1.6133,1.61985,1.608,1.61905,238264.82
2008-07-09,1.6191,1.6232,1.6155,1.6186,253884.36
2008-07-10,1.6186,1.6235,1.61738,1.6222,266603.1
2008-07-11,1.62225,1.62455,1.61505,1.61886,259050.23
2008-07-13,1.61835,1.6226,1.61645,1.6206,45501.8
2008-07-14,1.6206,1.624,1.61564,1.6163,185944.9
2008-07-15,1.6163,1.6169,1.60295,1.6061,184794.81
2008-07-16,1.606,1.61155,1.59905,1.61015,186300.73
2008-07-17,1.61015,1.62145,1.60813,1.6168,161922.65
2008-07-18,1.6167,1.621,1.61605,1.61967,130487.27
2008-07-20,1.6203,1.62085,1.61884,1.61955,18284.6
2008-07-21,1.61965,1.623,1.61915,1.6199,90354.01
2008-07-22,1.6199,1.62975,1.6161,1.6263,115742.6
2008-07-23,1.6263,1.63105,1.62524,1.6287,140995.49
2008-07-24,1.62875,1.6297,1.62275,1.6247,120191.6
2008-07-25,1.6247,1.6309,1.6223,1.62764,140955.93
2008-07-27,1.6271,1.6289,1.6268,1.6284,9418.5
2008-07-28,1.6285,1.6295,1.6266,1.6268,110069.15
2008-07-29,1.6268,1.6323,1.6253,1.6297,112045.82
2008-07-30,1.6297,1.63375,1.62842,1.6329,136296.3
2008-07-31,1.633,1.6369,1.6311,1.6333,128694.39
2008-08-01,1.6334,1.6339,1.6288,1.63328,167494.7
2008-08-03,1.6327,1.63436,1.6311,1.6325,7931.4
2008-08-04,1.6325,1.6346,1.631,1.6325,109126.87
2008-08-05,1.63245,1.6341,1.629,1.6296,158726.87
2008-08-06,1.6296,1.6349,1.62753,1.6329,118659.27
2008-08-07,1.6329,1.634,1.6257,1.627,148951.5
2008-08-08,1.627,1.6295,1.6219,1.62417,192977.23
2008-08-10,1.62372,1.62485,1.61795,1.6185,24599.7
2008-08-11,1.61855,1.6218,1.61665,1.6194,221867.63
2008-08-12,1.6194,1.6242,1.6182,1.6198,282421.0
2008-08-13,1.6198,1.6234,1.61537,1.6181,244922.08
2008-08-14,1.6181,1.6234,1.6173,1.6203,238179.06
2008-08-15,1.62025,1.6223,1.60852,1.60995,207553.34
2008-08-17,1.6093,1.61101,1.60851,1.6105,30638.5
2008-08-18,1.6105,1.6177,1.6096,1.6123,171453.75
2008-08-19,1.6123,1.6143,1.61,1.6139,187017.6
2008-08-20,1.6139,1.6213,1.61255,1.6198,168349.1
2008-08-21,1.6198,1.6211,1.6144,1.6187,263827.28
2008-08-22,1.61865,1.6256,1.6181,1.62522,201252.8
2008-08-24,1.6247,1.62532,1.62246,1.6231,9727.3
2008-08-25,1.6231,1.6237,1.61545,1.616,188211.0
2008-08-26,1.616,1.61905,1.61026,1.6111,248050.84
2008-08-27,1.6111,1.6173,1.6105,1.6156,213162.97
2008-08-28,1.6156,1.6175,1.6106,1.6154,282762.12
2008-08-29,1.6154,1.618,1.61275,1.61557,212189.38
2008-08-31,1.6159,1.61827,1.61273,1.61501,24448.3
2008-09-01,1.6153,1.6161,1.60565,1.6068,218008.27
2008-09-02,1.6068,1.6117,1.60505,1.6052,220978.81
2008-09-03,1.6052,1.6084,1.60135,1.6038,236430.15
2008-09-04,1.604,1.6044,1.58085,1.5848,359889.32
2008-09-05,1.5849,1.59671,1.5815,1.59533,451546.87
2008-09-07,1.59362,1.60974,1.59255,1.606,93651.9
2008-09-08,1.6062,1.60815,1.59485,1.5965,388690.65
2008-09-09,1.5965,1.6022,1.5905,1.5913,363321.05
2008-09-10,1.5913,1.59825,1.5879,1.588,341415.75
2008-09-11,1.588,1.5953,1.584,1.5925,245989.57
2008-09-12,1.5925,1.6095,1.58944,1.60776,318320.42
2008-09-14,1.60705,1.6104,1.59609,1.6026,55046.0
2008-09-15,1.60265,1.6055,1.58475,1.5858,634412.97
2008-09-16,1.5858,1.591,1.575,1.5899,689557.47
2008-09-17,1.5899,1.59455,1.5781,1.57894,737574.99
2008-09-18,1.57896,1.59,1.57677,1.58595,631106.1
2008-09-19,1.58595,1.6034,1.58375,1.59865,419947.2
2008-09-21,1.59848,1.60266,1.59485,1.5973,105071.15
2008-09-22,1.5973,1.6022,1.58667,1.5903,464559.68
2008-09-23,1.5903,1.596,1.5895,1.59318,321552.52
2008-09-24,1.5934,1.5974,1.5913,1.5942,252248.1
2008-09-25,1.5942,1.5967,1.59035,1.59145,312433.6
2008-09-26,1.59145,1.5937,1.586,1.59335,242073.83
2008-09-28,1.59342,1.5949,1.5876,1.589,39948.0
2008-09-29,1.589,1.59275,1.566,1.5716,363437.78
2008-09-30,1.5716,1.5833,1.56935,1.5803,352210.45
2008-10-01,1.5803,1.5823,1.56905,1.5778,337532.27
2008-10-02,1.5778,1.5778,1.5629,1.5638,358508.16
2008-10-03,1.5638,1.56985,1.5531,1.55623,384001.02
2008-10-05,1.55437,1.55573,1.5377,1.5415,51990.43
2008-10-06,1.5415,1.5542,1.53885,1.55095,245382.13
2008-10-07,1.55095,1.5617,1.54445,1.5491,373702.1
2008-10-08,1.5491,1.5567,1.5356,1.5366,8683674.65
2008-10-09,1.5366,1.5505,1.53234,1.5339,17905337.4
2008-10-10,1.5339,1.53405,1.5074,1.52657,17346597.62
2008-10-12,1.52623,1.53785,1.52501,1.5378,64010.9
2008-10-13,1.53795,1.55035,1.5336,1.5488,11713592.29
2008-10-14,1.5488,1.55575,1.54385,1.5442,11917279.44
2008-10-15,1.5442,1.55055,1.5222,1.523,13353606.5
2008-10-16,1.523,1.5373,1.5143,1.5299,13094102.69
2008-10-17,1.5299,1.5335,1.5174,1.52409,10707424.97
2008-10-19,1.52435,1.52635,1.52213,1.5255,1588967.91
2008-10-20,1.52555,1.5351,1.5248,1.53315,5683007.2
2008-10-21,1.53315,1.5351,1.50235,1.5025,10353386.68
2008-10-22,1.5025,1.50465,1.48385,1.4884,10416111.47
2008-10-23,1.4884,1.50465,1.48505,1.49845,9470280.79
2008-10-24,1.49855,1.4993,1.4404,1.47325,6570860.6
2008-10-26,1.47255,1.47341,1.4575,1.4675,1074521.0
2008-10-27,1.4675,1.47515,1.42965,1.44175,4249738.87
2008-10-28,1.44175,1.47775,1.43175,1.4741,339966.7
2008-10-29,1.4741,1.4777,1.4548,1.46712,287241.76
2008-10-30,1.4677,1.49055,1.46315,1.4658,321026.2
2008-10-31,1.4661,1.4826,1.45395,1.4743,240019.44
2008-11-02,1.4736,1.4769,1.47295,1.4758,16031.2
2008-11-03,1.47575,1.4887,1.47375,1.48465,278626.0
2008-11-04,1.4847,1.5146,1.4775,1.5101,334695.34
2008-11-05,1.5101,1.5172,1.49535,1.4979,289770.58
2008-11-06,1.49795,1.50715,1.49377,1.4943,238310.4
2008-11-07,1.49415,1.5045,1.4927,1.4982,219222.5
2008-11-09,1.50125,1.5075,1.50073,1.5067,26987.7
2008-11-10,1.50675,1.5166,1.501,1.50265,227219.8
2008-11-11,1.50265,1.50445,1.48335,1.48525,241717.94
2008-11-12,1.48535,1.4937,1.4712,1.479,282548.42
2008-11-13,1.479,1.52275,1.4759,1.5157,299873.49
2008-11-14,1.5159,1.5184,1.50435,1.506,299224.3
2008-11-16,1.5055,1.50713,1.50095,1.50155,46019.9
2008-11-17,1.5012,1.52335,1.4996,1.515,268998.85
2008-11-18,1.515,1.51995,1.5088,1.51825,307697.16
2008-11-19,1.5185,1.5328,1.51345,1.51455,441225.01
2008-11-20,1.5146,1.53635,1.51265,1.5246,265949.42
2008-11-21,1.5246,1.54165,1.52195,1.53943,355081.27
2008-11-23,1.53892,1.5419,1.53663,1.541,19696.5
2008-11-24,1.541,1.54695,1.53375,1.54535,385749.85
2008-11-25,1.54535,1.55195,1.53995,1.5462,557435.3
2008-11-26,1.54625,1.55285,1.5409,1.5507,252644.11
2008-11-27,1.5507,1.55165,1.54375,1.5478,139899.71
2008-11-28,1.5478,1.5512,1.53905,1.53985,179239.7
2008-11-30,1.54102,1.54284,1.53625,1.5366,27015.6
2008-12-01,1.5366,1.53785,1.51615,1.5171,180699.6
2008-12-02,1.5171,1.5359,1.51663,1.5331,235881.6
2008-12-03,1.5331,1.53985,1.52675,1.53735,237004.6
2008-12-04,1.53735,1.5399,1.522,1.52685,506093.66
2008-12-05,1.52685,1.55455,1.5262,1.5516,284070.94
2008-12-07,1.5546,1.5548,1.54927,1.5507,14139.0
2008-12-08,1.55062,1.56155,1.55028,1.55775,282089.52
2008-12-09,1.55775,1.56445,1.5554,1.5579,192360.73
2008-12-10,1.5579,1.56275,1.55455,1.5603,149348.8
2008-12-11,1.5604,1.5814,1.55845,1.58035,163094.1
2008-12-12,1.58035,1.58055,1.5684,1.5757,175416.5
2008-12-14,1.56764,1.5773,1.56581,1.5762,14317.95
2008-12-15,1.5762,1.58795,1.575,1.5856,206727.8
2008-12-16,1.5858,1.58665,1.57205,1.57485,199571.2
2008-12-17,1.57495,1.57775,1.5438,1.5467,209008.68
2008-12-18,1.5467,1.5518,1.52855,1.5419,213708.95
2008-12-19,1.54215,1.5476,1.53416,1.53618,176759.35
2008-12-21,1.53475,1.542,1.53391,1.542,6521.2
2008-12-22,1.542,1.5424,1.51975,1.52623,162588.45
2008-12-23,1.52625,1.53105,1.5126,1.5166,121594.9
2008-12-24,1.51575,1.5187,1.50054,1.50195,83319.8
2008-12-25,1.50184,1.51201,1.4995,1.5094,118541.0
2008-12-26,1.50945,1.51345,1.50018,1.50042,58034.7
2008-12-28,1.50192,1.50445,1.49947,1.5032,8003.4
2008-12-29,1.5032,1.50385,1.47565,1.4831,136909.1
2008-12-30,1.4831,1.49935,1.4767,1.49225,129002.0
2008-12-31,1.49235,1.49602,1.4756,1.49302,88881.7
2009-01-01,1.49283,1.50411,1.48885,1.4905,121610.2
2009-01-02,1.4906,1.50545,1.48101,1.50235,112542.4
2009-01-04,1.5021,1.50454,1.49245,1.4949,9156.9
2009-01-05,1.49495,1.5141,1.4927,1.51145,182397.9
2009-01-06,1.5115,1.5122,1.4975,1.5073,263833.3
2009-01-07,1.5073,1.5096,1.4932,1.5023,262909.9
2009-01-08,1.5023,1.50425,1.4933,1.49855,231610.6
2009-01-09,1.4986,1.5052,1.49165,1.49887,139702.2
2009-01-11,1.4954,1.50133,1.4936,1.49505,20772.6
2009-01-12,1.495,1.5034,1.48535,1.4893,131974.5
2009-01-13,1.4893,1.49035,1.47365,1.4761,171410.73
2009-01-14,1.4761,1.4838,1.46565,1.4731,173092.2
2009-01-15,1.4732,1.4814,1.46755,1.47645,261252.35
2009-01-16,1.47645,1.48825,1.47395,1.48358,231004.5
2009-01-18,1.48847,1.49265,1.48356,1.4915,18760.2
2009-01-19,1.4915,1.4927,1.48015,1.48215,166985.1
2009-01-20,1.4821,1.48605,1.4758,1.4784,221668.5
2009-01-21,1.4784,1.50525,1.47345,1.50075,335965.8
2009-01-22,1.5008,1.5107,1.49245,1.50035,296249.24
2009-01-23,1.50035,1.5036,1.4894,1.4978,160567.5
2009-01-25,1.5003,1.50055,1.49295,1.4971,28772.0
2009-01-26,1.4972,1.50905,1.49458,1.5014,191508.7
2009-01-27,1.50135,1.50875,1.4963,1.50605,172936.1
2009-01-28,1.506,1.51925,1.50385,1.5156,167468.58
2009-01-29,1.51565,1.51645,1.4892,1.4932,195412.9
2009-01-30,1.4932,1.4993,1.48235,1.48718,328843.6
2009-02-01,1.48513,1.48699,1.48138,1.48265,19905.6
2009-02-02,1.4828,1.49395,1.48095,1.489,443957.55
2009-02-03,1.489,1.4972,1.48225,1.4889,356068.5
2009-02-04,1.4889,1.4939,1.4859,1.4884,241269.9
2009-02-05,1.48835,1.50035,1.48725,1.49795,171925.3
2009-02-06,1.49795,1.50825,1.4955,1.50237,161123.9
2009-02-08,1.50205,1.5055,1.50038,1.5037,39124.0
2009-02-09,1.5036,1.51515,1.4988,1.5128,196051.3
2009-02-10,1.51275,1.51405,1.49035,1.4932,242268.77
2009-02-11,1.4932,1.5011,1.49205,1.4935,171763.57
2009-02-12,1.4935,1.49745,1.4873,1.49615,206674.98
2009-02-13,1.4962,1.49855,1.4905,1.49232,196194.91
2009-02-15,1.49222,1.49315,1.48595,1.48805,26261.0
2009-02-16,1.4881,1.4926,1.4826,1.48385,139691.39
2009-02-17,1.4839,1.4864,1.4704,1.47065,211804.8
2009-02-18,1.47065,1.48425,1.4698,1.47615,165532.36
2009-02-19,1.47615,1.49455,1.4753,1.48665,188113.4
2009-02-20,1.48665,1.4989,1.47585,1.48212,217941.52
2009-02-22,1.4821,1.48533,1.47857,1.48275,17183.2
2009-02-23,1.4827,1.49325,1.47945,1.4834,244546.2
2009-02-24,1.48335,1.4918,1.47705,1.491,218338.78
2009-02-25,1.49095,1.49235,1.47995,1.4877,166173.15
2009-02-26,1.4878,1.49085,1.48185,1.48285,121949.0
2009-02-27,1.48285,1.4881,1.47655,1.4819,143615.39
2009-03-01,1.48209,1.48219,1.4765,1.47715,20837.0
2009-03-02,1.4772,1.48235,1.47451,1.47705,155827.52
2009-03-03,1.47705,1.4862,1.47345,1.47685,183690.1
2009-03-04,1.47695,1.48325,1.4724,1.47685,187720.7
2009-03-05,1.47685,1.48,1.4671,1.468,203833.76
2009-03-06,1.46795,1.4696,1.4576,1.46698,190536.1
2009-03-08,1.4661,1.46975,1.46423,1.4666,16454.0
2009-03-09,1.46665,1.47175,1.45965,1.46215,176624.6
2009-03-10,1.4622,1.4744,1.45895,1.474,193733.4
2009-03-11,1.47395,1.48215,1.47215,1.47965,196767.32
2009-03-12,1.47965,1.53365,1.47525,1.53075,234878.45
2009-03-13,1.53075,1.54005,1.52635,1.53158,160579.97
2009-03-15,1.5301,1.53404,1.5285,1.53185,20662.3
2009-03-16,1.5319,1.5446,1.5309,1.5367,279544.96
2009-03-17,1.53665,1.54425,1.5315,1.5384,195824.49
2009-03-18,1.5384,1.54175,1.5267,1.53935,219702.92
2009-03-19,1.53935,1.5424,1.5318,1.53435,240851.55
2009-03-20,1.5344,1.53545,1.5225,1.53087,218115.37
2009-03-22,1.53002,1.53465,1.52964,1.53365,21337.1
2009-03-23,1.53365,1.53775,1.5288,1.5324,183253.7
2009-03-24,1.5324,1.53565,1.5204,1.52415,213442.28
2009-03-25,1.52415,1.52535,1.51835,1.52255,202769.0
2009-03-26,1.5226,1.52985,1.5205,1.52445,182597.22
2009-03-27,1.5245,1.53,1.5172,1.51998,182501.55
2009-03-29,1.5196,1.52105,1.51526,1.519,16953.4
2009-03-30,1.51905,1.5209,1.5127,1.51745,193909.0
2009-03-31,1.51745,1.5194,1.50655,1.51015,226294.75
2009-04-01,1.51005,1.5186,1.50595,1.5169,228973.15
2009-04-02,1.5169,1.5285,1.51635,1.52705,256474.7
2009-04-03,1.52735,1.5283,1.5208,1.52478,188567.8
2009-04-05,1.52452,1.52734,1.52381,1.5262,16939.78
2009-04-06,1.5262,1.52995,1.51645,1.51645,212597.53
2009-04-07,1.5163,1.52155,1.51511,1.51605,236417.04
2009-04-08,1.51605,1.52425,1.51145,1.52215,251610.7
2009-04-09,1.52215,1.527,1.5206,1.5208,213609.86
2009-04-10,1.52075,1.524,1.52018,1.52193,89051.32
2009-04-12,1.52302,1.52405,1.52,1.522,15637.6
2009-04-13,1.522,1.52415,1.51295,1.51515,122354.69
2009-04-14,1.51515,1.5184,1.50763,1.50823,214663.26
2009-04-15,1.50865,1.5155,1.50765,1.51075,208937.4
2009-04-16,1.51075,1.5153,1.508,1.51305,237613.3
2009-04-17,1.513,1.5237,1.50935,1.51915,223805.4
2009-04-19,1.5182,1.522,1.5182,1.52,15491.6
2009-04-20,1.52,1.5212,1.50895,1.5101,202620.07
2009-04-21,1.5101,1.51565,1.50985,1.5107,190463.9
2009-04-22,1.5107,1.51635,1.50895,1.5137,191956.5
2009-04-23,1.5135,1.51975,1.5079,1.512,190655.6
2009-04-24,1.512,1.5143,1.50686,1.50825,133483.1
2009-04-26,1.5119,1.51195,1.50295,1.5047,18347.85
2009-04-27,1.5047,1.509,1.5026,1.5056,157219.5
2009-04-28,1.5057,1.50715,1.50108,1.5018,208974.96
2009-04-29,1.5018,1.511,1.50143,1.50685,225905.4
2009-04-30,1.50685,1.51265,1.50479,1.50867,225038.0
2009-05-01,1.5091,1.5126,1.5059,1.50709,122859.3
2009-05-03,1.50687,1.51061,1.50407,1.51019,20510.1
2009-05-04,1.51008,1.51165,1.5074,1.51024,141425.0
2009-05-05,1.5105,1.51485,1.507,1.5085,205297.0
2009-05-06,1.5086,1.511,1.50565,1.509,294532.26
2009-05-07,1.50895,1.5173,1.50745,1.5125,256326.73
2009-05-08,1.51255,1.51575,1.50477,1.50691,236495.1
2009-05-10,1.50745,1.50824,1.50456,1.5067,15609.2
2009-05-11,1.50675,1.50914,1.5036,1.5071,189549.3
2009-05-12,1.5071,1.50935,1.5059,1.50825,197548.85
2009-05-13,1.50825,1.5091,1.504,1.50485,235057.78
2009-05-14,1.50485,1.5087,1.50355,1.5058,238178.0
2009-05-15,1.50575,1.5145,1.5008,1.51277,208667.15
2009-05-17,1.51348,1.51495,1.50895,1.513,19128.8
2009-05-18,1.513,1.51485,1.5091,1.5107,325347.7
2009-05-19,1.5107,1.5166,1.5101,1.5116,264886.5
2009-05-20,1.5116,1.5182,1.51015,1.5155,279506.51
2009-05-21,1.5155,1.5216,1.51315,1.51975,248383.27
2009-05-22,1.51945,1.52335,1.51606,1.51888,200950.0
2009-05-24,1.51865,1.5215,1.5176,1.5207,12544.5
2009-05-25,1.5207,1.52085,1.51597,1.51755,170220.55
2009-05-26,1.51755,1.5182,1.51255,1.516,307767.71
2009-05-27,1.51605,1.51715,1.51039,1.51117,260364.4
2009-05-28,1.5115,1.51425,1.50935,1.5122,286393.13
2009-05-29,1.5122,1.5159,1.50755,1.50994,315129.61
2009-05-31,1.50977,1.51048,1.5047,1.50845,17367.8
2009-06-01,1.50845,1.51845,1.50825,1.51585,286184.23
2009-06-02,1.51575,1.5195,1.5118,1.51875,327023.32
2009-06-03,1.51875,1.5207,1.51205,1.51465,358327.0
2009-06-04,1.51465,1.51675,1.5098,1.5153,321925.05
2009-06-05,1.5153,1.5235,1.51357,1.51622,300855.58
2009-06-07,1.51575,1.518,1.5155,1.5174,21850.6
2009-06-08,1.51745,1.52135,1.51555,1.51775,355206.9
2009-06-09,1.51775,1.5186,1.51495,1.51705,344127.18
2009-06-10,1.51705,1.51775,1.51026,1.51115,357591.29
2009-06-11,1.51125,1.51425,1.50915,1.5098,350737.3
2009-06-12,1.5098,1.513,1.5085,1.51199,313710.3
2009-06-14,1.51287,1.5129,1.50879,1.50933,41997.0
2009-06-15,1.50935,1.51294,1.50512,1.50579,114818.66
2009-06-16,1.50563,1.50852,1.50467,1.5055,114609.95
2009-06-17,1.50545,1.51097,1.50411,1.50611,115515.83
2009-06-18,1.50606,1.51443,1.50015,1.5103,115251.76
2009-06-19,1.51024,1.51279,1.50563,1.50657,178616.76
2009-06-21,1.507,1.50713,1.5053,1.50645,19201.1
2009-06-22,1.5065,1.50775,1.5048,1.50565,344816.43
2009-06-23,1.50565,1.5059,1.50087,1.50175,367687.97
2009-06-24,1.50175,1.5381,1.5012,1.52965,381954.8
2009-06-25,1.5297,1.5376,1.52512,1.53001,387315.91
2009-06-26,1.53,1.53234,1.52078,1.52257,287561.4
2009-06-28,1.52155,1.52485,1.5213,1.5238,32942.7
2009-06-29,1.5238,1.5283,1.52215,1.52525,308901.38
2009-06-30,1.52525,1.5271,1.5227,1.5241,361605.48
2009-07-01,1.5241,1.5255,1.51953,1.5204,314212.06
2009-07-02,1.5204,1.5246,1.51717,1.518,241948.26
2009-07-03,1.518,1.5249,1.51705,1.51912,205109.43
2009-07-05,1.51817,1.51965,1.51713,1.51835,23927.6
2009-07-06,1.51835,1.5209,1.51515,1.5162,456081.93
2009-07-07,1.5162,1.5193,1.51445,1.5157,527025.47
2009-07-08,1.5157,1.51705,1.5122,1.5127,542030.94
2009-07-09,1.5127,1.51755,1.51095,1.5121,596458.11
2009-07-10,1.5121,1.51675,1.51155,1.51357,623713.14
2009-07-12,1.51368,1.51457,1.51252,1.51425,53217.4
2009-07-13,1.5143,1.5156,1.5121,1.51375,621330.68
2009-07-14,1.51375,1.52195,1.51345,1.52115,683962.23
2009-07-15,1.52105,1.52155,1.51465,1.51565,648374.75
2009-07-16,1.51565,1.51895,1.51475,1.5179,535855.78
2009-07-17,1.5179,1.5223,1.51703,1.51789,611477.48
2009-07-19,1.51845,1.52065,1.51802,1.51945,86454.78
2009-07-20,1.51945,1.5223,1.5181,1.5192,621588.45
2009-07-21,1.5192,1.5202,1.5143,1.5163,771524.7
2009-07-22,1.51615,1.5178,1.51438,1.51534,665083.0
2009-07-23,1.5155,1.5245,1.51525,1.5205,688622.52
2009-07-24,1.5205,1.52455,1.51965,1.52268,593942.15
2009-07-26,1.52222,1.52305,1.51982,1.52255,102115.92
2009-07-27,1.52255,1.5249,1.5219,1.5241,681212.58
2009-07-28,1.52415,1.5263,1.5215,1.52305,657797.99
2009-07-29,1.5231,1.5281,1.5219,1.5269,859081.51
2009-07-30,1.5269,1.53365,1.52594,1.53105,689017.9
2009-07-31,1.53115,1.53455,1.5212,1.52345,705526.81
2009-08-02,1.5223,1.5253,1.52222,1.525,92200.56
2009-08-03,1.525,1.52845,1.52315,1.52675,652739.14
2009-08-04,1.52675,1.5318,1.52545,1.52705,731849.82
2009-08-05,1.52705,1.53165,1.52575,1.52935,647740.87
2009-08-06,1.52935,1.5324,1.52802,1.5286,877526.73
2009-08-07,1.5286,1.53565,1.52348,1.53327,332643.06
2009-08-09,1.5333,1.5354,1.5313,1.5353,61559.22
2009-08-10,1.5353,1.5364,1.5334,1.53425,301067.37
2009-08-11,1.53425,1.53485,1.5282,1.53075,331404.26
2009-08-12,1.5308,1.53125,1.52655,1.52925,352188.27
2009-08-13,1.5294,1.53375,1.5274,1.5286,278405.17
2009-08-14,1.5285,1.5304,1.52192,1.52275,255438.42
2009-08-16,1.52248,1.52426,1.5211,1.5234,28395.26
2009-08-17,1.5234,1.5241,1.5173,1.518,312544.84
2009-08-18,1.518,1.5222,1.5174,1.5205,309292.56
2009-08-19,1.5205,1.5212,1.5136,1.5168,241349.34
2009-08-20,1.5168,1.5189,1.51454,1.51535,220557.11
2009-08-21,1.51535,1.5188,1.5134,1.51656,253076.66
2009-08-23,1.5154,1.51695,1.5139,1.51685,53650.63
2009-08-24,1.5168,1.52085,1.51665,1.5177,277692.06
2009-08-25,1.51765,1.51955,1.51515,1.5175,321478.39
2009-08-26,1.5175,1.5237,1.51718,1.52155,394077.13
2009-08-27,1.5214,1.5243,1.51585,1.51915,431472.08
2009-08-28,1.5191,1.5219,1.51459,1.51517,345322.81
2009-08-30,1.51525,1.51675,1.51428,1.5153,40785.5
2009-08-31,1.5153,1.51835,1.51434,1.5176,295297.41
2009-09-01,1.51755,1.51815,1.51473,1.5152,398005.08
2009-09-02,1.5153,1.51875,1.51245,1.51345,351896.8
2009-09-03,1.51345,1.51555,1.51235,1.51425,300770.59
2009-09-04,1.51425,1.5184,1.51366,1.5157,247421.5
2009-09-06,1.5148,1.51863,1.51455,1.51715,48442.06
2009-09-07,1.51715,1.5199,1.51585,1.51923,212603.7
2009-09-08,1.5193,1.5204,1.515,1.5165,362599.93
2009-09-09,1.51645,1.5179,1.51499,1.5154,305617.68
2009-09-10,1.51535,1.52,1.51351,1.5142,290876.34
2009-09-11,1.5142,1.5149,1.51199,1.51274,306716.6
2009-09-13,1.51198,1.51389,1.51138,1.5122,50591.07
2009-09-14,1.5122,1.5141,1.51088,1.51195,290350.8
2009-09-15,1.51195,1.5175,1.5119,1.51655,288549.36
2009-09-16,1.5165,1.51975,1.516,1.518,305607.79
2009-09-17,1.518,1.52325,1.5145,1.516,337463.89
2009-09-18,1.516,1.5169,1.51335,1.51458,319954.85
2009-09-20,1.5141,1.5152,1.51322,1.51365,39369.73
2009-09-21,1.5138,1.51895,1.5138,1.51519,294230.53
2009-09-22,1.51535,1.5158,1.51155,1.5138,357836.4
2009-09-23,1.5139,1.5146,1.512,1.5125,414271.35
2009-09-24,1.5125,1.51335,1.50705,1.5086,434556.21
2009-09-25,1.5086,1.5124,1.50815,1.50909,398495.82
2009-09-27,1.50877,1.51101,1.5078,1.5095,23213.56
2009-09-28,1.5095,1.51225,1.50825,1.50975,308582.63
2009-09-29,1.50975,1.5128,1.50915,1.51165,387634.96
2009-09-30,1.51165,1.52395,1.50755,1.51599,354298.82
2009-10-01,1.51625,1.51925,1.513,1.51345,427412.33
2009-10-02,1.51345,1.51425,1.50711,1.50777,407214.42
2009-10-04,1.50828,1.51089,1.50722,1.5097,45345.0
2009-10-05,1.5097,1.51275,1.50925,1.5121,347020.21
2009-10-06,1.5121,1.5126,1.50955,1.5115,407718.17
2009-10-07,1.5115,1.5178,1.51131,1.51735,354819.69
2009-10-08,1.51735,1.51845,1.5152,1.5176,401877.26
2009-10-09,1.5177,1.5196,1.51735,1.51905,352741.15
2009-10-11,1.51835,1.51945,1.51553,1.51915,74641.0
2009-10-12,1.51915,1.52035,1.51595,1.51695,295564.61
2009-10-13,1.51695,1.519,1.5161,1.5175,391689.36
2009-10-14,1.5175,1.51825,1.51389,1.5146,336226.43
2009-10-15,1.5146,1.5172,1.51245,1.5165,359788.04
2009-10-16,1.51645,1.51925,1.51585,1.51693,434219.05
2009-10-18,1.51743,1.51857,1.51539,1.51645,26201.8
2009-10-19,1.51645,1.518,1.51254,1.51365,424448.33
2009-10-20,1.5137,1.5139,1.51102,1.5117,468148.05
2009-10-21,1.51175,1.512,1.5091,1.51005,509344.62
2009-10-22,1.5101,1.51395,1.50899,1.5106,386186.86
2009-10-23,1.51065,1.5144,1.5102,1.5139,397958.6
2009-10-25,1.51323,1.51396,1.51159,1.5126,52122.74
2009-10-26,1.5126,1.5148,1.51205,1.51415,362946.41
2009-10-27,1.51415,1.5162,1.51205,1.51275,382551.9
2009-10-28,1.51275,1.51285,1.50984,1.51055,426211.14
2009-10-29,1.51055,1.51135,1.50971,1.51095,379961.18
2009-10-30,1.51095,1.51735,1.50815,1.51055,342937.3
2009-11-01,1.5101,1.51063,1.5077,1.5097,39040.29
2009-11-02,1.5097,1.51075,1.50845,1.5097,460040.1
2009-11-03,1.5097,1.51275,1.5096,1.5106,477930.7
2009-11-04,1.5106,1.5119,1.50905,1.50985,435039.14
2009-11-05,1.50985,1.5123,1.5091,1.51135,443181.31
2009-11-06,1.51135,1.51265,1.50915,1.51015,350769.15
2009-11-08,1.50985,1.51127,1.50944,1.511,41343.16
2009-11-09,1.511,1.5122,1.51,1.51133,410779.04
2009-11-10,1.51155,1.5117,1.5097,1.5101,332713.24
2009-11-11,1.5101,1.51095,1.50943,1.5104,353072.24
2009-11-12,1.5104,1.51125,1.50964,1.5106,401131.34
2009-11-13,1.5106,1.51135,1.50695,1.50862,389833.07
2009-11-15,1.50877,1.51017,1.50852,1.509,36472.2
2009-11-16,1.50895,1.51035,1.5077,1.5089,341963.05
2009-11-17,1.5089,1.51185,1.5085,1.51109,373534.4
2009-11-18,1.51125,1.5118,1.51025,1.5109,296582.77
2009-11-19,1.5109,1.51455,1.51075,1.5116,289781.17
2009-11-20,1.5116,1.5137,1.5113,1.51205,282267.95
2009-11-22,1.51278,1.51351,1.51192,1.51235,44768.7
2009-11-23,1.5124,1.5128,1.51045,1.5109,246685.2
2009-11-24,1.5109,1.51185,1.50935,1.50965,289962.21
2009-11-25,1.50965,1.5102,1.50763,1.5083,251431.43
2009-11-26,1.50835,1.5132,1.50105,1.5043,226369.46
2009-11-27,1.50425,1.50975,1.5041,1.50632,292042.88
2009-11-29,1.50727,1.51087,1.5046,1.50805,33912.18
2009-11-30,1.508,1.509,1.50515,1.5085,421884.72
2009-12-01,1.5085,1.50955,1.50665,1.50725,343507.1
2009-12-02,1.50725,1.50815,1.5064,1.50755,329472.78
2009-12-03,1.5076,1.50905,1.50615,1.50625,293210.79
2009-12-04,1.50625,1.5108,1.50535,1.50955,306798.3
2009-12-06,1.50985,1.51111,1.50884,1.51035,39423.15
2009-12-07,1.51035,1.5128,1.50945,1.5113,398131.4
2009-12-08,1.51125,1.5119,1.50928,1.5097,398866.28
2009-12-09,1.5097,1.5124,1.50955,1.512,406480.02
2009-12-10,1.512,1.5131,1.51058,1.5114,250630.36
2009-12-11,1.51145,1.5134,1.51028,1.51058,309573.05
2009-12-13,1.51208,1.5131,1.51142,1.51235,31787.25
2009-12-14,1.51235,1.51395,1.51095,1.51165,283400.09
2009-12-15,1.51155,1.5134,1.51155,1.51235,306283.65
2009-12-16,1.51235,1.51375,1.50825,1.50905,327993.94
2009-12-17,1.50905,1.5094,1.50065,1.5011,461305.0
2009-12-18,1.5011,1.50145,1.49065,1.49442,341597.46
2009-12-20,1.49317,1.49392,1.48423,1.4907,28226.7
2009-12-21,1.4907,1.4968,1.49045,1.4935,318159.96
2009-12-22,1.49355,1.4989,1.49255,1.4944,331001.3
2009-12-23,1.49445,1.4958,1.48745,1.4895,228040.6
2009-12-24,1.48965,1.49215,1.4878,1.49057,189363.6
2009-12-25,1.4905,1.49485,1.48815,1.4911,318270.2
2009-12-27,1.49008,1.49123,1.48882,1.49035,17385.6
2009-12-28,1.49035,1.49175,1.48719,1.48815,194562.9
2009-12-29,1.48815,1.49015,1.4851,1.48815,276040.22
2009-12-30,1.48815,1.4892,1.48555,1.48615,201894.0
2009-12-31,1.4862,1.48775,1.48172,1.48355,133325.0
2010-01-01,1.48356,1.48408,1.48022,1.48318,266555.32
2010-01-03,1.48278,1.48482,1.48086,1.48345,26958.4
2010-01-04,1.4834,1.48895,1.4808,1.4843,345129.4
2010-01-05,1.4843,1.4875,1.48255,1.4846,348430.5
2010-01-06,1.4847,1.4857,1.4792,1.47985,321554.5
2010-01-07,1.4798,1.4839,1.47635,1.48005,315664.1
2010-01-08,1.48005,1.48275,1.47355,1.47447,338076.2
2010-01-10,1.47455,1.4771,1.47384,1.47585,43616.6
2010-01-11,1.47585,1.47955,1.4723,1.47515,343514.65
2010-01-12,1.47515,1.47705,1.4736,1.47505,332430.62
2010-01-13,1.47505,1.48025,1.4746,1.47765,352470.15
2010-01-14,1.4777,1.48095,1.47555,1.4773,308444.18
2010-01-15,1.4773,1.4782,1.47412,1.47437,378645.06
2010-01-17,1.47558,1.4762,1.47351,1.4752,42316.31
2010-01-18,1.4752,1.47755,1.47348,1.47465,193974.96
2010-01-19,1.47465,1.4781,1.4736,1.475,376959.0
2010-01-20,1.47495,1.477,1.47193,1.47275,363454.0
2010-01-21,1.47275,1.47385,1.46725,1.46905,415628.45
2010-01-22,1.46905,1.4746,1.46805,1.47027,372999.6
2010-01-24,1.47135,1.47405,1.47017,1.4739,30608.3
2010-01-25,1.4739,1.4742,1.47032,1.4713,305920.2
2010-01-26,1.47135,1.4741,1.4705,1.4728,401003.04
2010-01-27,1.4728,1.4739,1.4709,1.47265,378035.65
2010-01-28,1.47265,1.4738,1.46895,1.469,358223.8
2010-01-29,1.469,1.47645,1.46355,1.46895,357973.7
2010-01-31,1.47038,1.4724,1.46849,1.4711,58112.45
2010-02-01,1.4712,1.47375,1.47025,1.4714,329699.17
2010-02-02,1.47135,1.4742,1.4704,1.47405,288177.0
2010-02-03,1.47405,1.4754,1.4705,1.4709,297862.74
2010-02-04,1.47085,1.47155,1.46365,1.46455,318354.72
2010-02-05,1.46455,1.48115,1.4557,1.46677,331684.43
2010-02-07,1.46673,1.46927,1.46641,1.46735,40945.33
2010-02-08,1.46735,1.46895,1.4644,1.46495,356560.21
2010-02-09,1.46495,1.4692,1.46495,1.4682,364998.49
2010-02-10,1.46815,1.4689,1.46505,1.46645,319860.9
2010-02-11,1.4665,1.4674,1.46495,1.4653,391280.61
2010-02-12,1.46535,1.4702,1.46355,1.465,282244.34
2010-02-14,1.4659,1.46715,1.46465,1.4658,25442.3
2010-02-15,1.4658,1.46785,1.46478,1.46525,171574.36
2010-02-16,1.46525,1.46845,1.46459,1.46725,252459.37
2010-02-17,1.46725,1.4693,1.46615,1.4663,319991.24
2010-02-18,1.4663,1.4688,1.46405,1.46445,276485.02
2010-02-19,1.46445,1.4675,1.46232,1.46398,265130.04
2010-02-21,1.4636,1.46697,1.46341,1.465,18387.1
2010-02-22,1.465,1.4665,1.4616,1.4631,261373.63
2010-02-23,1.46315,1.4683,1.46217,1.464,213994.1
2010-02-24,1.464,1.4651,1.46255,1.4638,244343.88
2010-02-25,1.4638,1.46465,1.4625,1.46345,326796.87
2010-02-26,1.46345,1.46415,1.46155,1.46155,254263.5
2010-02-28,1.46227,1.46365,1.46187,1.46355,26880.9
2010-03-01,1.4635,1.46475,1.46205,1.46365,290222.86
2010-03-02,1.46365,1.46545,1.46225,1.4633,395579.6
2010-03-03,1.4633,1.4637,1.46203,1.4627,295150.12
2010-03-04,1.4627,1.4636,1.46233,1.46275,260995.59
2010-03-05,1.46275,1.464,1.46208,1.4628,183075.6
2010-03-07,1.4585,1.46353,1.45847,1.46325,20642.36
2010-03-08,1.46325,1.46345,1.46215,1.46265,363884.09
2010-03-09,1.46265,1.46355,1.46156,1.462,391637.69
2010-03-10,1.462,1.46295,1.46032,1.46085,318867.63
2010-03-11,1.46085,1.463,1.4602,1.4619,298281.75
2010-03-12,1.4619,1.46235,1.45465,1.45465,497907.93
2010-03-14,1.4564,1.45775,1.4558,1.4572,45304.4
2010-03-15,1.45725,1.4578,1.4507,1.45195,355391.96
2010-03-16,1.45195,1.45285,1.4506,1.4526,365513.26
2010-03-17,1.4526,1.4535,1.44755,1.44825,330248.37
2010-03-18,1.44825,1.4486,1.4354,1.4393,276799.12
2010-03-19,1.4393,1.4405,1.4318,1.4359,296598.17
2010-03-21,1.43645,1.43669,1.43356,1.43405,29734.7
2010-03-22,1.4341,1.4371,1.4308,1.43475,347621.7
2010-03-23,1.43475,1.43715,1.4232,1.42375,356540.08
2010-03-24,1.42375,1.43065,1.4231,1.4288,365520.23
2010-03-25,1.4288,1.42965,1.4252,1.426,341770.96
2010-03-26,1.426,1.4312,1.42545,1.42825,268762.96
2010-03-28,1.42812,1.43267,1.42568,1.4305,32393.08
2010-03-29,1.4305,1.4357,1.42995,1.43255,303054.09
2010-03-30,1.43255,1.4342,1.4301,1.43095,314892.56
2010-03-31,1.43095,1.43215,1.4208,1.42325,352310.48
2010-04-01,1.42325,1.44095,1.41435,1.4324,355449.6
2010-04-02,1.43235,1.4351,1.4311,1.4323,105711.52
2010-04-04,1.4321,1.43374,1.43107,1.4325,20274.55
2010-04-05,1.43255,1.4338,1.4314,1.4322,123568.42
2010-04-06,1.4322,1.43275,1.4315,1.4319,257801.32
2010-04-07,1.4319,1.4352,1.43155,1.43255,309120.62
2010-04-08,1.43265,1.4342,1.4322,1.4337,259070.16
2010-04-09,1.4337,1.4395,1.4327,1.43817,327166.8
2010-04-11,1.43857,1.4449,1.436,1.44415,48377.2
2010-04-12,1.44415,1.44655,1.4378,1.4399,458755.7
2010-04-13,1.4399,1.44015,1.4327,1.43515,419707.9
2010-04-14,1.43515,1.4387,1.43385,1.4357,371935.02
2010-04-15,1.4357,1.43655,1.4329,1.4337,374437.4
2010-04-16,1.4337,1.4343,1.43213,1.43288,295347.1
2010-04-18,1.4329,1.43345,1.43098,1.4334,36085.4
2010-04-19,1.43345,1.4359,1.43265,1.4338,322029.83
2010-04-20,1.4338,1.4362,1.433,1.4349,383907.98
2010-04-21,1.4349,1.4354,1.42905,1.4328,347675.0
2010-04-22,1.4328,1.43455,1.43198,1.43245,394325.9
2010-04-23,1.43245,1.436,1.43163,1.43507,419980.38
2010-04-25,1.4351,1.43633,1.43259,1.4349,28520.0
2010-04-26,1.4349,1.43615,1.43335,1.4355,387873.38
2010-04-27,1.4355,1.43665,1.4322,1.43285,539972.8
2010-04-28,1.43295,1.4346,1.43196,1.4336,425714.84
2010-04-29,1.4336,1.4351,1.43295,1.4342,398675.2
2010-04-30,1.4342,1.43555,1.43163,1.43253,340924.56
2010-05-02,1.43277,1.43443,1.43058,1.43355,48386.2
2010-05-03,1.43355,1.43365,1.43178,1.4325,518846.35
2010-05-04,1.4325,1.43485,1.43189,1.4324,498365.4
2010-05-05,1.4324,1.4338,1.43185,1.4327,463256.59
2010-05-06,1.4327,1.43435,1.40015,1.40875,434402.9
2010-05-07,1.4088,1.4187,1.40515,1.41317,318706.25
2010-05-09,1.41288,1.42375,1.41288,1.4207,29961.8
2010-05-10,1.4207,1.43325,1.4153,1.41535,439260.62
2010-05-11,1.41535,1.4185,1.40325,1.40455,442319.16
2010-05-12,1.40455,1.4116,1.4012,1.40295,403099.98
2010-05-13,1.40295,1.4071,1.3997,1.40075,310028.28
2010-05-14,1.4008,1.40305,1.39977,1.40095,287344.16
2010-05-16,1.40125,1.40166,1.39935,1.40045,46496.6
2010-05-17,1.40045,1.4029,1.39994,1.4023,237290.2
2010-05-18,1.4023,1.40475,1.39969,1.40045,354790.63
2010-05-19,1.40045,1.43075,1.39986,1.42715,316684.25
2010-05-20,1.42715,1.44535,1.4137,1.4407,351623.52
2010-05-21,1.4407,1.45865,1.4361,1.445,227711.9
2010-05-23,1.44532,1.44627,1.44015,1.44035,28930.8
2010-05-24,1.44035,1.44435,1.4305,1.43155,376349.6
2010-05-25,1.43155,1.43225,1.42075,1.42745,440662.34
2010-05-26,1.42745,1.42895,1.41078,1.4117,396029.66
2010-05-27,1.4117,1.4275,1.41165,1.4251,410378.1
2010-05-28,1.4251,1.43085,1.42095,1.42207,300759.74
2010-05-30,1.42275,1.4234,1.42041,1.4224,26583.7
2010-05-31,1.42245,1.4258,1.4169,1.4184,229904.36
2010-06-01,1.4184,1.42235,1.4124,1.41415,410823.26
2010-06-02,1.4142,1.4162,1.4119,1.4147,389461.5
2010-06-03,1.4147,1.41765,1.4055,1.40625,296551.68
2010-06-04,1.40615,1.40915,1.3864,1.3912,292763.64
2010-06-06,1.3899,1.39105,1.38741,1.38875,43590.7
2010-06-07,1.3887,1.3942,1.38495,1.3863,459925.6
2010-06-08,1.3863,1.3909,1.37445,1.37895,299480.04
2010-06-09,1.37895,1.38055,1.3734,1.3762,283298.7
2010-06-10,1.3762,1.3869,1.3746,1.386,280947.42
2010-06-11,1.386,1.3946,1.38155,1.39177,364511.8
2010-06-13,1.39127,1.39615,1.39067,1.39605,36463.0
2010-06-14,1.39605,1.39845,1.38715,1.39515,344904.7
2010-06-15,1.39515,1.404,1.39105,1.3957,362824.22
2010-06-16,1.39565,1.39655,1.38615,1.39105,286964.7
2010-06-17,1.39105,1.3912,1.37405,1.37654,303779.18
2010-06-18,1.37645,1.37826,1.37144,1.373,211173.12
2010-06-19,1.373,1.373,1.373,1.373,0.0
2010-06-20,1.3709,1.37682,1.3661,1.3716,35619.8
2010-06-21,1.37165,1.3762,1.36605,1.36745,264530.05
2010-06-22,1.36745,1.36855,1.35806,1.35925,259043.68
2010-06-23,1.3592,1.3615,1.3544,1.3605,236339.72
2010-06-24,1.3605,1.36275,1.3554,1.3592,285032.1
2010-06-25,1.35915,1.3599,1.34545,1.35172,255744.02
2010-06-27,1.35292,1.35445,1.3506,1.35105,41408.3
2010-06-28,1.35105,1.35365,1.33285,1.33595,393388.81
2010-06-29,1.33595,1.33625,1.31655,1.319,273980.26
2010-06-30,1.31905,1.32875,1.31755,1.3187,311072.76
2010-07-01,1.3187,1.3401,1.3073,1.3271,326844.2
2010-07-02,1.3271,1.3433,1.3217,1.33475,209294.45
2010-07-04,1.3344,1.33653,1.33373,1.33575,52476.5
2010-07-05,1.33565,1.33675,1.331,1.3336,196181.3
2010-07-06,1.3336,1.34125,1.32825,1.33835,289416.92
2010-07-07,1.33835,1.3391,1.32605,1.3262,348642.32
2010-07-08,1.3262,1.33545,1.326,1.3324,291113.4
2010-07-09,1.33245,1.33975,1.3308,1.3368,233587.35
2010-07-11,1.3372,1.33767,1.3331,1.3333,39261.3
2010-07-12,1.3333,1.34105,1.3303,1.337,291480.9
2010-07-13,1.337,1.34235,1.331,1.34225,309001.75
2010-07-14,1.3422,1.34905,1.33888,1.34045,255008.3
2010-07-15,1.34045,1.3483,1.33785,1.34675,318810.37
2010-07-16,1.34675,1.36225,1.3456,1.3581,212733.23
2010-07-18,1.35887,1.35915,1.35085,1.35205,29132.0
2010-07-19,1.352,1.3672,1.35075,1.36385,231199.16
2010-07-20,1.36385,1.36765,1.35005,1.3556,200001.46
2010-07-21,1.35565,1.35785,1.3393,1.34015,241541.68
2010-07-22,1.34015,1.3462,1.33415,1.34535,231616.65
2010-07-23,1.34535,1.36195,1.34175,1.36038,215419.9
2010-07-25,1.3604,1.3617,1.35637,1.36075,16326.1
2010-07-26,1.3607,1.36375,1.3546,1.36265,286881.65
2010-07-27,1.36265,1.3795,1.36255,1.37825,295175.3
2010-07-28,1.37825,1.38175,1.37145,1.3734,269107.4
2010-07-29,1.3734,1.3755,1.35805,1.35915,235328.09
2010-07-30,1.3591,1.3636,1.35095,1.3583,201243.3
2010-08-01,1.3592,1.36275,1.35625,1.36225,28161.9
2010-08-02,1.3622,1.36985,1.35915,1.3689,232813.05
2010-08-03,1.36895,1.37552,1.3662,1.3748,214428.9
2010-08-04,1.3748,1.3866,1.37265,1.3862,263809.23
2010-08-05,1.3862,1.3875,1.37515,1.37925,243957.23
2010-08-06,1.37925,1.38465,1.3747,1.37888,167458.8
2010-08-08,1.37613,1.38014,1.36917,1.37935,12473.1
2010-08-09,1.37935,1.38775,1.37615,1.3868,260664.9
2010-08-10,1.3868,1.3924,1.3796,1.38025,368053.0
2010-08-11,1.3802,1.38145,1.3596,1.36125,316352.55
2010-08-12,1.36125,1.3664,1.34585,1.34735,291361.3
2010-08-13,1.34735,1.3539,1.33915,1.34,242746.7
2010-08-15,1.34003,1.3426,1.3368,1.342,32816.0
2010-08-16,1.34205,1.34505,1.3271,1.3318,239273.0
2010-08-17,1.3318,1.3457,1.3299,1.344,243919.25
2010-08-18,1.34405,1.34405,1.33525,1.33535,224136.71
2010-08-19,1.33545,1.3401,1.32045,1.32165,336942.85
2010-08-20,1.3217,1.3241,1.31327,1.3137,224856.6
2010-08-22,1.3149,1.3163,1.31302,1.3142,27549.3
2010-08-23,1.3142,1.31915,1.31055,1.316,167523.93
2010-08-24,1.31605,1.31795,1.3015,1.30305,196796.52
2010-08-25,1.303,1.30855,1.29705,1.3049,230037.27
2010-08-26,1.3049,1.3143,1.2999,1.301,245835.0
2010-08-27,1.3009,1.31225,1.2992,1.3116,185254.7
2010-08-29,1.311,1.31268,1.3088,1.31155,22940.9
2010-08-30,1.31155,1.3144,1.298,1.2984,176766.19
2010-08-31,1.29835,1.2986,1.2851,1.2872,221120.25
2010-09-01,1.28715,1.30405,1.28695,1.3007,216776.5
2010-09-02,1.3007,1.30395,1.2942,1.2987,184838.3
2010-09-03,1.29865,1.31625,1.2973,1.3103,150841.23
2010-09-05,1.31062,1.31145,1.30908,1.31095,28260.4
2010-09-06,1.31095,1.3133,1.2924,1.294,157275.93
2010-09-07,1.294,1.2963,1.28105,1.28335,229851.14
2010-09-08,1.28335,1.292,1.2765,1.2872,229413.26
2010-09-09,1.2872,1.2928,1.282,1.28725,226241.2
2010-09-10,1.28725,1.30735,1.2863,1.29268,215147.4
2010-09-12,1.29183,1.3002,1.29175,1.3002,22555.7
2010-09-13,1.3002,1.30375,1.295,1.2967,223211.3
2010-09-14,1.2967,1.29765,1.2873,1.2948,224881.65
2010-09-15,1.29485,1.3067,1.29315,1.30365,235960.42
2010-09-16,1.30365,1.33025,1.29895,1.32745,250018.25
2010-09-17,1.32745,1.33905,1.31395,1.31737,241705.73
2010-09-19,1.31618,1.31916,1.31585,1.3181,21217.4
2010-09-20,1.3181,1.32305,1.3114,1.3121,202679.85
2010-09-21,1.3121,1.32415,1.3113,1.32335,235453.75
2010-09-22,1.3233,1.3272,1.31805,1.32175,256822.36
2010-09-23,1.32175,1.32475,1.31005,1.31175,272491.05
2010-09-24,1.31175,1.3294,1.3071,1.3257,186851.44
2010-09-26,1.32638,1.32825,1.32345,1.3259,27839.0
2010-09-27,1.3259,1.32955,1.3229,1.3238,258318.71
2010-09-28,1.3238,1.3292,1.31645,1.32505,223846.75
2010-09-29,1.325,1.3349,1.3238,1.33067,205431.39
2010-09-30,1.3309,1.3408,1.3264,1.33865,182394.79
2010-10-01,1.33875,1.3463,1.336,1.34235,162254.38
2010-10-02,1.34235,1.34235,1.34235,1.34235,0.0
2010-10-03,1.34235,1.34555,1.34223,1.34385,26530.8
2010-10-04,1.34385,1.34655,1.32635,1.32645,191201.0
2010-10-05,1.32645,1.3394,1.3264,1.33725,184095.0
2010-10-06,1.3375,1.3415,1.33205,1.3393,161992.0
2010-10-07,1.33925,1.34905,1.3356,1.34535,169660.0
2010-10-08,1.34535,1.34935,1.3362,1.34155,150046.0
2010-10-09,1.34155,1.34155,1.34155,1.34155,0.0
2010-10-10,1.34155,1.34655,1.34003,1.3465,23017.2
2010-10-11,1.34645,1.34775,1.33725,1.3389,164357.0
2010-10-12,1.3389,1.3415,1.3265,1.33265,205077.0
2010-10-13,1.33265,1.34225,1.3317,1.33815,171550.0
2010-10-14,1.33815,1.3436,1.33345,1.3402,178368.0
2010-10-15,1.3402,1.34805,1.3361,1.33985,137826.0
2010-10-16,1.33985,1.33985,1.33985,1.33985,0.0
2010-10-17,1.33985,1.34137,1.33685,1.3378,21287.4
2010-10-18,1.3378,1.34035,1.3305,1.3399,242125.0
2010-10-19,1.3399,1.34515,1.33095,1.33105,217569.0
2010-10-20,1.3311,1.3444,1.33095,1.3444,158614.0
2010-10-21,1.3444,1.3533,1.33865,1.34695,186930.0
2010-10-22,1.3469,1.3651,1.34585,1.3626,153845.4
2010-10-23,1.3626,1.3626,1.3626,1.3626,0.0
2010-10-24,1.3626,1.36655,1.3592,1.36497,46884.0
2010-10-25,1.36497,1.36707,1.35446,1.35531,126230.0
2010-10-26,1.35531,1.3687,1.35495,1.36337,95694.0
2010-10-27,1.36338,1.37024,1.36072,1.36466,96829.0
2010-10-28,1.36451,1.37228,1.36135,1.37228,97777.0
2010-10-29,1.37223,1.37373,1.3644,1.36962,80184.0
2010-10-30,1.36962,1.36962,1.36962,1.36962,0.0
2010-10-31,1.36962,1.37319,1.36908,1.37223,16916.5
2010-11-01,1.37216,1.38337,1.37121,1.37968,99584.0
2010-11-02,1.37964,1.38213,1.36855,1.37456,91933.0
2010-11-03,1.37456,1.37687,1.37005,1.37317,100486.0
2010-11-04,1.37308,1.38033,1.35846,1.36315,94826.0
2010-11-05,1.36315,1.36339,1.34383,1.3492,86813.8
2010-11-06,1.3492,1.3492,1.3492,1.3492,0.0
2010-11-07,1.3492,1.35227,1.34765,1.3518,17088.5
2010-11-08,1.35193,1.35287,1.34057,1.34125,86256.0
2010-11-09,1.34117,1.34381,1.3317,1.3336,88677.0
2010-11-10,1.3336,1.34272,1.32757,1.33698,86313.0
2010-11-11,1.33698,1.33983,1.32569,1.32978,85163.0
2010-11-12,1.32977,1.34382,1.32291,1.34301,82653.0
2010-11-13,1.34301,1.34301,1.34301,1.34301,0.0
2010-11-14,1.34301,1.34301,1.33535,1.34038,6568.4
2010-11-15,1.34039,1.34704,1.33625,1.33716,51980.0
2010-11-16,1.33714,1.34445,1.33686,1.34445,56622.0
2010-11-17,1.34457,1.34674,1.33854,1.34263,48231.0
2010-11-18,1.34258,1.35971,1.34197,1.35937,52251.0
2010-11-19,1.35944,1.36733,1.35358,1.35645,41721.0
2010-11-20,1.35645,1.35645,1.35645,1.35645,0.0
2010-11-21,1.35645,1.36394,1.35623,1.36363,7774.3
2010-11-22,1.36362,1.3656,1.3429,1.34346,41157.0
2010-11-23,1.34345,1.34632,1.32923,1.33408,56421.0
2010-11-24,1.33407,1.33472,1.3241,1.32837,51787.0
2010-11-25,1.32836,1.3389,1.32587,1.33427,39924.0
2010-11-26,1.33424,1.3352,1.32352,1.32697,44493.0
2010-11-27,1.32697,1.32697,1.32697,1.32697,0.0
2010-11-28,1.32697,1.33496,1.32697,1.32764,7693.8
2010-11-29,1.32763,1.32925,1.31008,1.31148,96424.0
2010-11-30,1.31147,1.31319,1.29313,1.30306,155868.0
2010-12-01,1.30306,1.31894,1.30106,1.31623,142368.0
2010-12-02,1.31623,1.32051,1.30685,1.31159,125341.0
2010-12-03,1.31158,1.31693,1.30442,1.30607,111445.0
2010-12-04,1.30607,1.30607,1.30607,1.30607,0.0
2010-12-05,1.30607,1.30945,1.30383,1.30784,14507.1
2010-12-06,1.30784,1.31169,1.3001,1.30506,117229.0
2010-12-07,1.30506,1.31219,1.30413,1.30885,122461.0
2010-12-08,1.30886,1.31041,1.30297,1.3068,118700.0
2010-12-09,1.30679,1.30984,1.29768,1.30196,115474.0
2010-12-10,1.30181,1.30321,1.29585,1.29693,109003.8
2010-12-11,1.29693,1.29693,1.29693,1.29693,0.0
2010-12-12,1.29693,1.29903,1.29507,1.2958,13164.7
2010-12-13,1.2958,1.30056,1.29133,1.29647,128398.0
2010-12-14,1.29645,1.30029,1.28294,1.28372,147233.0
2010-12-15,1.28371,1.28507,1.27574,1.27907,134519.0
2010-12-16,1.27907,1.28689,1.27367,1.27692,122571.0
2010-12-17,1.27692,1.27958,1.27189,1.2774,116921.0
2010-12-18,1.2774,1.2774,1.2774,1.2774,0.0
2010-12-19,1.2774,1.27816,1.27527,1.27664,20872.1
2010-12-20,1.27668,1.27776,1.26349,1.26553,110994.0
2010-12-21,1.26565,1.27128,1.25323,1.25409,102610.0
2010-12-22,1.25408,1.25821,1.24375,1.24772,105002.0
2010-12-23,1.24771,1.26385,1.24555,1.25646,103477.0
2010-12-24,1.25642,1.26566,1.2545,1.26084,36552.52
2010-12-25,1.26084,1.26084,1.26084,1.26084,0.0
2010-12-26,1.26084,1.26295,1.2598,1.26042,12834.56
2010-12-27,1.26043,1.26979,1.25971,1.26431,73227.0
2010-12-28,1.26431,1.26653,1.24503,1.2457,102072.0
2010-12-29,1.24567,1.25419,1.24555,1.2492,88278.0
2010-12-30,1.24913,1.2505,1.24007,1.24306,90119.0
2010-12-31,1.24306,1.25692,1.2422,1.24935,79705.14
2011-01-01,1.24935,1.24935,1.24935,1.24935,0.0
2011-01-02,1.24935,1.24935,1.24451,1.24484,13039.87
2011-01-03,1.24484,1.24946,1.24143,1.24758,85296.0
2011-01-04,1.24771,1.26827,1.24545,1.26157,126956.0
2011-01-05,1.26155,1.27253,1.25688,1.27073,123642.0
2011-01-06,1.27073,1.27226,1.25223,1.25369,109884.0
2011-01-07,1.25367,1.25634,1.24481,1.24822,111942.0
2011-01-08,1.24822,1.24822,1.24822,1.24822,0.0
2011-01-09,1.24822,1.2489,1.24408,1.24659,12216.05
2011-01-10,1.2465,1.25625,1.24333,1.25237,102503.0
2011-01-11,1.25235,1.26685,1.25158,1.26398,104108.0
2011-01-12,1.26396,1.27355,1.25793,1.26952,119772.0
2011-01-13,1.26951,1.28847,1.26849,1.28696,117528.0
2011-01-14,1.28694,1.29515,1.28476,1.28937,104842.0
2011-01-15,1.28937,1.28937,1.28937,1.28937,0.0
2011-01-16,1.28937,1.29201,1.28664,1.2894,11315.18
2011-01-17,1.2894,1.28943,1.28049,1.28124,93875.0
2011-01-18,1.2812,1.29232,1.27722,1.28952,127020.0
2011-01-19,1.28952,1.29976,1.2844,1.28592,123426.0
2011-01-20,1.28592,1.30368,1.28143,1.30215,132630.0
2011-01-21,1.30205,1.30675,1.29757,1.30457,125544.0
2011-01-22,1.30457,1.30457,1.30457,1.30457,0.0
2011-01-23,1.30457,1.30578,1.30268,1.30512,13516.08
2011-01-24,1.30519,1.30684,1.2929,1.29511,118686.0
2011-01-25,1.2951,1.29853,1.28256,1.28949,126857.0
2011-01-26,1.2894,1.29673,1.28722,1.29225,112112.0
2011-01-27,1.29225,1.30014,1.28904,1.29823,127046.0
2011-01-28,1.29823,1.2989,1.28041,1.28175,117487.67
2011-01-29,1.28175,1.28175,1.28175,1.28175,0.0
2011-01-30,1.28175,1.28189,1.27783,1.27828,17765.67
2011-01-31,1.27828,1.29385,1.27795,1.29373,136647.0
2011-02-01,1.29375,1.29949,1.29066,1.29345,146424.0
2011-02-02,1.29345,1.30125,1.28719,1.29824,139662.0
2011-02-03,1.29825,1.30366,1.28664,1.28922,147741.0
2011-02-04,1.28923,1.30057,1.28791,1.2963,142940.56
2011-02-05,1.2963,1.2963,1.2963,1.2963,0.0
2011-02-06,1.2963,1.29887,1.29455,1.29573,15365.17
2011-02-07,1.2957,1.30439,1.29302,1.29782,155318.0
2011-02-08,1.29781,1.31436,1.29734,1.31248,156709.0
2011-02-09,1.31248,1.31879,1.31236,1.31482,135947.0
2011-02-10,1.31478,1.3194,1.30852,1.31783,141522.0
2011-02-11,1.31772,1.3204,1.31257,1.3181,138124.22
2011-02-12,1.3181,1.3181,1.3181,1.3181,0.0
2011-02-13,1.3181,1.31855,1.31476,1.31568,13152.92
2011-02-14,1.31568,1.3202,1.30528,1.30854,139875.0
2011-02-15,1.30855,1.3137,1.30317,1.30407,161600.0
2011-02-16,1.30407,1.3131,1.29727,1.30187,192989.0
2011-02-17,1.30187,1.30288,1.28988,1.29347,167148.0
2011-02-18,1.29339,1.29915,1.2894,1.29253,161268.94
2011-02-19,1.29253,1.29253,1.29253,1.29253,0.0
2011-02-20,1.29253,1.29511,1.29151,1.29447,11721.28
2011-02-21,1.29445,1.29764,1.29227,1.2942,101882.0
2011-02-22,1.2942,1.29427,1.27913,1.2821,178201.0
2011-02-23,1.28209,1.28809,1.28071,1.28233,154224.0
2011-02-24,1.28232,1.28288,1.27053,1.2782,191030.0
2011-02-25,1.2782,1.28419,1.27527,1.27665,153836.66
2011-02-26,1.27665,1.27665,1.27665,1.27665,0.0
2011-02-27,1.27665,1.27926,1.27493,1.27497,19122.89
2011-02-28,1.27493,1.28603,1.27258,1.28389,150560.0
2011-03-01,1.28389,1.28935,1.27805,1.2782,170535.0
2011-03-02,1.27815,1.28234,1.27557,1.28061,158777.0
2011-03-03,1.28061,1.30215,1.27875,1.30101,163212.0
2011-03-04,1.30099,1.30246,1.29152,1.29213,142012.09
2011-03-05,1.29213,1.29213,1.29213,1.29213,0.0
2011-03-06,1.29213,1.29581,1.29213,1.29578,17276.58
2011-03-07,1.29579,1.29876,1.29137,1.2935,161014.0
2011-03-08,1.2935,1.30399,1.29318,1.29958,149147.0
2011-03-09,1.29952,1.30139,1.28941,1.29278,145425.0
2011-03-10,1.29279,1.29424,1.2831,1.28598,175089.0
2011-03-11,1.28596,1.29293,1.28266,1.2925,178404.9
2011-03-12,1.2925,1.2925,1.2925,1.2925,0.0
2011-03-13,1.2925,1.29619,1.29035,1.29374,26491.68
2011-03-14,1.29371,1.29698,1.29113,1.29389,163300.0
2011-03-15,1.29389,1.29438,1.27354,1.28419,215100.0
2011-03-16,1.28419,1.28536,1.24125,1.25487,210220.0
2011-03-17,1.25489,1.26754,1.24995,1.26187,213911.0
2011-03-18,1.26187,1.28031,1.26002,1.27614,179412.25
2011-03-19,1.27614,1.27614,1.27614,1.27614,0.0
2011-03-20,1.27614,1.28037,1.2756,1.28024,15578.64
2011-03-21,1.28025,1.28807,1.27978,1.2867,148343.0
2011-03-22,1.28675,1.28867,1.2806,1.28109,149779.0
2011-03-23,1.28109,1.28346,1.27363,1.2807,191911.0
2011-03-24,1.28074,1.28818,1.27873,1.28706,174840.0
2011-03-25,1.28708,1.29608,1.28616,1.29554,177971.56
2011-03-26,1.29554,1.29554,1.29554,1.29554,0.0
2011-03-27,1.29554,1.29554,1.29186,1.29481,18248.76
2011-03-28,1.29481,1.29806,1.28911,1.28983,165105.0
2011-03-29,1.28981,1.29928,1.28872,1.29887,164779.0
2011-03-30,1.2989,1.30384,1.29597,1.29861,175237.0
2011-03-31,1.29858,1.30236,1.29322,1.30226,165832.0
2011-04-01,1.30226,1.31691,1.30156,1.31465,165077.12
2011-04-02,1.31465,1.31465,1.31465,1.31465,0.0
2011-04-03,1.31465,1.31774,1.31184,1.31742,7866.24
2011-04-04,1.31741,1.31845,1.30847,1.31299,137787.0
2011-04-05,1.31297,1.31678,1.30538,1.31671,133970.0
2011-04-06,1.31664,1.32423,1.30675,1.31514,152848.0
2011-04-07,1.31515,1.31623,1.30691,1.30952,144405.0
2011-04-08,1.30946,1.31873,1.30946,1.31247,141805.69
2011-04-09,1.31247,1.31247,1.31247,1.31247,0.0
2011-04-10,1.31247,1.31657,1.31024,1.31626,13781.38
2011-04-11,1.31624,1.31627,1.30665,1.30704,118645.0
2011-04-12,1.30706,1.30829,1.29598,1.29917,168893.0
2011-04-13,1.29917,1.3043,1.29158,1.29393,141729.0
2011-04-14,1.29387,1.29567,1.28437,1.29404,146366.0
2011-04-15,1.29404,1.29487,1.28653,1.28726,119901.6
2011-04-16,1.28726,1.28726,1.28726,1.28726,0.0
2011-04-17,1.28726,1.28885,1.28527,1.28537,22988.16
2011-04-18,1.28538,1.28867,1.27286,1.27508,141617.0
2011-04-19,1.27505,1.29183,1.27288,1.29163,181751.0
2011-04-20,1.29153,1.29726,1.2887,1.29,189110.0
2011-04-21,1.28996,1.29622,1.27998,1.28983,145010.0
2011-04-22,1.28977,1.2926,1.28677,1.28997,38357.42
2011-04-23,1.28997,1.28997,1.28997,1.28997,0.0
2011-04-24,1.28997,1.29042,1.28779,1.28924,12670.19
2011-04-25,1.28924,1.29118,1.28201,1.28251,106116.0
2011-04-26,1.28253,1.28803,1.27491,1.27965,172499.0
2011-04-27,1.27964,1.29479,1.2793,1.29428,169371.0
2011-04-28,1.29428,1.29646,1.29086,1.2955,151955.0
2011-04-29,1.29554,1.29587,1.2798,1.28083,117665.69
2011-04-30,1.28083,1.28083,1.28083,1.28083,0.0
2011-05-01,1.28083,1.28314,1.28009,1.28056,14841.67
2011-05-02,1.28054,1.28791,1.27991,1.28134,128214.0
2011-05-03,1.28134,1.28377,1.27615,1.27803,149183.0
2011-05-04,1.27801,1.28284,1.27298,1.27675,200895.0
2011-05-05,1.27677,1.27936,1.26278,1.26664,232716.0
2011-05-06,1.26664,1.27472,1.25736,1.25761,237498.75
2011-05-07,1.25761,1.25761,1.25761,1.25761,0.0
2011-05-08,1.25761,1.26224,1.25589,1.2612,17063.82
2011-05-09,1.26121,1.26273,1.24833,1.25217,229018.0
2011-05-10,1.25217,1.26871,1.24861,1.26797,232869.0
2011-05-11,1.26797,1.26999,1.25738,1.2588,223615.0
2011-05-12,1.25879,1.26151,1.255,1.25874,212645.0
2011-05-13,1.25877,1.26928,1.25757,1.25983,205377.89
2011-05-14,1.25983,1.26003,1.25983,1.25983,0.0
2011-05-15,1.25983,1.26015,1.25657,1.25698,26311.33
2011-05-16,1.25696,1.26139,1.25156,1.252,190898.0
2011-05-17,1.25202,1.25943,1.25049,1.25528,215632.0
2011-05-18,1.25529,1.25784,1.25199,1.25631,200739.0
2011-05-19,1.25628,1.2641,1.25325,1.26153,233668.0
2011-05-20,1.26153,1.26448,1.2403,1.2418,211747.96
2011-05-21,1.24215,1.24215,1.24215,1.24215,0.0
2011-05-22,1.24215,1.24245,1.23792,1.2385,22932.66
2011-05-23,1.23847,1.24537,1.2323,1.2449,228076.0
2011-05-24,1.24491,1.24676,1.23776,1.24027,212354.0
2011-05-25,1.24027,1.2407,1.22696,1.22846,213232.0
2011-05-26,1.22844,1.23589,1.22014,1.22413,222672.0
2011-05-27,1.22416,1.22546,1.21,1.21932,242039.32
2011-05-28,1.21932,1.21932,1.21932,1.21932,0.0
2011-05-29,1.21932,1.21932,1.21282,1.21617,22428.6
2011-05-30,1.21617,1.21926,1.21347,1.21685,103358.0
2011-05-31,1.21686,1.23118,1.21529,1.2284,212251.0
2011-06-01,1.22839,1.23174,1.2051,1.20808,211491.0
2011-06-02,1.20807,1.2225,1.20766,1.22085,206305.0
2011-06-03,1.22085,1.2251,1.21067,1.22022,200585.27
2011-06-04,1.22022,1.22022,1.22022,1.22022,0.0
2011-06-05,1.22022,1.22343,1.21842,1.22065,27502.31
2011-06-06,1.22065,1.22584,1.21592,1.21825,207771.0
2011-06-07,1.21826,1.23116,1.2175,1.22834,205578.0
2011-06-08,1.22831,1.22916,1.21758,1.22027,222339.0
2011-06-09,1.22023,1.2302,1.21962,1.22282,203658.0
2011-06-10,1.22287,1.22326,1.20585,1.20916,190121.82
2011-06-11,1.20916,1.20916,1.20916,1.20916,0.0
2011-06-12,1.20916,1.20916,1.20494,1.20702,12898.26
2011-06-13,1.20703,1.21384,1.20032,1.20619,200589.0
2011-06-14,1.20613,1.22542,1.20105,1.21956,199806.0
2011-06-15,1.21956,1.22447,1.20769,1.20893,215894.0
2011-06-16,1.20891,1.21239,1.19462,1.20548,230745.0
2011-06-17,1.20545,1.21441,1.19827,1.21337,211931.5
2011-06-18,1.21337,1.21337,1.21337,1.21337,0.0
2011-06-19,1.21337,1.21461,1.21008,1.2102,23382.21
2011-06-20,1.21022,1.21384,1.20165,1.21233,198878.0
2011-06-21,1.21233,1.2147,1.20671,1.21044,176337.0
2011-06-22,1.21044,1.21472,1.20262,1.2043,184013.0
2011-06-23,1.20428,1.20721,1.18442,1.19593,215186.0
2011-06-24,1.19593,1.19624,1.17997,1.18165,201742.95
2011-06-25,1.18165,1.18165,1.18165,1.18165,0.0
2011-06-26,1.18165,1.18429,1.17979,1.18175,15529.75
2011-06-27,1.18177,1.19567,1.18159,1.19351,207478.0
2011-06-28,1.19351,1.19614,1.18628,1.19519,227944.0
2011-06-29,1.19517,1.20694,1.19241,1.20621,234416.0
2011-06-30,1.20622,1.22448,1.20282,1.21886,204019.0
2011-07-01,1.21885,1.23329,1.21849,1.2311,191287.26
2011-07-02,1.2311,1.2311,1.2311,1.2311,0.0
2011-07-03,1.2311,1.23437,1.23013,1.23362,18801.0
2011-07-04,1.23362,1.23448,1.23005,1.23359,139384.0
2011-07-05,1.23359,1.23376,1.20989,1.21327,189803.0
2011-07-06,1.21327,1.21717,1.19658,1.20303,216394.0
2011-07-07,1.20303,1.21427,1.19755,1.21331,214980.0
2011-07-08,1.21329,1.21682,1.19083,1.1919,209222.74
2011-07-09,1.1919,1.1919,1.1919,1.1919,0.0
2011-07-10,1.1919,1.19593,1.18844,1.19003,24232.76
2011-07-11,1.19018,1.19212,1.16716,1.17362,230709.0
2011-07-12,1.17361,1.17398,1.15517,1.16339,322205.0
2011-07-13,1.16342,1.17213,1.14903,1.15578,270390.0
2011-07-14,1.15578,1.16484,1.15253,1.15262,268201.0
2011-07-15,1.15262,1.15977,1.14927,1.15369,209271.87
2011-07-16,1.15369,1.15369,1.15369,1.15369,0.0
2011-07-17,1.15369,1.15369,1.13679,1.14489,19343.83
2011-07-18,1.14489,1.15476,1.14043,1.15341,224612.0
2011-07-19,1.15341,1.16874,1.15125,1.16813,243465.0
2011-07-20,1.16813,1.17504,1.16057,1.17275,217759.0
2011-07-21,1.17275,1.18009,1.16099,1.17773,266398.0
2011-07-22,1.17772,1.1891,1.16918,1.17616,209503.51
2011-07-23,1.17616,1.17672,1.17616,1.17616,0.0
2011-07-24,1.17616,1.17616,1.16437,1.16901,20194.58
2011-07-25,1.16901,1.17148,1.15178,1.15771,201819.0
2011-07-26,1.15768,1.16619,1.15391,1.16289,222670.0
2011-07-27,1.16288,1.16457,1.15003,1.15058,212689.0
2011-07-28,1.15061,1.15354,1.14228,1.14849,211698.0
2011-07-29,1.14845,1.149,1.12977,1.13035,242396.68
2011-07-30,1.13035,1.13035,1.13035,1.13035,0.0
2011-07-31,1.13035,1.14212,1.12878,1.13695,26687.31
2011-08-01,1.13699,1.1451,1.1026,1.11968,240503.0
2011-08-02,1.11968,1.11984,1.07971,1.08673,235570.0
2011-08-03,1.08673,1.11482,1.07944,1.10604,232627.0
2011-08-04,1.10605,1.11394,1.07084,1.07673,273403.0
2011-08-05,1.07684,1.09814,1.07531,1.09523,233055.01
2011-08-06,1.09523,1.09604,1.09523,1.09523,0.0
2011-08-07,1.09523,1.09574,1.07504,1.08919,30589.66
2011-08-08,1.08913,1.09918,1.06148,1.06897,269863.0
2011-08-09,1.06897,1.08417,1.00653,1.03789,247169.0
2011-08-10,1.0379,1.05209,1.02535,1.02637,262473.0
2011-08-11,1.02632,1.09198,1.02613,1.08394,319325.0
2011-08-12,1.08375,1.10931,1.06843,1.10858,237466.54
2011-08-13,1.10858,1.10858,1.10858,1.10858,0.0
2011-08-14,1.10858,1.12985,1.10858,1.12869,17755.0
2011-08-15,1.12877,1.14574,1.12371,1.13184,217611.0
2011-08-16,1.13184,1.1488,1.11606,1.14393,236550.0
2011-08-17,1.14396,1.1554,1.1219,1.14069,194578.0
2011-08-18,1.14069,1.15145,1.12376,1.13588,254111.0
2011-08-19,1.13589,1.13913,1.12511,1.12959,286872.66
2011-08-20,1.12959,1.12959,1.12959,1.12959,0.0
2011-08-21,1.12959,1.13754,1.12929,1.1305,21038.17
2011-08-22,1.1305,1.13822,1.12652,1.13308,233904.0
2011-08-23,1.13308,1.14568,1.13127,1.14466,203427.0
2011-08-24,1.14466,1.14739,1.13705,1.14657,166584.0
2011-08-25,1.14646,1.15177,1.13987,1.14172,168856.0
2011-08-26,1.14173,1.17345,1.13953,1.16856,181817.77
2011-08-27,1.16856,1.16856,1.16856,1.16856,0.0
2011-08-28,1.16856,1.17216,1.16795,1.1717,17435.29
2011-08-29,1.1717,1.19716,1.16994,1.1859,130733.0
2011-08-30,1.18588,1.18961,1.17521,1.18442,156882.0
2011-08-31,1.18442,1.18499,1.15245,1.15647,155636.0
2011-09-01,1.15652,1.16063,1.13192,1.1334,168651.0
2011-09-02,1.1334,1.1353,1.10009,1.11938,160369.94
2011-09-03,1.11938,1.11938,1.11938,1.11938,0.0
2011-09-04,1.11938,1.12022,1.11391,1.1172,20162.94
2011-09-05,1.1172,1.11984,1.10153,1.10445,156374.0
2011-09-06,1.10444,1.21889,1.10175,1.20625,203965.0
2011-09-07,1.20625,1.21089,1.20344,1.20908,172285.0
2011-09-08,1.20908,1.21801,1.20723,1.21477,189195.0
2011-09-09,1.21477,1.21859,1.20551,1.20642,191659.63
2011-09-10,1.20642,1.20642,1.20642,1.20642,0.0
2011-09-11,1.20642,1.20773,1.20453,1.20603,22883.5
2011-09-12,1.20602,1.20728,1.2031,1.20419,212867.0
2011-09-13,1.20416,1.20508,1.20284,1.20412,179975.0
2011-09-14,1.20414,1.20497,1.20223,1.20453,186378.0
2011-09-15,1.20453,1.20918,1.20354,1.20716,196012.0
2011-09-16,1.20716,1.20968,1.20522,1.2082,174062.1
2011-09-17,1.2082,1.2082,1.2082,1.2082,0.0
2011-09-18,1.2082,1.20854,1.20518,1.2064,23479.07
2011-09-19,1.20643,1.2079,1.205,1.20593,197049.0
2011-09-20,1.20595,1.22121,1.20502,1.21579,166587.0
2011-09-21,1.21577,1.23233,1.21436,1.22222,213009.0
2011-09-22,1.22229,1.23433,1.21685,1.22522,228070.0
2011-09-23,1.22525,1.22825,1.21845,1.22147,203140.41
2011-09-24,1.22147,1.22147,1.22147,1.22147,0.0
2011-09-25,1.22147,1.22655,1.2208,1.22487,27867.48
2011-09-26,1.22488,1.22488,1.21519,1.21816,242656.0
2011-09-27,1.21817,1.22359,1.21612,1.21774,213865.0
2011-09-28,1.2178,1.22248,1.21738,1.21982,193729.0
2011-09-29,1.21978,1.22183,1.21825,1.21958,182214.0
2011-09-30,1.21967,1.21999,1.21291,1.21541,155802.0
2011-10-01,1.2145,1.21541,1.21448,1.21541,160.5
2011-10-02,1.21509,1.21583,1.21271,1.21504,21282.69
2011-10-03,1.21504,1.21657,1.21218,1.21433,186021.0
2011-10-04,1.21435,1.22813,1.21266,1.22299,198167.0
2011-10-05,1.22294,1.23546,1.22156,1.23221,186943.0
2011-10-06,1.23201,1.2426,1.22889,1.23464,179807.0
2011-10-07,1.23461,1.24221,1.23363,1.24033,163616.8
2011-10-08,1.24033,1.24033,1.24033,1.24033,0.0
2011-10-09,1.24033,1.24191,1.23837,1.24079,21723.22
2011-10-10,1.24082,1.24349,1.23032,1.23254,188885.01
2011-10-11,1.23254,1.2414,1.23144,1.23879,201996.55
2011-10-12,1.2388,1.24177,1.23211,1.23495,212952.82
2011-10-13,1.23496,1.23758,1.23269,1.2375,199667.17
2011-10-14,1.2375,1.24114,1.23564,1.2373,183493.03
2011-10-15,1.2373,1.2373,1.2373,1.2373,0.0
2011-10-16,1.2373,1.23919,1.23643,1.23768,23335.51
2011-10-17,1.2377,1.23955,1.23413,1.23473,181630.2
2011-10-18,1.23478,1.2378,1.23293,1.2354,169918.22
2011-10-19,1.23537,1.24725,1.23494,1.243,160951.66
2011-10-20,1.24297,1.24404,1.22801,1.23237,170878.21
2011-10-21,1.23234,1.23321,1.22069,1.22573,155513.11
2011-10-22,1.22573,1.22573,1.22573,1.22573,0.0
2011-10-23,1.22573,1.22645,1.22271,1.22405,22371.26
2011-10-24,1.22404,1.23057,1.22298,1.22437,147942.57
2011-10-25,1.22439,1.2284,1.22054,1.22117,156014.98
2011-10-26,1.22125,1.22715,1.21564,1.22324,141431.89
2011-10-27,1.2232,1.22867,1.21797,1.22077,162274.18
2011-10-28,1.22076,1.22441,1.219,1.22062,131226.28
2011-10-29,1.22062,1.22062,1.22062,1.22062,0.0
2011-10-30,1.22062,1.22068,1.21872,1.21958,7402.0
2011-10-31,1.21956,1.22285,1.21404,1.21579,174875.95
2011-11-01,1.21579,1.22108,1.21392,1.21458,174900.94
2011-11-02,1.21458,1.21825,1.21296,1.2133,144644.17
2011-11-03,1.2133,1.21705,1.2129,1.21356,159915.26
2011-11-04,1.21356,1.22453,1.21336,1.21974,141053.53
2011-11-05,1.21974,1.21974,1.21974,1.21974,0.0
2011-11-06,1.21974,1.22833,1.21974,1.22781,14730.73
2011-11-07,1.22781,1.24176,1.22651,1.23993,159046.27
2011-11-08,1.23992,1.24564,1.23191,1.23698,145705.93
2011-11-09,1.23702,1.24014,1.22802,1.23204,146264.06
2011-11-10,1.23204,1.23835,1.22937,1.23277,153795.04
2011-11-11,1.23277,1.24161,1.23195,1.23733,113979.31
2011-11-12,1.23733,1.23733,1.23733,1.23733,0.0
2011-11-13,1.23733,1.24154,1.23692,1.23952,13146.72
2011-11-14,1.23952,1.24081,1.23277,1.23779,141591.3
2011-11-15,1.23779,1.24266,1.23715,1.23945,151931.73
2011-11-16,1.23941,1.2412,1.2361,1.23854,155280.51
2011-11-17,1.23853,1.24404,1.23662,1.24041,158650.02
2011-11-18,1.24041,1.24141,1.23418,1.23982,147801.81
2011-11-19,1.23982,1.23982,1.23982,1.23982,0.0
2011-11-20,1.23982,1.241,1.23764,1.24017,15031.44
2011-11-21,1.24017,1.24152,1.23535,1.23749,131634.44
2011-11-22,1.23749,1.23863,1.23382,1.23472,116802.74
2011-11-23,1.23472,1.23518,1.22607,1.22737,129429.16
2011-11-24,1.22735,1.23164,1.22553,1.22698,78780.62
2011-11-25,1.22698,1.23802,1.22503,1.23178,106501.65
2011-11-26,1.23178,1.23178,1.23178,1.23178,0.0
2011-11-27,1.23178,1.2375,1.23178,1.23467,21125.93
2011-11-28,1.23468,1.23599,1.22793,1.22854,124120.05
2011-11-29,1.22854,1.23134,1.22582,1.22722,127664.26
2011-11-30,1.22722,1.22914,1.22242,1.22823,147884.41
2011-12-01,1.22823,1.2393,1.22528,1.23288,121376.17
2011-12-02,1.23289,1.23724,1.23229,1.23396,108559.97
2011-12-03,1.23396,1.23396,1.23396,1.23396,0.0
2011-12-04,1.23396,1.23627,1.23287,1.23448,11960.64
2011-12-05,1.23448,1.23972,1.23249,1.23361,144644.26
2011-12-06,1.23361,1.24284,1.2329,1.24055,131124.24
2011-12-07,1.24055,1.24429,1.23754,1.23842,124844.21
2011-12-08,1.23845,1.24025,1.23273,1.23535,143998.17
2011-12-09,1.23535,1.23798,1.23112,1.23514,139513.33
2011-12-10,1.23514,1.23514,1.23514,1.23514,0.0
2011-12-11,1.23514,1.23904,1.23512,1.23765,10872.14
2011-12-12,1.23765,1.23812,1.23245,1.23569,150019.82
2011-12-13,1.23569,1.23752,1.22981,1.23195,154215.63
2011-12-14,1.23195,1.2387,1.22979,1.23851,153251.21
2011-12-15,1.23852,1.23962,1.22236,1.22406,162164.9
2011-12-16,1.22406,1.2253,1.22032,1.22107,115677.76
2011-12-17,1.22107,1.22107,1.22107,1.22107,0.0
2011-12-18,1.22107,1.22193,1.22012,1.22068,12685.69
2011-12-19,1.22068,1.2213,1.21672,1.21844,129503.01
2011-12-20,1.21844,1.22078,1.21643,1.21875,130448.42
2011-12-21,1.21881,1.22412,1.21691,1.22061,148067.29
2011-12-22,1.22061,1.22416,1.21996,1.2212,124190.51
2011-12-23,1.22123,1.22411,1.2209,1.22233,107155.56
2011-12-24,1.22233,1.22233,1.22233,1.22233,0.0
2011-12-25,1.22233,1.2228,1.2211,1.22154,4282.17
2011-12-26,1.22154,1.22313,1.22111,1.2219,17620.88
2011-12-27,1.22191,1.22367,1.2201,1.2207,76209.56
2011-12-28,1.2207,1.22215,1.21818,1.21947,141352.43
2011-12-29,1.21947,1.22022,1.21661,1.21791,137496.62
2011-12-30,1.21791,1.21847,1.21344,1.21623,126526.35
2011-12-31,1.21623,1.21623,1.21623,1.21623,0.0
2012-01-01,1.21623,1.21667,1.21336,1.21419,4361.76
2012-01-02,1.21439,1.21761,1.21353,1.21554,35679.09
2012-01-03,1.21554,1.21966,1.21513,1.2164,169855.12
2012-01-04,1.2164,1.21983,1.21616,1.21845,142962.44
2012-01-05,1.21845,1.21954,1.21719,1.21815,168241.06
2012-01-06,1.21815,1.21954,1.21447,1.21488,133487.63
2012-01-07,1.21488,1.21488,1.21488,1.21488,0.0
2012-01-08,1.21488,1.21621,1.21439,1.21514,14571.78
2012-01-09,1.21512,1.21592,1.21066,1.21104,135532.19
2012-01-10,1.21104,1.2148,1.21054,1.21235,141465.67
2012-01-11,1.21235,1.21394,1.21093,1.21281,141480.12
2012-01-12,1.21282,1.21283,1.20867,1.21022,150249.86
2012-01-13,1.21022,1.21287,1.20534,1.207,172099.23
2012-01-14,1.207,1.207,1.207,1.207,0.0
2012-01-15,1.207,1.20784,1.20602,1.20674,15765.55
2012-01-16,1.20674,1.21081,1.20658,1.21032,104339.12
2012-01-17,1.21032,1.21128,1.20877,1.20956,149068.38
2012-01-18,1.20956,1.21311,1.20683,1.20772,152385.34
2012-01-19,1.20772,1.2091,1.2068,1.20857,144900.66
2012-01-20,1.20857,1.20902,1.20688,1.20813,115101.79
2012-01-21,1.20813,1.20813,1.20813,1.20813,0.0
2012-01-22,1.20813,1.20813,1.20654,1.20758,23360.04
2012-01-23,1.20758,1.20832,1.206,1.20716,113726.73
2012-01-24,1.20716,1.20924,1.20569,1.20901,119531.51
2012-01-25,1.20901,1.21082,1.20701,1.20806,143559.94
2012-01-26,1.20802,1.20926,1.20586,1.20644,121878.99
2012-01-27,1.20644,1.20853,1.20548,1.20593,109217.55
2012-01-28,1.20593,1.20593,1.20593,1.20593,0.0
2012-01-29,1.20593,1.20653,1.20535,1.20621,10420.83
2012-01-30,1.20623,1.20649,1.204,1.20543,102833.85
2012-01-31,1.20545,1.20623,1.20333,1.20353,113161.52
2012-02-01,1.20353,1.2055,1.20309,1.20437,131532.73
2012-02-02,1.20437,1.20672,1.20402,1.20526,123176.98
2012-02-03,1.20526,1.20893,1.20456,1.20795,135975.26
2012-02-04,1.20795,1.20795,1.20795,1.20795,0.0
2012-02-05,1.20795,1.20795,1.20613,1.20645,11711.55
2012-02-06,1.20645,1.20763,1.20529,1.2063,107755.15
2012-02-07,1.2063,1.2101,1.20584,1.2087,139016.71
2012-02-08,1.20868,1.21273,1.20852,1.20999,114853.49
2012-02-09,1.20996,1.21145,1.20963,1.21106,102282.26
2012-02-10,1.21106,1.21125,1.20635,1.20915,104359.57
2012-02-11,1.20915,1.20915,1.20915,1.20915,0.0
2012-02-12,1.20915,1.21,1.20818,1.20959,25977.96
2012-02-13,1.20957,1.21008,1.20797,1.20838,95466.42
2012-02-14,1.20834,1.20867,1.20673,1.20751,107961.48
2012-02-15,1.20751,1.20829,1.20624,1.20678,114832.39
2012-02-16,1.20678,1.20787,1.2062,1.20671,109312.77
2012-02-17,1.20671,1.20915,1.2066,1.20873,89851.46
2012-02-18,1.20873,1.20873,1.20873,1.20873,0.0
2012-02-19,1.20873,1.20991,1.20804,1.20973,26146.03
2012-02-20,1.20972,1.21012,1.20654,1.20664,73183.26
2012-02-21,1.20664,1.20835,1.20652,1.20774,111484.83
2012-02-22,1.20776,1.2078,1.20569,1.20647,94759.28
2012-02-23,1.20647,1.20658,1.20457,1.2051,93004.14
2012-02-24,1.2051,1.20643,1.20398,1.20448,87140.93
2012-02-25,1.20448,1.20448,1.20448,1.20448,0.0
2012-02-26,1.20448,1.20514,1.20423,1.20449,29863.25
2012-02-27,1.20449,1.20547,1.20423,1.2047,96158.42
2012-02-28,1.2047,1.20584,1.20464,1.2052,84012.13
2012-02-29,1.2052,1.20559,1.2047,1.20533,83093.56
2012-03-01,1.20534,1.20638,1.20463,1.20595,81215.19
2012-03-02,1.20594,1.20689,1.20521,1.20644,85171.99
2012-03-03,1.20644,1.20644,1.20644,1.20644,0.0
2012-03-04,1.20644,1.20664,1.20544,1.20619,15768.16
2012-03-05,1.20619,1.20633,1.20513,1.2058,66699.32
2012-03-06,1.2058,1.20617,1.20463,1.20522,82298.46
2012-03-07,1.20522,1.20575,1.20485,1.20511,60094.86
2012-03-08,1.2051,1.20611,1.20483,1.2055,78766.22
2012-03-09,1.20546,1.20598,1.2048,1.20551,72259.66
2012-03-10,1.20551,1.20551,1.20551,1.20551,0.0
2012-03-11,1.20551,1.20616,1.20438,1.20593,8589.43
2012-03-12,1.20593,1.20619,1.20532,1.20543,69129.11
2012-03-13,1.20541,1.2084,1.20516,1.20798,79276.97
2012-03-14,1.20797,1.21465,1.20722,1.21295,118902.47
2012-03-15,1.21295,1.21389,1.20656,1.2076,114858.94
2012-03-16,1.2076,1.20809,1.20537,1.20611,74471.88
2012-03-17,1.20611,1.20611,1.20611,1.20611,0.0
2012-03-18,1.20611,1.20678,1.20543,1.20655,10712.64
2012-03-19,1.20655,1.20688,1.20591,1.20618,65221.67
2012-03-20,1.20618,1.20682,1.2056,1.2061,79801.31
2012-03-21,1.20611,1.20639,1.20548,1.20573,63786.76
2012-03-22,1.20573,1.20579,1.20519,1.2056,52108.78
2012-03-23,1.2056,1.20568,1.20408,1.2046,54053.98
2012-03-24,1.2046,1.2046,1.2046,1.2046,0.0
2012-03-25,1.2046,1.20521,1.20416,1.20504,6082.94
2012-03-26,1.20505,1.2062,1.20474,1.20619,60371.41
2012-03-27,1.20619,1.20691,1.2051,1.20558,58283.27
2012-03-28,1.20558,1.20648,1.20512,1.2054,65096.93
2012-03-29,1.2054,1.20574,1.2045,1.20545,58705.67
2012-03-30,1.20545,1.20573,1.20278,1.20353,57309.99
2012-03-31,1.20353,1.20353,1.20353,1.20353,0.0
2012-04-01,1.20353,1.20449,1.20318,1.20384,6111.88
2012-04-02,1.20387,1.20471,1.20353,1.20359,63035.27
2012-04-03,1.20359,1.20487,1.2032,1.20458,68697.97
2012-04-04,1.20458,1.2046,1.2031,1.20332,73339.11
2012-04-05,1.20331,1.20397,1.19979,1.2018,77097.99
2012-04-06,1.20181,1.2024,1.20034,1.20034,33105.43
2012-04-07,1.20034,1.20034,1.20034,1.20034,0.0
2012-04-08,1.20063,1.20181,1.20004,1.20127,6911.39
2012-04-09,1.20127,1.20239,1.20062,1.20225,47635.81
2012-04-10,1.20225,1.20292,1.2012,1.20129,73256.66
2012-04-11,1.20127,1.20347,1.20085,1.20326,57496.47
2012-04-12,1.20326,1.20326,1.20121,1.20173,66340.1
2012-04-13,1.20172,1.20298,1.20131,1.20204,67262.28
2012-04-14,1.20204,1.20204,1.20204,1.20204,0.0
2012-04-15,1.20204,1.20293,1.20126,1.2023,9331.71
2012-04-16,1.2023,1.20306,1.2016,1.20189,76304.53
2012-04-17,1.20189,1.2021,1.2014,1.2014,46593.68
2012-04-18,1.2014,1.20334,1.2014,1.20194,58937.94
2012-04-19,1.20194,1.20251,1.2016,1.20208,55724.01
2012-04-20,1.20209,1.20224,1.20091,1.20123,44534.99
2012-04-21,1.20123,1.20123,1.20123,1.20123,0.0
2012-04-22,1.20123,1.20177,1.2009,1.2015,4340.76
2012-04-23,1.2015,1.20211,1.20129,1.20168,52034.42
2012-04-24,1.20167,1.20214,1.2015,1.20163,48895.34
2012-04-25,1.20165,1.20198,1.2015,1.20156,44050.21
2012-04-26,1.20156,1.20186,1.20122,1.20157,44725.95
2012-04-27,1.20158,1.20173,1.20081,1.20137,46506.96
2012-04-28,1.20137,1.20137,1.20137,1.20137,0.0
2012-04-29,1.20137,1.20137,1.20041,1.2012,4004.87
2012-04-30,1.2012,1.20177,1.20105,1.20136,36124.88
2012-05-01,1.20135,1.20182,1.201,1.20149,34724.61
2012-05-02,1.20151,1.20198,1.20133,1.2014,37922.39
2012-05-03,1.2014,1.20166,1.20125,1.20149,26421.24
2012-05-04,1.20148,1.2016,1.2004,1.20106,35150.49
2012-05-05,1.20106,1.20106,1.20106,1.20106,0.0
2012-05-06,1.20106,1.20138,1.20042,1.20107,7120.64
2012-05-07,1.20107,1.20142,1.20092,1.20133,46990.75
2012-05-08,1.20133,1.2014,1.20093,1.20113,30731.62
2012-05-09,1.20113,1.20119,1.20082,1.20108,29902.36
2012-05-10,1.20107,1.20146,1.201,1.20113,44089.99
2012-05-11,1.20113,1.20135,1.2004,1.20105,31914.7
2012-05-12,1.20105,1.20105,1.20105,1.20105,0.0
2012-05-13,1.20105,1.20134,1.2005,1.20123,4053.0
2012-05-14,1.20123,1.20135,1.20081,1.20114,33690.22
2012-05-15,1.2012,1.20133,1.20084,1.20109,25726.18
2012-05-16,1.20111,1.20115,1.20078,1.20104,34186.15
2012-05-17,1.20104,1.20128,1.20095,1.20104,26382.36
2012-05-18,1.20102,1.20114,1.20082,1.201,31998.96
2012-05-19,1.201,1.201,1.201,1.201,0.0
2012-05-20,1.201,1.20122,1.20013,1.20108,4479.66
2012-05-21,1.20109,1.20137,1.201,1.20105,37358.04
2012-05-22,1.20105,1.20121,1.20084,1.20103,23328.74
2012-05-23,1.20103,1.20116,1.2009,1.20095,31143.83
2012-05-24,1.20095,1.20751,1.20095,1.20167,73099.23
2012-05-25,1.20168,1.20362,1.20038,1.20103,79303.9
2012-05-26,1.20103,1.20103,1.20103,1.20103,0.0
2012-05-27,1.20103,1.20314,1.20033,1.20186,7012.71
2012-05-28,1.20181,1.20314,1.20132,1.20187,58465.16
2012-05-29,1.20187,1.20236,1.20085,1.20109,64405.42
2012-05-30,1.20109,1.20132,1.20074,1.20111,48838.63
2012-05-31,1.20107,1.20199,1.2009,1.20102,36663.9
2012-06-01,1.20102,1.2013,1.20061,1.20111,35351.44
2012-06-02,1.20111,1.20111,1.20111,1.20111,0.0
2012-06-03,1.20111,1.20129,1.2003,1.20106,5507.21
2012-06-04,1.20106,1.20115,1.2006,1.20105,45524.33
2012-06-05,1.20104,1.20134,1.20081,1.20101,37684.27
2012-06-06,1.20098,1.20119,1.20055,1.20098,33958.5
2012-06-07,1.20098,1.20162,1.20085,1.20097,50400.0
2012-06-08,1.20097,1.20127,1.20027,1.20099,45846.23
2012-06-09,1.20099,1.20099,1.20099,1.20099,0.0
2012-06-10,1.20099,1.20246,1.20077,1.20107,13897.51
2012-06-11,1.20107,1.2017,1.2009,1.201,45859.04
2012-06-12,1.20102,1.20117,1.2007,1.20109,33825.74
2012-06-13,1.20109,1.20123,1.20076,1.20107,33667.09
2012-06-14,1.20108,1.20205,1.2008,1.20093,46348.18
2012-06-15,1.20093,1.20122,1.20066,1.20072,29301.94
2012-06-16,1.20072,1.20072,1.20072,1.20072,0.0
2012-06-17,1.20072,1.2016,1.2004,1.20117,5785.03
2012-06-18,1.20117,1.2015,1.20087,1.20098,36060.32
2012-06-19,1.20098,1.20103,1.20076,1.20097,23279.09
2012-06-20,1.20095,1.20118,1.20077,1.20115,28356.34
2012-06-21,1.20115,1.20125,1.20085,1.20111,39240.51
2012-06-22,1.20108,1.20113,1.20024,1.20058,29106.0
2012-06-23,1.20058,1.20058,1.20058,1.20058,0.0
2012-06-24,1.20058,1.20109,1.20031,1.20099,7631.35
2012-06-25,1.20098,1.20111,1.20067,1.20095,21987.91
2012-06-26,1.20093,1.20109,1.20071,1.20093,22101.05
2012-06-27,1.20094,1.2012,1.20085,1.20094,25950.79
2012-06-28,1.20097,1.20146,1.20085,1.20094,34135.43
2012-06-29,1.20093,1.20379,1.20066,1.201,75935.06
2012-06-30,1.201,1.201,1.201,1.201,0.0
2012-07-01,1.20094,1.20191,1.20075,1.20172,8518.09
2012-07-02,1.20172,1.20174,1.20095,1.20107,43465.84
2012-07-03,1.20108,1.20151,1.20085,1.20103,29785.5
2012-07-04,1.20103,1.2013,1.20094,1.20115,22379.34
2012-07-05,1.20115,1.20168,1.20095,1.20116,35549.86
2012-07-06,1.20117,1.20133,1.20036,1.20083,24772.86
2012-07-07,1.20083,1.20083,1.20083,1.20083,0.0
2012-07-08,1.20083,1.20124,1.20033,1.20109,5898.35
2012-07-09,1.20107,1.20124,1.20073,1.20095,30421.81
2012-07-10,1.20096,1.20103,1.20075,1.20091,44093.31
2012-07-11,1.20091,1.20109,1.20068,1.20088,31137.75
2012-07-12,1.20088,1.20094,1.20071,1.2008,26669.72
2012-07-13,1.2008,1.20102,1.20026,1.20084,27517.89
2012-07-14,1.20084,1.20084,1.20084,1.20084,0.0
2012-07-15,1.20084,1.20102,1.2004,1.20094,18587.65
2012-07-16,1.20093,1.20115,1.20085,1.2009,27366.33
2012-07-17,1.20093,1.20146,1.20086,1.20112,28318.27
2012-07-18,1.20111,1.20143,1.20085,1.20095,24731.27
2012-07-19,1.20095,1.20123,1.20088,1.20102,22655.12
2012-07-20,1.20102,1.20122,1.20015,1.20091,20896.19
2012-07-21,1.20091,1.20091,1.20091,1.20091,0.0
2012-07-22,1.20091,1.20103,1.20042,1.20095,9151.08
2012-07-23,1.20096,1.20103,1.20085,1.20097,26131.53
2012-07-24,1.20096,1.20105,1.20085,1.20097,21202.87
2012-07-25,1.20097,1.20115,1.20085,1.20095,22478.09
2012-07-26,1.20095,1.20117,1.20034,1.20093,27925.27
2012-07-27,1.20093,1.20116,1.20058,1.20095,31076.73
2012-07-28,1.20095,1.20095,1.20095,1.20095,0.0
2012-07-29,1.20095,1.20107,1.20052,1.20097,1698.08
2012-07-30,1.20096,1.20118,1.20091,1.20106,29071.7
2012-07-31,1.20105,1.20201,1.20096,1.20103,28142.77
2012-08-01,1.20103,1.20179,1.201,1.20125,29249.12
2012-08-02,1.20125,1.20289,1.20103,1.20126,40931.33
2012-08-03,1.20127,1.20194,1.20098,1.20109,32061.28
2012-08-04,1.20109,1.20109,1.20109,1.20109,0.0
2012-08-05,1.20109,1.20191,1.20062,1.2014,7398.91
2012-08-06,1.20141,1.20765,1.20096,1.20114,32988.82
2012-08-07,1.20114,1.20191,1.20105,1.20131,29358.8
2012-08-08,1.20131,1.2015,1.201,1.20123,23352.57
2012-08-09,1.20125,1.20139,1.20085,1.20103,17379.89
2012-08-10,1.20104,1.20113,1.1999,1.20066,15726.52
2012-08-11,1.20066,1.20066,1.20066,1.20066,0.0
2012-08-12,1.20066,1.20099,1.20024,1.20095,2774.67
2012-08-13,1.20096,1.20106,1.2009,1.201,16712.38
2012-08-14,1.20101,1.20123,1.2009,1.20112,19093.27
2012-08-15,1.20113,1.20124,1.2009,1.20098,17640.2
2012-08-16,1.20099,1.20109,1.2009,1.20104,19226.01
2012-08-17,1.20102,1.20117,1.20049,1.20094,15970.55
2012-08-18,1.20094,1.20094,1.20094,1.20094,0.0
2012-08-19,1.20094,1.20116,1.20042,1.20113,1336.92
2012-08-20,1.20112,1.2012,1.20091,1.20103,15356.86
2012-08-21,1.20104,1.20121,1.2009,1.20096,30009.66
2012-08-22,1.20096,1.20111,1.20085,1.201,20834.64
2012-08-23,1.20101,1.20113,1.20075,1.20093,17686.04
2012-08-24,1.20089,1.20102,1.20043,1.20075,15582.43
2012-08-25,1.20075,1.20075,1.20075,1.20075,0.0
2012-08-26,1.20075,1.20099,1.20024,1.20096,3675.73
2012-08-27,1.20096,1.20108,1.20089,1.20102,14332.6
2012-08-28,1.20105,1.20112,1.20083,1.20095,15503.83
2012-08-29,1.20096,1.20106,1.20083,1.20096,12362.03
2012-08-30,1.20095,1.20105,1.20083,1.20093,11004.81
2012-08-31,1.20093,1.20097,1.19996,1.20081,11899.22
2012-09-01,1.20081,1.20081,1.20081,1.20081,0.0
2012-09-02,1.20081,1.2009,1.20009,1.20083,2282.76
2012-09-03,1.20083,1.20093,1.20072,1.20086,20758.98
2012-09-04,1.20086,1.20121,1.20081,1.20114,20675.29
2012-09-05,1.20114,1.20458,1.20103,1.20391,38798.43
2012-09-06,1.20389,1.20677,1.20362,1.2047,61005.67
2012-09-07,1.2047,1.21552,1.20465,1.20978,86402.91
2012-09-08,1.20978,1.20978,1.20978,1.20978,0.0
2012-09-09,1.20978,1.21057,1.20814,1.20963,4367.39
2012-09-10,1.20963,1.21182,1.20676,1.20775,75999.47
2012-09-11,1.20775,1.20905,1.20587,1.20684,75456.94
2012-09-12,1.20684,1.2103,1.20346,1.209,75836.67
2012-09-13,1.20898,1.21627,1.20797,1.21468,85602.24
2012-09-14,1.21468,1.21775,1.21425,1.21644,79110.7
2012-09-15,1.21644,1.21644,1.21644,1.21644,0.0
2012-09-16,1.21644,1.21657,1.21408,1.21482,7581.23
2012-09-17,1.21478,1.2184,1.2142,1.2154,75184.14
2012-09-18,1.21534,1.21578,1.20945,1.2109,72305.29
2012-09-19,1.21091,1.21258,1.2083,1.20952,77082.33
2012-09-20,1.20954,1.21047,1.208,1.2095,75455.36
2012-09-21,1.2095,1.21209,1.2095,1.21091,64901.82
2012-09-22,1.21091,1.21091,1.21091,1.21091,0.0
2012-09-23,1.21091,1.21138,1.21,1.21,6888.12
2012-09-24,1.20999,1.21138,1.2086,1.2095,55250.85
2012-09-25,1.20948,1.2114,1.2085,1.2093,71381.15
2012-09-26,1.2093,1.20983,1.20778,1.2094,54878.21
2012-09-27,1.20943,1.21105,1.20796,1.21018,72014.3
2012-09-28,1.21016,1.21059,1.20775,1.20804,80791.39
2012-09-29,1.20804,1.20804,1.20804,1.20804,0.0
2012-09-30,1.20804,1.20886,1.20795,1.20817,12957.93
2012-10-01,1.20819,1.21018,1.20808,1.20929,74523.09
2012-10-02,1.20928,1.21037,1.20894,1.20971,55810.05
2012-10-03,1.20974,1.21179,1.2093,1.21128,55847.99
2012-10-04,1.21129,1.21358,1.21069,1.21137,77161.48
2012-10-05,1.21137,1.21289,1.2108,1.21105,74619.06
2012-10-06,1.21105,1.21105,1.21105,1.21105,0.0
2012-10-07,1.21105,1.21202,1.21044,1.21169,7879.33
2012-10-08,1.21169,1.21258,1.20961,1.21028,57761.44
2012-10-09,1.21028,1.21425,1.20997,1.21113,70352.77
2012-10-10,1.21113,1.21154,1.20578,1.20868,76297.01
2012-10-11,1.20868,1.21009,1.20746,1.20902,74199.22
2012-10-12,1.20903,1.20999,1.20796,1.20874,60047.82
2012-10-13,1.20874,1.20874,1.20874,1.20874,0.0
2012-10-14,1.20874,1.20934,1.20829,1.20912,6743.69
2012-10-15,1.20912,1.20945,1.20786,1.20855,78620.91
2012-10-16,1.2085,1.21005,1.20835,1.20963,73007.35
2012-10-17,1.20966,1.21129,1.2089,1.20949,79035.66
2012-10-18,1.20949,1.21033,1.20805,1.20826,63024.83
2012-10-19,1.20826,1.20932,1.20805,1.20845,54376.78
2012-10-20,1.20845,1.20845,1.20845,1.20845,0.0
2012-10-21,1.20845,1.20922,1.20823,1.20849,7914.38
2012-10-22,1.20853,1.21075,1.20849,1.21067,62531.56
2012-10-23,1.21065,1.21106,1.20939,1.21034,69281.49
2012-10-24,1.21035,1.21098,1.20921,1.20943,65511.36
2012-10-25,1.20943,1.21028,1.20904,1.20978,70960.38
2012-10-26,1.20979,1.21015,1.20867,1.20895,71504.0
2012-10-27,1.20895,1.20895,1.20895,1.20895,0.0
2012-10-28,1.20895,1.20958,1.2087,1.20932,8541.91
2012-10-29,1.20929,1.20939,1.20822,1.20835,45929.56
2012-10-30,1.20835,1.20935,1.20744,1.20824,65300.15
2012-10-31,1.20825,1.20863,1.2064,1.20741,73848.55
2012-11-01,1.20742,1.20795,1.20538,1.20596,65732.19
2012-11-02,1.20596,1.209,1.20579,1.20684,78735.31
2012-11-03,1.20684,1.20684,1.20684,1.20684,0.0
2012-11-04,1.20684,1.20722,1.20605,1.20715,13225.76
2012-11-05,1.20716,1.20749,1.20598,1.20725,70316.62
2012-11-06,1.20725,1.20864,1.20677,1.20805,67160.18
2012-11-07,1.20805,1.20893,1.20596,1.20628,86405.86
2012-11-08,1.20628,1.20645,1.20537,1.20577,63572.33
2012-11-09,1.20577,1.20686,1.20525,1.20545,73635.18
2012-11-10,1.20545,1.20545,1.20545,1.20545,0.0
2012-11-11,1.20545,1.206,1.20514,1.20586,14683.43
2012-11-12,1.20586,1.20628,1.20493,1.20506,48301.07
2012-11-13,1.20504,1.20522,1.20342,1.2037,52049.6
2012-11-14,1.20372,1.2044,1.20336,1.20354,56493.79
2012-11-15,1.2035,1.20439,1.20342,1.20434,47868.91
2012-11-16,1.20434,1.2048,1.20379,1.20458,48595.78
2012-11-17,1.20458,1.20458,1.20458,1.20458,0.0
2012-11-18,1.20458,1.20496,1.20361,1.20482,7192.44
2012-11-19,1.20482,1.20554,1.20351,1.20362,59406.46
2012-11-20,1.20362,1.2053,1.20349,1.20463,53994.13
2012-11-21,1.20463,1.2051,1.20375,1.20456,59141.62
2012-11-22,1.20456,1.20482,1.20423,1.20427,35152.79
2012-11-23,1.20426,1.20536,1.2036,1.20401,48174.26
2012-11-24,1.20401,1.20401,1.20401,1.20401,0.0
2012-11-25,1.20401,1.20409,1.20336,1.20377,9412.31
2012-11-26,1.20377,1.20462,1.20322,1.20356,53972.82
2012-11-27,1.20356,1.20524,1.20353,1.20395,52119.48
2012-11-28,1.20395,1.20403,1.20294,1.20356,49398.46
2012-11-29,1.20354,1.20427,1.2033,1.2037,45548.14
2012-11-30,1.20371,1.20585,1.20368,1.20517,51092.11
2012-12-01,1.20517,1.20517,1.20517,1.20517,0.0
2012-12-02,1.2047,1.20539,1.20417,1.20519,7999.87
2012-12-03,1.20518,1.20961,1.20498,1.20803,68215.61
2012-12-04,1.20803,1.21448,1.20794,1.21352,77142.48
2012-12-05,1.21352,1.21678,1.21005,1.21127,76184.73
2012-12-06,1.21127,1.21281,1.20834,1.2089,78602.17
2012-12-07,1.2089,1.21004,1.20726,1.20726,63970.07
2012-12-08,1.20726,1.20726,1.20726,1.20726,0.0
2012-12-09,1.20726,1.20791,1.2069,1.20775,10374.77
2012-12-10,1.20779,1.20813,1.2062,1.2078,49810.05
2012-12-11,1.2078,1.2129,1.20749,1.21207,69385.66
2012-12-12,1.21208,1.21281,1.21,1.21073,65975.47
2012-12-13,1.21073,1.2127,1.20755,1.20796,75127.95
2012-12-14,1.20794,1.20917,1.20681,1.20753,66460.73
2012-12-15,1.20753,1.20753,1.20753,1.20753,0.0
2012-12-16,1.20753,1.2091,1.20673,1.20885,12444.45
2012-12-17,1.20885,1.20953,1.20748,1.20808,59316.91
2012-12-18,1.20808,1.20882,1.20647,1.20783,56495.48
2012-12-19,1.20784,1.21009,1.20718,1.20723,73006.76
2012-12-20,1.20723,1.20841,1.20707,1.20732,65621.29
2012-12-21,1.20732,1.20818,1.20647,1.20746,100789.8
2012-12-22,1.20746,1.20746,1.20746,1.20746,0.0
2012-12-23,1.20746,1.20795,1.20675,1.20754,7523.16
2012-12-24,1.20754,1.20846,1.207,1.20748,37746.84
2012-12-25,1.20747,1.20822,1.20456,1.20744,14187.76
2012-12-26,1.20744,1.20806,1.20725,1.20782,47655.18
2012-12-27,1.20782,1.20941,1.20754,1.20894,69443.17
2012-12-28,1.20894,1.20912,1.20694,1.20725,52955.08
2012-12-29,1.20725,1.20725,1.20725,1.20725,0.0
2012-12-30,1.20725,1.20756,1.20589,1.20716,7355.49
2012-12-31,1.20715,1.20779,1.20633,1.20763,55235.37
2013-01-01,1.21142,1.21149,1.207,1.20796,5873.89
2013-01-02,1.20798,1.21068,1.20694,1.21013,124558.23
2013-01-03,1.21015,1.21052,1.20828,1.20888,103441.41
2013-01-04,1.20887,1.20942,1.2082,1.2083,74248.42
2013-01-05,1.2083,1.2083,1.2083,1.2083,0.0
2013-01-06,1.2083,1.20962,1.2083,1.20853,2928.04
2013-01-07,1.20853,1.20899,1.20823,1.2085,80410.51
2013-01-08,1.2085,1.20929,1.20845,1.20873,72034.77
2013-01-09,1.20873,1.2092,1.20854,1.20873,64542.24
2013-01-10,1.20873,1.21336,1.20845,1.21317,74428.41
2013-01-11,1.21315,1.21999,1.21277,1.21854,84866.42
2013-01-12,1.21854,1.21854,1.21854,1.21854,0.0
2013-01-13,1.21854,1.22172,1.21854,1.22084,7939.86
2013-01-14,1.22083,1.23426,1.22038,1.23423,93482.59
2013-01-15,1.23423,1.24126,1.2306,1.23969,132913.76
2013-01-16,1.23969,1.24001,1.23326,1.23725,114979.0
2013-01-17,1.23725,1.24895,1.23683,1.24804,121973.14
2013-01-18,1.24801,1.25681,1.23852,1.24407,137387.59
2013-01-19,1.24407,1.24407,1.24407,1.24407,0.0
2013-01-20,1.24407,1.24472,1.24364,1.24402,3303.71
2013-01-21,1.24404,1.24525,1.23916,1.24381,72279.47
2013-01-22,1.24379,1.2462,1.23392,1.23734,109083.23
2013-01-23,1.23738,1.24052,1.23241,1.2374,109401.3
2013-01-24,1.23738,1.24444,1.236,1.24251,114713.07
2013-01-25,1.24251,1.24936,1.23804,1.24672,127218.01
2013-01-26,1.24672,1.24672,1.24672,1.24672,0.0
2013-01-27,1.24672,1.25047,1.24672,1.24804,6368.76
2013-01-28,1.24805,1.25143,1.24517,1.2456,87066.15
2013-01-29,1.24557,1.24682,1.23996,1.24385,104348.02
2013-01-30,1.24385,1.24621,1.23424,1.23615,126326.88
2013-01-31,1.23615,1.23828,1.23293,1.23746,102635.86
2013-02-01,1.23746,1.24139,1.23059,1.23869,121211.26
2013-02-02,1.23869,1.23869,1.23869,1.23869,0.0
2013-02-03,1.23869,1.24027,1.23869,1.23932,5931.89
2013-02-04,1.23934,1.23961,1.22591,1.22789,126997.58
2013-02-05,1.22786,1.23441,1.2256,1.23326,127975.54
2013-02-06,1.23326,1.23685,1.22845,1.23067,136087.11
2013-02-07,1.23065,1.2332,1.22755,1.2294,154991.85
2013-02-08,1.22943,1.23115,1.22526,1.22529,118522.77
2013-02-09,1.22529,1.22529,1.22529,1.22529,0.0
2013-02-10,1.22529,1.22695,1.22529,1.22618,2600.41
2013-02-11,1.22618,1.23443,1.22596,1.23393,112176.61
2013-02-12,1.23393,1.2355,1.2285,1.23312,128145.87
2013-02-13,1.23315,1.23866,1.23249,1.23347,103050.36
2013-02-14,1.23347,1.23476,1.22797,1.2312,110520.53
2013-02-15,1.2312,1.23345,1.22849,1.23139,107433.12
2013-02-16,1.23139,1.23139,1.23139,1.23139,0.0
2013-02-17,1.23139,1.23182,1.23135,1.23136,2476.93
2013-02-18,1.23138,1.23451,1.23105,1.23235,90048.67
2013-02-19,1.23238,1.23585,1.23172,1.23523,91102.19
2013-02-20,1.23523,1.23592,1.23084,1.2318,104815.7
2013-02-21,1.23182,1.23269,1.22695,1.22781,125844.05
2013-02-22,1.22783,1.23064,1.22569,1.22616,101641.4
2013-02-23,1.22616,1.22616,1.22616,1.22616,0.0
2013-02-24,1.22616,1.22835,1.22616,1.22748,8355.66
2013-02-25,1.22751,1.23246,1.21538,1.21737,156161.95
2013-02-26,1.21737,1.21964,1.21185,1.21735,157441.19
2013-02-27,1.21737,1.22282,1.21583,1.22172,142997.24
2013-02-28,1.22173,1.22418,1.2188,1.22376,126008.88
2013-03-01,1.22378,1.22909,1.22287,1.2275,138403.98
2013-03-02,1.2275,1.2275,1.2275,1.2275,0.0
2013-03-03,1.2275,1.2275,1.22572,1.22635,8391.01
2013-03-04,1.22635,1.22752,1.2238,1.22563,112708.97
2013-03-05,1.22563,1.2287,1.22521,1.22805,98821.29
2013-03-06,1.22805,1.23203,1.22804,1.23103,101109.25
2013-03-07,1.23103,1.23609,1.2308,1.23529,125073.94
2013-03-08,1.23529,1.23898,1.2351,1.23605,120262.88
2013-03-09,1.23605,1.23605,1.23605,1.23605,0.0
2013-03-10,1.23605,1.23734,1.23605,1.23688,8076.17
2013-03-11,1.23686,1.23807,1.23452,1.23591,98151.55
2013-03-12,1.23591,1.23668,1.23214,1.23416,126221.83
2013-03-13,1.23416,1.23491,1.23033,1.23446,124811.4
2013-03-14,1.23449,1.23693,1.23089,1.2322,143487.88
2013-03-15,1.2322,1.23347,1.2256,1.22718,132853.97
2013-03-16,1.22718,1.22718,1.22718,1.22718,0.0
2013-03-17,1.22718,1.22718,1.21704,1.21843,25074.47
2013-03-18,1.21843,1.22888,1.21683,1.22606,169180.08
2013-03-19,1.22606,1.22666,1.21772,1.2191,166653.33
2013-03-20,1.21909,1.22345,1.21893,1.22237,154954.68
2013-03-21,1.22238,1.2237,1.21931,1.22106,173500.65
2013-03-22,1.22106,1.2237,1.21994,1.22133,152476.41
2013-03-23,1.22133,1.22133,1.22133,1.22133,0.0
2013-03-24,1.22133,1.22321,1.22021,1.22212,12245.29
2013-03-25,1.22211,1.22538,1.2182,1.21923,162745.84
2013-03-26,1.21922,1.22178,1.21897,1.21931,134567.64
2013-03-27,1.21931,1.21967,1.21692,1.2186,138655.76
2013-03-28,1.2186,1.22014,1.2156,1.21641,139354.29
2013-03-29,1.21641,1.21734,1.21598,1.21641,53416.7
2013-03-30,1.21641,1.21641,1.21641,1.21641,0.0
2013-03-31,1.21641,1.21721,1.21638,1.21667,4210.81
2013-04-01,1.21667,1.21778,1.21593,1.21606,60410.32
2013-04-02,1.21605,1.21785,1.21357,1.21613,134771.27
2013-04-03,1.21613,1.2183,1.21311,1.21411,119580.53
2013-04-04,1.2141,1.21715,1.21322,1.21581,162878.4
2013-04-05,1.21581,1.2171,1.21355,1.21365,131149.99
2013-04-06,1.21365,1.21365,1.21365,1.21365,0.0
2013-04-07,1.21365,1.21458,1.2128,1.21316,8605.07
2013-04-08,1.21317,1.21742,1.21313,1.21718,118357.4
2013-04-09,1.21717,1.22119,1.21665,1.21961,136346.64
2013-04-10,1.21961,1.22024,1.21761,1.2182,113740.3
2013-04-11,1.2182,1.22039,1.21801,1.21993,120662.76
2013-04-12,1.2199,1.21992,1.21512,1.21541,121157.16
2013-04-13,1.21541,1.21541,1.21541,1.21541,0.0
2013-04-14,1.21541,1.21614,1.21539,1.21591,6873.21
2013-04-15,1.21591,1.21727,1.21358,1.2141,156076.73
2013-04-16,1.2141,1.21701,1.21387,1.21537,151775.54
2013-04-17,1.21537,1.21647,1.21382,1.21542,157274.0
2013-04-18,1.21542,1.21739,1.21498,1.21698,137373.2
2013-04-19,1.21694,1.21913,1.21627,1.21844,127348.25
2013-04-20,1.21844,1.21844,1.21844,1.21844,0.0
2013-04-21,1.21844,1.21875,1.21811,1.2187,4784.69
2013-04-22,1.2187,1.22072,1.21792,1.2203,106284.51
2013-04-23,1.2203,1.2292,1.21899,1.2289,143823.87
2013-04-24,1.22887,1.23425,1.22621,1.23308,134644.94
2013-04-25,1.23307,1.23482,1.22823,1.22915,128146.16
2013-04-26,1.22913,1.23116,1.22487,1.22767,122847.59
2013-04-27,1.22767,1.22767,1.22767,1.22767,0.0
2013-04-28,1.22767,1.22915,1.22767,1.22878,9232.7
2013-04-29,1.22878,1.2307,1.22628,1.22735,117812.48
2013-04-30,1.2273,1.22775,1.22278,1.22385,121971.48
2013-05-01,1.22383,1.2263,1.2215,1.22176,94784.16
2013-05-02,1.22175,1.22588,1.21964,1.22127,124482.88
2013-05-03,1.22127,1.22751,1.22118,1.22608,109410.39
2013-05-04,1.22608,1.22608,1.22608,1.22608,0.0
2013-05-05,1.22608,1.22728,1.22601,1.22726,4389.81
2013-05-06,1.22724,1.22905,1.22586,1.22699,67815.22
2013-05-07,1.22698,1.2337,1.22548,1.2303,105016.6
2013-05-08,1.2303,1.23484,1.22949,1.23057,110515.86
2013-05-09,1.23057,1.24076,1.2282,1.23746,121580.77
2013-05-10,1.23745,1.24605,1.23608,1.24293,145531.6
2013-05-11,1.24293,1.24293,1.24293,1.24293,0.0
2013-05-12,1.24293,1.24418,1.24251,1.2431,7184.38
2013-05-13,1.2431,1.24445,1.23952,1.24182,131348.11
2013-05-14,1.24182,1.25021,1.23859,1.24872,149186.47
2013-05-15,1.24872,1.25245,1.24222,1.2436,154084.8
2013-05-16,1.24362,1.24829,1.2383,1.24278,146912.92
2013-05-17,1.24279,1.24923,1.2415,1.2481,128592.73
2013-05-18,1.2481,1.2481,1.2481,1.2481,0.0
2013-05-19,1.2481,1.2481,1.24461,1.2453,7953.11
2013-05-20,1.24531,1.24761,1.24349,1.24623,123138.38
2013-05-21,1.24623,1.25288,1.24508,1.25222,142097.93
2013-05-22,1.2522,1.2649,1.25136,1.25886,195323.68
2013-05-23,1.25886,1.25956,1.24191,1.25379,218175.73
2013-05-24,1.25382,1.25477,1.24062,1.24284,162213.22
2013-05-25,1.24284,1.24284,1.24284,1.24284,0.0
2013-05-26,1.24284,1.2454,1.24284,1.24407,8730.34
2013-05-27,1.24406,1.24731,1.24088,1.24553,78511.19
2013-05-28,1.24554,1.25717,1.2452,1.25502,163087.77
2013-05-29,1.25503,1.25723,1.24356,1.24458,197497.97
2013-05-30,1.24458,1.24923,1.24202,1.24371,197848.42
2013-05-31,1.24367,1.24606,1.2379,1.2409,182623.78
2013-06-01,1.2409,1.2409,1.2409,1.2409,0.0
2013-06-02,1.2409,1.24445,1.24083,1.24346,12629.09
2013-06-03,1.24346,1.24861,1.23284,1.23885,182674.0
2013-06-04,1.23885,1.24289,1.23773,1.23956,169664.11
2013-06-05,1.23956,1.24118,1.23082,1.23301,191160.99
2013-06-06,1.233,1.23868,1.2271,1.23091,193698.18
2013-06-07,1.23091,1.23798,1.22694,1.23651,193373.29
2013-06-08,1.23651,1.23651,1.23651,1.23651,0.0
2013-06-09,1.23651,1.2383,1.2357,1.23753,10229.53
2013-06-10,1.23751,1.24183,1.23535,1.23823,146388.46
2013-06-11,1.23822,1.2387,1.2238,1.23164,172294.91
2013-06-12,1.23164,1.23343,1.22543,1.22747,157640.53
2013-06-13,1.22745,1.23371,1.22221,1.23352,192014.35
2013-06-14,1.23354,1.23354,1.22767,1.22863,145650.98
2013-06-15,1.22863,1.22863,1.22863,1.22863,0.0
2013-06-16,1.22863,1.23082,1.22863,1.23069,4916.16
2013-06-17,1.23069,1.23629,1.23009,1.23235,108164.16
2013-06-18,1.23233,1.23566,1.22914,1.23244,126130.51
2013-06-19,1.23242,1.2363,1.23049,1.2341,125872.73
2013-06-20,1.2341,1.23464,1.22419,1.22514,198624.56
2013-06-21,1.22514,1.22853,1.22413,1.22549,134560.07
2013-06-22,1.22549,1.22549,1.22549,1.22549,0.0
2013-06-23,1.22549,1.2279,1.22549,1.22771,9888.08
2013-06-24,1.22771,1.22786,1.22181,1.22462,157595.47
2013-06-25,1.22462,1.22963,1.2234,1.22792,137977.4
2013-06-26,1.2279,1.22825,1.22398,1.2264,134258.75
2013-06-27,1.2264,1.23373,1.22578,1.23235,131452.43
2013-06-28,1.23235,1.23544,1.22831,1.22853,123902.4
2013-06-29,1.22853,1.22853,1.22853,1.22853,0.0
2013-06-30,1.22853,1.23023,1.22846,1.22988,7161.58
2013-07-01,1.22986,1.23766,1.229,1.23466,101958.08
2013-07-02,1.23466,1.23819,1.23269,1.23428,110599.58
2013-07-03,1.23428,1.23474,1.228,1.23174,132570.16
2013-07-04,1.23174,1.23737,1.23058,1.23533,101467.93
2013-07-05,1.23534,1.23775,1.23316,1.23595,107220.43
2013-07-06,1.23595,1.23595,1.23595,1.23595,0.0
2013-07-07,1.23595,1.23874,1.23595,1.23771,6847.24
2013-07-08,1.23772,1.24142,1.23721,1.24027,82566.17
2013-07-09,1.24027,1.24653,1.23984,1.24396,111676.2
2013-07-10,1.244,1.24554,1.24055,1.24256,145014.48
2013-07-11,1.24255,1.2443,1.23653,1.24015,162035.89
2013-07-12,1.2401,1.24044,1.23467,1.23611,95433.01
2013-07-13,1.23611,1.23611,1.23611,1.23611,0.0
2013-07-14,1.23611,1.23684,1.23495,1.2365,4184.74
2013-07-15,1.2365,1.24034,1.23608,1.23845,99855.33
2013-07-16,1.23844,1.24031,1.23552,1.23637,115258.31
2013-07-17,1.23636,1.23758,1.23255,1.23454,106334.38
2013-07-18,1.23454,1.23904,1.23429,1.23799,92463.43
2013-07-19,1.23801,1.23848,1.23518,1.23626,72300.88
2013-07-20,1.23626,1.23626,1.23626,1.23626,0.0
2013-07-21,1.23626,1.23676,1.23562,1.23614,2482.66
2013-07-22,1.23612,1.23773,1.23206,1.23451,74435.16
2013-07-23,1.2345,1.23944,1.2342,1.23617,78514.26
2013-07-24,1.2361,1.24029,1.23552,1.2373,91749.52
2013-07-25,1.23731,1.23851,1.23392,1.2343,95129.51
2013-07-26,1.2343,1.23477,1.2314,1.23215,83839.19
2013-07-27,1.23215,1.23215,1.23215,1.23215,0.0
2013-07-28,1.23215,1.23347,1.23215,1.23305,3216.78
2013-07-29,1.23305,1.23506,1.23224,1.2348,85912.83
2013-07-30,1.2348,1.23527,1.2322,1.23308,97867.92
2013-07-31,1.23307,1.23437,1.23044,1.23179,114346.46
2013-08-01,1.23179,1.23772,1.23095,1.23726,94248.32
2013-08-02,1.23727,1.23968,1.2325,1.23389,114628.88
2013-08-03,1.23389,1.23389,1.23389,1.23389,0.0
2013-08-04,1.23389,1.23467,1.23298,1.23375,4830.31
2013-08-05,1.23375,1.23579,1.22877,1.22953,74920.04
2013-08-06,1.22953,1.2328,1.22664,1.2311,84398.02
2013-08-07,1.23106,1.23265,1.22836,1.229,85968.63
2013-08-08,1.22898,1.23176,1.22806,1.23104,88839.94
2013-08-09,1.23104,1.23175,1.22939,1.22987,58999.72
2013-08-10,1.22987,1.22987,1.22987,1.22987,0.0
2013-08-11,1.22987,1.23133,1.22964,1.2299,2778.34
2013-08-12,1.2299,1.23291,1.22955,1.23138,76874.32
2013-08-13,1.23138,1.2382,1.23132,1.23729,107141.49
2013-08-14,1.2373,1.24264,1.23655,1.23865,84874.03
2013-08-15,1.23866,1.24339,1.23369,1.23542,106088.62
2013-08-16,1.23543,1.23826,1.233,1.23474,85719.47
2013-08-17,1.23474,1.23474,1.23474,1.23474,0.0
2013-08-18,1.23474,1.23605,1.2345,1.23579,3268.05
2013-08-19,1.23578,1.23703,1.23134,1.23261,68798.68
2013-08-20,1.23262,1.23382,1.22853,1.23066,108394.65
2013-08-21,1.23066,1.23315,1.23001,1.23196,93616.47
2013-08-22,1.23196,1.23577,1.23139,1.23342,84237.6
2013-08-23,1.23342,1.23619,1.23185,1.23322,79222.83
2013-08-24,1.23322,1.23322,1.23322,1.23322,0.0
2013-08-25,1.23322,1.23322,1.23222,1.23291,4357.6
2013-08-26,1.2329,1.23562,1.23284,1.23354,44493.99
2013-08-27,1.23353,1.2336,1.22805,1.2282,76042.9
2013-08-28,1.2282,1.23061,1.2277,1.23036,76150.95
2013-08-29,1.23034,1.23283,1.2295,1.23265,79284.07
2013-08-30,1.23265,1.23287,1.22812,1.22915,63746.4
2013-08-31,1.22915,1.22915,1.22915,1.22915,0.0
2013-09-01,1.22915,1.23152,1.22915,1.23152,5040.22
2013-09-02,1.23145,1.23326,1.23075,1.23279,51515.8
2013-09-03,1.23279,1.23419,1.23131,1.23336,63406.59
2013-09-04,1.23337,1.23673,1.23297,1.23527,52129.47
2013-09-05,1.23528,1.23998,1.23526,1.23971,115721.88
2013-09-06,1.23971,1.24005,1.23257,1.23565,91213.93
2013-09-07,1.23565,1.23565,1.23565,1.23565,0.0
2013-09-08,1.23565,1.2368,1.23533,1.23666,3251.02
2013-09-09,1.23666,1.23679,1.23353,1.23626,50824.51
2013-09-10,1.23627,1.24036,1.23612,1.24028,56181.77
2013-09-11,1.24028,1.24144,1.23705,1.2383,58940.54
2013-09-12,1.2383,1.23875,1.23519,1.23788,57246.38
2013-09-13,1.23789,1.23897,1.23575,1.23587,52660.74
2013-09-14,1.23587,1.23587,1.23587,1.23587,0.0
2013-09-15,1.23587,1.23674,1.23338,1.23586,5631.17
2013-09-16,1.23586,1.23798,1.23471,1.2361,60395.29
2013-09-17,1.2361,1.23841,1.23554,1.23684,48379.56
2013-09-18,1.23684,1.2375,1.23278,1.23391,78204.72
2013-09-19,1.23391,1.23508,1.23105,1.23226,78916.43
2013-09-20,1.23226,1.23309,1.23021,1.23133,58863.86
2013-09-21,1.23133,1.23133,1.23133,1.23133,0.0
2013-09-22,1.23133,1.23261,1.23038,1.23261,3011.99
2013-09-23,1.2326,1.2335,1.22765,1.22881,59953.77
2013-09-24,1.22881,1.23061,1.22853,1.2306,55341.39
2013-09-25,1.23061,1.23096,1.22872,1.22999,59867.55
2013-09-26,1.22999,1.23102,1.22738,1.22763,57163.89
2013-09-27,1.22763,1.22776,1.22364,1.22468,57228.37
2013-09-28,1.22468,1.22468,1.22468,1.22468,0.0
2013-09-29,1.22468,1.22468,1.2216,1.22171,4474.99
2013-09-30,1.22172,1.22458,1.22148,1.22438,59598.11
2013-10-01,1.22439,1.2268,1.22166,1.22584,69598.78
2013-10-02,1.22584,1.22676,1.22227,1.22576,66164.69
2013-10-03,1.22577,1.22781,1.22317,1.22455,68761.48
2013-10-04,1.22453,1.23,1.22364,1.22963,67099.05
2013-10-05,1.22963,1.22963,1.22963,1.22963,0.0
2013-10-06,1.22963,1.22996,1.22829,1.22849,2306.69
2013-10-07,1.22847,1.22871,1.22525,1.22611,55701.45
2013-10-08,1.22614,1.22942,1.22614,1.22657,61115.67
2013-10-09,1.22657,1.23199,1.22657,1.23101,91516.55
2013-10-10,1.23101,1.23287,1.23016,1.23221,58105.1
2013-10-11,1.23222,1.23529,1.23118,1.23465,53240.92
2013-10-12,1.23465,1.23465,1.23465,1.23465,0.0
2013-10-13,1.23465,1.23465,1.23283,1.23358,3717.58
2013-10-14,1.23358,1.23584,1.2322,1.23532,40382.24
2013-10-15,1.23532,1.23751,1.23348,1.23535,75644.55
2013-10-16,1.23533,1.23675,1.23368,1.23621,71921.57
2013-10-17,1.23621,1.23625,1.23106,1.23441,81336.45
2013-10-18,1.23442,1.23515,1.23363,1.234,54223.27
2013-10-19,1.234,1.234,1.234,1.234,0.0
2013-10-20,1.234,1.2346,1.23375,1.23423,2822.71
2013-10-21,1.23423,1.23571,1.23228,1.23403,46218.75
2013-10-22,1.23404,1.23637,1.23132,1.23312,56780.55
2013-10-23,1.23311,1.23348,1.2282,1.22963,68371.15
2013-10-24,1.22965,1.2318,1.22848,1.23161,66585.84
2013-10-25,1.23159,1.23489,1.22993,1.23165,65710.62
2013-10-26,1.23165,1.23165,1.23165,1.23165,0.0
2013-10-27,1.23165,1.2325,1.23165,1.2323,2210.12
2013-10-28,1.2323,1.23499,1.23229,1.23483,68105.08
2013-10-29,1.23483,1.23711,1.23373,1.23613,77120.18
2013-10-30,1.23616,1.237,1.23363,1.23547,79000.23
2013-10-31,1.23549,1.23588,1.22998,1.2321,89373.24
2013-11-01,1.2321,1.2325,1.22976,1.2305,85409.55
2013-11-02,1.2305,1.2305,1.2305,1.2305,0.0
2013-11-03,1.2305,1.23119,1.23,1.23115,1545.6
2013-11-04,1.23116,1.23253,1.2292,1.22977,58354.81
2013-11-05,1.22977,1.23157,1.22873,1.23083,75880.66
2013-11-06,1.23083,1.23292,1.23045,1.23264,59531.87
2013-11-07,1.23262,1.23375,1.22826,1.22916,106233.05
2013-11-08,1.22916,1.23221,1.22885,1.23115,94239.48
2013-11-09,1.23115,1.23115,1.23115,1.23115,0.0
2013-11-10,1.23115,1.23242,1.23115,1.2319,1802.11
2013-11-11,1.23189,1.23328,1.23149,1.23286,49747.36
2013-11-12,1.23286,1.23377,1.23132,1.23262,87749.05
2013-11-13,1.23262,1.23294,1.2313,1.23225,80645.97
2013-11-14,1.23225,1.23443,1.23188,1.23441,77326.46
2013-11-15,1.2344,1.23507,1.23277,1.23457,59001.69
2013-11-16,1.23457,1.23457,1.23457,1.23457,0.0
2013-11-17,1.23457,1.23457,1.23403,1.23426,1536.01
2013-11-18,1.23427,1.23453,1.23159,1.23259,64805.56
2013-11-19,1.23259,1.23403,1.2321,1.23261,78250.11
2013-11-20,1.23261,1.23351,1.23058,1.23183,88993.7
2013-11-21,1.23183,1.23239,1.23054,1.23137,98926.37
2013-11-22,1.23134,1.23219,1.22848,1.22895,75549.11
2013-11-23,1.22895,1.22895,1.22895,1.22895,0.0
2013-11-24,1.22895,1.2295,1.22875,1.22908,1417.27
2013-11-25,1.22909,1.23289,1.22889,1.23246,71638.61
2013-11-26,1.23246,1.23286,1.23003,1.23042,67679.31
2013-11-27,1.23042,1.23326,1.23008,1.23273,79434.65
2013-11-28,1.23272,1.23276,1.23089,1.23236,53780.81
2013-11-29,1.23237,1.23315,1.22921,1.23138,78125.11
2013-11-30,1.23138,1.23138,1.23138,1.23138,0.0
2013-12-01,1.23138,1.23138,1.23073,1.23129,1933.35
2013-12-02,1.23128,1.23236,1.2295,1.23055,74458.13
2013-12-03,1.23056,1.23121,1.22777,1.22872,76889.29
2013-12-04,1.22871,1.22973,1.22558,1.22595,87771.56
2013-12-05,1.22589,1.22817,1.22497,1.2256,76375.02
2013-12-06,1.2256,1.22612,1.22148,1.22192,66776.29
2013-12-07,1.22192,1.22192,1.22192,1.22192,0.0
2013-12-08,1.22192,1.22332,1.22192,1.2231,2377.51
2013-12-09,1.2231,1.22443,1.22222,1.2229,41959.56
2013-12-10,1.2229,1.22387,1.22066,1.22112,59601.56
2013-12-11,1.22112,1.22276,1.22051,1.22257,55542.08
2013-12-12,1.22256,1.22473,1.21997,1.22345,72137.53
2013-12-13,1.22345,1.22401,1.22114,1.22166,52848.01
2013-12-14,1.22166,1.22166,1.22166,1.22166,0.0
2013-12-15,1.22166,1.22296,1.22148,1.22294,2058.03
2013-12-16,1.22294,1.22319,1.22014,1.22084,49775.12
2013-12-17,1.22084,1.22168,1.2166,1.21852,53854.65
2013-12-18,1.21852,1.22469,1.21802,1.22365,99267.86
2013-12-19,1.22363,1.22742,1.22272,1.22652,66527.53
2013-12-20,1.22648,1.22679,1.22334,1.22467,61732.16
2013-12-21,1.22467,1.22467,1.22467,1.22467,0.0
2013-12-22,1.22467,1.22537,1.22445,1.22479,1594.01
2013-12-23,1.22476,1.22635,1.22334,1.22393,41999.29
2013-12-24,1.22393,1.22589,1.22366,1.22498,33441.57
2013-12-25,1.22498,1.22568,1.22442,1.22505,1749.66
2013-12-26,1.2251,1.22743,1.22505,1.22731,40410.23
2013-12-27,1.22734,1.22778,1.2225,1.22525,65500.28
2013-12-28,1.22525,1.22525,1.22525,1.22525,0.0
2013-12-29,1.22525,1.22584,1.22499,1.2258,1531.57
2013-12-30,1.2258,1.227,1.22409,1.22518,42221.17
2013-12-31,1.2252,1.22777,1.2245,1.22688,48229.73
2014-01-01,1.22688,1.22786,1.22643,1.22723,1940.12
2014-01-02,1.22723,1.23203,1.22668,1.22878,94858.52
2014-01-03,1.22878,1.23121,1.22808,1.22958,58439.05
2014-01-04,1.22958,1.22958,1.22958,1.22958,0.0
2014-01-05,1.22958,1.23072,1.22936,1.23066,1846.07
2014-01-06,1.23066,1.23323,1.22965,1.23194,63753.47
2014-01-07,1.23193,1.23846,1.23189,1.23824,59273.29
2014-01-08,1.23824,1.2394,1.2358,1.23716,66739.56
2014-01-09,1.23716,1.23868,1.23355,1.23392,73861.24
2014-01-10,1.234,1.23481,1.23224,1.23347,68028.76
2014-01-11,1.23347,1.23347,1.23347,1.23347,0.0
2014-01-12,1.23347,1.23347,1.23255,1.23332,3191.73
2014-01-13,1.23329,1.23431,1.22895,1.2292,56662.87
2014-01-14,1.22922,1.23479,1.22922,1.23439,75339.72
2014-01-15,1.23436,1.23696,1.23398,1.23633,60041.28
2014-01-16,1.23631,1.23742,1.23148,1.23223,66140.74
2014-01-17,1.23218,1.23363,1.23171,1.23205,61074.1
2014-01-18,1.23205,1.23205,1.23205,1.23205,0.0
2014-01-19,1.23205,1.233,1.23182,1.23286,2102.94
2014-01-20,1.23285,1.23427,1.23251,1.23392,39792.11
2014-01-21,1.23393,1.23764,1.23246,1.23456,56440.45
2014-01-22,1.23463,1.23554,1.2332,1.23552,48121.43
2014-01-23,1.23552,1.23609,1.22755,1.22933,79988.09
2014-01-24,1.22933,1.23004,1.22258,1.22292,77813.7
2014-01-25,1.22292,1.22292,1.22292,1.22292,0.0
2014-01-26,1.22292,1.22418,1.22267,1.22343,2569.04
2014-01-27,1.2234,1.22729,1.22301,1.22569,67688.27
2014-01-28,1.22571,1.2291,1.22515,1.22831,54893.26
2014-01-29,1.22831,1.22971,1.22127,1.22235,80211.2
2014-01-30,1.22234,1.22545,1.22184,1.22366,73130.32
2014-01-31,1.22367,1.22452,1.22104,1.2218,76223.04
2014-02-01,1.2218,1.2218,1.2218,1.2218,0.0
2014-02-02,1.2218,1.22276,1.2218,1.22265,1668.27
2014-02-03,1.22271,1.2242,1.21845,1.21878,70707.67
2014-02-04,1.21878,1.22315,1.21868,1.22185,55606.25
2014-02-05,1.22186,1.22355,1.22044,1.22349,60914.36
2014-02-06,1.22347,1.22446,1.22114,1.22425,62934.43
2014-02-07,1.22426,1.22503,1.22185,1.2242,59088.33
2014-02-08,1.2242,1.2242,1.2242,1.2242,0.0
2014-02-09,1.2242,1.22443,1.22338,1.22408,2177.67
2014-02-10,1.22408,1.22504,1.22245,1.22367,39151.0
2014-02-11,1.22363,1.22568,1.22274,1.22502,55867.78
2014-02-12,1.22501,1.22603,1.22337,1.22397,57634.21
2014-02-13,1.22397,1.22417,1.22068,1.22201,61928.89
2014-02-14,1.22201,1.22277,1.2206,1.22184,49266.32
2014-02-15,1.22184,1.22184,1.22184,1.22184,0.0
2014-02-16,1.22184,1.22214,1.22147,1.22164,8264.3
2014-02-17,1.22166,1.22266,1.22116,1.22194,32500.12
2014-02-18,1.22197,1.2238,1.22114,1.22171,49974.04
2014-02-19,1.22169,1.22254,1.219,1.22044,47904.45
2014-02-20,1.22044,1.22099,1.21864,1.22026,65020.16
2014-02-21,1.22025,1.22107,1.21889,1.21905,63972.33
2014-02-22,1.21905,1.21905,1.21905,1.21905,0.0
2014-02-23,1.21905,1.21933,1.21877,1.21914,1337.79
2014-02-24,1.21916,1.22179,1.2186,1.22059,56286.44
2014-02-25,1.2206,1.22112,1.21879,1.21917,66165.79
2014-02-26,1.21917,1.2204,1.2185,1.21864,66281.84
2014-02-27,1.21864,1.21878,1.21566,1.2176,86984.98
2014-02-28,1.2176,1.21826,1.21327,1.21399,92251.94
2014-03-01,1.21399,1.21399,1.21399,1.21399,0.0
2014-03-02,1.21399,1.21399,1.21033,1.21184,3938.73
2014-03-03,1.21184,1.21388,1.21136,1.21276,59796.5
2014-03-04,1.21278,1.21955,1.21273,1.21925,60456.94
2014-03-05,1.21924,1.21998,1.21758,1.21855,57254.62
2014-03-06,1.21856,1.22145,1.21801,1.22029,69457.47
2014-03-07,1.22029,1.22141,1.21672,1.21801,62577.19
2014-03-08,1.21801,1.21801,1.21801,1.21801,0.0
2014-03-09,1.21801,1.21845,1.21706,1.21832,2458.67
2014-03-10,1.21832,1.21921,1.21675,1.21802,46449.7
2014-03-11,1.21802,1.21922,1.2159,1.21603,47293.12
2014-03-12,1.21604,1.2168,1.21505,1.21535,58322.5
2014-03-13,1.21535,1.21674,1.21244,1.21314,77118.48
2014-03-14,1.21314,1.21452,1.2122,1.21334,60161.53
2014-03-15,1.21334,1.21334,1.21334,1.21334,0.0
2014-03-16,1.21334,1.21383,1.21316,1.21344,3491.72
2014-03-17,1.21345,1.21641,1.21325,1.21637,50525.8
2014-03-18,1.21637,1.2178,1.21493,1.2163,53382.78
2014-03-19,1.21635,1.22017,1.21615,1.21847,60864.01
2014-03-20,1.21847,1.22032,1.2162,1.21735,70695.0
2014-03-21,1.21737,1.21858,1.2165,1.2171,51510.25
2014-03-22,1.2171,1.2171,1.2171,1.2171,0.0
2014-03-23,1.2171,1.21733,1.21678,1.21721,1588.49
2014-03-24,1.2172,1.22017,1.21715,1.21875,57923.87
2014-03-25,1.21875,1.22172,1.21808,1.22044,65159.5
2014-03-26,1.22042,1.22344,1.2193,1.21995,65662.7
2014-03-27,1.21997,1.22065,1.21761,1.21811,62609.32
2014-03-28,1.21815,1.2201,1.2178,1.21916,52897.68
2014-03-29,1.21916,1.21916,1.21916,1.21916,0.0
2014-03-30,1.21916,1.21986,1.21861,1.21976,1989.33
2014-03-31,1.21977,1.22047,1.2171,1.2181,57953.78
2014-04-01,1.2181,1.21894,1.21735,1.2184,49745.24
2014-04-02,1.2184,1.22086,1.2183,1.22055,45238.33
2014-04-03,1.22054,1.22324,1.21937,1.22244,62926.21
2014-04-04,1.22244,1.22491,1.22158,1.22201,57400.12
2014-04-05,1.22201,1.22201,1.22201,1.22201,0.0
2014-04-06,1.22201,1.22285,1.22162,1.22187,1742.02
2014-04-07,1.22187,1.22236,1.21952,1.21995,58766.42
2014-04-08,1.21995,1.22032,1.21807,1.21909,75465.3
2014-04-09,1.21909,1.2196,1.21706,1.21902,83882.08
2014-04-10,1.21902,1.21905,1.21629,1.21658,73087.2
2014-04-11,1.21658,1.21784,1.21505,1.21609,66201.53
2014-04-12,1.21609,1.21609,1.21609,1.21609,0.0
2014-04-13,1.21609,1.21609,1.21446,1.21448,3161.83
2014-04-14,1.21446,1.21628,1.21411,1.21627,70138.26
2014-04-15,1.21626,1.2166,1.21487,1.21601,68384.98
2014-04-16,1.21602,1.2203,1.21587,1.21848,57731.73
2014-04-17,1.21851,1.22048,1.21687,1.21945,60475.85
2014-04-18,1.21944,1.2204,1.2193,1.21958,31061.13
2014-04-19,1.21958,1.21958,1.21958,1.21958,0.0
2014-04-20,1.21958,1.22022,1.21949,1.22019,2083.16
2014-04-21,1.22018,1.22092,1.2193,1.22092,36118.19
2014-04-22,1.22096,1.222,1.22043,1.22163,49557.0
2014-04-23,1.22161,1.22243,1.21925,1.22067,58116.92
2014-04-24,1.22068,1.22148,1.21853,1.2195,55517.82
2014-04-25,1.2195,1.21999,1.21852,1.21948,46097.43
2014-04-26,1.21948,1.21948,1.21948,1.21948,0.0
2014-04-27,1.21948,1.21948,1.21873,1.219,1287.85
2014-04-28,1.219,1.21976,1.21715,1.21941,62773.4
2014-04-29,1.21941,1.22129,1.21922,1.2201,57305.78
2014-04-30,1.22008,1.22103,1.21913,1.22051,72959.43
2014-05-01,1.22052,1.2209,1.21888,1.21941,7211223.95
2014-05-02,1.21941,1.2213,1.21747,1.21796,66861.56
2014-05-03,1.21796,1.21796,1.21796,1.21796,0.0
2014-05-04,1.21796,1.21796,1.21708,1.21757,1236.5
2014-05-05,1.2176,1.21828,1.21698,1.21802,27110453.68
2014-05-06,1.218,1.21868,1.21627,1.21761,52747.17
2014-05-09,1.21816,1.21992,1.21805,1.21943,8712756.3
2014-05-11,1.21867,1.22015,1.21851,1.2201,2157.06
2014-05-13,1.22115,1.22146,1.2192,1.21958,68337.39
2014-05-14,1.21959,1.22031,1.21905,1.22014,95932609.61
2014-05-15,1.22014,1.22296,1.21964,1.2216,9197925.74
2014-05-18,1.22207,1.22228,1.2219,1.22228,2215.61
2014-05-19,1.22227,1.22356,1.22155,1.22305,32330029.21
2014-05-20,1.22308,1.2237,1.22122,1.22192,12837339.65
2014-05-21,1.22192,1.2228,1.22068,1.2223,74712471.56
2014-05-22,1.2223,1.22267,1.2208,1.22131,73153821.67
2014-05-23,1.2213,1.22166,1.22055,1.2207,44249.54
2014-05-25,1.22088,1.22132,1.22052,1.2207,531.2
2014-05-26,1.2207,1.22148,1.22057,1.22126,60859231.77
2014-05-27,1.22127,1.22286,1.22099,1.2225,48423162.58
2014-05-28,1.22251,1.22342,1.22088,1.22093,53427165.03
2014-05-30,1.22153,1.22165,1.21938,1.22036,50758.01
2014-06-01,1.21997,1.22063,1.21997,1.22047,2392.87
2014-06-02,1.22047,1.22247,1.2204,1.22186,17821022.82
2014-06-03,1.22186,1.22257,1.22111,1.22147,8063730.06
2014-06-04,1.22147,1.22231,1.21938,1.22001,61977.16
2014-06-05,1.22,1.22076,1.21722,1.21832,54919503.9
2014-06-06,1.21831,1.21943,1.21659,1.21904,73742.95
2014-06-08,1.21886,1.2193,1.21878,1.21917,1766.72
2014-06-09,1.21917,1.21991,1.21884,1.21931,53663.42
2014-06-10,1.2193,1.21963,1.21794,1.21799,29911303.57
2014-06-11,1.21799,1.21873,1.21702,1.21762,72287.27
2014-06-12,1.21761,1.21835,1.21704,1.21722,14452952.64
2014-06-13,1.21721,1.21893,1.21653,1.21853,14576864.19
2014-06-15,1.21824,1.2187,1.21819,1.2185,2027.09
2014-06-16,1.2185,1.21866,1.21724,1.2178,20371012.28
2014-06-17,1.2178,1.21917,1.2178,1.21826,31585049.44
2014-06-18,1.21825,1.21894,1.21752,1.21801,44624.26
2014-06-19,1.21801,1.2185,1.21521,1.21665,51559.11
2014-06-20,1.21663,1.21776,1.21614,1.21688,30136.55
2014-06-22,1.21644,1.21734,1.21644,1.21727,1921.1
2014-06-23,1.21725,1.21766,1.21621,1.21656,45177.57
2014-06-24,1.21656,1.21747,1.21584,1.21617,40462.91
2014-06-25,1.21617,1.21693,1.2159,1.21673,41845.99
2014-06-26,1.21674,1.21712,1.21564,1.21622,41601.94
2014-06-27,1.21621,1.21652,1.21503,1.21566,45721.01
2014-06-29,1.21572,1.2158,1.21546,1.21576,1266.46
2014-06-30,1.21577,1.21609,1.21396,1.21426,45982.61
2014-07-01,1.21426,1.21473,1.21329,1.21412,51309.06
2014-07-02,1.21413,1.21431,1.21345,1.21407,45065.82
2014-07-03,1.21406,1.21648,1.21396,1.21577,53757.4
2014-07-04,1.21577,1.21625,1.2152,1.21522,37463.53
2014-07-06,1.21581,1.21609,1.21552,1.216,3280.33
2014-07-07,1.21599,1.21645,1.2151,1.21537,40990.8
2014-07-08,1.21536,1.21572,1.21475,1.21543,41253.71
2014-07-09,1.21545,1.21589,1.21518,1.21535,46265.55
2014-07-10,1.21536,1.21553,1.21369,1.21445,49911.58
2014-07-11,1.21446,1.2146,1.21371,1.21371,40439.98
2014-07-13,1.21365,1.21411,1.21361,1.21404,3250.08
2014-07-14,1.21404,1.21481,1.21357,1.21467,39077.39
2014-07-15,1.21466,1.21555,1.21395,1.21527,51503.06
2014-07-16,1.21523,1.21573,1.21475,1.21481,41749.22
2014-07-17,1.2148,1.215,1.21353,1.21382,53869.0
2014-07-18,1.21382,1.21516,1.21363,1.21503,42765.85
2014-07-20,1.21466,1.215,1.21455,1.21494,1905.06
2014-07-21,1.21495,1.21551,1.21415,1.21461,38253.99
2014-07-22,1.21461,1.21537,1.21444,1.21491,41238.6
2014-07-23,1.2149,1.21538,1.21449,1.21452,33248.14
2014-07-24,1.21452,1.21553,1.21432,1.21527,33615.83
2014-07-25,1.21525,1.21574,1.21475,1.21489,32938.09
2014-07-27,1.2149,1.21519,1.21481,1.21505,2049.86
2014-07-28,1.21503,1.21553,1.2145,1.21476,32917.32
2014-07-29,1.21476,1.21636,1.21463,1.21612,41098.92
2014-07-30,1.21612,1.21775,1.21593,1.21728,61217.19
2014-07-31,1.21729,1.21741,1.21604,1.21652,48465.83
2014-08-01,1.21652,1.21704,1.21547,1.21614,49179.29
2014-08-03,1.2159,1.21667,1.2158,1.21667,1676.09
2014-08-04,1.21666,1.21702,1.21602,1.21696,33862.44
2014-08-05,1.21695,1.21768,1.21587,1.21587,44382.0
2014-08-06,1.21587,1.21615,1.21405,1.21465,46048.71
2014-08-07,1.21464,1.21538,1.21393,1.21418,46835.38
2014-08-08,1.21418,1.2144,1.21202,1.21408,50180.4
2014-08-10,1.2133,1.21441,1.2133,1.21423,3339.22
2014-08-11,1.21423,1.21434,1.21291,1.21353,41274.47
2014-08-12,1.21352,1.21418,1.21294,1.21303,44226.43
2014-08-13,1.21303,1.21402,1.21264,1.21283,42840.61
2014-08-14,1.21282,1.21312,1.211,1.21164,42173.9
2014-08-15,1.21163,1.21203,1.20861,1.20948,40500.76
2014-08-17,1.20932,1.2102,1.20911,1.20982,3284.06
2014-08-18,1.20982,1.21153,1.20924,1.21147,37810.14
2014-08-19,1.21146,1.21156,1.20996,1.2112,40838.19
2014-08-20,1.21115,1.21139,1.21025,1.2112,42873.63
2014-08-21,1.2112,1.21156,1.21028,1.2106,39109.74
2014-08-22,1.21057,1.21067,1.20932,1.2102,44641.21
2014-08-24,1.21033,1.21081,1.20976,1.2098,5374.11
2014-08-25,1.2098,1.20989,1.20711,1.20802,46371.28
2014-08-26,1.20803,1.20925,1.2073,1.20837,53249.61
2014-08-27,1.20836,1.20847,1.20596,1.207,53477.99
2014-08-28,1.20702,1.20716,1.2049,1.20643,56117.69
2014-08-29,1.20643,1.20662,1.20554,1.20608,41886.16
2014-08-31,1.20664,1.20694,1.20597,1.2063,3123.44
2014-09-01,1.20633,1.20755,1.20614,1.20726,34281.47
2014-09-02,1.20725,1.20807,1.20664,1.20718,47482.33
2014-09-03,1.20717,1.20899,1.20639,1.20682,48420.11
2014-09-04,1.20682,1.20756,1.2045,1.20615,68843.41
2014-09-05,1.20614,1.20702,1.20534,1.20596,55859.56
2014-09-07,1.20558,1.20622,1.20558,1.20609,2757.35
2014-09-08,1.20609,1.20715,1.2055,1.20676,64329.32
2014-09-09,1.20676,1.20707,1.20563,1.20666,69451.2
2014-09-10,1.20666,1.21181,1.20665,1.21014,83483.33
2014-09-11,1.21014,1.21047,1.20885,1.2096,78930.75
2014-09-12,1.20961,1.21032,1.20831,1.20953,60095.55
2014-09-14,1.20851,1.21021,1.20845,1.2101,2575.21
2014-09-15,1.21011,1.21124,1.20942,1.21045,54716.28
2014-09-16,1.21045,1.2105,1.20802,1.20861,62829.83
2014-09-17,1.20861,1.21168,1.20817,1.21073,87640.86
2014-09-18,1.21073,1.21141,1.20641,1.20709,75656.99
2014-09-19,1.2071,1.20751,1.20646,1.20689,76864.43
2014-09-21,1.207,1.20738,1.20686,1.20731,2169.42
2014-09-22,1.2073,1.20785,1.20635,1.20775,53931.35
2014-09-23,1.20777,1.20809,1.20652,1.20724,65089.07
2014-09-24,1.20724,1.20884,1.20713,1.2086,51780.89
2014-09-25,1.20859,1.20867,1.20666,1.20728,74193.41
2014-09-26,1.20727,1.20753,1.20654,1.2066,63118.58
2014-09-28,1.20651,1.20684,1.20648,1.20656,3180.7
2014-09-29,1.20656,1.20735,1.20613,1.20686,43358.98
2014-09-30,1.20686,1.20723,1.20525,1.206,67877.87
2014-10-01,1.206,1.20805,1.2053,1.20686,70441.43
2014-10-02,1.20686,1.20909,1.20674,1.20862,79583.4
2014-10-03,1.20863,1.21111,1.20834,1.21049,66467.87
2014-10-05,1.21192,1.21194,1.21055,1.21089,1780.34
2014-10-06,1.21091,1.21374,1.21063,1.21273,67424.95
2014-10-07,1.21272,1.2139,1.21043,1.21217,70989.96
2014-10-08,1.21217,1.21347,1.21137,1.2124,73165.33
2014-10-09,1.21239,1.21275,1.20882,1.21071,78292.29
2014-10-10,1.21072,1.21162,1.20808,1.20812,63623.39
2014-10-12,1.20866,1.2087,1.20801,1.20862,5070.07
2014-10-13,1.20861,1.20928,1.20744,1.20853,66159.77
2014-10-14,1.20857,1.209,1.207,1.2071,65985.64
2014-10-15,1.2071,1.208,1.20607,1.20717,96167.91
2014-10-16,1.20716,1.20776,1.20564,1.20721,90658.38
2014-10-17,1.20722,1.20776,1.20684,1.20748,51447.92
2014-10-19,1.20751,1.20776,1.20731,1.20731,3084.58
2014-10-20,1.20732,1.20789,1.20595,1.20671,51551.17
2014-10-21,1.20673,1.20736,1.20623,1.20712,71771.65
2014-10-22,1.2071,1.20716,1.20584,1.20616,74272.91
2014-10-23,1.20615,1.20696,1.20561,1.20659,63454.02
2014-10-24,1.20656,1.20665,1.20567,1.20605,42318.06
2014-10-26,1.2057,1.20636,1.2057,1.20633,3082.85
2014-10-27,1.20637,1.20671,1.20527,1.2056,41881.2
2014-10-28,1.2056,1.20659,1.20552,1.20591,41366.98
2014-10-29,1.2059,1.20631,1.20551,1.20615,36505.43
2014-10-30,1.20615,1.20642,1.2054,1.20566,44039.02
2014-10-31,1.20565,1.20685,1.20532,1.20545,39211.57
2014-11-02,1.20635,1.20635,1.20577,1.20585,2546.67
2014-11-03,1.20585,1.20607,1.20517,1.20547,47413.91
2014-11-04,1.2055,1.20612,1.2041,1.20432,49465.38
2014-11-05,1.20432,1.20457,1.20322,1.20353,56019.58
2014-11-06,1.20353,1.20575,1.20304,1.20444,70311.76
2014-11-07,1.20444,1.20464,1.20295,1.20321,44316.71
2014-11-09,1.20303,1.20318,1.20271,1.20285,4096.42
2014-11-10,1.20285,1.20363,1.20213,1.20274,38516.36
2014-11-11,1.20274,1.20343,1.20209,1.20324,41931.41
2014-11-12,1.20323,1.20383,1.20173,1.20209,41132.11
2014-11-13,1.20209,1.20243,1.20163,1.20207,38294.23
2014-11-14,1.20207,1.20226,1.20105,1.20109,42779.3
2014-11-16,1.20148,1.20162,1.20119,1.2012,2297.74
2014-11-17,1.2012,1.20178,1.20104,1.20125,36567.92
2014-11-18,1.20126,1.20164,1.20093,1.20126,21287.81
2014-11-19,1.20126,1.20258,1.20083,1.20134,33226.53
2014-11-20,1.20134,1.20247,1.20104,1.20217,38023.42
2014-11-21,1.20217,1.20323,1.20135,1.20142,42100.93
2014-11-23,1.20237,1.20296,1.20197,1.20218,4275.76
2014-11-24,1.2022,1.20309,1.20218,1.20252,33752.14
2014-11-25,1.20252,1.20326,1.20225,1.20241,43307.65
2014-11-26,1.20241,1.20294,1.20159,1.20201,24908.77
2014-11-27,1.20201,1.20254,1.20176,1.20196,22712.2
2014-11-28,1.20196,1.20241,1.20108,1.20138,28333.79
2014-11-30,1.2036,1.20394,1.20318,1.20357,2991.03
2014-12-01,1.20356,1.20378,1.20208,1.2029,32980.37
2014-12-02,1.20288,1.20463,1.20275,1.20396,31620.89
2014-12-03,1.20397,1.20414,1.20262,1.20344,33389.5
2014-12-04,1.20344,1.20396,1.20194,1.20226,42253.64
2014-12-05,1.20227,1.20293,1.20188,1.20188,25359.22
2014-12-07,1.20227,1.20273,1.20227,1.20273,856.74
2014-12-08,1.20273,1.20296,1.20188,1.20221,18350.05
2014-12-09,1.20222,1.2024,1.20144,1.2022,41980.82
2014-12-10,1.2022,1.20363,1.20165,1.20316,28855.93
2014-12-11,1.20316,1.20376,1.20099,1.20122,40211.9
2014-12-12,1.20122,1.20127,1.20081,1.20089,26428.38
2014-12-14,1.20098,1.20123,1.20091,1.20122,1758.63
2014-12-15,1.20122,1.20138,1.20085,1.20104,22472.25
2014-12-16,1.20103,1.20114,1.20077,1.20081,33265.09
2014-12-17,1.2008,1.20103,1.20067,1.20086,25423.3
2014-12-18,1.20087,1.20972,1.2008,1.20414,63425.83
2014-12-19,1.20414,1.20481,1.2025,1.2034,28985.47
2014-12-21,1.2028,1.20345,1.20267,1.2034,1337.57
2014-12-22,1.20342,1.20386,1.2025,1.20317,30619.09
2014-12-23,1.20317,1.20355,1.20214,1.20236,25839.4
2014-12-24,1.20235,1.20281,1.202,1.20241,19492.82
2014-12-25,1.20241,1.2027,1.20176,1.20254,2599.88
2014-12-26,1.20244,1.2029,1.20195,1.20231,20496.83
2014-12-28,1.20248,1.20274,1.20243,1.20263,778.54
2014-12-29,1.20263,1.20344,1.20256,1.20298,21736.25
2014-12-30,1.20298,1.20311,1.20202,1.20229,21105.76
2014-12-31,1.20229,1.20306,1.202,1.20281,19622.39
2015-01-01,1.20294,1.20302,1.20213,1.20221,1274.09
2015-01-02,1.20223,1.20277,1.20171,1.20171,24474.38
2015-01-04,1.20184,1.20309,1.20163,1.20165,3451.63
2015-01-05,1.20165,1.20209,1.20125,1.20142,28354.34
2015-01-06,1.2014,1.20193,1.2009,1.20098,30571.81
2015-01-07,1.20098,1.20118,1.20083,1.20094,21046.36
2015-01-08,1.20091,1.20132,1.20086,1.20097,19178.52
2015-01-09,1.20097,1.20117,1.20082,1.20087,22990.38
2015-01-11,1.20076,1.2012,1.20076,1.20101,1822.38
2015-01-12,1.20098,1.20117,1.20086,1.20089,19990.61
2015-01-13,1.20088,1.20109,1.20082,1.20088,19287.22
2015-01-14,1.20088,1.20099,1.20084,1.2009,23739.29
2015-01-15,1.20089,1.20103,0.84989,0.99357,111507.68
2015-01-16,0.99357,1.02497,0.97496,0.99241,130708.06
2015-01-18,0.99385,0.99774,0.99193,0.99218,2194.87
2015-01-19,0.99223,1.02141,0.987,1.02019,69453.51
2015-01-20,1.02021,1.02231,1.00651,1.00941,72810.87
2015-01-21,1.00965,1.01341,0.98461,0.9991,98703.65
2015-01-22,0.99912,1.00326,0.98437,0.98902,94515.46
2015-01-23,0.98906,0.99131,0.97748,0.98524,117023.59
2015-01-25,0.98196,0.98259,0.9783,0.98127,6528.18
2015-01-26,0.98127,1.01689,0.97866,1.01368,100761.93
2015-01-27,1.01371,1.03803,1.00806,1.02224,106611.23
2015-01-28,1.02226,1.0318,1.01813,1.02334,94380.48
2015-01-29,1.02336,1.04646,1.02227,1.04527,100707.43
2015-01-30,1.04527,1.05234,1.03548,1.03885,102723.21
2015-02-01,1.04798,1.04798,1.04017,1.04176,4926.31
2015-02-02,1.04172,1.0588,1.04033,1.05107,83803.83
2015-02-03,1.05107,1.06204,1.0462,1.05974,104538.55
2015-02-04,1.05973,1.06236,1.04699,1.04778,94126.57
2015-02-05,1.04781,1.06423,1.04711,1.05761,96325.1
2015-02-06,1.05761,1.05961,1.04569,1.04678,96160.71
2015-02-08,1.04628,1.04802,1.04624,1.04771,7821.36
2015-02-09,1.04768,1.05326,1.04125,1.04717,84190.73
2015-02-10,1.04715,1.04947,1.04332,1.04866,87335.37
2015-02-11,1.04866,1.05307,1.04397,1.05013,83879.05
2015-02-12,1.05017,1.06376,1.04875,1.06068,121412.12
2015-02-13,1.06068,1.06373,1.05741,1.06171,92150.85
2015-02-15,1.06198,1.06251,1.06151,1.0617,4050.76
2015-02-16,1.06183,1.06446,1.05488,1.05769,101263.45
2015-02-17,1.05769,1.06941,1.05564,1.06762,110013.62
2015-02-18,1.06761,1.07408,1.0629,1.07371,89560.66
2015-02-19,1.0737,1.08018,1.07301,1.079,89939.67
2015-02-20,1.079,1.08114,1.06611,1.06802,141500.48
2015-02-22,1.07184,1.07207,1.06835,1.07033,7282.07
2015-02-23,1.07026,1.07914,1.06868,1.07785,118359.12
2015-02-24,1.07794,1.07872,1.07253,1.07737,115039.03
2015-02-25,1.07745,1.07988,1.07558,1.07812,98822.92
2015-02-26,1.07807,1.0795,1.0659,1.06722,115041.01
2015-02-27,1.06723,1.06919,1.06103,1.06785,115562.89
2015-03-01,1.0664,1.06713,1.06486,1.06501,8291.73
2015-03-02,1.06501,1.07465,1.06501,1.07145,78358.74
2015-03-03,1.07145,1.07605,1.06986,1.07442,84303.55
2015-03-04,1.07442,1.07512,1.06292,1.06746,96275.75
2015-03-05,1.06746,1.07491,1.06517,1.07434,84269.94
2015-03-06,1.07434,1.07545,1.06376,1.06849,91754.91
2015-03-08,1.06874,1.06898,1.06693,1.06762,6163.16
2015-03-09,1.06762,1.07188,1.06753,1.06958,78972.3
2015-03-10,1.06958,1.07318,1.06612,1.06882,120860.55
2015-03-11,1.0688,1.06944,1.062,1.06424,124251.3
2015-03-12,1.06425,1.06816,1.06201,1.06552,122992.55
2015-03-13,1.06552,1.0672,1.05139,1.05512,107067.83
2015-03-15,1.05487,1.05735,1.05369,1.05504,8491.13
2015-03-16,1.05506,1.06717,1.05428,1.06524,97577.44
2015-03-17,1.06519,1.06724,1.06154,1.06551,80515.79
2015-03-18,1.06547,1.06689,1.05589,1.06422,110392.68
2015-03-19,1.06422,1.06994,1.05289,1.05589,131017.69
2015-03-20,1.05591,1.05897,1.05272,1.0541,95939.73
2015-03-22,1.05623,1.06018,1.05567,1.05837,14808.1
2015-03-23,1.05836,1.05999,1.05476,1.05787,118911.5
2015-03-24,1.05787,1.05797,1.04213,1.04625,125642.76
2015-03-25,1.04626,1.05457,1.04595,1.05282,102599.6
2015-03-26,1.05283,1.05426,1.04641,1.04843,117741.65
2015-03-27,1.04848,1.05067,1.04307,1.0467,114419.25
2015-03-29,1.0469,1.04703,1.0456,1.04623,3104.27
2015-03-30,1.04623,1.04872,1.04325,1.04769,94571.43
2015-03-31,1.04767,1.04845,1.0419,1.04392,106956.97
2015-04-01,1.04392,1.04585,1.03943,1.04042,104367.15
2015-04-02,1.04041,1.04494,1.0388,1.04355,77308.3
2015-04-03,1.04357,1.0467,1.04144,1.04334,36682.39
2015-04-05,1.04572,1.04779,1.04451,1.04732,3764.64
2015-04-06,1.04731,1.04945,1.044,1.04744,49308.05
2015-04-07,1.04744,1.04769,1.04246,1.04506,91261.63
2015-04-08,1.04504,1.04682,1.04074,1.04207,90310.44
2015-04-09,1.04207,1.04498,1.04044,1.04209,81179.86
2015-04-10,1.04209,1.04264,1.03668,1.0381,70622.63
2015-04-12,1.03857,1.03903,1.03743,1.03871,2741.48
2015-04-13,1.0387,1.04012,1.03201,1.03323,81159.7
2015-04-14,1.03321,1.03819,1.0296,1.03562,85590.43
2015-04-15,1.03564,1.03662,1.02932,1.03021,90039.7
2015-04-16,1.03021,1.03446,1.02748,1.02902,102790.79
2015-04-17,1.02897,1.0327,1.02627,1.02856,91521.41
2015-04-19,1.02867,1.02909,1.02765,1.02832,3196.42
2015-04-20,1.02832,1.03017,1.02335,1.02688,86819.45
2015-04-21,1.02688,1.02743,1.02349,1.02549,84723.41
2015-04-22,1.02549,1.04267,1.02388,1.03983,102266.1
2015-04-23,1.03983,1.04012,1.03124,1.03365,109578.76
2015-04-24,1.03363,1.03803,1.03179,1.03723,99613.77
2015-04-26,1.0369,1.03706,1.0361,1.03614,2309.74
2015-04-27,1.03615,1.0414,1.0347,1.03891,87895.43
2015-04-28,1.03889,1.04974,1.03788,1.04861,99297.82
2015-04-29,1.04862,1.05077,1.04259,1.04493,125502.81
2015-04-30,1.04494,1.05235,1.0429,1.04664,130405.69
2015-05-01,1.04666,1.05033,1.04412,1.04412,84622.13
2015-05-03,1.04492,1.04595,1.04396,1.04421,3203.0
2015-05-04,1.04421,1.0479,1.04033,1.04089,71352.47
2015-05-05,1.04089,1.04249,1.03461,1.03688,97969.01
2015-05-06,1.0369,1.03988,1.03545,1.03924,103444.09
2015-05-07,1.03927,1.04024,1.03044,1.03648,103108.94
2015-05-08,1.03647,1.04499,1.03316,1.04377,112278.26
2015-05-10,1.04312,1.0436,1.04278,1.04296,3197.49
2015-05-11,1.04296,1.0434,1.03865,1.04163,93659.73
2015-05-12,1.04164,1.04373,1.03845,1.04171,103597.41
2015-05-13,1.04171,1.044,1.04026,1.04066,107735.17
2015-05-14,1.04065,1.04302,1.0383,1.04048,106972.54
2015-05-15,1.04047,1.05057,1.04001,1.04808,104509.04
2015-05-17,1.04818,1.04909,1.0472,1.0475,3386.01
2015-05-18,1.04751,1.05011,1.04523,1.04875,92788.9
2015-05-19,1.04875,1.04884,1.04035,1.04427,119579.33
2015-05-20,1.04427,1.04455,1.03889,1.03924,125563.99
2015-05-21,1.03924,1.04174,1.03846,1.04173,107251.0
2015-05-22,1.0418,1.04509,1.03784,1.03784,99218.3
2015-05-24,1.03781,1.03818,1.03544,1.03672,5951.34
2015-05-25,1.03673,1.03846,1.03399,1.03735,49514.55
2015-05-26,1.03735,1.0378,1.03226,1.03622,99325.1
2015-05-27,1.03622,1.03691,1.03158,1.03507,88098.43
2015-05-28,1.03507,1.03621,1.03047,1.0337,103158.89
2015-05-29,1.03369,1.03637,1.02795,1.03338,103869.19
2015-05-31,1.03166,1.03258,1.03109,1.03157,2937.04
2015-06-01,1.03157,1.03506,1.02956,1.03323,100073.67
2015-06-02,1.03324,1.04336,1.03117,1.04063,117197.4
2015-06-03,1.04061,1.05402,1.03978,1.0523,113063.4
2015-06-04,1.05228,1.05743,1.04656,1.04773,109470.57
2015-06-05,1.04772,1.05349,1.04392,1.04392,108094.78
2015-06-07,1.04475,1.04519,1.04417,1.04433,2994.28
2015-06-08,1.0443,1.0509,1.04395,1.04611,102054.49
2015-06-09,1.04611,1.05126,1.04415,1.05065,102116.59
2015-06-10,1.05065,1.0553,1.04741,1.05427,114430.26
2015-06-11,1.05427,1.05549,1.04924,1.05011,98008.38
2015-06-12,1.05011,1.05071,1.04258,1.04561,101745.71
2015-06-14,1.04258,1.0433,1.04209,1.04328,4421.25
2015-06-15,1.04328,1.0542,1.04318,1.04848,92501.9
2015-06-16,1.04848,1.05077,1.04543,1.04752,80319.8
2015-06-17,1.04751,1.04832,1.04031,1.04657,105859.69
2015-06-18,1.04656,1.05344,1.04379,1.0478,110929.38
2015-06-19,1.0478,1.04799,1.04024,1.04076,77095.46
2015-06-21,1.04282,1.04358,1.04163,1.04352,2351.64
2015-06-22,1.04351,1.04804,1.04104,1.04568,81614.2
2015-06-23,1.04568,1.0474,1.0425,1.04314,91434.69
2015-06-24,1.04314,1.04736,1.04228,1.04614,87127.6
2015-06-25,1.04614,1.05459,1.04525,1.04914,85306.69
2015-06-26,1.04914,1.04919,1.04098,1.04167,75614.45
2015-06-28,1.03244,1.03366,1.03136,1.03199,10347.35
2015-06-29,1.032,1.04393,1.03175,1.03871,104134.82
2015-06-30,1.03869,1.04525,1.03713,1.04108,98029.94
2015-07-01,1.04108,1.0493,1.04031,1.04707,95894.94
2015-07-02,1.04709,1.05241,1.04477,1.04607,97029.59
2015-07-03,1.04607,1.04714,1.04213,1.04408,80630.36
2015-07-05,1.03658,1.04168,1.03551,1.03821,8993.82
2015-07-06,1.03819,1.04568,1.03816,1.04179,99687.46
2015-07-07,1.0418,1.04368,1.03658,1.042,106468.62
2015-07-08,1.04199,1.05177,1.03929,1.04691,103934.03
2015-07-09,1.04692,1.05071,1.04298,1.04818,90702.14
2015-07-10,1.04818,1.0525,1.04256,1.04608,92059.98
2015-07-12,1.04466,1.04749,1.04445,1.0462,4237.15
2015-07-13,1.04619,1.05127,1.04413,1.04423,99306.7
2015-07-14,1.04423,1.04647,1.03993,1.04007,94290.84
2015-07-15,1.04007,1.04528,1.03966,1.04206,87682.16
2015-07-16,1.04206,1.04387,1.03972,1.04181,83586.15
2015-07-17,1.0418,1.04407,1.04082,1.04128,70313.95
2015-07-19,1.04126,1.04277,1.04105,1.0423,3921.28
2015-07-20,1.0423,1.04567,1.04118,1.04375,75555.34
2015-07-21,1.04373,1.04935,1.04251,1.04774,95777.92
2015-07-22,1.04775,1.0493,1.04581,1.04852,76633.2
2015-07-23,1.04852,1.05527,1.04698,1.0541,81494.52
2015-07-24,1.05407,1.05805,1.05062,1.05638,67983.55
2015-07-26,1.05578,1.0574,1.05564,1.05614,2400.84
2015-07-27,1.05617,1.069,1.05572,1.06687,96638.31
2015-07-28,1.06686,1.06749,1.06314,1.06389,87299.38
2015-07-29,1.06389,1.06562,1.06087,1.06242,89473.47
2015-07-30,1.06237,1.06671,1.05756,1.05939,85626.94
2015-07-31,1.05941,1.06523,1.05307,1.06098,94975.09
2015-08-02,1.06053,1.06182,1.06011,1.06075,3829.56
2015-08-03,1.06075,1.06229,1.05901,1.06127,76140.42
2015-08-04,1.06128,1.0672,1.05997,1.06458,84646.91
2015-08-05,1.06458,1.06818,1.06209,1.06751,99348.42
2015-08-06,1.06751,1.0723,1.06707,1.0716,81331.65
2015-08-07,1.07161,1.07885,1.07062,1.07818,83487.98
2015-08-09,1.07607,1.07846,1.07596,1.07808,2139.94
2015-08-10,1.07808,1.08418,1.07598,1.08353,70249.04
2015-08-11,1.08352,1.09197,1.07719,1.09093,88027.14
2015-08-12,1.09095,1.09612,1.08409,1.08811,98026.16
2015-08-13,1.08806,1.08926,1.08267,1.08843,94996.73
2015-08-14,1.08843,1.08913,1.08345,1.08389,80188.34
2015-08-16,1.08502,1.08544,1.08376,1.08396,2785.0
2015-08-17,1.08397,1.08537,1.08139,1.0836,74668.05
2015-08-18,1.08361,1.0848,1.07596,1.07808,68556.08
2015-08-19,1.07808,1.08013,1.07124,1.07372,83097.27
2015-08-20,1.07371,1.07932,1.07122,1.07763,87027.97
2015-08-21,1.07763,1.08037,1.07543,1.07686,97521.53
2015-08-23,1.07634,1.07839,1.07633,1.07758,7284.92
2015-08-24,1.07758,1.08761,1.07615,1.08048,143748.61
2015-08-25,1.08049,1.08803,1.07702,1.0847,126853.84
2015-08-26,1.08471,1.08579,1.07609,1.07938,131717.72
2015-08-27,1.0794,1.0871,1.07552,1.0854,111971.06
2015-08-28,1.0854,1.08694,1.07325,1.0766,95399.59
2015-08-30,1.07477,1.07781,1.07416,1.07763,6181.62
2015-08-31,1.07758,1.08543,1.07679,1.08341,81422.15
2015-09-01,1.08341,1.0871,1.08151,1.08449,101355.94
2015-09-02,1.08449,1.09015,1.08306,1.08778,84491.15
2015-09-03,1.08779,1.09025,1.08199,1.08341,88927.2
2015-09-04,1.08336,1.08736,1.07992,1.08261,82301.35
2015-09-06,1.08302,1.08449,1.083,1.08395,2022.33
2015-09-07,1.08395,1.08991,1.08288,1.08899,66953.82
2015-09-08,1.089,1.09828,1.08721,1.09599,83160.92
2015-09-09,1.096,1.09737,1.08782,1.09403,94160.84
2015-09-10,1.09403,1.09851,1.0921,1.09803,98406.74
2015-09-11,1.09805,1.105,1.0964,1.0985,76544.33
2015-09-13,1.09816,1.09986,1.09772,1.09904,3605.74
2015-09-14,1.09903,1.10114,1.09384,1.09494,72793.05
2015-09-15,1.09499,1.09984,1.09426,1.0979,64511.21
2015-09-16,1.09792,1.09937,1.0915,1.09556,78469.52
2015-09-17,1.09557,1.09947,1.09464,1.09688,99863.46
2015-09-18,1.09687,1.09773,1.08997,1.09356,94706.06
2015-09-20,1.09382,1.09473,1.09319,1.09448,4292.39
2015-09-21,1.09446,1.0958,1.08436,1.08751,82652.56
2015-09-22,1.0875,1.08881,1.08231,1.08464,73016.6
2015-09-23,1.08477,1.0959,1.08401,1.0954,78583.85
2015-09-24,1.09539,1.09666,1.09161,1.09352,88894.34
2015-09-25,1.09352,1.09822,1.08908,1.09564,77255.61
2015-09-27,1.09481,1.09698,1.09444,1.09679,1783.92
2015-09-28,1.09676,1.09695,1.09105,1.09459,82657.97
2015-09-29,1.09463,1.09557,1.08954,1.09284,94790.73
2015-09-30,1.09284,1.09451,1.08744,1.08817,93526.12
2015-10-01,1.08824,1.09419,1.08749,1.09274,81768.68
2015-10-02,1.09274,1.09417,1.08846,1.08859,90366.08
2015-10-04,1.08893,1.09057,1.08872,1.08964,8786.07
2015-10-05,1.08978,1.09447,1.08938,1.09201,70859.96
2015-10-06,1.092,1.09399,1.08959,1.09006,67173.98
2015-10-07,1.09007,1.09482,1.0865,1.09381,87346.04
2015-10-08,1.09378,1.09475,1.08909,1.09043,85423.06
2015-10-09,1.09043,1.09298,1.08796,1.0919,74061.88
2015-10-11,1.09122,1.09278,1.09071,1.09273,5252.33
2015-10-12,1.0927,1.09441,1.0913,1.09311,54719.57
2015-10-13,1.09312,1.09496,1.08899,1.09093,75303.03
2015-10-14,1.09097,1.09172,1.0877,1.08954,75697.71
2015-10-15,1.08955,1.09091,1.08092,1.08149,83387.78
2015-10-16,1.08149,1.08521,1.07819,1.08178,61331.67
2015-10-18,1.08293,1.08302,1.08182,1.08254,4309.51
2015-10-19,1.08255,1.0852,1.08094,1.08337,54207.45
2015-10-20,1.08337,1.08545,1.07966,1.08545,61087.57
2015-10-21,1.08544,1.0894,1.08379,1.08833,70478.63
2015-10-22,1.08833,1.08993,1.07812,1.079,100052.77
2015-10-23,1.07902,1.08276,1.07579,1.07793,91756.62
2015-10-25,1.07647,1.07864,1.07647,1.07839,3495.06
2015-10-26,1.07843,1.08773,1.07724,1.08659,73552.3
2015-10-27,1.08659,1.08985,1.0848,1.08914,70965.75
2015-10-28,1.08911,1.09089,1.0827,1.0857,86039.37
2015-10-29,1.08568,1.08771,1.08367,1.08702,88122.46
2015-10-30,1.08702,1.09176,1.08508,1.08662,91757.92
2015-11-01,1.08739,1.08844,1.08689,1.08717,4046.09
2015-11-02,1.08718,1.08933,1.08552,1.08739,65835.99
2015-11-03,1.08738,1.08763,1.0845,1.08638,67211.23
2015-11-04,1.08636,1.08655,1.07796,1.07894,79132.45
2015-11-05,1.07893,1.08436,1.07859,1.08306,75738.55
2015-11-06,1.0831,1.08397,1.07335,1.07941,88700.89
2015-11-08,1.07801,1.07965,1.07792,1.07904,2355.5
2015-11-09,1.07904,1.08183,1.07661,1.07931,93982.65
2015-11-10,1.07932,1.07992,1.07612,1.07932,85809.08
2015-11-11,1.0793,1.08054,1.07687,1.07998,79994.33
2015-11-12,1.07998,1.08266,1.07551,1.08168,97782.56
2015-11-13,1.08168,1.0835,1.07802,1.08297,86250.29
2015-11-15,1.08039,1.08103,1.07838,1.07846,5306.76
2015-11-16,1.07843,1.0817,1.07831,1.07892,85570.75
2015-11-17,1.07889,1.082,1.0773,1.07953,92911.58
2015-11-18,1.07953,1.08742,1.07891,1.08724,88505.26
2015-11-19,1.08724,1.09,1.08602,1.08705,99815.05
2015-11-20,1.08705,1.08765,1.08337,1.08405,86421.37
2015-11-22,1.08476,1.08497,1.08413,1.08473,4043.36
2015-11-23,1.08472,1.08556,1.08131,1.08322,87865.49
2015-11-24,1.08322,1.0852,1.08113,1.08246,82284.0
2015-11-25,1.08243,1.08599,1.08102,1.08546,91650.03
2015-11-26,1.08547,1.0878,1.08411,1.0856,56103.11
2015-11-27,1.08554,1.09271,1.08525,1.09027,84362.24
2015-11-29,1.09045,1.09118,1.09013,1.09035,2144.98
2015-11-30,1.09039,1.09168,1.08453,1.08767,91341.71
2015-12-01,1.08768,1.09347,1.08552,1.09054,99116.08
2015-12-02,1.09054,1.09102,1.08049,1.08085,107281.88
2015-12-03,1.08083,1.09407,1.07986,1.08495,156691.19
2015-12-04,1.08497,1.09156,1.08294,1.08315,115081.32
2015-12-06,1.08427,1.08534,1.08402,1.08473,4726.02
2015-12-07,1.08465,1.08768,1.08151,1.08397,83187.68
2015-12-08,1.08397,1.0858,1.0801,1.08142,87959.51
2015-12-09,1.08142,1.08541,1.0814,1.08328,93099.39
2015-12-10,1.08328,1.08471,1.07943,1.08179,85653.35
2015-12-11,1.08179,1.08403,1.07948,1.08027,93479.94
2015-12-13,1.08086,1.08118,1.07943,1.08064,2846.72
2015-12-14,1.08065,1.08424,1.07664,1.08347,97370.25
2015-12-15,1.08348,1.08447,1.08032,1.08332,102359.12
2015-12-16,1.08334,1.08383,1.07601,1.07924,107971.99
2015-12-17,1.07926,1.08233,1.07733,1.07846,85882.62
2015-12-18,1.07846,1.07968,1.07561,1.07752,75658.22
2015-12-20,1.07788,1.07833,1.07712,1.07814,2480.37
2015-12-21,1.07814,1.084,1.0774,1.08322,70779.38
2015-12-22,1.08325,1.08461,1.08115,1.08172,62333.33
2015-12-23,1.08172,1.0825,1.08007,1.08058,55537.49
2015-12-24,1.08058,1.08212,1.07995,1.0808,31322.93
2015-12-25,1.08079,1.08346,1.08072,1.08129,1358.14
2015-12-27,1.08148,1.08262,1.08123,1.08211,2763.19
2015-12-28,1.08213,1.08546,1.08145,1.08431,44493.64
2015-12-29,1.08431,1.08559,1.0826,1.08423,50844.05
2015-12-30,1.08423,1.08504,1.07777,1.0805,53133.94
2015-12-31,1.08051,1.08949,1.07932,1.08787,52534.69
2016-01-03,1.08784,1.08796,1.08457,1.08478,3008.84
2016-01-04,1.08479,1.09007,1.08355,1.08531,85636.35
2016-01-05,1.0853,1.08784,1.0835,1.08428,85105.77
2016-01-06,1.0843,1.08698,1.08266,1.0857,94780.66
2016-01-07,1.0857,1.08844,1.08415,1.08585,105387.99
2016-01-08,1.08586,1.08848,1.08418,1.08621,100054.76
2016-01-10,1.08565,1.08797,1.08366,1.08535,7485.65
2016-01-11,1.08533,1.0883,1.08444,1.0874,83854.1
2016-01-12,1.08738,1.08865,1.0843,1.08768,92654.78
2016-01-13,1.08767,1.09546,1.08695,1.09512,99416.96
2016-01-14,1.09511,1.0982,1.09096,1.09152,110559.88
2016-01-15,1.09151,1.09613,1.09147,1.09224,111614.81
2016-01-17,1.09406,1.09421,1.09249,1.09378,3306.37
2016-01-18,1.09377,1.09625,1.09339,1.09471,65865.73
2016-01-19,1.0947,1.09646,1.09115,1.09466,95549.21
2016-01-20,1.09471,1.0979,1.09076,1.09382,123558.83
2016-01-21,1.09382,1.09737,1.09179,1.0945,150000.86
2016-01-22,1.0945,1.0987,1.09223,1.09668,101767.71
2016-01-24,1.09657,1.0974,1.09628,1.09734,2205.43
2016-01-25,1.09735,1.10061,1.09567,1.09875,92825.02
2016-01-26,1.09874,1.10598,1.09867,1.10467,92323.9
2016-01-27,1.10474,1.10756,1.10293,1.10599,106915.03
2016-01-28,1.10595,1.11067,1.10457,1.10882,103493.64
2016-01-29,1.1088,1.11652,1.10572,1.10773,131787.99
2016-01-31,1.10618,1.10923,1.10618,1.10899,2418.4
2016-02-01,1.10895,1.1116,1.10746,1.11089,95451.68
2016-02-02,1.11086,1.11589,1.11009,1.1124,95657.39
2016-02-03,1.1124,1.11605,1.1098,1.11517,128143.92
2016-02-04,1.11517,1.11993,1.11147,1.11245,146466.43
2016-02-05,1.11244,1.11344,1.10336,1.10509,117880.67
2016-02-07,1.10592,1.10658,1.10546,1.10643,2836.34
2016-02-08,1.10635,1.10953,1.10185,1.10461,124489.6
2016-02-09,1.1046,1.10531,1.09575,1.09833,168195.24
2016-02-10,1.09828,1.09954,1.09509,1.09804,171649.64
2016-02-11,1.09804,1.10428,1.09493,1.10025,169202.7
2016-02-12,1.10022,1.10214,1.09649,1.0991,126949.15
2016-02-14,1.09779,1.09903,1.09767,1.09799,3334.9
2016-02-15,1.09795,1.10312,1.09733,1.10204,99323.53
2016-02-16,1.10205,1.10327,1.10059,1.10125,114328.29
2016-02-17,1.10125,1.10611,1.10052,1.10383,120551.84
2016-02-18,1.10386,1.10543,1.10206,1.10311,127497.73
2016-02-19,1.1031,1.10483,1.09981,1.1012,115417.19
2016-02-21,1.09979,1.10177,1.09972,1.10172,5341.79
2016-02-22,1.10172,1.10282,1.09924,1.10253,114162.95
2016-02-23,1.10254,1.10254,1.09152,1.09285,120158.99
2016-02-24,1.09286,1.09429,1.08647,1.08958,139610.89
2016-02-25,1.08958,1.09481,1.08892,1.09143,125287.09
2016-02-26,1.09143,1.09413,1.0885,1.0892,121144.24
2016-02-28,1.08871,1.08972,1.08849,1.08881,4126.13
2016-02-29,1.08883,1.09298,1.08095,1.08626,122209.82
2016-03-01,1.08619,1.08784,1.08229,1.08394,129854.11
2016-03-02,1.08385,1.0859,1.08203,1.08322,124319.69
2016-03-03,1.0832,1.08736,1.08267,1.08628,130964.49
2016-03-04,1.08628,1.09469,1.08507,1.09235,123046.53
2016-03-06,1.0914,1.09333,1.0914,1.09286,3925.82
2016-03-07,1.09286,1.09745,1.09166,1.0966,100133.47
2016-03-08,1.09659,1.09696,1.09169,1.09609,112847.51
2016-03-09,1.09609,1.1,1.09465,1.09653,111350.69
2016-03-10,1.09653,1.10225,1.0892,1.10035,165070.38
2016-03-11,1.10034,1.10163,1.09343,1.09504,116067.89
2016-03-13,1.09601,1.09741,1.09393,1.09732,10064.83
2016-03-14,1.0973,1.0991,1.09454,1.09562,99841.37
2016-03-15,1.09562,1.09713,1.09437,1.09646,99198.91
2016-03-16,1.09644,1.09804,1.09392,1.09689,115392.02
2016-03-17,1.09688,1.09951,1.09216,1.09439,132086.64
2016-03-18,1.09435,1.09467,1.09044,1.09217,118299.08
2016-03-20,1.09278,1.09354,1.09234,1.09336,3140.14
2016-03-21,1.09334,1.09436,1.08935,1.09062,109816.72
2016-03-22,1.09063,1.09166,1.08748,1.09163,87770.26
2016-03-23,1.09162,1.0924,1.08738,1.09041,85500.34
2016-03-24,1.09041,1.09094,1.08743,1.08972,78582.55
2016-03-25,1.08976,1.09232,1.08919,1.09042,25170.43
2016-03-27,1.09141,1.09212,1.09055,1.09172,3441.18
2016-03-28,1.09171,1.09176,1.08974,1.09048,37726.6
2016-03-29,1.09049,1.09285,1.08844,1.09114,108529.9
2016-03-30,1.09114,1.09426,1.08917,1.09373,103455.78
2016-03-31,1.09372,1.0953,1.09056,1.09374,110595.39
2016-04-01,1.09374,1.09504,1.09015,1.09038,97434.25
2016-04-03,1.09112,1.09249,1.09089,1.09231,3203.65
2016-04-04,1.09233,1.09323,1.09115,1.09203,78330.69
2016-04-05,1.09202,1.09251,1.0878,1.08868,97402.48
2016-04-06,1.08868,1.09121,1.08811,1.0896,93298.95
2016-04-07,1.08961,1.09067,1.0843,1.08707,107569.11
2016-04-08,1.08709,1.08946,1.08595,1.08628,92236.18
2016-04-10,1.08676,1.08762,1.0863,1.08724,3500.28
2016-04-11,1.08724,1.08981,1.08636,1.08864,70365.12
2016-04-12,1.0886,1.08927,1.087,1.08756,91486.73
2016-04-13,1.08755,1.09108,1.08704,1.09009,102149.76
2016-04-14,1.09008,1.09021,1.08664,1.08871,96384.32
2016-04-15,1.08873,1.09269,1.08847,1.09172,81893.82
2016-04-17,1.09126,1.09221,1.0908,1.09169,5037.36
2016-04-18,1.09169,1.09226,1.09025,1.09074,78515.39
2016-04-19,1.09074,1.09288,1.09031,1.09254,84654.26
2016-04-20,1.09255,1.09893,1.09177,1.09772,92364.05
2016-04-21,1.09772,1.10089,1.09629,1.10069,101138.65
2016-04-22,1.10069,1.10162,1.0977,1.09771,90863.6
2016-04-24,1.09849,1.09917,1.09773,1.09885,6479.63
2016-04-25,1.09885,1.09935,1.09637,1.09854,78368.98
2016-04-26,1.09852,1.10033,1.09823,1.09994,85660.54
2016-04-27,1.09992,1.10096,1.09897,1.09975,96541.66
2016-04-28,1.09974,1.10048,1.09645,1.09741,107400.92
2016-04-29,1.09741,1.09946,1.09546,1.09803,111606.55
2016-05-01,1.09743,1.09922,1.09733,1.0988,7736.38
2016-05-02,1.09878,1.10094,1.09859,1.10086,69536.73
2016-05-03,1.10082,1.10165,1.09595,1.09706,102402.3
2016-05-04,1.09706,1.10035,1.097,1.09972,89790.11
2016-05-05,1.09971,1.10493,1.09954,1.10369,84424.63
2016-05-06,1.10368,1.1093,1.10336,1.1086,75198.7
2016-05-08,1.10759,1.10874,1.10746,1.10746,3238.66
2016-05-09,1.10747,1.10838,1.10367,1.10556,65546.7
2016-05-10,1.1056,1.11032,1.10505,1.10935,67474.08
2016-05-11,1.10933,1.1108,1.10803,1.1093,63058.51
2016-05-12,1.10931,1.10986,1.10262,1.10444,83053.74
2016-05-13,1.10442,1.10512,1.10147,1.10229,81707.52
2016-05-15,1.10205,1.10416,1.10196,1.10401,2572.98
2016-05-16,1.10393,1.10719,1.10315,1.1068,54548.54
2016-05-17,1.10676,1.1095,1.10567,1.10891,72349.48
2016-05-18,1.10884,1.10967,1.10645,1.10847,89002.09
2016-05-19,1.10849,1.11007,1.10673,1.10995,87298.4
2016-05-20,1.10994,1.11288,1.10985,1.11065,66284.94
2016-05-22,1.11073,1.11213,1.1107,1.11211,3744.9
2016-05-23,1.11213,1.11231,1.10927,1.10974,81968.0
2016-05-24,1.10974,1.11131,1.10593,1.10596,88545.37
2016-05-25,1.10595,1.10667,1.1038,1.10568,81720.21
2016-05-26,1.1057,1.10864,1.1053,1.10714,85411.23
2016-05-27,1.10713,1.10791,1.10404,1.10507,92969.54
2016-05-29,1.10507,1.1057,1.10491,1.10507,4285.92
2016-05-30,1.10507,1.1071,1.10407,1.10528,65715.72
2016-05-31,1.10528,1.1074,1.10295,1.10571,100319.59
2016-06-01,1.10568,1.10694,1.10236,1.1058,104817.72
2016-06-02,1.1058,1.10675,1.1036,1.10444,91157.98
2016-06-03,1.10446,1.11056,1.10326,1.10872,100630.01
2016-06-05,1.10837,1.10953,1.10772,1.10775,6354.15
2016-06-06,1.1077,1.10984,1.10183,1.1024,90298.02
2016-06-07,1.1024,1.10327,1.09586,1.09628,86443.48
2016-06-08,1.09628,1.09853,1.09251,1.09284,89460.44
2016-06-09,1.09285,1.09352,1.08853,1.09098,100238.71
2016-06-10,1.09096,1.091,1.08442,1.08457,95294.87
2016-06-12,1.08579,1.08604,1.08393,1.08409,7002.51
2016-06-13,1.08408,1.09221,1.08394,1.08661,92008.14
2016-06-14,1.08662,1.08837,1.07899,1.08029,82545.68
2016-06-15,1.08028,1.08607,1.07927,1.08225,86984.0
2016-06-16,1.08224,1.08739,1.07767,1.08739,111852.58
2016-06-17,1.08734,1.08734,1.0809,1.08146,81128.12
2016-06-19,1.08875,1.09092,1.08828,1.08912,8516.0
2016-06-20,1.08908,1.09049,1.08606,1.08909,89758.4
2016-06-21,1.08906,1.09034,1.0798,1.08244,81597.71
2016-06-22,1.08246,1.08734,1.08015,1.08687,83773.44
2016-06-23,1.08684,1.10119,1.08357,1.08989,118398.53
2016-06-24,1.08981,1.08989,1.06218,1.07963,203139.88
2016-06-26,1.07335,1.07583,1.07306,1.07411,12396.18
2016-06-27,1.07412,1.08051,1.07151,1.07779,144607.22
2016-06-28,1.07779,1.0873,1.07748,1.08589,106792.67
2016-06-29,1.08589,1.08984,1.08359,1.08938,95021.97
2016-06-30,1.08939,1.08973,1.07992,1.08391,110422.14
2016-07-01,1.08389,1.08582,1.08187,1.08321,87708.5
2016-07-03,1.08333,1.08523,1.08294,1.08433,5379.8
2016-07-04,1.0843,1.08488,1.08172,1.08209,63258.75
2016-07-05,1.08209,1.08491,1.08049,1.08085,88756.4
2016-07-06,1.08082,1.084,1.07935,1.08194,107771.82
2016-07-07,1.08195,1.08367,1.0805,1.08279,82224.94
2016-07-08,1.08278,1.0874,1.08268,1.08583,81449.32
2016-07-10,1.0845,1.08686,1.0845,1.08592,7514.62
2016-07-11,1.08589,1.08739,1.08461,1.08656,82110.89
2016-07-12,1.08656,1.09442,1.08651,1.09392,94964.52
2016-07-13,1.09392,1.09409,1.08983,1.09222,97043.6
2016-07-14,1.09222,1.09423,1.08799,1.09008,106101.95
2016-07-15,1.09007,1.09164,1.08382,1.084,97537.67
2016-07-17,1.08532,1.08763,1.08462,1.08744,7883.49
2016-07-18,1.08744,1.08943,1.08624,1.0878,87232.34
2016-07-19,1.08783,1.08905,1.08373,1.08596,88068.79
2016-07-20,1.08597,1.08912,1.08433,1.08675,199398.98
2016-07-21,1.08675,1.09035,1.08585,1.08658,413016.66
2016-07-22,1.08658,1.0876,1.08292,1.08297,349402.74
2016-07-24,1.08297,1.08429,1.08297,1.08391,9440.67
2016-07-25,1.08391,1.08461,1.08172,1.08347,283880.96
2016-07-26,1.08347,1.09078,1.08304,1.09003,317035.22
2016-07-27,1.09006,1.09368,1.08922,1.08995,357486.72
2016-07-28,1.08995,1.09335,1.0856,1.08588,329492.56
2016-07-29,1.08588,1.08618,1.07892,1.08291,393269.2
2016-07-31,1.0831,1.08364,1.08244,1.08263,8865.51
2016-08-01,1.08264,1.0834,1.07945,1.08124,247499.47
2016-08-02,1.08127,1.08345,1.08058,1.08239,316004.15
2016-08-03,1.0824,1.08586,1.08188,1.08472,281781.92
2016-08-04,1.08473,1.08497,1.08266,1.08432,265009.28
2016-08-05,1.08433,1.08772,1.08403,1.08671,209592.82
2016-08-07,1.08599,1.08773,1.08531,1.08705,7638.54
2016-08-08,1.08705,1.09034,1.0865,1.08954,165676.59
2016-08-09,1.08954,1.09198,1.08866,1.09132,145953.15
2016-08-10,1.09131,1.09247,1.0891,1.08929,128968.81
2016-08-11,1.08929,1.08992,1.08539,1.08597,126831.46
2016-08-12,1.08597,1.08995,1.08547,1.08732,121867.3
2016-08-14,1.08762,1.08898,1.08703,1.0881,7039.75
2016-08-15,1.08807,1.09023,1.08716,1.0881,111226.58
2016-08-16,1.08811,1.0889,1.08362,1.08451,170442.61
2016-08-17,1.08451,1.08643,1.08354,1.08636,160237.83
2016-08-18,1.08636,1.08702,1.08282,1.08322,193720.81
2016-08-19,1.08323,1.08741,1.08265,1.08627,161733.99
2016-08-21,1.08676,1.08777,1.08615,1.08664,15563.67
2016-08-22,1.08665,1.09002,1.08593,1.08998,162238.27
2016-08-23,1.08998,1.09062,1.0876,1.08877,179008.28
2016-08-24,1.08877,1.08987,1.08687,1.08923,161990.03
2016-08-25,1.08923,1.09237,1.08822,1.09166,147038.34
2016-08-26,1.09166,1.09584,1.08986,1.09516,206170.04
2016-08-28,1.09427,1.09545,1.09371,1.09498,7754.89
2016-08-29,1.09499,1.09518,1.09255,1.09429,183348.07
2016-08-30,1.09429,1.0967,1.0933,1.09614,172219.15
2016-08-31,1.0961,1.09796,1.09368,1.09744,199829.26
2016-09-01,1.09744,1.10005,1.09561,1.09728,215176.54
2016-09-02,1.09728,1.09822,1.09325,1.09326,224649.71
2016-09-04,1.09397,1.09397,1.09326,1.09356,14903.94
2016-09-05,1.09357,1.09396,1.09206,1.09282,133836.16
2016-09-06,1.09282,1.09451,1.09079,1.0911,193961.39
2016-09-07,1.0911,1.09146,1.08877,1.08982,172146.91
2016-09-08,1.08982,1.09553,1.08956,1.09515,228727.01
2016-09-09,1.09515,1.09755,1.09468,1.09539,188994.55
2016-09-11,1.09515,1.0958,1.09469,1.09577,11652.76
2016-09-12,1.09576,1.09737,1.09159,1.09206,222210.8
2016-09-13,1.09207,1.09684,1.09116,1.09593,199148.46
2016-09-14,1.09594,1.09846,1.09378,1.09453,237148.03
2016-09-15,1.09453,1.09621,1.09207,1.09238,238979.13
2016-09-16,1.09238,1.09559,1.09203,1.09321,208028.11
2016-09-18,1.09254,1.09383,1.09234,1.09319,14844.52
2016-09-19,1.09319,1.09598,1.09283,1.09556,143109.47
2016-09-20,1.09555,1.09596,1.09161,1.092,192258.69
2016-09-21,1.09199,1.09238,1.08749,1.08941,339243.33
2016-09-22,1.08941,1.09084,1.08561,1.08625,244618.56
2016-09-23,1.08626,1.09138,1.08594,1.08862,243501.21
2016-09-25,1.08841,1.08971,1.08801,1.08927,15529.01
2016-09-26,1.08927,1.09111,1.08769,1.09025,232663.14
2016-09-27,1.09025,1.09112,1.08697,1.0887,245169.88
2016-09-28,1.08869,1.09006,1.08746,1.08928,252031.41
2016-09-29,1.08928,1.09084,1.0832,1.08383,272509.25
2016-09-30,1.08382,1.09186,1.08105,1.09157,386504.84
2016-10-02,1.09045,1.09232,1.08967,1.09181,13605.19
2016-10-03,1.09181,1.09278,1.09009,1.09159,176913.6
2016-10-04,1.0916,1.09745,1.09111,1.09674,302120.81
2016-10-05,1.09674,1.09751,1.09122,1.09156,224774.36
2016-10-06,1.09156,1.09496,1.09138,1.09245,246693.9
2016-10-07,1.09244,1.09568,1.09096,1.0942,350843.05
2016-10-09,1.094,1.09531,1.09366,1.09443,10081.85
2016-10-10,1.09444,1.09722,1.09344,1.09418,168018.81
2016-10-11,1.09418,1.09582,1.09216,1.09264,238695.18
2016-10-12,1.09264,1.09298,1.0892,1.09027,256797.32
2016-10-13,1.09028,1.09102,1.08695,1.09005,244972.18
2016-10-14,1.09004,1.09004,1.08627,1.08638,246177.23
2016-10-16,1.08642,1.08673,1.0858,1.08613,6203.76
2016-10-17,1.08613,1.08857,1.08605,1.08795,186359.21
2016-10-18,1.08795,1.08945,1.08629,1.08672,193879.19
2016-10-19,1.08676,1.08805,1.08453,1.0855,198250.42
2016-10-20,1.0855,1.08716,1.08326,1.08485,206529.6
2016-10-21,1.08485,1.08534,1.08065,1.08097,204998.05
2016-10-23,1.08179,1.08214,1.08111,1.08176,11376.92
2016-10-24,1.08177,1.08291,1.07969,1.08072,99582.93
2016-10-25,1.08072,1.08634,1.08063,1.08277,66425.83
2016-10-26,1.08278,1.08433,1.08195,1.08376,67023.21
2016-10-27,1.08375,1.08482,1.08235,1.08296,66317.17
2016-10-28,1.08296,1.08636,1.08295,1.08489,72018.56
2016-10-30,1.08422,1.08509,1.08388,1.08457,5028.3
2016-10-31,1.08458,1.08634,1.08171,1.08526,66318.74
2016-11-01,1.08526,1.08569,1.0762,1.07811,87564.05
2016-11-02,1.07814,1.08052,1.07536,1.0796,98030.52
2016-11-03,1.07962,1.08236,1.07722,1.08162,94806.35
2016-11-04,1.08161,1.08254,1.07646,1.07849,75861.62
2016-11-06,1.08155,1.08276,1.07938,1.08117,6838.06
2016-11-07,1.08116,1.0824,1.07546,1.0763,78196.77
2016-11-08,1.0763,1.08123,1.07555,1.07926,82626.13
2016-11-09,1.07926,1.08312,1.07377,1.07507,241414.01
2016-11-10,1.07507,1.07781,1.07371,1.07481,118148.78
2016-11-11,1.07479,1.07608,1.07056,1.0719,121269.42
2016-11-13,1.07149,1.07251,1.07092,1.07108,12191.79
2016-11-14,1.0711,1.07482,1.06873,1.07151,133309.88
2016-11-15,1.07149,1.07585,1.07107,1.07404,120674.61
2016-11-16,1.07405,1.07551,1.07024,1.0716,117227.31
2016-11-17,1.07161,1.07414,1.06946,1.07012,116071.69
2016-11-18,1.07011,1.07196,1.0686,1.06939,119680.78
2016-11-20,1.0704,1.07088,1.06945,1.06993,10746.92
2016-11-21,1.06994,1.07401,1.06975,1.07203,119415.12
2016-11-22,1.07201,1.07488,1.07177,1.07474,104347.76
2016-11-23,1.07473,1.07526,1.07117,1.07261,101222.07
2016-11-24,1.07261,1.07444,1.07157,1.07384,106672.73
2016-11-25,1.07383,1.07555,1.07265,1.07336,138700.27
2016-11-27,1.07321,1.07482,1.07316,1.0744,4909.4
2016-11-28,1.07436,1.07699,1.07373,1.07495,120149.95
2016-11-29,1.07495,1.07761,1.0741,1.07717,109668.77
2016-11-30,1.07716,1.08165,1.07641,1.07706,141798.65
2016-12-01,1.07705,1.0783,1.07483,1.07764,160390.73
2016-12-02,1.07762,1.07901,1.07348,1.07735,120607.08
2016-12-04,1.07567,1.07601,1.06963,1.07204,21809.7
2016-12-05,1.07206,1.08525,1.07194,1.0832,170128.57
2016-12-06,1.08317,1.08476,1.08086,1.08256,95889.43
2016-12-07,1.08256,1.08481,1.0816,1.08326,98885.01
2016-12-08,1.08325,1.08981,1.07772,1.079,155671.87
2016-12-09,1.07901,1.07968,1.07259,1.07303,97548.18
2016-12-11,1.07284,1.07399,1.07259,1.07362,6370.44
2016-12-12,1.07362,1.07891,1.0734,1.07811,103493.58
2016-12-13,1.07811,1.07873,1.07347,1.07529,107946.57
2016-12-14,1.07528,1.07764,1.07295,1.07472,132278.61
2016-12-15,1.07468,1.07669,1.07187,1.07264,167346.68
2016-12-16,1.07263,1.07571,1.07103,1.07243,127399.09
2016-12-18,1.072,1.07316,1.07165,1.07258,10913.2
2016-12-19,1.07255,1.07352,1.06797,1.06854,111087.67
2016-12-20,1.06852,1.06943,1.06799,1.06911,125153.41
2016-12-21,1.06912,1.07071,1.06786,1.07042,100015.33
2016-12-22,1.07042,1.07299,1.07006,1.07055,99610.68
2016-12-23,1.07054,1.07407,1.07035,1.0726,76345.72
2016-12-25,1.0726,1.07283,1.07158,1.0724,2651.53
2016-12-26,1.0724,1.07376,1.07196,1.07337,91982.66
2016-12-27,1.07341,1.07616,1.07281,1.0751,108472.29
2016-12-28,1.07507,1.076,1.07018,1.071,105037.56
2016-12-29,1.071,1.07615,1.07004,1.07482,134945.02
2016-12-30,1.0748,1.07559,1.0711,1.07126,158201.22
2017-01-01,1.07139,1.07197,1.07103,1.07154,226.07
2017-01-02,1.0715,1.07368,1.06994,1.07097,73039.03
2017-01-03,1.07096,1.07178,1.06799,1.06904,107014.78
2017-01-04,1.06904,1.07317,1.06886,1.07094,103324.28
2017-01-05,1.07093,1.07376,1.06929,1.07084,129600.29
2017-01-06,1.07086,1.07354,1.07018,1.07158,99401.09
2017-01-08,1.0714,1.07172,1.07122,1.07133,2884.55
2017-01-09,1.07131,1.07383,1.07106,1.07369,87435.26
2017-01-10,1.07372,1.07469,1.07232,1.073,98251.4
2017-01-11,1.073,1.0737,1.07048,1.0735,132207.49
2017-01-12,1.0735,1.07475,1.07098,1.07269,128417.67
2017-01-13,1.07268,1.07406,1.07177,1.0735,104095.43
2017-01-15,1.07174,1.07386,1.07174,1.07328,6613.66
2017-01-16,1.07329,1.07346,1.07068,1.07202,89388.58
2017-01-17,1.07199,1.07346,1.07011,1.0728,142951.54
2017-01-18,1.0728,1.07323,1.07016,1.07114,108158.09
2017-01-19,1.07113,1.07373,1.07071,1.07277,131267.58
2017-01-20,1.07277,1.07397,1.07147,1.07147,98211.92
2017-01-22,1.07152,1.07279,1.07151,1.07251,6067.36
2017-01-23,1.07252,1.0739,1.07148,1.07299,100606.41
2017-01-24,1.073,1.07506,1.07232,1.074,82485.19
2017-01-25,1.074,1.07446,1.07287,1.07421,97858.6
2017-01-26,1.07422,1.0744,1.06693,1.0682,110264.21
2017-01-27,1.06825,1.06967,1.06787,1.06844,80348.61
2017-01-29,1.06847,1.06921,1.0682,1.06884,3417.84
2017-01-30,1.06883,1.06985,1.0637,1.0648,92227.32
2017-01-31,1.06479,1.06851,1.06421,1.06831,108276.06
2017-02-01,1.06831,1.06978,1.06691,1.06916,93790.51
2017-02-02,1.06913,1.06999,1.06741,1.06799,93453.11
2017-02-03,1.06799,1.07082,1.06791,1.07004,94937.58
2017-02-05,1.06992,1.07038,1.0696,1.06998,2641.91
2017-02-06,1.06997,1.07015,1.06478,1.065,99184.38
2017-02-07,1.065,1.06689,1.0642,1.06544,97682.36
2017-02-08,1.06544,1.06572,1.06322,1.06415,92074.79
2017-02-09,1.06414,1.06824,1.06374,1.06732,92250.89
2017-02-10,1.06733,1.06855,1.06553,1.06642,89769.99
2017-02-12,1.06582,1.06683,1.06582,1.06664,5825.38
2017-02-13,1.06667,1.06807,1.06552,1.06568,69920.14
2017-02-14,1.06567,1.06749,1.06416,1.06444,86794.81
2017-02-15,1.06444,1.06656,1.06398,1.06551,86153.78
2017-02-16,1.06552,1.06633,1.06387,1.06413,84576.79
2017-02-17,1.06411,1.06499,1.06349,1.06406,76627.84
2017-02-19,1.0639,1.06479,1.0636,1.06471,4896.36
2017-02-20,1.0647,1.06642,1.06426,1.06435,50378.66
2017-02-21,1.06435,1.06476,1.06315,1.06381,72351.4
2017-02-22,1.06381,1.06763,1.06334,1.06661,95171.42
2017-02-23,1.0666,1.06732,1.06463,1.06486,83216.56
2017-02-24,1.06486,1.06595,1.06359,1.06398,79901.79
2017-02-26,1.06387,1.06509,1.06387,1.06468,4715.09
2017-02-27,1.06468,1.06874,1.06444,1.0684,72350.25
2017-02-28,1.06839,1.06844,1.06368,1.06389,84287.66
2017-03-01,1.06387,1.06618,1.06366,1.06444,94292.07
2017-03-02,1.06442,1.0655,1.06385,1.06456,76770.82
2017-03-03,1.06456,1.07146,1.06449,1.07,86349.71
2017-03-05,1.06975,1.07067,1.06932,1.07036,5106.8
2017-03-06,1.07037,1.07218,1.06842,1.07064,78949.64
2017-03-07,1.07061,1.07469,1.07043,1.07077,74239.41
2017-03-08,1.07077,1.07124,1.06879,1.06963,79549.52
2017-03-09,1.06963,1.07496,1.06902,1.07087,90389.05
2017-03-10,1.07085,1.0798,1.07083,1.07859,86874.15
2017-03-12,1.07863,1.07948,1.07845,1.07937,3638.8
2017-03-13,1.07938,1.08247,1.07261,1.07314,91588.39
2017-03-14,1.07314,1.07443,1.07105,1.07119,73087.34
2017-03-15,1.07119,1.07475,1.07022,1.07378,85746.09
2017-03-16,1.07379,1.07379,1.06835,1.07298,95211.72
2017-03-17,1.07295,1.07423,1.06948,1.07198,70291.65
2017-03-19,1.07098,1.07164,1.07093,1.07146,3295.42
2017-03-20,1.07146,1.07454,1.07096,1.07246,69513.02
2017-03-21,1.07246,1.07618,1.07238,1.07411,86759.43
2017-03-22,1.0741,1.0742,1.06862,1.07064,87563.36
2017-03-23,1.07064,1.07217,1.06941,1.07104,78009.08
2017-03-24,1.07104,1.07212,1.06962,1.07046,69634.8
2017-03-26,1.07151,1.07208,1.07122,1.07164,6431.26
2017-03-27,1.07164,1.07189,1.06906,1.07065,77254.86
2017-03-28,1.07065,1.0734,1.06845,1.07313,74051.03
2017-03-29,1.07313,1.07352,1.07013,1.07221,77026.54
2017-03-30,1.07221,1.07267,1.06853,1.06911,71699.09
2017-03-31,1.06909,1.07097,1.06825,1.06842,73906.26
2017-04-02,1.06865,1.0694,1.06855,1.06933,3867.82
2017-04-03,1.06934,1.06944,1.06734,1.06865,66580.91
2017-04-04,1.06866,1.06995,1.0669,1.06962,66717.29
2017-04-05,1.0696,1.07254,1.06914,1.07123,75738.4
2017-04-06,1.07123,1.07195,1.06945,1.07005,68358.88
2017-04-07,1.07005,1.07062,1.06779,1.06844,84845.77
2017-04-09,1.06825,1.06851,1.06789,1.06808,3618.27
2017-04-10,1.06804,1.06902,1.06769,1.06831,57208.91
2017-04-11,1.0683,1.06998,1.06677,1.06848,63670.95
2017-04-12,1.06846,1.06991,1.06651,1.0692,74412.02
2017-04-13,1.0692,1.06928,1.06684,1.06736,64987.73
2017-04-14,1.06736,1.06762,1.06595,1.06688,35989.71
2017-04-16,1.06635,1.06692,1.06612,1.06637,5548.3
2017-04-17,1.06637,1.06929,1.06634,1.06884,39173.56
2017-04-18,1.06884,1.06923,1.0676,1.06889,74253.36
2017-04-19,1.0689,1.06983,1.06764,1.06918,63397.39
2017-04-20,1.06917,1.07197,1.06897,1.07026,69660.67
2017-04-21,1.07026,1.07102,1.06711,1.06789,62994.97
2017-04-23,1.08076,1.08191,1.079,1.07967,9697.6
2017-04-24,1.07968,1.08364,1.078,1.08198,86892.8
2017-04-25,1.08196,1.08695,1.08136,1.08578,77695.01
2017-04-26,1.0858,1.08687,1.08165,1.08346,83337.05
2017-04-27,1.08346,1.08481,1.08011,1.08045,127237.34
2017-04-28,1.08045,1.08446,1.07994,1.08371,73681.63
2017-04-30,1.08398,1.0846,1.08276,1.08431,5546.76
2017-05-01,1.08431,1.0863,1.0836,1.08614,35771.98
2017-05-02,1.08615,1.08728,1.08136,1.08367,64575.63
2017-05-03,1.08368,1.08389,1.07919,1.08247,72626.14
2017-05-04,1.08246,1.08546,1.08188,1.0828,82440.27
2017-05-05,1.08286,1.08645,1.08262,1.08535,84635.33
2017-05-07,1.08821,1.08867,1.08537,1.08543,6477.66
2017-05-08,1.08543,1.09183,1.08496,1.09064,98214.94
2017-05-09,1.09063,1.09784,1.09045,1.09591,94423.95
2017-05-10,1.09591,1.09735,1.09378,1.09658,77809.46
2017-05-11,1.09657,1.0974,1.09302,1.09493,68362.56
2017-05-12,1.09493,1.09869,1.09203,1.09394,66067.62
2017-05-14,1.09284,1.09427,1.09284,1.09385,5363.15
2017-05-15,1.09384,1.09537,1.093,1.09334,66917.63
2017-05-16,1.09334,1.09595,1.09192,1.09201,80941.14
2017-05-17,1.09198,1.09295,1.08905,1.09223,99213.2
2017-05-18,1.09223,1.09277,1.08659,1.0883,115841.34
2017-05-19,1.08831,1.09285,1.08813,1.09006,83421.49
2017-05-21,1.08971,1.09065,1.08959,1.09029,4423.95
2017-05-22,1.09026,1.09483,1.08819,1.09364,87741.44
2017-05-23,1.09363,1.09438,1.09046,1.09147,104728.3
2017-05-24,1.09145,1.09372,1.09025,1.09212,95258.61
2017-05-25,1.09212,1.09289,1.08901,1.0909,67698.15
2017-05-26,1.0909,1.09092,1.08786,1.08894,74275.89
2017-05-28,1.08842,1.0897,1.08813,1.08961,2913.19
2017-05-29,1.08957,1.09151,1.08858,1.0898,44679.37
2017-05-30,1.08981,1.09121,1.08809,1.09018,73678.0
2017-05-31,1.0902,1.09109,1.08692,1.08819,86643.57
2017-06-01,1.08815,1.09024,1.08791,1.08913,66677.67
2017-06-02,1.08914,1.09002,1.08566,1.08567,60917.1
2017-06-04,1.08612,1.08651,1.08567,1.08618,3686.04
2017-06-05,1.08618,1.08706,1.08488,1.08629,48733.73
2017-06-06,1.08629,1.08644,1.0843,1.08478,79004.09
2017-06-07,1.08478,1.08665,1.08375,1.08583,76751.66
2017-06-08,1.08585,1.08759,1.08388,1.08424,78814.33
2017-06-09,1.08426,1.08716,1.08395,1.08487,66659.83
2017-06-11,1.08527,1.08592,1.08485,1.08548,2206.37
2017-06-12,1.08549,1.08657,1.08439,1.08505,54121.22
2017-06-13,1.08504,1.08613,1.08391,1.08591,52999.93
2017-06-14,1.08591,1.09083,1.08547,1.08914,81216.31
2017-06-15,1.08914,1.08994,1.0866,1.08711,75184.0
2017-06-16,1.08712,1.09049,1.08651,1.08953,58443.45
2017-06-18,1.08988,1.09066,1.08965,1.09034,2844.24
2017-06-19,1.09034,1.09088,1.08648,1.08776,54185.66
2017-06-20,1.08775,1.08804,1.0851,1.08544,58793.3
2017-06-21,1.08544,1.08647,1.08439,1.08593,56138.38
2017-06-22,1.08591,1.08725,1.08329,1.08352,53040.33
2017-06-23,1.08352,1.08589,1.08326,1.08487,45477.27
2017-06-25,1.08423,1.08539,1.084,1.08535,2244.84
2017-06-26,1.08533,1.08873,1.08516,1.08742,57768.02
2017-06-27,1.08744,1.0895,1.08708,1.08898,77476.85
2017-06-28,1.08898,1.09252,1.08848,1.0919,95123.08
2017-06-29,1.0919,1.09467,1.09172,1.09303,81466.69
2017-06-30,1.09302,1.09538,1.09207,1.09451,70175.45
2017-07-02,1.09468,1.09574,1.09355,1.0953,2804.18
2017-07-03,1.0953,1.09557,1.09235,1.09527,61161.37
2017-07-04,1.09527,1.09575,1.09338,1.09528,49024.04
2017-07-05,1.09528,1.09651,1.09396,1.09424,70597.56
2017-07-06,1.09424,1.09913,1.09377,1.09683,77341.94
2017-07-07,1.09683,1.09997,1.09664,1.09873,70911.71
2017-07-09,1.09816,1.09907,1.09815,1.0988,2117.2
2017-07-10,1.09878,1.10193,1.09877,1.10086,58629.53
2017-07-11,1.10089,1.10607,1.10084,1.10518,67047.73
2017-07-12,1.10518,1.10567,1.09981,1.10192,76503.27
2017-07-13,1.10192,1.10386,1.09841,1.10264,76768.03
2017-07-14,1.10262,1.10734,1.10226,1.10447,69039.79
2017-07-16,1.10442,1.10549,1.10417,1.10537,6156.02
2017-07-17,1.10535,1.10551,1.10052,1.10517,68057.03
2017-07-18,1.10517,1.10703,1.10174,1.10297,95386.01
2017-07-19,1.10302,1.10319,1.09872,1.10072,62556.68
2017-07-20,1.1007,1.10763,1.09969,1.10634,101872.08
2017-07-21,1.10634,1.10881,1.10227,1.10264,80899.7
2017-07-23,1.10268,1.10369,1.10219,1.10349,4611.01
2017-07-24,1.10351,1.10484,1.10069,1.10269,78787.48
2017-07-25,1.10269,1.10959,1.10242,1.10938,89247.51
2017-07-26,1.10935,1.11744,1.10794,1.11591,113562.48
2017-07-27,1.1159,1.12752,1.11536,1.12669,120260.45
2017-07-28,1.12668,1.14061,1.12645,1.13778,116803.74
2017-07-30,1.13738,1.13961,1.13731,1.13855,6108.12
2017-07-31,1.13854,1.14548,1.13352,1.14352,98439.78
2017-08-01,1.14351,1.14466,1.13865,1.14021,93441.94
2017-08-02,1.14022,1.15237,1.14009,1.15016,92301.36
2017-08-03,1.15016,1.15182,1.14596,1.15003,81163.38
2017-08-04,1.15003,1.15376,1.14121,1.14514,78880.99
2017-08-06,1.14509,1.14666,1.14504,1.14565,8120.18
2017-08-07,1.14565,1.15018,1.14541,1.14864,58325.24
2017-08-08,1.14865,1.1501,1.14343,1.14381,68755.51
2017-08-09,1.14379,1.14379,1.12604,1.13329,150061.06
2017-08-10,1.13327,1.13477,1.13001,1.13198,94649.8
2017-08-11,1.13197,1.13854,1.12728,1.13697,87246.99
2017-08-13,1.13642,1.13862,1.13621,1.13862,5736.43
2017-08-14,1.13863,1.14603,1.13781,1.1452,82163.75
2017-08-15,1.14519,1.14775,1.13918,1.14162,83156.71
2017-08-16,1.14163,1.14424,1.13574,1.13615,96495.84
2017-08-17,1.13619,1.13748,1.12692,1.12734,102113.52
2017-08-18,1.12738,1.13601,1.12587,1.13459,95901.96
2017-08-20,1.13487,1.13527,1.13391,1.13526,6255.63
2017-08-21,1.13523,1.13784,1.1321,1.13663,75958.74
2017-08-22,1.13663,1.13937,1.13429,1.1392,79140.56
2017-08-23,1.13922,1.14234,1.1376,1.14006,95904.19
2017-08-24,1.14005,1.14096,1.13553,1.13878,97223.6
2017-08-25,1.13881,1.14093,1.13575,1.14025,112675.08
2017-08-27,1.14013,1.14221,1.13981,1.1418,8400.29
2017-08-28,1.1418,1.1445,1.13664,1.13947,107396.79
2017-08-29,1.13947,1.1453,1.13605,1.14401,142230.75
2017-08-30,1.14395,1.14689,1.1401,1.14588,135771.61
2017-08-31,1.14587,1.14723,1.14095,1.14277,128037.23
2017-09-01,1.14278,1.14575,1.13955,1.1438,114328.58
2017-09-03,1.14046,1.14236,1.13913,1.14166,7364.56
2017-09-04,1.14166,1.1428,1.13728,1.14031,103711.84
2017-09-05,1.1403,1.14202,1.13672,1.13722,148334.86
2017-09-06,1.1372,1.1437,1.13665,1.1398,156910.0
2017-09-07,1.1398,1.14814,1.13892,1.14214,180382.66
2017-09-08,1.14213,1.14338,1.13591,1.13605,169296.69
2017-09-10,1.13793,1.13878,1.1374,1.13865,19507.71
2017-09-11,1.13864,1.14394,1.13862,1.1435,137951.04
2017-09-12,1.1435,1.15,1.14271,1.1493,140417.33
2017-09-13,1.14926,1.15118,1.14515,1.14558,144063.63
2017-09-14,1.14558,1.15292,1.14384,1.1461,166812.69
2017-09-15,1.1461,1.14999,1.14514,1.14596,141847.13
2017-09-17,1.14545,1.14714,1.1453,1.14687,4341.59
2017-09-18,1.14687,1.14999,1.14508,1.14984,144802.51
2017-09-19,1.14984,1.15634,1.1497,1.15427,140577.93
2017-09-20,1.15428,1.15574,1.15119,1.15326,517346.13
2017-09-21,1.15326,1.16045,1.15285,1.15897,217980.39
2017-09-22,1.15897,1.16229,1.15598,1.15805,162728.95
2017-09-24,1.15492,1.15789,1.15475,1.1578,6147.88
2017-09-25,1.15781,1.15904,1.14116,1.14548,155752.86
2017-09-26,1.14547,1.1488,1.14077,1.14232,159809.5
2017-09-27,1.14231,1.14598,1.14117,1.1419,163575.18
2017-09-28,1.14188,1.14734,1.14174,1.14361,149554.26
2017-09-29,1.1436,1.14678,1.14301,1.14347,122892.4
2017-10-01,1.14244,1.14436,1.1423,1.14324,6684.77
2017-10-02,1.14326,1.14503,1.1388,1.14327,124560.66
2017-10-03,1.14328,1.14638,1.14255,1.14317,112356.74
2017-10-04,1.1432,1.14819,1.1426,1.14661,103523.44
2017-10-05,1.14662,1.1495,1.14518,1.1459,99700.07
2017-10-06,1.14591,1.14981,1.14508,1.14698,117225.22
2017-10-08,1.14727,1.14824,1.14694,1.1482,4682.18
2017-10-09,1.14823,1.15175,1.14654,1.15027,76833.93
2017-10-10,1.15028,1.1525,1.14975,1.15134,107295.05
2017-10-11,1.15134,1.15484,1.14984,1.15456,109418.53
2017-10-12,1.15454,1.15657,1.15319,1.15351,117132.88
2017-10-13,1.15351,1.15533,1.15114,1.1516,99100.38
2017-10-15,1.15174,1.15198,1.15098,1.15139,3702.32
2017-10-16,1.15138,1.15245,1.1488,1.15038,89489.1
2017-10-17,1.15037,1.15265,1.14845,1.15115,106134.3
2017-10-18,1.15116,1.15786,1.15065,1.15718,103030.77
2017-10-19,1.15717,1.15843,1.15238,1.15669,118595.65
2017-10-20,1.15669,1.16292,1.15652,1.15978,116545.29
2017-10-22,1.15892,1.16,1.15874,1.15893,5252.35
2017-10-23,1.15891,1.16028,1.15698,1.15748,104515.52
2017-10-24,1.15748,1.16606,1.15722,1.16523,110466.96
2017-10-25,1.16521,1.17051,1.16395,1.16884,143473.74
2017-10-26,1.16885,1.17114,1.16106,1.16138,134257.58
2017-10-27,1.16138,1.16491,1.15598,1.1589,130094.02
2017-10-29,1.15652,1.15906,1.15624,1.1582,4959.68
2017-10-30,1.1582,1.16184,1.15704,1.15913,114439.05
2017-10-31,1.15912,1.16331,1.15827,1.16248,112776.13
2017-11-01,1.16249,1.16639,1.16133,1.16577,120493.95
2017-11-02,1.16578,1.16636,1.16253,1.165,106174.78
2017-11-03,1.16501,1.16521,1.16111,1.16116,105056.53
2017-11-05,1.16145,1.16219,1.1608,1.16182,4244.85
2017-11-06,1.16183,1.164,1.15766,1.15851,111064.13
2017-11-07,1.15849,1.15976,1.15421,1.15807,112469.65
2017-11-08,1.15807,1.15998,1.15742,1.15931,92104.69
2017-11-09,1.15927,1.16192,1.15557,1.15764,121698.97
2017-11-10,1.15763,1.16202,1.15574,1.16165,93689.41
2017-11-12,1.1608,1.16227,1.16049,1.16209,4924.27
2017-11-13,1.16209,1.16293,1.15835,1.16233,81742.73
2017-11-14,1.16233,1.16774,1.16228,1.16691,97396.38
2017-11-15,1.16693,1.1689,1.16416,1.16471,112476.87
2017-11-16,1.16471,1.17036,1.16446,1.17009,98078.93
2017-11-17,1.1701,1.17224,1.16547,1.16563,103195.72
2017-11-19,1.16565,1.1666,1.15999,1.1611,11987.25
2017-11-20,1.1611,1.1682,1.15904,1.16577,116788.08
2017-11-21,1.16577,1.16707,1.1618,1.16304,85150.1
2017-11-22,1.16305,1.16454,1.15852,1.16036,103875.99
2017-11-23,1.16038,1.16413,1.15949,1.16327,142021.09
2017-11-24,1.16329,1.16978,1.16258,1.1682,113042.95
2017-11-26,1.16782,1.16944,1.16782,1.16934,2476.98
2017-11-27,1.16934,1.17227,1.16674,1.16817,83190.35
2017-11-28,1.16817,1.16991,1.16453,1.16606,101605.7
2017-11-29,1.16607,1.1681,1.16513,1.1668,104694.74
2017-11-30,1.16681,1.17156,1.1649,1.17075,110050.43
2017-12-01,1.17074,1.17366,1.15981,1.16078,128137.67
2017-12-03,1.16389,1.16481,1.16264,1.16481,5108.94
2017-12-04,1.16482,1.16933,1.16432,1.16856,108758.19
2017-12-05,1.16856,1.17032,1.16599,1.16826,96724.33
2017-12-06,1.16825,1.17005,1.16581,1.16781,98676.78
2017-12-07,1.16782,1.1717,1.16742,1.17102,84835.7
2017-12-08,1.17101,1.17194,1.16754,1.16824,80440.22
2017-12-10,1.16882,1.16962,1.1677,1.16846,3794.26
2017-12-11,1.16846,1.16961,1.16687,1.16752,79974.92
2017-12-12,1.16753,1.16845,1.16247,1.16425,84281.44
2017-12-13,1.16426,1.16688,1.16187,1.1664,97677.25
2017-12-14,1.1664,1.17039,1.16368,1.16445,121584.79
2017-12-15,1.16445,1.16869,1.16297,1.16356,94373.73
2017-12-17,1.16358,1.16443,1.16298,1.16403,7523.47
2017-12-18,1.16403,1.16677,1.16088,1.16142,96576.77
2017-12-19,1.16141,1.16765,1.16121,1.16653,96138.05
2017-12-20,1.16654,1.17203,1.16566,1.17145,88031.88
2017-12-21,1.17145,1.175,1.16981,1.17197,80101.66
2017-12-22,1.17198,1.17445,1.16959,1.17308,86403.16
2017-12-24,1.17114,1.17169,1.17112,1.17112,22.25
2017-12-25,1.17126,1.17415,1.1703,1.17408,4458.95
2017-12-26,1.17406,1.17556,1.17238,1.17361,67192.6
2017-12-27,1.17361,1.17765,1.17166,1.17321,91415.97
2017-12-28,1.17322,1.17374,1.16806,1.16865,111345.41
2017-12-29,1.16866,1.17221,1.16709,1.16868,80867.77
2018-01-01,1.16914,1.1708,1.16899,1.17079,7166.02
2018-01-02,1.17081,1.17276,1.16917,1.17175,83549.92
2018-01-03,1.17175,1.17624,1.17005,1.17359,83059.52
2018-01-04,1.17358,1.1775,1.17336,1.17589,78568.03
2018-01-05,1.17587,1.17784,1.17221,1.17225,72704.92
2018-01-07,1.17257,1.17372,1.172,1.17368,3604.92
2018-01-08,1.1737,1.17461,1.16833,1.16991,74130.97
2018-01-09,1.16991,1.17398,1.16894,1.17366,88990.94
2018-01-10,1.17365,1.17472,1.16848,1.16889,116043.7
2018-01-11,1.16888,1.17569,1.16878,1.17493,122152.56
2018-01-12,1.17494,1.18111,1.17478,1.18023,118532.04
2018-01-14,1.18033,1.18134,1.18006,1.18034,4504.61
2018-01-15,1.18034,1.18322,1.17829,1.18157,114070.72
2018-01-16,1.18158,1.18277,1.176,1.17697,120494.01
2018-01-17,1.17695,1.1802,1.17527,1.17559,146991.12
2018-01-18,1.17558,1.17748,1.17283,1.17327,117091.31
2018-01-19,1.17326,1.17794,1.17112,1.17741,125051.55
2018-01-21,1.17898,1.17917,1.17727,1.17844,4485.31
2018-01-22,1.17844,1.17976,1.1751,1.17914,108833.43
2018-01-23,1.17915,1.17962,1.17673,1.17764,114498.5
2018-01-24,1.17765,1.17807,1.16847,1.17282,141112.9
2018-01-25,1.17279,1.17365,1.16261,1.16695,212395.3
2018-01-26,1.16695,1.16846,1.15872,1.1601,181347.27
2018-01-28,1.16046,1.16085,1.15883,1.16038,4441.64
2018-01-29,1.16035,1.1637,1.15406,1.16059,134603.24
2018-01-30,1.1606,1.1614,1.1568,1.15971,146458.71
2018-01-31,1.1597,1.16368,1.15497,1.15635,148138.42
2018-02-01,1.15634,1.16068,1.15511,1.15848,137735.59
2018-02-02,1.15849,1.16223,1.15786,1.1598,157081.61
2018-02-04,1.15949,1.16038,1.15854,1.15908,7235.0
2018-02-05,1.15906,1.16396,1.15081,1.15171,155347.35
2018-02-06,1.15172,1.16283,1.15119,1.15897,225389.58
2018-02-07,1.159,1.16188,1.1558,1.15645,155517.74
2018-02-08,1.15645,1.15942,1.14463,1.14651,183096.41
2018-02-09,1.14658,1.15277,1.14494,1.15052,178495.68
2018-02-11,1.15007,1.15174,1.14991,1.15127,4044.27
2018-02-12,1.15129,1.155,1.14863,1.15474,122995.11
2018-02-13,1.15474,1.15618,1.15072,1.15543,130261.58
2018-02-14,1.15544,1.15846,1.14975,1.15643,156024.06
2018-02-15,1.15643,1.15729,1.1519,1.15304,142982.28
2018-02-16,1.15302,1.15461,1.15026,1.15045,132917.06
2018-02-18,1.15066,1.15155,1.15052,1.15088,4160.28
2018-02-19,1.1509,1.15357,1.15037,1.15238,97619.51
2018-02-20,1.15237,1.15575,1.1518,1.15507,118568.53
2018-02-21,1.15509,1.156,1.15276,1.15279,140101.53
2018-02-22,1.1528,1.15438,1.14976,1.15018,120515.0
2018-02-23,1.15019,1.15231,1.14906,1.15064,106637.23
2018-02-25,1.15109,1.15186,1.15066,1.1516,4377.23
2018-02-26,1.15162,1.15594,1.14952,1.15594,103382.39
2018-02-27,1.15593,1.15626,1.1484,1.14858,128192.0
2018-02-28,1.14861,1.15339,1.14849,1.15147,118361.83
2018-03-01,1.15147,1.15601,1.15147,1.15527,142057.98
2018-03-02,1.15527,1.15602,1.14956,1.15479,137851.73
2018-03-04,1.15496,1.15665,1.15317,1.15431,12237.28
2018-03-05,1.15432,1.16001,1.15101,1.15938,114760.82
2018-03-06,1.15938,1.16738,1.15936,1.16489,125069.26
2018-03-07,1.16488,1.17122,1.16307,1.17099,128600.27
2018-03-08,1.171,1.17406,1.1682,1.17091,137102.61
2018-03-09,1.17092,1.17262,1.16771,1.17047,117170.1
2018-03-11,1.16993,1.17118,1.16968,1.17034,2639.16
2018-03-12,1.17034,1.17154,1.16734,1.16875,91093.0
2018-03-13,1.16876,1.17086,1.16778,1.16942,110038.95
2018-03-14,1.16941,1.17118,1.16822,1.16869,109624.26
2018-03-15,1.16869,1.17118,1.16775,1.17075,105905.61
2018-03-16,1.17075,1.17131,1.16877,1.1699,95086.54
2018-03-18,1.17042,1.17078,1.16983,1.17013,3213.98
2018-03-19,1.17013,1.17439,1.16927,1.17342,115373.15
2018-03-20,1.17342,1.17488,1.16954,1.17084,92226.44
2018-03-21,1.17087,1.17287,1.16886,1.17121,99074.82
2018-03-22,1.17119,1.1724,1.16508,1.16648,124177.25
2018-03-23,1.16648,1.17155,1.16533,1.16998,106305.0
2018-03-25,1.17038,1.17056,1.16903,1.17013,2521.88
2018-03-26,1.17013,1.17733,1.17005,1.17715,84744.79
2018-03-27,1.17715,1.17734,1.17363,1.17436,93536.31
2018-03-28,1.17435,1.18031,1.17432,1.17773,98523.14
2018-03-29,1.17771,1.17961,1.17541,1.17623,91042.82
2018-03-30,1.17623,1.17667,1.17321,1.17408,42568.67
2018-04-01,1.17425,1.17612,1.17327,1.17535,3138.81
2018-04-02,1.17535,1.17631,1.17366,1.17413,62421.72
2018-04-03,1.17412,1.17743,1.17412,1.17677,82172.31
2018-04-04,1.17677,1.18044,1.17549,1.1797,82681.58
2018-04-05,1.1797,1.1805,1.17717,1.17867,77957.23
2018-04-06,1.17868,1.18041,1.17687,1.17706,92179.77
2018-04-08,1.17678,1.17781,1.17657,1.17717,4239.53
2018-04-09,1.17718,1.1798,1.17718,1.17808,82765.54
2018-04-10,1.1781,1.1827,1.17675,1.18237,89248.64
2018-04-11,1.18238,1.18802,1.18211,1.18445,112231.24
2018-04-12,1.18445,1.18896,1.18445,1.18644,86734.67
2018-04-13,1.18644,1.1879,1.18496,1.18584,73644.49
2018-04-15,1.1873,1.18799,1.18521,1.18767,4182.61
2018-04-16,1.18767,1.18844,1.18648,1.18819,65526.15
2018-04-17,1.18821,1.19629,1.18812,1.196,78948.95
2018-04-18,1.196,1.19918,1.19563,1.19893,81634.4
2018-04-19,1.19894,1.20007,1.1957,1.19927,91876.29
2018-04-20,1.19929,1.20049,1.19496,1.19763,83708.13
2018-04-22,1.19697,1.19833,1.19659,1.19784,3728.22
2018-04-23,1.19784,1.19824,1.19259,1.1942,83556.78
2018-04-24,1.19421,1.19902,1.19246,1.19777,91844.6
2018-04-25,1.19777,1.19967,1.19538,1.19597,91307.9
2018-04-26,1.196,1.19901,1.1955,1.19751,102326.51
2018-04-27,1.19751,1.19847,1.19523,1.19823,91236.68
2018-04-29,1.1974,1.19827,1.19691,1.19786,2306.15
2018-04-30,1.19787,1.19874,1.19558,1.19691,90580.72
2018-05-01,1.19691,1.19732,1.19353,1.19505,79633.23
2018-05-02,1.19506,1.19629,1.1935,1.19421,113044.78
2018-05-03,1.19422,1.19687,1.19378,1.19569,110305.03
2018-05-04,1.19569,1.19749,1.19359,1.19573,88271.38
2018-05-06,1.19568,1.19656,1.19526,1.19617,1911.59
2018-05-07,1.19617,1.19793,1.1947,1.19565,78169.71
2018-05-08,1.19567,1.19595,1.18664,1.18836,99502.75
2018-05-09,1.18837,1.19221,1.18666,1.19121,97905.99
2018-05-10,1.1912,1.19572,1.18992,1.19494,97568.71
2018-05-11,1.19494,1.19576,1.19244,1.19446,79526.01
2018-05-13,1.19431,1.19526,1.19431,1.19517,2564.0
2018-05-14,1.19517,1.19798,1.19294,1.19339,74121.79
2018-05-15,1.19339,1.19408,1.18323,1.18364,94078.04
2018-05-16,1.18365,1.18416,1.1771,1.18218,102498.1
2018-05-17,1.18219,1.18405,1.18026,1.1812,94209.78
2018-05-18,1.1812,1.18173,1.17296,1.17389,82397.04
2018-05-20,1.17412,1.17456,1.17393,1.17419,3804.28
2018-05-21,1.17419,1.17613,1.17068,1.1752,83372.11
2018-05-22,1.17521,1.17711,1.16838,1.16935,96981.2
2018-05-23,1.16933,1.1696,1.15806,1.16422,137057.56
2018-05-24,1.16422,1.16524,1.1588,1.16202,114546.75
2018-05-25,1.162,1.16422,1.15188,1.15295,107896.01
2018-05-27,1.15795,1.16065,1.15736,1.15966,6965.17
2018-05-28,1.15963,1.16283,1.15452,1.15503,92684.21
2018-05-29,1.15503,1.1554,1.13676,1.14304,151050.77
2018-05-30,1.14305,1.15672,1.14304,1.15321,143075.79
2018-05-31,1.15321,1.15712,1.14634,1.15173,131158.45
2018-06-01,1.15173,1.15737,1.15014,1.15148,108668.36
2018-06-03,1.15205,1.15357,1.15203,1.15353,2519.44
2018-06-04,1.15353,1.15643,1.15301,1.15617,99597.28
2018-06-05,1.15618,1.15633,1.15062,1.15415,113416.5
2018-06-06,1.15418,1.16396,1.1531,1.16164,103113.03
2018-06-07,1.16165,1.16346,1.15535,1.15671,109605.59
2018-06-08,1.15672,1.16183,1.15367,1.15885,104043.23
2018-06-10,1.15912,1.16066,1.159,1.16057,1827.7
2018-06-11,1.16057,1.16566,1.16034,1.16127,82563.73
2018-06-12,1.16126,1.16248,1.15807,1.15948,98261.82
2018-06-13,1.15948,1.16241,1.15889,1.16215,89934.62
2018-06-14,1.16217,1.16483,1.15244,1.1529,100285.33
2018-06-15,1.15289,1.15859,1.15253,1.15738,99131.74
2018-06-17,1.15531,1.15715,1.15503,1.1566,4005.47
2018-06-18,1.15661,1.15714,1.15328,1.15635,80748.58
2018-06-19,1.15637,1.15647,1.14873,1.15211,103189.78
2018-06-20,1.15211,1.15518,1.15083,1.15322,89595.65
2018-06-21,1.15321,1.15407,1.14796,1.15077,112326.6
2018-06-22,1.15077,1.15506,1.15011,1.15117,121887.12
2018-06-24,1.15173,1.15294,1.15155,1.15199,4461.09
2018-06-25,1.15199,1.15568,1.14896,1.15498,129708.47
2018-06-26,1.15498,1.15647,1.15246,1.15437,137790.51
2018-06-27,1.15437,1.15547,1.15094,1.15256,187214.66
2018-06-28,1.15256,1.15652,1.15145,1.1535,139902.04
2018-06-29,1.1535,1.16002,1.15346,1.15672,146092.78
2018-07-01,1.15622,1.15729,1.15485,1.15647,8097.11
2018-07-02,1.15645,1.15696,1.15346,1.15637,120697.35
2018-07-03,1.15637,1.15851,1.15571,1.15657,120510.58
2018-07-04,1.15654,1.15842,1.15493,1.15713,109363.89
2018-07-05,1.15713,1.16195,1.15672,1.1612,124896.8
2018-07-06,1.16121,1.16391,1.16104,1.16245,112321.76
2018-07-08,1.16221,1.16292,1.16166,1.16259,4945.25
2018-07-09,1.16257,1.16563,1.16056,1.16549,114258.99
2018-07-10,1.16549,1.1659,1.16315,1.16417,108275.87
2018-07-11,1.16417,1.1658,1.16188,1.16231,137267.13
2018-07-12,1.16231,1.17078,1.16217,1.16958,122490.14
2018-07-13,1.16956,1.17084,1.16575,1.17027,108303.47
2018-07-15,1.17037,1.17085,1.16978,1.17043,3921.02
2018-07-16,1.17043,1.17138,1.1669,1.16721,112288.78
2018-07-17,1.16721,1.16815,1.16398,1.16576,125462.89
2018-07-18,1.16576,1.16693,1.16025,1.16305,127207.96
2018-07-19,1.16305,1.16419,1.16133,1.16401,146468.77
2018-07-20,1.16402,1.16545,1.16242,1.16282,136321.95
2018-07-22,1.16303,1.16413,1.16274,1.16346,4820.27
2018-07-23,1.16347,1.16366,1.16026,1.16136,123348.5
2018-07-24,1.16136,1.16315,1.15953,1.16094,120039.74
2018-07-25,1.16093,1.16339,1.15946,1.1632,131830.0
2018-07-26,1.16321,1.16377,1.15668,1.15738,122213.53
2018-07-27,1.15737,1.16058,1.15684,1.15905,108909.94
2018-07-29,1.15845,1.15943,1.15834,1.15907,3207.63
2018-07-30,1.15904,1.16038,1.15641,1.15698,89645.76
2018-07-31,1.15698,1.15977,1.15604,1.15766,124675.78
2018-08-01,1.15766,1.16037,1.15624,1.1567,98165.97
2018-08-02,1.1567,1.15708,1.15251,1.15323,107841.94
2018-08-03,1.15324,1.15417,1.14972,1.15009,101962.15
2018-08-05,1.14984,1.15026,1.14902,1.14987,2529.55
2018-08-06,1.14986,1.15286,1.14975,1.15158,85185.0
2018-08-07,1.15156,1.15518,1.15125,1.15477,81281.46
2018-08-08,1.15478,1.15574,1.1524,1.15306,80466.06
2018-08-09,1.15307,1.15363,1.14496,1.14544,94731.85
2018-08-10,1.14541,1.14607,1.13395,1.13536,132692.54
2018-08-12,1.12919,1.13391,1.12919,1.13314,7735.06
2018-08-13,1.13314,1.13603,1.12863,1.13249,123981.58
2018-08-14,1.13249,1.13549,1.12656,1.12804,117869.29
2018-08-15,1.12805,1.13054,1.12433,1.12673,113723.32
2018-08-16,1.12673,1.13475,1.12633,1.13415,122613.15
2018-08-17,1.13419,1.13941,1.13297,1.13827,96356.84
2018-08-19,1.13776,1.13875,1.13776,1.13835,3075.91
2018-08-20,1.13835,1.13883,1.13537,1.1381,89838.09
2018-08-21,1.13812,1.14187,1.13592,1.13945,112151.94
2018-08-22,1.13946,1.14098,1.13746,1.13923,104716.85
2018-08-23,1.13921,1.14077,1.13645,1.1383,104099.08
2018-08-24,1.1383,1.14295,1.13778,1.14253,97033.83
2018-08-26,1.14252,1.1443,1.14223,1.14387,3805.08
2018-08-27,1.14389,1.14498,1.14107,1.14432,92183.94
2018-08-28,1.14431,1.14536,1.14094,1.14173,97788.32
2018-08-29,1.14172,1.14233,1.13438,1.13636,102264.92
2018-08-30,1.13637,1.13658,1.12973,1.13002,107590.86
2018-08-31,1.13001,1.13111,1.12386,1.12388,112192.75
2018-09-02,1.12442,1.12511,1.12399,1.12453,2811.29
2018-09-03,1.12453,1.12717,1.12414,1.12581,74059.4
2018-09-04,1.12583,1.12904,1.12417,1.12847,110208.51
2018-09-05,1.12847,1.13204,1.12531,1.12993,122595.11
2018-09-06,1.12992,1.13112,1.12161,1.12174,115180.06
2018-09-07,1.12175,1.12449,1.11831,1.11923,114064.84
2018-09-09,1.11879,1.12017,1.1187,1.11991,3304.16
2018-09-10,1.11988,1.13152,1.11849,1.1301,95332.16
2018-09-11,1.1301,1.13433,1.12634,1.12827,98513.48
2018-09-12,1.12829,1.13108,1.12685,1.12791,103968.5
2018-09-13,1.12792,1.13152,1.12618,1.12967,101218.28
2018-09-14,1.12967,1.13037,1.12407,1.12413,89879.97
2018-09-16,1.12412,1.1253,1.12404,1.12427,2711.71
2018-09-17,1.12428,1.12601,1.12303,1.12332,88515.06
2018-09-18,1.12332,1.12624,1.12225,1.12546,108360.77
2018-09-19,1.12544,1.13268,1.12484,1.12937,103338.74
2018-09-20,1.12937,1.13212,1.12727,1.12915,105462.62
2018-09-21,1.12916,1.13081,1.12217,1.12543,101537.79
2018-09-23,1.12522,1.1268,1.12513,1.12621,3416.11
2018-09-24,1.12621,1.13364,1.12582,1.13359,83834.36
2018-09-25,1.13358,1.1382,1.1333,1.13544,87669.21
2018-09-26,1.13544,1.13846,1.13319,1.13381,103799.34
2018-09-27,1.13381,1.14147,1.13113,1.13683,105304.17
2018-09-28,1.13683,1.13984,1.12808,1.13908,100968.1
2018-09-30,1.13847,1.13935,1.13741,1.13896,3410.55
2018-10-01,1.13896,1.14281,1.13644,1.13873,95992.95
2018-10-02,1.13873,1.13951,1.13121,1.13646,104717.74
2018-10-03,1.13645,1.14211,1.13581,1.13845,122760.7
2018-10-04,1.13846,1.14351,1.13714,1.14182,113390.3
2018-10-05,1.1418,1.14495,1.14109,1.14248,102182.04
2018-10-07,1.14277,1.14416,1.14217,1.14246,4846.16
2018-10-08,1.14245,1.14328,1.13818,1.14057,89653.76
2018-10-09,1.14057,1.14152,1.13687,1.1409,114431.8
2018-10-10,1.1409,1.14437,1.13895,1.13975,114036.0
2018-10-11,1.13975,1.14889,1.13958,1.14741,146440.06
2018-10-12,1.1474,1.14921,1.14488,1.14605,106169.33
2018-10-14,1.14332,1.14573,1.14332,1.1444,5480.52
2018-10-15,1.14442,1.14639,1.14147,1.14326,108658.41
2018-10-16,1.14326,1.14781,1.14318,1.14652,96777.78
2018-10-17,1.14652,1.14827,1.14374,1.14404,92407.71
2018-10-18,1.14408,1.14662,1.13985,1.14063,96061.48
2018-10-19,1.14063,1.14916,1.13919,1.1471,96276.85
2018-10-21,1.14583,1.14772,1.14508,1.1468,5067.16
2018-10-22,1.14681,1.15008,1.14166,1.14194,84273.1
2018-10-23,1.14195,1.14296,1.13969,1.14117,99232.08
2018-10-24,1.14118,1.14182,1.13547,1.13627,110225.15
2018-10-25,1.13627,1.14156,1.13623,1.13722,100047.7
2018-10-26,1.13723,1.13855,1.13428,1.13678,108133.99
2018-10-28,1.13614,1.13758,1.13572,1.13716,3015.87
2018-10-29,1.13715,1.1409,1.13659,1.13955,103632.06
2018-10-30,1.13957,1.14187,1.13706,1.14046,93352.03
2018-10-31,1.14045,1.14142,1.13794,1.14057,99847.3
2018-11-01,1.14058,1.14486,1.14036,1.1427,109516.01
2018-11-02,1.1427,1.14546,1.14051,1.14248,104651.52
2018-11-04,1.14217,1.14296,1.14177,1.14251,8082.38
2018-11-05,1.14252,1.14652,1.14249,1.14593,89136.14
2018-11-06,1.14595,1.147,1.14452,1.14564,82043.58
2018-11-07,1.14562,1.14697,1.14373,1.14539,122176.77
2018-11-08,1.14539,1.14697,1.14237,1.14339,105987.98
2018-11-09,1.14341,1.1438,1.13833,1.13941,97759.37
2018-11-11,1.13824,1.13918,1.1381,1.13911,3768.42
2018-11-12,1.1391,1.1399,1.13344,1.13388,99903.01
2018-11-13,1.13389,1.13926,1.1336,1.13784,125280.6
2018-11-14,1.13785,1.14234,1.13589,1.13803,127725.61
2018-11-15,1.13803,1.142,1.13445,1.14027,133846.28
2018-11-16,1.14029,1.14339,1.14025,1.14148,102503.61
2018-11-18,1.14031,1.14173,1.13994,1.14068,8409.2
2018-11-19,1.14068,1.14121,1.13704,1.13764,79220.8
2018-11-20,1.13766,1.13776,1.13045,1.13116,92732.64
2018-11-21,1.13116,1.13466,1.131,1.1324,84950.75
2018-11-22,1.13239,1.13572,1.13227,1.13409,73624.79
2018-11-23,1.13408,1.13545,1.12973,1.12993,77975.37
2018-11-25,1.13058,1.13074,1.12992,1.13058,5148.43
2018-11-26,1.13061,1.13418,1.13019,1.1313,83117.5
2018-11-27,1.13129,1.13247,1.12754,1.12799,90535.26
2018-11-28,1.12799,1.13163,1.12607,1.1292,94233.47
2018-11-29,1.1292,1.13496,1.12893,1.13472,95866.21
2018-11-30,1.13472,1.13567,1.12954,1.13016,88609.35
2018-12-02,1.13326,1.1334,1.13154,1.1326,3198.81
2018-12-03,1.1326,1.13456,1.13045,1.13304,79118.25
2018-12-04,1.13305,1.13484,1.13054,1.13129,100293.31
2018-12-05,1.13129,1.13312,1.13116,1.13144,74431.91
2018-12-06,1.13145,1.13165,1.12806,1.12986,112563.66
2018-12-07,1.12987,1.131,1.12781,1.12781,93365.4
2018-12-09,1.1284,1.12913,1.12802,1.12839,3923.41
2018-12-10,1.12839,1.13078,1.12341,1.12379,98121.45
2018-12-11,1.1238,1.12585,1.12246,1.12438,93752.55
2018-12-12,1.12437,1.12974,1.1235,1.12896,102487.08
2018-12-13,1.12896,1.13018,1.12657,1.12912,92643.78
2018-12-14,1.12912,1.12943,1.12411,1.12796,84565.85
2018-12-16,1.12611,1.12893,1.12611,1.12769,19326.7
2018-12-17,1.12769,1.12911,1.12479,1.12666,84861.14
2018-12-18,1.12667,1.12967,1.12603,1.12897,94244.08
2018-12-19,1.12897,1.13443,1.12876,1.1317,156038.35
2018-12-20,1.13171,1.13492,1.12979,1.13079,190160.89
2018-12-21,1.13083,1.1324,1.12905,1.1313,160920.78
2018-12-23,1.13039,1.13066,1.12968,1.13016,3129.31
2018-12-24,1.13015,1.13446,1.12449,1.12491,128304.53
2018-12-25,1.12449,1.12658,1.12089,1.1258,10622.62
2018-12-26,1.1258,1.13081,1.12445,1.12958,75228.69
2018-12-27,1.12959,1.1312,1.1241,1.12849,177690.72
2018-12-28,1.1285,1.12983,1.12148,1.12562,152498.64
2018-12-30,1.12663,1.12683,1.12373,1.12543,7840.4
2018-12-31,1.12542,1.12868,1.12437,1.12485,108743.52
2019-01-01,1.12417,1.12617,1.12307,1.12558,3892.3
2019-01-02,1.12558,1.12707,1.11833,1.11899,159557.06
2019-01-03,1.11899,1.1278,1.11879,1.12451,196097.93
2019-01-04,1.12449,1.12692,1.12307,1.12379,160213.32
2019-01-06,1.12427,1.12601,1.12296,1.12484,6156.73
2019-01-07,1.12483,1.12568,1.12241,1.12407,130279.5
2019-01-08,1.12406,1.12455,1.12193,1.12358,118022.5
2019-01-09,1.1236,1.12648,1.12095,1.12487,171848.52
2019-01-10,1.12487,1.13243,1.12375,1.1323,155459.55
2019-01-11,1.1323,1.134,1.12723,1.12818,138964.97
2019-01-13,1.12807,1.12849,1.12735,1.12756,4465.81
2019-01-14,1.12756,1.12875,1.12448,1.12555,122563.16
2019-01-15,1.12559,1.12897,1.12516,1.12683,156736.79
2019-01-16,1.12687,1.12962,1.12594,1.12869,127998.54
2019-01-17,1.12869,1.13312,1.12811,1.13227,131875.79
2019-01-18,1.13227,1.13377,1.13006,1.13037,115461.22
2019-01-20,1.13005,1.13155,1.13003,1.13136,2785.98
2019-01-21,1.13134,1.13469,1.13105,1.13395,82773.64
2019-01-22,1.13393,1.13433,1.13167,1.13305,119884.7
2019-01-23,1.13305,1.13469,1.13173,1.13239,130696.01
2019-01-24,1.1324,1.13261,1.12594,1.12626,177470.28
2019-01-25,1.12626,1.13362,1.12594,1.13259,198806.98
2019-01-27,1.1324,1.13331,1.1324,1.13282,3831.82
2019-01-28,1.13282,1.13454,1.13098,1.13337,119872.84
2019-01-29,1.13338,1.13783,1.1333,1.13741,177001.3
2019-01-30,1.13739,1.14285,1.13705,1.14133,176525.78
2019-01-31,1.14134,1.14286,1.13719,1.13786,172747.81
2019-02-01,1.13786,1.14124,1.13755,1.13982,160038.41
2019-02-03,1.13989,1.1408,1.13927,1.14031,4524.5
2019-02-04,1.14031,1.1423,1.13995,1.14115,132997.22
2019-02-05,1.1412,1.14438,1.13992,1.14055,125300.0
2019-02-06,1.14052,1.14067,1.13858,1.13914,135386.83
2019-02-07,1.13915,1.13934,1.13453,1.13655,119110.59
2019-02-08,1.13656,1.13689,1.13209,1.13213,96818.03
2019-02-10,1.1316,1.14252,1.13107,1.13162,7690.23
2019-02-11,1.13162,1.13572,1.13158,1.13243,108899.82
2019-02-12,1.13242,1.14065,1.13235,1.14029,112765.68
2019-02-13,1.14028,1.14059,1.13531,1.13649,105602.98
2019-02-14,1.13649,1.13817,1.13478,1.13508,126938.3
2019-02-15,1.13507,1.1358,1.13317,1.1347,124383.05
2019-02-17,1.13428,1.13503,1.13363,1.13466,2747.61
2019-02-18,1.13466,1.13654,1.13448,1.1363,76016.13
2019-02-19,1.1363,1.13735,1.13331,1.13547,128605.98
2019-02-20,1.13548,1.1366,1.13356,1.13492,119012.44
2019-02-21,1.13492,1.13685,1.13405,1.13496,135019.58
2019-02-22,1.13496,1.13541,1.13299,1.13357,112481.75
2019-02-24,1.13258,1.13437,1.13258,1.13407,3752.07
2019-02-25,1.13408,1.1369,1.13294,1.13659,113822.45
2019-02-26,1.13661,1.1393,1.13509,1.13904,134509.04
2019-02-27,1.13904,1.13932,1.13517,1.13858,132995.21
2019-02-28,1.13857,1.13876,1.133,1.13413,161191.0
2019-03-01,1.13413,1.13704,1.13404,1.13509,125767.69
2019-03-03,1.13545,1.13622,1.13545,1.13587,6010.31
2019-03-04,1.13587,1.13661,1.13159,1.13263,110357.55
2019-03-05,1.13264,1.13584,1.13205,1.13566,107347.99
2019-03-06,1.13566,1.13693,1.13472,1.13613,101152.67
2019-03-07,1.1361,1.13671,1.13126,1.13205,140980.69
2019-03-08,1.13204,1.13337,1.13075,1.13199,111753.73
2019-03-10,1.13147,1.13258,1.13145,1.13221,1703.0
2019-03-11,1.13217,1.13832,1.13152,1.13742,118960.54
2019-03-12,1.13742,1.13849,1.13471,1.13719,143110.77
2019-03-13,1.13718,1.13801,1.13546,1.13685,125290.87
2019-03-14,1.13686,1.13753,1.13429,1.13469,122973.97
2019-03-15,1.13467,1.13729,1.1343,1.13474,73408.6
2019-03-17,1.13427,1.13506,1.13427,1.13469,1894.57
2019-03-18,1.13467,1.13652,1.13381,1.13495,63901.88
2019-03-19,1.13496,1.13588,1.13386,1.13413,66481.16
2019-03-20,1.13414,1.13505,1.13179,1.13261,117910.71
2019-03-21,1.13261,1.13338,1.12656,1.12826,136543.76
2019-03-22,1.12826,1.1298,1.12118,1.12277,173044.34
2019-03-24,1.12277,1.12317,1.12215,1.12281,2305.27
2019-03-25,1.1228,1.12567,1.12217,1.12282,122805.99
2019-03-26,1.12282,1.12466,1.11994,1.12051,130337.92
2019-03-27,1.12052,1.12193,1.11726,1.11924,159766.77
2019-03-28,1.11922,1.12138,1.11651,1.11726,144219.92
2019-03-29,1.11724,1.12007,1.11611,1.11616,142599.17
2019-03-31,1.11696,1.1175,1.11666,1.11699,3757.8
2019-04-01,1.11698,1.12039,1.11677,1.11975,125461.64
2019-04-02,1.11975,1.12028,1.11687,1.11827,122115.08
2019-04-03,1.11825,1.12165,1.1181,1.12145,114048.22
2019-04-04,1.12145,1.12249,1.12042,1.12218,119711.18
2019-04-05,1.12217,1.12396,1.12145,1.12162,106388.49
2019-04-07,1.12165,1.12193,1.1207,1.12191,3631.87
2019-04-08,1.12191,1.12564,1.12104,1.12458,103273.57
2019-04-09,1.1246,1.12796,1.12452,1.12617,118436.08
2019-04-10,1.12618,1.13042,1.1254,1.13015,110039.48
2019-04-11,1.13016,1.13142,1.12815,1.12913,88395.41
2019-04-12,1.12914,1.13313,1.12909,1.13277,113737.37
2019-04-14,1.13227,1.13318,1.132,1.13308,1910.09
2019-04-15,1.13308,1.13537,1.13234,1.13468,64015.46
2019-04-16,1.13465,1.13773,1.13432,1.13704,105381.22
2019-04-17,1.13705,1.14219,1.13702,1.14169,102016.04
2019-04-18,1.14169,1.14191,1.13655,1.14026,115888.78
2019-04-19,1.14025,1.14105,1.13906,1.14007,81087.75
2019-04-21,1.13947,1.14083,1.13941,1.14058,1952.81
2019-04-22,1.14059,1.14395,1.14019,1.14319,40450.07
2019-04-23,1.14322,1.14762,1.14248,1.14502,91815.76
2019-04-24,1.14503,1.14518,1.13784,1.13803,138617.32
2019-04-25,1.13801,1.13888,1.13528,1.13586,107114.72
2019-04-26,1.13585,1.1385,1.13504,1.13612,92669.4
2019-04-28,1.13608,1.13674,1.13607,1.13654,1229.55
2019-04-29,1.13655,1.14091,1.13644,1.14032,65088.09
2019-04-30,1.14033,1.14449,1.13882,1.143,113671.93
2019-05-01,1.14301,1.14395,1.13895,1.13973,100096.36
2019-05-02,1.13974,1.14273,1.1382,1.13899,116056.42
2019-05-03,1.13898,1.13966,1.13717,1.13848,117018.38
2019-05-05,1.13503,1.13795,1.13503,1.13685,6028.07
2019-05-06,1.13686,1.1408,1.136,1.13956,91751.0
2019-05-07,1.13956,1.14394,1.13907,1.14096,117027.5
2019-05-08,1.14094,1.14294,1.1383,1.1426,125158.86
2019-05-09,1.14259,1.14277,1.13709,1.13918,136308.77
2019-05-10,1.13916,1.14089,1.13591,1.13632,119235.31
2019-05-12,1.13648,1.13669,1.13486,1.13537,4991.53
2019-05-13,1.13539,1.13578,1.1288,1.12929,121290.54
2019-05-14,1.1293,1.13291,1.12894,1.13019,101446.47
2019-05-15,1.13019,1.13136,1.12639,1.12986,104948.8
2019-05-16,1.12984,1.13172,1.12784,1.12854,90803.89
2019-05-17,1.12855,1.12988,1.12695,1.12783,108234.25
2019-05-19,1.12784,1.12859,1.12784,1.12841,2065.95
2019-05-20,1.12844,1.12924,1.12568,1.12637,86621.08
2019-05-21,1.12636,1.12913,1.12554,1.12871,93287.52
2019-05-22,1.12872,1.12914,1.12452,1.12563,88429.9
2019-05-23,1.12564,1.12585,1.12057,1.12182,119689.47
2019-05-24,1.12182,1.12336,1.1195,1.12217,101814.09
2019-05-26,1.1221,1.1232,1.12198,1.12287,1936.84
2019-05-27,1.12289,1.12634,1.12271,1.12389,49066.96
2019-05-28,1.12389,1.12781,1.12245,1.12496,106679.21
2019-05-29,1.12496,1.12517,1.12077,1.12293,105087.14
2019-05-30,1.12293,1.12481,1.12063,1.12069,90871.57
2019-05-31,1.12069,1.12216,1.11711,1.11755,143200.43
2019-06-02,1.1175,1.11853,1.11667,1.11694,5121.46
2019-06-03,1.11694,1.12045,1.11192,1.11626,146038.9
2019-06-04,1.11627,1.11906,1.11525,1.11695,140934.34
2019-06-05,1.11692,1.11963,1.11363,1.11634,156427.55
2019-06-06,1.11634,1.11975,1.11542,1.11789,151887.24
2019-06-07,1.1179,1.12066,1.11678,1.11929,123411.29
2019-06-09,1.12014,1.12093,1.1196,1.12062,3378.92
2019-06-10,1.12061,1.12101,1.11855,1.11967,102180.43
2019-06-11,1.11967,1.12437,1.11942,1.12427,99218.47
2019-06-12,1.12428,1.1264,1.12247,1.12346,121964.16
2019-06-13,1.12346,1.12496,1.11995,1.1208,106812.75
2019-06-14,1.12081,1.12275,1.11925,1.11934,128910.35
2019-06-16,1.11917,1.12041,1.11907,1.12027,2834.83
2019-06-17,1.12028,1.12219,1.11898,1.12092,97948.61
2019-06-18,1.12092,1.12131,1.11728,1.1206,152166.05
2019-06-19,1.12059,1.12111,1.1153,1.11551,133315.33
2019-06-20,1.1155,1.1163,1.10565,1.10808,181010.97
2019-06-21,1.10808,1.11266,1.10747,1.10974,168222.57
2019-06-23,1.10884,1.11087,1.10826,1.11066,6220.04
2019-06-24,1.11065,1.11306,1.10649,1.10813,124260.62
2019-06-25,1.10815,1.11242,1.10617,1.1082,175957.89
2019-06-26,1.1082,1.11242,1.10761,1.11177,166603.68
2019-06-27,1.11177,1.1145,1.10975,1.11058,152203.07
2019-06-28,1.11058,1.11231,1.10822,1.10946,127513.74
2019-06-30,1.11159,1.1133,1.11159,1.11288,5538.42
2019-07-01,1.11289,1.11613,1.11192,1.11438,144641.56
2019-07-02,1.1144,1.11717,1.11223,1.11257,126694.98
2019-07-03,1.11257,1.11363,1.11075,1.11259,122511.8
2019-07-04,1.11257,1.11383,1.11087,1.11135,56206.56
2019-07-05,1.11135,1.11477,1.11091,1.11296,116705.41
2019-07-07,1.11297,1.11318,1.11243,1.11292,2416.69
2019-07-08,1.11292,1.11527,1.11129,1.11502,102931.68
2019-07-09,1.11501,1.11576,1.11226,1.11328,85957.62
2019-07-10,1.11328,1.11445,1.11197,1.11249,127722.69
2019-07-11,1.1125,1.11473,1.11049,1.11444,121145.73
2019-07-12,1.11444,1.11542,1.10711,1.10891,115136.72
2019-07-14,1.10862,1.10995,1.10845,1.10943,5973.82
2019-07-15,1.10944,1.11029,1.10655,1.10847,81014.96
2019-07-16,1.10848,1.10938,1.10562,1.10771,105422.01
2019-07-17,1.10771,1.11102,1.10697,1.10799,93397.02
2019-07-18,1.10799,1.10893,1.10596,1.1066,137994.78
2019-07-19,1.1066,1.10827,1.10122,1.1013,100525.75
2019-07-21,1.10178,1.10264,1.10106,1.10263,3713.67
2019-07-22,1.10262,1.10353,1.09989,1.10109,89202.45
2019-07-23,1.1011,1.1019,1.09709,1.09879,96245.14
2019-07-24,1.09879,1.10048,1.09686,1.0971,96250.75
2019-07-25,1.09709,1.10546,1.0962,1.10446,140255.73
2019-07-26,1.10447,1.10629,1.10375,1.10522,96124.64
2019-07-28,1.10498,1.10569,1.10413,1.10548,3998.77
2019-07-29,1.10548,1.10555,1.1025,1.10507,78452.31
2019-07-30,1.10505,1.10531,1.10286,1.10475,98748.05
2019-07-31,1.10474,1.10618,1.10025,1.10062,128369.56
2019-08-01,1.10061,1.1019,1.09676,1.09685,176043.57
2019-08-02,1.09685,1.09709,1.09064,1.09083,195638.98
2019-08-04,1.09295,1.09322,1.09108,1.09141,3902.8
2019-08-05,1.09141,1.09176,1.08629,1.09106,217113.75
2019-08-06,1.09109,1.09536,1.09078,1.09342,201155.39
2019-08-07,1.09344,1.0958,1.08931,1.09227,240309.35
2019-08-08,1.09227,1.09555,1.08927,1.08953,176536.34
2019-08-09,1.08953,1.09113,1.08875,1.08915,143039.49
2019-08-11,1.08884,1.08973,1.08835,1.08876,2648.68
2019-08-12,1.08876,1.09015,1.08655,1.08705,148882.03
2019-08-13,1.08705,1.09221,1.08407,1.09096,354738.6
2019-08-14,1.09098,1.09138,1.0835,1.08466,217314.84
2019-08-15,1.08466,1.08737,1.08348,1.08486,250331.14
2019-08-16,1.08488,1.0877,1.08433,1.08452,146230.48
2019-08-18,1.08625,1.08727,1.08353,1.08625,4978.23
2019-08-19,1.08624,1.0898,1.0851,1.08748,98823.92
2019-08-20,1.08749,1.08809,1.08444,1.08528,103834.16
2019-08-21,1.08528,1.08956,1.08528,1.08921,96288.58
2019-08-22,1.08916,1.09193,1.08749,1.09021,119127.66
2019-08-23,1.09021,1.09277,1.08542,1.0856,150049.94
2019-08-25,1.08444,1.08503,1.08386,1.08407,10564.42
2019-08-26,1.08407,1.09025,1.084,1.08686,211325.59
2019-08-27,1.08685,1.0916,1.08582,1.08799,133078.88
2019-08-28,1.08799,1.09027,1.08646,1.08798,132032.12
2019-08-29,1.08795,1.09134,1.08605,1.09041,125625.78
2019-08-30,1.09038,1.09236,1.08675,1.08755,137965.0
2019-09-01,1.08792,1.08792,1.08692,1.08737,3418.14
2019-09-02,1.08736,1.08931,1.08584,1.08607,87172.9
2019-09-03,1.08608,1.08652,1.08191,1.08282,158293.35
2019-09-04,1.08281,1.08598,1.08108,1.08236,133113.68
2019-09-05,1.08237,1.09129,1.08214,1.08812,139330.81
2019-09-06,1.08811,1.09312,1.08744,1.08878,130409.31
2019-09-08,1.08881,1.08951,1.08876,1.08916,3790.24
2019-09-09,1.08916,1.09642,1.08913,1.0963,106441.54
2019-09-10,1.09629,1.09682,1.09155,1.0957,104075.12
2019-09-11,1.09569,1.0971,1.09104,1.09439,101551.5
2019-09-12,1.0944,1.09688,1.08511,1.09522,184663.82
2019-09-13,1.09518,1.09745,1.09273,1.09623,135202.06
2019-09-15,1.09348,1.09435,1.09318,1.09377,3557.75
2019-09-16,1.09377,1.09588,1.09117,1.09255,125212.33
2019-09-17,1.09253,1.09971,1.09137,1.09927,133677.05
2019-09-18,1.09925,1.10188,1.09845,1.09964,119826.77
2019-09-19,1.09964,1.10175,1.0955,1.09655,139795.96
2019-09-20,1.09655,1.09692,1.09116,1.09184,115860.11
2019-09-22,1.09216,1.09274,1.09143,1.09233,3922.4
2019-09-23,1.09232,1.09292,1.08564,1.08803,113584.34
2019-09-24,1.08802,1.08969,1.08436,1.08611,144967.5
2019-09-25,1.08612,1.08634,1.08321,1.08545,151753.73
2019-09-26,1.08544,1.08754,1.08438,1.08493,122660.07
2019-09-27,1.08493,1.08649,1.08325,1.08354,113715.48
2019-09-29,1.08392,1.08498,1.08391,1.08444,2259.77
2019-09-30,1.08441,1.08871,1.0835,1.08734,115385.35
2019-10-01,1.0873,1.09209,1.08503,1.08549,163907.53
2019-10-02,1.08549,1.09539,1.08524,1.09248,163251.84
2019-10-03,1.09247,1.09793,1.09185,1.09548,162702.94
2019-10-04,1.09548,1.09775,1.09094,1.09241,134233.73
2019-10-06,1.09254,1.09285,1.09086,1.09164,8079.78
2019-10-07,1.09164,1.0938,1.08965,1.09149,115022.35
2019-10-08,1.0915,1.09275,1.08706,1.08773,173084.08
2019-10-09,1.08773,1.09306,1.08773,1.09086,143881.64
2019-10-10,1.09085,1.09773,1.09082,1.09674,162893.71
2019-10-11,1.09675,1.10392,1.09663,1.09975,164301.66
2019-10-13,1.09999,1.10101,1.09884,1.10072,3267.13
2019-10-14,1.10072,1.10072,1.09712,1.10006,98692.68
2019-10-15,1.10006,1.10275,1.09723,1.10184,150912.43
2019-10-16,1.10186,1.10319,1.09943,1.10119,140246.68
2019-10-17,1.10119,1.10591,1.09745,1.09859,140326.53
2019-10-18,1.09857,1.10084,1.09749,1.09921,111956.74
2019-10-20,1.09866,1.09927,1.09806,1.09875,5541.12
2019-10-21,1.09875,1.10088,1.09843,1.09962,97901.24
2019-10-22,1.09959,1.10236,1.09918,1.10106,104725.06
2019-10-23,1.10107,1.10309,1.09934,1.10263,91495.16
2019-10-24,1.10261,1.10415,1.10034,1.10185,123737.18
2019-10-25,1.10185,1.10306,1.10106,1.10131,82060.73
2019-10-27,1.10203,1.10222,1.10117,1.10214,1839.37
2019-10-28,1.10214,1.10582,1.10206,1.10408,71596.47
2019-10-29,1.10408,1.10494,1.10212,1.10471,83856.99
2019-10-30,1.1047,1.10477,1.10132,1.10302,117241.85
2019-10-31,1.10304,1.10331,1.0992,1.10049,143557.98
2019-11-01,1.10048,1.10268,1.09988,1.10018,134322.45
2019-11-03,1.10028,1.10102,1.09997,1.10078,2818.56
2019-11-04,1.10078,1.10348,1.09856,1.09988,94603.56
2019-11-05,1.09987,1.10289,1.09793,1.0992,116600.03
2019-11-06,1.09922,1.10158,1.09786,1.09859,101903.4
2019-11-07,1.09859,1.10124,1.09745,1.09943,134251.28
2019-11-08,1.09942,1.10051,1.09752,1.09852,95357.45
2019-11-10,1.09888,1.09938,1.09849,1.09908,2701.54
2019-11-11,1.09908,1.09947,1.0957,1.0959,71735.83
2019-11-12,1.09588,1.09796,1.09253,1.09322,104266.82
2019-11-13,1.09322,1.09327,1.08782,1.08963,101825.36
2019-11-14,1.08963,1.09036,1.08627,1.0896,109135.21
2019-11-15,1.08961,1.09464,1.08932,1.09372,72612.64
2019-11-17,1.09358,1.09397,1.09248,1.09333,3307.53
2019-11-18,1.09329,1.09621,1.0931,1.09537,93843.87
2019-11-19,1.09537,1.09865,1.09501,1.09717,92524.57
2019-11-20,1.09718,1.10012,1.09516,1.09715,104784.8
2019-11-21,1.09716,1.10033,1.09559,1.09856,97561.54
2019-11-22,1.09856,1.10098,1.098,1.09857,141499.3
2019-11-24,1.09919,1.09995,1.09919,1.09969,2408.51
2019-11-25,1.09967,1.10005,1.09668,1.09749,96806.87
2019-11-26,1.0975,1.09998,1.09726,1.09957,86756.32
2019-11-27,1.09956,1.10002,1.09797,1.099,98581.46
2019-11-28,1.099,1.10028,1.09858,1.09949,63601.73
2019-11-29,1.09948,1.10229,1.09904,1.10143,92807.08
2019-12-01,1.10224,1.10257,1.10172,1.10201,3384.96
2019-12-02,1.102,1.10269,1.09794,1.09815,99871.23
2019-12-03,1.09815,1.09929,1.09271,1.09415,129197.18
2019-12-04,1.09415,1.09687,1.0921,1.09526,106003.37
2019-12-05,1.09526,1.09823,1.09408,1.0962,85115.59
2019-12-06,1.0962,1.09804,1.09428,1.09521,79689.41
2019-12-08,1.09416,1.09564,1.09416,1.09547,4125.2
2019-12-09,1.09545,1.09673,1.09259,1.093,63667.55
2019-12-10,1.093,1.09368,1.09116,1.09205,84117.35
2019-12-11,1.09205,1.09451,1.091,1.09377,84578.64
2019-12-12,1.09377,1.10327,1.09231,1.10159,132944.96
2019-12-13,1.10159,1.10163,1.09326,1.09369,152657.58
2019-12-15,1.0943,1.09478,1.09374,1.09453,4284.64
2019-12-16,1.09454,1.09676,1.09443,1.09494,79859.74
2019-12-17,1.09494,1.09676,1.09242,1.09272,90765.51
2019-12-18,1.09272,1.09292,1.08939,1.08947,88008.53
2019-12-19,1.08945,1.09262,1.08671,1.0882,88579.98
2019-12-20,1.08818,1.09069,1.08699,1.08801,80846.42
2019-12-22,1.08765,1.0887,1.08727,1.08833,3908.3
2019-12-23,1.08831,1.0897,1.0861,1.08862,68344.43
2019-12-24,1.08861,1.08982,1.08562,1.08656,56645.89
2019-12-25,1.08656,1.0876,1.08558,1.08689,4295.57
2019-12-26,1.08689,1.08986,1.08687,1.0895,37200.73
2019-12-27,1.0895,1.09048,1.08692,1.08903,87498.97
2019-12-29,1.08848,1.08998,1.08848,1.08893,4302.23
2019-12-30,1.08892,1.09034,1.08464,1.08521,85700.46
2019-12-31,1.08521,1.08834,1.08398,1.08528,79280.36
2020-01-01,1.08423,1.08578,1.0832,1.0857,1940.38
2020-01-02,1.08569,1.08777,1.08364,1.08519,139354.51
2020-01-03,1.08517,1.08582,1.08236,1.08449,106931.38
2020-01-05,1.0833,1.08444,1.08309,1.0843,4568.91
2020-01-06,1.08429,1.08595,1.08327,1.08428,93107.44
2020-01-07,1.08427,1.08603,1.07967,1.08051,113057.49
2020-01-08,1.0805,1.08285,1.07821,1.0816,139075.81
2020-01-09,1.08159,1.08327,1.07944,1.08112,92668.33
2020-01-10,1.0811,1.08296,1.08052,1.08145,75942.41
2020-01-12,1.08081,1.08229,1.08042,1.08178,3139.81
2020-01-13,1.08177,1.08329,1.07942,1.08107,74662.86
2020-01-14,1.08105,1.08205,1.07573,1.07614,97353.97
2020-01-15,1.07618,1.07764,1.07421,1.07475,108169.93
2020-01-16,1.07476,1.07588,1.07319,1.07467,85816.38
2020-01-17,1.07466,1.0757,1.07307,1.07317,81224.45
2020-01-19,1.07303,1.07418,1.07299,1.07409,3298.16
2020-01-20,1.07407,1.07496,1.07343,1.07453,48936.68
2020-01-21,1.07452,1.07509,1.07307,1.07395,87054.9
2020-01-22,1.07395,1.07879,1.07338,1.07342,92666.82
2020-01-23,1.07339,1.07469,1.07018,1.07188,102316.07
2020-01-24,1.07188,1.07228,1.07001,1.0704,82930.1
2020-01-26,1.0704,1.07066,1.06927,1.06945,7701.51
2020-01-27,1.06945,1.07167,1.06762,1.06875,94066.79
2020-01-28,1.06871,1.07266,1.06649,1.07235,74739.28
2020-01-29,1.07234,1.07376,1.07098,1.07185,75537.52
2020-01-30,1.07185,1.07198,1.0681,1.06919,101192.89
2020-01-31,1.06919,1.07063,1.06766,1.06859,100988.5
2020-02-02,1.06875,1.06875,1.0678,1.0683,6074.28
2020-02-03,1.06829,1.06932,1.06634,1.06841,100631.64
2020-02-04,1.06842,1.07171,1.06817,1.07053,94600.72
2020-02-05,1.07053,1.07279,1.06902,1.07078,102615.86
2020-02-06,1.07077,1.07243,1.06951,1.07025,90737.69
2020-02-07,1.07026,1.07102,1.06794,1.06969,96695.75
2020-02-09,1.0692,1.07012,1.06863,1.06931,5651.5
2020-02-10,1.06931,1.07131,1.06595,1.06634,78310.95
2020-02-11,1.06633,1.0679,1.06482,1.06539,73555.85
2020-02-12,1.06538,1.06622,1.06309,1.06325,477070.68
2020-02-13,1.06325,1.06371,1.06093,1.06136,480436.5
2020-02-14,1.06137,1.06503,1.06083,1.06371,72408.14
2020-02-16,1.06378,1.06439,1.0637,1.06427,4366.66
2020-02-17,1.06427,1.06503,1.06242,1.06276,54716.71
2020-02-18,1.06276,1.0629,1.06066,1.06134,92559.33
2020-02-19,1.06133,1.06347,1.06113,1.06328,88354.2
2020-02-20,1.06328,1.06335,1.06061,1.06128,114517.03
2020-02-21,1.06128,1.06239,1.06057,1.0611,111769.11
2020-02-23,1.06075,1.06104,1.06054,1.06095,7180.62
2020-02-24,1.06093,1.06314,1.05897,1.06305,144080.35
2020-02-25,1.06305,1.0635,1.05932,1.06197,152680.89
2020-02-26,1.06195,1.06366,1.05992,1.063,159850.7
2020-02-27,1.06298,1.06715,1.06163,1.06534,176073.58
2020-02-28,1.06535,1.06589,1.0585,1.06429,233055.62
2020-03-01,1.06357,1.06571,1.06308,1.06529,9403.76
2020-03-02,1.0653,1.07062,1.06302,1.06798,216157.04
2020-03-03,1.06798,1.07096,1.06297,1.06818,235698.04
2020-03-04,1.06817,1.07036,1.06202,1.0655,153419.73
2020-03-05,1.0655,1.06755,1.06147,1.0615,156286.15
2020-03-06,1.06151,1.06194,1.0575,1.0577,261442.03
2020-03-08,1.05803,1.05873,1.05588,1.05598,22114.56
2020-03-09,1.056,1.06385,1.05421,1.0582,323145.67
2020-03-10,1.05821,1.06461,1.05751,1.06003,307976.52
2020-03-11,1.06003,1.06094,1.0569,1.05744,221430.33
2020-03-12,1.05743,1.05915,1.05411,1.05617,354201.39
2020-03-13,1.05617,1.06187,1.05499,1.05516,378141.08
2020-03-15,1.0567,1.05906,1.05515,1.05562,47050.52
2020-03-16,1.05557,1.05901,1.05378,1.05758,446812.05
2020-03-17,1.05757,1.06051,1.05449,1.0572,307110.13
2020-03-18,1.05717,1.05989,1.05312,1.05882,384892.22
2020-03-19,1.05882,1.06011,1.05245,1.05341,431582.24
2020-03-20,1.05341,1.0557,1.05254,1.05367,429070.77
2020-03-22,1.05301,1.05457,1.05271,1.05328,28882.13
2020-03-23,1.05328,1.06,1.05305,1.05676,402215.51
2020-03-24,1.05675,1.06031,1.05627,1.05865,286264.6
2020-03-25,1.05866,1.06369,1.05817,1.06292,274345.17
2020-03-26,1.06291,1.06533,1.06136,1.06245,300423.54
2020-03-27,1.06245,1.06357,1.05634,1.0587,243701.29
2020-03-29,1.05959,1.06033,1.05723,1.05854,7399.74
2020-03-30,1.05855,1.0601,1.0551,1.05863,169340.32
2020-03-31,1.05863,1.06218,1.05621,1.06018,205806.54
2020-04-01,1.06018,1.06043,1.05575,1.05824,152711.43
2020-04-02,1.05821,1.05934,1.0546,1.05679,158287.45
2020-04-03,1.05677,1.05726,1.05409,1.05437,127583.41
2020-04-05,1.05552,1.05665,1.05552,1.05607,7252.46
2020-04-06,1.05605,1.05811,1.05497,1.05635,121623.81
2020-04-07,1.05638,1.05939,1.05561,1.05597,130228.54
2020-04-08,1.05595,1.05672,1.05481,1.05547,116394.36
2020-04-09,1.05547,1.05823,1.05493,1.0563,140645.27
2020-04-10,1.0563,1.0572,1.05526,1.05549,70484.47
2020-04-12,1.05607,1.05719,1.05536,1.05589,2987.07
2020-04-13,1.05587,1.05669,1.05497,1.05566,81133.27
2020-04-14,1.05564,1.0559,1.05329,1.05452,113577.79
2020-04-15,1.05452,1.05512,1.0522,1.05235,119827.1
2020-04-16,1.05235,1.05274,1.05082,1.05229,134382.62
2020-04-17,1.05229,1.05273,1.05104,1.0513,115070.36
2020-04-19,1.05158,1.05191,1.05158,1.05171,3594.23
2020-04-20,1.05168,1.05232,1.05118,1.05165,83403.03
2020-04-21,1.05165,1.05314,1.05111,1.05273,103347.55
2020-04-22,1.05276,1.05313,1.05126,1.05136,91544.36
2020-04-23,1.05136,1.05304,1.05091,1.05189,120755.7
2020-04-24,1.05188,1.05369,1.05123,1.05249,95204.26
2020-04-26,1.05245,1.05353,1.05245,1.05345,1816.83
2020-04-27,1.05347,1.05795,1.0532,1.05627,82167.88
2020-04-28,1.05627,1.06112,1.05447,1.05483,93959.27
2020-04-29,1.05483,1.06086,1.05472,1.05932,82583.6
2020-04-30,1.05932,1.05986,1.05463,1.05774,123879.91
2020-05-01,1.05776,1.05788,1.05501,1.05501,76091.87
2020-05-03,1.05559,1.05579,1.0548,1.05494,4997.28
2020-05-04,1.05494,1.05525,1.05223,1.05285,89829.45
2020-05-05,1.05286,1.0556,1.05172,1.05415,105445.42
2020-05-06,1.05417,1.0543,1.05206,1.05313,98494.45
2020-05-07,1.05314,1.05439,1.05243,1.05433,101611.07
2020-05-08,1.05434,1.0546,1.05205,1.05208,75824.59
2020-05-10,1.05228,1.05297,1.05216,1.05253,5086.18
2020-05-11,1.05253,1.0532,1.05131,1.05161,86386.61
2020-05-12,1.0516,1.05226,1.05136,1.05193,88086.98
2020-05-13,1.05193,1.05318,1.05143,1.05172,104260.85
2020-05-14,1.05172,1.05196,1.05045,1.05169,119148.35
2020-05-15,1.05169,1.05264,1.05109,1.05109,98691.43
2020-05-17,1.05063,1.05167,1.05058,1.05158,2601.11
2020-05-18,1.05158,1.06614,1.05096,1.06058,100743.05
2020-05-19,1.06058,1.06558,1.06008,1.06119,99635.59
2020-05-20,1.06121,1.06175,1.05777,1.05938,84304.37
2020-05-21,1.05938,1.06509,1.05846,1.06281,95610.04
2020-05-22,1.06281,1.06322,1.05811,1.0584,87391.19
2020-05-24,1.05848,1.05959,1.05822,1.05937,3208.55
2020-05-25,1.05939,1.05981,1.05763,1.05896,59292.41
2020-05-26,1.05897,1.06332,1.05882,1.05991,111010.41
2020-05-27,1.05992,1.06981,1.05888,1.06642,149630.71
2020-05-28,1.06641,1.06974,1.06578,1.06817,120031.88
2020-05-29,1.06817,1.07257,1.06606,1.06685,130529.93
2020-05-31,1.06756,1.0682,1.06701,1.06785,4683.0
2020-06-01,1.06785,1.07093,1.06685,1.06928,119143.9
2020-06-02,1.06929,1.07646,1.06853,1.07573,145791.34
2020-06-03,1.07572,1.08197,1.0755,1.08017,153481.42
2020-06-04,1.08018,1.08609,1.07439,1.08324,170105.88
2020-06-05,1.08323,1.09149,1.08247,1.08629,162304.27
2020-06-07,1.08578,1.08804,1.08496,1.08792,5440.29
2020-06-08,1.08792,1.08894,1.08011,1.08255,118291.09
2020-06-09,1.08254,1.08285,1.07458,1.07786,126325.3
2020-06-10,1.07786,1.07904,1.07252,1.07263,156319.33
2020-06-11,1.07263,1.07473,1.06447,1.06575,192067.36
2020-06-12,1.06575,1.07276,1.06545,1.07184,170297.99
2020-06-14,1.07136,1.07144,1.06906,1.07048,23576.08
2020-06-15,1.0705,1.07617,1.06724,1.07606,177977.41
2020-06-16,1.07606,1.07686,1.06837,1.07162,198668.53
2020-06-17,1.07163,1.07224,1.06593,1.06654,194206.88
2020-06-18,1.06654,1.06897,1.06526,1.06674,129983.33
2020-06-19,1.06674,1.06778,1.06357,1.06431,113653.03
2020-06-21,1.06336,1.06516,1.06336,1.06445,4999.65
2020-06-22,1.06446,1.06811,1.06411,1.06785,98812.46
2020-06-23,1.06785,1.07112,1.06598,1.06846,124186.1
2020-06-24,1.06845,1.06929,1.06597,1.06669,108044.49
2020-06-25,1.0667,1.06763,1.06349,1.06391,132989.84
2020-06-26,1.06391,1.06443,1.06278,1.06339,91808.43
2020-06-28,1.06332,1.06395,1.06332,1.06383,2093.57
2020-06-29,1.06382,1.06985,1.06353,1.06961,95387.01
2020-06-30,1.06961,1.06978,1.06309,1.064,106889.25
2020-07-01,1.064,1.06614,1.0612,1.06409,109608.35
2020-07-02,1.06408,1.0661,1.06174,1.06259,94817.37
2020-07-03,1.0626,1.06377,1.06138,1.06149,91482.39
2020-07-05,1.06241,1.06303,1.06215,1.06276,1433.72
2020-07-06,1.0628,1.06565,1.06254,1.06546,91955.38
2020-07-07,1.06546,1.06657,1.06209,1.06259,102315.83
2020-07-08,1.06262,1.06406,1.06145,1.06377,101075.23
2020-07-09,1.06377,1.06469,1.06048,1.06144,119084.15
2020-07-10,1.06145,1.06396,1.06066,1.0634,95077.73
2020-07-12,1.06361,1.06421,1.0629,1.06363,4677.61
2020-07-13,1.06363,1.07026,1.06348,1.06843,105574.03
2020-07-14,1.06842,1.07198,1.06501,1.07189,127554.22
2020-07-15,1.07189,1.07873,1.07013,1.07769,117179.13
2020-07-16,1.07769,1.07967,1.07471,1.07655,127587.14
2020-07-17,1.07654,1.07683,1.07226,1.07246,79707.89
2020-07-19,1.07282,1.07388,1.0726,1.07367,4585.17
2020-07-20,1.07367,1.07757,1.07198,1.07548,134164.18
2020-07-21,1.07548,1.07599,1.07215,1.07558,139341.34
2020-07-22,1.07561,1.07946,1.07423,1.07539,204329.16
2020-07-23,1.07539,1.07618,1.07152,1.07301,151029.68
2020-07-24,1.07297,1.07489,1.07119,1.07293,130756.68
2020-07-26,1.07204,1.07356,1.07134,1.073,5891.9
2020-07-27,1.07298,1.08377,1.07294,1.08215,128259.89
2020-07-28,1.08215,1.0827,1.07424,1.07566,133851.35
2020-07-29,1.07567,1.07824,1.07488,1.07506,126500.75
2020-07-30,1.07506,1.07879,1.07336,1.07868,126644.78
2020-07-31,1.07868,1.07973,1.07459,1.07522,157369.52
2020-08-02,1.07622,1.07696,1.07497,1.0762,13053.88
2020-08-03,1.07618,1.08384,1.0752,1.07914,133687.93
2020-08-04,1.07915,1.08107,1.07389,1.07807,116512.6
2020-08-05,1.07807,1.07932,1.07616,1.07806,107539.26
2020-08-06,1.07804,1.08215,1.07519,1.08055,160114.16
2020-08-07,1.08055,1.08132,1.0752,1.07525,122868.31
2020-08-09,1.07516,1.07586,1.07502,1.07533,4637.09
2020-08-10,1.07533,1.07924,1.07435,1.07452,149947.89
2020-08-11,1.07455,1.07913,1.07349,1.07665,187455.48
2020-08-12,1.07665,1.07869,1.07383,1.07537,139361.02
2020-08-13,1.07537,1.07906,1.07435,1.07482,112642.78
2020-08-14,1.07482,1.07717,1.07407,1.07634,93463.86
2020-08-16,1.07617,1.07705,1.07544,1.07701,11982.63
2020-08-17,1.07701,1.07842,1.07451,1.07647,117113.69
2020-08-18,1.07647,1.07899,1.07538,1.07846,116155.25
2020-08-19,1.07844,1.08489,1.07712,1.08345,124513.08
2020-08-20,1.08344,1.08413,1.07587,1.07659,155454.01
2020-08-21,1.07658,1.0778,1.07359,1.07509,122955.82
2020-08-23,1.07415,1.07614,1.07415,1.07592,18300.53
2020-08-24,1.0759,1.07749,1.07445,1.07546,137057.15
2020-08-25,1.07545,1.07676,1.07314,1.0746,158919.84
2020-08-26,1.07461,1.07589,1.07317,1.07446,123981.32
2020-08-27,1.07447,1.07604,1.07214,1.07466,251148.18
2020-08-28,1.07466,1.07679,1.07447,1.07619,203852.61
2020-08-30,1.07555,1.07703,1.07514,1.07684,5215.65
2020-08-31,1.07683,1.07924,1.07463,1.07912,419010.16
2020-09-01,1.07913,1.08772,1.07827,1.08421,175475.53
2020-09-02,1.08421,1.08511,1.07743,1.07951,193745.69
2020-09-03,1.07953,1.07988,1.07588,1.07758,119045.07
2020-09-04,1.0776,1.08254,1.0773,1.08116,156464.8
2020-09-06,1.08124,1.08158,1.08047,1.08106,2933.47
2020-09-07,1.08106,1.08349,1.0799,1.08308,76311.68
2020-09-08,1.08308,1.08464,1.07971,1.08024,158431.25
2020-09-09,1.08025,1.08173,1.07661,1.07668,200393.9
2020-09-10,1.07669,1.07873,1.07498,1.07621,168726.89
2020-09-11,1.07621,1.07882,1.07536,1.07648,88463.27
2020-09-13,1.07612,1.07686,1.0755,1.0762,2067.63
2020-09-14,1.07619,1.07809,1.07567,1.07798,90146.79
2020-09-15,1.07798,1.07856,1.07523,1.07597,83249.55
2020-09-16,1.07598,1.07659,1.07356,1.0748,121550.28
2020-09-17,1.07479,1.07653,1.07269,1.07604,117583.46
2020-09-18,1.07603,1.07944,1.07591,1.07907,100023.93
2020-09-20,1.07928,1.07939,1.07694,1.0792,3476.82
2020-09-21,1.0792,1.07996,1.07399,1.07666,153921.35
2020-09-22,1.07667,1.07746,1.07454,1.07704,109047.3
2020-09-23,1.07704,1.07843,1.07517,1.07721,131049.7
2020-09-24,1.07722,1.08187,1.07549,1.08183,124161.53
2020-09-25,1.08183,1.08209,1.07906,1.07977,118954.52
2020-09-27,1.07989,1.08024,1.0794,1.08,2341.84
2020-09-28,1.08001,1.08301,1.07734,1.07874,89464.06
2020-09-29,1.07874,1.08172,1.07805,1.07955,93269.53
2020-09-30,1.07955,1.08167,1.07624,1.07955,112321.79
2020-10-01,1.07957,1.08053,1.07658,1.07915,123239.12
2020-10-02,1.07913,1.07965,1.07679,1.07803,114648.6
2020-10-04,1.078,1.078,1.07345,1.07584,8507.31
2020-10-05,1.07585,1.07926,1.07521,1.07882,83368.16
2020-10-06,1.07882,1.07894,1.07656,1.07686,96162.65
2020-10-07,1.07687,1.07966,1.07673,1.07892,83143.7
2020-10-08,1.0789,1.08003,1.078,1.07889,78173.93
2020-10-09,1.07889,1.07893,1.07544,1.07592,72677.93
2020-10-11,1.07542,1.07624,1.07542,1.07583,4593.39
2020-10-12,1.07582,1.07739,1.07331,1.07387,63154.05
2020-10-13,1.07387,1.07481,1.07255,1.0745,84029.77
2020-10-14,1.07452,1.07494,1.07248,1.07274,79232.34
2020-10-15,1.07275,1.07331,1.06882,1.07069,86216.89
2020-10-16,1.07068,1.07297,1.07052,1.07151,82356.64
2020-10-18,1.07129,1.0725,1.07101,1.07207,3114.66
2020-10-19,1.07207,1.07288,1.07033,1.07158,77641.67
2020-10-20,1.07159,1.07336,1.07033,1.07259,78648.33
2020-10-21,1.07261,1.07404,1.07103,1.07366,91050.63
2020-10-22,1.07366,1.07486,1.07195,1.07232,74404.07
2020-10-23,1.07231,1.07294,1.07016,1.07221,72494.24
2020-10-25,1.07262,1.07285,1.07148,1.07176,5653.56
2020-10-26,1.07175,1.07247,1.0707,1.07227,70133.03
2020-10-27,1.07226,1.07475,1.07077,1.07085,89097.2
2020-10-28,1.07086,1.07193,1.06763,1.0699,83588.41
2020-10-29,1.0699,1.07028,1.06768,1.06893,93119.48
2020-10-30,1.06893,1.07014,1.06712,1.06759,89494.69
2020-11-01,1.06737,1.06779,1.06689,1.06771,3501.87
2020-11-02,1.06771,1.07054,1.06712,1.06955,72142.45
2020-11-03,1.06954,1.07185,1.06793,1.07101,66783.3
2020-11-04,1.07103,1.07105,1.066,1.06951,188950.43
2020-11-05,1.06951,1.07267,1.06819,1.06866,124066.03
2020-11-06,1.06867,1.06976,1.06756,1.06813,106593.03
2020-11-08,1.06758,1.06984,1.06754,1.06946,7602.44
2020-11-09,1.06946,1.08076,1.06801,1.07923,152684.71
2020-11-10,1.07923,1.08222,1.07818,1.08137,124423.84
2020-11-11,1.08135,1.08242,1.07818,1.07977,85200.47
2020-11-12,1.07976,1.08081,1.07811,1.07985,71679.9
2020-11-13,1.07985,1.08163,1.07894,1.07956,59680.51
2020-11-15,1.08079,1.0809,1.07989,1.08037,4380.29
2020-11-16,1.08037,1.08273,1.0788,1.08193,82369.79
2020-11-17,1.08193,1.08206,1.08025,1.08112,67312.94
2020-11-18,1.08113,1.08245,1.07897,1.08004,62399.06
2020-11-19,1.08004,1.08188,1.07898,1.081,78190.13
2020-11-20,1.081,1.08231,1.07946,1.0799,60859.06
2020-11-22,1.08017,1.08062,1.07986,1.08047,3486.02
2020-11-23,1.08045,1.08177,1.07944,1.08054,76224.76
2020-11-24,1.08053,1.08498,1.0802,1.08374,78996.75
2020-11-25,1.08374,1.08713,1.08185,1.08222,86785.63
2020-11-26,1.08222,1.08322,1.07908,1.07972,59360.02
2020-11-27,1.07975,1.08274,1.07939,1.08164,73355.66
2020-11-29,1.0812,1.08247,1.08111,1.08241,3090.51
2020-11-30,1.08242,1.0859,1.0803,1.08416,90271.37
2020-12-01,1.08418,1.08649,1.08319,1.08582,90468.44
2020-12-02,1.08582,1.08716,1.08128,1.08371,87820.52
2020-12-03,1.08372,1.08405,1.08162,1.08194,76198.12
2020-12-04,1.08195,1.08487,1.07977,1.08094,71896.41
2020-12-06,1.07959,1.08139,1.07959,1.08093,5257.56
2020-12-07,1.08093,1.08126,1.07802,1.07879,71717.55
2020-12-08,1.07879,1.07989,1.07573,1.07616,73996.22
2020-12-09,1.07616,1.07839,1.07359,1.07432,71964.22
2020-12-10,1.07433,1.07693,1.07419,1.07579,83905.3
2020-12-11,1.07578,1.07891,1.07491,1.07727,73010.43
2020-12-13,1.07865,1.07905,1.07761,1.07805,3129.65
2020-12-14,1.07803,1.07921,1.07623,1.07721,66901.52
2020-12-15,1.07721,1.07854,1.07586,1.07628,70870.06
2020-12-16,1.07627,1.08068,1.07606,1.0798,80181.6
2020-12-17,1.07979,1.08581,1.07898,1.08482,67859.74
2020-12-18,1.08483,1.08597,1.08166,1.08187,61995.42
2020-12-20,1.08161,1.08244,1.08123,1.08168,2540.44
2020-12-21,1.08167,1.08469,1.07978,1.08353,108704.32
2020-12-22,1.08353,1.0845,1.08101,1.08195,73642.72
2020-12-23,1.08195,1.08583,1.08109,1.08249,75853.92
2020-12-24,1.0825,1.08645,1.0823,1.0847,45217.66
2020-12-25,1.0847,1.08646,1.08362,1.08372,1841.16
2020-12-27,1.08367,1.08614,1.08367,1.08561,2400.53
2020-12-28,1.08557,1.08917,1.08484,1.0855,59196.46
2020-12-29,1.08549,1.08757,1.08211,1.08321,62998.28
2020-12-30,1.08322,1.08627,1.08301,1.08428,74466.57
2020-12-31,1.0843,1.08457,1.07979,1.08056,61875.7
2021-01-03,1.08074,1.08192,1.0801,1.08182,3548.11
2021-01-04,1.08181,1.08315,1.07872,1.07973,83320.32
2021-01-05,1.07972,1.08194,1.079,1.08002,76180.97
2021-01-06,1.08003,1.08376,1.07978,1.0834,109619.92
2021-01-07,1.08341,1.08679,1.08247,1.08602,83590.94
2021-01-08,1.08602,1.08622,1.0816,1.08192,91429.28
2021-01-10,1.08227,1.08252,1.08152,1.08167,2850.44
2021-01-11,1.08168,1.08405,1.08117,1.08184,76384.27
2021-01-12,1.08184,1.08309,1.08058,1.08178,65770.9
2021-01-13,1.08179,1.08223,1.07812,1.07887,65311.08
2021-01-14,1.07887,1.08145,1.07754,1.0794,82492.52
2021-01-15,1.07941,1.07964,1.07502,1.0757,68814.31
2021-01-17,1.07576,1.07701,1.07531,1.0769,3611.08
2021-01-18,1.07691,1.07694,1.07388,1.076,53776.41
2021-01-19,1.07599,1.07809,1.07561,1.07806,54972.44
2021-01-20,1.07804,1.07923,1.07653,1.07738,60936.79
2021-01-21,1.07738,1.07863,1.07564,1.0771,64263.3
2021-01-22,1.0771,1.07845,1.07625,1.07704,63563.11
2021-01-24,1.0772,1.07758,1.07687,1.07746,2597.42
2021-01-25,1.07747,1.07877,1.07688,1.07833,63817.91
2021-01-26,1.07833,1.08,1.07705,1.0784,61845.46
2021-01-27,1.0784,1.07854,1.07498,1.0762,86868.85
2021-01-28,1.07621,1.07891,1.07519,1.077,81871.55
2021-01-29,1.077,1.08123,1.07602,1.08033,87602.85
2021-01-31,1.07863,1.08114,1.07862,1.08071,4988.18
2021-02-01,1.0807,1.08272,1.08054,1.08192,75274.43
2021-02-02,1.08192,1.08327,1.07987,1.08081,68322.38
2021-02-03,1.08082,1.08204,1.07955,1.0818,58440.54
2021-02-04,1.08182,1.08231,1.081,1.08176,61791.51
2021-02-05,1.08178,1.08349,1.08072,1.08217,60596.76
2021-02-07,1.08232,1.08327,1.08208,1.08318,4246.33
2021-02-08,1.0832,1.08461,1.08212,1.08307,59341.02
2021-02-09,1.08307,1.08331,1.08044,1.08145,65624.12
2021-02-10,1.08145,1.08188,1.0785,1.07888,63842.16
2021-02-11,1.07888,1.08073,1.07863,1.07971,45377.0
2021-02-12,1.07971,1.08104,1.07872,1.08022,44131.35
2021-02-14,1.07994,1.08112,1.07894,1.08105,3435.94
2021-02-15,1.08105,1.08198,1.07906,1.07966,34787.39
2021-02-16,1.07967,1.08087,1.07876,1.08018,61205.55
2021-02-17,1.08019,1.08244,1.07936,1.08232,70299.88
2021-02-18,1.08232,1.08363,1.08189,1.08342,48148.36
2021-02-19,1.08343,1.08706,1.08341,1.08551,43379.41
2021-02-21,1.08612,1.08744,1.08512,1.08737,3775.93
2021-02-22,1.08738,1.09155,1.08696,1.08963,57788.09
2021-02-23,1.08965,1.10006,1.08938,1.10005,69131.77
2021-02-24,1.10005,1.10563,1.09988,1.1034,102786.08
2021-02-25,1.10343,1.10976,1.10062,1.10113,136332.59
2021-02-26,1.10115,1.10179,1.09561,1.09667,154896.78
2021-02-28,1.09682,1.09754,1.09532,1.09699,6281.4
2021-03-01,1.09698,1.10313,1.09629,1.10241,121962.5
2021-03-02,1.10241,1.10614,1.10031,1.10587,119453.4
2021-03-03,1.10588,1.1099,1.10548,1.10829,97852.91
2021-03-04,1.10832,1.11515,1.10752,1.11205,117576.03
2021-03-05,1.11205,1.11228,1.10546,1.10859,130747.24
2021-03-07,1.10688,1.10975,1.10688,1.10931,4871.52
2021-03-08,1.1093,1.11004,1.10766,1.1094,104906.48
2021-03-09,1.10941,1.11187,1.10322,1.10423,115315.29
2021-03-10,1.10423,1.10928,1.10294,1.10879,104726.02
2021-03-11,1.10881,1.11015,1.10513,1.10803,91183.22
2021-03-12,1.10802,1.11134,1.1077,1.11097,79013.98
2021-03-14,1.10741,1.11074,1.10741,1.11068,6127.96
2021-03-15,1.11068,1.11078,1.10548,1.10636,78200.23
2021-03-16,1.10636,1.10765,1.1005,1.1009,81127.45
2021-03-17,1.1009,1.10611,1.10084,1.10507,80637.24
2021-03-18,1.10507,1.10844,1.10296,1.10519,93927.86
2021-03-19,1.10525,1.10786,1.10402,1.10577,76151.64
2021-03-21,1.10459,1.10581,1.10449,1.10521,3903.44
2021-03-22,1.10519,1.10636,1.10076,1.10179,73068.74
2021-03-23,1.10179,1.10799,1.10179,1.10636,77621.14
2021-03-24,1.10636,1.10766,1.10497,1.10564,70666.4
2021-03-25,1.10565,1.10743,1.10423,1.10638,69672.53
2021-03-26,1.1064,1.10944,1.10624,1.10717,60704.13
2021-03-28,1.10671,1.10759,1.10671,1.10747,2814.49
2021-03-29,1.10748,1.1078,1.10369,1.10511,59445.3
2021-03-30,1.10509,1.10689,1.10322,1.10412,61333.45
2021-03-31,1.10412,1.10909,1.10399,1.10691,68651.59
2021-04-01,1.10691,1.1118,1.10683,1.10957,68073.53
2021-04-02,1.10957,1.10971,1.10675,1.10733,28265.34
2021-04-04,1.10812,1.10906,1.10812,1.10858,5753.93
2021-04-05,1.10857,1.10944,1.10496,1.10609,38951.45
2021-04-06,1.1061,1.10875,1.1044,1.10524,61006.45
2021-04-07,1.10524,1.10564,1.10228,1.10342,62973.88
2021-04-08,1.10342,1.10413,1.10055,1.10118,50990.92
2021-04-09,1.10118,1.10189,1.09924,1.09953,63366.64
2021-04-11,1.09988,1.10125,1.09953,1.10118,3378.13
2021-04-12,1.10117,1.10149,1.09749,1.09871,49113.44
2021-04-13,1.0987,1.10131,1.0984,1.10008,58424.1
2021-04-14,1.10009,1.10602,1.09948,1.10573,60810.62
2021-04-15,1.10573,1.10632,1.10283,1.10352,61914.95
2021-04-16,1.10353,1.10392,1.10011,1.10191,47032.03
2021-04-18,1.10092,1.10227,1.09835,1.10179,3479.54
2021-04-19,1.10179,1.10299,1.09927,1.10179,53681.87
2021-04-20,1.10179,1.10477,1.10096,1.10221,50179.45
2021-04-21,1.10221,1.10431,1.10084,1.10347,49045.49
2021-04-22,1.10348,1.10472,1.1001,1.10186,59927.28
2021-04-23,1.10187,1.10529,1.10159,1.10475,47978.64
2021-04-25,1.1044,1.1051,1.1041,1.10497,1783.66
2021-04-26,1.105,1.10708,1.1038,1.10487,48322.31
2021-04-27,1.10486,1.10627,1.10237,1.105,50246.91
2021-04-28,1.10499,1.10751,1.10204,1.10304,69813.45
2021-04-29,1.10305,1.10422,1.10119,1.10201,61344.47
2021-04-30,1.10201,1.10224,1.0972,1.09734,61219.66
2021-05-02,1.09775,1.09812,1.09711,1.09799,1575.99
2021-05-03,1.09799,1.10176,1.09781,1.09924,56763.33
2021-05-04,1.09924,1.10106,1.09661,1.09767,68292.46
2021-05-05,1.09767,1.09893,1.09525,1.09641,58709.11
2021-05-06,1.09642,1.09722,1.09419,1.09511,68380.54
2021-05-07,1.09511,1.09763,1.09352,1.09492,79825.08
2021-05-09,1.09518,1.09615,1.0951,1.09592,5185.13
2021-05-10,1.09592,1.09631,1.09284,1.09326,75303.1
2021-05-11,1.09326,1.09882,1.09266,1.09773,70316.63
2021-05-12,1.09773,1.09839,1.09559,1.09767,83996.37
2021-05-13,1.09768,1.09857,1.0931,1.09417,94320.23
2021-05-14,1.09417,1.09615,1.09326,1.09455,65428.65
2021-05-16,1.09432,1.09537,1.09269,1.09523,2352.62
2021-05-17,1.09523,1.09818,1.0942,1.09816,69092.12
2021-05-18,1.09813,1.09826,1.09517,1.09701,57366.02
2021-05-19,1.09702,1.10279,1.09702,1.10033,70259.16
2021-05-20,1.10033,1.10204,1.09652,1.09724,54069.6
2021-05-21,1.09725,1.0981,1.09302,1.09302,60971.64
2021-05-23,1.09362,1.09407,1.09313,1.09319,3551.53
2021-05-24,1.0932,1.09645,1.09319,1.09566,56341.37
2021-05-25,1.09566,1.09848,1.09482,1.09689,66414.76
2021-05-26,1.0969,1.09696,1.09361,1.09452,67928.28
2021-05-27,1.09455,1.09769,1.09306,1.09378,73999.16
2021-05-28,1.09378,1.09759,1.09324,1.09692,70083.46
2021-05-30,1.09661,1.09731,1.09561,1.09721,2530.91
2021-05-31,1.0972,1.09985,1.09629,1.09902,51766.88
2021-06-01,1.099,1.10024,1.09524,1.09598,61866.8
2021-06-02,1.096,1.09821,1.09525,1.09668,63844.48
2021-06-03,1.09667,1.09787,1.09552,1.0959,59362.43
2021-06-04,1.0959,1.09659,1.09327,1.09327,55119.71
2021-06-06,1.09341,1.09416,1.09337,1.0941,2628.04
2021-06-07,1.09412,1.09488,1.09303,1.09436,44965.63
2021-06-08,1.09434,1.09439,1.09102,1.09177,51492.78
2021-06-09,1.09177,1.09269,1.09035,1.091,46140.84
2021-06-10,1.09099,1.09258,1.08871,1.08893,67127.6
2021-06-11,1.08893,1.09014,1.0869,1.08692,49370.98
2021-06-13,1.08766,1.08808,1.08723,1.08728,2329.13
2021-06-14,1.08728,1.09081,1.08718,1.09016,43316.2
2021-06-15,1.09016,1.09085,1.08871,1.08944,45342.87
2021-06-16,1.08945,1.0912,1.08848,1.08997,73363.7
2021-06-17,1.08997,1.09328,1.08897,1.09319,89231.55
2021-06-18,1.09319,1.09543,1.09205,1.0943,77598.14
2021-06-20,1.09355,1.09517,1.09331,1.09509,2645.69
2021-06-21,1.09509,1.09636,1.09318,1.09431,69760.18
2021-06-22,1.09431,1.09675,1.09376,1.09654,58993.69
2021-06-23,1.09654,1.09679,1.09467,1.09538,53641.68
2021-06-24,1.09539,1.09763,1.09475,1.09517,66866.36
2021-06-25,1.09516,1.09637,1.09391,1.09393,44542.81
2021-06-27,1.09494,1.09546,1.09421,1.09462,2897.86
2021-06-28,1.09462,1.09698,1.09449,1.09696,45523.73
2021-06-29,1.09694,1.09719,1.09511,1.0959,49747.53
2021-06-30,1.09592,1.09813,1.09575,1.09678,62736.11
2021-07-01,1.09677,1.09866,1.09604,1.0968,64688.69
2021-07-02,1.09679,1.09723,1.09202,1.09202,67388.75
2021-07-04,1.09247,1.09326,1.09221,1.0928,3907.02
2021-07-05,1.0928,1.09457,1.0928,1.09403,67863.45
2021-07-06,1.09402,1.09451,1.09186,1.09327,68816.78
2021-07-07,1.09328,1.09328,1.09077,1.09166,67516.43
2021-07-08,1.09167,1.0917,1.08242,1.08366,86254.91
2021-07-09,1.08367,1.08679,1.08311,1.08512,57145.04
2021-07-11,1.08588,1.08588,1.08447,1.08521,3861.3
2021-07-12,1.08521,1.08622,1.08443,1.08549,54241.22
2021-07-13,1.08551,1.08623,1.08131,1.082,64751.87
2021-07-14,1.08201,1.08511,1.08183,1.0824,69073.09
2021-07-15,1.08238,1.08482,1.08042,1.08414,57212.03
2021-07-16,1.08414,1.08645,1.0839,1.08524,44013.98
2021-07-18,1.08538,1.08596,1.08484,1.08507,2679.89
2021-07-19,1.08507,1.08627,1.08236,1.08333,66289.6
2021-07-20,1.08331,1.08578,1.0821,1.08532,73580.88
2021-07-21,1.08531,1.08575,1.08173,1.08218,51614.79
2021-07-22,1.08218,1.08406,1.08107,1.082,67198.06
2021-07-23,1.08201,1.08409,1.08167,1.08177,45042.3
2021-07-25,1.08216,1.08286,1.08209,1.08257,3069.69
2021-07-26,1.08258,1.08318,1.08017,1.08077,54405.43
2021-07-27,1.08082,1.08214,1.07971,1.08087,54069.72
2021-07-28,1.08089,1.08161,1.0776,1.0777,59296.79
2021-07-29,1.0777,1.07941,1.07633,1.07694,47167.21
2021-07-30,1.07695,1.07805,1.07401,1.07422,55711.1
2021-08-01,1.07441,1.07513,1.07425,1.07501,2034.26
2021-08-02,1.07504,1.07666,1.07396,1.07492,47510.68
2021-08-03,1.07493,1.07537,1.07194,1.07277,44543.79
2021-08-04,1.07279,1.07406,1.0723,1.07317,45832.83
2021-08-05,1.07316,1.0741,1.07203,1.07287,46113.23
2021-08-06,1.07285,1.07638,1.07189,1.07532,49641.94
2021-08-08,1.07406,1.07678,1.07406,1.07575,5292.94
2021-08-09,1.07576,1.08081,1.07556,1.08077,43925.54
2021-08-10,1.08076,1.08183,1.07947,1.08168,43746.7
2021-08-11,1.08168,1.08259,1.08096,1.08212,44839.62
2021-08-12,1.08212,1.08396,1.08158,1.08331,31971.96
2021-08-13,1.08332,1.08401,1.07952,1.07962,31026.38
2021-08-15,1.0808,1.0808,1.07959,1.07968,1742.73
2021-08-16,1.07968,1.08034,1.07356,1.07482,35392.59
2021-08-17,1.07482,1.07522,1.06959,1.07131,46953.75
2021-08-18,1.0713,1.07574,1.07018,1.0738,46874.48
2021-08-19,1.0738,1.07456,1.06961,1.07297,53035.21
2021-08-20,1.07297,1.07335,1.06996,1.07228,30946.81
2021-08-22,1.07225,1.07317,1.0719,1.0729,2302.05
2021-08-23,1.07287,1.07569,1.07116,1.07145,37924.31
2021-08-24,1.07146,1.07344,1.07,1.07325,32280.38
2021-08-25,1.07323,1.07574,1.07233,1.07553,36120.06
2021-08-26,1.07556,1.08054,1.07531,1.0789,44365.29
2021-08-27,1.07892,1.07971,1.07393,1.07393,46621.76
2021-08-29,1.07504,1.07538,1.07378,1.07529,2871.84
2021-08-30,1.0753,1.08256,1.07471,1.082,33970.47
2021-08-31,1.082,1.08317,1.07818,1.08101,52127.96
2021-09-01,1.08102,1.08503,1.08101,1.0841,44568.29
2021-09-02,1.08409,1.0864,1.08331,1.08585,43754.26
2021-09-03,1.08586,1.08725,1.08477,1.08481,55245.67
2021-09-05,1.08408,1.08621,1.08407,1.08613,2749.71
2021-09-06,1.08614,1.08796,1.08553,1.08626,44626.87
2021-09-07,1.08625,1.08905,1.08448,1.08889,50591.66
2021-09-08,1.08893,1.09012,1.08644,1.0895,56196.63
2021-09-09,1.0895,1.08969,1.08327,1.08366,57838.43
2021-09-10,1.08366,1.08619,1.08352,1.08402,41825.63
2021-09-12,1.08493,1.08512,1.08429,1.08456,6764.83
2021-09-13,1.08456,1.08962,1.0838,1.08916,49862.37
2021-09-14,1.08916,1.09041,1.08541,1.08591,53464.87
2021-09-15,1.08591,1.08706,1.08395,1.087,51118.78
2021-09-16,1.08699,1.09182,1.08577,1.09103,63717.87
2021-09-17,1.09103,1.09376,1.09047,1.09285,63983.06
2021-09-19,1.09198,1.09349,1.09111,1.09321,1652.54
2021-09-20,1.09317,1.09332,1.08701,1.08788,68115.87
2021-09-21,1.08789,1.08854,1.08153,1.08259,66728.71
2021-09-22,1.08258,1.08447,1.08127,1.08269,78463.12
2021-09-23,1.08269,1.08602,1.08221,1.08558,75062.67
2021-09-24,1.08559,1.08645,1.08206,1.08314,54254.29
2021-09-26,1.082,1.08403,1.082,1.08381,3268.7
2021-09-27,1.08381,1.08642,1.08217,1.08266,81160.04
2021-09-28,1.08266,1.08599,1.08255,1.08581,93359.12
2021-09-29,1.08581,1.08619,1.08213,1.08389,94816.99
2021-09-30,1.08388,1.08466,1.07807,1.07937,99938.62
2021-10-01,1.07936,1.08079,1.07717,1.07835,91729.59
2021-10-03,1.07761,1.07935,1.07705,1.07894,2953.8
2021-10-04,1.07891,1.08019,1.07329,1.0745,64126.66
2021-10-05,1.0745,1.07679,1.07388,1.07655,58052.88
2021-10-06,1.07655,1.07711,1.07074,1.07203,76491.77
2021-10-07,1.07204,1.07353,1.07018,1.07331,66414.55
2021-10-08,1.0733,1.07516,1.07205,1.07295,69025.37
2021-10-10,1.07223,1.07324,1.07207,1.07313,4055.36
2021-10-11,1.07312,1.07464,1.07092,1.07171,56906.81
2021-10-12,1.07171,1.0741,1.07085,1.07302,55457.21
2021-10-13,1.073,1.07391,1.07038,1.07163,63031.99
2021-10-14,1.07163,1.07168,1.06802,1.07136,59404.97
2021-10-15,1.07137,1.07394,1.07005,1.07013,55564.74
2021-10-17,1.07096,1.0718,1.0706,1.07101,5037.79
2021-10-18,1.07101,1.07354,1.07032,1.07251,57037.73
2021-10-19,1.07251,1.07403,1.07103,1.07369,56917.8
2021-10-20,1.07368,1.07649,1.07039,1.0708,64733.98
2021-10-21,1.0708,1.07178,1.06682,1.0673,59110.31
2021-10-22,1.06731,1.06821,1.06584,1.0659,64764.14
2021-10-24,1.06586,1.06698,1.06563,1.0669,3797.02
2021-10-25,1.06689,1.06919,1.0658,1.06786,61433.73
2021-10-26,1.06786,1.0703,1.06601,1.06655,52119.24
2021-10-27,1.06656,1.06731,1.06361,1.06489,79624.88
2021-10-28,1.06488,1.06708,1.06402,1.06507,116672.9
2021-10-29,1.06506,1.06553,1.05695,1.05778,96690.02
2021-10-31,1.05766,1.05904,1.05753,1.05871,2101.74
2021-11-01,1.05871,1.06038,1.0545,1.05485,74940.14
2021-11-02,1.05484,1.06039,1.0548,1.05924,71107.04
2021-11-03,1.05923,1.0593,1.0552,1.05851,91831.34
2021-11-04,1.0585,1.05893,1.05359,1.05457,76550.89
2021-11-05,1.05458,1.05763,1.05338,1.0547,80962.59
2021-11-07,1.05381,1.05528,1.05341,1.05502,4676.51
2021-11-08,1.05498,1.05975,1.05469,1.05844,71326.03
2021-11-09,1.05838,1.05976,1.05529,1.05622,79500.23
2021-11-10,1.05623,1.05707,1.05356,1.05433,108003.13
2021-11-11,1.05435,1.05745,1.05346,1.0546,69279.34
2021-11-12,1.0546,1.05711,1.05343,1.05343,65522.02
2021-11-14,1.05375,1.05422,1.05356,1.0539,1639.97
2021-11-15,1.05387,1.05432,1.05102,1.05178,69533.21
2021-11-16,1.05174,1.05504,1.05139,1.05299,83593.43
2021-11-17,1.05298,1.05442,1.04986,1.0509,78345.47
2021-11-18,1.0509,1.05267,1.04978,1.05241,76305.58
2021-11-19,1.0524,1.05283,1.04476,1.04732,109954.61
2021-11-21,1.04765,1.0483,1.04746,1.04783,5451.62
2021-11-22,1.0478,1.04851,1.04479,1.04845,78476.47
2021-11-23,1.04837,1.05126,1.04683,1.04957,83154.95
2021-11-24,1.04957,1.05038,1.04541,1.04635,88677.21
2021-11-25,1.04638,1.04934,1.04576,1.04839,74930.11
2021-11-26,1.04838,1.04852,1.04245,1.04432,120837.6
2021-11-28,1.04385,1.04472,1.04182,1.04382,4171.51
2021-11-29,1.04381,1.0451,1.04145,1.04218,94656.78
2021-11-30,1.04217,1.04431,1.03896,1.04183,152592.8
2021-12-01,1.04182,1.04333,1.04046,1.042,108024.43
2021-12-02,1.04201,1.04358,1.03956,1.03991,83412.66
2021-12-03,1.03993,1.04077,1.03754,1.03762,96415.75
2021-12-05,1.03757,1.03859,1.03757,1.03826,2387.94
2021-12-06,1.03827,1.04492,1.03809,1.04432,67032.59
2021-12-07,1.04431,1.04473,1.04028,1.04212,63315.65
2021-12-08,1.04213,1.04553,1.04161,1.04386,74271.11
2021-12-09,1.04382,1.04544,1.04199,1.04323,64013.94
2021-12-10,1.04321,1.04471,1.04092,1.04169,66694.82
2021-12-12,1.04088,1.04228,1.04077,1.04202,2734.85
2021-12-13,1.04201,1.04299,1.04022,1.04079,55385.61
2021-12-14,1.04077,1.04176,1.03893,1.04034,67188.03
2021-12-15,1.04034,1.04422,1.0401,1.04372,98125.36
2021-12-16,1.04372,1.04662,1.04088,1.04151,92232.81
2021-12-17,1.04153,1.04188,1.03826,1.03827,68142.45
2021-12-19,1.03846,1.03895,1.03801,1.03806,2984.96
2021-12-20,1.03804,1.04134,1.03802,1.03945,70876.03
2021-12-21,1.03946,1.04271,1.03866,1.04183,72544.2
2021-12-22,1.04183,1.04341,1.04125,1.04139,60359.05
2021-12-23,1.04139,1.0432,1.03913,1.04073,65427.36
2021-12-24,1.04073,1.04102,1.03861,1.03861,144333.27
2021-12-26,1.03901,1.04046,1.03886,1.04045,1836.3
2021-12-27,1.04047,1.04111,1.03859,1.03912,42183.57
2021-12-28,1.03912,1.03937,1.03677,1.03753,48045.88
2021-12-29,1.03756,1.03832,1.03623,1.03813,61342.93
2021-12-30,1.03812,1.03843,1.03377,1.0347,56466.04
2021-12-31,1.0347,1.03791,1.03261,1.03671,59481.77
2022-01-02,1.03628,1.03766,1.03507,1.03724,1901.13
2022-01-03,1.03724,1.03911,1.03488,1.03792,70352.11
2022-01-04,1.0379,1.03828,1.03329,1.03373,71368.1
2022-01-05,1.03375,1.03899,1.03358,1.03761,69783.19
2022-01-06,1.03762,1.04118,1.03749,1.04071,77236.21
2022-01-07,1.04071,1.04506,1.04055,1.04348,64501.61
2022-01-09,1.04324,1.04372,1.04241,1.04326,2633.6
2022-01-10,1.04327,1.05071,1.04247,1.05053,84952.85
2022-01-11,1.05051,1.05113,1.04896,1.04965,70520.23
2022-01-12,1.04968,1.05057,1.04373,1.04575,78876.19
2022-01-13,1.04575,1.04872,1.04247,1.04377,80336.94
2022-01-14,1.04383,1.04477,1.04183,1.04305,75662.02
2022-01-16,1.04188,1.04361,1.04177,1.04351,2168.0
2022-01-17,1.04351,1.0445,1.04177,1.04282,53776.18
2022-01-18,1.04283,1.04388,1.03794,1.03894,89767.25
2022-01-19,1.03896,1.04033,1.03744,1.03859,76123.14
2022-01-20,1.03855,1.0395,1.03683,1.03731,74165.46
2022-01-21,1.03732,1.03744,1.03346,1.03421,71245.61
2022-01-23,1.0335,1.03505,1.03307,1.03499,2760.97
2022-01-24,1.03498,1.03586,1.02996,1.03512,104055.94
2022-01-25,1.03511,1.03853,1.03472,1.03753,86394.07
2022-01-26,1.03754,1.03987,1.03686,1.03862,98242.17
2022-01-27,1.03864,1.03977,1.03675,1.03756,111616.85
2022-01-28,1.03756,1.0391,1.03585,1.03717,100364.88
2022-01-30,1.03727,1.03861,1.03727,1.03843,2933.17
2022-01-31,1.03843,1.04409,1.03762,1.04106,104192.38
2022-02-01,1.04101,1.04129,1.03629,1.03829,90949.82
2022-02-02,1.03828,1.04062,1.03769,1.03851,85030.53
2022-02-03,1.03848,1.05421,1.03821,1.05248,138598.22
2022-02-04,1.05247,1.0602,1.05239,1.05905,123126.16
2022-02-06,1.05926,1.06051,1.05908,1.0597,3137.66
2022-02-07,1.05969,1.05984,1.055,1.05604,108820.12
2022-02-08,1.05605,1.05714,1.05293,1.05647,88515.61
2022-02-09,1.0565,1.0567,1.05429,1.05559,70496.54
2022-02-10,1.05558,1.06113,1.05502,1.05649,126770.61
2022-02-11,1.05648,1.05734,1.04813,1.04988,126666.8
2022-02-13,1.04797,1.05104,1.04778,1.05091,4953.59
2022-02-14,1.05089,1.05138,1.04371,1.04523,136927.89
2022-02-15,1.04524,1.05301,1.04457,1.05088,111775.74
2022-02-16,1.05088,1.05491,1.04796,1.04843,94696.22
2022-02-17,1.04844,1.04952,1.04474,1.04521,126583.0
2022-02-18,1.0452,1.04819,1.04251,1.04282,98423.69
2022-02-20,1.0427,1.04355,1.04204,1.04212,4797.87
2022-02-21,1.04212,1.04661,1.0346,1.03574,99354.22
2022-02-22,1.03573,1.04608,1.03378,1.04399,137112.81
2022-02-23,1.04398,1.04597,1.03677,1.03728,94776.25
2022-02-24,1.03726,1.03748,1.02787,1.03595,276114.27
2022-02-25,1.03595,1.04476,1.03312,1.04297,184552.68
2022-02-27,1.03108,1.03736,1.03045,1.03614,14318.29
2022-02-28,1.03616,1.03796,1.02753,1.02895,208024.12
2022-03-01,1.02893,1.02971,1.01988,1.02258,194699.12
2022-03-02,1.02259,1.02631,1.01589,1.02289,205340.45
2022-03-03,1.02287,1.02323,1.01471,1.01564,136965.15
2022-03-04,1.01565,1.01575,1.00167,1.00259,212455.99
2022-03-06,1.00175,1.00186,0.99825,1.00053,10115.39
2022-03-07,1.00054,1.00978,0.99717,1.00548,278107.73
2022-03-08,1.00548,1.01769,1.00468,1.01302,254053.69
2022-03-09,1.01305,1.02709,1.01277,1.02596,203080.6
2022-03-10,1.02596,1.03026,1.02037,1.02358,228499.45
2022-03-11,1.02356,1.02782,1.01862,1.01965,169462.35
2022-03-13,1.01947,1.02243,1.01853,1.02188,5903.62
2022-03-14,1.0219,1.02879,1.02043,1.02695,161873.1
2022-03-15,1.02695,1.03382,1.02695,1.03186,166836.64
2022-03-16,1.03186,1.03849,1.03038,1.03771,188471.1
2022-03-17,1.03772,1.04019,1.03596,1.03894,151655.02
2022-03-18,1.03893,1.0401,1.02926,1.02947,123565.42
2022-03-20,1.02936,1.03121,1.02927,1.03018,3378.93
2022-03-21,1.03016,1.03226,1.02644,1.02889,119754.11
2022-03-22,1.0289,1.03007,1.02642,1.02948,139206.99
2022-03-23,1.02949,1.0315,1.0233,1.02433,130769.7
2022-03-24,1.02433,1.02683,1.02131,1.02323,142190.42
2022-03-25,1.02324,1.02381,1.01943,1.02165,137715.77
2022-03-27,1.02195,1.02292,1.02147,1.02264,3093.62
2022-03-28,1.02264,1.03007,1.02191,1.02601,166431.17
2022-03-29,1.02601,1.03844,1.02512,1.03273,219947.52
2022-03-30,1.03273,1.03299,1.02894,1.03038,182195.58
2022-03-31,1.03035,1.03249,1.02056,1.02221,158045.66
2022-04-01,1.02222,1.02441,1.02001,1.02183,125932.68
2022-04-03,1.02147,1.02286,1.02057,1.02269,3118.34
2022-04-04,1.0227,1.02399,1.0155,1.01664,103763.35
2022-04-05,1.01665,1.01712,1.01307,1.01383,119793.71
2022-04-06,1.01384,1.02041,1.01342,1.01679,146687.65
2022-04-07,1.01678,1.01976,1.01456,1.01523,139595.69
2022-04-08,1.01524,1.01788,1.01386,1.01566,115452.98
2022-04-10,1.01758,1.01783,1.01575,1.01686,6831.4
2022-04-11,1.01686,1.02054,1.01218,1.01316,131023.12
2022-04-12,1.01315,1.01551,1.00889,1.00969,153936.63
2022-04-13,1.00968,1.01826,1.00878,1.0175,131600.92
2022-04-14,1.0175,1.02131,1.01392,1.02038,199587.22
2022-04-15,1.02043,1.02131,1.01719,1.01901,231797.52
2022-04-17,1.017,1.02009,1.01668,1.01919,5788.47
2022-04-18,1.01918,1.02001,1.01607,1.01853,86371.37
2022-04-19,1.01853,1.02788,1.01807,1.02778,155089.5
2022-04-20,1.02778,1.03009,1.02475,1.0297,146614.93
2022-04-21,1.0297,1.03704,1.02877,1.03336,159506.25
2022-04-22,1.03336,1.03513,1.03072,1.03293,139999.26
2022-04-24,1.0339,1.03501,1.03283,1.03305,5842.17
2022-04-25,1.03305,1.03358,1.02442,1.02676,189167.62
2022-04-26,1.02676,1.02904,1.02111,1.02419,166512.63
2022-04-27,1.02425,1.02589,1.01978,1.0225,171156.09
2022-04-28,1.02251,1.0242,1.01881,1.02057,209977.12
2022-04-29,1.02058,1.02703,1.01888,1.02633,171491.06
2022-05-01,1.02561,1.02683,1.02523,1.02633,6604.71
2022-05-02,1.02633,1.02914,1.02276,1.02742,108232.14
2022-05-03,1.02742,1.03145,1.02541,1.03022,118002.41
2022-05-04,1.03024,1.03768,1.02843,1.03367,162867.68
2022-05-05,1.03366,1.03953,1.03169,1.03839,176213.51
2022-05-06,1.03838,1.04508,1.03325,1.04234,214071.42
2022-05-08,1.04032,1.04237,1.04006,1.04175,4318.18
2022-05-09,1.04174,1.04959,1.04134,1.04892,150071.26
2022-05-10,1.04894,1.0515,1.04564,1.04858,166959.3
2022-05-11,1.04858,1.04927,1.04315,1.04541,167828.8
2022-05-12,1.04542,1.04764,1.03616,1.04122,174325.65
2022-05-13,1.04125,1.04368,1.03796,1.04243,136235.54
2022-05-15,1.04059,1.04382,1.04014,1.04216,6527.45
2022-05-16,1.04213,1.0489,1.04151,1.04599,113574.68
2022-05-17,1.04599,1.04872,1.04301,1.04816,120315.72
2022-05-18,1.04815,1.04945,1.03291,1.03391,115513.2
2022-05-19,1.03391,1.036,1.02288,1.02857,160812.06
2022-05-20,1.02857,1.03034,1.02549,1.02889,125394.58
2022-05-22,1.02786,1.03087,1.02724,1.03055,4684.9
2022-05-23,1.03054,1.03352,1.02609,1.03181,134694.43
2022-05-24,1.03175,1.03505,1.02859,1.03085,137216.94
2022-05-25,1.03083,1.03132,1.02385,1.02762,148931.89
2022-05-26,1.02763,1.03098,1.02478,1.02879,107521.2
2022-05-27,1.02878,1.03181,1.02327,1.02682,104349.96
2022-05-29,1.02586,1.02792,1.02473,1.02778,4070.28
2022-05-30,1.02785,1.03362,1.02748,1.03228,82130.85
2022-05-31,1.0323,1.03356,1.02549,1.03001,142454.62
2022-06-01,1.03009,1.03183,1.02392,1.02578,118214.1
2022-06-02,1.02574,1.0302,1.02181,1.02944,105016.19
2022-06-03,1.02943,1.03284,1.02824,1.03151,92667.55
2022-06-05,1.03133,1.03247,1.03078,1.0321,7329.22
2022-06-06,1.03211,1.03915,1.03073,1.03832,108141.31
2022-06-07,1.03832,1.04364,1.03726,1.04145,148303.45
2022-06-08,1.04147,1.04915,1.04047,1.04904,131228.79
2022-06-09,1.049,1.05136,1.03729,1.04104,178330.79
2022-06-10,1.04109,1.04143,1.03756,1.03859,160989.06
2022-06-12,1.0384,1.03924,1.03774,1.03781,9742.72
2022-06-13,1.03782,1.04094,1.0362,1.03806,195143.71
2022-06-14,1.03807,1.04518,1.034,1.04312,210926.64
2022-06-15,1.04311,1.04776,1.03766,1.03989,276329.34
2022-06-16,1.03986,1.0416,1.01298,1.0197,271109.78
2022-06-17,1.01969,1.02201,1.0098,1.01775,190132.12
2022-06-19,1.01701,1.018,1.01531,1.01729,6601.72
2022-06-20,1.01729,1.01936,1.01355,1.01746,141059.36
2022-06-21,1.0175,1.02156,1.01656,1.01744,152028.01
2022-06-22,1.01741,1.01881,1.01316,1.01595,175318.52
2022-06-23,1.01597,1.01651,1.00685,1.01122,229711.36
2022-06-24,1.01123,1.01387,1.00496,1.01097,171078.5
2022-06-26,1.00846,1.01173,1.00846,1.01152,11451.33
2022-06-27,1.01152,1.01576,1.01031,1.01178,162057.81
2022-06-28,1.0118,1.01305,1.00552,1.00671,212086.61
2022-06-29,1.00677,1.00758,0.99647,0.99664,197370.21
2022-06-30,0.99664,1.00134,0.9944,1.00075,238832.9
2022-07-01,1.00072,1.00422,0.99773,0.99997,210433.22
2022-07-03,1.00014,1.00097,0.99987,1.00004,11955.32
2022-07-04,1.00004,1.00459,0.99743,1.00254,124087.56
2022-07-05,1.0025,1.00317,0.99244,0.99329,198038.61
2022-07-06,0.99327,0.99476,0.98672,0.9881,195862.31
2022-07-07,0.98811,0.99305,0.98735,0.9902,164200.83
2022-07-08,0.9902,0.99546,0.98659,0.99416,173551.94
2022-07-10,0.99261,0.99487,0.99261,0.99409,7035.43
2022-07-11,0.99408,0.99423,0.98548,0.98743,158792.48
2022-07-12,0.98741,0.98981,0.98349,0.98488,227388.72
2022-07-13,0.98488,0.98843,0.98052,0.98415,225915.16
2022-07-14,0.98414,0.98848,0.98256,0.9855,285178.54
2022-07-15,0.98548,0.9874,0.98263,0.9845,178509.23
2022-07-17,0.98467,0.98524,0.98417,0.98493,7406.16
2022-07-18,0.98488,0.99335,0.98367,0.99187,170340.72
2022-07-19,0.99186,0.9945,0.98916,0.99124,196829.9
2022-07-20,0.99126,0.99447,0.98724,0.98912,206657.88
2022-07-21,0.98912,0.99499,0.98617,0.98763,264841.47
2022-07-22,0.98759,0.98775,0.98107,0.98165,219118.85
2022-07-24,0.98158,0.98332,0.98149,0.98243,11040.05
2022-07-25,0.98244,0.98824,0.98169,0.98578,187038.13
2022-07-26,0.98574,0.98656,0.973,0.97465,181821.28
2022-07-27,0.97466,0.97973,0.9742,0.97808,180138.12
2022-07-28,0.97805,0.9805,0.97074,0.97275,241173.12
2022-07-29,0.9728,0.97529,0.96987,0.97244,208031.69
2022-07-31,0.97139,0.97354,0.9713,0.97283,7987.94
2022-08-01,0.97283,0.97585,0.97131,0.97501,236559.69
2022-08-02,0.97502,0.97629,0.97199,0.97332,268981.24
2022-08-03,0.97331,0.97819,0.97235,0.9762,245762.74
2022-08-04,0.97619,0.97968,0.97605,0.97761,196399.07
2022-08-05,0.97761,0.98008,0.97595,0.97945,185728.84
2022-08-07,0.97847,0.97925,0.97778,0.9787,9410.11
2022-08-08,0.9787,0.97921,0.97176,0.97391,166919.18
2022-08-09,0.9739,0.97658,0.97257,0.97399,143844.88
2022-08-10,0.974,0.97456,0.97041,0.97058,224027.18
2022-08-11,0.97057,0.97314,0.9694,0.97166,223985.78
2022-08-12,0.97168,0.97206,0.96538,0.96625,184937.11
2022-08-14,0.96595,0.96629,0.96547,0.96573,4747.27
2022-08-15,0.96574,0.96629,0.96032,0.96119,176956.24
2022-08-16,0.9612,0.96788,0.96036,0.96574,198071.92
2022-08-17,0.96573,0.97001,0.96508,0.96817,201007.14
2022-08-18,0.96817,0.96993,0.96428,0.96518,230227.45
2022-08-19,0.96519,0.96693,0.96117,0.9627,188315.61
2022-08-21,0.9604,0.96256,0.9604,0.9622,9396.55
2022-08-22,0.96219,0.96307,0.95677,0.95846,225693.23
2022-08-23,0.95846,0.96407,0.95519,0.96117,251103.09
2022-08-24,0.96115,0.96508,0.95576,0.96338,235218.46
2022-08-25,0.9634,0.9656,0.95953,0.9608,224770.16
2022-08-26,0.9608,0.96728,0.96,0.9643,218762.54
2022-08-28,0.96099,0.96301,0.96089,0.96247,14188.78
2022-08-29,0.96247,0.96973,0.96117,0.96825,261932.97
2022-08-30,0.96825,0.9772,0.96649,0.97627,255184.22
2022-08-31,0.97628,0.98337,0.97378,0.98295,263087.33
2022-09-01,0.98295,0.98343,0.97566,0.97641,253176.61
2022-09-02,0.97644,0.98659,0.97587,0.97632,214246.55
2022-09-04,0.97423,0.97533,0.97357,0.9742,12884.0
2022-09-05,0.97419,0.97563,0.97109,0.97368,181942.5
2022-09-06,0.97368,0.97864,0.97198,0.97448,252746.57
2022-09-07,0.9745,0.97803,0.97281,0.97643,241809.92
2022-09-08,0.97645,0.97702,0.96604,0.96958,283105.8
2022-09-09,0.96958,0.97268,0.96325,0.96405,261225.83
2022-09-11,0.96786,0.96807,0.96601,0.9664,12693.6
2022-09-12,0.9664,0.97452,0.96342,0.96524,245380.74
2022-09-13,0.96522,0.96891,0.95803,0.95847,259712.77
2022-09-14,0.95847,0.96287,0.95814,0.96034,286220.23
2022-09-15,0.96034,0.96175,0.95313,0.96059,224085.51
2022-09-16,0.96059,0.96645,0.95778,0.96572,228517.25
2022-09-18,0.96395,0.9661,0.96395,0.96525,8044.83
2022-09-19,0.96525,0.96711,0.96335,0.96681,191661.85
2022-09-20,0.9668,0.96817,0.96022,0.96098,256916.96
2022-09-21,0.96098,0.96179,0.94987,0.95143,310456.66
2022-09-22,0.95141,0.97142,0.94653,0.96004,373123.93
2022-09-23,0.96004,0.96213,0.94977,0.95136,323812.13
2022-09-25,0.94997,0.9523,0.94995,0.95154,19858.11
2022-09-26,0.95154,0.95754,0.9407,0.95445,437788.91
2022-09-27,0.95446,0.95591,0.94829,0.95156,378269.98
2022-09-28,0.95156,0.95246,0.94342,0.94899,473127.52
2022-09-29,0.94898,0.95909,0.94681,0.95819,367954.47
2022-09-30,0.95819,0.96809,0.9547,0.96663,384396.98
2022-10-02,0.96416,0.96679,0.96296,0.96513,14437.59
2022-10-03,0.96512,0.97735,0.96422,0.97619,355875.14
2022-10-04,0.97624,0.98001,0.97413,0.97711,345821.83
2022-10-05,0.97711,0.9797,0.96952,0.97257,301822.94
2022-10-06,0.97256,0.97387,0.96747,0.9691,327116.56
2022-10-07,0.9691,0.97153,0.96766,0.96786,279090.37
2022-10-09,0.96697,0.96844,0.96671,0.96805,13796.5
2022-10-10,0.96809,0.97298,0.96598,0.97055,259842.71
2022-10-11,0.97056,0.97141,0.96611,0.96775,279973.43
2022-10-12,0.96777,0.96898,0.96429,0.9681,293280.53
2022-10-13,0.96813,0.97907,0.96745,0.97836,319276.4
2022-10-14,0.97836,0.97931,0.97409,0.97711,293068.66
2022-10-16,0.97579,0.97791,0.97552,0.97744,14885.48
2022-10-17,0.97743,0.98082,0.97418,0.98006,243540.17
2022-10-18,0.98006,0.9819,0.97786,0.98004,258926.7
2022-10-19,0.98005,0.98297,0.97893,0.98133,244977.11
2022-10-20,0.98133,0.9851,0.98101,0.98166,248146.32
2022-10-21,0.98166,0.98841,0.98155,0.98351,299395.33
2022-10-23,0.98246,0.98717,0.98112,0.98352,39053.64
2022-10-24,0.98353,0.98923,0.98191,0.98799,284202.6
2022-10-25,0.98799,0.99263,0.98721,0.99091,243169.22
2022-10-26,0.99091,0.99459,0.98935,0.99385,277849.7
2022-10-27,0.99384,0.99546,0.98651,0.98698,262694.16
2022-10-28,0.98698,0.99433,0.98659,0.9919,223838.56
2022-10-30,0.99081,0.99333,0.99057,0.99183,14836.66
2022-10-31,0.9918,0.994,0.98798,0.99006,185667.5
2022-11-01,0.99008,0.99215,0.98505,0.98762,196445.1
2022-11-02,0.98765,0.98901,0.98298,0.98453,202767.79
2022-11-03,0.98454,0.98928,0.9841,0.98793,235790.06
2022-11-04,0.98794,0.99036,0.9845,0.98967,240382.52
2022-11-06,0.98854,0.98995,0.98842,0.98958,7043.64
2022-11-07,0.98957,0.99181,0.98635,0.99052,212606.96
2022-11-08,0.99055,0.99355,0.98805,0.99245,193065.16
2022-11-09,0.99245,0.99358,0.98501,0.98539,218957.97
2022-11-10,0.98539,0.98954,0.98197,0.98345,274410.01
2022-11-11,0.98346,0.98742,0.97317,0.97428,281461.85
2022-11-13,0.97203,0.97502,0.97074,0.97493,14536.8
2022-11-14,0.97493,0.9777,0.97256,0.97341,235750.1
2022-11-15,0.97341,0.98403,0.97224,0.97659,300504.86
2022-11-16,0.97661,0.98218,0.97652,0.98146,248035.0
2022-11-17,0.98146,0.98728,0.98071,0.98726,208590.82
2022-11-18,0.98726,0.98903,0.98441,0.9853,163626.26
2022-11-20,0.98447,0.98512,0.98416,0.98487,3568.55
2022-11-21,0.98487,0.98536,0.97993,0.98189,181476.37
2022-11-22,0.98189,0.98318,0.97628,0.98059,148438.23
2022-11-23,0.98059,0.98324,0.97651,0.98026,171432.59
2022-11-24,0.98024,0.98352,0.97946,0.98191,137122.05
2022-11-25,0.98191,0.98577,0.98164,0.98202,142517.33
2022-11-27,0.98113,0.98369,0.98113,0.98206,7839.22
2022-11-28,0.98206,0.98894,0.97898,0.98149,172673.34
2022-11-29,0.98149,0.98708,0.98126,0.98532,170603.21
2022-11-30,0.98532,0.98723,0.97878,0.98366,214377.16
2022-12-01,0.98367,0.98868,0.98203,0.98575,229384.0
2022-12-02,0.98575,0.98821,0.98222,0.9873,192348.77
2022-12-04,0.98794,0.98821,0.98663,0.98727,9297.51
2022-12-05,0.98727,0.99098,0.98503,0.98909,168149.45
2022-12-06,0.98909,0.9908,0.9855,0.98597,153678.3
2022-12-07,0.98597,0.98952,0.98379,0.98842,170939.19
2022-12-08,0.98845,0.98997,0.98625,0.98796,150250.85
2022-12-09,0.98794,0.98894,0.98253,0.98377,160222.13
2022-12-11,0.98207,0.98431,0.98177,0.98376,5575.6
2022-12-12,0.98375,0.98727,0.98367,0.98639,135869.02
2022-12-13,0.9864,0.99028,0.98333,0.98706,160894.23
2022-12-14,0.98706,0.98897,0.98306,0.98686,179106.11
2022-12-15,0.98686,0.99163,0.98364,0.98683,190604.68
2022-12-16,0.98683,0.99068,0.98546,0.98869,137025.25
2022-12-18,0.98842,0.98923,0.98789,0.98912,8663.9
2022-12-19,0.98912,0.99126,0.98476,0.98556,116273.94
2022-12-20,0.98556,0.98669,0.98256,0.9842,189888.41
2022-12-21,0.9842,0.98585,0.98159,0.98286,114803.36
2022-12-22,0.98288,0.98715,0.98166,0.98699,129033.37
2022-12-23,0.98699,0.99237,0.9863,0.99081,103581.0
2022-12-25,0.99067,0.99132,0.99067,0.99107,1916.51
2022-12-26,0.99103,0.99237,0.98915,0.99153,39199.37
2022-12-27,0.99153,0.99234,0.987,0.98863,100157.56
2022-12-28,0.98863,0.99031,0.98378,0.98614,97590.57
2022-12-29,0.98616,0.98619,0.98242,0.98398,91635.2
2022-12-30,0.98398,0.98993,0.98305,0.98984,143360.15
2023-01-01,0.9852,0.98827,0.9852,0.98768,83.35
2023-01-02,0.98801,0.98927,0.98397,0.98632,93239.01
2023-01-03,0.98633,0.99052,0.98397,0.98714,190622.53
2023-01-04,0.98714,0.98775,0.98336,0.98598,147075.79
2023-01-05,0.98598,0.98715,0.98333,0.9849,144350.87
2023-01-06,0.98492,0.98824,0.98472,0.98697,148031.18
2023-01-08,0.98684,0.98786,0.9865,0.9878,8333.73
2023-01-09,0.98782,0.98902,0.98529,0.98855,117400.65
2023-01-10,0.98852,0.9913,0.98748,0.99045,110101.93
2023-01-11,0.99046,1.00225,0.98977,1.00213,119979.52
2023-01-12,1.00213,1.00791,1.00183,1.00694,147667.99
2023-01-13,1.00694,1.00969,1.00194,1.00324,111192.96
2023-01-15,1.003,1.00398,1.00199,1.00309,8408.27
2023-01-16,1.00309,1.00387,0.99996,1.00234,88816.27
2023-01-17,1.00234,1.00269,0.99351,0.99473,119111.68
2023-01-18,0.99473,0.99638,0.98749,0.98896,166402.18
2023-01-19,0.98896,0.99312,0.98839,0.99211,111132.45
2023-01-20,0.9921,0.99988,0.99194,0.99834,91000.57
2023-01-22,0.99759,0.99943,0.9975,0.99938,5075.98
2023-01-23,0.99939,1.00337,0.99856,1.00197,110940.94
2023-01-24,1.00198,1.00665,0.99938,1.00426,93635.04
2023-01-25,1.00426,1.00689,1.00097,1.00165,97602.98
2023-01-26,1.00165,1.00273,0.99881,1.00232,98142.35
2023-01-27,1.00233,1.00385,0.99963,1.00099,90141.15
2023-01-29,0.99993,1.00114,0.99914,1.00087,3040.73
2023-01-30,1.00087,1.00606,1.00044,1.00393,95749.34
2023-01-31,1.00396,1.00519,0.99382,0.99526,106665.49
2023-02-01,0.99525,1.00078,0.99511,0.99904,132456.09
2023-02-02,0.99905,1.00051,0.99342,0.99584,130908.08
2023-02-03,0.99584,1.00327,0.99544,0.99914,120928.7
2023-02-05,1.00022,1.00057,0.99854,0.99963,11548.48
2023-02-06,0.99963,1.00019,0.99406,0.99562,94815.78
2023-02-07,0.9956,0.99574,0.98714,0.98892,125632.56
2023-02-08,0.98892,0.98954,0.98559,0.98672,80670.15
2023-02-09,0.98672,0.99063,0.98608,0.99028,82422.19
2023-02-10,0.99029,0.99059,0.98604,0.98632,90638.87
2023-02-12,0.98567,0.98657,0.98545,0.98631,8196.18
2023-02-13,0.98632,0.98775,0.98463,0.98585,74659.39
2023-02-14,0.98584,0.98965,0.98481,0.98924,143734.3
2023-02-15,0.98923,0.9911,0.98635,0.98722,115396.96
2023-02-16,0.98722,0.9886,0.98651,0.98823,103572.0
2023-02-17,0.98823,0.99251,0.98778,0.98832,90962.86
2023-02-19,0.98856,0.98918,0.98731,0.9886,4227.88
2023-02-20,0.98861,0.9887,0.98546,0.9862,69660.1
2023-02-21,0.9862,0.99025,0.98476,0.98793,102923.44
2023-02-22,0.98794,0.98967,0.98579,0.98757,100859.0
2023-02-23,0.98759,0.99063,0.98698,0.98943,85425.11
2023-02-24,0.98943,0.99246,0.98877,0.99145,101151.04
2023-02-26,0.99087,0.99237,0.99078,0.99233,2428.39
2023-02-27,0.99236,0.99464,0.99118,0.99272,79780.76
2023-02-28,0.99273,0.99655,0.9915,0.99633,97438.83
2023-03-01,0.99634,1.00264,0.99578,1.00229,98113.24
2023-03-02,1.0023,1.00414,0.9968,0.99827,89228.41
2023-03-03,0.99827,0.99873,0.99463,0.99554,75664.69
2023-03-05,0.99466,0.99567,0.99461,0.99556,4474.11
2023-03-06,0.99556,0.99663,0.99232,0.99444,83301.63
2023-03-07,0.99444,0.99647,0.99251,0.99388,108469.18
2023-03-08,0.99388,0.99435,0.99088,0.99245,92746.96
2023-03-09,0.99245,0.99248,0.98609,0.98747,76980.56
2023-03-10,0.98746,0.98771,0.97945,0.98002,150704.98
2023-03-12,0.98093,0.9824,0.97873,0.98172,14830.41
2023-03-13,0.98171,0.9834,0.97132,0.97841,228931.74
2023-03-14,0.97838,0.98227,0.97473,0.98099,178017.46
2023-03-15,0.981,0.98809,0.97056,0.98567,232710.46
2023-03-16,0.98567,0.988,0.97982,0.98621,204489.56
2023-03-17,0.98622,0.99118,0.98389,0.98757,127983.5
2023-03-19,0.98799,0.99052,0.98782,0.98999,12546.91
2023-03-20,0.98999,0.99653,0.98576,0.99594,140368.05
2023-03-21,0.99596,0.99778,0.99235,0.99292,110328.89
2023-03-22,0.99292,0.99833,0.99259,0.99625,139584.96
2023-03-23,0.99625,0.99969,0.99131,0.99315,143279.49
2023-03-24,0.99316,0.9939,0.98486,0.9889,134123.25
2023-03-26,0.987,0.9908,0.98658,0.99039,11852.38
2023-03-27,0.9904,0.99044,0.98587,0.98886,108820.72
2023-03-28,0.98889,0.99844,0.98797,0.99759,90522.23
2023-03-29,0.99759,0.9985,0.99458,0.99559,92336.71
2023-03-30,0.99558,0.99793,0.9933,0.99601,97439.5
2023-03-31,0.99599,0.99901,0.99063,0.99184,100327.66
2023-04-02,0.99139,0.99243,0.9901,0.99134,16291.81
2023-04-03,0.99134,0.99624,0.99038,0.99559,123578.29
2023-04-04,0.9956,0.99704,0.99107,0.99243,108330.5
2023-04-05,0.99243,0.99318,0.98671,0.98822,88387.01
2023-04-06,0.98821,0.98892,0.98509,0.98767,80218.38
2023-04-07,0.98768,0.98901,0.98503,0.98646,71909.52
2023-04-09,0.98603,0.98708,0.98564,0.98702,9217.77
2023-04-10,0.98703,0.9888,0.986,0.9878,69716.09
2023-04-11,0.9878,0.98908,0.98476,0.98574,70606.83
2023-04-12,0.98575,0.98731,0.98312,0.9851,79401.52
2023-04-13,0.9851,0.98581,0.97991,0.98258,84285.38
2023-04-14,0.9826,0.98448,0.9811,0.98248,74037.91
2023-04-16,0.98205,0.98336,0.98091,0.98296,6041.49
2023-04-17,0.98297,0.98333,0.97922,0.9816,72156.03
2023-04-18,0.98159,0.98439,0.98115,0.98334,80867.96
2023-04-19,0.98335,0.98479,0.982,0.98311,73846.93
2023-04-20,0.9831,0.98382,0.9782,0.97876,70313.7
2023-04-21,0.97876,0.9808,0.97864,0.98029,63500.84
2023-04-23,0.97914,0.98066,0.97914,0.98038,3051.2
2023-04-24,0.9804,0.98096,0.97787,0.98082,71064.26
2023-04-25,0.98083,0.98151,0.97762,0.97905,93337.22
2023-04-26,0.97905,0.98447,0.978,0.98394,98014.29
2023-04-27,0.98392,0.98797,0.98347,0.98617,83188.71
2023-04-28,0.98618,0.98622,0.98149,0.98472,105421.37
2023-04-30,0.983,0.98552,0.983,0.98516,5003.85
2023-05-01,0.98518,0.98554,0.98112,0.98271,64990.38
2023-05-02,0.98271,0.98652,0.98085,0.98255,82065.97
2023-05-03,0.98256,0.98278,0.9775,0.97784,81050.37
2023-05-04,0.97785,0.98126,0.97406,0.97597,100776.39
2023-05-05,0.97599,0.98492,0.97556,0.98076,76390.47
2023-05-07,0.98071,0.98195,0.97982,0.98194,5839.24
2023-05-08,0.98193,0.98217,0.97654,0.9786,53546.73
2023-05-09,0.9786,0.98003,0.97471,0.97598,53922.76
2023-05-10,0.97598,0.9776,0.97417,0.97674,68654.59
2023-05-11,0.97677,0.97817,0.97462,0.97581,79896.39
2023-05-12,0.97581,0.97599,0.97239,0.97444,60687.0
2023-05-14,0.9721,0.97506,0.9721,0.97499,12433.09
2023-05-15,0.97501,0.97536,0.97261,0.97379,54198.77
2023-05-16,0.97379,0.97416,0.9719,0.97405,58918.12
2023-05-17,0.97405,0.97622,0.97284,0.97389,62659.02
2023-05-18,0.9739,0.97591,0.97251,0.97498,65110.29
2023-05-19,0.97499,0.97508,0.97128,0.9716,64681.47
2023-05-21,0.97026,0.97219,0.97026,0.97205,2996.68
2023-05-22,0.97204,0.9722,0.96768,0.97108,67706.09
2023-05-23,0.97109,0.97204,0.96992,0.97078,64532.24
2023-05-24,0.97076,0.97505,0.97041,0.9726,68763.42
2023-05-25,0.97262,0.97324,0.97011,0.97059,63127.88
2023-05-26,0.97063,0.97168,0.96873,0.97034,57708.36
2023-05-28,0.96999,0.97131,0.96936,0.9712,6808.86
2023-05-29,0.97118,0.97169,0.96733,0.96842,36566.34
2023-05-30,0.96843,0.9726,0.96717,0.97233,63300.03
2023-05-31,0.97237,0.97514,0.9709,0.97307,81697.67
2023-06-01,0.97307,0.97615,0.97116,0.97445,73963.36
2023-06-02,0.97444,0.97606,0.9728,0.97286,58984.2
2023-06-04,0.97191,0.9733,0.97177,0.97316,3934.57
2023-06-05,0.97316,0.97508,0.96888,0.97044,63677.98
2023-06-06,0.97045,0.97141,0.9688,0.97045,53535.54
2023-06-07,0.97045,0.97393,0.96903,0.97385,59623.67
2023-06-08,0.97386,0.97609,0.96875,0.96922,65950.75
2023-06-09,0.96925,0.97177,0.9684,0.97022,55335.12
2023-06-11,0.96898,0.97121,0.9689,0.97108,4737.74
2023-06-12,0.97107,0.97869,0.97051,0.97783,56127.68
2023-06-13,0.97783,0.97947,0.97532,0.97669,70104.05
2023-06-14,0.97669,0.9769,0.97301,0.97608,67364.73
2023-06-15,0.97608,0.97891,0.97494,0.9761,70205.06
2023-06-16,0.97611,0.97837,0.97461,0.97783,67075.45
2023-06-18,0.97671,0.97871,0.97588,0.97856,15779.7
2023-06-19,0.97853,0.98002,0.97652,0.97859,43982.31
2023-06-20,0.97859,0.98138,0.97828,0.98025,57663.88
2023-06-21,0.98024,0.98207,0.97907,0.981,62270.58
2023-06-22,0.98101,0.98413,0.97814,0.98049,84246.79
2023-06-23,0.9805,0.98143,0.97494,0.9766,72849.79
2023-06-25,0.97616,0.97728,0.97615,0.97695,9445.53
2023-06-26,0.97698,0.97758,0.97227,0.97726,63481.56
2023-06-27,0.97725,0.98218,0.97712,0.97933,58343.89
2023-06-28,0.97932,0.98227,0.97696,0.97879,59187.51
2023-06-29,0.9788,0.98059,0.97659,0.97714,62822.24
2023-06-30,0.97715,0.97891,0.97555,0.97635,64073.72
2023-07-02,0.975,0.97668,0.9747,0.97639,4119.66
2023-07-03,0.9764,0.98044,0.97609,0.97771,64320.03
2023-07-04,0.9777,0.9782,0.97469,0.97593,39503.28
2023-07-05,0.97593,0.97894,0.97466,0.97539,49942.22
2023-07-06,0.9754,0.9766,0.97375,0.97498,61921.35
2023-07-07,0.97498,0.97595,0.97361,0.97438,59572.44
2023-07-09,0.97324,0.97522,0.97324,0.97498,5385.47
2023-07-10,0.97497,0.9762,0.97337,0.97414,46272.66
2023-07-11,0.97415,0.97453,0.96682,0.96785,46950.65
2023-07-12,0.96786,0.96942,0.96282,0.96551,56642.84
2023-07-13,0.96553,0.96565,0.96074,0.96421,59773.05
2023-07-14,0.9642,0.96864,0.96207,0.96759,51919.75
2023-07-16,0.9656,0.96824,0.96555,0.96781,4217.41
2023-07-17,0.96782,0.96795,0.96428,0.96683,45583.04
2023-07-18,0.96684,0.96719,0.96186,0.96306,62398.39
2023-07-19,0.96305,0.96494,0.95993,0.96136,63053.29
2023-07-20,0.96136,0.96593,0.9603,0.96456,73180.23
2023-07-21,0.96455,0.96502,0.96182,0.96329,48681.87
2023-07-23,0.96199,0.96387,0.9613,0.96369,2855.76
2023-07-24,0.96369,0.96462,0.95877,0.96238,66575.61
2023-07-25,0.9624,0.96306,0.95362,0.95531,64476.03
2023-07-26,0.95528,0.95612,0.95325,0.95441,73472.25
2023-07-27,0.9544,0.95559,0.9515,0.95392,96158.22
2023-07-28,0.95392,0.95927,0.95246,0.95886,112727.21
2023-07-30,0.9565,0.95924,0.95623,0.9589,4448.69
2023-07-31,0.9589,0.96223,0.95547,0.9586,80164.88
2023-08-01,0.95861,0.96235,0.95773,0.96052,88170.44
2023-08-02,0.96051,0.96494,0.95807,0.96018,92965.43
2023-08-03,0.96018,0.96123,0.95598,0.95749,96245.73
2023-08-04,0.9575,0.96233,0.95686,0.96052,76701.12
2023-08-06,0.96049,0.96195,0.95902,0.96179,8003.71
2023-08-07,0.96179,0.96275,0.95968,0.96046,56563.05
2023-08-08,0.96046,0.96087,0.95798,0.95956,70917.32
2023-08-09,0.95956,0.96322,0.95849,0.96271,59370.15
2023-08-10,0.9627,0.96372,0.96029,0.96296,73680.68
2023-08-11,0.96296,0.96483,0.95913,0.95919,65717.5
2023-08-13,0.95895,0.95969,0.95786,0.95939,4933.03
2023-08-14,0.95939,0.96128,0.9569,0.95771,60353.65
2023-08-15,0.95771,0.95958,0.95661,0.95804,84334.97
2023-08-16,0.95803,0.96108,0.95642,0.95709,72524.2
2023-08-17,0.95711,0.95762,0.95342,0.95508,65827.65
2023-08-18,0.95507,0.95977,0.95504,0.95918,68101.32
2023-08-20,0.95701,0.95957,0.95701,0.95955,3499.22
2023-08-21,0.95953,0.96011,0.95623,0.9574,55844.36
2023-08-22,0.95741,0.95917,0.9537,0.95466,52307.81
2023-08-23,0.95466,0.95555,0.9515,0.95332,65138.56
2023-08-24,0.95333,0.95662,0.95219,0.95596,65516.64
2023-08-25,0.95595,0.95692,0.95415,0.95415,59903.77
2023-08-27,0.95391,0.95546,0.95323,0.95533,5768.47
2023-08-28,0.95534,0.95654,0.954,0.95638,43775.78
2023-08-29,0.95638,0.95683,0.95391,0.95535,63103.13
2023-08-30,0.95537,0.9598,0.95487,0.9597,61085.11
2023-08-31,0.95969,0.96024,0.95629,0.95767,68778.86
2023-09-01,0.95766,0.9582,0.95382,0.95382,55431.19
2023-09-03,0.95348,0.95439,0.95348,0.95383,2363.21
2023-09-04,0.95381,0.95561,0.95343,0.9548,32790.46
2023-09-05,0.95481,0.95516,0.95205,0.95383,56309.37
2023-09-06,0.95382,0.95751,0.95333,0.95587,51829.67
2023-09-07,0.95587,0.95628,0.95422,0.95497,53657.39
2023-09-08,0.95497,0.95643,0.9535,0.95515,55491.45
2023-09-10,0.95469,0.95602,0.95414,0.95594,10362.04
2023-09-11,0.95594,0.95848,0.95499,0.95788,58162.89
2023-09-12,0.95788,0.95906,0.95442,0.95861,53173.68
2023-09-13,0.9586,0.95937,0.95717,0.95892,64160.81
2023-09-14,0.95892,0.95982,0.9526,0.95307,75826.14
2023-09-15,0.95308,0.95717,0.95273,0.95669,54746.08
2023-09-17,0.95405,0.95719,0.95394,0.95684,5624.61
2023-09-18,0.95683,0.95941,0.95487,0.95937,52251.33
2023-09-19,0.95936,0.95985,0.95691,0.95844,50623.21
2023-09-20,0.95845,0.96045,0.95717,0.95786,77001.54
2023-09-21,0.95785,0.96768,0.95629,0.96444,87666.28
2023-09-22,0.96446,0.96659,0.96238,0.96525,58693.89
2023-09-24,0.96458,0.96593,0.96451,0.96592,6832.4
2023-09-25,0.96592,0.96854,0.96391,0.96604,60500.06
2023-09-26,0.96604,0.96819,0.96554,0.9679,61576.05
2023-09-27,0.9679,0.96936,0.96578,0.96738,75013.98
2023-09-28,0.96738,0.96855,0.96585,0.96622,83875.48
2023-09-29,0.96623,0.96926,0.96448,0.96733,85204.2
2023-10-01,0.96594,0.96744,0.96594,0.96709,5703.41
2023-10-02,0.96713,0.9683,0.96143,0.96199,74278.48
2023-10-03,0.962,0.96755,0.96153,0.96421,83170.87
2023-10-04,0.96423,0.96535,0.96185,0.96319,78147.76
2023-10-05,0.96318,0.96471,0.96126,0.96259,76874.93
2023-10-06,0.96258,0.96375,0.96125,0.9629,83413.44
2023-10-08,0.95906,0.96064,0.95852,0.96041,12044.65
2023-10-09,0.96042,0.96087,0.95586,0.95739,67001.59
2023-10-10,0.9574,0.96144,0.95602,0.95924,81544.38
2023-10-11,0.95924,0.96013,0.95629,0.95717,74833.2
2023-10-12,0.95718,0.95761,0.95445,0.95647,70483.4
2023-10-13,0.95649,0.95722,0.94566,0.94727,65961.5
2023-10-15,0.94663,0.95006,0.94663,0.94946,5750.57
2023-10-16,0.94949,0.95226,0.94859,0.95036,59579.45
2023-10-17,0.95035,0.95334,0.94983,0.95167,61324.2
2023-10-18,0.95167,0.95192,0.94489,0.94716,79086.68
2023-10-19,0.94713,0.94845,0.94255,0.94403,79932.08
2023-10-20,0.94403,0.94553,0.9417,0.94444,70284.73
2023-10-22,0.94346,0.94597,0.94343,0.94594,7520.68
2023-10-23,0.94591,0.95122,0.94507,0.95048,61616.22
2023-10-24,0.95049,0.95154,0.94535,0.94621,62700.06
2023-10-25,0.94619,0.94885,0.94554,0.94747,59520.17
2023-10-26,0.94747,0.94994,0.94576,0.94953,68834.78
2023-10-27,0.94954,0.95647,0.94874,0.95312,70990.45
2023-10-29,0.95154,0.95322,0.95154,0.95318,3716.24
2023-10-30,0.95318,0.95839,0.95249,0.95743,62846.26
2023-10-31,0.95744,0.96284,0.95563,0.96262,80988.94
2023-11-01,0.96265,0.96266,0.95675,0.95866,82090.54
2023-11-02,0.95865,0.96309,0.95658,0.96196,73221.23
2023-11-03,0.96196,0.9649,0.96153,0.96394,68339.81
2023-11-05,0.96271,0.96495,0.96271,0.96494,5382.47
2023-11-06,0.96494,0.96528,0.96254,0.96385,56999.5
2023-11-07,0.96386,0.96474,0.96092,0.96261,61022.17
2023-11-08,0.96261,0.9634,0.95967,0.963,57074.87
2023-11-09,0.96299,0.96484,0.96185,0.96346,68840.57
2023-11-10,0.96346,0.96443,0.96172,0.96351,53461.27
2023-11-12,0.96433,0.96452,0.9635,0.96422,3752.2
2023-11-13,0.96422,0.96599,0.96366,0.96456,48447.71
2023-11-14,0.96456,0.96804,0.96445,0.9671,77868.06
2023-11-15,0.9671,0.96751,0.96199,0.96284,64914.95
2023-11-16,0.96284,0.96556,0.96249,0.96428,66648.03
2023-11-17,0.9643,0.96657,0.96227,0.96562,70335.97
2023-11-19,0.96531,0.96643,0.96531,0.96615,4005.38
2023-11-20,0.96616,0.96834,0.96488,0.96793,63782.82
2023-11-21,0.96793,0.96847,0.96377,0.96435,55245.32
2023-11-22,0.96438,0.96482,0.96184,0.96253,62751.48
2023-11-23,0.96253,0.96486,0.9621,0.96448,46142.63
2023-11-24,0.96447,0.96561,0.96332,0.96397,62103.17
2023-11-26,0.96451,0.96539,0.96397,0.9651,2341.33
2023-11-27,0.96511,0.96591,0.96223,0.96432,59112.01
2023-11-28,0.96434,0.96556,0.96301,0.96507,64761.11
2023-11-29,0.96167,0.96169,0.96102,0.96109,639.34
2023-11-30,0.95835,0.95858,0.94706,0.95275,94279.64
2023-12-01,0.95273,0.95449,0.94498,0.94544,75746.57
2023-12-03,0.94524,0.94609,0.94409,0.9444,8864.41
2023-12-04,0.94439,0.95054,0.94374,0.94562,88499.35
2023-12-05,0.94563,0.94689,0.94377,0.9445,72644.01
2023-12-06,0.94448,0.94471,0.94129,0.94165,66942.49
2023-12-07,0.94167,0.94618,0.9403,0.94462,88227.81
2023-12-08,0.9446,0.94757,0.94283,0.9468,85003.88
2023-12-10,0.94713,0.94731,0.94681,0.94693,6250.55
2023-12-11,0.94695,0.94867,0.94452,0.94551,58849.51
2023-12-12,0.94551,0.94794,0.94343,0.94502,66444.18
2023-12-13,0.94503,0.94912,0.94352,0.94784,96034.77
2023-12-14,0.94785,0.95446,0.94536,0.9532,132734.33
2023-12-15,0.95333,0.95413,0.94552,0.94778,90322.3
2023-12-17,0.94748,0.94858,0.94688,0.94858,8595.76
2023-12-18,0.94858,0.94987,0.94586,0.94715,60398.45
2023-12-19,0.94715,0.94886,0.94376,0.945,69279.59
2023-12-20,0.94498,0.94619,0.94256,0.94403,61706.53
2023-12-21,0.944,0.94497,0.94067,0.94241,83007.61
2023-12-22,0.94242,0.94326,0.93967,0.94262,92880.61
2023-12-24,0.94297,0.94322,0.94297,0.94317,45.6
2023-12-25,0.94322,0.94377,0.94097,0.94322,5064.93
2023-12-26,0.94322,0.94476,0.94167,0.94277,55667.31
2023-12-27,0.94277,0.94443,0.93518,0.93593,61218.05
2023-12-28,0.93591,0.93596,0.92575,0.9336,81309.27
2023-12-29,0.9336,0.9337,0.92539,0.9284,87211.36
2024-01-01,0.92667,0.92963,0.92609,0.92918,3222.47
2024-01-02,0.92914,0.93392,0.92808,0.93015,87797.75
2024-01-03,0.93015,0.93396,0.92691,0.9278,93085.58
2024-01-04,0.92781,0.93308,0.92702,0.93067,84342.85
2024-01-05,0.93067,0.93309,0.92872,0.92961,84081.49
2024-01-07,0.92877,0.93101,0.92877,0.93087,3551.39
2024-01-08,0.93084,0.93178,0.92785,0.92861,61432.32
2024-01-09,0.92856,0.93205,0.92783,0.93182,65986.79
2024-01-10,0.93184,0.93429,0.93104,0.93337,57357.24
2024-01-11,0.93337,0.93736,0.93198,0.93466,97536.21
2024-01-12,0.93466,0.93644,0.93243,0.93294,72962.31
2024-01-14,0.93114,0.93407,0.93114,0.93405,3543.26
2024-01-15,0.93405,0.93745,0.93391,0.93692,55899.74
2024-01-16,0.93692,0.93883,0.93502,0.93717,75186.75
2024-01-17,0.93717,0.94217,0.93579,0.94087,68612.14
2024-01-18,0.94086,0.94451,0.94055,0.94437,81185.25
2024-01-19,0.94437,0.94707,0.94416,0.94566,55372.36
2024-01-21,0.94566,0.94657,0.94474,0.946,6082.19
2024-01-22,0.946,0.94729,0.94466,0.94543,51795.29
2024-01-23,0.94543,0.94612,0.94357,0.94424,61755.58
2024-01-24,0.94421,0.94478,0.93858,0.93914,68627.76
2024-01-25,0.93914,0.94266,0.93909,0.94047,82167.64
2024-01-26,0.94047,0.94056,0.93628,0.93733,66315.72
2024-01-28,0.93761,0.93813,0.93629,0.93717,7011.39
2024-01-29,0.93717,0.93723,0.93209,0.93318,57369.05
2024-01-30,0.93318,0.9365,0.93145,0.93445,61292.99
2024-01-31,0.93445,0.93614,0.93049,0.93168,121492.42
2024-02-01,0.9317,0.93399,0.93069,0.93259,78941.84
2024-02-02,0.93259,0.9361,0.93085,0.9348,77406.98
2024-02-04,0.93336,0.93516,0.93336,0.93461,4226.66
2024-02-05,0.93461,0.9363,0.93384,0.93527,68317.28
2024-02-06,0.93527,0.93816,0.93458,0.93534,75355.68
2024-02-07,0.93536,0.9424,0.93532,0.94189,75056.89
2024-02-08,0.94188,0.94232,0.93962,0.94135,71210.5
2024-02-09,0.94134,0.94399,0.94118,0.94294,58346.42
2024-02-11,0.94295,0.94399,0.94236,0.94395,3709.74
2024-02-12,0.94395,0.94425,0.9414,0.94343,54143.25
2024-02-13,0.94343,0.95112,0.94294,0.9503,103417.31
2024-02-14,0.9503,0.95102,0.94905,0.95,68934.94
2024-02-15,0.95001,0.95052,0.94681,0.94786,73832.71
2024-02-16,0.94784,0.94977,0.94768,0.94825,63378.05
2024-02-18,0.94746,0.94975,0.94746,0.94973,1638.71
2024-02-19,0.94971,0.95139,0.9485,0.95122,44354.02
2024-02-20,0.95122,0.95347,0.95043,0.95334,62862.07
2024-02-21,0.95331,0.95336,0.95006,0.95126,60340.13
2024-02-22,0.95127,0.95397,0.94963,0.95269,70907.55
2024-02-23,0.95267,0.95432,0.95157,0.95289,43438.34
2024-02-25,0.953,0.9536,0.95231,0.95346,1948.11
2024-02-26,0.95345,0.95562,0.95318,0.9549,42641.55
2024-02-27,0.9549,0.95574,0.95234,0.95295,50711.67
2024-02-28,0.95294,0.95382,0.95116,0.9524,47909.41
2024-02-29,0.9524,0.95592,0.95146,0.95568,77370.76
2024-03-01,0.95568,0.96042,0.9555,0.95718,68001.72
2024-03-03,0.95605,0.95789,0.95605,0.95777,5892.22
2024-03-04,0.95778,0.96216,0.95548,0.96081,60949.91
2024-03-05,0.96082,0.96176,0.95845,0.95918,53170.55
2024-03-06,0.95919,0.96318,0.95916,0.96137,57821.48
2024-03-07,0.96136,0.96192,0.95583,0.96073,72151.03
2024-03-08,0.96073,0.96084,0.95748,0.95989,60206.77
2024-03-10,0.9577,0.96034,0.9577,0.96026,5585.81
2024-03-11,0.96026,0.96038,0.95764,0.95895,52517.35
2024-03-12,0.95895,0.95969,0.95702,0.95874,67708.74
2024-03-13,0.95875,0.96223,0.95852,0.96207,50130.92
2024-03-14,0.96206,0.96283,0.96085,0.96234,69271.73
2024-03-15,0.96235,0.96301,0.96054,0.9618,52658.21
2024-03-17,0.96112,0.96219,0.96038,0.96159,4121.75
2024-03-18,0.9616,0.96568,0.96129,0.96505,55921.87
2024-03-19,0.96505,0.9664,0.96203,0.96513,68231.78
2024-03-20,0.96511,0.96885,0.96508,0.96864,79676.89
2024-03-21,0.96864,0.97874,0.96662,0.9751,112786.67
2024-03-22,0.9751,0.97568,0.96903,0.96969,67787.41
2024-03-24,0.9689,0.97017,0.96879,0.9701,5477.28
2024-03-25,0.9701,0.97515,0.96998,0.97483,57109.9
2024-03-26,0.97481,0.98134,0.97478,0.97887,61640.02
2024-03-27,0.97887,0.98198,0.97717,0.97919,63044.35
2024-03-28,0.97919,0.97998,0.97171,0.97242,104206.09
2024-03-29,0.97241,0.9737,0.97059,0.97177,173554.45
2024-03-31,0.97132,0.97361,0.97132,0.97354,8287.52
2024-04-01,0.97356,0.97366,0.97081,0.97176,49362.6
2024-04-02,0.97174,0.97786,0.97154,0.97749,67440.02
2024-04-03,0.97749,0.98052,0.97745,0.97863,60859.46
2024-04-04,0.97863,0.98482,0.97583,0.97696,68304.32
2024-04-05,0.97696,0.98048,0.97455,0.97732,71716.39
2024-04-07,0.97552,0.97884,0.97504,0.97812,12004.69
2024-04-08,0.97811,0.98351,0.97786,0.98305,60220.63
2024-04-09,0.98304,0.98337,0.97942,0.98059,52790.03
2024-04-10,0.98059,0.98207,0.97915,0.98085,88708.3
2024-04-11,0.98085,0.98205,0.97457,0.97586,71019.52
2024-04-12,0.97586,0.97633,0.96773,0.97288,67102.2
2024-04-14,0.96903,0.973,0.96859,0.97278,8599.03
2024-04-15,0.97279,0.974,0.96798,0.96886,70831.89
2024-04-16,0.96886,0.97224,0.96814,0.96931,80695.95
2024-04-17,0.96931,0.97201,0.96761,0.97154,61218.38
2024-04-18,0.97154,0.97228,0.96936,0.97107,52423.06
2024-04-19,0.97107,0.97107,0.9564,0.96958,98415.31
2024-04-21,0.968,0.97121,0.968,0.97112,5015.25
2024-04-22,0.97114,0.97264,0.96898,0.97147,48026.22
2024-04-23,0.97149,0.97607,0.97097,0.97579,64063.71
2024-04-24,0.97578,0.97922,0.97479,0.97844,56167.19
2024-04-25,0.97845,0.97989,0.97706,0.97899,68412.4
2024-04-26,0.97899,0.97976,0.9762,0.97718,67647.72
2024-04-28,0.97584,0.97832,0.97584,0.97831,2533.5
2024-04-29,0.9783,0.98043,0.97493,0.97589,86958.61
2024-04-30,0.97589,0.98165,0.97536,0.98086,84117.31
2024-05-01,0.98088,0.98367,0.97949,0.98208,77145.57
2024-05-02,0.98207,0.98258,0.97452,0.97616,90136.18
2024-05-03,0.97616,0.97664,0.97275,0.97386,85255.22
2024-05-05,0.97265,0.97466,0.97259,0.97456,2764.2
2024-05-06,0.97457,0.97647,0.97372,0.97634,42883.09
2024-05-07,0.97634,0.97786,0.97543,0.97667,47791.26
2024-05-08,0.97668,0.97711,0.97479,0.97567,42342.66
2024-05-09,0.97568,0.97739,0.97526,0.9767,41789.45
2024-05-10,0.97669,0.97795,0.97572,0.97584,39615.44
2024-05-12,0.97494,0.97646,0.97441,0.97629,1812.95
2024-05-13,0.97625,0.98023,0.97605,0.97989,37031.88
2024-05-14,0.97987,0.98125,0.97847,0.98072,47477.01
2024-05-15,0.98073,0.98245,0.97879,0.98069,66133.83
2024-05-16,0.9807,0.98487,0.97859,0.98469,51581.23
2024-05-17,0.9847,0.98825,0.98466,0.98805,36950.23
2024-05-19,0.98641,0.98829,0.98641,0.98823,2691.94
2024-05-20,0.98824,0.98936,0.9867,0.98844,40224.5
2024-05-21,0.98846,0.98931,0.98719,0.9891,46492.45
2024-05-22,0.98911,0.99149,0.98907,0.99071,45398.63
2024-05-23,0.99072,0.99156,0.98759,0.98864,79936.0
2024-05-24,0.98863,0.99286,0.98857,0.99172,39418.73
2024-05-26,0.99003,0.99215,0.99003,0.99186,1925.3
2024-05-27,0.99188,0.99298,0.99082,0.99193,26779.95
2024-05-28,0.9919,0.99255,0.9883,0.99,56277.12
2024-05-29,0.99,0.99093,0.98607,0.98628,51226.09
2024-05-30,0.98637,0.98701,0.97766,0.97847,63622.88
2024-05-31,0.97848,0.98365,0.97702,0.97865,64878.53
2024-06-02,0.97807,0.97921,0.97807,0.97821,4481.69
2024-06-03,0.9782,0.98019,0.97421,0.97626,58752.48
2024-06-04,0.97628,0.97804,0.9669,0.96847,68853.81
2024-06-05,0.96848,0.9722,0.9684,0.97064,51815.73
2024-06-06,0.97063,0.97156,0.96746,0.96902,49056.72
2024-06-07,0.969,0.9708,0.96772,0.96783,56593.4
2024-06-09,0.96464,0.96709,0.96463,0.96585,6342.55
2024-06-10,0.96586,0.96672,0.96252,0.965,47738.07
2024-06-11,0.96498,0.96577,0.96153,0.96422,43575.14
2024-06-12,0.96423,0.96752,0.96158,0.96682,67241.9
2024-06-13,0.96682,0.96845,0.95915,0.95991,52608.33
2024-06-14,0.9599,0.96045,0.95088,0.95225,69215.44
2024-06-16,0.95261,0.95367,0.95189,0.95336,3511.68
2024-06-17,0.95337,0.95678,0.95153,0.95412,48983.33
2024-06-18,0.95413,0.95486,0.94817,0.94949,63697.88
2024-06-19,0.94949,0.95147,0.94778,0.95039,34829.82
2024-06-20,0.95038,0.95727,0.9481,0.95444,65837.99
2024-06-21,0.95443,0.95654,0.95064,0.95596,57211.1
2024-06-23,0.95442,0.95619,0.95422,0.95589,3501.6
2024-06-24,0.95587,0.9595,0.95489,0.95863,50709.17
2024-06-25,0.95863,0.95947,0.95635,0.95879,44618.52
2024-06-26,0.9588,0.95999,0.9561,0.95802,54822.27
2024-06-27,0.95803,0.96224,0.95779,0.96213,47577.98
2024-06-28,0.96212,0.9639,0.96093,0.96245,63490.57
2024-06-30,0.96412,0.96676,0.96317,0.9665,6396.35
2024-07-01,0.96649,0.97103,0.96598,0.96972,67112.73
2024-07-02,0.96973,0.97146,0.96812,0.97134,45407.44
2024-07-03,0.97136,0.97376,0.97054,0.9721,54749.5
2024-07-04,0.9721,0.97551,0.9711,0.97317,33191.83
2024-07-05,0.9732,0.97419,0.97031,0.97068,51945.39
2024-07-07,0.96753,0.96947,0.96753,0.96917,4352.07
2024-07-08,0.96918,0.97238,0.96778,0.97236,47540.77
2024-07-09,0.97237,0.9731,0.96969,0.97066,39750.72
2024-07-10,0.97069,0.97447,0.96996,0.97412,34761.69
2024-07-11,0.9741,0.97503,0.97082,0.97437,78096.22
2024-07-12,0.97438,0.97589,0.97298,0.97534,56146.12
2024-07-14,0.97273,0.97654,0.97273,0.97639,5162.36
2024-07-15,0.97639,0.97732,0.97403,0.97591,54037.6
2024-07-16,0.97589,0.97689,0.9731,0.97406,49099.61
2024-07-17,0.97407,0.97488,0.96494,0.9652,73753.03
2024-07-18,0.96521,0.96759,0.96422,0.96736,60888.31
2024-07-19,0.96733,0.96908,0.96571,0.96704,48079.1
2024-07-21,0.96583,0.96805,0.96557,0.96785,5376.34
2024-07-22,0.96785,0.96912,0.96562,0.96871,45258.33
2024-07-23,0.96872,0.96913,0.96637,0.96723,44900.19
2024-07-24,0.96724,0.96763,0.95877,0.95926,67309.43
2024-07-25,0.95925,0.95954,0.95174,0.95566,91116.48
2024-07-26,0.95567,0.9599,0.95541,0.95915,51838.56
2024-07-28,0.95829,0.95991,0.9572,0.95989,3283.56
2024-07-29,0.95989,0.96037,0.95661,0.95875,49464.38
2024-07-30,0.95875,0.96057,0.95397,0.95399,62911.79
2024-07-31,0.95398,0.95569,0.9495,0.95055,98326.84
2024-08-01,0.95056,0.95057,0.94022,0.94158,91550.02
2024-08-02,0.94156,0.94393,0.93533,0.93566,136962.98
2024-08-04,0.93586,0.93749,0.93335,0.93433,14450.78
2024-08-05,0.93433,0.9372,0.92101,0.93605,269776.5
2024-08-06,0.93609,0.93844,0.92853,0.93164,187942.89
2024-08-07,0.93168,0.94695,0.93145,0.93977,155699.76
2024-08-08,0.93978,0.94647,0.93548,0.94629,149595.27
2024-08-09,0.94631,0.94753,0.94238,0.94441,81388.29
2024-08-11,0.94294,0.9452,0.94294,0.94394,5225.54
2024-08-12,0.94393,0.95184,0.94379,0.94576,86070.92
2024-08-13,0.94577,0.95146,0.94559,0.95125,95005.11
2024-08-14,0.95124,0.95452,0.94945,0.95254,96106.82
2024-08-15,0.95255,0.95808,0.95226,0.9574,86574.04
2024-08-16,0.95739,0.95745,0.95257,0.9551,64347.7
2024-08-18,0.95489,0.95649,0.95304,0.95645,4510.74
2024-08-19,0.95647,0.95677,0.95199,0.9562,80314.61
2024-08-20,0.9562,0.9562,0.94835,0.94984,82620.79
2024-08-21,0.94986,0.95173,0.94772,0.94941,96865.08
2024-08-22,0.94939,0.94989,0.94562,0.94684,90908.04
2024-08-23,0.94684,0.9498,0.94593,0.9487,89439.15
2024-08-25,0.94693,0.94892,0.94693,0.9479,7299.89
2024-08-26,0.94791,0.94824,0.94407,0.94572,77303.41
2024-08-27,0.94574,0.94737,0.94041,0.94073,64637.2
2024-08-28,0.94071,0.94194,0.93526,0.93648,71968.05
2024-08-29,0.93648,0.93995,0.93532,0.93842,82352.76
2024-08-30,0.93843,0.9417,0.938,0.93879,72130.6
2024-09-01,0.93751,0.94001,0.9369,0.93956,4163.93
2024-09-02,0.93956,0.94452,0.9385,0.94227,42236.58
2024-09-03,0.94227,0.94436,0.9368,0.93899,83005.55
2024-09-04,0.93897,0.94101,0.93687,0.93746,89112.28
2024-09-05,0.93744,0.94066,0.93678,0.93757,86388.36
2024-09-06,0.93757,0.9392,0.93372,0.9343,122543.1
2024-09-08,0.93287,0.93594,0.93287,0.93577,5518.58
2024-09-09,0.93576,0.93794,0.93528,0.93741,70667.0
2024-09-10,0.93743,0.93771,0.93243,0.933,68942.85
2024-09-11,0.93301,0.93966,0.93067,0.93884,108406.42
2024-09-12,0.93884,0.94331,0.93781,0.9415,93381.38
2024-09-13,0.9415,0.94219,0.93695,0.94007,83575.15
2024-09-15,0.93759,0.94067,0.93755,0.94031,3957.75
2024-09-16,0.94031,0.94072,0.93824,0.94,75944.22
2024-09-17,0.94,0.94219,0.93827,0.94131,77120.25
2024-09-18,0.94129,0.94184,0.93812,0.94171,105974.45
2024-09-19,0.94172,0.94652,0.94155,0.9461,120283.82
2024-09-20,0.9461,0.95035,0.94457,0.94893,99156.65
2024-09-22,0.94712,0.9497,0.94712,0.94968,3778.92
2024-09-23,0.94971,0.95008,0.94079,0.94145,93584.04
2024-09-24,0.94142,0.94562,0.94019,0.94174,88030.77
2024-09-25,0.94174,0.95078,0.94174,0.94679,90238.83
2024-09-26,0.94681,0.94981,0.94317,0.94589,107886.15
2024-09-27,0.94588,0.94789,0.93773,0.93808,116987.96
2024-09-29,0.93773,0.93981,0.93767,0.93974,7558.08
2024-09-30,0.93979,0.945,0.93816,0.94142,111425.32
2024-10-01,0.94144,0.94334,0.9333,0.93627,114093.8
2024-10-02,0.93626,0.94023,0.93415,0.93881,80907.74
2024-10-03,0.93879,0.94222,0.93677,0.93998,105591.88
2024-10-04,0.93999,0.94381,0.93767,0.94171,94281.5
2024-10-06,0.94104,0.94289,0.94062,0.94209,5676.32
2024-10-07,0.94208,0.94219,0.93648,0.93778,86887.22
2024-10-08,0.9378,0.9418,0.93649,0.94096,81306.48
2024-10-09,0.941539,0.941772,0.941386,0.941506,0.0
2024-10-10,0.941492,0.94152,0.941312,0.94136,0.0
2024-10-11,0.93656,0.93875,0.93653,0.93745,56306.89
2024-10-13,0.93643,0.93771,0.93643,0.93747,2157.69
2024-10-14,0.93748,0.94272,0.937,0.94073,54322.34
2024-10-15,0.94074,0.94084,0.93813,0.93877,75052.88
2024-10-16,0.93881,0.94121,0.93778,0.93974,58788.02
2024-10-17,0.93972,0.94097,0.93533,0.93787,71892.31
2024-10-18,0.93787,0.94061,0.93767,0.9396,55375.06
2024-10-20,0.93799,0.94019,0.93799,0.94003,2949.79
2024-10-21,0.94004,0.94024,0.93581,0.9361,59102.39
2024-10-22,0.93612,0.9376,0.93363,0.93447,60439.96
2024-10-23,0.93446,0.9373,0.93339,0.9344,65349.42
2024-10-24,0.93439,0.93761,0.93321,0.93724,80706.66
2024-10-25,0.93725,0.93875,0.93502,0.93556,59557.6
2024-10-27,0.9356,0.93802,0.9348,0.93762,8220.47
2024-10-28,0.93762,0.93895,0.93479,0.93538,66800.16
2024-10-29,0.9354,0.93875,0.93485,0.93831,75186.56
2024-10-30,0.93832,0.94164,0.93704,0.9408,81943.72
2024-10-31,0.9408,0.94178,0.93799,0.93988,103438.78
2024-11-01,0.93988,0.94458,0.93939,0.94223,78515.71
2024-11-03,0.94282,0.94405,0.94276,0.94337,4382.16
2024-11-04,0.94335,0.94342,0.93937,0.94006,81511.51
2024-11-05,0.93965,0.94351,0.93857,0.94294,88831.74
2024-11-06,0.94293,0.94303,0.93547,0.93975,323783.61
2024-11-07,0.93975,0.94417,0.93904,0.94216,157403.67
2024-11-08,0.94216,0.94229,0.93665,0.93828,130512.39
2024-11-10,0.93664,0.93883,0.93664,0.93856,5187.33
2024-11-11,0.93856,0.94,0.9361,0.93867,92850.1
2024-11-12,0.93867,0.93886,0.93464,0.93647,112590.76
2024-11-13,0.93649,0.9386,0.9339,0.93575,134533.2
2024-11-14,0.93575,0.93878,0.93487,0.93759,141606.57
2024-11-15,0.93759,0.93932,0.93458,0.93599,136523.07
2024-11-17,0.93335,0.93616,0.9333,0.93608,3671.12
2024-11-18,0.93608,0.93698,0.93492,0.93571,105310.12
2024-11-19,0.93571,0.936,0.93042,0.93556,155865.66
2024-11-20,0.93556,0.93652,0.93047,0.93183,97178.51
2024-11-21,0.93183,0.93189,0.92792,0.92839,147506.12
2024-11-22,0.92839,0.93238,0.9204,0.93151,162826.27
2024-11-24,0.93286,0.93439,0.93158,0.93313,11226.92
2024-11-25,0.93313,0.93406,0.92818,0.92823,155382.26
2024-11-26,0.92824,0.93266,0.92696,0.92966,171548.61
2024-11-27,0.92966,0.93234,0.92769,0.93184,156918.7
2024-11-28,0.93184,0.93297,0.9304,0.9318,85217.09
2024-11-29,0.9318,0.93256,0.92923,0.93131,151960.28
2024-12-01,0.92921,0.93117,0.92921,0.93007,10266.69
2024-12-02,0.93005,0.93239,0.92877,0.93066,162974.52
2024-12-03,0.93066,0.93247,0.92912,0.93153,128934.71
2024-12-04,0.93153,0.93263,0.92875,0.92899,145012.21
2024-12-05,0.92901,0.93221,0.92898,0.92978,125666.83
2024-12-06,0.92978,0.93017,0.92587,0.92798,123374.31
2024-12-08,0.92709,0.92863,0.92709,0.92826,6227.15
2024-12-09,0.92827,0.93022,0.92671,0.92725,105296.84
2024-12-10,0.92725,0.92963,0.92555,0.92963,112018.89
2024-12-11,0.92962,0.93033,0.9269,0.92772,131013.67
2024-12-12,0.92772,0.93437,0.92755,0.93421,144397.72
2024-12-13,0.93422,0.93863,0.93358,0.93679,115185.82
2024-12-15,0.93551,0.93785,0.93551,0.93716,4741.45
2024-12-16,0.93714,0.94038,0.93507,0.94019,111950.2
2024-12-17,0.9402,0.94177,0.93556,0.93658,99095.04
2024-12-18,0.93657,0.93878,0.93197,0.93326,145172.0
2024-12-19,0.93325,0.93549,0.93009,0.93173,178128.11
2024-12-20,0.9317,0.93193,0.92856,0.9312,140813.44
2024-12-22,0.92916,0.93178,0.92916,0.93172,7446.09
2024-12-23,0.93173,0.93619,0.93059,0.93482,91329.35
2024-12-24,0.93483,0.93661,0.9341,0.93607,67454.94
2024-12-25,0.93605,0.93626,0.93444,0.93526,3939.33
2024-12-26,0.93528,0.93809,0.93509,0.93683,65236.5
2024-12-27,0.93682,0.94092,0.93602,0.93945,78791.32
2024-12-29,0.93901,0.94083,0.93867,0.9406,3944.42
2024-12-30,0.9406,0.94407,0.93909,0.94004,100045.43
2024-12-31,0.94004,0.94279,0.93783,0.93935,100177.4
2025-01-01,0.93722,0.93964,0.9371,0.93952,3464.06
2025-01-02,0.93954,0.93961,0.93295,0.93645,123125.18
2025-01-03,0.93645,0.93716,0.93489,0.93612,95296.66
2025-01-05,0.93527,0.93707,0.93527,0.93706,2987.0
2025-01-06,0.93707,0.94094,0.93651,0.93958,144335.89
2025-01-07,0.93956,0.94398,0.93953,0.94058,145792.77
2025-01-08,0.94059,0.94191,0.93717,0.93952,136001.56
2025-01-09,0.93953,0.94022,0.93828,0.93907,96242.29
2025-01-10,0.93907,0.94189,0.93837,0.93858,130243.1
2025-01-12,0.93787,0.9392,0.93787,0.93916,4847.24
2025-01-13,0.93916,0.94062,0.9337,0.94004,130819.82
2025-01-14,0.94005,0.9416,0.93766,0.94039,132247.29
2025-01-15,0.94038,0.94124,0.93818,0.93901,120623.73
2025-01-16,0.939,0.93933,0.93701,0.93858,125286.22
2025-01-17,0.93859,0.9414,0.93662,0.93917,110364.73
2025-01-19,0.93877,0.94012,0.93864,0.94011,4933.05
2025-01-20,0.94012,0.94595,0.93999,0.9442,128214.27
2025-01-21,0.94417,0.94572,0.94119,0.9435,157872.01
2025-01-22,0.9435,0.94544,0.94295,0.94329,111418.51
2025-01-23,0.94332,0.9458,0.94251,0.94516,165942.83
2025-01-24,0.94517,0.95175,0.94477,0.95037,134879.91
2025-01-26,0.94947,0.95002,0.94908,0.94923,5304.73
2025-01-27,0.94924,0.94954,0.9427,0.94396,159391.16
2025-01-28,0.94396,0.94597,0.94248,0.94282,116502.92
2025-01-29,0.94284,0.94604,0.94223,0.94477,134366.83
2025-01-30,0.94476,0.94848,0.94376,0.94566,133144.97
2025-01-31,0.94566,0.94679,0.94271,0.94394,156901.86
2025-02-02,0.93675,0.93886,0.93599,0.93771,16755.41
2025-02-03,0.9377,0.94198,0.93601,0.9414,238558.88
2025-02-04,0.94142,0.94154,0.93756,0.93907,134848.86
2025-02-05,0.93908,0.94061,0.93697,0.93732,127011.13
2025-02-06,0.93732,0.94033,0.93666,0.93998,110956.1
2025-02-07,0.93997,0.9429,0.93818,0.93928,142194.27
2025-02-09,0.93616,0.93924,0.93589,0.93913,6436.13
2025-02-10,0.93914,0.94049,0.93807,0.93877,91725.44
2025-02-11,0.93876,0.94703,0.93832,0.9462,89489.61
2025-02-12,0.94619,0.95073,0.94406,0.94924,138370.9
2025-02-13,0.94923,0.95128,0.94003,0.94492,156068.54
2025-02-14,0.94493,0.94722,0.94248,0.94339,111417.45
2025-02-16,0.94167,0.94439,0.94167,0.94384,6970.09
2025-02-17,0.94385,0.945,0.94258,0.9444,75307.84
2025-02-18,0.94438,0.94457,0.94146,0.94412,90933.09
2025-02-19,0.94411,0.94548,0.94128,0.94264,101338.74
2025-02-20,0.94264,0.94347,0.94081,0.94311,125292.69
2025-02-21,0.94309,0.94346,0.93802,0.93893,129619.95
2025-02-23,0.93965,0.94131,0.93855,0.94105,10713.29
2025-02-24,0.94106,0.94277,0.93805,0.93873,141519.3
2025-02-25,0.93871,0.93995,0.93661,0.93882,129727.85
2025-02-26,0.93882,0.94001,0.93697,0.93806,139179.03
2025-02-27,0.93807,0.94156,0.93492,0.9355,151577.71
2025-02-28,0.93551,0.94036,0.93321,0.93684,150988.9
2025-03-02,0.93831,0.9406,0.93807,0.9398,6233.07
2025-03-03,0.93981,0.94351,0.93653,0.94033,167582.54
2025-03-04,0.94034,0.94676,0.93455,0.94537,236984.76
2025-03-05,0.94536,0.96226,0.94449,0.96147,247757.01
2025-03-06,0.96146,0.96355,0.95142,0.95288,246118.64
2025-03-07,0.95287,0.95733,0.9514,0.95289,243446.48
2025-03-09,0.95286,0.95406,0.95198,0.95275,16884.71
2025-03-10,0.95275,0.9556,0.94903,0.95385,269675.74
2025-03-11,0.95385,0.96492,0.95196,0.96409,251575.41
2025-03-12,0.96409,0.96493,0.95915,0.95986,176947.61
2025-03-13,0.95986,0.96216,0.95598,0.9581,161810.56
2025-03-14,0.9581,0.9662,0.95762,0.96255,121639.72
2025-03-16,0.96143,0.96312,0.96143,0.9619,5611.18
2025-03-17,0.9619,0.96321,0.96067,0.96223,89091.42
2025-03-18,0.96223,0.9637,0.95766,0.95908,99573.52
2025-03-19,0.95907,0.95979,0.95413,0.95638,108748.48
2025-03-20,0.95637,0.95831,0.95298,0.95692,118649.46
2025-03-21,0.9569,0.95784,0.95397,0.95483,89892.05
2025-03-23,0.95442,0.95674,0.95409,0.95668,5134.9
2025-03-24,0.95667,0.95769,0.95285,0.95357,92095.54
2025-03-25,0.95358,0.95538,0.95122,0.9522,81816.82
2025-03-26,0.95219,0.95458,0.94896,0.94975,92299.38
2025-03-27,0.94974,0.95415,0.94962,0.9522,101104.42
2025-03-28,0.95219,0.95499,0.95025,0.95357,87872.15
2025-03-30,0.95157,0.95347,0.95126,0.95343,8633.21
2025-03-31,0.95342,0.95723,0.95196,0.95613,112967.24
2025-04-01,0.95614,0.95636,0.95116,0.95389,104224.81
2025-04-02,0.9539,0.96324,0.95197,0.95614,134158.88
2025-04-03,0.95613,0.95791,0.94665,0.94893,270312.71
2025-04-04,0.94894,0.94922,0.93626,0.94284,346128.18
2025-04-06,0.93059,0.93831,0.92955,0.93537,41264.15
2025-04-07,0.93536,0.95001,0.93124,0.9384,447546.71
2025-04-08,0.93838,0.94093,0.92668,0.92872,292772.12
2025-04-09,0.9287,0.93924,0.92533,0.93687,428996.97
2025-04-10,0.93686,0.94087,0.92167,0.92411,371955.37
2025-04-11,0.9241,0.93196,0.92231,0.92555,408355.91
2025-04-13,0.92495,0.92806,0.92495,0.92792,20600.37
2025-04-14,0.9279,0.93531,0.92324,0.92535,241175.19
2025-04-15,0.92535,0.92956,0.92293,0.92669,180097.57
2025-04-16,0.92669,0.93002,0.92385,0.92739,201604.0
2025-04-17,0.92738,0.93381,0.92694,0.93082,168628.64
2025-04-18,0.9308,0.93204,0.92876,0.92898,612070.98
2025-04-20,0.9293,0.93163,0.92916,0.93018,16039.0
2025-04-21,0.93017,0.9322,0.92752,0.93159,165968.09
2025-04-22,0.93161,0.93808,0.93055,0.93772,212310.51
2025-04-23,0.93772,0.94102,0.93488,0.93991,228090.81
2025-04-24,0.93992,0.94262,0.93835,0.94224,154671.34
2025-04-25,0.94225,0.94468,0.9401,0.94019,132163.17
2025-04-27,0.94008,0.94109,0.93847,0.93995,6730.57
2025-04-28,0.93996,0.94372,0.93593,0.93691,125203.23
2025-04-29,0.93689,0.94069,0.93674,0.93773,123003.98
2025-04-30,0.93773,0.93945,0.93293,0.9353,141601.29
2025-05-01,0.9353,0.93951,0.93443,0.93641,113531.47
2025-05-02,0.93641,0.9383,0.93111,0.93379,139881.81
2025-05-04,0.93245,0.93391,0.93236,0.93309,7060.0
2025-05-05,0.93309,0.93693,0.92958,0.93,104073.48
2025-05-06,0.93,0.93696,0.92975,0.93658,130894.45
2025-05-07,0.93661,0.93879,0.93011,0.9315,131441.31
2025-05-08,0.9315,0.93476,0.93116,0.93372,136598.87
2025-05-09,0.93372,0.93601,0.93268,0.9343,91915.65
2025-05-11,0.93411,0.93679,0.93383,0.93637,10276.37
2025-05-12,0.93639,0.93942,0.93551,0.93743,164723.01
2025-05-13,0.93743,0.94084,0.93302,0.939,112915.36
2025-05-14,0.93902,0.9421,0.93739,0.94071,131297.17
2025-05-15,0.9407,0.94093,0.9339,0.93433,110445.56
2025-05-16,0.93432,0.9382,0.93338,0.93465,87626.33
2025-05-18,0.93418,0.93481,0.93345,0.93456,12827.59
2025-05-19,0.93457,0.93961,0.93391,0.93795,123393.81
2025-05-20,0.93796,0.93852,0.93214,0.93319,118948.21
2025-05-21,0.9332,0.93632,0.93135,0.93472,149014.94
2025-05-22,0.9347,0.93549,0.93299,0.93456,126041.23
2025-05-23,0.93455,0.93803,0.92927,0.93274,133969.66
2025-05-25,0.93197,0.93543,0.93158,0.93539,13081.61
2025-05-26,0.93538,0.93675,0.93317,0.93432,69002.17
2025-05-27,0.93429,0.93908,0.93363,0.93793,102954.25
2025-05-28,0.93792,0.93836,0.93339,0.93504,124269.53
2025-05-29,0.93505,0.93718,0.93354,0.93519,135123.34
2025-05-30,0.93519,0.93572,0.932,0.93289,124473.11
2025-06-01,0.93268,0.93426,0.9322,0.93348,10828.57
2025-06-02,0.93348,0.93538,0.93254,0.93449,115467.34
2025-06-03,0.93448,0.93814,0.93329,0.93684,99831.14
2025-06-04,0.93683,0.93801,0.93346,0.93444,115345.96
2025-06-05,0.93445,0.93992,0.93427,0.93843,137866.0
2025-06-06,0.93844,0.93968,0.93638,0.93661,105224.55
2025-06-08,0.93585,0.93694,0.93578,0.93686,6145.82
2025-06-09,0.93686,0.93863,0.93602,0.93843,68187.02
2025-06-10,0.93844,0.94036,0.93629,0.9402,85151.74
2025-06-11,0.94019,0.94289,0.93876,0.94204,87803.71
2025-06-12,0.94205,0.94289,0.93757,0.93757,118069.44
2025-06-13,0.93767,0.93871,0.93067,0.93673,149690.84
2025-06-15,0.93627,0.93692,0.93543,0.93668,18576.28
2025-06-16,0.93669,0.9419,0.93566,0.93994,89089.01
2025-06-17,0.93995,0.94182,0.93596,0.93793,99003.12
2025-06-18,0.93794,0.94225,0.93794,0.94005,118249.05
2025-06-19,0.94005,0.94183,0.93608,0.93979,88942.71
2025-06-20,0.93978,0.94264,0.93901,0.94228,81265.94
2025-06-22,0.93611,0.94056,0.93608,0.94041,16980.92
2025-06-23,0.9404,0.94275,0.93756,0.94254,125692.05
2025-06-24,0.94253,0.94264,0.93396,0.93498,106612.54
2025-06-25,0.93499,0.9391,0.93329,0.93907,76475.01
2025-06-26,0.93907,0.94014,0.9348,0.93639,109320.78
2025-06-27,0.93637,0.93806,0.93412,0.93578,92395.21
2025-06-29,0.9363,0.93706,0.93588,0.9361,10812.78
2025-06-30,0.93611,0.93732,0.93352,0.93444,96634.78
2025-07-01,0.93443,0.93462,0.93061,0.93342,93267.39
2025-07-02,0.93342,0.93441,0.93137,0.9341,79770.82
2025-07-03,0.9341,0.93642,0.93219,0.93478,90300.7
2025-07-04,0.93478,0.93622,0.93348,0.93421,86915.79
2025-07-06,0.93394,0.93599,0.93394,0.93551,5092.76
2025-07-07,0.93551,0.93585,0.93342,0.93558,79203.04
2025-07-08,0.93558,0.93666,0.9324,0.93311,85982.52
2025-07-09,0.93314,0.93407,0.92999,0.93039,80049.08
2025-07-10,0.93038,0.93276,0.93012,0.93228,73994.32
2025-07-11,0.93228,0.93261,0.9302,0.93096,79077.86
2025-07-13,0.93052,0.93087,0.92976,0.9308,7467.54
2025-07-14,0.93081,0.93209,0.92961,0.93098,66612.59
2025-07-15,0.93099,0.93113,0.92884,0.93027,85801.49
2025-07-16,0.93027,0.93342,0.93015,0.93193,118725.9
2025-07-17,0.93192,0.93353,0.93132,0.9326,76856.44
2025-07-18,0.93259,0.93399,0.93105,0.93159,63284.67
2025-07-20,0.92987,0.93201,0.92953,0.93179,6046.19
2025-07-21,0.93178,0.93338,0.93133,0.93335,60719.55
2025-07-22,0.93335,0.93378,0.9304,0.93168,72896.28
2025-07-23,0.93168,0.9343,0.92931,0.93268,88175.03
2025-07-24,0.93269,0.93625,0.93227,0.93436,75782.99
2025-07-25,0.93436,0.93537,0.93277,0.93291,79890.34
2025-07-27,0.93543,0.93575,0.93472,0.93507,4923.74
2025-07-28,0.93507,0.93526,0.92966,0.93146,85093.04
2025-07-29,0.93146,0.93239,0.92947,0.93054,90495.53
2025-07-30,0.93053,0.93147,0.92906,0.92948,121164.53
2025-07-31,0.92947,0.93074,0.92673,0.92971,92035.07
2025-08-01,0.92971,0.93242,0.92856,0.93125,139912.61
2025-08-03,0.92979,0.93229,0.92979,0.9316,6594.21
2025-08-04,0.9316,0.93587,0.93087,0.93493,93210.97
2025-08-05,0.93493,0.936,0.93303,0.93433,86749.08
2025-08-06,0.93433,0.94068,0.93409,0.94006,67478.6
2025-08-07,0.94006,0.9428,0.93895,0.94073,100804.8
2025-08-08,0.94073,0.94198,0.93986,0.9405,64333.44
2025-08-10,0.93995,0.94104,0.93924,0.94054,3882.12
2025-08-11,0.94053,0.94376,0.94043,0.94331,55549.31
2025-08-12,0.94331,0.94395,0.94007,0.94139,100333.27
2025-08-13,0.94137,0.94287,0.94045,0.94255,68978.7
2025-08-14,0.94255,0.94314,0.93986,0.94085,82167.59
2025-08-15,0.94085,0.94434,0.94043,0.94362,61097.79
2025-08-17,0.94265,0.94453,0.94232,0.94413,3239.67
2025-08-18,0.94412,0.94439,0.93997,0.94206,53942.22
2025-08-19,0.94206,0.94215,0.93991,0.94045,65926.39
2025-08-20,0.94044,0.94131,0.93568,0.93684,67828.5
2025-08-21,0.93682,0.93944,0.93672,0.93909,70016.58
2025-08-22,0.9391,0.94014,0.93704,0.93914,88556.39
2025-08-24,0.93778,0.93976,0.93778,0.93948,5073.73
2025-08-25,0.93947,0.94044,0.93488,0.93637,64862.09
2025-08-26,0.93637,0.93852,0.93456,0.93539,83815.56
2025-08-27,0.9354,0.93589,0.93181,0.93358,76978.25
2025-08-28,0.93357,0.9367,0.93223,0.93635,70136.81
2025-08-29,0.93636,0.93684,0.93406,0.93541,71725.9
2025-08-31,0.93389,0.93628,0.93365,0.93596,3615.02
2025-09-01,0.93597,0.93833,0.93592,0.93743,53106.27
2025-09-02,0.93742,0.93812,0.93537,0.9368,102343.32
2025-09-03,0.93679,0.93802,0.93619,0.93731,78288.22
2025-09-04,0.93732,0.93933,0.93693,0.93854,83964.99
2025-09-05,0.93855,0.93953,0.93504,0.93518,105104.78
2025-09-07,0.93383,0.93612,0.93383,0.93607,9082.49
2025-09-08,0.93606,0.93606,0.93187,0.93303,86595.33
2025-09-09,0.93304,0.93414,0.9314,0.93318,102404.81
2025-09-10,0.93318,0.9354,0.93261,0.93469,86060.58
2025-09-11,0.93471,0.93539,0.93301,0.93392,98095.11
2025-09-12,0.93392,0.93498,0.9336,0.93433,66102.44
2025-09-14,0.93404,0.93457,0.93371,0.9342,3059.46
2025-09-15,0.93419,0.93558,0.93332,0.93478,55823.52
2025-09-16,0.93478,0.93497,0.93235,0.93299,90532.86
2025-09-17,0.93298,0.93344,0.93007,0.93227,103442.69
2025-09-18,0.93225,0.9346,0.93207,0.93429,111450.71
2025-09-19,0.93429,0.93556,0.93347,0.93409,87093.63
2025-09-21,0.93317,0.93463,0.93218,0.93449,7468.82
2025-09-22,0.93449,0.93549,0.93364,0.93507,73682.21
2025-09-23,0.93508,0.93557,0.93363,0.93504,87308.52
2025-09-24,0.93503,0.93515,0.93233,0.93328,80348.41
2025-09-25,0.93329,0.93508,0.93207,0.93302,102941.81
2025-09-26,0.93303,0.93404,0.93251,0.93357,74006.98
2025-09-28,0.93232,0.93393,0.93232,0.93343,9401.7
2025-09-29,0.93342,0.93651,0.93245,0.9354,68039.16
2025-09-30,0.9354,0.93707,0.93326,0.93456,82225.58
2025-10-01,0.93457,0.93726,0.93344,0.93503,108555.75
2025-10-02,0.93504,0.93631,0.934,0.9345,79449.3
2025-10-03,0.93451,0.93574,0.93333,0.93343,67227.26
2025-10-05,0.93282,0.93467,0.93249,0.93367,13610.48
2025-10-06,0.93365,0.93389,0.93037,0.93084,112629.29
2025-10-07,0.93084,0.93153,0.92988,0.93064,78317.88
2025-10-08,0.93064,0.93264,0.92961,0.93212,87391.39
2025-10-09,0.93213,0.93294,0.93007,0.93247,92098.42
2025-10-10,0.93246,0.93312,0.92841,0.92871,95374.6
2025-10-12,0.92918,0.93193,0.92906,0.93081,10335.1
2025-10-13,0.93079,0.93176,0.92965,0.93024,77173.66
2025-10-14,0.93023,0.93086,0.92816,0.92993,105586.04
2025-10-15,0.92994,0.93103,0.92656,0.92764,81715.04
2025-10-16,0.92765,0.93045,0.9261,0.92647,101460.44
2025-10-17,0.92647,0.92661,0.92183,0.9243,113978.99
2025-10-19,0.92416,0.92553,0.92358,0.92517,4398.66
2025-10-20,0.92518,0.92585,0.92142,0.92272,64545.49
2025-10-21,0.92272,0.92449,0.92098,0.92421,91694.06
2025-10-22,0.92421,0.92451,0.92213,0.92408,74023.6
2025-10-23,0.92408,0.92536,0.92296,0.92367,67571.8
2025-10-24,0.92367,0.92542,0.92302,0.92448,73726.16
2025-10-26,0.92666,0.92686,0.92543,0.92592,4384.18
2025-10-27,0.9259,0.92705,0.9252,0.92582,62713.82
2025-10-28,0.9258,0.92666,0.92375,0.92423,71161.2
2025-10-29,0.92423,0.92886,0.92377,0.92832,97371.35
2025-10-30,0.9283,0.92889,0.92665,0.92758,85661.21
2025-10-31,0.9276,0.92915,0.92584,0.9282,67188.82
2025-11-02,0.9271,0.9284,0.9271,0.92784,9598.09
2025-11-03,0.92783,0.93109,0.92758,0.93089,60700.81
2025-11-04,0.93087,0.93166,0.92896,0.93066,66576.97
2025-11-05,0.93064,0.93193,0.92843,0.93097,69834.6
2025-11-06,0.93097,0.93207,0.93031,0.93095,62916.94
2025-11-07,0.93094,0.93261,0.93049,0.93091,56804.97
2025-11-09,0.93021,0.93189,0.9302,0.93164,5915.62
2025-11-10,0.93163,0.93255,0.9299,0.9305,54375.98
2025-11-11,0.93051,0.93095,0.92638,0.92734,47943.66
2025-11-12,0.92733,0.92743,0.92326,0.9248,54427.9
2025-11-13,0.9248,0.92579,0.92141,0.92256,67012.06
2025-11-14,0.92256,0.92305,0.91792,0.92242,81840.58
2025-11-16,0.92166,0.92291,0.92125,0.92253,2957.79
2025-11-17,0.92253,0.92307,0.92114,0.92285,48870.4
2025-11-18,0.92285,0.92678,0.92068,0.92664,65412.53
2025-11-19,0.92659,0.92956,0.92546,0.92938,66851.29
2025-11-20,0.92937,0.93049,0.92823,0.92907,72256.92
2025-11-21,0.92906,0.93098,0.92755,0.93065,82137.19
2025-11-23,0.93037,0.93095,0.93015,0.93055,3786.18
2025-11-24,0.93056,0.93247,0.93006,0.93143,52340.3
2025-11-25,0.93143,0.93504,0.93114,0.93433,72069.57
2025-11-26,0.93433,0.93468,0.93189,0.93212,68546.45
2025-11-27,0.93212,0.93448,0.93179,0.93327,35238.06
2025-11-28,0.93325,0.93367,0.93119,0.93189,238307.42
2025-11-30,0.93176,0.93234,0.93147,0.93199,4136.2
2025-12-01,0.93198,0.93442,0.93169,0.93407,66199.01
2025-12-02,0.93407,0.93486,0.93267,0.93349,55704.53
2025-12-03,0.93349,0.93433,0.93244,0.93303,61028.38
2025-12-04,0.93302,0.93599,0.93294,0.93581,59261.42
2025-12-05,0.9358,0.93714,0.93526,0.93637,54308.87
2025-12-07,0.93531,0.93708,0.93531,0.93683,7479.4
2025-12-08,0.93684,0.93954,0.93611,0.93901,55417.45
2025-12-09,0.93901,0.93925,0.93663,0.93723,59965.76
2025-12-10,0.93721,0.93788,0.93377,0.93531,76940.79
2025-12-11,0.93532,0.93565,0.932,0.93296,79062.34
2025-12-12,0.93297,0.93471,0.93225,0.93424,64342.27
2025-12-14,0.93299,0.93446,0.93299,0.93446,5579.92
2025-12-15,0.93446,0.93634,0.93394,0.93581,56970.11
2025-12-16,0.93581,0.93674,0.93356,0.93437,86815.56
2025-12-17,0.93438,0.93559,0.93253,0.9337,70638.33
2025-12-18,0.9337,0.93395,0.93025,0.93103,68071.32
2025-12-19,0.93102,0.9328,0.931,0.93126,56081.92
2025-12-21,0.93025,0.93192,0.93025,0.93148,14493.58
2025-12-22,0.93146,0.93239,0.93053,0.93109,55977.99
2025-12-23,0.9311,0.93118,0.92824,0.92884,67371.24
2025-12-24,0.92885,0.92977,0.92724,0.92748,65387.03
2025-12-25,0.92749,0.92874,0.92645,0.92871,15844.3
2025-12-26,0.92871,0.93026,0.92827,0.92877,52896.61
2025-12-28,0.9272,0.92937,0.9272,0.92907,8666.1
2025-12-29,0.92907,0.93079,0.9281,0.92877,62423.69
2025-12-30,0.92878,0.93071,0.92758,0.93018,51601.26
2025-12-31,0.93018,0.93167,0.92975,0.93079,53458.83
2026-01-01,0.92927,0.93103,0.92927,0.93063,1614.92
2026-01-02,0.93063,0.9316,0.92807,0.92838,48812.89
2026-01-04,0.92666,0.92888,0.92666,0.92849,4391.81
2026-01-05,0.9285,0.93062,0.927,0.92801,71647.66
2026-01-06,0.92802,0.93024,0.92769,0.92996,56417.23
2026-01-07,0.92997,0.93186,0.92934,0.93144,60870.76
2026-01-08,0.93143,0.93191,0.93062,0.93148,51515.82
2026-01-09,0.93147,0.93259,0.93098,0.93167,61562.82
2026-01-11,0.93048,0.93223,0.93036,0.93181,3572.97
2026-01-12,0.93181,0.93187,0.92964,0.9302,69988.82
2026-01-13,0.9302,0.93288,0.9296,0.93267,61938.76
2026-01-14,0.93267,0.93495,0.93077,0.93131,67301.11
2026-01-15,0.9313,0.93283,0.9306,0.93262,56981.43
2026-01-16,0.93263,0.93281,0.93046,0.93119,56006.67
2026-01-18,0.92744,0.92973,0.92696,0.92844,10158.28
2026-01-19,0.92845,0.92973,0.92707,0.92872,62720.3
2026-01-20,0.9287,0.92914,0.92536,0.926,100558.4
2026-01-21,0.926,0.93076,0.92572,0.92959,95491.65
2026-01-22,0.92958,0.93004,0.92689,0.92746,66704.72
2026-01-23,0.92744,0.92868,0.92152,0.92235,81091.58
2026-01-25,0.92,0.92274,0.91938,0.92263,12022.8
2026-01-26,0.92263,0.9232,0.91957,0.92297,124269.59
2026-01-27,0.92298,0.92356,0.91641,0.91717,158607.88
2026-01-28,0.91715,0.92116,0.91687,0.91707,145856.56
2026-01-29,0.91709,0.91835,0.91433,0.91475,134411.13
2026-01-30,0.91474,0.91739,0.91449,0.91594,153117.61
2026-02-01,0.91522,0.9173,0.91449,0.91657,9182.1
2026-02-02,0.91658,0.92173,0.91571,0.91914,133679.41
2026-02-03,0.91914,0.91945,0.91488,0.9166,89165.67
2026-02-04,0.9166,0.91833,0.91587,0.91737,82072.75
2026-02-05,0.91735,0.9181,0.91445,0.91592,97912.36
2026-02-06,0.91592,0.9181,0.9154,0.91634,65615.42
2026-02-08,0.91662,0.91789,0.91617,0.91757,4985.83
2026-02-09,0.91757,0.91764,0.91241,0.91304,91080.34
2026-02-10,0.91304,0.91397,0.90947,0.91371,75468.36
2026-02-11,0.9137,0.91691,0.91178,0.91579,102708.33
2026-02-12,0.91579,0.91611,0.91125,0.91332,91550.96
2026-02-13,0.91331,0.9145,0.91093,0.91096,70244.28
2026-02-15,0.91054,0.91191,0.91054,0.9117,1634.36
2026-02-16,0.91173,0.91361,0.91128,0.9121,36302.06
2026-02-17,0.91208,0.91401,0.91057,0.91282,68371.9
2026-02-18,0.91283,0.9135,0.91015,0.91059,54734.04
2026-02-19,0.91059,0.91296,0.91058,0.91251,62339.26
2026-02-20,0.91252,0.91427,0.91155,0.91365,84048.03
2026-02-22,0.91229,0.91366,0.91229,0.91325,5490.4
2026-02-23,0.91324,0.91492,0.9121,0.91306,75498.96
2026-02-24,0.91307,0.91417,0.91092,0.91113,58237.03
2026-02-25,0.91114,0.91325,0.91087,0.91228,56805.84
2026-02-26,0.91228,0.91508,0.91181,0.91261,68059.64
2026-02-27,0.91259,0.9135,0.90606,0.90857,84824.89
2026-03-01,0.90326,0.90588,0.90262,0.90489,9620.3
2026-03-02,0.90488,0.91307,0.90334,0.91071,137736.81
2026-03-03,0.91073,0.91274,0.90665,0.90795,169224.67
2026-03-04,0.90794,0.90986,0.90557,0.90654,120639.08
2026-03-05,0.90653,0.90718,0.90494,0.90632,142308.51
2026-03-06,0.90632,0.90673,0.90084,0.90126,133140.26
2026-03-08,0.89916,0.90062,0.89901,0.90024,16490.86
2026-03-09,0.90025,0.9047,0.89805,0.90371,166783.57
2026-03-10,0.90372,0.90501,0.90229,0.90404,133496.77
2026-03-11,0.90403,0.90468,0.9009,0.90234,126000.58
2026-03-12,0.90232,0.90535,0.90181,0.90482,118609.68
2026-03-13,0.90485,0.90546,0.90217,0.90321,102975.61
2026-03-15,0.90263,0.90407,0.90092,0.9033,12669.54
2026-03-16,0.90329,0.90655,0.90314,0.9062,100277.48
2026-03-17,0.90619,0.90711,0.90488,0.90565,84973.25
2026-03-18,0.90565,0.91023,0.90546,0.90869,111106.61
2026-03-19,0.90868,0.91411,0.90687,0.91327,172623.54
2026-03-20,0.91326,0.91341,0.9091,0.91153,112360.84
2026-03-22,0.90892,0.91087,0.90892,0.91075,10127.41
2026-03-23,0.91074,0.91457,0.90929,0.91308,222903.69
2026-03-24,0.91308,0.91677,0.91169,0.91519,158961.61
2026-03-25,0.9152,0.91686,0.91442,0.91513,120918.57
2026-03-26,0.91515,0.91697,0.91429,0.91666,118396.57
2026-03-27,0.91666,0.91999,0.91661,0.91928,109248.65
2026-03-29,0.91813,0.91948,0.91749,0.91911,9702.21
2026-03-30,0.9191,0.92,0.91533,0.91642,98966.62
2026-03-31,0.91642,0.92663,0.91573,0.92322,134879.64
2026-04-01,0.92324,0.9234,0.91813,0.92024,132769.03
2026-04-02,0.92024,0.92287,0.91944,0.92175,130204.22
2026-04-03,0.92177,0.92273,0.91946,0.92001,81191.45
2026-04-05,0.9209,0.92231,0.91946,0.92215,8026.42
2026-04-06,0.92215,0.92312,0.92035,0.92111,92565.84
2026-04-07,0.92111,0.92655,0.9211,0.92369,126738.94
2026-04-08,0.92368,0.92393,0.92059,0.92273,162137.47
2026-04-09,0.92273,0.92494,0.92173,0.92465,89358.83
2026-04-10,0.92466,0.92603,0.92186,0.92485,83029.82
2026-04-12,0.92121,0.92554,0.92121,0.92537,11565.86
2026-04-13,0.92538,0.92629,0.92074,0.92158,91026.97
2026-04-14,0.92156,0.92168,0.91941,0.92133,87693.86
2026-04-15,0.92133,0.92325,0.9197,0.92247,88189.42
2026-04-16,0.92246,0.92358,0.92145,0.92268,78646.98
2026-04-17,0.92268,0.92322,0.91921,0.91948,94792.78
2026-04-19,0.91675,0.92007,0.91671,0.91999,8825.07
2026-04-20,0.91999,0.92056,0.91626,0.91741,89201.34
2026-04-21,0.91742,0.91813,0.91612,0.91666,101830.85
2026-04-22,0.91666,0.91881,0.91599,0.91868,73061.31
2026-04-23,0.91867,0.91919,0.91701,0.91861,110908.6
2026-04-24,0.9186,0.92149,0.91836,0.9197,81949.66
2026-04-26,0.91971,0.92069,0.91907,0.92059,4208.46
2026-04-27,0.9206,0.92168,0.91939,0.9206,62583.11
2026-04-28,0.92059,0.92499,0.9204,0.92449,90291.92
2026-04-29,0.92449,0.92504,0.92275,0.92373,101014.13
2026-04-30,0.92371,0.92388,0.91498,0.91676,148268.66
