date,open,high,low,close,tick_volume
2005-01-02,1.6263,1.62982,1.62624,1.6297,4503.3
2005-01-03,1.62911,1.63502,1.61499,1.626,448684.2
2005-01-04,1.62572,1.62949,1.61736,1.62113,444982.8
2005-01-05,1.62101,1.63077,1.61707,1.62534,449012.0
2005-01-06,1.62482,1.63144,1.6129,1.62789,444884.3
2005-01-07,1.62691,1.63224,1.60492,1.60626,465915.0
2005-01-08,1.60626,1.60626,1.60626,1.60626,0.0
2005-01-09,1.60626,1.61042,1.60552,1.60951,5663.3
2005-01-10,1.60904,1.61035,1.59357,1.59999,438205.4
2005-01-11,1.59983,1.60534,1.59468,1.59784,442349.4
2005-01-12,1.59719,1.60111,1.58397,1.59219,439712.0
2005-01-13,1.59202,1.59475,1.58341,1.58782,446561.7
2005-01-14,1.58719,1.59978,1.5809,1.59304,441829.5
2005-01-15,1.59304,1.59304,1.59304,1.59304,0.0
2005-01-16,1.59304,1.59517,1.59182,1.59401,4516.8
2005-01-17,1.59363,1.59584,1.58588,1.58926,437724.3
2005-01-18,1.5891,1.5987,1.5854,1.59266,418226.0
2005-01-19,1.59275,1.60067,1.58853,1.59598,491200.6
2005-01-20,1.59568,1.60084,1.59061,1.59796,446344.1
2005-01-21,1.59791,1.59919,1.58436,1.59383,460052.0
2005-01-22,1.59383,1.59383,1.59383,1.59383,0.0
2005-01-23,1.59383,1.59383,1.59143,1.59208,3305.0
2005-01-24,1.5919,1.60057,1.58826,1.59513,445610.2
2005-01-25,1.59452,1.61417,1.58958,1.60104,497216.3
2005-01-26,1.60079,1.61529,1.59956,1.61154,449027.6
2005-01-27,1.61109,1.61843,1.60719,1.61336,443909.0
2005-01-28,1.61299,1.6213,1.60833,1.61545,434288.2
2005-01-29,1.61545,1.61545,1.61545,1.61545,0.0
2005-01-30,1.61545,1.62344,1.61193,1.61422,3100.0
2005-01-31,1.61445,1.61967,1.6092,1.61817,444559.3
2005-02-01,1.61754,1.61942,1.60577,1.60645,441042.6
2005-02-02,1.60623,1.6174,1.60589,1.6121,498392.5
2005-02-03,1.6117,1.61511,1.60579,1.6083,442005.2
2005-02-04,1.60809,1.61696,1.60263,1.60725,433010.4
2005-02-05,1.60725,1.60725,1.60725,1.60725,0.0
2005-02-06,1.60725,1.60736,1.60388,1.60544,6248.1
2005-02-07,1.60535,1.61283,1.59928,1.60155,444257.7
2005-02-08,1.60083,1.60441,1.58736,1.5946,442826.5
2005-02-09,1.59389,1.60093,1.58925,1.59803,440429.5
2005-02-10,1.59717,1.60436,1.59418,1.59859,441812.2
2005-02-11,1.59827,1.60033,1.58908,1.59056,478137.4
2005-02-12,1.59056,1.59056,1.59056,1.59056,0.0
2005-02-13,1.59056,1.59299,1.5885,1.59283,3382.1
2005-02-14,1.59242,1.60357,1.58994,1.60028,446069.2
2005-02-15,1.59996,1.60753,1.596,1.60126,440069.1
2005-02-16,1.6012,1.61604,1.59741,1.60976,445905.4
2005-02-17,1.60937,1.61467,1.60271,1.60526,442686.0
2005-02-18,1.60433,1.61044,1.60096,1.60923,428564.2
2005-02-19,1.60923,1.60923,1.60923,1.60923,0.0
2005-02-20,1.60923,1.60923,1.60479,1.60803,4800.8
2005-02-21,1.6082,1.61295,1.60319,1.61147,486357.6
2005-02-22,1.61142,1.62957,1.60891,1.62506,447915.7
2005-02-23,1.62437,1.6502,1.62062,1.64704,438070.6
2005-02-24,1.64661,1.65398,1.63246,1.63443,446141.0
2005-02-25,1.63438,1.6419,1.63176,1.63888,488107.8
2005-02-26,1.63888,1.63888,1.63888,1.63888,0.0
2005-02-27,1.63888,1.64011,1.63728,1.63988,4346.1
2005-02-28,1.6392,1.64128,1.62643,1.63149,443334.7
2005-03-01,1.63118,1.63978,1.62481,1.63344,500205.5
2005-03-02,1.63298,1.63752,1.62429,1.62582,437986.6
2005-03-03,1.62564,1.63843,1.62447,1.62932,441663.8
2005-03-04,1.62908,1.63388,1.62581,1.62934,482115.5
2005-03-05,1.62934,1.62934,1.62934,1.62934,0.0
2005-03-06,1.62934,1.63001,1.62807,1.6291,4513.1
2005-03-07,1.62836,1.63188,1.62021,1.62346,488155.7
2005-03-08,1.62338,1.62952,1.61496,1.618,433497.9
2005-03-09,1.61763,1.61892,1.60823,1.61308,440153.2
2005-03-10,1.61293,1.61735,1.60765,1.61575,444820.6
2005-03-11,1.61549,1.62533,1.61188,1.622,427316.7
2005-03-12,1.622,1.622,1.622,1.622,0.0
2005-03-13,1.622,1.62328,1.61842,1.62091,4646.7
2005-03-14,1.62081,1.62245,1.60938,1.61322,472691.9
2005-03-15,1.61295,1.6153,1.60024,1.60626,495109.4
2005-03-16,1.60574,1.61733,1.60234,1.61354,468383.2
2005-03-17,1.61267,1.61808,1.60125,1.60679,445589.9
2005-03-18,1.6065,1.60832,1.59618,1.60044,432269.5
2005-03-19,1.60044,1.60044,1.60044,1.60044,0.0
2005-03-20,1.60044,1.6017,1.59835,1.60137,4409.1
2005-03-21,1.60102,1.60338,1.59106,1.59325,442118.1
2005-03-22,1.59255,1.59553,1.5737,1.58027,439430.5
2005-03-23,1.57966,1.58504,1.57371,1.57907,446860.5
2005-03-24,1.57874,1.58342,1.56911,1.57143,445388.2
2005-03-25,1.57048,1.57887,1.56987,1.57734,437042.0
2005-03-26,1.57734,1.57734,1.57734,1.57734,0.0
2005-03-27,1.57734,1.57903,1.57493,1.57717,13934.1
2005-03-28,1.57637,1.57738,1.56387,1.56737,447480.6
2005-03-29,1.56777,1.57409,1.5616,1.56366,435790.1
2005-03-30,1.56366,1.56366,1.56366,1.56366,0.0
2005-03-31,1.56366,1.56384,1.56366,1.56384,0.0
2005-04-01,1.56733,1.57565,1.56413,1.56651,438737.2
2005-04-02,1.56651,1.56651,1.56651,1.56651,0.0
2005-04-03,1.56651,1.56755,1.56417,1.56559,14081.8
2005-04-04,1.56587,1.57142,1.56398,1.56919,447490.4
2005-04-05,1.56834,1.57045,1.56402,1.56582,444785.9
2005-04-06,1.56548,1.57401,1.56376,1.57352,445892.7
2005-04-07,1.57327,1.57792,1.56848,1.56962,446403.4
2005-04-08,1.5691,1.58959,1.56589,1.58858,437641.8
2005-04-09,1.58858,1.58858,1.58858,1.58858,0.0
2005-04-10,1.58858,1.58915,1.58435,1.58659,14154.8
2005-04-11,1.58542,1.60557,1.58263,1.59989,446647.6
2005-04-12,1.59954,1.60226,1.5592,1.59601,443909.8
2005-04-13,1.5957,1.59933,1.59011,1.59738,500292.4
2005-04-14,1.59709,1.59759,1.58726,1.59167,446062.2
2005-04-15,1.59117,1.61058,1.58612,1.60933,432376.8
2005-04-16,1.60933,1.60933,1.60933,1.60933,0.0
2005-04-17,1.60933,1.60938,1.60573,1.60728,9099.3
2005-04-18,1.60776,1.62788,1.60414,1.6226,445626.9
2005-04-19,1.62216,1.62686,1.61199,1.61629,439884.6
2005-04-20,1.61588,1.62515,1.61155,1.62284,436671.2
2005-04-21,1.62254,1.62403,1.61274,1.61348,437413.8
2005-04-22,1.6135,1.61764,1.60916,1.61242,480617.8
2005-04-23,1.61242,1.61242,1.61242,1.61242,0.0
2005-04-24,1.61242,1.6128,1.60774,1.61095,11898.3
2005-04-25,1.61066,1.61328,1.60335,1.60755,442019.1
2005-04-26,1.60669,1.61828,1.60628,1.61439,435536.8
2005-04-27,1.61435,1.61812,1.6065,1.61607,434256.3
2005-04-28,1.61555,1.61894,1.61129,1.616,490081.5
2005-04-29,1.61566,1.62447,1.61484,1.61896,482222.3
2005-04-30,1.61896,1.61896,1.61896,1.61896,0.0
2005-05-01,1.61896,1.62286,1.61724,1.62279,9036.5
2005-05-02,1.62197,1.62269,1.60893,1.61316,477550.4
2005-05-03,1.61282,1.61874,1.61003,1.61387,487165.9
2005-05-04,1.61372,1.62145,1.61063,1.61375,437859.1
2005-05-05,1.61316,1.61735,1.60847,1.61288,434778.3
2005-05-06,1.6123,1.6137,1.58797,1.59129,419196.5
2005-05-07,1.59129,1.59129,1.59129,1.59129,0.0
2005-05-08,1.59129,1.59253,1.58951,1.59124,8556.9
2005-05-09,1.59095,1.59371,1.58475,1.59003,439192.7
2005-05-10,1.58972,1.59705,1.58482,1.59483,436360.7
2005-05-11,1.5944,1.60364,1.59079,1.59685,441368.6
2005-05-12,1.59646,1.598,1.58375,1.5866,443327.1
2005-05-13,1.58614,1.59768,1.58211,1.59732,284373.4
2005-05-14,1.59732,1.59732,1.59732,1.59732,0.0
2005-05-15,1.59732,1.59732,1.59083,1.59515,10400.7
2005-05-16,1.59499,1.60686,1.5928,1.60211,439616.0
2005-05-17,1.60168,1.60715,1.59177,1.59362,491418.1
2005-05-18,1.59328,1.59924,1.59029,1.59642,492358.6
2005-05-19,1.59583,1.60033,1.58639,1.58947,438515.2
2005-05-20,1.58949,1.59157,1.58237,1.58967,474686.2
2005-05-21,1.58967,1.58967,1.58967,1.58967,0.0
2005-05-22,1.58967,1.58967,1.58556,1.58861,10102.2
2005-05-23,1.58803,1.58929,1.57927,1.58211,486953.5
2005-05-24,1.582,1.5908,1.58005,1.58513,489308.6
2005-05-25,1.58502,1.59471,1.58027,1.59278,461701.0
2005-05-26,1.59231,1.59404,1.5821,1.58325,493877.1
2005-05-27,1.58308,1.58698,1.57427,1.57735,475417.3
2005-05-28,1.57735,1.57735,1.57735,1.57735,0.0
2005-05-29,1.57735,1.57735,1.5717,1.57265,13346.1
2005-05-30,1.57231,1.57694,1.56499,1.56718,390731.8
2005-05-31,1.56683,1.56734,1.54062,1.54279,445525.0
2005-06-01,1.54255,1.54682,1.51797,1.5216,442226.8
2005-06-02,1.52127,1.53799,1.51753,1.53063,447455.2
2005-06-03,1.53073,1.53633,1.52087,1.52452,425746.7
2005-06-04,1.52452,1.52452,1.52452,1.52452,0.0
2005-06-05,1.52452,1.52523,1.52231,1.52431,9311.2
2005-06-06,1.52388,1.5324,1.52244,1.52509,495667.9
2005-06-07,1.52509,1.53371,1.5218,1.53068,431356.7
2005-06-08,1.53006,1.53831,1.52783,1.53085,486439.9
2005-06-09,1.53084,1.53753,1.52779,1.53716,463980.7
2005-06-10,1.53647,1.53879,1.51151,1.51382,371149.2
2005-06-11,1.51382,1.51382,1.51382,1.51382,0.0
2005-06-12,1.51382,1.51585,1.51237,1.5158,8894.9
2005-06-13,1.51525,1.52155,1.50687,1.51977,444698.8
2005-06-14,1.51923,1.52512,1.50351,1.50568,441666.3
2005-06-15,1.50534,1.51018,1.49538,1.49667,493900.2
2005-06-16,1.4961,1.5028,1.49161,1.49588,468836.4
2005-06-17,1.49542,1.5125,1.49379,1.50977,422480.3
2005-06-18,1.50977,1.50977,1.50977,1.50977,0.0
2005-06-19,1.50977,1.5123,1.50869,1.50945,3162.9
2005-06-20,1.5095,1.51015,1.49327,1.50155,434852.5
2005-06-21,1.50108,1.50391,1.48954,1.50117,443980.7
2005-06-22,1.50056,1.50338,1.492,1.49719,442420.3
2005-06-23,1.49691,1.4997,1.4798,1.48246,493122.8
2005-06-24,1.48196,1.49291,1.47655,1.48959,431753.7
2005-06-25,1.48959,1.48959,1.48959,1.48959,0.0
2005-06-26,1.48959,1.49802,1.48811,1.49665,11539.7
2005-06-27,1.49641,1.50698,1.49053,1.49716,436927.1
2005-06-28,1.49657,1.5001,1.48221,1.48557,438750.7
2005-06-29,1.48532,1.48988,1.47707,1.48415,438720.5
2005-06-30,1.48325,1.49042,1.47841,1.4809,441684.1
2005-07-01,1.48061,1.4889,1.47734,1.48334,432768.7
2005-07-02,1.48334,1.48334,1.48334,1.48334,0.0
2005-07-03,1.48334,1.48759,1.47793,1.48614,12541.9
2005-07-04,1.48548,1.48837,1.47267,1.47507,340966.3
2005-07-05,1.47497,1.48357,1.47241,1.48209,440334.0
2005-07-06,1.482,1.48388,1.4701,1.47485,440067.5
2005-07-07,1.47424,1.48465,1.46421,1.46556,445995.3
2005-07-08,1.46546,1.46837,1.45288,1.4559,426922.7
2005-07-09,1.4559,1.4559,1.4559,1.4559,0.0
2005-07-10,1.4559,1.4592,1.4559,1.45809,8930.8
2005-07-11,1.45795,1.46987,1.45467,1.46525,488856.4
2005-07-12,1.4649,1.47819,1.46406,1.47091,499205.5
2005-07-13,1.47088,1.47276,1.45605,1.45809,436223.1
2005-07-14,1.45794,1.46571,1.45017,1.46419,438285.6
2005-07-15,1.46401,1.47177,1.45867,1.46911,421707.1
2005-07-16,1.46911,1.46911,1.46911,1.46911,0.0
2005-07-17,1.46911,1.46942,1.46501,1.46898,11735.7
2005-07-18,1.46841,1.4752,1.46258,1.46837,431476.6
2005-07-19,1.46826,1.47039,1.45923,1.46623,443269.1
2005-07-20,1.46541,1.48664,1.46087,1.48462,410794.9
2005-07-21,1.48412,1.48848,1.4667,1.47802,445750.1
2005-07-22,1.47801,1.48452,1.46625,1.46909,434299.3
2005-07-23,1.46909,1.46909,1.46909,1.46909,0.0
2005-07-24,1.46909,1.47123,1.4674,1.471,13644.0
2005-07-25,1.47062,1.47295,1.464,1.46717,442998.4
2005-07-26,1.46686,1.47937,1.46418,1.4781,444335.9
2005-07-27,1.47784,1.49355,1.47481,1.49167,498791.5
2005-07-28,1.49104,1.49842,1.48541,1.49124,443625.8
2005-07-29,1.49089,1.49333,1.48058,1.48332,427569.2
2005-07-30,1.48332,1.48332,1.48332,1.48332,0.0
2005-07-31,1.48332,1.48573,1.47989,1.48359,9574.9
2005-08-01,1.48343,1.49018,1.47337,1.47703,445607.9
2005-08-02,1.47678,1.48635,1.47427,1.48297,446213.9
2005-08-03,1.483,1.50097,1.47557,1.49846,443829.6
2005-08-04,1.49837,1.50372,1.49294,1.50283,447708.6
2005-08-05,1.50231,1.51236,1.49931,1.5015,429903.6
2005-08-06,1.5015,1.5015,1.5015,1.5015,0.0
2005-08-07,1.5015,1.5017,1.49775,1.50038,12659.0
2005-08-08,1.49985,1.50442,1.49628,1.49985,445444.8
2005-08-09,1.49969,1.50703,1.49685,1.49914,443646.0
2005-08-10,1.49863,1.50889,1.49335,1.49929,446704.3
2005-08-11,1.4986,1.50286,1.4913,1.49849,446655.5
2005-08-12,1.49817,1.50054,1.48162,1.48828,430276.8
2005-08-13,1.48828,1.48828,1.48828,1.48828,0.0
2005-08-14,1.48828,1.49119,1.48541,1.48676,9154.2
2005-08-15,1.48668,1.48716,1.47707,1.48222,497857.3
2005-08-16,1.48181,1.48658,1.47456,1.48136,443490.4
2005-08-17,1.48115,1.49043,1.47171,1.48852,444560.5
2005-08-18,1.48825,1.48948,1.48063,1.48432,446411.7
2005-08-19,1.48418,1.48596,1.47035,1.47067,431491.1
2005-08-20,1.47067,1.47067,1.47067,1.47067,0.0
2005-08-21,1.47067,1.4742,1.47007,1.474,11620.1
2005-08-22,1.47404,1.47827,1.46745,1.47028,445313.6
2005-08-23,1.47007,1.47266,1.46007,1.46313,445840.4
2005-08-24,1.46272,1.46639,1.45712,1.45885,442181.1
2005-08-25,1.45815,1.46717,1.45694,1.46314,445752.5
2005-08-26,1.46245,1.47506,1.46245,1.47206,430642.9
2005-08-27,1.47206,1.47206,1.47206,1.47206,0.0
2005-08-28,1.47206,1.47268,1.46788,1.46943,9419.4
2005-08-29,1.46907,1.47102,1.46143,1.4627,441241.1
2005-08-30,1.46199,1.46616,1.45178,1.45523,446751.5
2005-08-31,1.45526,1.46682,1.45111,1.4665,441665.9
2005-09-01,1.46621,1.47897,1.46412,1.47547,428230.4
2005-09-02,1.47522,1.49104,1.47397,1.48813,434046.8
2005-09-03,1.48813,1.48813,1.48813,1.48813,0.0
2005-09-04,1.48813,1.48989,1.48762,1.48904,9667.3
2005-09-05,1.48859,1.49407,1.48444,1.48935,348696.5
2005-09-06,1.48888,1.48997,1.47906,1.48096,398548.6
2005-09-07,1.48038,1.48719,1.47133,1.47473,445323.8
2005-09-08,1.47446,1.47685,1.45899,1.46447,446687.5
2005-09-09,1.46418,1.46845,1.45605,1.46177,426779.0
2005-09-10,1.46177,1.46177,1.46177,1.46177,0.0
2005-09-11,1.46177,1.4618,1.45716,1.45958,11176.6
2005-09-12,1.45897,1.46023,1.45149,1.45766,494650.6
2005-09-13,1.45701,1.46125,1.44565,1.45257,447055.5
2005-09-14,1.45188,1.45614,1.44609,1.4496,446518.2
2005-09-15,1.44906,1.45295,1.44179,1.44877,446413.6
2005-09-16,1.44836,1.45572,1.44039,1.44245,433062.9
2005-09-17,1.44245,1.44245,1.44245,1.44245,0.0
2005-09-18,1.44245,1.44451,1.43202,1.43455,13122.4
2005-09-19,1.43394,1.43723,1.41537,1.41761,494754.3
2005-09-20,1.41748,1.42538,1.41482,1.41634,446610.6
2005-09-21,1.41576,1.43023,1.41526,1.42867,447793.2
2005-09-22,1.42856,1.42913,1.41628,1.42269,447756.9
2005-09-23,1.42204,1.42561,1.40576,1.408,436114.7
2005-09-24,1.408,1.408,1.408,1.408,0.0
2005-09-25,1.408,1.41238,1.40726,1.4122,9290.0
2005-09-26,1.41187,1.42066,1.40825,1.4124,447769.4
2005-09-27,1.41196,1.41708,1.40587,1.41468,471131.5
2005-09-28,1.4138,1.41974,1.41034,1.41451,457725.7
2005-09-29,1.41391,1.41631,1.4057,1.408,449265.4
2005-09-30,1.40779,1.41236,1.39367,1.3983,447849.6
2005-10-01,1.3983,1.3983,1.3983,1.3983,0.0
2005-10-02,1.3983,1.39859,1.39465,1.39812,8523.2
2005-10-03,1.39762,1.39886,1.38463,1.38968,484317.0
2005-10-04,1.38953,1.39988,1.38506,1.39697,476801.8
2005-10-05,1.39684,1.42047,1.39582,1.41678,469846.5
2005-10-06,1.41652,1.44003,1.41598,1.43549,493823.9
2005-10-07,1.43498,1.43701,1.42026,1.42325,450687.3
2005-10-08,1.42325,1.42349,1.42295,1.42324,1193.9
2005-10-09,1.42324,1.42513,1.42078,1.42439,8652.0
2005-10-10,1.42413,1.42835,1.41188,1.41607,471380.5
2005-10-11,1.41563,1.42056,1.40647,1.40773,472702.2
2005-10-12,1.40738,1.41171,1.40254,1.4073,477705.4
2005-10-13,1.40725,1.42353,1.40118,1.41906,493915.1
2005-10-14,1.41902,1.43473,1.41633,1.43231,487985.4
2005-10-15,1.43231,1.43231,1.43231,1.43231,0.0
2005-10-16,1.43231,1.43259,1.42781,1.42908,9409.2
2005-10-17,1.4288,1.43454,1.41413,1.41639,490168.4
2005-10-18,1.41613,1.41962,1.40322,1.40514,459441.6
2005-10-19,1.40473,1.41224,1.40174,1.40908,516301.9
2005-10-20,1.40881,1.41671,1.40069,1.41613,493883.0
2005-10-21,1.41607,1.42287,1.41244,1.41859,449816.5
2005-10-22,1.41859,1.41859,1.41859,1.41859,0.0
2005-10-23,1.41859,1.41923,1.41366,1.41429,9545.2
2005-10-24,1.41421,1.42758,1.41306,1.41876,454059.1
2005-10-25,1.41821,1.42695,1.41539,1.42306,497494.3
2005-10-26,1.42278,1.42664,1.4081,1.41057,473060.7
2005-10-27,1.41019,1.42345,1.40761,1.42144,494542.3
2005-10-28,1.42095,1.42566,1.41533,1.41886,454086.4
2005-10-29,1.41886,1.41886,1.41886,1.41886,0.0
2005-10-30,1.41886,1.42087,1.4179,1.42066,6469.8
2005-10-31,1.42031,1.42178,1.40908,1.41674,457065.7
2005-11-01,1.41668,1.42103,1.40771,1.41395,497952.3
2005-11-02,1.41343,1.42499,1.41142,1.4231,471024.6
2005-11-03,1.423,1.42446,1.40891,1.41115,450421.3
2005-11-04,1.41056,1.41357,1.38877,1.39605,453913.0
2005-11-05,1.39605,1.39605,1.39605,1.39605,0.0
2005-11-06,1.39605,1.39908,1.39598,1.39809,6591.1
2005-11-07,1.39769,1.40425,1.39416,1.39909,467493.7
2005-11-08,1.39846,1.40523,1.39248,1.39621,478274.8
2005-11-09,1.39545,1.40166,1.3903,1.3965,456866.4
2005-11-10,1.39603,1.39823,1.3878,1.38917,459101.1
2005-11-11,1.3891,1.39557,1.38799,1.39417,458435.2
2005-11-12,1.39417,1.39417,1.39417,1.39417,0.0
2005-11-13,1.39417,1.39452,1.39417,1.39452,0.0
2005-11-14,1.39432,1.40301,1.39205,1.39539,479232.8
2005-11-15,1.39501,1.39905,1.39095,1.39837,475503.4
2005-11-16,1.39815,1.39971,1.38912,1.3926,595556.0
2005-11-17,1.392,1.39557,1.38657,1.39516,514231.5
2005-11-18,1.3947,1.40098,1.38584,1.39867,551281.8
2005-11-19,1.39867,1.39867,1.39867,1.39867,0.0
2005-11-20,1.39867,1.40029,1.3975,1.39919,10705.8
2005-11-21,1.39894,1.40622,1.3843,1.38649,511486.6
2005-11-22,1.38637,1.38933,1.37866,1.38619,545955.5
2005-11-23,1.38582,1.39077,1.37932,1.38328,536350.3
2005-11-24,1.38299,1.38666,1.37748,1.37952,531045.4
2005-11-25,1.37897,1.38143,1.36687,1.36919,513699.1
2005-11-26,1.36919,1.36919,1.36919,1.36919,0.0
2005-11-27,1.36919,1.36923,1.36602,1.36793,8797.8
2005-11-28,1.36764,1.38731,1.36459,1.38264,521641.2
2005-11-29,1.38245,1.38642,1.3717,1.37529,516501.5
2005-11-30,1.37494,1.37827,1.36946,1.37588,553195.8
2005-12-01,1.37559,1.37637,1.36334,1.36723,503478.5
2005-12-02,1.36694,1.36841,1.3565,1.36128,523559.1
2005-12-03,1.36128,1.36128,1.36128,1.36128,0.0
2005-12-04,1.36128,1.36128,1.35677,1.35946,9536.2
2005-12-05,1.35948,1.36781,1.35661,1.36305,572128.7
2005-12-06,1.36298,1.36567,1.35712,1.36471,545096.5
2005-12-07,1.36411,1.36477,1.35407,1.35823,547703.9
2005-12-08,1.35753,1.37283,1.35558,1.36853,504991.5
2005-12-09,1.36813,1.37156,1.36383,1.36583,530427.4
2005-12-10,1.36583,1.36583,1.36583,1.36583,0.0
2005-12-11,1.36583,1.36608,1.36077,1.36493,9923.7
2005-12-12,1.36431,1.37974,1.36311,1.37487,528665.9
2005-12-13,1.37454,1.37844,1.37092,1.3728,529400.3
2005-12-14,1.37268,1.38831,1.37174,1.37805,473258.1
2005-12-15,1.37779,1.39237,1.37712,1.38499,516152.7
2005-12-16,1.38484,1.3929,1.38092,1.3911,549448.9
2005-12-17,1.3911,1.3911,1.3911,1.3911,0.0
2005-12-18,1.3911,1.39621,1.375,1.39577,9287.8
2005-12-19,1.39566,1.40452,1.38946,1.40369,549528.2
2005-12-20,1.40323,1.40424,1.38792,1.3918,540159.3
2005-12-21,1.39155,1.39414,1.3773,1.37962,498967.3
2005-12-22,1.37885,1.38885,1.37714,1.38496,528372.7
2005-12-23,1.38472,1.3866,1.37975,1.38325,509871.6
2005-12-24,1.38325,1.38325,1.38325,1.38325,0.0
2005-12-25,1.38325,1.38345,1.38325,1.38345,0.0
2005-12-26,1.38345,1.38345,1.37899,1.38054,6732.0
2005-12-27,1.38047,1.39205,1.3795,1.39121,530070.6
2005-12-28,1.3909,1.39586,1.37517,1.38,492271.2
2005-12-29,1.3792,1.38506,1.37624,1.37926,528630.1
2005-12-30,1.37894,1.38238,1.37049,1.37576,467129.0
2005-12-31,1.37576,1.37576,1.37576,1.37576,0.0
2006-01-01,1.37576,1.37621,1.37576,1.37621,0.0
2006-01-02,1.37621,1.37621,1.372,1.3758,6408.4
2006-01-03,1.37548,1.39134,1.37482,1.39077,525597.0
2006-01-04,1.39011,1.39598,1.38804,1.39093,505225.5
2006-01-05,1.39057,1.40888,1.38558,1.40651,541821.8
2006-01-06,1.40565,1.42045,1.40347,1.41545,494030.8
2006-01-07,1.41545,1.41545,1.41545,1.41545,0.0
2006-01-08,1.41545,1.41569,1.41313,1.41469,10856.3
2006-01-09,1.41416,1.41864,1.40838,1.40934,520208.1
2006-01-10,1.40909,1.4154,1.40054,1.40258,535245.2
2006-01-11,1.40211,1.41041,1.40083,1.40577,529337.6
2006-01-12,1.40567,1.40844,1.39592,1.39736,526260.3
2006-01-13,1.39763,1.40982,1.39504,1.40816,517691.7
2006-01-14,1.40816,1.40816,1.40816,1.40816,0.0
2006-01-15,1.40816,1.41111,1.4068,1.41009,6595.6
2006-01-16,1.40972,1.41088,1.40019,1.40212,519491.5
2006-01-17,1.40142,1.40949,1.39628,1.40608,543248.1
2006-01-18,1.40552,1.42279,1.40147,1.41924,549030.2
2006-01-19,1.41895,1.42518,1.40357,1.40583,545765.6
2006-01-20,1.40553,1.40822,1.39206,1.39749,523641.9
2006-01-21,1.39749,1.39749,1.39749,1.39749,0.0
2006-01-22,1.39749,1.39783,1.39749,1.39783,0.0
2006-01-23,1.39783,1.41542,1.39783,1.41408,452241.1
2006-01-24,1.41378,1.42163,1.41012,1.41326,524107.5
2006-01-25,1.41295,1.4186,1.4053,1.40904,509441.2
2006-01-26,1.40863,1.41545,1.40154,1.40298,513924.3
2006-01-27,1.40273,1.40591,1.38706,1.38953,512262.1
2006-01-28,1.38953,1.38953,1.38953,1.38953,0.0
2006-01-29,1.38953,1.39094,1.38823,1.39071,9955.9
2006-01-30,1.39043,1.39187,1.37851,1.38431,488555.3
2006-01-31,1.38379,1.39283,1.38067,1.38274,494050.0
2006-02-01,1.38266,1.38658,1.3732,1.37652,489652.3
2006-02-02,1.37584,1.38583,1.37393,1.3826,505634.9
2006-02-03,1.38193,1.3859,1.37418,1.37517,488823.3
2006-02-04,1.37517,1.37517,1.37517,1.37517,0.0
2006-02-05,1.37517,1.37608,1.37208,1.37398,8974.8
2006-02-06,1.37326,1.37741,1.36801,1.37056,528918.5
2006-02-07,1.36997,1.38361,1.36939,1.38233,505841.8
2006-02-08,1.38202,1.38312,1.37002,1.37599,516869.2
2006-02-09,1.37529,1.37782,1.36731,1.37461,530768.0
2006-02-10,1.37471,1.3811,1.36541,1.37097,484501.3
2006-02-11,1.37097,1.37146,1.37097,1.37146,0.0
2006-02-12,1.37146,1.37291,1.37066,1.37228,9055.4
2006-02-13,1.37195,1.37665,1.3697,1.37528,511971.6
2006-02-14,1.37475,1.37962,1.36947,1.3744,505111.9
2006-02-15,1.37387,1.37882,1.36909,1.37538,510277.5
2006-02-16,1.37499,1.37868,1.37208,1.37698,506292.0
2006-02-17,1.37678,1.37723,1.36721,1.37244,487812.1
2006-02-18,1.37244,1.37244,1.37244,1.37244,0.0
2006-02-19,1.37244,1.37423,1.36963,1.37374,8951.7
2006-02-20,1.37349,1.37725,1.36682,1.36858,499311.1
2006-02-21,1.36843,1.36941,1.36177,1.36705,506839.5
2006-02-22,1.36659,1.37026,1.36193,1.36784,478737.7
2006-02-23,1.36773,1.37665,1.36529,1.37352,495241.0
2006-02-24,1.37346,1.37488,1.36176,1.36346,486830.5
2006-02-25,1.36346,1.36346,1.36346,1.36346,0.0
2006-02-26,1.36346,1.36411,1.35965,1.36078,8173.1
2006-02-27,1.36059,1.36405,1.34909,1.35002,479479.7
2006-02-28,1.34975,1.35803,1.34864,1.35605,531905.7
2006-03-01,1.35542,1.36236,1.34889,1.35271,539888.4
2006-03-02,1.35239,1.36286,1.35046,1.36233,551132.1
2006-03-03,1.36199,1.36711,1.35746,1.36554,550491.9
2006-03-04,1.36554,1.36554,1.36554,1.36554,0.0
2006-03-05,1.36554,1.37115,1.36442,1.3699,10437.1
2006-03-06,1.37011,1.37232,1.36425,1.36901,474144.7
2006-03-07,1.36867,1.36985,1.35931,1.36596,561507.1
2006-03-08,1.36585,1.38154,1.36389,1.37881,530363.6
2006-03-09,1.37838,1.38461,1.37511,1.38156,527560.5
2006-03-10,1.38123,1.38676,1.37764,1.38107,528650.9
2006-03-11,1.38107,1.38107,1.38107,1.38107,0.0
2006-03-12,1.38107,1.38313,1.37938,1.38313,9097.6
2006-03-13,1.38281,1.38767,1.38184,1.38457,474844.1
2006-03-14,1.38449,1.39111,1.38244,1.38999,569385.1
2006-03-15,1.38941,1.39517,1.38675,1.39325,508171.6
2006-03-16,1.39262,1.40501,1.38951,1.40328,564701.1
2006-03-17,1.40316,1.4137,1.4018,1.4113,524342.1
2006-03-18,1.4113,1.4113,1.4113,1.4113,0.0
2006-03-19,1.4113,1.41222,1.40925,1.4115,9012.8
2006-03-20,1.41089,1.42224,1.40685,1.41022,594853.9
2006-03-21,1.40973,1.4147,1.40323,1.40737,560889.4
2006-03-22,1.40671,1.41481,1.40481,1.40743,522749.2
2006-03-23,1.40716,1.40914,1.39203,1.39473,579839.4
2006-03-24,1.39441,1.40627,1.39338,1.40468,538505.1
2006-03-25,1.40468,1.40508,1.40468,1.40508,0.0
2006-03-26,1.40508,1.40513,1.40179,1.40366,9051.5
2006-03-27,1.40318,1.41042,1.40129,1.40387,556315.8
2006-03-28,1.40326,1.41382,1.39986,1.40418,527341.3
2006-03-29,1.40369,1.41096,1.40192,1.40881,528137.0
2006-03-30,1.40856,1.41222,1.40119,1.41005,534852.2
2006-03-31,1.40958,1.41713,1.40392,1.41477,549445.1
2006-04-01,1.41477,1.41477,1.41477,1.41477,0.0
2006-04-02,1.41477,1.41602,1.41277,1.41443,9837.9
2006-04-03,1.4139,1.42457,1.40672,1.42233,525982.4
2006-04-04,1.42213,1.43594,1.41985,1.42529,509838.2
2006-04-05,1.42521,1.42914,1.42223,1.42667,518853.4
2006-04-06,1.42602,1.42954,1.40555,1.40826,541930.8
2006-04-07,1.40796,1.41014,1.38661,1.38979,549390.6
2006-04-08,1.38979,1.38979,1.38979,1.38979,0.0
2006-04-09,1.38979,1.39136,1.3876,1.3888,10953.8
2006-04-10,1.38884,1.3916,1.38437,1.38959,520664.7
2006-04-11,1.38947,1.39297,1.3851,1.39024,520210.0
2006-04-12,1.38998,1.39313,1.38352,1.39034,502365.5
2006-04-13,1.3897,1.3962,1.38517,1.39357,503205.3
2006-04-14,1.39322,1.39441,1.38997,1.39357,466739.6
2006-04-15,1.39357,1.39357,1.39357,1.39357,0.0
2006-04-16,1.39357,1.39773,1.39357,1.39492,9958.4
2006-04-17,1.39434,1.40638,1.39395,1.40447,517698.4
2006-04-18,1.40414,1.41075,1.39893,1.40905,511197.3
2006-04-19,1.40873,1.40939,1.39961,1.40493,473925.1
2006-04-20,1.4046,1.4067,1.3987,1.40152,521777.3
2006-04-21,1.40123,1.4057,1.39821,1.40239,521967.7
2006-04-22,1.40239,1.40239,1.40239,1.40239,0.0
2006-04-23,1.40239,1.40567,1.4021,1.40449,6815.4
2006-04-24,1.40449,1.41005,1.40104,1.40785,520611.6
2006-04-25,1.4077,1.41384,1.40101,1.40461,529697.0
2006-04-26,1.40423,1.40729,1.3983,1.4034,489538.5
2006-04-27,1.40269,1.40894,1.39956,1.40788,564962.5
2006-04-28,1.40736,1.41599,1.4053,1.41015,519046.1
2006-04-29,1.41015,1.41015,1.41015,1.41015,0.0
2006-04-30,1.41015,1.41076,1.40797,1.40976,11116.2
2006-05-01,1.40929,1.41524,1.39779,1.39994,509234.5
2006-05-02,1.3997,1.40475,1.39238,1.39331,534344.7
2006-05-03,1.39307,1.40071,1.39043,1.40023,514270.5
2006-05-04,1.39966,1.40939,1.39714,1.40732,513454.3
2006-05-05,1.40683,1.41304,1.40394,1.40554,511679.9
2006-05-06,1.40554,1.40554,1.40554,1.40554,0.0
2006-05-07,1.40554,1.40954,1.40548,1.40794,11307.2
2006-05-08,1.40739,1.41671,1.40471,1.41231,570114.0
2006-05-09,1.41203,1.41656,1.4,1.40271,533562.7
2006-05-10,1.40242,1.41079,1.40141,1.40873,552742.1
2006-05-11,1.4085,1.41624,1.40106,1.41464,503422.0
2006-05-12,1.41443,1.43405,1.41236,1.43405,471464.8
2006-05-13,1.43405,1.43405,1.43405,1.43405,0.0
2006-05-14,1.43405,1.43717,1.43237,1.43474,15855.4
2006-05-15,1.43398,1.4376,1.42127,1.42569,490147.5
2006-05-16,1.42493,1.43161,1.42101,1.42242,465380.6
2006-05-17,1.42169,1.42639,1.41265,1.42122,476750.8
2006-05-18,1.42081,1.44008,1.41738,1.43689,461099.5
2006-05-19,1.43676,1.43882,1.42646,1.42707,481271.5
2006-05-20,1.42707,1.42707,1.42707,1.42707,0.0
2006-05-21,1.42707,1.43101,1.42389,1.43071,15514.2
2006-05-22,1.43031,1.43887,1.4264,1.43312,493688.5
2006-05-23,1.43309,1.44239,1.42715,1.43691,476620.0
2006-05-24,1.43693,1.44482,1.42637,1.43164,505882.7
2006-05-25,1.43098,1.43244,1.41178,1.41787,466547.5
2006-05-26,1.41768,1.42166,1.40624,1.40924,455749.0
2006-05-27,1.40924,1.40924,1.40924,1.40924,0.0
2006-05-28,1.40924,1.4096,1.40212,1.40855,15747.1
2006-05-29,1.40826,1.41246,1.40569,1.40761,462756.2
2006-05-30,1.4069,1.41853,1.40641,1.41399,524912.8
2006-05-31,1.41376,1.41613,1.40642,1.41059,487416.9
2006-06-01,1.41031,1.41573,1.40631,1.4126,510228.7
2006-06-02,1.41206,1.4228,1.40971,1.42125,480053.1
2006-06-03,1.42125,1.42125,1.42125,1.42125,0.0
2006-06-04,1.42125,1.42523,1.42039,1.42476,15511.6
2006-06-05,1.42462,1.42989,1.42139,1.42604,491334.7
2006-06-06,1.42576,1.43221,1.42434,1.42673,511045.8
2006-06-07,1.42662,1.42894,1.41996,1.42251,494244.5
2006-06-08,1.42217,1.42801,1.41498,1.41708,563876.8
2006-06-09,1.41687,1.41994,1.39572,1.39636,502480.4
2006-06-10,1.39636,1.39636,1.39636,1.39636,0.0
2006-06-11,1.39636,1.39711,1.39244,1.39496,15286.5
2006-06-12,1.39466,1.39769,1.37913,1.3804,486215.0
2006-06-13,1.38038,1.39732,1.37921,1.39633,497131.3
2006-06-14,1.39562,1.40555,1.3932,1.40354,506830.3
2006-06-15,1.40318,1.41133,1.40139,1.40521,474907.4
2006-06-16,1.40458,1.4205,1.40277,1.41871,480297.3
2006-06-17,1.41871,1.41871,1.41871,1.41871,0.0
2006-06-18,1.41871,1.41955,1.41664,1.41865,15389.5
2006-06-19,1.41849,1.41876,1.40562,1.40981,462478.8
2006-06-20,1.4092,1.41259,1.40069,1.40636,507715.7
2006-06-21,1.40626,1.40839,1.39604,1.40244,469267.5
2006-06-22,1.40217,1.40868,1.39601,1.40719,496125.6
2006-06-23,1.40708,1.41067,1.4007,1.40321,493579.2
2006-06-24,1.40321,1.40321,1.40321,1.40321,0.0
2006-06-25,1.40321,1.40416,1.39784,1.4038,15455.8
2006-06-26,1.40308,1.41621,1.40108,1.41432,488113.2
2006-06-27,1.41391,1.41463,1.40654,1.41163,480620.6
2006-06-28,1.41105,1.41383,1.40511,1.4091,473974.6
2006-06-29,1.40844,1.40994,1.39231,1.4048,516003.8
2006-06-30,1.40464,1.42844,1.40368,1.42671,525496.5
2006-07-01,1.42671,1.42671,1.42671,1.42671,0.0
2006-07-02,1.42671,1.43033,1.4243,1.42609,11273.3
2006-07-03,1.42606,1.42764,1.41755,1.42294,519544.8
2006-07-04,1.42262,1.42608,1.41325,1.41772,563667.7
2006-07-05,1.41742,1.41779,1.40958,1.41528,554639.9
2006-07-06,1.41469,1.42272,1.41208,1.41996,534455.4
2006-07-07,1.41983,1.42788,1.41197,1.42576,538331.9
2006-07-08,1.42576,1.42576,1.42576,1.42576,0.0
2006-07-09,1.42576,1.42871,1.42576,1.42794,9602.7
2006-07-10,1.42744,1.43598,1.4233,1.43061,579500.3
2006-07-11,1.43034,1.447,1.4288,1.44392,584035.3
2006-07-12,1.44377,1.44732,1.43452,1.43979,563546.4
2006-07-13,1.43903,1.44269,1.43201,1.4352,588543.1
2006-07-14,1.4351,1.43558,1.42325,1.42689,540375.5
2006-07-15,1.42689,1.42689,1.42689,1.42689,0.0
2006-07-16,1.42689,1.42689,1.4234,1.42537,11245.9
2006-07-17,1.42474,1.42688,1.41116,1.42149,525208.7
2006-07-18,1.42133,1.42434,1.41387,1.41952,510001.1
2006-07-19,1.41917,1.43089,1.41097,1.42788,539409.8
2006-07-20,1.4273,1.43467,1.42654,1.43156,580040.8
2006-07-21,1.43129,1.4451,1.42655,1.44343,514384.5
2006-07-22,1.44343,1.44343,1.44343,1.44343,0.0
2006-07-23,1.44343,1.44588,1.44053,1.44426,12451.2
2006-07-24,1.4434,1.4471,1.43699,1.44145,509545.8
2006-07-25,1.44099,1.44334,1.43255,1.43487,473915.3
2006-07-26,1.43464,1.44461,1.42886,1.44352,552793.4
2006-07-27,1.44295,1.44589,1.43368,1.44051,534507.4
2006-07-28,1.44002,1.44407,1.4299,1.44379,596940.6
2006-07-29,1.44379,1.44379,1.44379,1.44379,0.0
2006-07-30,1.44379,1.4442,1.43947,1.44282,11188.4
2006-07-31,1.44216,1.44601,1.43195,1.44333,619247.4
2006-08-01,1.4429,1.45125,1.43887,1.45069,557660.4
2006-08-02,1.4506,1.451,1.43814,1.4405,508944.6
2006-08-03,1.44003,1.44448,1.43246,1.43846,557719.6
2006-08-04,1.43774,1.45815,1.43586,1.45053,546050.0
2006-08-05,1.45053,1.45053,1.45053,1.45053,0.0
2006-08-06,1.45053,1.45215,1.44909,1.45063,11139.0
2006-08-07,1.45053,1.45091,1.4314,1.43475,473194.6
2006-08-08,1.43477,1.44418,1.43288,1.43802,540722.7
2006-08-09,1.43736,1.444,1.43522,1.44136,497365.4
2006-08-10,1.44103,1.44633,1.42646,1.44014,510644.8
2006-08-11,1.43951,1.4412,1.42374,1.43012,491819.8
2006-08-12,1.43012,1.43012,1.43012,1.43012,0.0
2006-08-13,1.43012,1.43224,1.42677,1.43125,11523.8
2006-08-14,1.43071,1.43552,1.42724,1.43387,538970.3
2006-08-15,1.43343,1.44185,1.43225,1.4351,520241.5
2006-08-16,1.43506,1.43826,1.43021,1.43798,512196.5
2006-08-17,1.43717,1.44127,1.43403,1.44035,521827.7
2006-08-18,1.44001,1.44417,1.43548,1.44278,477298.1
2006-08-19,1.44278,1.44278,1.44278,1.44278,0.0
2006-08-20,1.44278,1.4445,1.43761,1.44423,14206.8
2006-08-21,1.44358,1.4471,1.43764,1.43901,518458.1
2006-08-22,1.43856,1.44173,1.42607,1.42754,485397.9
2006-08-23,1.42727,1.42987,1.41516,1.42056,508525.2
2006-08-24,1.42002,1.42519,1.41413,1.41561,526283.4
2006-08-25,1.41529,1.41701,1.40946,1.41431,514768.0
2006-08-26,1.41431,1.41431,1.41431,1.41431,0.0
2006-08-27,1.41431,1.41578,1.41254,1.41422,11419.6
2006-08-28,1.41385,1.4228,1.41284,1.42228,522690.9
2006-08-29,1.42156,1.42381,1.41429,1.42126,524689.0
2006-08-30,1.42067,1.42568,1.41657,1.42339,475787.2
2006-08-31,1.4229,1.42745,1.41229,1.41406,475686.5
2006-09-01,1.41382,1.41948,1.40974,1.41722,463085.2
2006-09-02,1.41722,1.41722,1.41722,1.41722,0.0
2006-09-03,1.41722,1.42088,1.4165,1.41976,10577.8
2006-09-04,1.41959,1.425,1.41835,1.42305,491748.8
2006-09-05,1.42234,1.42748,1.41966,1.42385,415263.1
2006-09-06,1.4237,1.4259,1.41084,1.417,469844.5
2006-09-07,1.41651,1.41864,1.40534,1.41276,469479.2
2006-09-08,1.4121,1.4204,1.41019,1.4199,439652.2
2006-09-09,1.4199,1.4199,1.4199,1.4199,0.0
2006-09-10,1.4199,1.42058,1.41755,1.41944,11288.5
2006-09-11,1.41897,1.42556,1.41653,1.42416,468961.1
2006-09-12,1.42358,1.42605,1.41489,1.41962,458681.7
2006-09-13,1.41929,1.42455,1.41725,1.42067,454734.9
2006-09-14,1.42023,1.4249,1.41352,1.42231,454485.5
2006-09-15,1.42179,1.42414,1.41213,1.41532,441959.4
2006-09-16,1.41532,1.41532,1.41532,1.41532,0.0
2006-09-17,1.41532,1.41532,1.41024,1.41347,13981.2
2006-09-18,1.41328,1.42217,1.4123,1.41995,464216.9
2006-09-19,1.41938,1.43059,1.41481,1.4295,461704.3
2006-09-20,1.42937,1.43288,1.42573,1.43172,458397.3
2006-09-21,1.43134,1.43444,1.42298,1.43191,455435.2
2006-09-22,1.4316,1.43328,1.42443,1.42751,437304.6
2006-09-23,1.42751,1.42751,1.42751,1.42751,0.0
2006-09-24,1.42751,1.42966,1.42652,1.42875,10791.2
2006-09-25,1.42838,1.43177,1.42049,1.4238,450048.2
2006-09-26,1.42307,1.42433,1.41035,1.41335,471787.1
2006-09-27,1.41287,1.41744,1.40858,1.41283,451318.0
2006-09-28,1.41266,1.41532,1.40718,1.41058,465835.0
2006-09-29,1.41064,1.41874,1.40704,1.40742,443593.9
2006-09-30,1.40742,1.40742,1.40742,1.40742,0.0
2006-10-01,1.40742,1.41837,1.40689,1.41691,14741.8
2006-10-02,1.41667,1.42416,1.41385,1.42162,460871.6
2006-10-03,1.42126,1.42903,1.4198,1.42834,458343.1
2006-10-04,1.42799,1.43343,1.42552,1.42939,463279.1
2006-10-05,1.42922,1.43319,1.4262,1.43031,451432.6
2006-10-06,1.43001,1.43047,1.41583,1.41714,436227.5
2006-10-07,1.41714,1.41714,1.41714,1.41714,0.0
2006-10-08,1.41714,1.41874,1.41542,1.41827,9491.1
2006-10-09,1.41779,1.41928,1.41169,1.41469,444620.0
2006-10-10,1.41435,1.42111,1.41234,1.42024,464718.3
2006-10-11,1.42002,1.42635,1.41868,1.42495,454183.5
2006-10-12,1.42484,1.42646,1.42133,1.42398,458007.1
2006-10-13,1.42365,1.42634,1.41917,1.42284,444838.2
2006-10-14,1.42284,1.42284,1.42284,1.42284,0.0
2006-10-15,1.42284,1.42297,1.41964,1.42037,13029.4
2006-10-16,1.42025,1.42557,1.41933,1.42489,449715.9
2006-10-17,1.42461,1.43143,1.42108,1.42925,465364.2
2006-10-18,1.42876,1.43202,1.42109,1.42396,456025.4
2006-10-19,1.42377,1.42919,1.42052,1.4247,459916.6
2006-10-20,1.42398,1.42617,1.41411,1.41842,451935.7
2006-10-21,1.41842,1.41842,1.41842,1.41842,0.0
2006-10-22,1.41842,1.41983,1.41604,1.41941,11853.9
2006-10-23,1.41906,1.41982,1.41189,1.41566,453231.2
2006-10-24,1.41505,1.41918,1.41214,1.41534,447545.2
2006-10-25,1.41533,1.41991,1.41345,1.41686,503080.5
2006-10-26,1.41652,1.43146,1.41555,1.42477,456188.4
2006-10-27,1.42443,1.42815,1.42185,1.42586,449817.4
2006-10-28,1.42586,1.42586,1.42586,1.42586,0.0
2006-10-29,1.42586,1.42586,1.42304,1.42423,7534.0
2006-10-30,1.4242,1.43363,1.42166,1.43081,463803.9
2006-10-31,1.4308,1.43507,1.42732,1.43153,454072.8
2006-11-01,1.43086,1.44794,1.42976,1.444,447837.9
2006-11-02,1.44346,1.45233,1.44037,1.44761,456732.0
2006-11-03,1.44698,1.45017,1.43225,1.43544,431093.2
2006-11-04,1.43544,1.43544,1.43544,1.43544,0.0
2006-11-05,1.43544,1.43619,1.43417,1.43551,8191.7
2006-11-06,1.43543,1.4426,1.43441,1.43744,462167.2
2006-11-07,1.43719,1.44544,1.43455,1.44326,459262.9
2006-11-08,1.44326,1.44687,1.43792,1.44032,443877.0
2006-11-09,1.43957,1.45135,1.43865,1.44778,463381.8
2006-11-10,1.4472,1.45609,1.44645,1.45305,467536.0
2006-11-11,1.45305,1.45305,1.45305,1.45305,0.0
2006-11-12,1.45305,1.45345,1.45115,1.45241,8671.3
2006-11-13,1.4523,1.45955,1.45104,1.45724,459906.7
2006-11-14,1.45641,1.46353,1.45512,1.45728,468390.2
2006-11-15,1.45683,1.46254,1.45482,1.46003,473666.1
2006-11-16,1.45988,1.46228,1.45574,1.46071,467735.4
2006-11-17,1.46043,1.47176,1.4576,1.47055,461197.5
2006-11-18,1.47055,1.47055,1.47055,1.47055,0.0
2006-11-19,1.47055,1.47055,1.4685,1.46919,8694.3
2006-11-20,1.46846,1.47172,1.46624,1.46832,465955.9
2006-11-21,1.46805,1.4736,1.46652,1.47135,459174.9
2006-11-22,1.4712,1.47831,1.4676,1.47731,471864.6
2006-11-23,1.47702,1.48018,1.47478,1.47852,469865.9
2006-11-24,1.47857,1.48906,1.47575,1.48449,470623.0
2006-11-25,1.48449,1.48449,1.48449,1.48449,0.0
2006-11-26,1.48449,1.49048,1.48392,1.49026,8249.2
2006-11-27,1.48952,1.49039,1.48258,1.48752,467275.6
2006-11-28,1.48669,1.49376,1.48403,1.49136,476223.8
2006-11-29,1.49078,1.49929,1.49014,1.49717,478287.6
2006-11-30,1.49638,1.51526,1.49522,1.5122,483579.6
2006-12-01,1.5123,1.52742,1.50706,1.52604,453122.6
2006-12-02,1.52604,1.52604,1.52604,1.52604,0.0
2006-12-03,1.52604,1.5286,1.52474,1.52622,8577.7
2006-12-04,1.52563,1.52816,1.51747,1.52045,481784.1
2006-12-05,1.5204,1.5232,1.5158,1.52118,481529.5
2006-12-06,1.52107,1.52745,1.51432,1.52449,495958.3
2006-12-07,1.52421,1.52953,1.52207,1.52709,469396.1
2006-12-08,1.5268,1.53344,1.51465,1.51647,469552.4
2006-12-09,1.51647,1.51647,1.51647,1.51647,0.0
2006-12-10,1.51647,1.51647,1.51246,1.51471,7734.4
2006-12-11,1.51434,1.52152,1.50871,1.52049,483385.2
2006-12-12,1.51992,1.53125,1.51547,1.52987,466899.0
2006-12-13,1.52974,1.53036,1.52211,1.52715,464077.0
2006-12-14,1.52705,1.53138,1.51847,1.52172,470460.5
2006-12-15,1.5208,1.52311,1.512,1.51397,476974.2
2006-12-16,1.51397,1.51397,1.51397,1.51397,0.0
2006-12-17,1.51397,1.51477,1.51308,1.51431,8178.8
2006-12-18,1.51407,1.51773,1.50899,1.51468,471084.1
2006-12-19,1.51465,1.52494,1.51048,1.52041,470053.8
2006-12-20,1.52022,1.52613,1.50895,1.51246,462106.5
2006-12-21,1.5125,1.52245,1.51126,1.52224,458134.8
2006-12-22,1.52214,1.52611,1.51667,1.51933,448716.9
2006-12-23,1.51933,1.51933,1.51933,1.51933,0.0
2006-12-24,1.51933,1.51998,1.51933,1.51998,0.0
2006-12-25,1.51998,1.51998,1.51998,1.51998,0.0
2006-12-26,1.51998,1.52347,1.51819,1.52229,266449.6
2006-12-27,1.52197,1.53168,1.51939,1.5238,449615.5
2006-12-28,1.52336,1.529,1.52084,1.52466,460027.2
2006-12-29,1.52429,1.53953,1.52295,1.53703,433947.2
2006-12-30,1.53703,1.53703,1.53703,1.53703,0.0
2006-12-31,1.53703,1.53726,1.53703,1.53726,0.0
2007-01-01,1.53726,1.53726,1.53726,1.53726,0.0
2007-01-02,1.53726,1.54904,1.53499,1.54583,236344.2
2007-01-03,1.54553,1.55012,1.5388,1.54396,467930.2
2007-01-04,1.5435,1.54443,1.5347,1.54088,472288.7
2007-01-05,1.54038,1.54269,1.52248,1.52437,440858.3
2007-01-06,1.52437,1.52437,1.52437,1.52437,0.0
2007-01-07,1.52437,1.52654,1.52437,1.52579,8361.3
2007-01-08,1.52558,1.53441,1.52284,1.5304,464580.0
2007-01-09,1.53027,1.5353,1.52701,1.52823,467855.6
2007-01-10,1.52797,1.5312,1.51698,1.51867,461720.9
2007-01-11,1.51804,1.53141,1.51458,1.51848,462425.1
2007-01-12,1.51793,1.5204,1.5081,1.5117,465749.3
2007-01-13,1.5117,1.5117,1.5117,1.5117,0.0
2007-01-14,1.5117,1.59086,1.5088,1.51046,7907.1
2007-01-15,1.51008,1.51412,1.50679,1.51103,461069.1
2007-01-16,1.51032,1.52114,1.5082,1.51903,465138.1
2007-01-17,1.51837,1.5223,1.515,1.51637,464096.3
2007-01-18,1.51581,1.52408,1.51523,1.52097,474762.4
2007-01-19,1.52064,1.52705,1.51489,1.51903,463036.2
2007-01-20,1.51903,1.51903,1.51903,1.51903,0.0
2007-01-21,1.51903,1.51984,1.51709,1.51951,5944.2
2007-01-22,1.51928,1.53186,1.51812,1.52923,461874.7
2007-01-23,1.52897,1.54333,1.52653,1.53737,476037.1
2007-01-24,1.53675,1.53985,1.52485,1.52764,476053.1
2007-01-25,1.52735,1.53184,1.52065,1.53064,478009.2
2007-01-26,1.52987,1.53115,1.52013,1.52299,457438.8
2007-01-27,1.52299,1.52299,1.52299,1.52299,0.0
2007-01-28,1.52299,1.52437,1.52199,1.52405,7730.3
2007-01-29,1.52355,1.53264,1.52139,1.53205,469005.2
2007-01-30,1.53195,1.53492,1.52725,1.52834,464604.4
2007-01-31,1.52776,1.53774,1.52435,1.53018,468368.1
2007-02-01,1.53031,1.53633,1.52872,1.53459,472769.7
2007-02-02,1.53411,1.54461,1.53266,1.53393,460898.6
2007-02-03,1.53393,1.53393,1.53393,1.53393,0.0
2007-02-04,1.53393,1.53501,1.53276,1.5346,8478.6
2007-02-05,1.53418,1.53653,1.52587,1.52725,467574.3
2007-02-06,1.52676,1.53555,1.52636,1.53446,455401.5
2007-02-07,1.53412,1.54354,1.53227,1.54258,470761.6
2007-02-08,1.54229,1.54737,1.53828,1.54185,458071.5
2007-02-09,1.54147,1.54325,1.52244,1.52378,454328.6
2007-02-10,1.52378,1.52378,1.52378,1.52378,0.0
2007-02-11,1.52378,1.52433,1.52378,1.52433,0.0
2007-02-12,1.52433,1.52477,1.51585,1.52328,86038.5
2007-02-13,1.52254,1.52728,1.51863,1.52118,464688.5
2007-02-14,1.52061,1.53267,1.51955,1.53138,481084.8
2007-02-15,1.5309,1.5334,1.52547,1.52724,471859.1
2007-02-16,1.52674,1.53026,1.52351,1.52691,452986.2
2007-02-17,1.52691,1.52691,1.52691,1.52691,0.0
2007-02-18,1.52691,1.53197,1.52691,1.52991,7786.0
2007-02-19,1.52966,1.53216,1.52681,1.53127,449049.5
2007-02-20,1.53083,1.53926,1.52935,1.53802,466548.2
2007-02-21,1.53765,1.54041,1.52222,1.52422,480050.8
2007-02-22,1.5236,1.5257,1.51693,1.52444,501103.7
2007-02-23,1.52433,1.52731,1.51839,1.52602,461740.1
2007-02-24,1.52602,1.52602,1.52602,1.52602,0.0
2007-02-25,1.52602,1.52805,1.52542,1.52656,8249.2
2007-02-26,1.5259,1.53163,1.52228,1.53037,480919.5
2007-02-27,1.5303,1.54586,1.52678,1.5438,470567.0
2007-02-28,1.54375,1.54935,1.53754,1.54746,470880.3
2007-03-01,1.54732,1.55351,1.54112,1.54422,481319.1
2007-03-02,1.54398,1.55323,1.54069,1.55238,475079.9
2007-03-03,1.55238,1.58843,1.55238,1.58741,1101.5
2007-03-04,1.58741,1.58741,1.55099,1.552,8889.6
2007-03-05,1.55114,1.5535,1.54184,1.54446,473991.6
2007-03-06,1.54442,1.54832,1.53632,1.544,474445.7
2007-03-07,1.54379,1.55317,1.54027,1.55158,472936.3
2007-03-08,1.55146,1.55243,1.54642,1.54968,477831.6
2007-03-09,1.54934,1.55242,1.53312,1.5368,464380.7
2007-03-10,1.5368,1.5368,1.5368,1.5368,0.0
2007-03-11,1.5368,1.53813,1.5351,1.53798,8651.9
2007-03-12,1.53732,1.54618,1.53468,1.54395,473628.2
2007-03-13,1.54387,1.55161,1.53771,1.54738,460830.9
2007-03-14,1.54727,1.5589,1.54504,1.55565,470541.1
2007-03-15,1.55516,1.56195,1.5497,1.56101,486892.2
2007-03-16,1.56078,1.56636,1.55942,1.56487,474113.4
2007-03-17,1.56487,1.56487,1.56487,1.56487,0.0
2007-03-18,1.56487,1.5676,1.56209,1.5658,28251.9
2007-03-19,1.56591,1.56821,1.55954,1.56623,470065.3
2007-03-20,1.56567,1.56762,1.54323,1.54455,491537.0
2007-03-21,1.54375,1.54985,1.53829,1.54882,481837.0
2007-03-22,1.54844,1.54974,1.54044,1.54312,482832.2
2007-03-23,1.54305,1.54456,1.53843,1.54112,477894.9
2007-03-24,1.54112,1.54112,1.54112,1.54112,0.0
2007-03-25,1.54112,1.54273,1.53881,1.54069,24264.7
2007-03-26,1.54088,1.55106,1.53882,1.54718,252126.9
2007-03-27,1.5474,1.5482,1.5396,1.5427,252123.9
2007-03-28,1.54311,1.549,1.54103,1.54243,251865.0
2007-03-29,1.54262,1.54847,1.54126,1.54385,252367.1
2007-03-30,1.54385,1.54597,1.53044,1.53962,243268.2
2007-03-31,1.53962,1.53962,1.53962,1.53962,0.0
2007-04-01,1.54037,1.54247,1.5376,1.53811,46026.7
2007-04-02,1.53796,1.5466,1.53599,1.54507,251837.6
2007-04-03,1.54499,1.54792,1.54255,1.54322,253354.4
2007-04-04,1.54293,1.55004,1.54132,1.54946,251850.0
2007-04-05,1.54938,1.5502,1.53964,1.54516,252147.7
2007-04-06,1.54504,1.5464,1.53673,1.53872,246581.4
2007-04-07,1.53872,1.53872,1.53872,1.53872,0.0
2007-04-08,1.5399,1.54067,1.53733,1.53815,10286.1
2007-04-09,1.53822,1.54061,1.53652,1.53929,253021.6
2007-04-10,1.53947,1.54635,1.53803,1.54021,252726.4
2007-04-11,1.54026,1.5415,1.52793,1.53157,252535.7
2007-04-12,1.53176,1.53644,1.527,1.52973,254808.1
2007-04-13,1.52972,1.54015,1.52902,1.53912,241123.6
2007-04-14,1.53912,1.53912,1.53912,1.53912,0.0
2007-04-15,1.53781,1.54277,1.53753,1.54083,25380.6
2007-04-16,1.54086,1.54153,1.53019,1.53114,253020.0
2007-04-17,1.53103,1.53607,1.53052,1.53521,253053.1
2007-04-18,1.53496,1.54059,1.53014,1.536,253967.1
2007-04-19,1.53592,1.53931,1.526,1.53768,253120.5
2007-04-20,1.53758,1.53852,1.52464,1.526,248328.3
2007-04-21,1.526,1.526,1.526,1.526,0.0
2007-04-22,1.52625,1.52763,1.52562,1.52662,11339.2
2007-04-23,1.52656,1.52806,1.52029,1.52365,253105.5
2007-04-24,1.5237,1.53092,1.51781,1.529,253281.3
2007-04-25,1.52906,1.53259,1.51828,1.5207,252557.8
2007-04-26,1.52078,1.52634,1.51907,1.52494,252228.9
2007-04-27,1.52501,1.52668,1.51846,1.52252,242021.9
2007-04-28,1.52252,1.52252,1.52252,1.52252,0.0
2007-04-29,1.5234,1.52395,1.51912,1.52113,38279.2
2007-04-30,1.52114,1.52361,1.50754,1.51417,252818.0
2007-05-01,1.51407,1.51586,1.50494,1.5119,252794.7
2007-05-02,1.51175,1.5131,1.50293,1.50702,253936.6
2007-05-03,1.50692,1.50918,1.49855,1.50071,253723.6
2007-05-04,1.50066,1.5055,1.49597,1.503,246730.9
2007-05-05,1.503,1.503,1.503,1.503,0.0
2007-05-06,1.5044,1.50565,1.50227,1.50398,10510.0
2007-05-07,1.50398,1.50661,1.49715,1.49844,254024.4
2007-05-08,1.49851,1.49996,1.49268,1.49622,254029.7
2007-05-09,1.4963,1.50216,1.49301,1.49581,255683.2
2007-05-10,1.49589,1.50175,1.49351,1.49772,253919.3
2007-05-11,1.49792,1.50767,1.49482,1.50192,244343.5
2007-05-12,1.50192,1.50192,1.50192,1.50192,0.0
2007-05-13,1.50198,1.50473,1.50125,1.50401,30118.3
2007-05-14,1.504,1.50614,1.49622,1.49819,254218.0
2007-05-15,1.49817,1.49924,1.4869,1.4934,254497.3
2007-05-16,1.49335,1.49687,1.49022,1.4908,254886.6
2007-05-17,1.49068,1.49553,1.47929,1.48405,252012.8
2007-05-18,1.48396,1.48431,1.4684,1.47,250396.8
2007-05-19,1.47,1.47,1.47,1.47,0.0
2007-05-20,1.46995,1.47404,1.46935,1.47339,11048.0
2007-05-21,1.47341,1.47341,1.45785,1.46024,254636.2
2007-05-22,1.46028,1.46284,1.45676,1.46214,253291.0
2007-05-23,1.46224,1.4643,1.4554,1.45724,254328.2
2007-05-24,1.4573,1.4584,1.45107,1.45615,254562.3
2007-05-25,1.45622,1.45961,1.44982,1.45152,242291.3
2007-05-26,1.45152,1.45152,1.45152,1.45152,0.0
2007-05-27,1.45175,1.45229,1.45024,1.45186,30906.2
2007-05-28,1.45177,1.45473,1.45107,1.45223,253460.0
2007-05-29,1.45213,1.46228,1.44204,1.44429,255570.0
2007-05-30,1.44428,1.44513,1.43524,1.44135,255014.0
2007-05-31,1.44141,1.44307,1.43574,1.43886,255397.4
2007-06-01,1.43877,1.44053,1.4237,1.4254,249574.8
2007-06-02,1.4254,1.4254,1.4254,1.4254,0.0
2007-06-03,1.42615,1.42682,1.4247,1.42642,10746.1
2007-06-04,1.42644,1.42857,1.41969,1.42784,255535.1
2007-06-05,1.42779,1.43855,1.42626,1.43538,255423.0
2007-06-06,1.43554,1.43716,1.42607,1.42881,254856.4
2007-06-07,1.42895,1.43229,1.42358,1.42473,254829.5
2007-06-08,1.42484,1.42835,1.41505,1.41702,242997.6
2007-06-09,1.41702,1.41702,1.41702,1.41702,0.0
2007-06-10,1.4184,1.41938,1.41673,1.41866,33891.0
2007-06-11,1.41882,1.41932,1.41318,1.41414,255147.1
2007-06-12,1.41428,1.42054,1.41375,1.41919,254625.1
2007-06-13,1.41926,1.42565,1.41656,1.42051,254220.8
2007-06-14,1.42063,1.42274,1.41656,1.42073,255286.7
2007-06-15,1.42108,1.42955,1.41319,1.42822,243258.9
2007-06-16,1.42822,1.42822,1.42822,1.42822,0.0
2007-06-17,1.4284,1.42977,1.42633,1.42788,31648.4
2007-06-18,1.42786,1.44142,1.42607,1.43657,254786.2
2007-06-19,1.43649,1.43897,1.42444,1.42617,254521.6
2007-06-20,1.42607,1.43468,1.4249,1.42925,254090.2
2007-06-21,1.4291,1.44017,1.42447,1.43747,252145.3
2007-06-22,1.43741,1.44265,1.43257,1.4393,248619.0
2007-06-23,1.4393,1.4393,1.4393,1.4393,0.0
2007-06-24,1.43858,1.44069,1.43685,1.43839,11223.6
2007-06-25,1.43832,1.44414,1.43747,1.44118,254826.7
2007-06-26,1.44123,1.4436,1.43673,1.43966,257001.0
2007-06-27,1.43977,1.44171,1.43702,1.43949,256243.4
2007-06-28,1.43965,1.44013,1.42074,1.42382,257109.5
2007-06-29,1.4239,1.44258,1.41314,1.44142,244607.3
2007-06-30,1.44142,1.44142,1.44142,1.44142,0.0
2007-07-01,1.44063,1.44172,1.43771,1.43855,36015.7
2007-07-02,1.43865,1.44145,1.43405,1.43865,254671.3
2007-07-03,1.4388,1.44618,1.43547,1.44347,255012.6
2007-07-04,1.44355,1.44379,1.43723,1.44006,253597.2
2007-07-05,1.44004,1.44473,1.43437,1.43617,254784.7
2007-07-06,1.43629,1.43656,1.42577,1.42912,243395.1
2007-07-07,1.42912,1.42912,1.42912,1.42912,0.0
2007-07-08,1.42962,1.43037,1.42757,1.42803,34646.1
2007-07-09,1.42805,1.43079,1.42334,1.42951,255640.0
2007-07-10,1.42938,1.45399,1.42727,1.44842,254395.3
2007-07-11,1.44832,1.45926,1.44688,1.44954,256255.6
2007-07-12,1.44929,1.45118,1.43975,1.44086,254281.8
2007-07-13,1.44078,1.44791,1.43911,1.4453,249566.6
2007-07-14,1.4453,1.4453,1.4453,1.4453,0.0
2007-07-15,1.4435,1.445,1.44211,1.44318,11403.4
2007-07-16,1.44311,1.44448,1.4351,1.43738,255882.9
2007-07-17,1.43735,1.44036,1.43604,1.43877,257863.6
2007-07-18,1.43889,1.44397,1.43574,1.44113,256357.7
2007-07-19,1.44126,1.44462,1.43843,1.43915,256955.2
2007-07-20,1.43927,1.45064,1.43772,1.44792,247307.2
2007-07-21,1.44792,1.44792,1.44792,1.44792,0.0
2007-07-22,1.44642,1.45225,1.4464,1.44957,49156.6
2007-07-23,1.44961,1.44978,1.4388,1.44413,254270.0
2007-07-24,1.4442,1.44727,1.42934,1.43277,256033.7
2007-07-25,1.4328,1.43366,1.42436,1.42845,255975.8
2007-07-26,1.4286,1.45248,1.42692,1.44805,258120.2
2007-07-27,1.44794,1.45615,1.43761,1.45122,245987.8
2007-07-28,1.45122,1.45122,1.45122,1.45122,0.0
2007-07-29,1.45034,1.4526,1.44777,1.45138,48346.2
2007-07-30,1.4514,1.46443,1.44969,1.4611,257103.9
2007-07-31,1.46105,1.46284,1.45047,1.45871,257518.7
2007-08-01,1.45846,1.46057,1.44141,1.44481,258920.1
2007-08-02,1.4447,1.4479,1.43646,1.44389,256981.6
2007-08-03,1.44387,1.45625,1.44144,1.4558,252499.1
2007-08-04,1.4558,1.4558,1.4558,1.4558,0.0
2007-08-05,1.45509,1.4624,1.45399,1.4603,12083.3
2007-08-06,1.46023,1.46272,1.44588,1.45213,257533.8
2007-08-07,1.4523,1.4578,1.44706,1.44902,256830.0
2007-08-08,1.44907,1.45119,1.44447,1.44609,255860.9
2007-08-09,1.44617,1.45348,1.44217,1.44516,255996.7
2007-08-10,1.44528,1.45098,1.43897,1.44065,246126.6
2007-08-11,1.44065,1.44065,1.44065,1.44065,0.0
2007-08-12,1.4419,1.44338,1.44075,1.4425,42448.7
2007-08-13,1.44248,1.44544,1.42928,1.43654,255797.3
2007-08-14,1.43657,1.4465,1.43361,1.44611,256511.1
2007-08-15,1.44622,1.45416,1.44441,1.45105,255093.9
2007-08-16,1.45097,1.45485,1.43284,1.44616,257031.2
2007-08-17,1.44606,1.45015,1.42501,1.4279,242925.2
2007-08-18,1.4279,1.4279,1.4279,1.4279,0.0
2007-08-19,1.4292,1.43219,1.42582,1.4309,34810.1
2007-08-20,1.43078,1.43283,1.41979,1.42192,256187.8
2007-08-21,1.42181,1.4344,1.42127,1.43362,253851.7
2007-08-22,1.4336,1.4401,1.42611,1.43495,255943.9
2007-08-23,1.43496,1.43816,1.42128,1.42977,254800.8
2007-08-24,1.42967,1.4397,1.42648,1.4388,247618.5
2007-08-25,1.4388,1.4388,1.4388,1.4388,0.0
2007-08-26,1.43815,1.43962,1.43569,1.43583,11059.3
2007-08-27,1.43581,1.43927,1.43016,1.43903,254898.9
2007-08-28,1.43902,1.44918,1.43747,1.4476,254837.5
2007-08-29,1.44786,1.45202,1.44118,1.45,255575.8
2007-08-30,1.45026,1.45321,1.43841,1.44317,254700.2
2007-08-31,1.44319,1.44627,1.43598,1.4381,243189.5
2007-09-01,1.4381,1.4381,1.4381,1.4381,0.0
2007-09-02,1.43845,1.44019,1.43667,1.43754,46805.9
2007-09-03,1.43763,1.43823,1.43104,1.43283,255101.8
2007-09-04,1.43298,1.43692,1.42568,1.42876,252556.6
2007-09-05,1.42882,1.43919,1.42585,1.43809,253070.5
2007-09-06,1.43816,1.44519,1.43485,1.4403,255145.3
2007-09-07,1.44037,1.45525,1.43495,1.45175,242987.8
2007-09-08,1.45175,1.45175,1.45175,1.45175,0.0
2007-09-09,1.4512,1.45643,1.45101,1.45523,43128.5
2007-09-10,1.45515,1.45929,1.4494,1.45121,254235.9
2007-09-11,1.45116,1.45204,1.43869,1.4424,253713.4
2007-09-12,1.44238,1.44717,1.43808,1.44139,255064.0
2007-09-13,1.44138,1.44198,1.43122,1.43567,253480.6
2007-09-14,1.43563,1.4371,1.4245,1.4294,246903.3
2007-09-15,1.4294,1.4294,1.4294,1.4294,0.0
2007-09-16,1.4261,1.43015,1.426,1.42872,11545.9
2007-09-17,1.42861,1.42972,1.42025,1.42541,253034.1
2007-09-18,1.42515,1.42591,1.41422,1.41718,254131.3
2007-09-19,1.41697,1.42117,1.40882,1.41569,255178.0
2007-09-20,1.41562,1.42244,1.40326,1.40725,253109.9
2007-09-21,1.40704,1.41337,1.40086,1.4095,248020.7
2007-09-22,1.4095,1.4095,1.4095,1.4095,0.0
2007-09-23,1.4091,1.41018,1.40567,1.40674,10220.5
2007-09-24,1.40698,1.41433,1.40515,1.41126,254306.5
2007-09-25,1.41116,1.42179,1.41063,1.41999,253582.9
2007-09-26,1.41966,1.42598,1.41664,1.4197,253309.3
2007-09-27,1.4195,1.42115,1.41352,1.41768,253236.3
2007-09-28,1.41759,1.41915,1.4102,1.4155,247493.5
2007-09-29,1.4155,1.4155,1.4155,1.4155,0.0
2007-09-30,1.41348,1.41943,1.4134,1.4161,11665.0
2007-10-01,1.41607,1.41895,1.40982,1.41191,253392.8
2007-10-02,1.412,1.41687,1.40974,1.41287,253858.6
2007-10-03,1.41296,1.41519,1.40513,1.40786,251952.0
2007-10-04,1.40799,1.41264,1.40539,1.40887,252683.2
2007-10-05,1.40893,1.41009,1.38407,1.38562,243021.4
2007-10-06,1.38562,1.38562,1.38562,1.38562,0.0
2007-10-07,1.38575,1.39015,1.38478,1.38836,43210.9
2007-10-08,1.38869,1.38913,1.38274,1.38543,253020.1
2007-10-09,1.38551,1.38876,1.38075,1.38523,254447.8
2007-10-10,1.38533,1.39256,1.38212,1.38754,251330.9
2007-10-11,1.38763,1.39161,1.38317,1.38517,252601.4
2007-10-12,1.38523,1.38982,1.37462,1.37492,242703.4
2007-10-13,1.37492,1.37492,1.37492,1.37492,0.0
2007-10-14,1.37788,1.37902,1.37522,1.37774,34269.0
2007-10-15,1.37801,1.38845,1.37724,1.38563,251990.0
2007-10-16,1.38558,1.38952,1.38206,1.38639,253215.0
2007-10-17,1.38654,1.39229,1.38189,1.38522,252359.1
2007-10-18,1.38536,1.39717,1.38301,1.39148,251526.3
2007-10-19,1.39167,1.39388,1.37277,1.38152,241010.7
2007-10-20,1.38152,1.38152,1.38152,1.38152,0.0
2007-10-21,1.3819,1.38939,1.38147,1.38772,62034.0
2007-10-22,1.38785,1.39491,1.38298,1.38666,252742.9
2007-10-23,1.38631,1.38678,1.3715,1.37732,251200.8
2007-10-24,1.37725,1.38414,1.37494,1.38222,251921.4
2007-10-25,1.38204,1.38546,1.37711,1.3836,252118.2
2007-10-26,1.38359,1.38559,1.37768,1.3841,249539.8
2007-10-27,1.3841,1.3841,1.3841,1.3841,0.0
2007-10-28,1.38404,1.38707,1.38329,1.38419,13347.6
2007-10-29,1.38405,1.38515,1.37206,1.37434,250552.7
2007-10-30,1.37416,1.37848,1.37267,1.37639,251282.7
2007-10-31,1.37648,1.38138,1.36359,1.36995,250835.1
2007-11-01,1.36987,1.37343,1.35982,1.37109,251571.3
2007-11-02,1.37103,1.37287,1.35025,1.3542,246359.0
2007-11-03,1.3542,1.3542,1.3542,1.3542,0.0
2007-11-04,1.35503,1.35905,1.35401,1.35726,12745.4
2007-11-05,1.35718,1.35848,1.34601,1.35038,252933.4
2007-11-06,1.35039,1.35233,1.33387,1.33757,252387.6
2007-11-07,1.33742,1.37407,1.3286,1.36482,249767.1
2007-11-08,1.36456,1.37708,1.35422,1.37165,251767.5
2007-11-09,1.37144,1.38678,1.36089,1.38545,246946.1
2007-11-10,1.38545,1.38545,1.38545,1.38545,0.0
2007-11-11,1.38638,1.3886,1.38177,1.38435,12879.7
2007-11-12,1.38457,1.41211,1.38134,1.40809,251639.6
2007-11-13,1.40805,1.40947,1.39046,1.39967,252855.5
2007-11-14,1.3997,1.41745,1.39711,1.41429,252052.2
2007-11-15,1.41447,1.44427,1.40962,1.44008,252461.6
2007-11-16,1.4402,1.4437,1.42265,1.42463,244629.3
2007-11-17,1.42463,1.42463,1.42463,1.42463,0.0
2007-11-18,1.42735,1.43409,1.4261,1.42993,30638.9
2007-11-19,1.43005,1.44446,1.41956,1.44285,250137.1
2007-11-20,1.44287,1.45769,1.43595,1.45502,251417.6
2007-11-21,1.45521,1.47063,1.45052,1.46625,252309.8
2007-11-22,1.46647,1.46686,1.45473,1.46237,251755.7
2007-11-23,1.46257,1.46999,1.45775,1.46533,247195.6
2007-11-24,1.46533,1.46533,1.46533,1.46533,0.0
2007-11-25,1.46358,1.46565,1.45972,1.46176,32516.6
2007-11-26,1.46201,1.47441,1.45553,1.47004,252485.0
2007-11-27,1.47008,1.48438,1.46057,1.47685,252391.9
2007-11-28,1.47697,1.4789,1.4567,1.46412,251597.0
2007-11-29,1.46407,1.47486,1.44996,1.47067,251813.0
2007-11-30,1.47074,1.47591,1.45975,1.46203,246903.7
2007-12-01,1.46203,1.46203,1.46203,1.46203,0.0
2007-12-02,1.46246,1.46403,1.4604,1.46356,48026.4
2007-12-03,1.46352,1.47232,1.46192,1.46635,251552.1
2007-12-04,1.46644,1.49794,1.46478,1.49362,251305.4
2007-12-05,1.49373,1.50286,1.47568,1.47597,252175.7
2007-12-06,1.47633,1.48564,1.47313,1.47807,251614.6
2007-12-07,1.47784,1.48477,1.4649,1.4732,248501.2
2007-12-08,1.4732,1.4732,1.4732,1.4732,0.0
2007-12-09,1.47099,1.47439,1.46998,1.47324,11417.9
2007-12-10,1.47322,1.48852,1.46908,1.47959,251301.8
2007-12-11,1.47941,1.49256,1.47534,1.48354,252010.7
2007-12-12,1.48339,1.49482,1.47813,1.48783,251698.6
2007-12-13,1.48791,1.49456,1.48291,1.49085,251403.6
2007-12-14,1.49089,1.49132,1.46149,1.46745,248259.5
2007-12-15,1.46745,1.46745,1.46745,1.46745,0.0
2007-12-16,1.46517,1.46796,1.46097,1.46755,12223.8
2007-12-17,1.46748,1.47086,1.44091,1.44913,251184.5
2007-12-18,1.44907,1.45972,1.43976,1.44956,251225.0
2007-12-19,1.44919,1.45251,1.43749,1.44119,252059.3
2007-12-20,1.44104,1.4423,1.42511,1.43311,252401.5
2007-12-21,1.43315,1.43829,1.42236,1.42482,245535.5
2007-12-22,1.42482,1.42482,1.42482,1.42482,0.0
2007-12-23,1.4241,1.42693,1.42356,1.42609,8986.8
2007-12-24,1.42611,1.42818,1.41417,1.41713,251180.4
2007-12-25,1.41781,1.42001,1.4156,1.41785,175447.7
2007-12-26,1.41828,1.42625,1.41748,1.4189,251426.8
2007-12-27,1.41931,1.43602,1.41913,1.43211,253038.3
2007-12-28,1.43244,1.44578,1.43041,1.44468,246927.0
2007-12-29,1.44468,1.44468,1.44468,1.44468,0.0
2007-12-30,1.44368,1.44496,1.43925,1.444,26254.3
2007-12-31,1.44451,1.4566,1.43762,1.45655,244443.3
2008-01-01,1.45605,1.45655,1.44128,1.45066,133573.8
2008-01-02,1.45119,1.46864,1.44457,1.46259,253583.0
2008-01-03,1.46299,1.47093,1.45501,1.45737,253637.8
2008-01-04,1.45764,1.48231,1.44733,1.47773,245343.1
2008-01-05,1.47773,1.47773,1.47773,1.47773,0.0
2008-01-06,1.4782,1.47943,1.4742,1.47423,25953.1
2008-01-07,1.47472,1.4802,1.46687,1.47584,253764.9
2008-01-08,1.47622,1.48128,1.46672,1.47685,252122.7
2008-01-09,1.47723,1.48294,1.47257,1.47958,252660.3
2008-01-10,1.48007,1.49837,1.47447,1.49239,252917.5
2008-01-11,1.49285,1.51074,1.4893,1.5058,246245.6
2008-01-12,1.5058,1.5058,1.5058,1.5058,0.0
2008-01-13,1.50675,1.51034,1.50465,1.50785,29772.6
2008-01-14,1.50782,1.51879,1.50591,1.51233,253270.6
2008-01-15,1.51188,1.51659,1.50404,1.50663,253848.9
2008-01-16,1.50631,1.51957,1.49659,1.49921,254571.3
2008-01-17,1.49875,1.51384,1.48784,1.50645,252786.8
2008-01-18,1.50619,1.50795,1.49869,1.50077,249207.6
2008-01-19,1.50077,1.50077,1.50077,1.50077,0.0
2008-01-20,1.49856,1.5004,1.49659,1.49927,10739.9
2008-01-21,1.49876,1.49923,1.4871,1.49335,252330.4
2008-01-22,1.49297,1.50745,1.4863,1.5043,253229.9
2008-01-23,1.5038,1.50752,1.48867,1.49674,253919.9
2008-01-24,1.49608,1.49816,1.47751,1.48324,253280.6
2008-01-25,1.48291,1.48637,1.47261,1.47922,250900.5
2008-01-26,1.47922,1.47922,1.47922,1.47922,0.0
2008-01-27,1.4793,1.48344,1.47705,1.48147,9176.2
2008-01-28,1.48114,1.48964,1.47782,1.48531,254910.6
2008-01-29,1.48455,1.48612,1.46745,1.47431,254156.4
2008-01-30,1.47356,1.47938,1.46665,1.47558,252759.4
2008-01-31,1.47516,1.49549,1.4737,1.48813,253170.1
2008-02-01,1.48773,1.49376,1.46667,1.47315,250188.4
2008-02-02,1.47315,1.47315,1.47315,1.47315,0.0
2008-02-03,1.47005,1.47323,1.4695,1.47275,8251.7
2008-02-04,1.47288,1.48336,1.46947,1.47304,253318.9
2008-02-05,1.47347,1.47777,1.46515,1.47443,251702.1
2008-02-06,1.47486,1.47728,1.46599,1.47084,252727.2
2008-02-07,1.47123,1.47479,1.45793,1.46015,251852.6
2008-02-08,1.46053,1.46251,1.44096,1.44972,244683.7
2008-02-09,1.44972,1.44972,1.44972,1.44972,0.0
2008-02-10,1.4534,1.45375,1.44807,1.45138,31892.8
2008-02-11,1.45182,1.45773,1.44895,1.45286,252175.7
2008-02-12,1.45312,1.4612,1.44661,1.45838,251620.4
2008-02-13,1.45877,1.46036,1.45132,1.4519,250687.7
2008-02-14,1.45227,1.46472,1.4506,1.46381,251697.6
2008-02-15,1.46421,1.482,1.45514,1.47843,245718.2
2008-02-16,1.47843,1.47843,1.47843,1.47843,0.0
2008-02-17,1.47748,1.48201,1.47583,1.47891,32948.0
2008-02-18,1.47928,1.47942,1.47036,1.47545,252554.8
2008-02-19,1.47577,1.49836,1.47458,1.49509,251313.3
2008-02-20,1.49551,1.49742,1.48561,1.48989,252598.8
2008-02-21,1.49039,1.50023,1.48535,1.49757,250397.9
2008-02-22,1.49796,1.50698,1.49428,1.50203,243671.1
2008-02-23,1.50203,1.50203,1.50203,1.50203,0.0
2008-02-24,1.4999,1.50273,1.4983,1.50007,30016.6
2008-02-25,1.50005,1.50083,1.47444,1.47628,251929.6
2008-02-26,1.47586,1.48071,1.46408,1.47216,250785.5
2008-02-27,1.47172,1.48507,1.46769,1.48328,250981.5
2008-02-28,1.48289,1.48677,1.47374,1.48272,251058.5
2008-02-29,1.4821,1.5014,1.48055,1.49722,246425.9
2008-03-01,1.49722,1.49722,1.49722,1.49722,0.0
2008-03-02,1.49357,1.50102,1.49355,1.49546,9041.3
2008-03-03,1.49503,1.50831,1.49273,1.50263,251242.5
2008-03-04,1.50224,1.51774,1.49873,1.5115,250601.5
2008-03-05,1.511,1.51341,1.50128,1.50458,252199.7
2008-03-06,1.50402,1.51896,1.50397,1.51459,251460.9
2008-03-07,1.51415,1.52294,1.50163,1.52059,248275.4
2008-03-08,1.52059,1.52059,1.52059,1.52059,0.0
2008-03-09,1.5198,1.52434,1.51767,1.52308,9042.9
2008-03-10,1.5224,1.53351,1.51466,1.52721,251793.0
2008-03-11,1.52681,1.53712,1.51779,1.52077,251088.5
2008-03-12,1.52034,1.54116,1.5154,1.53878,250481.0
2008-03-13,1.53802,1.54295,1.52777,1.53744,251719.9
2008-03-14,1.53701,1.55154,1.53074,1.5483,246235.8
2008-03-15,1.5483,1.5483,1.5483,1.5483,0.0
2008-03-16,1.54955,1.55798,1.54695,1.55709,9158.6
2008-03-17,1.55671,1.57953,1.55161,1.56544,251113.8
2008-03-18,1.5658,1.57782,1.54532,1.54852,250247.6
2008-03-19,1.54884,1.58667,1.54804,1.58124,250019.0
2008-03-20,1.58181,1.59308,1.57636,1.57775,250816.6
2008-03-21,1.5779,1.58546,1.575,1.57802,240088.4
2008-03-22,1.57802,1.57802,1.57802,1.57802,0.0
2008-03-23,1.57878,1.58322,1.5775,1.57902,32289.9
2008-03-24,1.57943,1.58602,1.5617,1.57146,251097.9
2008-03-25,1.57201,1.59216,1.56833,1.58893,252660.6
2008-03-26,1.58912,1.61491,1.58496,1.61046,252006.8
2008-03-27,1.61081,1.61801,1.59902,1.60601,250977.6
2008-03-28,1.60648,1.61635,1.59897,1.61442,240879.3
2008-03-29,1.61442,1.61442,1.61442,1.61442,0.0
2008-03-30,1.61468,1.61654,1.61199,1.61237,35921.5
2008-03-31,1.61279,1.63205,1.60956,1.61623,251337.5
2008-04-01,1.61671,1.61711,1.59266,1.59705,252297.6
2008-04-02,1.59773,1.59812,1.58571,1.58859,251384.1
2008-04-03,1.58909,1.59163,1.57009,1.5723,251096.1
2008-04-04,1.57275,1.5894,1.57187,1.58608,239948.7
2008-04-05,1.58608,1.58608,1.58608,1.58608,0.0
2008-04-06,1.58691,1.58831,1.58275,1.58401,36458.1
2008-04-07,1.58425,1.59423,1.57083,1.59048,251159.1
2008-04-08,1.59013,1.60355,1.58831,1.59282,251395.6
2008-04-09,1.59244,1.61415,1.59006,1.61159,250298.3
2008-04-10,1.61118,1.6199,1.59869,1.60346,251094.0
2008-04-11,1.60312,1.62071,1.60122,1.61742,245911.4
2008-04-12,1.61742,1.61742,1.61742,1.61742,0.0
2008-04-13,1.61598,1.61706,1.60475,1.60892,11758.0
2008-04-14,1.60855,1.62531,1.60601,1.61343,249693.1
2008-04-15,1.61313,1.62304,1.60368,1.60626,250591.8
2008-04-16,1.60584,1.61073,1.59395,1.59558,250425.5
2008-04-17,1.59482,1.61414,1.58675,1.60699,251818.6
2008-04-18,1.60645,1.60738,1.57955,1.5881,244801.8
2008-04-19,1.5881,1.5881,1.5881,1.5881,0.0
2008-04-20,1.58812,1.59181,1.58639,1.59006,9655.2
2008-04-21,1.58944,1.60376,1.58585,1.60043,252146.5
2008-04-22,1.59976,1.61555,1.59656,1.61014,251489.3
2008-04-23,1.6097,1.62635,1.60511,1.6149,249323.2
2008-04-24,1.61437,1.61623,1.58479,1.59022,249411.5
2008-04-25,1.58976,1.59437,1.58173,1.584,246107.3
2008-04-26,1.584,1.584,1.584,1.584,0.0
2008-04-27,1.58403,1.58485,1.57634,1.57741,9798.4
2008-04-28,1.57724,1.5927,1.57174,1.58458,251113.9
2008-04-29,1.58489,1.58724,1.57334,1.576,253432.0
2008-04-30,1.57635,1.58119,1.5618,1.57328,250478.2
2008-05-01,1.57371,1.58076,1.56435,1.57508,252113.1
2008-05-02,1.57549,1.58046,1.56457,1.5712,239612.1
2008-05-03,1.5712,1.5712,1.5712,1.5712,0.0
2008-05-04,1.57155,1.57424,1.5694,1.57262,34326.6
2008-05-05,1.5732,1.5773,1.5671,1.56726,253150.4
2008-05-06,1.56759,1.57675,1.55287,1.55432,252191.9
2008-05-07,1.5545,1.55875,1.53924,1.55247,251130.6
2008-05-08,1.55332,1.5673,1.54467,1.56628,251234.7
2008-05-09,1.56678,1.56824,1.54987,1.55552,241527.7
2008-05-10,1.55552,1.55552,1.55552,1.55552,0.0
2008-05-11,1.55565,1.55755,1.55169,1.55556,38302.4
2008-05-12,1.55606,1.56254,1.55039,1.56072,252828.1
2008-05-13,1.56116,1.56624,1.54817,1.55211,251885.6
2008-05-14,1.55255,1.55395,1.53899,1.55273,253073.0
2008-05-15,1.55315,1.55771,1.54246,1.54601,252206.0
2008-05-16,1.54601,1.55999,1.5411,1.55562,240810.1
2008-05-17,1.55562,1.55562,1.55562,1.55562,0.0
2008-05-18,1.5564,1.5591,1.55529,1.55701,31267.8
2008-05-19,1.55698,1.5583,1.53562,1.54023,251907.4
2008-05-20,1.53979,1.55926,1.53716,1.55161,250854.8
2008-05-21,1.55119,1.55838,1.54659,1.55189,251249.3
2008-05-22,1.55155,1.5569,1.54605,1.54915,253463.6
2008-05-23,1.54872,1.56043,1.54827,1.5592,246262.8
2008-05-24,1.5592,1.5592,1.5592,1.5592,0.0
2008-05-25,1.55977,1.56048,1.55622,1.55775,10675.7
2008-05-26,1.55715,1.56575,1.55483,1.56324,252523.3
2008-05-27,1.56281,1.56519,1.55437,1.55922,252900.1
2008-05-28,1.55859,1.56582,1.54527,1.54776,251588.9
2008-05-29,1.54731,1.54966,1.52804,1.53562,251264.6
2008-05-30,1.53514,1.54882,1.53063,1.5446,246883.4
2008-05-31,1.5446,1.5446,1.5446,1.5446,0.0
2008-06-01,1.54492,1.55012,1.5433,1.54782,10894.0
2008-06-02,1.54739,1.56067,1.54251,1.55474,251686.1
2008-06-03,1.55436,1.56288,1.55138,1.55835,253361.3
2008-06-04,1.55798,1.5719,1.55623,1.56799,252678.4
2008-06-05,1.56779,1.58907,1.56175,1.58669,252211.9
2008-06-06,1.58625,1.60915,1.58329,1.6065,245810.9
2008-06-07,1.6065,1.6065,1.6065,1.6065,0.0
2008-06-08,1.60768,1.6092,1.60435,1.60562,9390.3
2008-06-09,1.60552,1.61435,1.59549,1.59911,252028.8
2008-06-10,1.59943,1.60337,1.57781,1.58016,253725.5
2008-06-11,1.58055,1.58783,1.574,1.58775,253171.2
2008-06-12,1.58714,1.58715,1.57223,1.5777,253254.0
2008-06-13,1.57812,1.5834,1.56881,1.58232,241055.9
2008-06-14,1.58232,1.58232,1.58232,1.58232,0.0
2008-06-15,1.58355,1.58658,1.5817,1.5825,34152.4
2008-06-16,1.58295,1.59138,1.57705,1.58236,253567.7
2008-06-17,1.58285,1.59138,1.57675,1.57849,253223.3
2008-06-18,1.57891,1.58301,1.57581,1.58073,252388.0
2008-06-19,1.58121,1.58574,1.5662,1.57349,252800.2
2008-06-20,1.57402,1.5931,1.57257,1.587,239854.9
2008-06-21,1.587,1.587,1.587,1.587,0.0
2008-06-22,1.586,1.589,1.58052,1.58081,35965.8
2008-06-23,1.58156,1.58642,1.5724,1.57533,253718.3
2008-06-24,1.5758,1.58377,1.57315,1.57568,253299.6
2008-06-25,1.57616,1.58437,1.57178,1.5808,252362.1
2008-06-26,1.58137,1.59781,1.579,1.59621,251761.2
2008-06-27,1.59664,1.59775,1.58168,1.59638,239802.9
2008-06-28,1.59638,1.59638,1.59638,1.59638,0.0
2008-06-29,1.5952,1.59578,1.59211,1.59376,34015.0
2008-06-30,1.59372,1.60889,1.59004,1.60762,252561.9
2008-07-01,1.60739,1.61734,1.60082,1.6133,253539.3
2008-07-02,1.61293,1.61792,1.60128,1.60698,253459.3
2008-07-03,1.60657,1.61543,1.59548,1.59789,254004.0
2008-07-04,1.59743,1.60177,1.59024,1.6013,247641.8
2008-07-05,1.6013,1.6013,1.6013,1.6013,0.0
2008-07-06,1.6012,1.60176,1.59687,1.59729,8821.6
2008-07-07,1.59726,1.60152,1.59005,1.60008,253611.7
2008-07-08,1.60055,1.60386,1.59404,1.59614,251951.8
2008-07-09,1.59655,1.60055,1.58775,1.58923,253338.0
2008-07-10,1.5897,1.59461,1.5863,1.59222,252066.9
2008-07-11,1.59267,1.61004,1.59139,1.6073,239369.3
2008-07-12,1.6073,1.6073,1.6073,1.6073,0.0
2008-07-13,1.60658,1.61021,1.60141,1.603,40980.0
2008-07-14,1.60339,1.60755,1.59304,1.59863,250712.3
2008-07-15,1.59903,1.60328,1.59057,1.59286,252748.7
2008-07-16,1.59331,1.59873,1.58196,1.58284,251804.5
2008-07-17,1.58327,1.5956,1.58303,1.5918,253714.6
2008-07-18,1.59224,1.59762,1.58627,1.59292,241199.1
2008-07-19,1.59292,1.59292,1.59292,1.59292,0.0
2008-07-20,1.59345,1.59462,1.59142,1.59378,43375.3
2008-07-21,1.59375,1.5986,1.58882,1.59247,252167.4
2008-07-22,1.59215,1.5978,1.58882,1.58982,253257.4
2008-07-23,1.58911,1.59387,1.58232,1.58535,251041.2
2008-07-24,1.58494,1.59304,1.57968,1.59073,252007.3
2008-07-25,1.59048,1.60195,1.58901,1.6013,247166.1
2008-07-26,1.6013,1.6013,1.6013,1.6013,0.0
2008-07-27,1.59982,1.60168,1.59766,1.59923,9100.3
2008-07-28,1.59963,1.61386,1.597,1.60847,251607.8
2008-07-29,1.60889,1.61211,1.59411,1.59554,250484.3
2008-07-30,1.59607,1.59681,1.59067,1.59412,251225.6
2008-07-31,1.59437,1.60932,1.59282,1.5944,251064.6
2008-08-01,1.59462,1.60106,1.59101,1.59695,238889.2
2008-08-02,1.59695,1.59695,1.59695,1.59695,0.0
2008-08-03,1.59745,1.60104,1.59561,1.59994,34505.3
2008-08-04,1.60033,1.61592,1.59839,1.61264,251444.3
2008-08-05,1.61309,1.6199,1.60993,1.61192,253330.7
2008-08-06,1.6124,1.61685,1.61163,1.61493,252165.1
2008-08-07,1.61547,1.62183,1.6103,1.61041,252554.7
2008-08-08,1.6107,1.61546,1.59557,1.59967,241001.3
2008-08-09,1.59967,1.59967,1.59967,1.59967,0.0
2008-08-10,1.60218,1.6023,1.59002,1.59311,34230.9
2008-08-11,1.59308,1.60451,1.59149,1.59402,251624.6
2008-08-12,1.59391,1.59603,1.58239,1.5884,250042.4
2008-08-13,1.58793,1.59527,1.57993,1.58245,250015.9
2008-08-14,1.58215,1.58506,1.57177,1.57422,252579.3
2008-08-15,1.57376,1.57778,1.55266,1.556,246662.1
2008-08-16,1.556,1.556,1.556,1.556,0.0
2008-08-17,1.55517,1.55742,1.551,1.55534,11128.3
2008-08-18,1.55532,1.56588,1.55445,1.56304,251044.8
2008-08-19,1.56357,1.57046,1.55881,1.5678,249760.2
2008-08-20,1.56811,1.57112,1.5568,1.56252,251653.4
2008-08-21,1.56306,1.56742,1.55245,1.55436,249885.8
2008-08-22,1.55495,1.55519,1.54376,1.54822,239026.1
2008-08-23,1.54822,1.54822,1.54822,1.54822,0.0
2008-08-24,1.54815,1.55105,1.54518,1.54647,24770.4
2008-08-25,1.54693,1.55243,1.54173,1.54715,252320.5
2008-08-26,1.54771,1.54895,1.52581,1.53507,249759.2
2008-08-27,1.53562,1.54271,1.53451,1.54168,252058.6
2008-08-28,1.54242,1.54912,1.54154,1.54516,251130.6
2008-08-29,1.5455,1.56194,1.54131,1.55993,238347.3
2008-08-30,1.55993,1.55993,1.55993,1.55993,0.0
2008-08-31,1.56005,1.56248,1.55676,1.56051,31012.7
2008-09-01,1.56048,1.56451,1.55494,1.55736,250762.4
2008-09-02,1.55687,1.5588,1.5462,1.54811,251842.7
2008-09-03,1.54786,1.55311,1.53269,1.53996,251477.4
2008-09-04,1.53957,1.54114,1.52163,1.52339,250992.4
2008-09-05,1.52288,1.52871,1.51009,1.5152,245841.4
2008-09-06,1.5152,1.5152,1.5152,1.5152,0.0
2008-09-07,1.51567,1.52194,1.51245,1.52006,7842.2
2008-09-08,1.5198,1.5239,1.50285,1.50498,250993.5
2008-09-09,1.50582,1.51613,1.49939,1.50846,251062.5
2008-09-10,1.50886,1.51289,1.49596,1.49632,252787.5
2008-09-11,1.49654,1.50753,1.49207,1.50419,249986.4
2008-09-12,1.505,1.51214,1.50059,1.50693,240423.0
2008-09-13,1.50693,1.50693,1.50693,1.50693,0.0
2008-09-14,1.50617,1.5251,1.506,1.52039,16862.1
2008-09-15,1.52076,1.53162,1.50887,1.52205,250821.3
2008-09-16,1.52213,1.53007,1.50785,1.51128,251965.5
2008-09-17,1.51191,1.53998,1.50829,1.53203,250788.5
2008-09-18,1.53224,1.54684,1.5141,1.51772,250771.9
2008-09-19,1.51818,1.52298,1.50199,1.51353,239784.3
2008-09-20,1.51353,1.51353,1.51353,1.51353,0.0
2008-09-21,1.51362,1.52006,1.51301,1.51733,21340.2
2008-09-22,1.51774,1.53512,1.51546,1.5285,249207.1
2008-09-23,1.52819,1.53229,1.51731,1.5199,433370.1
2008-09-24,1.5199,1.5229,1.5142,1.5196,349122.9
2008-09-25,1.5195,1.5294,1.5079,1.5141,382929.2
2008-09-26,1.5141,1.5169,1.5073,1.50933,362510.6
2008-09-27,1.50933,1.50933,1.50933,1.50933,0.0
2008-09-28,1.50877,1.51022,1.50115,1.5032,31049.1
2008-09-29,1.5032,1.5103,1.4868,1.5058,403052.3
2008-09-30,1.5053,1.51285,1.48615,1.4992,290998.9
2008-10-01,1.4992,1.5021,1.48235,1.4879,404016.5
2008-10-02,1.4879,1.4953,1.47405,1.4882,373134.5
2008-10-03,1.4882,1.49665,1.4854,1.491,478577.0
2008-10-04,1.491,1.491,1.491,1.491,0.0
2008-10-05,1.49222,1.49255,1.47555,1.4798,28506.0
2008-10-06,1.4798,1.4973,1.4725,1.487,583646.9
2008-10-07,1.487,1.511,1.4831,1.50135,463569.7
2008-10-08,1.5014,1.54092,1.4965,1.53335,5427653.0
2008-10-09,1.5334,1.569,1.5297,1.56395,6412201.2
2008-10-10,1.5641,1.61435,1.5607,1.5728,6391747.56
2008-10-11,1.573,1.573,1.573,1.573,1.4
2008-10-12,1.5855,1.59375,1.57563,1.58915,223269.1
2008-10-13,1.58925,1.60405,1.5547,1.5589,5034397.5
2008-10-14,1.55895,1.58875,1.5515,1.5809,5954899.0
2008-10-15,1.5809,1.6085,1.5707,1.6018,4930624.9
2008-10-16,1.60165,1.6118,1.5846,1.59515,6573564.8
2008-10-17,1.59505,1.6022,1.58309,1.58477,4663292.7
2008-10-18,1.58477,1.58477,1.58477,1.58477,0.0
2008-10-19,1.58523,1.5923,1.58367,1.59105,451478.8
2008-10-20,1.59115,1.5955,1.58045,1.58975,4895209.3
2008-10-21,1.5898,1.6038,1.5773,1.5793,5095561.9
2008-10-22,1.5796,1.6156,1.5653,1.6062,6067320.4
2008-10-23,1.6062,1.62975,1.6038,1.6099,5456317.5
2008-10-24,1.61005,1.62835,1.5777,1.6118,4774045.1
2008-10-25,1.6118,1.6118,1.6118,1.6118,0.0
2008-10-26,1.61207,1.6121,1.6007,1.60575,291343.7
2008-10-27,1.60585,1.62145,1.5883,1.61715,3500452.7
2008-10-28,1.6172,1.63445,1.59895,1.6239,283349.2
2008-10-29,1.6241,1.63665,1.5635,1.58325,298779.9
2008-10-30,1.58325,1.6034,1.54315,1.5513,369241.3
2008-10-31,1.5502,1.5709,1.52295,1.54262,307153.0
2008-11-01,1.54262,1.54262,1.54262,1.54262,0.0
2008-11-02,1.54085,1.5475,1.53845,1.545,7927.7
2008-11-03,1.5449,1.546,1.48409,1.48817,214108.44
2008-11-04,1.48782,1.50782,1.48391,1.4949,290003.92
2008-11-05,1.4949,1.5204,1.4822,1.5086,302647.36
2008-11-06,1.5086,1.5258,1.486,1.5189,288732.21
2008-11-07,1.51895,1.5353,1.4965,1.51123,243992.08
2008-11-08,1.51155,1.51155,1.51155,1.51155,1.2
2008-11-09,1.51022,1.51715,1.50743,1.516,6252.8
2008-11-10,1.51605,1.5299,1.5004,1.5219,181120.39
2008-11-11,1.5219,1.52625,1.5045,1.5107,137409.22
2008-11-12,1.5108,1.54975,1.50775,1.54155,162648.36
2008-11-13,1.54165,1.5634,1.5333,1.5495,164625.6
2008-11-14,1.5496,1.56575,1.53865,1.55515,176585.1
2008-11-15,1.55515,1.55515,1.55515,1.55515,0.0
2008-11-16,1.5562,1.5562,1.5479,1.5552,19208.5
2008-11-17,1.5552,1.5655,1.54205,1.55185,181628.7
2008-11-18,1.55205,1.56005,1.5418,1.5552,127044.6
2008-11-19,1.5551,1.577,1.5516,1.5667,168985.1
2008-11-20,1.56675,1.62085,1.56569,1.61095,171157.48
2008-11-21,1.6108,1.6222,1.59265,1.59408,204782.9
2008-11-22,1.59408,1.59408,1.59408,1.59408,0.0
2008-11-23,1.59465,1.60205,1.5939,1.6015,7869.4
2008-11-24,1.6016,1.61935,1.5721,1.5942,248797.9
2008-11-25,1.5942,1.60735,1.5819,1.5974,203260.38
2008-11-26,1.5977,1.60705,1.578,1.58505,171125.34
2008-11-27,1.58505,1.59955,1.57895,1.5906,121185.14
2008-11-28,1.5906,1.59885,1.5657,1.57225,137870.24
2008-11-29,1.57225,1.57225,1.57225,1.57225,0.0
2008-11-30,1.5692,1.5772,1.56785,1.57225,8245.5
2008-12-01,1.5725,1.5792,1.5554,1.5707,148135.54
2008-12-02,1.5707,1.5966,1.56715,1.5882,155243.66
2008-12-03,1.5882,1.59885,1.5804,1.5929,151826.5
2008-12-04,1.593,1.6359,1.58547,1.6286,183622.92
2008-12-05,1.6286,1.6482,1.6111,1.61603,175278.26
2008-12-06,1.61603,1.61603,1.61603,1.61603,0.0
2008-12-07,1.61579,1.6225,1.61183,1.6212,5730.1
2008-12-08,1.62155,1.6325,1.6045,1.6189,178725.64
2008-12-09,1.6189,1.63675,1.60825,1.6286,169694.24
2008-12-10,1.6285,1.64555,1.6218,1.63515,142252.38
2008-12-11,1.63545,1.65175,1.61575,1.6476,174929.4
2008-12-12,1.64775,1.6735,1.6386,1.66522,159021.68
2008-12-13,1.66522,1.66522,1.66522,1.66522,0.0
2008-12-14,1.66482,1.67415,1.66301,1.6708,7966.42
2008-12-15,1.67125,1.698,1.6516,1.69065,140778.98
2008-12-16,1.69085,1.7001,1.67865,1.6948,139225.5
2008-12-17,1.69485,1.7369,1.6807,1.7171,141213.0
2008-12-18,1.7172,1.7498,1.70115,1.7195,152653.02
2008-12-19,1.71955,1.74535,1.68693,1.68762,143385.9
2008-12-20,1.68762,1.68762,1.68762,1.68762,0.0
2008-12-21,1.6942,1.699,1.69055,1.6989,1817.2
2008-12-22,1.6986,1.7121,1.67465,1.70039,135833.74
2008-12-23,1.7006,1.7134,1.68515,1.6979,110245.5
2008-12-24,1.6979,1.7082,1.68675,1.70027,61277.56
2008-12-25,1.70065,1.70895,1.69813,1.7012,90748.1
2008-12-26,1.7012,1.7212,1.6991,1.7111,41693.82
2008-12-27,1.7111,1.7111,1.7111,1.7111,0.0
2008-12-28,1.7123,1.72115,1.71227,1.71355,5514.4
2008-12-29,1.71355,1.75075,1.6972,1.7093,114766.6
2008-12-30,1.7093,1.7497,1.7058,1.71625,106602.96
2008-12-31,1.7152,1.72325,1.6901,1.70412,79817.48
2009-01-01,1.69915,1.7148,1.69875,1.71095,44545.8
2009-01-02,1.711,1.7155,1.675,1.67847,94539.48
2009-01-03,1.67847,1.67847,1.67847,1.67847,0.0
2009-01-04,1.67875,1.6865,1.6723,1.6849,6877.4
2009-01-05,1.6849,1.6898,1.61145,1.6197,141933.74
2009-01-06,1.6197,1.62185,1.57515,1.5992,155161.86
2009-01-07,1.5992,1.63305,1.59245,1.62825,159698.96
2009-01-08,1.62845,1.64355,1.6143,1.6177,154155.12
2009-01-09,1.6179,1.63185,1.5912,1.59765,126612.82
2009-01-10,1.59765,1.59765,1.59765,1.59765,0.0
2009-01-11,1.59836,1.60215,1.59555,1.5967,10213.44
2009-01-12,1.5967,1.62985,1.5922,1.62495,166545.08
2009-01-13,1.62495,1.63395,1.61,1.61515,192329.32
2009-01-14,1.6152,1.64775,1.6095,1.64595,181642.32
2009-01-15,1.64595,1.6567,1.63265,1.64675,210882.92
2009-01-16,1.64685,1.66465,1.6347,1.64758,207479.18
2009-01-17,1.64758,1.64758,1.64758,1.64758,0.0
2009-01-18,1.65587,1.6594,1.65085,1.65445,13078.3
2009-01-19,1.65445,1.6585,1.63675,1.6406,132647.2
2009-01-20,1.6406,1.6425,1.62265,1.63025,175963.8
2009-01-21,1.63025,1.64595,1.62555,1.63755,187004.94
2009-01-22,1.63755,1.6494,1.62505,1.6285,189669.64
2009-01-23,1.6286,1.63125,1.59205,1.5958,156388.84
2009-01-24,1.5958,1.5958,1.5958,1.5958,0.0
2009-01-25,1.59835,1.59949,1.5894,1.59505,9740.2
2009-01-26,1.5952,1.61865,1.57605,1.6122,196615.18
2009-01-27,1.6123,1.62605,1.60885,1.6179,201293.3
2009-01-28,1.6179,1.6284,1.5908,1.59565,218793.04
2009-01-29,1.59565,1.60065,1.57655,1.5843,219872.68
2009-01-30,1.58425,1.59445,1.56525,1.57265,239129.74
2009-01-31,1.57265,1.57265,1.57265,1.57265,0.0
2009-02-01,1.57337,1.5734,1.56335,1.5654,13313.2
2009-02-02,1.5654,1.60285,1.5632,1.5961,256397.6
2009-02-03,1.5961,1.61105,1.59385,1.60335,215267.16
2009-02-04,1.6035,1.61102,1.57495,1.58195,223533.22
2009-02-05,1.582,1.58875,1.56895,1.57335,213833.74
2009-02-06,1.5733,1.6089,1.57317,1.57725,210850.5
2009-02-07,1.5774,1.5774,1.5774,1.5774,1.6
2009-02-08,1.5765,1.58447,1.57622,1.58365,15398.4
2009-02-09,1.58365,1.5981,1.57275,1.58,250469.1
2009-02-10,1.58,1.60775,1.5675,1.60265,260691.5
2009-02-11,1.6028,1.62395,1.5958,1.596,223616.16
2009-02-12,1.5963,1.6084,1.5865,1.60155,221457.6
2009-02-13,1.60165,1.60555,1.58225,1.58677,184918.6
2009-02-14,1.58677,1.58677,1.58677,1.58677,0.0
2009-02-15,1.59042,1.59213,1.58235,1.58795,11577.8
2009-02-16,1.588,1.5963,1.5821,1.5892,149219.8
2009-02-17,1.5892,1.60045,1.57815,1.5909,266301.8
2009-02-18,1.5909,1.5949,1.5765,1.58285,236018.6
2009-02-19,1.58285,1.5988,1.5784,1.5902,216603.0
2009-02-20,1.58995,1.6141,1.58295,1.604,225713.8
2009-02-21,1.604,1.604,1.604,1.604,0.0
2009-02-22,1.60195,1.60425,1.59898,1.6015,13228.6
2009-02-23,1.6017,1.6136,1.58385,1.58445,255417.5
2009-02-24,1.58485,1.60135,1.5799,1.5962,235826.9
2009-02-25,1.59645,1.6042,1.5903,1.59575,267631.9
2009-02-26,1.5958,1.60075,1.5821,1.5935,216336.2
2009-02-27,1.5935,1.61631,1.5874,1.61558,240157.2
2009-02-28,1.61558,1.61558,1.61558,1.61558,0.0
2009-03-01,1.61318,1.6141,1.60915,1.60995,18445.9
2009-03-02,1.61025,1.62675,1.60175,1.6206,241319.3
2009-03-03,1.6207,1.6367,1.6185,1.6208,258709.8
2009-03-04,1.6209,1.6222,1.60795,1.6122,260110.4
2009-03-05,1.61225,1.62015,1.6026,1.6161,237057.6
2009-03-06,1.6161,1.63375,1.6131,1.62878,239502.8
2009-03-07,1.62878,1.62878,1.62878,1.62878,0.0
2009-03-08,1.6267,1.6306,1.62495,1.6302,17341.9
2009-03-09,1.63045,1.64425,1.6238,1.63815,272542.5
2009-03-10,1.63815,1.6447,1.6215,1.62815,291173.6
2009-03-11,1.6282,1.6528,1.623,1.6508,247041.0
2009-03-12,1.65095,1.65605,1.6411,1.64965,268509.9
2009-03-13,1.6497,1.65455,1.63225,1.64345,220782.5
2009-03-14,1.64345,1.64345,1.64345,1.64345,0.0
2009-03-15,1.6427,1.64545,1.6373,1.64385,20693.9
2009-03-16,1.64405,1.6561,1.64035,1.64865,223271.8
2009-03-17,1.64865,1.65615,1.6461,1.65365,219401.7
2009-03-18,1.6538,1.6856,1.6495,1.68165,251858.2
2009-03-19,1.68165,1.6968,1.66635,1.6944,285806.32
2009-03-20,1.69455,1.6967,1.6739,1.6847,222803.4
2009-03-21,1.6847,1.6847,1.6847,1.6847,0.0
2009-03-22,1.68445,1.69075,1.6815,1.68635,19013.6
2009-03-23,1.68655,1.6909,1.66442,1.6663,238929.8
2009-03-24,1.6664,1.67065,1.6512,1.6553,182251.3
2009-03-25,1.6553,1.67755,1.6547,1.6698,171483.8
2009-03-26,1.6698,1.67415,1.65835,1.66307,166299.5
2009-03-27,1.66365,1.6694,1.64275,1.64965,107584.4
2009-03-28,1.64965,1.64965,1.64965,1.64965,0.0
2009-03-29,1.64975,1.6499,1.63775,1.64485,8738.2
2009-03-30,1.6449,1.6668,1.642,1.6632,134856.2
2009-03-31,1.66345,1.67585,1.6599,1.6711,124509.4
2009-04-01,1.67115,1.6831,1.6634,1.66735,125232.8
2009-04-02,1.6671,1.6814,1.66025,1.66485,139167.8
2009-04-03,1.665,1.6701,1.65355,1.65718,133040.0
2009-04-04,1.65718,1.65718,1.65718,1.65718,0.0
2009-04-05,1.6577,1.66535,1.6569,1.65995,7124.4
2009-04-06,1.6598,1.6684,1.6545,1.6587,112684.6
2009-04-07,1.6587,1.6635,1.63765,1.6409,142850.8
2009-04-08,1.64085,1.64295,1.63135,1.64065,145517.4
2009-04-09,1.64065,1.64405,1.60325,1.60715,140089.9
2009-04-10,1.60725,1.618,1.6043,1.61582,32667.2
2009-04-11,1.61582,1.61582,1.61582,1.61582,0.0
2009-04-12,1.61613,1.61733,1.6128,1.61375,5568.4
2009-04-13,1.61365,1.6352,1.61053,1.6301,85923.0
2009-04-14,1.63005,1.63135,1.6023,1.6107,151033.2
2009-04-15,1.6108,1.6132,1.5841,1.5923,160823.6
2009-04-16,1.5924,1.59945,1.58435,1.5929,155252.8
2009-04-17,1.59285,1.59405,1.578,1.58163,143898.4
2009-04-18,1.58163,1.58163,1.58163,1.58163,0.0
2009-04-19,1.58175,1.58568,1.5791,1.5807,6464.4
2009-04-20,1.58075,1.60185,1.5773,1.60085,130686.7
2009-04-21,1.6009,1.6179,1.59725,1.60065,162151.4
2009-04-22,1.60065,1.61455,1.5988,1.6117,164091.1
2009-04-23,1.6118,1.61705,1.59555,1.6087,177739.9
2009-04-24,1.6087,1.6197,1.59955,1.60078,180211.9
2009-04-25,1.60078,1.60078,1.60078,1.60078,0.0
2009-04-26,1.60965,1.60975,1.59933,1.60325,10324.6
2009-04-27,1.60325,1.60383,1.5843,1.5865,212195.0
2009-04-28,1.5864,1.60505,1.58345,1.6026,219399.5
2009-04-29,1.6026,1.60395,1.5917,1.5955,257774.5
2009-04-30,1.5955,1.598,1.5703,1.5797,294696.9
2009-05-01,1.57985,1.58387,1.57005,1.57163,165726.3
2009-05-02,1.57163,1.57163,1.57163,1.57163,0.0
2009-05-03,1.57073,1.57752,1.56998,1.57343,18155.0
2009-05-04,1.57343,1.5784,1.56515,1.57305,219174.0
2009-05-05,1.57295,1.57335,1.56255,1.5651,285065.4
2009-05-06,1.5652,1.5724,1.55075,1.5516,298351.76
2009-05-07,1.5516,1.5731,1.5464,1.5668,219691.17
2009-05-08,1.56675,1.56955,1.55285,1.56625,222938.2
2009-05-09,1.56625,1.56625,1.56625,1.56625,0.0
2009-05-10,1.57203,1.57262,1.56548,1.5673,9583.8
2009-05-11,1.5672,1.5851,1.56305,1.58265,176823.1
2009-05-12,1.58265,1.5929,1.5801,1.5845,187900.2
2009-05-13,1.58425,1.60055,1.5763,1.58985,198967.8
2009-05-14,1.58985,1.60015,1.58828,1.59605,178608.8
2009-05-15,1.59605,1.59715,1.58385,1.58835,170326.2
2009-05-16,1.58835,1.58835,1.58835,1.58835,0.0
2009-05-17,1.58765,1.58895,1.58401,1.5864,11631.8
2009-05-18,1.5863,1.58735,1.56925,1.5763,187889.8
2009-05-19,1.5763,1.57905,1.57065,1.57395,221371.9
2009-05-20,1.574,1.57935,1.5672,1.57245,215015.1
2009-05-21,1.5723,1.5851,1.5661,1.5808,200174.6
2009-05-22,1.58065,1.58305,1.565,1.5661,179505.0
2009-05-23,1.5661,1.5661,1.5661,1.5661,0.0
2009-05-24,1.5672,1.57405,1.5669,1.57205,13618.2
2009-05-25,1.5719,1.5785,1.5704,1.57565,143562.8
2009-05-26,1.57565,1.57665,1.55908,1.56035,236673.85
2009-05-27,1.5603,1.5605,1.54365,1.5508,233133.6
2009-05-28,1.5508,1.5574,1.54845,1.55315,261542.2
2009-05-29,1.553,1.5562,1.53975,1.5446,244302.3
2009-05-30,1.5446,1.5446,1.5446,1.5446,0.0
2009-05-31,1.54442,1.54475,1.5383,1.54035,7131.4
2009-06-01,1.54035,1.54815,1.53445,1.5448,227333.9
2009-06-02,1.5449,1.54955,1.5414,1.5483,199742.4
2009-06-03,1.54825,1.57595,1.5424,1.57005,255410.5
2009-06-04,1.5701,1.57715,1.55275,1.55725,281558.8
2009-06-05,1.5571,1.5687,1.5539,1.56252,238912.85
2009-06-06,1.56252,1.56252,1.56252,1.56252,0.0
2009-06-07,1.56277,1.5645,1.5591,1.5625,16766.4
2009-06-08,1.5624,1.56465,1.54941,1.5516,235510.45
2009-06-09,1.5515,1.55513,1.536,1.55375,237234.1
2009-06-10,1.55365,1.55735,1.5452,1.5497,254697.3
2009-06-11,1.5498,1.557,1.5416,1.5552,262898.7
2009-06-12,1.55545,1.5732,1.55425,1.56707,212677.8
2009-06-13,1.56707,1.56707,1.56707,1.56707,0.0
2009-06-14,1.5676,1.56907,1.5629,1.56538,20259.0
2009-06-15,1.56509,1.57022,1.55874,1.56126,83037.4
2009-06-16,1.56038,1.57405,1.55972,1.56992,83565.0
2009-06-17,1.56983,1.58549,1.56702,1.57759,83480.2
2009-06-18,1.57695,1.58208,1.57165,1.57434,83251.4
2009-06-19,1.57432,1.5845,1.56734,1.58137,134944.8
2009-06-20,1.58137,1.58137,1.58137,1.58137,0.0
2009-06-21,1.5807,1.58488,1.57826,1.5818,9796.6
2009-06-22,1.5817,1.60335,1.57765,1.599,214206.64
2009-06-23,1.59895,1.62455,1.59763,1.6182,232840.2
2009-06-24,1.6182,1.61905,1.60145,1.61035,247863.3
2009-06-25,1.6103,1.62055,1.6094,1.61649,223684.68
2009-06-26,1.6161,1.62495,1.6116,1.61855,237247.45
2009-06-27,1.61855,1.61855,1.61855,1.61855,0.0
2009-06-28,1.61942,1.6231,1.61882,1.6223,19547.6
2009-06-29,1.6222,1.63075,1.6176,1.62927,205736.53
2009-06-30,1.62935,1.6329,1.62435,1.63155,233036.01
2009-07-01,1.6315,1.63275,1.6194,1.6248,224165.01
2009-07-02,1.62485,1.6291,1.61545,1.62315,200562.26
2009-07-03,1.6233,1.62675,1.61852,1.61955,149771.66
2009-07-04,1.61955,1.61955,1.61955,1.61955,0.0
2009-07-05,1.62195,1.623,1.62032,1.6207,15988.53
2009-07-06,1.6206,1.62665,1.6151,1.6214,363490.96
2009-07-07,1.6214,1.6247,1.61465,1.6219,357500.4
2009-07-08,1.6219,1.6241,1.613,1.61355,367350.99
2009-07-09,1.6136,1.63235,1.613,1.62725,364365.21
2009-07-10,1.62715,1.62765,1.6157,1.6213,300729.67
2009-07-11,1.6213,1.6213,1.6213,1.6213,0.0
2009-07-12,1.62177,1.62213,1.61945,1.62124,18706.6
2009-07-13,1.6216,1.6264,1.60765,1.6108,337320.89
2009-07-14,1.6108,1.6117,1.5809,1.58435,421757.34
2009-07-15,1.5844,1.593,1.56875,1.57285,335973.92
2009-07-16,1.5727,1.5819,1.572,1.5798,321099.86
2009-07-17,1.5798,1.5807,1.56899,1.57065,309889.54
2009-07-18,1.57065,1.57065,1.57065,1.57065,0.0
2009-07-19,1.56922,1.57585,1.56917,1.5733,11760.7
2009-07-20,1.57357,1.5759,1.56622,1.5731,300262.79
2009-07-21,1.5731,1.5767,1.56288,1.57085,301211.61
2009-07-22,1.5705,1.5737,1.5599,1.563,296783.71
2009-07-23,1.563,1.5666,1.5375,1.54245,304650.48
2009-07-24,1.5427,1.5481,1.53395,1.54236,271123.24
2009-07-25,1.54236,1.54236,1.54236,1.54236,0.0
2009-07-26,1.54305,1.54465,1.541,1.5431,11933.1
2009-07-27,1.5431,1.54635,1.5366,1.5387,337014.46
2009-07-28,1.53865,1.5419,1.52978,1.53175,325783.72
2009-07-29,1.5316,1.5398,1.5255,1.52915,397871.43
2009-07-30,1.5291,1.5332,1.5184,1.52505,398178.68
2009-07-31,1.52505,1.5407,1.522,1.53582,321738.51
2009-08-01,1.53582,1.53582,1.53582,1.53582,0.0
2009-08-02,1.53587,1.53935,1.5338,1.53685,23194.7
2009-08-03,1.537,1.53985,1.5253,1.5362,314597.61
2009-08-04,1.5362,1.54925,1.53245,1.5426,383317.67
2009-08-05,1.5426,1.55175,1.53875,1.54265,341813.28
2009-08-06,1.5427,1.5483,1.538,1.5477,159567.06
2009-08-07,1.5472,1.55905,1.5318,1.5328,127157.75
2009-08-08,1.5328,1.5328,1.5328,1.5328,0.0
2009-08-09,1.53383,1.539,1.53245,1.5381,23181.45
2009-08-10,1.5381,1.542,1.53125,1.5379,111036.4
2009-08-11,1.5379,1.56045,1.5372,1.55655,117084.3
2009-08-12,1.55645,1.56425,1.54248,1.54875,140525.5
2009-08-13,1.54875,1.55695,1.54035,1.5524,108843.66
2009-08-14,1.5524,1.56175,1.5429,1.55888,107997.05
2009-08-15,1.55888,1.55888,1.55888,1.55888,0.0
2009-08-16,1.55967,1.5604,1.55655,1.55865,7397.1
2009-08-17,1.5587,1.5673,1.55465,1.5607,123932.7
2009-08-18,1.56075,1.5633,1.55498,1.55865,113840.2
2009-08-19,1.55865,1.56975,1.55644,1.55895,118510.8
2009-08-20,1.55895,1.5632,1.54745,1.55095,105135.65
2009-08-21,1.55095,1.55577,1.5432,1.5487,115230.58
2009-08-22,1.5487,1.5487,1.5487,1.5487,0.0
2009-08-23,1.5482,1.55027,1.54675,1.5492,8320.0
2009-08-24,1.54885,1.5501,1.53635,1.5401,143843.3
2009-08-25,1.5399,1.55495,1.5371,1.5531,149905.72
2009-08-26,1.5531,1.56535,1.5506,1.563,133695.33
2009-08-27,1.563,1.56825,1.5543,1.56185,143342.93
2009-08-28,1.5617,1.56365,1.54995,1.56058,189375.0
2009-08-29,1.56058,1.56058,1.56058,1.56058,0.0
2009-08-30,1.56108,1.5651,1.5575,1.5612,9529.0
2009-08-31,1.5612,1.5849,1.55855,1.5683,158929.04
2009-09-01,1.5683,1.57115,1.56145,1.56835,166590.79
2009-09-02,1.5684,1.58,1.5649,1.57625,159844.67
2009-09-03,1.57625,1.57895,1.5694,1.5714,242120.84
2009-09-04,1.5714,1.57335,1.54925,1.55204,184864.04
2009-09-05,1.55204,1.55204,1.55204,1.55204,0.0
2009-09-06,1.55492,1.55627,1.55145,1.55325,9509.18
2009-09-07,1.55325,1.55655,1.54005,1.5457,74330.55
2009-09-08,1.5456,1.5683,1.54235,1.56295,211983.26
2009-09-09,1.5629,1.57573,1.56055,1.5701,298198.51
2009-09-10,1.5701,1.58395,1.56925,1.5715,228318.92
2009-09-11,1.5715,1.5741,1.5655,1.56707,192678.75
2009-09-12,1.56707,1.56707,1.56707,1.56707,0.0
2009-09-13,1.56922,1.57445,1.56895,1.57225,9135.1
2009-09-14,1.5723,1.59055,1.57165,1.5842,235726.3
2009-09-15,1.58425,1.58785,1.5704,1.57375,201885.3
2009-09-16,1.57375,1.57445,1.56445,1.56895,204035.13
2009-09-17,1.56895,1.5719,1.5622,1.57005,199789.14
2009-09-18,1.57005,1.5799,1.56905,1.57269,173304.26
2009-09-19,1.57269,1.57269,1.57269,1.57269,0.0
2009-09-20,1.57203,1.57316,1.57027,1.57229,12405.0
2009-09-21,1.5717,1.5893,1.57018,1.58265,152980.32
2009-09-22,1.58265,1.58655,1.57665,1.5815,185297.98
2009-09-23,1.58155,1.5872,1.57685,1.5835,172388.18
2009-09-24,1.5835,1.6016,1.58077,1.5979,223505.98
2009-09-25,1.59785,1.6069,1.5954,1.60235,204325.72
2009-09-26,1.60235,1.60235,1.60235,1.60235,0.0
2009-09-27,1.60208,1.6093,1.60193,1.6079,10354.5
2009-09-28,1.6079,1.6079,1.58509,1.58695,221659.95
2009-09-29,1.58695,1.58865,1.5782,1.58175,251721.11
2009-09-30,1.5817,1.5827,1.5634,1.56575,234700.04
2009-10-01,1.56575,1.5764,1.55585,1.57405,277681.8
2009-10-02,1.57415,1.5882,1.57161,1.57197,240642.6
2009-10-03,1.57197,1.57197,1.57197,1.57197,0.0
2009-10-04,1.57298,1.57799,1.57287,1.57661,13879.1
2009-10-05,1.5759,1.5766,1.56595,1.568,227928.65
2009-10-06,1.568,1.5739,1.55485,1.55935,246470.76
2009-10-07,1.55935,1.56125,1.5504,1.5586,224441.74
2009-10-08,1.5586,1.5656,1.55295,1.555,230364.29
2009-10-09,1.55505,1.55585,1.53199,1.53421,227675.4
2009-10-10,1.53421,1.53421,1.53421,1.53421,0.0
2009-10-11,1.534,1.53656,1.53259,1.53335,12409.7
2009-10-12,1.53335,1.5359,1.52295,1.52725,186833.86
2009-10-13,1.52725,1.53795,1.52475,1.53195,214036.71
2009-10-14,1.53195,1.5357,1.52615,1.52725,213241.45
2009-10-15,1.52725,1.5467,1.52545,1.54185,240525.38
2009-10-16,1.5417,1.55035,1.53705,1.5438,226152.27
2009-10-17,1.5438,1.5438,1.5438,1.5438,0.0
2009-10-18,1.54472,1.5484,1.54324,1.5464,11064.1
2009-10-19,1.5463,1.54895,1.53645,1.53955,210371.24
2009-10-20,1.5397,1.5686,1.53815,1.56625,225350.52
2009-10-21,1.56625,1.57835,1.55985,1.56695,262442.15
2009-10-22,1.5671,1.57805,1.5654,1.5726,201076.72
2009-10-23,1.57245,1.5841,1.57185,1.57958,213264.74
2009-10-24,1.57958,1.57958,1.57958,1.57958,0.0
2009-10-25,1.5788,1.5801,1.57548,1.57845,10753.75
2009-10-26,1.5788,1.591,1.57785,1.5882,211827.33
2009-10-27,1.58835,1.5945,1.57295,1.5771,211803.25
2009-10-28,1.5772,1.5909,1.57595,1.58985,217416.05
2009-10-29,1.58995,1.59185,1.5797,1.58405,193408.26
2009-10-30,1.58405,1.5993,1.5804,1.59725,184066.6
2009-10-31,1.59725,1.59725,1.59725,1.59725,0.0
2009-11-01,1.5951,1.59965,1.59205,1.59225,11961.71
2009-11-02,1.59225,1.5987,1.58755,1.5919,207112.04
2009-11-03,1.5919,1.59445,1.56645,1.5713,226742.95
2009-11-04,1.5713,1.5827,1.56395,1.58,204846.82
2009-11-05,1.58035,1.5864,1.57725,1.58445,177010.43
2009-11-06,1.5844,1.59915,1.58035,1.59512,175604.79
2009-11-07,1.59512,1.5961,1.59512,1.5961,0.0
2009-11-08,1.60195,1.60216,1.59405,1.5967,13425.2
2009-11-09,1.5967,1.598,1.58065,1.5833,249623.74
2009-11-10,1.58345,1.58805,1.5703,1.57405,180201.22
2009-11-11,1.5741,1.57452,1.56415,1.56535,150463.33
2009-11-12,1.56535,1.573,1.55955,1.56745,162493.63
2009-11-13,1.5675,1.56975,1.56085,1.56738,156198.36
2009-11-14,1.56738,1.56738,1.56738,1.56738,0.0
2009-11-15,1.56803,1.57335,1.56565,1.57186,14289.45
2009-11-16,1.56875,1.57225,1.56085,1.56855,125313.29
2009-11-17,1.5686,1.5789,1.56141,1.56336,156978.6
2009-11-18,1.56347,1.5811,1.56259,1.578,137945.4
2009-11-19,1.5781,1.58995,1.57525,1.58495,156812.18
2009-11-20,1.58495,1.59335,1.58485,1.58925,150397.0
2009-11-21,1.58925,1.58925,1.58925,1.58925,0.0
2009-11-22,1.59098,1.5915,1.58838,1.59018,8052.05
2009-11-23,1.5897,1.5917,1.5786,1.5803,140986.9
2009-11-24,1.58035,1.5877,1.58025,1.58325,169378.28
2009-11-25,1.58325,1.58525,1.5754,1.58245,156377.1
2009-11-26,1.58235,1.59335,1.5808,1.58852,108416.77
2009-11-27,1.5888,1.60095,1.5852,1.59062,145604.72
2009-11-28,1.59062,1.59062,1.59062,1.59062,0.0
2009-11-29,1.58862,1.59353,1.58498,1.58885,10767.4
2009-11-30,1.58875,1.59255,1.58155,1.58475,196285.7
2009-12-01,1.58475,1.58655,1.57235,1.5787,170152.26
2009-12-02,1.57875,1.5824,1.5747,1.58085,164561.48
2009-12-03,1.58085,1.59475,1.5805,1.5904,152387.55
2009-12-04,1.5904,1.593,1.5608,1.57063,159823.85
2009-12-05,1.57063,1.57063,1.57063,1.57063,0.0
2009-12-06,1.5705,1.5718,1.56632,1.5705,10947.2
2009-12-07,1.5706,1.57295,1.55675,1.5577,184866.3
2009-12-08,1.55765,1.567,1.55685,1.56415,196786.2
2009-12-09,1.5639,1.5687,1.54955,1.5533,167742.64
2009-12-10,1.5534,1.5564,1.54465,1.54855,140372.79
2009-12-11,1.5485,1.55265,1.5394,1.54865,129123.6
2009-12-12,1.54865,1.54865,1.54865,1.54865,0.0
2009-12-13,1.5507,1.55097,1.54555,1.54795,8498.4
2009-12-14,1.54825,1.55985,1.54725,1.5521,147597.19
2009-12-15,1.55205,1.5529,1.53985,1.5421,149409.7
2009-12-16,1.5421,1.54735,1.53995,1.54225,145982.4
2009-12-17,1.5424,1.54305,1.5323,1.535,200589.6
2009-12-18,1.5349,1.5395,1.52305,1.52827,145531.8
2009-12-19,1.52827,1.52827,1.52827,1.52827,0.0
2009-12-20,1.52767,1.52995,1.52092,1.5291,6904.6
2009-12-21,1.5291,1.53155,1.51185,1.5165,127371.5
2009-12-22,1.51645,1.51925,1.5026,1.50665,137995.75
2009-12-23,1.5066,1.50745,1.49687,1.5032,106439.9
2009-12-24,1.50285,1.51135,1.50285,1.50992,67471.26
2009-12-25,1.5092,1.5145,1.50382,1.51375,84843.65
2009-12-26,1.51375,1.51375,1.51375,1.51375,0.0
2009-12-27,1.51035,1.51052,1.50485,1.50685,6285.2
2009-12-28,1.5069,1.51095,1.49815,1.49895,70696.1
2009-12-29,1.499,1.5032,1.49265,1.49755,107142.3
2009-12-30,1.49755,1.5143,1.49665,1.5127,82602.6
2009-12-31,1.5127,1.5172,1.4983,1.50673,72527.6
2010-01-01,1.5069,1.50745,1.50582,1.5064,45100.2
2010-01-02,1.5064,1.5064,1.5064,1.5064,0.0
2010-01-03,1.50523,1.5059,1.4986,1.49895,5656.66
2010-01-04,1.499,1.5023,1.4917,1.5015,148820.3
2010-01-05,1.5014,1.5017,1.49095,1.49305,152947.3
2010-01-06,1.49305,1.4935,1.4846,1.4861,153487.0
2010-01-07,1.48615,1.4894,1.4772,1.48045,160226.45
2010-01-08,1.48045,1.48835,1.4733,1.48307,156029.21
2010-01-09,1.48307,1.48307,1.48307,1.48307,0.0
2010-01-10,1.48585,1.4883,1.48195,1.4866,13907.3
2010-01-11,1.4865,1.50235,1.486,1.5,144140.59
2010-01-12,1.5,1.5087,1.4956,1.50435,162727.95
2010-01-13,1.5044,1.50865,1.4935,1.4972,161385.45
2010-01-14,1.49725,1.4992,1.4829,1.4841,172613.35
2010-01-15,1.4841,1.48475,1.4719,1.48223,151497.1
2010-01-16,1.48223,1.48223,1.48223,1.48223,0.0
2010-01-17,1.47797,1.47985,1.47655,1.4788,15195.5
2010-01-18,1.47895,1.48,1.4737,1.47645,110694.05
2010-01-19,1.4764,1.47865,1.46955,1.47315,164735.2
2010-01-20,1.47315,1.4816,1.4678,1.47495,193494.66
2010-01-21,1.47495,1.4829,1.47185,1.4811,187944.36
2010-01-22,1.48115,1.4989,1.47985,1.4927,177306.2
2010-01-23,1.4927,1.4927,1.4927,1.4927,0.0
2010-01-24,1.49348,1.5007,1.4934,1.49525,10811.0
2010-01-25,1.4952,1.5007,1.48975,1.49525,152557.24
2010-01-26,1.49525,1.50325,1.49215,1.4956,193915.02
2010-01-27,1.4955,1.4998,1.4909,1.4922,181475.7
2010-01-28,1.49225,1.49265,1.4796,1.4886,200915.4
2010-01-29,1.4886,1.4921,1.47665,1.48323,162663.35
2010-01-30,1.48323,1.48323,1.48323,1.48323,0.0
2010-01-31,1.4828,1.48466,1.4811,1.48195,15691.1
2010-02-01,1.4819,1.48985,1.47705,1.47845,203714.25
2010-02-02,1.47845,1.4813,1.47255,1.4775,175443.2
2010-02-03,1.47755,1.484,1.47355,1.47555,148829.9
2010-02-04,1.47565,1.4773,1.46925,1.473,162359.75
2010-02-05,1.4731,1.477,1.45885,1.46512,190544.51
2010-02-06,1.46512,1.46512,1.46512,1.46512,0.0
2010-02-07,1.464,1.4659,1.4583,1.4616,22601.7
2010-02-08,1.4616,1.46975,1.4584,1.46745,202249.2
2010-02-09,1.4675,1.4756,1.46535,1.47095,208010.01
2010-02-10,1.47095,1.47205,1.456,1.46,155968.66
2010-02-11,1.46,1.46015,1.43375,1.4375,186220.03
2010-02-12,1.4376,1.4378,1.42565,1.4308,173870.22
2010-02-13,1.4308,1.4308,1.4308,1.4308,0.0
2010-02-14,1.42982,1.43225,1.42891,1.43135,20724.5
2010-02-15,1.4313,1.43185,1.4226,1.42695,119617.7
2010-02-16,1.427,1.4381,1.42475,1.43615,140239.28
2010-02-17,1.43605,1.4389,1.42165,1.42325,135429.63
2010-02-18,1.42325,1.42405,1.4116,1.4139,133254.38
2010-02-19,1.41405,1.42265,1.41005,1.41337,129944.13
2010-02-20,1.41337,1.41337,1.41337,1.41337,0.0
2010-02-21,1.4136,1.41635,1.41289,1.41614,16667.71
2010-02-22,1.4157,1.41915,1.4114,1.4176,120309.25
2010-02-23,1.4175,1.4305,1.4137,1.42675,139293.03
2010-02-24,1.42675,1.4346,1.42535,1.42555,133740.11
2010-02-25,1.42555,1.44245,1.42145,1.43645,155085.36
2010-02-26,1.43645,1.44375,1.43093,1.43182,118525.83
2010-02-27,1.43182,1.43182,1.43182,1.43182,0.0
2010-02-28,1.43677,1.4391,1.43135,1.43365,15930.39
2010-03-01,1.4338,1.43475,1.4076,1.4127,132824.33
2010-03-02,1.41275,1.4142,1.39715,1.40935,140463.91
2010-03-03,1.40935,1.4148,1.4056,1.41385,121699.21
2010-03-04,1.4138,1.4142,1.3961,1.4005,118304.55
2010-03-05,1.4005,1.40515,1.39185,1.40095,87126.26
2010-03-06,1.40095,1.40095,1.40095,1.40095,0.0
2010-03-07,1.40122,1.40287,1.3993,1.3999,24465.5
2010-03-08,1.39985,1.4073,1.39895,1.39965,145578.92
2010-03-09,1.39965,1.40145,1.3902,1.39695,158831.46
2010-03-10,1.39695,1.40215,1.39285,1.39905,165895.84
2010-03-11,1.399,1.40745,1.3972,1.40055,147477.82
2010-03-12,1.4006,1.41005,1.39675,1.4024,118829.61
2010-03-13,1.4024,1.4024,1.4024,1.4024,0.0
2010-03-14,1.4028,1.40307,1.39881,1.4001,10588.7
2010-03-15,1.40015,1.4006,1.39255,1.39355,144159.81
2010-03-16,1.39355,1.39765,1.39165,1.39515,175314.17
2010-03-17,1.3952,1.3994,1.38615,1.3878,160017.7
2010-03-18,1.3878,1.3883,1.3777,1.37945,169948.56
2010-03-19,1.37945,1.3861,1.363,1.37598,151416.33
2010-03-20,1.37598,1.37598,1.37598,1.37598,0.0
2010-03-21,1.37532,1.37665,1.37236,1.3737,25382.52
2010-03-22,1.3737,1.38365,1.37215,1.3795,152082.9
2010-03-23,1.3794,1.38075,1.3682,1.3688,143745.69
2010-03-24,1.3688,1.37195,1.36045,1.36425,150359.37
2010-03-25,1.3642,1.36515,1.357,1.36195,140558.64
2010-03-26,1.36195,1.38125,1.36115,1.3754,173146.5
2010-03-27,1.3754,1.3754,1.3754,1.3754,0.0
2010-03-28,1.37628,1.38495,1.37623,1.37965,13984.8
2010-03-29,1.3797,1.38015,1.3701,1.37765,117221.34
2010-03-30,1.3777,1.37935,1.36535,1.36695,140235.8
2010-03-31,1.367,1.37745,1.36295,1.3713,157402.0
2010-04-01,1.3713,1.3739,1.36135,1.3715,121230.0
2010-04-02,1.3714,1.3733,1.3606,1.36462,61237.57
2010-04-03,1.36462,1.36462,1.36462,1.36462,0.0
2010-04-04,1.36488,1.36518,1.35862,1.36095,10329.0
2010-04-05,1.36095,1.3637,1.34895,1.3492,85926.07
2010-04-06,1.3492,1.35075,1.33625,1.34045,140910.0
2010-04-07,1.3404,1.34395,1.3341,1.34015,132422.37
2010-04-08,1.34015,1.34605,1.33745,1.3387,137590.4
2010-04-09,1.3386,1.3559,1.33595,1.35285,118035.42
2010-04-10,1.35285,1.35285,1.35285,1.35285,0.0
2010-04-11,1.35263,1.3719,1.352,1.37035,21840.2
2010-04-12,1.37035,1.3758,1.36025,1.3627,140465.58
2010-04-13,1.3627,1.36785,1.35995,1.36325,152718.4
2010-04-14,1.3632,1.3659,1.35535,1.36295,188764.2
2010-04-15,1.36295,1.3635,1.35177,1.3594,182499.07
2010-04-16,1.35945,1.37095,1.35455,1.36752,158416.7
2010-04-17,1.36752,1.36752,1.36752,1.36752,0.0
2010-04-18,1.36735,1.37,1.36373,1.3679,16062.6
2010-04-19,1.36772,1.37335,1.3655,1.3685,140759.99
2010-04-20,1.3686,1.36865,1.3396,1.3398,157262.5
2010-04-21,1.3398,1.3409,1.3314,1.33745,171703.9
2010-04-22,1.3375,1.3385,1.3241,1.32575,159954.28
2010-04-23,1.3258,1.3431,1.32375,1.33675,162855.2
2010-04-24,1.33675,1.33675,1.33675,1.33675,0.0
2010-04-25,1.33665,1.33745,1.33024,1.3357,9353.6
2010-04-26,1.3357,1.34205,1.32885,1.33975,155019.52
2010-04-27,1.33975,1.34715,1.3319,1.3375,208049.85
2010-04-28,1.3375,1.3426,1.3274,1.33375,206154.6
2010-04-29,1.33375,1.33685,1.32545,1.3308,163605.0
2010-04-30,1.3308,1.35415,1.3285,1.3527,154673.6
2010-05-01,1.3527,1.3527,1.3527,1.3527,0.0
2010-05-02,1.35225,1.3593,1.35183,1.3524,15753.0
2010-05-03,1.35235,1.3527,1.33205,1.3348,120657.23
2010-05-04,1.3348,1.33875,1.32815,1.32885,207613.18
2010-05-05,1.3289,1.3321,1.3185,1.3211,222207.86
2010-05-06,1.32125,1.3466,1.3129,1.32675,212289.61
2010-05-07,1.32675,1.34315,1.3162,1.33067,161848.69
2010-05-08,1.33067,1.33067,1.33067,1.33067,0.0
2010-05-09,1.33088,1.33775,1.32945,1.33445,23482.6
2010-05-10,1.3344,1.3393,1.3028,1.30505,166234.03
2010-05-11,1.30475,1.30925,1.28785,1.2897,189329.1
2010-05-12,1.28985,1.2942,1.28535,1.2875,176804.5
2010-05-13,1.28755,1.28825,1.27295,1.2799,179736.2
2010-05-14,1.2799,1.28815,1.2746,1.27845,169153.3
2010-05-15,1.27845,1.27845,1.27845,1.27845,0.0
2010-05-16,1.27928,1.2815,1.27461,1.2795,18774.8
2010-05-17,1.27925,1.2841,1.2731,1.2792,199217.2
2010-05-18,1.2792,1.2807,1.26455,1.2659,191060.19
2010-05-19,1.2659,1.2978,1.2659,1.29385,202802.0
2010-05-20,1.2938,1.34516,1.28735,1.3409,180094.6
2010-05-21,1.3409,1.34725,1.3229,1.33102,190488.8
2010-05-22,1.33102,1.33102,1.33102,1.33102,0.0
2010-05-23,1.33175,1.33395,1.32788,1.3296,21322.7
2010-05-24,1.3296,1.3337,1.3069,1.31235,201500.4
2010-05-25,1.31235,1.32755,1.31155,1.3175,215262.6
2010-05-26,1.31765,1.31975,1.29625,1.3021,210480.9
2010-05-27,1.30205,1.3068,1.2881,1.2976,185867.61
2010-05-28,1.2977,1.302,1.28915,1.293,167043.5
2010-05-29,1.293,1.293,1.293,1.293,0.0
2010-05-30,1.29392,1.29645,1.28911,1.29555,19582.0
2010-05-31,1.29555,1.29685,1.27895,1.2792,96634.41
2010-06-01,1.2793,1.29185,1.27335,1.29035,175352.8
2010-06-02,1.2904,1.291,1.26915,1.2729,157708.1
2010-06-03,1.2729,1.27775,1.2637,1.2666,147429.39
2010-06-04,1.26665,1.2722,1.2553,1.27157,163538.65
2010-06-05,1.27157,1.27157,1.27157,1.27157,0.0
2010-06-06,1.27055,1.27265,1.26543,1.269,21598.3
2010-06-07,1.269,1.2718,1.25755,1.263,204515.4
2010-06-08,1.263,1.265,1.25135,1.2539,211636.6
2010-06-09,1.2539,1.25615,1.2497,1.25065,208234.1
2010-06-10,1.2506,1.25325,1.2451,1.24935,192053.8
2010-06-11,1.2494,1.25415,1.2468,1.24993,153491.1
2010-06-12,1.24993,1.24993,1.24993,1.24993,0.0
2010-06-13,1.2498,1.25815,1.24745,1.2567,20287.4
2010-06-14,1.2567,1.2646,1.2538,1.26165,169309.0
2010-06-15,1.2616,1.2703,1.25655,1.2635,205673.0
2010-06-16,1.26355,1.267,1.25995,1.2615,171968.7
2010-06-17,1.2616,1.2778,1.2597,1.27395,176233.85
2010-06-18,1.27397,1.2755,1.26265,1.2643,127267.3
2010-06-19,1.2643,1.2643,1.2643,1.2643,0.0
2010-06-20,1.26697,1.27247,1.2631,1.26315,16438.2
2010-06-21,1.2631,1.26675,1.25545,1.26055,181117.5
2010-06-22,1.2606,1.26355,1.25205,1.2613,179300.5
2010-06-23,1.26135,1.2807,1.26115,1.27945,173342.13
2010-06-24,1.27945,1.2911,1.2749,1.286,185091.9
2010-06-25,1.28605,1.2864,1.27465,1.28068,185357.2
2010-06-26,1.28068,1.28068,1.28068,1.28068,0.0
2010-06-27,1.28118,1.2836,1.27785,1.2824,14419.6
2010-06-28,1.28235,1.2832,1.26985,1.2718,206817.0
2010-06-29,1.27185,1.2894,1.26995,1.2846,199800.1
2010-06-30,1.28465,1.30495,1.2815,1.29995,185166.6
2010-07-01,1.2999,1.3284,1.2981,1.32475,202558.5
2010-07-02,1.32475,1.34225,1.32115,1.33425,148133.7
2010-07-03,1.33425,1.33425,1.33425,1.33425,0.0
2010-07-04,1.3347,1.33555,1.33112,1.33495,16575.7
2010-07-05,1.335,1.3376,1.32625,1.33305,134215.4
2010-07-06,1.333,1.33625,1.32365,1.32885,199318.2
2010-07-07,1.32885,1.33315,1.32105,1.32295,206651.8
2010-07-08,1.32295,1.3259,1.31765,1.3239,151398.1
2010-07-09,1.324,1.32575,1.30125,1.30615,133780.6
2010-07-10,1.30615,1.30615,1.30615,1.30615,0.0
2010-07-11,1.30543,1.3061,1.30226,1.3045,17204.3
2010-07-12,1.3045,1.307,1.2963,1.30415,157274.6
2010-07-13,1.3042,1.31685,1.295,1.31115,171708.7
2010-07-14,1.3111,1.3185,1.3089,1.3156,145948.0
2010-07-15,1.3156,1.34565,1.31525,1.34185,195771.7
2010-07-16,1.3419,1.36785,1.34115,1.36778,168290.2
2010-07-17,1.36778,1.36778,1.36778,1.36778,0.0
2010-07-18,1.36747,1.3676,1.35945,1.36325,21906.0
2010-07-19,1.36315,1.36915,1.358,1.3642,161272.2
2010-07-20,1.3642,1.3681,1.34255,1.34555,154989.02
2010-07-21,1.3456,1.34625,1.3266,1.33605,141165.6
2010-07-22,1.3361,1.3465,1.33445,1.3381,135070.62
2010-07-23,1.3381,1.34885,1.33065,1.33615,110919.5
2010-07-24,1.33615,1.33615,1.33615,1.33615,0.0
2010-07-25,1.33705,1.3402,1.33214,1.33995,13089.1
2010-07-26,1.33995,1.34355,1.3337,1.33995,126418.9
2010-07-27,1.33995,1.3482,1.33425,1.34505,132254.6
2010-07-28,1.34505,1.35095,1.33875,1.34865,161390.5
2010-07-29,1.3486,1.3582,1.3452,1.35305,170385.8
2010-07-30,1.35305,1.35545,1.339,1.34325,160485.7
2010-07-31,1.34325,1.34325,1.34325,1.34325,0.0
2010-08-01,1.34305,1.34455,1.34237,1.3437,23601.5
2010-08-02,1.3437,1.34965,1.3355,1.347,124234.61
2010-08-03,1.34715,1.357,1.3464,1.3532,128077.8
2010-08-04,1.3532,1.35605,1.33735,1.3392,123278.3
2010-08-05,1.3392,1.34175,1.33135,1.34055,137474.5
2010-08-06,1.34055,1.36885,1.33895,1.36405,135493.1
2010-08-07,1.36405,1.36405,1.36405,1.36405,0.0
2010-08-08,1.36347,1.36665,1.36325,1.36585,9086.6
2010-08-09,1.36585,1.3677,1.3574,1.3582,148361.3
2010-08-10,1.3581,1.36403,1.3518,1.356,259440.6
2010-08-11,1.3561,1.3568,1.3431,1.3453,290558.3
2010-08-12,1.3453,1.3539,1.3358,1.3386,313981.93
2010-08-13,1.3386,1.34065,1.32265,1.32813,227962.33
2010-08-14,1.32813,1.32813,1.32813,1.32813,0.0
2010-08-15,1.3279,1.3302,1.32686,1.32885,15557.2
2010-08-16,1.3288,1.3425,1.3278,1.33635,232828.4
2010-08-17,1.33635,1.3425,1.32765,1.3288,251104.82
2010-08-18,1.32885,1.3295,1.3167,1.3169,197554.8
2010-08-19,1.3169,1.33795,1.31535,1.3313,286414.5
2010-08-20,1.3313,1.33495,1.32465,1.32998,180686.95
2010-08-21,1.32998,1.32998,1.32998,1.32998,0.0
2010-08-22,1.33102,1.33355,1.33045,1.3325,22709.3
2010-08-23,1.33255,1.3345,1.3269,1.33115,201553.3
2010-08-24,1.33115,1.34875,1.33115,1.33935,160040.4
2010-08-25,1.3393,1.3496,1.3393,1.34235,217675.21
2010-08-26,1.34235,1.3463,1.3388,1.3442,240188.1
2010-08-27,1.34415,1.35195,1.3392,1.34077,157208.1
2010-08-28,1.34077,1.34077,1.34077,1.34077,0.0
2010-08-29,1.3413,1.3421,1.33555,1.338,19066.4
2010-08-30,1.338,1.34285,1.3317,1.3423,206869.9
2010-08-31,1.3423,1.35645,1.3397,1.3493,182190.05
2010-09-01,1.3493,1.35855,1.3426,1.34525,163072.0
2010-09-02,1.34525,1.3524,1.34275,1.3504,120058.98
2010-09-03,1.3504,1.35655,1.3375,1.33947,107093.1
2010-09-04,1.33947,1.33947,1.33947,1.33947,0.0
2010-09-05,1.3392,1.34257,1.33815,1.33875,9708.6
2010-09-06,1.33875,1.34055,1.3293,1.33025,123634.8
2010-09-07,1.33025,1.3339,1.3249,1.32965,171151.8
2010-09-08,1.32965,1.33315,1.31705,1.32005,240948.79
2010-09-09,1.32005,1.3215,1.3104,1.31065,260764.46
2010-09-10,1.31055,1.31995,1.30695,1.3144,121994.4
2010-09-11,1.3144,1.3144,1.3144,1.3144,0.0
2010-09-12,1.31027,1.31718,1.30948,1.3168,13841.5
2010-09-13,1.3168,1.32535,1.31655,1.3229,215240.4
2010-09-14,1.32295,1.3372,1.3176,1.334,162546.35
2010-09-15,1.334,1.3395,1.3325,1.3349,213043.4
2010-09-16,1.3349,1.3463,1.33335,1.34195,203272.6
2010-09-17,1.34195,1.35025,1.33915,1.34788,182642.3
2010-09-18,1.34788,1.34788,1.34788,1.34788,0.0
2010-09-19,1.34797,1.3495,1.34547,1.34895,15140.2
2010-09-20,1.34888,1.34921,1.34343,1.34905,173915.4
2010-09-21,1.346,1.36225,1.3441,1.36025,161078.45
2010-09-22,1.3602,1.38555,1.3593,1.3793,204771.38
2010-09-23,1.3793,1.38635,1.3747,1.3762,150989.14
2010-09-24,1.3762,1.38595,1.3749,1.38082,140226.5
2010-09-25,1.38082,1.38082,1.38082,1.38082,0.0
2010-09-26,1.3816,1.38243,1.38,1.38065,20887.5
2010-09-27,1.38065,1.38089,1.37992,1.38067,224188.3
2010-09-28,1.38375,1.40245,1.3831,1.3984,191487.7
2010-09-29,1.3984,1.40975,1.39355,1.4072,187748.4
2010-09-30,1.40715,1.40985,1.3951,1.4047,145581.22
2010-10-01,1.4047,1.41425,1.40285,1.40575,143634.8
2010-10-02,1.4058,1.4058,1.4058,1.4058,0.0
2010-10-03,1.40575,1.40809,1.4038,1.4044,21417.4
2010-10-04,1.4044,1.4046,1.39645,1.39685,152753.0
2010-10-05,1.39685,1.40885,1.3967,1.4069,163025.0
2010-10-06,1.40695,1.41015,1.3987,1.40745,155834.0
2010-10-07,1.4074,1.41885,1.406,1.41705,131625.0
2010-10-08,1.4172,1.42345,1.4053,1.40875,131644.1
2010-10-09,1.40877,1.40877,1.40877,1.40877,0.0
2010-10-10,1.40875,1.41635,1.40875,1.41265,17728.0
2010-10-11,1.4127,1.4131,1.4046,1.40565,155740.0
2010-10-12,1.4056,1.40985,1.39775,1.40555,180932.0
2010-10-13,1.40555,1.4106,1.39465,1.40195,145996.0
2010-10-14,1.40195,1.4161,1.40195,1.41045,195054.0
2010-10-15,1.41045,1.42055,1.4087,1.41145,156486.3
2010-10-16,1.41082,1.41082,1.41082,1.41082,0.0
2010-10-17,1.41145,1.41585,1.41124,1.4142,23341.8
2010-10-18,1.41415,1.4212,1.41105,1.4203,214825.0
2010-10-19,1.42025,1.4312,1.4155,1.41735,202300.0
2010-10-20,1.41735,1.4333,1.41695,1.4295,186752.0
2010-10-21,1.4296,1.43295,1.4233,1.4282,204837.0
2010-10-22,1.4281,1.43315,1.42585,1.4308,150177.5
2010-10-23,1.43085,1.43085,1.43085,1.43085,0.0
2010-10-24,1.4308,1.43464,1.42964,1.43163,47215.3
2010-10-25,1.43163,1.43476,1.41766,1.42013,147363.0
2010-10-26,1.4201,1.42579,1.41492,1.41765,90394.0
2010-10-27,1.41759,1.42485,1.41357,1.41673,123338.0
2010-10-28,1.41662,1.42668,1.41548,1.42108,156818.0
2010-10-29,1.42102,1.4238,1.41241,1.42069,90235.9
2010-10-30,1.42123,1.42123,1.42123,1.42123,0.0
2010-10-31,1.42069,1.42521,1.42045,1.42252,15248.4
2010-11-01,1.42277,1.42543,1.40682,1.4085,90239.0
2010-11-02,1.40853,1.41845,1.40603,1.41566,89089.0
2010-11-03,1.41566,1.43008,1.41156,1.42476,93907.0
2010-11-04,1.42479,1.43285,1.42183,1.42666,89677.0
2010-11-05,1.42662,1.42684,1.40153,1.40153,78058.7
2010-11-06,1.40289,1.40289,1.40289,1.40289,0.0
2010-11-07,1.40153,1.40817,1.40153,1.40736,18116.2
2010-11-08,1.40736,1.40793,1.39161,1.39229,85741.0
2010-11-09,1.39227,1.39733,1.38369,1.38632,91320.0
2010-11-10,1.38628,1.38739,1.3729,1.37799,92729.0
2010-11-11,1.37799,1.38194,1.3659,1.36756,88226.0
2010-11-12,1.36758,1.38811,1.36693,1.38504,91440.0
2010-11-13,1.38489,1.38489,1.38489,1.38489,0.0
2010-11-14,1.38504,1.38673,1.38158,1.38321,8808.6
2010-11-15,1.38319,1.3869,1.36799,1.37064,62762.0
2010-11-16,1.3706,1.38733,1.37002,1.379,72160.0
2010-11-17,1.37907,1.38771,1.37562,1.38666,55176.0
2010-11-18,1.38671,1.39334,1.38264,1.39089,55104.0
2010-11-19,1.39078,1.4,1.3889,1.3897,43386.6
2010-11-20,1.38958,1.38958,1.38958,1.38958,0.0
2010-11-21,1.3897,1.39725,1.38963,1.39624,8465.1
2010-11-22,1.39621,1.39679,1.38387,1.38601,41146.0
2010-11-23,1.38602,1.38757,1.36497,1.36742,55831.0
2010-11-24,1.36751,1.36838,1.34577,1.34877,59821.0
2010-11-25,1.34875,1.35107,1.34314,1.3457,40315.0
2010-11-26,1.34566,1.35505,1.34303,1.35101,52622.0
2010-11-27,1.35171,1.35171,1.35171,1.35171,0.0
2010-11-28,1.35101,1.35424,1.34582,1.34861,10936.0
2010-11-29,1.34865,1.3531,1.33434,1.33523,90434.0
2010-11-30,1.33523,1.33928,1.32581,1.33288,168530.0
2010-12-01,1.33296,1.33989,1.3308,1.33611,153141.0
2010-12-02,1.33615,1.33984,1.32035,1.3258,150959.0
2010-12-03,1.32573,1.3474,1.3239,1.34536,131936.5
2010-12-04,1.34627,1.34627,1.34627,1.34627,0.0
2010-12-05,1.34536,1.34663,1.34031,1.34483,14951.3
2010-12-06,1.34492,1.34513,1.33444,1.33641,141208.0
2010-12-07,1.33636,1.34522,1.33622,1.33932,130243.0
2010-12-08,1.33923,1.34198,1.33425,1.33911,146364.0
2010-12-09,1.33917,1.34525,1.33029,1.3376,125701.0
2010-12-10,1.3376,1.34036,1.33149,1.33398,101847.2
2010-12-11,1.33357,1.33357,1.33357,1.33357,0.0
2010-12-12,1.33398,1.33564,1.33166,1.33373,27034.0
2010-12-13,1.33373,1.35207,1.32902,1.34952,156569.0
2010-12-14,1.34954,1.35777,1.34375,1.34385,138057.0
2010-12-15,1.34385,1.34564,1.32564,1.32781,143931.0
2010-12-16,1.32783,1.3332,1.32589,1.33141,125066.0
2010-12-17,1.33143,1.34454,1.32805,1.3369,144660.8
2010-12-18,1.33477,1.33477,1.33477,1.33477,0.0
2010-12-19,1.3369,1.3369,1.33173,1.33238,13816.5
2010-12-20,1.33243,1.33991,1.3292,1.33494,149350.0
2010-12-21,1.33497,1.34361,1.33084,1.33208,147203.0
2010-12-22,1.33205,1.33614,1.32562,1.32814,128685.0
2010-12-23,1.32797,1.33064,1.31874,1.32438,108940.0
2010-12-24,1.32432,1.32694,1.31789,1.32249,58332.0
2010-12-25,1.32234,1.32234,1.32234,1.32234,0.0
2010-12-26,1.32249,1.32334,1.32009,1.32144,16343.7
2010-12-27,1.32144,1.32728,1.3209,1.32643,84004.0
2010-12-28,1.32641,1.33369,1.30916,1.31129,122100.0
2010-12-29,1.31135,1.32424,1.30881,1.32204,117018.0
2010-12-30,1.32204,1.33109,1.32174,1.32967,103776.0
2010-12-31,1.32967,1.33743,1.32647,1.33415,99745.18
2011-01-01,1.33496,1.33496,1.33496,1.33496,0.0
2011-01-02,1.33415,1.33415,1.32491,1.32603,9627.32
2011-01-03,1.32603,1.32752,1.31605,1.32539,109389.0
2011-01-04,1.32538,1.33535,1.32292,1.32792,159761.0
2011-01-05,1.32792,1.3294,1.3071,1.31099,150182.0
2011-01-06,1.31097,1.31146,1.29333,1.2946,146463.0
2011-01-07,1.29462,1.29932,1.27954,1.28169,148453.0
2011-01-08,1.28169,1.28169,1.28169,1.28169,0.0
2011-01-09,1.28169,1.28196,1.27577,1.27909,23188.39
2011-01-10,1.27905,1.28919,1.27804,1.28683,129576.0
2011-01-11,1.28683,1.28934,1.28103,1.28428,135796.0
2011-01-12,1.28424,1.29878,1.2776,1.29494,122867.0
2011-01-13,1.29493,1.32256,1.29164,1.32051,107358.0
2011-01-14,1.32055,1.3373,1.31862,1.32487,104194.0
2011-01-15,1.32626,1.32626,1.32626,1.32626,0.0
2011-01-16,1.32487,1.32487,1.31953,1.32115,10382.28
2011-01-17,1.32122,1.32124,1.30899,1.31104,94100.0
2011-01-18,1.31105,1.3319,1.30887,1.32725,135108.0
2011-01-19,1.3272,1.34375,1.3266,1.339,148517.0
2011-01-20,1.339,1.35116,1.33835,1.3422,143839.0
2011-01-21,1.34223,1.3554,1.34076,1.35191,110528.0
2011-01-22,1.35206,1.35206,1.35206,1.35206,0.0
2011-01-23,1.35191,1.35506,1.34974,1.35295,13211.93
2011-01-24,1.35303,1.36019,1.3493,1.35544,91755.0
2011-01-25,1.35541,1.36745,1.35049,1.36442,114408.0
2011-01-26,1.36442,1.366,1.35957,1.3635,99879.0
2011-01-27,1.36374,1.37072,1.35914,1.36571,101978.0
2011-01-28,1.36574,1.36802,1.35757,1.36224,100163.78
2011-01-29,1.36207,1.36207,1.36207,1.36207,0.0
2011-01-30,1.36224,1.36272,1.35807,1.36026,17301.56
2011-01-31,1.36026,1.37781,1.36014,1.37156,119897.0
2011-02-01,1.37158,1.37504,1.36725,1.3695,135895.0
2011-02-02,1.3695,1.3719,1.36097,1.36467,142386.0
2011-02-03,1.36467,1.36517,1.34777,1.34992,124328.0
2011-02-04,1.34997,1.3514,1.33509,1.34021,120290.96
2011-02-05,1.34057,1.34057,1.34057,1.34057,0.0
2011-02-06,1.34021,1.3413,1.33785,1.34044,12241.01
2011-02-07,1.34042,1.34658,1.3344,1.34599,122756.0
2011-02-08,1.34587,1.36137,1.34331,1.35568,129651.0
2011-02-09,1.35549,1.36594,1.35319,1.36383,110823.0
2011-02-10,1.36373,1.36515,1.35172,1.35456,132196.0
2011-02-11,1.35452,1.35531,1.33584,1.3375,112087.48
2011-02-12,1.33827,1.33827,1.33827,1.33827,0.0
2011-02-13,1.3375,1.33801,1.33281,1.33373,10176.08
2011-02-14,1.33377,1.33619,1.32424,1.33383,121036.0
2011-02-15,1.33383,1.33734,1.32946,1.33547,150028.0
2011-02-16,1.33543,1.33959,1.32886,1.33638,135872.0
2011-02-17,1.33638,1.34143,1.33114,1.34029,139468.0
2011-02-18,1.34029,1.35272,1.33095,1.3505,147733.38
2011-02-19,1.35108,1.35108,1.35108,1.35108,0.0
2011-02-20,1.3505,1.35179,1.34775,1.35087,8993.64
2011-02-21,1.35087,1.35098,1.34184,1.34428,92200.0
2011-02-22,1.34428,1.35432,1.33341,1.35324,182176.0
2011-02-23,1.35334,1.37102,1.35258,1.36022,165550.0
2011-02-24,1.36019,1.36129,1.35191,1.35723,179750.0
2011-02-25,1.35723,1.3588,1.34334,1.34413,136820.07
2011-02-26,1.34379,1.34379,1.34379,1.34379,0.0
2011-02-27,1.34413,1.34735,1.34229,1.34269,11330.69
2011-02-28,1.34269,1.35464,1.34009,1.3423,150940.0
2011-03-01,1.3423,1.34798,1.33871,1.34169,149719.0
2011-03-02,1.34164,1.35077,1.34051,1.34904,144320.0
2011-03-03,1.349,1.36083,1.34551,1.35752,135610.0
2011-03-04,1.35759,1.36154,1.35524,1.36089,124050.02
2011-03-05,1.36078,1.36078,1.36078,1.36078,0.0
2011-03-06,1.36089,1.36198,1.35909,1.3596,7715.87
2011-03-07,1.35966,1.36224,1.35632,1.35859,131550.0
2011-03-08,1.35859,1.36257,1.3489,1.34898,106574.0
2011-03-09,1.34902,1.35073,1.34466,1.34685,127223.0
2011-03-10,1.34685,1.34999,1.33891,1.34554,153322.0
2011-03-11,1.34554,1.35331,1.34084,1.35235,138350.39
2011-03-12,1.35166,1.35166,1.35166,1.35166,0.0
2011-03-13,1.35235,1.36044,1.35235,1.35684,16716.35
2011-03-14,1.35686,1.36575,1.35211,1.36291,124857.0
2011-03-15,1.36301,1.38373,1.36194,1.37624,194987.0
2011-03-16,1.37623,1.38586,1.36839,1.37784,180292.0
2011-03-17,1.37789,1.3889,1.37523,1.38099,168967.0
2011-03-18,1.38096,1.3974,1.37454,1.39486,143359.89
2011-03-19,1.39519,1.39519,1.39519,1.39519,0.0
2011-03-20,1.39486,1.39802,1.39358,1.39358,9796.33
2011-03-21,1.39358,1.39485,1.3811,1.39131,108168.0
2011-03-22,1.3914,1.39356,1.38746,1.39116,125058.0
2011-03-23,1.39116,1.39445,1.38182,1.38306,136814.0
2011-03-24,1.38306,1.38707,1.37763,1.38383,131613.0
2011-03-25,1.38379,1.38495,1.37682,1.38199,119247.35
2011-03-26,1.38121,1.38121,1.38121,1.38121,0.0
2011-03-27,1.38199,1.38199,1.3734,1.37743,12704.56
2011-03-28,1.37739,1.38188,1.37189,1.37629,112366.0
2011-03-29,1.37622,1.37923,1.37163,1.37519,118016.0
2011-03-30,1.37514,1.37559,1.36385,1.3731,136481.0
2011-03-31,1.3731,1.38067,1.37155,1.37293,134233.0
2011-04-01,1.37297,1.37462,1.35905,1.37043,129568.06
2011-04-02,1.37057,1.37057,1.37057,1.37057,0.0
2011-04-03,1.37043,1.37293,1.36964,1.37102,6866.82
2011-04-04,1.37099,1.37822,1.36723,1.37403,107626.0
2011-04-05,1.37403,1.37505,1.36583,1.37118,120473.0
2011-04-06,1.37116,1.37703,1.36917,1.37552,123233.0
2011-04-07,1.37552,1.37637,1.36644,1.37114,133903.0
2011-04-08,1.37118,1.38599,1.37013,1.38327,130760.37
2011-04-09,1.3832,1.3832,1.3832,1.3832,0.0
2011-04-10,1.38327,1.38501,1.37949,1.38299,9361.31
2011-04-11,1.38297,1.38401,1.37794,1.37967,110489.0
2011-04-12,1.37969,1.39888,1.379,1.39163,149290.0
2011-04-13,1.39166,1.39714,1.38834,1.39115,133205.0
2011-04-14,1.39111,1.39495,1.38658,1.39195,146456.0
2011-04-15,1.39195,1.39503,1.38316,1.38316,119007.96
2011-04-16,1.38407,1.38407,1.38407,1.38407,0.0
2011-04-17,1.38316,1.38476,1.38087,1.38203,11109.3
2011-04-18,1.38208,1.38451,1.37113,1.37283,142819.0
2011-04-19,1.37283,1.37725,1.3658,1.37183,138842.0
2011-04-20,1.37178,1.38642,1.37074,1.38177,142115.0
2011-04-21,1.38172,1.38883,1.38093,1.38647,131720.0
2011-04-22,1.38649,1.39007,1.38501,1.38886,29758.79
2011-04-23,1.38935,1.38935,1.38935,1.38935,0.0
2011-04-24,1.38886,1.38988,1.38467,1.38926,10391.87
2011-04-25,1.38928,1.39317,1.3848,1.38947,86635.0
2011-04-26,1.38938,1.39844,1.38515,1.39587,137638.0
2011-04-27,1.39589,1.40643,1.39347,1.40485,145280.0
2011-04-28,1.40478,1.41082,1.404,1.41025,137922.0
2011-04-29,1.41028,1.41721,1.3982,1.39866,105008.76
2011-04-30,1.39888,1.39888,1.39888,1.39888,0.0
2011-05-01,1.39866,1.4028,1.39783,1.40105,18422.77
2011-05-02,1.40105,1.41323,1.40018,1.4074,122513.0
2011-05-03,1.40737,1.41502,1.39974,1.41234,150144.0
2011-05-04,1.4123,1.42816,1.40959,1.42164,171626.0
2011-05-05,1.42165,1.43392,1.40372,1.4056,184873.0
2011-05-06,1.4056,1.40953,1.38274,1.383,198272.71
2011-05-07,1.38392,1.38392,1.38392,1.38392,0.0
2011-05-08,1.383,1.38871,1.38091,1.38575,14056.94
2011-05-09,1.38573,1.39253,1.379,1.38578,172401.0
2011-05-10,1.38578,1.38578,1.37615,1.37791,169658.0
2011-05-11,1.37789,1.37829,1.36332,1.36485,173630.0
2011-05-12,1.36485,1.37612,1.36395,1.3706,181504.0
2011-05-13,1.37062,1.37822,1.36527,1.36636,169199.36
2011-05-14,1.36718,1.36718,1.36718,1.36718,0.0
2011-05-15,1.36636,1.36674,1.36258,1.36455,12759.06
2011-05-16,1.36447,1.38361,1.36378,1.37946,179205.0
2011-05-17,1.37946,1.38734,1.37731,1.38666,188299.0
2011-05-18,1.38661,1.38837,1.38083,1.38211,166684.0
2011-05-19,1.38213,1.3875,1.37634,1.38516,170082.0
2011-05-20,1.38516,1.38623,1.3761,1.37867,163623.32
2011-05-21,1.37867,1.37867,1.37867,1.37867,0.0
2011-05-22,1.37925,1.37925,1.37323,1.37465,14717.57
2011-05-23,1.37466,1.37634,1.3677,1.37105,169638.0
2011-05-24,1.37105,1.38108,1.37051,1.37617,162406.0
2011-05-25,1.37612,1.37912,1.3717,1.37748,176866.0
2011-05-26,1.37748,1.3918,1.37748,1.3847,165124.0
2011-05-27,1.38471,1.39832,1.38334,1.39572,157406.7
2011-05-28,1.3969,1.3969,1.3969,1.3969,0.0
2011-05-29,1.39572,1.40137,1.39504,1.39578,10901.47
2011-05-30,1.39582,1.40118,1.3918,1.39903,76861.0
2011-05-31,1.39903,1.40275,1.39062,1.39553,152334.0
2011-06-01,1.39553,1.40599,1.39241,1.40139,165866.0
2011-06-02,1.40139,1.41677,1.40033,1.41328,154924.0
2011-06-03,1.41327,1.43184,1.41272,1.42935,153579.79
2011-06-04,1.43119,1.43119,1.43119,1.43119,0.0
2011-06-05,1.42935,1.43219,1.42789,1.43132,14573.46
2011-06-06,1.43132,1.4369,1.42747,1.42928,157326.0
2011-06-07,1.42932,1.43307,1.42812,1.43039,148880.0
2011-06-08,1.43037,1.4378,1.42598,1.42958,159026.0
2011-06-09,1.42958,1.43497,1.41061,1.41698,145691.0
2011-06-10,1.41698,1.4175,1.40111,1.40516,157039.52
2011-06-11,1.40446,1.40446,1.40446,1.40446,0.0
2011-06-12,1.40516,1.40516,1.39989,1.40412,14460.0
2011-06-13,1.40405,1.40918,1.39897,1.40719,148974.0
2011-06-14,1.40716,1.40977,1.39713,1.39852,165161.0
2011-06-15,1.39852,1.39884,1.3844,1.38801,211586.0
2011-06-16,1.38803,1.3967,1.38232,1.39337,210767.0
2011-06-17,1.39337,1.40477,1.39073,1.39984,204596.89
2011-06-18,1.40039,1.40039,1.40039,1.40039,0.0
2011-06-19,1.39984,1.40253,1.3961,1.3994,16199.26
2011-06-20,1.3994,1.40667,1.39621,1.40553,180977.0
2011-06-21,1.40557,1.40585,1.39663,1.398,178367.0
2011-06-22,1.398,1.40387,1.39413,1.39556,169240.0
2011-06-23,1.39565,1.39591,1.38434,1.39476,168402.0
2011-06-24,1.39472,1.40274,1.39192,1.40136,196481.3
2011-06-25,1.40155,1.40155,1.40155,1.40155,0.0
2011-06-26,1.40136,1.40393,1.39863,1.39988,15134.2
2011-06-27,1.39992,1.41211,1.39704,1.41033,200103.0
2011-06-28,1.4103,1.41596,1.40694,1.4087,211030.0
2011-06-29,1.40874,1.41176,1.39413,1.40043,190226.0
2011-06-30,1.40044,1.40461,1.39441,1.39573,167009.0
2011-07-01,1.39577,1.3993,1.38967,1.39185,138378.54
2011-07-02,1.39173,1.39173,1.39173,1.39173,0.0
2011-07-03,1.39185,1.39671,1.39107,1.396,14320.27
2011-07-04,1.39598,1.39796,1.3914,1.39629,98541.0
2011-07-05,1.39629,1.39651,1.38608,1.38941,146088.0
2011-07-06,1.38944,1.39242,1.37995,1.38293,144069.0
2011-07-07,1.38294,1.38625,1.36604,1.37575,147824.0
2011-07-08,1.37573,1.38414,1.36429,1.37281,143408.5
2011-07-09,1.37086,1.37086,1.37086,1.37086,0.0
2011-07-10,1.37281,1.37281,1.36414,1.36839,13089.53
2011-07-11,1.3685,1.37013,1.35443,1.36016,170759.0
2011-07-12,1.36016,1.36063,1.34628,1.34915,220890.0
2011-07-13,1.349,1.36574,1.34659,1.36434,188887.0
2011-07-14,1.36439,1.36542,1.35493,1.35861,184090.0
2011-07-15,1.35856,1.36115,1.34777,1.34889,143879.78
2011-07-16,1.34917,1.34917,1.34917,1.34917,0.0
2011-07-17,1.34889,1.34947,1.34532,1.34819,13207.69
2011-07-18,1.34819,1.35595,1.34469,1.35382,153055.0
2011-07-19,1.35382,1.35826,1.34194,1.34686,159422.0
2011-07-20,1.3468,1.35066,1.34351,1.34911,144263.0
2011-07-21,1.34908,1.36224,1.34066,1.36039,166762.0
2011-07-22,1.36041,1.36862,1.35723,1.36057,137243.68
2011-07-23,1.36054,1.36054,1.36054,1.36054,0.0
2011-07-24,1.36057,1.36761,1.36043,1.36671,12329.96
2011-07-25,1.36667,1.37072,1.3553,1.36133,131243.0
2011-07-26,1.36129,1.3703,1.35996,1.36925,146331.0
2011-07-27,1.36927,1.37135,1.35886,1.36398,148654.0
2011-07-28,1.36397,1.36473,1.35093,1.36141,153613.0
2011-07-29,1.36136,1.37712,1.35238,1.37499,162822.05
2011-07-30,1.37545,1.37545,1.37545,1.37545,0.0
2011-07-31,1.37499,1.37656,1.36617,1.36617,11659.83
2011-08-01,1.36614,1.37397,1.36098,1.36316,142341.0
2011-08-02,1.36313,1.36867,1.35483,1.36419,159545.0
2011-08-03,1.36415,1.38125,1.36169,1.37898,183443.0
2011-08-04,1.37898,1.38795,1.37185,1.37963,213022.0
2011-08-05,1.37965,1.4022,1.37809,1.4019,214372.4
2011-08-06,1.40105,1.40105,1.40105,1.40105,0.0
2011-08-07,1.4019,1.41619,1.40087,1.40719,25017.32
2011-08-08,1.40717,1.41113,1.39803,1.40763,224885.0
2011-08-09,1.40764,1.42374,1.40094,1.40818,250861.0
2011-08-10,1.40814,1.41754,1.40031,1.40329,218033.0
2011-08-11,1.40329,1.41491,1.39969,1.40204,238437.0
2011-08-12,1.40204,1.41223,1.39934,1.40546,161108.35
2011-08-13,1.40627,1.40627,1.40627,1.40627,0.0
2011-08-14,1.40546,1.41182,1.40495,1.41146,8073.03
2011-08-15,1.41136,1.426,1.40902,1.41665,149367.0
2011-08-16,1.41665,1.41934,1.41157,1.41369,161679.0
2011-08-17,1.4137,1.41982,1.4086,1.41481,152106.0
2011-08-18,1.4148,1.42481,1.41168,1.41845,172060.0
2011-08-19,1.4185,1.42518,1.41334,1.42486,164453.22
2011-08-20,1.42456,1.42456,1.42456,1.42456,0.0
2011-08-21,1.42486,1.42526,1.42122,1.42275,14080.25
2011-08-22,1.42275,1.42433,1.41771,1.42187,141192.0
2011-08-23,1.42186,1.43124,1.42009,1.42632,161121.0
2011-08-24,1.42632,1.42989,1.4215,1.42277,159227.0
2011-08-25,1.42275,1.42808,1.41211,1.42035,162048.0
2011-08-26,1.42038,1.43035,1.4173,1.42234,149034.17
2011-08-27,1.42237,1.42237,1.42237,1.42237,0.0
2011-08-28,1.42234,1.42448,1.41884,1.41957,12219.06
2011-08-29,1.41959,1.42331,1.41425,1.41774,123528.0
2011-08-30,1.41766,1.41922,1.40732,1.41279,140607.0
2011-08-31,1.41281,1.41494,1.40291,1.40542,126939.0
2011-09-01,1.40542,1.4067,1.3883,1.39268,140374.0
2011-09-02,1.39265,1.39998,1.38998,1.39905,147905.92
2011-09-03,1.39917,1.39917,1.39917,1.39917,0.0
2011-09-04,1.39905,1.39965,1.3931,1.39631,11098.26
2011-09-05,1.39634,1.39984,1.39315,1.39465,106973.0
2011-09-06,1.39462,1.40948,1.38435,1.38582,162905.0
2011-09-07,1.38575,1.39486,1.38474,1.38619,136435.0
2011-09-08,1.38619,1.3876,1.37163,1.37461,144035.0
2011-09-09,1.3746,1.3765,1.35898,1.36059,153248.94
2011-09-10,1.36067,1.36067,1.36067,1.36067,0.0
2011-09-11,1.36059,1.36078,1.35165,1.35577,15769.56
2011-09-12,1.35575,1.36901,1.34924,1.354,186282.0
2011-09-13,1.354,1.36087,1.34796,1.34991,181146.0
2011-09-14,1.34991,1.36383,1.34647,1.36144,182114.0
2011-09-15,1.36145,1.37133,1.35998,1.36601,160977.0
2011-09-16,1.36608,1.3662,1.34825,1.34868,134668.0
2011-09-17,1.34829,1.34829,1.34829,1.34829,0.0
2011-09-18,1.34868,1.34923,1.33851,1.34404,15599.0
2011-09-19,1.34407,1.35661,1.33962,1.3518,157335.0
2011-09-20,1.35183,1.36093,1.3502,1.36071,138090.0
2011-09-21,1.36071,1.37734,1.3576,1.36873,170342.0
2011-09-22,1.3688,1.39316,1.36787,1.38511,199589.0
2011-09-23,1.38507,1.39309,1.38066,1.38724,174191.66
2011-09-24,1.38726,1.38726,1.38726,1.38726,0.0
2011-09-25,1.38724,1.39216,1.38642,1.38844,12159.09
2011-09-26,1.38843,1.39841,1.38329,1.38433,211630.0
2011-09-27,1.38434,1.39308,1.38219,1.38692,191531.0
2011-09-28,1.38688,1.40214,1.38595,1.40036,168295.0
2011-09-29,1.40026,1.41043,1.39912,1.40961,160515.0
2011-09-30,1.40963,1.413,1.39528,1.40525,152183.0
2011-10-01,1.4056,1.40564,1.40525,1.40525,113.39
2011-10-02,1.4048,1.40488,1.39637,1.39911,18049.69
2011-10-03,1.39906,1.4017,1.38536,1.39029,169462.0
2011-10-04,1.3904,1.41171,1.38866,1.40426,163354.0
2011-10-05,1.40422,1.40553,1.38683,1.39045,144455.0
2011-10-06,1.39023,1.40095,1.38241,1.39334,144928.0
2011-10-07,1.39322,1.3982,1.38279,1.39028,132188.07
2011-10-08,1.3896,1.3896,1.3896,1.3896,0.0
2011-10-09,1.39028,1.39208,1.38751,1.3881,14795.13
2011-10-10,1.38816,1.40611,1.387,1.40031,155377.93
2011-10-11,1.40031,1.40811,1.39758,1.40372,170402.12
2011-10-12,1.40372,1.40817,1.39737,1.40211,172338.88
2011-10-13,1.40211,1.40765,1.40056,1.40557,173712.06
2011-10-14,1.40556,1.40765,1.39666,1.39995,147452.8
2011-10-15,1.40059,1.40059,1.40059,1.40059,0.0
2011-10-16,1.39995,1.4032,1.39995,1.40187,12354.47
2011-10-17,1.40187,1.40712,1.39218,1.40491,162489.42
2011-10-18,1.40491,1.40848,1.39267,1.39405,171047.82
2011-10-19,1.39405,1.40409,1.39344,1.40188,157237.97
2011-10-20,1.40195,1.40476,1.3935,1.40116,176638.77
2011-10-21,1.40116,1.40232,1.39366,1.39838,140150.42
2011-10-22,1.39777,1.39777,1.39777,1.39777,0.0
2011-10-23,1.39838,1.40039,1.39487,1.39619,12805.38
2011-10-24,1.39617,1.40269,1.39124,1.39675,137742.22
2011-10-25,1.39677,1.41751,1.39063,1.41252,150878.87
2011-10-26,1.41246,1.41668,1.39265,1.3932,147522.85
2011-10-27,1.3932,1.41248,1.39244,1.40712,163428.49
2011-10-28,1.40712,1.41172,1.40218,1.40256,125590.25
2011-10-29,1.40252,1.40252,1.40252,1.40252,0.0
2011-10-30,1.40256,1.40525,1.40152,1.40496,3783.76
2011-10-31,1.40499,1.40646,1.37826,1.38438,168986.65
2011-11-01,1.38437,1.39993,1.38113,1.39387,216433.62
2011-11-02,1.3938,1.40317,1.39161,1.39341,191647.71
2011-11-03,1.39341,1.39819,1.38265,1.39334,192819.28
2011-11-04,1.39332,1.41212,1.39227,1.40479,160068.53
2011-11-05,1.4045,1.4045,1.4045,1.4045,0.0
2011-11-06,1.40479,1.40612,1.39975,1.40176,11438.94
2011-11-07,1.40183,1.40448,1.39432,1.39495,168346.33
2011-11-08,1.39495,1.403,1.39117,1.39537,166176.09
2011-11-09,1.39537,1.39873,1.3811,1.38479,202029.09
2011-11-10,1.38474,1.39238,1.38275,1.38316,193124.24
2011-11-11,1.38323,1.39593,1.38265,1.38903,153176.93
2011-11-12,1.38871,1.38871,1.38871,1.38871,0.0
2011-11-13,1.38903,1.39295,1.38872,1.39158,15305.44
2011-11-14,1.39158,1.39786,1.38409,1.38537,207432.0
2011-11-15,1.38534,1.38822,1.37979,1.38116,216917.79
2011-11-16,1.38118,1.38621,1.37583,1.37798,237841.46
2011-11-17,1.37795,1.38602,1.37684,1.38498,237362.99
2011-11-18,1.38498,1.39262,1.38415,1.3893,204026.1
2011-11-19,1.38926,1.38926,1.38926,1.38926,0.0
2011-11-20,1.3893,1.39123,1.38628,1.39099,17327.53
2011-11-21,1.39101,1.40566,1.38662,1.40143,214397.45
2011-11-22,1.40141,1.40742,1.39847,1.40297,212384.23
2011-11-23,1.40297,1.40581,1.39476,1.39868,214508.75
2011-11-24,1.39866,1.40246,1.39374,1.39716,149562.84
2011-11-25,1.3972,1.39752,1.38485,1.38531,172822.96
2011-11-26,1.38502,1.38502,1.38502,1.38502,0.0
2011-11-27,1.38531,1.39232,1.38523,1.3856,22039.18
2011-11-28,1.38564,1.38703,1.37635,1.37786,214163.79
2011-11-29,1.37784,1.38252,1.37078,1.3752,212133.76
2011-11-30,1.37522,1.37764,1.36571,1.36863,219797.15
2011-12-01,1.36863,1.37634,1.3645,1.36581,201987.26
2011-12-02,1.36581,1.37098,1.35856,1.36494,193253.91
2011-12-03,1.36425,1.36425,1.36425,1.36425,0.0
2011-12-04,1.36494,1.36605,1.36173,1.36463,9278.25
2011-12-05,1.36465,1.36784,1.36095,1.36149,164390.86
2011-12-06,1.36149,1.36573,1.35198,1.35319,190065.53
2011-12-07,1.3532,1.35602,1.35017,1.35274,181960.8
2011-12-08,1.35279,1.36643,1.34786,1.36466,196113.24
2011-12-09,1.36466,1.37128,1.36051,1.36051,198346.98
2011-12-10,1.361,1.361,1.361,1.361,0.0
2011-12-11,1.36051,1.36456,1.36051,1.36165,13949.35
2011-12-12,1.36168,1.3638,1.35209,1.35299,198687.56
2011-12-13,1.35299,1.35598,1.34403,1.34659,211726.22
2011-12-14,1.34659,1.3519,1.34536,1.34905,204075.22
2011-12-15,1.34909,1.35082,1.344,1.34639,185705.8
2011-12-16,1.3464,1.35459,1.34256,1.35436,123709.44
2011-12-17,1.35412,1.35412,1.35412,1.35412,0.0
2011-12-18,1.35436,1.35444,1.35087,1.35378,10825.97
2011-12-19,1.35378,1.35535,1.34701,1.34977,163830.94
2011-12-20,1.34977,1.35235,1.34418,1.34608,161630.48
2011-12-21,1.34608,1.34809,1.33779,1.33949,152402.39
2011-12-22,1.33946,1.3435,1.33106,1.33293,113706.25
2011-12-23,1.33293,1.33594,1.32758,1.33115,74481.07
2011-12-24,1.33111,1.33111,1.33111,1.33111,0.0
2011-12-25,1.33115,1.33266,1.32767,1.33056,607.38
2011-12-26,1.33071,1.33663,1.32806,1.33053,16372.17
2011-12-27,1.33054,1.33575,1.32927,1.33212,57206.73
2011-12-28,1.33205,1.33322,1.31975,1.32571,116220.88
2011-12-29,1.32571,1.32587,1.31714,1.3217,113746.88
2011-12-30,1.32167,1.32425,1.31541,1.32256,90496.7
2011-12-31,1.32328,1.32328,1.32328,1.32328,0.0
2012-01-01,1.32256,1.32289,1.31625,1.31764,1865.11
2012-01-02,1.31742,1.32185,1.31588,1.3159,26094.17
2012-01-03,1.31578,1.32172,1.31462,1.32017,136134.07
2012-01-04,1.32017,1.32314,1.30789,1.31051,144093.57
2012-01-05,1.31057,1.31138,1.30036,1.30455,167229.09
2012-01-06,1.30455,1.30844,1.29885,1.30758,134480.87
2012-01-07,1.30732,1.30732,1.30732,1.30732,0.0
2012-01-08,1.30758,1.30758,1.30291,1.30456,14752.16
2012-01-09,1.30458,1.31405,1.30458,1.30595,161071.91
2012-01-10,1.30593,1.30639,1.29678,1.29728,158016.22
2012-01-11,1.29728,1.29823,1.29067,1.29537,172969.54
2012-01-12,1.29537,1.30882,1.29398,1.30541,171419.08
2012-01-13,1.30541,1.30961,1.295,1.29689,198093.6
2012-01-14,1.29616,1.29616,1.29616,1.29616,0.0
2012-01-15,1.29689,1.29689,1.29282,1.29552,12392.3
2012-01-16,1.29553,1.29677,1.2874,1.28894,145710.73
2012-01-17,1.28892,1.29766,1.28855,1.29358,202811.24
2012-01-18,1.29358,1.30482,1.29304,1.30139,215932.3
2012-01-19,1.30139,1.31188,1.29809,1.31144,206057.73
2012-01-20,1.31144,1.31493,1.30718,1.3099,171639.06
2012-01-21,1.30957,1.30957,1.30957,1.30957,0.0
2012-01-22,1.3099,1.3099,1.30341,1.30825,10879.79
2012-01-23,1.30825,1.3143,1.30531,1.31218,164809.9
2012-01-24,1.31223,1.31822,1.31081,1.31549,159382.55
2012-01-25,1.31549,1.31928,1.31121,1.31656,168920.38
2012-01-26,1.31662,1.3186,1.3109,1.31242,158540.68
2012-01-27,1.31235,1.32507,1.31138,1.32294,159553.17
2012-01-28,1.32384,1.32384,1.32384,1.32384,0.0
2012-01-29,1.32294,1.32452,1.32233,1.32239,12923.74
2012-01-30,1.32239,1.32379,1.31512,1.31678,173415.36
2012-01-31,1.31678,1.32051,1.31015,1.31185,187952.09
2012-02-01,1.31185,1.31785,1.30861,1.31381,176511.09
2012-02-02,1.31377,1.31691,1.30956,1.31294,165175.85
2012-02-03,1.31294,1.32089,1.30267,1.30717,165416.5
2012-02-04,1.30667,1.30667,1.30667,1.30667,0.0
2012-02-05,1.30717,1.30717,1.30192,1.30385,14229.12
2012-02-06,1.30384,1.30916,1.29969,1.30703,154925.56
2012-02-07,1.30703,1.31969,1.30497,1.31827,186184.25
2012-02-08,1.31832,1.32273,1.31701,1.32005,174881.59
2012-02-09,1.32002,1.32437,1.31857,1.3214,202591.64
2012-02-10,1.3214,1.32515,1.31886,1.32115,204741.18
2012-02-11,1.32143,1.32143,1.32143,1.32143,0.0
2012-02-12,1.32115,1.32575,1.32072,1.32413,24291.77
2012-02-13,1.32412,1.32536,1.31546,1.31682,209536.4
2012-02-14,1.31682,1.31967,1.3103,1.31117,232732.45
2012-02-15,1.31113,1.31302,1.30198,1.30616,247824.44
2012-02-16,1.30613,1.31049,1.30212,1.30858,238623.88
2012-02-17,1.30858,1.31292,1.30668,1.30943,196133.31
2012-02-18,1.31055,1.31055,1.31055,1.31055,0.0
2012-02-19,1.30943,1.31288,1.30792,1.31134,17989.81
2012-02-20,1.31128,1.31833,1.30988,1.31372,126353.6
2012-02-21,1.31372,1.32162,1.31336,1.32012,201044.29
2012-02-22,1.32014,1.32533,1.31778,1.32475,190766.06
2012-02-23,1.32471,1.33449,1.32382,1.33373,161243.17
2012-02-24,1.33373,1.34641,1.33295,1.34386,160278.03
2012-02-25,1.34303,1.34303,1.34303,1.34303,0.0
2012-02-26,1.34386,1.34662,1.34254,1.34632,13769.84
2012-02-27,1.34628,1.34798,1.33661,1.33827,181782.98
2012-02-28,1.33836,1.34153,1.33509,1.33966,179705.97
2012-02-29,1.33966,1.33978,1.31625,1.31709,200637.14
2012-03-01,1.31709,1.32033,1.30961,1.31297,185081.14
2012-03-02,1.31292,1.31369,1.30266,1.30521,162149.87
2012-03-03,1.30504,1.30504,1.30504,1.30504,0.0
2012-03-04,1.30521,1.30723,1.30287,1.30476,13815.33
2012-03-05,1.30476,1.31613,1.30474,1.31435,170728.45
2012-03-06,1.31435,1.31673,1.3118,1.31364,187946.12
2012-03-07,1.3136,1.3164,1.31131,1.31197,166951.31
2012-03-08,1.31197,1.32081,1.31006,1.31453,174749.54
2012-03-09,1.31453,1.31507,1.29551,1.29991,160909.98
2012-03-10,1.29934,1.29934,1.29934,1.29934,0.0
2012-03-11,1.29991,1.30018,1.29759,1.29951,13813.67
2012-03-12,1.29955,1.30769,1.29787,1.30575,148235.66
2012-03-13,1.30572,1.30634,1.2923,1.29278,170145.06
2012-03-14,1.29278,1.29763,1.28931,1.29417,168252.21
2012-03-15,1.29417,1.30061,1.29265,1.29765,168137.65
2012-03-16,1.29765,1.30891,1.29652,1.30616,140864.37
2012-03-17,1.30655,1.30655,1.30655,1.30655,0.0
2012-03-18,1.30616,1.30683,1.30285,1.30587,10535.59
2012-03-19,1.30587,1.31175,1.30315,1.30659,133364.04
2012-03-20,1.30659,1.31695,1.30653,1.31196,152225.02
2012-03-21,1.31197,1.31408,1.30812,1.3113,158178.55
2012-03-22,1.31129,1.32016,1.3082,1.31885,179129.42
2012-03-23,1.31882,1.32898,1.31762,1.3238,163554.52
2012-03-24,1.32447,1.32447,1.32447,1.32447,0.0
2012-03-25,1.3238,1.32483,1.32303,1.32368,10783.08
2012-03-26,1.32373,1.32563,1.31788,1.3242,168208.3
2012-03-27,1.3242,1.32722,1.32119,1.32706,153933.71
2012-03-28,1.32706,1.33185,1.32368,1.32966,173391.82
2012-03-29,1.32961,1.33188,1.32463,1.32714,169808.54
2012-03-30,1.32714,1.3333,1.32679,1.33191,141318.85
2012-03-31,1.33173,1.33173,1.33173,1.33173,0.0
2012-04-01,1.33191,1.33191,1.3291,1.33068,10907.52
2012-04-02,1.33068,1.33304,1.31833,1.31981,150829.27
2012-04-03,1.31985,1.3244,1.31008,1.31063,184089.23
2012-04-04,1.3106,1.31226,1.30606,1.30964,185774.44
2012-04-05,1.30964,1.3114,1.29443,1.29732,148331.93
2012-04-06,1.29729,1.3079,1.29551,1.30464,62196.52
2012-04-07,1.30468,1.30468,1.30468,1.30468,0.0
2012-04-08,1.3053,1.30678,1.29988,1.30462,8831.07
2012-04-09,1.30467,1.30913,1.30054,1.30644,90167.4
2012-04-10,1.30644,1.31436,1.30468,1.3136,199155.24
2012-04-11,1.3136,1.31765,1.31246,1.31625,180343.3
2012-04-12,1.31625,1.31696,1.31033,1.31184,179178.43
2012-04-13,1.3118,1.31237,1.30383,1.30699,163945.7
2012-04-14,1.30686,1.30686,1.30686,1.30686,0.0
2012-04-15,1.30699,1.30699,1.30289,1.30319,14247.37
2012-04-16,1.30319,1.31457,1.30056,1.31237,193144.02
2012-04-17,1.31237,1.31405,1.29495,1.29908,185210.64
2012-04-18,1.29905,1.3014,1.29299,1.29992,177066.66
2012-04-19,1.29992,1.3081,1.29638,1.30704,187872.44
2012-04-20,1.30707,1.31264,1.30651,1.311,155938.17
2012-04-21,1.31127,1.31127,1.31127,1.31127,0.0
2012-04-22,1.311,1.31171,1.30681,1.31157,8545.7
2012-04-23,1.31157,1.3122,1.30286,1.30331,162453.81
2012-04-24,1.30328,1.30695,1.30188,1.3022,164633.32
2012-04-25,1.30223,1.3055,1.29655,1.30015,164400.68
2012-04-26,1.30015,1.30343,1.29621,1.3005,157286.09
2012-04-27,1.30046,1.3037,1.29785,1.2993,151962.33
2012-04-28,1.30034,1.30034,1.30034,1.30034,0.0
2012-04-29,1.2993,1.2993,1.29668,1.2988,7457.4
2012-04-30,1.29885,1.30898,1.29707,1.30765,133080.7
2012-05-01,1.30761,1.31367,1.30045,1.30478,101666.43
2012-05-02,1.30474,1.30487,1.29562,1.29733,146720.63
2012-05-03,1.29733,1.30063,1.2889,1.29962,141852.24
2012-05-04,1.29962,1.30807,1.29506,1.30289,139772.29
2012-05-05,1.30131,1.30131,1.30131,1.30131,0.0
2012-05-06,1.30289,1.30289,1.29253,1.29375,21288.98
2012-05-07,1.29375,1.29983,1.29375,1.29617,161883.48
2012-05-08,1.29611,1.30261,1.29427,1.29882,181955.05
2012-05-09,1.29882,1.30395,1.29519,1.29605,209426.11
2012-05-10,1.29605,1.2993,1.29363,1.29727,184249.23
2012-05-11,1.29727,1.30106,1.28805,1.29216,177480.27
2012-05-12,1.29235,1.29235,1.29235,1.29235,0.0
2012-05-13,1.29216,1.29216,1.28858,1.29035,13800.68
2012-05-14,1.29032,1.29366,1.2857,1.28592,185711.04
2012-05-15,1.28592,1.28777,1.27837,1.2824,201850.37
2012-05-16,1.2824,1.28876,1.28088,1.2884,236026.53
2012-05-17,1.2884,1.29474,1.2854,1.29362,202394.08
2012-05-18,1.29367,1.30686,1.28954,1.3058,222178.5
2012-05-19,1.30677,1.30677,1.3058,1.3058,0.0
2012-05-20,1.3058,1.30681,1.30268,1.30439,15575.79
2012-05-21,1.30439,1.3063,1.30063,1.30386,197150.56
2012-05-22,1.30386,1.3041,1.29346,1.29414,209808.43
2012-05-23,1.29417,1.29686,1.28729,1.28901,248997.72
2012-05-24,1.28908,1.29361,1.28621,1.28674,234749.25
2012-05-25,1.28671,1.29168,1.2864,1.28811,197987.29
2012-05-26,1.28777,1.28777,1.28777,1.28777,0.0
2012-05-27,1.28811,1.2922,1.28811,1.28922,17375.86
2012-05-28,1.28922,1.29226,1.28307,1.28424,141472.28
2012-05-29,1.28424,1.28532,1.27559,1.2774,217178.97
2012-05-30,1.27744,1.28055,1.27286,1.27476,231152.5
2012-05-31,1.27476,1.28097,1.27312,1.27713,216900.12
2012-06-01,1.27719,1.29465,1.27602,1.29409,236188.42
2012-06-02,1.29409,1.29409,1.29409,1.29409,0.0
2012-06-03,1.29409,1.2948,1.28892,1.29473,19529.26
2012-06-04,1.29473,1.30341,1.29053,1.30003,189692.24
2012-06-05,1.30003,1.30059,1.29068,1.29206,215702.22
2012-06-06,1.29206,1.29363,1.28876,1.29332,235447.86
2012-06-07,1.29336,1.29422,1.28542,1.29101,219983.46
2012-06-08,1.29105,1.2919,1.28334,1.28424,221894.58
2012-06-09,1.28424,1.28424,1.28412,1.28412,0.0
2012-06-10,1.28424,1.29467,1.28385,1.29178,18281.88
2012-06-11,1.29178,1.29195,1.28455,1.28626,224315.56
2012-06-12,1.28622,1.28874,1.28049,1.28339,222936.69
2012-06-13,1.28339,1.29486,1.28202,1.29337,217388.56
2012-06-14,1.29337,1.29386,1.28832,1.29207,214844.85
2012-06-15,1.29207,1.29559,1.28939,1.29081,187124.66
2012-06-16,1.29081,1.29081,1.29081,1.29081,0.0
2012-06-17,1.29081,1.30058,1.29081,1.29649,22598.56
2012-06-18,1.2965,1.29789,1.28684,1.28764,211308.18
2012-06-19,1.28765,1.29527,1.28693,1.29081,209238.64
2012-06-20,1.29086,1.29657,1.29042,1.29308,207961.04
2012-06-21,1.29308,1.29585,1.28822,1.29095,232075.76
2012-06-22,1.29095,1.29187,1.28579,1.28728,185257.11
2012-06-23,1.28728,1.28728,1.28728,1.28728,0.0
2012-06-24,1.28728,1.28874,1.28611,1.2871,12200.94
2012-06-25,1.28706,1.28829,1.28274,1.28629,169360.75
2012-06-26,1.28629,1.28743,1.27867,1.27873,196314.34
2012-06-27,1.27873,1.28225,1.27723,1.27841,176811.6
2012-06-28,1.27841,1.28684,1.27459,1.28589,222149.64
2012-06-29,1.28589,1.29769,1.28514,1.28742,244165.46
2012-06-30,1.28742,1.28742,1.28742,1.28742,0.0
2012-07-01,1.28669,1.28912,1.28607,1.28828,16187.77
2012-07-02,1.28828,1.28852,1.27849,1.27944,178472.71
2012-07-03,1.27944,1.28036,1.27398,1.27569,153536.32
2012-07-04,1.27569,1.27653,1.26634,1.2685,134442.09
2012-07-05,1.26848,1.27017,1.25317,1.25705,186535.36
2012-07-06,1.25705,1.25831,1.25008,1.25223,164550.16
2012-07-07,1.25223,1.25223,1.25223,1.25223,0.0
2012-07-08,1.25223,1.25263,1.24586,1.25123,10437.09
2012-07-09,1.25123,1.25701,1.25114,1.2555,136211.92
2012-07-10,1.2555,1.25579,1.24926,1.25283,158453.05
2012-07-11,1.25283,1.2538,1.24675,1.24808,160981.88
2012-07-12,1.24808,1.24974,1.24167,1.24324,174590.74
2012-07-13,1.24328,1.24434,1.23768,1.24139,159085.18
2012-07-14,1.24139,1.24139,1.24139,1.24139,0.0
2012-07-15,1.24139,1.24351,1.24128,1.24179,9213.79
2012-07-16,1.24179,1.24686,1.2364,1.24507,141286.48
2012-07-17,1.24504,1.24998,1.23926,1.24427,160912.81
2012-07-18,1.24425,1.24494,1.23869,1.24,158439.63
2012-07-19,1.24,1.24358,1.2323,1.23714,168733.28
2012-07-20,1.23714,1.23736,1.22892,1.23089,157694.6
2012-07-21,1.23089,1.23089,1.23089,1.23089,0.0
2012-07-22,1.23089,1.23089,1.227,1.23009,16564.9
2012-07-23,1.23009,1.23513,1.22828,1.23438,187844.3
2012-07-24,1.23438,1.23557,1.22877,1.23332,181771.04
2012-07-25,1.23332,1.23864,1.23109,1.23322,185662.82
2012-07-26,1.23323,1.24345,1.23067,1.24011,185329.36
2012-07-27,1.24011,1.24512,1.23455,1.23575,195907.29
2012-07-28,1.23575,1.23575,1.23575,1.23575,0.0
2012-07-29,1.23575,1.23616,1.23431,1.23556,5421.92
2012-07-30,1.23556,1.23616,1.22692,1.22783,156309.9
2012-07-31,1.22783,1.23527,1.22716,1.2334,170290.94
2012-08-01,1.2334,1.23479,1.22781,1.22975,158748.05
2012-08-02,1.22975,1.23963,1.21963,1.22675,172213.6
2012-08-03,1.22677,1.24091,1.22352,1.23978,169904.01
2012-08-04,1.23978,1.23978,1.23978,1.23978,0.0
2012-08-05,1.23978,1.24426,1.23891,1.24333,12051.14
2012-08-06,1.24332,1.24343,1.23592,1.23972,145600.23
2012-08-07,1.2397,1.24143,1.23487,1.23529,149571.41
2012-08-08,1.23529,1.23655,1.22829,1.23107,147612.86
2012-08-09,1.23105,1.23173,1.21725,1.21872,152418.45
2012-08-10,1.21872,1.22235,1.21702,1.2173,132163.7
2012-08-11,1.2173,1.2173,1.2173,1.2173,0.0
2012-08-12,1.2173,1.21945,1.21629,1.21718,7679.45
2012-08-13,1.21718,1.22835,1.21608,1.22378,129571.42
2012-08-14,1.22373,1.22844,1.22171,1.22261,127080.1
2012-08-15,1.22266,1.22534,1.21437,1.21588,97623.27
2012-08-16,1.21588,1.22268,1.21285,1.21908,108208.75
2012-08-17,1.21905,1.2229,1.21508,1.2193,98509.48
2012-08-18,1.2193,1.2193,1.2193,1.2193,0.0
2012-08-19,1.2193,1.22151,1.21874,1.21921,7536.87
2012-08-20,1.21922,1.22273,1.21599,1.22109,94562.64
2012-08-21,1.22105,1.23496,1.21944,1.23479,124640.58
2012-08-22,1.2348,1.24365,1.23323,1.24173,140384.14
2012-08-23,1.24171,1.24989,1.23984,1.24833,146793.15
2012-08-24,1.24835,1.24898,1.23999,1.24142,123957.84
2012-08-25,1.24142,1.24142,1.24142,1.24142,0.0
2012-08-26,1.24142,1.24167,1.23957,1.24065,7274.36
2012-08-27,1.24068,1.24112,1.23768,1.23818,93189.16
2012-08-28,1.23818,1.24221,1.23572,1.24194,125624.06
2012-08-29,1.24193,1.24319,1.23597,1.24018,109174.79
2012-08-30,1.2402,1.24549,1.23994,1.24196,122474.97
2012-08-31,1.24196,1.24927,1.23869,1.2397,140967.9
2012-09-01,1.2397,1.2397,1.2397,1.2397,0.0
2012-09-02,1.2397,1.24191,1.23925,1.24,9159.26
2012-09-03,1.24003,1.24352,1.23813,1.24124,86576.85
2012-09-04,1.24125,1.24427,1.23657,1.23689,124342.66
2012-09-05,1.23689,1.25175,1.2352,1.24832,144112.96
2012-09-06,1.24836,1.25042,1.23796,1.2415,159725.23
2012-09-07,1.24153,1.25451,1.23978,1.25383,138346.12
2012-09-08,1.25383,1.25383,1.25383,1.25383,0.0
2012-09-09,1.25383,1.25383,1.25102,1.25177,4292.38
2012-09-10,1.25174,1.2521,1.24645,1.24664,105061.78
2012-09-11,1.24664,1.25185,1.24192,1.25103,129784.16
2012-09-12,1.25105,1.25963,1.24721,1.25938,134751.83
2012-09-13,1.25939,1.26287,1.25471,1.25822,130113.9
2012-09-14,1.25822,1.27635,1.25647,1.27589,140963.91
2012-09-15,1.27589,1.27589,1.27589,1.27589,0.0
2012-09-16,1.27589,1.27589,1.27159,1.27429,8257.42
2012-09-17,1.27431,1.28007,1.2721,1.27754,114598.73
2012-09-18,1.27756,1.27769,1.26994,1.27198,118310.5
2012-09-19,1.27196,1.27499,1.26629,1.27322,117728.7
2012-09-20,1.27322,1.27341,1.26516,1.26648,123796.58
2012-09-21,1.26649,1.27116,1.26349,1.26692,116171.73
2012-09-22,1.26692,1.26692,1.26692,1.26692,0.0
2012-09-23,1.26692,1.2689,1.26489,1.2677,8559.56
2012-09-24,1.26772,1.26924,1.26347,1.26586,94343.76
2012-09-25,1.26588,1.26838,1.26258,1.26531,112122.94
2012-09-26,1.26536,1.26881,1.26101,1.26769,106780.02
2012-09-27,1.26773,1.26869,1.26255,1.26643,112662.33
2012-09-28,1.26642,1.26952,1.26217,1.26471,114741.35
2012-09-29,1.26471,1.26471,1.26471,1.26471,0.0
2012-09-30,1.26471,1.26488,1.26033,1.26065,10505.27
2012-10-01,1.26065,1.26948,1.26031,1.26548,107039.84
2012-10-02,1.26549,1.27346,1.26548,1.27075,109276.13
2012-10-03,1.27075,1.27598,1.26943,1.27517,117286.71
2012-10-04,1.27517,1.28063,1.27433,1.27655,120065.44
2012-10-05,1.27656,1.27701,1.26838,1.27477,107979.25
2012-10-06,1.27477,1.27477,1.27477,1.27477,0.0
2012-10-07,1.27477,1.27477,1.27191,1.27199,10930.25
2012-10-08,1.27204,1.27223,1.26507,1.26654,88679.03
2012-10-09,1.26656,1.26708,1.25858,1.25938,118130.29
2012-10-10,1.25937,1.2662,1.25754,1.26282,116886.64
2012-10-11,1.26282,1.267,1.26008,1.26539,110006.83
2012-10-12,1.26539,1.27125,1.26434,1.26918,103270.83
2012-10-13,1.26918,1.26918,1.26918,1.26918,0.0
2012-10-14,1.26918,1.26929,1.26569,1.26824,9796.29
2012-10-15,1.26824,1.27245,1.26457,1.2721,110087.28
2012-10-16,1.27208,1.29382,1.27132,1.29201,135567.91
2012-10-17,1.29203,1.29401,1.28222,1.28291,128017.81
2012-10-18,1.28289,1.28849,1.28001,1.28697,127646.74
2012-10-19,1.28697,1.2947,1.28622,1.29373,114422.95
2012-10-20,1.29373,1.29373,1.29373,1.29373,0.0
2012-10-21,1.29373,1.29578,1.29271,1.29478,9320.77
2012-10-22,1.29472,1.3013,1.29414,1.29679,114073.37
2012-10-23,1.29676,1.29802,1.28392,1.28784,126320.13
2012-10-24,1.28784,1.29037,1.28031,1.2891,131764.45
2012-10-25,1.28911,1.29214,1.28618,1.28723,124887.9
2012-10-26,1.28722,1.29268,1.28443,1.28968,129259.39
2012-10-27,1.28968,1.28968,1.28968,1.28968,0.0
2012-10-28,1.28968,1.29338,1.28968,1.29136,10636.04
2012-10-29,1.29136,1.2922,1.28801,1.29171,93049.1
2012-10-30,1.29171,1.29767,1.29089,1.29576,88643.73
2012-10-31,1.29576,1.30223,1.29366,1.29646,124078.19
2012-11-01,1.2965,1.2976,1.28847,1.28993,104308.87
2012-11-02,1.28993,1.29002,1.27393,1.27756,136581.49
2012-11-03,1.27756,1.27756,1.27756,1.27756,0.0
2012-11-04,1.27756,1.27788,1.27455,1.27681,10334.98
2012-11-05,1.2768,1.27749,1.27259,1.27476,110582.93
2012-11-06,1.27475,1.27506,1.26984,1.27031,127613.6
2012-11-07,1.27029,1.27468,1.26471,1.2713,182509.39
2012-11-08,1.2713,1.27559,1.26759,1.27456,147141.51
2012-11-09,1.27456,1.27731,1.27093,1.27252,158531.57
2012-11-10,1.27252,1.27252,1.27252,1.27252,0.0
2012-11-11,1.27252,1.27387,1.26993,1.27215,18142.72
2012-11-12,1.27212,1.27281,1.26906,1.27055,93376.84
2012-11-13,1.2706,1.27439,1.26722,1.27305,137660.67
2012-11-14,1.27305,1.28041,1.27198,1.27795,131760.01
2012-11-15,1.27795,1.28296,1.27593,1.27891,129164.06
2012-11-16,1.27891,1.27913,1.27242,1.27559,131128.28
2012-11-17,1.27559,1.27559,1.27559,1.27559,0.0
2012-11-18,1.27559,1.27652,1.27355,1.27612,12812.19
2012-11-19,1.27614,1.27793,1.27225,1.27275,118395.32
2012-11-20,1.27275,1.27897,1.27262,1.27687,118758.78
2012-11-21,1.27687,1.28196,1.27207,1.28124,121282.91
2012-11-22,1.28125,1.28631,1.27852,1.28445,89683.0
2012-11-23,1.28445,1.28994,1.28397,1.28795,99523.59
2012-11-24,1.28795,1.28795,1.28795,1.28795,0.0
2012-11-25,1.28795,1.28864,1.28553,1.28853,7168.02
2012-11-26,1.28852,1.29116,1.28475,1.28956,102276.68
2012-11-27,1.28959,1.29127,1.28207,1.28634,118846.61
2012-11-28,1.28635,1.287,1.28185,1.28476,124962.42
2012-11-29,1.28476,1.29075,1.28353,1.28806,109567.75
2012-11-30,1.28806,1.29491,1.28778,1.29099,117355.1
2012-12-01,1.29099,1.29099,1.29099,1.29099,0.0
2012-12-02,1.28913,1.29224,1.28761,1.29149,13496.63
2012-12-03,1.29149,1.2998,1.29103,1.29894,109306.32
2012-12-04,1.29894,1.30355,1.29776,1.30105,107189.4
2012-12-05,1.30105,1.30167,1.29535,1.29667,127001.47
2012-12-06,1.29671,1.29724,1.28324,1.28501,126089.5
2012-12-07,1.28501,1.2859,1.27241,1.27722,117407.06
2012-12-08,1.27722,1.27722,1.27722,1.27722,0.0
2012-12-09,1.27722,1.27722,1.27132,1.27368,12776.17
2012-12-10,1.27368,1.27865,1.27296,1.27619,88196.94
2012-12-11,1.27622,1.28375,1.27545,1.28299,88842.55
2012-12-12,1.28298,1.2879,1.28154,1.28665,90572.13
2012-12-13,1.28665,1.28875,1.28311,1.28713,91788.92
2012-12-14,1.28714,1.29846,1.28642,1.29685,91727.38
2012-12-15,1.29685,1.29685,1.29685,1.29685,0.0
2012-12-16,1.29685,1.30123,1.29685,1.29783,12420.95
2012-12-17,1.29781,1.30059,1.29428,1.29478,85458.49
2012-12-18,1.29476,1.30549,1.29396,1.30455,88493.91
2012-12-19,1.30455,1.3132,1.30383,1.30657,109623.33
2012-12-20,1.30656,1.31386,1.30542,1.30738,102380.1
2012-12-21,1.3074,1.31163,1.30463,1.30946,116348.93
2012-12-22,1.30946,1.30946,1.30946,1.30946,0.0
2012-12-23,1.30946,1.31001,1.30735,1.30968,4652.99
2012-12-24,1.30968,1.3143,1.30588,1.30829,69861.47
2012-12-25,1.30828,1.30925,1.30536,1.30646,12937.33
2012-12-26,1.30648,1.31646,1.30604,1.31468,62885.44
2012-12-27,1.31473,1.31855,1.31278,1.31809,92283.93
2012-12-28,1.31809,1.31846,1.30986,1.31723,81119.21
2012-12-29,1.31723,1.31723,1.31723,1.31723,0.0
2012-12-30,1.31723,1.3179,1.31483,1.31518,11094.49
2012-12-31,1.31518,1.31729,1.3067,1.3098,86870.27
2013-01-01,1.30967,1.31252,1.30792,1.31184,4070.67
2013-01-02,1.31184,1.31375,1.29768,1.29951,128524.58
2013-01-03,1.29954,1.30034,1.2872,1.28728,103689.93
2013-01-04,1.2873,1.29165,1.2846,1.28982,104718.69
2013-01-05,1.28982,1.28982,1.28982,1.28982,0.0
2013-01-06,1.28982,1.2902,1.2886,1.28868,4123.4
2013-01-07,1.28867,1.29406,1.28553,1.29372,93943.8
2013-01-08,1.29372,1.29629,1.28943,1.29068,99332.06
2013-01-09,1.29068,1.29221,1.28576,1.2893,99970.93
2013-01-10,1.28929,1.30726,1.28708,1.30503,118414.87
2013-01-11,1.30503,1.31471,1.30301,1.31423,114559.07
2013-01-12,1.31423,1.31423,1.31423,1.31423,0.0
2013-01-13,1.31423,1.31593,1.31368,1.31507,7908.09
2013-01-14,1.31508,1.31856,1.31332,1.31582,107679.22
2013-01-15,1.31582,1.31729,1.30659,1.30951,138258.62
2013-01-16,1.30951,1.31298,1.30713,1.3104,124405.57
2013-01-17,1.3104,1.3214,1.30973,1.31853,134156.84
2013-01-18,1.31853,1.32455,1.31653,1.32076,132278.86
2013-01-19,1.32076,1.32076,1.32076,1.32076,0.0
2013-01-20,1.32076,1.32225,1.32012,1.32126,3833.66
2013-01-21,1.32124,1.3234,1.31963,1.32148,81657.94
2013-01-22,1.32148,1.32618,1.31841,1.32053,144002.55
2013-01-23,1.3205,1.33207,1.31697,1.33052,125676.44
2013-01-24,1.33059,1.34272,1.32904,1.34006,141733.93
2013-01-25,1.34007,1.36017,1.33843,1.35383,142547.77
2013-01-26,1.35383,1.35383,1.35383,1.35383,0.0
2013-01-27,1.35383,1.35735,1.35383,1.35735,1514.16
2013-01-28,1.35735,1.35946,1.35231,1.35277,99783.59
2013-01-29,1.35253,1.35602,1.34963,1.35054,124499.48
2013-01-30,1.35054,1.364,1.35038,1.35997,132840.47
2013-01-31,1.35997,1.36222,1.35213,1.35693,117141.9
2013-02-01,1.3569,1.36881,1.35583,1.35904,110273.82
2013-02-02,1.35904,1.35904,1.35904,1.35904,0.0
2013-02-03,1.35904,1.36113,1.35904,1.36036,3745.83
2013-02-04,1.36033,1.36127,1.34759,1.34798,88038.53
2013-02-05,1.348,1.35659,1.34459,1.35209,133262.22
2013-02-06,1.35208,1.35457,1.34523,1.34638,118162.42
2013-02-07,1.34638,1.35248,1.33389,1.33549,107221.33
2013-02-08,1.33551,1.3432,1.33551,1.33968,114659.64
2013-02-09,1.33968,1.33968,1.33968,1.33968,0.0
2013-02-10,1.34067,1.34171,1.34038,1.34156,4443.28
2013-02-11,1.34167,1.35112,1.34152,1.34739,101637.85
2013-02-12,1.34738,1.35625,1.34544,1.34742,110041.16
2013-02-13,1.34739,1.35715,1.34542,1.34663,113024.94
2013-02-14,1.34662,1.34768,1.33292,1.3363,122502.15
2013-02-15,1.33633,1.34789,1.3329,1.34423,125716.38
2013-02-16,1.34423,1.34423,1.34423,1.34423,0.0
2013-02-17,1.34423,1.34572,1.34361,1.34393,4340.57
2013-02-18,1.34393,1.35162,1.34188,1.34898,81049.89
2013-02-19,1.34898,1.35684,1.34758,1.35539,112411.76
2013-02-20,1.35536,1.3613,1.34975,1.35028,135294.66
2013-02-21,1.35028,1.35174,1.34184,1.34253,147305.1
2013-02-22,1.34253,1.35128,1.34069,1.34747,143861.76
2013-02-23,1.34747,1.34747,1.34747,1.34747,0.0
2013-02-24,1.34747,1.35125,1.34747,1.34855,6435.41
2013-02-25,1.34855,1.36251,1.33874,1.34029,176499.14
2013-02-26,1.34029,1.34571,1.33461,1.34017,200783.18
2013-02-27,1.3402,1.34727,1.3385,1.34631,168158.05
2013-02-28,1.34631,1.34807,1.34078,1.34613,148212.97
2013-03-01,1.3461,1.34933,1.33417,1.33733,158965.13
2013-03-02,1.33733,1.33733,1.33733,1.33733,0.0
2013-03-03,1.33733,1.33849,1.33553,1.337,4676.3
2013-03-04,1.33699,1.34197,1.33583,1.33819,116029.95
2013-03-05,1.33819,1.34161,1.33631,1.3396,114735.87
2013-03-06,1.33964,1.34405,1.33781,1.33983,120551.31
2013-03-07,1.33981,1.35069,1.33891,1.34948,130014.05
2013-03-08,1.34949,1.35385,1.32785,1.33736,122485.76
2013-03-09,1.33736,1.33736,1.33736,1.33736,0.0
2013-03-10,1.33736,1.33736,1.33547,1.33562,6219.26
2013-03-11,1.33561,1.33925,1.33429,1.33791,100914.5
2013-03-12,1.33789,1.34147,1.33491,1.33695,128388.46
2013-03-13,1.33693,1.34042,1.32787,1.33211,128061.11
2013-03-14,1.33211,1.33303,1.32449,1.32995,135952.35
2013-03-15,1.32995,1.33648,1.32848,1.33284,130094.29
2013-03-16,1.33284,1.33284,1.33284,1.33284,0.0
2013-03-17,1.33284,1.33284,1.31806,1.31922,20545.3
2013-03-18,1.3192,1.32793,1.31856,1.32335,147587.51
2013-03-19,1.32334,1.32914,1.3204,1.3211,155180.21
2013-03-20,1.32109,1.33044,1.32094,1.32718,140229.7
2013-03-21,1.32722,1.32771,1.3174,1.32181,136133.29
2013-03-22,1.32181,1.33069,1.3202,1.32926,110516.93
2013-03-23,1.32926,1.32926,1.32926,1.32926,0.0
2013-03-24,1.32926,1.33402,1.32396,1.33099,10342.43
2013-03-25,1.33099,1.33438,1.31181,1.31347,128268.29
2013-03-26,1.31345,1.31458,1.30603,1.30758,102339.99
2013-03-27,1.30758,1.30803,1.29658,1.29827,103318.03
2013-03-28,1.29828,1.30552,1.297,1.30172,101908.68
2013-03-29,1.30172,1.30479,1.30036,1.30393,42450.4
2013-03-30,1.30393,1.30393,1.30393,1.30393,0.0
2013-03-31,1.30393,1.30419,1.30194,1.30247,2760.23
2013-04-01,1.30249,1.30829,1.29961,1.30627,58036.98
2013-04-02,1.30623,1.30794,1.29855,1.30012,92886.43
2013-04-03,1.30014,1.30394,1.29788,1.30326,86094.54
2013-04-04,1.30321,1.31116,1.29534,1.30945,125992.9
2013-04-05,1.30945,1.33168,1.30762,1.32136,112702.0
2013-04-06,1.32136,1.32136,1.32136,1.32136,0.0
2013-04-07,1.32136,1.32278,1.32003,1.32125,10130.63
2013-04-08,1.32124,1.32934,1.31888,1.32469,93506.59
2013-04-09,1.32469,1.33135,1.32291,1.32896,103696.43
2013-04-10,1.32896,1.33171,1.3246,1.32472,91515.88
2013-04-11,1.32473,1.32801,1.32092,1.325,128479.55
2013-04-12,1.325,1.33126,1.32025,1.32851,102973.29
2013-04-13,1.32851,1.32851,1.32851,1.32851,0.0
2013-04-14,1.32851,1.33015,1.32832,1.32899,6799.48
2013-04-15,1.32902,1.33876,1.32777,1.33546,143338.83
2013-04-16,1.33545,1.34859,1.3343,1.3466,130950.62
2013-04-17,1.3466,1.35235,1.33613,1.33762,138651.25
2013-04-18,1.33762,1.34294,1.33517,1.33875,115305.97
2013-04-19,1.33874,1.34613,1.33663,1.3396,102399.9
2013-04-20,1.3396,1.3396,1.3396,1.3396,0.0
2013-04-21,1.3396,1.34102,1.33899,1.33935,4306.73
2013-04-22,1.33935,1.34106,1.33643,1.33941,87018.41
2013-04-23,1.33935,1.34351,1.33163,1.33452,102837.03
2013-04-24,1.33452,1.33749,1.32967,1.33451,91911.99
2013-04-25,1.33454,1.33857,1.32513,1.32676,98239.59
2013-04-26,1.32676,1.33054,1.32292,1.32413,92807.65
2013-04-27,1.32413,1.32413,1.32413,1.32413,0.0
2013-04-28,1.32413,1.32817,1.32413,1.32551,6936.9
2013-04-29,1.32552,1.32984,1.32373,1.32502,80362.12
2013-04-30,1.32502,1.33017,1.32031,1.32567,89991.46
2013-05-01,1.32569,1.33334,1.32443,1.32771,88390.44
2013-05-02,1.32773,1.33087,1.31435,1.32083,109897.96
2013-05-03,1.32083,1.33005,1.31748,1.32137,90428.21
2013-05-04,1.32137,1.32137,1.32137,1.32137,0.0
2013-05-05,1.32137,1.32315,1.32075,1.32295,3096.21
2013-05-06,1.32295,1.32391,1.316,1.31628,55660.81
2013-05-07,1.31626,1.31995,1.31316,1.31439,79633.38
2013-05-08,1.3144,1.324,1.31386,1.31973,84326.57
2013-05-09,1.31973,1.32015,1.30977,1.31247,107510.28
2013-05-10,1.3125,1.31851,1.30786,1.31195,118505.33
2013-05-11,1.31195,1.31195,1.31195,1.31195,0.0
2013-05-12,1.31195,1.31293,1.31026,1.3125,5928.6
2013-05-13,1.3125,1.31477,1.30688,1.31202,119714.58
2013-05-14,1.31202,1.31901,1.31139,1.31731,143454.82
2013-05-15,1.31732,1.31867,1.30672,1.30845,124720.58
2013-05-16,1.30845,1.31528,1.30712,1.3122,109726.84
2013-05-17,1.3122,1.32278,1.31181,1.31979,104501.08
2013-05-18,1.31979,1.31979,1.31979,1.31979,0.0
2013-05-19,1.31979,1.32107,1.31818,1.31941,6731.57
2013-05-20,1.31941,1.32407,1.31786,1.32054,103025.71
2013-05-21,1.32055,1.32895,1.31975,1.326,116988.91
2013-05-22,1.32601,1.33601,1.32587,1.33261,167272.4
2013-05-23,1.33263,1.33691,1.33078,1.33356,188268.46
2013-05-24,1.33354,1.34379,1.33209,1.33395,152441.98
2013-05-25,1.33395,1.33395,1.33395,1.33395,0.0
2013-05-26,1.33395,1.33556,1.33271,1.33494,8242.48
2013-05-27,1.33493,1.33805,1.33388,1.33786,80494.66
2013-05-28,1.33786,1.339,1.33336,1.33683,164794.71
2013-05-29,1.33684,1.34849,1.33641,1.33988,172975.78
2013-05-30,1.33984,1.35046,1.3396,1.34368,175649.84
2013-05-31,1.34367,1.34968,1.33822,1.3473,164912.68
2013-06-01,1.3473,1.3473,1.3473,1.3473,0.0
2013-06-02,1.3473,1.34759,1.34535,1.34614,8082.15
2013-06-03,1.34616,1.35114,1.34245,1.34422,154034.98
2013-06-04,1.34419,1.35411,1.34368,1.35288,136726.36
2013-06-05,1.3529,1.35841,1.35011,1.35397,160327.34
2013-06-06,1.35397,1.36364,1.35188,1.36068,170828.14
2013-06-07,1.36068,1.36372,1.34554,1.34729,173800.05
2013-06-08,1.34729,1.34729,1.34729,1.34729,0.0
2013-06-09,1.34729,1.35012,1.34661,1.34783,8464.4
2013-06-10,1.34781,1.35281,1.34355,1.35165,141577.28
2013-06-11,1.35163,1.36162,1.34969,1.35651,179800.55
2013-06-12,1.35651,1.3628,1.3483,1.36188,158697.78
2013-06-13,1.36188,1.36741,1.3489,1.35816,176934.47
2013-06-14,1.35816,1.36034,1.35161,1.35664,128957.63
2013-06-15,1.35664,1.35664,1.35664,1.35664,0.0
2013-06-16,1.35664,1.35793,1.35655,1.3568,6228.81
2013-06-17,1.35678,1.36248,1.35263,1.36121,111745.98
2013-06-18,1.36119,1.36952,1.35793,1.3691,132717.03
2013-06-19,1.36909,1.37145,1.36099,1.36561,135832.96
2013-06-20,1.36561,1.37409,1.36177,1.3731,197563.25
2013-06-21,1.37307,1.38042,1.36915,1.37221,172954.02
2013-06-22,1.37221,1.37221,1.37221,1.37221,0.0
2013-06-23,1.37221,1.37439,1.37203,1.37353,9994.59
2013-06-24,1.37356,1.38163,1.3733,1.37901,188075.25
2013-06-25,1.379,1.38013,1.37182,1.37607,161675.05
2013-06-26,1.37608,1.37689,1.36035,1.36284,159993.89
2013-06-27,1.36284,1.36757,1.35871,1.36706,137904.55
2013-06-28,1.36706,1.37366,1.36575,1.36779,148279.1
2013-06-29,1.36779,1.36779,1.36779,1.36779,0.0
2013-06-30,1.36779,1.3702,1.36779,1.36865,6215.6
2013-07-01,1.36864,1.37344,1.36673,1.37219,115416.84
2013-07-02,1.3722,1.37681,1.36743,1.36883,131930.65
2013-07-03,1.36887,1.37159,1.36277,1.36714,141575.34
2013-07-04,1.36711,1.3714,1.35157,1.35667,120405.34
2013-07-05,1.35667,1.36097,1.35229,1.35715,133017.93
2013-07-06,1.35715,1.35715,1.35715,1.35715,0.0
2013-07-07,1.35715,1.35718,1.35528,1.35537,8415.32
2013-07-08,1.35538,1.36108,1.35429,1.35852,106501.18
2013-07-09,1.35852,1.36002,1.3438,1.34621,132327.77
2013-07-10,1.34625,1.37108,1.34297,1.36403,177498.55
2013-07-11,1.36408,1.36623,1.3515,1.35801,210698.65
2013-07-12,1.35798,1.35927,1.34995,1.35808,128074.13
2013-07-13,1.35808,1.35808,1.35808,1.35808,0.0
2013-07-14,1.35808,1.3584,1.35566,1.35683,4927.68
2013-07-15,1.35683,1.36342,1.35491,1.36284,125369.05
2013-07-16,1.36284,1.36942,1.36207,1.36466,143293.22
2013-07-17,1.36466,1.37127,1.36265,1.3647,167278.6
2013-07-18,1.36472,1.36824,1.35872,1.36038,143235.73
2013-07-19,1.36041,1.36369,1.35941,1.36198,132185.21
2013-07-20,1.36198,1.36198,1.36198,1.36198,0.0
2013-07-21,1.36198,1.36284,1.36092,1.36248,4998.05
2013-07-22,1.36245,1.36794,1.36091,1.36347,134390.19
2013-07-23,1.36348,1.36356,1.35824,1.3606,138819.97
2013-07-24,1.36058,1.36515,1.35718,1.36107,169639.43
2013-07-25,1.36107,1.36648,1.35737,1.36547,150195.72
2013-07-26,1.36547,1.36685,1.36225,1.36422,124535.39
2013-07-27,1.36422,1.36422,1.36422,1.36422,0.0
2013-07-28,1.36422,1.366,1.36381,1.36435,4983.55
2013-07-29,1.36434,1.3658,1.35928,1.36105,125011.62
2013-07-30,1.36105,1.36783,1.36,1.36627,144068.68
2013-07-31,1.36627,1.36934,1.3632,1.36783,211542.11
2013-08-01,1.36784,1.36837,1.3599,1.3669,171749.62
2013-08-02,1.36692,1.38073,1.36513,1.37897,174420.77
2013-08-03,1.37897,1.37897,1.37897,1.37897,0.0
2013-08-04,1.37897,1.38095,1.37847,1.37923,7130.8
2013-08-05,1.37924,1.38106,1.37291,1.37318,118722.92
2013-08-06,1.37315,1.38263,1.3725,1.3805,127647.97
2013-08-07,1.38048,1.39062,1.38005,1.39029,157904.71
2013-08-08,1.39028,1.39204,1.37984,1.38188,137629.28
2013-08-09,1.38188,1.38366,1.3709,1.37221,112399.15
2013-08-10,1.37221,1.37221,1.37221,1.37221,0.0
2013-08-11,1.37221,1.37353,1.37072,1.37193,6415.9
2013-08-12,1.37194,1.37277,1.36746,1.3707,109447.96
2013-08-13,1.37073,1.37479,1.36859,1.37236,125186.09
2013-08-14,1.37235,1.37573,1.36784,1.37046,115583.56
2013-08-15,1.37047,1.37683,1.36648,1.37539,151802.13
2013-08-16,1.37539,1.38321,1.37401,1.37746,118907.38
2013-08-17,1.37746,1.37746,1.37746,1.37746,0.0
2013-08-18,1.37746,1.37927,1.37665,1.37732,7838.21
2013-08-19,1.37732,1.38169,1.37515,1.37949,114226.29
2013-08-20,1.37949,1.39738,1.37914,1.39517,137137.97
2013-08-21,1.39522,1.40059,1.39436,1.39887,147972.32
2013-08-22,1.39886,1.40666,1.3959,1.40457,175335.12
2013-08-23,1.40456,1.4127,1.40352,1.40352,133181.18
2013-08-24,1.40352,1.40352,1.40352,1.40352,0.0
2013-08-25,1.40352,1.40807,1.40352,1.40618,6910.87
2013-08-26,1.40618,1.40843,1.40327,1.40484,86274.49
2013-08-27,1.40482,1.40924,1.40217,1.40499,130087.9
2013-08-28,1.40499,1.40642,1.39569,1.39935,134873.36
2013-08-29,1.39935,1.39958,1.38883,1.39504,134002.13
2013-08-30,1.39505,1.39626,1.38772,1.39234,118770.3
2013-08-31,1.39234,1.39234,1.39234,1.39234,0.0
2013-09-01,1.39234,1.39237,1.38984,1.39151,6152.72
2013-09-02,1.39152,1.39364,1.38853,1.39178,97875.95
2013-09-03,1.39177,1.3925,1.38412,1.38768,132403.9
2013-09-04,1.38766,1.38842,1.37969,1.38564,108709.25
2013-09-05,1.38564,1.38667,1.37676,1.37746,120758.4
2013-09-06,1.37747,1.37765,1.36478,1.371,123257.47
2013-09-07,1.371,1.371,1.371,1.371,0.0
2013-09-08,1.371,1.37243,1.36915,1.37165,7656.37
2013-09-09,1.37166,1.37674,1.36786,1.37486,101198.05
2013-09-10,1.37486,1.37697,1.36712,1.37361,113374.7
2013-09-11,1.37361,1.37555,1.36994,1.37266,139273.96
2013-09-12,1.37267,1.37541,1.36869,1.37285,140263.58
2013-09-13,1.37285,1.37705,1.3698,1.37573,115585.84
2013-09-14,1.37573,1.37573,1.37573,1.37573,0.0
2013-09-15,1.37573,1.37951,1.37573,1.37756,11310.48
2013-09-16,1.37754,1.3788,1.3732,1.37604,97262.5
2013-09-17,1.37605,1.37924,1.37139,1.37533,89192.26
2013-09-18,1.37533,1.38369,1.37343,1.38249,142184.39
2013-09-19,1.38249,1.38974,1.37903,1.38942,153380.02
2013-09-20,1.38941,1.39479,1.38893,1.39304,112547.37
2013-09-21,1.39304,1.39304,1.39304,1.39304,0.0
2013-09-22,1.39304,1.39638,1.39304,1.39372,4429.62
2013-09-23,1.39374,1.39452,1.38665,1.38816,100537.28
2013-09-24,1.38817,1.39013,1.3832,1.38864,80422.72
2013-09-25,1.38863,1.39563,1.38728,1.39518,122591.99
2013-09-26,1.39518,1.39579,1.38991,1.39071,98756.82
2013-09-27,1.39072,1.39943,1.39014,1.3931,97737.65
2013-09-28,1.3931,1.3931,1.3931,1.3931,0.0
2013-09-29,1.3931,1.3931,1.39013,1.39171,7139.3
2013-09-30,1.39171,1.39622,1.38941,1.39593,102171.04
2013-10-01,1.39593,1.39911,1.39418,1.39792,137238.69
2013-10-02,1.39791,1.4069,1.39668,1.40324,135140.61
2013-10-03,1.40324,1.40846,1.40171,1.40692,106231.46
2013-10-04,1.40691,1.4083,1.39438,1.39558,95297.33
2013-10-05,1.39558,1.39558,1.39558,1.39558,0.0
2013-10-06,1.39558,1.39784,1.39558,1.39737,6836.75
2013-10-07,1.39737,1.40282,1.39594,1.4007,93399.71
2013-10-08,1.40069,1.40909,1.39904,1.40823,104595.64
2013-10-09,1.40824,1.40878,1.40075,1.40502,118717.76
2013-10-10,1.405,1.40809,1.4024,1.40795,109200.86
2013-10-11,1.40795,1.41099,1.40101,1.40101,98153.69
2013-10-12,1.40101,1.40101,1.40101,1.40101,0.0
2013-10-13,1.40101,1.40619,1.40101,1.40497,4473.83
2013-10-14,1.40497,1.40765,1.402,1.40321,72879.22
2013-10-15,1.40319,1.4055,1.39645,1.40194,115793.84
2013-10-16,1.40194,1.40718,1.39431,1.39664,111147.55
2013-10-17,1.39664,1.40862,1.39597,1.40783,164797.82
2013-10-18,1.40783,1.40996,1.40617,1.40733,86755.73
2013-10-19,1.40733,1.40733,1.40733,1.40733,0.0
2013-10-20,1.40733,1.40893,1.40733,1.40851,2920.17
2013-10-21,1.40852,1.40983,1.40584,1.40942,78734.95
2013-10-22,1.40942,1.4191,1.40689,1.41792,95245.05
2013-10-23,1.41791,1.4329,1.41728,1.43038,122218.1
2013-10-24,1.43036,1.4407,1.42961,1.43798,113885.11
2013-10-25,1.43798,1.44402,1.43666,1.4415,115576.47
2013-10-26,1.4415,1.4415,1.4415,1.4415,0.0
2013-10-27,1.4415,1.44301,1.44131,1.4415,4082.18
2013-10-28,1.44149,1.44295,1.43842,1.44011,87279.73
2013-10-29,1.44012,1.44196,1.43469,1.43889,137817.44
2013-10-30,1.43889,1.44135,1.43625,1.43826,146525.2
2013-10-31,1.43826,1.43951,1.41508,1.41634,135083.28
2013-11-01,1.41634,1.41681,1.40467,1.40467,115541.4
2013-11-02,1.40467,1.40467,1.40467,1.40467,0.0
2013-11-03,1.40467,1.40624,1.40467,1.40537,3156.31
2013-11-04,1.40539,1.40893,1.40162,1.4085,89821.53
2013-11-05,1.40848,1.41044,1.40522,1.40789,106278.66
2013-11-06,1.40789,1.41377,1.40761,1.40859,97163.65
2013-11-07,1.40859,1.40948,1.38851,1.40159,141320.59
2013-11-08,1.4016,1.40521,1.39755,1.40042,115433.22
2013-11-09,1.40042,1.40042,1.40042,1.40042,0.0
2013-11-10,1.40042,1.4008,1.39901,1.39928,4291.57
2013-11-11,1.39927,1.40577,1.39889,1.40373,76492.16
2013-11-12,1.40373,1.41101,1.40226,1.40987,119753.95
2013-11-13,1.40987,1.41161,1.40415,1.40897,116090.33
2013-11-14,1.40895,1.41656,1.40736,1.40775,117913.59
2013-11-15,1.40773,1.41358,1.40681,1.40824,89171.98
2013-11-16,1.40824,1.40824,1.40824,1.40824,0.0
2013-11-17,1.40824,1.40879,1.40706,1.40738,2381.45
2013-11-18,1.40738,1.41181,1.40633,1.40849,93929.81
2013-11-19,1.40849,1.41977,1.4081,1.41816,130909.89
2013-11-20,1.41816,1.41971,1.40142,1.40441,133348.23
2013-11-21,1.40439,1.41873,1.40311,1.41701,139036.02
2013-11-22,1.41703,1.42863,1.41664,1.42495,105142.27
2013-11-23,1.42495,1.42495,1.42495,1.42495,0.0
2013-11-24,1.42495,1.42955,1.42495,1.42926,4884.72
2013-11-25,1.42927,1.43284,1.42281,1.42445,117975.91
2013-11-26,1.42445,1.43223,1.42386,1.43024,108505.53
2013-11-27,1.43022,1.44019,1.42999,1.43763,142961.31
2013-11-28,1.4376,1.44185,1.43527,1.4402,80325.47
2013-11-29,1.44019,1.44545,1.43667,1.44151,110501.32
2013-11-30,1.44151,1.44151,1.44151,1.44151,0.0
2013-12-01,1.44151,1.44367,1.44151,1.44317,2974.81
2013-12-02,1.44314,1.44602,1.43834,1.44132,151575.91
2013-12-03,1.44136,1.45118,1.43967,1.44608,158212.12
2013-12-04,1.44611,1.45493,1.44193,1.45076,151879.55
2013-12-05,1.45079,1.46112,1.44432,1.45541,145246.55
2013-12-06,1.45543,1.46067,1.44997,1.45766,114261.61
2013-12-07,1.45766,1.45766,1.45766,1.45766,0.0
2013-12-08,1.45766,1.46067,1.45766,1.4604,3651.47
2013-12-09,1.46039,1.4643,1.45818,1.46112,85179.94
2013-12-10,1.46112,1.46453,1.45852,1.45975,119531.7
2013-12-11,1.45975,1.46481,1.45689,1.46025,100541.51
2013-12-12,1.46023,1.4663,1.45449,1.46348,163294.59
2013-12-13,1.46348,1.46594,1.45316,1.4537,92379.08
2013-12-14,1.4537,1.4537,1.4537,1.4537,0.0
2013-12-15,1.4537,1.45546,1.4537,1.45472,2679.4
2013-12-16,1.45472,1.46151,1.45327,1.4576,93311.81
2013-12-17,1.45758,1.46189,1.45404,1.45994,91253.2
2013-12-18,1.45992,1.47022,1.45848,1.46634,134756.52
2013-12-19,1.46637,1.46806,1.45576,1.45744,129624.24
2013-12-20,1.45744,1.4665,1.45324,1.45434,106400.4
2013-12-21,1.45434,1.45434,1.45434,1.45434,0.0
2013-12-22,1.45434,1.4557,1.454,1.45566,1547.07
2013-12-23,1.45567,1.45792,1.4499,1.45422,87816.33
2013-12-24,1.45421,1.45517,1.4494,1.45289,50683.62
2013-12-25,1.45289,1.45499,1.448,1.45421,3795.32
2013-12-26,1.45422,1.45842,1.45265,1.45835,39689.48
2013-12-27,1.45836,1.48172,1.45802,1.47143,96570.98
2013-12-28,1.47143,1.47143,1.47143,1.47143,0.0
2013-12-29,1.47143,1.47437,1.47143,1.47231,2957.54
2013-12-30,1.47229,1.47724,1.46776,1.46982,77100.82
2013-12-31,1.46982,1.47087,1.45919,1.45934,66327.15
2014-01-01,1.45934,1.46633,1.45934,1.46553,2732.42
2014-01-02,1.46553,1.46601,1.44436,1.45797,113806.32
2014-01-03,1.45797,1.45845,1.44193,1.44433,100221.4
2014-01-04,1.44433,1.44433,1.44433,1.44433,0.0
2014-01-05,1.44433,1.44632,1.44433,1.44545,2271.34
2014-01-06,1.44545,1.45631,1.44092,1.45307,103430.26
2014-01-07,1.45307,1.46773,1.45224,1.46726,124820.61
2014-01-08,1.46726,1.4743,1.46519,1.46897,124847.47
2014-01-09,1.46899,1.48069,1.46853,1.47573,120356.14
2014-01-10,1.47571,1.49522,1.47474,1.48824,128993.51
2014-01-11,1.48824,1.48824,1.48824,1.48824,0.0
2014-01-12,1.48824,1.49193,1.48824,1.49107,2942.64
2014-01-13,1.49105,1.49373,1.48211,1.48743,109390.53
2014-01-14,1.48744,1.49857,1.48611,1.49635,124838.5
2014-01-15,1.49635,1.49905,1.48476,1.48909,128009.22
2014-01-16,1.48909,1.49135,1.48411,1.48852,130524.53
2014-01-17,1.48853,1.49085,1.48313,1.4839,96416.95
2014-01-18,1.4839,1.4839,1.4839,1.4839,0.0
2014-01-19,1.4839,1.48428,1.48293,1.48342,3215.95
2014-01-20,1.48342,1.48818,1.47861,1.4839,76164.67
2014-01-21,1.48389,1.49153,1.48281,1.48731,101462.99
2014-01-22,1.48731,1.50396,1.4834,1.50395,114241.87
2014-01-23,1.50394,1.52745,1.50323,1.52123,158836.99
2014-01-24,1.52122,1.52485,1.51156,1.51589,148955.24
2014-01-25,1.51589,1.51589,1.51589,1.51589,0.0
2014-01-26,1.51589,1.51589,1.5133,1.51414,4371.22
2014-01-27,1.51415,1.52039,1.50682,1.52,126059.07
2014-01-28,1.51998,1.5293,1.51399,1.52182,114596.86
2014-01-29,1.52184,1.53059,1.51237,1.52729,141532.72
2014-01-30,1.52729,1.52833,1.51162,1.51267,130885.66
2014-01-31,1.51267,1.51964,1.49675,1.5005,133800.99
2014-02-01,1.5005,1.5005,1.5005,1.5005,0.0
2014-02-02,1.5005,1.50102,1.49821,1.50026,3656.13
2014-02-03,1.50031,1.50417,1.49073,1.5022,120314.73
2014-02-04,1.50219,1.50342,1.49223,1.49813,117649.43
2014-02-05,1.49811,1.5053,1.49191,1.49943,121133.82
2014-02-06,1.49943,1.51447,1.4913,1.50462,111210.9
2014-02-07,1.5046,1.5067,1.49051,1.50374,107580.73
2014-02-08,1.50374,1.50374,1.50374,1.50374,0.0
2014-02-09,1.50374,1.50408,1.50256,1.50324,3436.4
2014-02-10,1.50325,1.50897,1.50172,1.50892,79602.1
2014-02-11,1.50888,1.51657,1.50054,1.50166,98732.19
2014-02-12,1.50166,1.50335,1.49012,1.49421,98783.15
2014-02-13,1.49428,1.50808,1.49311,1.50151,104037.65
2014-02-14,1.50137,1.5054,1.49741,1.50334,95440.69
2014-02-15,1.50334,1.50334,1.50334,1.50334,0.0
2014-02-16,1.50334,1.50608,1.503,1.50381,2233.94
2014-02-17,1.50383,1.50555,1.50019,1.50147,61619.36
2014-02-18,1.50147,1.51026,1.49949,1.50711,89916.98
2014-02-19,1.50711,1.52342,1.5001,1.52036,98871.56
2014-02-20,1.5204,1.52475,1.51487,1.52337,97735.86
2014-02-21,1.52335,1.53456,1.52302,1.52611,94028.2
2014-02-22,1.52611,1.52611,1.52611,1.52611,0.0
2014-02-23,1.52611,1.52693,1.52485,1.52663,2845.93
2014-02-24,1.52668,1.53168,1.51843,1.51898,80297.64
2014-02-25,1.51898,1.5256,1.51837,1.52371,82778.77
2014-02-26,1.52374,1.52491,1.51588,1.52369,98841.76
2014-02-27,1.52374,1.52909,1.51803,1.52445,93059.95
2014-02-28,1.52448,1.53942,1.52296,1.52619,110762.45
2014-03-01,1.52619,1.52619,1.52619,1.52619,0.0
2014-03-02,1.52619,1.52775,1.5236,1.52392,4981.76
2014-03-03,1.52392,1.52934,1.52029,1.52197,93719.65
2014-03-04,1.52198,1.5271,1.52048,1.52364,89236.22
2014-03-05,1.52364,1.52453,1.51396,1.51453,87968.23
2014-03-06,1.51453,1.52409,1.51246,1.52318,107524.06
2014-03-07,1.52318,1.54027,1.52282,1.53842,97238.0
2014-03-08,1.53842,1.53842,1.53842,1.53842,0.0
2014-03-09,1.53842,1.53929,1.53791,1.53879,3242.99
2014-03-10,1.53879,1.54641,1.53876,1.5425,81294.74
2014-03-11,1.5425,1.54293,1.53577,1.53935,79756.1
2014-03-12,1.53936,1.5501,1.53754,1.5458,87716.06
2014-03-13,1.54575,1.54692,1.53094,1.53601,115914.12
2014-03-14,1.53601,1.5459,1.53466,1.54388,89766.21
2014-03-15,1.54388,1.54388,1.54388,1.54388,0.0
2014-03-16,1.54388,1.54527,1.54231,1.5433,4448.01
2014-03-17,1.54329,1.5446,1.53378,1.53994,75293.16
2014-03-18,1.53999,1.5527,1.53309,1.54999,91783.13
2014-03-19,1.54999,1.55856,1.54777,1.55361,110913.85
2014-03-20,1.5536,1.55821,1.5478,1.54889,93765.06
2014-03-21,1.54889,1.553,1.54064,1.54726,86335.4
2014-03-22,1.54726,1.54726,1.54726,1.54726,0.0
2014-03-23,1.54726,1.54972,1.54603,1.54886,4079.78
2014-03-24,1.54886,1.55418,1.54253,1.5493,88947.75
2014-03-25,1.5493,1.55108,1.53644,1.54309,99335.32
2014-03-26,1.54308,1.54311,1.52845,1.53009,102201.36
2014-03-27,1.53007,1.53082,1.51345,1.51561,109677.66
2014-03-28,1.51561,1.52314,1.50784,1.52002,87183.47
2014-03-29,1.52002,1.52002,1.52002,1.52002,0.0
2014-03-30,1.52002,1.52264,1.51936,1.51986,3394.96
2014-03-31,1.51985,1.52608,1.51697,1.52241,94032.02
2014-04-01,1.52239,1.52768,1.51967,1.5213,78848.58
2014-04-02,1.52134,1.52443,1.51577,1.51856,75869.42
2014-04-03,1.51856,1.52167,1.50797,1.51428,90857.01
2014-04-04,1.51432,1.51435,1.5004,1.50434,83695.24
2014-04-05,1.50434,1.50434,1.50434,1.50434,0.0
2014-04-06,1.50434,1.50484,1.50349,1.50467,3916.59
2014-04-07,1.50471,1.51197,1.5026,1.50839,88776.35
2014-04-08,1.50839,1.51078,1.50337,1.50756,110308.08
2014-04-09,1.50756,1.51038,1.50234,1.50728,108760.89
2014-04-10,1.50728,1.51888,1.5059,1.5182,107247.61
2014-04-11,1.5182,1.52515,1.51636,1.52433,98038.3
2014-04-12,1.52433,1.52433,1.52433,1.52433,0.0
2014-04-13,1.52433,1.52433,1.51854,1.51971,6141.82
2014-04-14,1.51972,1.52258,1.51216,1.51536,91698.01
2014-04-15,1.51536,1.52104,1.51494,1.51744,100387.06
2014-04-16,1.51744,1.52462,1.51517,1.52209,105864.45
2014-04-17,1.52208,1.52696,1.51935,1.52035,82090.09
2014-04-18,1.52033,1.52365,1.51942,1.5217,22650.16
2014-04-19,1.5217,1.5217,1.5217,1.5217,0.0
2014-04-20,1.5217,1.5233,1.5217,1.52251,2986.82
2014-04-21,1.5225,1.52457,1.51803,1.51978,47797.96
2014-04-22,1.51978,1.52307,1.51875,1.52261,84023.78
2014-04-23,1.52261,1.52933,1.52208,1.52432,95233.56
2014-04-24,1.52431,1.5278,1.5206,1.52441,86432.36
2014-04-25,1.5244,1.52868,1.52367,1.5268,73624.67
2014-04-26,1.5268,1.5268,1.5268,1.5268,0.0
2014-04-27,1.5268,1.52815,1.52667,1.52716,3089.59
2014-04-28,1.52716,1.53052,1.52398,1.52716,94880.23
2014-04-29,1.52717,1.52921,1.51129,1.51309,101307.87
2014-04-30,1.51311,1.52208,1.50851,1.52082,113259.93
2014-05-01,1.52082,1.52591,1.51869,1.52072,73231.53
2014-05-02,1.52066,1.52386,1.51653,1.5218,89014.92
2014-05-03,1.5218,1.5218,1.5218,1.5218,0.0
2014-05-04,1.5218,1.52431,1.5218,1.52273,2453.98
2014-05-05,1.52265,1.52578,1.51936,1.52044,68854.81
2014-05-06,1.52043,1.5256,1.51474,1.51691,89468.47
2014-05-07,1.5169,1.51922,1.51374,1.51607,86690.55
2014-05-08,1.51607,1.5237,1.49797,1.4993,117980.99
2014-05-09,1.49931,1.50508,1.49107,1.49837,104848.47
2014-05-11,1.49888,1.49982,1.49883,1.49976,3736.27
2014-05-12,1.49975,1.50146,1.49693,1.4992,82830.66
2014-05-13,1.49918,1.50427,1.49125,1.49488,113395.43
2014-05-14,1.49485,1.4992,1.48968,1.4938,102191.59
2014-05-15,1.49376,1.4952,1.48323,1.49191,115721.38
2014-05-16,1.49192,1.49414,1.48657,1.48661,79056.58
2014-05-18,1.48715,1.48884,1.48715,1.48884,3802.31
2014-05-19,1.48887,1.49279,1.48768,1.49095,88903.33
2014-05-20,1.49095,1.49555,1.4879,1.4951,94788.17
2014-05-21,1.4951,1.49605,1.48936,1.49353,105404.83
2014-05-22,1.49352,1.49447,1.48581,1.48728,97293.06
2014-05-23,1.48728,1.48758,1.47941,1.4796,84968.14
2014-05-25,1.48038,1.48216,1.48004,1.48146,4048.93
2014-05-26,1.48146,1.4826,1.47934,1.4822,53441.28
2014-05-27,1.4822,1.48283,1.478,1.48001,97485.54
2014-05-28,1.48001,1.48115,1.47592,1.47786,101224.63
2014-05-29,1.47786,1.48059,1.47376,1.47432,97212.14
2014-05-30,1.47431,1.48242,1.47272,1.47851,94726.1
2014-06-01,1.47798,1.47859,1.47711,1.47794,4376.01
2014-06-02,1.47794,1.48442,1.4758,1.48228,99520.09
2014-06-03,1.4823,1.48946,1.48118,1.48714,94519.05
2014-06-04,1.48712,1.49179,1.48656,1.48856,105160.02
2014-06-05,1.48856,1.49444,1.47647,1.49191,137456.42
2014-06-06,1.49191,1.4954,1.48624,1.49114,101119.94
2014-06-08,1.49068,1.49253,1.49041,1.4924,1684.25
2014-06-09,1.4924,1.49321,1.48176,1.48243,84667.97
2014-06-10,1.48243,1.48258,1.47534,1.4755,105265.98
2014-06-11,1.47554,1.47665,1.4694,1.47121,106514.98
2014-06-12,1.47122,1.47332,1.46706,1.47121,98201.77
2014-06-13,1.47121,1.47413,1.46793,1.46921,90127.4
2014-06-15,1.46984,1.46988,1.46893,1.46973,3320.72
2014-06-16,1.46973,1.47462,1.46701,1.47288,88043.29
2014-06-17,1.47288,1.4745,1.46907,1.47165,83036.82
2014-06-18,1.47165,1.47768,1.47129,1.47265,86093.46
2014-06-19,1.47268,1.47696,1.471,1.47226,86765.33
2014-06-20,1.47226,1.47491,1.45946,1.46275,64495.41
2014-06-22,1.46195,1.46304,1.4614,1.4614,3653.72
2014-06-23,1.46139,1.46192,1.45583,1.45941,72633.72
2014-06-24,1.45942,1.46234,1.45718,1.46186,68391.61
2014-06-25,1.46187,1.46383,1.46041,1.46142,75009.33
2014-06-26,1.46145,1.46199,1.45393,1.45549,84062.78
2014-06-27,1.4555,1.45773,1.45425,1.45545,70915.77
2014-06-29,1.45505,1.45549,1.45483,1.45526,2020.81
2014-06-30,1.45528,1.46204,1.45474,1.4611,78882.08
2014-07-01,1.4611,1.46167,1.45382,1.4551,71645.09
2014-07-02,1.45511,1.45713,1.45191,1.45639,72135.24
2014-07-03,1.45639,1.45735,1.44475,1.44773,89419.75
2014-07-04,1.4477,1.44885,1.44418,1.44752,47310.3
2014-07-06,1.44731,1.44834,1.44696,1.44753,3247.33
2014-07-07,1.44753,1.4539,1.44516,1.45358,67094.54
2014-07-08,1.45357,1.4548,1.45024,1.45316,71381.36
2014-07-09,1.45315,1.45503,1.45035,1.45294,84406.82
2014-07-10,1.45294,1.45451,1.44796,1.44876,91428.44
2014-07-11,1.44876,1.46105,1.44642,1.45994,82233.58
2014-07-13,1.45984,1.46083,1.45923,1.45929,2416.02
2014-07-14,1.45929,1.46517,1.45779,1.45967,70015.39
2014-07-15,1.45967,1.4622,1.45819,1.4601,83720.29
2014-07-16,1.46008,1.46069,1.4507,1.45261,78664.05
2014-07-17,1.45261,1.45605,1.45067,1.45497,76989.47
2014-07-18,1.45496,1.45553,1.44792,1.45133,77738.01
2014-07-20,1.45168,1.45311,1.45148,1.45302,2287.74
2014-07-21,1.45303,1.45419,1.45021,1.4522,54490.86
2014-07-22,1.45222,1.4532,1.44513,1.4462,70489.7
2014-07-23,1.44618,1.44736,1.44181,1.44462,61642.75
2014-07-24,1.4446,1.44816,1.44303,1.44676,66492.09
2014-07-25,1.44676,1.45339,1.44465,1.45166,70733.49
2014-07-27,1.45268,1.45279,1.45162,1.45181,3843.23
2014-07-28,1.45181,1.45348,1.45045,1.451,69836.22
2014-07-29,1.451,1.45688,1.45072,1.45523,74127.94
2014-07-30,1.45525,1.46125,1.45502,1.46116,79377.63
2014-07-31,1.46116,1.46281,1.45572,1.46022,81562.07
2014-08-01,1.46022,1.46727,1.46004,1.46545,91202.88
2014-08-03,1.46608,1.46685,1.46575,1.46674,2573.74
2014-08-04,1.46672,1.46788,1.46345,1.46382,42816.47
2014-08-05,1.46382,1.4675,1.46226,1.46588,63751.61
2014-08-06,1.46587,1.46718,1.45875,1.46096,86164.16
2014-08-07,1.46096,1.4633,1.45592,1.46023,83886.41
2014-08-08,1.46023,1.47335,1.45868,1.47108,94816.66
2014-08-10,1.47096,1.47133,1.47011,1.47068,5852.07
2014-08-11,1.47068,1.47116,1.46136,1.46239,72714.49
2014-08-12,1.46237,1.46325,1.45893,1.46032,77779.23
2014-08-13,1.46033,1.46438,1.45689,1.45884,88715.33
2014-08-14,1.45884,1.46162,1.45629,1.45727,83686.84
2014-08-15,1.45726,1.46253,1.45465,1.4598,88243.07
2014-08-17,1.45752,1.45885,1.45752,1.45854,3150.76
2014-08-18,1.45853,1.45903,1.4539,1.45508,67091.4
2014-08-19,1.45508,1.45819,1.45267,1.45713,89697.48
2014-08-20,1.45711,1.45764,1.45256,1.45452,96188.62
2014-08-21,1.45451,1.45686,1.45247,1.45339,75229.1
2014-08-22,1.45339,1.4567,1.44733,1.44863,86737.54
2014-08-24,1.44682,1.44774,1.44588,1.44759,7644.53
2014-08-25,1.44762,1.45016,1.44324,1.44973,68093.48
2014-08-26,1.44974,1.45002,1.44166,1.44219,85476.15
2014-08-27,1.44217,1.44245,1.42877,1.43377,98083.29
2014-08-28,1.43378,1.43485,1.42798,1.43123,89633.12
2014-08-29,1.43123,1.43203,1.42524,1.42823,90849.55
2014-08-31,1.42724,1.42827,1.42653,1.42782,4637.86
2014-09-01,1.4278,1.42834,1.42581,1.42734,60283.35
2014-09-02,1.42734,1.43553,1.42693,1.43523,90761.6
2014-09-03,1.4352,1.43623,1.428,1.43177,91725.18
2014-09-04,1.43177,1.43418,1.40364,1.40771,120664.55
2014-09-05,1.40771,1.41443,1.40616,1.40886,98638.66
2014-09-07,1.4089,1.41071,1.40888,1.40996,5159.88
2014-09-08,1.40996,1.41833,1.40849,1.41574,105401.68
2014-09-09,1.41575,1.42321,1.41385,1.4201,128309.07
2014-09-10,1.4201,1.42478,1.41156,1.41472,130949.5
2014-09-11,1.41472,1.42948,1.41289,1.42622,127438.19
2014-09-12,1.42626,1.43788,1.42602,1.43764,121685.16
2014-09-14,1.43753,1.43807,1.43682,1.43695,3827.9
2014-09-15,1.43694,1.43872,1.42788,1.42985,97927.29
2014-09-16,1.42986,1.43348,1.42104,1.42212,117262.28
2014-09-17,1.42211,1.42294,1.41425,1.4147,125167.47
2014-09-18,1.4147,1.4191,1.41145,1.41387,106085.07
2014-09-19,1.41387,1.41629,1.40133,1.40595,123822.27
2014-09-21,1.40721,1.40736,1.40516,1.40565,3643.65
2014-09-22,1.40565,1.41906,1.40516,1.41867,92616.69
2014-09-23,1.41867,1.42466,1.41563,1.42249,109718.82
2014-09-24,1.42249,1.42468,1.41292,1.41522,108529.98
2014-09-25,1.41521,1.41757,1.40992,1.4166,119271.56
2014-09-26,1.41659,1.41853,1.41244,1.41365,102278.29
2014-09-28,1.41377,1.41537,1.41368,1.41524,7280.57
2014-09-29,1.41523,1.41807,1.41284,1.41614,133539.42
2014-09-30,1.41612,1.41644,1.40471,1.4153,127525.37
2014-10-01,1.41529,1.41573,1.40768,1.40768,135829.46
2014-10-02,1.40768,1.41494,1.40108,1.41354,158594.35
2014-10-03,1.41354,1.41457,1.4055,1.40703,117418.49
2014-10-05,1.40719,1.40922,1.40716,1.40895,4177.04
2014-10-06,1.40895,1.4104,1.40415,1.40917,120951.93
2014-10-07,1.40916,1.416,1.40526,1.41341,134264.5
2014-10-08,1.4134,1.42066,1.41129,1.41486,155409.27
2014-10-09,1.41486,1.42011,1.4116,1.41874,161833.9
2014-10-10,1.41874,1.42343,1.40913,1.41399,142443.1
2014-10-12,1.41187,1.4159,1.41149,1.41405,8959.68
2014-10-13,1.41405,1.42923,1.41387,1.4257,138420.13
2014-10-14,1.42569,1.43118,1.41999,1.43049,143959.09
2014-10-15,1.43049,1.44792,1.4302,1.4444,212004.29
2014-10-16,1.44439,1.44997,1.43844,1.44198,201955.11
2014-10-17,1.44198,1.44251,1.43233,1.43869,125835.46
2014-10-19,1.43854,1.43989,1.43789,1.43914,8835.9
2014-10-20,1.43914,1.44559,1.435,1.44515,125329.91
2014-10-21,1.44516,1.44551,1.42628,1.42765,137144.73
2014-10-22,1.42764,1.43045,1.41609,1.42252,141882.83
2014-10-23,1.42252,1.42511,1.4191,1.41986,128894.75
2014-10-24,1.41983,1.42402,1.41728,1.42303,109384.05
2014-10-26,1.42296,1.42558,1.4228,1.42446,5968.11
2014-10-27,1.42447,1.43001,1.42334,1.42888,123762.36
2014-10-28,1.42887,1.43036,1.42158,1.42265,135692.55
2014-10-29,1.42265,1.42281,1.41218,1.41379,132771.95
2014-10-30,1.41378,1.41436,1.40583,1.41161,150932.29
2014-10-31,1.41161,1.41698,1.40588,1.41038,162675.48
2014-11-02,1.41093,1.41151,1.41022,1.41118,4203.65
2014-11-03,1.41118,1.42102,1.40464,1.41906,164843.58
2014-11-04,1.41905,1.43422,1.41877,1.42993,162813.85
2014-11-05,1.42993,1.43339,1.41993,1.42188,182496.57
2014-11-06,1.42189,1.42976,1.41246,1.41465,196440.35
2014-11-07,1.41465,1.41894,1.40547,1.41018,181002.75
2014-11-09,1.41207,1.41262,1.41054,1.41152,8181.79
2014-11-10,1.41152,1.4143,1.40719,1.41295,152099.69
2014-11-11,1.41295,1.41548,1.40855,1.41409,151175.7
2014-11-12,1.41409,1.41722,1.40352,1.40743,184777.43
2014-11-13,1.40744,1.42127,1.40685,1.41974,145660.19
2014-11-14,1.41974,1.41989,1.40782,1.41302,168353.69
2014-11-16,1.4137,1.41429,1.41254,1.41354,5974.55
2014-11-17,1.41351,1.41765,1.40582,1.40637,155672.27
2014-11-18,1.40637,1.41917,1.40468,1.41871,140580.74
2014-11-19,1.41869,1.42565,1.41708,1.42334,159914.57
2014-11-20,1.42335,1.4265,1.41545,1.4186,175146.84
2014-11-21,1.41859,1.4204,1.39052,1.39117,178394.13
2014-11-23,1.38856,1.39067,1.3883,1.38949,7470.25
2014-11-24,1.38948,1.40579,1.3893,1.4037,140962.38
2014-11-25,1.40372,1.40695,1.39859,1.4038,150165.35
2014-11-26,1.40382,1.4088,1.40188,1.40729,131162.38
2014-11-27,1.40727,1.41753,1.40238,1.41274,112054.92
2014-11-28,1.41274,1.4268,1.41197,1.42062,130986.07
2014-11-30,1.42418,1.42473,1.42227,1.42437,6249.81
2014-12-01,1.42437,1.42501,1.41139,1.41175,172753.03
2014-12-02,1.41175,1.41687,1.40985,1.41247,138871.31
2014-12-03,1.41245,1.4135,1.39702,1.39952,157979.18
2014-12-04,1.39954,1.41699,1.39567,1.41033,166763.03
2014-12-05,1.41033,1.41191,1.40293,1.40404,142988.6
2014-12-07,1.40505,1.40809,1.40414,1.40706,4729.1
2014-12-08,1.40704,1.41466,1.40063,1.4139,142233.21
2014-12-09,1.4139,1.41996,1.41232,1.41732,176694.31
2014-12-10,1.41732,1.43163,1.41622,1.43102,173781.51
2014-12-11,1.43103,1.43246,1.42466,1.42898,192969.33
2014-12-12,1.42897,1.44357,1.42815,1.44265,164925.03
2014-12-14,1.44572,1.44572,1.44065,1.44133,9422.94
2014-12-15,1.44133,1.45176,1.437,1.44993,169658.19
2014-12-16,1.44995,1.46437,1.44742,1.45536,199290.03
2014-12-17,1.45536,1.45573,1.43514,1.43553,183580.03
2014-12-18,1.43553,1.43679,1.42204,1.42354,176497.15
2014-12-19,1.42354,1.42903,1.41742,1.41809,147772.21
2014-12-21,1.41773,1.41989,1.41753,1.41928,5402.17
2014-12-22,1.41928,1.42788,1.41797,1.42315,111641.41
2014-12-23,1.42316,1.42324,1.41294,1.41454,109392.72
2014-12-24,1.41454,1.41943,1.41409,1.41725,52836.33
2014-12-25,1.41725,1.42045,1.41671,1.41853,8277.26
2014-12-26,1.41847,1.42033,1.41243,1.41575,53831.76
2014-12-28,1.41428,1.4163,1.41404,1.41543,5180.15
2014-12-29,1.41546,1.42086,1.413,1.41498,89410.1
2014-12-30,1.41502,1.41667,1.40954,1.41127,99898.35
2014-12-31,1.41125,1.41167,1.39923,1.40548,75053.37
2015-01-01,1.40478,1.40652,1.40351,1.40398,5603.37
2015-01-02,1.40398,1.41446,1.40198,1.41388,118001.63
2015-01-04,1.40776,1.41366,1.39859,1.40889,9602.0
2015-01-05,1.40889,1.41136,1.40181,1.40354,141355.09
2015-01-06,1.40354,1.41137,1.3996,1.40551,144057.53
2015-01-07,1.40552,1.40923,1.39758,1.39859,143520.97
2015-01-08,1.39859,1.39943,1.38825,1.39465,142061.94
2015-01-09,1.39468,1.40643,1.39185,1.40465,137085.17
2015-01-11,1.40483,1.40634,1.40422,1.40584,5045.24
2015-01-12,1.40583,1.41726,1.40031,1.41613,139110.0
2015-01-13,1.41614,1.4189,1.40357,1.40789,172199.52
2015-01-14,1.4079,1.41609,1.4057,1.40778,191084.35
2015-01-15,1.40778,1.41053,1.37854,1.39142,241438.66
2015-01-16,1.39143,1.39644,1.37532,1.38564,184135.09
2015-01-18,1.38327,1.38585,1.38326,1.38387,3468.22
2015-01-19,1.38387,1.3941,1.38097,1.38623,110613.62
2015-01-20,1.38623,1.4023,1.38331,1.39852,143031.42
2015-01-21,1.3985,1.43584,1.39555,1.4337,176852.83
2015-01-22,1.4337,1.43826,1.40358,1.40528,199578.21
2015-01-23,1.40525,1.40786,1.38032,1.39119,204315.41
2015-01-25,1.38733,1.38829,1.3826,1.38809,9928.53
2015-01-26,1.38811,1.40433,1.38755,1.4038,179275.07
2015-01-27,1.40378,1.41468,1.40085,1.40913,159837.36
2015-01-28,1.40912,1.41865,1.40663,1.41314,173062.52
2015-01-29,1.4131,1.43235,1.41121,1.42955,150746.68
2015-01-30,1.42945,1.44903,1.42817,1.4367,164408.2
2015-02-01,1.43621,1.43767,1.43357,1.43473,5898.97
2015-02-02,1.43472,1.44759,1.42305,1.42667,151797.91
2015-02-03,1.42667,1.43476,1.42143,1.4253,187477.92
2015-02-04,1.4253,1.43859,1.42154,1.42354,192539.81
2015-02-05,1.42352,1.43385,1.41844,1.42647,166536.9
2015-02-06,1.42647,1.42879,1.40961,1.4173,150494.5
2015-02-08,1.41603,1.41775,1.41504,1.41622,5610.45
2015-02-09,1.41619,1.42097,1.40785,1.41266,147040.96
2015-02-10,1.41264,1.42929,1.40737,1.42443,160442.83
2015-02-11,1.42443,1.43398,1.42239,1.42724,155611.25
2015-02-12,1.42724,1.43138,1.41564,1.42654,172872.06
2015-02-13,1.42654,1.43162,1.41699,1.41699,152909.15
2015-02-15,1.41814,1.41992,1.41726,1.41949,5361.86
2015-02-16,1.41947,1.42389,1.4125,1.41399,104554.01
2015-02-17,1.41396,1.4171,1.40945,1.41304,141274.59
2015-02-18,1.41305,1.42049,1.41018,1.41996,155289.84
2015-02-19,1.41996,1.42892,1.41849,1.41961,151225.36
2015-02-20,1.41956,1.4314,1.40552,1.42598,162191.57
2015-02-22,1.42731,1.42776,1.42544,1.42635,4716.46
2015-02-23,1.42636,1.42998,1.42222,1.4249,141908.08
2015-02-24,1.4249,1.43301,1.41479,1.417,167709.05
2015-02-25,1.41692,1.41718,1.40691,1.41279,164206.41
2015-02-26,1.41279,1.4146,1.39805,1.40105,165985.0
2015-02-27,1.40104,1.40359,1.39518,1.40035,158502.49
2015-03-01,1.39771,1.39894,1.3964,1.39674,8846.46
2015-03-02,1.39674,1.40884,1.39661,1.40171,134356.73
2015-03-03,1.4017,1.40293,1.38899,1.39596,147032.02
2015-03-04,1.39598,1.39769,1.37363,1.37666,146116.41
2015-03-05,1.37666,1.38314,1.36939,1.37714,146683.25
2015-03-06,1.37716,1.37732,1.36221,1.36838,154144.92
2015-03-08,1.36602,1.36746,1.36525,1.36684,8064.83
2015-03-09,1.36684,1.37358,1.36521,1.36729,151814.01
2015-03-10,1.36728,1.3685,1.35119,1.35717,211622.63
2015-03-11,1.35715,1.35803,1.34054,1.34382,227068.92
2015-03-12,1.34382,1.35033,1.33943,1.34852,215975.67
2015-03-13,1.34852,1.35198,1.3386,1.34136,186462.98
2015-03-15,1.33926,1.34403,1.33915,1.34362,9440.96
2015-03-16,1.34361,1.35682,1.34186,1.35061,177311.93
2015-03-17,1.35061,1.35999,1.349,1.35481,157901.87
2015-03-18,1.35481,1.37489,1.35341,1.36193,192807.78
2015-03-19,1.36191,1.36737,1.34721,1.35501,194963.34
2015-03-20,1.35499,1.36786,1.35117,1.35779,165880.52
2015-03-22,1.36061,1.36463,1.35993,1.36207,10983.94
2015-03-23,1.36212,1.37137,1.35681,1.37034,209008.27
2015-03-24,1.37034,1.37387,1.36321,1.36394,209257.44
2015-03-25,1.36394,1.37632,1.36385,1.37333,190677.32
2015-03-26,1.37333,1.37365,1.3556,1.35828,230549.71
2015-03-27,1.35831,1.37651,1.35275,1.37309,207206.29
2015-03-29,1.37173,1.3733,1.37112,1.37224,10413.19
2015-03-30,1.37222,1.37534,1.36777,1.37254,200587.75
2015-03-31,1.37251,1.37593,1.3587,1.36248,206546.57
2015-04-01,1.36249,1.36581,1.35583,1.35821,223604.06
2015-04-02,1.35818,1.37264,1.35599,1.36551,198784.67
2015-04-03,1.36552,1.37363,1.36499,1.36896,90045.74
2015-04-05,1.37136,1.37436,1.36821,1.37175,10993.21
2015-04-06,1.37175,1.37515,1.36238,1.36411,112691.21
2015-04-07,1.3641,1.36568,1.35115,1.35306,188468.54
2015-04-08,1.35307,1.35495,1.34625,1.35267,194955.07
2015-04-09,1.35265,1.35456,1.33975,1.3418,169709.37
2015-04-10,1.34181,1.34437,1.33185,1.33243,158121.42
2015-04-12,1.33116,1.33427,1.3308,1.33372,8361.13
2015-04-13,1.33372,1.33775,1.32982,1.33132,200850.75
2015-04-14,1.33131,1.33727,1.32557,1.32907,203994.38
2015-04-15,1.32907,1.337,1.31114,1.31384,190788.23
2015-04-16,1.31383,1.32232,1.30753,1.31277,191498.81
2015-04-17,1.31276,1.32386,1.30237,1.32298,194513.61
2015-04-19,1.32075,1.32243,1.3185,1.3198,6663.16
2015-04-20,1.31979,1.31992,1.31003,1.31409,167259.33
2015-04-21,1.3141,1.32261,1.30572,1.31755,169206.36
2015-04-22,1.31753,1.32007,1.31115,1.31315,164836.77
2015-04-23,1.31316,1.31845,1.3078,1.31363,180103.46
2015-04-24,1.31363,1.32487,1.31034,1.32322,162981.95
2015-04-26,1.32414,1.32426,1.32202,1.3225,6425.02
2015-04-27,1.32253,1.32402,1.31313,1.31534,165186.47
2015-04-28,1.31536,1.32246,1.31468,1.32032,164940.66
2015-04-29,1.32031,1.33884,1.31892,1.33577,199202.29
2015-04-30,1.33576,1.36191,1.33264,1.3541,207571.39
2015-05-01,1.35412,1.37037,1.35389,1.3614,147288.04
2015-05-03,1.36012,1.36239,1.35986,1.36078,7637.85
2015-05-04,1.36078,1.36382,1.34695,1.34814,133630.82
2015-05-05,1.34814,1.35193,1.34014,1.34991,162249.86
2015-05-06,1.34991,1.36887,1.34703,1.36538,174619.11
2015-05-07,1.36538,1.37671,1.35952,1.36125,182822.83
2015-05-08,1.36123,1.36383,1.35153,1.35153,163084.14
2015-05-10,1.35223,1.35424,1.35219,1.35352,6155.52
2015-05-11,1.35348,1.35707,1.34584,1.34802,144569.1
2015-05-12,1.34805,1.36005,1.34521,1.34687,154350.04
2015-05-13,1.34685,1.36058,1.34286,1.35675,158722.73
2015-05-14,1.35673,1.36918,1.35551,1.36646,169581.72
2015-05-15,1.36645,1.37771,1.36244,1.3755,155235.01
2015-05-17,1.37402,1.376,1.37394,1.37494,5218.08
2015-05-18,1.37494,1.38044,1.36944,1.37538,138908.51
2015-05-19,1.37538,1.37664,1.35791,1.36253,162177.6
2015-05-20,1.36253,1.36333,1.35215,1.35532,166497.06
2015-05-21,1.35533,1.36314,1.35164,1.35516,132223.17
2015-05-22,1.35517,1.36687,1.35156,1.35196,127199.46
2015-05-24,1.35146,1.35262,1.34845,1.35137,8416.91
2015-05-25,1.35137,1.35231,1.3477,1.35113,64550.38
2015-05-26,1.35121,1.35686,1.34309,1.35242,139945.71
2015-05-27,1.35242,1.36051,1.34844,1.35745,138645.08
2015-05-28,1.35744,1.36726,1.35676,1.36203,143172.95
2015-05-29,1.36204,1.37509,1.35919,1.36754,135811.4
2015-05-31,1.3659,1.36777,1.36465,1.36503,5560.45
2015-06-01,1.36508,1.3714,1.36002,1.36796,157183.88
2015-06-02,1.36797,1.39169,1.36609,1.38411,178112.49
2015-06-03,1.38407,1.4043,1.38022,1.40264,162304.79
2015-06-04,1.40265,1.41626,1.3981,1.40042,167959.13
2015-06-05,1.4004,1.4123,1.38133,1.38212,149737.4
2015-06-07,1.3797,1.38394,1.3794,1.3835,4282.54
2015-06-08,1.38349,1.40144,1.38181,1.40004,142879.32
2015-06-09,1.40007,1.40536,1.38464,1.39364,161896.62
2015-06-10,1.39363,1.39583,1.37993,1.38861,184476.33
2015-06-11,1.38858,1.39062,1.37931,1.38239,152825.52
2015-06-12,1.38239,1.38975,1.3743,1.38714,140900.69
2015-06-14,1.37972,1.3826,1.37962,1.38193,8385.06
2015-06-15,1.38193,1.39133,1.38011,1.38866,139501.28
2015-06-16,1.38864,1.39534,1.3811,1.3821,126055.33
2015-06-17,1.3821,1.39246,1.38184,1.38984,142070.81
2015-06-18,1.38982,1.39554,1.38213,1.39022,161142.65
2015-06-19,1.39025,1.39468,1.38128,1.3917,112522.88
2015-06-21,1.39416,1.39557,1.39302,1.39475,5830.35
2015-06-22,1.39474,1.40219,1.38685,1.39705,124420.49
2015-06-23,1.39705,1.39753,1.37489,1.37701,140265.9
2015-06-24,1.37703,1.38957,1.37491,1.38783,131801.38
2015-06-25,1.38782,1.39105,1.37938,1.38142,119933.77
2015-06-26,1.38143,1.38671,1.37423,1.37517,103894.59
2015-06-28,1.35774,1.35967,1.35158,1.35564,16935.14
2015-06-29,1.35566,1.39617,1.35488,1.3925,161287.69
2015-06-30,1.39248,1.39646,1.38074,1.38903,152894.67
2015-07-01,1.38901,1.39499,1.38684,1.38954,147159.31
2015-07-02,1.38956,1.39972,1.38934,1.39079,143499.31
2015-07-03,1.3908,1.39859,1.3904,1.39664,110210.99
2015-07-05,1.38466,1.39132,1.38217,1.38672,14321.98
2015-07-06,1.38672,1.40155,1.38646,1.39864,145771.16
2015-07-07,1.3987,1.40265,1.39053,1.4002,176579.96
2015-07-08,1.4002,1.41204,1.39837,1.40942,184399.78
2015-07-09,1.40938,1.41188,1.39741,1.40571,161439.72
2015-07-10,1.40571,1.42565,1.40518,1.41265,161080.87
2015-07-12,1.40848,1.4143,1.40842,1.41307,7015.03
2015-07-13,1.41307,1.42111,1.40041,1.40049,176083.59
2015-07-14,1.40055,1.41306,1.39845,1.40174,163958.47
2015-07-15,1.40174,1.41922,1.39943,1.41415,187065.39
2015-07-16,1.41417,1.41495,1.40351,1.4113,177691.42
2015-07-17,1.41129,1.41461,1.40425,1.40425,142780.34
2015-07-19,1.40484,1.40727,1.40466,1.40655,4976.98
2015-07-20,1.40655,1.41241,1.40482,1.40794,151860.81
2015-07-21,1.40796,1.41906,1.40555,1.41536,185222.95
2015-07-22,1.41531,1.4248,1.41526,1.42463,167151.72
2015-07-23,1.42463,1.43475,1.42376,1.43063,168366.05
2015-07-24,1.43064,1.43804,1.42392,1.43116,139591.88
2015-07-26,1.43186,1.43306,1.4301,1.43094,4573.1
2015-07-27,1.43094,1.44939,1.43061,1.44556,174373.68
2015-07-28,1.44555,1.44635,1.42737,1.43052,162167.61
2015-07-29,1.43056,1.43382,1.42007,1.42203,175280.0
2015-07-30,1.42202,1.42467,1.41739,1.42274,163754.98
2015-07-31,1.42274,1.445,1.42117,1.43775,174425.18
2015-08-02,1.43597,1.43965,1.43517,1.43946,6954.28
2015-08-03,1.43945,1.4447,1.43827,1.44103,147985.3
2015-08-04,1.441,1.44307,1.43453,1.43606,183184.55
2015-08-05,1.43605,1.43879,1.42807,1.43602,195578.76
2015-08-06,1.43602,1.43959,1.43136,1.43249,166323.01
2015-08-07,1.43249,1.4411,1.42636,1.43948,160812.66
2015-08-09,1.43818,1.44126,1.43806,1.44066,3903.51
2015-08-10,1.44066,1.44593,1.43198,1.43322,147986.25
2015-08-11,1.43322,1.45387,1.43175,1.4465,172709.48
2015-08-12,1.4465,1.45783,1.44463,1.44766,177429.15
2015-08-13,1.44761,1.45818,1.44325,1.45756,184409.7
2015-08-14,1.45755,1.46137,1.45076,1.45355,151865.8
2015-08-16,1.45528,1.4553,1.45252,1.45331,5349.16
2015-08-17,1.45332,1.45986,1.44681,1.45036,149448.62
2015-08-18,1.45037,1.4546,1.43853,1.4405,139822.2
2015-08-19,1.44049,1.45989,1.43966,1.45922,160643.31
2015-08-20,1.45922,1.4714,1.45841,1.46921,170781.2
2015-08-21,1.46921,1.50177,1.46879,1.50128,178970.87
2015-08-23,1.49935,1.50816,1.49889,1.50387,11512.69
2015-08-24,1.50387,1.55599,1.50299,1.53846,242437.64
2015-08-25,1.53846,1.54233,1.50942,1.54179,215880.16
2015-08-26,1.5418,1.54276,1.50309,1.50817,245815.53
2015-08-27,1.50816,1.50994,1.47706,1.48306,221936.28
2015-08-28,1.48306,1.4988,1.47441,1.47621,194636.67
2015-08-30,1.4755,1.48467,1.47538,1.48452,9904.86
2015-08-31,1.48452,1.4975,1.47043,1.47525,174388.4
2015-09-01,1.47527,1.50042,1.47497,1.49699,199552.25
2015-09-02,1.49703,1.49717,1.48249,1.48738,190415.96
2015-09-03,1.48736,1.4923,1.45973,1.46721,172102.7
2015-09-04,1.46716,1.48065,1.46226,1.47973,159608.25
2015-09-06,1.47974,1.4809,1.47765,1.48082,10474.22
2015-09-07,1.4808,1.48673,1.47477,1.48383,140791.78
2015-09-08,1.48384,1.49218,1.47395,1.47928,178098.73
2015-09-09,1.47926,1.49101,1.46608,1.48977,188706.0
2015-09-10,1.48978,1.49516,1.47544,1.49275,214090.06
2015-09-11,1.49275,1.50588,1.49041,1.5036,153200.68
2015-09-13,1.50119,1.50559,1.50067,1.50228,7165.85
2015-09-14,1.50231,1.50508,1.49489,1.49857,154986.26
2015-09-15,1.49859,1.50205,1.49147,1.49274,163822.9
2015-09-16,1.49272,1.49523,1.48447,1.48702,161373.61
2015-09-17,1.48702,1.50776,1.48675,1.50246,191660.51
2015-09-18,1.50246,1.50457,1.48566,1.49409,196573.46
2015-09-20,1.49251,1.49318,1.49158,1.49251,7502.25
2015-09-21,1.49251,1.49703,1.47999,1.48239,156046.6
2015-09-22,1.48238,1.48487,1.47478,1.47604,152502.27
2015-09-23,1.47602,1.49516,1.47252,1.49089,153751.13
2015-09-24,1.49094,1.51147,1.48599,1.49135,187262.04
2015-09-25,1.49137,1.4944,1.48138,1.49241,151909.86
2015-09-27,1.4911,1.49375,1.49041,1.4935,4363.35
2015-09-28,1.49343,1.50646,1.48705,1.50442,153602.53
2015-09-29,1.50442,1.5158,1.49957,1.51028,183283.77
2015-09-30,1.51028,1.51195,1.48718,1.48768,165270.51
2015-10-01,1.48769,1.48818,1.4762,1.48235,153158.72
2015-10-02,1.48237,1.49822,1.47394,1.47516,144009.09
2015-10-04,1.47491,1.47853,1.47491,1.47771,8641.86
2015-10-05,1.47771,1.47839,1.46197,1.46484,143064.38
2015-10-06,1.46486,1.47429,1.4607,1.46963,140356.11
2015-10-07,1.46961,1.47092,1.4548,1.46831,181401.31
2015-10-08,1.46832,1.47604,1.46517,1.46666,177854.05
2015-10-09,1.46666,1.47489,1.46173,1.46964,160099.55
2015-10-11,1.47192,1.47274,1.47059,1.47237,12990.19
2015-10-12,1.47236,1.47901,1.46754,1.47715,122158.44
2015-10-13,1.47714,1.48992,1.47407,1.48188,163631.55
2015-10-14,1.48188,1.48914,1.48027,1.48198,171123.21
2015-10-15,1.48198,1.48422,1.46039,1.46114,171516.33
2015-10-16,1.46115,1.47222,1.46055,1.46507,124737.59
2015-10-18,1.46524,1.46742,1.46498,1.46704,13018.53
2015-10-19,1.46704,1.47534,1.46079,1.4751,116762.48
2015-10-20,1.4751,1.48142,1.46626,1.4745,127598.71
2015-10-21,1.47451,1.49078,1.47284,1.49017,144187.7
2015-10-22,1.49018,1.49064,1.45048,1.45239,179866.99
2015-10-23,1.45243,1.45834,1.44419,1.45024,157933.71
2015-10-25,1.44738,1.45219,1.44738,1.45137,8031.5
2015-10-26,1.45138,1.4557,1.44654,1.45494,129363.71
2015-10-27,1.45485,1.46642,1.45372,1.46397,132726.48
2015-10-28,1.46396,1.46669,1.43777,1.44137,154297.68
2015-10-29,1.44137,1.45056,1.43846,1.44617,171589.48
2015-10-30,1.44617,1.45558,1.4361,1.43916,177526.37
2015-11-01,1.44288,1.44292,1.44049,1.44129,6533.26
2015-11-02,1.44129,1.44891,1.44073,1.44219,129335.12
2015-11-03,1.44222,1.44387,1.42789,1.43216,140469.79
2015-11-04,1.43216,1.43234,1.42521,1.42923,149006.41
2015-11-05,1.42924,1.43495,1.42709,1.43238,145950.3
2015-11-06,1.43238,1.43699,1.41986,1.42863,169415.98
2015-11-08,1.42685,1.42807,1.4262,1.42663,3617.41
2015-11-09,1.42662,1.43194,1.42338,1.42759,154900.09
2015-11-10,1.4276,1.42895,1.41612,1.42413,142503.52
2015-11-11,1.42413,1.42674,1.41994,1.4267,140216.14
2015-11-12,1.42668,1.43865,1.4182,1.43573,172080.73
2015-11-13,1.43574,1.4359,1.42816,1.43479,149671.5
2015-11-15,1.42838,1.43021,1.42296,1.42499,10029.56
2015-11-16,1.425,1.43343,1.42296,1.42482,161192.57
2015-11-17,1.4248,1.42484,1.41589,1.41741,169542.36
2015-11-18,1.41741,1.42356,1.41626,1.41918,153511.91
2015-11-19,1.41919,1.42801,1.41427,1.42598,175898.07
2015-11-20,1.42594,1.42633,1.41745,1.42066,156742.33
2015-11-22,1.41824,1.421,1.41822,1.42079,4836.38
2015-11-23,1.42078,1.42806,1.41575,1.42123,158673.39
2015-11-24,1.42123,1.42498,1.41401,1.41603,154245.43
2015-11-25,1.416,1.4209,1.40737,1.41253,160690.84
2015-11-26,1.41254,1.41371,1.40914,1.41001,112163.44
2015-11-27,1.41003,1.41768,1.4094,1.41589,126937.63
2015-11-29,1.41466,1.41654,1.41451,1.41467,3887.28
2015-11-30,1.41468,1.41746,1.40574,1.41089,151320.11
2015-12-01,1.41089,1.42261,1.40987,1.41972,186382.75
2015-12-02,1.4197,1.42133,1.40703,1.41638,187251.88
2015-12-03,1.4164,1.46498,1.40351,1.45723,234992.92
2015-12-04,1.45723,1.46703,1.44827,1.45312,211950.87
2015-12-06,1.45335,1.4574,1.45293,1.45697,6991.92
2015-12-07,1.45699,1.46783,1.45091,1.46347,155309.07
2015-12-08,1.4635,1.48406,1.4634,1.47907,190060.27
2015-12-09,1.47908,1.49994,1.47772,1.4944,192345.93
2015-12-10,1.4944,1.49494,1.48091,1.49239,176032.87
2015-12-11,1.49239,1.51276,1.49076,1.51198,170341.59
2015-12-13,1.50683,1.50905,1.50623,1.50839,6580.62
2015-12-14,1.50839,1.52021,1.50045,1.50878,217036.35
2015-12-15,1.50878,1.51603,1.49423,1.50108,199952.6
2015-12-16,1.50109,1.51633,1.49837,1.49977,203807.79
2015-12-17,1.49978,1.51527,1.49571,1.51022,169189.08
2015-12-18,1.51023,1.51681,1.50233,1.51612,165650.71
2015-12-20,1.51238,1.5162,1.51148,1.51547,4621.21
2015-12-21,1.51547,1.53033,1.51033,1.52206,156372.96
2015-12-22,1.52207,1.53209,1.51941,1.52394,140492.24
2015-12-23,1.52393,1.52466,1.5045,1.51102,118179.43
2015-12-24,1.51102,1.52,1.51094,1.51523,77391.58
2015-12-25,1.51518,1.51554,1.51219,1.51442,4527.95
2015-12-27,1.51502,1.51785,1.51426,1.51743,2909.03
2015-12-28,1.51743,1.52796,1.51613,1.52479,104639.21
2015-12-29,1.52479,1.52954,1.5089,1.5116,115921.85
2015-12-30,1.51171,1.52169,1.51091,1.51704,124607.03
2015-12-31,1.51703,1.51903,1.50086,1.50136,99316.03
2016-01-03,1.50192,1.50706,1.5015,1.50554,5423.33
2016-01-04,1.50543,1.525,1.50002,1.50839,160692.48
2016-01-05,1.50842,1.50944,1.49527,1.50361,173280.99
2016-01-06,1.50362,1.52231,1.50198,1.51605,197581.55
2016-01-07,1.51606,1.54293,1.51575,1.54096,234381.75
2016-01-08,1.54098,1.54932,1.52117,1.54777,196709.32
2016-01-10,1.54642,1.55543,1.54566,1.55131,11198.09
2016-01-11,1.55132,1.55246,1.52974,1.54406,190604.29
2016-01-12,1.54405,1.55523,1.53608,1.54574,207367.56
2016-01-13,1.54576,1.56463,1.5333,1.56234,213007.46
2016-01-14,1.56238,1.57447,1.55483,1.55722,232218.73
2016-01-15,1.55722,1.59594,1.55718,1.58652,243832.52
2016-01-17,1.5943,1.59506,1.58873,1.59185,6869.92
2016-01-18,1.59185,1.59263,1.57621,1.58424,159350.55
2016-01-19,1.58425,1.59317,1.56807,1.58929,211477.15
2016-01-20,1.5893,1.61049,1.57352,1.5736,265079.51
2016-01-21,1.5736,1.58752,1.54119,1.5494,290828.68
2016-01-22,1.54944,1.55168,1.52343,1.52343,230049.23
2016-01-24,1.52636,1.52714,1.52545,1.52701,7528.73
2016-01-25,1.52696,1.55162,1.52458,1.55162,209831.36
2016-01-26,1.55163,1.55667,1.52249,1.53376,213506.92
2016-01-27,1.53374,1.54432,1.52477,1.53699,239150.79
2016-01-28,1.53698,1.54383,1.52148,1.53485,238401.53
2016-01-29,1.53485,1.5387,1.51259,1.51345,237817.04
2016-01-31,1.51323,1.51475,1.51109,1.5126,6698.15
2016-02-01,1.51261,1.53383,1.51212,1.52046,210211.43
2016-02-02,1.52046,1.54021,1.51997,1.53585,210740.65
2016-02-03,1.53583,1.54163,1.51761,1.53006,264149.17
2016-02-04,1.53008,1.54288,1.52211,1.5407,249030.35
2016-02-05,1.5407,1.55299,1.5332,1.5523,219092.39
2016-02-07,1.5485,1.54964,1.54525,1.5473,9768.25
2016-02-08,1.5473,1.56317,1.54285,1.55842,238413.47
2016-02-09,1.55838,1.57173,1.5498,1.56706,289756.7
2016-02-10,1.56714,1.57402,1.54491,1.57109,297207.88
2016-02-11,1.57109,1.59141,1.5678,1.57485,323783.91
2016-02-12,1.57485,1.57759,1.55137,1.5582,238892.54
2016-02-14,1.55608,1.55888,1.55259,1.55301,9278.1
2016-02-15,1.55301,1.55473,1.53932,1.54471,159694.63
2016-02-16,1.54469,1.5512,1.53049,1.54434,226030.52
2016-02-17,1.54434,1.55319,1.52015,1.52123,238540.55
2016-02-18,1.52116,1.52706,1.51401,1.52588,215312.71
2016-02-19,1.52588,1.5389,1.52508,1.53178,197516.24
2016-02-21,1.53011,1.53372,1.53009,1.53362,10611.02
2016-02-22,1.5336,1.53374,1.50588,1.51074,183461.19
2016-02-23,1.51076,1.52489,1.50804,1.52073,197334.71
2016-02-24,1.52074,1.52664,1.5056,1.50929,219390.68
2016-02-25,1.50929,1.51495,1.49031,1.49283,201825.66
2016-02-26,1.49281,1.49884,1.47536,1.47702,181818.9
2016-02-28,1.4746,1.48085,1.47449,1.48023,9185.58
2016-02-29,1.48023,1.4843,1.46781,1.47359,193694.87
2016-03-01,1.47359,1.47496,1.45288,1.46033,200526.52
2016-03-02,1.46033,1.46415,1.45441,1.45959,179983.76
2016-03-03,1.45958,1.47091,1.45535,1.46748,173607.46
2016-03-04,1.4675,1.48143,1.46281,1.46457,181814.8
2016-03-06,1.46489,1.46616,1.46443,1.46574,6925.39
2016-03-07,1.46574,1.46763,1.45919,1.46354,159076.53
2016-03-08,1.46356,1.48264,1.46345,1.47595,181820.66
2016-03-09,1.47598,1.47701,1.45454,1.45548,181797.9
2016-03-10,1.45547,1.50154,1.43883,1.49058,238388.75
2016-03-11,1.49056,1.49338,1.46692,1.47265,182299.14
2016-03-13,1.47219,1.47933,1.47206,1.47783,13877.9
2016-03-14,1.47783,1.47944,1.46914,1.47353,165393.27
2016-03-15,1.4735,1.48789,1.47276,1.48344,176248.46
2016-03-16,1.48346,1.48565,1.46931,1.4713,193774.15
2016-03-17,1.47131,1.47725,1.46173,1.46962,222919.93
2016-03-18,1.4696,1.47126,1.45873,1.46537,167806.53
2016-03-20,1.46429,1.47169,1.46429,1.47098,11086.66
2016-03-21,1.47099,1.47506,1.4662,1.47094,153969.71
2016-03-22,1.47092,1.47224,1.46164,1.4643,162208.65
2016-03-23,1.46429,1.47814,1.46055,1.47639,164384.49
2016-03-24,1.47631,1.48355,1.476,1.47823,153677.73
2016-03-25,1.47829,1.48314,1.47618,1.4797,70222.68
2016-03-27,1.48122,1.48262,1.47997,1.48085,4286.4
2016-03-28,1.48085,1.48194,1.47511,1.47586,98791.46
2016-03-29,1.47587,1.47964,1.47036,1.47472,182609.69
2016-03-30,1.47472,1.47786,1.46572,1.47062,190175.08
2016-03-31,1.4706,1.48095,1.46549,1.47799,197676.12
2016-04-01,1.47799,1.49762,1.4755,1.48174,182369.68
2016-04-03,1.48567,1.48574,1.48365,1.48559,6139.39
2016-04-04,1.48557,1.49068,1.48209,1.48902,153333.35
2016-04-05,1.48902,1.50289,1.48859,1.49551,182039.0
2016-04-06,1.49548,1.50086,1.49065,1.49126,182008.73
2016-04-07,1.49124,1.50175,1.48559,1.49389,187399.52
2016-04-08,1.49389,1.49427,1.47606,1.48008,171254.24
2016-04-10,1.48184,1.48233,1.47977,1.48015,9153.73
2016-04-11,1.48015,1.48592,1.46941,1.47295,172953.95
2016-04-12,1.47295,1.47525,1.45192,1.45336,194723.91
2016-04-13,1.45336,1.45458,1.43769,1.44558,203577.19
2016-04-14,1.44557,1.45104,1.44244,1.44656,179464.28
2016-04-15,1.44656,1.45965,1.44052,1.44582,155105.7
2016-04-17,1.46279,1.46718,1.4602,1.46603,13576.1
2016-04-18,1.46606,1.46796,1.4434,1.44414,186454.16
2016-04-19,1.44414,1.44814,1.43683,1.44204,182553.8
2016-04-20,1.44205,1.44597,1.42622,1.42927,178188.37
2016-04-21,1.42928,1.44303,1.42608,1.43657,188027.87
2016-04-22,1.43656,1.43844,1.41982,1.42122,179019.83
2016-04-24,1.41986,1.42345,1.41961,1.42295,8399.02
2016-04-25,1.42295,1.43079,1.42292,1.42816,170248.99
2016-04-26,1.42816,1.43327,1.42263,1.42445,168795.06
2016-04-27,1.42445,1.43326,1.42213,1.42511,186387.59
2016-04-28,1.42512,1.43082,1.41809,1.42521,212956.77
2016-04-29,1.42521,1.43997,1.42294,1.43697,189499.1
2016-05-01,1.43867,1.43897,1.43682,1.43744,8519.77
2016-05-02,1.43741,1.44645,1.43628,1.44393,158903.28
2016-05-03,1.44393,1.46549,1.44203,1.46061,199900.83
2016-05-04,1.46065,1.48191,1.45981,1.47812,192597.51
2016-05-05,1.47812,1.47834,1.46199,1.46531,177782.21
2016-05-06,1.4653,1.47914,1.46527,1.47185,168645.41
2016-05-08,1.47552,1.47557,1.47176,1.47233,7258.53
2016-05-09,1.47233,1.48246,1.46966,1.47523,163858.12
2016-05-10,1.47522,1.47789,1.46768,1.46898,160539.24
2016-05-11,1.469,1.47646,1.46639,1.4695,158881.27
2016-05-12,1.4695,1.46971,1.45643,1.46067,165312.32
2016-05-13,1.46068,1.46413,1.45702,1.46246,162635.28
2016-05-15,1.46358,1.46655,1.46283,1.46614,6031.7
2016-05-16,1.46616,1.4666,1.4585,1.45964,130773.77
2016-05-17,1.45963,1.4693,1.45413,1.4604,150068.03
2016-05-18,1.46044,1.46513,1.45418,1.46165,177423.79
2016-05-19,1.46166,1.4735,1.46165,1.46611,185604.43
2016-05-20,1.46609,1.47564,1.46462,1.47173,132133.32
2016-05-22,1.4695,1.47282,1.46874,1.4726,4694.91
2016-05-23,1.4726,1.47552,1.46972,1.47422,138233.18
2016-05-24,1.47426,1.47798,1.46016,1.46175,154659.54
2016-05-25,1.46175,1.46398,1.45139,1.45391,153081.31
2016-05-26,1.45391,1.45535,1.44342,1.45209,144865.07
2016-05-27,1.45208,1.45824,1.44673,1.44686,132098.23
2016-05-29,1.4476,1.45048,1.44729,1.44942,7165.09
2016-05-30,1.4494,1.45686,1.44936,1.45366,93699.79
2016-05-31,1.45366,1.4628,1.44986,1.45575,149976.83
2016-06-01,1.45573,1.46571,1.45135,1.46276,157536.89
2016-06-02,1.46276,1.47061,1.45839,1.46035,148801.4
2016-06-03,1.46038,1.47222,1.45799,1.46986,151448.97
2016-06-05,1.46874,1.47253,1.46873,1.47077,8407.99
2016-06-06,1.47075,1.47263,1.45477,1.45603,149421.17
2016-06-07,1.45602,1.45773,1.44605,1.44892,132564.86
2016-06-08,1.44895,1.45094,1.44071,1.44658,138171.36
2016-06-09,1.44655,1.44826,1.43834,1.43986,142188.57
2016-06-10,1.43984,1.4422,1.43187,1.43772,132157.54
2016-06-12,1.43869,1.43869,1.43585,1.43609,9124.31
2016-06-13,1.43608,1.44998,1.43601,1.44829,140782.81
2016-06-14,1.44832,1.44918,1.43679,1.44182,142742.87
2016-06-15,1.44179,1.45582,1.43947,1.45381,148305.41
2016-06-16,1.45381,1.46382,1.44998,1.45482,181719.31
2016-06-17,1.45506,1.45604,1.44611,1.45342,140980.34
2016-06-19,1.45528,1.45811,1.4534,1.45797,9917.33
2016-06-20,1.458,1.46064,1.44658,1.44909,158780.56
2016-06-21,1.44906,1.45164,1.43972,1.44046,140590.06
2016-06-22,1.44046,1.45451,1.43825,1.45149,147077.34
2016-06-23,1.45149,1.4579,1.44535,1.45311,199567.09
2016-06-24,1.45314,1.4554,1.42474,1.44342,272656.22
2016-06-26,1.43552,1.44324,1.43525,1.43782,17965.79
2016-06-27,1.43782,1.4451,1.42952,1.43911,214476.75
2016-06-28,1.43909,1.44842,1.4347,1.44228,179196.6
2016-06-29,1.44229,1.44707,1.43669,1.4387,165767.81
2016-06-30,1.43868,1.44442,1.43247,1.43883,190730.68
2016-07-01,1.43882,1.44179,1.43305,1.43724,140986.31
2016-07-03,1.43632,1.43857,1.43632,1.43677,4756.28
2016-07-04,1.43677,1.4372,1.42917,1.43413,107790.75
2016-07-05,1.43412,1.44656,1.43138,1.43863,146776.05
2016-07-06,1.43863,1.44552,1.43406,1.43852,187661.52
2016-07-07,1.43852,1.43973,1.42866,1.43803,166129.74
2016-07-08,1.43795,1.44677,1.43395,1.4412,154814.29
2016-07-10,1.44076,1.4437,1.44001,1.44118,12773.27
2016-07-11,1.44117,1.45359,1.43932,1.45073,155270.8
2016-07-12,1.45074,1.45283,1.4387,1.4444,174360.69
2016-07-13,1.44439,1.45035,1.43658,1.43954,174636.22
2016-07-14,1.43956,1.44425,1.42965,1.43371,184685.46
2016-07-15,1.43368,1.43821,1.42795,1.43028,163446.45
2016-07-17,1.42895,1.43281,1.42869,1.43242,10060.29
2016-07-18,1.43242,1.44084,1.42882,1.43413,142240.29
2016-07-19,1.43408,1.44097,1.43307,1.43467,147418.82
2016-07-20,1.43467,1.44104,1.43301,1.43977,270765.24
2016-07-21,1.43976,1.44368,1.43227,1.44212,393980.33
2016-07-22,1.44212,1.45061,1.43808,1.44072,371770.96
2016-07-24,1.43991,1.44256,1.43934,1.44081,11021.97
2016-07-25,1.44083,1.45397,1.43914,1.45305,343543.33
2016-07-26,1.45305,1.45671,1.44698,1.44742,386317.92
2016-07-27,1.44742,1.45973,1.44586,1.45404,412366.41
2016-07-28,1.45406,1.4628,1.45279,1.45752,363903.24
2016-07-29,1.45753,1.46682,1.45487,1.45675,404063.82
2016-07-31,1.4553,1.45861,1.45447,1.45832,10395.37
2016-08-01,1.45832,1.46611,1.4556,1.46545,289182.83
2016-08-02,1.46545,1.47222,1.45842,1.47012,403618.23
2016-08-03,1.47011,1.47328,1.45622,1.4575,344405.34
2016-08-04,1.45748,1.45748,1.44744,1.44923,348195.73
2016-08-05,1.44923,1.46265,1.44849,1.45893,301096.38
2016-08-07,1.45964,1.46248,1.45964,1.46148,8448.09
2016-08-08,1.46149,1.4621,1.45485,1.45829,257224.77
2016-08-09,1.45829,1.46147,1.45627,1.45832,273853.59
2016-08-10,1.45832,1.46089,1.45332,1.46046,295696.57
2016-08-11,1.46046,1.4612,1.44315,1.44641,281356.65
2016-08-12,1.44638,1.45226,1.44423,1.44576,250988.37
2016-08-14,1.44606,1.44792,1.44586,1.44673,6499.51
2016-08-15,1.44672,1.44743,1.4428,1.44564,223129.64
2016-08-16,1.44566,1.45234,1.44462,1.45072,286734.47
2016-08-17,1.45071,1.45478,1.44906,1.45124,310184.8
2016-08-18,1.45123,1.45326,1.44627,1.44987,311012.51
2016-08-19,1.44986,1.45912,1.44967,1.45583,291900.83
2016-08-21,1.45808,1.45809,1.45607,1.45622,13561.15
2016-08-22,1.45622,1.46724,1.45598,1.46442,343001.43
2016-08-23,1.4644,1.46536,1.4558,1.46011,328023.77
2016-08-24,1.46012,1.46225,1.45282,1.45629,346367.86
2016-08-25,1.45628,1.46081,1.45485,1.45754,286829.14
2016-08-26,1.45754,1.45877,1.4501,1.45492,346820.0
2016-08-28,1.45167,1.45752,1.45167,1.45749,9710.54
2016-08-29,1.45749,1.45777,1.45278,1.4562,328104.83
2016-08-30,1.4562,1.45984,1.45458,1.45913,359310.45
2016-08-31,1.45913,1.46543,1.45734,1.46259,405686.94
2016-09-01,1.46259,1.46832,1.45992,1.46631,412921.58
2016-09-02,1.46633,1.46828,1.44799,1.44802,407581.8
2016-09-04,1.44845,1.45007,1.44794,1.44995,8502.36
2016-09-05,1.44995,1.45001,1.43952,1.44173,260291.1
2016-09-06,1.44173,1.44588,1.438,1.44494,379878.71
2016-09-07,1.44492,1.45199,1.4421,1.44779,369381.53
2016-09-08,1.44779,1.46102,1.44752,1.45609,429528.34
2016-09-09,1.45609,1.46575,1.45568,1.46544,379493.76
2016-09-11,1.466,1.46802,1.46333,1.46668,16592.51
2016-09-12,1.4667,1.47447,1.46435,1.46471,468408.99
2016-09-13,1.46474,1.48172,1.46431,1.47621,455738.34
2016-09-14,1.47621,1.48703,1.47454,1.48355,414815.21
2016-09-15,1.48355,1.4872,1.47653,1.47977,439292.72
2016-09-16,1.47977,1.48388,1.47245,1.47277,386610.01
2016-09-18,1.47389,1.47505,1.47226,1.47281,9350.34
2016-09-19,1.47281,1.4766,1.46513,1.47561,372894.6
2016-09-20,1.47561,1.48042,1.46989,1.47016,405892.42
2016-09-21,1.47016,1.47511,1.46319,1.46379,539736.77
2016-09-22,1.46378,1.46622,1.46121,1.46247,467431.76
2016-09-23,1.46247,1.48081,1.46137,1.47771,459325.93
2016-09-25,1.47746,1.47994,1.47669,1.47782,11642.56
2016-09-26,1.47781,1.49054,1.47727,1.48819,486575.53
2016-09-27,1.48821,1.49241,1.4788,1.48167,518502.69
2016-09-28,1.48167,1.48609,1.46451,1.46636,528081.68
2016-09-29,1.46636,1.47716,1.46348,1.47551,552481.52
2016-09-30,1.47552,1.47793,1.46296,1.47467,512428.35
2016-10-02,1.47192,1.47588,1.47192,1.47494,13174.75
2016-10-03,1.47494,1.47504,1.46846,1.47043,422780.13
2016-10-04,1.47044,1.48037,1.46632,1.47927,551403.68
2016-10-05,1.47923,1.48342,1.47441,1.47666,465101.29
2016-10-06,1.47665,1.48001,1.47179,1.47329,442884.78
2016-10-07,1.47329,1.48927,1.46911,1.48884,491896.98
2016-10-09,1.47998,1.48516,1.47997,1.48308,20761.73
2016-10-10,1.48309,1.48409,1.46508,1.46703,301405.41
2016-10-11,1.46701,1.47073,1.46072,1.46283,453657.13
2016-10-12,1.46283,1.46455,1.45701,1.46179,442529.74
2016-10-13,1.46179,1.46636,1.45711,1.45855,441728.86
2016-10-14,1.45855,1.4591,1.44072,1.44122,387371.41
2016-10-16,1.44126,1.44246,1.43972,1.44108,10278.23
2016-10-17,1.44108,1.44798,1.44103,1.44409,363923.47
2016-10-18,1.44407,1.44411,1.43614,1.43857,345577.86
2016-10-19,1.43859,1.4421,1.42641,1.44123,342591.99
2016-10-20,1.44123,1.45741,1.44023,1.44566,353457.87
2016-10-21,1.44566,1.45182,1.43954,1.45093,351374.92
2016-10-23,1.44996,1.45305,1.44996,1.45268,9047.74
2016-10-24,1.4526,1.45785,1.44422,1.45139,213399.54
2016-10-25,1.45139,1.4544,1.44663,1.45351,152653.65
2016-10-26,1.45351,1.46238,1.45193,1.45899,156007.17
2016-10-27,1.45899,1.46338,1.45704,1.45868,162418.01
2016-10-28,1.45869,1.47503,1.45818,1.47132,157390.27
2016-10-30,1.47493,1.47531,1.46922,1.47211,9738.85
2016-10-31,1.47211,1.47359,1.46455,1.47215,146998.78
2016-11-01,1.47215,1.48205,1.46944,1.48058,179769.16
2016-11-02,1.48059,1.49099,1.47919,1.486,194650.79
2016-11-03,1.48601,1.48945,1.48019,1.48646,191167.28
2016-11-04,1.48646,1.49603,1.48504,1.49258,171961.32
2016-11-06,1.47545,1.48433,1.47545,1.48216,11470.29
2016-11-07,1.48216,1.48699,1.47447,1.47746,169300.61
2016-11-08,1.47744,1.47874,1.46252,1.46494,169781.16
2016-11-09,1.46496,1.528,1.45862,1.46427,362973.58
2016-11-10,1.46429,1.47043,1.46159,1.4667,256464.04
2016-11-11,1.46671,1.47553,1.46309,1.46917,247291.75
2016-11-13,1.46207,1.46563,1.46207,1.46382,10250.28
2016-11-14,1.46382,1.46548,1.45252,1.4547,253949.69
2016-11-15,1.4547,1.4619,1.44139,1.4429,217700.67
2016-11-16,1.44291,1.44495,1.43176,1.4374,207511.0
2016-11-17,1.43739,1.44094,1.43029,1.4378,196714.39
2016-11-18,1.43778,1.43873,1.42811,1.42982,215100.2
2016-11-20,1.42922,1.43027,1.42863,1.42954,11385.79
2016-11-21,1.42955,1.43345,1.42214,1.42645,211590.74
2016-11-22,1.42645,1.4307,1.42001,1.42824,190556.11
2016-11-23,1.42825,1.43053,1.41861,1.4234,182303.53
2016-11-24,1.42341,1.4293,1.42184,1.42463,151657.17
2016-11-25,1.42462,1.43455,1.42314,1.42988,189849.39
2016-11-27,1.4317,1.43452,1.43118,1.43424,8278.25
2016-11-28,1.43424,1.43923,1.41656,1.42325,212327.41
2016-11-29,1.42322,1.43131,1.42126,1.43,199260.7
2016-11-30,1.43001,1.4317,1.41886,1.42177,237583.16
2016-12-01,1.42173,1.42695,1.41247,1.41881,214354.58
2016-12-02,1.41884,1.42304,1.41286,1.41728,181365.19
2016-12-04,1.41142,1.41254,1.4026,1.40814,23599.65
2016-12-05,1.40814,1.42968,1.40537,1.42775,217759.89
2016-12-06,1.42775,1.43051,1.42071,1.42302,171807.49
2016-12-07,1.42298,1.42866,1.42092,1.42284,159681.42
2016-12-08,1.42284,1.43554,1.39888,1.4016,195122.46
2016-12-09,1.40158,1.40225,1.38622,1.39083,158950.86
2016-12-11,1.38364,1.38806,1.38196,1.38483,9152.96
2016-12-12,1.38482,1.39858,1.38283,1.39688,179788.42
2016-12-13,1.39688,1.39866,1.39126,1.39589,178172.27
2016-12-14,1.3959,1.40292,1.39241,1.39651,209340.95
2016-12-15,1.39652,1.39844,1.38759,1.38895,255758.79
2016-12-16,1.38892,1.39806,1.38816,1.39295,189730.67
2016-12-18,1.39179,1.3939,1.39179,1.39358,7072.23
2016-12-19,1.39358,1.40079,1.39309,1.39439,165671.99
2016-12-20,1.39439,1.39626,1.38779,1.38925,160360.0
2016-12-21,1.38926,1.402,1.38894,1.40042,147185.91
2016-12-22,1.40041,1.41676,1.40027,1.40716,145912.32
2016-12-23,1.40729,1.41653,1.40702,1.41482,106308.09
2016-12-25,1.41219,1.415,1.41146,1.41302,5059.62
2016-12-26,1.41301,1.41552,1.40677,1.41377,96357.42
2016-12-27,1.41378,1.42021,1.41173,1.42014,94915.53
2016-12-28,1.42014,1.4219,1.40807,1.41117,143839.76
2016-12-29,1.41117,1.43621,1.41059,1.4241,169799.92
2016-12-30,1.42411,1.42831,1.41186,1.41272,180187.04
2017-01-01,1.41237,1.41453,1.4116,1.41302,427.02
2017-01-02,1.41305,1.41442,1.40297,1.4054,108113.94
2017-01-03,1.4054,1.40784,1.38978,1.39806,175491.1
2017-01-04,1.39803,1.40038,1.38781,1.39578,202692.41
2017-01-05,1.39576,1.40409,1.39505,1.40277,236019.4
2017-01-06,1.40277,1.40538,1.39157,1.39383,186686.58
2017-01-08,1.39441,1.3959,1.39406,1.39406,4710.24
2017-01-09,1.39406,1.39961,1.39308,1.39888,170763.97
2017-01-10,1.39889,1.40341,1.39413,1.39768,194059.19
2017-01-11,1.39768,1.39893,1.38541,1.39459,239656.33
2017-01-12,1.39462,1.40188,1.38595,1.39607,226925.92
2017-01-13,1.39606,1.40115,1.39362,1.39527,199228.64
2017-01-15,1.39245,1.39652,1.39245,1.39504,8248.4
2017-01-16,1.395,1.39837,1.39041,1.39691,156159.82
2017-01-17,1.39694,1.3993,1.39152,1.39723,231515.27
2017-01-18,1.39723,1.41417,1.39539,1.40966,226426.54
2017-01-19,1.40963,1.42087,1.40724,1.41996,232539.11
2017-01-20,1.41997,1.42723,1.41878,1.42415,228340.63
2017-01-22,1.42574,1.42704,1.42512,1.42512,8528.34
2017-01-23,1.42514,1.43071,1.42275,1.4243,217470.32
2017-01-24,1.42429,1.42861,1.4097,1.41132,203106.89
2017-01-25,1.41131,1.41286,1.40169,1.40511,204639.51
2017-01-26,1.40513,1.4076,1.39652,1.39843,198170.47
2017-01-27,1.39846,1.40704,1.39809,1.40673,176082.59
2017-01-29,1.40801,1.40802,1.40561,1.40709,7177.4
2017-01-30,1.40709,1.41007,1.39613,1.40299,188048.23
2017-01-31,1.40298,1.40969,1.39925,1.4083,240078.29
2017-02-01,1.40829,1.41303,1.40276,1.40481,222988.3
2017-02-02,1.4048,1.40894,1.40075,1.4021,210305.32
2017-02-03,1.40206,1.40573,1.39905,1.40463,200899.46
2017-02-05,1.40525,1.4059,1.40349,1.40367,5525.88
2017-02-06,1.40367,1.40989,1.39693,1.40564,199417.89
2017-02-07,1.40559,1.40976,1.40181,1.40855,206786.62
2017-02-08,1.40855,1.40959,1.39964,1.40545,205563.02
2017-02-09,1.40549,1.4068,1.3974,1.40008,189847.46
2017-02-10,1.40008,1.40139,1.38842,1.39169,188173.66
2017-02-12,1.39014,1.39337,1.39014,1.39292,6813.8
2017-02-13,1.39294,1.39467,1.38419,1.38539,177501.27
2017-02-14,1.38538,1.38701,1.38044,1.38366,189309.0
2017-02-15,1.38363,1.38725,1.37833,1.38566,193682.93
2017-02-16,1.38566,1.39605,1.38435,1.39529,190336.06
2017-02-17,1.39528,1.39591,1.38879,1.38923,168298.55
2017-02-19,1.38909,1.39133,1.38909,1.39067,8588.96
2017-02-20,1.39066,1.39298,1.38805,1.39022,118774.13
2017-02-21,1.39024,1.39116,1.38354,1.38572,155320.6
2017-02-22,1.38572,1.39338,1.38036,1.38882,173039.82
2017-02-23,1.38883,1.38926,1.38456,1.38662,165030.49
2017-02-24,1.3866,1.39178,1.38237,1.38237,163769.76
2017-02-26,1.38322,1.38531,1.38315,1.38437,7274.45
2017-02-27,1.38437,1.39634,1.38371,1.39569,162665.9
2017-02-28,1.39564,1.41026,1.39375,1.40699,195903.26
2017-03-01,1.407,1.41054,1.40061,1.40692,218801.67
2017-03-02,1.40692,1.40879,1.40382,1.40669,174632.39
2017-03-03,1.40669,1.42107,1.40666,1.42024,183718.84
2017-03-05,1.41931,1.42142,1.41852,1.42122,7237.03
2017-03-06,1.42122,1.4239,1.41718,1.41759,163522.6
2017-03-07,1.4176,1.42028,1.41565,1.41746,156917.22
2017-03-08,1.41747,1.42361,1.41594,1.42227,177049.77
2017-03-09,1.42228,1.43348,1.42031,1.42884,209796.81
2017-03-10,1.42884,1.43993,1.42727,1.43756,192203.69
2017-03-12,1.43616,1.43906,1.43612,1.43874,7256.24
2017-03-13,1.43874,1.44173,1.43194,1.43263,185557.86
2017-03-14,1.43263,1.43538,1.42901,1.42943,167381.15
2017-03-15,1.42946,1.4322,1.42445,1.42756,191995.9
2017-03-16,1.42757,1.43787,1.4241,1.4349,201145.62
2017-03-17,1.43488,1.43675,1.42864,1.43345,166216.57
2017-03-19,1.4321,1.43396,1.43157,1.43231,5740.49
2017-03-20,1.43231,1.43766,1.43082,1.43208,149196.71
2017-03-21,1.43207,1.4445,1.43171,1.44437,190011.28
2017-03-22,1.44437,1.4493,1.43811,1.43846,179502.43
2017-03-23,1.43844,1.44067,1.43572,1.43939,164352.52
2017-03-24,1.4394,1.44692,1.43761,1.44416,153060.6
2017-03-26,1.44755,1.44765,1.44513,1.44557,14261.25
2017-03-27,1.44558,1.45994,1.44478,1.45384,158070.32
2017-03-28,1.45383,1.45602,1.4441,1.44693,149771.52
2017-03-29,1.44691,1.44908,1.43303,1.43411,157897.98
2017-03-30,1.43413,1.4353,1.42074,1.42475,156190.55
2017-03-31,1.42475,1.42761,1.41749,1.41828,150796.94
2017-04-02,1.41865,1.42193,1.41776,1.42177,6531.52
2017-04-03,1.42176,1.42997,1.42,1.42805,137919.38
2017-04-04,1.42805,1.43376,1.4267,1.43093,136343.38
2017-04-05,1.43094,1.4339,1.4264,1.43371,148109.17
2017-04-06,1.43371,1.43562,1.42672,1.42833,138267.69
2017-04-07,1.42828,1.42945,1.41792,1.41897,159610.38
2017-04-09,1.41811,1.41907,1.41752,1.41849,9181.3
2017-04-10,1.41852,1.4213,1.41115,1.41166,122234.93
2017-04-11,1.41166,1.41931,1.40896,1.41371,126504.52
2017-04-12,1.41372,1.41551,1.40638,1.41305,157676.91
2017-04-13,1.41303,1.41609,1.40525,1.41553,141094.57
2017-04-14,1.41554,1.4158,1.41256,1.41351,71059.5
2017-04-16,1.4127,1.41343,1.41153,1.41247,12477.85
2017-04-17,1.41245,1.41843,1.41139,1.41808,91551.52
2017-04-18,1.41807,1.43804,1.4173,1.43549,153434.47
2017-04-19,1.43548,1.44591,1.43545,1.44454,138789.41
2017-04-20,1.44453,1.45331,1.44263,1.44369,133741.98
2017-04-21,1.44369,1.44817,1.43967,1.4466,123243.78
2017-04-23,1.46904,1.47036,1.46497,1.46614,16764.11
2017-04-24,1.46614,1.47253,1.45586,1.47206,160528.64
2017-04-25,1.47211,1.49071,1.47106,1.48308,150730.25
2017-04-26,1.48309,1.48563,1.47322,1.48558,169051.94
2017-04-27,1.48557,1.48924,1.47555,1.4803,165854.27
2017-04-28,1.48031,1.49406,1.48028,1.48705,144785.72
2017-04-30,1.48992,1.49001,1.48648,1.48764,9029.62
2017-05-01,1.48764,1.49376,1.48733,1.49163,88791.65
2017-05-02,1.49163,1.5001,1.48966,1.49879,139849.14
2017-05-03,1.49882,1.50098,1.49258,1.49452,152394.9
2017-05-04,1.49452,1.51202,1.49301,1.51002,175591.96
2017-05-05,1.51002,1.51518,1.49962,1.50072,179963.24
2017-05-07,1.50433,1.50491,1.49881,1.49882,10800.67
2017-05-08,1.49882,1.50209,1.4947,1.49604,171983.31
2017-05-09,1.49604,1.49806,1.48865,1.49227,167397.76
2017-05-10,1.49226,1.49554,1.48249,1.48997,162139.09
2017-05-11,1.48998,1.49454,1.48646,1.4886,153294.24
2017-05-12,1.48862,1.49981,1.48705,1.49838,142202.54
2017-05-14,1.49653,1.49906,1.49653,1.49901,6928.13
2017-05-15,1.499,1.50059,1.48994,1.49653,144565.75
2017-05-16,1.49653,1.51055,1.49618,1.51011,165558.85
2017-05-17,1.5101,1.52128,1.50862,1.51692,190411.84
2017-05-18,1.51692,1.52075,1.50914,1.51138,200148.27
2017-05-19,1.5114,1.52051,1.5089,1.51376,153085.46
2017-05-21,1.51237,1.51523,1.51237,1.51433,6932.49
2017-05-22,1.51433,1.5209,1.50855,1.51614,138234.75
2017-05-23,1.51612,1.51998,1.50932,1.51155,168809.17
2017-05-24,1.5115,1.51427,1.50145,1.50628,173102.1
2017-05-25,1.5063,1.51255,1.503,1.51163,152488.24
2017-05-26,1.51164,1.51259,1.50128,1.50308,136773.14
2017-05-28,1.50152,1.5041,1.5015,1.50347,5230.4
2017-05-29,1.50347,1.50565,1.49916,1.49941,86367.06
2017-05-30,1.49941,1.51049,1.49688,1.50495,129732.64
2017-05-31,1.50496,1.52,1.50177,1.51613,146358.39
2017-06-01,1.51613,1.51905,1.51099,1.51541,130699.49
2017-06-02,1.51544,1.52581,1.51488,1.52003,126085.1
2017-06-04,1.52018,1.52268,1.52017,1.52223,7844.01
2017-06-05,1.52224,1.52226,1.51389,1.51704,112178.47
2017-06-06,1.51705,1.51999,1.51244,1.51566,130219.47
2017-06-07,1.51562,1.52324,1.50638,1.52062,142871.44
2017-06-08,1.52062,1.52188,1.51192,1.51297,156300.71
2017-06-09,1.51301,1.51579,1.50121,1.50713,144437.52
2017-06-11,1.50807,1.50894,1.5066,1.50719,4505.0
2017-06-12,1.5072,1.51054,1.49018,1.49045,129469.86
2017-06-13,1.49044,1.49089,1.47936,1.48418,124596.87
2017-06-14,1.48416,1.49198,1.47757,1.48475,186775.7
2017-06-15,1.48476,1.48654,1.4772,1.47788,160877.87
2017-06-16,1.4779,1.48469,1.47619,1.47897,124849.44
2017-06-18,1.48043,1.48105,1.47899,1.48041,5825.86
2017-06-19,1.48038,1.48338,1.4726,1.47399,121695.83
2017-06-20,1.47399,1.4822,1.47274,1.47785,132041.08
2017-06-21,1.47784,1.48922,1.47713,1.4881,151238.99
2017-06-22,1.48811,1.48948,1.47361,1.47515,121670.06
2017-06-23,1.47516,1.48796,1.47405,1.48443,105803.45
2017-06-25,1.48469,1.48599,1.48367,1.48497,4761.41
2017-06-26,1.48493,1.48532,1.47872,1.48248,115251.37
2017-06-27,1.48246,1.49726,1.48005,1.49453,158641.06
2017-06-28,1.49453,1.49785,1.4783,1.48345,190872.6
2017-06-29,1.48345,1.48958,1.48235,1.48619,174181.5
2017-06-30,1.48619,1.4864,1.47802,1.48074,153172.93
2017-07-02,1.48062,1.48225,1.48051,1.48221,5075.68
2017-07-03,1.48221,1.48313,1.47364,1.47732,120697.0
2017-07-04,1.47732,1.47845,1.46522,1.46906,122881.69
2017-07-05,1.46899,1.47457,1.46572,1.47054,151618.44
2017-07-06,1.47054,1.48279,1.46741,1.48229,141964.52
2017-07-07,1.48221,1.48352,1.46507,1.46749,145243.02
2017-07-09,1.46761,1.46922,1.46734,1.46887,6626.26
2017-07-10,1.46885,1.47292,1.46568,1.46944,121554.53
2017-07-11,1.46944,1.48296,1.46724,1.48126,138919.5
2017-07-12,1.4813,1.4826,1.44796,1.45563,169006.83
2017-07-13,1.45564,1.4594,1.44825,1.4514,166465.18
2017-07-14,1.45141,1.45891,1.44849,1.45014,139662.01
2017-07-16,1.45049,1.45144,1.4497,1.45054,8308.6
2017-07-17,1.45054,1.45774,1.44835,1.45657,136787.02
2017-07-18,1.45659,1.46717,1.45376,1.45876,182821.81
2017-07-19,1.45876,1.45914,1.4484,1.45263,137001.04
2017-07-20,1.45262,1.46761,1.44783,1.46478,190779.33
2017-07-21,1.46478,1.46828,1.45947,1.46193,152739.71
2017-07-23,1.46188,1.46432,1.46188,1.46399,6994.63
2017-07-24,1.46399,1.46467,1.45314,1.45544,139885.86
2017-07-25,1.45544,1.46366,1.45461,1.45642,154184.45
2017-07-26,1.4564,1.46356,1.45317,1.46065,179546.31
2017-07-27,1.46066,1.46838,1.45555,1.46577,184252.49
2017-07-28,1.46577,1.47131,1.45808,1.46022,160700.32
2017-07-30,1.46083,1.46419,1.46015,1.46386,10290.24
2017-07-31,1.4639,1.47924,1.46006,1.4784,167762.4
2017-08-01,1.4784,1.4826,1.4709,1.48195,164314.41
2017-08-02,1.48199,1.4937,1.48081,1.48988,167158.6
2017-08-03,1.4899,1.49597,1.48902,1.49338,158018.63
2017-08-04,1.4934,1.49576,1.48331,1.489,147156.83
2017-08-06,1.48897,1.49012,1.48846,1.48888,9284.95
2017-08-07,1.48885,1.49823,1.48854,1.49562,119208.42
2017-08-08,1.4956,1.49937,1.48372,1.48943,137851.48
2017-08-09,1.48943,1.4938,1.48609,1.49327,162884.96
2017-08-10,1.49323,1.50078,1.48714,1.49914,160929.5
2017-08-11,1.49914,1.50177,1.49469,1.49812,154624.31
2017-08-13,1.4973,1.49962,1.4973,1.49861,7892.97
2017-08-14,1.49862,1.50116,1.49413,1.49893,138567.36
2017-08-15,1.49893,1.50048,1.49196,1.49728,153386.59
2017-08-16,1.49726,1.49857,1.48359,1.48628,164309.4
2017-08-17,1.48627,1.48737,1.47295,1.48615,165550.02
2017-08-18,1.48611,1.48808,1.47493,1.47926,155688.58
2017-08-20,1.47706,1.48017,1.47649,1.47952,6283.26
2017-08-21,1.47954,1.48749,1.47824,1.4835,135141.26
2017-08-22,1.4835,1.484,1.47266,1.47794,140938.73
2017-08-23,1.47799,1.48661,1.47778,1.48192,150962.57
2017-08-24,1.4819,1.48197,1.47531,1.47617,142040.12
2017-08-25,1.47612,1.49017,1.47309,1.48766,149078.19
2017-08-27,1.4899,1.49136,1.48927,1.49073,10439.52
2017-08-28,1.49074,1.5011,1.48509,1.49706,139635.08
2017-08-29,1.49705,1.50743,1.49628,1.49788,190485.5
2017-08-30,1.49791,1.50418,1.49459,1.50174,171219.05
2017-08-31,1.50174,1.50519,1.48514,1.48565,176532.95
2017-09-01,1.48558,1.48918,1.46807,1.46982,162551.17
2017-09-03,1.47587,1.476,1.47023,1.47068,9163.67
2017-09-04,1.47073,1.48,1.47042,1.47659,117922.29
2017-09-05,1.47657,1.47709,1.46946,1.47478,176967.05
2017-09-06,1.47482,1.4811,1.44831,1.45918,168049.9
2017-09-07,1.45917,1.46616,1.45238,1.45657,194318.37
2017-09-08,1.45659,1.46328,1.45509,1.46315,180299.1
2017-09-10,1.46089,1.46115,1.45901,1.46018,8504.18
2017-09-11,1.46015,1.46095,1.44672,1.44783,149745.34
2017-09-12,1.44783,1.45818,1.44658,1.45758,163752.27
2017-09-13,1.45758,1.45898,1.4461,1.44652,151021.32
2017-09-14,1.44654,1.45333,1.4442,1.44994,165732.1
2017-09-15,1.44996,1.46047,1.44837,1.45626,163896.22
2017-09-17,1.4524,1.4565,1.4524,1.45617,5846.22
2017-09-18,1.45615,1.47256,1.45133,1.46884,153259.65
2017-09-19,1.46884,1.47682,1.46803,1.47426,163948.95
2017-09-20,1.47426,1.47584,1.46389,1.46569,234844.29
2017-09-21,1.46568,1.47382,1.46524,1.47211,234679.13
2017-09-22,1.47211,1.47559,1.46579,1.47393,152394.11
2017-09-24,1.46713,1.47246,1.46689,1.47244,7647.78
2017-09-25,1.47246,1.47293,1.46144,1.4664,158793.71
2017-09-26,1.4664,1.46818,1.45498,1.45693,164493.87
2017-09-27,1.45694,1.46668,1.44876,1.46661,189104.02
2017-09-28,1.46665,1.47095,1.46326,1.4651,163458.16
2017-09-29,1.4651,1.48043,1.46436,1.47262,152453.95
2017-10-01,1.47186,1.47404,1.47168,1.4727,6816.84
2017-10-02,1.47268,1.47276,1.46628,1.46846,149379.75
2017-10-03,1.46846,1.47205,1.46543,1.46713,148829.35
2017-10-04,1.46714,1.46923,1.46503,1.46721,140875.77
2017-10-05,1.46723,1.47274,1.46355,1.47224,141833.3
2017-10-06,1.47222,1.47369,1.46668,1.47024,149539.25
2017-10-08,1.46986,1.47234,1.46902,1.47206,5999.97
2017-10-09,1.47202,1.47452,1.47003,1.47398,94613.69
2017-10-10,1.47397,1.479,1.47242,1.47803,157188.06
2017-10-11,1.47803,1.48381,1.47647,1.47711,159081.25
2017-10-12,1.47711,1.48001,1.47421,1.47606,142235.62
2017-10-13,1.47606,1.48207,1.47223,1.47306,144099.34
2017-10-15,1.47328,1.47456,1.4728,1.47424,5798.06
2017-10-16,1.47422,1.48143,1.47003,1.47718,133796.8
2017-10-17,1.4772,1.47888,1.4709,1.4711,140691.94
2017-10-18,1.47108,1.47343,1.46849,1.47018,152861.66
2017-10-19,1.47018,1.47992,1.46902,1.47868,155645.59
2017-10-20,1.47868,1.48771,1.47398,1.48732,149157.46
2017-10-22,1.48432,1.48725,1.48428,1.48543,9539.56
2017-10-23,1.48544,1.48841,1.48194,1.48576,124882.02
2017-10-24,1.48576,1.49441,1.48446,1.49019,139551.92
2017-10-25,1.49019,1.51365,1.48951,1.51242,171076.8
2017-10-26,1.51244,1.51451,1.49497,1.49536,160792.84
2017-10-27,1.49538,1.4996,1.48652,1.48652,157405.1
2017-10-29,1.48765,1.48938,1.48704,1.48896,9034.6
2017-10-30,1.48897,1.4955,1.48787,1.4943,127003.05
2017-10-31,1.49433,1.50405,1.49218,1.50211,129951.78
2017-11-01,1.50212,1.50259,1.49369,1.49685,143942.32
2017-11-02,1.49688,1.49857,1.4923,1.49319,141876.17
2017-11-03,1.4932,1.49625,1.48022,1.48135,153121.11
2017-11-05,1.4821,1.48275,1.48081,1.48218,4769.47
2017-11-06,1.48219,1.48354,1.47438,1.47624,130776.29
2017-11-07,1.47623,1.48367,1.47388,1.48059,137464.43
2017-11-08,1.48059,1.4809,1.47358,1.47574,120419.7
2017-11-09,1.47574,1.47937,1.47452,1.47666,149799.72
2017-11-10,1.47665,1.48111,1.47383,1.47893,129419.92
2017-11-12,1.47862,1.48029,1.47861,1.48009,5915.37
2017-11-13,1.4801,1.48598,1.47702,1.48562,102603.45
2017-11-14,1.48562,1.50327,1.48547,1.50185,134297.22
2017-11-15,1.50184,1.51252,1.50093,1.50418,157385.66
2017-11-16,1.50418,1.50663,1.4981,1.50255,126299.89
2017-11-17,1.5026,1.51231,1.50204,1.50507,131502.61
2017-11-19,1.50449,1.5065,1.49868,1.50126,12077.95
2017-11-20,1.50127,1.50772,1.49964,1.5039,135474.01
2017-11-21,1.50393,1.50813,1.49601,1.49979,136280.57
2017-11-22,1.4998,1.50293,1.49611,1.50121,136556.71
2017-11-23,1.50122,1.50752,1.50057,1.50645,103467.32
2017-11-24,1.50644,1.51771,1.50593,1.51523,123116.09
2017-11-26,1.51465,1.51731,1.5146,1.51657,4809.48
2017-11-27,1.51658,1.51974,1.51326,1.51875,140062.01
2017-11-28,1.51875,1.52333,1.51617,1.51829,151470.73
2017-11-29,1.51831,1.52551,1.51583,1.52459,150660.61
2017-11-30,1.52459,1.53718,1.52228,1.53399,158630.49
2017-12-01,1.53402,1.53565,1.50848,1.50867,188997.67
2017-12-03,1.50653,1.50918,1.50546,1.50791,8181.3
2017-12-04,1.50794,1.5102,1.49987,1.50442,145035.92
2017-12-05,1.50441,1.50456,1.49502,1.50181,140564.34
2017-12-06,1.5018,1.51033,1.49219,1.50933,142043.82
2017-12-07,1.50936,1.51813,1.50916,1.51362,122923.8
2017-12-08,1.51362,1.51464,1.50479,1.51203,126044.31
2017-12-10,1.51152,1.5138,1.51152,1.51347,5072.51
2017-12-11,1.51344,1.51816,1.5119,1.5136,122416.34
2017-12-12,1.51361,1.51407,1.50846,1.5111,129483.18
2017-12-13,1.51113,1.51783,1.50795,1.5171,140455.54
2017-12-14,1.5171,1.52262,1.49973,1.50646,166472.57
2017-12-15,1.50646,1.51559,1.50161,1.51164,149691.08
2017-12-17,1.51081,1.5122,1.51059,1.51189,7204.33
2017-12-18,1.51189,1.5215,1.51132,1.51605,129557.9
2017-12-19,1.51603,1.52704,1.51516,1.52449,142402.08
2017-12-20,1.52449,1.53014,1.51863,1.52333,133021.56
2017-12-21,1.52333,1.52552,1.50705,1.50969,127236.91
2017-12-22,1.50972,1.51687,1.50476,1.50912,122303.58
2017-12-24,1.50623,1.50649,1.5062,1.50622,62.61
2017-12-25,1.50621,1.51147,1.50611,1.50945,5865.34
2017-12-26,1.50945,1.51029,1.50361,1.50439,59598.48
2017-12-27,1.50439,1.50731,1.50191,1.50499,115571.8
2017-12-28,1.50498,1.50647,1.49986,1.50011,101188.83
2017-12-29,1.50013,1.51078,1.4994,1.50841,110079.29
2018-01-01,1.50561,1.50872,1.50478,1.50805,4892.69
2018-01-02,1.50805,1.51407,1.50552,1.50841,129905.01
2018-01-03,1.50843,1.50916,1.50316,1.50685,130496.74
2018-01-04,1.50684,1.51383,1.50516,1.50713,142755.45
2018-01-05,1.50712,1.50843,1.48804,1.49315,138463.54
2018-01-07,1.49258,1.49363,1.49179,1.49189,4847.44
2018-01-08,1.49188,1.49235,1.48432,1.48599,127423.08
2018-01-09,1.48599,1.48825,1.48177,1.48785,144814.09
2018-01-10,1.48785,1.50452,1.48587,1.49834,184933.62
2018-01-11,1.49834,1.51295,1.49805,1.50796,181612.67
2018-01-12,1.50798,1.52304,1.50762,1.51976,185431.38
2018-01-14,1.51909,1.52176,1.5176,1.51921,6517.43
2018-01-15,1.51918,1.52773,1.51863,1.52449,187718.83
2018-01-16,1.52448,1.52671,1.51432,1.5246,173623.05
2018-01-17,1.52463,1.53123,1.51097,1.5156,216609.08
2018-01-18,1.51562,1.52828,1.51549,1.51833,189870.09
2018-01-19,1.51835,1.52908,1.51833,1.52618,174431.8
2018-01-21,1.53069,1.53096,1.52856,1.53023,5064.14
2018-01-22,1.53021,1.53044,1.52368,1.52625,151155.18
2018-01-23,1.52622,1.53268,1.52552,1.52806,172511.88
2018-01-24,1.52807,1.53333,1.52006,1.53046,201350.47
2018-01-25,1.53047,1.54156,1.52664,1.53385,259293.59
2018-01-26,1.53385,1.53831,1.52909,1.53056,226238.37
2018-01-28,1.52943,1.5316,1.52935,1.53053,5607.54
2018-01-29,1.53052,1.53449,1.52196,1.52721,199441.35
2018-01-30,1.5272,1.53499,1.52634,1.53056,208568.68
2018-01-31,1.53055,1.53244,1.52522,1.5278,243287.33
2018-02-01,1.52781,1.53579,1.52595,1.53359,290208.36
2018-02-02,1.5336,1.54882,1.53339,1.54707,239047.24
2018-02-04,1.54614,1.54832,1.54571,1.54753,9399.48
2018-02-05,1.54754,1.55321,1.54499,1.5498,250901.15
2018-02-06,1.54981,1.55696,1.54249,1.5481,322542.15
2018-02-07,1.54807,1.5506,1.53948,1.54179,245285.81
2018-02-08,1.54177,1.54494,1.53742,1.54345,314456.7
2018-02-09,1.54349,1.55618,1.53945,1.54081,274216.94
2018-02-11,1.54137,1.54303,1.54072,1.54233,7469.0
2018-02-12,1.54234,1.54941,1.5404,1.54739,189326.22
2018-02-13,1.54743,1.56005,1.54575,1.55514,214046.51
2018-02-14,1.55513,1.5603,1.5509,1.55624,243120.13
2018-02-15,1.55624,1.56435,1.55545,1.56057,271491.32
2018-02-16,1.56057,1.56477,1.55636,1.55838,197368.28
2018-02-18,1.55701,1.55973,1.55701,1.55852,7013.76
2018-02-19,1.55852,1.56004,1.55463,1.55832,190107.47
2018-02-20,1.55834,1.56039,1.55351,1.56016,223060.09
2018-02-21,1.56014,1.56279,1.55812,1.5594,247594.84
2018-02-22,1.5594,1.56876,1.55683,1.56707,267515.59
2018-02-23,1.56704,1.5675,1.55112,1.5525,200558.16
2018-02-25,1.55306,1.55432,1.55301,1.55416,8623.21
2018-02-26,1.5542,1.5631,1.55365,1.5621,196203.27
2018-02-27,1.5621,1.56574,1.55865,1.56136,233762.33
2018-02-28,1.56136,1.56659,1.55786,1.5647,220664.83
2018-03-01,1.5647,1.57481,1.56206,1.57444,273017.45
2018-03-02,1.57441,1.59171,1.57284,1.58656,228178.65
2018-03-04,1.58743,1.59309,1.58631,1.58741,14273.47
2018-03-05,1.58737,1.60304,1.58353,1.60133,217739.71
2018-03-06,1.60131,1.60916,1.59636,1.60754,245686.79
2018-03-07,1.60754,1.61215,1.59976,1.60173,269118.93
2018-03-08,1.60174,1.60672,1.5863,1.58706,294338.24
2018-03-09,1.5871,1.5889,1.57572,1.57614,231282.27
2018-03-11,1.57679,1.57793,1.57656,1.57704,6790.82
2018-03-12,1.57704,1.58469,1.57596,1.58458,207501.79
2018-03-13,1.58455,1.60863,1.58296,1.60564,214317.56
2018-03-14,1.60565,1.60675,1.59811,1.60304,221414.3
2018-03-15,1.60306,1.61025,1.59975,1.60628,241729.02
2018-03-16,1.60639,1.61402,1.60454,1.6094,180098.35
2018-03-18,1.60752,1.60946,1.60746,1.60795,9206.46
2018-03-19,1.60795,1.61512,1.60555,1.61382,211577.91
2018-03-20,1.61383,1.6152,1.59961,1.60131,201996.21
2018-03-21,1.60129,1.6026,1.58698,1.59218,233447.15
2018-03-22,1.59215,1.59547,1.58381,1.59341,322659.27
2018-03-23,1.59342,1.59628,1.58153,1.59281,232598.92
2018-03-25,1.59117,1.59316,1.59112,1.59125,9497.54
2018-03-26,1.59125,1.6077,1.58876,1.59898,195182.12
2018-03-27,1.59891,1.60134,1.59083,1.59796,198063.72
2018-03-28,1.59794,1.60072,1.58793,1.59033,368771.85
2018-03-29,1.59035,1.59298,1.58342,1.5853,220939.69
2018-03-30,1.5853,1.58976,1.58467,1.58854,81252.45
2018-04-01,1.58851,1.58938,1.58669,1.58742,7970.91
2018-04-02,1.58742,1.5926,1.58654,1.5884,150715.51
2018-04-03,1.58841,1.58855,1.56713,1.57238,170721.82
2018-04-04,1.57239,1.57968,1.56645,1.56704,183630.03
2018-04-05,1.56705,1.56962,1.55987,1.56408,251416.31
2018-04-06,1.56408,1.57091,1.55876,1.56918,194702.01
2018-04-08,1.56715,1.56986,1.56666,1.5685,10211.78
2018-04-09,1.56852,1.57512,1.56283,1.565,182800.1
2018-04-10,1.56501,1.56794,1.5547,1.55689,182510.86
2018-04-11,1.55689,1.56307,1.55345,1.555,187003.71
2018-04-12,1.55501,1.55921,1.54922,1.55198,230407.64
2018-04-13,1.55197,1.55676,1.54627,1.5543,128553.47
2018-04-15,1.55318,1.55445,1.55229,1.55411,6684.93
2018-04-16,1.55411,1.56024,1.55392,1.55625,118920.84
2018-04-17,1.55626,1.559,1.54748,1.55374,131182.94
2018-04-18,1.55374,1.568,1.55334,1.56299,147886.51
2018-04-19,1.56297,1.56468,1.5579,1.56332,171464.92
2018-04-20,1.56334,1.56868,1.55482,1.56828,135991.1
2018-04-22,1.5649,1.56776,1.5649,1.56711,6645.58
2018-04-23,1.56712,1.57032,1.56292,1.56823,142848.08
2018-04-24,1.56824,1.57079,1.56389,1.56893,144386.12
2018-04-25,1.56895,1.57135,1.56115,1.56218,147414.07
2018-04-26,1.56222,1.566,1.55679,1.5585,190637.41
2018-04-27,1.55849,1.5593,1.55333,1.55557,157470.68
2018-04-29,1.5559,1.557,1.5559,1.55663,7571.34
2018-04-30,1.55664,1.55916,1.54685,1.55035,157514.92
2018-05-01,1.55033,1.55035,1.53981,1.54028,140585.85
2018-05-02,1.54029,1.54361,1.53556,1.53965,172416.53
2018-05-03,1.53967,1.54301,1.53648,1.54059,191031.95
2018-05-04,1.54056,1.54221,1.53358,1.53608,132584.53
2018-05-06,1.53576,1.53744,1.53576,1.53687,6355.98
2018-05-07,1.53687,1.53916,1.53162,1.53696,123095.44
2018-05-08,1.537,1.54434,1.53554,1.53648,157594.15
2018-05-09,1.53648,1.53739,1.52072,1.52216,159674.62
2018-05-10,1.5222,1.52512,1.51486,1.52148,193098.69
2018-05-11,1.52149,1.52873,1.51774,1.52746,130570.39
2018-05-13,1.52588,1.52805,1.52574,1.52756,6260.87
2018-05-14,1.52757,1.5314,1.52592,1.5272,132162.76
2018-05-15,1.52724,1.52977,1.52123,1.52149,173753.47
2018-05-16,1.52152,1.52273,1.50762,1.51028,179181.83
2018-05-17,1.51028,1.51518,1.50523,1.51328,209599.82
2018-05-18,1.51328,1.52014,1.50667,1.5161,147568.99
2018-05-20,1.51498,1.51625,1.51461,1.51494,7255.31
2018-05-21,1.51493,1.51524,1.50587,1.50625,143742.18
2018-05-22,1.50627,1.5109,1.50225,1.51075,151367.83
2018-05-23,1.51077,1.51392,1.50013,1.50293,201420.06
2018-05-24,1.50287,1.51505,1.50274,1.51049,224544.92
2018-05-25,1.51049,1.51514,1.50879,1.51064,159407.16
2018-05-27,1.51464,1.51685,1.51373,1.51671,9425.64
2018-05-28,1.51674,1.52239,1.50764,1.51043,133040.46
2018-05-29,1.51048,1.51103,1.49859,1.50317,206727.26
2018-05-30,1.50318,1.51196,1.49164,1.50394,218538.91
2018-05-31,1.50395,1.51659,1.49725,1.51335,220803.92
2018-06-01,1.51333,1.5183,1.50837,1.50961,173097.79
2018-06-03,1.5097,1.51193,1.5097,1.5116,5064.69
2018-06-04,1.5116,1.51634,1.50971,1.512,157199.12
2018-06-05,1.51201,1.52394,1.51074,1.51745,169724.5
2018-06-06,1.51747,1.52565,1.51274,1.5252,170163.85
2018-06-07,1.5252,1.53606,1.52506,1.53095,192334.25
2018-06-08,1.53091,1.53381,1.52044,1.52091,172556.32
2018-06-10,1.53063,1.53063,1.5263,1.52817,4985.62
2018-06-11,1.52818,1.53555,1.5275,1.52884,134390.31
2018-06-12,1.52887,1.53445,1.52586,1.52884,166025.71
2018-06-13,1.52887,1.533,1.52664,1.5313,165132.13
2018-06-14,1.5313,1.53582,1.51185,1.51657,212856.41
2018-06-15,1.5166,1.53394,1.51629,1.5306,164337.02
2018-06-17,1.5272,1.5309,1.5272,1.52992,7522.33
2018-06-18,1.52996,1.53771,1.52461,1.53638,150510.49
2018-06-19,1.53642,1.53984,1.52677,1.53859,187366.69
2018-06-20,1.5386,1.54309,1.53526,1.54047,168337.65
2018-06-21,1.54059,1.54718,1.53358,1.54544,217595.75
2018-06-22,1.54544,1.55843,1.54335,1.54567,213293.72
2018-06-24,1.54716,1.54925,1.54675,1.54824,9244.65
2018-06-25,1.54823,1.55856,1.54565,1.55585,181497.66
2018-06-26,1.55583,1.55796,1.54853,1.54936,190225.29
2018-06-27,1.54937,1.55338,1.53547,1.54124,275428.29
2018-06-28,1.54124,1.54268,1.53207,1.53268,200747.7
2018-06-29,1.53267,1.54571,1.53141,1.53376,190770.33
2018-07-01,1.53645,1.53726,1.53284,1.53541,15942.2
2018-07-02,1.5354,1.53579,1.53037,1.53521,146393.01
2018-07-03,1.53511,1.53638,1.52988,1.53229,164274.13
2018-07-04,1.53228,1.53409,1.52868,1.53204,141033.72
2018-07-05,1.53201,1.53815,1.53129,1.53599,156712.06
2018-07-06,1.536,1.5442,1.53355,1.53705,132831.91
2018-07-08,1.5366,1.53903,1.53654,1.53889,7758.11
2018-07-09,1.5389,1.54174,1.53671,1.54125,138573.99
2018-07-10,1.54123,1.5427,1.53619,1.54154,141906.65
2018-07-11,1.54154,1.54417,1.53384,1.54189,168714.18
2018-07-12,1.54189,1.54291,1.53457,1.53541,141492.12
2018-07-13,1.53543,1.53771,1.53213,1.53659,123298.2
2018-07-15,1.53754,1.53877,1.53629,1.53647,5464.94
2018-07-16,1.53651,1.54152,1.53565,1.53814,135231.62
2018-07-17,1.53814,1.54257,1.53687,1.53853,150378.82
2018-07-18,1.53855,1.54258,1.53202,1.53338,151107.98
2018-07-19,1.53338,1.54556,1.53192,1.54536,178258.8
2018-07-20,1.54541,1.54679,1.5359,1.54039,170821.77
2018-07-22,1.53937,1.54067,1.53917,1.54025,9894.05
2018-07-23,1.54025,1.54286,1.537,1.54005,138494.48
2018-07-24,1.54006,1.54148,1.53565,1.53674,140369.35
2018-07-25,1.53672,1.53789,1.52584,1.5304,152407.91
2018-07-26,1.53043,1.53063,1.52134,1.52174,144525.95
2018-07-27,1.52174,1.52387,1.51729,1.52177,126048.62
2018-07-29,1.52123,1.52319,1.52092,1.5231,3743.01
2018-07-30,1.52312,1.52677,1.52168,1.52511,113033.49
2018-07-31,1.52511,1.53249,1.51879,1.52171,148924.67
2018-08-01,1.52178,1.5232,1.51451,1.51603,137304.81
2018-08-02,1.51603,1.51643,1.50789,1.50885,124999.16
2018-08-03,1.50885,1.51005,1.50189,1.50252,123302.91
2018-08-05,1.50289,1.50564,1.5025,1.5046,5210.53
2018-08-06,1.50462,1.50522,1.50112,1.50267,103565.46
2018-08-07,1.50264,1.51553,1.50083,1.51505,113303.2
2018-08-08,1.51505,1.51882,1.50974,1.51146,119342.49
2018-08-09,1.51147,1.51214,1.50269,1.50336,130684.08
2018-08-10,1.50335,1.50502,1.49219,1.49929,179841.16
2018-08-12,1.49668,1.49913,1.49613,1.4982,11099.28
2018-08-13,1.4982,1.50125,1.4957,1.49699,167821.35
2018-08-14,1.49699,1.49739,1.48076,1.48154,147477.51
2018-08-15,1.48153,1.49238,1.47989,1.49098,153982.0
2018-08-16,1.49096,1.49873,1.49091,1.49644,148569.78
2018-08-17,1.49646,1.49983,1.48881,1.49357,131207.97
2018-08-19,1.49374,1.49424,1.49297,1.49372,4569.98
2018-08-20,1.49373,1.49879,1.48981,1.49865,130552.1
2018-08-21,1.49864,1.51051,1.49654,1.5088,154634.66
2018-08-22,1.50882,1.51439,1.50564,1.50695,143707.88
2018-08-23,1.50696,1.51341,1.50542,1.51186,138336.33
2018-08-24,1.51187,1.51658,1.51088,1.51373,136209.48
2018-08-26,1.51188,1.51588,1.51126,1.51488,6784.93
2018-08-27,1.51492,1.51883,1.51067,1.51452,140310.11
2018-08-28,1.51451,1.51622,1.51056,1.51158,146509.48
2018-08-29,1.51157,1.51527,1.50779,1.5109,149327.77
2018-08-30,1.51091,1.51609,1.50977,1.51493,146581.27
2018-08-31,1.51493,1.52132,1.5112,1.51236,154925.81
2018-09-02,1.51585,1.51637,1.51348,1.51497,5405.29
2018-09-03,1.51497,1.52245,1.51397,1.5208,104520.12
2018-09-04,1.52082,1.52764,1.51738,1.52648,146321.76
2018-09-05,1.5265,1.53454,1.52403,1.53268,153173.84
2018-09-06,1.53268,1.53704,1.52648,1.52854,153703.11
2018-09-07,1.52854,1.53037,1.51949,1.51949,148260.3
2018-09-09,1.51973,1.52271,1.51952,1.52266,5562.78
2018-09-10,1.52268,1.5292,1.52055,1.52598,119342.18
2018-09-11,1.52596,1.52929,1.51316,1.51465,134269.5
2018-09-12,1.51465,1.51627,1.50903,1.51141,143017.36
2018-09-13,1.51143,1.52204,1.51019,1.52042,138602.82
2018-09-14,1.52042,1.52257,1.51426,1.51455,122554.26
2018-09-16,1.51453,1.51678,1.51452,1.51607,3833.0
2018-09-17,1.51608,1.52444,1.51499,1.52429,116338.26
2018-09-18,1.52429,1.52604,1.51275,1.51485,148027.97
2018-09-19,1.51487,1.51737,1.50603,1.50795,148031.01
2018-09-20,1.50795,1.52093,1.50781,1.52009,151090.9
2018-09-21,1.52009,1.52252,1.51521,1.51626,127624.65
2018-09-23,1.51817,1.5184,1.51596,1.51721,3870.14
2018-09-24,1.5172,1.52617,1.51703,1.52179,121611.17
2018-09-25,1.5218,1.52841,1.52074,1.52409,124309.75
2018-09-26,1.52408,1.53209,1.51986,1.53129,144886.9
2018-09-27,1.53129,1.53208,1.51605,1.51675,145230.27
2018-09-28,1.51677,1.5178,1.49731,1.49758,133814.9
2018-09-30,1.49249,1.49548,1.48959,1.48959,7419.88
2018-10-01,1.48962,1.49311,1.47944,1.48334,134803.93
2018-10-02,1.48334,1.48357,1.47675,1.48072,131275.94
2018-10-03,1.48074,1.48602,1.47572,1.47809,156136.79
2018-10-04,1.47811,1.489,1.47648,1.48806,148053.48
2018-10-05,1.48805,1.49232,1.48341,1.4904,141523.13
2018-10-07,1.49151,1.49238,1.49051,1.492,8288.69
2018-10-08,1.49206,1.4942,1.48752,1.48911,116014.53
2018-10-09,1.4891,1.48997,1.48562,1.48845,140921.01
2018-10-10,1.48844,1.5058,1.48649,1.50512,152363.19
2018-10-11,1.50511,1.5134,1.50396,1.51024,198683.42
2018-10-12,1.51022,1.51295,1.50259,1.50499,145679.76
2018-10-14,1.50168,1.50508,1.50137,1.50421,9280.68
2018-10-15,1.50421,1.51225,1.50111,1.50503,152404.28
2018-10-16,1.50503,1.50569,1.49549,1.49745,138139.12
2018-10-17,1.49743,1.49969,1.49494,1.49792,162206.41
2018-10-18,1.49792,1.50261,1.49611,1.49795,181119.7
2018-10-19,1.49795,1.51315,1.49306,1.50823,188217.18
2018-10-21,1.50772,1.50968,1.50749,1.5083,7282.28
2018-10-22,1.50831,1.51144,1.5011,1.50161,186029.82
2018-10-23,1.50161,1.5051,1.49945,1.50055,187125.3
2018-10-24,1.50056,1.50119,1.4776,1.48713,205971.67
2018-10-25,1.48713,1.49442,1.48468,1.48682,190556.83
2018-10-26,1.48681,1.49551,1.48669,1.49385,193278.11
2018-10-28,1.49162,1.49342,1.49161,1.49277,6710.98
2018-10-29,1.49276,1.49751,1.48881,1.49348,175770.65
2018-10-30,1.4935,1.4944,1.48637,1.48793,165722.74
2018-10-31,1.48793,1.49116,1.48474,1.4887,161065.46
2018-11-01,1.48868,1.49516,1.48847,1.49265,174864.17
2018-11-02,1.49265,1.49818,1.4909,1.49263,169950.64
2018-11-04,1.49049,1.49314,1.49046,1.49312,10480.12
2018-11-05,1.49311,1.49745,1.48767,1.49567,150901.31
2018-11-06,1.4957,1.50115,1.49457,1.50056,149477.53
2018-11-07,1.50055,1.5049,1.4975,1.49939,204121.95
2018-11-08,1.49938,1.50028,1.49133,1.49414,179582.48
2018-11-09,1.49416,1.49934,1.49407,1.49672,167069.57
2018-11-11,1.49445,1.49582,1.49381,1.49391,9261.57
2018-11-12,1.49393,1.49437,1.48468,1.48627,170550.96
2018-11-13,1.48628,1.49769,1.48527,1.49574,180764.25
2018-11-14,1.49575,1.50176,1.49075,1.4984,193418.78
2018-11-15,1.4984,1.50048,1.49054,1.49168,192715.5
2018-11-16,1.49169,1.50433,1.49077,1.50081,169631.55
2018-11-18,1.50081,1.50233,1.4996,1.50052,7410.64
2018-11-19,1.5005,1.51132,1.49998,1.50865,149890.05
2018-11-20,1.50863,1.51368,1.50422,1.51315,177105.93
2018-11-21,1.51313,1.51686,1.50534,1.50631,122044.03
2018-11-22,1.50634,1.51194,1.50325,1.50409,108850.08
2018-11-23,1.50402,1.50769,1.49508,1.49934,121754.05
2018-11-25,1.49947,1.49988,1.49853,1.49957,6691.18
2018-11-26,1.49956,1.50293,1.49746,1.50203,125321.5
2018-11-27,1.50203,1.50376,1.49823,1.50208,138215.84
2018-11-28,1.50208,1.51026,1.501,1.50912,143024.98
2018-11-29,1.50912,1.51367,1.50766,1.51228,147382.48
2018-11-30,1.51229,1.51492,1.50272,1.50353,141980.94
2018-12-02,1.50242,1.50379,1.50078,1.50337,6826.91
2018-12-03,1.50339,1.50415,1.49142,1.49856,145899.97
2018-12-04,1.49855,1.50456,1.49661,1.50357,160789.7
2018-12-05,1.50357,1.51954,1.50334,1.51635,121433.68
2018-12-06,1.51636,1.53072,1.51602,1.52331,168615.75
2018-12-07,1.52331,1.52526,1.50987,1.51624,142364.72
2018-12-09,1.519,1.52001,1.51809,1.51939,6648.54
2018-12-10,1.5194,1.5262,1.51796,1.52136,150965.07
2018-12-11,1.52138,1.52733,1.51455,1.51461,140301.72
2018-12-12,1.51461,1.51994,1.51358,1.51808,144894.38
2018-12-13,1.51808,1.5221,1.51473,1.51695,137893.03
2018-12-14,1.51696,1.52014,1.50842,1.51249,125040.46
2018-12-16,1.51218,1.51364,1.51197,1.51323,15397.77
2018-12-17,1.51322,1.52278,1.51199,1.5222,125646.63
2018-12-18,1.52223,1.53338,1.51896,1.53053,150464.67
2018-12-19,1.53052,1.53765,1.5303,1.53412,219264.96
2018-12-20,1.53412,1.55295,1.53376,1.54627,267413.1
2018-12-21,1.54627,1.54902,1.53913,1.54561,236181.6
2018-12-23,1.54567,1.54647,1.54416,1.54627,4390.1
2018-12-24,1.54627,1.55503,1.54464,1.55057,192037.32
2018-12-25,1.55057,1.5528,1.54631,1.55048,14560.0
2018-12-26,1.55048,1.55386,1.5399,1.54189,147087.51
2018-12-27,1.5419,1.56334,1.5417,1.55665,254997.21
2018-12-28,1.55665,1.56401,1.55584,1.55995,222929.26
2018-12-30,1.55924,1.5599,1.55843,1.5585,3380.33
2018-12-31,1.55851,1.5645,1.55522,1.56259,158416.44
2019-01-01,1.56178,1.5634,1.56117,1.56159,7702.23
2019-01-02,1.56159,1.5634,1.53824,1.54183,253897.87
2019-01-03,1.54183,1.55064,1.53431,1.53524,298582.49
2019-01-04,1.53526,1.53894,1.52361,1.52364,250463.25
2019-01-06,1.52422,1.52716,1.52422,1.52535,7611.24
2019-01-07,1.52537,1.53215,1.52312,1.52627,208241.84
2019-01-08,1.52627,1.52631,1.51716,1.51742,210601.91
2019-01-09,1.51743,1.52692,1.51495,1.52653,252270.98
2019-01-10,1.52653,1.53041,1.52034,1.52346,218741.2
2019-01-11,1.52343,1.52647,1.51834,1.52085,193068.18
2019-01-13,1.51913,1.521,1.51908,1.52047,5673.32
2019-01-14,1.52046,1.5252,1.51981,1.52322,183448.38
2019-01-15,1.52318,1.52428,1.51078,1.51355,229109.67
2019-01-16,1.51355,1.51445,1.50848,1.51126,186947.37
2019-01-17,1.51126,1.51813,1.50935,1.51301,189545.8
2019-01-18,1.51298,1.51426,1.50426,1.50701,158932.83
2019-01-20,1.50667,1.50895,1.50651,1.50879,5174.7
2019-01-21,1.5088,1.51271,1.50781,1.51172,134398.53
2019-01-22,1.51172,1.51816,1.51151,1.51764,165873.55
2019-01-23,1.51766,1.52245,1.51154,1.51893,160163.99
2019-01-24,1.51895,1.52036,1.50766,1.51018,202890.28
2019-01-25,1.51019,1.51297,1.50672,1.50697,181238.88
2019-01-27,1.50705,1.509,1.50702,1.50898,4817.0
2019-01-28,1.50898,1.51849,1.50636,1.51567,144088.67
2019-01-29,1.51568,1.51891,1.51291,1.51752,182672.03
2019-01-30,1.51754,1.51845,1.50554,1.50939,201908.23
2019-01-31,1.50941,1.51189,1.50181,1.50267,189765.05
2019-02-01,1.50271,1.50819,1.49795,1.50021,165117.26
2019-02-03,1.49896,1.5006,1.49871,1.50046,5695.72
2019-02-04,1.50046,1.50294,1.49733,1.49976,143517.48
2019-02-05,1.49975,1.50068,1.49579,1.49753,140428.71
2019-02-06,1.49754,1.50387,1.49697,1.5019,138104.37
2019-02-07,1.50191,1.51214,1.50001,1.50916,143470.28
2019-02-08,1.50917,1.51117,1.50149,1.50313,132227.81
2019-02-10,1.50169,1.50334,1.50127,1.50332,5536.58
2019-02-11,1.50332,1.50535,1.49787,1.50036,136144.87
2019-02-12,1.50037,1.50165,1.49538,1.4994,139465.93
2019-02-13,1.4994,1.49943,1.49194,1.49345,135710.45
2019-02-14,1.49345,1.50609,1.4914,1.50182,155348.71
2019-02-15,1.50182,1.50248,1.49268,1.49539,142665.0
2019-02-17,1.49603,1.49674,1.49501,1.49547,5793.37
2019-02-18,1.49544,1.50036,1.49461,1.49702,116876.06
2019-02-19,1.49704,1.50373,1.49485,1.49796,149769.92
2019-02-20,1.49795,1.49941,1.49296,1.49433,149888.5
2019-02-21,1.49433,1.50052,1.49126,1.49971,171381.86
2019-02-22,1.49971,1.50103,1.48801,1.48814,146170.5
2019-02-24,1.48862,1.48969,1.48779,1.48938,7405.19
2019-02-25,1.48937,1.49965,1.48886,1.49839,141679.34
2019-02-26,1.49836,1.50475,1.49756,1.49974,156652.44
2019-02-27,1.49974,1.50074,1.4939,1.49577,258590.6
2019-02-28,1.49576,1.50495,1.49487,1.49714,173742.83
2019-03-01,1.49714,1.51202,1.49198,1.51111,159774.78
2019-03-03,1.51103,1.51147,1.51018,1.51101,5941.88
2019-03-04,1.51102,1.51152,1.50586,1.50907,149293.15
2019-03-05,1.50906,1.51252,1.50702,1.50993,141967.69
2019-03-06,1.50993,1.52223,1.5094,1.52078,141430.83
2019-03-07,1.52079,1.52115,1.50385,1.50544,171390.36
2019-03-08,1.50543,1.51037,1.50281,1.50725,161002.34
2019-03-10,1.50671,1.50832,1.50642,1.50747,5077.41
2019-03-11,1.50748,1.51131,1.50564,1.50809,134263.43
2019-03-12,1.50808,1.51225,1.50674,1.50773,139911.15
2019-03-13,1.50772,1.51018,1.50487,1.50693,130908.38
2019-03-14,1.50693,1.50897,1.50457,1.50656,142499.44
2019-03-15,1.50656,1.51468,1.5045,1.51013,121180.21
2019-03-17,1.50918,1.51129,1.50917,1.51019,4090.08
2019-03-18,1.5102,1.51452,1.50852,1.51207,117784.68
2019-03-19,1.51206,1.51354,1.50402,1.51286,132417.61
2019-03-20,1.51284,1.52001,1.51118,1.5186,164089.35
2019-03-21,1.51861,1.52103,1.51584,1.52066,181583.87
2019-03-22,1.52065,1.5214,1.51049,1.51727,200200.88
2019-03-24,1.51533,1.51714,1.51489,1.51646,5807.14
2019-03-25,1.51647,1.52128,1.51535,1.51555,161247.17
2019-03-26,1.51554,1.51665,1.50698,1.50846,155824.11
2019-03-27,1.50846,1.51354,1.50615,1.5091,187567.46
2019-03-28,1.50904,1.51134,1.50483,1.50811,165052.04
2019-03-29,1.50813,1.5095,1.49729,1.49734,154545.92
2019-03-31,1.49833,1.49912,1.49748,1.49814,4824.01
2019-04-01,1.49815,1.50249,1.49036,1.49172,148991.05
2019-04-02,1.49173,1.49757,1.49067,1.4948,140224.75
2019-04-03,1.4948,1.50047,1.49232,1.50043,141659.74
2019-04-04,1.50042,1.5016,1.49691,1.4998,123802.49
2019-04-05,1.49982,1.50604,1.49863,1.50052,107619.13
2019-04-07,1.50066,1.50182,1.49984,1.50013,5204.41
2019-04-08,1.50014,1.50522,1.49825,1.4985,118201.46
2019-04-09,1.4985,1.50324,1.49705,1.50155,123996.94
2019-04-10,1.50156,1.5045,1.49901,1.50167,125926.96
2019-04-11,1.50168,1.5086,1.50156,1.50626,114952.2
2019-04-12,1.50626,1.51,1.5045,1.50565,111383.02
2019-04-14,1.50693,1.50734,1.50595,1.50698,5109.21
2019-04-15,1.50698,1.5143,1.50385,1.5112,102716.35
2019-04-16,1.51125,1.51537,1.50559,1.50728,126361.19
2019-04-17,1.5073,1.50926,1.50021,1.508,132090.05
2019-04-18,1.50799,1.50959,1.50097,1.50255,139731.42
2019-04-19,1.50254,1.50598,1.50159,1.50495,84377.67
2019-04-21,1.50414,1.5054,1.50382,1.50456,4577.57
2019-04-22,1.50456,1.5048,1.50119,1.50247,67942.93
2019-04-23,1.50248,1.50808,1.50141,1.50715,115951.76
2019-04-24,1.50719,1.51325,1.50228,1.50479,157966.13
2019-04-25,1.5048,1.50593,1.50047,1.5009,132002.5
2019-04-26,1.50089,1.50399,1.49856,1.49908,138096.59
2019-04-28,1.49922,1.50089,1.49916,1.50083,4650.5
2019-04-29,1.50084,1.50526,1.49977,1.50478,96230.99
2019-04-30,1.50475,1.51101,1.50111,1.50166,132884.17
2019-05-01,1.50164,1.51006,1.50045,1.50538,113019.25
2019-05-02,1.50538,1.50803,1.50299,1.50496,121834.82
2019-05-03,1.50494,1.50517,1.49866,1.50287,134641.78
2019-05-05,1.50329,1.50705,1.5026,1.50666,11974.24
2019-05-06,1.50665,1.51005,1.50491,1.50634,120278.89
2019-05-07,1.50634,1.50859,1.50321,1.50735,135275.89
2019-05-08,1.50737,1.51029,1.50601,1.50864,150457.55
2019-05-09,1.50864,1.51807,1.50711,1.51064,176301.19
2019-05-10,1.51064,1.51406,1.50441,1.50705,165747.62
2019-05-12,1.50725,1.5102,1.50695,1.5102,7064.48
2019-05-13,1.51023,1.51473,1.50711,1.51387,140796.3
2019-05-14,1.51386,1.51412,1.50791,1.50794,128506.38
2019-05-15,1.50795,1.51146,1.50449,1.5064,127063.97
2019-05-16,1.5064,1.50697,1.49947,1.50421,108417.65
2019-05-17,1.50423,1.50991,1.49977,1.50202,131041.18
2019-05-19,1.49989,1.50227,1.49983,1.50117,5241.75
2019-05-20,1.50117,1.50156,1.49725,1.49938,100243.92
2019-05-21,1.49939,1.50015,1.49439,1.49637,112326.85
2019-05-22,1.49639,1.4991,1.49242,1.49895,110126.41
2019-05-23,1.49896,1.50811,1.49776,1.50692,142842.28
2019-05-24,1.50689,1.50946,1.5039,1.50583,103000.05
2019-05-26,1.50604,1.50658,1.50573,1.50574,3148.45
2019-05-27,1.50574,1.50742,1.50371,1.50396,64115.71
2019-05-28,1.50397,1.50809,1.50212,1.50648,123809.17
2019-05-29,1.50647,1.50876,1.50332,1.50484,137887.38
2019-05-30,1.50485,1.50609,1.49943,1.50601,124133.08
2019-05-31,1.50601,1.51231,1.50558,1.50917,156760.81
2019-06-02,1.50865,1.51113,1.50858,1.51075,5537.75
2019-06-03,1.51076,1.5142,1.50734,1.51151,165341.8
2019-06-04,1.51151,1.51394,1.50645,1.50706,153493.34
2019-06-05,1.50705,1.51255,1.50493,1.50699,159964.79
2019-06-06,1.507,1.51463,1.50285,1.50597,155157.51
2019-06-07,1.50597,1.50693,1.50273,1.50309,139256.62
2019-06-09,1.49896,1.50223,1.49885,1.50183,8439.88
2019-06-10,1.50183,1.50271,1.49827,1.50128,104004.98
2019-06-11,1.5013,1.50635,1.49839,1.50453,115474.49
2019-06-12,1.50452,1.50821,1.5022,1.50568,117129.47
2019-06-13,1.50568,1.50651,1.5009,1.50321,111077.53
2019-06-14,1.50317,1.50568,1.49827,1.50285,129565.01
2019-06-16,1.50288,1.5044,1.50273,1.50393,4533.71
2019-06-17,1.50393,1.50768,1.5026,1.50517,90673.2
2019-06-18,1.50513,1.50838,1.49688,1.49743,135173.67
2019-06-19,1.49742,1.49994,1.49055,1.49088,139187.07
2019-06-20,1.49088,1.49307,1.48619,1.48897,181724.94
2019-06-21,1.48898,1.50342,1.48787,1.50289,151563.9
2019-06-23,1.50221,1.50315,1.50167,1.50275,6017.4
2019-06-24,1.50277,1.50531,1.50036,1.50281,114700.54
2019-06-25,1.5028,1.50493,1.49567,1.49792,160127.41
2019-06-26,1.49791,1.49822,1.49068,1.49235,131089.24
2019-06-27,1.49237,1.49433,1.48816,1.48893,127580.17
2019-06-28,1.48894,1.49195,1.48628,1.48818,128139.82
2019-06-30,1.48548,1.4879,1.48492,1.48709,10167.98
2019-07-01,1.48709,1.48747,1.48123,1.48239,137945.28
2019-07-02,1.48237,1.48532,1.47867,1.47897,131668.38
2019-07-03,1.47896,1.48031,1.47233,1.47365,121947.8
2019-07-04,1.47366,1.47616,1.4706,1.47253,76823.55
2019-07-05,1.47253,1.47494,1.46697,1.46811,122324.42
2019-07-07,1.46676,1.46847,1.46672,1.46814,4402.35
2019-07-08,1.46813,1.46951,1.46363,1.46948,93933.76
2019-07-09,1.46948,1.47293,1.46865,1.47074,101035.03
2019-07-10,1.47074,1.47735,1.46967,1.4717,133301.86
2019-07-11,1.47173,1.47336,1.46939,1.47014,139176.31
2019-07-12,1.47013,1.47049,1.4652,1.46799,117234.37
2019-07-14,1.46786,1.46902,1.46727,1.46897,10979.99
2019-07-15,1.469,1.46986,1.46687,1.46917,94340.16
2019-07-16,1.46917,1.47013,1.46047,1.46712,113954.99
2019-07-17,1.46713,1.46774,1.46346,1.46554,99715.09
2019-07-18,1.46553,1.47078,1.46305,1.46783,135221.62
2019-07-19,1.4678,1.47105,1.46403,1.46485,137553.22
2019-07-21,1.46454,1.46509,1.464,1.46428,5953.62
2019-07-22,1.46428,1.47152,1.46278,1.47099,114385.65
2019-07-23,1.47102,1.47142,1.4638,1.46518,119012.53
2019-07-24,1.46517,1.46538,1.46163,1.46423,106323.0
2019-07-25,1.46423,1.47067,1.4574,1.46671,185068.05
2019-07-26,1.4667,1.46931,1.4647,1.46504,135063.94
2019-07-28,1.46408,1.46579,1.46402,1.46559,9916.98
2019-07-29,1.46559,1.46739,1.46244,1.4668,123023.2
2019-07-30,1.46679,1.47009,1.46567,1.46687,157008.46
2019-07-31,1.46687,1.46696,1.45933,1.46083,197817.67
2019-08-01,1.46082,1.46763,1.45804,1.46382,244627.56
2019-08-02,1.46382,1.47134,1.46344,1.46611,255585.45
2019-08-04,1.4671,1.46827,1.46601,1.46646,7999.61
2019-08-05,1.46647,1.48572,1.4664,1.48546,234538.57
2019-08-06,1.48546,1.48875,1.47603,1.48811,197941.1
2019-08-07,1.48811,1.49946,1.48567,1.49156,234355.07
2019-08-08,1.49155,1.49228,1.47827,1.47979,167602.76
2019-08-09,1.4798,1.4869,1.47835,1.4804,132525.02
2019-08-11,1.47795,1.48144,1.47793,1.48126,5525.8
2019-08-12,1.48124,1.48671,1.47721,1.48459,142206.67
2019-08-13,1.48458,1.49137,1.47397,1.47682,183739.0
2019-08-14,1.47683,1.48869,1.4762,1.48312,183364.71
2019-08-15,1.48311,1.48716,1.47776,1.47955,200309.47
2019-08-16,1.47955,1.47997,1.47048,1.47048,130020.98
2019-08-18,1.47098,1.47293,1.47072,1.47154,6965.66
2019-08-19,1.47152,1.47792,1.47067,1.47711,93515.92
2019-08-20,1.47711,1.47948,1.47476,1.47785,115682.69
2019-08-21,1.47785,1.47803,1.47112,1.47362,108156.63
2019-08-22,1.47361,1.47657,1.47077,1.47358,139481.82
2019-08-23,1.47357,1.485,1.47191,1.47976,165269.76
2019-08-25,1.482,1.48587,1.48162,1.48372,18221.1
2019-08-26,1.48372,1.4845,1.47022,1.47115,187902.18
2019-08-27,1.47115,1.47486,1.46841,1.47318,152580.01
2019-08-28,1.47319,1.47658,1.472,1.47501,147949.4
2019-08-29,1.475,1.47601,1.46871,1.46898,148334.3
2019-08-30,1.46897,1.46987,1.45927,1.46307,149386.42
2019-09-01,1.46343,1.46477,1.4626,1.46365,7032.56
2019-09-02,1.46362,1.46559,1.45991,1.46191,96335.92
2019-09-03,1.46192,1.46538,1.45791,1.46359,160837.1
2019-09-04,1.46356,1.46916,1.4582,1.45929,137614.05
2019-09-05,1.45929,1.46382,1.45533,1.45976,143015.24
2019-09-06,1.45975,1.46114,1.45127,1.45188,137887.81
2019-09-08,1.45286,1.45286,1.45099,1.45118,5053.19
2019-09-09,1.45117,1.45567,1.45027,1.45476,119477.92
2019-09-10,1.45474,1.45681,1.44985,1.45264,122965.34
2019-09-11,1.45263,1.45357,1.44563,1.45199,117504.25
2019-09-12,1.45198,1.46331,1.44336,1.46064,168798.97
2019-09-13,1.46064,1.47151,1.46059,1.47112,133157.55
2019-09-15,1.46396,1.467,1.46351,1.46454,13329.91
2019-09-16,1.46455,1.46924,1.45553,1.45691,142963.63
2019-09-17,1.4569,1.46808,1.45668,1.46626,149844.63
2019-09-18,1.46627,1.46999,1.46292,1.46661,134747.83
2019-09-19,1.46659,1.47086,1.46226,1.46434,155634.39
2019-09-20,1.46432,1.46829,1.45881,1.46135,165337.73
2019-09-22,1.45993,1.46236,1.45973,1.46188,4620.72
2019-09-23,1.46188,1.46349,1.45642,1.45789,135830.82
2019-09-24,1.45786,1.46032,1.45635,1.4582,134738.09
2019-09-25,1.45819,1.45925,1.45011,1.45193,140015.45
2019-09-26,1.45193,1.45332,1.4472,1.44915,143701.0
2019-09-27,1.44917,1.4522,1.44704,1.44888,159000.55
2019-09-29,1.44821,1.4488,1.44753,1.4483,4816.14
2019-09-30,1.44827,1.449,1.44204,1.44327,136211.99
2019-10-01,1.44325,1.44903,1.44154,1.44517,166578.06
2019-10-02,1.44516,1.4613,1.44345,1.46077,171751.84
2019-10-03,1.46072,1.46748,1.45723,1.46362,187897.18
2019-10-04,1.46362,1.46435,1.45774,1.46059,161940.15
2019-10-06,1.46288,1.46317,1.46125,1.46143,6040.51
2019-10-07,1.46142,1.46374,1.45937,1.45959,148483.83
2019-10-08,1.45959,1.46467,1.45781,1.45993,182333.25
2019-10-09,1.45992,1.46605,1.45861,1.46469,168254.93
2019-10-10,1.46468,1.46891,1.46084,1.46299,193750.92
2019-10-11,1.46299,1.46838,1.4547,1.45659,206417.02
2019-10-13,1.4564,1.45718,1.45502,1.45592,4863.72
2019-10-14,1.45592,1.45977,1.45516,1.45827,118719.76
2019-10-15,1.45828,1.46107,1.45318,1.45704,166541.8
2019-10-16,1.45704,1.46223,1.45557,1.46209,164743.96
2019-10-17,1.4621,1.466,1.45946,1.46125,168855.37
2019-10-18,1.46125,1.46635,1.46045,1.46631,122796.96
2019-10-20,1.46581,1.4661,1.46401,1.46493,8476.68
2019-10-21,1.46489,1.4663,1.45818,1.45937,126094.21
2019-10-22,1.45937,1.46062,1.4557,1.4572,140397.73
2019-10-23,1.4572,1.45775,1.45404,1.45549,110046.69
2019-10-24,1.45549,1.45889,1.45073,1.45129,140706.44
2019-10-25,1.4513,1.45291,1.44648,1.44653,101703.67
2019-10-27,1.44727,1.44801,1.44644,1.44797,2452.46
2019-10-28,1.44797,1.45052,1.44744,1.44891,96982.4
2019-10-29,1.44891,1.45555,1.4455,1.45459,114141.67
2019-10-30,1.45457,1.46845,1.45277,1.4682,144000.15
2019-10-31,1.46817,1.47199,1.46422,1.46903,144666.49
2019-11-01,1.46903,1.4707,1.46639,1.46684,116072.38
2019-11-03,1.46718,1.46749,1.46653,1.46739,3678.97
2019-11-04,1.46735,1.46928,1.4629,1.46354,117873.75
2019-11-05,1.46354,1.4645,1.45436,1.45661,130113.49
2019-11-06,1.45662,1.46133,1.45616,1.4596,105238.09
2019-11-07,1.4596,1.46008,1.45434,1.45605,142340.8
2019-11-08,1.45606,1.45996,1.45441,1.45736,105449.91
2019-11-10,1.45723,1.45791,1.45663,1.4578,1619.8
2019-11-11,1.45778,1.46123,1.45732,1.46027,74794.18
2019-11-12,1.46028,1.46246,1.45494,1.45754,102468.17
2019-11-13,1.45752,1.4618,1.45603,1.45895,110277.03
2019-11-14,1.45895,1.46206,1.45727,1.46004,101717.96
2019-11-15,1.46003,1.46356,1.45753,1.46114,84359.45
2019-11-17,1.46108,1.46179,1.46099,1.46176,2786.39
2019-11-18,1.46174,1.46541,1.46095,1.46225,87539.54
2019-11-19,1.46222,1.47072,1.46112,1.47023,92752.0
2019-11-20,1.47022,1.47516,1.46857,1.47371,108813.44
2019-11-21,1.47371,1.47713,1.46803,1.46952,115343.61
2019-11-22,1.4695,1.47102,1.46451,1.46509,109996.81
2019-11-24,1.46487,1.4659,1.46475,1.46568,5380.26
2019-11-25,1.46568,1.46643,1.46382,1.46473,91771.24
2019-11-26,1.46471,1.4673,1.46232,1.46263,97989.96
2019-11-27,1.46263,1.46303,1.45873,1.46197,101954.03
2019-11-28,1.46196,1.46469,1.4614,1.46229,64369.55
2019-11-29,1.46231,1.46489,1.45998,1.46179,92825.01
2019-12-01,1.46301,1.46405,1.46263,1.46376,4881.37
2019-12-02,1.46373,1.47453,1.46247,1.47373,100336.38
2019-12-03,1.47375,1.47586,1.47197,1.4729,98155.33
2019-12-04,1.47289,1.47413,1.46081,1.46206,115825.53
2019-12-05,1.46205,1.46384,1.45976,1.46306,91293.97
2019-12-06,1.46307,1.46878,1.46097,1.46485,83093.22
2019-12-08,1.46507,1.46625,1.46507,1.4653,3285.26
2019-12-09,1.4653,1.46862,1.46289,1.46461,69952.86
2019-12-10,1.46461,1.46846,1.46383,1.46794,91273.07
2019-12-11,1.46793,1.46848,1.46217,1.46647,108817.0
2019-12-12,1.46647,1.4745,1.46353,1.47101,149784.49
2019-12-13,1.47101,1.47219,1.46325,1.46395,157313.13
2019-12-15,1.46601,1.46685,1.46557,1.46677,7643.23
2019-12-16,1.46677,1.46751,1.46164,1.46596,100163.06
2019-12-17,1.46592,1.47123,1.46575,1.4676,102359.32
2019-12-18,1.46759,1.46761,1.45671,1.45764,98953.55
2019-12-19,1.45763,1.46178,1.45721,1.4597,103387.72
2019-12-20,1.4597,1.46154,1.45592,1.45595,88411.39
2019-12-22,1.45673,1.45686,1.45549,1.45643,4928.75
2019-12-23,1.45641,1.46115,1.45623,1.45807,95788.07
2019-12-24,1.45807,1.45956,1.45695,1.45848,83521.09
2019-12-25,1.45846,1.45986,1.45619,1.45932,4053.13
2019-12-26,1.45927,1.45939,1.45415,1.45533,48234.25
2019-12-27,1.45532,1.46239,1.45514,1.46183,76444.3
2019-12-29,1.46018,1.46171,1.45952,1.46152,5580.17
2019-12-30,1.46152,1.46516,1.46071,1.46297,156799.91
2019-12-31,1.46295,1.46363,1.45442,1.45571,78061.34
2020-01-01,1.45551,1.45621,1.4549,1.45563,4365.53
2020-01-02,1.45563,1.4568,1.44956,1.45036,172050.53
2020-01-03,1.45036,1.45213,1.44496,1.45016,120609.14
2020-01-05,1.45014,1.45038,1.44901,1.44958,5369.95
2020-01-06,1.44956,1.45377,1.44782,1.45133,102884.67
2020-01-07,1.45128,1.45264,1.44874,1.45007,114978.63
2020-01-08,1.45005,1.45192,1.44621,1.44865,151845.79
2020-01-09,1.44865,1.45457,1.44785,1.45116,113802.86
2020-01-10,1.45113,1.45276,1.44596,1.45092,123175.62
2020-01-12,1.45049,1.45248,1.45049,1.45248,2736.98
2020-01-13,1.45248,1.45474,1.44962,1.45372,89566.51
2020-01-14,1.45371,1.45658,1.45164,1.45404,103481.86
2020-01-15,1.45404,1.45812,1.45285,1.45425,96787.1
2020-01-16,1.45425,1.45647,1.45124,1.45234,104106.84
2020-01-17,1.45234,1.4537,1.44773,1.44903,93877.49
2020-01-19,1.44842,1.44941,1.44818,1.44941,5790.63
2020-01-20,1.44941,1.45016,1.4457,1.44751,64451.29
2020-01-21,1.4475,1.45235,1.44718,1.4492,96112.08
2020-01-22,1.4492,1.45832,1.44553,1.45818,104232.24
2020-01-23,1.45816,1.46139,1.45075,1.45128,118573.63
2020-01-24,1.45126,1.45176,1.44768,1.44834,99862.65
2020-01-26,1.45095,1.4516,1.44955,1.45094,10637.28
2020-01-27,1.45094,1.45517,1.4506,1.45325,104149.71
2020-01-28,1.45325,1.45518,1.44912,1.45091,97060.41
2020-01-29,1.45088,1.45408,1.44796,1.45358,90554.49
2020-01-30,1.45358,1.45957,1.45341,1.45707,111721.73
2020-01-31,1.45706,1.46847,1.45541,1.46839,118479.45
2020-02-02,1.46861,1.46884,1.46673,1.46831,5644.53
2020-02-03,1.46831,1.47195,1.46094,1.47075,115307.74
2020-02-04,1.47075,1.47125,1.46367,1.46701,98034.13
2020-02-05,1.46701,1.46862,1.46052,1.46147,106450.69
2020-02-06,1.46146,1.46259,1.45766,1.45897,92795.38
2020-02-07,1.45897,1.46135,1.45533,1.45605,105403.53
2020-02-09,1.45569,1.45749,1.4554,1.45749,4439.74
2020-02-10,1.45749,1.45838,1.45264,1.45294,88270.99
2020-02-11,1.45296,1.4531,1.44915,1.45115,85266.87
2020-02-12,1.45111,1.45132,1.43982,1.44165,83765.07
2020-02-13,1.44164,1.44356,1.43542,1.43816,95991.02
2020-02-14,1.43817,1.43941,1.43491,1.43511,73758.22
2020-02-16,1.43613,1.43652,1.4352,1.43586,4708.37
2020-02-17,1.43586,1.43622,1.4326,1.43445,55049.56
2020-02-18,1.43445,1.43705,1.42999,1.43071,93702.16
2020-02-19,1.4307,1.43181,1.42632,1.42921,82734.36
2020-02-20,1.42919,1.43401,1.42669,1.43052,115605.09
2020-02-21,1.43052,1.43759,1.4292,1.43369,101701.35
2020-02-23,1.43289,1.43724,1.43274,1.43642,8621.85
2020-02-24,1.43642,1.44356,1.43442,1.44144,127384.96
2020-02-25,1.4415,1.44744,1.43807,1.4448,135101.48
2020-02-26,1.44478,1.45279,1.4407,1.45263,149156.63
2020-02-27,1.45259,1.47373,1.45231,1.47214,193533.85
2020-02-28,1.47214,1.48687,1.47179,1.4773,229508.0
2020-03-01,1.48377,1.48587,1.48141,1.4815,10371.85
2020-03-02,1.48147,1.4924,1.47266,1.48488,248882.23
2020-03-03,1.48489,1.49776,1.48124,1.49505,243104.06
2020-03-04,1.49507,1.49541,1.47929,1.4909,172429.81
2020-03-05,1.4909,1.50743,1.49032,1.50288,181098.26
2020-03-06,1.50288,1.52457,1.50153,1.51407,259994.35
2020-03-08,1.5371,1.55236,1.53538,1.55141,27337.34
2020-03-09,1.55139,1.58149,1.54249,1.55719,417773.51
2020-03-10,1.55719,1.57018,1.54376,1.55354,357112.02
2020-03-11,1.55354,1.56058,1.54446,1.55093,291599.74
2020-03-12,1.55093,1.56566,1.52879,1.55926,409141.62
2020-03-13,1.55927,1.56332,1.53124,1.5323,439654.52
2020-03-15,1.53786,1.54904,1.53468,1.53809,36826.65
2020-03-16,1.53809,1.56733,1.53246,1.56414,483554.26
2020-03-17,1.56417,1.56922,1.54467,1.56879,414363.74
2020-03-18,1.5688,1.58873,1.56104,1.58467,464234.56
2020-03-19,1.58466,1.59911,1.5419,1.54477,462045.53
2020-03-20,1.54477,1.54867,1.52153,1.53649,473154.48
2020-03-22,1.53637,1.54657,1.53482,1.54585,24577.23
2020-03-23,1.5459,1.5686,1.53969,1.55843,477891.86
2020-03-24,1.55837,1.57921,1.55462,1.5592,387650.3
2020-03-25,1.5592,1.56083,1.54131,1.54848,366835.64
2020-03-26,1.54849,1.5585,1.54078,1.55115,327703.42
2020-03-27,1.55115,1.56032,1.54419,1.55679,341094.74
2020-03-29,1.5579,1.56499,1.55722,1.56432,16809.4
2020-03-30,1.56435,1.56615,1.55318,1.56382,263379.63
2020-03-31,1.56382,1.57112,1.54428,1.55209,321252.85
2020-04-01,1.55207,1.56171,1.54417,1.54975,266865.71
2020-04-02,1.54975,1.5535,1.53132,1.53242,298887.73
2020-04-03,1.53245,1.53731,1.52147,1.53351,238016.49
2020-04-05,1.53764,1.54201,1.53738,1.54007,13769.7
2020-04-06,1.54002,1.5406,1.52135,1.52388,232358.37
2020-04-07,1.52388,1.52964,1.51991,1.52661,253234.46
2020-04-08,1.52662,1.52956,1.52024,1.52055,207221.26
2020-04-09,1.52052,1.53357,1.52043,1.52781,239145.21
2020-04-10,1.52773,1.53063,1.52451,1.52546,104636.08
2020-04-12,1.52451,1.53061,1.52288,1.52692,13396.9
2020-04-13,1.52693,1.5283,1.51208,1.51488,155278.16
2020-04-14,1.51489,1.52888,1.51487,1.52451,173042.21
2020-04-15,1.52448,1.54121,1.52427,1.53932,198973.51
2020-04-16,1.53932,1.53936,1.52154,1.52429,225564.52
2020-04-17,1.52427,1.5299,1.52175,1.52189,199322.88
2020-04-19,1.52278,1.52706,1.52265,1.52649,10297.95
2020-04-20,1.52649,1.53756,1.52525,1.53501,179644.4
2020-04-21,1.535,1.54552,1.53236,1.5406,260620.4
2020-04-22,1.54064,1.5444,1.52981,1.53273,200328.99
2020-04-23,1.5327,1.53477,1.51407,1.51544,216326.55
2020-04-24,1.51545,1.52677,1.51143,1.52549,171701.8
2020-04-26,1.52419,1.52715,1.52418,1.52672,6913.25
2020-04-27,1.52673,1.52734,1.51674,1.51937,161917.4
2020-04-28,1.51935,1.52276,1.5135,1.51466,154499.5
2020-04-29,1.51469,1.51618,1.50874,1.50922,152575.84
2020-04-30,1.5092,1.5288,1.50525,1.52701,189728.03
2020-05-01,1.527,1.55326,1.52628,1.54659,136370.62
2020-05-03,1.54469,1.54934,1.54417,1.54928,10213.41
2020-05-04,1.54928,1.54941,1.53413,1.5356,147883.3
2020-05-05,1.5356,1.53571,1.51918,1.52171,151039.24
2020-05-06,1.52171,1.53054,1.51658,1.52938,254406.92
2020-05-07,1.52937,1.52937,1.5077,1.51416,159848.94
2020-05-08,1.51409,1.51501,1.50874,1.50886,111448.26
2020-05-10,1.50848,1.51056,1.50812,1.5093,7520.92
2020-05-11,1.50931,1.51854,1.50666,1.51548,140798.41
2020-05-12,1.51547,1.52741,1.51359,1.52733,161666.46
2020-05-13,1.52733,1.52798,1.5207,1.52473,186563.13
2020-05-14,1.52472,1.52622,1.51543,1.51646,185988.76
2020-05-15,1.51646,1.52731,1.51549,1.52583,154741.06
2020-05-17,1.52325,1.52722,1.52245,1.52465,7027.2
2020-05-18,1.52464,1.52587,1.51841,1.52133,144277.71
2020-05-19,1.52133,1.52774,1.51654,1.52286,155173.69
2020-05-20,1.52284,1.52819,1.52097,1.52675,142007.3
2020-05-21,1.52675,1.53169,1.52419,1.52699,142412.14
2020-05-22,1.52697,1.53224,1.52424,1.52615,133310.07
2020-05-24,1.52415,1.52578,1.52414,1.52554,6134.22
2020-05-25,1.52554,1.52645,1.52141,1.52305,104132.46
2020-05-26,1.52305,1.5236,1.51171,1.51328,147578.89
2020-05-27,1.51326,1.51994,1.50544,1.51528,191155.89
2020-05-28,1.51529,1.52722,1.51373,1.52606,190712.6
2020-05-29,1.52606,1.53851,1.52549,1.52863,207994.96
2020-05-31,1.53117,1.5325,1.5284,1.53153,9785.79
2020-06-01,1.53154,1.5316,1.5094,1.51107,178633.78
2020-06-02,1.51107,1.51364,1.50541,1.51107,193287.0
2020-06-03,1.51107,1.52,1.50941,1.51602,209770.25
2020-06-04,1.51605,1.53352,1.51125,1.53057,221368.09
2020-06-05,1.53057,1.53455,1.51485,1.51526,222704.28
2020-06-07,1.51435,1.51694,1.51419,1.51598,7424.47
2020-06-08,1.51598,1.51714,1.5092,1.51139,164491.36
2020-06-09,1.51138,1.5264,1.51031,1.5211,188605.16
2020-06-10,1.5211,1.52712,1.51741,1.52619,222406.37
2020-06-11,1.52621,1.54484,1.52603,1.53943,290669.61
2020-06-12,1.53941,1.5419,1.52713,1.52923,289076.86
2020-06-14,1.52757,1.53459,1.52757,1.53418,17834.88
2020-06-15,1.53419,1.53931,1.5325,1.53398,290638.33
2020-06-16,1.53401,1.53941,1.5218,1.52483,259632.08
2020-06-17,1.52486,1.52788,1.51933,1.52637,218178.69
2020-06-18,1.52636,1.52828,1.52087,1.52343,209830.13
2020-06-19,1.52343,1.52547,1.51511,1.5206,180154.6
2020-06-21,1.52266,1.52326,1.52124,1.5221,9358.8
2020-06-22,1.52209,1.5255,1.51951,1.52289,156330.67
2020-06-23,1.52288,1.5328,1.52227,1.5318,196622.01
2020-06-24,1.5318,1.53532,1.52809,1.53506,196498.98
2020-06-25,1.53506,1.53513,1.52672,1.52988,198729.38
2020-06-26,1.52988,1.53714,1.52936,1.53485,141743.71
2020-06-28,1.53366,1.53673,1.53366,1.53506,7244.36
2020-06-29,1.53512,1.54255,1.53373,1.53584,186454.4
2020-06-30,1.53584,1.53658,1.52409,1.52487,159651.25
2020-07-01,1.52489,1.53082,1.51977,1.52927,133867.79
2020-07-02,1.52931,1.53547,1.52356,1.52494,145598.22
2020-07-03,1.52494,1.52689,1.52127,1.52266,122825.61
2020-07-05,1.52464,1.52468,1.52272,1.5238,4121.74
2020-07-06,1.5238,1.53615,1.52377,1.53155,126067.28
2020-07-07,1.53155,1.5355,1.52869,1.53378,132844.67
2020-07-08,1.53381,1.53691,1.52943,1.53245,137062.96
2020-07-09,1.53246,1.53506,1.52834,1.53301,159873.59
2020-07-10,1.53301,1.53984,1.53174,1.53582,135852.68
2020-07-12,1.53568,1.53805,1.53549,1.53779,6426.21
2020-07-13,1.53779,1.54466,1.53399,1.54407,169346.34
2020-07-14,1.54409,1.5538,1.5437,1.55162,198034.82
2020-07-15,1.55162,1.55439,1.54027,1.54206,196497.56
2020-07-16,1.54205,1.54793,1.5393,1.54575,188642.76
2020-07-17,1.54573,1.55343,1.54456,1.55166,134429.92
2020-07-19,1.54937,1.55362,1.54937,1.55313,7371.01
2020-07-20,1.55314,1.55744,1.54658,1.5494,135395.49
2020-07-21,1.5494,1.55202,1.53762,1.55104,158634.95
2020-07-22,1.5511,1.55882,1.54974,1.55177,176159.53
2020-07-23,1.55177,1.55554,1.54765,1.55411,190041.37
2020-07-24,1.55414,1.56429,1.5537,1.56342,170021.67
2020-07-26,1.56279,1.56447,1.56188,1.56333,10641.97
2020-07-27,1.56333,1.57739,1.56327,1.56975,221219.07
2020-07-28,1.56972,1.57192,1.56597,1.56791,171108.55
2020-07-29,1.56798,1.57565,1.56627,1.57186,168994.23
2020-07-30,1.57183,1.59323,1.57052,1.5925,242806.43
2020-07-31,1.5925,1.59782,1.57707,1.57928,267884.67
2020-08-02,1.57737,1.58039,1.57737,1.5787,11268.05
2020-08-03,1.5787,1.58095,1.57073,1.57526,168302.37
2020-08-04,1.57526,1.57846,1.56974,1.57079,179336.12
2020-08-05,1.5708,1.57823,1.56829,1.57494,161352.05
2020-08-06,1.57493,1.58215,1.57176,1.58156,209100.46
2020-08-07,1.58155,1.58247,1.5732,1.57734,316873.23
2020-08-09,1.57871,1.57881,1.57489,1.57719,6566.25
2020-08-10,1.57717,1.57799,1.56675,1.56714,155430.17
2020-08-11,1.56714,1.56882,1.55987,1.56201,207837.45
2020-08-12,1.56201,1.56552,1.55846,1.5618,199282.24
2020-08-13,1.56182,1.56735,1.56008,1.56214,174521.65
2020-08-14,1.56214,1.57111,1.56035,1.57051,151413.24
2020-08-16,1.56756,1.5708,1.56626,1.5708,4470.45
2020-08-17,1.57079,1.57218,1.5653,1.57,126941.02
2020-08-18,1.57002,1.57541,1.56536,1.57188,165989.66
2020-08-19,1.57187,1.57245,1.56217,1.56467,169394.52
2020-08-20,1.56469,1.56785,1.56128,1.56368,182829.07
2020-08-21,1.56369,1.56432,1.55234,1.55392,173159.51
2020-08-23,1.55329,1.55539,1.55309,1.55494,5929.58
2020-08-24,1.55494,1.56173,1.55238,1.55881,125934.95
2020-08-25,1.55882,1.56466,1.55747,1.55799,143636.01
2020-08-26,1.55798,1.55914,1.55233,1.55582,132292.18
2020-08-27,1.55587,1.55989,1.5469,1.55119,217882.99
2020-08-28,1.55119,1.56056,1.55077,1.55891,209758.6
2020-08-30,1.5582,1.55919,1.55741,1.55899,8966.66
2020-08-31,1.55901,1.56036,1.55384,1.55636,150785.61
2020-09-01,1.55633,1.56479,1.55517,1.55642,189216.29
2020-09-02,1.55637,1.5566,1.54475,1.54549,166879.52
2020-09-03,1.5455,1.55776,1.54289,1.55564,192248.89
2020-09-04,1.55566,1.55603,1.54554,1.54609,192326.88
2020-09-06,1.54515,1.54861,1.54416,1.54739,7086.31
2020-09-07,1.5474,1.55235,1.54575,1.54773,105115.1
2020-09-08,1.54773,1.55946,1.54636,1.55788,186178.1
2020-09-09,1.5579,1.5614,1.55108,1.5525,155697.69
2020-09-10,1.55247,1.56586,1.55231,1.55938,197915.03
2020-09-11,1.55937,1.56363,1.55751,1.56073,132531.54
2020-09-13,1.55964,1.56204,1.55963,1.56066,4958.12
2020-09-14,1.56064,1.56561,1.55841,1.56367,109692.67
2020-09-15,1.56367,1.56496,1.55944,1.56243,127245.43
2020-09-16,1.56244,1.56442,1.55271,1.55582,220311.5
2020-09-17,1.55582,1.56251,1.55346,1.55782,188402.27
2020-09-18,1.55784,1.5656,1.55771,1.56282,137061.03
2020-09-20,1.56246,1.56456,1.56129,1.56335,6977.81
2020-09-21,1.56339,1.5674,1.55774,1.56464,182958.35
2020-09-22,1.56463,1.56625,1.5566,1.5566,183593.76
2020-09-23,1.5566,1.56175,1.55393,1.56053,186704.88
2020-09-24,1.56052,1.56367,1.55583,1.55841,195240.71
2020-09-25,1.55841,1.55993,1.55513,1.5563,166930.05
2020-09-27,1.55515,1.55683,1.55506,1.55673,7093.79
2020-09-28,1.55672,1.56281,1.55572,1.55969,171321.56
2020-09-29,1.5597,1.57387,1.5597,1.57142,196552.5
2020-09-30,1.57141,1.57386,1.5592,1.5601,210135.06
2020-10-01,1.5601,1.56394,1.55787,1.56028,191654.56
2020-10-02,1.56029,1.56248,1.55742,1.55815,201516.2
2020-10-04,1.5572,1.55811,1.55657,1.55785,8765.49
2020-10-05,1.55785,1.56484,1.55609,1.56297,128398.7
2020-10-06,1.56296,1.5656,1.5599,1.56349,169432.05
2020-10-07,1.56348,1.56598,1.5585,1.55998,147537.16
2020-10-08,1.55997,1.5607,1.55099,1.55223,132564.9
2020-10-09,1.55226,1.55522,1.55024,1.55084,116847.11
2020-10-11,1.55064,1.55209,1.54977,1.55155,6620.87
2020-10-12,1.55156,1.55232,1.54742,1.5489,99862.28
2020-10-13,1.54889,1.55031,1.54038,1.54294,129791.31
2020-10-14,1.54294,1.54674,1.53891,1.54451,136881.9
2020-10-15,1.54454,1.55063,1.54355,1.54851,156708.95
2020-10-16,1.54856,1.55095,1.54394,1.54487,126123.62
2020-10-18,1.54553,1.54661,1.54378,1.54413,5959.46
2020-10-19,1.54412,1.55283,1.54255,1.5522,121424.75
2020-10-20,1.55218,1.55843,1.55052,1.55185,122749.3
2020-10-21,1.55181,1.55955,1.55052,1.559,141693.08
2020-10-22,1.559,1.5604,1.55137,1.55196,144923.8
2020-10-23,1.55197,1.55897,1.55,1.55571,125724.58
2020-10-25,1.55607,1.5586,1.55587,1.55769,8005.67
2020-10-26,1.55766,1.56297,1.55573,1.55948,130145.8
2020-10-27,1.55945,1.56005,1.55292,1.55418,120142.31
2020-10-28,1.55416,1.56559,1.55222,1.56373,165024.81
2020-10-29,1.56373,1.56692,1.55375,1.55496,191878.4
2020-10-30,1.55495,1.55876,1.55005,1.55088,170649.98
2020-11-01,1.55092,1.55644,1.55014,1.55629,6634.36
2020-11-02,1.55629,1.55646,1.53635,1.53887,136490.88
2020-11-03,1.53886,1.54293,1.53614,1.54102,133470.32
2020-11-04,1.54101,1.54884,1.53543,1.53994,291017.75
2020-11-05,1.53997,1.55065,1.53943,1.54598,211544.01
2020-11-06,1.54599,1.55266,1.54294,1.54991,176615.99
2020-11-08,1.55059,1.55162,1.54828,1.54868,7835.79
2020-11-09,1.54865,1.54878,1.53124,1.538,233666.7
2020-11-10,1.538,1.54133,1.53356,1.54006,185909.41
2020-11-11,1.54004,1.54148,1.53311,1.53811,130706.04
2020-11-12,1.53811,1.55203,1.53798,1.55069,153583.28
2020-11-13,1.55071,1.55761,1.5506,1.5541,109428.09
2020-11-15,1.55503,1.55514,1.55325,1.55448,5361.66
2020-11-16,1.55447,1.55457,1.54633,1.5506,132037.56
2020-11-17,1.55061,1.55841,1.54963,1.55474,114389.84
2020-11-18,1.55473,1.55547,1.5466,1.55033,124514.33
2020-11-19,1.55035,1.55298,1.54763,1.55282,131825.35
2020-11-20,1.5528,1.55376,1.54741,1.55188,100903.29
2020-11-22,1.55102,1.55262,1.55102,1.55251,3266.47
2020-11-23,1.55255,1.55471,1.54633,1.54828,124223.38
2020-11-24,1.54829,1.55208,1.54489,1.54614,129477.22
2020-11-25,1.54616,1.5508,1.54561,1.54932,131008.34
2020-11-26,1.54933,1.55185,1.54651,1.55083,89511.28
2020-11-27,1.55086,1.55437,1.5481,1.55361,96886.38
2020-11-29,1.55468,1.55498,1.55294,1.55433,3486.3
2020-11-30,1.55433,1.55535,1.54735,1.55078,157906.06
2020-12-01,1.55076,1.56229,1.54962,1.56112,146933.76
2020-12-02,1.56113,1.5661,1.55746,1.56474,155732.27
2020-12-03,1.56477,1.57107,1.56,1.56277,150678.47
2020-12-04,1.56279,1.56615,1.5479,1.54873,140611.89
2020-12-06,1.55028,1.55095,1.5484,1.54912,4716.95
2020-12-07,1.54911,1.55649,1.54882,1.55037,142712.44
2020-12-08,1.5504,1.55374,1.54829,1.55192,134102.25
2020-12-09,1.5519,1.55401,1.54423,1.5493,135889.14
2020-12-10,1.54926,1.54981,1.54026,1.54718,166064.86
2020-12-11,1.54719,1.54963,1.54452,1.54597,141536.92
2020-12-13,1.54712,1.54932,1.54667,1.54707,3724.74
2020-12-14,1.54706,1.55359,1.54606,1.55023,129017.47
2020-12-15,1.55022,1.55185,1.54219,1.54346,122027.92
2020-12-16,1.54344,1.55665,1.54308,1.55462,142123.58
2020-12-17,1.55463,1.56237,1.55282,1.56109,128552.5
2020-12-18,1.5611,1.56713,1.56009,1.56632,126796.55
2020-12-20,1.56417,1.56556,1.56321,1.56434,5690.9
2020-12-21,1.56433,1.57433,1.56362,1.57243,202351.04
2020-12-22,1.5724,1.57848,1.56843,1.5711,159808.84
2020-12-23,1.57115,1.57194,1.56425,1.56605,169435.8
2020-12-24,1.56608,1.56917,1.56086,1.56639,91163.11
2020-12-25,1.56631,1.56942,1.56347,1.56688,4288.45
2020-12-27,1.56428,1.56725,1.56417,1.56702,5585.91
2020-12-28,1.56702,1.5731,1.56566,1.56931,119233.31
2020-12-29,1.56928,1.5716,1.56592,1.57065,128757.12
2020-12-30,1.57067,1.57375,1.56616,1.5682,162580.8
2020-12-31,1.56819,1.56873,1.55366,1.55384,113892.03
2021-01-03,1.55626,1.55914,1.55506,1.55855,7131.5
2021-01-04,1.55853,1.56797,1.55519,1.56598,183715.33
2021-01-05,1.56599,1.56663,1.55648,1.55892,171338.53
2021-01-06,1.55894,1.56581,1.55716,1.56256,255844.98
2021-01-07,1.56263,1.56385,1.5543,1.55631,176070.34
2021-01-08,1.55631,1.55805,1.55006,1.55031,181223.53
2021-01-10,1.55165,1.55234,1.54946,1.55101,7112.71
2021-01-11,1.55099,1.55906,1.55012,1.55328,153608.94
2021-01-12,1.55328,1.55362,1.54837,1.55136,147123.0
2021-01-13,1.55135,1.55364,1.54174,1.5442,135475.16
2021-01-14,1.5442,1.54445,1.53346,1.53667,150888.01
2021-01-15,1.53666,1.54327,1.5362,1.53724,130993.15
2021-01-17,1.53831,1.54102,1.53695,1.54101,7374.9
2021-01-18,1.54102,1.54494,1.53889,1.53978,126752.9
2021-01-19,1.53977,1.54784,1.53842,1.54428,115159.98
2021-01-20,1.54427,1.54525,1.52679,1.52982,127224.2
2021-01-21,1.52982,1.53878,1.52842,1.53878,130408.7
2021-01-22,1.53879,1.55013,1.5384,1.54908,122747.43
2021-01-24,1.54726,1.54952,1.54613,1.54838,4257.13
2021-01-25,1.5483,1.54883,1.54294,1.54669,139419.49
2021-01-26,1.5467,1.54968,1.54298,1.5438,122426.44
2021-01-27,1.54378,1.55188,1.54179,1.55131,191814.24
2021-01-28,1.55131,1.55933,1.5497,1.55514,199400.44
2021-01-29,1.55514,1.55812,1.54716,1.54954,212312.49
2021-01-31,1.551,1.55394,1.55032,1.55176,10268.05
2021-02-01,1.55175,1.55194,1.54551,1.55057,171747.78
2021-02-02,1.55057,1.55132,1.53874,1.53905,153422.42
2021-02-03,1.53908,1.54013,1.5349,1.53939,127574.49
2021-02-04,1.53937,1.53964,1.53194,1.53464,130981.06
2021-02-05,1.53462,1.53862,1.53126,1.53683,118100.38
2021-02-07,1.53563,1.53765,1.53555,1.53738,7258.74
2021-02-08,1.53737,1.53857,1.53409,1.53529,110029.44
2021-02-09,1.53532,1.54373,1.53498,1.5385,123155.62
2021-02-10,1.53849,1.54129,1.53744,1.53869,124951.07
2021-02-11,1.5387,1.54139,1.53683,1.54053,105862.09
2021-02-12,1.54055,1.54418,1.5374,1.53795,88605.42
2021-02-14,1.53761,1.53837,1.53715,1.5379,5008.43
2021-02-15,1.5379,1.53841,1.53192,1.53292,70835.7
2021-02-16,1.5329,1.53785,1.53127,1.5366,125714.26
2021-02-17,1.53661,1.5371,1.52809,1.52971,133185.59
2021-02-18,1.5297,1.53674,1.52852,1.53334,111789.52
2021-02-19,1.53333,1.53784,1.52798,1.52803,106284.77
2021-02-21,1.52788,1.52924,1.52751,1.52778,4727.03
2021-02-22,1.52778,1.53507,1.52623,1.53397,122121.71
2021-02-23,1.53398,1.53496,1.52807,1.53029,122377.6
2021-02-24,1.53029,1.53045,1.521,1.52266,147978.32
2021-02-25,1.52265,1.53582,1.52136,1.53353,208817.46
2021-02-26,1.53351,1.53876,1.52904,1.53707,233534.95
2021-02-28,1.5364,1.53807,1.5342,1.53512,8924.55
2021-03-01,1.53515,1.53593,1.52255,1.52299,147910.36
2021-03-02,1.52305,1.52826,1.52004,1.52702,166108.93
2021-03-03,1.52701,1.52742,1.52214,1.52683,159856.14
2021-03-04,1.52681,1.52704,1.51404,1.51733,217522.36
2021-03-05,1.51734,1.51785,1.50627,1.50736,213197.06
2021-03-07,1.5078,1.50811,1.50567,1.50647,7845.95
2021-03-08,1.50645,1.50778,1.4992,1.50009,174181.99
2021-03-09,1.50011,1.50527,1.49857,1.50445,155596.31
2021-03-10,1.50446,1.50687,1.50235,1.50495,149809.42
2021-03-11,1.50496,1.5066,1.50073,1.50193,136104.22
2021-03-12,1.50193,1.50197,1.48934,1.49048,130028.71
2021-03-14,1.4902,1.49151,1.48993,1.49006,5105.21
2021-03-15,1.49005,1.49148,1.48427,1.4881,114887.07
2021-03-16,1.4881,1.49029,1.47969,1.48094,109607.65
2021-03-17,1.48091,1.48927,1.4809,1.4844,132744.03
2021-03-18,1.48438,1.49163,1.48061,1.48892,159944.35
2021-03-19,1.48894,1.49059,1.48398,1.48751,123054.53
2021-03-21,1.48607,1.48893,1.48607,1.48825,5046.95
2021-03-22,1.48829,1.49547,1.48503,1.49403,100292.34
2021-03-23,1.49404,1.49741,1.48555,1.49043,117385.1
2021-03-24,1.49045,1.49261,1.48385,1.48588,110681.31
2021-03-25,1.48586,1.48979,1.48216,1.48425,126944.22
2021-03-26,1.48425,1.48599,1.48015,1.48242,92585.95
2021-03-28,1.48212,1.48347,1.48211,1.48346,3519.3
2021-03-29,1.48345,1.48702,1.48052,1.48163,95617.98
2021-03-30,1.48163,1.48294,1.47701,1.47953,96477.16
2021-03-31,1.47953,1.47993,1.47251,1.4734,116645.51
2021-04-01,1.47337,1.47972,1.47291,1.47763,97356.94
2021-04-02,1.47765,1.48039,1.47506,1.47834,43903.37
2021-04-04,1.47792,1.48011,1.47753,1.47849,4718.88
2021-04-05,1.47848,1.48122,1.47418,1.47947,61259.03
2021-04-06,1.47948,1.49346,1.47903,1.49273,90514.63
2021-04-07,1.49273,1.50332,1.49242,1.49744,104520.65
2021-04-08,1.49745,1.49954,1.49442,1.49693,101455.38
2021-04-09,1.49692,1.49983,1.4894,1.49027,100177.4
2021-04-11,1.49139,1.49174,1.48925,1.49094,4591.21
2021-04-12,1.49092,1.4971,1.49092,1.49639,97848.58
2021-04-13,1.49637,1.50291,1.49506,1.49859,109860.06
2021-04-14,1.49862,1.5046,1.49755,1.49992,101304.8
2021-04-15,1.49991,1.50249,1.4946,1.50154,108599.67
2021-04-16,1.50154,1.50192,1.4964,1.4985,86926.69
2021-04-18,1.497,1.49837,1.497,1.4983,3678.3
2021-04-19,1.49829,1.50957,1.49509,1.50809,119234.8
2021-04-20,1.50809,1.51846,1.50565,1.51751,127017.8
2021-04-21,1.51751,1.51924,1.49901,1.50514,105404.75
2021-04-22,1.50514,1.50871,1.49818,1.50209,125532.79
2021-04-23,1.5021,1.51016,1.49945,1.5087,94710.3
2021-04-25,1.50837,1.50992,1.50837,1.50984,3424.51
2021-04-26,1.50989,1.50998,1.49581,1.49731,101443.3
2021-04-27,1.49732,1.49996,1.49639,1.49985,89824.75
2021-04-28,1.49983,1.49995,1.49028,1.4929,109382.64
2021-04-29,1.49295,1.49381,1.48802,1.48838,108468.23
2021-04-30,1.4884,1.48889,1.4758,1.47655,105380.83
2021-05-02,1.47771,1.47864,1.47689,1.4769,2073.34
2021-05-03,1.47689,1.48402,1.47625,1.48084,84323.39
2021-05-04,1.4808,1.48378,1.47759,1.47791,110197.22
2021-05-05,1.4779,1.47808,1.47041,1.47313,92626.25
2021-05-06,1.47314,1.47681,1.4647,1.46659,112365.21
2021-05-07,1.46652,1.47866,1.4657,1.47471,118816.49
2021-05-09,1.47366,1.47616,1.47333,1.47461,4528.31
2021-05-10,1.47463,1.47506,1.46704,1.46824,112151.69
2021-05-11,1.46823,1.47472,1.46775,1.4691,136542.57
2021-05-12,1.46909,1.47016,1.45817,1.46384,161693.95
2021-05-13,1.46385,1.47205,1.46294,1.46975,154513.35
2021-05-14,1.46977,1.47294,1.46689,1.46951,116395.95
2021-05-16,1.4701,1.47189,1.4689,1.47161,3017.17
2021-05-17,1.47161,1.47416,1.46546,1.46621,114307.95
2021-05-18,1.4662,1.47555,1.46424,1.47553,113249.92
2021-05-19,1.47549,1.48167,1.47217,1.47643,161401.75
2021-05-20,1.47644,1.48001,1.47277,1.47468,128545.91
2021-05-21,1.47465,1.47851,1.46689,1.46919,116707.15
2021-05-23,1.46937,1.47078,1.46707,1.47016,4725.79
2021-05-24,1.47025,1.47586,1.46952,1.47176,105076.9
2021-05-25,1.47176,1.47848,1.47174,1.47771,129851.98
2021-05-26,1.47771,1.48203,1.47533,1.47885,118717.23
2021-05-27,1.47885,1.47885,1.47055,1.47174,132162.16
2021-05-28,1.47175,1.47504,1.46791,1.47165,112381.3
2021-05-30,1.47178,1.47275,1.47065,1.47224,2795.2
2021-05-31,1.47222,1.47775,1.46992,1.47531,87771.18
2021-06-01,1.47527,1.4758,1.46975,1.47472,110005.46
2021-06-02,1.47473,1.47536,1.46837,1.47003,102504.25
2021-06-03,1.47004,1.47195,1.46742,1.46884,116904.22
2021-06-04,1.46886,1.47253,1.46658,1.46902,109025.94
2021-06-06,1.46789,1.4694,1.46765,1.46918,2459.22
2021-06-07,1.46917,1.47356,1.46771,1.47339,82820.55
2021-06-08,1.47338,1.47567,1.47004,1.47442,96021.15
2021-06-09,1.47442,1.47544,1.47231,1.47532,90692.77
2021-06-10,1.47533,1.47597,1.47083,1.47238,150638.2
2021-06-11,1.47237,1.47389,1.46766,1.47106,114950.01
2021-06-13,1.47128,1.47288,1.47089,1.4725,3842.2
2021-06-14,1.4725,1.47483,1.46986,1.47189,106047.08
2021-06-15,1.47188,1.47922,1.47077,1.4774,123632.69
2021-06-16,1.47738,1.47829,1.47048,1.47273,168697.55
2021-06-17,1.47275,1.47343,1.46791,1.47066,211689.68
2021-06-18,1.47066,1.47946,1.4697,1.47861,193619.06
2021-06-20,1.47732,1.47883,1.47696,1.47787,5604.75
2021-06-21,1.47786,1.48243,1.47168,1.47343,178116.21
2021-06-22,1.47343,1.47575,1.46834,1.46945,149400.52
2021-06-23,1.46945,1.47019,1.46549,1.46789,134153.43
2021-06-24,1.4679,1.4719,1.46632,1.46974,135440.43
2021-06-25,1.46973,1.47141,1.46707,1.46719,114224.84
2021-06-27,1.46662,1.46868,1.46619,1.46768,3776.26
2021-06-28,1.46769,1.47258,1.4666,1.47134,121549.99
2021-06-29,1.47134,1.47571,1.46923,1.47524,134381.98
2021-06-30,1.47525,1.47713,1.46639,1.46934,144328.87
2021-07-01,1.46932,1.47409,1.46817,1.47362,147173.67
2021-07-02,1.47361,1.47369,1.46129,1.46198,140352.23
2021-07-04,1.46082,1.46259,1.46054,1.46187,4673.99
2021-07-05,1.46189,1.4671,1.46189,1.46389,89625.96
2021-07-06,1.46387,1.47713,1.46163,1.47279,159640.07
2021-07-07,1.47277,1.47653,1.46766,1.47196,161393.16
2021-07-08,1.47195,1.49143,1.47164,1.48441,265839.89
2021-07-09,1.48442,1.48631,1.47715,1.47738,163719.72
2021-07-11,1.47742,1.4789,1.47691,1.47789,4906.23
2021-07-12,1.4779,1.48317,1.47626,1.47761,135818.57
2021-07-13,1.47761,1.48167,1.47226,1.47437,147320.66
2021-07-14,1.47437,1.48144,1.46944,1.48099,161745.86
2021-07-15,1.481,1.48931,1.47883,1.48721,149538.79
2021-07-16,1.48722,1.48981,1.48409,1.48823,118915.68
2021-07-18,1.48804,1.49073,1.48759,1.49039,3990.84
2021-07-19,1.4904,1.50994,1.49016,1.5034,180272.03
2021-07-20,1.5034,1.50604,1.49265,1.4933,164779.9
2021-07-21,1.49329,1.49741,1.47751,1.48239,134251.82
2021-07-22,1.48238,1.48815,1.47642,1.47905,147929.63
2021-07-23,1.47905,1.4825,1.47769,1.47796,102018.9
2021-07-25,1.47794,1.48006,1.47705,1.47962,2444.03
2021-07-26,1.47966,1.48341,1.4795,1.48062,125411.71
2021-07-27,1.48062,1.4897,1.48019,1.48825,137511.64
2021-07-28,1.48826,1.48878,1.48226,1.48304,152918.7
2021-07-29,1.48303,1.48389,1.47784,1.48024,129901.64
2021-07-30,1.48018,1.48196,1.47598,1.47943,129011.99
2021-08-01,1.47967,1.48066,1.47907,1.47933,3327.26
2021-08-02,1.47934,1.48555,1.47932,1.48434,121108.02
2021-08-03,1.48434,1.49246,1.48286,1.48758,123623.1
2021-08-04,1.48756,1.49248,1.48341,1.48488,115316.0
2021-08-05,1.48488,1.48495,1.47666,1.47928,119982.29
2021-08-06,1.47931,1.47969,1.47521,1.47582,108537.69
2021-08-08,1.47506,1.4779,1.47503,1.47692,9078.01
2021-08-09,1.47692,1.47837,1.47404,1.47579,113487.96
2021-08-10,1.4758,1.47706,1.46634,1.4672,97452.68
2021-08-11,1.4672,1.46947,1.46641,1.46858,103002.94
2021-08-12,1.46858,1.47056,1.46602,1.46922,90967.83
2021-08-13,1.46924,1.47685,1.46835,1.4755,76948.89
2021-08-15,1.47583,1.47677,1.47559,1.4764,1974.32
2021-08-16,1.47639,1.48285,1.47638,1.48055,93170.51
2021-08-17,1.48055,1.48667,1.4775,1.47851,118391.69
2021-08-18,1.47851,1.48327,1.47695,1.48191,115458.84
2021-08-19,1.48188,1.49835,1.48077,1.49822,161521.85
2021-08-20,1.49821,1.51139,1.49699,1.49983,125614.91
2021-08-22,1.49805,1.50102,1.49799,1.50015,2676.01
2021-08-23,1.50019,1.50026,1.48476,1.48594,109187.23
2021-08-24,1.48592,1.48633,1.47906,1.48045,99754.67
2021-08-25,1.48046,1.48483,1.47908,1.48194,101508.12
2021-08-26,1.48192,1.49185,1.48176,1.49098,109908.49
2021-08-27,1.49105,1.49251,1.48709,1.48747,114331.79
2021-08-29,1.4877,1.48909,1.48665,1.4879,3506.52
2021-08-30,1.48792,1.49086,1.48277,1.48738,81165.98
2021-08-31,1.48738,1.49344,1.48688,1.48995,127230.37
2021-09-01,1.48995,1.49602,1.48551,1.49441,111435.02
2021-09-02,1.49443,1.49658,1.48914,1.49047,91815.57
2021-09-03,1.49043,1.49211,1.48568,1.48727,115517.06
2021-09-05,1.48607,1.48932,1.48585,1.48931,2665.32
2021-09-06,1.48931,1.48999,1.48603,1.48819,66693.63
2021-09-07,1.4882,1.49828,1.48738,1.49769,126170.79
2021-09-08,1.49769,1.50623,1.49427,1.50024,132281.92
2021-09-09,1.50023,1.50476,1.49368,1.4974,133419.15
2021-09-10,1.49741,1.49912,1.48824,1.49883,112506.94
2021-09-12,1.49807,1.49885,1.49732,1.49766,2748.32
2021-09-13,1.49767,1.49826,1.49124,1.49369,110289.23
2021-09-14,1.49369,1.49929,1.49169,1.49781,128054.53
2021-09-15,1.49783,1.50133,1.49121,1.49125,121312.93
2021-09-16,1.49129,1.49387,1.48506,1.49193,121688.29
2021-09-17,1.49189,1.4978,1.48831,1.49552,126498.78
2021-09-19,1.49592,1.49816,1.49494,1.49731,3293.46
2021-09-20,1.4973,1.50976,1.49616,1.50127,154072.17
2021-09-21,1.50126,1.50584,1.49512,1.5024,146328.88
2021-09-22,1.5024,1.50325,1.49014,1.49429,159885.53
2021-09-23,1.49428,1.49553,1.48265,1.48648,149241.11
2021-09-24,1.48649,1.49091,1.48145,1.48181,120594.6
2021-09-26,1.48218,1.48331,1.48004,1.48282,2980.95
2021-09-27,1.48281,1.4829,1.47594,1.47674,135776.86
2021-09-28,1.47673,1.48388,1.47348,1.48152,179659.84
2021-09-29,1.48136,1.48306,1.47742,1.47958,178744.95
2021-09-30,1.47958,1.47984,1.46448,1.46797,183980.02
2021-10-01,1.46803,1.47589,1.46452,1.46556,191159.37
2021-10-03,1.46551,1.46649,1.46419,1.46545,5273.36
2021-10-04,1.46547,1.46817,1.46035,1.46236,158020.72
2021-10-05,1.46241,1.4642,1.45499,1.45901,140124.73
2021-10-06,1.45904,1.46232,1.45375,1.45423,171738.89
2021-10-07,1.45422,1.45692,1.44874,1.45031,121772.86
2021-10-08,1.45033,1.45126,1.44123,1.44263,154653.61
2021-10-10,1.44252,1.44428,1.44215,1.44382,4533.01
2021-10-11,1.44383,1.44407,1.43898,1.4419,116512.53
2021-10-12,1.4419,1.44397,1.43467,1.43862,134888.44
2021-10-13,1.43857,1.44312,1.43646,1.44243,137972.51
2021-10-14,1.44244,1.44246,1.43218,1.43438,119058.69
2021-10-15,1.43438,1.43755,1.43184,1.43328,120800.09
2021-10-17,1.43342,1.43516,1.4326,1.43489,6076.51
2021-10-18,1.43487,1.43861,1.43338,1.43681,125906.42
2021-10-19,1.43681,1.44103,1.43491,1.43702,128642.26
2021-10-20,1.43701,1.43869,1.43373,1.43618,125384.3
2021-10-21,1.43616,1.44006,1.43326,1.43801,122637.38
2021-10-22,1.438,1.44074,1.43285,1.4389,131752.09
2021-10-24,1.43889,1.44043,1.43818,1.43989,6309.3
2021-10-25,1.43989,1.44042,1.43356,1.43697,127567.09
2021-10-26,1.43697,1.43755,1.43356,1.43689,119694.83
2021-10-27,1.43689,1.44413,1.4292,1.43465,164373.29
2021-10-28,1.43463,1.44343,1.43085,1.44233,179207.81
2021-10-29,1.44231,1.44413,1.4295,1.43085,165916.04
2021-10-31,1.43062,1.43185,1.43038,1.43098,5640.97
2021-11-01,1.43099,1.43611,1.42955,1.43523,130608.23
2021-11-02,1.4352,1.4398,1.43462,1.4366,128766.69
2021-11-03,1.43661,1.44072,1.43641,1.43767,150158.62
2021-11-04,1.43767,1.44073,1.43237,1.43886,150199.49
2021-11-05,1.43882,1.44132,1.43344,1.44004,143133.54
2021-11-07,1.43809,1.44056,1.43809,1.44028,4903.92
2021-11-08,1.44027,1.44364,1.43787,1.44172,119505.27
2021-11-09,1.44172,1.44621,1.43918,1.44177,140195.79
2021-11-10,1.44177,1.44232,1.43027,1.43417,187867.55
2021-11-11,1.43413,1.44457,1.43309,1.44101,154713.88
2021-11-12,1.44103,1.4422,1.43503,1.43521,126274.02
2021-11-14,1.43522,1.43618,1.43502,1.43532,4194.25
2021-11-15,1.43532,1.43769,1.42125,1.42245,137280.16
2021-11-16,1.42248,1.42543,1.42066,1.42215,141963.57
2021-11-17,1.42215,1.42836,1.41749,1.42723,152054.3
2021-11-18,1.42722,1.43574,1.42634,1.43271,141666.59
2021-11-19,1.43275,1.43276,1.42397,1.42567,173855.02
2021-11-21,1.42681,1.42746,1.42559,1.42673,5831.74
2021-11-22,1.42673,1.42897,1.42331,1.42781,170952.58
2021-11-23,1.42781,1.43536,1.42377,1.42529,189955.52
2021-11-24,1.42528,1.42697,1.4163,1.41836,185342.88
2021-11-25,1.41838,1.42284,1.41695,1.41947,112489.74
2021-11-26,1.41947,1.44914,1.41917,1.44616,261861.39
2021-11-28,1.44026,1.44312,1.43645,1.43693,9967.6
2021-11-29,1.43693,1.44173,1.4334,1.43837,192898.9
2021-11-30,1.43836,1.45492,1.43781,1.44727,287613.14
2021-12-01,1.44727,1.4521,1.44194,1.45004,224585.63
2021-12-02,1.45002,1.45533,1.44543,1.44908,225826.0
2021-12-03,1.44907,1.45345,1.43977,1.45279,224009.07
2021-12-05,1.44992,1.45168,1.44847,1.44886,7054.2
2021-12-06,1.44885,1.45104,1.43861,1.43993,168426.4
2021-12-07,1.43997,1.44045,1.42092,1.42543,143936.69
2021-12-08,1.42547,1.43679,1.42226,1.43519,176077.81
2021-12-09,1.43522,1.43671,1.43203,1.43495,132424.83
2021-12-10,1.43494,1.44026,1.43048,1.43961,131958.12
2021-12-12,1.4394,1.44016,1.43846,1.43878,6435.76
2021-12-13,1.43878,1.44711,1.43524,1.4451,142057.21
2021-12-14,1.4451,1.45189,1.44237,1.44841,155259.58
2021-12-15,1.44841,1.45475,1.44663,1.44933,177812.21
2021-12-16,1.44934,1.45194,1.44173,1.44843,183272.96
2021-12-17,1.44841,1.45352,1.4446,1.44821,175135.16
2021-12-19,1.44839,1.45024,1.44653,1.4501,5599.71
2021-12-20,1.4501,1.46455,1.44887,1.45875,207354.93
2021-12-21,1.45875,1.46281,1.45525,1.45855,156235.05
2021-12-22,1.45855,1.46127,1.45273,1.45563,149719.01
2021-12-23,1.45563,1.45737,1.44817,1.45217,125621.06
2021-12-24,1.45218,1.45504,1.44706,1.4492,183711.87
2021-12-26,1.44771,1.45117,1.44719,1.45109,2707.03
2021-12-27,1.45109,1.45347,1.4461,1.44873,72622.14
2021-12-28,1.44872,1.45112,1.4454,1.44973,95937.78
2021-12-29,1.44972,1.4555,1.44543,1.45197,125261.14
2021-12-30,1.45197,1.4521,1.44151,1.44298,91110.66
2021-12-31,1.44298,1.44383,1.43485,1.4359,112315.54
2022-01-02,1.43585,1.4397,1.43509,1.43964,3866.99
2022-01-03,1.43964,1.44389,1.436,1.44103,126447.97
2022-01-04,1.44106,1.442,1.4316,1.43338,137720.02
2022-01-05,1.43339,1.44387,1.43225,1.44316,137401.59
2022-01-06,1.44316,1.44805,1.43583,1.43781,152942.79
2022-01-07,1.43781,1.44016,1.43327,1.4356,128645.82
2022-01-09,1.43506,1.43744,1.43443,1.43588,4796.41
2022-01-10,1.43588,1.43857,1.42832,1.43496,139999.77
2022-01-11,1.43493,1.43613,1.42841,1.42948,134141.24
2022-01-12,1.4295,1.432,1.42339,1.43017,135302.1
2022-01-13,1.43018,1.43409,1.42878,1.43295,135266.08
2022-01-14,1.43292,1.43578,1.42912,1.43211,159230.71
2022-01-16,1.43096,1.43253,1.42929,1.43109,3448.15
2022-01-17,1.43109,1.43281,1.42535,1.42802,91220.62
2022-01-18,1.42801,1.42802,1.4156,1.41578,184787.86
2022-01-19,1.41578,1.42062,1.4128,1.419,162652.57
2022-01-20,1.41898,1.42092,1.41,1.41412,145384.03
2022-01-21,1.41415,1.42775,1.414,1.42605,181291.09
2022-01-23,1.42598,1.42653,1.42456,1.42457,6585.06
2022-01-24,1.42459,1.43721,1.42198,1.42962,255897.41
2022-01-25,1.42962,1.43198,1.42245,1.42602,251313.55
2022-01-26,1.42602,1.42757,1.41628,1.42262,274255.34
2022-01-27,1.42262,1.42764,1.41177,1.42051,284604.19
2022-01-28,1.42051,1.42633,1.41765,1.42234,269148.08
2022-01-30,1.4222,1.42407,1.42204,1.42291,4894.41
2022-01-31,1.42292,1.42884,1.4204,1.42801,204343.53
2022-02-01,1.42801,1.43279,1.42436,1.43051,189000.51
2022-02-02,1.43052,1.43575,1.42895,1.43342,167504.83
2022-02-03,1.43342,1.45111,1.43143,1.44984,222088.96
2022-02-04,1.44981,1.46337,1.44894,1.46121,233656.89
2022-02-06,1.46057,1.46124,1.45983,1.45996,3336.82
2022-02-07,1.45996,1.46111,1.4476,1.449,215199.31
2022-02-08,1.44903,1.45214,1.44506,1.45104,177292.74
2022-02-09,1.45103,1.45251,1.44663,1.44769,150369.25
2022-02-10,1.4477,1.45612,1.4459,1.45303,227472.29
2022-02-11,1.45302,1.45374,1.44169,1.44453,258113.13
2022-02-13,1.44313,1.44609,1.44313,1.44597,9239.74
2022-02-14,1.44597,1.44756,1.43722,1.43902,241552.48
2022-02-15,1.43902,1.45018,1.43875,1.44489,192108.0
2022-02-16,1.44489,1.44579,1.4387,1.44383,178114.52
2022-02-17,1.44383,1.44616,1.44041,1.44414,225277.4
2022-02-18,1.44412,1.44529,1.44026,1.44272,177751.4
2022-02-20,1.44238,1.44421,1.44238,1.44348,6390.22
2022-02-21,1.44352,1.44976,1.44109,1.44265,147588.5
2022-02-22,1.44268,1.44798,1.44041,1.44628,239957.85
2022-02-23,1.44629,1.44684,1.43765,1.43956,165028.31
2022-02-24,1.43957,1.44073,1.42868,1.43316,410731.91
2022-02-25,1.43316,1.43766,1.43029,1.43151,276822.41
2022-02-27,1.42113,1.42631,1.41854,1.42594,21068.82
2022-02-28,1.42595,1.43054,1.41987,1.42038,295120.27
2022-03-01,1.42036,1.42256,1.40943,1.41635,261419.95
2022-03-02,1.41635,1.41695,1.40311,1.40523,293854.78
2022-03-03,1.40522,1.40543,1.3966,1.40207,212032.94
2022-03-04,1.40208,1.40328,1.38944,1.39108,286847.07
2022-03-06,1.38993,1.3918,1.38199,1.38242,15214.99
2022-03-07,1.38248,1.39474,1.37615,1.3907,364760.64
2022-03-08,1.39073,1.41082,1.3898,1.40473,348589.55
2022-03-09,1.40477,1.42267,1.40325,1.41731,261223.9
2022-03-10,1.41732,1.42322,1.4004,1.4048,278021.77
2022-03-11,1.40479,1.40919,1.38572,1.39039,260628.62
2022-03-13,1.38904,1.39328,1.38852,1.39214,8750.01
2022-03-14,1.3922,1.40663,1.39105,1.40295,236953.72
2022-03-15,1.40297,1.41605,1.39694,1.40046,252202.76
2022-03-16,1.40047,1.40288,1.39409,1.39829,270387.07
2022-03-17,1.39827,1.40719,1.39675,1.40199,178284.39
2022-03-18,1.40192,1.40305,1.38935,1.39249,187222.56
2022-03-20,1.39214,1.39415,1.39107,1.39192,5087.48
2022-03-21,1.39192,1.39461,1.38545,1.38671,171240.63
2022-03-22,1.38673,1.39138,1.3812,1.38773,190137.45
2022-03-23,1.38772,1.3886,1.37831,1.38216,144132.37
2022-03-24,1.38216,1.38339,1.3756,1.37827,188669.46
2022-03-25,1.37826,1.38324,1.36905,1.36982,168041.28
2022-03-27,1.37139,1.37148,1.36995,1.37117,8134.61
2022-03-28,1.37117,1.38188,1.36722,1.37614,238460.86
2022-03-29,1.37615,1.39352,1.37286,1.38608,312431.04
2022-03-30,1.38608,1.39586,1.38445,1.39316,217114.93
2022-03-31,1.39319,1.39789,1.38045,1.38424,270832.44
2022-04-01,1.38426,1.3868,1.37825,1.38177,193128.58
2022-04-03,1.38052,1.38358,1.38052,1.38358,4345.63
2022-04-04,1.38358,1.38424,1.3688,1.37025,167174.27
2022-04-05,1.37025,1.37099,1.3588,1.3615,182561.97
2022-04-06,1.36148,1.36946,1.36005,1.36913,222123.93
2022-04-07,1.36913,1.37493,1.36489,1.36741,200606.61
2022-04-08,1.36738,1.37115,1.36574,1.36623,158935.58
2022-04-10,1.37015,1.37163,1.36828,1.36928,12529.81
2022-04-11,1.36929,1.37589,1.36929,1.37473,181201.13
2022-04-12,1.37475,1.37646,1.36565,1.3679,211745.09
2022-04-13,1.3679,1.37205,1.36579,1.36925,210207.69
2022-04-14,1.36926,1.37123,1.35541,1.3641,231675.97
2022-04-15,1.3641,1.36476,1.36075,1.36223,224177.01
2022-04-17,1.36141,1.36492,1.36141,1.36406,9570.88
2022-04-18,1.36406,1.36536,1.35829,1.35829,142531.68
2022-04-19,1.3583,1.36456,1.3542,1.36047,184619.59
2022-04-20,1.3605,1.36349,1.35316,1.35487,196769.78
2022-04-21,1.35487,1.36445,1.35184,1.36424,219334.61
2022-04-22,1.36429,1.37412,1.36272,1.37187,221264.84
2022-04-24,1.37389,1.37535,1.37216,1.37525,15344.62
2022-04-25,1.37522,1.37595,1.36236,1.36449,253267.95
2022-04-26,1.3645,1.3687,1.35998,1.36288,240922.78
2022-04-27,1.36288,1.36368,1.35111,1.35251,255323.41
2022-04-28,1.35249,1.35323,1.34312,1.34473,276689.2
2022-04-29,1.34474,1.3578,1.33856,1.35519,252012.82
2022-05-01,1.35229,1.35552,1.35211,1.35423,15843.33
2022-05-02,1.35422,1.35966,1.35155,1.35261,229650.27
2022-05-03,1.35263,1.3592,1.34973,1.35063,229711.16
2022-05-04,1.35064,1.35492,1.34722,1.35276,261030.36
2022-05-05,1.35281,1.35482,1.3459,1.35189,299753.16
2022-05-06,1.35184,1.36483,1.348,1.36067,314655.25
2022-05-08,1.35995,1.36145,1.3596,1.36056,14834.88
2022-05-09,1.36056,1.37477,1.35833,1.37421,289690.81
2022-05-10,1.37424,1.37678,1.36735,1.37208,306008.93
2022-05-11,1.37208,1.37295,1.36355,1.36597,300666.33
2022-05-12,1.36594,1.36954,1.35011,1.35173,334260.46
2022-05-13,1.35173,1.35486,1.34165,1.34342,238516.75
2022-05-15,1.34314,1.34386,1.34176,1.34179,11964.92
2022-05-16,1.34179,1.35007,1.33919,1.34132,218638.12
2022-05-17,1.34132,1.35453,1.33893,1.3508,207850.72
2022-05-18,1.35078,1.35236,1.34491,1.34975,216240.86
2022-05-19,1.34974,1.35883,1.34509,1.3561,268975.76
2022-05-20,1.3561,1.35637,1.35058,1.35536,219701.81
2022-05-22,1.35479,1.35643,1.35424,1.35437,12118.09
2022-05-23,1.35436,1.3673,1.35434,1.36607,207863.72
2022-05-24,1.36608,1.38076,1.36489,1.37619,215071.06
2022-05-25,1.37621,1.37671,1.36683,1.36998,219915.86
2022-05-26,1.36999,1.37484,1.36823,1.37097,193590.71
2022-05-27,1.37098,1.37266,1.36345,1.36522,168782.85
2022-05-29,1.36439,1.36623,1.36439,1.36526,7083.39
2022-05-30,1.36526,1.36756,1.36266,1.36341,125377.35
2022-05-31,1.36342,1.36349,1.35034,1.35638,222644.2
2022-06-01,1.35637,1.35892,1.34424,1.34914,210122.87
2022-06-02,1.34915,1.35394,1.34855,1.35138,182443.24
2022-06-03,1.35138,1.35299,1.34663,1.34958,169600.81
2022-06-05,1.34938,1.35041,1.34718,1.35,6965.52
2022-06-06,1.35,1.35056,1.34214,1.34493,177552.17
2022-06-07,1.34493,1.34758,1.34006,1.34097,216602.71
2022-06-08,1.34095,1.34681,1.33889,1.34539,204748.52
2022-06-09,1.34538,1.35496,1.34273,1.34887,245497.36
2022-06-10,1.34887,1.35162,1.34202,1.34323,261635.06
2022-06-12,1.34287,1.34593,1.34213,1.34238,18141.63
2022-06-13,1.34238,1.34656,1.34015,1.34243,285495.95
2022-06-14,1.34243,1.35278,1.34108,1.35126,300555.03
2022-06-15,1.35128,1.3606,1.34324,1.34592,335248.1
2022-06-16,1.34593,1.36755,1.34187,1.36622,333997.58
2022-06-17,1.36622,1.36989,1.36094,1.36625,309472.54
2022-06-19,1.36538,1.36752,1.36346,1.36364,10659.85
2022-06-20,1.36365,1.37018,1.3631,1.36551,189102.37
2022-06-21,1.36552,1.36805,1.35983,1.36183,214629.76
2022-06-22,1.36184,1.37143,1.35985,1.36935,249248.25
2022-06-23,1.36936,1.37095,1.35922,1.36631,265031.65
2022-06-24,1.36632,1.36871,1.35958,1.35976,212265.91
2022-06-26,1.36007,1.3629,1.3595,1.36286,11341.78
2022-06-27,1.36286,1.36666,1.35826,1.36166,224229.64
2022-06-28,1.36168,1.36187,1.35141,1.35472,249426.58
2022-06-29,1.35473,1.35636,1.34533,1.34572,320711.16
2022-06-30,1.34575,1.35121,1.34044,1.34877,286541.49
2022-07-01,1.34876,1.35258,1.34103,1.34279,256254.47
2022-07-03,1.34205,1.34477,1.34131,1.34454,10994.35
2022-07-04,1.34455,1.34581,1.33907,1.34137,146642.68
2022-07-05,1.34139,1.34224,1.32939,1.33653,284226.27
2022-07-06,1.33654,1.33899,1.32469,1.32768,298681.13
2022-07-07,1.32769,1.32963,1.31623,1.31851,216152.37
2022-07-08,1.31855,1.3221,1.31169,1.31739,243398.66
2022-07-10,1.31687,1.31854,1.31595,1.31636,8937.74
2022-07-11,1.31636,1.31739,1.30407,1.30562,250263.97
2022-07-12,1.30562,1.31146,1.30361,1.30716,320695.76
2022-07-13,1.30713,1.3115,1.29709,1.30434,361877.36
2022-07-14,1.30438,1.31914,1.30055,1.31419,392699.35
2022-07-15,1.31419,1.31634,1.31069,1.31303,273315.08
2022-07-17,1.31209,1.31343,1.31199,1.31332,10638.65
2022-07-18,1.31333,1.31914,1.31027,1.31692,281992.13
2022-07-19,1.31693,1.32909,1.31336,1.31693,302470.98
2022-07-20,1.31695,1.32123,1.30939,1.31199,286144.8
2022-07-21,1.31199,1.32482,1.31031,1.31627,336750.42
2022-07-22,1.31627,1.31946,1.30508,1.31812,300866.48
2022-07-24,1.31905,1.32002,1.31807,1.31828,10570.59
2022-07-25,1.31828,1.32169,1.31096,1.31372,261318.13
2022-07-26,1.31372,1.31526,1.30285,1.30403,241869.21
2022-07-27,1.30403,1.31032,1.30111,1.30812,263857.19
2022-07-28,1.30811,1.31091,1.29663,1.30516,324117.59
2022-07-29,1.30518,1.31406,1.30292,1.30672,290441.3
2022-07-31,1.30686,1.30956,1.30686,1.30826,13618.71
2022-08-01,1.30828,1.31857,1.30666,1.3181,293021.54
2022-08-02,1.31811,1.32182,1.30682,1.30884,352064.28
2022-08-03,1.30886,1.31162,1.30243,1.30555,294327.0
2022-08-04,1.30553,1.31889,1.30464,1.31869,278325.71
2022-08-05,1.31869,1.31967,1.31354,1.31627,263073.26
2022-08-07,1.31532,1.31705,1.31522,1.31654,8682.9
2022-08-08,1.31654,1.31718,1.30907,1.31092,229838.41
2022-08-09,1.3109,1.31883,1.30993,1.31524,203458.36
2022-08-10,1.31524,1.32724,1.31393,1.31552,274638.16
2022-08-11,1.31552,1.32132,1.31364,1.31716,280749.22
2022-08-12,1.31717,1.31735,1.30969,1.31029,219748.06
2022-08-14,1.30937,1.31105,1.30911,1.31038,9543.82
2022-08-15,1.31037,1.32094,1.30986,1.3112,231367.8
2022-08-16,1.31122,1.31206,1.30499,1.30628,249114.39
2022-08-17,1.30628,1.31643,1.30534,1.31471,267478.9
2022-08-18,1.31468,1.31645,1.30475,1.30618,263333.57
2022-08-19,1.30618,1.30917,1.30254,1.3036,229955.4
2022-08-21,1.3024,1.30488,1.3024,1.30464,10965.47
2022-08-22,1.30464,1.30473,1.29463,1.29678,238998.68
2022-08-23,1.29678,1.29844,1.29042,1.29149,291716.97
2022-08-24,1.29147,1.29744,1.28877,1.29281,270713.22
2022-08-25,1.29279,1.29514,1.28749,1.29004,266579.78
2022-08-26,1.29005,1.30419,1.28812,1.29801,282527.53
2022-08-28,1.29829,1.29896,1.29728,1.29779,24638.12
2022-08-29,1.2978,1.30536,1.29543,1.30152,300659.05
2022-08-30,1.30152,1.31387,1.29802,1.31207,290709.2
2022-08-31,1.31212,1.32072,1.30735,1.31921,333054.72
2022-09-01,1.31922,1.3244,1.30729,1.30835,299541.53
2022-09-02,1.30835,1.31649,1.3063,1.30631,293872.62
2022-09-04,1.30213,1.30466,1.30182,1.30204,13354.61
2022-09-05,1.30204,1.30724,1.29986,1.30639,209002.07
2022-09-06,1.30639,1.30922,1.29777,1.30194,320828.88
2022-09-07,1.30194,1.31402,1.30116,1.31263,314104.45
2022-09-08,1.31265,1.31711,1.30483,1.30939,311647.31
2022-09-09,1.30937,1.31457,1.30526,1.30763,295194.19
2022-09-11,1.3167,1.31687,1.31035,1.31149,13957.42
2022-09-12,1.31149,1.32423,1.31064,1.31484,305674.71
2022-09-13,1.31484,1.32022,1.30947,1.31374,309854.89
2022-09-14,1.31377,1.31958,1.31243,1.31362,342706.85
2022-09-15,1.31362,1.32407,1.31175,1.32319,287057.53
2022-09-16,1.32321,1.33232,1.32137,1.32746,285455.14
2022-09-18,1.32779,1.32911,1.32733,1.32872,10031.48
2022-09-19,1.3287,1.33164,1.32553,1.32825,259761.12
2022-09-20,1.32825,1.3334,1.32407,1.33254,292929.44
2022-09-21,1.33253,1.3328,1.31794,1.32509,332038.45
2022-09-22,1.32509,1.33132,1.32385,1.3254,432094.85
2022-09-23,1.32542,1.32696,1.31507,1.31608,360024.21
2022-09-25,1.31497,1.31879,1.31313,1.31515,22519.11
2022-09-26,1.31515,1.32755,1.29988,1.31901,502479.16
2022-09-27,1.31901,1.32219,1.31516,1.31698,430856.45
2022-09-28,1.31698,1.32696,1.31229,1.32271,500972.65
2022-09-29,1.32271,1.34526,1.32145,1.34405,461113.7
2022-09-30,1.34402,1.3563,1.33686,1.35555,430141.01
2022-10-02,1.35198,1.35435,1.34954,1.34976,16722.91
2022-10-03,1.34978,1.35254,1.33655,1.33984,411081.33
2022-10-04,1.33987,1.3569,1.33718,1.34843,400588.25
2022-10-05,1.34843,1.35035,1.34355,1.34752,374989.58
2022-10-06,1.34758,1.35257,1.3444,1.34507,391167.6
2022-10-07,1.34507,1.34729,1.33456,1.33691,359508.64
2022-10-09,1.33584,1.33844,1.33558,1.33663,15820.1
2022-10-10,1.33664,1.33862,1.32928,1.3374,309557.64
2022-10-11,1.3374,1.34463,1.3374,1.33781,393004.71
2022-10-12,1.3378,1.34207,1.33292,1.34096,392601.58
2022-10-13,1.341,1.34949,1.33863,1.34429,434996.72
2022-10-14,1.34431,1.35371,1.34097,1.34903,403990.73
2022-10-16,1.34839,1.35004,1.34821,1.34932,16685.85
2022-10-17,1.34933,1.35094,1.343,1.34992,323629.4
2022-10-18,1.34992,1.35867,1.3468,1.35376,362571.15
2022-10-19,1.3538,1.35405,1.34343,1.34495,333270.26
2022-10-20,1.34496,1.34818,1.34035,1.34716,385802.58
2022-10-21,1.3472,1.35148,1.34274,1.34506,379177.03
2022-10-23,1.34443,1.34739,1.34294,1.34543,45070.94
2022-10-24,1.34541,1.35819,1.34401,1.35381,412211.35
2022-10-25,1.35379,1.35936,1.351,1.35654,319819.64
2022-10-26,1.35653,1.36953,1.35343,1.36749,372889.59
2022-10-27,1.36751,1.36863,1.34972,1.35176,360648.29
2022-10-28,1.35179,1.35939,1.35049,1.35542,316527.81
2022-10-30,1.35406,1.35567,1.35271,1.35458,13742.7
2022-10-31,1.35459,1.35786,1.34521,1.34554,264471.36
2022-11-01,1.34554,1.35102,1.34428,1.34518,310316.96
2022-11-02,1.34519,1.35153,1.34337,1.34594,320636.96
2022-11-03,1.34592,1.34685,1.33696,1.33967,312470.09
2022-11-04,1.33969,1.34296,1.32708,1.34208,383667.3
2022-11-06,1.34034,1.34356,1.33958,1.34151,10999.54
2022-11-07,1.34151,1.35395,1.34151,1.3515,314968.94
2022-11-08,1.35148,1.35481,1.34781,1.35228,295115.02
2022-11-09,1.35227,1.35534,1.34735,1.35519,334086.71
2022-11-10,1.3552,1.36083,1.34586,1.35861,400054.17
2022-11-11,1.35861,1.37356,1.35722,1.37195,363980.44
2022-11-13,1.37119,1.37357,1.36893,1.36975,12072.38
2022-11-14,1.36967,1.37613,1.36586,1.37489,332682.2
2022-11-15,1.37489,1.38608,1.36874,1.37478,443569.36
2022-11-16,1.37478,1.38718,1.37324,1.38592,409628.48
2022-11-17,1.38592,1.38601,1.37812,1.3804,340738.12
2022-11-18,1.3804,1.3875,1.37932,1.38159,269672.9
2022-11-20,1.37894,1.38233,1.37894,1.38192,6504.87
2022-11-21,1.38192,1.3827,1.37371,1.37752,283663.86
2022-11-22,1.37754,1.37891,1.37339,1.37766,235548.15
2022-11-23,1.37767,1.39062,1.37706,1.38953,272987.86
2022-11-24,1.38956,1.393,1.38585,1.38806,193408.4
2022-11-25,1.38806,1.39296,1.38508,1.38908,239051.39
2022-11-27,1.38828,1.39129,1.38791,1.39006,9493.73
2022-11-28,1.39006,1.40871,1.38973,1.39524,303064.89
2022-11-29,1.39524,1.41256,1.38924,1.40233,313842.46
2022-11-30,1.40234,1.40559,1.39444,1.39811,303812.08
2022-12-01,1.39811,1.4148,1.39556,1.41438,347592.54
2022-12-02,1.41438,1.41991,1.40844,1.41899,289531.22
2022-12-04,1.41778,1.41939,1.4174,1.41762,10176.74
2022-12-05,1.41767,1.42731,1.41322,1.42615,309530.75
2022-12-06,1.42615,1.43492,1.42451,1.42862,302443.05
2022-12-07,1.42864,1.44027,1.42651,1.43508,309427.71
2022-12-08,1.43507,1.43979,1.42765,1.43531,296865.94
2022-12-09,1.43532,1.44151,1.43435,1.43683,294429.8
2022-12-11,1.43426,1.43739,1.43384,1.43669,6503.6
2022-12-12,1.43669,1.44608,1.43463,1.43681,254202.99
2022-12-13,1.43682,1.44477,1.43335,1.44015,284753.39
2022-12-14,1.44014,1.44772,1.43885,1.44655,302615.36
2022-12-15,1.44655,1.45923,1.43919,1.45282,300201.7
2022-12-16,1.45281,1.45615,1.44928,1.44928,241334.03
2022-12-18,1.44817,1.4496,1.44761,1.44881,8807.65
2022-12-19,1.44882,1.45354,1.44538,1.44779,211710.22
2022-12-20,1.4478,1.45174,1.44255,1.44502,290549.24
2022-12-21,1.44501,1.44928,1.4419,1.44437,209546.03
2022-12-22,1.44435,1.44942,1.44341,1.44562,214202.75
2022-12-23,1.44562,1.4479,1.4408,1.44238,184236.41
2022-12-25,1.44097,1.44552,1.44097,1.44552,1299.66
2022-12-26,1.44499,1.44643,1.44186,1.44239,82847.04
2022-12-27,1.44241,1.44447,1.43391,1.43854,147924.03
2022-12-28,1.43855,1.44553,1.43564,1.4454,178908.94
2022-12-29,1.44539,1.44825,1.44147,1.44488,161497.19
2022-12-30,1.4449,1.45129,1.44139,1.44958,204099.47
2023-01-01,1.44826,1.44827,1.44675,1.44683,11.1
2023-01-02,1.44683,1.45076,1.44388,1.44802,85407.52
2023-01-03,1.44803,1.45199,1.43442,1.44182,271421.09
2023-01-04,1.44182,1.44563,1.42827,1.43021,256713.19
2023-01-05,1.43018,1.43599,1.42613,1.42686,251435.04
2023-01-06,1.42686,1.43412,1.42344,1.42985,236039.86
2023-01-08,1.42957,1.43262,1.42914,1.43259,5160.54
2023-01-09,1.43259,1.43876,1.42723,1.43745,237829.87
2023-01-10,1.43745,1.44259,1.43578,1.44259,246111.06
2023-01-11,1.44259,1.44781,1.44056,1.4457,191614.62
2023-01-12,1.44571,1.45286,1.44011,1.45272,266433.49
2023-01-13,1.45274,1.45347,1.44541,1.45015,224227.81
2023-01-15,1.44942,1.45109,1.44936,1.45001,5692.52
2023-01-16,1.45002,1.45254,1.44749,1.45103,135585.22
2023-01-17,1.45101,1.45593,1.44294,1.44476,219348.15
2023-01-18,1.44476,1.45718,1.44075,1.45716,267648.65
2023-01-19,1.45718,1.46396,1.45399,1.45857,211948.9
2023-01-20,1.45858,1.46126,1.45163,1.45174,160580.25
2023-01-22,1.45319,1.4537,1.45217,1.4526,4156.67
2023-01-23,1.45257,1.46007,1.45159,1.45355,167820.82
2023-01-24,1.45355,1.4565,1.44999,1.45613,166256.68
2023-01-25,1.45612,1.46417,1.45174,1.46126,177752.04
2023-01-26,1.46127,1.46383,1.44953,1.45062,184353.39
2023-01-27,1.45062,1.4519,1.44404,1.44588,148929.05
2023-01-29,1.44622,1.44663,1.44491,1.44653,3161.3
2023-01-30,1.44651,1.45432,1.44558,1.45215,180406.88
2023-01-31,1.45215,1.45887,1.44435,1.44524,203678.08
2023-02-01,1.44523,1.46347,1.44423,1.46173,228458.84
2023-02-02,1.46173,1.46409,1.45141,1.45216,264114.66
2023-02-03,1.45216,1.46165,1.44529,1.44529,242285.47
2023-02-05,1.44566,1.44778,1.44536,1.44599,8175.45
2023-02-06,1.44603,1.4479,1.44,1.44216,202188.31
2023-02-07,1.44217,1.44269,1.4352,1.43677,248807.5
2023-02-08,1.4368,1.44226,1.43586,1.44065,192886.72
2023-02-09,1.44063,1.44609,1.4394,1.44421,185275.31
2023-02-10,1.4442,1.44463,1.42401,1.42413,212821.82
2023-02-12,1.42523,1.42624,1.42434,1.42613,6781.55
2023-02-13,1.42615,1.43119,1.42373,1.43085,161181.78
2023-02-14,1.43086,1.43647,1.42948,1.43209,270160.85
2023-02-15,1.43207,1.43767,1.42968,1.43168,214073.26
2023-02-16,1.43168,1.43711,1.43026,1.43695,225811.86
2023-02-17,1.43693,1.44143,1.43408,1.44059,192074.01
2023-02-19,1.44011,1.44113,1.43936,1.4404,5664.41
2023-02-20,1.44038,1.44116,1.436,1.4371,114491.04
2023-02-21,1.43709,1.44341,1.43267,1.4414,211165.21
2023-02-22,1.4414,1.44423,1.43569,1.43649,205758.81
2023-02-23,1.4365,1.43726,1.43296,1.43518,177170.49
2023-02-24,1.4352,1.44081,1.43406,1.43407,201455.65
2023-02-26,1.43512,1.4354,1.43422,1.43484,3657.04
2023-02-27,1.43486,1.44077,1.43269,1.44022,166298.57
2023-02-28,1.44022,1.44824,1.43729,1.44321,178823.62
2023-03-01,1.44317,1.45498,1.44211,1.4498,211438.09
2023-03-02,1.4498,1.45093,1.43976,1.44109,189507.84
2023-03-03,1.44106,1.44819,1.43815,1.44539,160112.13
2023-03-05,1.44466,1.44588,1.44393,1.44557,5814.59
2023-03-06,1.44556,1.45539,1.44512,1.45488,150315.91
2023-03-07,1.45489,1.45588,1.44854,1.45036,187007.08
2023-03-08,1.45035,1.45693,1.44853,1.45558,171986.77
2023-03-09,1.45558,1.46412,1.45408,1.46408,164005.01
2023-03-10,1.46408,1.47594,1.46295,1.47011,268848.55
2023-03-12,1.47393,1.47814,1.47,1.47044,25228.14
2023-03-13,1.47044,1.47586,1.46655,1.47336,383353.71
2023-03-14,1.47343,1.47348,1.46155,1.46836,284176.91
2023-03-15,1.46837,1.47098,1.44894,1.45671,315186.53
2023-03-16,1.45675,1.46169,1.45164,1.45614,297802.55
2023-03-17,1.45616,1.46585,1.45556,1.46411,184283.4
2023-03-19,1.46585,1.46603,1.46271,1.46464,9429.19
2023-03-20,1.46463,1.46802,1.46005,1.46542,182522.72
2023-03-21,1.46544,1.47966,1.46469,1.47678,112708.63
2023-03-22,1.47675,1.49132,1.47383,1.49114,151700.84
2023-03-23,1.49116,1.49377,1.48407,1.48619,170655.03
2023-03-24,1.48621,1.48682,1.47654,1.47783,167059.35
2023-03-26,1.4794,1.48022,1.47765,1.47965,7546.39
2023-03-27,1.47964,1.47964,1.47342,1.47552,106000.65
2023-03-28,1.47553,1.48116,1.47279,1.47332,96584.87
2023-03-29,1.47333,1.47625,1.46919,1.47083,98585.63
2023-03-30,1.47085,1.47856,1.46676,1.47443,115094.97
2023-03-31,1.47443,1.47699,1.46462,1.46463,114751.34
2023-04-02,1.46258,1.46435,1.45785,1.45871,10772.89
2023-04-03,1.45876,1.46563,1.45844,1.46547,119426.19
2023-04-04,1.46544,1.47524,1.46216,1.47246,115539.64
2023-04-05,1.47249,1.47667,1.46559,1.46689,108836.66
2023-04-06,1.46691,1.47377,1.46649,1.47352,90617.38
2023-04-07,1.47352,1.47521,1.47092,1.47196,49335.29
2023-04-09,1.47242,1.47399,1.47217,1.47373,3525.74
2023-04-10,1.4737,1.47389,1.46602,1.46758,61752.9
2023-04-11,1.46761,1.47529,1.46756,1.46964,84622.01
2023-04-12,1.46966,1.47891,1.46898,1.47782,114824.63
2023-04-13,1.47783,1.48044,1.47203,1.47418,98097.16
2023-04-14,1.47421,1.47539,1.46822,1.46838,112759.87
2023-04-16,1.46852,1.46921,1.46739,1.46808,3186.78
2023-04-17,1.46809,1.46847,1.46156,1.4632,96355.42
2023-04-18,1.4632,1.46996,1.46258,1.46962,97990.66
2023-04-19,1.46963,1.47505,1.46756,1.475,92613.67
2023-04-20,1.47503,1.47991,1.47402,1.47845,85016.8
2023-04-21,1.47848,1.48832,1.47799,1.48691,83409.81
2023-04-23,1.48617,1.48844,1.48585,1.48828,2808.35
2023-04-24,1.48825,1.49672,1.48642,1.49635,70975.66
2023-04-25,1.49643,1.49904,1.49243,1.49502,87866.88
2023-04-26,1.495,1.51119,1.49428,1.50541,116080.87
2023-04-27,1.50543,1.50729,1.49712,1.5002,104638.75
2023-04-28,1.50023,1.50308,1.491,1.49147,121216.78
2023-04-30,1.49161,1.49311,1.49115,1.49308,3791.76
2023-05-01,1.4931,1.49632,1.48402,1.48648,70519.96
2023-05-02,1.48648,1.50025,1.48625,1.49964,107877.32
2023-05-03,1.49965,1.50934,1.49965,1.50864,122484.86
2023-05-04,1.50867,1.5098,1.4894,1.49065,145691.98
2023-05-05,1.49068,1.4923,1.47283,1.47283,95285.83
2023-05-07,1.47397,1.4747,1.47325,1.47413,3876.8
2023-05-08,1.47414,1.47658,1.46948,1.47039,64975.44
2023-05-09,1.47037,1.47165,1.46443,1.46646,70614.04
2023-05-10,1.46643,1.47049,1.46259,1.4685,96462.18
2023-05-11,1.4685,1.47382,1.4631,1.47255,98158.51
2023-05-12,1.47255,1.47483,1.46732,1.46991,73064.85
2023-05-14,1.46865,1.47123,1.46835,1.4711,3997.17
2023-05-15,1.47111,1.47248,1.46286,1.46421,68654.93
2023-05-16,1.46424,1.46749,1.45858,1.46429,81060.83
2023-05-17,1.46434,1.46608,1.45617,1.45945,79781.99
2023-05-18,1.45943,1.4605,1.45118,1.45437,87510.05
2023-05-19,1.45436,1.46295,1.45206,1.45795,85816.91
2023-05-21,1.45861,1.46046,1.4578,1.45974,3798.0
2023-05-22,1.45975,1.46266,1.45793,1.4597,78420.69
2023-05-23,1.45971,1.46173,1.45226,1.45383,92435.4
2023-05-24,1.4538,1.46372,1.45369,1.46149,93713.25
2023-05-25,1.46149,1.4636,1.45673,1.46304,98509.13
2023-05-26,1.46306,1.46486,1.45893,1.46038,83772.78
2023-05-28,1.45801,1.45997,1.45791,1.45902,3224.55
2023-05-29,1.45901,1.46031,1.45334,1.45648,34252.99
2023-05-30,1.45651,1.4613,1.45157,1.45939,86384.12
2023-05-31,1.45941,1.46113,1.44637,1.45057,109819.12
2023-06-01,1.45059,1.45391,1.4445,1.44661,105161.3
2023-06-02,1.44661,1.44759,1.43691,1.43691,78952.07
2023-06-04,1.437,1.43772,1.43546,1.43636,5872.8
2023-06-05,1.43639,1.44244,1.43401,1.44048,76359.76
2023-06-06,1.44046,1.44066,1.43173,1.43331,74529.42
2023-06-07,1.43331,1.43816,1.42877,1.43153,90992.49
2023-06-08,1.43153,1.44279,1.42824,1.44064,79978.72
2023-06-09,1.44068,1.44138,1.43189,1.4337,75089.88
2023-06-11,1.43257,1.43439,1.43254,1.43367,3013.16
2023-06-12,1.43367,1.43926,1.4326,1.43821,70168.68
2023-06-13,1.43823,1.44373,1.43458,1.43649,91905.88
2023-06-14,1.43652,1.44494,1.43379,1.44491,101256.4
2023-06-15,1.44493,1.44997,1.44091,1.44728,102268.48
2023-06-16,1.44726,1.45019,1.44099,1.44378,83708.64
2023-06-18,1.44206,1.44398,1.44205,1.44387,2882.62
2023-06-19,1.44387,1.44675,1.43973,1.44297,50167.02
2023-06-20,1.44294,1.44767,1.44179,1.44407,88435.17
2023-06-21,1.44407,1.44669,1.44164,1.44645,95012.27
2023-06-22,1.44647,1.44868,1.43974,1.44026,99100.96
2023-06-23,1.44026,1.44237,1.43155,1.43538,99195.01
2023-06-25,1.43679,1.43704,1.43507,1.43576,5607.84
2023-06-26,1.43581,1.43792,1.43247,1.43475,78978.39
2023-06-27,1.43475,1.44624,1.43274,1.44599,90083.81
2023-06-28,1.44597,1.45173,1.44426,1.44652,94550.96
2023-06-29,1.44651,1.45049,1.4389,1.44,115740.74
2023-06-30,1.44001,1.44702,1.43651,1.44507,92937.23
2023-07-02,1.44359,1.44544,1.44351,1.44515,3292.7
2023-07-03,1.44516,1.44693,1.44225,1.44566,70003.52
2023-07-04,1.44567,1.44633,1.43726,1.43912,46633.39
2023-07-05,1.43914,1.44754,1.43842,1.44203,81141.53
2023-07-06,1.44206,1.45626,1.4408,1.45532,119800.05
2023-07-07,1.4553,1.45716,1.45115,1.45595,95844.46
2023-07-09,1.45399,1.45633,1.45395,1.45616,3416.37
2023-07-10,1.45617,1.46092,1.45397,1.46079,81404.58
2023-07-11,1.46083,1.46202,1.45434,1.45694,84773.62
2023-07-12,1.45693,1.46951,1.45558,1.46864,97142.49
2023-07-13,1.46868,1.47282,1.46531,1.47167,108168.67
2023-07-14,1.47165,1.48557,1.46984,1.48291,86700.63
2023-07-16,1.48186,1.48536,1.48166,1.48491,2169.14
2023-07-17,1.48492,1.48718,1.47767,1.48344,66075.74
2023-07-18,1.48344,1.48807,1.47769,1.4783,91576.55
2023-07-19,1.47833,1.48044,1.47197,1.47484,88022.63
2023-07-20,1.47486,1.47596,1.46487,1.46677,90350.08
2023-07-21,1.46678,1.47133,1.46321,1.47067,76180.29
2023-07-23,1.46923,1.47179,1.46886,1.47117,2619.8
2023-07-24,1.47117,1.47182,1.45534,1.4575,90740.16
2023-07-25,1.4575,1.45847,1.45295,1.45713,76987.48
2023-07-26,1.45708,1.4656,1.45617,1.46272,104036.06
2023-07-27,1.46272,1.47012,1.44891,1.4521,121824.98
2023-07-28,1.4521,1.46176,1.44834,1.45894,115193.51
2023-07-30,1.45765,1.46111,1.45706,1.4608,2891.59
2023-07-31,1.4608,1.46133,1.44836,1.45085,80226.12
2023-08-01,1.4509,1.46214,1.44966,1.46057,84975.84
2023-08-02,1.46059,1.46291,1.45507,1.46026,88365.4
2023-08-03,1.46023,1.46316,1.45765,1.46202,99269.9
2023-08-04,1.46205,1.47449,1.46088,1.47238,91808.65
2023-08-06,1.47095,1.47351,1.47095,1.47153,3849.25
2023-08-07,1.47152,1.4725,1.46745,1.47118,63397.61
2023-08-08,1.47117,1.47704,1.46893,1.47133,85708.79
2023-08-09,1.47135,1.47692,1.47088,1.47295,73394.72
2023-08-10,1.47299,1.47958,1.4719,1.47633,100862.76
2023-08-11,1.4763,1.48009,1.47041,1.47041,77293.95
2023-08-13,1.4702,1.47175,1.4702,1.47071,4781.1
2023-08-14,1.47071,1.47392,1.46557,1.46803,78615.54
2023-08-15,1.46801,1.476,1.46683,1.4709,96807.21
2023-08-16,1.4709,1.47603,1.47038,1.47196,88331.11
2023-08-17,1.47197,1.4742,1.4693,1.47291,91922.48
2023-08-18,1.47293,1.47579,1.47106,1.47303,85543.93
2023-08-20,1.47129,1.47356,1.47129,1.47257,2979.64
2023-08-21,1.47254,1.47847,1.47112,1.47613,71493.48
2023-08-22,1.47616,1.4784,1.46771,1.46957,72987.63
2023-08-23,1.46962,1.47358,1.46538,1.4693,82346.82
2023-08-24,1.46932,1.47196,1.46599,1.46717,77189.4
2023-08-25,1.46714,1.47191,1.46276,1.46855,85620.33
2023-08-27,1.46651,1.4684,1.46641,1.46776,3065.71
2023-08-28,1.46776,1.47265,1.46629,1.47231,59121.65
2023-08-29,1.47233,1.47656,1.46932,1.47368,79095.83
2023-08-30,1.47369,1.48235,1.47182,1.4791,81492.23
2023-08-31,1.47911,1.47979,1.46366,1.46481,91383.36
2023-09-01,1.46479,1.47324,1.46322,1.46395,85636.87
2023-09-03,1.46351,1.46522,1.4635,1.46483,2048.22
2023-09-04,1.46487,1.46937,1.46452,1.46749,37082.37
2023-09-05,1.46745,1.4702,1.45841,1.46271,83646.54
2023-09-06,1.46276,1.46747,1.45991,1.46257,79836.57
2023-09-07,1.46255,1.46623,1.45953,1.46363,70936.27
2023-09-08,1.46362,1.46613,1.45667,1.45917,75829.41
2023-09-10,1.46052,1.46109,1.45935,1.4604,6938.11
2023-09-11,1.46044,1.46147,1.45559,1.45945,66582.59
2023-09-12,1.45944,1.46208,1.45113,1.45727,65498.58
2023-09-13,1.45726,1.45925,1.45202,1.45444,87097.62
2023-09-14,1.45447,1.45493,1.43581,1.43733,87513.1
2023-09-15,1.43731,1.44592,1.43671,1.44147,67751.43
2023-09-17,1.4409,1.44268,1.44005,1.44252,2152.03
2023-09-18,1.44254,1.44302,1.43688,1.44193,56518.49
2023-09-19,1.4419,1.44204,1.43033,1.43582,61694.59
2023-09-20,1.43584,1.4395,1.43249,1.43521,86005.51
2023-09-21,1.4352,1.43976,1.4327,1.4367,90302.78
2023-09-22,1.43669,1.43703,1.42846,1.43452,74807.18
2023-09-24,1.4334,1.4355,1.4334,1.43506,5254.2
2023-09-25,1.43503,1.43619,1.42428,1.42455,69613.82
2023-09-26,1.42454,1.43254,1.42388,1.42884,87721.43
2023-09-27,1.42884,1.42968,1.41657,1.41816,99700.77
2023-09-28,1.41818,1.42658,1.41568,1.42489,135593.83
2023-09-29,1.4249,1.43614,1.42195,1.43524,111404.47
2023-10-01,1.43297,1.43451,1.43262,1.43384,4607.14
2023-10-02,1.43385,1.43736,1.43056,1.43314,102916.0
2023-10-03,1.43315,1.43952,1.43206,1.4351,134068.81
2023-10-04,1.43507,1.44672,1.43369,1.44399,124146.36
2023-10-05,1.44397,1.4489,1.44283,1.44555,123584.9
2023-10-06,1.44555,1.44969,1.43771,1.44637,119498.39
2023-10-08,1.44198,1.44412,1.44157,1.44352,7279.86
2023-10-09,1.44352,1.44377,1.4346,1.43657,92786.16
2023-10-10,1.4366,1.4425,1.43426,1.4404,117517.48
2023-10-11,1.44041,1.44542,1.43975,1.44423,112852.87
2023-10-12,1.44421,1.44476,1.43765,1.4417,100031.73
2023-10-13,1.44172,1.44394,1.4329,1.43478,98265.26
2023-10-15,1.43433,1.43688,1.43261,1.43549,4701.98
2023-10-16,1.43552,1.43851,1.43343,1.43695,80248.74
2023-10-17,1.43696,1.44502,1.43517,1.44341,90882.61
2023-10-18,1.44343,1.44526,1.4388,1.44501,105865.4
2023-10-19,1.44504,1.45289,1.44466,1.45192,128368.48
2023-10-20,1.45196,1.45294,1.44646,1.45274,93969.33
2023-10-22,1.45119,1.45281,1.45012,1.4513,3057.55
2023-10-23,1.4513,1.46093,1.4498,1.4605,97070.74
2023-10-24,1.46051,1.46151,1.4525,1.4559,93834.93
2023-10-25,1.45593,1.46028,1.45384,1.45833,87439.89
2023-10-26,1.45833,1.461,1.45381,1.45951,108066.7
2023-10-27,1.45948,1.46942,1.45568,1.46505,91415.86
2023-10-29,1.46322,1.46552,1.46322,1.46419,3104.12
2023-10-30,1.46418,1.471,1.46149,1.46782,78291.69
2023-10-31,1.46782,1.47465,1.465,1.46798,101692.6
2023-11-01,1.46794,1.46806,1.45986,1.46452,115789.58
2023-11-02,1.46451,1.47187,1.45734,1.45931,99066.26
2023-11-03,1.45934,1.46911,1.45888,1.46482,98733.34
2023-11-05,1.46365,1.46601,1.46365,1.46593,2949.65
2023-11-06,1.46595,1.46987,1.46441,1.46811,75432.72
2023-11-07,1.46813,1.47304,1.46709,1.47258,82118.16
2023-11-08,1.47261,1.47896,1.46936,1.47707,80942.62
2023-11-09,1.47707,1.47744,1.47172,1.47295,100502.5
2023-11-10,1.47296,1.47829,1.47077,1.47438,71164.55
2023-11-12,1.47363,1.47517,1.47197,1.47494,6023.91
2023-11-13,1.47492,1.47722,1.47402,1.47682,65985.35
2023-11-14,1.47683,1.49108,1.4761,1.49012,100800.43
2023-11-15,1.49016,1.49018,1.48101,1.48513,98913.73
2023-11-16,1.48515,1.49787,1.48379,1.49245,98602.22
2023-11-17,1.49249,1.49724,1.4892,1.49711,88234.25
2023-11-19,1.4952,1.49666,1.49518,1.49626,3159.68
2023-11-20,1.49624,1.50383,1.49512,1.50224,83418.38
2023-11-21,1.5022,1.50437,1.49318,1.49565,87924.63
2023-11-22,1.49565,1.49852,1.48944,1.49072,89775.95
2023-11-23,1.49074,1.49494,1.48948,1.49332,49645.46
2023-11-24,1.49339,1.49483,1.48678,1.48927,71535.19
2023-11-26,1.49154,1.49247,1.49038,1.49111,2508.48
2023-11-27,1.49118,1.49557,1.4898,1.49101,79764.27
2023-11-28,1.49096,1.49458,1.48675,1.4927,90337.57
2023-11-29,1.49158,1.49254,1.49149,1.4915,1168.95
2023-11-30,1.49141,1.49232,1.4751,1.47651,132307.6
2023-12-01,1.47651,1.47791,1.46392,1.46853,112296.89
2023-12-03,1.46835,1.46943,1.46789,1.46833,5926.93
2023-12-04,1.46835,1.47351,1.46259,1.46724,100146.56
2023-12-05,1.46728,1.47179,1.46338,1.46687,106942.66
2023-12-06,1.46687,1.467,1.46138,1.46323,93534.37
2023-12-07,1.46323,1.47008,1.4626,1.46697,101350.51
2023-12-08,1.46697,1.46735,1.45802,1.46186,100049.6
2023-12-10,1.46095,1.46237,1.46095,1.46199,3170.93
2023-12-11,1.46201,1.46526,1.45654,1.46171,75548.46
2023-12-12,1.4617,1.4692,1.4592,1.46693,87860.26
2023-12-13,1.46695,1.4714,1.4628,1.4701,104852.04
2023-12-14,1.4701,1.47637,1.46529,1.47352,148434.16
2023-12-15,1.47355,1.47368,1.45633,1.45689,111787.69
2023-12-17,1.45612,1.45785,1.45612,1.45784,2988.56
2023-12-18,1.45783,1.46437,1.45749,1.46343,77903.26
2023-12-19,1.46345,1.46827,1.46161,1.46441,80988.63
2023-12-20,1.46441,1.46454,1.45827,1.46179,82148.98
2023-12-21,1.46179,1.46681,1.45908,1.46189,107796.4
2023-12-22,1.46195,1.46482,1.45851,1.46102,82823.36
2023-12-25,1.45995,1.46148,1.45702,1.46016,2840.52
2023-12-26,1.46019,1.46217,1.45499,1.45714,34761.89
2023-12-27,1.45713,1.46858,1.45531,1.46663,58183.12
2023-12-28,1.46663,1.47168,1.46074,1.46422,95529.42
2023-12-29,1.46421,1.46896,1.45554,1.4622,64291.67
2024-01-01,1.46023,1.463,1.46023,1.46165,1986.01
2024-01-02,1.46168,1.46231,1.45486,1.45752,78936.58
2024-01-03,1.45754,1.46112,1.45527,1.45828,101647.58
2024-01-04,1.45832,1.46432,1.45582,1.46193,92318.48
2024-01-05,1.46191,1.46443,1.45646,1.46158,101794.14
2024-01-07,1.46096,1.46227,1.46021,1.46173,3322.68
2024-01-08,1.46173,1.4688,1.46058,1.46182,76853.04
2024-01-09,1.46184,1.46648,1.46041,1.46364,69215.45
2024-01-10,1.46358,1.46818,1.46236,1.46818,67488.45
2024-01-11,1.46821,1.47194,1.46451,1.46923,92341.11
2024-01-12,1.46921,1.4694,1.4626,1.46778,81391.91
2024-01-14,1.46665,1.46807,1.46631,1.46734,5485.05
2024-01-15,1.46734,1.47243,1.467,1.47047,52921.64
2024-01-16,1.47047,1.47263,1.46343,1.46737,110852.61
2024-01-17,1.46738,1.4716,1.46604,1.46971,92672.26
2024-01-18,1.46972,1.47083,1.46511,1.46711,99748.39
2024-01-19,1.46711,1.46863,1.46274,1.46274,75432.1
2024-01-21,1.46215,1.46375,1.46215,1.46293,5954.2
2024-01-22,1.46295,1.46732,1.46057,1.46599,64712.17
2024-01-23,1.46601,1.46926,1.45878,1.4609,69444.67
2024-01-24,1.46089,1.47217,1.46073,1.47161,90442.29
2024-01-25,1.47163,1.47348,1.46003,1.46192,97128.48
2024-01-26,1.46189,1.46297,1.45701,1.45987,68886.21
2024-01-28,1.45827,1.45939,1.45799,1.45885,5243.41
2024-01-29,1.45887,1.45946,1.45194,1.4529,67936.09
2024-01-30,1.45293,1.45692,1.44981,1.45304,75858.75
2024-01-31,1.45302,1.45723,1.44969,1.45105,138550.86
2024-02-01,1.45107,1.45579,1.45024,1.45537,121266.77
2024-02-02,1.45535,1.457,1.4507,1.45225,98822.23
2024-02-04,1.45127,1.45207,1.45099,1.45201,5607.11
2024-02-05,1.45203,1.45476,1.44935,1.45461,88756.86
2024-02-06,1.45462,1.4547,1.44914,1.45098,86709.97
2024-02-07,1.45098,1.45243,1.44819,1.45055,92553.85
2024-02-08,1.45053,1.45192,1.44812,1.4506,92274.64
2024-02-09,1.45061,1.45342,1.44561,1.45138,77430.4
2024-02-11,1.45079,1.45315,1.45056,1.45308,3545.11
2024-02-12,1.45308,1.45338,1.44716,1.44932,60752.27
2024-02-13,1.44932,1.45521,1.44678,1.45263,112013.5
2024-02-14,1.45263,1.45488,1.44778,1.45283,95900.29
2024-02-15,1.45284,1.45612,1.4493,1.45057,98115.35
2024-02-16,1.45057,1.45405,1.44899,1.45186,86038.11
2024-02-18,1.45113,1.45362,1.45113,1.45339,2247.88
2024-02-19,1.45336,1.45464,1.45089,1.45456,48061.18
2024-02-20,1.45455,1.46471,1.45346,1.46179,90707.03
2024-02-21,1.46181,1.46235,1.4594,1.46008,82224.72
2024-02-22,1.46006,1.46397,1.45765,1.45948,103368.2
2024-02-23,1.45947,1.46263,1.45774,1.46132,80488.89
2024-02-25,1.46105,1.46168,1.46009,1.46165,2540.62
2024-02-26,1.46166,1.46779,1.46128,1.46493,71980.66
2024-02-27,1.46491,1.46894,1.46293,1.46689,80983.69
2024-02-28,1.46692,1.47189,1.46609,1.47149,84805.59
2024-02-29,1.4715,1.47473,1.46521,1.46612,110301.18
2024-03-01,1.46609,1.47033,1.46595,1.46924,92566.87
2024-03-03,1.46774,1.4698,1.46774,1.46917,5269.09
2024-03-04,1.46916,1.47464,1.46904,1.47342,77876.66
2024-03-05,1.47342,1.47619,1.47171,1.47518,83035.59
2024-03-06,1.47525,1.47794,1.47062,1.47268,92668.43
2024-03-07,1.47267,1.47399,1.46571,1.4732,99731.17
2024-03-08,1.4732,1.47608,1.46806,1.47496,108349.28
2024-03-10,1.47397,1.47573,1.47389,1.47509,3545.86
2024-03-11,1.4751,1.47654,1.47184,1.4731,79788.66
2024-03-12,1.47312,1.47486,1.47173,1.47429,97555.0
2024-03-13,1.47431,1.47624,1.4725,1.47476,72227.37
2024-03-14,1.47476,1.47488,1.47146,1.47314,88314.7
2024-03-15,1.47313,1.47501,1.471,1.47358,68727.06
2024-03-17,1.47307,1.47475,1.47239,1.47419,3719.57
2024-03-18,1.47419,1.47672,1.47058,1.47165,56271.34
2024-03-19,1.47163,1.47785,1.47115,1.47438,79784.79
2024-03-20,1.47436,1.47643,1.47107,1.47349,90069.49
2024-03-21,1.47349,1.4745,1.46829,1.46929,95940.92
2024-03-22,1.46933,1.47196,1.46641,1.47024,66291.94
2024-03-24,1.46937,1.47105,1.46933,1.471,2180.56
2024-03-25,1.47098,1.47278,1.4695,1.47218,62134.6
2024-03-26,1.47217,1.47382,1.469,1.47136,61553.0
2024-03-27,1.47107,1.47337,1.46766,1.46884,70365.81
2024-03-28,1.4689,1.4699,1.45848,1.46063,107837.74
2024-03-29,1.46061,1.46325,1.45841,1.46031,83181.26
2024-03-31,1.46033,1.46166,1.45914,1.45938,5878.58
2024-04-01,1.45937,1.46263,1.45664,1.45738,55928.36
2024-04-02,1.45743,1.46242,1.45456,1.46056,67815.71
2024-04-03,1.46058,1.4663,1.46054,1.46561,69750.26
2024-04-04,1.46557,1.46934,1.46435,1.4676,76568.87
2024-04-05,1.46764,1.4742,1.46756,1.47258,84312.0
2024-04-07,1.47242,1.47343,1.47209,1.47326,4311.82
2024-04-08,1.47325,1.47501,1.47101,1.474,73189.99
2024-04-09,1.47398,1.47635,1.47248,1.47381,65936.99
2024-04-10,1.47379,1.47389,1.46683,1.47019,114866.03
2024-04-11,1.47021,1.4707,1.46655,1.46801,88801.14
2024-04-12,1.468,1.46852,1.46176,1.46544,100352.05
2024-04-14,1.46478,1.46624,1.4632,1.46478,6107.54
2024-04-15,1.46477,1.46649,1.46112,1.46475,109744.87
2024-04-16,1.46474,1.4729,1.46374,1.46769,137202.24
2024-04-17,1.46767,1.47103,1.46712,1.46917,101431.45
2024-04-18,1.46918,1.46967,1.4647,1.46546,95438.92
2024-04-19,1.46546,1.46802,1.46387,1.465,137821.58
2024-04-21,1.46377,1.4653,1.46268,1.46422,3287.98
2024-04-22,1.46425,1.46456,1.45804,1.45949,75328.2
2024-04-23,1.45949,1.46436,1.45794,1.46208,90972.29
2024-04-24,1.4621,1.46704,1.46092,1.46624,76568.54
2024-04-25,1.46624,1.46907,1.46392,1.46511,94573.65
2024-04-26,1.4651,1.46645,1.46079,1.46114,86168.58
2024-04-28,1.46072,1.46238,1.46001,1.46205,2519.67
2024-04-29,1.46205,1.46505,1.46055,1.46436,100500.13
2024-04-30,1.46437,1.47276,1.46355,1.46944,93868.07
2024-05-01,1.46944,1.47275,1.46755,1.4708,95458.17
2024-05-02,1.47079,1.47094,1.46418,1.46633,86973.87
2024-05-03,1.46631,1.47457,1.46588,1.47187,105635.77
2024-05-05,1.47127,1.47298,1.47114,1.47294,2360.14
2024-05-06,1.47293,1.47402,1.47019,1.47189,52268.23
2024-05-07,1.47188,1.47739,1.47163,1.47625,66908.18
2024-05-08,1.47626,1.47866,1.47373,1.47521,59929.44
2024-05-09,1.47522,1.47619,1.47193,1.47464,65498.13
2024-05-10,1.47462,1.47572,1.46931,1.47202,59941.47
2024-05-12,1.47156,1.47349,1.47106,1.47305,2343.73
2024-05-13,1.47305,1.47726,1.47296,1.47478,49469.92
2024-05-14,1.4748,1.47825,1.47347,1.47641,63861.74
2024-05-15,1.47641,1.48144,1.47499,1.48052,74012.57
2024-05-16,1.48052,1.4821,1.47763,1.4796,63598.52
2024-05-17,1.4796,1.48095,1.47711,1.4793,49440.37
2024-05-19,1.47925,1.47972,1.47837,1.47954,1681.28
2024-05-20,1.47956,1.48117,1.47747,1.47949,51551.32
2024-05-21,1.47949,1.48339,1.47831,1.48052,86244.43
2024-05-22,1.48048,1.48292,1.47903,1.48189,57487.29
2024-05-23,1.4819,1.4849,1.47892,1.48468,73245.54
2024-05-24,1.48463,1.48822,1.48107,1.48204,57630.62
2024-05-26,1.48174,1.48278,1.48088,1.48269,2383.83
2024-05-27,1.48267,1.48371,1.47797,1.48019,38870.94
2024-05-28,1.48016,1.48345,1.47996,1.48084,70594.4
2024-05-29,1.48085,1.48461,1.47911,1.48169,74366.35
2024-05-30,1.48146,1.484,1.48075,1.48201,79423.86
2024-05-31,1.48201,1.48382,1.4774,1.4782,86245.36
2024-06-02,1.47776,1.47916,1.47733,1.47792,4216.71
2024-06-03,1.47798,1.48698,1.47687,1.48646,78039.04
2024-06-04,1.48644,1.48961,1.48543,1.48822,83272.45
2024-06-05,1.48817,1.49282,1.48558,1.48852,73060.58
2024-06-06,1.4885,1.49227,1.48745,1.48865,72761.92
2024-06-07,1.48866,1.49073,1.48433,1.48671,88823.08
2024-06-09,1.48099,1.48373,1.48086,1.48291,5959.34
2024-06-10,1.48294,1.48372,1.47812,1.481,67697.92
2024-06-11,1.48098,1.48254,1.47625,1.47722,73139.31
2024-06-12,1.47721,1.48584,1.47629,1.48354,112262.74
2024-06-13,1.48352,1.48605,1.47421,1.4757,87867.47
2024-06-14,1.4757,1.47646,1.46861,1.46974,97546.57
2024-06-16,1.46986,1.4704,1.46901,1.46989,3738.93
2024-06-17,1.46988,1.47494,1.46928,1.47278,74540.73
2024-06-18,1.4728,1.4754,1.47135,1.47291,78981.22
2024-06-19,1.47283,1.47423,1.47138,1.47289,41936.79
2024-06-20,1.47287,1.47373,1.46368,1.46501,71443.08
2024-06-21,1.46496,1.46638,1.46126,1.46381,73184.15
2024-06-23,1.46159,1.46443,1.46159,1.46418,3636.66
2024-06-24,1.46422,1.46952,1.46396,1.46575,66084.69
2024-06-25,1.46576,1.46592,1.45762,1.46298,64489.0
2024-06-26,1.46296,1.46413,1.46014,1.46352,75426.44
2024-06-27,1.46353,1.46807,1.46187,1.46687,72131.4
2024-06-28,1.46688,1.46805,1.4631,1.46521,94023.64
2024-06-30,1.46701,1.46869,1.46693,1.46783,4105.62
2024-07-01,1.46783,1.47551,1.46781,1.47482,77468.68
2024-07-02,1.47486,1.47624,1.46807,1.46997,68858.98
2024-07-03,1.46992,1.47349,1.46902,1.47098,68476.08
2024-07-04,1.47099,1.4721,1.46947,1.47179,35490.7
2024-07-05,1.47174,1.4787,1.47058,1.47782,73505.94
2024-07-07,1.47321,1.47755,1.47321,1.47662,4894.08
2024-07-08,1.47663,1.47863,1.47478,1.47607,61003.54
2024-07-09,1.47608,1.47692,1.47318,1.47416,59753.5
2024-07-10,1.47415,1.4761,1.47271,1.47521,51171.32
2024-07-11,1.47521,1.48253,1.4751,1.48142,94798.79
2024-07-12,1.48141,1.48722,1.48004,1.48615,78697.61
2024-07-14,1.48434,1.48627,1.48238,1.48556,5947.15
2024-07-15,1.48558,1.4915,1.48554,1.49057,72903.65
2024-07-16,1.49055,1.49223,1.48732,1.49021,74541.73
2024-07-17,1.49022,1.49741,1.49016,1.49638,90282.22
2024-07-18,1.49637,1.4967,1.4923,1.49366,79442.94
2024-07-19,1.49367,1.49668,1.49182,1.49399,73800.27
2024-07-21,1.49218,1.49431,1.49218,1.49389,5190.06
2024-07-22,1.49391,1.49859,1.49345,1.49838,66042.25
2024-07-23,1.49839,1.49945,1.49312,1.49566,60459.23
2024-07-24,1.49565,1.49974,1.49323,1.49672,82709.18
2024-07-25,1.49673,1.50234,1.49667,1.49946,107766.93
2024-07-26,1.4995,1.50341,1.49757,1.5017,64702.72
2024-07-28,1.5002,1.50184,1.5002,1.50088,3242.64
2024-07-29,1.50087,1.50212,1.49604,1.49901,64666.48
2024-07-30,1.499,1.50017,1.49515,1.49765,72587.38
2024-07-31,1.49763,1.49958,1.49191,1.49443,107975.52
2024-08-01,1.49442,1.49789,1.4904,1.49721,103872.55
2024-08-02,1.49722,1.51389,1.49557,1.51279,144678.81
2024-08-04,1.51255,1.51472,1.51247,1.5146,9412.22
2024-08-05,1.51456,1.52265,1.5113,1.51164,271867.53
2024-08-06,1.51164,1.51419,1.50342,1.50632,186129.16
2024-08-07,1.50631,1.50659,1.49934,1.50254,134329.65
2024-08-08,1.50252,1.50313,1.4969,1.49917,116174.86
2024-08-09,1.49918,1.50084,1.49783,1.49783,77079.51
2024-08-11,1.49769,1.49951,1.49769,1.49882,4923.95
2024-08-12,1.49888,1.50295,1.49784,1.50273,65199.07
2024-08-13,1.50272,1.50814,1.49917,1.50739,81039.23
2024-08-14,1.50736,1.51373,1.5066,1.51028,81704.66
2024-08-15,1.51031,1.51061,1.50294,1.50687,71565.64
2024-08-16,1.50688,1.50984,1.50633,1.50831,55583.43
2024-08-18,1.50702,1.50887,1.50702,1.50796,3870.65
2024-08-19,1.50794,1.512,1.50705,1.51107,67724.25
2024-08-20,1.51109,1.5159,1.50765,1.51516,77051.05
2024-08-21,1.51514,1.51757,1.50981,1.51504,89187.63
2024-08-22,1.51503,1.51539,1.5101,1.51209,82069.09
2024-08-23,1.51209,1.51299,1.50789,1.5119,94358.89
2024-08-25,1.51009,1.51232,1.50995,1.51139,5013.87
2024-08-26,1.51135,1.51229,1.50324,1.50508,76319.25
2024-08-27,1.50511,1.50588,1.50166,1.50296,72979.05
2024-08-28,1.50295,1.50313,1.4962,1.499,86504.22
2024-08-29,1.49901,1.49935,1.4904,1.49451,95332.14
2024-08-30,1.49453,1.49484,1.48885,1.4905,94651.42
2024-09-01,1.48962,1.49029,1.48858,1.48995,2866.02
2024-09-02,1.48996,1.49465,1.4896,1.49373,43897.66
2024-09-03,1.49373,1.4993,1.49165,1.49627,96123.08
2024-09-04,1.49624,1.49917,1.49453,1.49657,91967.59
2024-09-05,1.49656,1.50257,1.49596,1.49979,100530.32
2024-09-06,1.4998,1.50551,1.49359,1.50431,145302.75
2024-09-08,1.50247,1.50447,1.50247,1.50358,4006.04
2024-09-09,1.50354,1.50371,1.49531,1.49671,85037.54
2024-09-10,1.4967,1.50088,1.49622,1.49974,81442.83
2024-09-11,1.49974,1.50249,1.49399,1.49483,117856.39
2024-09-12,1.49481,1.50395,1.49358,1.50378,98073.26
2024-09-13,1.50378,1.50729,1.50311,1.50311,87346.12
2024-09-15,1.50445,1.5062,1.50445,1.50543,3216.3
2024-09-16,1.50542,1.51316,1.50526,1.51198,82023.91
2024-09-17,1.51199,1.51567,1.50985,1.51182,93801.19
2024-09-18,1.51181,1.51587,1.50948,1.51228,143171.13
2024-09-19,1.51227,1.5139,1.50943,1.51346,141791.38
2024-09-20,1.51347,1.51621,1.51237,1.51429,107587.88
2024-09-22,1.51273,1.51452,1.51236,1.51373,3245.7
2024-09-23,1.51372,1.5139,1.50033,1.50323,111609.35
2024-09-24,1.50321,1.5058,1.50023,1.5018,98886.36
2024-09-25,1.50181,1.50631,1.49916,1.50055,93985.03
2024-09-26,1.50055,1.50666,1.49902,1.50617,127540.42
2024-09-27,1.50618,1.50977,1.50066,1.50832,134070.08
2024-09-29,1.5061,1.50935,1.50599,1.50881,5669.94
2024-09-30,1.5088,1.51506,1.5037,1.50621,125002.71
2024-10-01,1.50622,1.50713,1.49172,1.49305,139972.77
2024-10-02,1.49306,1.49398,1.48737,1.4918,103940.51
2024-10-03,1.49181,1.49551,1.48998,1.49499,115125.96
2024-10-04,1.49499,1.49677,1.48737,1.4897,115689.74
2024-10-06,1.48664,1.48989,1.48619,1.48983,4389.3
2024-10-07,1.48988,1.49594,1.48875,1.49466,102225.05
2024-10-08,1.49469,1.50001,1.49458,1.49851,103085.07
2024-10-09,1.499792,1.500026,1.499656,1.499882,0.0
2024-10-10,1.499939,1.50012,1.499784,1.49984,0.0
2024-10-11,1.50287,1.50813,1.50149,1.50447,69386.19
2024-10-13,1.50339,1.50596,1.5032,1.5054,3811.47
2024-10-14,1.50542,1.50793,1.50199,1.50561,72507.1
2024-10-15,1.50559,1.50952,1.49934,1.49969,82563.19
2024-10-16,1.49968,1.50226,1.49265,1.49361,86303.67
2024-10-17,1.4936,1.49834,1.4901,1.49392,98836.1
2024-10-18,1.49395,1.50066,1.49371,1.4986,76640.67
2024-10-20,1.49805,1.50035,1.49805,1.49971,4020.87
2024-10-21,1.49971,1.50074,1.4941,1.49612,74492.25
2024-10-22,1.49611,1.49853,1.49088,1.49174,80193.25
2024-10-23,1.49172,1.4935,1.48908,1.49152,89237.0
2024-10-24,1.49154,1.50021,1.4885,1.49941,96970.78
2024-10-25,1.4994,1.50236,1.49783,1.4993,75084.75
2024-10-27,1.49842,1.50067,1.49757,1.50011,5038.22
2024-10-28,1.5001,1.5044,1.49866,1.50227,73180.99
2024-10-29,1.50228,1.50567,1.49715,1.50553,97257.59
2024-10-30,1.50552,1.5118,1.50524,1.51007,104854.55
2024-10-31,1.51005,1.51664,1.50885,1.51661,110122.02
2024-11-01,1.51659,1.51678,1.50994,1.51157,103963.51
2024-11-03,1.5142,1.51467,1.51329,1.51347,5022.24
2024-11-04,1.51347,1.51698,1.51077,1.51191,96113.37
2024-11-05,1.51144,1.51395,1.50893,1.5125,92830.97
2024-11-06,1.51251,1.51251,1.48613,1.49658,311582.26
2024-11-07,1.49658,1.49995,1.49148,1.49707,206924.33
2024-11-08,1.49708,1.49908,1.48814,1.49067,131951.96
2024-11-10,1.4887,1.49029,1.48866,1.49013,4179.24
2024-11-11,1.49012,1.49264,1.48145,1.48422,107331.4
2024-11-12,1.48424,1.48441,1.47783,1.48039,116878.06
2024-11-13,1.48043,1.48447,1.47606,1.47816,130740.86
2024-11-14,1.47816,1.4835,1.47106,1.4805,171830.41
2024-11-15,1.4805,1.48663,1.48029,1.4848,147336.2
2024-11-17,1.48299,1.48423,1.48279,1.48408,3547.29
2024-11-18,1.48408,1.48896,1.48307,1.48549,113245.33
2024-11-19,1.48549,1.48566,1.47648,1.48015,146415.68
2024-11-20,1.48015,1.4803,1.47176,1.47291,104016.14
2024-11-21,1.4729,1.47413,1.4614,1.46389,126428.58
2024-11-22,1.46384,1.4656,1.44847,1.45639,142089.12
2024-11-24,1.46063,1.46301,1.45862,1.46,8616.22
2024-11-25,1.46,1.47583,1.4593,1.4722,140307.63
2024-11-26,1.47222,1.48473,1.47151,1.47426,165678.64
2024-11-27,1.47425,1.4859,1.47311,1.48122,138962.58
2024-11-28,1.48126,1.48128,1.47494,1.47917,85568.38
2024-11-29,1.47917,1.48246,1.47684,1.47913,153563.63
2024-12-01,1.47825,1.47895,1.47644,1.47748,7694.11
2024-12-02,1.4775,1.4784,1.47221,1.47487,160327.84
2024-12-03,1.47488,1.48017,1.4723,1.47814,126017.2
2024-12-04,1.47815,1.48309,1.47369,1.47915,137648.09
2024-12-05,1.47917,1.48583,1.47861,1.48402,101268.91
2024-12-06,1.48401,1.4962,1.48324,1.49513,127888.41
2024-12-08,1.49342,1.49659,1.49341,1.49472,4211.38
2024-12-09,1.49474,1.496,1.48987,1.49592,98987.4
2024-12-10,1.49591,1.49736,1.48729,1.49265,101394.34
2024-12-11,1.49266,1.49443,1.48195,1.4856,127517.04
2024-12-12,1.48579,1.49094,1.48343,1.48877,154902.93
2024-12-13,1.48876,1.49635,1.48758,1.49454,108758.0
2024-12-15,1.49133,1.49506,1.49133,1.49496,3858.95
2024-12-16,1.49494,1.49752,1.49304,1.49691,101377.53
2024-12-17,1.4969,1.50473,1.49647,1.50164,89227.06
2024-12-18,1.50163,1.50591,1.49288,1.49665,149003.82
2024-12-19,1.49667,1.50182,1.48749,1.49261,159824.72
2024-12-20,1.49263,1.49966,1.49102,1.49886,134261.3
2024-12-22,1.49765,1.50038,1.49751,1.49807,3916.06
2024-12-23,1.49804,1.50117,1.49326,1.49525,97266.43
2024-12-24,1.49527,1.49935,1.49022,1.49183,63479.56
2024-12-25,1.4922,1.4953,1.49195,1.49234,1704.36
2024-12-26,1.49234,1.50239,1.49215,1.50158,59030.8
2024-12-27,1.50158,1.50498,1.49858,1.50219,72083.2
2024-12-29,1.50244,1.50327,1.50176,1.50187,2988.63
2024-12-30,1.50195,1.50381,1.49105,1.49313,102617.32
2024-12-31,1.49315,1.49789,1.48805,1.48868,99836.92
2025-01-01,1.48787,1.48915,1.4873,1.48767,3065.32
2025-01-02,1.48767,1.49364,1.4758,1.47887,134275.42
2025-01-03,1.4789,1.48945,1.47689,1.4889,96128.5
2025-01-05,1.4877,1.48886,1.48716,1.48782,3123.61
2025-01-06,1.48782,1.494,1.48319,1.48898,166526.39
2025-01-07,1.48893,1.49251,1.48402,1.4855,185300.73
2025-01-08,1.48549,1.48603,1.47913,1.48252,143753.44
2025-01-09,1.48251,1.48468,1.48022,1.48275,87502.76
2025-01-10,1.48277,1.48566,1.47393,1.47687,135226.68
2025-01-12,1.47568,1.47742,1.47568,1.47641,3663.44
2025-01-13,1.47642,1.47809,1.46823,1.47419,141481.82
2025-01-14,1.47421,1.48021,1.47251,1.47895,133450.91
2025-01-15,1.47896,1.48191,1.47211,1.47453,125904.19
2025-01-16,1.47451,1.48362,1.47415,1.48279,119766.65
2025-01-17,1.48277,1.48744,1.48069,1.48691,116149.25
2025-01-19,1.48564,1.48786,1.48555,1.48752,4011.67
2025-01-20,1.48752,1.49335,1.48636,1.49029,143532.47
2025-01-21,1.49031,1.50483,1.48985,1.49217,181640.29
2025-01-22,1.49216,1.49951,1.49116,1.49808,109136.05
2025-01-23,1.49806,1.50033,1.49344,1.4974,132001.69
2025-01-24,1.49741,1.50767,1.49653,1.50528,130733.45
2025-01-26,1.50392,1.50666,1.50392,1.50574,4356.0
2025-01-27,1.50574,1.51289,1.50304,1.50338,166508.69
2025-01-28,1.50339,1.50407,1.49898,1.50163,132431.36
2025-01-29,1.50163,1.50604,1.49955,1.50055,147991.93
2025-01-30,1.50058,1.51705,1.49706,1.50668,141805.03
2025-01-31,1.5067,1.50895,1.49803,1.50549,210591.97
2025-02-02,1.50876,1.512,1.50533,1.50735,19250.69
2025-02-03,1.50734,1.51209,1.48832,1.48929,324081.95
2025-02-04,1.48926,1.49442,1.48459,1.48699,157219.7
2025-02-05,1.48699,1.4906,1.48511,1.48833,125853.56
2025-02-06,1.48835,1.49105,1.48336,1.48576,107951.17
2025-02-07,1.48573,1.48814,1.47415,1.47555,141373.51
2025-02-09,1.4759,1.47977,1.47476,1.47745,4849.68
2025-02-10,1.47747,1.48144,1.47435,1.47685,91551.69
2025-02-11,1.47684,1.48223,1.47571,1.48043,85585.95
2025-02-12,1.48053,1.48729,1.47804,1.48575,132450.18
2025-02-13,1.48575,1.48974,1.4789,1.48472,143390.99
2025-02-14,1.4847,1.48909,1.48196,1.4871,102553.89
2025-02-16,1.48498,1.48812,1.48498,1.48723,4586.22
2025-02-17,1.48723,1.48844,1.48474,1.48715,62906.74
2025-02-18,1.48716,1.48784,1.4806,1.48245,89688.71
2025-02-19,1.48243,1.48424,1.47997,1.48372,101556.47
2025-02-20,1.48372,1.48867,1.48227,1.48828,101644.51
2025-02-21,1.4883,1.48954,1.48278,1.48791,110760.27
2025-02-23,1.48792,1.49003,1.4868,1.48827,3634.83
2025-02-24,1.48829,1.49365,1.48687,1.49352,119843.97
2025-02-25,1.49354,1.50543,1.49161,1.50449,115635.66
2025-02-26,1.50448,1.50941,1.50077,1.50349,123406.05
2025-02-27,1.50349,1.50631,1.49968,1.50141,127841.08
2025-02-28,1.50139,1.50424,1.49725,1.50051,126912.64
2025-03-02,1.50232,1.50471,1.50132,1.50378,5003.22
2025-03-03,1.50376,1.52301,1.50023,1.51959,143452.22
2025-03-04,1.51959,1.53742,1.51519,1.52944,214837.78
2025-03-05,1.52943,1.55385,1.52855,1.54762,219683.24
2025-03-06,1.54761,1.55663,1.54005,1.5417,196400.6
2025-03-07,1.54167,1.5653,1.5416,1.55583,162259.24
2025-03-09,1.55736,1.56156,1.55686,1.56081,9408.06
2025-03-10,1.56081,1.56648,1.55247,1.56362,161455.27
2025-03-11,1.56364,1.58563,1.56352,1.57532,182868.63
2025-03-12,1.57533,1.57795,1.56202,1.56282,138788.36
2025-03-13,1.56283,1.5696,1.55735,1.56589,148194.99
2025-03-14,1.56587,1.5738,1.56147,1.56294,131173.26
2025-03-16,1.56235,1.56406,1.56177,1.56363,3796.03
2025-03-17,1.56363,1.56606,1.55823,1.561,95230.09
2025-03-18,1.56098,1.56707,1.55622,1.56402,101009.43
2025-03-19,1.564,1.5654,1.5569,1.56255,112936.78
2025-03-20,1.5625,1.56373,1.55229,1.55458,101405.19
2025-03-21,1.55459,1.55685,1.54976,1.5515,92327.13
2025-03-23,1.5507,1.55312,1.54989,1.55304,3176.25
2025-03-24,1.55303,1.55537,1.54182,1.54638,94173.16
2025-03-25,1.54639,1.54799,1.53918,1.53976,88847.5
2025-03-26,1.53972,1.54102,1.53012,1.53526,112563.75
2025-03-27,1.53528,1.54731,1.53498,1.54513,110957.6
2025-03-28,1.54514,1.55135,1.54072,1.54892,101201.04
2025-03-30,1.54699,1.55003,1.54644,1.5486,7147.11
2025-03-31,1.54863,1.55714,1.54862,1.55657,123861.91
2025-04-01,1.55658,1.55854,1.54211,1.54275,121056.38
2025-04-02,1.54275,1.55827,1.53742,1.54995,152105.16
2025-04-03,1.54995,1.57291,1.54944,1.55534,258296.32
2025-04-04,1.55535,1.57392,1.55238,1.5585,329154.07
2025-04-06,1.5524,1.56592,1.54947,1.56405,36241.8
2025-04-07,1.56404,1.57297,1.54957,1.55393,375217.64
2025-04-08,1.55394,1.56612,1.54288,1.56482,367594.49
2025-04-09,1.56481,1.57446,1.54019,1.54405,514460.25
2025-04-10,1.54407,1.57177,1.54153,1.57056,405251.53
2025-04-11,1.57048,1.59311,1.56779,1.57422,466102.25
2025-04-13,1.56681,1.57379,1.56681,1.5735,18315.51
2025-04-14,1.57347,1.58159,1.56908,1.57563,282267.3
2025-04-15,1.57565,1.57741,1.56707,1.57583,235382.28
2025-04-16,1.57583,1.58517,1.57561,1.57912,258231.65
2025-04-17,1.57912,1.58008,1.56939,1.57344,214975.1
2025-04-18,1.57344,1.57972,1.57223,1.57607,397593.09
2025-04-20,1.57661,1.58359,1.57567,1.58262,14642.37
2025-04-21,1.58262,1.59594,1.58259,1.59258,185434.28
2025-04-22,1.59265,1.59433,1.56652,1.57169,230623.16
2025-04-23,1.57169,1.57923,1.56859,1.57159,245711.9
2025-04-24,1.57164,1.57979,1.57074,1.57557,171153.5
2025-04-25,1.57555,1.57871,1.56999,1.57385,143435.73
2025-04-27,1.57439,1.57445,1.57194,1.57349,7476.17
2025-04-28,1.57349,1.58179,1.57209,1.5777,152377.73
2025-04-29,1.5777,1.5809,1.57262,1.57442,162044.97
2025-04-30,1.57444,1.57541,1.56025,1.56147,166540.7
2025-05-01,1.56148,1.56577,1.55752,1.56412,135161.85
2025-05-02,1.5641,1.56897,1.55942,1.56103,175588.76
2025-05-04,1.55772,1.56518,1.55761,1.56497,7337.29
2025-05-05,1.56496,1.56915,1.56059,1.5635,236972.74
2025-05-06,1.56349,1.56719,1.55965,1.5615,155400.34
2025-05-07,1.56149,1.56842,1.56037,1.5636,180956.43
2025-05-08,1.56364,1.57102,1.56045,1.56305,180806.56
2025-05-09,1.56309,1.5725,1.56076,1.56741,113924.35
2025-05-11,1.55632,1.56439,1.55464,1.56367,8369.01
2025-05-12,1.5637,1.5663,1.5482,1.55037,213329.71
2025-05-13,1.55036,1.56151,1.55025,1.55842,139358.46
2025-05-14,1.55843,1.56737,1.55711,1.56267,166750.59
2025-05-15,1.56264,1.56924,1.56005,1.5619,125212.14
2025-05-16,1.56191,1.56462,1.55655,1.55866,116231.38
2025-05-18,1.55997,1.5619,1.5595,1.56095,6991.98
2025-05-19,1.56095,1.57412,1.56054,1.56767,132277.07
2025-05-20,1.56775,1.57141,1.56375,1.56988,131241.9
2025-05-21,1.56991,1.57595,1.56664,1.57044,163836.84
2025-05-22,1.57042,1.57127,1.56082,1.5634,176563.32
2025-05-23,1.56343,1.57043,1.55771,1.56028,169810.43
2025-05-25,1.55869,1.56236,1.55841,1.56228,10044.86
2025-05-26,1.56223,1.56466,1.55955,1.56421,92430.42
2025-05-27,1.56424,1.56752,1.55927,1.56545,136305.39
2025-05-28,1.56548,1.56704,1.55345,1.55538,159387.06
2025-05-29,1.55538,1.57094,1.55483,1.57063,167830.08
2025-05-30,1.57064,1.57214,1.55745,1.55856,165031.42
2025-06-01,1.55732,1.55927,1.55732,1.55806,6414.5
2025-06-02,1.55804,1.57036,1.55804,1.57011,141233.15
2025-06-03,1.57016,1.57073,1.55876,1.56121,124437.05
2025-06-04,1.56128,1.56401,1.55883,1.56223,130663.68
2025-06-05,1.56223,1.56808,1.55877,1.56524,147606.27
2025-06-06,1.56521,1.56541,1.55727,1.5601,136154.3
2025-06-08,1.55891,1.56241,1.55891,1.56167,3308.34
2025-06-09,1.56167,1.56544,1.55857,1.56535,92604.86
2025-06-10,1.56533,1.56665,1.56045,1.56318,112932.67
2025-06-11,1.5632,1.57276,1.55997,1.57271,119876.95
2025-06-12,1.57272,1.58422,1.57102,1.57822,144213.51
2025-06-13,1.57815,1.5788,1.56694,1.56811,188980.13
2025-06-15,1.56537,1.56811,1.56512,1.56703,11608.81
2025-06-16,1.56701,1.57325,1.56676,1.56798,133392.71
2025-06-17,1.56799,1.57151,1.56441,1.57104,145989.29
2025-06-18,1.57102,1.57757,1.56902,1.57151,165085.66
2025-06-19,1.57149,1.5767,1.57012,1.57641,117174.35
2025-06-20,1.57642,1.5849,1.57577,1.58183,110281.82
2025-06-22,1.57364,1.58103,1.57364,1.58006,12525.48
2025-06-23,1.58005,1.59298,1.57908,1.59225,170726.69
2025-06-24,1.59226,1.59508,1.58743,1.59377,149001.36
2025-06-25,1.59378,1.602,1.59114,1.60175,115906.09
2025-06-26,1.60175,1.60638,1.59365,1.59503,152659.4
2025-06-27,1.59507,1.6091,1.59425,1.60275,142425.97
2025-06-29,1.60432,1.60596,1.60307,1.60433,7906.92
2025-06-30,1.60434,1.60578,1.5998,1.60355,138853.07
2025-07-01,1.60356,1.61088,1.60138,1.61034,129917.94
2025-07-02,1.61035,1.61054,1.60132,1.60314,120997.04
2025-07-03,1.60315,1.60489,1.59284,1.59753,131415.09
2025-07-04,1.59755,1.6034,1.59601,1.60023,118320.31
2025-07-06,1.60214,1.60288,1.6007,1.60239,3743.44
2025-07-07,1.60239,1.60525,1.59776,1.60364,120690.69
2025-07-08,1.60367,1.60488,1.59883,1.6023,128124.8
2025-07-09,1.60232,1.60625,1.60096,1.60612,110599.05
2025-07-10,1.6061,1.60709,1.59669,1.59782,105072.66
2025-07-11,1.59783,1.60303,1.5963,1.59935,133837.28
2025-07-13,1.59759,1.60011,1.5967,1.59885,6961.83
2025-07-14,1.59886,1.60082,1.595,1.59869,102530.21
2025-07-15,1.59869,1.60119,1.58948,1.59198,113040.77
2025-07-16,1.592,1.60376,1.58964,1.5926,146482.41
2025-07-17,1.59258,1.59644,1.58868,1.59537,99209.89
2025-07-18,1.59538,1.59949,1.59459,1.59467,84946.47
2025-07-20,1.59356,1.5964,1.59355,1.59588,5006.13
2025-07-21,1.59587,1.60287,1.59457,1.59926,83203.17
2025-07-22,1.59932,1.60124,1.59676,1.59681,94278.45
2025-07-23,1.59679,1.60189,1.59191,1.60114,114476.86
2025-07-24,1.60112,1.60581,1.59747,1.60324,109489.59
2025-07-25,1.60323,1.61027,1.6016,1.60841,114763.47
2025-07-27,1.60932,1.61222,1.60925,1.61069,4512.21
2025-07-28,1.61068,1.61159,1.59059,1.59257,121193.81
2025-07-29,1.59256,1.59316,1.58513,1.59097,120396.17
2025-07-30,1.59094,1.59237,1.57561,1.57982,149114.28
2025-07-31,1.57983,1.58484,1.57745,1.5828,128572.38
2025-08-01,1.58279,1.59828,1.5799,1.59687,179650.1
2025-08-03,1.59617,1.59835,1.59553,1.5964,5987.64
2025-08-04,1.59641,1.59653,1.5917,1.59486,117777.79
2025-08-05,1.59486,1.59622,1.58961,1.59438,107838.89
2025-08-06,1.5944,1.60304,1.59292,1.60219,95573.53
2025-08-07,1.6022,1.60524,1.59787,1.60341,119654.12
2025-08-08,1.60344,1.60437,1.59681,1.60079,83700.57
2025-08-10,1.60017,1.60218,1.60017,1.60181,2409.0
2025-08-11,1.60182,1.60512,1.5984,1.6,77343.53
2025-08-12,1.60002,1.60875,1.59952,1.60792,124854.46
2025-08-13,1.60791,1.61337,1.60755,1.61044,83776.83
2025-08-14,1.61044,1.61124,1.60652,1.60924,105284.34
2025-08-15,1.60922,1.61735,1.60877,1.61657,74368.51
2025-08-17,1.61615,1.61824,1.61614,1.61709,2518.83
2025-08-18,1.61712,1.61718,1.6084,1.61036,72042.98
2025-08-19,1.61036,1.61735,1.60789,1.6141,84511.85
2025-08-20,1.61411,1.61829,1.61222,1.61615,86627.58
2025-08-21,1.61614,1.61837,1.61242,1.61418,89433.21
2025-08-22,1.61415,1.62248,1.61153,1.62015,129361.74
2025-08-24,1.61935,1.62073,1.61908,1.61908,4198.37
2025-08-25,1.61909,1.62038,1.60855,1.60954,86390.09
2025-08-26,1.60955,1.61435,1.60854,1.60977,126931.09
2025-08-27,1.60978,1.61012,1.6027,1.60481,109517.76
2025-08-28,1.60482,1.60818,1.6026,1.606,113397.42
2025-08-29,1.60601,1.60768,1.60275,1.60562,115809.92
2025-08-31,1.60521,1.60665,1.6051,1.606,2209.95
2025-09-01,1.60599,1.61246,1.60586,1.61047,77262.9
2025-09-02,1.6105,1.6107,1.60128,1.60343,157617.04
2025-09-03,1.60345,1.61038,1.60241,1.60811,123112.11
2025-09-04,1.60811,1.61127,1.6072,1.61031,121584.43
2025-09-05,1.61028,1.62566,1.60977,1.62011,139909.15
2025-09-07,1.61943,1.6216,1.61897,1.62031,6507.15
2025-09-08,1.62033,1.62479,1.61788,1.62345,124402.72
2025-09-09,1.62346,1.62576,1.61923,1.62016,129853.32
2025-09-10,1.62016,1.62437,1.61902,1.62175,134673.58
2025-09-11,1.62176,1.62682,1.61901,1.62312,149077.05
2025-09-12,1.62311,1.62519,1.62071,1.62361,113744.06
2025-09-14,1.62283,1.62391,1.6225,1.62259,3135.04
2025-09-15,1.62261,1.62754,1.6195,1.62019,80490.95
2025-09-16,1.62016,1.63179,1.61959,1.63086,117405.9
2025-09-17,1.63087,1.63594,1.62541,1.62814,131417.36
2025-09-18,1.62815,1.63125,1.62202,1.62582,133947.96
2025-09-19,1.62583,1.62634,1.61693,1.61779,109755.65
2025-09-21,1.61696,1.61867,1.61696,1.61745,3136.95
2025-09-22,1.61743,1.63191,1.6169,1.63138,91286.78
2025-09-23,1.63136,1.63579,1.62921,1.63498,103069.19
2025-09-24,1.63497,1.63501,1.62802,1.63148,106382.22
2025-09-25,1.63147,1.63289,1.62239,1.6257,118283.46
2025-09-26,1.62569,1.63178,1.6254,1.63115,103166.2
2025-09-28,1.62905,1.63228,1.62905,1.63139,3073.47
2025-09-29,1.63141,1.63711,1.62945,1.63245,92277.96
2025-09-30,1.63244,1.63704,1.63029,1.6338,103424.68
2025-10-01,1.63377,1.63851,1.63258,1.63532,133426.41
2025-10-02,1.63529,1.63903,1.63371,1.63673,91466.17
2025-10-03,1.63672,1.64029,1.63589,1.63743,97935.54
2025-10-05,1.63487,1.63707,1.63453,1.63539,11229.59
2025-10-06,1.63541,1.63636,1.62613,1.63277,109220.78
2025-10-07,1.63279,1.63312,1.62443,1.62578,97573.96
2025-10-08,1.6258,1.6259,1.61881,1.62252,108107.31
2025-10-09,1.62249,1.62342,1.61785,1.62144,125695.81
2025-10-10,1.62143,1.6286,1.61729,1.62616,139034.38
2025-10-12,1.62391,1.62512,1.62253,1.62392,8368.14
2025-10-13,1.62394,1.62718,1.61994,1.62367,93353.25
2025-10-14,1.62363,1.63093,1.62188,1.62964,133848.14
2025-10-15,1.62962,1.63599,1.62946,1.63548,105975.8
2025-10-16,1.63548,1.64334,1.63404,1.64308,126070.86
2025-10-17,1.64308,1.64671,1.63313,1.63342,133422.58
2025-10-19,1.63325,1.63524,1.63284,1.63385,3919.62
2025-10-20,1.63384,1.63737,1.63252,1.63394,86711.34
2025-10-21,1.63392,1.63531,1.62553,1.6261,112411.5
2025-10-22,1.62611,1.62664,1.62147,1.62351,104441.15
2025-10-23,1.62349,1.62558,1.62119,1.62477,91041.2
2025-10-24,1.62477,1.63283,1.62415,1.62647,107154.22
2025-10-26,1.62767,1.62944,1.62636,1.62753,5700.8
2025-10-27,1.6275,1.63022,1.62368,1.63007,86513.23
2025-10-28,1.63008,1.63259,1.62352,1.62478,99949.73
2025-10-29,1.62478,1.62518,1.61451,1.61732,134488.65
2025-10-30,1.61736,1.62164,1.61573,1.61774,118260.46
2025-10-31,1.61773,1.62173,1.61393,1.61538,98691.12
2025-11-02,1.61415,1.61646,1.61415,1.61552,4024.6
2025-11-03,1.61551,1.62143,1.61447,1.61887,87766.77
2025-11-04,1.61885,1.6217,1.61608,1.61947,95664.71
2025-11-05,1.61942,1.62454,1.61905,1.62084,89434.16
2025-11-06,1.62086,1.63102,1.62086,1.62955,105139.64
2025-11-07,1.62954,1.63127,1.62199,1.62287,97278.24
2025-11-09,1.62281,1.62321,1.62074,1.62111,5901.3
2025-11-10,1.62111,1.62319,1.61823,1.62081,110036.41
2025-11-11,1.62082,1.62557,1.61993,1.6239,82896.44
2025-11-12,1.62387,1.62412,1.62078,1.62368,90564.41
2025-11-13,1.62371,1.63405,1.6216,1.63235,107322.73
2025-11-14,1.63232,1.63379,1.62783,1.62902,118523.42
2025-11-16,1.62728,1.63015,1.62728,1.62803,3055.26
2025-11-17,1.62803,1.62931,1.62499,1.62842,94111.04
2025-11-18,1.6284,1.63095,1.61741,1.61944,118313.92
2025-11-19,1.61946,1.62338,1.61833,1.62031,114425.7
2025-11-20,1.62028,1.62696,1.61752,1.62515,122256.11
2025-11-21,1.62516,1.62807,1.62093,1.62344,132439.88
2025-11-23,1.62158,1.62295,1.62137,1.62187,3560.38
2025-11-24,1.62188,1.62908,1.62186,1.62526,84700.95
2025-11-25,1.62526,1.63341,1.62523,1.631,111897.07
2025-11-26,1.63104,1.63178,1.62541,1.62843,120973.78
2025-11-27,1.62842,1.62946,1.62536,1.62682,58079.98
2025-11-28,1.62679,1.62716,1.61674,1.61955,351768.78
2025-11-30,1.61899,1.62139,1.61899,1.62056,4311.27
2025-12-01,1.62059,1.62614,1.62042,1.62498,104826.64
2025-12-02,1.62499,1.62719,1.62154,1.62426,86332.66
2025-12-03,1.62426,1.62876,1.62415,1.62756,99426.14
2025-12-04,1.62757,1.6318,1.62352,1.62526,104923.09
2025-12-05,1.62528,1.62718,1.60792,1.60792,96065.01
2025-12-07,1.6083,1.61057,1.60769,1.61038,4815.49
2025-12-08,1.61034,1.61281,1.60651,1.61198,96265.66
2025-12-09,1.61195,1.61394,1.60738,1.6099,96406.86
2025-12-10,1.60993,1.61439,1.60959,1.61328,127929.17
2025-12-11,1.61331,1.61936,1.61282,1.6172,121787.5
2025-12-12,1.61719,1.61922,1.61256,1.61597,106527.19
2025-12-14,1.61442,1.6166,1.61434,1.61587,4137.54
2025-12-15,1.61588,1.61957,1.61375,1.61829,103515.42
2025-12-16,1.61829,1.62144,1.61457,1.61602,147648.01
2025-12-17,1.61602,1.62073,1.61282,1.61815,124584.17
2025-12-18,1.61816,1.61895,1.61328,1.61528,133256.18
2025-12-19,1.61528,1.61678,1.61296,1.61513,100186.4
2025-12-21,1.61482,1.61692,1.61429,1.61474,7010.91
2025-12-22,1.61474,1.61791,1.61384,1.61701,97701.96
2025-12-23,1.61702,1.61785,1.61222,1.614,96253.61
2025-12-24,1.61403,1.61485,1.60884,1.60913,71855.21
2025-12-25,1.60869,1.61124,1.60832,1.6111,5459.49
2025-12-26,1.61116,1.61282,1.60725,1.60859,90710.53
2025-12-28,1.60681,1.6094,1.60662,1.60895,3573.06
2025-12-29,1.60897,1.61355,1.60687,1.61111,105374.78
2025-12-30,1.61112,1.61244,1.6072,1.60832,79294.02
2025-12-31,1.60833,1.61297,1.60603,1.61167,91140.25
2026-01-01,1.61066,1.61181,1.60942,1.61179,2732.38
2026-01-02,1.6118,1.61309,1.60712,1.60879,86944.99
2026-01-04,1.60907,1.61014,1.60781,1.609,5312.46
2026-01-05,1.60899,1.61431,1.60627,1.61334,123708.08
2026-01-06,1.61335,1.61532,1.61047,1.61458,101800.06
2026-01-07,1.6146,1.61838,1.61191,1.61797,102432.71
2026-01-08,1.61798,1.62102,1.61426,1.61621,97906.58
2026-01-09,1.6162,1.61894,1.61402,1.61818,106128.0
2026-01-11,1.61745,1.61875,1.61698,1.61702,3028.47
2026-01-12,1.61701,1.62262,1.61695,1.61891,113437.47
2026-01-13,1.6189,1.61978,1.6156,1.61666,102857.07
2026-01-14,1.61666,1.61878,1.61369,1.61681,114339.9
2026-01-15,1.61679,1.61824,1.61073,1.61243,100126.07
2026-01-16,1.61244,1.61567,1.61185,1.61323,108610.49
2026-01-18,1.60978,1.61619,1.60978,1.6157,7569.85
2026-01-19,1.61569,1.61683,1.61286,1.61478,100002.17
2026-01-20,1.61479,1.62622,1.6141,1.62211,154067.92
2026-01-21,1.6221,1.62237,1.61438,1.61572,149261.78
2026-01-22,1.61571,1.62064,1.61477,1.62011,125816.8
2026-01-23,1.62012,1.62108,1.61424,1.62044,124328.38
2026-01-25,1.6254,1.62939,1.6228,1.62482,11721.15
2026-01-26,1.62479,1.62988,1.62035,1.62831,161937.45
2026-01-27,1.62831,1.63919,1.62599,1.63415,206211.84
2026-01-28,1.63414,1.63457,1.61778,1.6216,226084.84
2026-01-29,1.6216,1.62197,1.61257,1.61447,238277.86
2026-01-30,1.61446,1.61475,1.60746,1.61322,286143.61
2026-02-01,1.61141,1.61719,1.61117,1.61553,13133.67
2026-02-02,1.61551,1.62018,1.60974,1.61312,269210.98
2026-02-03,1.61311,1.6157,1.60962,1.61152,197003.63
2026-02-04,1.61149,1.61547,1.6111,1.61304,182660.72
2026-02-05,1.61308,1.61559,1.61114,1.61466,207725.51
2026-02-06,1.61466,1.61617,1.61015,1.61505,127548.2
2026-02-08,1.6145,1.61549,1.61305,1.61523,6215.88
2026-02-09,1.61524,1.62016,1.61367,1.61413,165529.38
2026-02-10,1.61412,1.61636,1.60955,1.6111,114883.65
2026-02-11,1.61108,1.61468,1.60895,1.6118,167047.91
2026-02-12,1.61179,1.61785,1.61041,1.61551,149416.72
2026-02-13,1.61551,1.61758,1.61324,1.61562,137985.63
2026-02-15,1.61357,1.61676,1.61357,1.61585,5660.04
2026-02-16,1.61586,1.61647,1.61379,1.61584,58515.78
2026-02-17,1.61582,1.61724,1.61358,1.61621,118840.52
2026-02-18,1.61628,1.61714,1.61237,1.6144,104524.31
2026-02-19,1.61439,1.6158,1.60912,1.61066,119604.35
2026-02-20,1.61068,1.61443,1.60837,1.6112,178577.63
2026-02-22,1.61105,1.6156,1.61088,1.61502,6686.44
2026-02-23,1.61502,1.61666,1.61225,1.61485,145236.11
2026-02-24,1.61486,1.61615,1.61145,1.61325,109933.0
2026-02-25,1.61327,1.61652,1.61267,1.61556,123916.2
2026-02-26,1.61554,1.61704,1.61179,1.61406,120034.34
2026-02-27,1.61408,1.6157,1.60983,1.61078,126990.86
2026-03-01,1.60499,1.60863,1.60418,1.60717,12358.17
2026-03-02,1.60715,1.60922,1.59631,1.59875,224146.06
2026-03-03,1.59875,1.59925,1.58355,1.58764,302224.67
2026-03-04,1.58765,1.59277,1.58432,1.58712,227967.89
2026-03-05,1.58711,1.58798,1.58126,1.58669,253457.06
2026-03-06,1.58669,1.58708,1.57494,1.57525,270332.2
2026-03-08,1.56988,1.57139,1.56178,1.56727,22958.74
2026-03-09,1.56726,1.58098,1.56117,1.57817,352273.69
2026-03-10,1.57816,1.58342,1.57511,1.57704,255659.88
2026-03-11,1.57703,1.57936,1.56929,1.56986,230490.69
2026-03-12,1.56985,1.57175,1.56667,1.57045,219649.24
2026-03-13,1.57047,1.57468,1.56203,1.56566,230254.15
2026-03-15,1.56574,1.56907,1.56574,1.56797,10168.41
2026-03-16,1.56797,1.57601,1.56543,1.5736,179154.96
2026-03-17,1.57362,1.58178,1.57034,1.57947,151515.89
2026-03-18,1.57947,1.58264,1.57055,1.57369,201421.06
2026-03-19,1.5737,1.59291,1.57171,1.59015,289444.48
2026-03-20,1.59016,1.59051,1.58187,1.58738,212011.54
2026-03-22,1.58098,1.58681,1.58077,1.58496,11748.73
2026-03-23,1.58497,1.59599,1.57911,1.59373,336352.14
2026-03-24,1.59372,1.59877,1.59022,1.5977,282814.66
2026-03-25,1.59768,1.60147,1.59407,1.59689,208176.78
2026-03-26,1.59688,1.59943,1.59461,1.59778,184722.7
2026-03-27,1.59776,1.60127,1.59381,1.5983,182344.8
2026-03-29,1.59587,1.59812,1.59558,1.59718,9417.84
2026-03-30,1.5972,1.60051,1.59354,1.59562,174009.52
2026-03-31,1.59561,1.61008,1.5951,1.60872,258163.45
2026-04-01,1.60876,1.61455,1.60566,1.60815,221120.06
2026-04-02,1.6081,1.6094,1.60219,1.60606,203300.69
2026-04-03,1.60607,1.60815,1.6035,1.60459,65968.66
2026-04-05,1.60463,1.60608,1.60429,1.60502,7242.41
2026-04-06,1.605,1.61027,1.60443,1.60545,126046.74
2026-04-07,1.60546,1.61851,1.605,1.61754,221502.7
2026-04-08,1.61753,1.62299,1.61301,1.61465,267305.9
2026-04-09,1.61463,1.61928,1.61341,1.61592,155411.71
2026-04-10,1.61594,1.62358,1.6154,1.6222,122345.36
2026-04-12,1.61682,1.61967,1.6162,1.61951,15172.53
2026-04-13,1.61955,1.62244,1.61597,1.62205,157011.69
2026-04-14,1.62206,1.62478,1.62072,1.62408,139720.41
2026-04-15,1.62407,1.62459,1.61846,1.62096,133316.07
2026-04-16,1.62097,1.62122,1.61275,1.61396,129739.24
2026-04-17,1.61395,1.61829,1.60939,1.61034,170943.13
2026-04-19,1.60451,1.60943,1.60442,1.60878,7881.54
2026-04-20,1.60879,1.61187,1.60618,1.60774,140352.08
2026-04-21,1.60774,1.6078,1.60239,1.60385,167774.35
2026-04-22,1.60384,1.60499,1.59845,1.59989,124413.88
2026-04-23,1.5999,1.60237,1.59654,1.6004,178927.41
2026-04-24,1.6004,1.60382,1.59932,1.60147,140261.38
2026-04-26,1.59839,1.60153,1.598,1.60097,5065.95
2026-04-27,1.60099,1.60271,1.59573,1.59678,114643.91
2026-04-28,1.59678,1.60313,1.59387,1.60266,153972.75
2026-04-29,1.60266,1.60274,1.59519,1.59715,171235.89
2026-04-30,1.59718,1.60034,1.59215,1.59263,235129.8
