date,open,high,low,close,tick_volume
2005-01-02,0.70605,0.70729,0.70494,0.70729,23402.9
2005-01-03,0.70698,0.70922,0.7047,0.7069,299266.9
2005-01-04,0.70693,0.70741,0.70464,0.70497,306240.0
2005-01-05,0.70494,0.70682,0.70224,0.70351,302557.7
2005-01-06,0.70344,0.70496,0.70164,0.70228,303539.1
2005-01-07,0.7024,0.70324,0.6972,0.69749,292285.7
2005-01-09,0.69753,0.69842,0.69737,0.69831,24356.1
2005-01-10,0.69831,0.69951,0.69657,0.69796,300597.4
2005-01-11,0.6981,0.70089,0.69733,0.69797,299291.6
2005-01-12,0.69788,0.70252,0.69768,0.70097,291839.2
2005-01-13,0.70097,0.70325,0.69962,0.70207,303780.2
2005-01-14,0.70211,0.70255,0.69935,0.70071,288922.6
2005-01-16,0.70031,0.70097,0.70005,0.70013,25276.4
2005-01-17,0.70011,0.70368,0.69949,0.70232,285500.5
2005-01-18,0.70231,0.7024,0.6968,0.69812,223045.4
2005-01-19,0.69841,0.69846,0.69387,0.69468,296368.2
2005-01-20,0.69464,0.69602,0.69133,0.69242,297045.4
2005-01-21,0.69242,0.69793,0.69182,0.69454,279060.8
2005-01-23,0.69413,0.69479,0.69348,0.69425,24661.6
2005-01-24,0.6943,0.69584,0.69357,0.6937,298596.1
2005-01-25,0.69366,0.69618,0.69233,0.69551,294309.9
2005-01-26,0.6955,0.69566,0.69225,0.6946,298433.7
2005-01-27,0.6946,0.69551,0.6893,0.68951,299635.6
2005-01-28,0.68949,0.69261,0.68941,0.69029,279959.1
2005-01-30,0.69029,0.69067,0.68965,0.6902,23962.5
2005-01-31,0.69015,0.69361,0.68957,0.69225,297462.6
2005-02-01,0.69229,0.69347,0.69129,0.69247,293366.9
2005-02-02,0.69251,0.69441,0.69014,0.69123,295693.6
2005-02-03,0.69121,0.69155,0.68827,0.68892,297390.0
2005-02-04,0.68888,0.68964,0.68479,0.68594,276012.9
2005-02-06,0.68549,0.6866,0.6854,0.68582,22577.0
2005-02-07,0.68583,0.68777,0.68457,0.6866,290532.2
2005-02-08,0.68658,0.68903,0.68593,0.68846,293251.5
2005-02-09,0.68858,0.68923,0.68519,0.68877,292324.3
2005-02-10,0.68872,0.68995,0.68662,0.68899,301078.5
2005-02-11,0.689,0.69051,0.68764,0.68833,277926.8
2005-02-13,0.68805,0.6892,0.68801,0.68914,23476.5
2005-02-14,0.68888,0.68952,0.68571,0.687,297350.3
2005-02-15,0.68711,0.68867,0.68581,0.68637,297987.1
2005-02-16,0.68645,0.69264,0.68626,0.69102,301882.7
2005-02-17,0.69107,0.69192,0.68899,0.68975,296773.2
2005-02-18,0.6897,0.69066,0.68803,0.69,278108.8
2005-02-20,0.68955,0.69011,0.68822,0.68987,24804.4
2005-02-21,0.68985,0.69022,0.68754,0.68832,290053.0
2005-02-22,0.68822,0.69421,0.68799,0.69352,299505.3
2005-02-23,0.69356,0.69443,0.691,0.69214,296802.1
2005-02-24,0.69231,0.69614,0.69,0.69065,301146.6
2005-02-25,0.69063,0.69166,0.68842,0.68998,282944.6
2005-02-27,0.68965,0.69048,0.68956,0.68995,24857.2
2005-02-28,0.68997,0.69062,0.68785,0.68841,299392.3
2005-03-01,0.68837,0.6887,0.68575,0.68632,301211.9
2005-03-02,0.6863,0.68721,0.68541,0.68632,294450.6
2005-03-03,0.68639,0.6887,0.68599,0.68684,291893.9
2005-03-04,0.68687,0.68844,0.68649,0.68836,278629.6
2005-03-06,0.68804,0.68907,0.68751,0.68782,23974.7
2005-03-07,0.68776,0.69029,0.68743,0.69013,292931.1
2005-03-08,0.69008,0.69236,0.68835,0.69187,294583.9
2005-03-09,0.69185,0.69619,0.69139,0.69514,292521.9
2005-03-10,0.69516,0.69906,0.6945,0.69832,300105.7
2005-03-11,0.69824,0.69935,0.69661,0.69863,273727.8
2005-03-13,0.6981,0.69919,0.69794,0.69873,22960.0
2005-03-14,0.69873,0.69944,0.697,0.69808,300661.5
2005-03-15,0.69805,0.69847,0.6944,0.69544,302141.4
2005-03-16,0.69546,0.69683,0.69396,0.69561,298847.8
2005-03-17,0.69563,0.69687,0.69412,0.69487,290602.4
2005-03-18,0.69485,0.69562,0.6927,0.6931,275371.8
2005-03-20,0.69276,0.69357,0.69261,0.69327,24178.6
2005-03-21,0.69307,0.69512,0.69135,0.69375,291949.8
2005-03-22,0.69378,0.69537,0.69276,0.69317,296719.2
2005-03-23,0.6931,0.69589,0.69208,0.69424,300515.4
2005-03-24,0.69408,0.69572,0.69115,0.69185,295567.7
2005-03-25,0.69178,0.6932,0.69149,0.69242,285574.9
2005-03-27,0.69212,0.69297,0.69187,0.6927,29987.0
2005-03-28,0.69244,0.6935,0.68916,0.68985,333867.3
2005-03-29,0.69,0.69242,0.68799,0.68949,335315.1
2005-03-30,0.68924,0.6901,0.68642,0.68721,336050.2
2005-03-31,0.68718,0.68927,0.68472,0.68644,336811.4
2005-04-01,0.68646,0.68763,0.68462,0.68576,316072.5
2005-04-03,0.685,0.68602,0.68459,0.68574,34900.8
2005-04-04,0.68543,0.68764,0.68397,0.6843,330908.1
2005-04-05,0.684,0.68458,0.68216,0.68316,332523.4
2005-04-06,0.68307,0.68548,0.68259,0.68463,332875.1
2005-04-07,0.68468,0.68829,0.68329,0.68627,361809.6
2005-04-08,0.68605,0.68649,0.68461,0.68566,313917.0
2005-04-10,0.68535,0.68631,0.68474,0.68599,31752.1
2005-04-11,0.68586,0.68682,0.68469,0.68567,335621.6
2005-04-12,0.68586,0.68778,0.6822,0.68255,320796.4
2005-04-13,0.68273,0.68377,0.68051,0.6812,295467.5
2005-04-14,0.68117,0.68239,0.68005,0.68092,331266.9
2005-04-15,0.68091,0.68325,0.68008,0.68265,329971.3
2005-04-17,0.68237,0.68261,0.68115,0.68181,25144.6
2005-04-18,0.68175,0.68447,0.68126,0.68432,302913.9
2005-04-19,0.68436,0.6847,0.67936,0.68132,301070.0
2005-04-20,0.68132,0.68267,0.67991,0.68251,298436.5
2005-04-21,0.68256,0.68555,0.68164,0.68303,303247.7
2005-04-22,0.68308,0.68383,0.68154,0.68203,275893.1
2005-04-24,0.6816,0.68218,0.6803,0.68102,22092.4
2005-04-25,0.68107,0.68126,0.67809,0.67921,298695.6
2005-04-26,0.67918,0.68171,0.67889,0.68082,294192.8
2005-04-27,0.68083,0.68125,0.67805,0.67833,295070.0
2005-04-28,0.67814,0.67932,0.67528,0.67637,298601.0
2005-04-29,0.67626,0.67808,0.67375,0.67436,288081.1
2005-05-01,0.6738,0.67474,0.67348,0.67453,25389.5
2005-05-02,0.67451,0.67901,0.67348,0.67883,295535.3
2005-05-03,0.67881,0.68172,0.67747,0.68023,298154.4
2005-05-04,0.68014,0.68219,0.67994,0.68077,300679.8
2005-05-05,0.68075,0.68224,0.67863,0.68105,292455.7
2005-05-06,0.68095,0.68293,0.67478,0.67827,275485.7
2005-05-08,0.67735,0.67813,0.6772,0.6779,25135.5
2005-05-09,0.6779,0.68261,0.67741,0.68237,304888.5
2005-05-10,0.68235,0.68427,0.68115,0.68322,296436.9
2005-05-11,0.68317,0.68443,0.68129,0.68358,303179.7
2005-05-12,0.68354,0.68487,0.67917,0.6804,302702.8
2005-05-13,0.68043,0.68282,0.67918,0.68268,290393.2
2005-05-15,0.68185,0.68226,0.68052,0.68189,39078.5
2005-05-16,0.68174,0.68814,0.68135,0.68699,299288.0
2005-05-17,0.68706,0.6879,0.68626,0.68707,298844.9
2005-05-18,0.68698,0.6894,0.68677,0.68883,297376.1
2005-05-19,0.68883,0.68964,0.68658,0.68822,296813.6
2005-05-20,0.68822,0.68855,0.68536,0.68565,280276.2
2005-05-22,0.68525,0.6879,0.68525,0.68757,24279.8
2005-05-23,0.68748,0.68812,0.68554,0.68714,291370.6
2005-05-24,0.6871,0.68883,0.6858,0.68782,277432.1
2005-05-25,0.68779,0.68874,0.68704,0.68772,284163.3
2005-05-26,0.6877,0.68858,0.68619,0.68687,285284.3
2005-05-27,0.68688,0.69016,0.68635,0.68996,268037.1
2005-05-29,0.6892,0.6892,0.68629,0.68706,26023.3
2005-05-30,0.68697,0.68797,0.68323,0.68442,301471.0
2005-05-31,0.6844,0.68475,0.67642,0.67661,287279.9
2005-06-01,0.6766,0.67751,0.67222,0.67368,286480.3
2005-06-02,0.67365,0.67656,0.67298,0.6758,288232.7
2005-06-03,0.67585,0.67645,0.67311,0.67366,277127.8
2005-06-05,0.67362,0.67412,0.6732,0.67387,22842.5
2005-06-06,0.67382,0.67521,0.67151,0.67257,280869.6
2005-06-07,0.67255,0.67289,0.66841,0.66934,282937.4
2005-06-08,0.6693,0.67155,0.66885,0.67071,276980.3
2005-06-09,0.67074,0.67178,0.66898,0.67112,286801.3
2005-06-10,0.67112,0.67181,0.66681,0.66845,268850.6
2005-06-12,0.66791,0.66839,0.66745,0.66832,24677.8
2005-06-13,0.6683,0.67114,0.6672,0.67107,284272.0
2005-06-14,0.67105,0.67251,0.66511,0.66577,280905.4
2005-06-15,0.6658,0.66713,0.6633,0.66473,283492.3
2005-06-16,0.66475,0.6654,0.66276,0.66465,285370.3
2005-06-17,0.66472,0.6716,0.66355,0.67075,274793.6
2005-06-19,0.6704,0.67086,0.66795,0.66867,24956.7
2005-06-20,0.66864,0.67022,0.66489,0.66602,282137.1
2005-06-21,0.6661,0.6667,0.6636,0.66614,283268.7
2005-06-22,0.66614,0.66862,0.6645,0.66572,285202.3
2005-06-23,0.66569,0.66601,0.66114,0.66201,287176.3
2005-06-24,0.662,0.66402,0.66136,0.66279,273005.7
2005-06-26,0.66274,0.66501,0.66261,0.66484,24697.7
2005-06-27,0.66484,0.66607,0.66413,0.66551,285788.8
2005-06-28,0.66543,0.66622,0.66366,0.66412,280567.4
2005-06-29,0.66408,0.66966,0.6625,0.66917,284308.6
2005-06-30,0.66917,0.67616,0.66787,0.67512,285962.4
2005-07-01,0.67504,0.67973,0.67437,0.67663,275739.3
2005-07-03,0.6757,0.678,0.67557,0.67697,24479.8
2005-07-04,0.67697,0.67837,0.67536,0.67589,299947.9
2005-07-05,0.67587,0.67885,0.67572,0.67816,286421.7
2005-07-06,0.67817,0.68127,0.67739,0.68008,282303.1
2005-07-07,0.68003,0.68892,0.67992,0.68466,285514.1
2005-07-08,0.68466,0.68906,0.68421,0.68847,269913.4
2005-07-10,0.68789,0.68929,0.68789,0.68851,24018.3
2005-07-11,0.68848,0.68998,0.68616,0.68662,284488.7
2005-07-12,0.68659,0.6897,0.68649,0.68807,296159.5
2005-07-13,0.68808,0.69109,0.68445,0.68572,283689.0
2005-07-14,0.68577,0.68912,0.68405,0.68822,287991.2
2005-07-15,0.68819,0.68892,0.68526,0.68703,271214.8
2005-07-17,0.68645,0.6876,0.68627,0.68711,25301.4
2005-07-18,0.68708,0.69117,0.68642,0.68967,282574.3
2005-07-19,0.68965,0.69286,0.68701,0.69237,287256.2
2005-07-20,0.69238,0.69887,0.69206,0.69745,293419.4
2005-07-21,0.69742,0.69797,0.69234,0.69307,293704.3
2005-07-22,0.69304,0.69634,0.6927,0.69386,272593.7
2005-07-24,0.69348,0.69406,0.69292,0.69315,23340.9
2005-07-25,0.69315,0.69466,0.68936,0.69063,286461.2
2005-07-26,0.6906,0.69211,0.6892,0.69062,278306.7
2005-07-27,0.69067,0.69267,0.68936,0.69185,282184.3
2005-07-28,0.69182,0.69283,0.6894,0.69092,285746.0
2005-07-29,0.69095,0.69169,0.68825,0.6898,267029.5
2005-07-31,0.68948,0.69112,0.68948,0.69052,24523.2
2005-08-01,0.69048,0.69181,0.68831,0.68942,283691.0
2005-08-02,0.6891,0.69004,0.68792,0.68812,287236.0
2005-08-03,0.6881,0.69439,0.68741,0.69304,291107.9
2005-08-04,0.69305,0.69605,0.69262,0.69527,285698.4
2005-08-05,0.69499,0.69637,0.69372,0.69582,270170.9
2005-08-07,0.6942,0.69526,0.69392,0.69477,30043.1
2005-08-08,0.69477,0.69549,0.69138,0.69206,286932.5
2005-08-09,0.69205,0.6938,0.69139,0.69141,285301.0
2005-08-10,0.69142,0.69251,0.68827,0.68897,283082.7
2005-08-11,0.68898,0.69037,0.68682,0.68787,290675.5
2005-08-12,0.6879,0.68899,0.68373,0.68527,268356.4
2005-08-14,0.68486,0.68598,0.68486,0.68547,23473.9
2005-08-15,0.68544,0.68552,0.68178,0.68281,282968.0
2005-08-16,0.68286,0.6833,0.68049,0.68282,282947.7
2005-08-17,0.68279,0.68304,0.67869,0.67968,281963.1
2005-08-18,0.67967,0.68053,0.67709,0.67921,282115.4
2005-08-19,0.67918,0.6798,0.67588,0.67629,268242.8
2005-08-21,0.6768,0.67765,0.67661,0.67715,34118.7
2005-08-22,0.67722,0.67963,0.67639,0.67862,285299.4
2005-08-23,0.67857,0.68106,0.67776,0.6786,283240.0
2005-08-24,0.67853,0.68186,0.67795,0.68141,290013.6
2005-08-25,0.68142,0.68281,0.68067,0.6824,285988.3
2005-08-26,0.68236,0.6831,0.68006,0.68053,271485.8
2005-08-28,0.68058,0.68257,0.68058,0.68221,25833.7
2005-08-29,0.68221,0.6828,0.67994,0.68043,284703.8
2005-08-30,0.68043,0.68456,0.68036,0.68423,285537.2
2005-08-31,0.68422,0.68517,0.68255,0.68412,284330.0
2005-09-01,0.68402,0.68492,0.68009,0.68106,289955.0
2005-09-02,0.68103,0.68446,0.67824,0.67897,277136.5
2005-09-04,0.67912,0.68191,0.67912,0.68151,24108.1
2005-09-05,0.68148,0.6818,0.67775,0.67927,294476.3
2005-09-06,0.67926,0.67941,0.67567,0.67672,282930.3
2005-09-07,0.67669,0.67933,0.67499,0.67597,283628.8
2005-09-08,0.67595,0.67705,0.6738,0.67484,283765.4
2005-09-09,0.67479,0.67664,0.67361,0.67435,272183.8
2005-09-11,0.67409,0.67438,0.67276,0.67345,25210.3
2005-09-12,0.67343,0.67525,0.6709,0.67477,288707.8
2005-09-13,0.67476,0.67566,0.67211,0.67352,284964.1
2005-09-14,0.67346,0.67381,0.67211,0.67339,282394.7
2005-09-15,0.6734,0.67714,0.67141,0.67652,290228.7
2005-09-16,0.67648,0.67876,0.67566,0.67614,274103.8
2005-09-18,0.67579,0.67579,0.67391,0.67477,24039.7
2005-09-19,0.67474,0.67509,0.67224,0.67332,284478.7
2005-09-20,0.6733,0.67492,0.6727,0.67395,280888.5
2005-09-21,0.67391,0.67631,0.67388,0.67609,282015.5
2005-09-22,0.67605,0.67975,0.67432,0.67796,288272.3
2005-09-23,0.67795,0.67952,0.67667,0.6769,271267.0
2005-09-25,0.67664,0.67916,0.67664,0.67847,29338.8
2005-09-26,0.67841,0.67989,0.67725,0.67872,289657.5
2005-09-27,0.67872,0.68065,0.6781,0.67971,286864.1
2005-09-28,0.67966,0.68203,0.67867,0.6815,291509.3
2005-09-29,0.68149,0.68375,0.68069,0.68322,288428.9
2005-09-30,0.68318,0.68383,0.68075,0.6818,271343.1
2005-10-02,0.68129,0.6822,0.68118,0.6821,33591.7
2005-10-03,0.68203,0.68222,0.67788,0.67879,293478.7
2005-10-04,0.67878,0.67926,0.67665,0.67752,289923.9
2005-10-05,0.67749,0.6798,0.67679,0.67925,288912.7
2005-10-06,0.67925,0.68508,0.67823,0.68437,290219.5
2005-10-07,0.68435,0.689,0.6843,0.68819,274221.2
2005-10-08,0.68786,0.68786,0.66302,0.66302,6073.0
2005-10-09,0.68825,0.68978,0.68772,0.68877,40308.4
2005-10-10,0.68874,0.68989,0.68653,0.68682,288789.0
2005-10-11,0.68678,0.68807,0.68572,0.68642,290194.9
2005-10-12,0.6864,0.68745,0.68557,0.68577,285679.5
2005-10-13,0.68576,0.68671,0.68205,0.68442,291981.9
2005-10-14,0.68445,0.68622,0.68194,0.68234,275858.9
2005-10-15,0.682,0.682,0.66306,0.682,12800.8
2005-10-16,0.68233,0.6838,0.68214,0.68362,30038.4
2005-10-17,0.68362,0.68665,0.68263,0.68509,286280.1
2005-10-18,0.685,0.68595,0.68217,0.68277,289275.2
2005-10-19,0.68278,0.68371,0.67867,0.67907,289882.6
2005-10-20,0.67904,0.68006,0.67603,0.6775,291859.6
2005-10-21,0.67749,0.67891,0.67475,0.67537,280183.3
2005-10-23,0.67556,0.67629,0.67488,0.67533,40275.2
2005-10-24,0.67532,0.67822,0.67481,0.67674,284683.6
2005-10-25,0.6767,0.6789,0.67574,0.67832,286977.4
2005-10-26,0.6783,0.68081,0.67766,0.67853,288372.3
2005-10-27,0.67848,0.68123,0.6778,0.68037,292690.0
2005-10-28,0.68038,0.68233,0.6789,0.67975,269838.4
2005-10-30,0.6793,0.68011,0.67898,0.67935,30074.4
2005-10-31,0.67935,0.67967,0.67637,0.67747,288091.2
2005-11-01,0.67745,0.68126,0.6765,0.68097,285786.0
2005-11-02,0.68097,0.6815,0.67872,0.67896,285071.7
2005-11-03,0.67905,0.6801,0.6735,0.6745,283341.9
2005-11-04,0.67448,0.67739,0.67422,0.67465,272430.5
2005-11-06,0.67445,0.67618,0.67445,0.675,40137.6
2005-11-07,0.675,0.67737,0.67411,0.67619,284447.7
2005-11-08,0.67616,0.67676,0.6739,0.67519,290683.0
2005-11-09,0.67515,0.67632,0.67384,0.67509,283619.2
2005-11-10,0.67502,0.67539,0.67027,0.6708,284578.6
2005-11-11,0.67088,0.6734,0.67027,0.67326,269331.4
2005-11-13,0.67248,0.67308,0.67186,0.67278,32807.3
2005-11-14,0.6729,0.6744,0.67185,0.67262,284480.0
2005-11-15,0.67262,0.67596,0.67199,0.67542,284453.0
2005-11-16,0.6754,0.68099,0.675,0.67918,278993.9
2005-11-17,0.67914,0.68375,0.67812,0.68292,285390.8
2005-11-18,0.68288,0.68534,0.68133,0.6852,268842.4
2005-11-20,0.68503,0.68624,0.68488,0.68561,21882.1
2005-11-21,0.68557,0.6877,0.68195,0.68362,288470.5
2005-11-22,0.6836,0.68628,0.6827,0.68611,283018.3
2005-11-23,0.68611,0.68719,0.6838,0.68555,287010.3
2005-11-24,0.68552,0.68596,0.68283,0.68367,282620.2
2005-11-25,0.68368,0.68441,0.68255,0.6834,267513.6
2005-11-27,0.683,0.6838,0.68288,0.68308,26692.5
2005-11-28,0.68308,0.68654,0.6826,0.68522,284249.4
2005-11-29,0.68523,0.6862,0.68339,0.6851,289837.4
2005-11-30,0.68514,0.68557,0.67987,0.6817,280594.7
2005-12-01,0.68174,0.68188,0.67559,0.67741,285671.2
2005-12-02,0.67731,0.67786,0.67494,0.67595,266615.0
2005-12-04,0.67515,0.67636,0.67474,0.67625,32406.9
2005-12-05,0.67627,0.67786,0.67531,0.67652,287030.3
2005-12-06,0.6765,0.67963,0.67504,0.67702,288320.7
2005-12-07,0.67699,0.67775,0.67478,0.67519,282275.9
2005-12-08,0.67517,0.67681,0.67324,0.67408,282869.8
2005-12-09,0.67408,0.67439,0.67242,0.673,268179.2
2005-12-11,0.6721,0.67342,0.6721,0.67307,26028.3
2005-12-12,0.67307,0.67511,0.672,0.67335,288094.0
2005-12-13,0.67335,0.67612,0.6728,0.67468,285032.2
2005-12-14,0.67467,0.67917,0.67453,0.67581,294055.1
2005-12-15,0.67576,0.67898,0.67553,0.67766,287961.3
2005-12-16,0.67812,0.67848,0.67665,0.6773,271258.4
2005-12-18,0.67742,0.67966,0.67742,0.67892,26149.1
2005-12-19,0.6789,0.68161,0.67745,0.68093,285059.7
2005-12-20,0.6809,0.68156,0.67474,0.67597,288827.9
2005-12-21,0.67595,0.67942,0.67533,0.67811,280679.3
2005-12-22,0.67807,0.68381,0.6776,0.68301,286414.1
2005-12-23,0.68301,0.68535,0.68221,0.68435,262902.8
2005-12-25,0.68454,0.68531,0.68322,0.68361,28902.0
2005-12-26,0.68359,0.68577,0.6818,0.68347,322477.5
2005-12-27,0.68348,0.68531,0.6824,0.68517,280653.7
2005-12-28,0.68511,0.6905,0.68453,0.68874,285353.9
2005-12-29,0.68873,0.68975,0.68554,0.68669,280191.2
2005-12-30,0.68663,0.68896,0.68441,0.6874,274216.1
2006-01-01,0.68694,0.68726,0.68691,0.6872,26144.2
2006-01-02,0.68708,0.68738,0.68657,0.68707,301538.3
2006-01-03,0.68703,0.68954,0.68518,0.68804,293576.7
2006-01-04,0.68807,0.6898,0.68621,0.68904,293484.0
2006-01-05,0.68909,0.69081,0.68756,0.68955,286949.7
2006-01-06,0.68952,0.69031,0.68541,0.68605,268759.4
2006-01-08,0.68617,0.68687,0.68586,0.68626,26763.9
2006-01-09,0.6862,0.68628,0.68302,0.68423,288234.6
2006-01-10,0.6842,0.68453,0.68247,0.68349,295917.1
2006-01-11,0.68349,0.68849,0.68333,0.68702,287255.0
2006-01-12,0.687,0.68791,0.68214,0.68382,288722.6
2006-01-13,0.68382,0.68434,0.68093,0.68305,270731.9
2006-01-15,0.68282,0.68435,0.68251,0.68422,32209.3
2006-01-16,0.68418,0.68625,0.68307,0.68581,281811.5
2006-01-17,0.68577,0.68766,0.68391,0.68506,292599.7
2006-01-18,0.68503,0.68753,0.68459,0.68694,286967.5
2006-01-19,0.68696,0.68859,0.68617,0.68807,287905.2
2006-01-20,0.68803,0.68805,0.68429,0.68505,274164.4
2006-01-22,0.68464,0.68605,0.68459,0.68586,34260.4
2006-01-23,0.68595,0.68911,0.68537,0.68859,308558.6
2006-01-24,0.68853,0.68914,0.68647,0.68752,287386.3
2006-01-25,0.68749,0.68886,0.68517,0.68629,293451.1
2006-01-26,0.68627,0.68673,0.68479,0.68554,289659.4
2006-01-27,0.68551,0.68671,0.6833,0.6841,277706.9
2006-01-29,0.68393,0.68464,0.68362,0.68393,24418.2
2006-01-30,0.6839,0.68562,0.68291,0.68372,289693.0
2006-01-31,0.68372,0.68488,0.68149,0.68287,288876.8
2006-02-01,0.68283,0.68329,0.67873,0.67967,288576.5
2006-02-02,0.67967,0.68047,0.67842,0.67937,292183.5
2006-02-03,0.67935,0.68238,0.6784,0.6819,268382.7
2006-02-05,0.68169,0.68294,0.68169,0.68206,25700.9
2006-02-06,0.68207,0.68545,0.68207,0.68451,288262.6
2006-02-07,0.68454,0.68691,0.68405,0.68632,291886.7
2006-02-08,0.68632,0.68769,0.68538,0.68692,285194.8
2006-02-09,0.6869,0.68853,0.68615,0.68722,292844.5
2006-02-10,0.6872,0.68762,0.68165,0.6822,279488.4
2006-02-12,0.68232,0.68246,0.67428,0.68227,25091.2
2006-02-13,0.68225,0.68423,0.68181,0.68308,285317.2
2006-02-14,0.68303,0.68692,0.68284,0.68614,284617.2
2006-02-15,0.68612,0.68709,0.68212,0.68277,285186.7
2006-02-16,0.68276,0.68554,0.68249,0.68429,281067.8
2006-02-17,0.68429,0.68551,0.68328,0.68505,272924.4
2006-02-19,0.68475,0.68553,0.68417,0.68543,26241.2
2006-02-20,0.68543,0.68612,0.68368,0.6839,274422.9
2006-02-21,0.68383,0.68436,0.68125,0.68251,287348.6
2006-02-22,0.68249,0.68349,0.68153,0.68305,284444.7
2006-02-23,0.68305,0.68336,0.6798,0.68026,292002.8
2006-02-24,0.68029,0.68127,0.67954,0.6802,265434.0
2006-02-26,0.6802,0.68114,0.67945,0.68015,26346.8
2006-02-27,0.68013,0.68184,0.67952,0.68087,285675.2
2006-02-28,0.68084,0.68203,0.67914,0.68003,285516.3
2006-03-01,0.67996,0.68136,0.67937,0.68102,290022.8
2006-03-02,0.681,0.68684,0.68081,0.68636,281601.4
2006-03-03,0.68633,0.68657,0.68418,0.6859,272393.7
2006-03-05,0.68563,0.68727,0.68554,0.68671,26348.0
2006-03-06,0.68672,0.68713,0.68507,0.68652,291445.6
2006-03-07,0.68652,0.68687,0.6839,0.68467,285921.9
2006-03-08,0.68462,0.68729,0.68406,0.68647,291470.7
2006-03-09,0.68645,0.68763,0.68495,0.68551,289299.2
2006-03-10,0.68553,0.69024,0.685,0.6896,271445.1
2006-03-12,0.69002,0.69057,0.68678,0.68968,24729.8
2006-03-13,0.68968,0.6925,0.68882,0.68922,283468.1
2006-03-14,0.6892,0.69051,0.68738,0.68782,287370.3
2006-03-15,0.68779,0.69095,0.6876,0.69057,281163.6
2006-03-16,0.69055,0.69339,0.68953,0.69282,289177.2
2006-03-17,0.69281,0.69485,0.69245,0.69365,269976.3
2006-03-19,0.6935,0.69413,0.69296,0.69367,23769.9
2006-03-20,0.69367,0.69429,0.69208,0.69257,284903.5
2006-03-21,0.69256,0.69474,0.69148,0.69212,288687.6
2006-03-22,0.69212,0.69233,0.69016,0.69133,279956.9
2006-03-23,0.69131,0.69262,0.6894,0.69014,287009.6
2006-03-24,0.69016,0.69123,0.68887,0.6906,265298.7
2006-03-26,0.69052,0.69087,0.69019,0.69023,23318.6
2006-03-27,0.69014,0.69062,0.687,0.68747,280766.3
2006-03-28,0.6875,0.69092,0.68691,0.68882,284711.4
2006-03-29,0.68877,0.6937,0.68807,0.69301,286159.8
2006-03-30,0.69301,0.69682,0.69268,0.69631,287171.3
2006-03-31,0.69622,0.69827,0.69592,0.69715,269959.8
2006-04-02,0.69708,0.69801,0.6969,0.69717,22777.5
2006-04-03,0.69715,0.69875,0.69535,0.69794,288743.5
2006-04-04,0.69792,0.69903,0.69632,0.69837,289172.3
2006-04-05,0.69835,0.70201,0.69639,0.70092,285709.1
2006-04-06,0.70093,0.7016,0.69641,0.69683,288784.1
2006-04-07,0.69681,0.69739,0.69324,0.69397,274092.6
2006-04-09,0.69417,0.69488,0.69383,0.69432,21316.3
2006-04-10,0.69432,0.69551,0.69345,0.69438,284979.8
2006-04-11,0.69434,0.69701,0.69364,0.69445,283353.1
2006-04-12,0.69448,0.6948,0.69005,0.69145,284035.5
2006-04-13,0.69145,0.69158,0.68902,0.69107,279837.9
2006-04-14,0.69104,0.69188,0.69045,0.69164,250694.5
2006-04-16,0.6913,0.69185,0.69058,0.69107,23225.8
2006-04-17,0.69103,0.69328,0.69075,0.69233,280208.0
2006-04-18,0.69231,0.69332,0.69043,0.69305,295788.7
2006-04-19,0.69302,0.69336,0.689,0.69068,294240.4
2006-04-20,0.69069,0.69289,0.6897,0.6915,291634.8
2006-04-21,0.69151,0.69295,0.69044,0.69256,272522.2
2006-04-23,0.69217,0.69268,0.6915,0.69205,24732.4
2006-04-24,0.692,0.69394,0.69059,0.69309,294617.3
2006-04-25,0.69308,0.69574,0.69229,0.69474,290727.3
2006-04-26,0.6947,0.69786,0.69435,0.69731,292192.7
2006-04-27,0.69731,0.69801,0.69479,0.69587,291600.8
2006-04-28,0.69584,0.69614,0.69118,0.69181,281560.5
2006-04-30,0.69202,0.69279,0.69123,0.69147,23642.9
2006-05-01,0.6915,0.69216,0.68815,0.68906,278053.7
2006-05-02,0.68906,0.68986,0.68488,0.68634,293768.3
2006-05-03,0.68629,0.68779,0.68469,0.68602,288559.2
2006-05-04,0.68598,0.68707,0.68343,0.68552,288858.0
2006-05-05,0.6855,0.68663,0.68381,0.68437,269512.5
2006-05-07,0.68415,0.68471,0.68309,0.68399,23067.0
2006-05-08,0.68398,0.68518,0.68327,0.68338,290805.6
2006-05-09,0.68336,0.68473,0.68273,0.6836,291081.7
2006-05-10,0.68356,0.6873,0.68313,0.68637,289163.5
2006-05-11,0.68639,0.68665,0.6808,0.68146,291723.3
2006-05-12,0.68154,0.6831,0.67957,0.68227,277797.2
2006-05-14,0.682,0.68261,0.68166,0.68176,26134.1
2006-05-15,0.68176,0.68209,0.68031,0.68097,293643.3
2006-05-16,0.68095,0.68191,0.67995,0.68112,287527.4
2006-05-17,0.6811,0.68128,0.67527,0.67682,288545.9
2006-05-18,0.6768,0.6791,0.67496,0.67848,290913.4
2006-05-19,0.67847,0.68156,0.67811,0.6801,281633.1
2006-05-21,0.67958,0.67997,0.67897,0.67996,24740.4
2006-05-22,0.67995,0.68247,0.67978,0.68161,298278.1
2006-05-23,0.6816,0.6832,0.68011,0.68063,291464.3
2006-05-24,0.68061,0.68426,0.6798,0.68276,296095.3
2006-05-25,0.68272,0.68387,0.6819,0.68288,290360.2
2006-05-26,0.68284,0.68635,0.68244,0.6851,279409.8
2006-05-28,0.68495,0.68568,0.6844,0.68548,23987.2
2006-05-29,0.68538,0.6863,0.68441,0.68578,277828.4
2006-05-30,0.68576,0.68636,0.68261,0.68323,292498.6
2006-05-31,0.68322,0.68653,0.68265,0.68471,290672.3
2006-06-01,0.6847,0.68686,0.68406,0.68653,290724.7
2006-06-02,0.68648,0.68765,0.6854,0.68665,269420.7
2006-06-04,0.6861,0.68622,0.68542,0.68599,25265.8
2006-06-05,0.68599,0.68968,0.68599,0.6889,286352.5
2006-06-06,0.68888,0.68996,0.68797,0.6891,290434.7
2006-06-07,0.68908,0.68958,0.68716,0.68906,285355.7
2006-06-08,0.68905,0.69094,0.6853,0.68566,295320.0
2006-06-09,0.68563,0.68728,0.6848,0.68685,269553.7
2006-06-11,0.68637,0.68648,0.68493,0.68574,23380.2
2006-06-12,0.68571,0.68607,0.68217,0.68336,281834.0
2006-06-13,0.68334,0.68453,0.68175,0.68382,289912.5
2006-06-14,0.68381,0.6843,0.68224,0.6835,288311.3
2006-06-15,0.68347,0.68392,0.68158,0.68272,290620.0
2006-06-16,0.68269,0.68367,0.68217,0.68338,271090.2
2006-06-18,0.6831,0.68313,0.68179,0.68211,25376.8
2006-06-19,0.6821,0.68382,0.68112,0.68322,285382.3
2006-06-20,0.68313,0.68359,0.68149,0.68272,287655.0
2006-06-21,0.68268,0.68663,0.68238,0.68591,279968.7
2006-06-22,0.68595,0.68826,0.68552,0.68792,286140.9
2006-06-23,0.68792,0.68864,0.68671,0.68816,267063.8
2006-06-25,0.6878,0.68783,0.68675,0.68747,25954.4
2006-06-26,0.68743,0.6907,0.68718,0.69041,285402.1
2006-06-27,0.6904,0.69145,0.68982,0.69002,284115.5
2006-06-28,0.68999,0.69175,0.68942,0.68992,282777.1
2006-06-29,0.68988,0.69312,0.6898,0.69267,289074.1
2006-06-30,0.69263,0.69455,0.69085,0.69117,271398.9
2006-07-02,0.6909,0.69231,0.6909,0.69197,23002.5
2006-07-03,0.69195,0.69576,0.69163,0.69432,281972.5
2006-07-04,0.69429,0.6951,0.69236,0.69308,281310.1
2006-07-05,0.69302,0.69434,0.6918,0.69334,286875.2
2006-07-06,0.69332,0.69597,0.69295,0.69492,285807.6
2006-07-07,0.6949,0.69581,0.69136,0.69169,266444.9
2006-07-09,0.69149,0.69272,0.69149,0.69208,23600.6
2006-07-10,0.69205,0.69321,0.69103,0.69109,287484.4
2006-07-11,0.69109,0.69293,0.69042,0.69167,283018.3
2006-07-12,0.69169,0.69283,0.68954,0.69242,287403.3
2006-07-13,0.6924,0.69276,0.68758,0.68828,288217.3
2006-07-14,0.68826,0.6893,0.68722,0.6877,277409.9
2006-07-16,0.68752,0.68829,0.68627,0.68722,20817.5
2006-07-17,0.6872,0.6891,0.68669,0.68776,278197.7
2006-07-18,0.68776,0.68873,0.68362,0.68462,289407.2
2006-07-19,0.68463,0.68477,0.6827,0.68348,287899.5
2006-07-20,0.68347,0.68392,0.68178,0.68332,292492.7
2006-07-21,0.68332,0.68404,0.68179,0.68273,267204.5
2006-07-23,0.68247,0.68345,0.68223,0.68276,21707.8
2006-07-24,0.68276,0.68313,0.6809,0.68242,283224.0
2006-07-25,0.68243,0.68383,0.68227,0.68312,289281.1
2006-07-26,0.6831,0.68597,0.68259,0.68544,283542.0
2006-07-27,0.68538,0.68615,0.68248,0.68317,291268.5
2006-07-28,0.68315,0.68539,0.68148,0.68428,274159.3
2006-07-30,0.68413,0.68528,0.68413,0.68485,22409.5
2006-07-31,0.68483,0.68487,0.68269,0.68325,283279.7
2006-08-01,0.68319,0.68389,0.68194,0.68311,287061.5
2006-08-02,0.68305,0.68354,0.6808,0.68121,287607.9
2006-08-03,0.68125,0.68193,0.67681,0.67832,288206.1
2006-08-04,0.67828,0.67865,0.67402,0.6744,268420.5
2006-08-06,0.6741,0.67546,0.6741,0.67517,21795.6
2006-08-07,0.67515,0.67563,0.67239,0.67297,284912.1
2006-08-08,0.67295,0.67426,0.67152,0.67248,282483.1
2006-08-09,0.67246,0.67555,0.6724,0.67528,282133.1
2006-08-10,0.67525,0.67684,0.67429,0.67524,286656.6
2006-08-11,0.67521,0.67529,0.67228,0.67341,276344.9
2006-08-13,0.67269,0.67307,0.67184,0.67297,20796.5
2006-08-14,0.67295,0.6748,0.6722,0.67342,286995.6
2006-08-15,0.6734,0.67532,0.67299,0.67517,292500.3
2006-08-16,0.67513,0.67757,0.67481,0.67736,283824.6
2006-08-17,0.67728,0.68084,0.67659,0.68038,283040.7
2006-08-18,0.68035,0.68198,0.6798,0.68129,272701.8
2006-08-20,0.68109,0.68189,0.68092,0.6817,27563.8
2006-08-21,0.68171,0.68275,0.67956,0.68017,287293.9
2006-08-22,0.68017,0.68065,0.67732,0.67793,286492.8
2006-08-23,0.67792,0.67826,0.67487,0.67526,284229.3
2006-08-24,0.67527,0.67785,0.67457,0.67582,289790.2
2006-08-25,0.6758,0.67792,0.67485,0.67574,268487.6
2006-08-27,0.67555,0.67622,0.67515,0.67604,21036.7
2006-08-28,0.67605,0.6767,0.67372,0.67483,277591.6
2006-08-29,0.67475,0.67583,0.67341,0.67558,286075.0
2006-08-30,0.67553,0.67603,0.67287,0.67372,290800.3
2006-08-31,0.67372,0.67469,0.67181,0.6725,294968.1
2006-09-01,0.67266,0.67377,0.67204,0.6732,277870.7
2006-09-03,0.67298,0.67429,0.67298,0.67407,24361.2
2006-09-04,0.67405,0.67573,0.67357,0.67474,286499.7
2006-09-05,0.67472,0.67706,0.67377,0.67662,292882.4
2006-09-06,0.67655,0.67989,0.67592,0.67962,292458.4
2006-09-07,0.67958,0.68071,0.67813,0.67861,287453.3
2006-09-08,0.67859,0.67983,0.67808,0.67942,274033.5
2006-09-10,0.67879,0.67953,0.67777,0.67837,22368.6
2006-09-11,0.67832,0.68185,0.67828,0.68016,280330.0
2006-09-12,0.68017,0.68124,0.6762,0.67676,286232.2
2006-09-13,0.67674,0.67763,0.67568,0.67602,283400.5
2006-09-14,0.67597,0.67641,0.67328,0.67442,285515.5
2006-09-15,0.6744,0.67463,0.67259,0.67377,269988.7
2006-09-17,0.67333,0.67366,0.67157,0.67277,23960.0
2006-09-18,0.67263,0.67585,0.6724,0.67509,286199.9
2006-09-19,0.67508,0.67633,0.67255,0.67358,282843.9
2006-09-20,0.67358,0.67385,0.67136,0.67196,291122.6
2006-09-21,0.67196,0.67273,0.67028,0.67174,287501.4
2006-09-22,0.67177,0.67382,0.67165,0.67242,267825.7
2006-09-24,0.67212,0.67312,0.67212,0.67262,22994.5
2006-09-25,0.67252,0.67289,0.67013,0.6707,274678.3
2006-09-26,0.67065,0.67137,0.66844,0.6695,277771.5
2006-09-27,0.66952,0.67332,0.66907,0.67242,280517.7
2006-09-28,0.67248,0.67759,0.67239,0.67724,286219.9
2006-09-29,0.67723,0.67914,0.67629,0.67726,272844.7
2006-10-01,0.67684,0.67744,0.67571,0.6771,24585.8
2006-10-02,0.67716,0.67817,0.6744,0.6753,282666.8
2006-10-03,0.67527,0.6761,0.67372,0.67473,283083.4
2006-10-04,0.67475,0.6755,0.67291,0.67392,282131.2
2006-10-05,0.67388,0.67623,0.67299,0.67542,279087.5
2006-10-06,0.67542,0.67663,0.67093,0.6737,266982.4
2006-10-08,0.67338,0.67369,0.6727,0.6733,24422.4
2006-10-09,0.67332,0.67615,0.67257,0.67447,284060.6
2006-10-10,0.67443,0.6763,0.6739,0.67597,285376.1
2006-10-11,0.67595,0.67671,0.67463,0.67491,286224.3
2006-10-12,0.67493,0.6761,0.67438,0.67525,288754.4
2006-10-13,0.67524,0.67562,0.67307,0.67531,270055.4
2006-10-15,0.67489,0.67493,0.67323,0.67382,24407.3
2006-10-16,0.67388,0.67445,0.67178,0.67287,289167.9
2006-10-17,0.67282,0.67335,0.66923,0.67031,292199.1
2006-10-18,0.67028,0.67141,0.6694,0.6713,280180.3
2006-10-19,0.67132,0.67269,0.67001,0.67237,280178.7
2006-10-20,0.67234,0.67314,0.66882,0.67,266175.6
2006-10-22,0.66973,0.67027,0.66931,0.67005,24193.5
2006-10-23,0.67013,0.67099,0.66924,0.66988,278700.1
2006-10-24,0.66985,0.67136,0.6695,0.6704,283520.1
2006-10-25,0.67032,0.67136,0.66928,0.67127,283713.4
2006-10-26,0.67122,0.67223,0.67016,0.67136,279568.4
2006-10-27,0.6714,0.67187,0.67019,0.67075,268492.0
2006-10-29,0.67042,0.67165,0.67042,0.67107,24116.4
2006-10-30,0.671,0.67124,0.66784,0.66932,282103.3
2006-10-31,0.66928,0.66984,0.66695,0.6688,280730.1
2006-11-01,0.66876,0.66967,0.66731,0.6685,281250.6
2006-11-02,0.66853,0.66981,0.66798,0.66952,279056.5
2006-11-03,0.66952,0.67002,0.66714,0.66891,268866.5
2006-11-05,0.66848,0.66889,0.6679,0.66842,25533.6
2006-11-06,0.66843,0.6707,0.66811,0.67022,281282.7
2006-11-07,0.67018,0.67118,0.66941,0.67042,284324.5
2006-11-08,0.6704,0.67117,0.66905,0.66959,284504.8
2006-11-09,0.6696,0.67366,0.66934,0.67292,282403.9
2006-11-10,0.6729,0.67392,0.67135,0.6718,265291.3
2006-11-12,0.67173,0.67236,0.67154,0.6719,24380.1
2006-11-13,0.67185,0.67453,0.67167,0.67289,285432.1
2006-11-14,0.67298,0.67646,0.6728,0.67557,285850.8
2006-11-15,0.67559,0.67906,0.67527,0.67867,283658.5
2006-11-16,0.67865,0.67939,0.67686,0.67727,284388.9
2006-11-17,0.67723,0.67832,0.67639,0.6768,269658.9
2006-11-19,0.67638,0.67706,0.67616,0.67681,23630.0
2006-11-20,0.67675,0.67797,0.67501,0.67537,277989.9
2006-11-21,0.67536,0.67639,0.67435,0.67603,282796.6
2006-11-22,0.6761,0.67638,0.67435,0.67564,280887.5
2006-11-23,0.67562,0.67735,0.6753,0.67593,276109.6
2006-11-24,0.67588,0.67797,0.67542,0.67759,272671.8
2006-11-26,0.67703,0.67839,0.67593,0.67815,27683.5
2006-11-27,0.67814,0.67822,0.67672,0.67751,284957.8
2006-11-28,0.67747,0.67777,0.67489,0.67578,281735.6
2006-11-29,0.67573,0.67623,0.67375,0.67551,276676.6
2006-11-30,0.6755,0.67598,0.67307,0.67365,281019.8
2006-12-01,0.67364,0.67388,0.67149,0.67262,269778.8
2006-12-03,0.67292,0.67462,0.67292,0.67359,24857.9
2006-12-04,0.67362,0.67392,0.67204,0.67307,293871.2
2006-12-05,0.67305,0.67549,0.67303,0.67457,291391.5
2006-12-06,0.6746,0.67609,0.67398,0.67552,286294.2
2006-12-07,0.67552,0.67744,0.67487,0.67662,289586.7
2006-12-08,0.6766,0.67864,0.67463,0.67503,270066.4
2006-12-10,0.67477,0.67542,0.67449,0.6746,24790.2
2006-12-11,0.67459,0.6769,0.67431,0.67592,291441.2
2006-12-12,0.67584,0.67614,0.67297,0.67372,288795.5
2006-12-13,0.67369,0.67422,0.67128,0.67162,281086.9
2006-12-14,0.67158,0.67283,0.66997,0.67024,284939.0
2006-12-15,0.67016,0.67103,0.6692,0.66988,274838.7
2006-12-17,0.66953,0.67008,0.6695,0.66985,23129.6
2006-12-18,0.66983,0.67267,0.66918,0.67244,282840.7
2006-12-19,0.67244,0.67258,0.66965,0.66984,283579.7
2006-12-20,0.66983,0.67121,0.66955,0.67063,282024.7
2006-12-21,0.67059,0.67188,0.67002,0.67154,288862.4
2006-12-22,0.67149,0.67228,0.66995,0.6703,268248.0
2006-12-24,0.67023,0.67112,0.66969,0.67037,27904.3
2006-12-25,0.67015,0.67106,0.66339,0.67021,321250.3
2006-12-26,0.6702,0.6714,0.66952,0.67019,299507.1
2006-12-27,0.6702,0.67152,0.66983,0.67045,286183.5
2006-12-28,0.67049,0.67146,0.66937,0.66978,288042.4
2006-12-29,0.66977,0.67402,0.66951,0.67364,274702.6
2006-12-31,0.67314,0.67392,0.67314,0.67372,26942.7
2007-01-01,0.67368,0.67419,0.67233,0.67282,305767.9
2007-01-02,0.67295,0.6739,0.67216,0.67252,304715.7
2007-01-03,0.67247,0.67597,0.6724,0.67448,287550.5
2007-01-04,0.6745,0.67606,0.67269,0.67349,291026.6
2007-01-05,0.67345,0.67531,0.67326,0.67393,275337.5
2007-01-07,0.6738,0.67417,0.67323,0.67383,27731.7
2007-01-08,0.67351,0.67414,0.67149,0.67186,285432.9
2007-01-09,0.67181,0.67193,0.6696,0.66997,285547.8
2007-01-10,0.66997,0.67061,0.66883,0.66937,287689.9
2007-01-11,0.6694,0.67031,0.66217,0.66301,287747.5
2007-01-12,0.66302,0.6637,0.6591,0.65938,275138.0
2007-01-14,0.6594,0.65976,0.65893,0.65922,25904.9
2007-01-15,0.65927,0.66006,0.65763,0.65826,286016.5
2007-01-16,0.65823,0.66052,0.65809,0.65862,285480.1
2007-01-17,0.65857,0.65914,0.65607,0.65652,281415.6
2007-01-18,0.65652,0.65738,0.65548,0.65642,284261.1
2007-01-19,0.65638,0.65782,0.65522,0.6565,262570.0
2007-01-21,0.65637,0.65672,0.65593,0.65657,25019.5
2007-01-22,0.65655,0.65704,0.65457,0.65492,279531.1
2007-01-23,0.65493,0.65745,0.65347,0.65682,284547.3
2007-01-24,0.65679,0.66034,0.65652,0.6585,286374.8
2007-01-25,0.65852,0.65987,0.65789,0.65812,283729.8
2007-01-26,0.6581,0.65934,0.65713,0.65903,266844.8
2007-01-28,0.65875,0.6593,0.65857,0.65873,23956.4
2007-01-29,0.6587,0.66136,0.6584,0.66067,280854.6
2007-01-30,0.66072,0.66095,0.65813,0.66058,281782.1
2007-01-31,0.66055,0.66433,0.65967,0.66309,279893.6
2007-02-01,0.66319,0.66383,0.66053,0.66162,281290.4
2007-02-02,0.66161,0.66243,0.65848,0.65896,258884.7
2007-02-04,0.65887,0.65948,0.65865,0.65921,24063.0
2007-02-05,0.65922,0.6613,0.65815,0.65944,284926.6
2007-02-06,0.65939,0.65966,0.65725,0.65857,281720.7
2007-02-07,0.65854,0.66104,0.65825,0.66037,278765.7
2007-02-08,0.66039,0.66609,0.65946,0.66546,284209.1
2007-02-09,0.66546,0.66823,0.66508,0.66706,275014.1
2007-02-11,0.66672,0.66726,0.66565,0.66612,29930.6
2007-02-12,0.66623,0.6674,0.66484,0.66538,310605.3
2007-02-13,0.66535,0.67025,0.66454,0.66958,276224.6
2007-02-14,0.66955,0.67162,0.66834,0.66849,284307.6
2007-02-15,0.66849,0.67348,0.66781,0.6729,282765.6
2007-02-16,0.67285,0.67385,0.67198,0.67355,268031.7
2007-02-18,0.67336,0.6737,0.67253,0.67312,24107.6
2007-02-19,0.67311,0.67558,0.67245,0.67406,279582.7
2007-02-20,0.67404,0.67482,0.67144,0.6719,285549.0
2007-02-21,0.67187,0.67434,0.67154,0.67233,281460.9
2007-02-22,0.67235,0.67294,0.66986,0.67071,277405.5
2007-02-23,0.6707,0.67108,0.66893,0.6705,261536.3
2007-02-25,0.67007,0.67096,0.66987,0.67087,24200.1
2007-02-26,0.67081,0.67189,0.66991,0.67172,280000.6
2007-02-27,0.67169,0.6753,0.67078,0.67392,280972.5
2007-02-28,0.67389,0.67561,0.67261,0.6734,283969.8
2007-03-01,0.67343,0.67518,0.67186,0.67258,282627.0
2007-03-02,0.67262,0.67884,0.67239,0.6784,267551.4
2007-03-03,0.67885,0.67893,0.67885,0.67892,94.0
2007-03-04,0.67838,0.68158,0.67806,0.68135,25492.4
2007-03-05,0.68137,0.68406,0.67975,0.68122,289636.0
2007-03-06,0.6812,0.68157,0.67815,0.67866,288963.2
2007-03-07,0.67862,0.68325,0.67825,0.68259,287908.1
2007-03-08,0.68259,0.68291,0.67938,0.68076,281429.0
2007-03-09,0.68072,0.68183,0.67766,0.67857,263896.7
2007-03-11,0.67834,0.67878,0.67721,0.67722,25805.4
2007-03-12,0.67713,0.6836,0.677,0.68242,283194.5
2007-03-13,0.68232,0.68451,0.68146,0.68362,283059.1
2007-03-14,0.68362,0.6866,0.6818,0.68244,286303.4
2007-03-15,0.6824,0.68541,0.68185,0.68485,285714.1
2007-03-16,0.6848,0.68619,0.68357,0.68553,274363.6
2007-03-18,0.68525,0.68667,0.68443,0.68577,84902.3
2007-03-19,0.68575,0.686,0.68289,0.68387,283604.5
2007-03-20,0.68383,0.68415,0.67795,0.67868,285455.9
2007-03-21,0.67864,0.68078,0.67741,0.68048,280702.3
2007-03-22,0.6805,0.68057,0.67734,0.67839,281060.9
2007-03-23,0.67842,0.67877,0.67656,0.67685,269694.5
2007-03-25,0.67742,0.67893,0.67665,0.67702,63360.8
2007-03-26,0.67701,0.6773,0.6753,0.677,251900.3
2007-03-27,0.67702,0.68004,0.6765,0.67905,253460.2
2007-03-28,0.67902,0.68031,0.67785,0.67797,254747.2
2007-03-29,0.67791,0.67963,0.67737,0.67904,248598.6
2007-03-30,0.67907,0.68125,0.67805,0.67863,357953.1
2007-04-01,0.67877,0.67969,0.67705,0.6785,23765.9
2007-04-02,0.6786,0.6788,0.67545,0.67595,876919.5
2007-04-03,0.67595,0.67655,0.6747,0.6751,858213.4
2007-04-04,0.6751,0.67725,0.67495,0.6768,562028.47
2007-04-05,0.6768,0.6815,0.67595,0.68115,462915.54
2007-04-06,0.68115,0.6818,0.67905,0.68054,231118.1
2007-04-08,0.68047,0.68093,0.67991,0.6804,32575.6
2007-04-09,0.6804,0.68185,0.67958,0.6806,186616.93
2007-04-10,0.6806,0.68205,0.67955,0.68095,611773.71
2007-04-11,0.68095,0.6811,0.6777,0.67993,558331.18
2007-04-12,0.6801,0.6823,0.68002,0.6812,450121.85
2007-04-13,0.68125,0.6823,0.68045,0.68077,372287.95
2007-04-15,0.68085,0.68311,0.68044,0.68235,45113.0
2007-04-16,0.68235,0.68285,0.67978,0.68005,508544.01
2007-04-17,0.68005,0.68045,0.67556,0.67625,719667.68
2007-04-18,0.67625,0.67775,0.6753,0.6777,666955.93
2007-04-19,0.6776,0.68015,0.67725,0.67985,666311.49
2007-04-20,0.6799,0.6804,0.67747,0.6789,444934.88
2007-04-22,0.67867,0.67903,0.67659,0.6786,32823.6
2007-04-23,0.6787,0.6796,0.67735,0.6786,453461.15
2007-04-24,0.6786,0.6815,0.67795,0.6807,555971.47
2007-04-25,0.6807,0.6816,0.68015,0.6813,622785.3
2007-04-26,0.6812,0.6835,0.68025,0.68275,703065.95
2007-04-27,0.68275,0.6843,0.68105,0.68321,623064.26
2007-04-29,0.68302,0.6835,0.6816,0.6833,58135.1
2007-04-30,0.6833,0.68365,0.68175,0.68255,787736.33
2007-05-01,0.68245,0.6827,0.67995,0.6806,865933.85
2007-05-02,0.68055,0.6836,0.6797,0.683,1331051.68
2007-05-03,0.683,0.6836,0.68137,0.6817,1183897.67
2007-05-04,0.6817,0.68794,0.68082,0.68757,970126.1
2007-05-06,0.6847,0.68475,0.68147,0.68165,43325.8
2007-05-07,0.68165,0.68285,0.681,0.68195,595728.3
2007-05-08,0.6821,0.6828,0.67915,0.6805,1449245.76
2007-05-09,0.6805,0.6808,0.67793,0.6791,1792985.0
2007-05-10,0.6791,0.6818,0.67822,0.6809,1980425.66
2007-05-11,0.68095,0.68281,0.68002,0.68253,1590409.11
2007-05-13,0.68233,0.68319,0.68162,0.6826,59691.1
2007-05-14,0.6826,0.6845,0.68195,0.684,1235135.28
2007-05-15,0.6841,0.6856,0.6833,0.6845,1715883.8
2007-05-16,0.6845,0.6857,0.683,0.6837,1635163.22
2007-05-17,0.6837,0.685,0.6827,0.6834,1450451.86
2007-05-18,0.6834,0.68493,0.68245,0.68442,1582442.54
2007-05-20,0.68372,0.6848,0.68332,0.6846,53958.6
2007-05-21,0.6846,0.6852,0.68235,0.68275,1449021.92
2007-05-22,0.6828,0.6832,0.68069,0.6812,1464657.53
2007-05-23,0.6812,0.6816,0.67694,0.67745,2017635.9
2007-05-24,0.67745,0.6775,0.67586,0.6762,1759488.01
2007-05-25,0.6762,0.67865,0.67555,0.67733,1484457.18
2007-05-27,0.67795,0.67803,0.67717,0.67775,65649.1
2007-05-28,0.67785,0.6787,0.6774,0.6783,552874.39
2007-05-29,0.67825,0.6807,0.67655,0.6792,1915927.09
2007-05-30,0.6792,0.6802,0.67801,0.6797,1893098.5
2007-05-31,0.6796,0.68105,0.6789,0.6796,1731152.71
2007-06-01,0.67965,0.6798,0.67725,0.67817,1455788.05
2007-06-03,0.67665,0.67859,0.67662,0.6781,90775.6
2007-06-04,0.6781,0.6786,0.67675,0.67735,1636008.44
2007-06-05,0.6774,0.67885,0.67705,0.6782,1751503.51
2007-06-06,0.67825,0.67925,0.67702,0.6773,1764628.91
2007-06-07,0.6773,0.67985,0.6768,0.67857,1707112.23
2007-06-08,0.6787,0.6807,0.67787,0.67867,2204727.5
2007-06-10,0.67732,0.6794,0.6773,0.6791,88251.4
2007-06-11,0.6791,0.67925,0.67759,0.67775,1365801.15
2007-06-12,0.67772,0.67801,0.67328,0.6737,1760442.9
2007-06-13,0.6737,0.6751,0.6729,0.67465,1910833.22
2007-06-14,0.67465,0.67645,0.67403,0.67575,1618200.0
2007-06-15,0.6758,0.67772,0.67508,0.67651,1497412.3
2007-06-17,0.67675,0.6781,0.6763,0.677,54924.2
2007-06-18,0.677,0.6775,0.6749,0.6763,1189901.0
2007-06-19,0.6763,0.67655,0.67415,0.6754,1223799.66
2007-06-20,0.6754,0.67595,0.67209,0.6724,1348524.1
2007-06-21,0.67245,0.6727,0.67115,0.6721,1555534.72
2007-06-22,0.6721,0.6738,0.6716,0.67338,1352848.3
2007-06-24,0.6734,0.67427,0.6728,0.6734,71809.5
2007-06-25,0.67332,0.67405,0.67225,0.6738,1181979.75
2007-06-26,0.6738,0.67385,0.6726,0.673,1697262.6
2007-06-27,0.673,0.6738,0.67226,0.6727,1700380.7
2007-06-28,0.67275,0.6737,0.67083,0.67105,1863265.17
2007-06-29,0.67105,0.675,0.6705,0.67366,1815692.5
2007-07-01,0.67342,0.67441,0.67306,0.674,73835.3
2007-07-02,0.674,0.677,0.6732,0.6753,2111328.3
2007-07-03,0.6753,0.6756,0.67419,0.6749,1559484.6
2007-07-04,0.6749,0.676,0.67413,0.67535,947091.48
2007-07-05,0.67535,0.6779,0.67465,0.6758,1821596.73
2007-07-06,0.6758,0.67832,0.6754,0.67765,1737150.45
2007-07-08,0.67783,0.67804,0.67672,0.67722,78865.4
2007-07-09,0.6773,0.6777,0.6753,0.6758,1343496.65
2007-07-10,0.6758,0.67965,0.675,0.678,1899995.75
2007-07-11,0.678,0.6787,0.676,0.6766,2883730.55
2007-07-12,0.6766,0.67945,0.67627,0.67928,2043324.16
2007-07-13,0.67923,0.67945,0.67677,0.67747,1720837.67
2007-07-15,0.67742,0.67817,0.67685,0.6773,105618.99
2007-07-16,0.6773,0.67765,0.67581,0.6764,1469175.94
2007-07-17,0.6764,0.677,0.67285,0.6732,1752684.5
2007-07-18,0.6732,0.6744,0.67158,0.67225,1962804.34
2007-07-19,0.6723,0.67515,0.67174,0.67355,1858916.2
2007-07-20,0.6736,0.6737,0.67125,0.67326,1725723.64
2007-07-22,0.67258,0.67417,0.67208,0.6728,87898.1
2007-07-23,0.6728,0.67307,0.66995,0.67015,1306431.08
2007-07-24,0.6702,0.67095,0.6688,0.6705,1437432.64
2007-07-25,0.6705,0.67135,0.66782,0.6681,1784286.96
2007-07-26,0.6681,0.672,0.66785,0.67085,1905170.41
2007-07-27,0.6709,0.67383,0.67042,0.67345,2325938.77
2007-07-29,0.67347,0.6747,0.67197,0.6743,113457.5
2007-07-30,0.6743,0.6769,0.67314,0.6755,1654269.32
2007-07-31,0.6755,0.676,0.67235,0.67385,1693677.33
2007-08-01,0.67385,0.6754,0.67215,0.6731,1954774.23
2007-08-02,0.67305,0.67365,0.67195,0.67315,1500688.8
2007-08-03,0.6732,0.67641,0.6721,0.67641,1243877.54
2007-08-05,0.67552,0.67775,0.67377,0.677,157723.6
2007-08-06,0.677,0.6809,0.67575,0.67945,1832959.95
2007-08-07,0.6795,0.6817,0.67875,0.6796,1871578.42
2007-08-08,0.67965,0.68095,0.67695,0.67776,2025332.65
2007-08-09,0.6777,0.67805,0.6744,0.6758,2381431.9
2007-08-10,0.6758,0.67835,0.67495,0.67658,2410725.7
2007-08-12,0.67649,0.67785,0.67487,0.6772,110086.9
2007-08-13,0.6772,0.6794,0.6756,0.67645,2286715.6
2007-08-14,0.67645,0.67955,0.6755,0.678,2874051.72
2007-08-15,0.678,0.6791,0.67505,0.6756,3276735.85
2007-08-16,0.6755,0.6777,0.6746,0.6768,3669297.65
2007-08-17,0.6768,0.68145,0.6758,0.67999,2104320.92
2007-08-19,0.67995,0.68185,0.67538,0.68115,82873.2
2007-08-20,0.68115,0.68255,0.677,0.67795,1802945.31
2007-08-21,0.67795,0.6818,0.67767,0.6789,1899345.89
2007-08-22,0.6789,0.68015,0.67765,0.6793,2080781.15
2007-08-23,0.67935,0.68,0.6755,0.6764,3210027.9
2007-08-24,0.6765,0.6797,0.6761,0.67898,3077028.11
2007-08-26,0.67758,0.67927,0.67676,0.678,93642.6
2007-08-27,0.678,0.6789,0.67675,0.67865,2109805.64
2007-08-28,0.67865,0.6807,0.6782,0.67935,3321168.11
2007-08-29,0.67935,0.67955,0.6762,0.6783,3774145.03
2007-08-30,0.6783,0.6789,0.6764,0.6781,2503341.26
2007-08-31,0.6781,0.6787,0.6748,0.67565,2324514.5
2007-09-02,0.67589,0.67729,0.67505,0.6765,175798.5
2007-09-03,0.6765,0.6766,0.67395,0.6748,1037027.21
2007-09-04,0.6748,0.6768,0.6737,0.67585,2112779.81
2007-09-05,0.67585,0.6772,0.675,0.6758,2224932.59
2007-09-06,0.6758,0.6775,0.67405,0.67685,1950849.98
2007-09-07,0.6768,0.67975,0.67605,0.67894,2450210.13
2007-09-09,0.6785,0.6796,0.67749,0.67905,74503.54
2007-09-10,0.6791,0.6811,0.6782,0.68035,1243970.31
2007-09-11,0.6804,0.6818,0.6796,0.6805,2302428.7
2007-09-12,0.6805,0.6857,0.68025,0.6855,2421489.86
2007-09-13,0.6855,0.6874,0.6829,0.6866,2203614.4
2007-09-14,0.68675,0.6918,0.6857,0.69049,1570867.82
2007-09-16,0.69063,0.69193,0.68867,0.69075,126464.2
2007-09-17,0.69075,0.6961,0.6903,0.6956,1416073.17
2007-09-18,0.69565,0.6973,0.69305,0.6945,1817188.28
2007-09-19,0.69445,0.6997,0.69305,0.6979,2040114.53
2007-09-20,0.6979,0.70105,0.69744,0.6999,1972142.4
2007-09-21,0.6999,0.7019,0.69625,0.69734,1806737.13
2007-09-23,0.69761,0.69825,0.69629,0.69728,108408.6
2007-09-24,0.6973,0.6974,0.69505,0.69655,1881176.33
2007-09-25,0.69655,0.7014,0.69655,0.70085,2577132.35
2007-09-26,0.7009,0.7028,0.69935,0.70095,2073939.1
2007-09-27,0.70095,0.7015,0.6976,0.6983,2366341.2
2007-09-28,0.6983,0.7015,0.69615,0.69703,2535913.39
2007-09-30,0.69673,0.6979,0.6961,0.6977,177779.5
2007-10-01,0.6977,0.6978,0.6948,0.6963,2124103.28
2007-10-02,0.6963,0.69715,0.6925,0.6935,2023764.93
2007-10-03,0.6935,0.69635,0.69295,0.6936,1646562.17
2007-10-04,0.69355,0.6952,0.69105,0.69325,1778910.44
2007-10-05,0.6933,0.6943,0.6909,0.69214,1662238.2
2007-10-07,0.69215,0.693,0.69144,0.69265,137963.09
2007-10-08,0.69265,0.6929,0.68952,0.6901,1170880.5
2007-10-09,0.6901,0.69345,0.6893,0.6919,1686966.56
2007-10-10,0.6919,0.69385,0.6906,0.6933,1909293.23
2007-10-11,0.6933,0.6995,0.6932,0.6983,2027616.46
2007-10-12,0.6983,0.70075,0.69539,0.6957,2097432.43
2007-10-14,0.69594,0.69709,0.69519,0.6963,132628.9
2007-10-15,0.6963,0.6988,0.6948,0.6955,2251116.76
2007-10-16,0.69545,0.69785,0.69495,0.6978,2057353.23
2007-10-17,0.6978,0.69865,0.6958,0.69675,1443802.13
2007-10-18,0.69675,0.69955,0.69585,0.69875,1286642.42
2007-10-19,0.69875,0.70015,0.6959,0.69719,1733398.71
2007-10-21,0.69693,0.69945,0.69629,0.69925,227314.7
2007-10-22,0.69925,0.6994,0.69665,0.69715,1845477.19
2007-10-23,0.69715,0.6981,0.69435,0.6955,1626238.44
2007-10-24,0.6955,0.6962,0.69355,0.6959,1278063.05
2007-10-25,0.6959,0.6988,0.69555,0.6982,1152949.17
2007-10-26,0.69815,0.70165,0.69785,0.70112,1332280.25
2007-10-28,0.70336,0.70336,0.70017,0.70145,174064.1
2007-10-29,0.70145,0.7019,0.6986,0.69945,1304120.65
2007-10-30,0.69945,0.69945,0.69635,0.6981,1339562.41
2007-10-31,0.6981,0.6983,0.69465,0.6957,1701441.35
2007-11-01,0.69575,0.6962,0.6919,0.6942,1799574.14
2007-11-02,0.6942,0.6963,0.69317,0.6938,1685555.61
2007-11-04,0.69453,0.6951,0.69363,0.6946,52375.28
2007-11-05,0.6946,0.69645,0.69345,0.6956,1846611.26
2007-11-06,0.6956,0.6979,0.69495,0.6976,1746334.98
2007-11-07,0.6976,0.7002,0.6958,0.69635,1829717.45
2007-11-08,0.6964,0.6984,0.695,0.6962,1578967.7
2007-11-09,0.69625,0.7025,0.6958,0.70103,1989236.25
2007-11-11,0.70077,0.7047,0.70077,0.7026,186649.4
2007-11-12,0.7026,0.7078,0.70075,0.7068,1364798.46
2007-11-13,0.7068,0.7078,0.70375,0.7046,2695718.62
2007-11-14,0.7046,0.7145,0.70415,0.7135,2953202.74
2007-11-15,0.7135,0.71665,0.7121,0.715,2702170.19
2007-11-16,0.715,0.71705,0.71312,0.71382,2411562.6
2007-11-18,0.71382,0.71477,0.71296,0.714,134505.05
2007-11-19,0.71405,0.71645,0.71255,0.7156,2275726.21
2007-11-20,0.7156,0.7183,0.71395,0.7178,2741668.75
2007-11-21,0.7178,0.7213,0.71645,0.71995,2075730.81
2007-11-22,0.71995,0.721,0.71765,0.7201,1189797.75
2007-11-23,0.7201,0.7215,0.718,0.71952,2343724.35
2007-11-25,0.7229,0.72295,0.7182,0.71875,205441.0
2007-11-26,0.71875,0.7195,0.7162,0.71875,2299965.9
2007-11-27,0.7188,0.7196,0.71605,0.71755,2264854.74
2007-11-28,0.71755,0.718,0.71215,0.7139,2186951.32
2007-11-29,0.7139,0.7165,0.71285,0.71545,1549842.08
2007-11-30,0.71545,0.71635,0.71014,0.71178,1024162.82
2007-12-02,0.71213,0.71337,0.71111,0.71235,146453.6
2007-12-03,0.71235,0.71365,0.70885,0.71065,986100.3
2007-12-04,0.71065,0.71785,0.70905,0.717,900870.76
2007-12-05,0.717,0.7239,0.71675,0.7199,1589877.15
2007-12-06,0.7199,0.72265,0.71765,0.72245,993184.96
2007-12-07,0.72245,0.7232,0.7194,0.72206,1060421.64
2007-12-09,0.7215,0.72224,0.72025,0.72065,172165.4
2007-12-10,0.72065,0.72115,0.7179,0.71935,1321720.1
2007-12-11,0.7194,0.7216,0.71525,0.72015,1446276.26
2007-12-12,0.72015,0.72065,0.71625,0.7193,1633036.41
2007-12-13,0.7193,0.7209,0.7147,0.71605,1348509.41
2007-12-14,0.716,0.7177,0.7139,0.71612,1335237.51
2007-12-16,0.71485,0.71545,0.71342,0.7148,124770.5
2007-12-17,0.7148,0.7156,0.7112,0.713,1011850.47
2007-12-18,0.713,0.71595,0.71175,0.71475,788012.3
2007-12-19,0.71475,0.72065,0.71305,0.7202,941464.8
2007-12-20,0.72025,0.72395,0.7194,0.7224,948951.82
2007-12-21,0.7224,0.7255,0.72145,0.72416,968212.83
2007-12-23,0.7242,0.72535,0.72376,0.7247,62273.0
2007-12-24,0.72465,0.72905,0.7246,0.72724,431520.16
2007-12-25,0.72781,0.73161,0.72497,0.72775,748347.26
2007-12-26,0.72781,0.7313,0.72666,0.73,834786.47
2007-12-27,0.73005,0.73405,0.72785,0.73225,765917.12
2007-12-28,0.7323,0.73885,0.73085,0.73683,1922882.38
2007-12-30,0.73739,0.73936,0.73588,0.73735,141841.9
2007-12-31,0.73735,0.7382,0.73195,0.73412,4377588.3
2008-01-01,0.73426,0.73645,0.73309,0.7356,471848.4
2008-01-02,0.73565,0.74475,0.7349,0.7425,3541730.12
2008-01-03,0.7425,0.74835,0.74135,0.74665,2815573.99
2008-01-04,0.74665,0.74915,0.74245,0.74724,2179709.66
2008-01-06,0.74667,0.748,0.7463,0.7479,143909.5
2008-01-07,0.74785,0.7481,0.74405,0.74645,1077927.65
2008-01-08,0.74645,0.7466,0.74205,0.74575,850842.09
2008-01-09,0.74575,0.7503,0.74455,0.749,760343.54
2008-01-10,0.749,0.75655,0.74605,0.7543,1526377.42
2008-01-11,0.7543,0.7586,0.75355,0.75486,2497243.9
2008-01-13,0.7549,0.7561,0.75395,0.7555,388164.0
2008-01-14,0.7555,0.7612,0.7552,0.7607,2699863.55
2008-01-15,0.76075,0.76135,0.7527,0.75585,2775458.69
2008-01-16,0.75585,0.75755,0.74385,0.74695,3694470.67
2008-01-17,0.74695,0.7481,0.7415,0.743,1847997.99
2008-01-18,0.743,0.7495,0.7417,0.7464,1032715.77
2008-01-20,0.7462,0.74743,0.74518,0.74565,67786.1
2008-01-21,0.74565,0.7463,0.74205,0.74305,1133748.81
2008-01-22,0.74305,0.74755,0.7396,0.7469,1893208.46
2008-01-23,0.7469,0.7485,0.7441,0.74735,1382347.0
2008-01-24,0.7473,0.749,0.7459,0.7468,1332020.56
2008-01-25,0.74675,0.748,0.73952,0.74015,2104721.75
2008-01-27,0.73978,0.7409,0.739,0.7394,227654.1
2008-01-28,0.7394,0.7459,0.7394,0.7445,1860613.11
2008-01-29,0.7449,0.7451,0.7416,0.7422,1217552.35
2008-01-30,0.7422,0.7482,0.7412,0.7474,1770450.46
2008-01-31,0.7474,0.74925,0.74445,0.7466,5594985.3
2008-02-01,0.7466,0.7544,0.7458,0.75317,4291868.2
2008-02-03,0.75286,0.7537,0.75215,0.7531,115390.25
2008-02-04,0.7531,0.7543,0.7488,0.75065,1050999.8
2008-02-05,0.75065,0.75165,0.7445,0.7448,548607.55
2008-02-06,0.7448,0.7482,0.744,0.7452,554696.01
2008-02-07,0.7452,0.75025,0.74445,0.74515,486276.15
2008-02-08,0.74515,0.74655,0.7425,0.7452,335146.5
2008-02-10,0.74572,0.7463,0.7443,0.74625,77578.9
2008-02-11,0.74625,0.7508,0.74355,0.74375,124546.5
2008-02-12,0.74375,0.7462,0.7431,0.7439,412385.53
2008-02-13,0.7439,0.7449,0.7413,0.74175,304832.4
2008-02-14,0.74175,0.7437,0.74035,0.74335,170673.17
2008-02-15,0.74335,0.74915,0.7429,0.74872,287150.95
2008-02-17,0.74865,0.75013,0.74757,0.74915,123500.17
2008-02-18,0.74915,0.7521,0.7478,0.7509,376804.02
2008-02-19,0.7509,0.7569,0.7508,0.75595,444081.34
2008-02-20,0.75595,0.7579,0.75315,0.7578,1747674.78
2008-02-21,0.7578,0.75805,0.7518,0.7543,323731.0
2008-02-22,0.7543,0.75525,0.7522,0.75439,308403.34
2008-02-24,0.7538,0.75425,0.7529,0.75325,29451.3
2008-02-25,0.75325,0.75545,0.75235,0.7543,567971.95
2008-02-26,0.7543,0.7566,0.75145,0.7545,1041019.48
2008-02-27,0.7545,0.7638,0.7537,0.76225,2417245.03
2008-02-28,0.76225,0.7643,0.76095,0.76355,2830940.95
2008-02-29,0.76355,0.7678,0.76245,0.76284,1937891.18
2008-03-02,0.76327,0.7665,0.76239,0.76585,229445.44
2008-03-03,0.76585,0.7677,0.7634,0.76595,2092089.55
2008-03-04,0.76595,0.7674,0.7637,0.7659,1945172.25
2008-03-05,0.7659,0.7688,0.7645,0.7671,2406884.71
2008-03-06,0.7671,0.76915,0.76365,0.76455,778634.75
2008-03-07,0.76455,0.76575,0.76,0.76215,768912.8
2008-03-09,0.7608,0.76275,0.7608,0.76235,254415.0
2008-03-10,0.76235,0.7654,0.75955,0.7635,1047178.98
2008-03-11,0.7635,0.7678,0.76345,0.76465,906634.55
2008-03-12,0.76465,0.768,0.7627,0.76655,2367171.97
2008-03-13,0.76655,0.7695,0.7642,0.7687,1045519.94
2008-03-14,0.7687,0.77687,0.7665,0.77582,1946663.35
2008-03-16,0.7751,0.7808,0.77457,0.7797,145431.2
2008-03-17,0.77975,0.7911,0.7791,0.7882,1786833.36
2008-03-18,0.78835,0.78845,0.7769,0.7791,985308.83
2008-03-19,0.7791,0.7894,0.77805,0.7882,312280.83
2008-03-20,0.7882,0.7884,0.7759,0.7776,408169.85
2008-03-21,0.7776,0.78,0.7762,0.77888,859650.3
2008-03-23,0.77845,0.77927,0.77724,0.77845,291224.1
2008-03-24,0.77845,0.77895,0.7745,0.77635,709748.55
2008-03-25,0.77635,0.7828,0.7749,0.7795,502286.7
2008-03-26,0.7795,0.7894,0.778,0.78795,632420.76
2008-03-27,0.78795,0.78995,0.7809,0.78775,601760.29
2008-03-28,0.78775,0.7929,0.7859,0.79176,652363.07
2008-03-30,0.79205,0.7926,0.79072,0.79105,194676.75
2008-03-31,0.79105,0.79815,0.78965,0.79455,902462.0
2008-04-01,0.79455,0.7958,0.78715,0.7892,872944.52
2008-04-02,0.7892,0.78985,0.7852,0.78885,1296293.28
2008-04-03,0.78885,0.7909,0.7823,0.78525,867780.37
2008-04-04,0.78525,0.78999,0.784,0.78909,613158.47
2008-04-06,0.78901,0.78951,0.78791,0.7891,403900.16
2008-04-07,0.7891,0.7915,0.78665,0.79,685623.1
2008-04-08,0.79,0.79895,0.7899,0.7978,1113715.58
2008-04-09,0.7978,0.80235,0.79665,0.8014,769575.52
2008-04-10,0.8014,0.80285,0.7967,0.7985,738879.29
2008-04-11,0.7985,0.80375,0.7977,0.79896,1169116.67
2008-04-13,0.80242,0.8025,0.7957,0.7986,298549.25
2008-04-14,0.7986,0.8022,0.79625,0.802,1247658.82
2008-04-15,0.802,0.80635,0.801,0.8044,1275339.21
2008-04-16,0.8044,0.80975,0.80245,0.80835,788050.1
2008-04-17,0.80835,0.80965,0.79705,0.7991,456309.23
2008-04-18,0.7991,0.7994,0.7875,0.7918,350754.41
2008-04-20,0.7922,0.79272,0.7901,0.791,60556.9
2008-04-21,0.791,0.8041,0.7897,0.8026,254203.99
2008-04-22,0.8026,0.805,0.798,0.80015,998249.8
2008-04-23,0.80015,0.80415,0.7994,0.8024,1470975.65
2008-04-24,0.8024,0.8026,0.7937,0.7946,818736.36
2008-04-25,0.7946,0.7954,0.7851,0.78777,870909.49
2008-04-27,0.78618,0.7877,0.78587,0.7874,33957.8
2008-04-28,0.7874,0.7906,0.78345,0.7861,129863.1
2008-04-29,0.7861,0.79205,0.78295,0.7917,116189.16
2008-04-30,0.79165,0.7947,0.7836,0.78625,159376.7
2008-05-01,0.78625,0.7876,0.78005,0.7821,380392.5
2008-05-02,0.7825,0.7837,0.7765,0.78239,241951.05
2008-05-04,0.78181,0.78273,0.78092,0.782,31139.2
2008-05-05,0.782,0.78735,0.78165,0.7855,215739.23
2008-05-06,0.7855,0.78905,0.7846,0.7872,194594.4
2008-05-07,0.7872,0.7921,0.786,0.7865,284062.1
2008-05-08,0.7865,0.78895,0.7822,0.7876,281445.65
2008-05-09,0.78765,0.7941,0.7872,0.79208,217375.74
2008-05-11,0.79036,0.79491,0.79034,0.7923,30100.1
2008-05-12,0.7923,0.7953,0.7877,0.79505,125729.2
2008-05-13,0.79505,0.79745,0.7915,0.7953,175785.55
2008-05-14,0.79525,0.79665,0.79255,0.7945,160424.75
2008-05-15,0.7945,0.7987,0.79225,0.7936,247339.11
2008-05-16,0.7936,0.7976,0.7932,0.79547,180824.92
2008-05-18,0.79733,0.7977,0.7953,0.796,92607.5
2008-05-19,0.796,0.79795,0.79498,0.7965,168652.67
2008-05-20,0.7965,0.79805,0.79435,0.79535,166005.4
2008-05-21,0.79535,0.8034,0.7953,0.8004,196336.06
2008-05-22,0.8004,0.8012,0.79255,0.7944,248618.49
2008-05-23,0.7943,0.7971,0.7935,0.7959,227362.1
2008-05-25,0.79634,0.79672,0.79483,0.7965,55661.5
2008-05-26,0.7965,0.79725,0.7947,0.7962,185179.86
2008-05-27,0.7962,0.7984,0.79329,0.7943,135780.84
2008-05-28,0.7943,0.79555,0.7881,0.7901,261880.09
2008-05-29,0.7901,0.7915,0.78435,0.7857,105135.0
2008-05-30,0.7857,0.7876,0.7834,0.78492,152330.37
2008-06-01,0.78517,0.7898,0.78422,0.788,12593.5
2008-06-02,0.788,0.7929,0.7868,0.7908,131082.64
2008-06-03,0.7908,0.794,0.7855,0.7875,48168.28
2008-06-04,0.7875,0.7917,0.7866,0.7899,60200.59
2008-06-05,0.7899,0.79655,0.7884,0.7961,34151.31
2008-06-06,0.7961,0.80171,0.79527,0.80068,57475.67
2008-06-08,0.80048,0.80255,0.79842,0.8006,11123.2
2008-06-09,0.8006,0.80335,0.79155,0.79285,69292.32
2008-06-10,0.7929,0.7948,0.7891,0.7914,126212.35
2008-06-11,0.7914,0.79385,0.79,0.7923,168884.69
2008-06-12,0.7923,0.7948,0.78835,0.7934,326523.68
2008-06-13,0.7934,0.794,0.787,0.79015,328784.03
2008-06-14,0.79007,0.79009,0.79004,0.79009,190.2
2008-06-15,0.78812,0.79172,0.78777,0.7894,30418.75
2008-06-16,0.7894,0.7901,0.78615,0.7877,451710.7
2008-06-17,0.7877,0.7955,0.7871,0.7925,487869.1
2008-06-18,0.7925,0.7952,0.7913,0.7933,377260.8
2008-06-19,0.7933,0.79465,0.78485,0.7857,441072.0
2008-06-20,0.7857,0.7924,0.78545,0.78982,412065.6
2008-06-22,0.78975,0.79155,0.78937,0.79005,50211.9
2008-06-23,0.79,0.7919,0.78925,0.79,373214.2
2008-06-24,0.79,0.79285,0.78921,0.7901,341945.24
2008-06-25,0.7901,0.79485,0.7891,0.7935,604098.28
2008-06-26,0.79355,0.795,0.791,0.7929,213074.6
2008-06-27,0.7929,0.7946,0.78945,0.79197,394711.2
2008-06-29,0.79137,0.7922,0.79036,0.79175,17115.4
2008-06-30,0.79175,0.79375,0.7896,0.7908,530896.85
2008-07-01,0.7908,0.79295,0.787,0.79165,201756.8
2008-07-02,0.79165,0.7973,0.79155,0.7965,450236.9
2008-07-03,0.7965,0.80015,0.79085,0.79085,345978.59
2008-07-04,0.79085,0.79305,0.7903,0.79207,321791.64
2008-07-06,0.79183,0.79246,0.79115,0.7918,25352.5
2008-07-07,0.7918,0.7967,0.7901,0.7955,326646.02
2008-07-08,0.7955,0.79655,0.794,0.7953,307117.42
2008-07-09,0.7953,0.7975,0.7932,0.7939,252551.47
2008-07-10,0.7939,0.7987,0.79322,0.7983,138912.98
2008-07-11,0.7983,0.8017,0.7973,0.80117,231389.82
2008-07-13,0.80135,0.80255,0.79963,0.8009,41441.8
2008-07-14,0.8009,0.8017,0.7963,0.7963,244315.73
2008-07-15,0.7963,0.7984,0.79235,0.7935,144234.14
2008-07-16,0.7935,0.7955,0.7907,0.7913,166464.91
2008-07-17,0.7913,0.7938,0.79095,0.79355,140606.64
2008-07-18,0.79355,0.79595,0.79225,0.79264,137618.24
2008-07-20,0.79318,0.79457,0.79224,0.7944,13720.4
2008-07-21,0.7944,0.79745,0.79385,0.79495,119045.93
2008-07-22,0.795,0.79595,0.79155,0.7924,164525.74
2008-07-23,0.7924,0.79295,0.784,0.78515,195506.26
2008-07-24,0.78515,0.79065,0.7847,0.7897,172698.43
2008-07-25,0.78975,0.792,0.787,0.78855,169656.01
2008-07-27,0.7885,0.78961,0.7876,0.7894,17778.8
2008-07-28,0.7894,0.7932,0.7887,0.78915,125753.91
2008-07-29,0.78915,0.7912,0.7864,0.78725,125883.92
2008-07-30,0.78725,0.78785,0.7851,0.78655,135001.2
2008-07-31,0.78655,0.7893,0.78585,0.7859,148178.07
2008-08-01,0.7859,0.7891,0.78455,0.78789,182509.2
2008-08-03,0.78754,0.78895,0.7873,0.7882,8856.8
2008-08-04,0.7882,0.79455,0.7882,0.79365,179391.1
2008-08-05,0.7937,0.7942,0.79015,0.79085,296208.01
2008-08-06,0.7908,0.79275,0.79025,0.7917,291573.3
2008-08-07,0.7917,0.7938,0.78785,0.7879,279919.05
2008-08-08,0.78795,0.78975,0.78048,0.78223,299243.77
2008-08-10,0.7819,0.7828,0.7792,0.7802,28320.4
2008-08-11,0.7802,0.78375,0.7794,0.77985,293571.6
2008-08-12,0.77985,0.78735,0.77955,0.7855,494771.75
2008-08-13,0.7855,0.7991,0.7851,0.7981,305657.81
2008-08-14,0.7981,0.79835,0.7911,0.7916,295704.07
2008-08-15,0.7916,0.79445,0.78635,0.78705,145506.44
2008-08-17,0.78688,0.78785,0.78627,0.78755,29274.1
2008-08-18,0.78755,0.7908,0.78705,0.78795,158493.1
2008-08-19,0.78795,0.79245,0.7873,0.79195,207016.0
2008-08-20,0.79195,0.79355,0.78995,0.7917,176342.06
2008-08-21,0.7917,0.79445,0.7907,0.79325,318857.97
2008-08-22,0.79325,0.79926,0.7924,0.79913,260723.24
2008-08-24,0.79913,0.79917,0.79719,0.79865,16214.3
2008-08-25,0.79865,0.8004,0.79595,0.79645,149298.0
2008-08-26,0.7965,0.79795,0.7939,0.7963,220562.3
2008-08-27,0.7963,0.803,0.7961,0.8027,221733.56
2008-08-28,0.8027,0.80595,0.80255,0.8038,297732.86
2008-08-29,0.8038,0.81031,0.8033,0.80541,233370.08
2008-08-31,0.80571,0.8137,0.80468,0.81115,50500.4
2008-09-01,0.81115,0.8163,0.809,0.81375,265790.87
2008-09-02,0.81375,0.8152,0.81105,0.81385,299115.86
2008-09-03,0.81385,0.8187,0.8122,0.8178,341785.19
2008-09-04,0.8178,0.8181,0.80705,0.8101,367925.59
2008-09-05,0.8101,0.81405,0.8054,0.80792,476825.29
2008-09-07,0.80821,0.80825,0.8022,0.8057,52783.0
2008-09-08,0.8056,0.8078,0.80205,0.80325,421540.9
2008-09-09,0.8033,0.8051,0.8003,0.8015,430434.6
2008-09-10,0.8015,0.8041,0.79645,0.7965,418839.87
2008-09-11,0.7965,0.79815,0.79205,0.79765,377187.37
2008-09-12,0.79765,0.79775,0.79125,0.79272,301843.74
2008-09-14,0.79255,0.79883,0.79074,0.79595,55046.2
2008-09-15,0.796,0.80075,0.7909,0.794,708114.49
2008-09-16,0.794,0.79815,0.7908,0.79305,652061.9
2008-09-17,0.79305,0.79835,0.78655,0.789,790568.55
2008-09-18,0.789,0.7964,0.7864,0.78815,834133.0
2008-09-19,0.78805,0.79315,0.7848,0.78975,505098.6
2008-09-21,0.78983,0.791,0.7884,0.79055,90305.8
2008-09-22,0.79055,0.7979,0.78925,0.79695,509672.5
2008-09-23,0.79695,0.79785,0.7905,0.7909,369428.09
2008-09-24,0.7909,0.7939,0.78845,0.7909,415250.16
2008-09-25,0.7909,0.79735,0.79005,0.79575,406651.03
2008-09-26,0.79575,0.79675,0.79061,0.79145,345206.82
2008-09-28,0.79232,0.79472,0.79049,0.79405,81693.3
2008-09-29,0.79405,0.8023,0.7908,0.7978,581792.2
2008-09-30,0.79745,0.79815,0.78435,0.79165,610334.96
2008-10-01,0.79175,0.7952,0.78915,0.7914,639134.82
2008-10-02,0.7914,0.7914,0.78155,0.7817,419880.0
2008-10-03,0.78175,0.78475,0.77535,0.77816,529438.52
2008-10-05,0.7768,0.78218,0.7715,0.7726,77986.7
2008-10-06,0.77275,0.77975,0.7701,0.7754,751731.48
2008-10-07,0.77535,0.78125,0.77125,0.77695,611262.78
2008-10-08,0.77695,0.7939,0.77165,0.78965,12931781.69
2008-10-09,0.78965,0.7971,0.786,0.7961,21859177.71
2008-10-10,0.7961,0.80705,0.78365,0.78379,13589240.79
2008-10-12,0.78645,0.79455,0.7863,0.79335,542543.3
2008-10-13,0.79335,0.79682,0.77825,0.7825,16912705.87
2008-10-14,0.7826,0.7845,0.7762,0.7794,20001925.49
2008-10-15,0.7794,0.7856,0.7735,0.78135,22657410.34
2008-10-16,0.78135,0.78415,0.774,0.77765,22811380.3
2008-10-17,0.77765,0.78085,0.77343,0.77546,16752038.72
2008-10-19,0.77563,0.7767,0.77375,0.77595,781351.67
2008-10-20,0.77595,0.7784,0.7693,0.7768,11288796.19
2008-10-21,0.7768,0.7871,0.77365,0.78685,16185354.5
2008-10-22,0.78685,0.7956,0.78175,0.78785,14491175.3
2008-10-23,0.78785,0.79895,0.7836,0.79685,16447811.32
2008-10-24,0.79695,0.81935,0.7904,0.79252,7266636.03
2008-10-26,0.7925,0.80175,0.79086,0.79585,790973.95
2008-10-27,0.79585,0.8123,0.7941,0.802,5944505.29
2008-10-28,0.802,0.805,0.7954,0.7958,324493.75
2008-10-29,0.7958,0.79945,0.78355,0.7913,262687.8
2008-10-30,0.7913,0.801,0.784,0.7859,240457.6
2008-10-31,0.78595,0.79371,0.7808,0.79201,208632.2
2008-11-02,0.79193,0.79345,0.7914,0.7924,9785.5
2008-11-03,0.7924,0.8057,0.78405,0.79975,229019.05
2008-11-04,0.79975,0.81635,0.7972,0.8146,359733.85
2008-11-05,0.81465,0.81625,0.8045,0.81495,415734.49
2008-11-06,0.81495,0.8154,0.8,0.81415,412580.14
2008-11-07,0.81425,0.8192,0.8066,0.81273,270859.53
2008-11-09,0.81393,0.81433,0.80987,0.81175,24159.2
2008-11-10,0.81175,0.82085,0.8106,0.815,182528.92
2008-11-11,0.81505,0.82135,0.81105,0.8133,140712.19
2008-11-12,0.8133,0.8412,0.81295,0.8364,157185.85
2008-11-13,0.8364,0.86625,0.83415,0.8578,215082.12
2008-11-14,0.85775,0.8636,0.8524,0.85359,201507.0
2008-11-16,0.8542,0.85742,0.8512,0.85365,20915.1
2008-11-17,0.8536,0.85685,0.84055,0.8429,233727.74
2008-11-18,0.843,0.8458,0.83575,0.8445,231077.7
2008-11-19,0.8445,0.8462,0.8338,0.8349,264439.49
2008-11-20,0.83485,0.8502,0.83335,0.8438,254280.85
2008-11-21,0.8438,0.8506,0.837,0.84326,255340.9
2008-11-23,0.84291,0.8476,0.8427,0.84645,14489.7
2008-11-24,0.84645,0.8539,0.8431,0.85225,334158.77
2008-11-25,0.85225,0.8568,0.8399,0.84455,315427.86
2008-11-26,0.84455,0.84835,0.8361,0.8407,339052.5
2008-11-27,0.84075,0.84145,0.8346,0.8371,264016.7
2008-11-28,0.8371,0.84005,0.82346,0.82473,357863.86
2008-11-30,0.82606,0.82719,0.8244,0.8249,14581.9
2008-12-01,0.8251,0.85275,0.8242,0.8472,350833.6
2008-12-02,0.8472,0.855,0.84375,0.8527,373727.9
2008-12-03,0.8527,0.8607,0.85095,0.8594,419985.99
2008-12-04,0.8594,0.87245,0.85863,0.8698,592225.05
2008-12-05,0.8698,0.87205,0.86115,0.86567,378602.8
2008-12-07,0.86665,0.86672,0.86205,0.8656,16977.9
2008-12-08,0.8656,0.8738,0.85775,0.8684,424065.05
2008-12-09,0.86815,0.87685,0.86635,0.87595,510654.54
2008-12-10,0.876,0.88225,0.87245,0.87935,365185.98
2008-12-11,0.87935,0.89085,0.87605,0.8868,390838.35
2008-12-12,0.88685,0.8997,0.88535,0.89363,340633.5
2008-12-14,0.8937,0.89745,0.89275,0.8965,36778.5
2008-12-15,0.8965,0.902,0.8885,0.8951,381202.87
2008-12-16,0.8951,0.9049,0.89215,0.90245,428048.24
2008-12-17,0.90245,0.9326,0.8984,0.9286,363230.94
2008-12-18,0.92865,0.9555,0.92465,0.94915,346387.12
2008-12-19,0.9491,0.9497,0.928,0.93207,333626.4
2008-12-21,0.93108,0.9334,0.92965,0.9333,13367.6
2008-12-22,0.9334,0.95235,0.9321,0.94086,300862.7
2008-12-23,0.94075,0.9496,0.9386,0.94495,176401.2
2008-12-24,0.94495,0.95375,0.94202,0.95068,123282.2
2008-12-25,0.95065,0.95893,0.92092,0.9495,173265.3
2008-12-26,0.9495,0.96223,0.94855,0.96172,91176.7
2008-12-28,0.95885,0.96245,0.95782,0.9619,17166.7
2008-12-29,0.9619,0.97985,0.95985,0.9696,312020.09
2008-12-30,0.9697,0.9803,0.9672,0.9773,170645.68
2008-12-31,0.97725,0.9783,0.9475,0.9538,189559.95
2009-01-01,0.95365,0.96367,0.94575,0.95015,163508.97
2009-01-02,0.9501,0.96475,0.94345,0.95656,203647.9
2009-01-04,0.9563,0.9605,0.95403,0.96025,14656.8
2009-01-05,0.96025,0.96315,0.92285,0.9268,230697.3
2009-01-06,0.9264,0.9299,0.9022,0.9054,278473.1
2009-01-07,0.9053,0.9174,0.896,0.90265,272606.9
2009-01-08,0.9027,0.90625,0.88925,0.8993,210290.7
2009-01-09,0.8994,0.90455,0.8837,0.88626,199095.2
2009-01-11,0.8878,0.89305,0.887,0.8894,25759.0
2009-01-12,0.8894,0.9029,0.88595,0.9013,260895.0
2009-01-13,0.9013,0.91235,0.8984,0.90915,272581.22
2009-01-14,0.90915,0.9127,0.8977,0.9036,307810.7
2009-01-15,0.9036,0.9059,0.8945,0.8968,457027.7
2009-01-16,0.89685,0.9044,0.88435,0.89987,427920.2
2009-01-18,0.90045,0.90421,0.8962,0.89755,25603.42
2009-01-19,0.89755,0.91015,0.8962,0.9075,334190.1
2009-01-20,0.9075,0.9324,0.9072,0.9281,454223.93
2009-01-21,0.9281,0.9429,0.92645,0.9364,554544.5
2009-01-22,0.9365,0.94665,0.9324,0.9369,535553.6
2009-01-23,0.9369,0.9472,0.93355,0.94037,403809.62
2009-01-25,0.93963,0.9503,0.93724,0.94675,55228.2
2009-01-26,0.94675,0.9518,0.9337,0.94365,510728.11
2009-01-27,0.94365,0.944,0.9278,0.9311,522637.59
2009-01-28,0.9311,0.9349,0.92045,0.9243,457646.3
2009-01-29,0.92425,0.92915,0.9046,0.90585,464340.94
2009-01-30,0.90595,0.9083,0.87795,0.88052,485537.65
2009-02-01,0.88138,0.88893,0.87843,0.886,53014.1
2009-02-02,0.88605,0.908,0.88245,0.90165,388955.4
2009-02-03,0.90165,0.9083,0.90025,0.9013,453783.5
2009-02-04,0.9013,0.9074,0.8843,0.88895,443710.11
2009-02-05,0.88895,0.89295,0.87315,0.87415,400212.14
2009-02-06,0.8742,0.8793,0.86625,0.8749,419415.03
2009-02-08,0.87377,0.87708,0.87205,0.8745,47040.3
2009-02-09,0.87435,0.8778,0.8679,0.87245,543692.52
2009-02-10,0.8725,0.88985,0.8636,0.8868,656988.22
2009-02-11,0.88675,0.903,0.88635,0.89615,549588.14
2009-02-12,0.8962,0.9072,0.89445,0.9016,572150.16
2009-02-13,0.90155,0.90205,0.88315,0.8958,468061.18
2009-02-15,0.89535,0.9023,0.8949,0.89805,93968.5
2009-02-16,0.89805,0.901,0.89245,0.8949,373785.26
2009-02-17,0.89495,0.8957,0.8811,0.8835,578545.33
2009-02-18,0.8835,0.89205,0.88,0.8819,320280.69
2009-02-19,0.8817,0.88875,0.87715,0.88725,547501.37
2009-02-20,0.88725,0.8921,0.8798,0.88834,608318.1
2009-02-22,0.88828,0.8905,0.88694,0.8893,48579.1
2009-02-23,0.8893,0.8916,0.8737,0.8763,720019.42
2009-02-24,0.87635,0.88835,0.8727,0.8859,480246.46
2009-02-25,0.8859,0.89795,0.8814,0.8946,524420.72
2009-02-26,0.8946,0.8976,0.8863,0.8895,273168.24
2009-02-27,0.88925,0.8946,0.88449,0.88509,173142.1
2009-03-01,0.8847,0.88605,0.88181,0.88495,22269.5
2009-03-02,0.88495,0.9011,0.881,0.89465,321367.27
2009-03-03,0.89465,0.89965,0.8927,0.8933,248704.77
2009-03-04,0.8932,0.89475,0.8868,0.8909,223649.29
2009-03-05,0.8909,0.894,0.8852,0.88775,432886.42
2009-03-06,0.88775,0.89985,0.88575,0.89738,556173.5
2009-03-08,0.8982,0.89925,0.89575,0.8977,18427.6
2009-03-09,0.8977,0.9188,0.8951,0.9147,536585.9
2009-03-10,0.91475,0.9247,0.9135,0.9218,462051.75
2009-03-11,0.9218,0.93015,0.9191,0.9251,536961.07
2009-03-12,0.9251,0.9319,0.921,0.92615,449970.47
2009-03-13,0.9259,0.92965,0.9166,0.92308,352410.94
2009-03-15,0.92413,0.9244,0.92107,0.9227,25794.9
2009-03-16,0.92265,0.9251,0.9145,0.92165,556699.82
2009-03-17,0.9216,0.9278,0.9204,0.9265,384144.48
2009-03-18,0.92655,0.9494,0.92575,0.944,400522.0
2009-03-19,0.94405,0.9478,0.93855,0.942,373076.88
2009-03-20,0.942,0.94515,0.93595,0.93895,394929.38
2009-03-22,0.93904,0.943,0.93765,0.94145,25183.92
2009-03-23,0.94145,0.9422,0.9285,0.9346,403584.24
2009-03-24,0.93465,0.9356,0.91575,0.9168,401757.61
2009-03-25,0.91675,0.93745,0.91655,0.93235,265667.72
2009-03-26,0.93245,0.93805,0.9276,0.9352,449730.13
2009-03-27,0.93515,0.94175,0.925,0.92759,314811.63
2009-03-29,0.92979,0.92995,0.92567,0.92895,14041.8
2009-03-30,0.929,0.934,0.92415,0.92475,323739.87
2009-03-31,0.92465,0.9317,0.9225,0.9231,321036.3
2009-04-01,0.9231,0.92565,0.91435,0.91525,328019.54
2009-04-02,0.91525,0.91735,0.90845,0.9138,328842.4
2009-04-03,0.9138,0.9159,0.904,0.90847,393371.4
2009-04-05,0.9086,0.91112,0.90835,0.9094,35493.0
2009-04-06,0.9094,0.91105,0.90365,0.90885,402357.78
2009-04-07,0.9089,0.9114,0.8989,0.90025,295835.29
2009-04-08,0.9002,0.90495,0.89585,0.90245,292866.4
2009-04-09,0.90245,0.9088,0.8957,0.8963,283067.79
2009-04-10,0.89635,0.90028,0.89513,0.89884,79169.07
2009-04-12,0.8986,0.90164,0.89697,0.8991,21188.8
2009-04-13,0.8991,0.90205,0.8961,0.89975,175387.78
2009-04-14,0.8997,0.90015,0.8887,0.88955,275331.91
2009-04-15,0.88955,0.89155,0.8786,0.8815,319662.66
2009-04-16,0.88145,0.88695,0.8792,0.88305,318986.7
2009-04-17,0.88305,0.8861,0.87935,0.88145,286867.8
2009-04-19,0.88077,0.88278,0.88,0.8804,25655.9
2009-04-20,0.88055,0.8915,0.8794,0.89095,290157.4
2009-04-21,0.89095,0.8912,0.8814,0.8818,289641.9
2009-04-22,0.8818,0.8988,0.8813,0.89725,336561.1
2009-04-23,0.8974,0.8998,0.8911,0.89425,338308.9
2009-04-24,0.89425,0.9081,0.89355,0.90238,288930.9
2009-04-26,0.8957,0.90362,0.89563,0.9025,22225.6
2009-04-27,0.9025,0.9055,0.88815,0.89055,304457.59
2009-04-28,0.89055,0.89935,0.88815,0.8968,307040.21
2009-04-29,0.8968,0.90185,0.895,0.8978,316650.83
2009-04-30,0.8978,0.8998,0.89225,0.8943,386983.6
2009-05-01,0.8943,0.89845,0.88746,0.89053,223594.0
2009-05-03,0.89053,0.89053,0.88773,0.88938,39690.3
2009-05-04,0.8891,0.8944,0.88892,0.8923,308460.4
2009-05-05,0.8923,0.89265,0.88258,0.8837,359860.1
2009-05-06,0.8837,0.8876,0.8774,0.87875,318090.9
2009-05-07,0.87875,0.89345,0.87635,0.89065,295537.33
2009-05-08,0.89065,0.8974,0.88967,0.89434,273728.1
2009-05-10,0.8939,0.89758,0.89225,0.89585,22289.5
2009-05-11,0.8958,0.90365,0.8946,0.8981,356193.6
2009-05-12,0.8981,0.9016,0.89135,0.89425,374568.7
2009-05-13,0.8943,0.902,0.89295,0.89625,320488.0
2009-05-14,0.89625,0.9006,0.89467,0.8951,296482.5
2009-05-15,0.89515,0.8958,0.8879,0.88894,273345.8
2009-05-17,0.88892,0.88985,0.88625,0.888,26104.12
2009-05-18,0.888,0.8893,0.88075,0.88405,312654.11
2009-05-19,0.88405,0.88525,0.87635,0.88065,345977.4
2009-05-20,0.88055,0.8848,0.8735,0.87515,332201.8
2009-05-21,0.8752,0.887,0.8722,0.87705,308940.06
2009-05-22,0.87705,0.88395,0.8764,0.87919,230805.14
2009-05-24,0.8799,0.882,0.87819,0.88135,16817.5
2009-05-25,0.8812,0.8822,0.87865,0.8804,133691.9
2009-05-26,0.88035,0.88085,0.8755,0.87645,317763.58
2009-05-27,0.8764,0.87655,0.8653,0.8669,340442.63
2009-05-28,0.8669,0.8768,0.86605,0.8744,340495.73
2009-05-29,0.87435,0.88005,0.87075,0.87266,312069.13
2009-05-31,0.87475,0.87478,0.87125,0.8718,15671.52
2009-06-01,0.8718,0.87325,0.86015,0.86115,283988.81
2009-06-02,0.86115,0.86735,0.86085,0.86295,364884.75
2009-06-03,0.86295,0.86935,0.85755,0.86765,372044.23
2009-06-04,0.86765,0.88025,0.8625,0.87915,369870.6
2009-06-05,0.8791,0.8867,0.87325,0.874,354127.19
2009-06-07,0.87405,0.87673,0.8732,0.87505,17694.5
2009-06-08,0.87505,0.87955,0.86485,0.86575,402376.52
2009-06-09,0.8657,0.86695,0.85945,0.86215,344515.14
2009-06-10,0.86215,0.86345,0.85405,0.855,429906.12
2009-06-11,0.855,0.85645,0.85005,0.8509,302296.69
2009-06-12,0.8509,0.8542,0.8481,0.85185,322640.7
2009-06-14,0.8528,0.85318,0.85041,0.85095,28296.1
2009-06-15,0.85102,0.85289,0.84466,0.84631,103288.2
2009-06-16,0.8463,0.84985,0.84186,0.84419,104122.7
2009-06-17,0.84413,0.85345,0.8436,0.85005,103417.1
2009-06-18,0.85013,0.86036,0.8488,0.85013,103554.5
2009-06-19,0.85012,0.85377,0.84358,0.84518,165817.6
2009-06-21,0.84452,0.84665,0.84418,0.8455,12039.8
2009-06-22,0.8455,0.84895,0.84,0.84875,311792.19
2009-06-23,0.8488,0.8598,0.84825,0.85585,356087.87
2009-06-24,0.8558,0.8566,0.8471,0.8482,280504.97
2009-06-25,0.8482,0.85765,0.84765,0.85335,325926.73
2009-06-26,0.85334,0.85692,0.84978,0.85111,296763.28
2009-06-28,0.85048,0.85235,0.85017,0.8519,27018.2
2009-06-29,0.8518,0.8521,0.84765,0.85065,307256.43
2009-06-30,0.85065,0.8536,0.8436,0.85205,336354.64
2009-07-01,0.85205,0.8595,0.85195,0.8574,340223.9
2009-07-02,0.85735,0.8629,0.85135,0.85395,295422.05
2009-07-03,0.85395,0.8584,0.8525,0.8545,185278.57
2009-07-05,0.85535,0.8572,0.85454,0.85605,35596.3
2009-07-06,0.85605,0.8646,0.85595,0.85865,532305.5
2009-07-07,0.85865,0.8656,0.85803,0.86415,661519.84
2009-07-08,0.86415,0.86715,0.86165,0.86435,714107.06
2009-07-09,0.8643,0.8654,0.85745,0.85785,760134.1
2009-07-10,0.85785,0.8626,0.85365,0.85905,669703.7
2009-07-12,0.8593,0.8633,0.85908,0.86265,43037.5
2009-07-13,0.86265,0.86985,0.8598,0.8605,797017.83
2009-07-14,0.8605,0.86135,0.855,0.8556,838329.58
2009-07-15,0.8556,0.86035,0.855,0.85795,794618.6
2009-07-16,0.85795,0.8622,0.85758,0.8611,647114.7
2009-07-17,0.861,0.86585,0.86065,0.86225,734946.2
2009-07-19,0.86377,0.8647,0.86255,0.8633,54077.93
2009-07-20,0.8632,0.86505,0.85935,0.86005,785248.75
2009-07-21,0.86005,0.86725,0.85985,0.86485,846784.12
2009-07-22,0.86485,0.8691,0.8622,0.86345,751424.16
2009-07-23,0.86345,0.86485,0.85712,0.85775,759959.05
2009-07-24,0.8577,0.86745,0.85765,0.86463,665644.6
2009-07-26,0.8648,0.8654,0.86292,0.86495,57473.6
2009-07-27,0.86495,0.86855,0.8613,0.86415,643775.65
2009-07-28,0.8641,0.8646,0.8605,0.862,755994.0
2009-07-29,0.862,0.8653,0.85505,0.85705,890931.03
2009-07-30,0.85705,0.8584,0.85025,0.85315,789586.65
2009-07-31,0.85315,0.8571,0.851,0.8528,759082.92
2009-08-02,0.85223,0.8537,0.85129,0.8525,95131.26
2009-08-03,0.8525,0.85295,0.8462,0.85085,871073.1
2009-08-04,0.85085,0.85275,0.848,0.85025,845254.55
2009-08-05,0.85025,0.8512,0.84605,0.8479,954884.46
2009-08-06,0.8479,0.8562,0.8455,0.85485,630119.18
2009-08-07,0.85485,0.8593,0.8485,0.84998,476687.58
2009-08-09,0.85055,0.85118,0.84907,0.8506,53803.1
2009-08-10,0.85055,0.8599,0.8492,0.8575,437239.74
2009-08-11,0.8575,0.86155,0.85625,0.85815,476639.85
2009-08-12,0.85815,0.86135,0.8572,0.8611,497650.26
2009-08-13,0.8611,0.8624,0.8576,0.8616,365996.61
2009-08-14,0.8616,0.8654,0.85784,0.85909,333206.74
2009-08-16,0.85885,0.86035,0.8579,0.86015,33198.5
2009-08-17,0.8601,0.8646,0.85905,0.86255,414261.44
2009-08-18,0.86255,0.86295,0.8523,0.85385,456868.29
2009-08-19,0.85385,0.8627,0.85365,0.86055,379972.99
2009-08-20,0.86055,0.8643,0.85695,0.86365,345936.05
2009-08-21,0.8636,0.8699,0.86355,0.8679,352666.97
2009-08-23,0.86775,0.86926,0.86704,0.86835,56975.7
2009-08-24,0.8683,0.87275,0.86575,0.871,438956.25
2009-08-25,0.87105,0.8765,0.8705,0.8756,549707.75
2009-08-26,0.8756,0.8807,0.87505,0.87725,540520.85
2009-08-27,0.8772,0.88385,0.87685,0.8821,583966.41
2009-08-28,0.8821,0.883,0.8774,0.87929,531074.0
2009-08-30,0.87915,0.88025,0.87718,0.87915,64617.7
2009-08-31,0.87915,0.88255,0.8776,0.88015,499303.67
2009-09-01,0.88015,0.88345,0.87705,0.88095,608242.61
2009-09-02,0.88095,0.882,0.87485,0.8765,599843.76
2009-09-03,0.8765,0.8782,0.87185,0.87315,544729.03
2009-09-04,0.87315,0.8746,0.8705,0.87203,423467.0
2009-09-06,0.8719,0.8732,0.87059,0.8723,56402.4
2009-09-07,0.8723,0.87795,0.8723,0.8773,293108.93
2009-09-08,0.8773,0.8793,0.87305,0.87795,531478.43
2009-09-09,0.8779,0.88095,0.8758,0.87975,527695.66
2009-09-10,0.87975,0.8827,0.873,0.8754,507976.75
2009-09-11,0.8754,0.87575,0.87225,0.8743,512474.8
2009-09-13,0.8744,0.87542,0.87332,0.8752,33617.2
2009-09-14,0.8751,0.88285,0.87445,0.8814,506755.24
2009-09-15,0.88145,0.8897,0.8768,0.88955,579363.19
2009-09-16,0.88955,0.89325,0.88825,0.89255,512907.21
2009-09-17,0.8925,0.89685,0.88965,0.8964,413258.48
2009-09-18,0.8964,0.906,0.89605,0.90376,457868.6
2009-09-20,0.90407,0.90645,0.90346,0.9047,26636.4
2009-09-21,0.9047,0.9077,0.90405,0.9053,360647.2
2009-09-22,0.9053,0.9081,0.90265,0.90395,465608.0
2009-09-23,0.90395,0.9061,0.89835,0.90045,472792.96
2009-09-24,0.90045,0.91925,0.899,0.9186,565016.63
2009-09-25,0.9186,0.92185,0.9154,0.9206,483822.05
2009-09-27,0.9204,0.93,0.91936,0.9273,43008.4
2009-09-28,0.9273,0.92765,0.91915,0.9202,526562.78
2009-09-29,0.9202,0.921,0.91035,0.9137,536884.59
2009-09-30,0.91365,0.9161,0.90765,0.91565,520258.04
2009-10-01,0.9157,0.9177,0.908,0.91305,637335.86
2009-10-02,0.91305,0.9197,0.91114,0.91397,638403.15
2009-10-04,0.91385,0.9169,0.91292,0.91625,74999.0
2009-10-05,0.91625,0.92015,0.91395,0.91905,569607.84
2009-10-06,0.91905,0.92735,0.9173,0.92445,576959.27
2009-10-07,0.92445,0.9276,0.91905,0.9216,538874.33
2009-10-08,0.9216,0.923,0.9159,0.92015,543314.35
2009-10-09,0.92015,0.92975,0.91805,0.92929,550588.67
2009-10-11,0.92932,0.9297,0.92735,0.9288,153015.47
2009-10-12,0.9288,0.9383,0.92675,0.9352,536216.42
2009-10-13,0.9352,0.9411,0.93144,0.9319,610327.87
2009-10-14,0.9319,0.93525,0.92955,0.9329,506081.7
2009-10-15,0.9329,0.93305,0.9142,0.91525,615878.77
2009-10-16,0.91525,0.9168,0.9093,0.91072,629551.07
2009-10-18,0.90995,0.91475,0.90987,0.91065,56902.51
2009-10-19,0.91065,0.919,0.90975,0.91205,509832.51
2009-10-20,0.91205,0.9151,0.907,0.91155,568068.06
2009-10-21,0.91155,0.9118,0.8997,0.90325,634555.3
2009-10-22,0.90325,0.9068,0.9012,0.90425,603804.3
2009-10-23,0.90425,0.9216,0.90025,0.9192,717282.64
2009-10-25,0.92023,0.92135,0.91863,0.9213,93447.9
2009-10-26,0.92125,0.92395,0.90945,0.91165,574326.0
2009-10-27,0.91165,0.91345,0.9026,0.90385,670973.57
2009-10-28,0.90385,0.9068,0.8951,0.89855,650742.3
2009-10-29,0.89855,0.8994,0.89115,0.8959,573908.14
2009-10-30,0.8959,0.8989,0.89295,0.8955,610009.11
2009-11-01,0.89457,0.89925,0.89447,0.89585,48021.5
2009-11-02,0.89585,0.9051,0.8952,0.901,610306.0
2009-11-03,0.90095,0.90605,0.89345,0.897,706185.92
2009-11-04,0.897,0.8986,0.8919,0.89785,674425.2
2009-11-05,0.89785,0.89985,0.8931,0.8976,717918.39
2009-11-06,0.8976,0.89895,0.89283,0.89322,539621.99
2009-11-08,0.89342,0.89467,0.89154,0.89385,62802.9
2009-11-09,0.89385,0.89765,0.8897,0.8942,642050.34
2009-11-10,0.8942,0.90155,0.89345,0.89545,662997.24
2009-11-11,0.89545,0.905,0.8943,0.9036,706960.75
2009-11-12,0.9036,0.90645,0.8945,0.8956,705766.33
2009-11-13,0.8956,0.8965,0.89065,0.8945,672836.48
2009-11-15,0.8937,0.8948,0.89185,0.89415,101020.6
2009-11-16,0.89405,0.89785,0.8872,0.8898,611574.88
2009-11-17,0.8898,0.89075,0.88335,0.88409,648123.87
2009-11-18,0.88416,0.89485,0.88414,0.8932,560712.4
2009-11-19,0.89325,0.89655,0.8899,0.89555,665201.75
2009-11-20,0.89555,0.90185,0.89475,0.90057,661070.2
2009-11-22,0.8997,0.90155,0.8987,0.9009,73996.5
2009-11-23,0.90095,0.90385,0.8998,0.9005,550754.85
2009-11-24,0.9005,0.90565,0.90045,0.90255,651917.27
2009-11-25,0.90255,0.90655,0.89775,0.90545,503640.5
2009-11-26,0.90545,0.91285,0.9038,0.91065,450675.52
2009-11-27,0.9105,0.91335,0.90595,0.9083,534950.51
2009-11-29,0.90752,0.90987,0.90608,0.90885,106023.0
2009-11-30,0.90885,0.91535,0.90725,0.91365,621306.49
2009-12-01,0.91365,0.9151,0.90655,0.90765,569760.03
2009-12-02,0.90765,0.9105,0.9026,0.90425,628894.36
2009-12-03,0.90425,0.91155,0.90385,0.90975,623625.1
2009-12-04,0.90975,0.91115,0.89905,0.9013,561206.7
2009-12-06,0.90413,0.90488,0.90187,0.90275,77705.9
2009-12-07,0.9027,0.9063,0.9007,0.90115,709786.43
2009-12-08,0.90115,0.9094,0.90105,0.90445,912314.7
2009-12-09,0.90445,0.9095,0.90025,0.90505,831497.6
2009-12-10,0.90505,0.90705,0.90195,0.90485,501402.88
2009-12-11,0.90485,0.90685,0.89805,0.8986,610005.84
2009-12-13,0.89843,0.90155,0.89835,0.901,124209.9
2009-12-14,0.90105,0.90485,0.89785,0.89845,567263.18
2009-12-15,0.89845,0.90005,0.89265,0.89375,590012.0
2009-12-16,0.89375,0.89605,0.8883,0.88955,665576.87
2009-12-17,0.8896,0.8919,0.8851,0.88745,790164.5
2009-12-18,0.88745,0.8898,0.8857,0.8869,633517.48
2009-12-20,0.8872,0.88875,0.88531,0.8884,83274.1
2009-12-21,0.88835,0.89285,0.8861,0.88965,590347.0
2009-12-22,0.88965,0.89455,0.8885,0.89235,558625.7
2009-12-23,0.89235,0.8998,0.89125,0.8979,503855.15
2009-12-24,0.89775,0.9018,0.8967,0.89987,316868.3
2009-12-25,0.8999,0.90407,0.89334,0.90057,500995.7
2009-12-27,0.89152,0.90152,0.89145,0.9011,23089.3
2009-12-28,0.9011,0.9018,0.8979,0.89825,315983.1
2009-12-29,0.89825,0.90415,0.8971,0.9017,501163.6
2009-12-30,0.9017,0.90545,0.89105,0.89205,410457.69
2009-12-31,0.89205,0.8958,0.88534,0.88587,264762.5
2010-01-01,0.88577,0.88729,0.88535,0.88617,493239.4
2010-01-03,0.88623,0.88865,0.88495,0.88685,37008.6
2010-01-04,0.88685,0.89655,0.8856,0.8951,554829.2
2010-01-05,0.89505,0.9015,0.8945,0.8982,650381.8
2010-01-06,0.8982,0.90115,0.89255,0.89885,693945.57
2010-01-07,0.89885,0.9026,0.89765,0.8985,667733.65
2010-01-08,0.8985,0.90075,0.89205,0.8992,641889.7
2010-01-10,0.89874,0.90036,0.89695,0.89895,123819.1
2010-01-11,0.899,0.9026,0.8976,0.9004,517224.03
2010-01-12,0.9004,0.90275,0.8956,0.89615,635134.81
2010-01-13,0.89615,0.89655,0.88935,0.8918,609693.96
2010-01-14,0.8918,0.89355,0.88665,0.88765,554401.87
2010-01-15,0.8876,0.8879,0.8809,0.8843,527334.67
2010-01-17,0.8837,0.88472,0.8815,0.882,77103.3
2010-01-18,0.882,0.88325,0.87815,0.8808,410779.34
2010-01-19,0.88075,0.8809,0.8712,0.8729,568339.04
2010-01-20,0.87285,0.8732,0.86505,0.86555,740427.63
2010-01-21,0.8656,0.8717,0.86535,0.8702,657360.25
2010-01-22,0.8702,0.8785,0.86855,0.87633,560479.6
2010-01-24,0.87773,0.87945,0.87619,0.87815,80518.4
2010-01-25,0.87815,0.8794,0.8703,0.8707,461436.0
2010-01-26,0.8707,0.8753,0.86665,0.87215,564689.93
2010-01-27,0.87225,0.8731,0.8658,0.8671,606774.1
2010-01-28,0.86705,0.86755,0.8602,0.86485,540095.9
2010-01-29,0.8649,0.86915,0.86285,0.8667,546718.7
2010-01-31,0.86695,0.8698,0.86645,0.86855,98496.0
2010-02-01,0.8686,0.8768,0.8682,0.87305,462500.95
2010-02-02,0.87305,0.8762,0.8709,0.87395,431844.88
2010-02-03,0.87395,0.8769,0.87095,0.8732,448967.2
2010-02-04,0.8732,0.87585,0.86975,0.87145,497146.7
2010-02-05,0.87145,0.87515,0.8686,0.8743,542831.68
2010-02-07,0.87363,0.87681,0.87132,0.87435,83849.3
2010-02-08,0.87435,0.8798,0.87325,0.8768,482091.42
2010-02-09,0.8768,0.88175,0.87555,0.87805,445795.46
2010-02-10,0.87805,0.8819,0.87455,0.8807,400004.02
2010-02-11,0.8807,0.88405,0.87005,0.8717,447793.82
2010-02-12,0.87175,0.8722,0.8657,0.868,495871.86
2010-02-14,0.8677,0.86985,0.86711,0.8695,52988.9
2010-02-15,0.8695,0.8702,0.86695,0.86795,278328.63
2010-02-16,0.86795,0.8745,0.8679,0.8718,337340.86
2010-02-17,0.8718,0.874,0.86695,0.8678,473808.9
2010-02-18,0.8678,0.87285,0.86635,0.87275,370677.19
2010-02-19,0.87275,0.8803,0.87205,0.8788,373311.86
2010-02-21,0.8789,0.88158,0.87748,0.88095,38722.22
2010-02-22,0.88095,0.8814,0.876,0.87775,444853.54
2010-02-23,0.87775,0.88355,0.87485,0.87555,255960.91
2010-02-24,0.87555,0.88095,0.87505,0.87845,376177.6
2010-02-25,0.87845,0.8891,0.87715,0.88805,436062.4
2010-02-26,0.88805,0.89725,0.8867,0.89352,359323.3
2010-02-28,0.8935,0.8999,0.89282,0.89835,38833.8
2010-03-01,0.89835,0.91495,0.8966,0.90565,463107.03
2010-03-02,0.90565,0.91015,0.90175,0.90645,411725.52
2010-03-03,0.90645,0.9099,0.9049,0.90715,400875.43
2010-03-04,0.90715,0.90835,0.9017,0.9035,350657.46
2010-03-05,0.9035,0.90475,0.89805,0.8994,341643.7
2010-03-07,0.8991,0.9011,0.89902,0.90045,57897.1
2010-03-08,0.90045,0.90725,0.89955,0.90525,425260.87
2010-03-09,0.90525,0.90965,0.9046,0.90615,471910.0
2010-03-10,0.90615,0.9133,0.9061,0.91155,435761.06
2010-03-11,0.91155,0.912,0.9063,0.90825,397703.2
2010-03-12,0.90825,0.91105,0.9044,0.9049,397458.88
2010-03-14,0.9048,0.90838,0.90475,0.9063,74460.3
2010-03-15,0.90635,0.91295,0.90455,0.9087,490049.41
2010-03-16,0.9087,0.91195,0.9025,0.9036,512264.52
2010-03-17,0.9036,0.90665,0.89535,0.8969,443480.31
2010-03-18,0.89695,0.89725,0.8915,0.8924,399159.7
2010-03-19,0.8924,0.90185,0.89225,0.9009,407651.75
2010-03-21,0.9006,0.90256,0.8999,0.90115,62335.8
2010-03-22,0.90115,0.90445,0.897,0.89785,511617.67
2010-03-23,0.89785,0.902,0.8964,0.8965,497970.59
2010-03-24,0.89655,0.898,0.89095,0.89465,457438.03
2010-03-25,0.89465,0.89935,0.88865,0.896,475000.13
2010-03-26,0.896,0.9025,0.8956,0.8993,414064.4
2010-03-28,0.90023,0.90411,0.8987,0.9014,92290.5
2010-03-29,0.90145,0.9016,0.8972,0.8998,373798.4
2010-03-30,0.8998,0.8999,0.88795,0.89045,446277.7
2010-03-31,0.89045,0.8945,0.88715,0.8901,450252.6
2010-04-01,0.8901,0.8903,0.88415,0.88835,435411.69
2010-04-02,0.88835,0.8895,0.88661,0.8877,132969.4
2010-04-04,0.88783,0.88818,0.88154,0.8844,63520.84
2010-04-05,0.88435,0.8859,0.8812,0.8812,198565.22
2010-04-06,0.8812,0.88595,0.87655,0.8781,477715.82
2010-04-07,0.87815,0.8819,0.87499,0.8757,459386.03
2010-04-08,0.87565,0.87835,0.8737,0.87435,445146.53
2010-04-09,0.8743,0.87848,0.8705,0.87832,363402.0
2010-04-11,0.87742,0.88475,0.87607,0.8847,131178.6
2010-04-12,0.8847,0.88475,0.88045,0.88405,399146.8
2010-04-13,0.88405,0.88615,0.8803,0.8852,408686.76
2010-04-14,0.8852,0.8864,0.88055,0.8824,344227.95
2010-04-15,0.88245,0.8825,0.875,0.87745,416548.48
2010-04-16,0.87745,0.87995,0.87455,0.8788,392186.84
2010-04-18,0.87665,0.88263,0.8765,0.88155,43707.6
2010-04-19,0.8815,0.8843,0.8788,0.87945,389716.38
2010-04-20,0.87945,0.8803,0.87335,0.87355,366938.6
2010-04-21,0.87355,0.8747,0.8683,0.86845,419482.37
2010-04-22,0.86845,0.86975,0.8614,0.8618,569377.37
2010-04-23,0.86185,0.87185,0.8607,0.8701,460003.14
2010-04-25,0.87002,0.87072,0.866,0.86835,87471.1
2010-04-26,0.86835,0.8686,0.8603,0.8654,426068.84
2010-04-27,0.86545,0.86975,0.86265,0.8636,534313.8
2010-04-28,0.86355,0.87085,0.8631,0.86855,476987.8
2010-04-29,0.86865,0.8733,0.86285,0.8635,531542.6
2010-04-30,0.8635,0.87255,0.86235,0.87005,505064.7
2010-05-02,0.86943,0.87335,0.8682,0.87,88910.4
2010-05-03,0.87,0.87005,0.864,0.86555,356455.9
2010-05-04,0.86555,0.86705,0.8566,0.8573,583519.0
2010-05-05,0.8573,0.85785,0.84735,0.84875,661963.66
2010-05-06,0.84875,0.8593,0.84275,0.8491,590475.9
2010-05-07,0.8491,0.88075,0.844,0.86119,410916.05
2010-05-09,0.86072,0.8729,0.85966,0.86895,104763.4
2010-05-10,0.8689,0.87495,0.8545,0.8585,519225.91
2010-05-11,0.8585,0.86165,0.84495,0.8451,578351.81
2010-05-12,0.8451,0.85435,0.84445,0.8516,543709.6
2010-05-13,0.85155,0.8594,0.84975,0.85875,579816.8
2010-05-14,0.85875,0.8619,0.84911,0.8499,487682.4
2010-05-16,0.8506,0.8541,0.84905,0.8535,144336.8
2010-05-17,0.85355,0.8588,0.8517,0.85595,382420.1
2010-05-18,0.856,0.86045,0.85,0.8517,432743.91
2010-05-19,0.8517,0.8603,0.8491,0.85855,588543.4
2010-05-20,0.8585,0.87175,0.85625,0.8709,517577.92
2010-05-21,0.8709,0.8773,0.86455,0.86908,452555.78
2010-05-23,0.86922,0.86985,0.86615,0.86615,106761.3
2010-05-24,0.86625,0.867,0.85625,0.8576,637160.17
2010-05-25,0.85755,0.8585,0.85105,0.8568,814504.6
2010-05-26,0.8568,0.8572,0.8452,0.84635,524523.36
2010-05-27,0.84635,0.85105,0.8422,0.849,570180.8
2010-05-28,0.8491,0.8547,0.8445,0.84884,369200.28
2010-05-30,0.84867,0.85282,0.84491,0.8495,112981.9
2010-05-31,0.84945,0.8523,0.8442,0.8458,364143.94
2010-06-01,0.84575,0.8474,0.8323,0.8345,474883.2
2010-06-02,0.83455,0.8379,0.82795,0.83495,466729.7
2010-06-03,0.83495,0.8378,0.83073,0.8316,388636.65
2010-06-04,0.8316,0.83355,0.82515,0.8278,447130.25
2010-06-06,0.8272,0.82865,0.82501,0.82705,139651.7
2010-06-07,0.827,0.83,0.8211,0.82355,442355.23
2010-06-08,0.82355,0.8336,0.82305,0.82775,456410.65
2010-06-09,0.82775,0.8285,0.82386,0.82405,420098.04
2010-06-10,0.82405,0.8282,0.82225,0.82375,416553.05
2010-06-11,0.82375,0.83265,0.821,0.83215,481517.5
2010-06-13,0.83205,0.83575,0.83028,0.8351,115612.92
2010-06-14,0.8351,0.83595,0.82845,0.8287,471216.35
2010-06-15,0.8287,0.8336,0.82615,0.83215,434470.53
2010-06-16,0.83215,0.83635,0.82845,0.836,350516.78
2010-06-17,0.836,0.8382,0.8338,0.83616,389281.53
2010-06-18,0.83624,0.83735,0.8325,0.83557,283453.9
2010-06-19,0.83557,0.83557,0.83557,0.83557,0.0
2010-06-20,0.83573,0.84158,0.83491,0.8366,145027.1
2010-06-21,0.8366,0.83795,0.83295,0.8346,386332.2
2010-06-22,0.83455,0.8368,0.8275,0.82815,367707.27
2010-06-23,0.82815,0.8283,0.8201,0.8222,376220.61
2010-06-24,0.82215,0.82745,0.818,0.82595,353203.0
2010-06-25,0.82595,0.8273,0.8198,0.82122,356610.72
2010-06-27,0.82183,0.8238,0.8206,0.82325,95815.9
2010-06-28,0.82325,0.82335,0.812,0.8133,561789.48
2010-06-29,0.81335,0.81365,0.8067,0.8093,312651.99
2010-06-30,0.8093,0.82265,0.8092,0.81745,390355.5
2010-07-01,0.81745,0.82565,0.8166,0.825,392056.7
2010-07-02,0.82505,0.82985,0.82175,0.8264,351103.5
2010-07-04,0.82543,0.8267,0.82466,0.82595,99213.4
2010-07-05,0.826,0.8297,0.82515,0.82815,395853.06
2010-07-06,0.82815,0.83405,0.8264,0.8327,513009.2
2010-07-07,0.8327,0.8339,0.8291,0.8314,587646.95
2010-07-08,0.83145,0.83805,0.831,0.8377,339982.12
2010-07-09,0.8377,0.83975,0.8333,0.839,347689.4
2010-07-11,0.83815,0.83955,0.83661,0.8383,116693.9
2010-07-12,0.8383,0.84185,0.834,0.83845,490475.1
2010-07-13,0.8385,0.8392,0.83155,0.8369,529696.4
2010-07-14,0.8369,0.8369,0.8319,0.83435,495244.4
2010-07-15,0.8344,0.8403,0.8325,0.83745,573846.21
2010-07-16,0.8375,0.8461,0.8364,0.84484,511852.14
2010-07-18,0.84495,0.8451,0.84272,0.84285,117547.5
2010-07-19,0.8428,0.85315,0.84235,0.85015,490327.1
2010-07-20,0.85015,0.8531,0.84285,0.84395,495875.3
2010-07-21,0.84395,0.8478,0.8376,0.84025,477818.2
2010-07-22,0.84025,0.84655,0.83885,0.84465,491617.9
2010-07-23,0.84465,0.8452,0.8317,0.8367,403288.53
2010-07-25,0.83682,0.83813,0.8339,0.8366,83199.8
2010-07-26,0.8366,0.83965,0.83235,0.8386,461507.4
2010-07-27,0.8386,0.84155,0.83298,0.8334,552507.32
2010-07-28,0.8334,0.83675,0.83125,0.8331,536154.47
2010-07-29,0.8331,0.8395,0.8324,0.83735,495144.3
2010-07-30,0.83735,0.83755,0.83025,0.83152,505206.5
2010-08-01,0.83072,0.83185,0.8297,0.8312,65987.7
2010-08-02,0.8312,0.83255,0.8254,0.829,478605.52
2010-08-03,0.829,0.83145,0.82695,0.8293,424040.4
2010-08-04,0.82925,0.83075,0.82745,0.828,483564.3
2010-08-05,0.828,0.83245,0.8274,0.83,371604.76
2010-08-06,0.83,0.8337,0.829,0.83289,292680.6
2010-08-08,0.83292,0.83328,0.83016,0.83205,86434.3
2010-08-09,0.83205,0.83375,0.8292,0.8319,444808.2
2010-08-10,0.8319,0.8362,0.8296,0.83175,494071.3
2010-08-11,0.83175,0.83175,0.82055,0.8217,477498.53
2010-08-12,0.8217,0.82655,0.8203,0.82355,448326.11
2010-08-13,0.82355,0.82585,0.8168,0.81713,379042.27
2010-08-15,0.81678,0.8198,0.81619,0.8184,141930.1
2010-08-16,0.8184,0.8227,0.818,0.81875,463422.7
2010-08-17,0.8187,0.8281,0.81845,0.8264,484796.8
2010-08-18,0.8264,0.8282,0.82215,0.8224,441537.55
2010-08-19,0.8224,0.82485,0.81935,0.82225,544538.34
2010-08-20,0.82225,0.82465,0.81725,0.8179,363198.11
2010-08-22,0.81743,0.81925,0.8163,0.81645,116775.6
2010-08-23,0.81645,0.81775,0.81415,0.81525,400226.05
2010-08-24,0.81525,0.8218,0.81525,0.8201,417650.2
2010-08-25,0.8201,0.8236,0.81785,0.81865,513604.5
2010-08-26,0.81865,0.8197,0.8155,0.8184,552061.3
2010-08-27,0.8184,0.82315,0.8177,0.82155,406753.08
2010-08-29,0.82155,0.82276,0.8201,0.8206,135613.7
2010-08-30,0.8206,0.821,0.81615,0.81835,317096.7
2010-08-31,0.8184,0.82885,0.81705,0.826,466805.1
2010-09-01,0.826,0.83275,0.82475,0.82835,428964.4
2010-09-02,0.82835,0.83475,0.82795,0.8325,319431.9
2010-09-03,0.8325,0.83495,0.82975,0.83448,284235.9
2010-09-05,0.83435,0.83551,0.8328,0.834,98200.2
2010-09-06,0.83395,0.83895,0.83278,0.8345,298231.3
2010-09-07,0.8345,0.8345,0.82525,0.8267,416777.3
2010-09-08,0.8267,0.82715,0.82015,0.8225,609169.45
2010-09-09,0.8225,0.8267,0.8209,0.8224,490331.9
2010-09-10,0.82245,0.82875,0.82125,0.82546,442234.7
2010-09-12,0.82535,0.82865,0.8241,0.8286,101409.2
2010-09-13,0.8286,0.8363,0.8273,0.83615,395674.1
2010-09-14,0.83615,0.8387,0.83285,0.8363,379238.4
2010-09-15,0.8363,0.83995,0.83105,0.832,398280.55
2010-09-16,0.832,0.84025,0.83095,0.8373,357215.4
2010-09-17,0.8373,0.83795,0.83295,0.83452,348019.05
2010-09-19,0.83435,0.83558,0.8329,0.83375,35310.8
2010-09-20,0.83375,0.84105,0.83355,0.84005,284003.24
2010-09-21,0.84005,0.8498,0.83885,0.8497,288100.45
2010-09-22,0.8497,0.8577,0.84625,0.8562,438351.0
2010-09-23,0.85605,0.85645,0.8472,0.84875,290945.5
2010-09-24,0.84875,0.85455,0.84825,0.85333,322333.7
2010-09-26,0.85132,0.85268,0.8506,0.85155,29227.6
2010-09-27,0.8516,0.852,0.849,0.84935,380510.0
2010-09-28,0.8494,0.86035,0.8466,0.85865,495488.1
2010-09-29,0.85865,0.86445,0.85695,0.86205,454635.2
2010-09-30,0.86205,0.8685,0.85615,0.86635,312910.3
2010-10-01,0.8664,0.87191,0.86585,0.87165,371652.1
2010-10-02,0.87165,0.87165,0.87165,0.87165,0.0
2010-10-03,0.87165,0.87538,0.86843,0.87065,47181.9
2010-10-04,0.87065,0.87265,0.86305,0.86345,245067.0
2010-10-05,0.86345,0.87155,0.86265,0.8707,295504.0
2010-10-06,0.8707,0.87775,0.8688,0.8771,414640.0
2010-10-07,0.8771,0.88045,0.8732,0.8769,336423.0
2010-10-08,0.8769,0.88045,0.8713,0.87315,282989.5
2010-10-09,0.87315,0.87315,0.87315,0.87315,0.0
2010-10-10,0.87315,0.87785,0.87203,0.877,38148.8
2010-10-11,0.877,0.8773,0.87275,0.87325,353030.0
2010-10-12,0.87325,0.8821,0.8698,0.88085,361569.0
2010-10-13,0.88085,0.8839,0.87745,0.87755,384540.0
2010-10-14,0.87755,0.882,0.87695,0.8772,417746.0
2010-10-15,0.8772,0.8794,0.87205,0.874,293768.0
2010-10-16,0.874,0.874,0.874,0.874,0.0
2010-10-17,0.874,0.87625,0.87165,0.8722,42328.0
2010-10-18,0.8722,0.8794,0.8705,0.87785,429598.0
2010-10-19,0.87785,0.88245,0.87385,0.8749,409938.0
2010-10-20,0.87495,0.88215,0.87445,0.88175,290163.0
2010-10-21,0.8818,0.8907,0.8772,0.88515,384262.0
2010-10-22,0.88515,0.8896,0.88475,0.88955,334150.2
2010-10-23,0.88955,0.88955,0.88955,0.88955,0.0
2010-10-24,0.88955,0.89328,0.88743,0.89012,63639.1
2010-10-25,0.89013,0.89412,0.88614,0.88615,147856.0
2010-10-26,0.88616,0.8879,0.8728,0.87393,85294.0
2010-10-27,0.87384,0.87533,0.87129,0.87351,85524.0
2010-10-28,0.87354,0.87712,0.87016,0.87344,81096.0
2010-10-29,0.87341,0.87378,0.86697,0.86894,76559.5
2010-10-30,0.86894,0.86894,0.86894,0.86894,0.0
2010-10-31,0.86894,0.87091,0.86844,0.87078,16690.6
2010-11-01,0.87078,0.87222,0.86517,0.86612,86562.0
2010-11-02,0.86612,0.87677,0.86526,0.8754,90509.0
2010-11-03,0.87529,0.87915,0.86966,0.877,85574.0
2010-11-04,0.877,0.88173,0.87183,0.87414,83137.0
2010-11-05,0.87419,0.87767,0.86531,0.86629,80170.8
2010-11-06,0.86629,0.86629,0.86629,0.86629,0.0
2010-11-07,0.86629,0.86859,0.86538,0.86839,13198.8
2010-11-08,0.86845,0.86908,0.86019,0.86034,80704.0
2010-11-09,0.86025,0.86451,0.85897,0.86055,90662.0
2010-11-10,0.86053,0.86379,0.85246,0.85439,92348.0
2010-11-11,0.8544,0.85512,0.84501,0.8458,87216.0
2010-11-12,0.84584,0.85589,0.84491,0.84952,79985.2
2010-11-13,0.84952,0.84952,0.84952,0.84952,0.0
2010-11-14,0.84952,0.85048,0.84702,0.84868,7481.8
2010-11-15,0.84873,0.85126,0.84529,0.8461,53377.0
2010-11-16,0.84609,0.85251,0.84546,0.84931,52239.0
2010-11-17,0.84933,0.85145,0.84746,0.85134,48462.0
2010-11-18,0.85132,0.85511,0.84872,0.85082,50135.0
2010-11-19,0.85075,0.85689,0.84954,0.85527,46137.0
2010-11-20,0.85527,0.85527,0.85527,0.85527,0.0
2010-11-21,0.85527,0.85881,0.85481,0.85865,6532.5
2010-11-22,0.85865,0.85946,0.85236,0.85299,46078.0
2010-11-23,0.85299,0.85399,0.84457,0.84709,55243.0
2010-11-24,0.84713,0.84983,0.8428,0.84585,57000.0
2010-11-25,0.84588,0.84868,0.8433,0.84646,39895.0
2010-11-26,0.84644,0.84997,0.84203,0.84876,47166.8
2010-11-27,0.84876,0.84876,0.84876,0.84876,0.0
2010-11-28,0.84876,0.85434,0.84805,0.84897,8135.1
2010-11-29,0.84901,0.85147,0.84077,0.84245,115970.0
2010-11-30,0.84244,0.84482,0.83375,0.83446,194272.0
2010-12-01,0.83447,0.8438,0.8334,0.84064,169003.0
2010-12-02,0.84065,0.84898,0.83891,0.84741,159092.0
2010-12-03,0.84741,0.85254,0.84458,0.85017,143781.0
2010-12-04,0.85017,0.85017,0.85017,0.85017,0.0
2010-12-05,0.85017,0.85176,0.84791,0.85073,20360.5
2010-12-06,0.85073,0.851,0.84537,0.8458,144854.0
2010-12-07,0.84578,0.84804,0.84065,0.84081,155057.0
2010-12-08,0.84082,0.84282,0.83622,0.83869,158863.0
2010-12-09,0.83867,0.84149,0.83606,0.83942,150038.0
2010-12-10,0.83935,0.84048,0.83557,0.83675,124176.5
2010-12-11,0.83675,0.83675,0.83675,0.83675,0.0
2010-12-12,0.83675,0.83711,0.83432,0.8355,9931.7
2010-12-13,0.83549,0.84563,0.83484,0.84444,166033.0
2010-12-14,0.84443,0.85087,0.84319,0.84737,184665.0
2010-12-15,0.84737,0.85476,0.84504,0.84981,182330.0
2010-12-16,0.84981,0.85114,0.84566,0.84696,159297.0
2010-12-17,0.84696,0.85526,0.84689,0.84851,151667.7
2010-12-18,0.84851,0.84851,0.84851,0.84851,0.0
2010-12-19,0.84851,0.85007,0.84769,0.84848,11547.0
2010-12-20,0.84848,0.84945,0.84457,0.84585,144857.0
2010-12-21,0.84582,0.85185,0.84476,0.84638,140033.0
2010-12-22,0.84638,0.85228,0.84638,0.85113,135103.0
2010-12-23,0.85113,0.85253,0.84653,0.84957,107862.0
2010-12-24,0.84957,0.85139,0.84771,0.84912,48755.0
2010-12-25,0.84912,0.84912,0.84912,0.84912,0.0
2010-12-26,0.84912,0.85022,0.84782,0.8487,12578.63
2010-12-27,0.84873,0.85583,0.84853,0.8537,91242.0
2010-12-28,0.85374,0.85919,0.85204,0.8522,118544.0
2010-12-29,0.8522,0.85535,0.85022,0.85294,116826.0
2010-12-30,0.85287,0.86328,0.85179,0.86163,105748.0
2010-12-31,0.86164,0.86476,0.85407,0.8565,86817.14
2011-01-01,0.8565,0.8565,0.8565,0.8565,0.0
2011-01-02,0.8565,0.85897,0.85477,0.85764,13284.55
2011-01-03,0.85765,0.86448,0.85403,0.86229,110118.0
2011-01-04,0.86228,0.86364,0.85254,0.8538,190088.0
2011-01-05,0.85381,0.85413,0.84707,0.84804,181876.0
2011-01-06,0.84805,0.84877,0.83936,0.83985,180475.0
2011-01-07,0.83985,0.84257,0.82978,0.83004,165748.0
2011-01-08,0.83004,0.83004,0.83004,0.83004,0.0
2011-01-09,0.83004,0.83094,0.82912,0.8296,19996.09
2011-01-10,0.8296,0.83386,0.82845,0.83161,158587.0
2011-01-11,0.83159,0.83366,0.8294,0.83174,176225.0
2011-01-12,0.83174,0.83376,0.82995,0.8334,177139.0
2011-01-13,0.8335,0.84415,0.83125,0.8426,165578.0
2011-01-14,0.84261,0.84983,0.83898,0.84299,161402.0
2011-01-15,0.84299,0.84299,0.84299,0.84299,0.0
2011-01-16,0.84299,0.84419,0.83998,0.84243,13483.25
2011-01-17,0.84243,0.84271,0.83478,0.83538,128651.0
2011-01-18,0.83537,0.84056,0.83307,0.83823,188272.0
2011-01-19,0.83826,0.84523,0.83764,0.84205,187832.0
2011-01-20,0.84205,0.84804,0.84123,0.84646,177886.0
2011-01-21,0.84645,0.85278,0.84595,0.85067,164958.0
2011-01-22,0.85067,0.85067,0.85067,0.85067,0.0
2011-01-23,0.85067,0.85225,0.84967,0.85144,16955.18
2011-01-24,0.85144,0.85523,0.84919,0.85346,159082.0
2011-01-25,0.85344,0.86681,0.85302,0.86514,188848.0
2011-01-26,0.86514,0.86716,0.85958,0.86066,169836.0
2011-01-27,0.86068,0.86286,0.8581,0.86164,151234.0
2011-01-28,0.86164,0.86529,0.85708,0.85762,155748.66
2011-01-29,0.85762,0.85762,0.85762,0.85762,0.0
2011-01-30,0.85762,0.85885,0.8565,0.85738,18795.26
2011-01-31,0.85738,0.86186,0.85303,0.85556,178600.0
2011-02-01,0.85557,0.85706,0.85095,0.85692,191277.0
2011-02-02,0.85691,0.85764,0.85128,0.85265,175783.0
2011-02-03,0.85265,0.85288,0.84384,0.84438,155466.0
2011-02-04,0.84434,0.84767,0.84229,0.84276,144739.0
2011-02-05,0.84276,0.84276,0.84276,0.84276,0.0
2011-02-06,0.84276,0.84333,0.84158,0.84306,17011.15
2011-02-07,0.84306,0.84456,0.83886,0.84273,154320.0
2011-02-08,0.8427,0.85075,0.84188,0.84809,171985.0
2011-02-09,0.84809,0.85288,0.84741,0.85211,140791.0
2011-02-10,0.85211,0.85264,0.84436,0.84499,142638.0
2011-02-11,0.845,0.8476,0.84225,0.84626,140214.76
2011-02-12,0.84626,0.84626,0.84626,0.84626,0.0
2011-02-13,0.84626,0.84683,0.84373,0.84427,16725.37
2011-02-14,0.8443,0.84432,0.83982,0.84106,146999.0
2011-02-15,0.84108,0.84483,0.83556,0.83646,189663.0
2011-02-16,0.83645,0.84493,0.83634,0.84349,196526.0
2011-02-17,0.84348,0.84439,0.83997,0.84204,181837.0
2011-02-18,0.84201,0.84346,0.83583,0.84235,170524.95
2011-02-19,0.84235,0.84235,0.84235,0.84235,0.0
2011-02-20,0.84235,0.84387,0.8419,0.84381,11237.99
2011-02-21,0.8438,0.84443,0.84097,0.84295,113554.0
2011-02-22,0.84295,0.84765,0.83831,0.84612,198317.0
2011-02-23,0.84612,0.8495,0.84212,0.84757,185930.0
2011-02-24,0.84757,0.85651,0.84698,0.85593,192689.0
2011-02-25,0.85593,0.85931,0.85239,0.85311,156987.23
2011-02-26,0.85311,0.85311,0.85311,0.85311,0.0
2011-02-27,0.85311,0.855,0.85275,0.85312,16118.27
2011-02-28,0.85311,0.85544,0.84798,0.84937,171615.0
2011-03-01,0.84938,0.85038,0.846,0.84689,173135.0
2011-03-02,0.84688,0.85034,0.84632,0.84902,160923.0
2011-03-03,0.84902,0.85834,0.84786,0.85739,145803.0
2011-03-04,0.85738,0.86063,0.85651,0.85839,112324.0
2011-03-05,0.85839,0.85839,0.85839,0.85839,0.0
2011-03-06,0.85839,0.86004,0.85839,0.86004,12494.3
2011-03-07,0.86004,0.86346,0.8571,0.862,126115.0
2011-03-08,0.862,0.86356,0.85885,0.85973,146448.0
2011-03-09,0.85974,0.86031,0.85639,0.85806,134750.0
2011-03-10,0.85806,0.86071,0.85331,0.85897,183887.0
2011-03-11,0.85897,0.86553,0.8589,0.86442,177836.03
2011-03-12,0.86442,0.86442,0.86442,0.86442,0.0
2011-03-13,0.86442,0.86857,0.86404,0.86711,21025.35
2011-03-14,0.86711,0.86917,0.86355,0.86512,170020.0
2011-03-15,0.86512,0.8709,0.86253,0.87018,216650.0
2011-03-16,0.8702,0.87162,0.86584,0.86817,218921.0
2011-03-17,0.86824,0.87063,0.86717,0.86887,187366.0
2011-03-18,0.86885,0.87609,0.8676,0.87296,188307.06
2011-03-19,0.87296,0.87296,0.87296,0.87296,0.0
2011-03-20,0.87296,0.87445,0.87209,0.8734,24705.03
2011-03-21,0.87343,0.87433,0.86972,0.87164,144700.0
2011-03-22,0.87168,0.87289,0.86591,0.86606,149784.0
2011-03-23,0.86606,0.87243,0.86539,0.86807,163092.0
2011-03-24,0.86806,0.88082,0.86627,0.87892,152897.0
2011-03-25,0.87892,0.88108,0.87734,0.87801,152162.33
2011-03-26,0.87801,0.87801,0.87801,0.87801,0.0
2011-03-27,0.87801,0.87801,0.87573,0.87646,13845.11
2011-03-28,0.87646,0.8819,0.87644,0.88048,148868.0
2011-03-29,0.8805,0.88354,0.87981,0.88136,143519.0
2011-03-30,0.88137,0.88162,0.87523,0.87834,161824.0
2011-03-31,0.87833,0.88525,0.87748,0.88341,164876.0
2011-04-01,0.88341,0.88438,0.88009,0.88334,143383.7
2011-04-02,0.88334,0.88334,0.88334,0.88334,0.0
2011-04-03,0.88334,0.88354,0.88182,0.88279,10966.08
2011-04-04,0.88276,0.88395,0.87919,0.88145,134451.0
2011-04-05,0.88147,0.88169,0.87137,0.87278,130447.0
2011-04-06,0.87277,0.87966,0.87192,0.87745,136504.0
2011-04-07,0.87748,0.8792,0.87285,0.87616,146660.0
2011-04-08,0.87616,0.88435,0.87576,0.88358,148208.8
2011-04-09,0.88358,0.88358,0.88358,0.88358,0.0
2011-04-10,0.88358,0.88406,0.88157,0.88324,10423.37
2011-04-11,0.88324,0.88587,0.8792,0.88272,126137.0
2011-04-12,0.88272,0.8915,0.88222,0.89057,158531.0
2011-04-13,0.89054,0.89229,0.88701,0.88774,146562.0
2011-04-14,0.88773,0.88807,0.8807,0.88587,143549.0
2011-04-15,0.88588,0.88661,0.88135,0.8835,130231.45
2011-04-16,0.8835,0.8835,0.8835,0.8835,0.0
2011-04-17,0.8835,0.88497,0.88225,0.88231,16906.62
2011-04-18,0.88231,0.88337,0.87404,0.87519,160376.0
2011-04-19,0.87519,0.87984,0.8744,0.87944,169749.0
2011-04-20,0.87944,0.88768,0.87932,0.88566,177572.0
2011-04-21,0.88558,0.88778,0.87829,0.88119,181820.0
2011-04-22,0.8812,0.88339,0.87987,0.88146,43952.82
2011-04-23,0.88146,0.88146,0.88146,0.88146,0.0
2011-04-24,0.88146,0.88205,0.87945,0.88141,10641.83
2011-04-25,0.88144,0.88516,0.8807,0.88222,100412.0
2011-04-26,0.88221,0.89144,0.88078,0.89052,173493.0
2011-04-27,0.89052,0.89228,0.88458,0.88815,175779.0
2011-04-28,0.88815,0.89182,0.88685,0.8914,159277.0
2011-04-29,0.89139,0.89368,0.88566,0.88586,124271.7
2011-04-30,0.88586,0.88586,0.88586,0.88586,0.0
2011-05-01,0.88586,0.88746,0.88497,0.8873,22393.88
2011-05-02,0.8873,0.89198,0.88576,0.88883,136413.0
2011-05-03,0.88884,0.90061,0.88868,0.89974,184636.0
2011-05-04,0.89974,0.90284,0.89762,0.89918,192802.0
2011-05-05,0.8992,0.90418,0.88635,0.88754,215400.0
2011-05-06,0.88749,0.88983,0.87414,0.87422,216606.24
2011-05-07,0.87422,0.87422,0.87422,0.87422,0.0
2011-05-08,0.87422,0.87904,0.87422,0.87884,16016.24
2011-05-09,0.87884,0.88173,0.87408,0.87568,207690.0
2011-05-10,0.87565,0.88077,0.87199,0.88001,207780.0
2011-05-11,0.88,0.88105,0.86769,0.86796,223261.0
2011-05-12,0.86797,0.87521,0.86729,0.87441,211707.0
2011-05-13,0.87443,0.87991,0.87033,0.8714,205946.95
2011-05-14,0.8714,0.87143,0.8714,0.8714,0.0
2011-05-15,0.8714,0.87145,0.86759,0.86965,15918.01
2011-05-16,0.86963,0.87701,0.86874,0.8732,205007.0
2011-05-17,0.87319,0.87831,0.86814,0.87784,217339.0
2011-05-18,0.8778,0.88408,0.87597,0.88236,190550.0
2011-05-19,0.88235,0.88446,0.87913,0.88268,183296.0
2011-05-20,0.88267,0.8838,0.87036,0.87243,180438.95
2011-05-21,0.8721,0.8721,0.8721,0.8721,0.0
2011-05-22,0.8721,0.87245,0.86935,0.8698,20451.27
2011-05-23,0.86981,0.87291,0.86638,0.8718,217013.0
2011-05-24,0.87179,0.87516,0.87045,0.87091,197840.0
2011-05-25,0.87091,0.87123,0.86319,0.86409,200596.0
2011-05-26,0.86409,0.87107,0.86105,0.86276,192668.0
2011-05-27,0.86276,0.86913,0.86202,0.86665,185385.07
2011-05-28,0.86665,0.86665,0.86665,0.86665,0.0
2011-05-29,0.86665,0.86864,0.8655,0.86676,16898.17
2011-05-30,0.86676,0.8697,0.86563,0.86856,86627.0
2011-05-31,0.86856,0.87698,0.86828,0.87599,181470.0
2011-06-01,0.87589,0.88081,0.87438,0.87795,188787.0
2011-06-02,0.87792,0.88635,0.87701,0.88475,182862.0
2011-06-03,0.88474,0.89228,0.88465,0.89039,180550.28
2011-06-04,0.89039,0.89039,0.89039,0.89039,0.0
2011-06-05,0.89039,0.89122,0.88964,0.89045,17166.74
2011-06-06,0.8905,0.89377,0.88922,0.89214,165655.0
2011-06-07,0.89213,0.89451,0.8907,0.89284,169583.0
2011-06-08,0.89291,0.89758,0.88833,0.88948,171515.0
2011-06-09,0.88949,0.89179,0.88459,0.88769,168052.0
2011-06-10,0.88769,0.89206,0.88284,0.88342,175608.13
2011-06-11,0.88342,0.88342,0.88342,0.88342,0.0
2011-06-12,0.88342,0.88448,0.88103,0.8832,10486.18
2011-06-13,0.88319,0.88423,0.87952,0.88066,158936.0
2011-06-14,0.88065,0.88433,0.8784,0.88149,171455.0
2011-06-15,0.8815,0.88207,0.87497,0.87593,190180.0
2011-06-16,0.87593,0.87995,0.87206,0.87851,210445.0
2011-06-17,0.87855,0.88541,0.87702,0.88273,168145.27
2011-06-18,0.88273,0.88273,0.88273,0.88273,0.0
2011-06-19,0.88273,0.88425,0.88208,0.88253,15715.02
2011-06-20,0.88253,0.88497,0.87897,0.88453,155082.0
2011-06-21,0.88453,0.88836,0.8825,0.8863,166189.0
2011-06-22,0.8863,0.89525,0.88532,0.89286,180412.0
2011-06-23,0.89286,0.89317,0.88488,0.89009,197760.0
2011-06-24,0.8901,0.89259,0.88598,0.8887,183941.6
2011-06-25,0.8887,0.8887,0.8887,0.8887,0.0
2011-06-26,0.8887,0.8909,0.88691,0.88719,14194.87
2011-06-27,0.88724,0.89568,0.88581,0.89509,189168.0
2011-06-28,0.89506,0.8984,0.89273,0.89798,197494.0
2011-06-29,0.89798,0.90143,0.89661,0.90019,192389.0
2011-06-30,0.90022,0.90686,0.89952,0.90346,187976.0
2011-07-01,0.90346,0.90828,0.90155,0.90388,172007.42
2011-07-02,0.90388,0.90388,0.90388,0.90388,0.0
2011-07-03,0.90388,0.90674,0.90285,0.90588,17858.53
2011-07-04,0.9059,0.90604,0.90047,0.90392,119329.0
2011-07-05,0.90392,0.90487,0.89719,0.89866,174199.0
2011-07-06,0.89865,0.9018,0.8941,0.89486,175004.0
2011-07-07,0.89487,0.89957,0.89033,0.89899,178051.0
2011-07-08,0.89896,0.90008,0.88634,0.88785,183304.79
2011-07-09,0.88785,0.88785,0.88785,0.88785,0.0
2011-07-10,0.88785,0.89021,0.88611,0.88661,19414.07
2011-07-11,0.88658,0.88911,0.87953,0.88283,202847.0
2011-07-12,0.88283,0.88386,0.87485,0.87833,254181.0
2011-07-13,0.87832,0.88466,0.87643,0.88164,221897.0
2011-07-14,0.88175,0.8831,0.87549,0.87665,215227.0
2011-07-15,0.87665,0.89133,0.8745,0.89133,179496.89
2011-07-16,0.89133,0.89133,0.89133,0.89133,0.0
2011-07-17,0.89133,0.89133,0.87457,0.8763,20633.18
2011-07-18,0.8763,0.8796,0.8705,0.87899,197405.0
2011-07-19,0.87899,0.88083,0.87559,0.87868,188729.0
2011-07-20,0.87866,0.88299,0.87687,0.88206,182574.0
2011-07-21,0.88206,0.88435,0.87626,0.88264,208741.0
2011-07-22,0.88265,0.88538,0.87975,0.88062,169414.33
2011-07-23,0.88062,0.88062,0.88042,0.88062,0.0
2011-07-24,0.88062,0.88207,0.88001,0.88142,13908.3
2011-07-25,0.88142,0.88437,0.87973,0.88274,169934.0
2011-07-26,0.88274,0.8883,0.88168,0.88357,184451.0
2011-07-27,0.88356,0.88472,0.87719,0.87957,190734.0
2011-07-28,0.87959,0.88032,0.87361,0.87565,185311.0
2011-07-29,0.87564,0.87837,0.87338,0.87616,197829.77
2011-07-30,0.87616,0.87616,0.87616,0.87616,0.0
2011-07-31,0.87616,0.87693,0.87433,0.8745,21123.31
2011-08-01,0.87451,0.88046,0.8722,0.87478,202243.0
2011-08-02,0.87478,0.87697,0.86994,0.8713,211886.0
2011-08-03,0.87129,0.87576,0.86944,0.87296,227461.0
2011-08-04,0.87296,0.87497,0.86549,0.86662,262287.0
2011-08-05,0.86662,0.87317,0.86427,0.87098,251686.14
2011-08-06,0.87098,0.87098,0.87081,0.87098,0.0
2011-08-07,0.87098,0.87582,0.87044,0.87118,24908.07
2011-08-08,0.87119,0.87485,0.86618,0.86859,270406.0
2011-08-09,0.86855,0.88185,0.86771,0.88036,279929.0
2011-08-10,0.88037,0.88854,0.87594,0.87736,255317.0
2011-08-11,0.87732,0.88258,0.87374,0.87579,257694.0
2011-08-12,0.87579,0.87766,0.8731,0.87493,190518.06
2011-08-13,0.87493,0.87493,0.87493,0.87493,0.0
2011-08-14,0.87493,0.89134,0.87446,0.87709,13488.69
2011-08-15,0.87709,0.88296,0.87564,0.88141,184939.0
2011-08-16,0.8814,0.88242,0.87372,0.87458,201468.0
2011-08-17,0.87459,0.88074,0.86991,0.87263,200392.0
2011-08-18,0.87263,0.87447,0.86642,0.8676,212563.0
2011-08-19,0.86761,0.87452,0.86532,0.87398,201193.7
2011-08-20,0.87398,0.87398,0.87398,0.87398,0.0
2011-08-21,0.87398,0.87487,0.87153,0.87196,17461.29
2011-08-22,0.87197,0.87511,0.86959,0.87232,163547.0
2011-08-23,0.87231,0.87687,0.8701,0.87522,155700.0
2011-08-24,0.87523,0.88131,0.87269,0.88028,152664.0
2011-08-25,0.88028,0.88342,0.87944,0.88307,145171.0
2011-08-26,0.88309,0.88666,0.88307,0.88558,140045.01
2011-08-27,0.88558,0.88558,0.88558,0.88558,0.0
2011-08-28,0.88558,0.88776,0.88511,0.88573,13417.37
2011-08-29,0.88574,0.88792,0.88332,0.88516,111253.0
2011-08-30,0.88516,0.88757,0.88144,0.88519,140629.0
2011-08-31,0.88519,0.88842,0.88273,0.88401,140426.0
2011-09-01,0.88403,0.88566,0.87965,0.88107,153577.0
2011-09-02,0.88104,0.88212,0.87465,0.87617,145042.04
2011-09-03,0.87617,0.87617,0.87617,0.87617,0.0
2011-09-04,0.87617,0.87721,0.87374,0.8752,14477.13
2011-09-05,0.8752,0.87937,0.87347,0.87432,127364.0
2011-09-06,0.87431,0.88197,0.87327,0.87822,183759.0
2011-09-07,0.87822,0.88285,0.87723,0.88161,156990.0
2011-09-08,0.88159,0.88419,0.86929,0.87037,167790.0
2011-09-09,0.87037,0.87189,0.85941,0.85958,175082.82
2011-09-10,0.85958,0.85958,0.85958,0.85958,0.0
2011-09-11,0.85958,0.86155,0.85618,0.85661,20884.23
2011-09-12,0.8566,0.86369,0.85286,0.86062,201503.0
2011-09-13,0.86061,0.86856,0.85949,0.8668,192309.0
2011-09-14,0.8668,0.87253,0.86386,0.87165,189231.0
2011-09-15,0.87164,0.87894,0.86958,0.87863,176475.0
2011-09-16,0.87863,0.87868,0.87125,0.87345,152900.9
2011-09-17,0.87345,0.87345,0.87345,0.87345,0.0
2011-09-18,0.87345,0.87415,0.86904,0.87085,20212.58
2011-09-19,0.87087,0.87261,0.86705,0.8691,174705.0
2011-09-20,0.86912,0.87363,0.86777,0.87099,146133.0
2011-09-21,0.87098,0.87945,0.86869,0.8759,189749.0
2011-09-22,0.87583,0.87875,0.8709,0.8776,214207.0
2011-09-23,0.87762,0.87919,0.8712,0.87278,185508.34
2011-09-24,0.87278,0.87278,0.87278,0.87278,0.0
2011-09-25,0.87278,0.87596,0.8719,0.87336,19510.4
2011-09-26,0.87336,0.87357,0.86516,0.86776,221729.0
2011-09-27,0.86776,0.8718,0.86727,0.86893,198108.0
2011-09-28,0.86893,0.87391,0.86708,0.86955,179847.0
2011-09-29,0.86959,0.87255,0.86745,0.8709,173797.0
2011-09-30,0.87086,0.87089,0.85786,0.85867,150077.0
2011-10-01,0.85876,0.85879,0.85867,0.85867,64.17
2011-10-02,0.85912,0.85912,0.85607,0.85776,24939.04
2011-10-03,0.85777,0.86319,0.85294,0.85449,171454.0
2011-10-04,0.85468,0.86451,0.85339,0.86103,181192.0
2011-10-05,0.86105,0.86481,0.85908,0.86288,162679.0
2011-10-06,0.86271,0.87334,0.86203,0.86965,164067.0
2011-10-07,0.86964,0.87004,0.85913,0.85975,148237.77
2011-10-08,0.85975,0.85975,0.85975,0.85975,0.0
2011-10-09,0.85975,0.86227,0.85819,0.86164,21903.93
2011-10-10,0.86167,0.87312,0.86137,0.8708,163626.01
2011-10-11,0.87081,0.87646,0.86875,0.87497,184061.25
2011-10-12,0.87498,0.87864,0.87348,0.87558,189385.63
2011-10-13,0.87559,0.87805,0.87068,0.87352,187012.28
2011-10-14,0.87353,0.87796,0.87233,0.87709,161634.88
2011-10-15,0.87709,0.87709,0.87709,0.87709,0.0
2011-10-16,0.87709,0.87765,0.87547,0.87703,18207.29
2011-10-17,0.87703,0.87962,0.87146,0.8729,172159.12
2011-10-18,0.8729,0.87667,0.86888,0.87449,190443.32
2011-10-19,0.8745,0.87877,0.87145,0.87286,182928.92
2011-10-20,0.87287,0.87665,0.86883,0.87294,193499.47
2011-10-21,0.87293,0.87327,0.86693,0.87059,167261.53
2011-10-22,0.87059,0.87059,0.87059,0.87059,0.0
2011-10-23,0.87059,0.87096,0.86732,0.8688,22723.45
2011-10-24,0.86879,0.87244,0.86796,0.87004,158604.94
2011-10-25,0.87005,0.87242,0.86723,0.86855,178387.2
2011-10-26,0.86855,0.87216,0.86735,0.8693,174504.69
2011-10-27,0.86929,0.88302,0.86928,0.88194,202157.89
2011-10-28,0.88194,0.88196,0.87679,0.87681,160776.37
2011-10-29,0.87681,0.87681,0.87681,0.87681,0.0
2011-10-30,0.87681,0.87824,0.87617,0.87752,7705.07
2011-10-31,0.8775,0.87837,0.85971,0.862,215710.17
2011-11-01,0.862,0.86226,0.85479,0.8566,234519.47
2011-11-02,0.85661,0.86413,0.85661,0.86044,204237.72
2011-11-03,0.86043,0.86418,0.85624,0.86205,212155.21
2011-11-04,0.86203,0.86565,0.85742,0.86005,172695.98
2011-11-05,0.86005,0.86005,0.86005,0.86005,0.0
2011-11-06,0.86005,0.86094,0.85838,0.85979,17715.88
2011-11-07,0.85979,0.86075,0.85586,0.85657,175188.82
2011-11-08,0.85656,0.85995,0.8557,0.85873,168463.6
2011-11-09,0.85873,0.85973,0.84992,0.85006,198987.08
2011-11-10,0.85006,0.85576,0.84853,0.85376,190102.67
2011-11-11,0.85375,0.85863,0.85277,0.8553,162165.05
2011-11-12,0.8553,0.8553,0.8553,0.8553,0.0
2011-11-13,0.8553,0.85838,0.8553,0.85741,14902.15
2011-11-14,0.8574,0.86019,0.85564,0.85691,159228.13
2011-11-15,0.85688,0.85742,0.8518,0.85452,165137.06
2011-11-16,0.85453,0.85841,0.85197,0.85558,177442.52
2011-11-17,0.85565,0.85763,0.85366,0.85422,180863.42
2011-11-18,0.85424,0.85856,0.85186,0.85569,166467.56
2011-11-19,0.85569,0.85569,0.85569,0.85569,0.0
2011-11-20,0.85569,0.85805,0.85448,0.85796,19339.64
2011-11-21,0.85794,0.86406,0.85579,0.86218,165930.07
2011-11-22,0.86217,0.86644,0.86175,0.86394,157024.3
2011-11-23,0.86393,0.86476,0.85882,0.85965,160265.6
2011-11-24,0.85963,0.86194,0.8584,0.86128,121060.73
2011-11-25,0.86128,0.86176,0.85451,0.85727,129951.14
2011-11-26,0.85727,0.85727,0.85727,0.85727,0.0
2011-11-27,0.85727,0.86121,0.85699,0.85934,22026.42
2011-11-28,0.85936,0.86087,0.85687,0.85904,158120.65
2011-11-29,0.85902,0.861,0.85285,0.85417,167191.48
2011-11-30,0.85417,0.85896,0.85202,0.85592,180566.84
2011-12-01,0.85592,0.85994,0.85576,0.8586,156004.23
2011-12-02,0.85857,0.86178,0.8574,0.85844,132511.47
2011-12-03,0.85844,0.85844,0.85844,0.85844,0.0
2011-12-04,0.85844,0.86036,0.85638,0.85963,11686.1
2011-12-05,0.85964,0.86043,0.85558,0.85572,135454.07
2011-12-06,0.85572,0.86029,0.85382,0.85934,143939.07
2011-12-07,0.85934,0.86129,0.85103,0.85345,146950.37
2011-12-08,0.85345,0.85518,0.84952,0.85347,169245.68
2011-12-09,0.85347,0.85619,0.85149,0.85408,168701.92
2011-12-10,0.85408,0.85408,0.85408,0.85408,0.0
2011-12-11,0.85408,0.85498,0.85328,0.85412,16624.96
2011-12-12,0.85412,0.85543,0.84487,0.84517,174437.15
2011-12-13,0.84517,0.84805,0.84024,0.84103,177650.49
2011-12-14,0.84103,0.8424,0.83728,0.83915,163602.47
2011-12-15,0.83915,0.84249,0.83751,0.83922,151829.66
2011-12-16,0.83921,0.84132,0.83798,0.83897,141840.71
2011-12-17,0.83897,0.83897,0.83897,0.83897,0.0
2011-12-18,0.83897,0.84025,0.83818,0.83981,16274.76
2011-12-19,0.83981,0.84163,0.83783,0.83865,144148.67
2011-12-20,0.83865,0.83888,0.83395,0.83515,152252.17
2011-12-21,0.83515,0.83756,0.83024,0.83198,156692.07
2011-12-22,0.83198,0.8347,0.83056,0.83258,136993.96
2011-12-23,0.83252,0.83717,0.83196,0.83655,95659.24
2011-12-24,0.83655,0.83655,0.83655,0.83655,0.0
2011-12-25,0.83655,0.83666,0.83472,0.83622,1801.24
2011-12-26,0.83601,0.83699,0.83441,0.83482,27785.59
2011-12-27,0.83477,0.83731,0.83335,0.83429,69331.34
2011-12-28,0.83429,0.83772,0.83315,0.83722,109849.17
2011-12-29,0.83722,0.84214,0.83489,0.84021,126084.35
2011-12-30,0.84021,0.84089,0.83259,0.83321,108369.01
2011-12-31,0.83321,0.83321,0.83321,0.83321,0.0
2012-01-01,0.83321,0.83542,0.83293,0.83426,3117.25
2012-01-02,0.83426,0.8359,0.83295,0.83358,33182.51
2012-01-03,0.83358,0.83718,0.83285,0.83433,148135.07
2012-01-04,0.8343,0.83472,0.82639,0.82838,145411.63
2012-01-05,0.82837,0.82883,0.82489,0.82526,150670.66
2012-01-06,0.82526,0.82653,0.82387,0.82433,138666.39
2012-01-07,0.82433,0.82433,0.82433,0.82433,0.0
2012-01-08,0.82433,0.82433,0.82212,0.82231,11643.91
2012-01-09,0.82231,0.8277,0.82231,0.8263,143871.21
2012-01-10,0.8263,0.82873,0.82408,0.8242,149193.46
2012-01-11,0.82419,0.82975,0.82398,0.82957,156027.43
2012-01-12,0.82957,0.83739,0.82922,0.83565,164050.38
2012-01-13,0.83565,0.83761,0.82647,0.82744,178773.78
2012-01-14,0.82744,0.82744,0.82744,0.82744,0.0
2012-01-15,0.82744,0.82744,0.82614,0.82649,15137.62
2012-01-16,0.82648,0.82834,0.82545,0.82663,122452.02
2012-01-17,0.82662,0.83211,0.82651,0.83092,148073.35
2012-01-18,0.83092,0.83536,0.83047,0.83377,167403.5
2012-01-19,0.83377,0.83753,0.83245,0.83711,162464.56
2012-01-20,0.83708,0.83779,0.83005,0.83005,142446.05
2012-01-21,0.83005,0.83005,0.83005,0.83005,0.0
2012-01-22,0.83005,0.83005,0.8274,0.8291,22013.19
2012-01-23,0.82907,0.83736,0.82871,0.836,145779.49
2012-01-24,0.836,0.83907,0.83119,0.83419,155635.78
2012-01-25,0.83419,0.83851,0.83095,0.83701,169814.74
2012-01-26,0.83701,0.83983,0.83482,0.83495,151783.2
2012-01-27,0.83495,0.84062,0.8337,0.84032,159604.19
2012-01-28,0.84032,0.84032,0.84032,0.84032,0.0
2012-01-29,0.84032,0.84076,0.8394,0.83999,12281.81
2012-01-30,0.83999,0.84005,0.83507,0.83646,164562.04
2012-01-31,0.83644,0.83841,0.828,0.82962,176121.54
2012-02-01,0.82962,0.8343,0.82813,0.83107,186324.28
2012-02-02,0.83107,0.83315,0.82753,0.83116,169337.76
2012-02-03,0.83117,0.83393,0.829,0.83183,161590.22
2012-02-04,0.83183,0.83183,0.83183,0.83183,0.0
2012-02-05,0.83183,0.83183,0.82878,0.83053,16982.41
2012-02-06,0.83054,0.8309,0.82641,0.8296,144672.57
2012-02-07,0.8296,0.83529,0.82826,0.83356,160014.47
2012-02-08,0.83356,0.83874,0.833,0.83793,161882.15
2012-02-09,0.83788,0.84018,0.83356,0.83955,152389.64
2012-02-10,0.83952,0.84061,0.83503,0.8374,141101.09
2012-02-11,0.8374,0.8374,0.8374,0.8374,0.0
2012-02-12,0.8374,0.83924,0.83652,0.83916,20440.93
2012-02-13,0.83916,0.84018,0.83596,0.8366,137737.56
2012-02-14,0.83661,0.8399,0.83558,0.83666,150268.94
2012-02-15,0.83666,0.84011,0.8316,0.83231,162078.83
2012-02-16,0.83231,0.83236,0.82768,0.8305,157572.99
2012-02-17,0.83049,0.83366,0.82879,0.8302,121897.58
2012-02-18,0.8302,0.8302,0.8302,0.8302,0.0
2012-02-19,0.8302,0.83383,0.8302,0.83342,18761.39
2012-02-20,0.83341,0.83668,0.8315,0.83435,100065.8
2012-02-21,0.83435,0.84022,0.83398,0.83894,149515.87
2012-02-22,0.83894,0.84595,0.8378,0.84585,138448.99
2012-02-23,0.84585,0.84986,0.8453,0.84945,131150.83
2012-02-24,0.84945,0.85054,0.84643,0.8467,127885.56
2012-02-25,0.8467,0.8467,0.8467,0.8467,0.0
2012-02-26,0.8467,0.8479,0.84645,0.84779,17147.15
2012-02-27,0.84776,0.8486,0.844,0.84686,140516.43
2012-02-28,0.84686,0.84895,0.84609,0.84649,142290.17
2012-02-29,0.84649,0.84668,0.8365,0.83689,160466.82
2012-03-01,0.83689,0.83828,0.83347,0.835,138763.41
2012-03-02,0.835,0.83504,0.83134,0.83329,131323.27
2012-03-03,0.83329,0.83329,0.83329,0.83329,0.0
2012-03-04,0.83329,0.83358,0.83187,0.83283,15206.87
2012-03-05,0.83282,0.83528,0.83253,0.83295,121240.47
2012-03-06,0.83295,0.83503,0.83186,0.83453,133330.95
2012-03-07,0.83455,0.83624,0.83389,0.83532,117061.47
2012-03-08,0.83532,0.83983,0.83426,0.83877,127076.82
2012-03-09,0.83874,0.83937,0.83457,0.83711,124533.13
2012-03-10,0.83711,0.83711,0.83711,0.83711,0.0
2012-03-11,0.83711,0.83754,0.83585,0.8375,9523.56
2012-03-12,0.8375,0.84164,0.83511,0.84142,119043.56
2012-03-13,0.84137,0.84232,0.83235,0.83281,130615.06
2012-03-14,0.83281,0.8334,0.82946,0.83186,126732.73
2012-03-15,0.83186,0.83502,0.83124,0.83277,126041.62
2012-03-16,0.83277,0.83311,0.8293,0.83141,112222.45
2012-03-17,0.83141,0.83141,0.83141,0.83141,0.0
2012-03-18,0.83141,0.83265,0.83123,0.83204,13257.44
2012-03-19,0.83205,0.83429,0.82831,0.83269,107411.68
2012-03-20,0.83268,0.83542,0.8315,0.83443,110113.99
2012-03-21,0.83443,0.83711,0.83214,0.83258,126400.9
2012-03-22,0.83258,0.83479,0.82989,0.83445,146921.34
2012-03-23,0.83445,0.83655,0.83352,0.836,129851.35
2012-03-24,0.836,0.836,0.836,0.836,0.0
2012-03-25,0.836,0.83663,0.83529,0.83654,11072.04
2012-03-26,0.83647,0.83706,0.83357,0.83682,131926.94
2012-03-27,0.83683,0.83707,0.83344,0.83545,130602.56
2012-03-28,0.83545,0.83948,0.83485,0.83849,144313.5
2012-03-29,0.83849,0.83851,0.83326,0.83429,136383.72
2012-03-30,0.83429,0.83597,0.83241,0.83275,133909.8
2012-03-31,0.83275,0.83275,0.83275,0.83275,0.0
2012-04-01,0.83275,0.83498,0.83275,0.83415,8971.92
2012-04-02,0.83417,0.83483,0.82938,0.83119,128056.8
2012-04-03,0.8312,0.83575,0.8312,0.83134,134021.41
2012-04-04,0.83134,0.83252,0.82614,0.82643,145852.04
2012-04-05,0.82643,0.82791,0.82371,0.82517,116218.18
2012-04-06,0.82517,0.82567,0.82347,0.82447,55590.3
2012-04-07,0.82447,0.82447,0.82447,0.82447,0.0
2012-04-08,0.82505,0.82508,0.8232,0.82415,9329.47
2012-04-09,0.82413,0.82562,0.82293,0.82407,76367.88
2012-04-10,0.82407,0.82765,0.82337,0.82458,160633.99
2012-04-11,0.82454,0.82641,0.82331,0.8238,141012.35
2012-04-12,0.8238,0.82693,0.82262,0.82642,137379.29
2012-04-13,0.82641,0.82675,0.82286,0.82495,129855.66
2012-04-14,0.82495,0.82495,0.82495,0.82495,0.0
2012-04-15,0.82495,0.82518,0.82343,0.82352,12281.02
2012-04-16,0.82355,0.82684,0.82097,0.82575,159059.44
2012-04-17,0.82572,0.82612,0.823,0.82395,133553.75
2012-04-18,0.82395,0.82438,0.81736,0.81875,144259.22
2012-04-19,0.81874,0.81934,0.81616,0.81837,145476.32
2012-04-20,0.81837,0.82038,0.81644,0.81955,129279.23
2012-04-21,0.81955,0.81955,0.81955,0.81955,0.0
2012-04-22,0.81955,0.81978,0.81736,0.81868,8403.45
2012-04-23,0.81868,0.81894,0.81481,0.81578,129852.86
2012-04-24,0.81578,0.81866,0.81439,0.81732,124595.43
2012-04-25,0.81736,0.82213,0.81637,0.81776,141140.95
2012-04-26,0.81776,0.81852,0.81468,0.81532,141219.22
2012-04-27,0.81533,0.81688,0.81335,0.81468,136840.89
2012-04-28,0.81468,0.81468,0.81468,0.81468,0.0
2012-04-29,0.81468,0.81486,0.81296,0.81322,8683.44
2012-04-30,0.81322,0.81592,0.81221,0.81562,126826.79
2012-05-01,0.81563,0.81976,0.81483,0.81604,100167.92
2012-05-02,0.81603,0.81603,0.81119,0.81189,129369.03
2012-05-03,0.81188,0.8143,0.81025,0.8124,120419.39
2012-05-04,0.8124,0.81383,0.80947,0.80983,116796.75
2012-05-05,0.80983,0.80983,0.80983,0.80983,0.0
2012-05-06,0.80983,0.80983,0.80346,0.80404,18522.31
2012-05-07,0.80404,0.80789,0.80403,0.80659,125141.83
2012-05-08,0.80656,0.80726,0.80419,0.80469,144672.72
2012-05-09,0.80467,0.80604,0.80019,0.80155,163901.45
2012-05-10,0.80154,0.80452,0.80007,0.80155,142760.38
2012-05-11,0.80155,0.80486,0.79954,0.80366,142014.06
2012-05-12,0.80366,0.80366,0.80366,0.80366,0.0
2012-05-13,0.80366,0.80366,0.80146,0.80232,10828.56
2012-05-14,0.80232,0.80272,0.79629,0.79694,119620.95
2012-05-15,0.79697,0.80138,0.79525,0.79665,127795.49
2012-05-16,0.79665,0.80072,0.795,0.79961,150864.54
2012-05-17,0.79961,0.80454,0.79941,0.80436,140821.26
2012-05-18,0.80436,0.80814,0.80247,0.80751,137656.59
2012-05-19,0.80751,0.80751,0.80751,0.80751,0.0
2012-05-20,0.80751,0.80815,0.80553,0.80764,11243.23
2012-05-21,0.80764,0.80982,0.8062,0.80937,129577.26
2012-05-22,0.80939,0.81015,0.80318,0.80347,133138.97
2012-05-23,0.80347,0.80613,0.79972,0.80102,160609.38
2012-05-24,0.80103,0.80271,0.79958,0.80053,146716.3
2012-05-25,0.80054,0.80452,0.79796,0.79861,120796.91
2012-05-26,0.79861,0.79861,0.79861,0.79861,0.0
2012-05-27,0.79861,0.80171,0.79861,0.8014,11735.32
2012-05-28,0.8014,0.80367,0.79831,0.79923,88230.01
2012-05-29,0.79923,0.80054,0.79804,0.79814,124752.0
2012-05-30,0.79816,0.79996,0.7971,0.79919,141997.59
2012-05-31,0.79917,0.8035,0.79906,0.80284,142759.75
2012-06-01,0.80286,0.80945,0.80168,0.80916,150284.56
2012-06-02,0.80916,0.80916,0.80916,0.80916,0.0
2012-06-03,0.80916,0.80937,0.80719,0.80773,12963.09
2012-06-04,0.80774,0.81361,0.80666,0.81355,101130.22
2012-06-05,0.81355,0.81403,0.80881,0.81001,116915.3
2012-06-06,0.81,0.81243,0.80502,0.81225,138609.53
2012-06-07,0.81228,0.81311,0.80648,0.80959,149306.48
2012-06-08,0.80959,0.80972,0.80705,0.80883,135938.21
2012-06-09,0.80883,0.80883,0.80883,0.80883,0.0
2012-06-10,0.80883,0.81573,0.80883,0.81388,13370.63
2012-06-11,0.81387,0.81389,0.80514,0.80579,138242.85
2012-06-12,0.80579,0.80792,0.80114,0.80306,142441.21
2012-06-13,0.80306,0.81061,0.80228,0.81014,135206.84
2012-06-14,0.81013,0.81218,0.80835,0.81181,139720.97
2012-06-15,0.81181,0.81527,0.80386,0.8039,127453.06
2012-06-16,0.8039,0.8039,0.8039,0.8039,0.0
2012-06-17,0.8039,0.81094,0.8039,0.80839,16150.07
2012-06-18,0.80839,0.80996,0.8022,0.80304,146490.3
2012-06-19,0.80304,0.80791,0.8026,0.80662,137723.66
2012-06-20,0.80663,0.80984,0.80563,0.80732,144511.65
2012-06-21,0.80734,0.80908,0.80397,0.8045,148472.06
2012-06-22,0.80451,0.80668,0.8023,0.80602,125471.56
2012-06-23,0.80602,0.80602,0.80602,0.80602,0.0
2012-06-24,0.80602,0.80725,0.80422,0.80457,10677.63
2012-06-25,0.80458,0.8047,0.80193,0.80319,111223.35
2012-06-26,0.80319,0.80382,0.79841,0.79857,131195.51
2012-06-27,0.79857,0.80152,0.79854,0.80085,114851.05
2012-06-28,0.80087,0.80289,0.79855,0.80171,125527.08
2012-06-29,0.80171,0.8094,0.80093,0.80629,152582.21
2012-06-30,0.80629,0.80629,0.80629,0.80629,0.0
2012-07-01,0.80663,0.80771,0.80587,0.80708,14319.12
2012-07-02,0.80704,0.8077,0.80061,0.80166,123067.17
2012-07-03,0.80167,0.80437,0.80117,0.80338,109865.31
2012-07-04,0.80337,0.80533,0.80253,0.80313,101862.5
2012-07-05,0.80313,0.80417,0.79645,0.79795,138283.68
2012-07-06,0.79796,0.79814,0.79252,0.79312,134604.74
2012-07-07,0.79312,0.79312,0.79312,0.79312,0.0
2012-07-08,0.79312,0.79314,0.79031,0.79263,12652.72
2012-07-09,0.79263,0.79479,0.79149,0.79318,122215.5
2012-07-10,0.79322,0.79337,0.78919,0.78976,136237.59
2012-07-11,0.78976,0.79038,0.78706,0.78949,127670.28
2012-07-12,0.78949,0.7913,0.78811,0.79023,135766.06
2012-07-13,0.79023,0.79108,0.78563,0.78623,123720.12
2012-07-14,0.78623,0.78623,0.78623,0.78623,0.0
2012-07-15,0.78623,0.78771,0.78581,0.78596,11161.84
2012-07-16,0.78595,0.78683,0.78313,0.78495,118629.42
2012-07-17,0.78495,0.78751,0.78312,0.78488,141611.63
2012-07-18,0.78489,0.78685,0.78294,0.78458,134472.1
2012-07-19,0.78461,0.78539,0.77912,0.78103,140563.35
2012-07-20,0.78103,0.78198,0.77708,0.77795,117204.58
2012-07-21,0.77795,0.77795,0.77795,0.77795,0.0
2012-07-22,0.77795,0.77795,0.77517,0.77692,13861.5
2012-07-23,0.77692,0.78242,0.7764,0.7813,131137.29
2012-07-24,0.7813,0.78199,0.77682,0.77818,130006.4
2012-07-25,0.7782,0.78535,0.77778,0.78385,140582.64
2012-07-26,0.78387,0.78594,0.78149,0.78281,146004.8
2012-07-27,0.78282,0.78728,0.77994,0.78211,143867.53
2012-07-28,0.78211,0.78211,0.78211,0.78211,0.0
2012-07-29,0.78211,0.78258,0.78081,0.78228,5412.1
2012-07-30,0.78228,0.78276,0.77902,0.78022,114400.88
2012-07-31,0.78022,0.78646,0.77994,0.78451,114621.2
2012-08-01,0.78449,0.78936,0.78414,0.78743,122048.64
2012-08-02,0.7874,0.79108,0.7824,0.78502,141436.04
2012-08-03,0.78502,0.79233,0.78428,0.79172,127205.57
2012-08-04,0.79172,0.79172,0.79172,0.79172,0.0
2012-08-05,0.79172,0.79441,0.79093,0.79385,11617.24
2012-08-06,0.79388,0.79625,0.79165,0.79468,109326.88
2012-08-07,0.79471,0.79586,0.79238,0.79324,109207.23
2012-08-08,0.79323,0.79471,0.78798,0.78961,107047.48
2012-08-09,0.78961,0.79008,0.7856,0.78648,96085.91
2012-08-10,0.78648,0.78767,0.78277,0.78299,85820.73
2012-08-11,0.78299,0.78299,0.78299,0.78299,0.0
2012-08-12,0.78299,0.78445,0.78294,0.78348,6935.8
2012-08-13,0.78346,0.78735,0.78275,0.78626,82220.23
2012-08-14,0.78625,0.7884,0.78546,0.78622,101138.64
2012-08-15,0.78622,0.78785,0.7824,0.78371,95063.09
2012-08-16,0.78371,0.78592,0.78122,0.78525,102084.27
2012-08-17,0.78524,0.78769,0.78359,0.78537,99161.83
2012-08-18,0.78537,0.78537,0.78537,0.78537,0.0
2012-08-19,0.78537,0.78652,0.78505,0.78601,7019.23
2012-08-20,0.78601,0.78709,0.78328,0.78613,96684.52
2012-08-21,0.78614,0.7908,0.78548,0.79073,119335.2
2012-08-22,0.79073,0.79091,0.78763,0.78907,129761.28
2012-08-23,0.78906,0.79236,0.78832,0.79201,134772.53
2012-08-24,0.79203,0.79329,0.78891,0.79119,119110.24
2012-08-25,0.79119,0.79119,0.79119,0.79119,0.0
2012-08-26,0.79119,0.79177,0.79055,0.79137,9048.83
2012-08-27,0.79137,0.79278,0.79009,0.79165,82492.5
2012-08-28,0.79165,0.79544,0.7906,0.79424,120572.61
2012-08-29,0.79424,0.79461,0.79053,0.79167,102847.08
2012-08-30,0.79169,0.79353,0.79019,0.79231,108189.11
2012-08-31,0.79231,0.79559,0.79158,0.79268,126209.97
2012-09-01,0.79268,0.79268,0.79268,0.79268,0.0
2012-09-02,0.79268,0.79268,0.79038,0.79242,10043.6
2012-09-03,0.79242,0.79335,0.79071,0.79251,87593.86
2012-09-04,0.7925,0.79423,0.78993,0.78998,115355.38
2012-09-05,0.78998,0.79293,0.78869,0.79225,133159.89
2012-09-06,0.79229,0.79462,0.79063,0.79274,131585.79
2012-09-07,0.79274,0.80066,0.79269,0.80041,127996.95
2012-09-08,0.80041,0.80041,0.80041,0.80041,0.0
2012-09-09,0.80041,0.80041,0.79907,0.79932,5387.0
2012-09-10,0.79932,0.80105,0.79763,0.79795,109437.84
2012-09-11,0.79797,0.80059,0.79667,0.79953,133091.84
2012-09-12,0.79953,0.80279,0.7969,0.80103,132934.63
2012-09-13,0.80103,0.80458,0.79876,0.80434,125725.86
2012-09-14,0.80432,0.81143,0.80371,0.80945,137361.69
2012-09-15,0.80945,0.80945,0.80945,0.80945,0.0
2012-09-16,0.80945,0.80945,0.80779,0.80827,8406.07
2012-09-17,0.80827,0.81012,0.80606,0.80706,117313.3
2012-09-18,0.80706,0.80717,0.8021,0.80312,117635.29
2012-09-19,0.80312,0.80581,0.80164,0.80437,124462.85
2012-09-20,0.80437,0.80454,0.79871,0.79973,133642.75
2012-09-21,0.79974,0.80078,0.79745,0.79935,120963.82
2012-09-22,0.79935,0.79935,0.79935,0.79935,0.0
2012-09-23,0.79935,0.79944,0.79834,0.79886,9606.11
2012-09-24,0.79886,0.79961,0.79541,0.7975,104207.72
2012-09-25,0.79751,0.79853,0.7936,0.79657,117812.3
2012-09-26,0.79658,0.79696,0.794,0.79618,112293.06
2012-09-27,0.79618,0.79641,0.79228,0.79545,125373.71
2012-09-28,0.79546,0.79941,0.79476,0.79538,141649.24
2012-09-29,0.79538,0.79538,0.79538,0.79538,0.0
2012-09-30,0.79538,0.79593,0.79418,0.79438,11103.01
2012-10-01,0.79438,0.80034,0.7943,0.79896,124830.02
2012-10-02,0.79896,0.80172,0.79781,0.80045,117361.0
2012-10-03,0.80045,0.80323,0.79951,0.80256,120655.55
2012-10-04,0.80256,0.80509,0.80217,0.80399,122977.97
2012-10-05,0.80402,0.80798,0.80301,0.80776,121448.34
2012-10-06,0.80776,0.80776,0.80776,0.80776,0.0
2012-10-07,0.80776,0.80776,0.80639,0.80655,10580.91
2012-10-08,0.80655,0.80952,0.80579,0.80929,102933.96
2012-10-09,0.80928,0.80988,0.8036,0.8039,127554.34
2012-10-10,0.80389,0.80617,0.80235,0.80341,120406.59
2012-10-11,0.8034,0.80709,0.80225,0.80594,115322.59
2012-10-12,0.80594,0.80871,0.8051,0.80583,107045.24
2012-10-13,0.80583,0.80583,0.80583,0.80583,0.0
2012-10-14,0.80583,0.80619,0.80473,0.80545,8602.37
2012-10-15,0.80545,0.80772,0.80397,0.80636,126400.37
2012-10-16,0.80636,0.81366,0.80615,0.8126,130839.63
2012-10-17,0.81259,0.81295,0.81077,0.81257,129467.88
2012-10-18,0.81257,0.81461,0.81095,0.81389,129952.8
2012-10-19,0.81386,0.81463,0.81213,0.81348,112575.33
2012-10-20,0.81348,0.81348,0.81348,0.81348,0.0
2012-10-21,0.81348,0.81414,0.81255,0.81393,9374.83
2012-10-22,0.81393,0.81641,0.81226,0.81578,116763.49
2012-10-23,0.81578,0.81585,0.81243,0.81341,128508.55
2012-10-24,0.8134,0.81471,0.8077,0.8087,133215.85
2012-10-25,0.8087,0.80979,0.80188,0.80269,134635.54
2012-10-26,0.80269,0.80407,0.80016,0.80337,131859.53
2012-10-27,0.80337,0.80337,0.80337,0.80337,0.0
2012-10-28,0.80337,0.8042,0.80266,0.80323,12249.06
2012-10-29,0.80322,0.80555,0.80229,0.80509,92510.3
2012-10-30,0.80507,0.8072,0.80398,0.80631,99020.42
2012-10-31,0.80632,0.8075,0.80288,0.80353,123507.14
2012-11-01,0.80353,0.80407,0.80031,0.80241,112866.41
2012-11-02,0.80242,0.80281,0.7996,0.80068,134731.83
2012-11-03,0.80068,0.80068,0.80068,0.80068,0.0
2012-11-04,0.80068,0.80101,0.79988,0.80041,9961.87
2012-11-05,0.80041,0.80117,0.79855,0.80069,117694.17
2012-11-06,0.8007,0.80202,0.79834,0.80085,122156.36
2012-11-07,0.80085,0.80304,0.79711,0.79836,166389.52
2012-11-08,0.79836,0.79943,0.79603,0.7975,137747.96
2012-11-09,0.7975,0.7998,0.79667,0.79921,146495.94
2012-11-10,0.79921,0.79921,0.79921,0.79921,0.0
2012-11-11,0.79921,0.80071,0.79864,0.80036,15567.49
2012-11-12,0.80036,0.80199,0.7988,0.80037,75080.69
2012-11-13,0.80037,0.80075,0.79697,0.80053,126671.96
2012-11-14,0.80053,0.80489,0.80003,0.80362,124965.64
2012-11-15,0.80364,0.80643,0.80297,0.80553,121844.47
2012-11-16,0.80553,0.80577,0.80093,0.80226,112929.34
2012-11-17,0.80226,0.80226,0.80226,0.80226,0.0
2012-11-18,0.80226,0.80254,0.80077,0.80247,17125.94
2012-11-19,0.80247,0.80555,0.80138,0.80323,110122.13
2012-11-20,0.80323,0.80523,0.80314,0.80456,105042.25
2012-11-21,0.80458,0.80575,0.80054,0.80555,108609.71
2012-11-22,0.80555,0.80849,0.80426,0.80778,83605.86
2012-11-23,0.80778,0.81082,0.80741,0.80886,86553.76
2012-11-24,0.80886,0.80886,0.80886,0.80886,0.0
2012-11-25,0.80886,0.80965,0.80815,0.8092,21784.27
2012-11-26,0.80918,0.81129,0.80806,0.81006,93885.45
2012-11-27,0.81007,0.81094,0.80594,0.80755,110181.99
2012-11-28,0.80755,0.80902,0.80617,0.80864,112191.59
2012-11-29,0.80865,0.81125,0.80808,0.80878,102641.22
2012-11-30,0.80876,0.8132,0.80867,0.81082,109337.67
2012-12-01,0.81082,0.81082,0.81082,0.81082,0.0
2012-12-02,0.81153,0.81154,0.80985,0.81103,12724.38
2012-12-03,0.811,0.81306,0.81066,0.81147,104038.46
2012-12-04,0.81147,0.81383,0.80999,0.81359,93990.04
2012-12-05,0.81357,0.81469,0.8111,0.81234,107517.15
2012-12-06,0.81234,0.81247,0.8065,0.80759,110985.0
2012-12-07,0.80759,0.80808,0.80449,0.80568,101502.36
2012-12-08,0.80568,0.80568,0.80568,0.80568,0.0
2012-12-09,0.80568,0.80568,0.80305,0.80482,14263.31
2012-12-10,0.80482,0.80579,0.8035,0.80485,83189.79
2012-12-11,0.80485,0.80768,0.8043,0.8072,93307.97
2012-12-12,0.80719,0.81,0.80618,0.80967,97969.65
2012-12-13,0.80967,0.81198,0.8089,0.81149,96356.04
2012-12-14,0.81149,0.81446,0.80974,0.81352,95796.0
2012-12-15,0.81352,0.81352,0.81352,0.81352,0.0
2012-12-16,0.81352,0.8153,0.8134,0.81393,15720.54
2012-12-17,0.81395,0.81459,0.8112,0.8122,84744.0
2012-12-18,0.81218,0.81445,0.81175,0.814,89570.01
2012-12-19,0.81398,0.8168,0.8116,0.81298,105048.78
2012-12-20,0.81297,0.81611,0.81255,0.81339,98346.47
2012-12-21,0.81339,0.81545,0.81144,0.81501,121947.6
2012-12-22,0.81501,0.81501,0.81501,0.81501,0.0
2012-12-23,0.81501,0.81604,0.81426,0.81592,10973.89
2012-12-24,0.81593,0.81843,0.81485,0.81698,69746.2
2012-12-25,0.81698,0.81873,0.8164,0.81676,17847.22
2012-12-26,0.81677,0.82081,0.81653,0.82029,67582.43
2012-12-27,0.82031,0.82241,0.81844,0.82203,96840.32
2012-12-28,0.82205,0.82246,0.81665,0.81744,85396.24
2012-12-29,0.81744,0.81744,0.81744,0.81744,0.0
2012-12-30,0.81744,0.8184,0.81613,0.8183,6711.7
2012-12-31,0.81831,0.81861,0.81032,0.81289,89215.6
2013-01-01,0.81153,0.81293,0.81153,0.81235,3930.13
2013-01-02,0.81235,0.81503,0.81061,0.81117,126203.31
2013-01-03,0.81118,0.81202,0.80851,0.81007,113487.65
2013-01-04,0.81008,0.8143,0.80965,0.81273,113537.23
2013-01-05,0.81273,0.81273,0.81273,0.81273,0.0
2013-01-06,0.81273,0.8137,0.81273,0.81326,3478.45
2013-01-07,0.81324,0.81493,0.81046,0.81396,104446.5
2013-01-08,0.81395,0.81609,0.81365,0.81453,108025.24
2013-01-09,0.81455,0.81621,0.81336,0.81504,106102.67
2013-01-10,0.81503,0.82136,0.81438,0.82103,120128.66
2013-01-11,0.82103,0.82868,0.8204,0.82698,109965.17
2013-01-12,0.82698,0.82698,0.82698,0.82698,0.0
2013-01-13,0.82698,0.82869,0.82698,0.82844,8828.37
2013-01-14,0.82844,0.83251,0.828,0.83203,118259.22
2013-01-15,0.83203,0.83243,0.82656,0.82791,135120.11
2013-01-16,0.82791,0.83182,0.82654,0.83053,130767.3
2013-01-17,0.83053,0.83697,0.82996,0.83689,144070.81
2013-01-18,0.8369,0.83962,0.83549,0.83938,132933.02
2013-01-19,0.83938,0.83938,0.83938,0.83938,0.0
2013-01-20,0.83938,0.84053,0.83938,0.83988,5324.04
2013-01-21,0.83988,0.84203,0.83775,0.84044,88176.43
2013-01-22,0.84046,0.84402,0.83639,0.84064,137799.65
2013-01-23,0.84064,0.84199,0.83786,0.84056,119533.45
2013-01-24,0.84056,0.84806,0.83906,0.84702,124129.66
2013-01-25,0.84701,0.85363,0.84624,0.85184,140412.01
2013-01-26,0.85184,0.85184,0.85184,0.85184,0.0
2013-01-27,0.85184,0.85428,0.85184,0.85352,5566.57
2013-01-28,0.85352,0.85861,0.85296,0.85661,105494.46
2013-01-29,0.85663,0.85695,0.85276,0.85658,118274.11
2013-01-30,0.85659,0.86013,0.85589,0.85885,126547.99
2013-01-31,0.85885,0.8591,0.85536,0.85766,127357.78
2013-02-01,0.85766,0.87,0.8571,0.86897,125982.51
2013-02-02,0.86897,0.86897,0.86897,0.86897,0.0
2013-02-03,0.86897,0.87018,0.86864,0.86896,4473.92
2013-02-04,0.86895,0.86931,0.85678,0.85736,108900.65
2013-02-05,0.85735,0.86869,0.85537,0.86705,138975.03
2013-02-06,0.86704,0.86808,0.86151,0.86324,131999.36
2013-02-07,0.86324,0.86617,0.85157,0.85204,157948.02
2013-02-08,0.85202,0.85331,0.84462,0.8456,125290.13
2013-02-09,0.8456,0.8456,0.8456,0.8456,0.0
2013-02-10,0.8456,0.84685,0.84558,0.84592,5692.36
2013-02-11,0.84592,0.85734,0.84569,0.85598,110211.28
2013-02-12,0.85599,0.86305,0.854,0.85809,132841.16
2013-02-13,0.85808,0.86835,0.85708,0.86555,128356.83
2013-02-14,0.86555,0.86663,0.85841,0.86207,125710.49
2013-02-15,0.86207,0.86326,0.85738,0.86083,129687.65
2013-02-16,0.86083,0.86083,0.86083,0.86083,0.0
2013-02-17,0.86083,0.86245,0.86063,0.8618,4643.91
2013-02-18,0.86176,0.8648,0.8603,0.86241,85002.9
2013-02-19,0.86241,0.86842,0.86,0.86824,111170.34
2013-02-20,0.86819,0.87641,0.86813,0.87162,144145.27
2013-02-21,0.87162,0.87579,0.86294,0.86439,155958.87
2013-02-22,0.8644,0.86984,0.8604,0.86984,128548.22
2013-02-23,0.86984,0.86984,0.86984,0.86984,0.0
2013-02-24,0.86984,0.87663,0.86984,0.87384,9350.13
2013-02-25,0.8738,0.88148,0.86014,0.86155,192152.13
2013-02-26,0.86158,0.86474,0.85758,0.86362,185627.51
2013-02-27,0.86362,0.86785,0.86223,0.86733,174417.46
2013-02-28,0.86733,0.86746,0.8601,0.86124,153008.67
2013-03-01,0.86124,0.86844,0.86086,0.86589,164889.48
2013-03-02,0.86589,0.86589,0.86589,0.86589,0.0
2013-03-03,0.86589,0.86643,0.86473,0.86578,5377.83
2013-03-04,0.86578,0.86634,0.8609,0.86153,125478.65
2013-03-05,0.86153,0.86347,0.85875,0.86192,126163.58
2013-03-06,0.86194,0.86682,0.86194,0.86541,125960.85
2013-03-07,0.86541,0.87324,0.86361,0.87227,156974.06
2013-03-08,0.87228,0.87423,0.86758,0.87093,144802.6
2013-03-09,0.87093,0.87093,0.87093,0.87093,0.0
2013-03-10,0.87093,0.87175,0.8699,0.87113,6613.44
2013-03-11,0.87112,0.87483,0.87028,0.87426,110411.93
2013-03-12,0.8743,0.87934,0.87182,0.87418,124192.13
2013-03-13,0.87418,0.87454,0.8663,0.86826,122706.93
2013-03-14,0.86822,0.86845,0.86114,0.86223,142734.12
2013-03-15,0.86224,0.86585,0.8602,0.86492,123513.84
2013-03-16,0.86492,0.86492,0.86492,0.86492,0.0
2013-03-17,0.86492,0.86492,0.85291,0.85347,15705.85
2013-03-18,0.85346,0.85909,0.85316,0.85739,148152.08
2013-03-19,0.85739,0.85861,0.85051,0.85212,162901.15
2013-03-20,0.85211,0.86008,0.85186,0.85718,174476.83
2013-03-21,0.85718,0.85727,0.8489,0.84995,163989.1
2013-03-22,0.84995,0.85452,0.84841,0.85273,144284.1
2013-03-23,0.85273,0.85273,0.85273,0.85273,0.0
2013-03-24,0.85273,0.85538,0.84937,0.85414,12161.9
2013-03-25,0.85411,0.85608,0.84576,0.84704,162461.77
2013-03-26,0.84703,0.84978,0.84592,0.84821,135981.36
2013-03-27,0.84821,0.84851,0.84361,0.84443,151824.4
2013-03-28,0.84443,0.84757,0.8415,0.84291,159560.19
2013-03-29,0.84292,0.84428,0.8424,0.84269,81488.25
2013-03-30,0.84269,0.84269,0.84269,0.84269,0.0
2013-03-31,0.84269,0.84305,0.84231,0.84264,4299.01
2013-04-01,0.84262,0.84452,0.84102,0.84404,81773.52
2013-04-02,0.84404,0.84935,0.8425,0.84841,146740.66
2013-04-03,0.84841,0.84942,0.84683,0.84871,141417.36
2013-04-04,0.84871,0.85209,0.84349,0.849,186236.83
2013-04-05,0.84899,0.85151,0.84685,0.84685,165806.21
2013-04-06,0.84685,0.84685,0.84685,0.84685,0.0
2013-04-07,0.84685,0.84798,0.84631,0.84632,8944.25
2013-04-08,0.8463,0.85376,0.84626,0.85361,148132.97
2013-04-09,0.8536,0.85592,0.85068,0.85368,162612.05
2013-04-10,0.85367,0.856,0.85169,0.85172,140066.82
2013-04-11,0.85172,0.85351,0.8504,0.85198,155988.52
2013-04-12,0.85198,0.85482,0.84895,0.85428,142323.96
2013-04-13,0.85428,0.85428,0.85428,0.85428,0.0
2013-04-14,0.85428,0.85481,0.85298,0.85298,7946.17
2013-04-15,0.85298,0.8549,0.85143,0.85329,177148.41
2013-04-16,0.85329,0.86013,0.85224,0.85798,181486.08
2013-04-17,0.85799,0.86364,0.8533,0.85484,189950.36
2013-04-18,0.85484,0.85735,0.85291,0.85398,168401.54
2013-04-19,0.85394,0.85821,0.85031,0.85668,146952.53
2013-04-20,0.85668,0.85668,0.85668,0.85668,0.0
2013-04-21,0.85668,0.85855,0.85668,0.85758,66092.85
2013-04-22,0.85759,0.85897,0.8536,0.85362,196660.43
2013-04-23,0.85362,0.85683,0.85101,0.85327,157711.57
2013-04-24,0.85327,0.85375,0.84968,0.85187,138387.27
2013-04-25,0.85188,0.85324,0.84095,0.84249,181142.35
2013-04-26,0.84249,0.84473,0.83974,0.84172,158494.95
2013-04-27,0.84172,0.84172,0.84172,0.84172,0.0
2013-04-28,0.84172,0.84378,0.84168,0.84179,6628.16
2013-04-29,0.84181,0.84574,0.8404,0.84529,138978.77
2013-04-30,0.84527,0.84847,0.84246,0.84748,158578.01
2013-05-01,0.84748,0.84971,0.84598,0.84637,128068.74
2013-05-02,0.84637,0.84816,0.84041,0.84108,154898.99
2013-05-03,0.84108,0.84494,0.84061,0.84185,136596.04
2013-05-04,0.84185,0.84185,0.84185,0.84185,0.0
2013-05-05,0.84185,0.84279,0.8418,0.84234,6290.51
2013-05-06,0.84234,0.84374,0.84,0.8413,93915.51
2013-05-07,0.84129,0.84664,0.84087,0.84478,127792.54
2013-05-08,0.84476,0.84884,0.84464,0.84676,144123.58
2013-05-09,0.84677,0.84733,0.84303,0.84374,161667.97
2013-05-10,0.84375,0.84604,0.84305,0.84529,162492.6
2013-05-11,0.84529,0.84529,0.84529,0.84529,0.0
2013-05-12,0.84529,0.84531,0.84419,0.84502,9100.21
2013-05-13,0.84502,0.84926,0.84313,0.8484,158773.77
2013-05-14,0.8484,0.8516,0.84735,0.84954,177128.99
2013-05-15,0.84954,0.84963,0.84351,0.84533,181767.27
2013-05-16,0.84531,0.84638,0.84202,0.84324,170554.15
2013-05-17,0.84324,0.84624,0.84296,0.84624,146305.42
2013-05-18,0.84624,0.84624,0.84624,0.84624,0.0
2013-05-19,0.84624,0.84624,0.84459,0.84546,7731.88
2013-05-20,0.84544,0.84696,0.84397,0.84456,142615.23
2013-05-21,0.84455,0.85232,0.84445,0.85214,164685.69
2013-05-22,0.85213,0.85896,0.85181,0.8541,197546.1
2013-05-23,0.8541,0.85702,0.85316,0.85615,202671.44
2013-05-24,0.85616,0.85969,0.8535,0.85469,157726.27
2013-05-25,0.85469,0.85469,0.85469,0.85469,0.0
2013-05-26,0.85469,0.85527,0.85394,0.85496,6470.67
2013-05-27,0.85496,0.85721,0.85346,0.85602,75988.9
2013-05-28,0.85601,0.85618,0.8542,0.85483,164452.01
2013-05-29,0.85483,0.85944,0.85399,0.85561,173824.32
2013-05-30,0.85562,0.85981,0.85449,0.85641,173947.51
2013-05-31,0.85642,0.85777,0.8528,0.85464,172010.29
2013-06-01,0.85464,0.85464,0.85464,0.85464,0.0
2013-06-02,0.85464,0.85498,0.85405,0.85445,6428.09
2013-06-03,0.85446,0.85524,0.85021,0.85303,164269.6
2013-06-04,0.85302,0.85582,0.85212,0.85419,157694.51
2013-06-05,0.85419,0.85477,0.84913,0.84982,173796.08
2013-06-06,0.84981,0.85203,0.84759,0.84879,187046.94
2013-06-07,0.84879,0.85266,0.8482,0.84918,182931.88
2013-06-08,0.84918,0.84918,0.84918,0.84918,0.0
2013-06-09,0.84918,0.85063,0.84848,0.85032,8154.95
2013-06-10,0.85032,0.85172,0.84897,0.8513,154054.55
2013-06-11,0.8513,0.85508,0.85004,0.8509,186067.44
2013-06-12,0.85089,0.85133,0.8468,0.85083,157321.82
2013-06-13,0.85083,0.85413,0.84757,0.85053,171508.3
2013-06-14,0.85056,0.85344,0.84888,0.84933,131270.92
2013-06-15,0.84933,0.84933,0.84933,0.84933,0.0
2013-06-16,0.84933,0.8495,0.84834,0.8489,6436.8
2013-06-17,0.84883,0.85072,0.8475,0.85012,119049.29
2013-06-18,0.85011,0.85843,0.84988,0.85674,143000.26
2013-06-19,0.85674,0.85896,0.85429,0.85828,148847.26
2013-06-20,0.85826,0.85904,0.85169,0.85263,201575.2
2013-06-21,0.85264,0.85514,0.8504,0.8504,162488.5
2013-06-22,0.8504,0.8504,0.8504,0.8504,0.0
2013-06-23,0.8504,0.85196,0.8504,0.85172,9319.95
2013-06-24,0.8517,0.85418,0.84823,0.84989,171790.93
2013-06-25,0.84989,0.85116,0.84712,0.84848,155883.64
2013-06-26,0.84848,0.84982,0.84687,0.84968,157305.32
2013-06-27,0.84969,0.85601,0.84917,0.85444,142117.8
2013-06-28,0.85443,0.85899,0.85428,0.85483,135933.8
2013-06-29,0.85483,0.85483,0.85483,0.85483,0.0
2013-06-30,0.85483,0.85593,0.85483,0.85524,7065.55
2013-07-01,0.85521,0.85927,0.85473,0.8587,118934.24
2013-07-02,0.85868,0.85935,0.85544,0.85633,127740.5
2013-07-03,0.85633,0.85745,0.84817,0.85201,148601.62
2013-07-04,0.852,0.86322,0.85106,0.85719,138238.55
2013-07-05,0.85719,0.86285,0.85663,0.86137,143579.2
2013-07-06,0.86137,0.86137,0.86137,0.86137,0.0
2013-07-07,0.86137,0.86238,0.86091,0.86221,6528.64
2013-07-08,0.86221,0.8627,0.8604,0.86112,112615.89
2013-07-09,0.86112,0.86684,0.85859,0.8605,147889.23
2013-07-10,0.8605,0.86923,0.85747,0.86697,179663.41
2013-07-11,0.867,0.86759,0.86105,0.86251,194748.59
2013-07-12,0.86251,0.86536,0.86128,0.86456,126959.91
2013-07-13,0.86456,0.86456,0.86456,0.86456,0.0
2013-07-14,0.86456,0.86512,0.86333,0.86436,6082.22
2013-07-15,0.86435,0.86645,0.86306,0.865,126449.1
2013-07-16,0.865,0.87066,0.86421,0.86903,156628.71
2013-07-17,0.869,0.87104,0.86145,0.86235,157517.01
2013-07-18,0.86232,0.86457,0.86,0.86115,134753.03
2013-07-19,0.86114,0.86291,0.85893,0.86036,111901.69
2013-07-20,0.86036,0.86036,0.86036,0.86036,0.0
2013-07-21,0.86036,0.86112,0.85968,0.86082,5662.4
2013-07-22,0.86081,0.86115,0.85818,0.85845,105367.67
2013-07-23,0.85845,0.86079,0.85817,0.85998,122676.11
2013-07-24,0.85998,0.86285,0.85871,0.86166,127434.07
2013-07-25,0.86167,0.86433,0.85873,0.86298,142016.6
2013-07-26,0.86299,0.86375,0.86061,0.86266,153437.42
2013-07-27,0.86266,0.86266,0.86266,0.86266,0.0
2013-07-28,0.86266,0.86367,0.86264,0.86313,4294.85
2013-07-29,0.86312,0.86466,0.86209,0.86454,100514.01
2013-07-30,0.86452,0.87059,0.86414,0.8703,109307.95
2013-07-31,0.87028,0.87658,0.87022,0.87649,154575.67
2013-08-01,0.8765,0.87687,0.8679,0.87385,165492.6
2013-08-02,0.87383,0.87442,0.86767,0.86799,121932.57
2013-08-03,0.86799,0.86799,0.86799,0.86799,0.0
2013-08-04,0.86799,0.86921,0.86788,0.86849,6400.37
2013-08-05,0.86846,0.86961,0.86305,0.86328,110884.68
2013-08-06,0.8633,0.86731,0.8618,0.86726,115167.14
2013-08-07,0.86723,0.87306,0.85783,0.86078,155960.89
2013-08-08,0.86072,0.86222,0.85926,0.86125,112569.88
2013-08-09,0.86125,0.8618,0.85961,0.86052,81298.3
2013-08-10,0.86052,0.86052,0.86052,0.86052,0.0
2013-08-11,0.86052,0.86052,0.85949,0.85967,4713.96
2013-08-12,0.85967,0.86085,0.858,0.85991,79136.75
2013-08-13,0.8599,0.86095,0.85347,0.8586,103938.52
2013-08-14,0.8586,0.85983,0.85277,0.85479,102850.91
2013-08-15,0.85479,0.85682,0.85049,0.85359,128751.91
2013-08-16,0.8536,0.85543,0.85234,0.85246,89344.8
2013-08-17,0.85246,0.85246,0.85246,0.85246,0.0
2013-08-18,0.85246,0.85352,0.85246,0.85299,5909.01
2013-08-19,0.85299,0.85384,0.85119,0.85217,83738.3
2013-08-20,0.85214,0.85734,0.85173,0.85678,98452.51
2013-08-21,0.85678,0.85774,0.85089,0.85426,112635.92
2013-08-22,0.85426,0.85775,0.85356,0.85638,105950.67
2013-08-23,0.85637,0.86028,0.85416,0.85913,109696.43
2013-08-24,0.85913,0.85913,0.85913,0.85913,0.0
2013-08-25,0.85913,0.8599,0.85882,0.8592,3896.72
2013-08-26,0.85918,0.85963,0.85769,0.85847,73625.4
2013-08-27,0.85847,0.86233,0.85807,0.86138,107950.4
2013-08-28,0.86138,0.86512,0.85716,0.85879,106713.42
2013-08-29,0.85878,0.85896,0.85289,0.85365,107971.86
2013-08-30,0.85366,0.85524,0.8519,0.8522,91298.27
2013-08-31,0.8522,0.8522,0.8522,0.8522,0.0
2013-09-01,0.8522,0.8522,0.85026,0.85105,5061.59
2013-09-02,0.85104,0.8512,0.84716,0.84838,81689.69
2013-09-03,0.84837,0.84841,0.84453,0.84633,95735.2
2013-09-04,0.84632,0.84639,0.84262,0.84498,88928.07
2013-09-05,0.84497,0.84647,0.8408,0.84149,102082.41
2013-09-06,0.84149,0.8435,0.83919,0.84285,95765.7
2013-09-07,0.84285,0.84285,0.84285,0.84285,0.0
2013-09-08,0.84285,0.84318,0.84224,0.84255,6479.56
2013-09-09,0.84254,0.84495,0.84101,0.8444,81450.77
2013-09-10,0.8444,0.84529,0.84227,0.84334,85607.2
2013-09-11,0.84334,0.84386,0.83825,0.8413,94091.44
2013-09-12,0.8413,0.84254,0.83926,0.84143,94667.73
2013-09-13,0.84144,0.84173,0.83563,0.83706,85973.35
2013-09-14,0.83706,0.83706,0.83706,0.83706,0.0
2013-09-15,0.83706,0.83907,0.83706,0.8382,8404.08
2013-09-16,0.8382,0.83911,0.83706,0.83853,82932.79
2013-09-17,0.83854,0.84111,0.83794,0.83978,83686.24
2013-09-18,0.83981,0.8399,0.8352,0.83822,123055.88
2013-09-19,0.83822,0.84422,0.83779,0.84396,117770.88
2013-09-20,0.84395,0.84592,0.84215,0.84476,88958.72
2013-09-21,0.84476,0.84476,0.84476,0.84476,0.0
2013-09-22,0.84476,0.84632,0.84476,0.84493,4175.7
2013-09-23,0.84493,0.84511,0.8403,0.84139,86817.58
2013-09-24,0.84139,0.84485,0.84129,0.84233,87644.86
2013-09-25,0.84231,0.84465,0.83973,0.84087,90792.69
2013-09-26,0.84086,0.84288,0.8394,0.84091,80497.15
2013-09-27,0.84091,0.84194,0.83615,0.83778,88771.66
2013-09-28,0.83778,0.83778,0.83778,0.83778,0.0
2013-09-29,0.83778,0.83778,0.8344,0.83458,7122.96
2013-09-30,0.83459,0.83883,0.83395,0.83539,99313.02
2013-10-01,0.83539,0.83667,0.83323,0.8351,110400.9
2013-10-02,0.83509,0.83814,0.83344,0.83695,113062.51
2013-10-03,0.83693,0.84385,0.83688,0.84309,113909.57
2013-10-04,0.84309,0.84753,0.84221,0.84661,81225.86
2013-10-05,0.84661,0.84661,0.84661,0.84661,0.0
2013-10-06,0.84661,0.84678,0.84567,0.84589,4025.5
2013-10-07,0.84589,0.84652,0.84292,0.84357,65417.65
2013-10-08,0.84358,0.84684,0.84245,0.84357,75043.27
2013-10-09,0.8436,0.84866,0.84292,0.84723,89818.63
2013-10-10,0.84725,0.84924,0.84639,0.8467,76150.33
2013-10-11,0.84669,0.85092,0.84612,0.84861,63231.23
2013-10-12,0.84861,0.84861,0.84861,0.84861,0.0
2013-10-13,0.84861,0.84927,0.84857,0.84894,2413.68
2013-10-14,0.84893,0.84957,0.84794,0.84877,53432.83
2013-10-15,0.84875,0.84943,0.84452,0.84593,84090.01
2013-10-16,0.84589,0.84891,0.84297,0.84794,89541.21
2013-10-17,0.84793,0.84959,0.84493,0.84629,103987.21
2013-10-18,0.84631,0.84695,0.84414,0.84625,66142.13
2013-10-19,0.84625,0.84625,0.84625,0.84625,0.0
2013-10-20,0.84625,0.84633,0.84577,0.84603,2286.66
2013-10-21,0.84602,0.84787,0.84505,0.8475,57148.28
2013-10-22,0.84749,0.84988,0.84674,0.84886,74044.28
2013-10-23,0.84881,0.85309,0.84836,0.8524,86032.34
2013-10-24,0.85238,0.85548,0.8507,0.85206,88276.11
2013-10-25,0.85207,0.85424,0.8504,0.85359,82267.7
2013-10-26,0.85359,0.85359,0.85359,0.85359,0.0
2013-10-27,0.85359,0.85393,0.85327,0.85353,3357.2
2013-10-28,0.85353,0.85472,0.85194,0.85428,69949.59
2013-10-29,0.85428,0.85846,0.85419,0.85632,106830.55
2013-10-30,0.85632,0.85762,0.8557,0.85637,95721.91
2013-10-31,0.85639,0.85658,0.84606,0.84638,102245.46
2013-11-01,0.84637,0.84764,0.84444,0.8465,86705.25
2013-11-02,0.8465,0.8465,0.8465,0.8465,0.0
2013-11-03,0.8465,0.84746,0.8465,0.84733,3405.87
2013-11-04,0.84732,0.84766,0.84515,0.8462,70971.0
2013-11-05,0.8462,0.84627,0.83917,0.8396,88827.72
2013-11-06,0.8396,0.84158,0.8378,0.84037,88429.23
2013-11-07,0.84039,0.84114,0.83,0.83347,116403.48
2013-11-08,0.83347,0.8362,0.8323,0.83439,94424.0
2013-11-09,0.83439,0.83439,0.83439,0.83439,0.0
2013-11-10,0.83439,0.83495,0.8339,0.83398,3513.51
2013-11-11,0.83398,0.83958,0.8339,0.83869,80797.23
2013-11-12,0.83869,0.84604,0.83768,0.84563,109862.33
2013-11-13,0.84565,0.84631,0.83764,0.84037,119678.78
2013-11-14,0.84036,0.84151,0.83608,0.83756,105114.0
2013-11-15,0.83755,0.83866,0.83577,0.83702,83909.42
2013-11-16,0.83702,0.83702,0.83702,0.83702,0.0
2013-11-17,0.83702,0.83727,0.83654,0.8367,3132.22
2013-11-18,0.83669,0.83998,0.83615,0.83789,82246.44
2013-11-19,0.83787,0.84115,0.8378,0.84057,102147.42
2013-11-20,0.84057,0.84141,0.83249,0.83425,122228.65
2013-11-21,0.83425,0.8357,0.83198,0.83255,129669.13
2013-11-22,0.83252,0.83615,0.83165,0.83514,83435.38
2013-11-23,0.83514,0.83514,0.83514,0.83514,0.0
2013-11-24,0.83514,0.83521,0.83451,0.83479,2813.45
2013-11-25,0.83481,0.83734,0.83404,0.83685,88408.05
2013-11-26,0.83686,0.83905,0.83606,0.83698,89031.79
2013-11-27,0.83698,0.83861,0.83305,0.83353,115697.62
2013-11-28,0.83353,0.83519,0.83131,0.83247,82878.81
2013-11-29,0.83247,0.83445,0.82971,0.82995,99825.1
2013-11-30,0.82995,0.82995,0.82995,0.82995,0.0
2013-12-01,0.82995,0.83014,0.82934,0.82942,3133.26
2013-12-02,0.82942,0.82964,0.8252,0.82772,111864.95
2013-12-03,0.82772,0.82945,0.82579,0.82928,111575.23
2013-12-04,0.82928,0.83194,0.82734,0.82947,128873.61
2013-12-05,0.82947,0.83796,0.82921,0.83695,117180.51
2013-12-06,0.83693,0.83887,0.83471,0.83804,79329.21
2013-12-07,0.83804,0.83804,0.83804,0.83804,0.0
2013-12-08,0.83804,0.83955,0.83804,0.83951,3582.92
2013-12-09,0.8395,0.8395,0.83606,0.83641,54524.23
2013-12-10,0.83643,0.83909,0.835,0.83631,64187.0
2013-12-11,0.8363,0.84312,0.8363,0.84174,69327.56
2013-12-12,0.84175,0.84312,0.83906,0.84152,73970.59
2013-12-13,0.84151,0.84403,0.84078,0.84289,59605.69
2013-12-14,0.84289,0.84289,0.84289,0.84289,0.0
2013-12-15,0.84289,0.84303,0.84214,0.84283,2575.05
2013-12-16,0.84285,0.84549,0.84149,0.84425,61458.85
2013-12-17,0.84424,0.84664,0.84314,0.84599,57513.99
2013-12-18,0.84599,0.84614,0.83428,0.83508,83181.38
2013-12-19,0.83508,0.83675,0.83344,0.8344,64368.88
2013-12-20,0.83438,0.83786,0.83306,0.83652,64691.03
2013-12-21,0.83652,0.83652,0.83652,0.83652,0.0
2013-12-22,0.83652,0.83774,0.83638,0.83759,1531.18
2013-12-23,0.83758,0.83886,0.83546,0.83775,48597.79
2013-12-24,0.83774,0.83788,0.83439,0.83507,32301.44
2013-12-25,0.83508,0.83653,0.8344,0.8357,4793.22
2013-12-26,0.8357,0.83646,0.83294,0.83428,50430.12
2013-12-27,0.83429,0.8392,0.83346,0.83377,75334.02
2013-12-28,0.83377,0.83377,0.83377,0.83377,0.0
2013-12-29,0.83377,0.83499,0.83374,0.83431,3214.56
2013-12-30,0.83428,0.83731,0.83289,0.8371,62098.31
2013-12-31,0.8371,0.83729,0.82968,0.82982,44620.03
2014-01-01,0.82982,0.83042,0.82973,0.83022,2053.01
2014-01-02,0.83016,0.83194,0.827,0.83075,99802.74
2014-01-03,0.83074,0.83163,0.82748,0.82748,88979.78
2014-01-04,0.82748,0.82748,0.82748,0.82748,0.0
2014-01-05,0.82748,0.82878,0.82748,0.82836,2766.51
2014-01-06,0.82835,0.83315,0.82797,0.83036,74793.83
2014-01-07,0.83038,0.83204,0.82919,0.83031,64908.79
2014-01-08,0.8303,0.83163,0.8242,0.82524,71914.18
2014-01-09,0.82529,0.82769,0.82304,0.82573,68603.32
2014-01-10,0.82572,0.83065,0.8256,0.82912,68917.73
2014-01-11,0.82912,0.82912,0.82912,0.82912,0.0
2014-01-12,0.82912,0.82976,0.82881,0.82886,2007.22
2014-01-13,0.82885,0.83483,0.82845,0.83402,65192.7
2014-01-14,0.83402,0.83427,0.83074,0.83165,66092.62
2014-01-15,0.83166,0.83298,0.8286,0.83117,72294.19
2014-01-16,0.83116,0.83408,0.83079,0.83291,68148.93
2014-01-17,0.83291,0.83395,0.82336,0.82412,61370.13
2014-01-18,0.82412,0.82412,0.82412,0.82412,0.0
2014-01-19,0.82412,0.82448,0.82368,0.8239,2543.58
2014-01-20,0.82392,0.82629,0.82326,0.82461,46092.27
2014-01-21,0.82459,0.82547,0.82145,0.82293,59431.68
2014-01-22,0.82293,0.82359,0.81681,0.81778,61309.51
2014-01-23,0.81778,0.82476,0.81719,0.82292,75799.33
2014-01-24,0.82298,0.83006,0.82095,0.82943,91804.02
2014-01-25,0.82943,0.82943,0.82943,0.82943,0.0
2014-01-26,0.82943,0.83056,0.82851,0.82984,2984.43
2014-01-27,0.82983,0.83024,0.8237,0.82506,74634.05
2014-01-28,0.82507,0.82532,0.82224,0.8241,71446.05
2014-01-29,0.82409,0.82585,0.822,0.82481,80887.27
2014-01-30,0.8248,0.82684,0.82146,0.82178,78899.42
2014-01-31,0.82179,0.82422,0.8188,0.82007,85361.46
2014-02-01,0.82007,0.82007,0.82007,0.82007,0.0
2014-02-02,0.82007,0.82114,0.82007,0.82051,2764.34
2014-02-03,0.82049,0.83015,0.82022,0.82908,83407.84
2014-02-04,0.82911,0.83259,0.82656,0.82764,74132.69
2014-02-05,0.82765,0.83333,0.82659,0.82904,71005.08
2014-02-06,0.82905,0.83497,0.82798,0.83268,69962.38
2014-02-07,0.83268,0.83286,0.8288,0.83052,67187.49
2014-02-08,0.83052,0.83052,0.83052,0.83052,0.0
2014-02-09,0.83052,0.83052,0.82973,0.82994,2182.5
2014-02-10,0.82994,0.83259,0.82951,0.83173,50742.46
2014-02-11,0.83172,0.8337,0.82858,0.82909,69126.4
2014-02-12,0.82909,0.82993,0.81803,0.81808,79754.55
2014-02-13,0.81808,0.82267,0.81798,0.82108,74571.21
2014-02-14,0.82109,0.82268,0.81742,0.8175,60294.24
2014-02-15,0.8175,0.8175,0.8175,0.8175,0.0
2014-02-16,0.8175,0.81778,0.81725,0.81746,2038.93
2014-02-17,0.81743,0.82086,0.81574,0.81963,54428.03
2014-02-18,0.81963,0.82497,0.81904,0.82479,77459.07
2014-02-19,0.82478,0.82609,0.82212,0.82324,75578.19
2014-02-20,0.82324,0.82532,0.82148,0.82345,71722.75
2014-02-21,0.82344,0.82675,0.82158,0.82672,67575.54
2014-02-22,0.82672,0.82672,0.82672,0.82672,0.0
2014-02-23,0.82672,0.82672,0.82555,0.82596,1834.6
2014-02-24,0.82596,0.82863,0.82401,0.82459,63494.88
2014-02-25,0.82459,0.82564,0.82247,0.82428,68944.37
2014-02-26,0.82429,0.82515,0.82078,0.82083,65783.91
2014-02-27,0.82082,0.82231,0.81977,0.82113,65181.19
2014-02-28,0.82114,0.82675,0.81905,0.82395,78199.26
2014-03-01,0.82395,0.82395,0.82395,0.82395,0.0
2014-03-02,0.82395,0.82395,0.82279,0.82308,4864.97
2014-03-03,0.82308,0.82498,0.82232,0.82415,67441.6
2014-03-04,0.82416,0.82609,0.82276,0.82454,62398.66
2014-03-05,0.82454,0.82476,0.82038,0.82152,64221.71
2014-03-06,0.82151,0.82871,0.82061,0.82805,79744.12
2014-03-07,0.82805,0.83009,0.82739,0.82999,61115.1
2014-03-08,0.82999,0.82999,0.82999,0.82999,0.0
2014-03-09,0.82999,0.82999,0.82894,0.82947,2663.72
2014-03-10,0.82946,0.83499,0.82916,0.83395,53224.2
2014-03-11,0.83395,0.83466,0.83207,0.8337,53383.58
2014-03-12,0.8337,0.8374,0.83247,0.8366,63573.48
2014-03-13,0.8366,0.8378,0.83303,0.83411,81349.02
2014-03-14,0.8341,0.83802,0.83354,0.83522,68615.36
2014-03-15,0.83522,0.83522,0.83522,0.83522,0.0
2014-03-16,0.83522,0.83653,0.83512,0.83581,3980.77
2014-03-17,0.83582,0.83764,0.83414,0.83686,50997.8
2014-03-18,0.83688,0.83998,0.83615,0.83929,62781.22
2014-03-19,0.83931,0.83947,0.83549,0.83578,70122.29
2014-03-20,0.83578,0.83686,0.83286,0.83467,65043.65
2014-03-21,0.83468,0.8371,0.83433,0.83643,51041.48
2014-03-22,0.83643,0.83643,0.83643,0.83643,0.0
2014-03-23,0.83643,0.83825,0.83629,0.83647,3324.07
2014-03-24,0.83646,0.83909,0.83441,0.83869,57423.16
2014-03-25,0.83867,0.83932,0.8335,0.83588,73120.23
2014-03-26,0.8359,0.83634,0.83098,0.83153,63692.67
2014-03-27,0.83152,0.83219,0.82626,0.82739,70140.46
2014-03-28,0.82739,0.82818,0.82456,0.82633,55397.92
2014-03-29,0.82633,0.82633,0.82633,0.82633,0.0
2014-03-30,0.82633,0.82671,0.82594,0.82613,3259.44
2014-03-31,0.82616,0.82969,0.82496,0.8265,64737.24
2014-04-01,0.82652,0.83063,0.82614,0.82939,53932.89
2014-04-02,0.82939,0.83088,0.82711,0.828,50640.78
2014-04-03,0.82802,0.83143,0.82603,0.82675,68279.67
2014-04-04,0.82673,0.82773,0.82496,0.82635,56773.22
2014-04-05,0.82635,0.82635,0.82635,0.82635,0.0
2014-04-06,0.82635,0.82674,0.82598,0.82654,4026.48
2014-04-07,0.82654,0.82848,0.82607,0.82739,59869.35
2014-04-08,0.82739,0.82751,0.82329,0.82354,71046.96
2014-04-09,0.82355,0.82558,0.8231,0.82452,67589.96
2014-04-10,0.82452,0.82793,0.82406,0.82769,74036.42
2014-04-11,0.82769,0.83098,0.82766,0.82967,63677.4
2014-04-12,0.82967,0.82967,0.82967,0.82967,0.0
2014-04-13,0.82967,0.82967,0.82708,0.8277,4173.77
2014-04-14,0.8277,0.8284,0.82525,0.82592,64917.64
2014-04-15,0.82592,0.82828,0.82455,0.82576,72617.94
2014-04-16,0.82577,0.82679,0.82199,0.82266,71785.35
2014-04-17,0.82268,0.82466,0.82146,0.82289,64453.99
2014-04-18,0.82288,0.82381,0.82201,0.82254,35747.22
2014-04-19,0.82254,0.82254,0.82254,0.82254,0.0
2014-04-20,0.82254,0.82304,0.8221,0.82301,3060.58
2014-04-21,0.82301,0.82301,0.82095,0.82136,36203.64
2014-04-22,0.82136,0.82167,0.81978,0.82072,61663.38
2014-04-23,0.82071,0.8246,0.82012,0.82326,68490.75
2014-04-24,0.82326,0.82444,0.82202,0.82279,66879.41
2014-04-25,0.8228,0.82413,0.82221,0.82309,51066.39
2014-04-26,0.82309,0.82309,0.82309,0.82309,0.0
2014-04-27,0.82309,0.82387,0.82309,0.8235,2497.15
2014-04-28,0.82349,0.82434,0.82173,0.82405,68019.63
2014-04-29,0.82405,0.82586,0.82007,0.821,67891.91
2014-04-30,0.82099,0.82343,0.8196,0.82177,80706.38
2014-05-01,0.82176,0.8228,0.82033,0.82093,52809.78
2014-05-02,0.82093,0.82246,0.81998,0.82192,65977.26
2014-05-03,0.82192,0.82192,0.82192,0.82192,0.0
2014-05-04,0.82192,0.82229,0.82169,0.82183,1676.83
2014-05-05,0.82182,0.82325,0.82143,0.82254,45352.99
2014-05-06,0.82253,0.82256,0.81941,0.82051,68075.21
2014-05-07,0.82051,0.82134,0.81929,0.82044,56899.88
2014-05-08,0.82045,0.82482,0.81684,0.8174,81760.75
2014-05-09,0.8174,0.81827,0.81607,0.81616,65769.59
2014-05-11,0.81642,0.81664,0.816,0.81616,2549.39
2014-05-12,0.81616,0.81679,0.8143,0.81522,52265.05
2014-05-13,0.81522,0.81735,0.81348,0.81439,69916.34
2014-05-14,0.81439,0.81829,0.81265,0.81805,70571.64
2014-05-15,0.81802,0.81826,0.81443,0.81678,71060.64
2014-05-16,0.81678,0.81712,0.81397,0.81429,52976.09
2014-05-18,0.81429,0.81466,0.81399,0.81445,2803.01
2014-05-19,0.81445,0.8158,0.8141,0.81552,56828.15
2014-05-20,0.81546,0.81563,0.8119,0.81384,56381.34
2014-05-21,0.81384,0.81446,0.80853,0.80968,68481.22
2014-05-22,0.80969,0.81123,0.80849,0.80945,64981.2
2014-05-23,0.80946,0.81042,0.80814,0.80935,57870.15
2014-05-25,0.80876,0.80977,0.80847,0.80956,3238.54
2014-05-26,0.80956,0.81056,0.80849,0.81044,41359.89
2014-05-27,0.81044,0.81169,0.80858,0.81099,67542.67
2014-05-28,0.811,0.81431,0.81054,0.81319,68250.92
2014-05-29,0.81319,0.81524,0.81283,0.81339,61372.55
2014-05-30,0.81339,0.81391,0.812,0.81345,59582.29
2014-06-01,0.81296,0.8135,0.81296,0.81334,3223.04
2014-06-02,0.81333,0.8143,0.81148,0.81205,63052.38
2014-06-03,0.81205,0.8148,0.81052,0.81364,67139.88
2014-06-04,0.81364,0.81496,0.81195,0.81256,76025.72
2014-06-05,0.81256,0.81389,0.80645,0.81274,107811.82
2014-06-06,0.81274,0.81278,0.81006,0.81169,76288.23
2014-06-08,0.8115,0.81201,0.81148,0.81197,2594.4
2014-06-09,0.81197,0.8122,0.80874,0.8089,62992.49
2014-06-10,0.80889,0.80941,0.80635,0.80837,76772.72
2014-06-11,0.80837,0.80845,0.80522,0.80613,79161.15
2014-06-12,0.8061,0.80643,0.79919,0.79919,90518.99
2014-06-13,0.79918,0.80029,0.79721,0.79775,86828.25
2014-06-15,0.79771,0.79785,0.79696,0.79728,3393.77
2014-06-16,0.79726,0.79964,0.79589,0.79957,70547.69
2014-06-17,0.79959,0.80088,0.79809,0.79879,78580.29
2014-06-18,0.79878,0.8016,0.7969,0.79945,84288.46
2014-06-19,0.79946,0.80248,0.79826,0.79873,82618.74
2014-06-20,0.79874,0.79964,0.79686,0.79924,63386.27
2014-06-22,0.7983,0.79895,0.7983,0.79846,3525.6
2014-06-23,0.79846,0.79972,0.79768,0.79881,70155.41
2014-06-24,0.79881,0.80245,0.79835,0.80121,76789.13
2014-06-25,0.80121,0.80335,0.80105,0.80249,75511.0
2014-06-26,0.80247,0.80314,0.79825,0.79958,83561.97
2014-06-27,0.79957,0.80181,0.79919,0.80084,69938.85
2014-06-29,0.80068,0.80139,0.80063,0.80087,2524.99
2014-06-30,0.80087,0.80273,0.79982,0.80025,77822.06
2014-07-01,0.80025,0.80074,0.7973,0.79779,72783.17
2014-07-02,0.7978,0.79797,0.79504,0.79555,66277.49
2014-07-03,0.79556,0.79721,0.79306,0.79341,81643.04
2014-07-04,0.79341,0.79341,0.79192,0.79215,51911.61
2014-07-06,0.79182,0.79227,0.79181,0.79214,5296.79
2014-07-07,0.79211,0.79469,0.79147,0.79408,63762.03
2014-07-08,0.79411,0.79593,0.7926,0.79452,68999.49
2014-07-09,0.7945,0.79627,0.79434,0.79516,78172.2
2014-07-10,0.79516,0.79683,0.79339,0.79417,75999.77
2014-07-11,0.79417,0.79583,0.79364,0.7953,63833.65
2014-07-13,0.79411,0.79491,0.79411,0.7944,2804.3
2014-07-14,0.79441,0.798,0.7943,0.79712,73100.54
2014-07-15,0.79712,0.79804,0.79106,0.79156,89914.66
2014-07-16,0.79157,0.79178,0.78902,0.78929,74631.65
2014-07-17,0.78929,0.79143,0.78885,0.79088,79180.49
2014-07-18,0.79087,0.79331,0.79033,0.79117,72805.54
2014-07-20,0.79143,0.7922,0.79129,0.79172,5043.83
2014-07-21,0.79171,0.79283,0.79122,0.79218,59568.05
2014-07-22,0.79218,0.79224,0.78893,0.78919,76178.03
2014-07-23,0.78918,0.79102,0.78738,0.78996,74714.89
2014-07-24,0.78996,0.79391,0.7888,0.79249,78037.43
2014-07-25,0.7925,0.79335,0.79056,0.79079,69028.82
2014-07-27,0.79094,0.79127,0.79068,0.79074,3211.06
2014-07-28,0.79075,0.79175,0.79039,0.79118,59743.68
2014-07-29,0.79118,0.79264,0.79067,0.79126,72793.8
2014-07-30,0.79126,0.79231,0.7909,0.79212,80995.05
2014-07-31,0.79211,0.79418,0.7914,0.79264,88178.37
2014-08-01,0.79264,0.79844,0.79249,0.79787,90658.38
2014-08-03,0.79696,0.79827,0.79696,0.79802,4264.14
2014-08-04,0.79802,0.79836,0.7957,0.79574,60828.7
2014-08-05,0.79573,0.79644,0.79185,0.79225,72863.28
2014-08-06,0.79225,0.79456,0.79156,0.79385,85618.74
2014-08-07,0.79386,0.79559,0.7924,0.79374,88957.57
2014-08-08,0.79372,0.79971,0.7937,0.79914,90725.68
2014-08-10,0.79889,0.7994,0.79878,0.79897,5590.37
2014-08-11,0.79897,0.79922,0.79705,0.7974,64013.02
2014-08-12,0.79741,0.79798,0.79444,0.79525,75044.5
2014-08-13,0.79525,0.80198,0.7921,0.8009,88061.11
2014-08-14,0.8009,0.80359,0.79998,0.80075,80999.19
2014-08-15,0.80075,0.80326,0.80046,0.80242,74525.09
2014-08-17,0.80006,0.80143,0.80005,0.80086,4063.78
2014-08-18,0.80086,0.80111,0.79833,0.79889,62086.35
2014-08-19,0.79889,0.80276,0.79823,0.80146,82620.38
2014-08-20,0.80146,0.80151,0.79697,0.79873,89335.42
2014-08-21,0.79873,0.80115,0.79861,0.8009,75121.86
2014-08-22,0.80089,0.80157,0.79789,0.79888,76998.1
2014-08-24,0.79729,0.79787,0.79702,0.79742,6111.24
2014-08-25,0.79742,0.79784,0.79518,0.79578,70702.94
2014-08-26,0.79578,0.79675,0.7955,0.79588,83813.94
2014-08-27,0.79587,0.79641,0.79382,0.79584,85395.48
2014-08-28,0.79584,0.79667,0.79378,0.79473,89542.89
2014-08-29,0.79474,0.79577,0.79083,0.79103,78815.89
2014-08-31,0.79109,0.7917,0.79099,0.79117,3729.57
2014-09-01,0.79118,0.79142,0.78913,0.7903,68469.58
2014-09-02,0.79029,0.79752,0.79029,0.79735,88759.25
2014-09-03,0.79735,0.79956,0.79647,0.79875,91890.68
2014-09-04,0.79876,0.79931,0.79025,0.79358,113138.97
2014-09-05,0.79359,0.79565,0.79203,0.79314,89392.66
2014-09-07,0.80096,0.8012,0.79828,0.79879,8069.09
2014-09-08,0.79879,0.80369,0.7978,0.80103,109989.86
2014-09-09,0.80103,0.8037,0.7979,0.80264,113384.87
2014-09-10,0.80264,0.80654,0.79531,0.79735,124950.52
2014-09-11,0.79735,0.7978,0.794,0.79525,117745.62
2014-09-12,0.79525,0.79817,0.79442,0.7967,97482.53
2014-09-14,0.7968,0.79743,0.79666,0.79703,3821.0
2014-09-15,0.79703,0.79841,0.79447,0.79738,90923.89
2014-09-16,0.79736,0.8009,0.7957,0.79664,108371.19
2014-09-17,0.79664,0.79692,0.78902,0.78984,126213.76
2014-09-18,0.78984,0.79144,0.78471,0.78651,124354.93
2014-09-19,0.7865,0.78786,0.78098,0.78745,144669.96
2014-09-21,0.78694,0.78752,0.78548,0.78721,4112.32
2014-09-22,0.78721,0.78725,0.78439,0.785,95420.72
2014-09-23,0.785,0.78888,0.78347,0.78369,107743.44
2014-09-24,0.78371,0.78508,0.7812,0.78258,104659.13
2014-09-25,0.7826,0.78294,0.77848,0.781,114334.66
2014-09-26,0.78099,0.78226,0.77993,0.78051,94453.58
2014-09-28,0.78077,0.7818,0.77994,0.78051,5097.77
2014-09-29,0.78051,0.78284,0.78025,0.78128,94709.21
2014-09-30,0.7813,0.78172,0.77662,0.77877,118074.48
2014-10-01,0.77877,0.77993,0.77668,0.77963,117558.79
2014-10-02,0.77963,0.78579,0.779,0.78404,130856.82
2014-10-03,0.78404,0.78605,0.782,0.78317,98332.99
2014-10-05,0.78382,0.78408,0.78317,0.78384,3277.75
2014-10-06,0.78384,0.78738,0.78283,0.78656,94498.87
2014-10-07,0.78655,0.78749,0.78367,0.78725,114287.58
2014-10-08,0.78724,0.78997,0.7859,0.78826,116162.03
2014-10-09,0.78826,0.78948,0.78548,0.78702,129887.99
2014-10-10,0.78702,0.78946,0.785,0.78527,100938.61
2014-10-12,0.7858,0.78604,0.78526,0.7854,6344.02
2014-10-13,0.7854,0.79334,0.78524,0.79191,103673.6
2014-10-14,0.79191,0.7961,0.79055,0.7955,120382.41
2014-10-15,0.79551,0.80462,0.79357,0.80187,164916.79
2014-10-16,0.80187,0.80273,0.79466,0.79545,142739.53
2014-10-17,0.79544,0.7981,0.79248,0.79269,96099.41
2014-10-19,0.79118,0.79269,0.79118,0.79221,5684.58
2014-10-20,0.79223,0.79301,0.79034,0.79191,89768.12
2014-10-21,0.79192,0.79418,0.78773,0.78901,114420.79
2014-10-22,0.78899,0.79254,0.78724,0.7879,113606.1
2014-10-23,0.7879,0.79169,0.78707,0.78925,116071.25
2014-10-24,0.78925,0.79007,0.78708,0.78727,89762.94
2014-10-26,0.78803,0.78821,0.78723,0.78778,4590.0
2014-10-27,0.78778,0.78935,0.78616,0.78774,86252.98
2014-10-28,0.78775,0.79008,0.78719,0.78906,92867.35
2014-10-29,0.78908,0.79122,0.78868,0.7893,96698.0
2014-10-30,0.7893,0.7904,0.78602,0.78807,104338.9
2014-10-31,0.78807,0.78817,0.78231,0.78272,106720.5
2014-11-02,0.78325,0.78344,0.78247,0.78271,5462.11
2014-11-03,0.78269,0.7836,0.7799,0.78192,105980.75
2014-11-04,0.78193,0.78535,0.78125,0.78425,109350.0
2014-11-05,0.78425,0.78636,0.78079,0.78159,125700.09
2014-11-06,0.78159,0.78636,0.77989,0.78149,140162.98
2014-11-07,0.7815,0.78578,0.78121,0.78445,115872.45
2014-11-09,0.78515,0.78538,0.78441,0.78452,4611.63
2014-11-10,0.78452,0.7862,0.78279,0.78391,100172.17
2014-11-11,0.78389,0.78477,0.78211,0.78332,100306.02
2014-11-12,0.78333,0.78894,0.78018,0.78818,130106.71
2014-11-13,0.78818,0.79463,0.78811,0.79439,110995.26
2014-11-14,0.79438,0.79997,0.79349,0.79906,118912.21
2014-11-16,0.79874,0.79954,0.79852,0.79928,6700.57
2014-11-17,0.79928,0.80024,0.79546,0.7961,105914.57
2014-11-18,0.7961,0.80228,0.79605,0.80189,110186.48
2014-11-19,0.80188,0.80384,0.79886,0.8001,125571.88
2014-11-20,0.8001,0.8027,0.79731,0.79926,125957.67
2014-11-21,0.79924,0.80026,0.7906,0.79081,119662.13
2014-11-23,0.79051,0.7909,0.79028,0.79073,5862.59
2014-11-24,0.79072,0.79345,0.7905,0.79203,103907.13
2014-11-25,0.79203,0.79431,0.79171,0.79381,100452.96
2014-11-26,0.79382,0.79496,0.78967,0.79195,95541.97
2014-11-27,0.79195,0.79426,0.79062,0.79225,100596.14
2014-11-28,0.79223,0.79704,0.79129,0.79575,98165.74
2014-11-30,0.79627,0.79683,0.79519,0.79659,6181.78
2014-12-01,0.79659,0.79765,0.79221,0.79251,123842.18
2014-12-02,0.79251,0.79409,0.791,0.79169,108010.53
2014-12-03,0.79169,0.79202,0.7832,0.78468,111822.86
2014-12-04,0.78468,0.79218,0.78392,0.78993,131977.62
2014-12-05,0.78995,0.79233,0.785,0.78813,112379.53
2014-12-07,0.78875,0.79014,0.78821,0.78972,4154.48
2014-12-08,0.78973,0.78993,0.78441,0.7868,106835.36
2014-12-09,0.78681,0.79294,0.78634,0.78978,133888.84
2014-12-10,0.78979,0.79268,0.78843,0.79232,123231.66
2014-12-11,0.79232,0.79538,0.7878,0.78841,134187.14
2014-12-12,0.78841,0.79397,0.78736,0.7925,110705.98
2014-12-14,0.79284,0.79355,0.79198,0.79263,7622.86
2014-12-15,0.79263,0.79716,0.7907,0.79525,114504.5
2014-12-16,0.79527,0.80062,0.79347,0.79469,148516.45
2014-12-17,0.79469,0.79542,0.7909,0.79215,148283.2
2014-12-18,0.79215,0.79215,0.78358,0.78428,130677.5
2014-12-19,0.78424,0.78584,0.78126,0.78209,111067.58
2014-12-21,0.78192,0.78246,0.78192,0.78221,3136.97
2014-12-22,0.78217,0.78591,0.78214,0.78459,87411.58
2014-12-23,0.78457,0.78677,0.78374,0.78443,89180.57
2014-12-24,0.78444,0.78655,0.78325,0.78394,55873.18
2014-12-25,0.78379,0.78582,0.78354,0.78448,9259.12
2014-12-26,0.78448,0.78541,0.782,0.78273,50869.26
2014-12-28,0.78222,0.78297,0.782,0.78235,3712.86
2014-12-29,0.78242,0.78532,0.78207,0.78331,79163.97
2014-12-30,0.7833,0.7844,0.7809,0.78121,78914.2
2014-12-31,0.78121,0.78167,0.77595,0.77645,71619.11
2015-01-01,0.7764,0.77695,0.77564,0.77583,6267.21
2015-01-02,0.77581,0.78332,0.77448,0.78283,104943.32
2015-01-04,0.78072,0.78501,0.78053,0.7816,10203.01
2015-01-05,0.78161,0.78438,0.78,0.78237,118575.24
2015-01-06,0.78237,0.78743,0.78199,0.78441,117635.8
2015-01-07,0.7844,0.78538,0.78143,0.78336,122646.38
2015-01-08,0.78336,0.78559,0.7805,0.78165,116232.78
2015-01-09,0.78165,0.78246,0.77842,0.78063,119389.32
2015-01-11,0.78044,0.7815,0.78041,0.7814,4547.36
2015-01-12,0.7814,0.78303,0.77857,0.77987,118373.57
2015-01-13,0.77985,0.78298,0.77563,0.77639,129058.49
2015-01-14,0.7764,0.77814,0.77325,0.7735,145334.93
2015-01-15,0.7735,0.77462,0.76272,0.76643,211573.33
2015-01-16,0.76643,0.76723,0.75953,0.76264,143869.9
2015-01-18,0.76332,0.7647,0.76328,0.76357,4161.42
2015-01-19,0.76357,0.76864,0.76296,0.76838,103155.12
2015-01-20,0.76838,0.76923,0.76126,0.7623,111726.02
2015-01-21,0.76231,0.77143,0.76173,0.76692,144878.22
2015-01-22,0.76692,0.76698,0.75534,0.7561,171865.05
2015-01-23,0.7561,0.75823,0.74278,0.74701,162197.13
2015-01-25,0.7429,0.74342,0.74047,0.74307,9360.49
2015-01-26,0.74304,0.75057,0.74262,0.74567,146101.16
2015-01-27,0.74567,0.75116,0.74349,0.74837,145907.04
2015-01-28,0.74834,0.74966,0.74435,0.74519,132220.35
2015-01-29,0.74518,0.75272,0.7442,0.75165,126728.75
2015-01-30,0.75163,0.75361,0.74811,0.74886,123921.69
2015-02-01,0.7491,0.75019,0.74887,0.74955,6497.78
2015-02-02,0.74955,0.75646,0.74908,0.75454,120736.1
2015-02-03,0.75454,0.7592,0.75248,0.75663,126417.17
2015-02-04,0.75662,0.75741,0.74493,0.74552,134990.12
2015-02-05,0.74552,0.75102,0.7455,0.74872,126355.3
2015-02-06,0.74872,0.74872,0.74171,0.74202,106258.53
2015-02-08,0.74162,0.74271,0.7416,0.74236,6613.2
2015-02-09,0.74236,0.74587,0.74126,0.74428,104850.1
2015-02-10,0.74428,0.74452,0.74086,0.74172,117579.3
2015-02-11,0.74173,0.74472,0.73848,0.74197,114003.99
2015-02-12,0.74197,0.74549,0.73716,0.74092,137366.72
2015-02-13,0.74093,0.74334,0.73912,0.73933,113755.33
2015-02-15,0.73887,0.74028,0.73871,0.73995,6886.59
2015-02-16,0.73995,0.7427,0.73778,0.73805,115920.39
2015-02-17,0.73805,0.74434,0.73746,0.74278,121218.08
2015-02-18,0.74278,0.74316,0.73478,0.73851,139374.94
2015-02-19,0.73851,0.74089,0.73568,0.73706,124520.57
2015-02-20,0.73707,0.74287,0.73395,0.7384,152041.05
2015-02-22,0.73993,0.74006,0.73923,0.73954,3845.14
2015-02-23,0.73954,0.7405,0.73254,0.73346,111527.04
2015-02-24,0.73347,0.73487,0.73163,0.73359,121804.24
2015-02-25,0.73359,0.73448,0.73136,0.73185,118110.96
2015-02-26,0.73183,0.73262,0.7261,0.72673,137036.55
2015-02-27,0.72672,0.72974,0.72457,0.72491,129737.33
2015-03-01,0.72482,0.72515,0.72389,0.72442,7916.94
2015-03-02,0.72443,0.7301,0.72426,0.72771,110683.9
2015-03-03,0.72771,0.72884,0.72584,0.72767,113322.9
2015-03-04,0.72767,0.72803,0.72358,0.72586,111784.15
2015-03-05,0.72586,0.72861,0.72196,0.72348,138226.04
2015-03-06,0.72348,0.72385,0.7181,0.72081,130948.11
2015-03-08,0.7199,0.72047,0.71952,0.72017,11248.85
2015-03-09,0.72017,0.72193,0.71698,0.71717,116798.47
2015-03-10,0.71716,0.71761,0.70841,0.71009,165751.39
2015-03-11,0.71009,0.71054,0.70138,0.70625,175984.21
2015-03-12,0.70625,0.71461,0.7034,0.71357,177851.86
2015-03-13,0.71357,0.71718,0.71034,0.71162,150207.11
2015-03-15,0.70978,0.71213,0.70978,0.71053,7225.95
2015-03-16,0.71053,0.71646,0.71049,0.71307,130424.77
2015-03-17,0.71307,0.72162,0.71188,0.71825,125582.13
2015-03-18,0.71825,0.7292,0.71701,0.7251,153991.06
2015-03-19,0.72511,0.72757,0.71535,0.72278,164080.74
2015-03-20,0.7228,0.72652,0.72243,0.72259,131340.6
2015-03-22,0.72373,0.72599,0.72351,0.72441,11623.23
2015-03-23,0.72441,0.73313,0.72276,0.732,166806.04
2015-03-24,0.732,0.73715,0.73028,0.73508,159093.89
2015-03-25,0.73506,0.73848,0.73429,0.73685,141145.7
2015-03-26,0.73685,0.73844,0.73192,0.73269,156365.52
2015-03-27,0.73269,0.73419,0.72654,0.73198,146095.59
2015-03-29,0.73114,0.73149,0.73044,0.73114,7165.66
2015-03-30,0.73115,0.73391,0.72926,0.73124,146323.86
2015-03-31,0.73125,0.73218,0.72222,0.7241,142111.52
2015-04-01,0.7241,0.72981,0.72303,0.72597,151018.69
2015-04-02,0.72597,0.73503,0.7253,0.73305,139276.8
2015-04-03,0.73305,0.73788,0.73253,0.73449,87738.64
2015-04-05,0.73665,0.73781,0.73586,0.73678,8579.65
2015-04-06,0.7368,0.73732,0.73339,0.73435,75762.67
2015-04-07,0.73435,0.73505,0.72842,0.73012,132553.41
2015-04-08,0.73012,0.7314,0.72273,0.72492,134306.24
2015-04-09,0.72495,0.72772,0.72341,0.72479,129215.63
2015-04-10,0.7248,0.72594,0.72236,0.72452,113643.17
2015-04-12,0.72382,0.72504,0.72362,0.7246,4588.01
2015-04-13,0.72459,0.72696,0.71973,0.72071,119875.51
2015-04-14,0.7207,0.72351,0.71814,0.72072,125665.49
2015-04-15,0.72067,0.72165,0.71659,0.71996,135536.58
2015-04-16,0.71995,0.72305,0.71633,0.72071,141208.44
2015-04-17,0.72072,0.72293,0.71684,0.72176,131531.3
2015-04-19,0.72302,0.72329,0.72159,0.72224,4593.3
2015-04-20,0.72225,0.72255,0.71853,0.72087,114244.19
2015-04-21,0.72086,0.72105,0.71698,0.71922,120922.06
2015-04-22,0.71922,0.7206,0.71218,0.71316,121853.53
2015-04-23,0.71315,0.71979,0.71168,0.71843,127184.13
2015-04-24,0.71844,0.72119,0.71473,0.71572,122632.0
2015-04-26,0.71563,0.71629,0.71524,0.7161,3574.49
2015-04-27,0.71606,0.71711,0.71397,0.71449,112609.76
2015-04-28,0.71447,0.71714,0.71317,0.7154,121890.03
2015-04-29,0.71537,0.72243,0.71365,0.72031,146536.46
2015-04-30,0.72033,0.73348,0.71873,0.73022,151999.66
2015-05-01,0.73022,0.74194,0.73002,0.7393,107659.63
2015-05-03,0.73866,0.73967,0.73803,0.73829,8680.48
2015-05-04,0.73829,0.73972,0.73515,0.73727,99374.96
2015-05-05,0.73725,0.73831,0.73149,0.73698,128628.32
2015-05-06,0.73699,0.74496,0.7367,0.74402,136063.31
2015-05-07,0.74401,0.74828,0.72799,0.7303,146165.66
2015-05-08,0.7303,0.73131,0.72248,0.72483,143314.25
2015-05-10,0.72482,0.72553,0.72463,0.72522,4743.23
2015-05-11,0.72522,0.72565,0.71406,0.71545,135460.6
2015-05-12,0.71545,0.72265,0.71515,0.71595,129229.31
2015-05-13,0.71596,0.72278,0.71226,0.72106,142814.0
2015-05-14,0.72105,0.72441,0.72045,0.72294,154409.63
2015-05-15,0.72294,0.72825,0.72055,0.72767,129199.44
2015-05-17,0.72688,0.72761,0.72668,0.72711,3810.24
2015-05-18,0.72711,0.72832,0.72168,0.72298,115966.14
2015-05-19,0.72299,0.72323,0.71497,0.71829,135447.47
2015-05-20,0.71827,0.71856,0.71265,0.71425,146522.72
2015-05-21,0.71426,0.71673,0.70895,0.70947,127473.34
2015-05-22,0.70945,0.71626,0.70932,0.71043,118841.8
2015-05-24,0.71065,0.71125,0.70885,0.71034,6612.77
2015-05-25,0.71033,0.71074,0.7073,0.70895,64975.53
2015-05-26,0.70896,0.70991,0.70604,0.70717,124828.38
2015-05-27,0.70717,0.71134,0.70554,0.71001,117494.41
2015-05-28,0.71001,0.7163,0.70973,0.71553,120710.87
2015-05-29,0.71554,0.72014,0.71396,0.7185,116753.37
2015-05-31,0.71764,0.71881,0.71663,0.71675,4848.36
2015-06-01,0.71673,0.71966,0.71453,0.71864,131069.04
2015-06-02,0.71865,0.73039,0.71794,0.72688,147236.42
2015-06-03,0.72686,0.73574,0.72523,0.73468,139131.32
2015-06-04,0.73467,0.73854,0.7281,0.72962,139564.84
2015-06-05,0.72961,0.73598,0.72693,0.72762,126977.04
2015-06-07,0.72716,0.72772,0.72664,0.7274,3766.22
2015-06-08,0.7274,0.73636,0.72655,0.73521,128196.17
2015-06-09,0.7352,0.73886,0.73273,0.73386,134638.72
2015-06-10,0.73387,0.73648,0.72671,0.72956,147734.44
2015-06-11,0.72956,0.73154,0.72365,0.72476,123181.36
2015-06-12,0.72477,0.7257,0.7196,0.72343,122143.05
2015-06-14,0.72091,0.72194,0.72037,0.72106,5802.59
2015-06-15,0.72106,0.72478,0.7203,0.72283,115256.78
2015-06-16,0.72284,0.72503,0.71751,0.71877,112967.43
2015-06-17,0.71876,0.72128,0.71449,0.71695,129582.73
2015-06-18,0.71696,0.72003,0.71513,0.71609,131929.7
2015-06-19,0.71609,0.71637,0.7125,0.71431,97068.74
2015-06-21,0.71607,0.71659,0.7154,0.71575,3902.34
2015-06-22,0.71573,0.7211,0.71349,0.71684,107952.28
2015-06-23,0.71684,0.71792,0.70801,0.70999,120611.9
2015-06-24,0.70999,0.71442,0.70847,0.71346,109730.74
2015-06-25,0.71347,0.7148,0.71003,0.71145,101409.35
2015-06-26,0.71144,0.71263,0.70743,0.70852,93231.89
2015-06-28,0.70074,0.70157,0.69879,0.69948,13725.08
2015-06-29,0.69948,0.71673,0.69926,0.71326,130640.37
2015-06-30,0.71325,0.71325,0.70737,0.70971,129168.49
2015-07-01,0.70957,0.71288,0.70607,0.70729,122408.09
2015-07-02,0.70728,0.71185,0.70723,0.71016,109643.3
2015-07-03,0.71016,0.7135,0.70966,0.71295,94288.41
2015-07-05,0.70689,0.70897,0.70537,0.70699,9464.37
2015-07-06,0.70698,0.71214,0.70682,0.70819,119139.31
2015-07-07,0.7082,0.71402,0.70599,0.71188,138547.69
2015-07-08,0.71189,0.72236,0.71114,0.72043,130196.98
2015-07-09,0.72041,0.72223,0.71611,0.71955,115428.72
2015-07-10,0.71957,0.72236,0.71745,0.71841,112884.58
2015-07-12,0.71558,0.71832,0.71505,0.71734,5630.64
2015-07-13,0.71733,0.72017,0.70873,0.70951,129035.83
2015-07-14,0.70951,0.71378,0.70367,0.70393,117193.56
2015-07-15,0.70391,0.7068,0.69926,0.6999,121805.3
2015-07-16,0.6999,0.70022,0.69618,0.69712,113342.06
2015-07-17,0.6971,0.69892,0.69359,0.69363,91521.54
2015-07-19,0.69367,0.69464,0.69365,0.69401,3275.25
2015-07-20,0.69399,0.69767,0.69378,0.6958,88361.19
2015-07-21,0.6958,0.70452,0.69468,0.70306,109966.96
2015-07-22,0.70304,0.70364,0.69634,0.69962,106209.47
2015-07-23,0.69961,0.71025,0.6989,0.70798,114066.67
2015-07-24,0.70797,0.70924,0.70532,0.70779,86430.59
2015-07-26,0.70771,0.70784,0.7067,0.70686,2742.32
2015-07-27,0.70685,0.71601,0.70677,0.71249,110654.97
2015-07-28,0.71248,0.71305,0.70718,0.70887,104028.83
2015-07-29,0.70887,0.70991,0.70317,0.70395,108863.07
2015-07-30,0.70393,0.70413,0.69849,0.70111,104715.59
2015-07-31,0.70111,0.70978,0.70031,0.70283,107932.13
2015-08-02,0.70161,0.70278,0.70146,0.70198,3972.13
2015-08-03,0.70198,0.70417,0.70114,0.70241,89686.84
2015-08-04,0.70242,0.70452,0.699,0.69924,101589.9
2015-08-05,0.69924,0.69946,0.69506,0.69875,118063.74
2015-08-06,0.69875,0.70462,0.69687,0.70406,105949.67
2015-08-07,0.70406,0.7095,0.70156,0.70745,95409.44
2015-08-09,0.70729,0.70788,0.70729,0.70751,2990.96
2015-08-10,0.70751,0.70966,0.70525,0.70678,87108.15
2015-08-11,0.70677,0.71171,0.70387,0.70854,101833.76
2015-08-12,0.70854,0.71699,0.70826,0.71455,107251.61
2015-08-13,0.71454,0.71565,0.71009,0.71459,107119.11
2015-08-14,0.71459,0.71585,0.7096,0.70986,96808.26
2015-08-16,0.70991,0.71045,0.70869,0.70893,4550.28
2015-08-17,0.70893,0.71135,0.7064,0.71078,95401.85
2015-08-18,0.71078,0.71163,0.7026,0.70415,93303.9
2015-08-19,0.70416,0.70963,0.70367,0.70892,100681.79
2015-08-20,0.70892,0.7164,0.70892,0.71611,109064.2
2015-08-21,0.7161,0.7259,0.71508,0.72539,111605.35
2015-08-23,0.72553,0.72687,0.72476,0.72574,8757.48
2015-08-24,0.72573,0.74212,0.72552,0.73476,165521.12
2015-08-25,0.73477,0.73613,0.72584,0.73596,145399.04
2015-08-26,0.73605,0.73643,0.72918,0.73248,164466.52
2015-08-27,0.73248,0.73346,0.72762,0.72953,145380.36
2015-08-28,0.72955,0.73541,0.72585,0.72618,116419.91
2015-08-30,0.72479,0.7275,0.72389,0.72726,6403.68
2015-08-31,0.72725,0.73219,0.7262,0.73059,91264.68
2015-09-01,0.73058,0.73944,0.73051,0.73813,130815.27
2015-09-02,0.73812,0.73881,0.73251,0.73254,116712.11
2015-09-03,0.73254,0.73743,0.72761,0.72902,104734.94
2015-09-04,0.729,0.73509,0.72836,0.73449,98661.69
2015-09-06,0.73505,0.73524,0.7334,0.73398,4557.22
2015-09-07,0.73399,0.73571,0.72989,0.73054,100666.29
2015-09-08,0.73054,0.73297,0.72412,0.72783,115121.79
2015-09-09,0.72784,0.73067,0.72399,0.73046,117060.21
2015-09-10,0.73046,0.73194,0.72423,0.73068,130065.95
2015-09-11,0.73066,0.73558,0.72939,0.73447,98105.66
2015-09-13,0.73421,0.73567,0.73404,0.73428,4756.39
2015-09-14,0.73429,0.73587,0.73247,0.733,92755.49
2015-09-15,0.73299,0.7357,0.73122,0.73449,98273.99
2015-09-16,0.7345,0.7359,0.72656,0.72783,105718.45
2015-09-17,0.72783,0.73387,0.72754,0.73245,119435.45
2015-09-18,0.73244,0.73405,0.72625,0.72726,114645.32
2015-09-20,0.72654,0.72785,0.72638,0.72712,5401.89
2015-09-21,0.72714,0.72846,0.72102,0.72148,94028.82
2015-09-22,0.72146,0.72565,0.71963,0.72431,101509.37
2015-09-23,0.7243,0.73465,0.72358,0.73363,107205.75
2015-09-24,0.73361,0.74103,0.73219,0.73402,118493.72
2015-09-25,0.73405,0.73969,0.73022,0.73738,101487.28
2015-09-27,0.73627,0.73679,0.73544,0.73666,4436.71
2015-09-28,0.73664,0.74121,0.73353,0.74057,105751.52
2015-09-29,0.74058,0.74363,0.73802,0.74252,126043.13
2015-09-30,0.74251,0.74303,0.73616,0.73867,119311.2
2015-10-01,0.73866,0.73988,0.73556,0.7393,101428.29
2015-10-02,0.7393,0.74422,0.73544,0.73805,107161.84
2015-10-04,0.7382,0.73915,0.73815,0.73875,8383.58
2015-10-05,0.73871,0.7423,0.73729,0.73874,110156.6
2015-10-06,0.73874,0.74084,0.73697,0.73996,103047.98
2015-10-07,0.73996,0.74041,0.73327,0.73374,122753.1
2015-10-08,0.73374,0.7378,0.73363,0.73509,121940.67
2015-10-09,0.7351,0.74298,0.7336,0.74137,111796.2
2015-10-11,0.74155,0.74202,0.74141,0.74195,9263.01
2015-10-12,0.74195,0.74251,0.73963,0.74021,84429.08
2015-10-13,0.74021,0.74926,0.73924,0.74616,110927.43
2015-10-14,0.74616,0.74743,0.7401,0.74129,122210.23
2015-10-15,0.74128,0.74236,0.73422,0.73469,118457.0
2015-10-16,0.73468,0.73688,0.73381,0.73468,93922.92
2015-10-18,0.73563,0.73589,0.73511,0.73581,5549.97
2015-10-19,0.7358,0.73722,0.73036,0.73225,89171.86
2015-10-20,0.73224,0.7356,0.73131,0.73508,90737.81
2015-10-21,0.73507,0.73732,0.73326,0.73574,93883.09
2015-10-22,0.73576,0.73581,0.72001,0.72028,130303.71
2015-10-23,0.7203,0.72316,0.71682,0.71928,114221.08
2015-10-25,0.71803,0.71978,0.71801,0.71948,7701.56
2015-10-26,0.71948,0.72111,0.71784,0.72026,91797.78
2015-10-27,0.72026,0.7227,0.71908,0.7205,93083.71
2015-10-28,0.72052,0.72498,0.71455,0.71537,110434.07
2015-10-29,0.71536,0.71916,0.71438,0.71722,116621.27
2015-10-30,0.71722,0.71992,0.71233,0.71314,124265.43
2015-11-01,0.71378,0.7147,0.71361,0.71392,5614.77
2015-11-02,0.71392,0.71638,0.71071,0.71416,91075.29
2015-11-03,0.71416,0.71472,0.70998,0.71092,93913.89
2015-11-04,0.71092,0.711,0.70538,0.706,105635.34
2015-11-05,0.706,0.716,0.70413,0.71553,107282.82
2015-11-06,0.71553,0.71969,0.71086,0.7133,109164.01
2015-11-08,0.7126,0.71335,0.71247,0.71272,4609.0
2015-11-09,0.71271,0.7154,0.7108,0.71164,114520.49
2015-11-10,0.71163,0.71273,0.70675,0.70927,103549.99
2015-11-11,0.7093,0.71041,0.70493,0.70702,98295.7
2015-11-12,0.70704,0.71097,0.70404,0.70955,117544.12
2015-11-13,0.70955,0.70984,0.70413,0.70682,107540.55
2015-11-15,0.70492,0.70557,0.70227,0.70308,6792.1
2015-11-16,0.70309,0.70789,0.70211,0.70304,108161.13
2015-11-17,0.70304,0.7033,0.69845,0.69944,111373.34
2015-11-18,0.69944,0.702,0.69818,0.7002,108348.97
2015-11-19,0.7002,0.70265,0.69828,0.70164,116848.01
2015-11-20,0.70163,0.70194,0.69847,0.70072,101406.25
2015-11-22,0.70031,0.70096,0.69993,0.70031,3970.9
2015-11-23,0.70031,0.70348,0.69917,0.70316,107797.91
2015-11-24,0.70318,0.70798,0.70146,0.70573,107188.18
2015-11-25,0.70573,0.70794,0.70029,0.70238,115115.71
2015-11-26,0.70237,0.70437,0.70151,0.7023,79890.12
2015-11-27,0.7023,0.7051,0.70184,0.70451,92181.42
2015-11-29,0.70402,0.70449,0.70358,0.70372,3157.29
2015-11-30,0.70373,0.70514,0.70127,0.70196,102050.57
2015-12-01,0.70197,0.70514,0.70067,0.70477,125451.68
2015-12-02,0.70477,0.71107,0.70297,0.70982,128452.68
2015-12-03,0.70982,0.72509,0.70483,0.72139,160567.52
2015-12-04,0.72139,0.72364,0.718,0.71983,143920.25
2015-12-06,0.71904,0.72047,0.71904,0.72009,5165.17
2015-12-07,0.72009,0.7211,0.71636,0.71986,110174.91
2015-12-08,0.71986,0.72793,0.71979,0.72568,119894.1
2015-12-09,0.72568,0.72738,0.72193,0.72564,131848.63
2015-12-10,0.72563,0.72579,0.72035,0.72202,116805.18
2015-12-11,0.72201,0.72505,0.72071,0.72178,112712.29
2015-12-13,0.72098,0.72285,0.72088,0.72255,4151.16
2015-12-14,0.72252,0.73006,0.72063,0.72508,133728.11
2015-12-15,0.72507,0.73013,0.72148,0.72672,130871.31
2015-12-16,0.72672,0.73059,0.72528,0.72604,150769.33
2015-12-17,0.72604,0.72959,0.72391,0.72623,122469.9
2015-12-18,0.72625,0.72983,0.72399,0.72949,119779.98
2015-12-20,0.72797,0.72933,0.72797,0.72906,3568.7
2015-12-21,0.72907,0.73456,0.72787,0.73262,103630.96
2015-12-22,0.7326,0.74157,0.73201,0.73869,96228.64
2015-12-23,0.73868,0.73871,0.7307,0.73331,93907.28
2015-12-24,0.73332,0.73706,0.7319,0.73438,58267.77
2015-12-25,0.73437,0.73494,0.73173,0.73359,3663.82
2015-12-27,0.73378,0.73528,0.73306,0.73458,4725.97
2015-12-28,0.73458,0.73812,0.73439,0.73689,83618.85
2015-12-29,0.7369,0.74082,0.73522,0.73711,86962.19
2015-12-30,0.7371,0.73882,0.73488,0.73789,87603.93
2015-12-31,0.73788,0.73839,0.73342,0.73705,78924.55
2016-01-03,0.7378,0.7378,0.73615,0.73638,4224.08
2016-01-04,0.73638,0.74238,0.73463,0.73569,121163.67
2016-01-05,0.73569,0.73641,0.73122,0.73254,126333.77
2016-01-06,0.73255,0.73788,0.73193,0.73665,147332.02
2016-01-07,0.73662,0.74832,0.73627,0.74712,160160.11
2016-01-08,0.74712,0.75297,0.7421,0.75221,149480.96
2016-01-10,0.75116,0.75542,0.75116,0.75293,9917.98
2016-01-11,0.75292,0.754,0.74423,0.74643,142619.41
2016-01-12,0.74643,0.7548,0.74518,0.75108,153278.05
2016-01-13,0.75108,0.75574,0.74662,0.75533,147042.24
2016-01-14,0.75534,0.76066,0.75219,0.75267,178923.52
2016-01-15,0.75267,0.76942,0.75266,0.7655,191954.74
2016-01-17,0.76623,0.76633,0.76486,0.76491,4845.85
2016-01-18,0.76491,0.76607,0.75953,0.76423,118604.21
2016-01-19,0.76424,0.77129,0.75824,0.76943,160135.05
2016-01-20,0.76943,0.77554,0.76573,0.76584,190510.93
2016-01-21,0.76586,0.77419,0.76168,0.76322,231541.3
2016-01-22,0.76322,0.76361,0.75254,0.75646,195861.62
2016-01-24,0.75616,0.75745,0.75601,0.75745,3527.02
2016-01-25,0.75741,0.76208,0.75523,0.762,171355.34
2016-01-26,0.76198,0.76638,0.75498,0.7573,172748.96
2016-01-27,0.7573,0.76659,0.75637,0.76534,178617.84
2016-01-28,0.76533,0.76628,0.75941,0.76155,178154.21
2016-01-29,0.76151,0.76488,0.75611,0.76026,185789.74
2016-01-31,0.75985,0.76096,0.75972,0.75995,5678.33
2016-02-01,0.75991,0.76229,0.75398,0.7553,165256.76
2016-02-02,0.75529,0.76162,0.75486,0.75784,156596.22
2016-02-03,0.75783,0.76147,0.75258,0.7605,175463.04
2016-02-04,0.7605,0.77017,0.75924,0.76814,202533.44
2016-02-05,0.76814,0.77163,0.76697,0.76912,157939.02
2016-02-07,0.76903,0.76909,0.76782,0.76803,4857.63
2016-02-08,0.76802,0.77667,0.76608,0.7751,167385.46
2016-02-09,0.7751,0.78507,0.77305,0.78051,212288.87
2016-02-10,0.78051,0.78182,0.77128,0.77694,197325.7
2016-02-11,0.77693,0.78972,0.77567,0.78151,201935.63
2016-02-12,0.7815,0.78276,0.7742,0.77578,169965.34
2016-02-14,0.77482,0.77598,0.77274,0.77293,7612.41
2016-02-15,0.77294,0.77463,0.76973,0.77318,138055.89
2016-02-16,0.77318,0.78123,0.76953,0.77902,143847.44
2016-02-17,0.77902,0.78447,0.77616,0.77856,150979.06
2016-02-18,0.77856,0.78161,0.77073,0.77512,148498.6
2016-02-19,0.77512,0.77931,0.77239,0.77257,138659.87
2016-02-21,0.77868,0.77991,0.77673,0.77974,9107.6
2016-02-22,0.77972,0.78434,0.77683,0.77918,147403.09
2016-02-23,0.77919,0.78701,0.77759,0.78701,157919.62
2016-02-24,0.787,0.79247,0.78544,0.79068,170465.96
2016-02-25,0.79068,0.79285,0.78795,0.78914,147336.7
2016-02-26,0.78915,0.79224,0.78432,0.78781,147896.74
2016-02-28,0.78727,0.78824,0.78715,0.78803,8397.52
2016-02-29,0.78803,0.78971,0.77909,0.78158,151576.74
2016-03-01,0.78158,0.78208,0.77571,0.77902,149326.7
2016-03-02,0.77903,0.78133,0.76909,0.77197,164899.49
2016-03-03,0.77199,0.77498,0.77046,0.77229,148638.47
2016-03-04,0.7723,0.77723,0.7721,0.77266,138572.59
2016-03-06,0.77282,0.77349,0.77272,0.77342,5945.61
2016-03-07,0.77343,0.77488,0.77131,0.77221,121654.52
2016-03-08,0.77221,0.77924,0.77202,0.77431,131883.23
2016-03-09,0.77433,0.77561,0.77004,0.77325,125769.32
2016-03-10,0.77325,0.78478,0.76521,0.78234,183727.97
2016-03-11,0.78234,0.7847,0.77378,0.77502,133825.96
2016-03-13,0.77445,0.77691,0.77394,0.77647,11407.7
2016-03-14,0.77647,0.77785,0.77352,0.77727,112780.27
2016-03-15,0.77728,0.78608,0.77692,0.78461,125175.63
2016-03-16,0.7846,0.78854,0.78423,0.78702,134779.12
2016-03-17,0.78703,0.79109,0.78074,0.78167,155161.2
2016-03-18,0.78167,0.78296,0.77742,0.77808,115443.55
2016-03-20,0.77938,0.77987,0.77851,0.77957,6305.39
2016-03-21,0.77958,0.78375,0.77945,0.78199,118443.18
2016-03-22,0.78201,0.79055,0.78138,0.78889,109350.42
2016-03-23,0.78889,0.79335,0.78816,0.79191,95610.22
2016-03-24,0.79191,0.79463,0.78823,0.78991,97268.59
2016-03-25,0.78989,0.79116,0.78854,0.78983,32781.56
2016-03-27,0.7902,0.7902,0.78921,0.78961,4876.17
2016-03-28,0.7896,0.79015,0.78431,0.78542,47110.99
2016-03-29,0.78543,0.78723,0.78304,0.78475,118213.88
2016-03-30,0.78476,0.78861,0.78343,0.78849,105959.66
2016-03-31,0.78849,0.79444,0.78788,0.79203,100061.1
2016-04-01,0.79203,0.80199,0.79186,0.80066,114231.13
2016-04-03,0.80148,0.8015,0.80063,0.80097,3218.04
2016-04-04,0.801,0.80159,0.79597,0.79831,90528.56
2016-04-05,0.79831,0.80542,0.79799,0.80386,100849.26
2016-04-06,0.80386,0.81045,0.8023,0.80666,106638.49
2016-04-07,0.80665,0.81167,0.80452,0.80883,112195.48
2016-04-08,0.80884,0.8093,0.80465,0.80675,102290.61
2016-04-10,0.80857,0.80867,0.80693,0.80703,5761.83
2016-04-11,0.80703,0.8089,0.79948,0.80164,91907.36
2016-04-12,0.80164,0.80283,0.79608,0.79789,121551.32
2016-04-13,0.79786,0.79836,0.79249,0.79482,121819.89
2016-04-14,0.79481,0.79813,0.79429,0.79662,109966.05
2016-04-15,0.79662,0.79758,0.79383,0.79435,90187.6
2016-04-17,0.79537,0.79708,0.79536,0.79665,9806.65
2016-04-18,0.79667,0.79932,0.79113,0.79157,98019.04
2016-04-19,0.79156,0.79246,0.78819,0.78946,108276.74
2016-04-20,0.78946,0.79152,0.78634,0.78832,113445.79
2016-04-21,0.7883,0.78976,0.78541,0.7882,119694.06
2016-04-22,0.7882,0.78835,0.77803,0.77877,108774.9
2016-04-24,0.77518,0.77781,0.77512,0.77749,9173.1
2016-04-25,0.77748,0.78111,0.77545,0.77766,114566.82
2016-04-26,0.77767,0.77792,0.77349,0.77505,120419.82
2016-04-27,0.77505,0.77936,0.77382,0.77902,140303.38
2016-04-28,0.77902,0.78038,0.77543,0.77728,130613.93
2016-04-29,0.77728,0.78421,0.77653,0.78346,131655.01
2016-05-01,0.78536,0.7855,0.78455,0.78474,7749.83
2016-05-02,0.78474,0.7865,0.78212,0.78589,104903.58
2016-05-03,0.78588,0.79202,0.78418,0.79048,128547.18
2016-05-04,0.79051,0.79467,0.78925,0.79216,116440.7
2016-05-05,0.79216,0.79228,0.78617,0.78667,100963.28
2016-05-06,0.78666,0.7918,0.78649,0.78984,106499.47
2016-05-08,0.79032,0.7906,0.78893,0.78923,6152.66
2016-05-09,0.78921,0.79275,0.7867,0.78982,99436.82
2016-05-10,0.78982,0.79037,0.78663,0.78702,100753.5
2016-05-11,0.78703,0.79191,0.78652,0.79138,92136.87
2016-05-12,0.79138,0.79186,0.78456,0.78739,104819.08
2016-05-13,0.78739,0.78827,0.78582,0.7873,111300.43
2016-05-15,0.78759,0.7888,0.78717,0.78859,4470.74
2016-05-16,0.78859,0.78934,0.78212,0.78335,82057.68
2016-05-17,0.78337,0.7856,0.78006,0.78261,103970.61
2016-05-18,0.78262,0.78311,0.76814,0.76873,124455.5
2016-05-19,0.76876,0.77029,0.76493,0.76735,117718.69
2016-05-20,0.76735,0.77427,0.76695,0.77375,93715.09
2016-05-22,0.77265,0.77447,0.77265,0.77434,3324.27
2016-05-23,0.77434,0.77539,0.77047,0.77441,99651.38
2016-05-24,0.7744,0.77471,0.76098,0.76199,114668.18
2016-05-25,0.76197,0.76391,0.75647,0.75903,117412.38
2016-05-26,0.75906,0.76347,0.75786,0.76312,114974.32
2016-05-27,0.76311,0.76443,0.75989,0.7599,111092.13
2016-05-29,0.76056,0.76081,0.75949,0.75959,7261.15
2016-05-30,0.7596,0.7632,0.7589,0.76174,82513.95
2016-05-31,0.76174,0.7696,0.75724,0.76873,139508.47
2016-06-01,0.7687,0.77672,0.76709,0.77582,135156.82
2016-06-02,0.77582,0.77753,0.77199,0.77404,125248.66
2016-06-03,0.77407,0.78338,0.77199,0.78259,132630.54
2016-06-05,0.78466,0.79053,0.78443,0.78888,13368.51
2016-06-06,0.78889,0.79002,0.7849,0.78592,148210.59
2016-06-07,0.78591,0.786,0.7752,0.78084,129510.8
2016-06-08,0.78085,0.78594,0.77953,0.78561,116700.33
2016-06-09,0.7856,0.78785,0.78068,0.78189,119131.92
2016-06-10,0.78191,0.79314,0.78089,0.78885,119577.64
2016-06-12,0.78795,0.7935,0.78795,0.79198,12614.47
2016-06-13,0.79195,0.79856,0.78771,0.7946,151130.44
2016-06-14,0.7946,0.79724,0.79096,0.79399,128896.21
2016-06-15,0.79399,0.79672,0.78923,0.7933,127714.82
2016-06-16,0.79328,0.79947,0.78737,0.78839,149246.15
2016-06-17,0.78849,0.79083,0.78417,0.78486,121004.9
2016-06-19,0.78278,0.78339,0.77707,0.77809,14272.95
2016-06-20,0.7781,0.78076,0.76914,0.77152,163102.98
2016-06-21,0.77154,0.77438,0.76548,0.76709,141410.06
2016-06-22,0.76711,0.77167,0.76411,0.76581,157460.27
2016-06-23,0.76581,0.79142,0.75993,0.77828,213779.55
2016-06-24,0.77828,0.83142,0.77315,0.81204,297963.83
2016-06-26,0.81987,0.82434,0.81797,0.82125,17933.11
2016-06-27,0.82128,0.83789,0.82014,0.83267,205050.88
2016-06-28,0.83266,0.83376,0.82564,0.8293,166789.24
2016-06-29,0.8293,0.83203,0.82056,0.8267,172758.08
2016-06-30,0.8267,0.83823,0.82406,0.83278,197098.48
2016-07-01,0.83278,0.84056,0.83153,0.83871,139201.58
2016-07-03,0.83827,0.83994,0.8375,0.83759,6203.61
2016-07-04,0.83759,0.83987,0.83525,0.83915,114921.56
2016-07-05,0.83916,0.85475,0.83891,0.85346,157888.06
2016-07-06,0.85347,0.86268,0.85076,0.85893,177284.25
2016-07-07,0.85892,0.85936,0.84903,0.85688,144601.44
2016-07-08,0.85687,0.85758,0.85028,0.85254,119611.44
2016-07-10,0.85286,0.85411,0.85281,0.85325,10642.52
2016-07-11,0.85326,0.85789,0.84844,0.8515,145556.65
2016-07-12,0.8515,0.85191,0.83275,0.83341,172328.21
2016-07-13,0.83341,0.84694,0.82994,0.84564,168880.34
2016-07-14,0.84563,0.84649,0.82491,0.83175,168700.03
2016-07-15,0.83175,0.84167,0.82616,0.83604,168615.84
2016-07-17,0.83722,0.83787,0.833,0.83539,11433.5
2016-07-18,0.83542,0.83719,0.83197,0.83433,126432.66
2016-07-19,0.83435,0.84269,0.83414,0.8403,140548.49
2016-07-20,0.84032,0.84236,0.83012,0.83168,331749.38
2016-07-21,0.83168,0.83828,0.83109,0.83343,524069.01
2016-07-22,0.83343,0.84197,0.82995,0.83721,457800.83
2016-07-24,0.83469,0.83613,0.83439,0.83578,18409.73
2016-07-25,0.83578,0.83956,0.83371,0.8385,385298.41
2016-07-26,0.8385,0.8426,0.83514,0.83559,499565.94
2016-07-27,0.83559,0.84118,0.83495,0.83656,539704.75
2016-07-28,0.83657,0.84504,0.83573,0.84191,485129.22
2016-07-29,0.84192,0.84777,0.83871,0.84449,491621.15
2016-07-31,0.84462,0.84591,0.8439,0.84486,15337.44
2016-08-01,0.84485,0.84874,0.84169,0.84689,387628.6
2016-08-02,0.84688,0.84921,0.83995,0.84107,491880.64
2016-08-03,0.84109,0.84324,0.83637,0.83662,414596.45
2016-08-04,0.83662,0.84961,0.83438,0.84813,451537.64
2016-08-05,0.84813,0.85042,0.84633,0.84795,335427.17
2016-08-07,0.84694,0.8483,0.84693,0.84792,12201.93
2016-08-08,0.84792,0.85083,0.84689,0.85055,270020.41
2016-08-09,0.85057,0.85659,0.85054,0.85436,281990.98
2016-08-10,0.85436,0.85976,0.85171,0.85902,320481.53
2016-08-11,0.85902,0.86233,0.85764,0.85976,287291.59
2016-08-12,0.85976,0.86525,0.85838,0.86374,266509.45
2016-08-14,0.86355,0.86503,0.86355,0.86481,15014.53
2016-08-15,0.86481,0.87027,0.86209,0.86812,242617.47
2016-08-16,0.86812,0.87244,0.86295,0.86537,318758.2
2016-08-17,0.86537,0.86727,0.86277,0.8661,291131.15
2016-08-18,0.86609,0.86721,0.85908,0.86204,327362.54
2016-08-19,0.86206,0.86918,0.86093,0.86592,271174.86
2016-08-21,0.86591,0.86638,0.8648,0.86485,23370.63
2016-08-22,0.86485,0.86534,0.86092,0.8617,308110.31
2016-08-23,0.8617,0.86289,0.85622,0.85631,331200.06
2016-08-24,0.85631,0.85786,0.84851,0.85069,321635.9
2016-08-25,0.85069,0.85662,0.84994,0.85553,276834.58
2016-08-26,0.85553,0.85651,0.85179,0.85195,351914.0
2016-08-28,0.85236,0.85326,0.85197,0.85301,17230.46
2016-08-29,0.85302,0.85502,0.85292,0.8538,332498.38
2016-08-30,0.85379,0.85518,0.84973,0.85171,324056.27
2016-08-31,0.8517,0.85258,0.84729,0.84942,364474.69
2016-09-01,0.84942,0.84975,0.83876,0.84353,386852.88
2016-09-02,0.84354,0.84447,0.83754,0.83891,370287.6
2016-09-04,0.83807,0.83943,0.83792,0.83926,13664.45
2016-09-05,0.83926,0.84061,0.83521,0.83765,284611.48
2016-09-06,0.83765,0.83874,0.8333,0.83827,355556.8
2016-09-07,0.83827,0.84346,0.83743,0.84252,333723.87
2016-09-08,0.84251,0.84949,0.84216,0.84672,395895.21
2016-09-09,0.84672,0.84844,0.84395,0.84644,360247.4
2016-09-11,0.84639,0.84755,0.84614,0.84685,14384.8
2016-09-12,0.84685,0.84839,0.84211,0.84283,375878.25
2016-09-13,0.84283,0.85342,0.84198,0.85039,371570.65
2016-09-14,0.85038,0.85447,0.84672,0.84785,428185.03
2016-09-15,0.84785,0.85389,0.84733,0.84899,392809.8
2016-09-16,0.849,0.85814,0.8486,0.85761,345519.74
2016-09-18,0.85749,0.85806,0.85689,0.85745,18550.64
2016-09-19,0.85747,0.85803,0.85349,0.85709,340607.99
2016-09-20,0.85709,0.86311,0.85627,0.859,345740.86
2016-09-21,0.85899,0.86075,0.85665,0.85851,519355.21
2016-09-22,0.85851,0.86106,0.85617,0.85666,435599.54
2016-09-23,0.85667,0.86793,0.85629,0.86553,457386.76
2016-09-25,0.86583,0.86663,0.86531,0.86585,15624.33
2016-09-26,0.86585,0.87162,0.86464,0.86749,432531.66
2016-09-27,0.86749,0.86932,0.86096,0.86219,429388.88
2016-09-28,0.86218,0.86391,0.8589,0.86083,513083.29
2016-09-29,0.86084,0.86684,0.85993,0.86521,497343.93
2016-09-30,0.86519,0.86723,0.86042,0.86544,495673.04
2016-10-02,0.86898,0.86944,0.86796,0.86872,23400.83
2016-10-03,0.86872,0.87467,0.86768,0.87162,359082.82
2016-10-04,0.87164,0.88105,0.87079,0.8805,506512.58
2016-10-05,0.88049,0.88427,0.87764,0.87865,476879.12
2016-10-06,0.87865,0.9326,0.8785,0.89923,454588.56
2016-10-07,0.89922,0.91006,0.89022,0.90032,519025.62
2016-10-09,0.90177,0.90222,0.89916,0.90018,17979.49
2016-10-10,0.90017,0.90393,0.89799,0.90227,336737.75
2016-10-11,0.90228,0.91411,0.89954,0.90087,509074.09
2016-10-12,0.90088,0.90545,0.89667,0.90341,437306.22
2016-10-13,0.90341,0.90674,0.89994,0.90359,431637.26
2016-10-14,0.90359,0.90467,0.89744,0.89988,385240.09
2016-10-16,0.90248,0.90271,0.90011,0.90049,19943.19
2016-10-17,0.90048,0.90577,0.8998,0.90105,344092.69
2016-10-18,0.90106,0.9017,0.89133,0.89212,362115.71
2016-10-19,0.89212,0.89571,0.89,0.89262,328142.71
2016-10-20,0.89262,0.90261,0.89099,0.89171,340840.71
2016-10-21,0.89171,0.89402,0.88802,0.88922,353280.8
2016-10-23,0.88996,0.89082,0.88973,0.89043,11277.03
2016-10-24,0.89044,0.89262,0.88842,0.88945,194489.72
2016-10-25,0.88945,0.89801,0.88896,0.89399,135755.28
2016-10-26,0.89397,0.89646,0.89034,0.89157,118788.88
2016-10-27,0.89156,0.89792,0.88938,0.89537,130959.55
2016-10-28,0.89536,0.9018,0.8945,0.90089,137030.09
2016-10-30,0.90223,0.90236,0.89918,0.89966,11610.12
2016-10-31,0.89968,0.90146,0.89538,0.89656,123771.56
2016-11-01,0.89657,0.90443,0.89478,0.90342,142844.59
2016-11-02,0.90344,0.90485,0.89803,0.90164,155847.01
2016-11-03,0.90164,0.90221,0.88587,0.89038,181709.67
2016-11-04,0.89039,0.89156,0.8857,0.88985,141041.9
2016-11-06,0.88784,0.89033,0.88752,0.88844,12565.96
2016-11-07,0.88843,0.89376,0.88807,0.89113,141640.73
2016-11-08,0.89112,0.89325,0.88842,0.88956,142024.47
2016-11-09,0.88957,0.90251,0.87629,0.87914,304195.68
2016-11-10,0.87918,0.88248,0.8662,0.86742,208313.15
2016-11-11,0.8674,0.86899,0.85668,0.8614,193645.21
2016-11-13,0.86141,0.86257,0.86022,0.86048,11673.66
2016-11-14,0.86047,0.86357,0.85807,0.85846,213827.15
2016-11-15,0.85845,0.87068,0.85683,0.86122,198712.25
2016-11-16,0.86122,0.86266,0.85724,0.86064,178872.77
2016-11-17,0.86064,0.86242,0.85473,0.85589,179650.97
2016-11-18,0.85589,0.86355,0.85263,0.85717,193415.92
2016-11-20,0.8578,0.85887,0.85687,0.85867,9244.44
2016-11-21,0.85867,0.86386,0.84887,0.85147,165392.37
2016-11-22,0.85146,0.85713,0.84951,0.85586,140347.53
2016-11-23,0.85583,0.85941,0.84648,0.84824,161245.96
2016-11-24,0.84825,0.85018,0.84597,0.84802,148310.69
2016-11-25,0.84801,0.85446,0.84691,0.84807,171231.56
2016-11-27,0.85089,0.85094,0.84971,0.85005,5076.58
2016-11-28,0.85003,0.85666,0.85001,0.8557,153650.78
2016-11-29,0.8557,0.8558,0.84666,0.85237,145715.81
2016-11-30,0.85237,0.85778,0.84557,0.84623,171585.03
2016-12-01,0.84621,0.84852,0.8369,0.84694,192874.51
2016-12-02,0.84692,0.84837,0.83727,0.83761,176766.46
2016-12-04,0.83742,0.83797,0.83104,0.83408,21715.45
2016-12-05,0.83408,0.8479,0.83044,0.84513,226606.6
2016-12-06,0.84514,0.84627,0.84063,0.84585,169123.31
2016-12-07,0.84586,0.85498,0.84565,0.85198,147929.03
2016-12-08,0.85198,0.85719,0.84246,0.84394,191971.42
2016-12-09,0.84393,0.84574,0.83717,0.83981,152440.17
2016-12-11,0.83735,0.83808,0.83696,0.83734,6862.21
2016-12-12,0.83733,0.84284,0.83613,0.83944,170385.3
2016-12-13,0.83943,0.84103,0.83419,0.83934,168957.55
2016-12-14,0.83935,0.84206,0.83517,0.8385,196743.37
2016-12-15,0.83851,0.83999,0.8332,0.83855,247588.09
2016-12-16,0.83854,0.84262,0.83549,0.83619,199085.04
2016-12-18,0.83625,0.83736,0.83572,0.83639,6631.68
2016-12-19,0.83636,0.84499,0.83609,0.83971,185644.15
2016-12-20,0.83971,0.8426,0.83743,0.84033,170821.73
2016-12-21,0.84035,0.84542,0.84032,0.84402,163993.36
2016-12-22,0.84403,0.85103,0.84331,0.8497,151475.56
2016-12-23,0.84969,0.85388,0.84917,0.85051,134294.05
2016-12-25,0.84984,0.85224,0.84981,0.8502,5519.47
2016-12-26,0.85022,0.85268,0.84876,0.85162,79932.22
2016-12-27,0.85162,0.85395,0.84993,0.85225,111936.54
2016-12-28,0.85226,0.85366,0.84892,0.85215,149018.23
2016-12-29,0.85216,0.8667,0.8516,0.86021,176412.36
2016-12-30,0.86019,0.86094,0.85154,0.85184,200099.11
2017-01-01,0.85136,0.85329,0.85128,0.85183,711.25
2017-01-02,0.85177,0.85302,0.84898,0.85144,77739.86
2017-01-03,0.85147,0.85296,0.84499,0.85075,174475.14
2017-01-04,0.85074,0.85373,0.84794,0.85161,195688.17
2017-01-05,0.85159,0.85819,0.85156,0.8536,216730.04
2017-01-06,0.85359,0.85892,0.85329,0.85686,176077.55
2017-01-08,0.85946,0.85958,0.85829,0.85895,5121.33
2017-01-09,0.85893,0.87022,0.85853,0.86974,183804.79
2017-01-10,0.86977,0.87632,0.86647,0.86673,201872.38
2017-01-11,0.86673,0.87052,0.86474,0.86766,232505.71
2017-01-12,0.86766,0.87478,0.86549,0.8726,239401.34
2017-01-13,0.87259,0.87675,0.86932,0.87329,202391.16
2017-01-15,0.88366,0.88519,0.88145,0.88279,9725.97
2017-01-16,0.88279,0.88518,0.87627,0.88056,214942.5
2017-01-17,0.88053,0.88136,0.86246,0.86347,252346.4
2017-01-18,0.86349,0.87068,0.8632,0.8668,214792.67
2017-01-19,0.8668,0.86785,0.86096,0.86395,228589.43
2017-01-20,0.86395,0.86721,0.86298,0.86462,213823.57
2017-01-22,0.86455,0.86528,0.86432,0.86485,7448.39
2017-01-23,0.86485,0.86632,0.85827,0.85964,208404.6
2017-01-24,0.85963,0.86508,0.85585,0.85604,211467.37
2017-01-25,0.85604,0.85792,0.84969,0.85103,201337.22
2017-01-26,0.85102,0.85331,0.84702,0.8481,194912.1
2017-01-27,0.84813,0.85382,0.84773,0.85227,170281.61
2017-01-29,0.8513,0.85293,0.85012,0.85079,6242.9
2017-01-30,0.85083,0.85782,0.84893,0.85652,163822.06
2017-01-31,0.85651,0.86338,0.85463,0.85805,204983.93
2017-02-01,0.85802,0.85941,0.84928,0.85036,190922.96
2017-02-02,0.85036,0.8625,0.85,0.85956,189290.3
2017-02-03,0.85957,0.86418,0.85738,0.86347,171940.7
2017-02-05,0.86377,0.86439,0.86322,0.86367,3958.85
2017-02-06,0.86369,0.86392,0.85917,0.86159,160626.17
2017-02-07,0.8616,0.86389,0.85319,0.85453,180638.41
2017-02-08,0.85452,0.85518,0.8509,0.85362,164985.34
2017-02-09,0.85363,0.85475,0.84935,0.85286,156853.37
2017-02-10,0.85284,0.8551,0.85021,0.85167,160549.45
2017-02-12,0.85114,0.85185,0.85039,0.85065,7328.77
2017-02-13,0.85067,0.85136,0.84556,0.84631,152239.83
2017-02-14,0.84631,0.85296,0.84579,0.84823,175193.93
2017-02-15,0.84824,0.85213,0.84657,0.85041,178245.29
2017-02-16,0.85041,0.85521,0.84863,0.85457,170322.89
2017-02-17,0.85458,0.85914,0.85192,0.85522,155271.19
2017-02-19,0.85484,0.85557,0.85436,0.8548,7159.73
2017-02-20,0.85478,0.85528,0.85039,0.85056,128057.15
2017-02-21,0.85055,0.85149,0.84387,0.8441,149467.65
2017-02-22,0.84409,0.84914,0.84024,0.84723,167560.96
2017-02-23,0.84725,0.84936,0.84216,0.84298,150757.22
2017-02-24,0.84299,0.84917,0.84217,0.84712,148414.23
2017-02-26,0.84671,0.85197,0.84655,0.8509,12466.4
2017-02-27,0.85092,0.85397,0.84954,0.85097,157647.33
2017-02-28,0.85096,0.85495,0.85052,0.8538,163145.77
2017-03-01,0.8538,0.85881,0.85095,0.85857,186679.96
2017-03-02,0.85858,0.85903,0.85472,0.85598,156501.67
2017-03-03,0.85599,0.86408,0.85594,0.86338,164850.96
2017-03-05,0.86329,0.86381,0.86253,0.8634,5687.68
2017-03-06,0.86341,0.86692,0.86246,0.8643,144523.47
2017-03-07,0.8643,0.86831,0.86388,0.86604,145944.46
2017-03-08,0.86604,0.86949,0.86535,0.86616,145830.57
2017-03-09,0.86615,0.87193,0.86556,0.87027,163604.88
2017-03-10,0.87027,0.87827,0.87009,0.87712,149310.19
2017-03-12,0.87762,0.8787,0.87762,0.87828,5888.94
2017-03-13,0.87827,0.87868,0.87088,0.87252,150151.1
2017-03-14,0.87255,0.87856,0.87221,0.87288,131802.65
2017-03-15,0.87288,0.87442,0.8666,0.87418,161076.75
2017-03-16,0.87418,0.87593,0.86687,0.87213,163431.49
2017-03-17,0.87212,0.87366,0.86603,0.86615,134627.33
2017-03-19,0.86668,0.86744,0.8664,0.86738,4125.89
2017-03-20,0.86738,0.87078,0.8659,0.86812,123222.4
2017-03-21,0.86812,0.87265,0.86494,0.86619,148121.85
2017-03-22,0.86619,0.86997,0.86431,0.86508,139554.95
2017-03-23,0.86506,0.86529,0.86047,0.86146,142467.65
2017-03-24,0.86148,0.86617,0.8613,0.8656,116429.22
2017-03-26,0.86733,0.8674,0.86631,0.86666,10209.97
2017-03-27,0.86666,0.8668,0.86244,0.86482,127287.46
2017-03-28,0.86483,0.87108,0.86177,0.87106,125234.88
2017-03-29,0.87106,0.87349,0.86241,0.86475,140790.17
2017-03-30,0.86474,0.86609,0.85565,0.85656,124998.16
2017-03-31,0.85657,0.85964,0.84842,0.84851,134822.14
2017-04-02,0.84969,0.85086,0.84945,0.85076,7452.76
2017-04-03,0.85079,0.85574,0.85042,0.85416,115363.52
2017-04-04,0.85417,0.85904,0.85368,0.85834,117699.95
2017-04-05,0.85834,0.85895,0.85315,0.85458,139839.05
2017-04-06,0.85457,0.85671,0.85107,0.8536,118398.99
2017-04-07,0.8536,0.85796,0.85309,0.85558,141119.81
2017-04-09,0.85472,0.85533,0.8546,0.85496,6908.0
2017-04-10,0.85497,0.85519,0.85237,0.85295,111329.92
2017-04-11,0.85295,0.85484,0.84876,0.84951,123043.56
2017-04-12,0.84947,0.85117,0.84768,0.85024,137708.82
2017-04-13,0.85023,0.85028,0.84746,0.84884,122358.91
2017-04-14,0.84885,0.8495,0.84669,0.84693,93675.86
2017-04-16,0.84669,0.84709,0.84606,0.84633,12648.19
2017-04-17,0.84634,0.849,0.84608,0.84757,87210.12
2017-04-18,0.84757,0.85119,0.83132,0.83517,166079.58
2017-04-19,0.83517,0.83891,0.8337,0.83823,141976.94
2017-04-20,0.83825,0.84137,0.83589,0.83696,126003.22
2017-04-21,0.83698,0.83868,0.83513,0.83704,118463.03
2017-04-23,0.84981,0.85051,0.84711,0.84788,13828.35
2017-04-24,0.84787,0.85089,0.84506,0.85026,144554.81
2017-04-25,0.85026,0.85301,0.84774,0.85151,143619.68
2017-04-26,0.85151,0.85306,0.84582,0.849,148208.09
2017-04-27,0.84899,0.84952,0.84152,0.8427,143844.83
2017-04-28,0.84271,0.84621,0.84047,0.84096,139666.87
2017-04-30,0.84339,0.84383,0.84168,0.84328,10287.96
2017-05-01,0.84328,0.84637,0.84243,0.8458,86450.63
2017-05-02,0.8458,0.84841,0.84224,0.84495,119695.37
2017-05-03,0.84494,0.84762,0.84372,0.84579,130561.0
2017-05-04,0.8458,0.85003,0.84558,0.84948,135628.17
2017-05-05,0.84951,0.85085,0.84652,0.84687,137620.54
2017-05-07,0.84858,0.84878,0.84547,0.84547,11054.07
2017-05-08,0.84547,0.84791,0.84335,0.84427,133753.63
2017-05-09,0.84427,0.84467,0.84008,0.84068,142180.58
2017-05-10,0.84067,0.84165,0.83836,0.84047,134080.55
2017-05-11,0.84046,0.84516,0.83977,0.84288,127088.59
2017-05-12,0.84288,0.84884,0.84277,0.848,122147.97
2017-05-14,0.84801,0.84838,0.84757,0.84814,10533.22
2017-05-15,0.84812,0.85143,0.84576,0.85098,114117.66
2017-05-16,0.85097,0.8595,0.85033,0.8588,140922.04
2017-05-17,0.8588,0.8615,0.856,0.85991,150709.06
2017-05-18,0.85993,0.86132,0.85237,0.8576,176536.29
2017-05-19,0.85759,0.86026,0.85687,0.85938,120793.87
2017-05-21,0.86108,0.86149,0.86024,0.86108,7017.95
2017-05-22,0.86108,0.8651,0.85997,0.86487,126265.57
2017-05-23,0.86487,0.86748,0.86187,0.86276,151230.79
2017-05-24,0.86276,0.86558,0.86025,0.86531,147007.12
2017-05-25,0.86531,0.8672,0.86398,0.86695,119373.78
2017-05-26,0.86696,0.87503,0.86694,0.87264,125749.16
2017-05-28,0.8722,0.87277,0.87191,0.87214,5808.22
2017-05-29,0.8721,0.87217,0.86778,0.8684,92299.34
2017-05-30,0.8684,0.87398,0.86555,0.87222,123566.83
2017-05-31,0.87223,0.87481,0.87032,0.87285,133499.98
2017-06-01,0.87283,0.87547,0.86834,0.87008,117527.74
2017-06-02,0.87006,0.87674,0.86948,0.87487,106509.8
2017-06-04,0.87619,0.87675,0.87575,0.87637,7241.31
2017-06-05,0.87637,0.87655,0.86941,0.87221,96705.96
2017-06-06,0.87221,0.87551,0.8692,0.8732,116998.11
2017-06-07,0.8732,0.87363,0.86768,0.86822,125730.6
2017-06-08,0.86821,0.88232,0.86499,0.87927,161963.66
2017-06-09,0.87929,0.88592,0.87443,0.87797,175401.57
2017-06-11,0.88126,0.88139,0.87887,0.87897,8168.98
2017-06-12,0.87897,0.8866,0.87786,0.88378,118497.74
2017-06-13,0.88376,0.88501,0.87803,0.8792,115997.33
2017-06-14,0.87919,0.88356,0.87659,0.87913,153979.82
2017-06-15,0.87913,0.88067,0.87224,0.87364,146048.31
2017-06-16,0.87369,0.87644,0.87192,0.87597,111930.56
2017-06-18,0.87778,0.87797,0.87674,0.87699,7457.03
2017-06-19,0.877,0.87761,0.87341,0.87536,110260.89
2017-06-20,0.87534,0.88347,0.87385,0.88154,124149.83
2017-06-21,0.88154,0.88453,0.87707,0.88097,114606.98
2017-06-22,0.88097,0.88282,0.87855,0.87938,104818.72
2017-06-23,0.87938,0.88048,0.87632,0.87991,89912.69
2017-06-25,0.87899,0.87911,0.87839,0.8787,4789.02
2017-06-26,0.87871,0.88075,0.87726,0.87885,100952.53
2017-06-27,0.87884,0.88626,0.87828,0.88474,129396.43
2017-06-28,0.88474,0.88799,0.87716,0.8793,149488.12
2017-06-29,0.87933,0.88086,0.87796,0.87933,128742.27
2017-06-30,0.87934,0.88137,0.87627,0.87695,120705.05
2017-07-02,0.87775,0.87788,0.87681,0.87762,5977.55
2017-07-03,0.87764,0.87899,0.87568,0.87824,109624.78
2017-07-04,0.87824,0.87903,0.87634,0.87811,107292.13
2017-07-05,0.8781,0.88088,0.87617,0.87742,124465.3
2017-07-06,0.87743,0.88182,0.87564,0.88069,129832.29
2017-07-07,0.88067,0.88603,0.87965,0.88389,110029.48
2017-07-09,0.88435,0.88509,0.88409,0.88458,6871.03
2017-07-10,0.8846,0.88588,0.88326,0.88471,90052.63
2017-07-11,0.88471,0.89328,0.88145,0.89224,116673.47
2017-07-12,0.89225,0.8949,0.88384,0.88563,130219.57
2017-07-13,0.88563,0.88736,0.88018,0.88081,119539.09
2017-07-14,0.8808,0.88171,0.87426,0.8755,120372.4
2017-07-16,0.87551,0.8757,0.87485,0.87518,10989.81
2017-07-17,0.87518,0.87976,0.87444,0.87902,110886.14
2017-07-18,0.87902,0.88984,0.87812,0.88579,146009.89
2017-07-19,0.88579,0.88611,0.88287,0.88469,116962.11
2017-07-20,0.8847,0.89772,0.88323,0.89683,186453.57
2017-07-21,0.89684,0.89944,0.89394,0.89724,193838.77
2017-07-23,0.89761,0.89838,0.89739,0.89817,8108.06
2017-07-24,0.89816,0.89826,0.89204,0.89343,121780.46
2017-07-25,0.89342,0.89593,0.89269,0.89382,133429.49
2017-07-26,0.89382,0.89548,0.89041,0.89448,155391.42
2017-07-27,0.89449,0.89512,0.88909,0.89394,153250.35
2017-07-28,0.89394,0.89689,0.89283,0.89423,131388.93
2017-07-30,0.89424,0.89481,0.89356,0.89369,8827.89
2017-07-31,0.89367,0.89755,0.89328,0.89567,132781.58
2017-08-01,0.89568,0.89604,0.89222,0.89417,131529.44
2017-08-02,0.89419,0.89887,0.89357,0.89591,134531.21
2017-08-03,0.89588,0.90485,0.89235,0.90398,137925.43
2017-08-04,0.90398,0.90545,0.89957,0.90282,118310.94
2017-08-06,0.90243,0.90364,0.90228,0.90269,10583.95
2017-08-07,0.9027,0.90606,0.90257,0.90517,106754.5
2017-08-08,0.90516,0.90874,0.90364,0.90508,122619.45
2017-08-09,0.90506,0.9056,0.90087,0.904,138337.27
2017-08-10,0.904,0.90756,0.90075,0.90694,138760.78
2017-08-11,0.90694,0.91185,0.90508,0.90838,134656.84
2017-08-13,0.9077,0.90942,0.9077,0.9092,8693.75
2017-08-14,0.9092,0.90977,0.90703,0.90817,133161.6
2017-08-15,0.90819,0.91327,0.90506,0.91236,154051.99
2017-08-16,0.91237,0.91427,0.90824,0.91332,146432.7
2017-08-17,0.91332,0.91361,0.9063,0.91073,152667.84
2017-08-18,0.91073,0.9149,0.90906,0.91316,137215.35
2017-08-20,0.91391,0.91403,0.91265,0.9133,6362.71
2017-08-21,0.91327,0.91616,0.91108,0.9157,123009.12
2017-08-22,0.9157,0.91763,0.91534,0.91721,131835.81
2017-08-23,0.91722,0.92362,0.91602,0.92277,160082.08
2017-08-24,0.92278,0.92346,0.91895,0.92165,176493.35
2017-08-25,0.92166,0.92701,0.91954,0.92549,172748.82
2017-08-27,0.92361,0.92655,0.92357,0.92613,15446.49
2017-08-28,0.92615,0.92686,0.92301,0.92549,163425.89
2017-08-29,0.9255,0.93063,0.92465,0.92622,197474.03
2017-08-30,0.92623,0.92687,0.91919,0.92031,192379.28
2017-08-31,0.92031,0.92372,0.91857,0.92033,189948.13
2017-09-01,0.92032,0.9222,0.91497,0.91548,163256.87
2017-09-03,0.9167,0.91729,0.91625,0.91646,9936.43
2017-09-04,0.91646,0.92261,0.91626,0.92026,154334.46
2017-09-05,0.92023,0.92128,0.91322,0.91434,192161.32
2017-09-06,0.91434,0.91642,0.91237,0.91415,195396.42
2017-09-07,0.91415,0.92023,0.9118,0.91777,261677.08
2017-09-08,0.91777,0.92024,0.91092,0.91188,197339.61
2017-09-10,0.91113,0.91163,0.91037,0.91051,9608.61
2017-09-11,0.91049,0.91217,0.9075,0.90799,171164.25
2017-09-12,0.90798,0.90828,0.89821,0.90078,174724.62
2017-09-13,0.90078,0.90383,0.89825,0.90006,162222.33
2017-09-14,0.90009,0.90463,0.88662,0.88975,208275.83
2017-09-15,0.88976,0.89003,0.87737,0.87883,195153.41
2017-09-17,0.87878,0.87963,0.87806,0.87922,7280.68
2017-09-18,0.87922,0.88628,0.87785,0.88489,195295.32
2017-09-19,0.88487,0.88989,0.88431,0.88735,200833.01
2017-09-20,0.88734,0.88876,0.87975,0.88017,231964.47
2017-09-21,0.88018,0.88339,0.87833,0.87956,244032.53
2017-09-22,0.87956,0.88844,0.87946,0.88512,198267.64
2017-09-24,0.88201,0.88385,0.88195,0.88308,13764.04
2017-09-25,0.88308,0.8831,0.87748,0.87963,198859.12
2017-09-26,0.87964,0.87996,0.87539,0.87666,185951.91
2017-09-27,0.87666,0.87995,0.87458,0.8769,198062.1
2017-09-28,0.8769,0.88093,0.87595,0.8772,196609.42
2017-09-29,0.87721,0.88416,0.87707,0.88153,161096.5
2017-10-01,0.88154,0.88239,0.88125,0.88159,7020.88
2017-10-02,0.88158,0.88682,0.88009,0.8838,169399.48
2017-10-03,0.88381,0.8881,0.88216,0.88712,161138.5
2017-10-04,0.88712,0.88845,0.88501,0.88836,164273.83
2017-10-05,0.88836,0.89346,0.88752,0.89324,159577.37
2017-10-06,0.89323,0.8992,0.89305,0.89756,165473.34
2017-10-08,0.89404,0.89761,0.89404,0.89749,9722.28
2017-10-09,0.89748,0.89761,0.8906,0.89336,140425.21
2017-10-10,0.89336,0.89542,0.89248,0.89428,175359.91
2017-10-11,0.89423,0.89882,0.89388,0.89614,166619.47
2017-10-12,0.89614,0.90327,0.89138,0.89189,186428.78
2017-10-13,0.89189,0.89305,0.88756,0.88948,185469.17
2017-10-15,0.88814,0.88951,0.88745,0.88907,6907.92
2017-10-16,0.88907,0.89225,0.88556,0.88989,151622.03
2017-10-17,0.88988,0.89297,0.88571,0.89227,165401.3
2017-10-18,0.89225,0.89466,0.88986,0.89266,157076.4
2017-10-19,0.89268,0.90124,0.89258,0.90089,170752.79
2017-10-20,0.90088,0.90224,0.89237,0.89321,159290.6
2017-10-22,0.89205,0.89273,0.89095,0.89105,7470.72
2017-10-23,0.89107,0.89272,0.88859,0.89028,148849.51
2017-10-24,0.8903,0.89752,0.88939,0.8956,147373.98
2017-10-25,0.8956,0.89731,0.88796,0.89051,186271.19
2017-10-26,0.89053,0.89565,0.885,0.88634,176245.02
2017-10-27,0.88633,0.89011,0.88256,0.88404,162150.83
2017-10-29,0.88394,0.88442,0.88338,0.8836,5608.03
2017-10-30,0.88359,0.88484,0.87928,0.88173,147640.46
2017-10-31,0.88173,0.88234,0.87645,0.87667,152405.05
2017-11-01,0.87668,0.87835,0.87327,0.87718,173438.91
2017-11-02,0.87717,0.89385,0.87673,0.89316,152810.89
2017-11-03,0.89316,0.89345,0.88729,0.88757,150986.87
2017-11-05,0.88823,0.88878,0.8875,0.88796,4907.73
2017-11-06,0.88797,0.8888,0.88101,0.88135,144571.42
2017-11-07,0.88135,0.88344,0.87912,0.88073,157761.41
2017-11-08,0.88073,0.88624,0.8801,0.88418,132902.68
2017-11-09,0.88416,0.88768,0.88241,0.88608,155764.79
2017-11-10,0.88608,0.88741,0.88114,0.88409,127101.56
2017-11-12,0.88543,0.88892,0.88445,0.88876,6865.11
2017-11-13,0.88879,0.89226,0.88722,0.88901,128424.26
2017-11-14,0.88901,0.89743,0.8889,0.89608,130900.54
2017-11-15,0.89608,0.9014,0.89337,0.8944,161421.67
2017-11-16,0.89439,0.89673,0.89117,0.89225,139640.52
2017-11-17,0.89226,0.89537,0.88978,0.8919,149093.78
2017-11-19,0.89174,0.89228,0.88784,0.88896,10561.65
2017-11-20,0.88896,0.89047,0.88562,0.88632,142343.85
2017-11-21,0.8863,0.88852,0.88418,0.88628,127117.8
2017-11-22,0.88628,0.88915,0.8854,0.88727,140903.98
2017-11-23,0.88725,0.89116,0.88675,0.89057,117343.02
2017-11-24,0.89057,0.89618,0.88925,0.89397,129607.16
2017-11-26,0.89464,0.89571,0.89464,0.89515,3801.65
2017-11-27,0.89516,0.8967,0.89243,0.8936,150109.37
2017-11-28,0.89356,0.89814,0.88468,0.88656,188864.45
2017-11-29,0.88656,0.88726,0.88168,0.8834,183694.67
2017-11-30,0.8834,0.88387,0.87762,0.87934,193524.56
2017-12-01,0.87935,0.88441,0.87882,0.88266,196713.01
2017-12-03,0.88216,0.88304,0.87842,0.87881,8574.37
2017-12-04,0.87884,0.88329,0.87554,0.88079,190016.76
2017-12-05,0.88079,0.88674,0.87794,0.88189,177925.49
2017-12-06,0.88187,0.88532,0.88003,0.88142,171522.87
2017-12-07,0.88142,0.88497,0.87298,0.8731,162343.06
2017-12-08,0.8731,0.88058,0.86895,0.87967,166679.61
2017-12-10,0.8789,0.87936,0.87826,0.87875,3702.13
2017-12-11,0.87872,0.88443,0.87728,0.88222,144539.79
2017-12-12,0.88222,0.88455,0.87908,0.88154,158735.55
2017-12-13,0.88155,0.88345,0.87821,0.88263,174765.59
2017-12-14,0.88263,0.88333,0.87605,0.87652,189596.22
2017-12-15,0.87652,0.88592,0.87628,0.88162,179541.81
2017-12-17,0.88157,0.8823,0.88146,0.88183,5996.92
2017-12-18,0.88184,0.88404,0.87921,0.88071,167883.21
2017-12-19,0.8807,0.88665,0.88048,0.88426,177385.17
2017-12-20,0.88426,0.88837,0.88285,0.88831,162678.54
2017-12-21,0.88832,0.88898,0.88588,0.88588,154097.05
2017-12-22,0.88591,0.88868,0.88353,0.88754,154701.8
2017-12-24,0.88505,0.88609,0.88505,0.88544,92.56
2017-12-25,0.88544,0.88787,0.88493,0.88756,9621.8
2017-12-26,0.88754,0.88927,0.88634,0.88654,107531.71
2017-12-27,0.88655,0.8887,0.88534,0.88783,146791.65
2017-12-28,0.88783,0.88939,0.88663,0.88832,143513.28
2017-12-29,0.88829,0.88913,0.88574,0.88777,138562.54
2018-01-01,0.88906,0.88906,0.88722,0.88897,6803.76
2018-01-02,0.88897,0.89178,0.88586,0.8872,150869.55
2018-01-03,0.88722,0.88998,0.88479,0.88892,157166.05
2018-01-04,0.88892,0.89241,0.88801,0.89034,154892.42
2018-01-05,0.89037,0.89079,0.88652,0.8866,147900.05
2018-01-07,0.88666,0.88748,0.88644,0.88664,4829.0
2018-01-08,0.88664,0.88755,0.88149,0.88203,110240.82
2018-01-09,0.88202,0.88339,0.88086,0.88157,133039.24
2018-01-10,0.88156,0.88727,0.88128,0.88479,159643.89
2018-01-11,0.88479,0.89121,0.88459,0.88931,174328.13
2018-01-12,0.88931,0.89283,0.88554,0.88832,192390.84
2018-01-14,0.88823,0.88888,0.88766,0.88785,7224.93
2018-01-15,0.88785,0.89095,0.88723,0.8892,173315.27
2018-01-16,0.88921,0.8901,0.88619,0.88929,173870.01
2018-01-17,0.88928,0.89079,0.8808,0.88102,212600.07
2018-01-18,0.88102,0.88371,0.88013,0.88058,199113.87
2018-01-19,0.88057,0.88454,0.88045,0.88171,204325.86
2018-01-21,0.88292,0.88331,0.88176,0.88224,8134.58
2018-01-22,0.88224,0.88255,0.87617,0.87642,174905.68
2018-01-23,0.87642,0.87956,0.87612,0.87838,188363.9
2018-01-24,0.87838,0.87871,0.8699,0.87143,228491.46
2018-01-25,0.8714,0.87849,0.86866,0.87568,281946.39
2018-01-26,0.87568,0.87843,0.87227,0.87747,249259.67
2018-01-28,0.87856,0.8789,0.87758,0.87841,7542.22
2018-01-29,0.8784,0.8816,0.87669,0.87972,225155.87
2018-01-30,0.87973,0.88332,0.87537,0.87655,239454.12
2018-01-31,0.87655,0.88162,0.87367,0.87444,236193.06
2018-02-01,0.87444,0.8774,0.87159,0.87689,202710.87
2018-02-02,0.87689,0.88247,0.87565,0.88187,210720.74
2018-02-04,0.88143,0.88286,0.88122,0.88201,9387.54
2018-02-05,0.88201,0.88731,0.88127,0.88682,227948.63
2018-02-06,0.88684,0.89104,0.88549,0.88693,286826.09
2018-02-07,0.88693,0.88977,0.8832,0.88401,212381.72
2018-02-08,0.884,0.8841,0.87319,0.87973,267529.76
2018-02-09,0.87975,0.88791,0.87786,0.88595,245743.76
2018-02-11,0.88637,0.88664,0.88584,0.88626,4658.33
2018-02-12,0.88626,0.88918,0.88427,0.88813,205846.65
2018-02-13,0.88816,0.89099,0.88573,0.88969,197501.73
2018-02-14,0.88969,0.89194,0.88741,0.88956,235903.38
2018-02-15,0.88955,0.89018,0.88577,0.88638,220445.78
2018-02-16,0.88638,0.88886,0.88391,0.88391,206574.56
2018-02-18,0.88464,0.88519,0.88455,0.88455,4487.69
2018-02-19,0.88455,0.88689,0.88451,0.88614,153753.52
2018-02-20,0.88614,0.88697,0.88046,0.88106,185984.07
2018-02-21,0.88108,0.88575,0.88053,0.88281,216715.73
2018-02-22,0.88281,0.88632,0.88225,0.88343,198852.32
2018-02-23,0.88342,0.88376,0.87863,0.87988,173798.2
2018-02-25,0.87864,0.88002,0.87854,0.87967,6530.13
2018-02-26,0.87968,0.88228,0.87716,0.88186,166292.17
2018-02-27,0.88185,0.88437,0.87863,0.87923,194214.9
2018-02-28,0.87922,0.88674,0.87788,0.88629,206816.0
2018-03-01,0.88631,0.89096,0.88366,0.89074,217468.03
2018-03-02,0.89073,0.89511,0.88958,0.89223,211354.83
2018-03-04,0.89288,0.89496,0.8923,0.89284,14441.96
2018-03-05,0.89284,0.8939,0.88844,0.89074,185535.69
2018-03-06,0.89075,0.89438,0.89056,0.89321,202739.34
2018-03-07,0.89321,0.89677,0.89188,0.89267,211839.67
2018-03-08,0.89268,0.89569,0.8906,0.8915,198881.18
2018-03-09,0.89151,0.89258,0.88746,0.88813,191320.28
2018-03-11,0.8889,0.889,0.8881,0.8883,7687.41
2018-03-12,0.8883,0.88965,0.88493,0.88729,165073.86
2018-03-13,0.88729,0.8886,0.8851,0.88696,185360.73
2018-03-14,0.88696,0.88792,0.88443,0.88578,176468.83
2018-03-15,0.88577,0.88735,0.88235,0.88294,170599.83
2018-03-16,0.88297,0.88388,0.88096,0.88102,146217.9
2018-03-18,0.8812,0.88164,0.88071,0.88074,5216.16
2018-03-19,0.88076,0.88161,0.87448,0.87957,184824.92
2018-03-20,0.87958,0.87989,0.8744,0.87457,143117.99
2018-03-21,0.87457,0.87583,0.87071,0.87291,159330.19
2018-03-22,0.87291,0.87415,0.86675,0.87323,161331.57
2018-03-23,0.87321,0.87534,0.87092,0.87395,152292.73
2018-03-25,0.87283,0.8742,0.87281,0.87317,4733.38
2018-03-26,0.87317,0.87623,0.87166,0.87487,129517.94
2018-03-27,0.87488,0.87972,0.87451,0.87524,142371.43
2018-03-28,0.87524,0.87676,0.87333,0.87424,152547.03
2018-03-29,0.87423,0.87736,0.87402,0.87698,145638.44
2018-03-30,0.87698,0.8794,0.87664,0.87885,118887.86
2018-04-01,0.87763,0.87838,0.87712,0.87714,5356.69
2018-04-02,0.87714,0.87764,0.87506,0.87511,92450.1
2018-04-03,0.87511,0.87637,0.87127,0.87264,124883.48
2018-04-04,0.87264,0.87585,0.8715,0.87216,123103.28
2018-04-05,0.87216,0.87495,0.87155,0.87448,130638.54
2018-04-06,0.87448,0.87498,0.87009,0.87115,135996.88
2018-04-08,0.87152,0.87171,0.87063,0.87082,4513.56
2018-04-09,0.87083,0.87222,0.86974,0.87169,120765.7
2018-04-10,0.8717,0.87275,0.8692,0.87171,129550.36
2018-04-11,0.87171,0.87394,0.87003,0.87198,131630.26
2018-04-12,0.87198,0.87274,0.86427,0.86582,133839.74
2018-04-13,0.86581,0.86656,0.86276,0.86573,105465.87
2018-04-15,0.86545,0.86615,0.86531,0.86557,4906.78
2018-04-16,0.86558,0.86688,0.8627,0.86352,103007.89
2018-04-17,0.8635,0.86601,0.86205,0.86536,125585.64
2018-04-18,0.86537,0.87223,0.86437,0.87153,127349.73
2018-04-19,0.87152,0.87702,0.86884,0.87634,133220.19
2018-04-20,0.87636,0.87912,0.87341,0.87734,120991.64
2018-04-22,0.87614,0.87749,0.87607,0.87657,5955.63
2018-04-23,0.87657,0.87746,0.87446,0.87597,119393.96
2018-04-24,0.87598,0.87662,0.87406,0.87442,122437.62
2018-04-25,0.87442,0.87512,0.87272,0.87327,120562.02
2018-04-26,0.87328,0.87504,0.86805,0.86989,130618.44
2018-04-27,0.86989,0.88037,0.8682,0.87998,123162.83
2018-04-29,0.88006,0.88033,0.87969,0.88031,4641.35
2018-04-30,0.88031,0.88267,0.8765,0.8772,119308.05
2018-05-01,0.8772,0.88222,0.87607,0.88106,118509.17
2018-05-02,0.88106,0.88305,0.87824,0.88053,152242.54
2018-05-03,0.88052,0.884,0.88045,0.88336,154964.64
2018-05-04,0.88336,0.88434,0.88155,0.88388,123278.46
2018-05-06,0.88317,0.88404,0.88317,0.88341,3504.43
2018-05-07,0.8834,0.88372,0.87784,0.87944,121195.05
2018-05-08,0.87943,0.88095,0.87516,0.87555,155207.72
2018-05-09,0.87555,0.87668,0.87275,0.87468,144485.77
2018-05-10,0.87466,0.88364,0.87288,0.88104,185168.79
2018-05-11,0.88105,0.8826,0.87885,0.88149,128999.26
2018-05-13,0.88156,0.88222,0.88099,0.882,3280.19
2018-05-14,0.88201,0.8827,0.87933,0.87974,121747.24
2018-05-15,0.87973,0.88174,0.87541,0.87555,152866.5
2018-05-16,0.87557,0.87825,0.87203,0.87209,157461.24
2018-05-17,0.87208,0.87524,0.87125,0.8726,145229.93
2018-05-18,0.8726,0.87533,0.87246,0.87382,113514.7
2018-05-20,0.87395,0.87404,0.87283,0.87296,4376.25
2018-05-21,0.87297,0.87841,0.87254,0.87774,127191.88
2018-05-22,0.87775,0.87887,0.87579,0.87696,132595.33
2018-05-23,0.87697,0.87967,0.87389,0.87573,174038.55
2018-05-24,0.87573,0.87775,0.87377,0.87592,163552.27
2018-05-25,0.87592,0.87802,0.87415,0.87586,150712.22
2018-05-27,0.87745,0.87848,0.87668,0.87824,7246.11
2018-05-28,0.87825,0.87948,0.87249,0.87332,130602.66
2018-05-29,0.87333,0.87415,0.86973,0.87043,181873.89
2018-05-30,0.87043,0.87834,0.86977,0.87803,181727.61
2018-05-31,0.87802,0.88021,0.87558,0.87981,163121.3
2018-06-01,0.87981,0.88092,0.87263,0.87308,147935.82
2018-06-03,0.87374,0.87413,0.87277,0.8737,4843.62
2018-06-04,0.8737,0.87874,0.87324,0.87861,139320.28
2018-06-05,0.87862,0.87879,0.87233,0.87462,153144.3
2018-06-06,0.87461,0.87877,0.87397,0.87785,138257.62
2018-06-07,0.87788,0.88375,0.87766,0.87898,155021.24
2018-06-08,0.87898,0.8799,0.87585,0.87741,130190.34
2018-06-10,0.87745,0.87859,0.87737,0.87852,2328.93
2018-06-11,0.87852,0.88312,0.87838,0.88038,122559.38
2018-06-12,0.88038,0.88319,0.87696,0.87836,147155.68
2018-06-13,0.87837,0.88252,0.87832,0.882,139807.01
2018-06-14,0.88198,0.88204,0.87211,0.87234,155637.25
2018-06-15,0.87232,0.87557,0.87177,0.87365,140051.22
2018-06-17,0.87335,0.87376,0.87265,0.8732,8490.61
2018-06-18,0.87321,0.87805,0.87283,0.87714,118547.9
2018-06-19,0.87714,0.87996,0.87527,0.8796,154179.05
2018-06-20,0.87961,0.8801,0.87686,0.8789,144977.66
2018-06-21,0.87889,0.8799,0.87256,0.87607,178965.55
2018-06-22,0.87608,0.88049,0.87513,0.87857,159536.93
2018-06-24,0.87955,0.87976,0.87878,0.87918,8509.43
2018-06-25,0.87923,0.88188,0.87805,0.88122,162995.0
2018-06-26,0.88122,0.88224,0.87981,0.8811,172029.24
2018-06-27,0.8811,0.88278,0.87966,0.8813,198470.25
2018-06-28,0.88129,0.88702,0.88118,0.88434,176982.77
2018-06-29,0.88435,0.88905,0.88357,0.88437,188699.8
2018-07-01,0.88541,0.88561,0.88323,0.88414,10662.66
2018-07-02,0.88414,0.88686,0.88347,0.88575,161232.72
2018-07-03,0.88575,0.88621,0.88291,0.88359,167657.87
2018-07-04,0.88358,0.88402,0.87993,0.88143,149814.04
2018-07-05,0.88144,0.88575,0.88119,0.88423,184082.5
2018-07-06,0.88426,0.88675,0.88351,0.88351,149876.36
2018-07-08,0.88119,0.88396,0.88114,0.88386,10491.37
2018-07-09,0.88385,0.89015,0.88132,0.88691,168804.81
2018-07-10,0.88691,0.88746,0.88198,0.88452,161224.56
2018-07-11,0.88455,0.88614,0.88292,0.884,181926.84
2018-07-12,0.88399,0.88539,0.88206,0.88501,166386.57
2018-07-13,0.88502,0.88659,0.88248,0.88261,152349.87
2018-07-15,0.88338,0.88352,0.88272,0.88287,5442.31
2018-07-16,0.88288,0.88534,0.88161,0.88456,151945.37
2018-07-17,0.88456,0.89149,0.88431,0.88917,175011.34
2018-07-18,0.88915,0.89316,0.88738,0.8904,173525.87
2018-07-19,0.89039,0.89545,0.89034,0.89487,191836.72
2018-07-20,0.89487,0.89576,0.89198,0.89227,184077.67
2018-07-22,0.89293,0.89365,0.89266,0.89303,7017.82
2018-07-23,0.89305,0.8936,0.89106,0.89237,144381.08
2018-07-24,0.89237,0.89265,0.8883,0.88854,148005.16
2018-07-25,0.88856,0.8902,0.88724,0.88924,154090.82
2018-07-26,0.88923,0.88953,0.88647,0.88821,150783.44
2018-07-27,0.88821,0.88989,0.88735,0.88934,123874.01
2018-07-29,0.88861,0.88981,0.88813,0.88929,13160.3
2018-07-30,0.88929,0.89185,0.88806,0.8912,125741.9
2018-07-31,0.89121,0.89353,0.89038,0.89098,144512.94
2018-08-01,0.891,0.89172,0.88822,0.88858,137092.48
2018-08-02,0.88856,0.89246,0.88545,0.89,153497.55
2018-08-03,0.89,0.89189,0.88929,0.88937,133280.06
2018-08-05,0.88867,0.89004,0.88824,0.88915,4734.94
2018-08-06,0.88914,0.89365,0.88912,0.89291,114751.49
2018-08-07,0.89289,0.89659,0.89237,0.89625,112822.52
2018-08-08,0.89625,0.90166,0.8962,0.90146,109126.83
2018-08-09,0.90146,0.90303,0.89803,0.8983,121757.11
2018-08-10,0.89827,0.89912,0.89257,0.89321,161477.26
2018-08-12,0.89158,0.89316,0.89157,0.89298,8939.41
2018-08-13,0.89299,0.89458,0.89125,0.89348,152369.56
2018-08-14,0.89345,0.89384,0.88962,0.89212,144674.34
2018-08-15,0.89212,0.89398,0.89008,0.89349,139778.18
2018-08-16,0.89349,0.89597,0.89341,0.8945,138315.3
2018-08-17,0.8945,0.89774,0.89356,0.89684,125153.91
2018-08-19,0.89679,0.89748,0.89679,0.89728,6255.84
2018-08-20,0.89728,0.89792,0.89391,0.89747,108587.71
2018-08-21,0.89748,0.90021,0.89486,0.89694,131618.81
2018-08-22,0.89695,0.90047,0.89617,0.89776,111626.29
2018-08-23,0.89779,0.90232,0.89698,0.90105,127161.53
2018-08-24,0.90109,0.90519,0.90016,0.90422,109553.72
2018-08-26,0.90424,0.90586,0.90414,0.9056,7407.22
2018-08-27,0.90561,0.90657,0.90341,0.90585,109982.55
2018-08-28,0.90584,0.90982,0.90576,0.90861,124481.22
2018-08-29,0.9086,0.90912,0.89814,0.89822,145268.29
2018-08-30,0.89822,0.89926,0.89533,0.89655,125723.69
2018-08-31,0.89655,0.89874,0.89376,0.89478,134001.86
2018-09-02,0.89769,0.89816,0.89676,0.89752,6309.28
2018-09-03,0.8975,0.90329,0.89702,0.90245,108671.1
2018-09-04,0.90245,0.90266,0.89888,0.90111,130074.04
2018-09-05,0.9011,0.90517,0.89557,0.90084,151881.65
2018-09-06,0.90084,0.9019,0.89739,0.89898,137012.82
2018-09-07,0.89901,0.90062,0.89128,0.89386,154169.3
2018-09-09,0.89328,0.89424,0.89317,0.8941,4511.72
2018-09-10,0.89409,0.89572,0.88946,0.88989,125935.35
2018-09-11,0.8899,0.89372,0.88765,0.8908,148909.46
2018-09-12,0.8908,0.89365,0.88812,0.89117,148316.89
2018-09-13,0.89115,0.893,0.88926,0.89173,139821.8
2018-09-14,0.89173,0.89325,0.88899,0.88902,128484.98
2018-09-16,0.88895,0.88959,0.8889,0.88919,3510.97
2018-09-17,0.88919,0.89037,0.88713,0.88759,129874.86
2018-09-18,0.88759,0.89089,0.88647,0.88687,150084.82
2018-09-19,0.88687,0.89188,0.88612,0.88834,164789.67
2018-09-20,0.88834,0.88902,0.88476,0.88734,159860.15
2018-09-21,0.88734,0.89955,0.88734,0.89787,156564.9
2018-09-23,0.89764,0.89879,0.89717,0.89818,5426.18
2018-09-24,0.89816,0.89833,0.89348,0.89597,142106.21
2018-09-25,0.89599,0.89752,0.89203,0.89245,134203.83
2018-09-26,0.89245,0.89457,0.89007,0.89187,145042.84
2018-09-27,0.89187,0.89364,0.88846,0.88983,136276.38
2018-09-28,0.88983,0.8914,0.88726,0.89036,139251.43
2018-09-30,0.89034,0.89083,0.8899,0.89003,3571.78
2018-10-01,0.89004,0.89149,0.88582,0.88753,134638.09
2018-10-02,0.88753,0.8914,0.88665,0.88985,133734.23
2018-10-03,0.88985,0.89174,0.8859,0.88683,175465.75
2018-10-04,0.88685,0.88753,0.88336,0.88436,156074.41
2018-10-05,0.88435,0.88471,0.87765,0.87808,149085.39
2018-10-07,0.87754,0.87841,0.8775,0.87783,8596.69
2018-10-08,0.87783,0.88067,0.87724,0.87786,132615.47
2018-10-09,0.87786,0.8791,0.87324,0.8744,158354.06
2018-10-10,0.8744,0.87499,0.8723,0.87334,142992.09
2018-10-11,0.87335,0.8773,0.87297,0.87575,185353.72
2018-10-12,0.87577,0.87946,0.87452,0.87888,143157.83
2018-10-14,0.88148,0.882,0.88054,0.88147,6790.26
2018-10-15,0.88148,0.88254,0.87955,0.8805,125922.27
2018-10-16,0.88049,0.88097,0.87524,0.87778,127578.65
2018-10-17,0.8778,0.88086,0.87645,0.87784,116577.93
2018-10-18,0.87783,0.88061,0.87708,0.87977,126916.87
2018-10-19,0.87977,0.88327,0.87754,0.88106,123893.41
2018-10-21,0.88053,0.88173,0.88027,0.88089,4895.32
2018-10-22,0.8809,0.88568,0.8806,0.88421,122340.6
2018-10-23,0.8842,0.88474,0.8798,0.88371,136499.63
2018-10-24,0.88371,0.88487,0.88154,0.88468,142114.27
2018-10-25,0.88467,0.88828,0.88313,0.88723,139382.93
2018-10-26,0.88723,0.88962,0.88614,0.88861,145394.77
2018-10-28,0.88817,0.88877,0.88815,0.88834,3729.61
2018-10-29,0.88835,0.89002,0.88682,0.88854,136581.31
2018-10-30,0.88853,0.89393,0.88828,0.89275,127418.01
2018-10-31,0.89274,0.8932,0.88423,0.88622,129480.01
2018-11-01,0.88622,0.8863,0.87568,0.87689,150919.92
2018-11-02,0.8769,0.88001,0.8769,0.87794,136806.75
2018-11-04,0.87419,0.87643,0.87419,0.87629,8471.9
2018-11-05,0.87629,0.87722,0.87298,0.87364,122830.57
2018-11-06,0.87366,0.87542,0.87115,0.87241,127683.12
2018-11-07,0.87242,0.87464,0.87022,0.87089,155734.01
2018-11-08,0.87091,0.87378,0.86904,0.86995,141177.37
2018-11-09,0.86999,0.87442,0.86914,0.87342,139926.78
2018-11-11,0.87639,0.87654,0.87512,0.87519,7625.04
2018-11-12,0.87519,0.87735,0.87091,0.87306,143910.1
2018-11-13,0.87306,0.87416,0.86558,0.86906,178216.96
2018-11-14,0.86906,0.87572,0.86769,0.87118,177759.44
2018-11-15,0.87118,0.88885,0.87066,0.88706,173575.79
2018-11-16,0.88706,0.89061,0.8824,0.88966,149440.29
2018-11-18,0.88834,0.89017,0.88833,0.88928,5483.91
2018-11-19,0.88927,0.8932,0.88668,0.89087,124892.92
2018-11-20,0.89087,0.89221,0.88745,0.88925,141403.2
2018-11-21,0.88925,0.89234,0.88866,0.89129,116680.82
2018-11-22,0.89129,0.89228,0.88407,0.88548,108260.83
2018-11-23,0.88549,0.88774,0.88346,0.88362,116562.47
2018-11-25,0.88393,0.88477,0.8836,0.88472,4738.92
2018-11-26,0.88472,0.88686,0.8836,0.88443,115154.95
2018-11-27,0.88445,0.88875,0.88434,0.88653,141381.14
2018-11-28,0.88653,0.88757,0.88101,0.88647,141494.34
2018-11-29,0.88647,0.89199,0.88598,0.89099,127673.09
2018-11-30,0.89099,0.89246,0.88601,0.88726,136649.18
2018-12-02,0.88902,0.89118,0.88902,0.8894,6178.71
2018-12-03,0.8894,0.89249,0.88629,0.89222,133860.79
2018-12-04,0.89223,0.89448,0.88892,0.89172,157234.79
2018-12-05,0.89172,0.89316,0.88742,0.89184,119868.33
2018-12-06,0.89184,0.89273,0.88787,0.89005,150417.91
2018-12-07,0.89007,0.89676,0.88989,0.8935,133575.91
2018-12-09,0.89662,0.89669,0.89579,0.8962,7218.45
2018-12-10,0.8962,0.90871,0.89594,0.90407,150400.41
2018-12-11,0.90408,0.90694,0.90057,0.90623,150407.25
2018-12-12,0.90623,0.90689,0.89682,0.9008,162022.63
2018-12-13,0.90081,0.9014,0.89519,0.89791,139791.25
2018-12-14,0.89793,0.90047,0.89607,0.8979,134460.99
2018-12-16,0.89672,0.89876,0.89664,0.8982,10470.98
2018-12-17,0.89819,0.90046,0.8973,0.89963,127114.3
2018-12-18,0.89963,0.90105,0.89627,0.89889,145002.61
2018-12-19,0.8989,0.9041,0.8982,0.90178,229289.68
2018-12-20,0.9018,0.90542,0.90076,0.90423,249443.32
2018-12-21,0.90422,0.90499,0.89824,0.89974,235239.54
2018-12-23,0.89851,0.8995,0.89814,0.8989,5113.57
2018-12-24,0.8989,0.90264,0.89599,0.89667,187544.43
2018-12-25,0.89668,0.90077,0.89642,0.89952,19028.88
2018-12-26,0.89952,0.90078,0.89663,0.89815,125653.83
2018-12-27,0.89816,0.90607,0.89797,0.9039,285897.92
2018-12-28,0.90389,0.90595,0.90036,0.90077,188291.7
2018-12-30,0.90034,0.90147,0.90034,0.90135,4919.96
2018-12-31,0.90137,0.90209,0.8927,0.89814,151518.28
2019-01-01,0.89803,0.8997,0.89742,0.89861,5814.35
2019-01-02,0.89862,0.91122,0.89812,0.9038,244203.72
2019-01-03,0.90379,0.90637,0.90073,0.90191,269940.61
2019-01-04,0.90191,0.90291,0.89437,0.89524,233432.65
2019-01-06,0.89554,0.89645,0.89491,0.89609,8220.6
2019-01-07,0.89608,0.89913,0.89516,0.89778,184201.83
2019-01-08,0.89778,0.90061,0.89478,0.89932,189327.19
2019-01-09,0.89935,0.9041,0.89749,0.90269,234560.62
2019-01-10,0.90268,0.90594,0.90111,0.90231,210612.03
2019-01-11,0.90232,0.90622,0.89221,0.89283,201871.68
2019-01-13,0.8913,0.892,0.89093,0.89192,4993.23
2019-01-14,0.8919,0.89521,0.8875,0.89102,196662.62
2019-01-15,0.89101,0.89847,0.88551,0.88671,234914.41
2019-01-16,0.88671,0.88892,0.88355,0.88445,204237.1
2019-01-17,0.88444,0.887,0.87632,0.87741,209380.75
2019-01-18,0.87739,0.88382,0.87706,0.88246,185711.58
2019-01-20,0.88196,0.88447,0.88168,0.88426,3572.32
2019-01-21,0.88426,0.88622,0.88061,0.88192,138277.78
2019-01-22,0.88191,0.88283,0.87599,0.87702,192031.54
2019-01-23,0.87701,0.8782,0.86979,0.87032,203112.15
2019-01-24,0.87033,0.87248,0.86176,0.86221,226582.04
2019-01-25,0.86221,0.86813,0.86178,0.86373,222952.99
2019-01-27,0.8644,0.86454,0.86355,0.86404,3449.32
2019-01-28,0.86403,0.86949,0.86396,0.86848,164480.56
2019-01-29,0.86849,0.8756,0.86558,0.87421,221322.87
2019-01-30,0.87421,0.87633,0.87142,0.87561,212957.62
2019-01-31,0.8756,0.87666,0.87109,0.87327,209901.79
2019-02-01,0.87327,0.87931,0.87267,0.87553,182945.0
2019-02-03,0.87586,0.87635,0.87535,0.87586,9872.07
2019-02-04,0.87586,0.87777,0.87259,0.87775,174640.44
2019-02-05,0.87774,0.88214,0.87476,0.88047,173731.03
2019-02-06,0.88047,0.88072,0.87719,0.87873,170229.73
2019-02-07,0.87875,0.88138,0.8728,0.87559,186682.53
2019-02-08,0.87556,0.87648,0.87419,0.87437,149861.03
2019-02-10,0.8748,0.87556,0.87445,0.87528,4004.08
2019-02-11,0.87526,0.87764,0.87449,0.87672,177736.76
2019-02-12,0.87673,0.87918,0.87561,0.87914,162442.06
2019-02-13,0.87917,0.87926,0.87431,0.87628,169581.12
2019-02-14,0.87626,0.884,0.87604,0.88247,176912.6
2019-02-15,0.88247,0.88274,0.87521,0.87613,173149.27
2019-02-17,0.87445,0.87529,0.87439,0.87523,4646.89
2019-02-18,0.87523,0.87675,0.87418,0.87525,162812.97
2019-02-19,0.87524,0.87626,0.86719,0.86829,179212.06
2019-02-20,0.86828,0.87141,0.86729,0.86981,174843.2
2019-02-21,0.86983,0.87037,0.86659,0.86954,190368.53
2019-02-22,0.86953,0.87283,0.86761,0.86783,164131.64
2019-02-24,0.86714,0.86844,0.86712,0.8681,8522.25
2019-02-25,0.8681,0.86994,0.8638,0.86572,183396.6
2019-02-26,0.86573,0.86575,0.8562,0.85923,225757.15
2019-02-27,0.85924,0.85962,0.85289,0.85443,213787.86
2019-02-28,0.85444,0.85861,0.85422,0.85737,216450.77
2019-03-01,0.85736,0.86227,0.85711,0.86011,187365.45
2019-03-03,0.85881,0.85999,0.8585,0.85927,7170.84
2019-03-04,0.85926,0.86085,0.85576,0.86019,169732.84
2019-03-05,0.86019,0.86453,0.85766,0.85935,174674.51
2019-03-06,0.85935,0.86191,0.85798,0.85828,143181.09
2019-03-07,0.85826,0.86245,0.8536,0.8554,178662.02
2019-03-08,0.8554,0.86544,0.85477,0.86276,332370.92
2019-03-10,0.86584,0.86597,0.86453,0.86494,5698.18
2019-03-11,0.86494,0.86758,0.84751,0.84998,190036.64
2019-03-12,0.84998,0.86541,0.84985,0.86388,205154.44
2019-03-13,0.86387,0.86396,0.84717,0.85268,182494.39
2019-03-14,0.8527,0.85618,0.84986,0.85282,194730.71
2019-03-15,0.85282,0.85745,0.85088,0.85159,160713.2
2019-03-17,0.85124,0.8521,0.85092,0.85126,3768.69
2019-03-18,0.85126,0.85945,0.85122,0.85458,138675.18
2019-03-19,0.85456,0.85695,0.85332,0.85561,141133.65
2019-03-20,0.85562,0.86659,0.85558,0.86544,199652.99
2019-03-21,0.86544,0.87227,0.86371,0.86623,202427.2
2019-03-22,0.86623,0.8671,0.85325,0.85529,231856.58
2019-03-24,0.85398,0.85571,0.85398,0.85532,6013.26
2019-03-25,0.85532,0.85983,0.85451,0.8564,193997.32
2019-03-26,0.8564,0.85958,0.85188,0.85341,174797.74
2019-03-27,0.85341,0.85594,0.84832,0.85551,231250.14
2019-03-28,0.85549,0.86087,0.85272,0.86022,205449.72
2019-03-29,0.86023,0.86491,0.85507,0.86042,191637.83
2019-03-31,0.86069,0.86216,0.86038,0.86192,4799.62
2019-04-01,0.86189,0.86265,0.85246,0.85743,184869.0
2019-04-02,0.85742,0.86077,0.85186,0.85345,185638.2
2019-04-03,0.85344,0.8558,0.85026,0.85336,164808.27
2019-04-04,0.85335,0.85929,0.85179,0.85836,166974.23
2019-04-05,0.85837,0.86367,0.85564,0.86022,142557.12
2019-04-07,0.85992,0.86082,0.85947,0.86035,3932.32
2019-04-08,0.86034,0.8645,0.85901,0.86169,139262.71
2019-04-09,0.8617,0.86517,0.85933,0.86288,148577.94
2019-04-10,0.86288,0.86319,0.85909,0.86086,152492.89
2019-04-11,0.86086,0.86347,0.86047,0.86248,134135.89
2019-04-12,0.86248,0.86565,0.86211,0.86436,121929.29
2019-04-14,0.86368,0.86455,0.8627,0.86388,3738.77
2019-04-15,0.86386,0.8649,0.86182,0.86292,100616.96
2019-04-16,0.86292,0.86595,0.86252,0.86507,142826.56
2019-04-17,0.86504,0.86808,0.86504,0.86638,128134.73
2019-04-18,0.86638,0.8666,0.86339,0.86468,149015.47
2019-04-19,0.86468,0.86568,0.86423,0.86507,148486.91
2019-04-21,0.86451,0.86568,0.86425,0.8654,2776.35
2019-04-22,0.86543,0.86758,0.86466,0.86725,59460.86
2019-04-23,0.86726,0.86816,0.86356,0.86749,115278.81
2019-04-24,0.8675,0.86781,0.86302,0.86433,139050.2
2019-04-25,0.86433,0.86543,0.86264,0.86354,129371.06
2019-04-26,0.86354,0.86391,0.86216,0.86227,120835.98
2019-04-28,0.86252,0.86314,0.86208,0.8629,2728.58
2019-04-29,0.8629,0.86498,0.86204,0.86482,96191.44
2019-04-30,0.86481,0.86489,0.85901,0.86007,132448.48
2019-05-01,0.86008,0.86059,0.85755,0.85823,117845.05
2019-05-02,0.85823,0.8599,0.85679,0.85736,126623.1
2019-05-03,0.85736,0.8587,0.84968,0.8501,132592.12
2019-05-05,0.84968,0.85067,0.84899,0.85047,6795.91
2019-05-06,0.85048,0.85565,0.85043,0.85517,111844.16
2019-05-07,0.85515,0.85811,0.85376,0.85624,121579.55
2019-05-08,0.85626,0.86237,0.85601,0.86081,140275.07
2019-05-09,0.8608,0.86482,0.85967,0.86233,139208.02
2019-05-10,0.86232,0.86419,0.86191,0.86383,123626.8
2019-05-12,0.86365,0.86419,0.86339,0.86372,4327.59
2019-05-13,0.8637,0.86804,0.86241,0.86638,118485.59
2019-05-14,0.8664,0.86914,0.86615,0.86799,101519.69
2019-05-15,0.868,0.8736,0.86683,0.8723,120331.58
2019-05-16,0.8723,0.87477,0.87209,0.87308,98851.84
2019-05-17,0.87308,0.87784,0.87305,0.87704,113962.11
2019-05-19,0.87566,0.87738,0.87566,0.87696,2674.0
2019-05-20,0.87695,0.87844,0.87494,0.87732,88831.79
2019-05-21,0.87734,0.87893,0.87245,0.87854,131164.71
2019-05-22,0.87854,0.88396,0.87719,0.88083,120589.54
2019-05-23,0.88085,0.8838,0.87897,0.88323,138891.65
2019-05-24,0.88324,0.88499,0.88023,0.8812,153241.76
2019-05-26,0.88033,0.88151,0.88014,0.8808,2872.03
2019-05-27,0.88082,0.88351,0.87899,0.88266,101592.59
2019-05-28,0.88266,0.88412,0.88056,0.88221,121367.85
2019-05-29,0.88219,0.88323,0.8798,0.88177,125513.7
2019-05-30,0.88177,0.88407,0.88078,0.88281,102570.86
2019-05-31,0.88278,0.88744,0.8822,0.8841,150863.93
2019-06-02,0.88355,0.88429,0.88297,0.88402,3497.55
2019-06-03,0.88401,0.88877,0.88246,0.88799,139001.57
2019-06-04,0.88799,0.89019,0.88518,0.88585,158056.63
2019-06-05,0.88585,0.8878,0.88405,0.88494,160417.19
2019-06-06,0.88495,0.88905,0.88284,0.88816,165607.56
2019-06-07,0.88814,0.89011,0.88492,0.88949,144074.67
2019-06-09,0.88814,0.8899,0.88814,0.88966,4187.64
2019-06-10,0.88966,0.89295,0.88802,0.89179,122471.2
2019-06-11,0.89178,0.89322,0.88908,0.89034,144228.84
2019-06-12,0.89033,0.89152,0.88714,0.88964,152636.87
2019-06-13,0.88967,0.89197,0.88772,0.88956,134408.4
2019-06-14,0.88957,0.89176,0.88906,0.89022,163527.88
2019-06-16,0.89078,0.89113,0.88901,0.89052,6174.47
2019-06-17,0.89051,0.89513,0.89035,0.89497,100997.77
2019-06-18,0.89496,0.89744,0.89077,0.89109,169057.37
2019-06-19,0.89107,0.89265,0.88732,0.88793,143312.74
2019-06-20,0.88794,0.89229,0.88724,0.88875,181744.43
2019-06-21,0.88875,0.89451,0.88846,0.89177,170919.75
2019-06-23,0.89282,0.89293,0.89211,0.89278,6133.47
2019-06-24,0.89278,0.89604,0.89185,0.89481,122328.53
2019-06-25,0.89481,0.89631,0.89154,0.89576,154796.21
2019-06-26,0.89576,0.89759,0.89406,0.89585,156392.54
2019-06-27,0.89585,0.89813,0.8937,0.89717,152936.59
2019-06-28,0.89719,0.89918,0.89396,0.89505,130257.18
2019-06-30,0.89396,0.89558,0.8938,0.89492,6342.1
2019-07-01,0.89492,0.89798,0.89214,0.89259,131664.0
2019-07-02,0.89259,0.89725,0.89205,0.89619,117687.82
2019-07-03,0.89619,0.89896,0.89607,0.89699,118461.65
2019-07-04,0.89699,0.89774,0.89625,0.89686,95793.46
2019-07-05,0.89685,0.89842,0.89576,0.8959,126236.42
2019-07-07,0.89573,0.89649,0.89573,0.89634,2299.32
2019-07-08,0.89635,0.89732,0.89537,0.89609,86239.72
2019-07-09,0.89607,0.90019,0.89591,0.89934,107818.47
2019-07-10,0.89934,0.90099,0.89836,0.90017,143249.96
2019-07-11,0.90017,0.90053,0.89662,0.89844,138571.2
2019-07-12,0.89844,0.89899,0.89553,0.89593,119618.58
2019-07-14,0.89585,0.89703,0.89504,0.89657,3625.66
2019-07-15,0.89656,0.90007,0.89644,0.89956,88534.78
2019-07-16,0.89956,0.90473,0.8995,0.9034,128580.04
2019-07-17,0.9034,0.9051,0.90144,0.90289,114274.93
2019-07-18,0.9029,0.90387,0.89719,0.89777,148172.75
2019-07-19,0.89776,0.89975,0.89566,0.89694,106340.82
2019-07-21,0.89729,0.8975,0.89582,0.89653,5957.78
2019-07-22,0.89653,0.89998,0.89642,0.8983,80981.65
2019-07-23,0.89831,0.9005,0.89526,0.89653,94465.84
2019-07-24,0.89652,0.89662,0.89057,0.89236,102888.81
2019-07-25,0.89236,0.8959,0.88912,0.89492,133867.12
2019-07-26,0.89491,0.8987,0.89475,0.89848,91467.02
2019-07-28,0.89883,0.89935,0.8984,0.89927,2236.32
2019-07-29,0.89925,0.91256,0.8992,0.912,117894.5
2019-07-30,0.91198,0.91898,0.9117,0.91764,164366.57
2019-07-31,0.91764,0.91803,0.90884,0.91097,188790.04
2019-08-01,0.91096,0.91487,0.90954,0.91379,228943.63
2019-08-02,0.91377,0.917,0.91252,0.91281,210087.42
2019-08-04,0.91317,0.91451,0.91276,0.91415,3627.4
2019-08-05,0.91416,0.92475,0.91319,0.92468,223770.59
2019-08-06,0.92468,0.92495,0.91552,0.92066,203802.51
2019-08-07,0.92066,0.92479,0.91883,0.92285,212924.3
2019-08-08,0.92281,0.9265,0.92032,0.92118,174069.07
2019-08-09,0.92121,0.9317,0.92116,0.93099,138845.85
2019-08-11,0.92877,0.93238,0.92812,0.93234,15114.3
2019-08-12,0.93234,0.93234,0.9247,0.92863,159409.0
2019-08-13,0.92861,0.92945,0.92404,0.92646,174769.45
2019-08-14,0.92646,0.92755,0.92285,0.9239,155567.08
2019-08-15,0.92392,0.92505,0.91546,0.91886,262943.66
2019-08-16,0.91886,0.9192,0.90901,0.91299,134205.37
2019-08-18,0.91207,0.91348,0.91167,0.91222,3706.26
2019-08-19,0.91223,0.91696,0.91117,0.91367,102027.81
2019-08-20,0.91367,0.91837,0.9101,0.91237,140425.58
2019-08-21,0.91237,0.91619,0.91157,0.91416,124156.91
2019-08-22,0.91414,0.91576,0.90279,0.90469,173844.42
2019-08-23,0.9047,0.90943,0.90386,0.90645,183759.9
2019-08-25,0.90886,0.90965,0.90755,0.90879,12021.97
2019-08-26,0.90878,0.91089,0.90623,0.90825,212658.62
2019-08-27,0.90827,0.90942,0.90156,0.90297,166698.12
2019-08-28,0.90297,0.91236,0.90247,0.90728,191218.33
2019-08-29,0.90727,0.90938,0.90509,0.90763,166526.95
2019-08-30,0.90764,0.90839,0.902,0.9035,167408.53
2019-09-01,0.90389,0.9049,0.90346,0.90388,4998.99
2019-09-02,0.90387,0.91087,0.90258,0.90873,135122.28
2019-09-03,0.90874,0.91481,0.90502,0.90747,197467.35
2019-09-04,0.90746,0.90815,0.89997,0.901,187632.16
2019-09-05,0.90104,0.90305,0.89379,0.8952,185156.34
2019-09-06,0.89521,0.8986,0.89451,0.89713,158271.66
2019-09-08,0.89837,0.89863,0.89698,0.89704,3365.74
2019-09-09,0.89703,0.90149,0.8904,0.89474,148047.98
2019-09-10,0.89475,0.89742,0.89207,0.89413,143084.47
2019-09-11,0.89413,0.89513,0.89051,0.89284,149353.88
2019-09-12,0.89285,0.89726,0.88854,0.89669,204572.39
2019-09-13,0.89668,0.89742,0.8854,0.88543,171681.19
2019-09-15,0.88685,0.8869,0.8855,0.88684,4116.87
2019-09-16,0.88686,0.89019,0.8849,0.88547,139756.39
2019-09-17,0.88548,0.88889,0.88382,0.88575,147153.61
2019-09-18,0.88576,0.88805,0.88197,0.88445,152403.04
2019-09-19,0.88445,0.88939,0.88033,0.88188,173934.63
2019-09-20,0.88189,0.88458,0.87862,0.88311,175427.78
2019-09-22,0.88309,0.88373,0.88251,0.88356,4673.59
2019-09-23,0.88356,0.88553,0.88149,0.88417,157082.63
2019-09-24,0.88418,0.88526,0.8803,0.8821,164738.65
2019-09-25,0.88209,0.88801,0.88135,0.88609,165749.54
2019-09-26,0.88609,0.88861,0.88433,0.88588,151453.4
2019-09-27,0.88588,0.89033,0.88463,0.88959,140276.92
2019-09-29,0.88952,0.89046,0.88918,0.8901,3566.57
2019-09-30,0.8901,0.89032,0.88312,0.88681,147468.96
2019-10-01,0.88681,0.89367,0.88462,0.8895,200286.73
2019-10-02,0.88951,0.89243,0.88855,0.89073,185744.7
2019-10-03,0.89076,0.89217,0.88473,0.88918,177681.62
2019-10-04,0.88919,0.89368,0.88803,0.88973,148406.76
2019-10-06,0.89161,0.89162,0.89011,0.89039,5860.06
2019-10-07,0.89037,0.89307,0.8902,0.89286,126863.54
2019-10-08,0.89284,0.89997,0.8923,0.89683,178852.98
2019-10-09,0.89684,0.89967,0.89379,0.89943,151240.73
2019-10-10,0.89945,0.90192,0.88303,0.88575,202934.58
2019-10-11,0.88573,0.88682,0.86948,0.87213,230855.69
2019-10-13,0.87283,0.8741,0.8724,0.87402,5815.54
2019-10-14,0.87401,0.88109,0.87148,0.87439,158915.51
2019-10-15,0.87438,0.87506,0.86254,0.86471,228995.67
2019-10-16,0.8647,0.8716,0.85974,0.86377,222369.46
2019-10-17,0.86378,0.87033,0.85749,0.86469,226739.72
2019-10-18,0.86469,0.86636,0.8598,0.86047,173209.73
2019-10-20,0.86163,0.86605,0.86163,0.86445,15196.15
2019-10-21,0.86445,0.86556,0.85781,0.85963,162124.6
2019-10-22,0.85963,0.86468,0.85762,0.86376,195944.02
2019-10-23,0.86376,0.86598,0.86147,0.86148,161429.84
2019-10-24,0.86147,0.8676,0.85999,0.86475,164187.2
2019-10-25,0.86475,0.86702,0.86307,0.8631,110056.95
2019-10-27,0.86452,0.86452,0.86315,0.864,4793.29
2019-10-28,0.86399,0.86519,0.86153,0.86321,110382.03
2019-10-29,0.86321,0.86503,0.86074,0.86368,131344.35
2019-10-30,0.86368,0.86458,0.86114,0.86436,125662.94
2019-10-31,0.86436,0.86448,0.86002,0.86217,148036.93
2019-11-01,0.86215,0.86365,0.85949,0.8625,115859.08
2019-11-03,0.86373,0.86382,0.86275,0.86306,3920.69
2019-11-04,0.86305,0.86462,0.86208,0.86332,104991.59
2019-11-05,0.86331,0.86449,0.85851,0.85969,125538.21
2019-11-06,0.85969,0.86169,0.85939,0.86105,94045.49
2019-11-07,0.86107,0.86574,0.86021,0.86208,131644.97
2019-11-08,0.86209,0.863,0.8598,0.8621,95008.43
2019-11-10,0.86079,0.86165,0.86079,0.86139,3375.06
2019-11-11,0.86139,0.86216,0.85577,0.85842,96937.02
2019-11-12,0.85842,0.86052,0.85578,0.85687,109222.29
2019-11-13,0.85686,0.85891,0.856,0.85651,103807.82
2019-11-14,0.8565,0.85815,0.85447,0.85539,106299.54
2019-11-15,0.85539,0.85737,0.85496,0.85627,84448.04
2019-11-17,0.85475,0.856,0.8547,0.85554,7128.57
2019-11-18,0.85554,0.85598,0.85215,0.85495,100617.91
2019-11-19,0.85495,0.858,0.85373,0.85682,99535.06
2019-11-20,0.85679,0.85832,0.85598,0.85698,102084.67
2019-11-21,0.857,0.85803,0.85446,0.85648,119239.06
2019-11-22,0.85648,0.86049,0.8561,0.85825,115089.1
2019-11-24,0.85683,0.85807,0.85683,0.85764,4963.09
2019-11-25,0.85763,0.85839,0.85297,0.85368,105177.4
2019-11-26,0.85368,0.85798,0.85324,0.857,106943.47
2019-11-27,0.85699,0.85841,0.84995,0.85111,123439.82
2019-11-28,0.85108,0.85319,0.85003,0.85273,95576.08
2019-11-29,0.85276,0.85427,0.851,0.85114,101616.5
2019-12-01,0.85375,0.85395,0.85306,0.85328,3254.13
2019-12-02,0.85331,0.85746,0.85142,0.8559,108968.55
2019-12-03,0.8559,0.85645,0.85121,0.85258,113946.63
2019-12-04,0.85257,0.85296,0.84512,0.84535,124146.96
2019-12-05,0.84534,0.84553,0.843,0.84386,97620.05
2019-12-06,0.84386,0.84672,0.8411,0.84152,87811.85
2019-12-08,0.8418,0.84186,0.84145,0.84162,3196.12
2019-12-09,0.84164,0.84264,0.83927,0.84161,81548.51
2019-12-10,0.84161,0.84612,0.8397,0.8448,104652.05
2019-12-11,0.8448,0.84518,0.84105,0.84336,114089.36
2019-12-12,0.84336,0.85085,0.82798,0.82998,179015.68
2019-12-13,0.82995,0.83879,0.82764,0.83397,190461.21
2019-12-15,0.834,0.83408,0.83299,0.833,8510.31
2019-12-16,0.83298,0.84136,0.83015,0.83925,133803.0
2019-12-17,0.83924,0.851,0.838,0.84974,152636.27
2019-12-18,0.84974,0.85171,0.84832,0.84942,139700.87
2019-12-19,0.84941,0.85566,0.84762,0.85442,138357.23
2019-12-20,0.85442,0.85479,0.84766,0.85154,113132.21
2019-12-22,0.85196,0.8527,0.85127,0.8519,12123.64
2019-12-23,0.8519,0.85916,0.85046,0.85691,103444.03
2019-12-24,0.85693,0.85794,0.85431,0.85676,95946.16
2019-12-25,0.85675,0.85701,0.85308,0.8553,8492.14
2019-12-26,0.85529,0.85558,0.85261,0.85381,64190.02
2019-12-27,0.85381,0.85648,0.85087,0.85386,106455.0
2019-12-29,0.85309,0.85473,0.85274,0.85411,5384.37
2019-12-30,0.8541,0.85565,0.85118,0.85426,118697.73
2019-12-31,0.85423,0.85488,0.84507,0.84511,109673.26
2020-01-01,0.84593,0.84674,0.8456,0.84663,13863.77
2020-01-02,0.84661,0.85142,0.84584,0.84961,222990.31
2020-01-03,0.84962,0.85429,0.84927,0.85261,126112.39
2020-01-05,0.85305,0.85421,0.85143,0.85337,4611.07
2020-01-06,0.85337,0.85447,0.84923,0.84991,102167.82
2020-01-07,0.84989,0.85269,0.84652,0.85048,133429.24
2020-01-08,0.85047,0.85163,0.84545,0.84792,138838.77
2020-01-09,0.84792,0.85332,0.8471,0.84996,122590.08
2020-01-10,0.84996,0.85195,0.84789,0.85093,120726.0
2020-01-12,0.8526,0.85308,0.85212,0.85217,3188.0
2020-01-13,0.85217,0.85817,0.85214,0.85734,110273.19
2020-01-14,0.85734,0.85957,0.85397,0.8545,119810.95
2020-01-15,0.85451,0.85771,0.8537,0.85518,110278.73
2020-01-16,0.85518,0.85611,0.8509,0.85159,112405.16
2020-01-17,0.85157,0.85328,0.84873,0.85229,110572.17
2020-01-19,0.85345,0.85347,0.85266,0.85297,3848.17
2020-01-20,0.85298,0.85532,0.85201,0.85325,75777.24
2020-01-21,0.85325,0.8535,0.84903,0.84967,111898.81
2020-01-22,0.84967,0.85006,0.84239,0.8441,131139.43
2020-01-23,0.8441,0.84571,0.84167,0.84266,122583.49
2020-01-24,0.84266,0.84439,0.83868,0.84305,121996.95
2020-01-26,0.84335,0.84438,0.84283,0.84403,11449.78
2020-01-27,0.844,0.84489,0.84085,0.84374,103624.15
2020-01-28,0.84374,0.84786,0.84348,0.84628,100474.76
2020-01-29,0.84626,0.84677,0.84467,0.84577,86546.97
2020-01-30,0.84577,0.84872,0.84118,0.84278,123705.79
2020-01-31,0.84278,0.8428,0.8387,0.83983,116918.36
2020-02-02,0.84185,0.84196,0.84083,0.84123,4985.69
2020-02-03,0.84123,0.85183,0.84064,0.8511,132311.72
2020-02-04,0.85106,0.85376,0.84642,0.84753,113913.22
2020-02-05,0.84754,0.84909,0.84337,0.84644,116775.23
2020-02-06,0.84643,0.84972,0.84624,0.84918,109468.67
2020-02-07,0.84918,0.84975,0.84614,0.84922,116513.17
2020-02-09,0.84861,0.84948,0.84854,0.84941,4226.17
2020-02-10,0.8494,0.85043,0.84421,0.84467,103039.68
2020-02-11,0.84467,0.84585,0.842,0.84271,100013.74
2020-02-12,0.84273,0.84276,0.83815,0.83927,69833.36
2020-02-13,0.83925,0.83999,0.82952,0.831,98951.33
2020-02-14,0.83102,0.83438,0.82983,0.82999,97602.15
2020-02-16,0.83086,0.83097,0.8303,0.8306,4757.93
2020-02-17,0.83059,0.83348,0.83034,0.83317,72648.55
2020-02-18,0.83316,0.83479,0.8282,0.83037,115374.86
2020-02-19,0.83037,0.83676,0.82946,0.83625,105109.68
2020-02-20,0.83624,0.84155,0.83572,0.83744,90982.74
2020-02-21,0.83744,0.83848,0.83429,0.83685,116970.31
2020-02-23,0.83588,0.83708,0.83551,0.83677,8937.2
2020-02-24,0.83679,0.84071,0.83438,0.83933,146818.81
2020-02-25,0.83933,0.84004,0.83381,0.8367,154162.36
2020-02-26,0.8367,0.84418,0.83564,0.84346,166800.32
2020-02-27,0.84346,0.85423,0.84333,0.85318,185050.61
2020-02-28,0.85319,0.86417,0.85209,0.86004,223752.65
2020-03-01,0.86264,0.86507,0.86059,0.86306,11984.39
2020-03-02,0.86306,0.87417,0.85941,0.87287,259216.81
2020-03-03,0.87285,0.87438,0.86817,0.87175,251405.31
2020-03-04,0.87175,0.87443,0.86484,0.86528,194563.08
2020-03-05,0.86527,0.86811,0.86208,0.86659,180437.24
2020-03-06,0.86659,0.87174,0.86474,0.86492,264292.22
2020-03-08,0.86748,0.86999,0.86587,0.86945,24364.0
2020-03-09,0.86945,0.87688,0.86563,0.87187,386934.89
2020-03-10,0.87185,0.8781,0.86808,0.87665,317749.47
2020-03-11,0.87665,0.88471,0.87147,0.87854,287307.6
2020-03-12,0.87853,0.8913,0.87824,0.88922,399671.71
2020-03-13,0.88923,0.90476,0.88428,0.90365,390600.29
2020-03-15,0.90398,0.90548,0.89805,0.8995,46828.21
2020-03-16,0.89945,0.91496,0.89862,0.90995,460714.77
2020-03-17,0.90995,0.91409,0.90649,0.90906,442895.97
2020-03-18,0.90904,0.946,0.90675,0.94252,460378.84
2020-03-19,0.9425,0.94996,0.91203,0.92701,542813.12
2020-03-20,0.92703,0.92835,0.89942,0.91802,498542.58
2020-03-22,0.91655,0.92478,0.91558,0.9196,44881.92
2020-03-23,0.91961,0.93872,0.91636,0.92816,476414.49
2020-03-24,0.92814,0.93245,0.91437,0.91581,416156.43
2020-03-25,0.91582,0.92752,0.90547,0.9188,387596.07
2020-03-26,0.91881,0.92233,0.90276,0.90599,363751.56
2020-03-27,0.90599,0.90716,0.89039,0.89349,334901.06
2020-03-29,0.89263,0.89619,0.89185,0.89427,16326.5
2020-03-30,0.89426,0.89877,0.88664,0.89147,231577.65
2020-03-31,0.89146,0.89719,0.88112,0.88859,285301.64
2020-04-01,0.88861,0.89111,0.8785,0.88443,227710.69
2020-04-02,0.88443,0.88445,0.8739,0.87516,237818.36
2020-04-03,0.87515,0.88356,0.87405,0.87991,219513.93
2020-04-05,0.88302,0.88529,0.88162,0.88429,16140.09
2020-04-06,0.88429,0.88637,0.87647,0.88278,220101.02
2020-04-07,0.88278,0.88588,0.88,0.88285,233646.86
2020-04-08,0.88285,0.88322,0.87454,0.87637,190530.53
2020-04-09,0.87637,0.87867,0.87245,0.87696,211254.6
2020-04-10,0.87696,0.87848,0.87604,0.87683,108566.33
2020-04-12,0.87688,0.87773,0.87616,0.87723,7225.23
2020-04-13,0.87724,0.87784,0.87059,0.87204,130081.19
2020-04-14,0.87202,0.87387,0.86816,0.86991,180294.16
2020-04-15,0.86985,0.87452,0.86976,0.87089,175648.71
2020-04-16,0.87086,0.87287,0.8686,0.86944,217195.56
2020-04-17,0.86944,0.87216,0.86831,0.86967,176183.67
2020-04-19,0.86863,0.87027,0.86863,0.87005,6416.75
2020-04-20,0.87004,0.87432,0.86981,0.87318,141466.06
2020-04-21,0.87318,0.88631,0.8726,0.88244,202810.77
2020-04-22,0.88245,0.88366,0.87654,0.87685,153162.55
2020-04-23,0.87685,0.87764,0.87083,0.87221,180400.76
2020-04-24,0.87219,0.87682,0.87118,0.87501,153391.97
2020-04-26,0.87472,0.87501,0.87445,0.87491,3351.16
2020-04-27,0.87491,0.87492,0.87088,0.87136,136219.58
2020-04-28,0.87137,0.87247,0.86888,0.87109,126102.34
2020-04-29,0.8711,0.87547,0.86936,0.8722,116441.4
2020-04-30,0.8722,0.87425,0.86707,0.8699,169178.37
2020-05-01,0.86987,0.87961,0.86983,0.87876,117713.66
2020-05-03,0.87846,0.88022,0.8782,0.87997,6664.12
2020-05-04,0.87997,0.88139,0.87542,0.87606,134303.07
2020-05-05,0.87604,0.87608,0.86901,0.87098,140830.23
2020-05-06,0.87098,0.87629,0.86978,0.87614,151671.06
2020-05-07,0.87613,0.87897,0.87084,0.87573,162272.64
2020-05-08,0.8757,0.87653,0.87124,0.87342,118359.3
2020-05-10,0.87276,0.87379,0.87151,0.87279,6752.61
2020-05-11,0.8728,0.88065,0.87211,0.87653,142820.77
2020-05-12,0.87653,0.88539,0.87584,0.88516,166041.75
2020-05-13,0.88515,0.88772,0.88074,0.88411,186619.39
2020-05-14,0.88411,0.88709,0.88256,0.88327,178164.0
2020-05-15,0.88324,0.89393,0.88289,0.893,162417.77
2020-05-17,0.89358,0.89578,0.89346,0.89511,7831.61
2020-05-18,0.89512,0.89597,0.88939,0.89454,159615.8
2020-05-19,0.89455,0.89573,0.89021,0.89147,164702.12
2020-05-20,0.89144,0.89827,0.89113,0.8972,158640.1
2020-05-21,0.89719,0.90001,0.89454,0.89582,152140.53
2020-05-22,0.89582,0.89712,0.89292,0.89596,119462.43
2020-05-24,0.89447,0.89547,0.89385,0.89505,6838.8
2020-05-25,0.89506,0.89541,0.89277,0.8934,107619.87
2020-05-26,0.89342,0.89412,0.88808,0.89019,156943.91
2020-05-27,0.89018,0.89939,0.88889,0.89831,212240.74
2020-05-28,0.89831,0.89939,0.89631,0.89923,182944.89
2020-05-29,0.89922,0.90544,0.89792,0.89897,214993.94
2020-05-31,0.90157,0.90162,0.89918,0.90034,8099.18
2020-06-01,0.90033,0.90033,0.89017,0.89093,178491.01
2020-06-02,0.89093,0.89209,0.8866,0.88901,204505.34
2020-06-03,0.88901,0.89385,0.8878,0.89345,209703.57
2020-06-04,0.89345,0.9007,0.89306,0.89917,230290.64
2020-06-05,0.89917,0.90044,0.88852,0.89108,233360.76
2020-06-07,0.89017,0.89099,0.88884,0.88965,9168.83
2020-06-08,0.88965,0.89283,0.88676,0.88762,130008.72
2020-06-09,0.88764,0.89383,0.8864,0.89158,160556.25
2020-06-10,0.89158,0.89423,0.88825,0.89415,190930.21
2020-06-11,0.89413,0.90148,0.89331,0.89779,219568.29
2020-06-12,0.89779,0.89971,0.89479,0.89741,210685.52
2020-06-14,0.89754,0.89968,0.89754,0.89946,8360.69
2020-06-15,0.89945,0.90245,0.89611,0.89707,207123.87
2020-06-16,0.89707,0.89805,0.89118,0.89525,214804.91
2020-06-17,0.89525,0.89899,0.89382,0.89573,174312.35
2020-06-18,0.89572,0.90414,0.89522,0.902,188389.47
2020-06-19,0.902,0.90724,0.9006,0.90491,153277.91
2020-06-21,0.90509,0.90573,0.90456,0.90524,5399.19
2020-06-22,0.90524,0.90602,0.90187,0.90214,133875.82
2020-06-23,0.90215,0.90788,0.90193,0.90318,154327.57
2020-06-24,0.90318,0.90732,0.90155,0.90633,157599.47
2020-06-25,0.90631,0.90646,0.90009,0.90284,150862.76
2020-06-26,0.90286,0.91,0.90251,0.90901,123969.86
2020-06-28,0.90849,0.91007,0.90848,0.9093,3887.91
2020-06-29,0.9093,0.91755,0.90842,0.91351,127627.1
2020-06-30,0.91348,0.91444,0.9057,0.90677,134694.17
2020-07-01,0.90678,0.90792,0.90105,0.90265,137896.18
2020-07-02,0.90265,0.90316,0.90026,0.90139,119763.49
2020-07-03,0.90139,0.90292,0.89991,0.89991,105192.63
2020-07-05,0.90138,0.90183,0.90084,0.90154,2360.95
2020-07-06,0.90155,0.90672,0.90133,0.90536,112687.9
2020-07-07,0.90536,0.9055,0.8967,0.89895,123855.45
2020-07-08,0.89898,0.90103,0.89747,0.89881,124155.63
2020-07-09,0.8988,0.89999,0.89456,0.89545,134549.63
2020-07-10,0.89543,0.89693,0.89376,0.89502,112033.23
2020-07-12,0.89465,0.89579,0.89329,0.89558,5761.1
2020-07-13,0.89558,0.90392,0.89454,0.9038,129381.01
2020-07-14,0.90379,0.91125,0.90339,0.90776,165645.43
2020-07-15,0.90776,0.90778,0.90437,0.90675,159353.11
2020-07-16,0.90675,0.90951,0.90556,0.90671,155210.12
2020-07-17,0.90671,0.91345,0.90575,0.90916,91703.56
2020-07-19,0.9092,0.91042,0.908,0.91017,6380.68
2020-07-20,0.91015,0.91377,0.90304,0.90478,123252.22
2020-07-21,0.90479,0.90656,0.90009,0.90591,135603.12
2020-07-22,0.90591,0.91364,0.90522,0.9086,167078.42
2020-07-23,0.9086,0.91243,0.90845,0.91083,168904.25
2020-07-24,0.91084,0.91247,0.90833,0.91091,263623.46
2020-07-26,0.90977,0.911,0.90965,0.9105,7312.24
2020-07-27,0.9105,0.9148,0.90999,0.91305,159777.07
2020-07-28,0.91305,0.91344,0.90528,0.90667,156904.76
2020-07-29,0.90667,0.9087,0.90349,0.90762,164016.38
2020-07-30,0.90763,0.90786,0.90163,0.90512,186978.68
2020-07-31,0.90511,0.90628,0.89804,0.89976,243095.86
2020-08-02,0.89978,0.90075,0.89923,0.89931,8561.93
2020-08-03,0.89934,0.90147,0.8982,0.89917,144366.95
2020-08-04,0.89918,0.90406,0.89911,0.90281,168840.06
2020-08-05,0.90279,0.90584,0.90119,0.90448,123843.68
2020-08-06,0.90446,0.90531,0.89843,0.90387,198592.37
2020-08-07,0.90386,0.90419,0.9015,0.90295,159024.58
2020-08-09,0.90268,0.9029,0.90185,0.90267,4384.59
2020-08-10,0.90267,0.90294,0.89746,0.89747,107971.18
2020-08-11,0.89747,0.90088,0.89693,0.89909,149594.29
2020-08-12,0.89909,0.90528,0.89889,0.90399,151165.01
2020-08-13,0.90399,0.90518,0.90301,0.90397,141359.14
2020-08-14,0.90396,0.90507,0.90004,0.90473,106570.18
2020-08-16,0.90396,0.90463,0.90273,0.90431,30110.37
2020-08-17,0.90431,0.90699,0.90349,0.90595,124553.4
2020-08-18,0.90595,0.90606,0.90037,0.90138,157110.7
2020-08-19,0.90135,0.90454,0.90032,0.90338,158245.23
2020-08-20,0.90341,0.90682,0.89693,0.89788,156943.25
2020-08-21,0.8979,0.90155,0.89439,0.90105,170402.18
2020-08-23,0.90077,0.9013,0.90048,0.90109,2974.69
2020-08-24,0.90108,0.90439,0.90015,0.90224,194193.9
2020-08-25,0.90225,0.90371,0.89825,0.89988,166365.43
2020-08-26,0.8999,0.90036,0.89467,0.89568,147365.87
2020-08-27,0.89568,0.89644,0.89292,0.89549,265361.16
2020-08-28,0.8955,0.89743,0.89085,0.89145,159687.63
2020-08-30,0.89182,0.89241,0.89157,0.89227,10272.82
2020-08-31,0.89229,0.89665,0.89169,0.89319,169598.5
2020-09-01,0.89319,0.89457,0.88883,0.88969,160653.6
2020-09-02,0.88968,0.89074,0.88726,0.88741,134649.55
2020-09-03,0.88743,0.8934,0.88657,0.89273,142505.72
2020-09-04,0.89273,0.89515,0.88996,0.89126,146807.32
2020-09-06,0.89343,0.89416,0.89244,0.8933,9162.52
2020-09-07,0.89332,0.89935,0.89292,0.89797,110058.54
2020-09-08,0.89796,0.90791,0.89739,0.90757,160544.34
2020-09-09,0.90755,0.91305,0.90675,0.90804,136464.12
2020-09-10,0.90804,0.92704,0.90772,0.92314,186831.9
2020-09-11,0.92316,0.92914,0.92096,0.92563,125417.3
2020-09-13,0.92582,0.92619,0.92367,0.92448,15878.18
2020-09-14,0.92448,0.92506,0.92005,0.92355,108178.76
2020-09-15,0.92357,0.92587,0.91835,0.91913,97223.93
2020-09-16,0.91916,0.92072,0.90943,0.91075,153316.72
2020-09-17,0.91074,0.91692,0.90825,0.913,149582.73
2020-09-18,0.91302,0.91774,0.91146,0.91646,104979.64
2020-09-20,0.91529,0.91623,0.91496,0.9159,6631.96
2020-09-21,0.91591,0.91969,0.91463,0.91766,132292.65
2020-09-22,0.91765,0.92201,0.91435,0.91863,144594.31
2020-09-23,0.91863,0.92178,0.91362,0.91679,137500.65
2020-09-24,0.91678,0.91803,0.91124,0.91511,141461.89
2020-09-25,0.91512,0.91682,0.91182,0.91194,143521.25
2020-09-27,0.90953,0.91192,0.90952,0.91143,2789.92
2020-09-28,0.91145,0.91173,0.90248,0.90701,115547.72
2020-09-29,0.90702,0.91456,0.9062,0.91263,114680.88
2020-09-30,0.91263,0.91569,0.90664,0.90757,127779.58
2020-10-01,0.90759,0.91552,0.90619,0.91134,150638.03
2020-10-02,0.9113,0.91233,0.90438,0.90543,150690.22
2020-10-04,0.90529,0.90682,0.90503,0.9064,5604.5
2020-10-05,0.9064,0.90901,0.90532,0.90731,97098.42
2020-10-06,0.90732,0.91256,0.90604,0.91095,131481.99
2020-10-07,0.91094,0.91612,0.90947,0.91087,131098.14
2020-10-08,0.91086,0.91225,0.90696,0.90933,125687.47
2020-10-09,0.90934,0.91318,0.90631,0.90638,106190.98
2020-10-11,0.90636,0.90735,0.90631,0.90674,7783.34
2020-10-12,0.90672,0.90784,0.9028,0.90415,102655.28
2020-10-13,0.90416,0.90848,0.90191,0.90775,126123.08
2020-10-14,0.90776,0.91214,0.9007,0.90259,132508.54
2020-10-15,0.90258,0.90772,0.9016,0.90721,151144.04
2020-10-16,0.90724,0.91096,0.90435,0.90663,130597.5
2020-10-18,0.90816,0.90816,0.9061,0.90629,6710.4
2020-10-19,0.90628,0.90978,0.90222,0.90889,128915.66
2020-10-20,0.90889,0.91483,0.90792,0.91293,116340.4
2020-10-21,0.9129,0.91328,0.90109,0.90264,143998.81
2020-10-22,0.90265,0.90457,0.90141,0.90336,124512.47
2020-10-23,0.90336,0.91071,0.9021,0.90903,125159.72
2020-10-25,0.90769,0.90853,0.90701,0.90763,12247.33
2020-10-26,0.90762,0.91056,0.90409,0.90728,127121.09
2020-10-27,0.90728,0.90846,0.90286,0.90411,114382.66
2020-10-28,0.90411,0.90755,0.90144,0.9044,155790.65
2020-10-29,0.90441,0.90591,0.90062,0.90304,165733.85
2020-10-30,0.90304,0.90524,0.89836,0.89907,155815.41
2020-11-01,0.90099,0.90138,0.89979,0.90056,4876.36
2020-11-02,0.90056,0.90486,0.8995,0.90077,130740.39
2020-11-03,0.90077,0.90245,0.89581,0.8964,114810.87
2020-11-04,0.8964,0.90642,0.89451,0.90478,257029.74
2020-11-05,0.90478,0.90686,0.89883,0.89934,192204.0
2020-11-06,0.89934,0.90546,0.89897,0.90247,152770.7
2020-11-08,0.90321,0.90376,0.90218,0.90228,10653.61
2020-11-09,0.90225,0.90481,0.89707,0.89782,196984.93
2020-11-10,0.89783,0.89791,0.88836,0.89117,185619.93
2020-11-11,0.89117,0.89181,0.88607,0.89073,134785.66
2020-11-12,0.89073,0.9004,0.89057,0.89957,153346.71
2020-11-13,0.89957,0.90032,0.8963,0.89651,106021.72
2020-11-15,0.89885,0.89885,0.8957,0.89596,4727.38
2020-11-16,0.89597,0.89946,0.89546,0.89691,145700.05
2020-11-17,0.89691,0.89817,0.8942,0.89485,117643.42
2020-11-18,0.89485,0.8958,0.89147,0.8938,109147.37
2020-11-19,0.8938,0.89634,0.89236,0.89563,133852.19
2020-11-20,0.89563,0.89596,0.89177,0.8919,92699.18
2020-11-22,0.8917,0.89232,0.89151,0.89185,14045.68
2020-11-23,0.89187,0.8921,0.88661,0.88858,134377.58
2020-11-24,0.8886,0.8913,0.88742,0.89037,135594.65
2020-11-25,0.89038,0.89383,0.88897,0.8903,130879.41
2020-11-26,0.8903,0.89345,0.89024,0.89191,97284.63
2020-11-27,0.89193,0.89998,0.89148,0.89809,110620.63
2020-11-29,0.89674,0.89831,0.89674,0.89797,3546.71
2020-11-30,0.89797,0.90011,0.89449,0.89511,134170.13
2020-12-01,0.89511,0.90073,0.89284,0.89928,151021.04
2020-12-02,0.89927,0.90837,0.89851,0.90608,150731.92
2020-12-03,0.9061,0.90652,0.89981,0.90279,145998.9
2020-12-04,0.9028,0.90668,0.89828,0.90205,139635.05
2020-12-06,0.90439,0.90449,0.90298,0.90341,5603.16
2020-12-07,0.90341,0.91419,0.90281,0.90667,137965.15
2020-12-08,0.90666,0.9116,0.90479,0.90601,141796.58
2020-12-09,0.90601,0.90801,0.8983,0.90362,131496.15
2020-12-10,0.90366,0.91419,0.90228,0.91281,145396.3
2020-12-11,0.91282,0.92296,0.91149,0.91541,129031.86
2020-12-13,0.90793,0.91122,0.90759,0.91108,10389.56
2020-12-14,0.91106,0.91211,0.90448,0.91162,141023.09
2020-12-15,0.9116,0.91483,0.90207,0.90378,143358.54
2020-12-16,0.90381,0.90556,0.89917,0.90325,142692.28
2020-12-17,0.90325,0.90504,0.89818,0.90359,120467.2
2020-12-18,0.90361,0.90843,0.90313,0.90571,107755.72
2020-12-20,0.91165,0.91189,0.90959,0.91118,5527.79
2020-12-21,0.91116,0.92169,0.90695,0.90977,182644.99
2020-12-22,0.90978,0.91565,0.90837,0.90932,140748.75
2020-12-23,0.90931,0.90971,0.90006,0.90236,156430.07
2020-12-24,0.90238,0.9031,0.89529,0.89848,92499.2
2020-12-25,0.89848,0.89937,0.89677,0.89855,1366.76
2020-12-27,0.89901,0.90018,0.89833,0.89928,3397.31
2020-12-28,0.8993,0.90913,0.89908,0.90747,128670.19
2020-12-29,0.90745,0.90928,0.90562,0.90768,127875.97
2020-12-30,0.9077,0.90854,0.90128,0.90231,120831.04
2020-12-31,0.90233,0.90312,0.89316,0.89365,118521.18
2021-01-03,0.89588,0.89635,0.89504,0.89539,4455.67
2021-01-04,0.89536,0.90486,0.89434,0.90278,138414.21
2021-01-05,0.90278,0.9054,0.90134,0.90249,155538.86
2021-01-06,0.90249,0.90848,0.90169,0.90559,178948.02
2021-01-07,0.9056,0.90768,0.90151,0.90418,137748.23
2021-01-08,0.90416,0.90452,0.8993,0.90089,155054.71
2021-01-10,0.8997,0.90185,0.89937,0.90146,5430.65
2021-01-11,0.90147,0.90367,0.89881,0.89917,122374.82
2021-01-12,0.89918,0.89952,0.89201,0.89325,131327.44
2021-01-13,0.89326,0.89341,0.88833,0.89109,128063.38
2021-01-14,0.89108,0.89157,0.8869,0.88796,137666.41
2021-01-15,0.88798,0.89071,0.88656,0.88843,127538.14
2021-01-17,0.88798,0.88915,0.88765,0.88906,4966.17
2021-01-18,0.88904,0.89247,0.88857,0.88916,96991.46
2021-01-19,0.88915,0.89182,0.88831,0.88964,104774.84
2021-01-20,0.88963,0.89035,0.88374,0.88636,117017.16
2021-01-21,0.88636,0.88688,0.88294,0.88608,117633.26
2021-01-22,0.88608,0.89182,0.88596,0.88943,101450.15
2021-01-24,0.88938,0.8895,0.88886,0.88898,2340.87
2021-01-25,0.88899,0.88965,0.88681,0.88786,116303.59
2021-01-26,0.88786,0.89043,0.88466,0.88515,111053.76
2021-01-27,0.88516,0.88566,0.88122,0.88525,149695.29
2021-01-28,0.88523,0.88835,0.88267,0.8831,138863.96
2021-01-29,0.88309,0.88702,0.88252,0.88567,151874.02
2021-01-31,0.88487,0.88525,0.8845,0.88504,4970.1
2021-02-01,0.88502,0.88513,0.88044,0.88236,117118.16
2021-02-02,0.88235,0.88367,0.87951,0.88117,112289.42
2021-02-03,0.88119,0.88259,0.87971,0.88211,105180.48
2021-02-04,0.88211,0.88392,0.87475,0.87518,115828.51
2021-02-05,0.87514,0.87773,0.87381,0.87675,100855.1
2021-02-07,0.8772,0.87768,0.87645,0.87696,8232.69
2021-02-08,0.87696,0.87927,0.87616,0.87678,93812.32
2021-02-09,0.87677,0.8797,0.87619,0.87695,109190.65
2021-02-10,0.87692,0.87798,0.8751,0.87617,92753.28
2021-02-11,0.8762,0.87878,0.87525,0.87826,73111.47
2021-02-12,0.87826,0.8791,0.87435,0.87451,70400.7
2021-02-14,0.87497,0.87527,0.87383,0.87384,6161.47
2021-02-15,0.87386,0.87397,0.87168,0.87188,60954.53
2021-02-16,0.87188,0.87384,0.86969,0.87052,88553.37
2021-02-17,0.87055,0.8719,0.86796,0.86865,93566.4
2021-02-18,0.86863,0.86999,0.86409,0.86569,86591.67
2021-02-19,0.86571,0.86782,0.864,0.86457,78793.63
2021-02-21,0.8641,0.86507,0.8641,0.86435,12147.21
2021-02-22,0.86436,0.86608,0.86329,0.86462,82656.08
2021-02-23,0.8646,0.86538,0.86047,0.86051,83251.76
2021-02-24,0.86051,0.8616,0.85391,0.86023,117500.2
2021-02-25,0.86023,0.8699,0.85962,0.86816,142305.44
2021-02-26,0.86816,0.87307,0.8656,0.8667,180346.72
2021-02-28,0.86581,0.86678,0.86477,0.86517,9134.68
2021-03-01,0.86517,0.86611,0.86197,0.86496,117014.06
2021-03-02,0.86497,0.8667,0.86367,0.86604,114455.81
2021-03-03,0.86604,0.8668,0.86218,0.86528,116556.15
2021-03-04,0.86529,0.86535,0.85958,0.8613,150543.98
2021-03-05,0.86129,0.86517,0.86021,0.86101,149454.0
2021-03-07,0.86205,0.86259,0.86039,0.86105,12285.19
2021-03-08,0.86105,0.86176,0.85657,0.85739,125400.89
2021-03-09,0.85738,0.8586,0.85501,0.85665,115609.91
2021-03-10,0.85666,0.85788,0.85495,0.85594,107124.74
2021-03-11,0.85593,0.85817,0.85478,0.85646,104343.43
2021-03-12,0.85646,0.85988,0.85537,0.85858,110618.77
2021-03-14,0.85785,0.85851,0.85772,0.85782,6104.49
2021-03-15,0.8578,0.85998,0.85541,0.85808,91325.0
2021-03-16,0.85808,0.86393,0.85583,0.85612,104076.38
2021-03-17,0.85612,0.8605,0.85401,0.85741,120998.63
2021-03-18,0.85738,0.85843,0.8533,0.85591,127168.67
2021-03-19,0.85593,0.859,0.85352,0.85805,110634.08
2021-03-21,0.85751,0.8592,0.85751,0.859,3707.22
2021-03-22,0.859,0.86277,0.85765,0.86096,92111.05
2021-03-23,0.86093,0.86451,0.85974,0.8622,115504.71
2021-03-24,0.86219,0.86453,0.86139,0.86293,105794.25
2021-03-25,0.86292,0.86412,0.85609,0.85658,108447.39
2021-03-26,0.8566,0.85714,0.85345,0.85455,86638.07
2021-03-28,0.85453,0.85557,0.85453,0.85474,2623.26
2021-03-29,0.85473,0.85624,0.85056,0.85435,96082.41
2021-03-30,0.85434,0.85564,0.8523,0.8528,87540.55
2021-03-31,0.85281,0.85374,0.85023,0.85064,96291.01
2021-04-01,0.85062,0.85331,0.84927,0.85131,94146.96
2021-04-02,0.8513,0.85198,0.84972,0.85021,94393.62
2021-04-04,0.85035,0.85109,0.84987,0.85079,5266.41
2021-04-05,0.85078,0.85094,0.84717,0.84933,53204.9
2021-04-06,0.84935,0.85921,0.84856,0.85848,93785.27
2021-04-07,0.85848,0.86632,0.85816,0.8639,105125.54
2021-04-08,0.86391,0.86807,0.86212,0.8676,86778.31
2021-04-09,0.86759,0.86974,0.86462,0.86808,75961.2
2021-04-11,0.86681,0.86828,0.8668,0.8678,3660.61
2021-04-12,0.86779,0.86951,0.86395,0.86605,73190.22
2021-04-13,0.86605,0.87113,0.86404,0.86878,89427.1
2021-04-14,0.86878,0.86983,0.86686,0.86972,86083.3
2021-04-15,0.86971,0.86974,0.86698,0.86837,83608.21
2021-04-16,0.86834,0.87191,0.86494,0.86494,78371.53
2021-04-18,0.86515,0.86627,0.86515,0.86616,3158.72
2021-04-19,0.86616,0.86722,0.85885,0.86064,93149.0
2021-04-20,0.86065,0.86433,0.8605,0.86326,89584.54
2021-04-21,0.86326,0.86444,0.86125,0.86403,82143.16
2021-04-22,0.86402,0.87023,0.86343,0.86815,98433.19
2021-04-23,0.86815,0.87176,0.86715,0.87116,81864.62
2021-04-25,0.8712,0.87193,0.87105,0.8719,2452.04
2021-04-26,0.87189,0.87192,0.86822,0.8693,80835.31
2021-04-27,0.86929,0.87011,0.86739,0.86949,74639.72
2021-04-28,0.86948,0.87074,0.86853,0.86961,94600.49
2021-04-29,0.8696,0.87016,0.8674,0.86908,85918.61
2021-04-30,0.86909,0.87175,0.86814,0.8697,100060.97
2021-05-02,0.87061,0.87086,0.86985,0.87036,2188.54
2021-05-03,0.87033,0.87095,0.86645,0.8673,71110.29
2021-05-04,0.8673,0.86891,0.86455,0.86509,98764.44
2021-05-05,0.8651,0.8651,0.86233,0.86325,76129.96
2021-05-06,0.86326,0.86983,0.8629,0.86824,95713.21
2021-05-07,0.86823,0.87006,0.8665,0.86948,98698.85
2021-05-09,0.86799,0.86918,0.86675,0.86676,4701.87
2021-05-10,0.86676,0.8672,0.85866,0.85911,93726.94
2021-05-11,0.85912,0.86134,0.85815,0.85909,91940.22
2021-05-12,0.8591,0.85973,0.85602,0.85883,107707.45
2021-05-13,0.85883,0.86171,0.85842,0.85978,108382.37
2021-05-14,0.85977,0.86271,0.85959,0.86124,81271.88
2021-05-16,0.86066,0.86166,0.86061,0.86163,2806.47
2021-05-17,0.86159,0.86316,0.85912,0.85921,75511.5
2021-05-18,0.8592,0.86188,0.85817,0.86147,78558.84
2021-05-19,0.86146,0.86431,0.86094,0.86266,105942.05
2021-05-20,0.86266,0.86423,0.86117,0.86183,84687.86
2021-05-21,0.86183,0.86294,0.8583,0.86033,90561.77
2021-05-23,0.85981,0.86146,0.85963,0.86141,3379.69
2021-05-24,0.86141,0.86495,0.86073,0.86284,81412.58
2021-05-25,0.86285,0.86713,0.86185,0.8659,95081.24
2021-05-26,0.86591,0.86604,0.86288,0.86373,87449.39
2021-05-27,0.86373,0.86464,0.85785,0.85843,100958.64
2021-05-28,0.85842,0.86064,0.85748,0.85881,95594.87
2021-05-30,0.85943,0.85971,0.85849,0.85962,1696.77
2021-05-31,0.85964,0.86143,0.85905,0.85979,68120.18
2021-06-01,0.85979,0.86452,0.85846,0.86307,103319.89
2021-06-02,0.86307,0.8639,0.85998,0.86154,86738.58
2021-06-03,0.86153,0.86188,0.85855,0.85976,100975.52
2021-06-04,0.85977,0.86003,0.8565,0.85879,93640.13
2021-06-06,0.85857,0.85916,0.85801,0.85892,2124.64
2021-06-07,0.85892,0.86125,0.85778,0.85991,71803.84
2021-06-08,0.85991,0.86271,0.85932,0.86026,77206.01
2021-06-09,0.86027,0.86379,0.85887,0.86298,63865.83
2021-06-10,0.86298,0.86421,0.85843,0.85897,102365.59
2021-06-11,0.85895,0.86058,0.8568,0.85772,75920.92
2021-06-13,0.85813,0.85829,0.85749,0.85772,2454.49
2021-06-14,0.8577,0.86055,0.8572,0.85907,67282.41
2021-06-15,0.85907,0.86282,0.85827,0.861,76068.03
2021-06-16,0.86101,0.86113,0.857,0.8574,103727.75
2021-06-17,0.8574,0.858,0.85417,0.8547,125864.57
2021-06-18,0.8547,0.86002,0.85428,0.8591,118439.68
2021-06-20,0.85731,0.85987,0.85706,0.8591,3894.37
2021-06-21,0.85911,0.86014,0.85474,0.85543,102076.54
2021-06-22,0.85545,0.85822,0.85474,0.85567,91248.73
2021-06-23,0.85568,0.8564,0.85303,0.85411,75081.24
2021-06-24,0.8541,0.85917,0.85333,0.85707,83442.61
2021-06-25,0.85707,0.86044,0.85681,0.85949,68472.28
2021-06-27,0.85774,0.85993,0.85774,0.85927,2400.38
2021-06-28,0.85929,0.85966,0.8566,0.85947,71563.08
2021-06-29,0.85946,0.86091,0.85871,0.85979,76352.29
2021-06-30,0.8598,0.86091,0.85677,0.85734,86467.02
2021-07-01,0.85733,0.86154,0.85635,0.86088,85318.09
2021-07-02,0.86088,0.86102,0.85737,0.85752,83185.97
2021-07-04,0.85769,0.85777,0.85714,0.85715,3125.21
2021-07-05,0.85715,0.8582,0.85609,0.85627,66045.71
2021-07-06,0.85628,0.85763,0.85351,0.85638,99664.96
2021-07-07,0.85638,0.85828,0.85385,0.85455,90483.18
2021-07-08,0.85456,0.86179,0.85449,0.85902,109170.06
2021-07-09,0.85901,0.85966,0.8539,0.85395,104901.26
2021-07-11,0.85457,0.85509,0.85409,0.85419,3673.82
2021-07-12,0.85421,0.85665,0.85356,0.85421,87306.14
2021-07-13,0.85421,0.85577,0.85195,0.85291,99590.31
2021-07-14,0.8529,0.85431,0.85031,0.85392,96208.12
2021-07-15,0.85393,0.85676,0.85105,0.85413,95574.71
2021-07-16,0.85412,0.85797,0.85235,0.85737,79642.6
2021-07-18,0.85609,0.85844,0.85609,0.85821,2191.76
2021-07-19,0.85819,0.86414,0.85688,0.86262,114849.15
2021-07-20,0.86261,0.86696,0.86194,0.86403,104324.29
2021-07-21,0.86404,0.86584,0.85948,0.85996,77379.01
2021-07-22,0.85996,0.86095,0.85393,0.8547,91145.95
2021-07-23,0.85471,0.85843,0.85469,0.85608,69223.39
2021-07-25,0.85472,0.85579,0.85472,0.85572,2265.19
2021-07-26,0.85572,0.85733,0.85338,0.85373,77060.75
2021-07-27,0.85375,0.85558,0.85082,0.85147,77697.38
2021-07-28,0.85148,0.85226,0.84995,0.85179,85641.97
2021-07-29,0.85178,0.85197,0.84997,0.85149,65055.85
2021-07-30,0.8515,0.85372,0.85098,0.85337,72685.67
2021-08-01,0.85293,0.85392,0.85293,0.85391,2209.13
2021-08-02,0.8539,0.85579,0.85299,0.85477,69202.08
2021-08-03,0.85478,0.85504,0.8521,0.85283,67656.57
2021-08-04,0.85282,0.85322,0.85045,0.85219,67798.4
2021-08-05,0.8522,0.85279,0.84903,0.84959,66778.72
2021-08-06,0.84959,0.84989,0.84697,0.84736,55280.35
2021-08-08,0.84656,0.84772,0.84656,0.84714,7177.58
2021-08-09,0.84715,0.84861,0.84606,0.84751,64920.08
2021-08-10,0.84751,0.84802,0.84498,0.84704,53658.69
2021-08-11,0.84703,0.84838,0.84607,0.84675,58923.36
2021-08-12,0.84675,0.85043,0.846,0.8497,51237.13
2021-08-13,0.84969,0.85179,0.84956,0.85033,43582.23
2021-08-15,0.85029,0.85079,0.85021,0.85066,2503.72
2021-08-16,0.85067,0.85151,0.84835,0.85091,51009.78
2021-08-17,0.85091,0.85363,0.85078,0.85216,53832.35
2021-08-18,0.85217,0.85328,0.85054,0.85153,56352.06
2021-08-19,0.85151,0.85677,0.85051,0.85661,75456.58
2021-08-20,0.85662,0.85896,0.8564,0.85823,54752.27
2021-08-22,0.85761,0.85892,0.85761,0.85847,2483.55
2021-08-23,0.85844,0.85936,0.85502,0.85574,57882.3
2021-08-24,0.85575,0.85725,0.85423,0.85631,52036.02
2021-08-25,0.85631,0.85693,0.85476,0.8552,52389.68
2021-08-26,0.8552,0.85835,0.85494,0.85788,59455.58
2021-08-27,0.85788,0.85886,0.85577,0.85682,64278.5
2021-08-29,0.85645,0.85763,0.85645,0.85723,3745.12
2021-08-30,0.85726,0.85816,0.8561,0.85731,41489.55
2021-08-31,0.85731,0.85985,0.85652,0.85872,68121.12
2021-09-01,0.85874,0.86025,0.85734,0.85975,53726.64
2021-09-02,0.85976,0.86005,0.85764,0.85813,44437.6
2021-09-03,0.85813,0.85937,0.85619,0.85665,59517.26
2021-09-05,0.85602,0.85765,0.85601,0.85763,2783.9
2021-09-06,0.85763,0.85856,0.85659,0.85792,53958.21
2021-09-07,0.85791,0.86133,0.8575,0.85945,64283.55
2021-09-08,0.85945,0.86027,0.85746,0.85848,60691.81
2021-09-09,0.85848,0.85882,0.85234,0.85432,68642.2
2021-09-10,0.8543,0.85449,0.852,0.85337,58068.42
2021-09-12,0.8529,0.85385,0.85238,0.85344,2088.66
2021-09-13,0.85343,0.85383,0.851,0.85341,54452.52
2021-09-14,0.85339,0.85514,0.85105,0.8547,62607.39
2021-09-15,0.85469,0.85622,0.85284,0.85341,56916.16
2021-09-16,0.85341,0.85473,0.85003,0.85265,61049.86
2021-09-17,0.85262,0.85529,0.85218,0.85349,56546.48
2021-09-19,0.85243,0.85465,0.85243,0.85432,2548.35
2021-09-20,0.85433,0.85942,0.85404,0.8583,93555.55
2021-09-21,0.85829,0.85948,0.85629,0.85829,73428.05
2021-09-22,0.85831,0.86129,0.85709,0.85828,88085.16
2021-09-23,0.85826,0.85894,0.85363,0.85556,78393.37
2021-09-24,0.85556,0.85765,0.85491,0.85651,59955.05
2021-09-26,0.85741,0.8577,0.85545,0.85758,2953.07
2021-09-27,0.85758,0.85771,0.85271,0.8536,73150.38
2021-09-28,0.85361,0.86405,0.8525,0.86295,108309.23
2021-09-29,0.86294,0.86582,0.86123,0.864,89267.78
2021-09-30,0.86399,0.86425,0.85773,0.85925,100272.32
2021-10-01,0.85927,0.86236,0.85441,0.85525,96488.45
2021-10-03,0.85436,0.85648,0.85435,0.85527,3162.91
2021-10-04,0.85526,0.85728,0.85309,0.85367,80177.55
2021-10-05,0.85367,0.85448,0.85028,0.85091,74108.49
2021-10-06,0.85092,0.85267,0.84946,0.85011,95796.63
2021-10-07,0.85007,0.85222,0.84738,0.84868,70732.28
2021-10-08,0.84868,0.85004,0.84778,0.84962,67605.94
2021-10-10,0.84922,0.84974,0.84907,0.84936,2555.46
2021-10-11,0.84936,0.85023,0.84718,0.85001,56811.64
2021-10-12,0.85,0.85181,0.84731,0.84924,64787.76
2021-10-13,0.84925,0.84976,0.84726,0.84839,73267.27
2021-10-14,0.84839,0.84872,0.84542,0.84793,60553.74
2021-10-15,0.84793,0.84864,0.84234,0.84402,60957.91
2021-10-17,0.84206,0.84346,0.84206,0.84267,5667.06
2021-10-18,0.84267,0.84636,0.84247,0.84544,65397.82
2021-10-19,0.84544,0.84631,0.84209,0.84329,63067.09
2021-10-20,0.84327,0.84606,0.84219,0.84299,63183.57
2021-10-21,0.84298,0.84434,0.84219,0.84288,65016.25
2021-10-22,0.84287,0.84687,0.8421,0.84592,78106.34
2021-10-24,0.84588,0.84663,0.84531,0.84571,2113.33
2021-10-25,0.8457,0.84654,0.84268,0.8434,65202.22
2021-10-26,0.84339,0.84342,0.84022,0.84239,69042.51
2021-10-27,0.84237,0.84644,0.84201,0.84457,92208.84
2021-10-28,0.84458,0.84755,0.84224,0.84659,109613.38
2021-10-29,0.84659,0.84724,0.84328,0.84456,92859.56
2021-10-31,0.84453,0.84516,0.84445,0.84455,3135.99
2021-11-01,0.84456,0.84992,0.8442,0.84945,83722.56
2021-11-02,0.84945,0.85133,0.8492,0.85033,86086.89
2021-11-03,0.85032,0.85124,0.84722,0.84814,91666.58
2021-11-04,0.84816,0.85645,0.84618,0.85539,104856.66
2021-11-05,0.8554,0.85947,0.85481,0.85661,104841.99
2021-11-07,0.85699,0.85762,0.85618,0.85744,9026.64
2021-11-08,0.85744,0.85882,0.85353,0.85427,74622.97
2021-11-09,0.85427,0.85606,0.85201,0.85498,81485.16
2021-11-10,0.85494,0.85643,0.85317,0.85634,114695.38
2021-11-11,0.85633,0.85732,0.85427,0.85647,89336.47
2021-11-12,0.85647,0.85651,0.85251,0.85277,77300.29
2021-11-14,0.85288,0.85327,0.85259,0.85274,5970.24
2021-11-15,0.85274,0.85372,0.84697,0.84756,81849.87
2021-11-16,0.84756,0.8482,0.84239,0.84297,95944.15
2021-11-17,0.84298,0.8436,0.83847,0.83902,94720.45
2021-11-18,0.839,0.84264,0.8383,0.84208,84830.86
2021-11-19,0.84206,0.84263,0.83852,0.83912,112431.5
2021-11-21,0.83909,0.83975,0.83868,0.83931,6355.85
2021-11-22,0.83932,0.84034,0.83802,0.83909,94436.01
2021-11-23,0.83904,0.84309,0.83849,0.84065,97599.91
2021-11-24,0.84063,0.84144,0.83847,0.84036,94652.31
2021-11-25,0.84035,0.84358,0.83987,0.84195,93195.21
2021-11-26,0.84193,0.84956,0.84166,0.84738,149266.82
2021-11-28,0.84721,0.84843,0.8456,0.84641,5791.95
2021-11-29,0.84641,0.84839,0.84458,0.84809,103377.99
2021-11-30,0.8481,0.85378,0.84729,0.85212,164513.16
2021-12-01,0.85212,0.85295,0.84925,0.85243,125435.58
2021-12-02,0.85243,0.85262,0.84891,0.85004,102053.24
2021-12-03,0.85005,0.85504,0.84927,0.85483,126965.16
2021-12-05,0.85422,0.85448,0.85289,0.854,3692.44
2021-12-06,0.854,0.85416,0.85001,0.85075,82801.95
2021-12-07,0.85075,0.85124,0.84885,0.85099,92010.68
2021-12-08,0.85099,0.8599,0.85087,0.85874,120015.47
2021-12-09,0.85875,0.85901,0.85356,0.85396,79731.29
2021-12-10,0.85395,0.85528,0.85241,0.85247,88718.63
2021-12-12,0.85301,0.85366,0.85277,0.85313,4467.32
2021-12-13,0.85313,0.85498,0.85003,0.85392,86549.09
2021-12-14,0.85392,0.85527,0.85056,0.85087,83846.53
2021-12-15,0.85086,0.85277,0.84855,0.85124,133919.0
2021-12-16,0.85124,0.85279,0.84531,0.85064,122403.94
2021-12-17,0.85064,0.85271,0.84856,0.8486,108231.22
2021-12-19,0.84824,0.84995,0.84824,0.84981,4335.1
2021-12-20,0.8498,0.85502,0.84952,0.85367,99164.19
2021-12-21,0.85367,0.85487,0.84977,0.85063,87107.79
2021-12-22,0.85062,0.85106,0.84768,0.84835,82116.21
2021-12-23,0.84834,0.84979,0.84153,0.84452,76278.96
2021-12-24,0.84451,0.84635,0.84308,0.84308,211648.85
2021-12-26,0.84388,0.84505,0.84322,0.84481,1650.0
2021-12-27,0.84479,0.84548,0.84206,0.84283,48052.97
2021-12-28,0.84283,0.8433,0.84018,0.84209,57298.55
2021-12-29,0.8421,0.84241,0.84024,0.84159,71181.26
2021-12-30,0.84158,0.84161,0.83794,0.8388,67676.66
2021-12-31,0.83878,0.84146,0.83677,0.84073,67828.03
2022-01-02,0.83937,0.84121,0.83906,0.84103,2795.55
2022-01-03,0.84103,0.84187,0.83717,0.8382,75425.79
2022-01-04,0.8382,0.83943,0.83356,0.83387,90159.87
2022-01-05,0.83387,0.83721,0.83344,0.83437,90064.39
2022-01-06,0.83438,0.83721,0.83412,0.83456,105342.0
2022-01-07,0.83458,0.83654,0.83367,0.83529,83558.97
2022-01-09,0.83531,0.83596,0.83513,0.83528,2680.26
2022-01-10,0.83528,0.83566,0.83317,0.83429,95024.24
2022-01-11,0.83428,0.83493,0.83234,0.83367,93498.05
2022-01-12,0.83366,0.83548,0.83278,0.83459,85739.89
2022-01-13,0.83458,0.83601,0.83361,0.83538,90617.99
2022-01-14,0.83537,0.8362,0.8341,0.8341,99714.26
2022-01-16,0.83423,0.83494,0.83398,0.83454,4956.08
2022-01-17,0.83453,0.83616,0.83421,0.836,72260.91
2022-01-18,0.836,0.83785,0.83253,0.83297,118313.59
2022-01-19,0.83296,0.83413,0.83128,0.83345,101673.27
2022-01-20,0.83341,0.83385,0.8305,0.83197,102339.49
2022-01-21,0.83197,0.83764,0.8318,0.83647,116800.78
2022-01-23,0.83643,0.83693,0.83608,0.8366,3260.12
2022-01-24,0.83662,0.84223,0.83505,0.83946,153556.88
2022-01-25,0.83946,0.84013,0.83575,0.83662,135770.98
2022-01-26,0.8366,0.83702,0.83414,0.83462,136441.86
2022-01-27,0.83462,0.83574,0.83202,0.8324,161815.59
2022-01-28,0.83239,0.83337,0.8305,0.83174,143940.13
2022-01-30,0.83161,0.83217,0.83142,0.83202,5601.64
2022-01-31,0.83205,0.83581,0.83045,0.83516,135784.59
2022-02-01,0.83513,0.83598,0.83178,0.83345,119137.46
2022-02-02,0.83345,0.83508,0.83226,0.83298,97550.08
2022-02-03,0.83296,0.84164,0.82845,0.84093,157596.08
2022-02-04,0.84091,0.84698,0.84058,0.84593,146866.22
2022-02-06,0.84642,0.84677,0.84525,0.84637,3767.08
2022-02-07,0.8464,0.84778,0.84381,0.84511,118426.16
2022-02-08,0.84512,0.84568,0.84124,0.84298,111856.42
2022-02-09,0.84299,0.84503,0.84127,0.84392,89211.22
2022-02-10,0.8439,0.84458,0.84104,0.84217,142967.49
2022-02-11,0.84217,0.8423,0.83591,0.83629,155250.48
2022-02-13,0.83661,0.83759,0.83557,0.83747,8715.75
2022-02-14,0.83747,0.83866,0.83461,0.83543,151562.52
2022-02-15,0.83542,0.83995,0.83506,0.83855,124509.41
2022-02-16,0.83855,0.84019,0.83648,0.8373,110367.12
2022-02-17,0.83733,0.8377,0.83337,0.8346,145158.39
2022-02-18,0.83461,0.83559,0.83258,0.83259,109291.5
2022-02-20,0.83298,0.83303,0.83247,0.83257,5565.45
2022-02-21,0.83258,0.83512,0.83102,0.8318,104002.04
2022-02-22,0.8318,0.83826,0.83103,0.83366,134387.8
2022-02-23,0.83365,0.83538,0.83249,0.83461,105456.46
2022-02-24,0.83459,0.83779,0.83055,0.83682,257529.59
2022-02-25,0.8368,0.84063,0.83453,0.84026,168768.39
2022-02-27,0.83519,0.83689,0.83449,0.83602,20837.8
2022-02-28,0.83602,0.83823,0.83416,0.83546,198757.58
2022-03-01,0.83546,0.83672,0.83157,0.83472,176058.39
2022-03-02,0.83472,0.836,0.82878,0.82942,200053.42
2022-03-03,0.82945,0.82995,0.82746,0.82879,136546.34
2022-03-04,0.82879,0.82899,0.82301,0.82551,169292.02
2022-03-06,0.82618,0.82634,0.82245,0.82294,12246.01
2022-03-07,0.82293,0.83045,0.82022,0.82856,263286.66
2022-03-08,0.82855,0.83468,0.8278,0.83193,256529.87
2022-03-09,0.83196,0.84173,0.83164,0.8398,191437.62
2022-03-10,0.83982,0.84356,0.83664,0.84049,197053.8
2022-03-11,0.84046,0.8419,0.836,0.83652,182564.94
2022-03-13,0.83701,0.83845,0.83652,0.83768,6426.33
2022-03-14,0.83768,0.84293,0.83739,0.84105,161054.53
2022-03-15,0.84106,0.84554,0.83856,0.84069,162594.54
2022-03-16,0.84068,0.84287,0.83823,0.83868,191398.66
2022-03-17,0.8387,0.84577,0.83669,0.84341,148013.17
2022-03-18,0.84341,0.84374,0.83769,0.83827,128446.98
2022-03-20,0.83796,0.83913,0.83793,0.83908,4919.41
2022-03-21,0.83909,0.8416,0.836,0.83651,112661.84
2022-03-22,0.83651,0.83715,0.83079,0.83135,157451.37
2022-03-23,0.83135,0.83425,0.82956,0.83338,133079.81
2022-03-24,0.83337,0.83498,0.8316,0.83427,134840.76
2022-03-25,0.83427,0.83695,0.83237,0.83287,137005.97
2022-03-27,0.83241,0.8339,0.83216,0.83359,5148.73
2022-03-28,0.8336,0.83995,0.83216,0.83901,155515.79
2022-03-29,0.83901,0.84817,0.8385,0.84707,189419.87
2022-03-30,0.84706,0.84977,0.845,0.84952,167891.61
2022-03-31,0.8495,0.8512,0.84142,0.84226,159769.87
2022-04-01,0.84227,0.84405,0.84077,0.84179,123518.88
2022-04-03,0.84235,0.84285,0.84184,0.84282,4080.54
2022-04-04,0.84281,0.84305,0.83614,0.83692,107695.77
2022-04-05,0.83691,0.83733,0.8325,0.83393,132538.65
2022-04-06,0.83394,0.83531,0.83256,0.83379,144068.88
2022-04-07,0.83378,0.83644,0.8311,0.83126,138518.1
2022-04-08,0.83124,0.8362,0.8307,0.834,114726.15
2022-04-10,0.8373,0.83739,0.83501,0.83527,6375.87
2022-04-11,0.83528,0.83796,0.83425,0.83517,126963.52
2022-04-12,0.83517,0.83603,0.83191,0.8326,151624.83
2022-04-13,0.83259,0.83432,0.82879,0.83045,139351.73
2022-04-14,0.83045,0.83144,0.82495,0.82792,199569.89
2022-04-15,0.82793,0.82837,0.8261,0.8273,304021.41
2022-04-17,0.82738,0.82869,0.82681,0.82817,6554.63
2022-04-18,0.82817,0.8296,0.82756,0.82869,81638.3
2022-04-19,0.82867,0.83145,0.82792,0.82938,129024.41
2022-04-20,0.82938,0.8335,0.82828,0.83015,133647.35
2022-04-21,0.83015,0.83666,0.82953,0.83185,140298.06
2022-04-22,0.83185,0.84152,0.83175,0.84071,149171.39
2022-04-24,0.84131,0.84263,0.84086,0.84257,8324.18
2022-04-25,0.84256,0.84409,0.83969,0.84093,185766.62
2022-04-26,0.84094,0.84664,0.83926,0.84584,161703.2
2022-04-27,0.84586,0.8464,0.83887,0.84163,175309.46
2022-04-28,0.84161,0.846,0.8382,0.84257,198260.45
2022-04-29,0.84257,0.84296,0.83808,0.83834,156873.65
2022-05-01,0.83859,0.83859,0.83757,0.83803,8066.31
2022-05-02,0.83803,0.84171,0.83666,0.84077,132512.63
2022-05-03,0.84076,0.84301,0.83717,0.84206,131399.07
2022-05-04,0.84206,0.84498,0.83959,0.84172,165553.5
2022-05-05,0.84173,0.85452,0.84114,0.8525,200872.05
2022-05-06,0.85248,0.85911,0.8509,0.8544,209221.37
2022-05-08,0.85358,0.85453,0.8535,0.85442,6469.87
2022-05-09,0.85442,0.85709,0.85154,0.85624,181112.59
2022-05-10,0.85623,0.85783,0.85349,0.85545,191656.63
2022-05-11,0.85545,0.85929,0.85249,0.8592,206036.73
2022-05-12,0.8592,0.86183,0.84926,0.8503,213829.56
2022-05-13,0.85032,0.8528,0.84846,0.84887,153327.03
2022-05-15,0.84916,0.84932,0.84806,0.84826,9875.01
2022-05-16,0.84825,0.85335,0.84619,0.84687,141529.34
2022-05-17,0.84689,0.84742,0.83927,0.84474,151188.65
2022-05-18,0.84473,0.84938,0.84335,0.84835,129734.36
2022-05-19,0.84837,0.8495,0.84472,0.8488,195442.46
2022-05-20,0.84879,0.84925,0.84478,0.84491,158356.86
2022-05-22,0.84564,0.84619,0.84515,0.84525,5183.6
2022-05-23,0.84524,0.85034,0.84326,0.85009,152710.57
2022-05-24,0.85005,0.85866,0.84797,0.85571,153951.28
2022-05-25,0.85569,0.85615,0.84836,0.84905,152296.09
2022-05-26,0.84904,0.85289,0.84846,0.85056,140253.94
2022-05-27,0.85056,0.85152,0.84808,0.84947,129255.5
2022-05-29,0.84934,0.85002,0.84864,0.84982,3544.48
2022-05-30,0.84982,0.85279,0.84944,0.85197,104693.23
2022-05-31,0.85197,0.85285,0.84892,0.85133,155867.45
2022-06-01,0.85133,0.85439,0.85032,0.85317,134832.37
2022-06-02,0.85315,0.85497,0.85099,0.85458,108993.68
2022-06-03,0.85458,0.85841,0.85405,0.85779,97152.65
2022-06-05,0.85626,0.85867,0.85626,0.85863,5095.18
2022-06-06,0.85864,0.8589,0.85251,0.85352,115215.01
2022-06-07,0.85352,0.8584,0.84918,0.84977,147543.24
2022-06-08,0.84979,0.85641,0.84963,0.85455,141434.81
2022-06-09,0.85456,0.85915,0.84855,0.85,173867.18
2022-06-10,0.84995,0.85489,0.84905,0.8538,180541.24
2022-06-12,0.85173,0.8553,0.85173,0.85446,12579.76
2022-06-13,0.85447,0.85938,0.85309,0.85771,229210.15
2022-06-14,0.85769,0.87157,0.85516,0.86896,250581.32
2022-06-15,0.86895,0.87207,0.85648,0.85887,272820.82
2022-06-16,0.85887,0.86329,0.85109,0.8539,290731.48
2022-06-17,0.8539,0.85949,0.85219,0.85809,229813.55
2022-06-19,0.85688,0.85864,0.85686,0.85781,8042.25
2022-06-20,0.8578,0.86114,0.85701,0.85862,154136.83
2022-06-21,0.85864,0.86099,0.85677,0.85867,165520.76
2022-06-22,0.85866,0.86249,0.85739,0.86222,197308.21
2022-06-23,0.86226,0.86409,0.85733,0.85798,206039.47
2022-06-24,0.85797,0.86015,0.85611,0.85969,147598.96
2022-06-26,0.85925,0.86026,0.85925,0.86022,7946.78
2022-06-27,0.86023,0.86295,0.8577,0.86245,159219.43
2022-06-28,0.86245,0.86458,0.86107,0.86327,197518.03
2022-06-29,0.86328,0.86611,0.86,0.86117,189399.67
2022-06-30,0.86117,0.86199,0.85505,0.86164,193581.52
2022-07-01,0.86164,0.86783,0.8612,0.86147,191263.55
2022-07-03,0.86041,0.86218,0.86041,0.86212,6793.71
2022-07-04,0.86213,0.86266,0.85947,0.86116,137660.04
2022-07-05,0.86117,0.86233,0.85427,0.85815,211098.02
2022-07-06,0.85814,0.86024,0.85321,0.85418,220893.99
2022-07-07,0.85418,0.85536,0.84445,0.84528,188408.74
2022-07-08,0.84529,0.84751,0.84402,0.84596,196072.02
2022-07-10,0.84612,0.8465,0.84519,0.846,6436.47
2022-07-11,0.846,0.84897,0.8439,0.8442,185415.39
2022-07-12,0.84423,0.84841,0.84325,0.8444,196951.52
2022-07-13,0.84442,0.84678,0.84029,0.84575,243579.88
2022-07-14,0.84572,0.84987,0.84401,0.84671,240708.57
2022-07-15,0.84673,0.85134,0.84641,0.84963,185610.83
2022-07-17,0.84901,0.84997,0.84901,0.84917,10037.29
2022-07-18,0.84918,0.85046,0.84572,0.84911,182541.58
2022-07-19,0.8491,0.85396,0.84765,0.85231,223536.84
2022-07-20,0.85234,0.85403,0.84919,0.85063,208664.25
2022-07-21,0.85064,0.8584,0.85044,0.85197,241139.63
2022-07-22,0.85197,0.8523,0.84862,0.85044,220447.17
2022-07-24,0.8498,0.85141,0.8498,0.85091,6681.64
2022-07-25,0.85092,0.85241,0.84748,0.84808,176905.96
2022-07-26,0.84805,0.84912,0.84014,0.84147,177521.1
2022-07-27,0.84148,0.84257,0.83753,0.83906,192876.67
2022-07-28,0.83905,0.84032,0.83456,0.83721,235362.35
2022-07-29,0.83723,0.8415,0.83681,0.83949,224401.69
2022-07-31,0.83811,0.83988,0.83798,0.83904,8523.88
2022-08-01,0.83903,0.8399,0.83522,0.83723,227734.33
2022-08-02,0.83723,0.83998,0.83393,0.83627,285579.79
2022-08-03,0.83628,0.8373,0.83415,0.83668,243531.32
2022-08-04,0.83668,0.84368,0.8344,0.84272,241500.76
2022-08-05,0.84272,0.84526,0.84101,0.84305,205016.02
2022-08-07,0.84301,0.84367,0.84267,0.84332,6648.52
2022-08-08,0.84333,0.84446,0.84097,0.84381,200569.09
2022-08-09,0.8438,0.84614,0.84332,0.84555,180143.6
2022-08-10,0.84556,0.847,0.84178,0.84337,234415.59
2022-08-11,0.84336,0.84699,0.84296,0.84621,260087.09
2022-08-12,0.84621,0.84922,0.84457,0.84504,202746.89
2022-08-14,0.84466,0.84579,0.84466,0.84545,4868.96
2022-08-15,0.84543,0.84703,0.84185,0.84274,187844.3
2022-08-16,0.84275,0.84394,0.84014,0.84076,205752.82
2022-08-17,0.84076,0.84498,0.83864,0.84487,209837.14
2022-08-18,0.84485,0.8466,0.84246,0.84557,216556.5
2022-08-19,0.84556,0.85111,0.84534,0.84851,183127.18
2022-08-21,0.84703,0.84929,0.84703,0.84908,9060.77
2022-08-22,0.84909,0.84914,0.84344,0.84461,219759.0
2022-08-23,0.84461,0.84531,0.84147,0.84239,220799.29
2022-08-24,0.8424,0.84564,0.84077,0.84537,211033.55
2022-08-25,0.84536,0.84608,0.84232,0.84331,221878.11
2022-08-26,0.84331,0.85022,0.84297,0.84867,232546.42
2022-08-28,0.84881,0.8504,0.84846,0.84995,13764.08
2022-08-29,0.84996,0.85495,0.84958,0.85395,207059.37
2022-08-30,0.85399,0.86033,0.85212,0.85966,232311.2
2022-08-31,0.85967,0.8661,0.85709,0.86552,237214.27
2022-09-01,0.86553,0.86697,0.86095,0.86173,252370.61
2022-09-02,0.86173,0.86762,0.86135,0.86451,223935.67
2022-09-04,0.86415,0.86468,0.86267,0.86354,13997.91
2022-09-05,0.86353,0.86541,0.85971,0.86031,190582.72
2022-09-06,0.86031,0.86203,0.85662,0.85977,269098.85
2022-09-07,0.85975,0.86885,0.85968,0.86764,255376.83
2022-09-08,0.86764,0.87114,0.86539,0.86883,290067.89
2022-09-09,0.86884,0.8706,0.86591,0.86652,229590.25
2022-09-11,0.86753,0.86836,0.86617,0.86658,13399.38
2022-09-12,0.86658,0.87219,0.86489,0.86649,247970.77
2022-09-13,0.86648,0.86935,0.86473,0.86741,264947.64
2022-09-14,0.86741,0.86834,0.86252,0.86463,270914.47
2022-09-15,0.86462,0.87228,0.86418,0.87211,208103.6
2022-09-16,0.87212,0.87838,0.87153,0.87685,263073.17
2022-09-18,0.87612,0.877,0.87612,0.87645,9331.55
2022-09-19,0.87644,0.87871,0.87472,0.87636,199304.93
2022-09-20,0.87636,0.87824,0.87239,0.87608,254293.08
2022-09-21,0.87608,0.87637,0.87086,0.87326,292528.87
2022-09-22,0.87325,0.87597,0.86901,0.87348,345983.2
2022-09-23,0.87349,0.89351,0.87105,0.89235,339513.23
2022-09-25,0.895,0.89816,0.8938,0.89731,27378.75
2022-09-26,0.8973,0.92792,0.88519,0.89336,588741.84
2022-09-27,0.89336,0.89845,0.88959,0.89445,474681.92
2022-09-28,0.89445,0.90654,0.8853,0.89603,575166.82
2022-09-29,0.89603,0.89786,0.87807,0.87973,527067.41
2022-09-30,0.87973,0.88497,0.87517,0.87729,448038.36
2022-10-02,0.87569,0.88004,0.87473,0.87933,18420.3
2022-10-03,0.87931,0.88305,0.86699,0.86722,414607.05
2022-10-04,0.86722,0.87442,0.86486,0.87178,412065.22
2022-10-05,0.87178,0.87763,0.86932,0.87273,433269.64
2022-10-06,0.87271,0.88189,0.87175,0.87696,466242.77
2022-10-07,0.87697,0.88066,0.87356,0.87791,386545.28
2022-10-09,0.87711,0.87952,0.87696,0.87904,20287.65
2022-10-10,0.87905,0.88134,0.87442,0.87646,349723.27
2022-10-11,0.87646,0.88598,0.87246,0.88462,386294.91
2022-10-12,0.88464,0.88666,0.8725,0.87421,373961.39
2022-10-13,0.87425,0.87663,0.86032,0.86416,394610.46
2022-10-14,0.8642,0.87144,0.86124,0.86942,361655.96
2022-10-16,0.86527,0.86737,0.865,0.86631,17336.11
2022-10-17,0.86631,0.86861,0.85785,0.86701,345756.24
2022-10-18,0.86701,0.87309,0.86332,0.86942,341345.65
2022-10-19,0.86941,0.8729,0.86794,0.87126,306722.98
2022-10-20,0.87122,0.87565,0.86732,0.87128,361593.96
2022-10-21,0.87128,0.87801,0.87122,0.87273,353072.39
2022-10-23,0.8656,0.87069,0.8656,0.86959,39943.89
2022-10-24,0.8696,0.87637,0.86613,0.87414,336242.55
2022-10-25,0.87414,0.87565,0.86646,0.86925,303708.07
2022-10-26,0.86925,0.86991,0.86453,0.86708,353673.66
2022-10-27,0.86707,0.86879,0.86084,0.86176,334391.63
2022-10-28,0.86172,0.86508,0.85709,0.85772,301732.82
2022-10-30,0.85752,0.85875,0.85752,0.85841,12567.53
2022-10-31,0.85841,0.86253,0.85716,0.86196,253219.16
2022-11-01,0.86195,0.86239,0.85926,0.85971,303844.71
2022-11-02,0.85971,0.86295,0.85841,0.86204,287415.95
2022-11-03,0.86203,0.87425,0.86072,0.87267,308001.9
2022-11-04,0.87266,0.87844,0.86991,0.87528,329795.08
2022-11-06,0.87508,0.87732,0.87466,0.87611,13257.07
2022-11-07,0.8761,0.879,0.86898,0.86993,279398.58
2022-11-08,0.86997,0.87435,0.86909,0.87252,252549.43
2022-11-09,0.87252,0.88275,0.87146,0.88121,308179.99
2022-11-10,0.88122,0.88129,0.86992,0.87138,338759.58
2022-11-11,0.87139,0.87778,0.87104,0.87424,324914.89
2022-11-13,0.87365,0.87657,0.8735,0.87527,13962.81
2022-11-14,0.87527,0.88219,0.87264,0.87802,309423.64
2022-11-15,0.87802,0.88049,0.87084,0.87177,359664.28
2022-11-16,0.87177,0.8775,0.87123,0.87224,308125.98
2022-11-17,0.87223,0.8772,0.86945,0.8736,269492.18
2022-11-18,0.8736,0.87361,0.86777,0.86777,221374.69
2022-11-20,0.86747,0.86924,0.86715,0.86907,10183.22
2022-11-21,0.86906,0.86966,0.86552,0.86618,225631.74
2022-11-22,0.86618,0.86801,0.86314,0.86678,200946.01
2022-11-23,0.86679,0.87004,0.85857,0.86247,227484.82
2022-11-24,0.86247,0.86341,0.85715,0.85914,197161.09
2022-11-25,0.85914,0.86148,0.85764,0.85973,198121.01
2022-11-27,0.85828,0.86032,0.85828,0.8599,10652.82
2022-11-28,0.8599,0.86749,0.85859,0.86477,231490.87
2022-11-29,0.86477,0.86517,0.86064,0.86409,230979.1
2022-11-30,0.8641,0.86602,0.86201,0.86307,249135.89
2022-12-01,0.86308,0.86413,0.85466,0.85871,275187.42
2022-12-02,0.85872,0.86078,0.8555,0.85645,214688.79
2022-12-04,0.85621,0.85836,0.85621,0.8574,5006.7
2022-12-05,0.8574,0.86339,0.85655,0.86078,204243.64
2022-12-06,0.86077,0.86322,0.85753,0.86263,227300.28
2022-12-07,0.86263,0.86426,0.85975,0.86085,226858.43
2022-12-08,0.86084,0.86462,0.86044,0.86271,212582.96
2022-12-09,0.86272,0.8637,0.85618,0.85855,213401.04
2022-12-11,0.85861,0.85977,0.85776,0.85974,3849.41
2022-12-12,0.85976,0.86165,0.85738,0.85905,183049.32
2022-12-13,0.85905,0.8605,0.85612,0.85992,245164.27
2022-12-14,0.85992,0.86165,0.85737,0.85958,245383.79
2022-12-15,0.85957,0.87281,0.85932,0.8726,267056.76
2022-12-16,0.8726,0.87714,0.87036,0.87191,225293.46
2022-12-18,0.87051,0.87106,0.87014,0.8704,9606.86
2022-12-19,0.8704,0.87365,0.86899,0.87301,184728.9
2022-12-20,0.87301,0.87708,0.87084,0.87165,281430.31
2022-12-21,0.87167,0.87892,0.8715,0.87833,194603.4
2022-12-22,0.87834,0.88337,0.87658,0.88058,183646.96
2022-12-23,0.88059,0.88242,0.87832,0.88147,180136.11
2022-12-25,0.88052,0.88099,0.87942,0.87973,2005.83
2022-12-26,0.87943,0.88133,0.8781,0.8805,61469.5
2022-12-27,0.8805,0.88625,0.88001,0.88444,177439.09
2022-12-28,0.88443,0.88604,0.87935,0.8836,173978.31
2022-12-29,0.88362,0.88593,0.88218,0.88426,154342.51
2022-12-30,0.88424,0.88767,0.8822,0.8847,194660.02
2023-01-01,0.88372,0.88395,0.88261,0.8832,223.66
2023-01-02,0.8832,0.88724,0.88282,0.88494,88911.99
2023-01-03,0.88492,0.88623,0.87824,0.88112,248357.28
2023-01-04,0.88112,0.88204,0.87763,0.8796,233610.35
2023-01-05,0.8796,0.88628,0.87957,0.88337,226719.73
2023-01-06,0.88336,0.88706,0.87967,0.88001,227004.49
2023-01-08,0.87974,0.88058,0.8793,0.87966,7640.71
2023-01-09,0.87966,0.88235,0.87687,0.88079,214570.25
2023-01-10,0.8808,0.88458,0.88011,0.88352,201716.06
2023-01-11,0.88352,0.88813,0.88284,0.88531,171692.8
2023-01-12,0.88533,0.88946,0.88317,0.88885,245541.73
2023-01-13,0.88883,0.88964,0.88502,0.88578,195493.42
2023-01-15,0.88533,0.88595,0.885,0.88536,9984.37
2023-01-16,0.88537,0.88785,0.88461,0.88704,148889.99
2023-01-17,0.887,0.88866,0.8773,0.87832,194772.48
2023-01-18,0.8783,0.88033,0.8734,0.87445,240491.65
2023-01-19,0.87444,0.87868,0.87215,0.87415,176246.86
2023-01-20,0.87415,0.87859,0.87407,0.87558,140454.86
2023-01-22,0.87577,0.87602,0.87533,0.87561,7125.2
2023-01-23,0.87561,0.88147,0.87556,0.87813,143713.99
2023-01-24,0.87813,0.88465,0.87667,0.88299,138989.32
2023-01-25,0.88299,0.88517,0.87912,0.87992,133270.24
2023-01-26,0.8799,0.88145,0.87714,0.87737,128839.07
2023-01-27,0.87736,0.88042,0.87636,0.8766,120997.58
2023-01-29,0.87659,0.877,0.87588,0.87663,4599.66
2023-01-30,0.87662,0.88029,0.87619,0.87845,137717.68
2023-01-31,0.87846,0.88293,0.87712,0.88232,158070.06
2023-02-01,0.88233,0.8897,0.88166,0.88892,188986.55
2023-02-02,0.88892,0.8955,0.88765,0.89219,223981.46
2023-02-03,0.8922,0.89786,0.89122,0.89535,194669.08
2023-02-05,0.89573,0.89634,0.89543,0.89576,9772.52
2023-02-06,0.89576,0.89633,0.89139,0.89208,148060.13
2023-02-07,0.89207,0.89402,0.88972,0.89011,180636.14
2023-02-08,0.89011,0.89104,0.88645,0.88762,141813.02
2023-02-09,0.88763,0.88838,0.88381,0.88634,154916.04
2023-02-10,0.8863,0.88722,0.88235,0.88521,199725.7
2023-02-12,0.88477,0.88594,0.88442,0.88589,5067.13
2023-02-13,0.88591,0.88746,0.88228,0.8831,120655.02
2023-02-14,0.8831,0.88477,0.88007,0.88174,187808.91
2023-02-15,0.88175,0.8902,0.88153,0.88813,183522.86
2023-02-16,0.88812,0.89091,0.88694,0.89059,182513.51
2023-02-17,0.89059,0.89282,0.88727,0.88795,141292.12
2023-02-19,0.88789,0.88845,0.88782,0.88812,13748.59
2023-02-20,0.88812,0.8891,0.88685,0.88727,107705.37
2023-02-21,0.88727,0.88864,0.87781,0.87954,172049.62
2023-02-22,0.87953,0.8822,0.87834,0.88025,147585.61
2023-02-23,0.88024,0.88234,0.87929,0.88179,135462.97
2023-02-24,0.88179,0.88355,0.87978,0.88293,159543.45
2023-02-26,0.88183,0.88312,0.88171,0.88305,5028.08
2023-02-27,0.88305,0.88356,0.87878,0.87948,135386.11
2023-02-28,0.87948,0.88117,0.87545,0.87893,157727.44
2023-03-01,0.87893,0.88963,0.87873,0.88699,240227.33
2023-03-02,0.88701,0.88917,0.88558,0.88685,147930.88
2023-03-03,0.88684,0.88689,0.88253,0.88254,105932.73
2023-03-05,0.88248,0.88335,0.88233,0.88333,6850.08
2023-03-06,0.88333,0.8887,0.88303,0.8885,119911.01
2023-03-07,0.8885,0.89248,0.88562,0.8918,155246.44
2023-03-08,0.89179,0.89217,0.88946,0.89023,136633.3
2023-03-09,0.89022,0.89134,0.88653,0.88779,119223.42
2023-03-10,0.88779,0.88893,0.88196,0.88404,192892.3
2023-03-12,0.88337,0.88517,0.88285,0.88436,25228.13
2023-03-13,0.88437,0.8863,0.87901,0.88121,291279.11
2023-03-14,0.88122,0.8836,0.87772,0.88273,232166.75
2023-03-15,0.88274,0.88435,0.87178,0.87688,287755.03
2023-03-16,0.87688,0.88189,0.87473,0.87635,237156.67
2023-03-17,0.87637,0.87829,0.87445,0.87543,147785.28
2023-03-19,0.8731,0.87637,0.87309,0.87624,11883.44
2023-03-20,0.87623,0.87683,0.8727,0.87324,153721.13
2023-03-21,0.87326,0.88395,0.87299,0.88114,132507.91
2023-03-22,0.88114,0.8855,0.87712,0.88517,160308.63
2023-03-23,0.88518,0.88651,0.88094,0.88215,153693.25
2023-03-24,0.88216,0.88263,0.87767,0.87941,137321.99
2023-03-26,0.87993,0.88067,0.87923,0.8801,8248.97
2023-03-27,0.88008,0.88035,0.87755,0.87878,104357.08
2023-03-28,0.87878,0.88066,0.87706,0.879,106040.68
2023-03-29,0.87901,0.88113,0.87805,0.88072,103076.52
2023-03-30,0.88073,0.8828,0.87793,0.88025,113749.63
2023-03-31,0.88025,0.88075,0.87764,0.8787,115519.92
2023-04-02,0.8784,0.87943,0.87799,0.87918,10334.3
2023-04-03,0.87919,0.88066,0.87707,0.87807,117058.06
2023-04-04,0.87808,0.87855,0.87289,0.87662,118352.75
2023-04-05,0.87665,0.8785,0.87373,0.87478,108089.1
2023-04-06,0.8748,0.87852,0.87386,0.87782,85164.66
2023-04-07,0.87783,0.87903,0.8765,0.87745,81905.62
2023-04-09,0.8758,0.87826,0.87488,0.8778,4795.19
2023-04-10,0.87781,0.8791,0.8763,0.87708,88263.86
2023-04-11,0.87708,0.87892,0.87624,0.8782,87323.56
2023-04-12,0.87821,0.88191,0.87819,0.88026,99913.48
2023-04-13,0.88025,0.88384,0.87916,0.88231,93714.48
2023-04-14,0.88231,0.88593,0.88227,0.88531,99596.68
2023-04-16,0.88452,0.8859,0.88418,0.88568,3814.83
2023-04-17,0.88568,0.88638,0.88087,0.88286,92426.63
2023-04-18,0.88285,0.88332,0.8809,0.88325,93173.34
2023-04-19,0.88325,0.88376,0.87913,0.88114,95646.13
2023-04-20,0.88114,0.8825,0.88047,0.88161,93106.24
2023-04-21,0.88161,0.88609,0.88127,0.88277,81375.38
2023-04-23,0.88254,0.88329,0.88248,0.88299,2428.17
2023-04-24,0.88298,0.88591,0.88249,0.88458,81197.24
2023-04-25,0.88462,0.88748,0.88368,0.88425,91130.01
2023-04-26,0.88425,0.88732,0.88365,0.88561,99797.76
2023-04-27,0.88561,0.88717,0.88158,0.88269,93350.26
2023-04-28,0.8827,0.88388,0.87634,0.87634,113515.29
2023-04-30,0.87608,0.87696,0.87608,0.87675,5139.94
2023-05-01,0.87674,0.87942,0.87596,0.87851,77116.39
2023-05-02,0.87852,0.88269,0.87832,0.88247,98424.39
2023-05-03,0.88246,0.88347,0.87946,0.88064,107070.28
2023-05-04,0.88063,0.88133,0.87455,0.876,117485.29
2023-05-05,0.87602,0.87674,0.87126,0.87202,75853.73
2023-05-07,0.87156,0.87258,0.87107,0.87232,3959.73
2023-05-08,0.87233,0.87462,0.87039,0.87179,58521.89
2023-05-09,0.8718,0.87182,0.8677,0.86847,69116.12
2023-05-10,0.8685,0.87005,0.86693,0.86985,80277.31
2023-05-11,0.86986,0.87343,0.86608,0.87239,90991.73
2023-05-12,0.8724,0.87318,0.86929,0.87141,74456.29
2023-05-14,0.87066,0.87174,0.86977,0.87157,4729.91
2023-05-15,0.87158,0.87185,0.86691,0.86813,63182.36
2023-05-16,0.86814,0.87181,0.86812,0.87029,71107.73
2023-05-17,0.87029,0.87205,0.86679,0.8682,72191.83
2023-05-18,0.86821,0.87017,0.86705,0.8681,72283.4
2023-05-19,0.86811,0.86952,0.86679,0.86793,81843.31
2023-05-21,0.86747,0.86874,0.86714,0.8684,3134.46
2023-05-22,0.86842,0.87042,0.86805,0.86936,72990.23
2023-05-23,0.86937,0.87186,0.86673,0.86729,79214.74
2023-05-24,0.86729,0.87093,0.86484,0.86941,94560.79
2023-05-25,0.86943,0.87069,0.86654,0.87064,78315.53
2023-05-26,0.87064,0.87094,0.86762,0.86847,72137.56
2023-05-28,0.86743,0.86868,0.8672,0.86843,5561.33
2023-05-29,0.86844,0.86946,0.86523,0.86705,36752.32
2023-05-30,0.86706,0.86729,0.86278,0.86456,81766.93
2023-05-31,0.86455,0.86481,0.85831,0.85919,96749.98
2023-06-01,0.85921,0.86041,0.85669,0.85897,82160.66
2023-06-02,0.85896,0.86049,0.85779,0.85971,71391.71
2023-06-04,0.85795,0.86067,0.85795,0.86045,3592.87
2023-06-05,0.86049,0.86357,0.86004,0.8615,73441.49
2023-06-06,0.86151,0.86242,0.85996,0.86068,65685.23
2023-06-07,0.86069,0.86125,0.85833,0.8603,71375.04
2023-06-08,0.86032,0.86134,0.85804,0.8585,72415.93
2023-06-09,0.85851,0.859,0.85405,0.85405,59854.79
2023-06-11,0.85403,0.85453,0.85384,0.85447,3618.87
2023-06-12,0.85447,0.86064,0.85406,0.8599,68866.78
2023-06-13,0.8599,0.86123,0.85527,0.85583,82304.27
2023-06-14,0.85582,0.856,0.85406,0.85567,76455.4
2023-06-15,0.85567,0.85914,0.85433,0.8561,85845.49
2023-06-16,0.8561,0.85656,0.85211,0.85307,71212.27
2023-06-18,0.85152,0.85295,0.85152,0.85254,3409.43
2023-06-19,0.85254,0.85473,0.85181,0.85378,49675.98
2023-06-20,0.85379,0.85805,0.85273,0.85538,75895.13
2023-06-21,0.85537,0.86082,0.85242,0.86063,92198.37
2023-06-22,0.86064,0.86357,0.85726,0.85943,91976.81
2023-06-23,0.85944,0.86077,0.85352,0.85637,85632.0
2023-06-25,0.85647,0.85734,0.85617,0.85674,4795.35
2023-06-26,0.85674,0.85945,0.85422,0.85827,72756.43
2023-06-27,0.85825,0.86133,0.85673,0.85967,69166.77
2023-06-28,0.85965,0.86579,0.85937,0.86335,85008.65
2023-06-29,0.86334,0.86428,0.86093,0.86154,73706.68
2023-06-30,0.86154,0.8617,0.85757,0.859,80948.54
2023-07-02,0.85783,0.85923,0.85779,0.85921,5367.32
2023-07-03,0.85921,0.86052,0.85802,0.8597,69208.27
2023-07-04,0.85971,0.85973,0.85462,0.85566,45670.61
2023-07-05,0.85564,0.85755,0.85345,0.8544,73593.92
2023-07-06,0.8544,0.85636,0.85203,0.85459,91737.98
2023-07-07,0.85458,0.85536,0.85245,0.85419,84482.03
2023-07-09,0.85296,0.85439,0.85296,0.85419,2987.22
2023-07-10,0.85418,0.85838,0.85416,0.85546,64085.1
2023-07-11,0.85547,0.8561,0.85021,0.8515,69905.74
2023-07-12,0.8515,0.8575,0.85053,0.85717,66331.76
2023-07-13,0.85719,0.85744,0.85345,0.85486,78624.54
2023-07-14,0.85487,0.85767,0.85472,0.85744,65217.77
2023-07-16,0.85527,0.85773,0.85527,0.85765,3522.05
2023-07-17,0.85765,0.85982,0.85714,0.85965,55320.31
2023-07-18,0.85965,0.86147,0.85765,0.86143,80948.37
2023-07-19,0.86143,0.87007,0.86127,0.86603,94531.41
2023-07-20,0.86604,0.86978,0.86466,0.86492,73015.87
2023-07-21,0.86488,0.86793,0.86335,0.86517,70897.16
2023-07-23,0.86484,0.86586,0.86436,0.86549,2610.97
2023-07-24,0.86548,0.86553,0.86188,0.86341,79454.09
2023-07-25,0.86343,0.86366,0.85633,0.857,72077.25
2023-07-26,0.857,0.85863,0.85567,0.85691,80099.76
2023-07-27,0.85691,0.85993,0.8544,0.85808,105727.73
2023-07-28,0.85807,0.85891,0.85494,0.85725,99931.18
2023-07-30,0.85658,0.85784,0.85544,0.85758,6222.49
2023-07-31,0.85759,0.85905,0.85562,0.85697,69274.93
2023-08-01,0.85696,0.86155,0.855,0.8603,81988.05
2023-08-02,0.8603,0.86286,0.85841,0.86038,86698.56
2023-08-03,0.86039,0.86551,0.85962,0.86117,102965.77
2023-08-04,0.86118,0.86477,0.86009,0.86336,85082.93
2023-08-06,0.86257,0.86354,0.86215,0.86298,5873.58
2023-08-07,0.86298,0.86362,0.85982,0.8608,65124.55
2023-08-08,0.86082,0.86248,0.85888,0.85993,83670.19
2023-08-09,0.85994,0.86344,0.8589,0.86296,70177.78
2023-08-10,0.86296,0.86674,0.86234,0.8667,87695.22
2023-08-11,0.86671,0.86688,0.86176,0.86203,76408.03
2023-08-13,0.86148,0.86245,0.86143,0.86202,3624.03
2023-08-14,0.86202,0.86324,0.85868,0.85981,78300.22
2023-08-15,0.8598,0.86091,0.85691,0.85848,88497.15
2023-08-16,0.85847,0.85927,0.85295,0.85433,79312.81
2023-08-17,0.85437,0.85568,0.85223,0.85299,83137.91
2023-08-18,0.853,0.85575,0.85275,0.85352,79057.03
2023-08-20,0.8522,0.85396,0.85185,0.8535,3565.34
2023-08-21,0.8535,0.85627,0.85326,0.85399,75236.37
2023-08-22,0.854,0.85451,0.85125,0.85193,71270.17
2023-08-23,0.85194,0.85653,0.84922,0.85421,98927.57
2023-08-24,0.8542,0.85817,0.85379,0.85754,81159.68
2023-08-25,0.85756,0.85854,0.856,0.85812,82935.96
2023-08-27,0.8562,0.85821,0.85619,0.85756,4761.93
2023-08-28,0.85756,0.85986,0.85737,0.85838,55273.89
2023-08-29,0.8584,0.86098,0.85648,0.86014,81616.52
2023-08-30,0.86014,0.86103,0.85752,0.85977,81179.85
2023-08-31,0.85976,0.85978,0.85426,0.85567,85318.38
2023-09-01,0.85566,0.85728,0.85476,0.8555,76999.89
2023-09-03,0.85506,0.85594,0.85453,0.85579,2811.54
2023-09-04,0.85577,0.85595,0.85425,0.85489,33931.93
2023-09-05,0.85488,0.85764,0.85217,0.85319,76538.36
2023-09-06,0.85319,0.85798,0.8528,0.85793,76217.27
2023-09-07,0.85794,0.8601,0.85697,0.85743,72254.61
2023-09-08,0.85743,0.8592,0.85683,0.85792,61066.23
2023-09-10,0.85728,0.85893,0.85728,0.85804,6650.09
2023-09-11,0.85807,0.85932,0.85576,0.85923,64163.34
2023-09-12,0.85923,0.86122,0.85694,0.86082,63550.99
2023-09-13,0.86083,0.86303,0.85875,0.85928,79404.55
2023-09-14,0.85928,0.86154,0.85653,0.85757,84927.09
2023-09-15,0.85758,0.86153,0.85687,0.86063,63100.98
2023-09-17,0.85889,0.86097,0.85889,0.86046,1780.18
2023-09-18,0.86047,0.86353,0.85983,0.86339,52685.02
2023-09-19,0.86339,0.86362,0.86083,0.86183,56684.82
2023-09-20,0.86183,0.86591,0.86174,0.86388,88234.0
2023-09-21,0.86388,0.86928,0.86268,0.86716,91086.55
2023-09-22,0.86715,0.87,0.86596,0.86962,76815.58
2023-09-24,0.86813,0.86986,0.86672,0.86982,8697.35
2023-09-25,0.86981,0.87021,0.8666,0.86719,58106.96
2023-09-26,0.86718,0.87058,0.86675,0.87009,66036.29
2023-09-27,0.8701,0.87022,0.86481,0.8656,81523.93
2023-09-28,0.86561,0.86608,0.86299,0.86542,83858.54
2023-09-29,0.86543,0.86801,0.86418,0.86644,76884.14
2023-10-01,0.8652,0.86713,0.86506,0.86635,3854.51
2023-10-02,0.86636,0.86749,0.86526,0.86678,68323.55
2023-10-03,0.86679,0.8691,0.8655,0.86678,78943.27
2023-10-04,0.86677,0.86822,0.86392,0.86565,84370.36
2023-10-05,0.86565,0.86739,0.86388,0.86529,76942.34
2023-10-06,0.86532,0.86626,0.86365,0.86501,81207.55
2023-10-08,0.86369,0.86524,0.86363,0.86464,7979.1
2023-10-09,0.86467,0.86579,0.86126,0.86353,65977.25
2023-10-10,0.86355,0.86555,0.86139,0.86282,78851.43
2023-10-11,0.86283,0.86425,0.86102,0.86257,78612.82
2023-10-12,0.86257,0.86517,0.8621,0.86478,83148.07
2023-10-13,0.86477,0.86643,0.86333,0.86521,70301.47
2023-10-15,0.86389,0.8661,0.86377,0.86561,5894.61
2023-10-16,0.86561,0.86714,0.8639,0.86422,65594.71
2023-10-17,0.86423,0.86903,0.86423,0.86814,82312.27
2023-10-18,0.86814,0.86881,0.866,0.86791,80865.61
2023-10-19,0.86789,0.87245,0.86771,0.87232,91721.14
2023-10-20,0.87232,0.87403,0.87058,0.87074,72081.89
2023-10-22,0.87073,0.87112,0.87055,0.87056,2855.99
2023-10-23,0.87054,0.87254,0.8698,0.87103,68827.32
2023-10-24,0.87103,0.87131,0.86827,0.87109,80420.02
2023-10-25,0.87108,0.87334,0.8704,0.87303,76659.49
2023-10-26,0.87304,0.87341,0.8691,0.8704,76572.74
2023-10-27,0.87041,0.87266,0.86952,0.8713,73634.44
2023-10-29,0.87023,0.87199,0.87018,0.8719,3583.63
2023-10-30,0.8719,0.87405,0.87071,0.87253,69333.98
2023-10-31,0.87254,0.87537,0.86978,0.87061,79157.56
2023-11-01,0.8706,0.87119,0.86821,0.86903,83782.91
2023-11-02,0.86901,0.87355,0.86865,0.87085,80782.09
2023-11-03,0.87085,0.87211,0.86634,0.8664,78858.52
2023-11-05,0.86629,0.86733,0.86606,0.86732,2563.86
2023-11-06,0.86733,0.86861,0.86494,0.86828,67404.01
2023-11-07,0.86828,0.87037,0.8677,0.87016,65681.79
2023-11-08,0.87014,0.8719,0.86956,0.87183,66119.68
2023-11-09,0.87181,0.87312,0.86928,0.87312,78861.26
2023-11-10,0.87313,0.87551,0.87154,0.8738,65191.07
2023-11-12,0.87294,0.87422,0.87294,0.8741,4444.31
2023-11-13,0.87408,0.87409,0.87073,0.87141,55388.5
2023-11-14,0.87142,0.87305,0.86886,0.87066,76289.89
2023-11-15,0.87065,0.87401,0.87012,0.87379,77106.68
2023-11-16,0.87377,0.87656,0.87245,0.87417,68730.43
2023-11-17,0.87415,0.87627,0.87349,0.87568,66219.12
2023-11-19,0.87527,0.87583,0.875,0.87565,5330.36
2023-11-20,0.87566,0.87651,0.87346,0.87494,65266.79
2023-11-21,0.87494,0.87514,0.86923,0.87031,70388.32
2023-11-22,0.87031,0.8725,0.86917,0.87173,71408.72
2023-11-23,0.87175,0.87239,0.86803,0.86997,48135.42
2023-11-24,0.86998,0.87069,0.86693,0.86719,72175.49
2023-11-26,0.86804,0.8685,0.86742,0.86821,1605.65
2023-11-27,0.8682,0.86881,0.86575,0.86733,64021.85
2023-11-28,0.86734,0.86832,0.86521,0.86555,77373.94
2023-11-29,0.86491,0.86516,0.8649,0.86491,641.1
2023-11-30,0.86432,0.86491,0.8613,0.86229,94917.46
2023-12-01,0.86229,0.86344,0.85577,0.85593,77376.64
2023-12-03,0.85539,0.85674,0.85539,0.85639,4797.23
2023-12-04,0.85639,0.85847,0.85622,0.85781,77452.57
2023-12-05,0.8578,0.85879,0.85571,0.85697,79745.99
2023-12-06,0.85697,0.85741,0.8553,0.85725,69335.32
2023-12-07,0.85724,0.8584,0.85542,0.85712,86162.18
2023-12-08,0.85713,0.85882,0.85637,0.85755,92756.2
2023-12-10,0.85688,0.8581,0.85688,0.85746,2982.15
2023-12-11,0.85747,0.85879,0.85487,0.8575,62275.18
2023-12-12,0.85748,0.86081,0.85572,0.85908,81785.29
2023-12-13,0.85908,0.86291,0.85872,0.86221,91114.97
2023-12-14,0.86221,0.86337,0.85866,0.86079,118807.73
2023-12-15,0.86081,0.86167,0.8571,0.8592,93951.22
2023-12-17,0.85832,0.86001,0.85832,0.85973,3817.94
2023-12-18,0.85974,0.86461,0.85917,0.86325,75605.86
2023-12-19,0.86324,0.86363,0.85979,0.86241,80300.36
2023-12-20,0.86242,0.86682,0.86175,0.86572,90434.3
2023-12-21,0.86573,0.86851,0.86566,0.86771,94785.8
2023-12-22,0.86771,0.86777,0.86502,0.8672,88979.64
2023-12-24,0.86482,0.86524,0.86482,0.86495,43.8
2023-12-25,0.86495,0.86775,0.86448,0.86733,4920.58
2023-12-26,0.86732,0.8686,0.8665,0.86762,45279.28
2023-12-27,0.86761,0.86989,0.86668,0.86774,64642.36
2023-12-28,0.86775,0.87142,0.86688,0.86905,92078.4
2023-12-29,0.86904,0.87006,0.86597,0.8666,91056.73
2024-01-01,0.86692,0.8679,0.86682,0.86704,2658.04
2024-01-02,0.86703,0.86821,0.86454,0.86676,89217.09
2024-01-03,0.86678,0.86759,0.86047,0.86209,95069.01
2024-01-04,0.86207,0.86392,0.86099,0.86312,84671.56
2024-01-05,0.86313,0.86338,0.8599,0.86005,91632.38
2024-01-07,0.8598,0.86057,0.8598,0.86031,2658.66
2024-01-08,0.86029,0.86207,0.85786,0.85932,68100.92
2024-01-09,0.8593,0.86071,0.8586,0.86001,67879.29
2024-01-10,0.86,0.86204,0.85954,0.86102,65232.25
2024-01-11,0.86105,0.86171,0.85882,0.85939,100703.38
2024-01-12,0.85936,0.8606,0.85849,0.85867,83452.72
2024-01-14,0.8582,0.85946,0.85819,0.85935,3769.63
2024-01-15,0.85936,0.86117,0.85888,0.86071,53858.62
2024-01-16,0.8607,0.86198,0.85907,0.86073,88160.9
2024-01-17,0.86072,0.86179,0.85675,0.8587,90798.82
2024-01-18,0.85871,0.85912,0.85531,0.85587,87546.06
2024-01-19,0.85586,0.85926,0.8558,0.85749,63169.67
2024-01-21,0.8574,0.85785,0.8568,0.85768,5258.4
2024-01-22,0.85768,0.85826,0.85512,0.85601,61735.25
2024-01-23,0.85599,0.85651,0.85461,0.85545,76229.24
2024-01-24,0.85545,0.85609,0.85356,0.85553,79839.52
2024-01-25,0.85551,0.8564,0.85207,0.85351,79753.48
2024-01-26,0.85352,0.85476,0.85247,0.85424,66427.74
2024-01-28,0.85349,0.8544,0.85321,0.8539,6894.57
2024-01-29,0.85391,0.85434,0.85128,0.85219,66060.02
2024-01-30,0.85219,0.85673,0.85165,0.85408,68768.27
2024-01-31,0.85407,0.85476,0.85125,0.85207,102906.65
2024-02-01,0.85207,0.85584,0.85202,0.8531,90004.67
2024-02-02,0.85309,0.85475,0.85202,0.85385,80130.96
2024-02-04,0.85364,0.85421,0.85257,0.85403,8341.85
2024-02-05,0.85404,0.85717,0.85287,0.85691,82119.04
2024-02-06,0.8569,0.85696,0.85302,0.85341,78173.65
2024-02-07,0.85344,0.85399,0.85155,0.85335,67911.22
2024-02-08,0.85335,0.85444,0.85264,0.85396,67394.04
2024-02-09,0.85396,0.8547,0.85319,0.85385,62409.41
2024-02-11,0.85321,0.85444,0.85315,0.85443,4437.92
2024-02-12,0.85442,0.85464,0.85212,0.85306,57057.66
2024-02-13,0.85306,0.85348,0.84997,0.85049,81864.1
2024-02-14,0.85047,0.85485,0.84979,0.8539,75275.64
2024-02-15,0.85391,0.85698,0.85349,0.85506,65005.63
2024-02-16,0.85506,0.85648,0.85359,0.85515,78404.3
2024-02-18,0.85376,0.85527,0.85371,0.85511,2921.56
2024-02-19,0.85512,0.85605,0.85368,0.85598,48362.07
2024-02-20,0.856,0.85778,0.85455,0.85618,74686.87
2024-02-21,0.85618,0.85713,0.85566,0.85612,70510.56
2024-02-22,0.85613,0.8575,0.85417,0.85491,82157.34
2024-02-23,0.8549,0.85515,0.8528,0.85346,50862.63
2024-02-25,0.85395,0.85399,0.8534,0.85383,2440.8
2024-02-26,0.85384,0.85609,0.85367,0.8554,47497.06
2024-02-27,0.85539,0.8567,0.85426,0.85496,54895.34
2024-02-28,0.85495,0.85654,0.85458,0.856,62763.73
2024-02-29,0.85599,0.85701,0.85501,0.85577,80080.92
2024-03-01,0.85575,0.85757,0.85542,0.85609,59361.35
2024-03-03,0.85603,0.85661,0.85589,0.85632,5623.26
2024-03-04,0.85632,0.85662,0.85448,0.85533,53445.01
2024-03-05,0.85532,0.85605,0.8535,0.85447,64105.38
2024-03-06,0.85444,0.85627,0.85408,0.85579,51951.92
2024-03-07,0.8558,0.85626,0.85236,0.85462,56851.14
2024-03-08,0.85463,0.85481,0.85036,0.85042,57339.33
2024-03-10,0.85005,0.85133,0.84983,0.85118,3592.61
2024-03-11,0.85118,0.85347,0.85092,0.85268,57827.0
2024-03-12,0.8527,0.85544,0.85254,0.85396,72867.57
2024-03-13,0.85397,0.85594,0.85379,0.85558,66314.13
2024-03-14,0.85557,0.85567,0.85298,0.85387,71196.2
2024-03-15,0.85388,0.85528,0.85368,0.8548,58375.69
2024-03-17,0.85443,0.85504,0.85386,0.85485,3029.24
2024-03-18,0.85485,0.85622,0.85352,0.85433,51182.45
2024-03-19,0.85434,0.85556,0.85294,0.85402,70269.12
2024-03-20,0.85403,0.85577,0.85345,0.85455,70806.66
2024-03-21,0.85456,0.85822,0.8529,0.85791,89197.74
2024-03-22,0.85792,0.8602,0.85673,0.85756,67492.13
2024-03-24,0.85647,0.85812,0.85644,0.85786,3534.95
2024-03-25,0.85786,0.85844,0.85639,0.85757,88834.22
2024-03-26,0.85758,0.85881,0.85689,0.8578,111688.51
2024-03-27,0.8578,0.85851,0.85612,0.85693,105757.57
2024-03-28,0.85694,0.85705,0.85384,0.85495,140512.37
2024-03-29,0.85496,0.85541,0.85296,0.85389,105999.08
2024-03-31,0.85297,0.85449,0.85295,0.85402,11073.77
2024-04-01,0.85402,0.8563,0.85388,0.85578,92592.89
2024-04-02,0.85579,0.85749,0.85403,0.85621,98091.04
2024-04-03,0.85621,0.85823,0.85567,0.85664,97706.31
2024-04-04,0.85664,0.85804,0.85642,0.85731,96758.7
2024-04-05,0.85732,0.8586,0.8571,0.85725,91104.28
2024-04-07,0.85756,0.858,0.85733,0.85782,5313.36
2024-04-08,0.85783,0.85842,0.85716,0.8581,91424.1
2024-04-09,0.85811,0.85821,0.85517,0.85652,77704.0
2024-04-10,0.85653,0.85706,0.85465,0.85676,116132.26
2024-04-11,0.85678,0.85693,0.85392,0.85432,74778.78
2024-04-12,0.85434,0.85515,0.85281,0.85448,82691.87
2024-04-14,0.85357,0.85474,0.85311,0.85437,7250.04
2024-04-15,0.85437,0.85525,0.85218,0.85364,84274.46
2024-04-16,0.8536,0.85497,0.85278,0.85441,109368.05
2024-04-17,0.85441,0.85719,0.85205,0.8567,93494.25
2024-04-18,0.85671,0.85709,0.85509,0.85581,75554.53
2024-04-19,0.8558,0.86153,0.85544,0.86132,96616.11
2024-04-21,0.85992,0.86165,0.85958,0.86114,3427.32
2024-04-22,0.86113,0.86438,0.86082,0.86264,62639.76
2024-04-23,0.86265,0.86445,0.85823,0.85931,77314.64
2024-04-24,0.85929,0.85997,0.85788,0.85874,68980.03
2024-04-25,0.85875,0.85917,0.85643,0.8576,87742.43
2024-04-26,0.8576,0.85836,0.85541,0.85541,71626.97
2024-04-28,0.85529,0.8562,0.85529,0.85586,2700.5
2024-04-29,0.85587,0.85609,0.85272,0.85309,71658.31
2024-04-30,0.8531,0.85547,0.85283,0.854,77200.29
2024-05-01,0.85401,0.85581,0.85363,0.85487,70431.02
2024-05-02,0.85488,0.85648,0.85463,0.85567,77445.2
2024-05-03,0.85569,0.85861,0.85478,0.85759,78158.76
2024-05-05,0.85724,0.85785,0.85688,0.85784,1914.28
2024-05-06,0.85783,0.85812,0.85519,0.85726,49972.68
2024-05-07,0.85725,0.85997,0.85715,0.85985,59100.15
2024-05-08,0.85986,0.86176,0.85875,0.86018,54947.9
2024-05-09,0.86017,0.86203,0.85906,0.86079,67982.47
2024-05-10,0.86081,0.86104,0.85929,0.8597,53708.01
2024-05-12,0.85963,0.86015,0.85949,0.86007,2344.48
2024-05-13,0.86007,0.86086,0.85851,0.8592,50323.57
2024-05-14,0.8592,0.8614,0.85866,0.85927,62459.82
2024-05-15,0.85927,0.85998,0.8571,0.85807,69944.21
2024-05-16,0.85808,0.85872,0.85672,0.85762,57897.72
2024-05-17,0.85762,0.85801,0.85542,0.85557,50831.44
2024-05-19,0.85512,0.8561,0.85508,0.85565,2505.83
2024-05-20,0.85563,0.85675,0.8535,0.85446,49925.09
2024-05-21,0.85445,0.85508,0.85316,0.85396,70101.2
2024-05-22,0.85394,0.85413,0.85017,0.85096,51919.23
2024-05-23,0.85097,0.8527,0.84991,0.85176,77383.74
2024-05-24,0.85174,0.85317,0.85118,0.85147,57743.86
2024-05-26,0.85089,0.85177,0.85066,0.85176,1773.65
2024-05-27,0.85177,0.85201,0.8493,0.85038,42624.53
2024-05-28,0.85036,0.85175,0.84843,0.85052,77245.25
2024-05-29,0.85052,0.85167,0.84834,0.85057,75515.54
2024-05-30,0.85059,0.85171,0.84983,0.85089,73583.72
2024-05-31,0.85089,0.85403,0.85006,0.85125,70395.24
2024-06-02,0.85083,0.85175,0.85066,0.85153,2018.29
2024-06-03,0.85153,0.85352,0.85094,0.85143,67397.2
2024-06-04,0.85144,0.85245,0.84992,0.85194,79096.36
2024-06-05,0.85192,0.85202,0.8495,0.84993,67086.31
2024-06-06,0.84994,0.85243,0.84985,0.85138,66565.78
2024-06-07,0.85137,0.85201,0.84886,0.84909,79613.81
2024-06-09,0.84567,0.84694,0.84502,0.84681,3829.7
2024-06-10,0.84681,0.84713,0.84396,0.84575,62168.67
2024-06-11,0.84574,0.84676,0.84159,0.843,66158.61
2024-06-12,0.84301,0.84513,0.84177,0.84496,81805.35
2024-06-13,0.84495,0.84578,0.84109,0.84189,69772.2
2024-06-14,0.84189,0.84406,0.8397,0.8436,87286.0
2024-06-16,0.84252,0.84411,0.84248,0.84378,2437.04
2024-06-17,0.84379,0.84611,0.84363,0.84471,68372.23
2024-06-18,0.84469,0.84644,0.84402,0.84507,74491.05
2024-06-19,0.84506,0.84544,0.84296,0.84485,52238.87
2024-06-20,0.84484,0.84607,0.84341,0.84563,69148.86
2024-06-21,0.84563,0.84651,0.84425,0.84524,75605.38
2024-06-23,0.84466,0.84595,0.84423,0.84566,2631.87
2024-06-24,0.84565,0.84777,0.84488,0.84621,75587.0
2024-06-25,0.84621,0.84628,0.84256,0.84428,65322.53
2024-06-26,0.84428,0.84633,0.84327,0.84615,80367.36
2024-06-27,0.84616,0.84752,0.84532,0.8468,78303.6
2024-06-28,0.84681,0.84818,0.84574,0.84713,85141.88
2024-06-30,0.84809,0.84921,0.84749,0.84868,4439.19
2024-07-01,0.84867,0.84989,0.84685,0.84902,77208.55
2024-07-02,0.84902,0.84954,0.84572,0.84711,66775.77
2024-07-03,0.8471,0.8478,0.84498,0.84649,64722.85
2024-07-04,0.8465,0.84753,0.846,0.8475,36601.51
2024-07-05,0.8475,0.84779,0.84512,0.84529,63656.6
2024-07-07,0.84355,0.84538,0.84287,0.84532,4776.09
2024-07-08,0.84534,0.84599,0.8439,0.84508,52130.09
2024-07-09,0.8451,0.84597,0.84418,0.84563,53588.48
2024-07-10,0.84563,0.84591,0.84219,0.84277,48268.48
2024-07-11,0.84276,0.84318,0.84067,0.84136,83770.23
2024-07-12,0.84136,0.84214,0.83915,0.83927,68606.59
2024-07-14,0.83842,0.83975,0.83827,0.83944,5361.44
2024-07-15,0.83945,0.84115,0.83891,0.84027,56296.62
2024-07-16,0.84027,0.84103,0.83976,0.84003,57369.76
2024-07-17,0.84003,0.8411,0.83826,0.84099,71409.67
2024-07-18,0.841,0.84222,0.84031,0.84177,55415.03
2024-07-19,0.84175,0.84326,0.84126,0.84243,57861.12
2024-07-21,0.84148,0.84287,0.84118,0.84271,6641.07
2024-07-22,0.84272,0.8431,0.84134,0.84206,54432.43
2024-07-23,0.84208,0.84263,0.83955,0.84097,49371.58
2024-07-24,0.84097,0.84176,0.8376,0.84024,69342.86
2024-07-25,0.84024,0.84408,0.84022,0.84407,74370.24
2024-07-26,0.84408,0.84493,0.84278,0.84322,49809.19
2024-07-28,0.84356,0.84379,0.84186,0.84344,2560.3
2024-07-29,0.84344,0.84603,0.84067,0.84128,67895.02
2024-07-30,0.84128,0.84292,0.84127,0.84247,61503.76
2024-07-31,0.84247,0.84485,0.84104,0.84211,90426.01
2024-08-01,0.8421,0.84749,0.8421,0.84743,102538.1
2024-08-02,0.84743,0.85348,0.84741,0.852,109083.97
2024-08-04,0.85187,0.8532,0.85087,0.85317,5319.09
2024-08-05,0.85317,0.86191,0.85317,0.8563,184271.23
2024-08-06,0.85629,0.86157,0.85616,0.86135,137719.56
2024-08-07,0.86137,0.86229,0.85755,0.86156,97686.34
2024-08-08,0.86156,0.86247,0.85509,0.85632,97461.45
2024-08-09,0.85633,0.85787,0.85494,0.85542,65281.72
2024-08-11,0.85497,0.85599,0.85406,0.85596,2653.92
2024-08-12,0.85595,0.85684,0.85364,0.85631,68418.94
2024-08-13,0.8563,0.85637,0.85229,0.85466,86096.43
2024-08-14,0.85467,0.85923,0.85427,0.85859,84660.0
2024-08-15,0.85859,0.85869,0.85149,0.85326,70344.29
2024-08-16,0.85325,0.85349,0.85099,0.85176,58281.76
2024-08-18,0.85091,0.85202,0.85049,0.85152,2797.88
2024-08-19,0.85152,0.85341,0.85081,0.8534,67504.02
2024-08-20,0.85339,0.85403,0.85149,0.85372,78969.92
2024-08-21,0.85372,0.85442,0.85055,0.852,86176.22
2024-08-22,0.852,0.85206,0.8473,0.84875,83999.8
2024-08-23,0.84874,0.84924,0.84517,0.84676,82681.76
2024-08-25,0.84592,0.84726,0.84554,0.84673,5070.67
2024-08-26,0.84672,0.8475,0.84499,0.8463,75549.26
2024-08-27,0.84631,0.84675,0.84282,0.84318,71187.0
2024-08-28,0.84319,0.84344,0.841,0.84317,79907.54
2024-08-29,0.84316,0.84327,0.84021,0.8416,82784.61
2024-08-30,0.84159,0.84277,0.83998,0.84144,85091.66
2024-09-01,0.84054,0.84149,0.84019,0.84115,2106.94
2024-09-02,0.84118,0.84323,0.84116,0.8422,45187.62
2024-09-03,0.8422,0.84344,0.84057,0.84254,86237.36
2024-09-04,0.84253,0.8435,0.84158,0.84295,80913.16
2024-09-05,0.84296,0.84376,0.84177,0.84325,74145.11
2024-09-06,0.84326,0.84467,0.84111,0.84398,114162.52
2024-09-08,0.84398,0.84439,0.84361,0.84423,3275.83
2024-09-09,0.84425,0.8447,0.84328,0.84425,80007.99
2024-09-10,0.84426,0.84473,0.84192,0.84249,72528.7
2024-09-11,0.84249,0.84633,0.84245,0.84444,96561.59
2024-09-12,0.84442,0.84553,0.84335,0.84358,87850.29
2024-09-13,0.84357,0.84526,0.84269,0.8436,89306.18
2024-09-15,0.84289,0.84434,0.84239,0.84408,2745.93
2024-09-16,0.84408,0.84433,0.84163,0.84243,69130.39
2024-09-17,0.84245,0.84539,0.84178,0.84467,78637.57
2024-09-18,0.84464,0.84529,0.84039,0.84173,117925.82
2024-09-19,0.84174,0.84228,0.83914,0.84022,110477.59
2024-09-20,0.84023,0.84064,0.83774,0.8378,95917.73
2024-09-22,0.83746,0.83833,0.83746,0.83824,3726.75
2024-09-23,0.83823,0.83864,0.83207,0.83232,105139.99
2024-09-24,0.83233,0.83391,0.83169,0.83341,91721.26
2024-09-25,0.83342,0.83717,0.83335,0.83593,105273.13
2024-09-26,0.83595,0.83597,0.8318,0.83338,100282.09
2024-09-27,0.83339,0.83496,0.83213,0.83415,110984.68
2024-09-29,0.8339,0.83486,0.83388,0.83457,2990.38
2024-09-30,0.83456,0.83598,0.83077,0.83246,111020.72
2024-10-01,0.83245,0.8345,0.83106,0.83347,122541.26
2024-10-02,0.83349,0.8338,0.83153,0.83281,84203.59
2024-10-03,0.83283,0.84341,0.83234,0.8405,119446.19
2024-10-04,0.84049,0.84061,0.83528,0.83597,112318.99
2024-10-06,0.83465,0.83632,0.83465,0.83593,5396.29
2024-10-07,0.83594,0.83993,0.83555,0.83869,105265.63
2024-10-08,0.83868,0.84043,0.83695,0.83823,118690.38
2024-10-09,0.837383,0.83742,0.837066,0.837349,0.0
2024-10-10,0.837357,0.837393,0.837051,0.837067,0.0
2024-10-11,0.83704,0.83832,0.8364,0.83671,80988.01
2024-10-13,0.83609,0.83733,0.83607,0.8371,2525.67
2024-10-14,0.8371,0.83735,0.83399,0.8348,72819.75
2024-10-15,0.8348,0.83508,0.8324,0.83298,96696.01
2024-10-16,0.83298,0.83799,0.83258,0.83583,98100.39
2024-10-17,0.83583,0.83643,0.83123,0.83204,115469.08
2024-10-18,0.83204,0.83357,0.82947,0.83229,91546.95
2024-10-20,0.83083,0.83287,0.83083,0.83264,3395.02
2024-10-21,0.83264,0.83392,0.83215,0.83301,79326.97
2024-10-22,0.83302,0.83464,0.83112,0.83168,92536.32
2024-10-23,0.83169,0.83515,0.8303,0.83463,108600.15
2024-10-24,0.83462,0.83487,0.83143,0.83438,102897.59
2024-10-25,0.83439,0.83498,0.8326,0.83271,83707.57
2024-10-27,0.83194,0.83324,0.83153,0.83315,3802.23
2024-10-28,0.83314,0.8343,0.8323,0.83371,85181.42
2024-10-29,0.8337,0.83402,0.82961,0.83153,114748.34
2024-10-30,0.83154,0.83801,0.8313,0.83788,132118.7
2024-10-31,0.83788,0.84475,0.83532,0.84387,135370.33
2024-11-01,0.84388,0.84427,0.83689,0.83837,113227.52
2024-11-03,0.83816,0.83964,0.83816,0.83938,3221.25
2024-11-04,0.83938,0.84185,0.83846,0.83931,129889.56
2024-11-05,0.83934,0.83975,0.83754,0.83826,109582.61
2024-11-06,0.83825,0.83841,0.83129,0.83301,309225.76
2024-11-07,0.83301,0.83397,0.83059,0.83146,183005.76
2024-11-08,0.83146,0.83255,0.82918,0.82919,130443.29
2024-11-10,0.82917,0.82967,0.82916,0.82943,4262.8
2024-11-11,0.82943,0.83018,0.82598,0.82824,121409.36
2024-11-12,0.82824,0.8335,0.82755,0.83348,164916.74
2024-11-13,0.83347,0.83451,0.82996,0.83142,178141.48
2024-11-14,0.83143,0.83234,0.83063,0.83122,177739.6
2024-11-15,0.83123,0.8359,0.83118,0.83486,165922.4
2024-11-17,0.83345,0.83514,0.83321,0.83491,4134.35
2024-11-18,0.83489,0.83729,0.83397,0.83557,143551.5
2024-11-19,0.83558,0.83753,0.83316,0.83554,162771.95
2024-11-20,0.83554,0.83583,0.83128,0.83325,134235.2
2024-11-21,0.83325,0.8341,0.83148,0.83185,152212.76
2024-11-22,0.83184,0.83462,0.82675,0.83091,185462.24
2024-11-24,0.83189,0.83359,0.8311,0.83211,10805.45
2024-11-25,0.83211,0.83611,0.8309,0.83334,167646.06
2024-11-26,0.83334,0.83645,0.83299,0.83437,200377.15
2024-11-27,0.83436,0.83552,0.83236,0.8331,171229.14
2024-11-28,0.83311,0.83389,0.83044,0.83177,115876.7
2024-11-29,0.83179,0.83315,0.82985,0.82998,181404.43
2024-12-01,0.82997,0.83037,0.82954,0.83008,7681.71
2024-12-02,0.83006,0.83032,0.82695,0.82949,188881.64
2024-12-03,0.8295,0.83123,0.82833,0.82918,161957.67
2024-12-04,0.82918,0.83013,0.82687,0.82765,161270.52
2024-12-05,0.82764,0.83007,0.8272,0.82959,149642.85
2024-12-06,0.82959,0.83004,0.82788,0.82877,142220.76
2024-12-08,0.82757,0.82902,0.82757,0.82875,4177.72
2024-12-09,0.82874,0.82885,0.82689,0.82783,129954.06
2024-12-10,0.82782,0.8283,0.82376,0.824,125002.57
2024-12-11,0.82401,0.82514,0.82198,0.823,151388.58
2024-12-12,0.82287,0.82721,0.82268,0.82614,160994.79
2024-12-13,0.82614,0.83218,0.82601,0.8319,138818.6
2024-12-15,0.83053,0.83239,0.83049,0.83229,4576.2
2024-12-16,0.83228,0.83274,0.82725,0.82869,124443.94
2024-12-17,0.82869,0.82953,0.82492,0.82564,83458.4
2024-12-18,0.82562,0.82779,0.82297,0.8236,120265.85
2024-12-19,0.82358,0.8293,0.8222,0.8293,142376.32
2024-12-20,0.8293,0.83126,0.82707,0.82973,107595.53
2024-12-22,0.82934,0.83132,0.82934,0.82998,4666.59
2024-12-23,0.82999,0.83121,0.82773,0.83011,80115.21
2024-12-24,0.83012,0.83022,0.82703,0.82814,58407.75
2024-12-25,0.82749,0.8297,0.82703,0.82899,2959.77
2024-12-26,0.829,0.83242,0.82863,0.83182,55564.9
2024-12-27,0.83183,0.83284,0.82818,0.82836,91032.67
2024-12-29,0.82834,0.82976,0.82807,0.82913,2765.37
2024-12-30,0.82913,0.8299,0.8272,0.82921,92386.14
2024-12-31,0.82922,0.83075,0.82626,0.82713,92899.74
2025-01-01,0.82563,0.82771,0.82522,0.8267,3091.67
2025-01-02,0.82672,0.83251,0.8266,0.82936,123832.81
2025-01-03,0.82935,0.83029,0.82845,0.82911,81776.26
2025-01-05,0.82747,0.82988,0.82747,0.82937,3762.58
2025-01-06,0.82938,0.83174,0.82852,0.82996,136392.09
2025-01-07,0.82995,0.83053,0.82858,0.82888,131707.09
2025-01-08,0.82888,0.83515,0.82832,0.83447,158439.17
2025-01-09,0.83446,0.84062,0.83421,0.83715,123228.28
2025-01-10,0.83716,0.83934,0.83636,0.83888,130779.84
2025-01-12,0.83831,0.83938,0.83831,0.83928,4230.0
2025-01-13,0.8393,0.8424,0.83817,0.83907,145095.58
2025-01-14,0.83907,0.84504,0.83865,0.84396,132499.12
2025-01-15,0.84394,0.84618,0.83987,0.8409,131679.17
2025-01-16,0.84088,0.84376,0.84073,0.84196,123098.57
2025-01-17,0.84195,0.84533,0.84177,0.84368,119837.25
2025-01-19,0.84314,0.84459,0.84306,0.84435,4678.05
2025-01-20,0.84435,0.84731,0.84363,0.84499,145263.0
2025-01-21,0.84495,0.84622,0.84306,0.84331,162565.03
2025-01-22,0.84332,0.84634,0.8433,0.8452,105606.55
2025-01-23,0.84518,0.84574,0.84276,0.84305,114941.72
2025-01-24,0.84306,0.84619,0.84005,0.84005,131212.68
2025-01-26,0.84015,0.84067,0.83957,0.84017,4278.3
2025-01-27,0.84016,0.84204,0.83797,0.83822,134137.08
2025-01-28,0.83822,0.83956,0.83784,0.83811,98647.38
2025-01-29,0.83812,0.83873,0.83603,0.83694,122796.54
2025-01-30,0.83692,0.839,0.83593,0.8369,110429.82
2025-01-31,0.83689,0.8374,0.8354,0.8356,137129.42
2025-02-02,0.83272,0.83373,0.831,0.83369,16950.26
2025-02-03,0.8337,0.83453,0.82911,0.83061,235204.1
2025-02-04,0.83062,0.833,0.82966,0.83132,128179.1
2025-02-05,0.83132,0.83357,0.8304,0.83173,122399.68
2025-02-06,0.83173,0.8378,0.83147,0.83516,123984.39
2025-02-07,0.83517,0.83551,0.83183,0.83255,142288.85
2025-02-09,0.83096,0.83218,0.83027,0.83209,7173.42
2025-02-10,0.83208,0.83357,0.83093,0.83335,93057.08
2025-02-11,0.83333,0.83524,0.83195,0.83225,97800.47
2025-02-12,0.83226,0.83558,0.83204,0.83464,127896.81
2025-02-13,0.83464,0.8356,0.83131,0.83256,146316.36
2025-02-14,0.83258,0.83376,0.83155,0.83336,106054.57
2025-02-16,0.83197,0.83364,0.8319,0.83342,4430.53
2025-02-17,0.83342,0.83389,0.82947,0.83073,82860.39
2025-02-18,0.83072,0.83091,0.82649,0.8276,107220.62
2025-02-19,0.82756,0.82892,0.82712,0.82811,110358.6
2025-02-20,0.82811,0.82916,0.82695,0.82876,120274.74
2025-02-21,0.82878,0.82917,0.8265,0.82777,114440.54
2025-02-23,0.82753,0.82873,0.82687,0.82803,5600.84
2025-02-24,0.82801,0.83018,0.82752,0.8291,141179.6
2025-02-25,0.82911,0.83022,0.82852,0.83018,120133.34
2025-02-26,0.83017,0.83051,0.82654,0.82704,129236.53
2025-02-27,0.82704,0.82742,0.82411,0.8251,140195.32
2025-02-28,0.82511,0.82668,0.82418,0.82469,127890.73
2025-03-02,0.82597,0.82663,0.8256,0.82617,5631.1
2025-03-03,0.82616,0.82664,0.82471,0.82547,134770.28
2025-03-04,0.82548,0.8312,0.82536,0.8302,168604.87
2025-03-05,0.83021,0.83804,0.82987,0.83736,200042.26
2025-03-06,0.83738,0.84107,0.83595,0.83726,202948.83
2025-03-07,0.83725,0.84176,0.83716,0.83816,192035.59
2025-03-09,0.83757,0.83982,0.83757,0.83973,14244.78
2025-03-10,0.83973,0.84204,0.8377,0.84182,209119.55
2025-03-11,0.84183,0.84491,0.84149,0.84314,201214.21
2025-03-12,0.84313,0.84414,0.83916,0.83962,170510.72
2025-03-13,0.83962,0.84038,0.83602,0.83774,161307.34
2025-03-14,0.83775,0.84279,0.83737,0.84089,130509.48
2025-03-16,0.84016,0.84165,0.84016,0.84155,4451.05
2025-03-17,0.84156,0.84165,0.83978,0.84085,88713.72
2025-03-18,0.84084,0.84282,0.84053,0.84138,101882.72
2025-03-19,0.84137,0.842,0.83804,0.83864,114745.94
2025-03-20,0.83866,0.839,0.83504,0.83707,102668.66
2025-03-21,0.83708,0.83851,0.83671,0.8371,98836.64
2025-03-23,0.83809,0.83837,0.83718,0.83831,4137.77
2025-03-24,0.8383,0.83839,0.83453,0.83585,109793.21
2025-03-25,0.83586,0.83629,0.8332,0.83338,97314.28
2025-03-26,0.83339,0.83741,0.83322,0.83405,102054.44
2025-03-27,0.83406,0.83486,0.83231,0.83391,101342.69
2025-03-28,0.83391,0.83689,0.83152,0.83647,87038.82
2025-03-30,0.83601,0.83691,0.83568,0.83657,6497.27
2025-03-31,0.83657,0.83791,0.83492,0.8373,112776.51
2025-04-01,0.83729,0.83784,0.8347,0.83534,107451.63
2025-04-02,0.83534,0.83874,0.83222,0.83581,129927.19
2025-04-03,0.83579,0.84482,0.83486,0.8438,226799.19
2025-04-04,0.84381,0.85238,0.84332,0.8496,285213.86
2025-04-06,0.84755,0.85318,0.8466,0.85076,31108.83
2025-04-07,0.85075,0.85899,0.84874,0.85716,344819.66
2025-04-08,0.85718,0.85944,0.85293,0.85846,217072.11
2025-04-09,0.85846,0.8662,0.85258,0.85383,343139.2
2025-04-10,0.85386,0.86662,0.8519,0.86645,273756.61
2025-04-11,0.86646,0.87382,0.86464,0.86792,382797.41
2025-04-13,0.86359,0.86745,0.863,0.86681,15352.81
2025-04-14,0.86685,0.8694,0.8589,0.86055,197905.36
2025-04-15,0.86055,0.86056,0.85245,0.85356,149926.65
2025-04-16,0.85355,0.86163,0.85339,0.86113,159618.28
2025-04-17,0.86116,0.86141,0.85513,0.85696,150478.46
2025-04-18,0.85696,0.85822,0.85551,0.85662,743491.09
2025-04-20,0.85791,0.86046,0.85667,0.85984,12261.84
2025-04-21,0.85984,0.86238,0.85797,0.86052,125144.31
2025-04-22,0.86052,0.86086,0.85385,0.85515,165081.68
2025-04-23,0.85516,0.85831,0.853,0.85405,177377.04
2025-04-24,0.85406,0.85652,0.85271,0.85328,123227.53
2025-04-25,0.85329,0.85473,0.85108,0.85317,106800.16
2025-04-27,0.85326,0.85379,0.85294,0.85363,5687.49
2025-04-28,0.85363,0.85446,0.84888,0.84907,112780.54
2025-04-29,0.84907,0.85116,0.84862,0.84929,112497.84
2025-04-30,0.84929,0.85382,0.84817,0.84999,128804.46
2025-05-01,0.84997,0.85103,0.84795,0.85022,97097.37
2025-05-02,0.85024,0.85405,0.849,0.85117,121184.78
2025-05-04,0.85145,0.85327,0.85107,0.8531,4755.85
2025-05-05,0.8531,0.85323,0.85052,0.85108,95166.19
2025-05-06,0.85109,0.85201,0.84616,0.84927,116335.94
2025-05-07,0.84926,0.8522,0.84881,0.85045,114785.36
2025-05-08,0.85044,0.85223,0.84582,0.84796,129801.26
2025-05-09,0.84794,0.84921,0.84543,0.84543,78684.17
2025-05-11,0.84361,0.84542,0.84309,0.84512,7293.09
2025-05-12,0.84513,0.84575,0.84049,0.84197,137875.05
2025-05-13,0.84195,0.84269,0.84017,0.84076,107663.29
2025-05-14,0.84077,0.8436,0.84043,0.84298,117035.35
2025-05-15,0.84298,0.84406,0.84025,0.84125,99053.74
2025-05-16,0.84127,0.84323,0.83933,0.84032,87106.84
2025-05-18,0.84082,0.84155,0.84073,0.8409,4810.41
2025-05-19,0.84087,0.84268,0.84023,0.84077,100135.25
2025-05-20,0.84075,0.8429,0.84049,0.84254,88960.72
2025-05-21,0.84255,0.84589,0.84223,0.84434,119120.08
2025-05-22,0.84433,0.84489,0.83971,0.84072,122592.75
2025-05-23,0.84072,0.84186,0.83798,0.83896,120008.23
2025-05-25,0.83979,0.84079,0.83953,0.84016,7996.53
2025-05-26,0.84017,0.84084,0.83844,0.8395,64862.44
2025-05-27,0.8395,0.8398,0.83727,0.83886,96078.73
2025-05-28,0.83885,0.84018,0.83551,0.83623,106884.29
2025-05-29,0.83621,0.8431,0.83621,0.84273,112337.01
2025-05-30,0.84272,0.84369,0.84027,0.84313,112237.61
2025-06-01,0.84226,0.84366,0.84226,0.84289,4588.0
2025-06-02,0.8429,0.84497,0.84231,0.84476,97206.05
2025-06-03,0.84476,0.84499,0.84072,0.84132,85671.51
2025-06-04,0.84131,0.84309,0.84069,0.84278,100116.29
2025-06-05,0.84278,0.84475,0.84106,0.84343,112426.96
2025-06-06,0.84342,0.8442,0.84167,0.84211,92679.81
2025-06-08,0.84142,0.84281,0.84129,0.84256,2795.32
2025-06-09,0.84258,0.84296,0.84112,0.84296,68175.63
2025-06-10,0.84294,0.84682,0.84174,0.8467,80714.45
2025-06-11,0.84672,0.84886,0.84629,0.84829,85208.6
2025-06-12,0.84831,0.85461,0.84768,0.85176,104071.79
2025-06-13,0.85176,0.8531,0.84928,0.85077,140911.26
2025-06-15,0.8494,0.85153,0.84931,0.85153,11000.66
2025-06-16,0.85151,0.85315,0.85068,0.85148,100737.16
2025-06-17,0.85148,0.85555,0.85118,0.85495,107997.21
2025-06-18,0.85495,0.85641,0.8537,0.85548,127119.82
2025-06-19,0.85548,0.85598,0.85297,0.85415,88899.13
2025-06-20,0.85415,0.85682,0.85257,0.8565,88256.97
2025-06-22,0.85415,0.85661,0.85415,0.85592,10062.85
2025-06-23,0.85593,0.85748,0.85454,0.85619,125613.3
2025-06-24,0.85617,0.85651,0.85147,0.85286,119142.4
2025-06-25,0.85287,0.85382,0.85123,0.8534,88053.95
2025-06-26,0.85339,0.85393,0.85108,0.85191,119889.02
2025-06-27,0.85192,0.85524,0.85078,0.85396,105528.48
2025-06-29,0.85494,0.85518,0.85414,0.85474,6261.94
2025-06-30,0.85474,0.85861,0.85392,0.85833,95578.34
2025-07-01,0.85832,0.85972,0.85568,0.85877,97126.42
2025-07-02,0.85877,0.86699,0.85771,0.86438,103097.7
2025-07-03,0.86435,0.86541,0.86047,0.86117,97870.03
2025-07-04,0.86119,0.86371,0.86095,0.86212,103243.94
2025-07-06,0.86155,0.863,0.86155,0.86292,3836.07
2025-07-07,0.86293,0.86433,0.85916,0.86142,90597.35
2025-07-08,0.86142,0.86429,0.8609,0.86292,98888.34
2025-07-09,0.86294,0.86325,0.86056,0.86315,81409.03
2025-07-10,0.86316,0.86339,0.86096,0.86163,80780.55
2025-07-11,0.86164,0.86668,0.86088,0.86625,94442.8
2025-07-13,0.86401,0.86576,0.86363,0.86562,5048.51
2025-07-14,0.86562,0.86927,0.86537,0.8687,81689.17
2025-07-15,0.86868,0.86961,0.86579,0.86664,87023.42
2025-07-16,0.86665,0.86977,0.86473,0.86762,119171.84
2025-07-17,0.86761,0.86794,0.86295,0.86475,82446.71
2025-07-18,0.86474,0.86711,0.86473,0.86646,67822.24
2025-07-20,0.86471,0.8671,0.86471,0.86687,5427.46
2025-07-21,0.86687,0.86736,0.865,0.86692,74674.33
2025-07-22,0.86691,0.86935,0.86637,0.8681,78468.12
2025-07-23,0.86808,0.8685,0.86464,0.867,97854.0
2025-07-24,0.867,0.87099,0.86657,0.87013,93998.36
2025-07-25,0.87012,0.87431,0.86965,0.87356,88747.31
2025-07-27,0.87512,0.8754,0.87466,0.87476,4450.79
2025-07-28,0.87477,0.87521,0.86634,0.86797,97768.45
2025-07-29,0.86796,0.86849,0.86401,0.86497,93709.77
2025-07-30,0.86495,0.86587,0.8609,0.86207,119565.4
2025-07-31,0.86208,0.8659,0.86106,0.86474,101983.46
2025-08-01,0.86475,0.87294,0.86433,0.87222,137371.53
2025-08-03,0.8715,0.87298,0.87121,0.8718,4392.16
2025-08-04,0.87178,0.87216,0.86866,0.87107,86536.7
2025-08-05,0.87107,0.87128,0.86791,0.87063,88258.09
2025-08-06,0.87064,0.87317,0.86962,0.87311,77148.61
2025-08-07,0.87311,0.87435,0.86631,0.86804,100587.61
2025-08-08,0.86805,0.86816,0.86504,0.86507,76808.56
2025-08-10,0.86491,0.8664,0.86491,0.86638,2640.75
2025-08-11,0.86639,0.8672,0.86339,0.86469,73436.39
2025-08-12,0.8647,0.86544,0.8618,0.86468,106880.81
2025-08-13,0.8647,0.86535,0.86055,0.86209,79708.52
2025-08-14,0.86211,0.86248,0.85958,0.86106,95319.16
2025-08-15,0.86107,0.86376,0.86054,0.86331,72500.98
2025-08-17,0.8635,0.86409,0.86291,0.86352,2340.08
2025-08-18,0.86353,0.86397,0.86183,0.86375,56327.35
2025-08-19,0.86375,0.86478,0.86191,0.86328,55655.42
2025-08-20,0.86327,0.86673,0.86082,0.86526,64490.22
2025-08-21,0.86526,0.86656,0.86457,0.86545,67086.37
2025-08-22,0.86546,0.86717,0.86393,0.86617,75510.04
2025-08-24,0.86657,0.86701,0.86568,0.8667,3701.65
2025-08-25,0.86669,0.8671,0.86082,0.86321,57652.4
2025-08-26,0.86319,0.86492,0.86221,0.86347,82316.27
2025-08-27,0.86348,0.86398,0.86093,0.86249,69603.71
2025-08-28,0.86251,0.86482,0.86149,0.86453,73740.58
2025-08-29,0.86453,0.86737,0.86351,0.86513,77506.57
2025-08-31,0.86608,0.86611,0.86498,0.86569,2178.07
2025-09-01,0.86567,0.867,0.86376,0.86476,51419.53
2025-09-02,0.86476,0.87127,0.86412,0.86928,111171.75
2025-09-03,0.86929,0.87112,0.86692,0.86755,88259.9
2025-09-04,0.86755,0.86806,0.8659,0.86703,76442.3
2025-09-05,0.86702,0.86869,0.86646,0.86728,90972.05
2025-09-07,0.86708,0.86825,0.86653,0.86801,5037.9
2025-09-08,0.86802,0.86846,0.86625,0.86832,70696.06
2025-09-09,0.8683,0.86839,0.86518,0.86547,82866.98
2025-09-10,0.86548,0.86553,0.86374,0.86468,86532.38
2025-09-11,0.86468,0.86623,0.86349,0.86434,97955.04
2025-09-12,0.86433,0.86642,0.86396,0.86498,74450.52
2025-09-14,0.864,0.86535,0.864,0.86517,3604.9
2025-09-15,0.86517,0.86539,0.86321,0.86482,58445.75
2025-09-16,0.8648,0.86965,0.86446,0.86947,92792.14
2025-09-17,0.86948,0.86951,0.86533,0.8676,107089.61
2025-09-18,0.86761,0.86987,0.86641,0.86969,107339.28
2025-09-19,0.86968,0.87284,0.86897,0.87158,91214.45
2025-09-21,0.87125,0.8724,0.87086,0.87174,6549.78
2025-09-22,0.87173,0.8734,0.87084,0.87317,67767.78
2025-09-23,0.8732,0.87454,0.87168,0.87361,79757.53
2025-09-24,0.87363,0.87447,0.87199,0.87304,74798.05
2025-09-25,0.87305,0.8751,0.87223,0.87446,88940.24
2025-09-26,0.87449,0.87482,0.87206,0.87298,74574.48
2025-09-28,0.87234,0.87339,0.87234,0.87295,3747.53
2025-09-29,0.87296,0.87443,0.87152,0.87312,70402.23
2025-09-30,0.87314,0.87449,0.87227,0.8729,87503.19
2025-10-01,0.87292,0.87416,0.86893,0.87047,108406.64
2025-10-02,0.87046,0.87294,0.87015,0.87193,74597.08
2025-10-03,0.87193,0.87295,0.87064,0.87072,64253.14
2025-10-05,0.87157,0.87275,0.87007,0.87189,9293.63
2025-10-06,0.87187,0.87225,0.86734,0.86836,74353.69
2025-10-07,0.86837,0.87046,0.86684,0.86827,66874.26
2025-10-08,0.86825,0.8684,0.86533,0.86781,76328.08
2025-10-09,0.8678,0.86983,0.8674,0.86936,86978.6
2025-10-10,0.86937,0.8725,0.8691,0.86959,99854.97
2025-10-12,0.86911,0.87067,0.86885,0.86991,7612.61
2025-10-13,0.86992,0.87069,0.86677,0.86747,69318.13
2025-10-14,0.86748,0.87218,0.86663,0.87097,100868.43
2025-10-15,0.87097,0.87209,0.86835,0.86883,78074.69
2025-10-16,0.86885,0.87041,0.86641,0.87018,88518.95
2025-10-17,0.87016,0.87247,0.86765,0.86773,97408.38
2025-10-19,0.86821,0.86867,0.8677,0.86833,2808.13
2025-10-20,0.86834,0.86949,0.86745,0.86865,64581.87
2025-10-21,0.86865,0.86939,0.86651,0.86786,85699.6
2025-10-22,0.86787,0.87123,0.86753,0.86939,82595.85
2025-10-23,0.86937,0.87211,0.86815,0.87169,66714.83
2025-10-24,0.87168,0.87468,0.87057,0.8733,77406.28
2025-10-26,0.87267,0.87337,0.87238,0.87306,4310.86
2025-10-27,0.87305,0.87362,0.87197,0.87333,67538.52
2025-10-28,0.87334,0.87893,0.87249,0.87785,83331.33
2025-10-29,0.87784,0.88176,0.87774,0.87935,115827.25
2025-10-30,0.87933,0.8813,0.87886,0.87935,100436.85
2025-10-31,0.87936,0.88174,0.87681,0.87681,75385.36
2025-11-02,0.87737,0.87814,0.87711,0.87761,6472.38
2025-11-03,0.87762,0.87835,0.87602,0.87695,64806.99
2025-11-04,0.87694,0.8821,0.87642,0.882,81050.93
2025-11-05,0.88198,0.88294,0.87991,0.88075,71492.85
2025-11-06,0.88071,0.88181,0.87869,0.87885,88266.04
2025-11-07,0.87885,0.8816,0.8781,0.8781,85199.8
2025-11-09,0.87842,0.87861,0.87746,0.87836,6003.67
2025-11-10,0.87836,0.87944,0.87663,0.87732,70807.87
2025-11-11,0.87732,0.88131,0.87727,0.88094,72284.68
2025-11-12,0.88093,0.88382,0.88044,0.88292,72088.93
2025-11-13,0.88294,0.88483,0.88049,0.88419,90888.32
2025-11-14,0.88418,0.88651,0.88128,0.8819,99104.03
2025-11-16,0.88194,0.883,0.88174,0.8826,2883.05
2025-11-17,0.8826,0.88287,0.87924,0.88099,74717.04
2025-11-18,0.881,0.88237,0.88014,0.88078,87546.64
2025-11-19,0.88079,0.88396,0.88069,0.88353,88105.72
2025-11-20,0.88351,0.88367,0.87954,0.88152,88870.72
2025-11-21,0.88154,0.88311,0.87799,0.87866,109876.99
2025-11-23,0.87838,0.87904,0.87779,0.87867,2678.43
2025-11-24,0.87868,0.88197,0.87852,0.87895,76407.66
2025-11-25,0.87896,0.87986,0.87653,0.87887,101791.71
2025-11-26,0.87889,0.88177,0.87516,0.87591,116732.34
2025-11-27,0.8759,0.87699,0.87455,0.87608,57941.17
2025-11-28,0.87606,0.87726,0.87477,0.87542,261354.24
2025-11-30,0.87623,0.87669,0.87533,0.87624,5400.41
2025-12-01,0.87625,0.87934,0.87591,0.87867,92749.42
2025-12-02,0.87869,0.88016,0.87833,0.87959,77732.33
2025-12-03,0.87958,0.87988,0.87337,0.87401,85164.46
2025-12-04,0.87403,0.87537,0.87215,0.87395,85082.39
2025-12-05,0.87395,0.87415,0.87244,0.87291,68917.56
2025-12-07,0.87272,0.87372,0.87272,0.87351,4604.79
2025-12-08,0.87349,0.87522,0.87247,0.87345,71932.41
2025-12-09,0.87345,0.87471,0.87202,0.87406,75411.25
2025-12-10,0.87407,0.87509,0.87242,0.87394,90167.7
2025-12-11,0.87395,0.87705,0.87383,0.87661,83840.13
2025-12-12,0.87663,0.8792,0.87605,0.87764,77059.24
2025-12-14,0.87611,0.87812,0.87611,0.878,4459.69
2025-12-15,0.87799,0.87876,0.87704,0.87844,75182.88
2025-12-16,0.87844,0.87954,0.87441,0.87512,116314.13
2025-12-17,0.87512,0.87966,0.87496,0.87793,108616.44
2025-12-18,0.87792,0.87874,0.87351,0.87604,101426.22
2025-12-19,0.87604,0.87735,0.87489,0.87489,90765.06
2025-12-21,0.87461,0.87561,0.87461,0.87518,8408.64
2025-12-22,0.87518,0.87532,0.87231,0.87342,89648.89
2025-12-23,0.87341,0.87369,0.87194,0.8728,86180.48
2025-12-24,0.87282,0.87313,0.87075,0.87181,85151.06
2025-12-25,0.8718,0.87345,0.87012,0.8723,10413.53
2025-12-26,0.87232,0.87357,0.8716,0.87181,69835.35
2025-12-28,0.87045,0.87279,0.87045,0.87217,6895.66
2025-12-29,0.87217,0.87397,0.87094,0.87143,102948.66
2025-12-30,0.87143,0.87363,0.87026,0.8722,72002.54
2025-12-31,0.87219,0.87459,0.8715,0.87158,82639.92
2026-01-01,0.87152,0.87244,0.87137,0.87209,3778.62
2026-01-02,0.87207,0.8725,0.87003,0.87037,76929.93
2026-01-04,0.87051,0.87107,0.86994,0.87102,3631.86
2026-01-05,0.87101,0.87106,0.86525,0.86563,85178.79
2026-01-06,0.86564,0.86632,0.8644,0.86571,78049.13
2026-01-07,0.86572,0.86784,0.86535,0.86756,67488.26
2026-01-08,0.86757,0.86909,0.86695,0.86762,61228.49
2026-01-09,0.86762,0.86863,0.86664,0.86783,71041.43
2026-01-11,0.86747,0.8683,0.86728,0.86782,1793.97
2026-01-12,0.86783,0.86923,0.86608,0.86639,74441.26
2026-01-13,0.86639,0.86744,0.86513,0.86712,68090.48
2026-01-14,0.86713,0.8673,0.86567,0.86641,74687.29
2026-01-15,0.8664,0.86785,0.86531,0.86754,77047.56
2026-01-16,0.86754,0.86798,0.86602,0.86663,88181.87
2026-01-18,0.86716,0.86772,0.86665,0.86732,7536.9
2026-01-19,0.86732,0.86859,0.86657,0.86734,73493.67
2026-01-20,0.86734,0.87311,0.86698,0.8725,126839.49
2026-01-21,0.87248,0.87454,0.8695,0.86991,113567.59
2026-01-22,0.86992,0.87326,0.86924,0.87066,88723.85
2026-01-23,0.87065,0.87086,0.86578,0.86664,98068.46
2026-01-25,0.86749,0.86969,0.86683,0.86791,9771.73
2026-01-26,0.8679,0.86867,0.8668,0.86826,119437.18
2026-01-27,0.86824,0.87156,0.86704,0.86949,153583.09
2026-01-28,0.8695,0.86967,0.86487,0.86644,152874.64
2026-01-29,0.86643,0.8671,0.86493,0.86665,145089.56
2026-01-30,0.86665,0.86751,0.86549,0.86552,169446.43
2026-02-01,0.86517,0.86661,0.86517,0.86615,10481.88
2026-02-02,0.86616,0.86738,0.8622,0.86289,158604.31
2026-02-03,0.86289,0.86364,0.86194,0.8626,109890.14
2026-02-04,0.86259,0.86498,0.86122,0.86478,118267.65
2026-02-05,0.8648,0.87208,0.86453,0.87095,133187.79
2026-02-06,0.87095,0.87134,0.86728,0.86779,89210.47
2026-02-08,0.86797,0.86935,0.86783,0.86896,4262.54
2026-02-09,0.86895,0.87413,0.86855,0.86996,112282.35
2026-02-10,0.86995,0.87215,0.86858,0.87196,87934.87
2026-02-11,0.87194,0.87237,0.86827,0.87164,117580.67
2026-02-12,0.87165,0.87173,0.86937,0.87152,105897.37
2026-02-13,0.87153,0.87211,0.86882,0.86882,94653.97
2026-02-15,0.869,0.86986,0.86894,0.86951,4486.49
2026-02-16,0.86952,0.86995,0.86865,0.86957,44308.04
2026-02-17,0.86957,0.87488,0.86944,0.87373,85328.46
2026-02-18,0.87374,0.87384,0.87167,0.87349,75659.5
2026-02-19,0.8735,0.87515,0.87311,0.8743,89956.37
2026-02-20,0.87432,0.87485,0.8725,0.87371,108323.75
2026-02-22,0.87345,0.87491,0.8731,0.87442,6792.43
2026-02-23,0.87441,0.87493,0.87274,0.87381,103442.15
2026-02-24,0.8738,0.8743,0.87073,0.87238,70761.78
2026-02-25,0.8724,0.87315,0.87055,0.87144,76687.45
2026-02-26,0.87144,0.8758,0.87114,0.87484,86234.79
2026-02-27,0.87481,0.8789,0.87454,0.87569,99246.15
2026-03-01,0.87677,0.87785,0.8764,0.87716,11802.7
2026-03-02,0.87717,0.87873,0.87168,0.87217,168932.03
2026-03-03,0.87216,0.87393,0.86882,0.86959,196596.54
2026-03-04,0.86959,0.87124,0.86855,0.87022,146952.15
2026-03-05,0.87023,0.87117,0.86846,0.869,164715.79
2026-03-06,0.86899,0.8692,0.86575,0.8658,163356.18
2026-03-08,0.86539,0.86632,0.86511,0.86614,17189.96
2026-03-09,0.86612,0.86766,0.86436,0.86531,197898.83
2026-03-10,0.8653,0.86608,0.86417,0.86521,140302.95
2026-03-11,0.86521,0.86572,0.86196,0.86249,124230.26
2026-03-12,0.8625,0.86367,0.8617,0.86283,115990.22
2026-03-13,0.86283,0.86541,0.86197,0.863,118286.43
2026-03-15,0.86154,0.86396,0.86109,0.86322,9285.52
2026-03-16,0.86321,0.86499,0.86249,0.86368,103416.84
2026-03-17,0.86365,0.86452,0.86269,0.86374,103811.85
2026-03-18,0.86376,0.86507,0.86278,0.86417,132899.25
2026-03-19,0.86416,0.86486,0.86114,0.86231,178212.54
2026-03-20,0.86228,0.86789,0.86145,0.86702,120797.11
2026-03-22,0.86595,0.86793,0.86502,0.86702,8579.59
2026-03-23,0.86701,0.8679,0.86306,0.86458,225191.22
2026-03-24,0.86457,0.86592,0.86375,0.86566,162993.69
2026-03-25,0.86566,0.86679,0.86445,0.86512,124359.04
2026-03-26,0.86512,0.86622,0.86365,0.86493,111129.56
2026-03-27,0.86493,0.86788,0.86469,0.86751,106026.45
2026-03-29,0.86712,0.86839,0.86641,0.86805,8831.93
2026-03-30,0.86804,0.86981,0.86722,0.86971,110863.8
2026-03-31,0.86973,0.87424,0.86759,0.8739,156824.62
2026-04-01,0.87388,0.87422,0.87034,0.87123,148765.28
2026-04-02,0.87122,0.8734,0.87089,0.87233,142516.77
2026-04-03,0.87234,0.87318,0.87113,0.87113,54399.67
2026-04-05,0.87313,0.87342,0.87247,0.87285,5725.57
2026-04-06,0.87283,0.87295,0.87092,0.87203,90494.35
2026-04-07,0.87203,0.87405,0.8712,0.87198,157244.29
2026-04-08,0.87199,0.87241,0.86857,0.8705,166186.77
2026-04-09,0.8705,0.87133,0.87009,0.87055,101931.94
2026-04-10,0.87054,0.87186,0.86987,0.87073,81212.05
2026-04-12,0.87113,0.87182,0.87011,0.87162,9396.82
2026-04-13,0.87161,0.87219,0.86961,0.87055,91408.26
2026-04-14,0.87056,0.87137,0.86843,0.86912,92701.37
2026-04-15,0.86912,0.87018,0.86757,0.86985,92825.02
2026-04-16,0.86985,0.87125,0.86895,0.87097,90598.87
2026-04-17,0.87098,0.8723,0.86989,0.86989,109303.76
2026-04-19,0.86989,0.8708,0.86928,0.87063,7608.28
2026-04-20,0.87062,0.87157,0.8699,0.87088,104027.17
2026-04-21,0.87086,0.87198,0.86889,0.86929,114613.71
2026-04-22,0.86929,0.86943,0.86582,0.86707,90917.7
2026-04-23,0.86706,0.86785,0.86532,0.86757,118917.39
2026-04-24,0.86758,0.86825,0.86575,0.86583,89083.22
2026-04-26,0.86544,0.86641,0.8652,0.86618,3777.71
2026-04-27,0.86618,0.86757,0.8647,0.86592,85428.73
2026-04-28,0.86591,0.86782,0.86531,0.86643,103202.16
2026-04-29,0.86643,0.86737,0.86525,0.86623,105925.98
2026-04-30,0.86622,0.86661,0.86162,0.86228,163838.41
