date,open,high,low,close,tick_volume
2006-01-02,1.74027,1.74027,1.72971,1.73426,545.0
2006-01-03,1.73425,1.76112,1.73248,1.75349,20607.0
2006-01-04,1.75381,1.76344,1.75139,1.76043,20912.0
2006-01-05,1.76041,1.76719,1.75363,1.76229,20788.0
2006-01-06,1.76223,1.76921,1.75455,1.7557,19294.0
2006-01-07,1.7557,1.7557,1.7557,1.7557,0.0
2006-01-08,1.7557,1.75719,1.75415,1.75649,812.0
2006-01-09,1.75646,1.75813,1.73885,1.74119,20294.0
2006-01-10,1.74108,1.74557,1.73491,1.73573,20532.0
2006-01-11,1.73574,1.74188,1.73369,1.74012,20318.0
2006-01-12,1.74022,1.74124,1.72726,1.73479,20436.0
2006-01-13,1.73494,1.73814,1.72907,1.736,19687.0
2006-01-14,1.736,1.736,1.736,1.736,0.0
2006-01-15,1.736,1.73803,1.73534,1.73712,756.0
2006-01-16,1.73697,1.74202,1.73213,1.74194,18638.0
2006-01-17,1.74186,1.7578,1.74024,1.75597,20750.0
2006-01-18,1.75585,1.76797,1.75282,1.76196,20822.0
2006-01-19,1.76224,1.78666,1.75907,1.77437,20560.0
2006-01-20,1.77425,1.78929,1.76813,1.78811,19873.0
2006-01-21,1.78811,1.78811,1.78811,1.78811,0.0
2006-01-22,1.78811,1.78811,1.78811,1.78811,0.0
2006-01-23,1.79393,1.7994,1.78431,1.79755,18365.0
2006-01-24,1.79726,1.81482,1.79473,1.79583,20638.0
2006-01-25,1.79565,1.80036,1.78074,1.7817,20432.0
2006-01-26,1.78177,1.7911,1.77484,1.78355,20233.0
2006-01-27,1.78344,1.80415,1.77059,1.77127,20364.0
2006-01-28,1.77127,1.77127,1.77127,1.77127,0.0
2006-01-29,1.77127,1.77851,1.77127,1.77579,888.0
2006-01-30,1.77568,1.77713,1.76849,1.77156,20260.0
2006-01-31,1.77156,1.77809,1.76227,1.76427,20455.0
2006-02-01,1.76426,1.7682,1.75798,1.75966,20774.0
2006-02-02,1.75979,1.76353,1.74848,1.74897,20491.0
2006-02-03,1.74911,1.75401,1.74305,1.75035,19215.0
2006-02-04,1.75035,1.75035,1.75035,1.75035,0.0
2006-02-05,1.75035,1.75133,1.74604,1.74811,714.0
2006-02-06,1.74811,1.7621,1.74779,1.7542,20204.0
2006-02-07,1.75431,1.76863,1.74904,1.76665,20271.0
2006-02-08,1.7663,1.773,1.75795,1.76943,20304.0
2006-02-09,1.76945,1.774,1.75808,1.75992,20455.0
2006-02-10,1.75997,1.76405,1.75036,1.75214,20038.0
2006-02-11,1.75214,1.7525,1.75214,1.7525,0.0
2006-02-12,1.7525,1.75353,1.75134,1.75238,765.0
2006-02-13,1.75238,1.76464,1.74686,1.76388,19914.0
2006-02-14,1.76385,1.77003,1.75704,1.75911,20322.0
2006-02-15,1.75921,1.76435,1.75338,1.76039,19997.0
2006-02-16,1.76024,1.77933,1.75746,1.77205,20008.0
2006-02-17,1.77196,1.79246,1.77029,1.78985,19660.0
2006-02-18,1.78985,1.78985,1.78985,1.78985,0.0
2006-02-19,1.78985,1.78985,1.78213,1.78462,887.0
2006-02-20,1.78465,1.78832,1.77816,1.78026,17024.0
2006-02-21,1.78022,1.80266,1.77949,1.79872,19676.0
2006-02-22,1.79906,1.81278,1.79856,1.80968,20085.0
2006-02-23,1.80974,1.81005,1.79927,1.80159,20346.0
2006-02-24,1.80168,1.80282,1.78833,1.79083,19632.0
2006-02-25,1.79083,1.79083,1.79083,1.79083,0.0
2006-02-26,1.79083,1.80365,1.79083,1.79902,1021.0
2006-02-27,1.79896,1.80444,1.79109,1.79357,19997.0
2006-02-28,1.79355,1.80401,1.79081,1.79967,20106.0
2006-03-01,1.79957,1.80265,1.78798,1.79175,20184.0
2006-03-02,1.79159,1.80608,1.78686,1.8045,20137.0
2006-03-03,1.80438,1.81113,1.79884,1.81061,19233.0
2006-03-04,1.81061,1.81061,1.81061,1.81061,0.0
2006-03-05,1.81061,1.81138,1.80754,1.80937,937.0
2006-03-06,1.8097,1.83088,1.80854,1.82939,20261.0
2006-03-07,1.82995,1.83893,1.8271,1.8349,20489.0
2006-03-08,1.8349,1.83794,1.82539,1.83179,20100.0
2006-03-09,1.83183,1.84323,1.82818,1.8408,20006.0
2006-03-10,1.84105,1.86004,1.83924,1.85864,19515.0
2006-03-11,1.85864,1.85864,1.85864,1.85864,0.0
2006-03-12,1.85864,1.85864,1.84955,1.85226,901.0
2006-03-13,1.85237,1.88078,1.85102,1.87671,19479.0
2006-03-14,1.87673,1.89134,1.86539,1.87066,20357.0
2006-03-15,1.87063,1.87466,1.86144,1.86945,20333.0
2006-03-16,1.86945,1.90934,1.86809,1.9001,20294.0
2006-03-17,1.89992,1.93144,1.8991,1.92061,18654.0
2006-03-18,1.92061,1.92061,1.92061,1.92061,0.0
2006-03-19,1.92061,1.93096,1.91338,1.92497,984.0
2006-03-20,1.92468,1.9526,1.92444,1.94896,20129.0
2006-03-21,1.94877,1.95203,1.93305,1.93835,20549.0
2006-03-22,1.93833,1.95395,1.9199,1.92092,20528.0
2006-03-23,1.92136,1.94454,1.91317,1.94152,19938.0
2006-03-24,1.94129,1.96626,1.93932,1.96437,19496.0
2006-03-25,1.96437,1.965224,1.96437,1.965224,0.0
2006-03-26,1.965224,1.97751,1.965224,1.96742,906.0
2006-03-27,1.96738,1.98927,1.96642,1.97722,19603.0
2006-03-28,1.97747,2.0,1.96068,1.98444,20676.0
2006-03-29,1.98424,2.00264,1.98125,1.98149,19999.0
2006-03-30,1.98146,1.99233,1.97596,1.98275,20675.0
2006-03-31,1.98264,1.98875,1.9638,1.96441,19874.0
2006-04-01,1.96441,1.96441,1.96441,1.96441,0.0
2006-04-02,1.96441,1.96991,1.96441,1.96614,994.0
2006-04-03,1.96619,2.00807,1.95375,1.99967,20629.0
2006-04-04,1.99944,2.02125,1.99739,2.00603,20737.0
2006-04-05,2.00597,2.01029,1.992,1.99861,20708.0
2006-04-06,1.99893,2.00991,1.98336,1.99414,20688.0
2006-04-07,1.99405,1.99601,1.97481,1.9839,19350.0
2006-04-08,1.9839,1.9839,1.9839,1.9839,0.0
2006-04-09,1.9839,1.9933,1.9839,1.99159,1065.0
2006-04-10,1.99135,1.9951,1.97952,1.98856,19682.0
2006-04-11,1.98839,1.99477,1.97794,1.98323,20191.0
2006-04-12,1.98339,1.98385,1.9373,1.94031,19922.0
2006-04-13,1.93975,1.96569,1.93332,1.95665,19800.0
2006-04-14,1.95639,1.96303,1.953,1.9592,10925.0
2006-04-15,1.9592,1.9592,1.9592,1.9592,0.0
2006-04-16,1.9592,1.96295,1.95902,1.96202,730.0
2006-04-17,1.96199,1.97037,1.95421,1.95944,19064.0
2006-04-18,1.95932,1.96352,1.95041,1.95786,20677.0
2006-04-19,1.95778,1.95844,1.93912,1.95223,20528.0
2006-04-20,1.95212,1.96888,1.94334,1.96536,20093.0
2006-04-21,1.96534,1.96541,1.94129,1.94771,18870.0
2006-04-22,1.94771,1.94771,1.94771,1.94771,0.0
2006-04-23,1.94771,1.9515,1.9458,1.94791,662.0
2006-04-24,1.94791,1.97779,1.94103,1.96782,19726.0
2006-04-25,1.96784,1.99124,1.96441,1.98425,20224.0
2006-04-26,1.98408,1.9845,1.96365,1.97206,20519.0
2006-04-27,1.97198,1.98282,1.96919,1.97862,20168.0
2006-04-28,1.97862,1.9857,1.97398,1.98065,17635.0
2006-04-29,1.98065,1.98065,1.98065,1.98065,0.0
2006-04-30,1.98065,1.98344,1.97663,1.97979,999.0
2006-05-01,1.97994,1.98309,1.9671,1.98066,19700.0
2006-05-02,1.98045,1.98402,1.96483,1.97032,20229.0
2006-05-03,1.97028,1.97527,1.95876,1.9706,20465.0
2006-05-04,1.9704,1.98716,1.96639,1.98337,20457.0
2006-05-05,1.98308,1.98707,1.97531,1.98281,18870.0
2006-05-06,1.98281,1.98281,1.98281,1.98281,0.0
2006-05-07,1.98281,1.98433,1.97963,1.98322,1144.0
2006-05-08,1.98322,2.01318,1.98022,2.004,20406.0
2006-05-09,2.00395,2.03188,2.002,2.0199,20612.0
2006-05-10,2.01993,2.05143,2.01728,2.04732,20811.0
2006-05-11,2.04783,2.05149,2.01302,2.03305,20806.0
2006-05-12,2.03311,2.06584,2.02926,2.05585,19399.0
2006-05-13,2.05585,2.05585,2.05585,2.05585,0.0
2006-05-14,2.05585,2.06805,2.05464,2.06425,1228.0
2006-05-15,2.06402,2.08214,2.05478,2.06239,20901.0
2006-05-16,2.06245,2.06585,2.04612,2.04923,20384.0
2006-05-17,2.04911,2.05722,2.04114,2.04766,21168.0
2006-05-18,2.04763,2.0674,2.03963,2.06377,20546.0
2006-05-19,2.06391,2.06709,2.04845,2.0574,19709.0
2006-05-20,2.0574,2.0574,2.0574,2.0574,0.0
2006-05-21,2.0574,2.06045,2.05258,2.06029,1051.0
2006-05-22,2.06058,2.07906,2.05736,2.06504,20534.0
2006-05-23,2.06499,2.06964,2.0296,2.04936,20974.0
2006-05-24,2.04919,2.05826,2.00756,2.01257,20197.0
2006-05-25,2.01255,2.01442,1.98891,2.00018,20451.0
2006-05-26,2.00054,2.0148,1.99646,2.009,19626.0
2006-05-27,2.009,2.009,2.009,2.009,0.0
2006-05-28,2.009,2.009,2.00049,2.00711,950.0
2006-05-29,2.00722,2.01336,2.00439,2.00713,16966.0
2006-05-30,2.0072,2.01768,2.00344,2.01167,20775.0
2006-05-31,2.01127,2.02279,2.00158,2.0224,20593.0
2006-06-01,2.02254,2.04557,2.00448,2.03915,20730.0
2006-06-02,2.03863,2.05417,2.03659,2.04801,19287.0
2006-06-03,2.04801,2.04801,2.04801,2.04801,0.0
2006-06-04,2.04801,2.04935,2.04415,2.04514,1108.0
2006-06-05,2.04521,2.05423,2.03498,2.04026,19814.0
2006-06-06,2.04036,2.05091,2.01976,2.04381,20707.0
2006-06-07,2.04369,2.05081,2.02804,2.03173,20343.0
2006-06-08,2.03191,2.04077,2.01657,2.01744,20854.0
2006-06-09,2.01752,2.02083,1.98972,1.99671,18746.0
2006-06-10,1.99671,1.99671,1.99671,1.99671,0.0
2006-06-11,1.99671,1.99671,1.9916,1.9943,1014.0
2006-06-12,1.99441,2.01366,1.98914,2.0093,19982.0
2006-06-13,2.0092,2.0284,2.00723,2.01854,20671.0
2006-06-14,2.01889,2.02618,2.00619,2.02167,20623.0
2006-06-15,2.0216,2.03467,2.01968,2.0265,20010.0
2006-06-16,2.02637,2.04916,2.02258,2.04552,19249.0
2006-06-17,2.04552,2.04552,2.04552,2.04552,0.0
2006-06-18,2.04552,2.05213,2.04442,2.04458,1291.0
2006-06-19,2.04458,2.04752,2.03331,2.03957,19701.0
2006-06-20,2.03939,2.03979,2.01865,2.02807,19482.0
2006-06-21,2.02804,2.05294,2.0234,2.04901,19998.0
2006-06-22,2.04888,2.0686,2.04647,2.06155,20163.0
2006-06-23,2.0613,2.07261,2.05302,2.05732,18808.0
2006-06-24,2.05732,2.05732,2.05732,2.05732,0.0
2006-06-25,2.05732,2.05955,2.0552,2.05626,1084.0
2006-06-26,2.05625,2.08341,2.0543,2.0807,20231.0
2006-06-27,2.08039,2.09052,2.07186,2.08961,20029.0
2006-06-28,2.08967,2.11584,2.08516,2.10388,17317.0
2006-06-29,2.10292,2.11088,2.0892,2.08955,20314.0
2006-06-30,2.0896,2.10365,2.0742,2.1013,19657.0
2006-07-01,2.1013,2.1013,2.1013,2.1013,0.0
2006-07-02,2.1013,2.10221,2.09651,2.09651,802.0
2006-07-03,2.097,2.11595,2.08937,2.10488,19734.0
2006-07-04,2.10481,2.1068,2.09165,2.1,19111.0
2006-07-05,2.1,2.10696,2.09098,2.10515,19503.0
2006-07-06,2.10514,2.11374,2.10203,2.11256,19137.0
2006-07-07,2.11298,2.11435,2.09194,2.095,18496.0
2006-07-08,2.095,2.095,2.095,2.095,0.0
2006-07-09,2.095,2.09713,2.09418,2.09467,840.0
2006-07-10,2.09464,2.09563,2.07873,2.08406,19897.0
2006-07-11,2.08398,2.08475,2.06553,2.06656,19633.0
2006-07-12,2.06665,2.06913,2.05107,2.05309,20089.0
2006-07-13,2.05312,2.06309,2.04562,2.05115,20241.0
2006-07-14,2.05122,2.05626,2.03235,2.03659,19075.0
2006-07-15,2.03659,2.03659,2.03659,2.03659,0.0
2006-07-16,2.03659,2.03659,2.02888,2.03155,1002.0
2006-07-17,2.03231,2.0338,2.0099,2.01535,19260.0
2006-07-18,2.0153,2.01657,1.9913,2.00146,20593.0
2006-07-19,2.00131,2.02171,1.99934,2.01277,20536.0
2006-07-20,2.01283,2.03481,2.01215,2.02858,19998.0
2006-07-21,2.02859,2.03631,2.02634,2.03276,18252.0
2006-07-22,2.03276,2.03276,2.03276,2.03276,0.0
2006-07-23,2.03276,2.03554,2.03118,2.03453,877.0
2006-07-24,2.03441,2.03692,2.02111,2.02354,19321.0
2006-07-25,2.0235,2.02714,2.00843,2.01271,20046.0
2006-07-26,2.01274,2.04687,2.00975,2.04444,20155.0
2006-07-27,2.04447,2.05895,2.04218,2.0468,20265.0
2006-07-28,2.04718,2.06694,2.04571,2.06528,19314.0
2006-07-29,2.06528,2.06528,2.06528,2.06528,0.0
2006-07-30,2.06528,2.06612,2.06114,2.06505,861.0
2006-07-31,2.06479,2.07311,2.05448,2.06283,20230.0
2006-08-01,2.06261,2.06984,2.05715,2.06751,20289.0
2006-08-02,2.0671,2.07879,2.05103,2.05379,18071.0
2006-08-03,2.05416,2.06986,2.04622,2.06866,20349.0
2006-08-04,2.06846,2.07246,2.05521,2.05607,18703.0
2006-08-05,2.05607,2.05607,2.05607,2.05607,0.0
2006-08-06,2.05607,2.05732,2.05334,2.05582,931.0
2006-08-07,2.05588,2.06549,2.05109,2.05315,19711.0
2006-08-08,2.05313,2.05881,2.03864,2.04587,19609.0
2006-08-09,2.04574,2.04853,2.02954,2.03099,19607.0
2006-08-10,2.0304,2.03523,2.01212,2.01742,20149.0
2006-08-11,2.01717,2.01962,2.00189,2.00795,19011.0
2006-08-12,2.00795,2.00795,2.00795,2.00795,0.0
2006-08-13,2.00795,2.01209,1.99765,2.00452,1133.0
2006-08-14,2.00439,2.0225,1.99798,2.01619,19924.0
2006-08-15,2.01606,2.02404,2.01144,2.01383,19853.0
2006-08-16,2.01383,2.01448,1.99619,2.00273,19823.0
2006-08-17,2.00248,2.01121,1.9988,2.00633,20095.0
2006-08-18,2.0061,2.01048,1.99644,2.00497,18517.0
2006-08-19,2.00497,2.00497,2.00497,2.00497,0.0
2006-08-20,2.00497,2.00914,2.00195,2.00872,870.0
2006-08-21,2.0088,2.01688,2.00698,2.00877,19833.0
2006-08-22,2.00846,2.01832,2.00191,2.00736,19932.0
2006-08-23,2.00728,2.01272,1.99577,2.01171,20022.0
2006-08-24,2.01138,2.01628,2.00113,2.01214,20214.0
2006-08-25,2.01218,2.01568,2.00083,2.0028,18751.0
2006-08-26,2.0028,2.0028,2.0028,2.0028,0.0
2006-08-27,2.0028,2.00617,2.0016,2.00513,794.0
2006-08-28,2.00514,2.01051,2.0001,2.00319,18037.0
2006-08-29,2.00318,2.00501,1.98315,1.99035,20483.0
2006-08-30,1.99026,1.99175,1.96991,1.975,19774.0
2006-08-31,1.97552,1.97655,1.94825,1.95027,20481.0
2006-09-01,1.95037,1.96201,1.94822,1.95943,18926.0
2006-09-02,1.95943,1.95943,1.95943,1.95943,0.0
2006-09-03,1.95943,1.9625,1.95936,1.96205,1026.0
2006-09-04,1.9621,1.96486,1.95864,1.96304,15872.0
2006-09-05,1.96288,1.96316,1.95323,1.95622,15251.0
2006-09-06,1.95617,1.95865,1.94829,1.95645,19113.0
2006-09-07,1.95641,1.9582,1.93885,1.9428,19837.0
2006-09-08,1.94277,1.94325,1.93129,1.93423,18324.0
2006-09-09,1.93423,1.93423,1.93423,1.93423,0.0
2006-09-10,1.93423,1.9344,1.93257,1.93391,1099.0
2006-09-11,1.93384,1.94431,1.93002,1.93873,19208.0
2006-09-12,1.93859,1.94289,1.93256,1.93573,19196.0
2006-09-13,1.93571,1.94094,1.93257,1.93826,19039.0
2006-09-14,1.93821,1.94631,1.93382,1.94167,19015.0
2006-09-15,1.94174,1.94388,1.92831,1.93307,17711.0
2006-09-16,1.93307,1.93307,1.93307,1.93307,0.0
2006-09-17,1.93307,1.93307,1.92713,1.92895,1393.0
2006-09-18,1.92911,1.94002,1.92792,1.93966,18787.0
2006-09-19,1.93971,1.94231,1.93106,1.93488,18763.0
2006-09-20,1.93483,1.94235,1.93239,1.93753,17980.0
2006-09-21,1.9375,1.95344,1.93713,1.95176,19233.0
2006-09-22,1.9518,1.95849,1.95029,1.95113,17016.0
2006-09-23,1.95113,1.95113,1.95113,1.95113,0.0
2006-09-24,1.95113,1.95273,1.95108,1.9523,708.0
2006-09-25,1.95225,1.95669,1.90099,1.90304,18202.0
2006-09-26,1.9031,1.9248,1.88928,1.92431,19339.0
2006-09-27,1.92425,1.92745,1.92045,1.92694,18957.0
2006-09-28,1.92706,1.92977,1.92189,1.92592,18761.0
2006-09-29,1.92607,1.92693,1.91595,1.92117,18540.0
2006-09-30,1.92117,1.92117,1.92117,1.92117,0.0
2006-10-01,1.92117,1.92279,1.92113,1.92244,1154.0
2006-10-02,1.92251,1.93371,1.91797,1.93164,19392.0
2006-10-03,1.93157,1.93475,1.9271,1.92984,18590.0
2006-10-04,1.92984,1.93085,1.92018,1.92869,19460.0
2006-10-05,1.92851,1.92961,1.92184,1.92492,18001.0
2006-10-06,1.92493,1.92575,1.90688,1.9105,18114.0
2006-10-07,1.9105,1.9105,1.9105,1.9105,0.0
2006-10-08,1.9105,1.9105,1.90815,1.91001,928.0
2006-10-09,1.91017,1.91277,1.90806,1.90953,17054.0
2006-10-10,1.90955,1.9127,1.89608,1.8981,19020.0
2006-10-11,1.89809,1.90147,1.89344,1.89619,18275.0
2006-10-12,1.89627,1.90285,1.89484,1.90168,16186.0
2006-10-13,1.90152,1.90463,1.89071,1.89449,17196.0
2006-10-14,1.89449,1.89449,1.89449,1.89449,0.0
2006-10-15,1.89449,1.89449,1.89258,1.89291,1098.0
2006-10-16,1.89291,1.90421,1.88979,1.90246,19029.0
2006-10-17,1.90233,1.90784,1.8996,1.90371,19323.0
2006-10-18,1.9037,1.90672,1.89684,1.90406,18669.0
2006-10-19,1.90406,1.919,1.9018,1.91739,19060.0
2006-10-20,1.91728,1.91902,1.91208,1.91473,17614.0
2006-10-21,1.91473,1.91473,1.91473,1.91473,0.0
2006-10-22,1.91473,1.91594,1.9142,1.91579,1088.0
2006-10-23,1.91587,1.91631,1.90177,1.90509,18036.0
2006-10-24,1.90504,1.9055,1.88927,1.90349,16110.0
2006-10-25,1.90337,1.92322,1.89554,1.92077,20266.0
2006-10-26,1.92088,1.93738,1.91804,1.92877,20842.0
2006-10-27,1.92865,1.93315,1.91928,1.92074,19243.0
2006-10-28,1.92074,1.92074,1.92074,1.92074,0.0
2006-10-29,1.92074,1.92376,1.91917,1.92046,821.0
2006-10-30,1.92034,1.92541,1.9064,1.90884,20653.0
2006-10-31,1.90896,1.91312,1.89455,1.9003,20812.0
2006-11-01,1.90025,1.90699,1.8918,1.89423,20721.0
2006-11-02,1.89445,1.90283,1.89082,1.89377,20648.0
2006-11-03,1.89408,1.89996,1.89052,1.89687,18318.0
2006-11-04,1.89687,1.89687,1.89687,1.89687,0.0
2006-11-05,1.89687,1.89815,1.89602,1.89667,872.0
2006-11-06,1.89666,1.908,1.89527,1.90179,20202.0
2006-11-07,1.90183,1.90913,1.89823,1.9065,20987.0
2006-11-08,1.90638,1.91601,1.90344,1.91209,20809.0
2006-11-09,1.91194,1.93368,1.91058,1.92849,20987.0
2006-11-10,1.9276,1.93584,1.9241,1.92878,19772.0
2006-11-11,1.92878,1.92878,1.92878,1.92878,0.0
2006-11-12,1.92878,1.93158,1.92708,1.93128,967.0
2006-11-13,1.9309,1.94314,1.92839,1.94135,20634.0
2006-11-14,1.94116,1.94552,1.92876,1.93147,20618.0
2006-11-15,1.93126,1.94532,1.92968,1.94465,20446.0
2006-11-16,1.94446,1.9465,1.92079,1.92432,20689.0
2006-11-17,1.92419,1.93447,1.91949,1.92928,19753.0
2006-11-18,1.92928,1.92928,1.92928,1.92928,0.0
2006-11-19,1.92928,1.92953,1.92313,1.92415,911.0
2006-11-20,1.92407,1.9305,1.90975,1.91531,19982.0
2006-11-21,1.9149,1.9195,1.90878,1.91646,20325.0
2006-11-22,1.91634,1.9302,1.9149,1.92778,21072.0
2006-11-23,1.92783,1.93858,1.92376,1.93495,19571.0
2006-11-24,1.93489,1.95438,1.92808,1.94685,19905.0
2006-11-25,1.94685,1.94685,1.94685,1.94685,0.0
2006-11-26,1.94685,1.95565,1.94664,1.95474,917.0
2006-11-27,1.9548,1.96371,1.94849,1.96256,21220.0
2006-11-28,1.96267,1.96278,1.93264,1.94342,21431.0
2006-11-29,1.94334,1.94543,1.93355,1.93808,19306.0
2006-11-30,1.93809,1.94116,1.92772,1.93763,21114.0
2006-12-01,1.93773,1.94707,1.93148,1.93655,20231.0
2006-12-02,1.93655,1.93655,1.93655,1.93655,0.0
2006-12-03,1.93655,1.94264,1.93655,1.94205,1058.0
2006-12-04,1.94223,1.94258,1.92809,1.93329,21488.0
2006-12-05,1.93327,1.94487,1.929,1.93852,21391.0
2006-12-06,1.93874,1.94846,1.93216,1.93676,21551.0
2006-12-07,1.93681,1.94021,1.91894,1.92985,21350.0
2006-12-08,1.92995,1.93296,1.91283,1.91988,20391.0
2006-12-09,1.91988,1.91988,1.91988,1.91988,0.0
2006-12-10,1.91988,1.92506,1.91981,1.92297,864.0
2006-12-11,1.92292,1.92693,1.91472,1.92324,21518.0
2006-12-12,1.92315,1.92362,1.91296,1.9195,21491.0
2006-12-13,1.91893,1.92222,1.90267,1.90511,21415.0
2006-12-14,1.90501,1.92139,1.90141,1.9094,21419.0
2006-12-15,1.90925,1.91336,1.8909,1.89421,20559.0
2006-12-16,1.89421,1.89421,1.89421,1.89421,0.0
2006-12-17,1.89421,1.89972,1.89421,1.89729,955.0
2006-12-18,1.89737,1.89901,1.89206,1.89439,21149.0
2006-12-19,1.89458,1.9011,1.88909,1.89367,21408.0
2006-12-20,1.89345,1.89979,1.88508,1.89447,21535.0
2006-12-21,1.89462,1.90181,1.88895,1.88946,21414.0
2006-12-22,1.8889,1.89227,1.86985,1.87306,20278.0
2006-12-23,1.87306,1.87306,1.87306,1.87306,0.0
2006-12-24,1.87306,1.873412,1.87306,1.873412,0.0
2006-12-25,1.873412,1.873412,1.873412,1.873412,0.0
2006-12-26,1.873412,1.87666,1.86593,1.87147,16558.0
2006-12-27,1.87142,1.87727,1.86543,1.87186,21075.0
2006-12-28,1.87208,1.87377,1.86026,1.86309,21312.0
2006-12-29,1.86284,1.87417,1.8594,1.86974,20099.0
2006-12-30,1.86974,1.86974,1.86974,1.86974,0.0
2006-12-31,1.86974,1.869987,1.86974,1.869987,0.0
2007-01-01,1.869987,1.869987,1.869987,1.869987,0.0
2007-01-02,1.869987,1.8793,1.86871,1.87809,17491.0
2007-01-03,1.87809,1.87867,1.85591,1.86429,21376.0
2007-01-04,1.86408,1.88315,1.86197,1.88113,21331.0
2007-01-05,1.88111,1.8949,1.8782,1.89126,20563.0
2007-01-06,1.89126,1.89126,1.89126,1.89126,0.0
2007-01-07,1.89126,1.89339,1.88823,1.89339,943.0
2007-01-08,1.89353,1.90033,1.88353,1.88493,21362.0
2007-01-09,1.88494,1.8861,1.87508,1.87673,21457.0
2007-01-10,1.87688,1.88749,1.8719,1.88115,21358.0
2007-01-11,1.88122,1.88452,1.85955,1.87147,21522.0
2007-01-12,1.8713,1.87213,1.86286,1.86993,20435.0
2007-01-13,1.86993,1.86993,1.86993,1.86993,0.0
2007-01-14,1.86993,1.86993,1.86403,1.86655,791.0
2007-01-15,1.86644,1.86802,1.85488,1.85648,20856.0
2007-01-16,1.85646,1.87328,1.85401,1.8715,21403.0
2007-01-17,1.87163,1.87392,1.86378,1.86771,21377.0
2007-01-18,1.86765,1.87063,1.85875,1.86367,21350.0
2007-01-19,1.86371,1.87166,1.85838,1.86145,20392.0
2007-01-20,1.86145,1.86145,1.86145,1.86145,0.0
2007-01-21,1.86145,1.86557,1.8609,1.86509,695.0
2007-01-22,1.8653,1.86614,1.84891,1.85142,21250.0
2007-01-23,1.85123,1.85857,1.84603,1.85791,21503.0
2007-01-24,1.85795,1.86945,1.8458,1.85082,21530.0
2007-01-25,1.85141,1.85914,1.8435,1.85603,21565.0
2007-01-26,1.85631,1.86176,1.85042,1.85362,20429.0
2007-01-27,1.85362,1.85362,1.85362,1.85362,0.0
2007-01-28,1.85362,1.8581,1.85362,1.85719,859.0
2007-01-29,1.85711,1.86477,1.85162,1.86083,21313.0
2007-01-30,1.86106,1.88691,1.85374,1.88502,21373.0
2007-01-31,1.88511,1.89885,1.88001,1.88779,21535.0
2007-02-01,1.88789,1.91432,1.8863,1.90595,21598.0
2007-02-02,1.90603,1.91999,1.90012,1.90074,20213.0
2007-02-03,1.90074,1.90074,1.90074,1.90074,0.0
2007-02-04,1.90074,1.90074,1.89096,1.89464,976.0
2007-02-05,1.89468,1.89865,1.88606,1.88828,20697.0
2007-02-06,1.88827,1.91022,1.88618,1.90684,20704.0
2007-02-07,1.90646,1.91363,1.88923,1.89214,20527.0
2007-02-08,1.89192,1.90804,1.88754,1.90299,20714.0
2007-02-09,1.9034,1.91059,1.89847,1.90384,18939.0
2007-02-10,1.90384,1.90384,1.90384,1.90384,0.0
2007-02-11,1.90384,1.905069,1.90384,1.905069,0.0
2007-02-12,1.905069,1.905069,1.88807,1.89546,15207.0
2007-02-13,1.89542,1.89771,1.88666,1.8891,20464.0
2007-02-14,1.88874,1.89711,1.88484,1.89548,20726.0
2007-02-15,1.89518,1.8968,1.88428,1.89393,21099.0
2007-02-16,1.89425,1.8945,1.87959,1.88187,19680.0
2007-02-17,1.88187,1.88187,1.88187,1.88187,0.0
2007-02-18,1.88187,1.88187,1.87465,1.8765,948.0
2007-02-19,1.8766,1.87803,1.86983,1.87677,19518.0
2007-02-20,1.8768,1.88268,1.87082,1.87289,20316.0
2007-02-21,1.87268,1.8784,1.85615,1.85972,20583.0
2007-02-22,1.85993,1.86281,1.85318,1.86249,20617.0
2007-02-23,1.86243,1.86624,1.85528,1.86264,19622.0
2007-02-24,1.86264,1.86264,1.86264,1.86264,0.0
2007-02-25,1.86264,1.86264,1.85834,1.85936,995.0
2007-02-26,1.85933,1.86149,1.84925,1.85627,20407.0
2007-02-27,1.8564,1.89714,1.85369,1.89644,21392.0
2007-02-28,1.89632,1.89652,1.88004,1.88615,21440.0
2007-03-01,1.88596,1.90944,1.88106,1.8976,21299.0
2007-03-02,1.89737,1.92065,1.89548,1.91561,20303.0
2007-03-03,1.91561,1.91561,1.91561,1.91561,0.0
2007-03-04,1.91561,1.92368,1.91539,1.92351,1057.0
2007-03-05,1.92383,1.94583,1.92111,1.94236,21578.0
2007-03-06,1.94227,1.94227,1.91702,1.91783,21519.0
2007-03-07,1.91788,1.94799,1.91163,1.94311,21338.0
2007-03-08,1.94319,1.94449,1.90919,1.90953,21374.0
2007-03-09,1.9093,1.91225,1.89522,1.89775,19738.0
2007-03-10,1.89775,1.89775,1.89775,1.89775,0.0
2007-03-11,1.89775,1.89775,1.88795,1.89015,990.0
2007-03-12,1.89014,1.90795,1.88638,1.89326,20907.0
2007-03-13,1.89353,1.92875,1.88936,1.92409,21675.0
2007-03-14,1.92378,1.9286,1.90194,1.90604,21836.0
2007-03-15,1.90631,1.91142,1.89809,1.90743,21807.0
2007-03-16,1.90747,1.91802,1.88847,1.90815,20489.0
2007-03-17,1.90815,1.90815,1.90815,1.90815,0.0
2007-03-18,1.90815,1.91679,1.9076,1.90979,2949.0
2007-03-19,1.90973,1.9111,1.88695,1.89124,21774.0
2007-03-20,1.89104,1.89731,1.88222,1.88357,21777.0
2007-03-21,1.88342,1.89011,1.87934,1.88635,21803.0
2007-03-22,1.88597,1.8899,1.86714,1.87324,21760.0
2007-03-23,1.87293,1.87597,1.86179,1.8679,20402.0
2007-03-24,1.8679,1.8679,1.8679,1.8679,0.0
2007-03-25,1.8679,1.87369,1.8633,1.86663,2463.0
2007-03-26,1.86659,1.86973,1.85389,1.8599,21764.0
2007-03-27,1.85994,1.87237,1.8511,1.86143,21681.0
2007-03-28,1.86145,1.88409,1.85958,1.86992,21776.0
2007-03-29,1.87004,1.87629,1.86038,1.86628,21726.0
2007-03-30,1.86609,1.87136,1.85873,1.8651,20611.0
2007-03-31,1.8651,1.8651,1.8651,1.8651,0.0
2007-04-01,1.8651,1.87359,1.85778,1.86746,2023.0
2007-04-02,1.86714,1.86803,1.84465,1.84974,21762.0
2007-04-03,1.84969,1.85804,1.84715,1.85705,21763.0
2007-04-04,1.85648,1.86097,1.85002,1.85361,21744.0
2007-04-05,1.85381,1.85765,1.84542,1.85648,21560.0
2007-04-06,1.85645,1.85704,1.84985,1.85568,19903.0
2007-04-07,1.85568,1.85568,1.85568,1.85568,0.0
2007-04-08,1.85568,1.85665,1.85012,1.85319,2090.0
2007-04-09,1.85358,1.85601,1.8449,1.85148,21620.0
2007-04-10,1.85139,1.85304,1.83657,1.84201,21838.0
2007-04-11,1.842,1.84725,1.83891,1.84556,21766.0
2007-04-12,1.84564,1.85431,1.83245,1.83555,21909.0
2007-04-13,1.83547,1.83988,1.82968,1.83287,20631.0
2007-04-14,1.83287,1.83287,1.83287,1.83287,0.0
2007-04-15,1.83287,1.8373,1.82889,1.8315,2190.0
2007-04-16,1.8315,1.83508,1.82676,1.82966,21815.0
2007-04-17,1.82945,1.83378,1.81469,1.81808,21882.0
2007-04-18,1.81783,1.83609,1.81216,1.82232,21907.0
2007-04-19,1.82215,1.84157,1.82215,1.82967,21868.0
2007-04-20,1.82979,1.83178,1.81392,1.81548,20747.0
2007-04-21,1.81548,1.81548,1.81548,1.81548,0.0
2007-04-22,1.81548,1.82155,1.81495,1.81999,1983.0
2007-04-23,1.81985,1.82829,1.81695,1.82175,21777.0
2007-04-24,1.82173,1.8361,1.81994,1.83166,21882.0
2007-04-25,1.83165,1.83596,1.82197,1.8321,21895.0
2007-04-26,1.83201,1.84444,1.82289,1.83811,21913.0
2007-04-27,1.83834,1.84795,1.83285,1.83703,20665.0
2007-04-28,1.83703,1.83703,1.83703,1.83703,0.0
2007-04-29,1.83703,1.84662,1.83482,1.84479,2758.0
2007-04-30,1.84486,1.84669,1.83521,1.84185,21755.0
2007-05-01,1.84189,1.84471,1.83122,1.83829,21886.0
2007-05-02,1.83823,1.84276,1.82173,1.84238,21785.0
2007-05-03,1.84218,1.846,1.81523,1.83996,21866.0
2007-05-04,1.83975,1.84913,1.8376,1.84402,20508.0
2007-05-05,1.84402,1.84402,1.84402,1.84402,0.0
2007-05-06,1.84402,1.84946,1.84337,1.84912,2430.0
2007-05-07,1.8488,1.84955,1.83982,1.84459,21870.0
2007-05-08,1.8446,1.84507,1.82633,1.84157,21918.0
2007-05-09,1.84166,1.8459,1.83553,1.84519,21972.0
2007-05-10,1.84532,1.85619,1.81038,1.85212,21979.0
2007-05-11,1.85225,1.85466,1.83815,1.83878,20853.0
2007-05-12,1.83878,1.83878,1.83878,1.83878,0.0
2007-05-13,1.83878,1.8458,1.83242,1.83584,1996.0
2007-05-14,1.8361,1.83883,1.83056,1.8362,21901.0
2007-05-15,1.83653,1.8426,1.83284,1.84199,21814.0
2007-05-16,1.84178,1.84944,1.83771,1.84266,21896.0
2007-05-17,1.84256,1.85069,1.84131,1.85004,21856.0
2007-05-18,1.8501,1.85332,1.84434,1.84578,20712.0
2007-05-19,1.84578,1.8477,1.84578,1.84746,8.0
2007-05-20,1.84746,1.85063,1.83425,1.84954,2185.0
2007-05-21,1.84953,1.8517,1.84138,1.84391,21890.0
2007-05-22,1.84422,1.85179,1.84245,1.85114,21909.0
2007-05-23,1.85154,1.8529,1.84205,1.84568,21944.0
2007-05-24,1.84568,1.85324,1.84197,1.85221,22008.0
2007-05-25,1.85219,1.8557,1.8449,1.84963,20378.0
2007-05-26,1.84963,1.84963,1.84963,1.84963,0.0
2007-05-27,1.84963,1.8532,1.84912,1.85175,2358.0
2007-05-28,1.85186,1.8533,1.84689,1.85078,21157.0
2007-05-29,1.85076,1.85382,1.84342,1.84837,21999.0
2007-05-30,1.8483,1.84869,1.83506,1.83999,21957.0
2007-05-31,1.84021,1.8421,1.8218,1.8233,21912.0
2007-06-01,1.82325,1.82416,1.8013,1.80133,20477.0
2007-06-02,1.80133,1.80133,1.80133,1.80133,0.0
2007-06-03,1.80133,1.8062,1.80018,1.80559,2547.0
2007-06-04,1.80579,1.80988,1.80089,1.80569,21880.0
2007-06-05,1.80571,1.80743,1.79085,1.79964,21930.0
2007-06-06,1.79944,1.80448,1.7834,1.79164,22034.0
2007-06-07,1.79219,1.79397,1.77694,1.77956,22090.0
2007-06-08,1.77955,1.78514,1.74782,1.74838,20887.0
2007-06-09,1.74838,1.74838,1.74838,1.74838,0.0
2007-06-10,1.74838,1.75488,1.74838,1.75235,1995.0
2007-06-11,1.75258,1.78609,1.74874,1.77592,21983.0
2007-06-12,1.77593,1.77974,1.76761,1.77601,21992.0
2007-06-13,1.77594,1.77932,1.76788,1.77671,22075.0
2007-06-14,1.77671,1.77692,1.76649,1.77026,21943.0
2007-06-15,1.77042,1.77562,1.76711,1.77068,20870.0
2007-06-16,1.77068,1.77068,1.77068,1.77068,0.0
2007-06-17,1.77068,1.78254,1.77027,1.77636,2243.0
2007-06-18,1.77641,1.77989,1.7686,1.77731,21953.0
2007-06-19,1.77709,1.77888,1.76547,1.76835,21916.0
2007-06-20,1.7689,1.7705,1.75683,1.76217,22071.0
2007-06-21,1.76206,1.76212,1.74813,1.75341,21927.0
2007-06-22,1.75324,1.76839,1.74904,1.75823,20621.0
2007-06-23,1.75823,1.75823,1.75823,1.75823,0.0
2007-06-24,1.75823,1.7652,1.75458,1.75565,2580.0
2007-06-25,1.75581,1.7628,1.75185,1.7594,21882.0
2007-06-26,1.75924,1.76099,1.74808,1.75687,22155.0
2007-06-27,1.75715,1.77423,1.7534,1.76097,22194.0
2007-06-28,1.76082,1.7632,1.74314,1.74786,22165.0
2007-06-29,1.74771,1.7585,1.73987,1.75398,21021.0
2007-06-30,1.75398,1.75398,1.75398,1.75398,0.0
2007-07-01,1.75398,1.7553,1.74662,1.75084,2177.0
2007-07-02,1.7508,1.7508,1.73877,1.74398,22107.0
2007-07-03,1.74399,1.74468,1.73337,1.74149,22075.0
2007-07-04,1.74142,1.74295,1.73697,1.74179,21778.0
2007-07-05,1.74168,1.74188,1.73007,1.7367,21978.0
2007-07-06,1.73712,1.74539,1.72966,1.74038,20881.0
2007-07-07,1.74038,1.74038,1.74038,1.74038,0.0
2007-07-08,1.74038,1.74468,1.73861,1.74156,2125.0
2007-07-09,1.7416,1.74994,1.73811,1.74687,22135.0
2007-07-10,1.74709,1.78294,1.74566,1.76796,22172.0
2007-07-11,1.76805,1.777,1.7521,1.7576,22168.0
2007-07-12,1.75747,1.76522,1.74762,1.74951,22160.0
2007-07-13,1.74955,1.7619,1.74842,1.75228,20952.0
2007-07-14,1.75228,1.75228,1.75228,1.75228,0.0
2007-07-15,1.75228,1.7537,1.7437,1.74808,2194.0
2007-07-16,1.74807,1.75139,1.73343,1.73686,22124.0
2007-07-17,1.737,1.74725,1.73587,1.74487,22229.0
2007-07-18,1.7449,1.7469,1.73636,1.74029,22227.0
2007-07-19,1.74034,1.74499,1.7366,1.73808,22200.0
2007-07-20,1.73808,1.73992,1.72994,1.7324,20739.0
2007-07-21,1.7324,1.7324,1.7324,1.7324,0.0
2007-07-22,1.7324,1.73982,1.72198,1.73205,3325.0
2007-07-23,1.73208,1.73591,1.70937,1.71236,22251.0
2007-07-24,1.71208,1.72023,1.70421,1.71745,22279.0
2007-07-25,1.717,1.72376,1.7023,1.71144,22259.0
2007-07-26,1.71144,1.76468,1.70902,1.75401,22261.0
2007-07-27,1.75386,1.78576,1.74491,1.77788,21055.0
2007-07-28,1.77788,1.77788,1.77788,1.77788,0.0
2007-07-29,1.77788,1.79877,1.77647,1.78664,2201.0
2007-07-30,1.7875,1.80835,1.7741,1.77608,22257.0
2007-07-31,1.77619,1.79923,1.77205,1.79247,22256.0
2007-08-01,1.79238,1.81023,1.78004,1.78697,22269.0
2007-08-02,1.78671,1.79502,1.77546,1.78415,22243.0
2007-08-03,1.78414,1.81224,1.78254,1.81073,20871.0
2007-08-04,1.81073,1.81073,1.81073,1.81073,0.0
2007-08-05,1.81073,1.82823,1.80688,1.82017,3485.0
2007-08-06,1.82012,1.82369,1.79843,1.80437,22228.0
2007-08-07,1.80393,1.81982,1.79976,1.80025,22203.0
2007-08-08,1.80052,1.80913,1.79086,1.79356,22210.0
2007-08-09,1.79342,1.82633,1.79067,1.82359,22179.0
2007-08-10,1.82352,1.84453,1.82075,1.83355,20865.0
2007-08-11,1.83355,1.83355,1.83355,1.83355,0.0
2007-08-12,1.83355,1.84008,1.8241,1.83814,3164.0
2007-08-13,1.83819,1.85457,1.83327,1.85292,22230.0
2007-08-14,1.85287,1.86492,1.85153,1.86397,22267.0
2007-08-15,1.86395,1.90846,1.86307,1.90755,22283.0
2007-08-16,1.90733,1.99283,1.90608,1.94429,22285.0
2007-08-17,1.94662,2.01502,1.92954,1.93188,21045.0
2007-08-18,1.93188,1.93188,1.93188,1.93188,0.0
2007-08-19,1.93188,1.94549,1.92695,1.94449,2107.0
2007-08-20,1.94435,1.97504,1.91956,1.92847,22234.0
2007-08-21,1.92833,1.94429,1.92259,1.9356,22208.0
2007-08-22,1.93569,1.95116,1.90695,1.90848,22262.0
2007-08-23,1.90889,1.91284,1.88907,1.89667,22263.0
2007-08-24,1.89643,1.91155,1.89012,1.89423,20814.0
2007-08-25,1.89423,1.89423,1.89423,1.89423,0.0
2007-08-26,1.89423,1.8956,1.87991,1.88119,2539.0
2007-08-27,1.88144,1.90972,1.87918,1.90916,22206.0
2007-08-28,1.9091,1.96571,1.90786,1.96186,22259.0
2007-08-29,1.96092,1.97277,1.9234,1.9406,22270.0
2007-08-30,1.94065,1.95303,1.92926,1.94267,22240.0
2007-08-31,1.94276,1.9503,1.92305,1.93543,20801.0
2007-09-01,1.93543,1.93543,1.93543,1.93543,0.0
2007-09-02,1.93543,1.9484,1.93543,1.93885,3175.0
2007-09-03,1.93873,1.9425,1.93115,1.94219,22199.0
2007-09-04,1.94246,1.9594,1.93092,1.95242,22268.0
2007-09-05,1.95214,1.99484,1.9515,1.99146,22280.0
2007-09-06,1.9915,1.99198,1.96763,1.98006,22241.0
2007-09-07,1.97947,2.00432,1.97329,1.99047,21047.0
2007-09-08,1.99047,1.99047,1.99047,1.99047,0.0
2007-09-09,1.99047,2.00971,1.99015,2.00642,2451.0
2007-09-10,2.00649,2.01742,1.97441,1.98478,22290.0
2007-09-11,1.98488,1.98997,1.95565,1.95743,22206.0
2007-09-12,1.95715,1.96527,1.94191,1.95734,22295.0
2007-09-13,1.95739,1.96035,1.93243,1.9538,22259.0
2007-09-14,1.9531,1.95324,1.93768,1.94468,21030.0
2007-09-15,1.94468,1.94468,1.94468,1.94468,0.0
2007-09-16,1.94468,1.94556,1.93945,1.94523,2354.0
2007-09-17,1.94527,1.96944,1.93926,1.96154,22216.0
2007-09-18,1.96146,1.9777,1.91964,1.93037,22356.0
2007-09-19,1.93035,1.93082,1.89339,1.89586,22301.0
2007-09-20,1.89592,1.91182,1.88403,1.89064,22337.0
2007-09-21,1.89058,1.90169,1.8845,1.89593,20847.0
2007-09-22,1.89593,1.89593,1.89593,1.89593,0.0
2007-09-23,1.89593,1.8974,1.8896,1.89475,2919.0
2007-09-24,1.89474,1.89914,1.87955,1.88952,22333.0
2007-09-25,1.88958,1.9275,1.88958,1.90306,22356.0
2007-09-26,1.90318,1.90678,1.89268,1.89714,22286.0
2007-09-27,1.89711,1.89764,1.87541,1.87741,22319.0
2007-09-28,1.87785,1.88712,1.86739,1.88247,21138.0
2007-09-29,1.88247,1.88247,1.88247,1.88247,0.0
2007-09-30,1.88247,1.88306,1.87456,1.87534,2317.0
2007-10-01,1.8751,1.87668,1.85334,1.85965,22327.0
2007-10-02,1.85951,1.87795,1.85614,1.86639,22323.0
2007-10-03,1.86641,1.87497,1.85589,1.86832,22319.0
2007-10-04,1.86828,1.87934,1.865,1.87008,22303.0
2007-10-05,1.8699,1.8709,1.8522,1.85608,21118.0
2007-10-06,1.85608,1.85608,1.85608,1.85608,0.0
2007-10-07,1.85608,1.8582,1.84729,1.84976,2437.0
2007-10-08,1.84956,1.85031,1.83649,1.84068,22314.0
2007-10-09,1.84065,1.84985,1.83572,1.84674,22402.0
2007-10-10,1.84667,1.85883,1.84393,1.8529,22397.0
2007-10-11,1.8531,1.85431,1.83498,1.83776,22392.0
2007-10-12,1.83799,1.84712,1.8232,1.82363,20954.0
2007-10-13,1.82363,1.82363,1.82363,1.82363,0.0
2007-10-14,1.82363,1.83381,1.82007,1.83068,3408.0
2007-10-15,1.8304,1.86926,1.82693,1.86139,22427.0
2007-10-16,1.86123,1.91409,1.85842,1.88973,22432.0
2007-10-17,1.88964,1.91039,1.8824,1.89401,22434.0
2007-10-18,1.89419,1.91223,1.88639,1.8973,22424.0
2007-10-19,1.89715,1.91752,1.88829,1.91063,20979.0
2007-10-20,1.91063,1.91063,1.91063,1.91063,0.0
2007-10-21,1.91063,1.94096,1.90312,1.93523,3733.0
2007-10-22,1.93522,1.93917,1.88966,1.89431,22426.0
2007-10-23,1.89427,1.8976,1.87893,1.88533,22412.0
2007-10-24,1.88528,1.90025,1.87655,1.89023,22418.0
2007-10-25,1.88992,1.89535,1.87561,1.87955,22422.0
2007-10-26,1.8796,1.88326,1.87125,1.87838,21207.0
2007-10-27,1.87838,1.87838,1.87838,1.87838,0.0
2007-10-28,1.87838,1.8897,1.86933,1.87138,2531.0
2007-10-29,1.87146,1.87941,1.8638,1.87008,22422.0
2007-10-30,1.87036,1.89127,1.8674,1.88421,22416.0
2007-10-31,1.88405,1.88898,1.86985,1.87303,22413.0
2007-11-01,1.87296,1.90451,1.86756,1.89907,22400.0
2007-11-02,1.89918,1.90659,1.8855,1.88953,21074.0
2007-11-03,1.88953,1.88953,1.88953,1.88953,0.0
2007-11-04,1.88953,1.9008,1.88953,1.89919,3122.0
2007-11-05,1.89909,1.90178,1.8735,1.87714,22412.0
2007-11-06,1.87735,1.87965,1.85897,1.86015,22397.0
2007-11-07,1.86034,1.90565,1.85495,1.90024,22416.0
2007-11-08,1.90009,1.91113,1.8795,1.88881,22421.0
2007-11-09,1.88904,1.92346,1.88204,1.91795,21506.0
2007-11-10,1.91795,1.91795,1.91795,1.91795,0.0
2007-11-11,1.91795,1.9397,1.91702,1.9259,3617.0
2007-11-12,1.92609,1.95445,1.92153,1.94226,22411.0
2007-11-13,1.94255,1.94505,1.91288,1.91779,22401.0
2007-11-14,1.91812,1.93189,1.91033,1.92408,22395.0
2007-11-15,1.92351,1.93964,1.91634,1.93208,22395.0
2007-11-16,1.93205,1.94226,1.92023,1.93195,21611.0
2007-11-17,1.93195,1.93195,1.93195,1.93195,0.0
2007-11-18,1.93195,1.93846,1.92784,1.93132,2316.0
2007-11-19,1.93129,1.9536,1.92304,1.9485,22386.0
2007-11-20,1.94875,1.95262,1.9303,1.94311,22398.0
2007-11-21,1.94292,1.98327,1.94062,1.97451,22394.0
2007-11-22,1.97709,1.98112,1.95935,1.97224,22373.0
2007-11-23,1.97215,1.98616,1.95147,1.95367,21375.0
2007-11-24,1.95367,1.95367,1.95367,1.95367,0.0
2007-11-25,1.95367,1.95443,1.9416,1.94744,2499.0
2007-11-26,1.94767,1.98608,1.9434,1.97511,22376.0
2007-11-27,1.97519,1.97689,1.94606,1.95244,22388.0
2007-11-28,1.95075,1.95352,1.90832,1.9249,22393.0
2007-11-29,1.92452,1.92831,1.90495,1.91324,22377.0
2007-11-30,1.91317,1.92882,1.90394,1.9125,21678.0
2007-12-01,1.9125,1.9125,1.9125,1.9125,0.0
2007-12-02,1.9125,1.92045,1.9125,1.91723,1929.0
2007-12-03,1.91711,1.92479,1.90807,1.91708,22358.0
2007-12-04,1.91738,1.94004,1.91558,1.93651,22348.0
2007-12-05,1.93661,1.94541,1.88893,1.89113,22349.0
2007-12-06,1.89103,1.89978,1.87892,1.8841,22354.0
2007-12-07,1.88409,1.8888,1.87221,1.88718,21380.0
2007-12-08,1.88718,1.88718,1.88718,1.88718,0.0
2007-12-09,1.88718,1.89527,1.88563,1.88984,2490.0
2007-12-10,1.88969,1.89567,1.87682,1.88033,22309.0
2007-12-11,1.88059,1.898,1.86872,1.88498,22348.0
2007-12-12,1.88457,1.88712,1.85095,1.86935,22332.0
2007-12-13,1.86967,1.87965,1.86217,1.87075,22329.0
2007-12-14,1.87079,1.8872,1.85959,1.8867,21625.0
2007-12-15,1.8867,1.8867,1.8867,1.8867,0.0
2007-12-16,1.8867,1.8867,1.86975,1.8754,1939.0
2007-12-17,1.87564,1.9143,1.8747,1.9133,22267.0
2007-12-18,1.91357,1.91614,1.89814,1.90756,22232.0
2007-12-19,1.90719,1.91199,1.89586,1.90498,22213.0
2007-12-20,1.90545,1.90681,1.87445,1.88213,22210.0
2007-12-21,1.88192,1.88576,1.87148,1.8804,21362.0
2007-12-22,1.8804,1.8804,1.8804,1.8804,0.0
2007-12-23,1.8804,1.8824,1.87574,1.87982,2266.0
2007-12-24,1.87999,1.88593,1.87455,1.87675,21324.0
2007-12-25,1.87596,1.88358,1.87432,1.87995,14338.0
2007-12-26,1.8801,1.89144,1.87733,1.88601,21891.0
2007-12-27,1.88624,1.9008,1.87868,1.89128,22238.0
2007-12-28,1.89117,1.90543,1.88824,1.8991,21221.0
2007-12-29,1.8991,1.8991,1.8991,1.8991,0.0
2007-12-30,1.8991,1.9018,1.8947,1.89875,2423.0
2007-12-31,1.8987,1.90784,1.89028,1.90348,21858.0
2008-01-01,1.90355,1.9125,1.89811,1.9018,12204.0
2008-01-02,1.90131,1.91068,1.89128,1.89742,22424.0
2008-01-03,1.89762,1.91612,1.88841,1.90715,22425.0
2008-01-04,1.90687,1.92774,1.89807,1.92295,21548.0
2008-01-05,1.92295,1.92295,1.92295,1.92295,0.0
2008-01-06,1.92295,1.9271,1.91814,1.91987,1965.0
2008-01-07,1.91984,1.93008,1.90689,1.9107,22436.0
2008-01-08,1.91056,1.91512,1.90061,1.91246,22427.0
2008-01-09,1.91246,1.91691,1.89127,1.89392,22431.0
2008-01-10,1.89387,1.89929,1.87693,1.88245,22448.0
2008-01-11,1.88249,1.89276,1.8768,1.88677,21577.0
2008-01-12,1.88677,1.88677,1.88677,1.88677,0.0
2008-01-13,1.88677,1.89503,1.88598,1.88785,2035.0
2008-01-14,1.88775,1.8906,1.87771,1.88411,22429.0
2008-01-15,1.88418,1.91255,1.87325,1.90137,22447.0
2008-01-16,1.90129,1.93176,1.8937,1.90692,22455.0
2008-01-17,1.90692,1.91912,1.88707,1.91734,22446.0
2008-01-18,1.91782,1.93154,1.9067,1.9203,21411.0
2008-01-19,1.9203,1.9203,1.9203,1.9203,0.0
2008-01-20,1.9203,1.92854,1.91562,1.91659,3214.0
2008-01-21,1.91657,1.94706,1.91063,1.94601,22449.0
2008-01-22,1.94534,1.94656,1.90411,1.911,22448.0
2008-01-23,1.91114,1.92699,1.90259,1.915,22438.0
2008-01-24,1.91488,1.91761,1.89944,1.90623,22438.0
2008-01-25,1.90652,1.91836,1.89855,1.908,21527.0
2008-01-26,1.908,1.908,1.908,1.908,0.0
2008-01-27,1.908,1.91317,1.90392,1.90695,2941.0
2008-01-28,1.90695,1.91311,1.8975,1.89974,22435.0
2008-01-29,1.8998,1.90423,1.89203,1.89818,22417.0
2008-01-30,1.89819,1.91124,1.88058,1.90635,22405.0
2008-01-31,1.90655,1.90666,1.88016,1.88753,22424.0
2008-02-01,1.88811,1.88934,1.85752,1.8605,21626.0
2008-02-02,1.8605,1.8605,1.8605,1.8605,0.0
2008-02-03,1.8605,1.87033,1.85745,1.86841,2256.0
2008-02-04,1.86881,1.8735,1.85793,1.86921,22423.0
2008-02-05,1.86929,1.87985,1.85468,1.87086,22413.0
2008-02-06,1.87079,1.87578,1.85274,1.86125,22411.0
2008-02-07,1.8617,1.86591,1.82704,1.83995,22433.0
2008-02-08,1.84005,1.84651,1.8311,1.83757,21560.0
2008-02-09,1.83757,1.83757,1.83757,1.83757,0.0
2008-02-10,1.83757,1.84509,1.83725,1.84171,2313.0
2008-02-11,1.84195,1.84819,1.83391,1.84037,22394.0
2008-02-12,1.8405,1.84831,1.82935,1.84705,22372.0
2008-02-13,1.84693,1.86333,1.84126,1.85398,22358.0
2008-02-14,1.85386,1.86396,1.8433,1.86014,22391.0
2008-02-15,1.86065,1.86565,1.85312,1.8544,21424.0
2008-02-16,1.8544,1.8544,1.8544,1.8544,0.0
2008-02-17,1.8544,1.85991,1.85367,1.85395,3295.0
2008-02-18,1.85423,1.85629,1.83669,1.83859,22169.0
2008-02-19,1.83822,1.84803,1.83379,1.84309,22389.0
2008-02-20,1.84304,1.85353,1.83927,1.84236,22382.0
2008-02-21,1.84242,1.85427,1.83752,1.84949,22404.0
2008-02-22,1.84912,1.84957,1.82978,1.8304,21459.0
2008-02-23,1.8304,1.8304,1.8304,1.8304,0.0
2008-02-24,1.8304,1.83958,1.82925,1.83748,3299.0
2008-02-25,1.83746,1.83861,1.81985,1.82177,22351.0
2008-02-26,1.82226,1.8392,1.81816,1.8356,22462.0
2008-02-27,1.83533,1.85529,1.83366,1.8531,22459.0
2008-02-28,1.85301,1.86828,1.84657,1.86642,22455.0
2008-02-29,1.86623,1.9023,1.85908,1.9013,21605.0
2008-03-01,1.9013,1.9013,1.9013,1.9013,0.0
2008-03-02,1.9013,1.91528,1.89596,1.9098,2090.0
2008-03-03,1.90994,1.91707,1.87884,1.88337,22463.0
2008-03-04,1.88353,1.90967,1.88349,1.90087,22441.0
2008-03-05,1.90082,1.91474,1.89528,1.90169,22426.0
2008-03-06,1.90164,1.93482,1.90058,1.92854,22433.0
2008-03-07,1.92904,1.94298,1.92156,1.93413,21608.0
2008-03-08,1.93413,1.93413,1.93413,1.93413,0.0
2008-03-09,1.93413,1.94438,1.93257,1.93845,2171.0
2008-03-10,1.93843,1.94749,1.92861,1.94373,22453.0
2008-03-11,1.9439,1.94627,1.90334,1.91258,22440.0
2008-03-12,1.91277,1.93374,1.90787,1.92536,22441.0
2008-03-13,1.9251,1.94141,1.9013,1.91207,22449.0
2008-03-14,1.91212,1.92836,1.89575,1.92523,20938.0
2008-03-15,1.92523,1.92523,1.92523,1.92523,0.0
2008-03-16,1.92523,1.93959,1.91835,1.92804,3128.0
2008-03-17,1.92794,1.98459,1.92498,1.96542,22460.0
2008-03-18,1.96521,1.97309,1.91609,1.93161,22452.0
2008-03-19,1.93166,1.9589,1.922,1.95421,22454.0
2008-03-20,1.95441,1.95925,1.93278,1.94636,22437.0
2008-03-21,1.94624,1.95293,1.94217,1.9466,20789.0
2008-03-22,1.9466,1.9466,1.9466,1.9466,0.0
2008-03-23,1.9466,1.95228,1.94499,1.94779,2159.0
2008-03-24,1.94806,1.9507,1.92298,1.92464,22340.0
2008-03-25,1.92496,1.94325,1.92496,1.93652,22443.0
2008-03-26,1.93662,1.9724,1.93626,1.96675,22424.0
2008-03-27,1.96666,1.97275,1.95365,1.96062,22448.0
2008-03-28,1.96075,1.98556,1.9562,1.9831,21207.0
2008-03-29,1.9831,1.9831,1.9831,1.9831,0.0
2008-03-30,1.9831,1.99852,1.97925,1.99213,2526.0
2008-03-31,1.99189,2.0169,1.98584,2.00685,22440.0
2008-04-01,2.00697,2.01005,1.97866,1.9839,22433.0
2008-04-02,1.98418,1.98905,1.96929,1.98585,22442.0
2008-04-03,1.98607,1.99863,1.97259,1.99353,22407.0
2008-04-04,1.99344,2.00843,1.989,1.99083,20979.0
2008-04-05,1.99083,1.99083,1.99083,1.99083,0.0
2008-04-06,1.99083,1.99505,1.9898,1.99426,3112.0
2008-04-07,1.99446,1.99483,1.96467,1.97024,22410.0
2008-04-08,1.97035,1.98747,1.96041,1.96689,22449.0
2008-04-09,1.9667,1.98721,1.96553,1.984,22427.0
2008-04-10,1.98398,1.98712,1.96305,1.97169,22388.0
2008-04-11,1.97161,1.9954,1.9676,1.98633,20977.0
2008-04-12,1.98633,1.98633,1.98633,1.98633,0.0
2008-04-13,1.98633,1.99482,1.97558,1.99427,3272.0
2008-04-14,1.99431,2.01084,1.9907,2.00258,22418.0
2008-04-15,2.00225,2.02181,1.99368,2.01008,22414.0
2008-04-16,2.01004,2.02645,2.00874,2.01373,22431.0
2008-04-17,2.01314,2.02722,2.00794,2.01116,22428.0
2008-04-18,2.01109,2.01468,1.99012,1.9995,21162.0
2008-04-19,1.9995,1.9995,1.9995,1.9995,0.0
2008-04-20,1.9995,2.0033,1.99593,1.99817,2004.0
2008-04-21,1.99808,2.00848,1.99268,1.99995,22403.0
2008-04-22,1.99982,2.00904,1.99562,2.00186,22352.0
2008-04-23,2.00193,2.00556,1.98511,1.99997,22423.0
2008-04-24,1.99968,2.00116,1.98128,1.99348,22408.0
2008-04-25,1.99395,2.00156,1.98824,1.99923,20929.0
2008-04-26,1.99923,1.99923,1.99923,1.99923,0.0
2008-04-27,1.99923,1.99923,1.98938,1.99278,2797.0
2008-04-28,1.9929,1.99913,1.98612,1.9991,22386.0
2008-04-29,1.99944,2.01361,1.99569,2.01232,22371.0
2008-04-30,2.0123,2.0146,1.98476,1.99771,22375.0
2008-05-01,1.99773,2.00316,1.98323,1.99024,22357.0
2008-05-02,1.99053,1.99255,1.96517,1.97353,20932.0
2008-05-03,1.97353,1.97353,1.97353,1.97353,0.0
2008-05-04,1.97353,1.98,1.97085,1.97809,2773.0
2008-05-05,1.97822,1.9798,1.9651,1.97318,22340.0
2008-05-06,1.97267,1.97547,1.95763,1.96442,22424.0
2008-05-07,1.96409,1.98704,1.95969,1.98675,22423.0
2008-05-08,1.9871,1.99957,1.9767,1.99433,22453.0
2008-05-09,1.99437,2.01955,1.99305,2.0133,21212.0
2008-05-10,2.0133,2.0133,2.0133,2.0133,0.0
2008-05-11,2.0133,2.01976,2.00659,2.01963,2588.0
2008-05-12,2.01994,2.02091,2.00573,2.01888,22445.0
2008-05-13,2.01885,2.0277,2.00743,2.02593,22443.0
2008-05-14,2.02573,2.04623,2.02204,2.04333,22447.0
2008-05-15,2.04338,2.05582,2.02049,2.02417,22453.0
2008-05-16,2.02438,2.02884,2.00719,2.01482,21185.0
2008-05-17,2.01482,2.01482,2.01482,2.01482,0.0
2008-05-18,2.01482,2.01818,2.01003,2.01816,2130.0
2008-05-19,2.01812,2.02071,2.0029,2.00733,22424.0
2008-05-20,2.0073,2.02348,2.00479,2.02081,22411.0
2008-05-21,2.02101,2.03403,2.01598,2.02848,22441.0
2008-05-22,2.02854,2.0331,1.99671,2.00314,22406.0
2008-05-23,2.00293,2.00875,1.99401,2.00563,20965.0
2008-05-24,2.00563,2.00563,2.00563,2.00563,0.0
2008-05-25,2.00563,2.01233,2.0009,2.00929,2934.0
2008-05-26,2.00919,2.01,1.99909,2.00286,21902.0
2008-05-27,2.00299,2.00432,1.98348,1.99007,22403.0
2008-05-28,1.99009,2.00184,1.98619,1.98958,22420.0
2008-05-29,1.98956,1.99585,1.98514,1.98809,22429.0
2008-05-30,1.98797,1.99119,1.97933,1.98423,20972.0
2008-05-31,1.98423,1.98423,1.98423,1.98423,0.0
2008-06-01,1.98423,1.98874,1.98222,1.98441,3441.0
2008-06-02,1.98452,1.98669,1.97426,1.98043,22400.0
2008-06-03,1.9804,1.98581,1.97027,1.98003,22498.0
2008-06-04,1.98002,2.00691,1.9701,2.00548,22509.0
2008-06-05,2.00544,2.03602,2.00288,2.03552,22512.0
2008-06-06,2.0355,2.05651,2.02738,2.0531,21272.0
2008-06-07,2.0531,2.0531,2.0531,2.0531,0.0
2008-06-08,2.0531,2.0564,2.04725,2.05307,2187.0
2008-06-09,2.05312,2.06605,2.05102,2.0604,22519.0
2008-06-10,2.06051,2.06601,2.05007,2.05139,22491.0
2008-06-11,2.05143,2.06252,2.04337,2.0588,22475.0
2008-06-12,2.05898,2.06314,2.04357,2.05893,22528.0
2008-06-13,2.05904,2.06197,2.04589,2.05213,21060.0
2008-06-14,2.05213,2.05213,2.05213,2.05213,0.0
2008-06-15,2.05213,2.05757,2.0457,2.04856,3557.0
2008-06-16,2.0485,2.06175,2.04624,2.05083,22492.0
2008-06-17,2.05156,2.06148,2.04811,2.05051,22527.0
2008-06-18,2.05048,2.05456,2.04242,2.04971,22499.0
2008-06-19,2.0497,2.05544,2.03013,2.03675,22511.0
2008-06-20,2.0368,2.05269,2.03424,2.05153,21063.0
2008-06-21,2.05153,2.05153,2.05153,2.05153,0.0
2008-06-22,2.05153,2.05466,2.0429,2.04508,3197.0
2008-06-23,2.04525,2.05071,2.04022,2.04845,22499.0
2008-06-24,2.04854,2.05872,2.04559,2.04964,22476.0
2008-06-25,2.05021,2.07141,2.04848,2.06919,22516.0
2008-06-26,2.0692,2.08933,2.06639,2.08785,22519.0
2008-06-27,2.08779,2.08901,2.06418,2.0745,21276.0
2008-06-28,2.0745,2.0745,2.0745,2.0745,0.0
2008-06-29,2.0745,2.0755,2.068,2.06995,2288.0
2008-06-30,2.06992,2.07216,2.06066,2.06718,22508.0
2008-07-01,2.06725,2.08935,2.06551,2.08273,22482.0
2008-07-02,2.0829,2.09044,2.07926,2.08787,22484.0
2008-07-03,2.0881,2.09577,2.07203,2.07733,22474.0
2008-07-04,2.07756,2.07922,2.06335,2.06463,20694.0
2008-07-05,2.06463,2.06463,2.06463,2.06463,0.0
2008-07-06,2.06463,2.06975,2.06402,2.06717,3012.0
2008-07-07,2.06712,2.08889,2.06292,2.08814,22503.0
2008-07-08,2.08822,2.09321,2.0766,2.08042,22482.0
2008-07-09,2.08068,2.08554,2.06462,2.07697,22425.0
2008-07-10,2.07693,2.08398,2.06497,2.08014,22441.0
2008-07-11,2.0803,2.0972,2.07548,2.09233,21052.0
2008-07-12,2.09233,2.09233,2.09233,2.09233,0.0
2008-07-13,2.09233,2.09992,2.08987,2.09278,3394.0
2008-07-14,2.09284,2.09324,2.07475,2.08053,22478.0
2008-07-15,2.08046,2.08239,2.0552,2.06171,22474.0
2008-07-16,2.06158,2.0646,2.04761,2.05155,22478.0
2008-07-17,2.05138,2.08177,2.04946,2.07503,22459.0
2008-07-18,2.07527,2.0814,2.07024,2.0756,21231.0
2008-07-19,2.0756,2.0756,2.0756,2.0756,0.0
2008-07-20,2.0756,2.08472,2.07555,2.08259,2448.0
2008-07-21,2.08256,2.09203,2.07794,2.09123,22449.0
2008-07-22,2.09136,2.0936,2.07532,2.07808,22464.0
2008-07-23,2.07713,2.10993,2.0767,2.10646,22504.0
2008-07-24,2.10655,2.11706,2.10485,2.1097,22483.0
2008-07-25,2.10991,2.1171,2.10449,2.1163,21238.0
2008-07-26,2.1163,2.1163,2.1163,2.1163,0.0
2008-07-27,2.1163,2.1171,2.10828,2.1137,2130.0
2008-07-28,2.11385,2.11787,2.10815,2.11025,22417.0
2008-07-29,2.11032,2.12944,2.10414,2.10948,22522.0
2008-07-30,2.10954,2.12814,2.10797,2.12076,22491.0
2008-07-31,2.12134,2.13423,2.11823,2.13004,22527.0
2008-08-01,2.12968,2.14488,2.12786,2.13763,21061.0
2008-08-02,2.13763,2.13763,2.13763,2.13763,0.0
2008-08-03,2.13763,2.14052,2.13405,2.1373,3133.0
2008-08-04,2.13731,2.14113,2.1283,2.13862,22483.0
2008-08-05,2.13867,2.14355,2.12455,2.12872,22526.0
2008-08-06,2.12878,2.14978,2.1273,2.13766,22541.0
2008-08-07,2.13768,2.15658,2.13624,2.14626,22520.0
2008-08-08,2.14619,2.17718,2.1264,2.12883,21071.0
2008-08-09,2.12883,2.12883,2.12883,2.12883,0.0
2008-08-10,2.12883,2.13533,2.12304,2.13102,3501.0
2008-08-11,2.13079,2.14302,2.12421,2.1316,22533.0
2008-08-12,2.13194,2.15401,2.12799,2.15085,22538.0
2008-08-13,2.1507,2.18402,2.11631,2.12967,22530.0
2008-08-14,2.13023,2.13261,2.10607,2.11247,22522.0
2008-08-15,2.1124,2.11954,2.07293,2.0783,21303.0
2008-08-16,2.0783,2.0783,2.0783,2.0783,0.0
2008-08-17,2.0783,2.08714,2.07397,2.08331,2144.0
2008-08-18,2.08336,2.08425,2.05476,2.06993,22508.0
2008-08-19,2.06995,2.07934,2.06061,2.06802,22534.0
2008-08-20,2.06799,2.07463,2.06281,2.06836,22494.0
2008-08-21,2.06834,2.07875,2.06366,2.06956,22484.0
2008-08-22,2.06961,2.08596,2.06728,2.08423,21052.0
2008-08-23,2.08423,2.08423,2.08423,2.08423,0.0
2008-08-24,2.08423,2.08848,2.08045,2.08333,2857.0
2008-08-25,2.08338,2.11287,2.08077,2.1099,22462.0
2008-08-26,2.11039,2.12706,2.09814,2.10484,22505.0
2008-08-27,2.105,2.10578,2.08952,2.09648,22517.0
2008-08-28,2.0964,2.10119,2.08415,2.09071,22520.0
2008-08-29,2.09057,2.09916,2.08472,2.08903,21042.0
2008-08-30,2.08903,2.08903,2.08903,2.08903,0.0
2008-08-31,2.08903,2.10275,2.08862,2.10036,2966.0
2008-09-01,2.10042,2.10661,2.09409,2.10366,22481.0
2008-09-02,2.10364,2.1281,2.10028,2.12127,22548.0
2008-09-03,2.12135,2.14505,2.09949,2.11858,22534.0
2008-09-04,2.11967,2.15661,2.10377,2.14486,22560.0
2008-09-05,2.14581,2.15134,2.12642,2.1313,21318.0
2008-09-06,2.1313,2.1313,2.1313,2.1313,0.0
2008-09-07,2.1313,2.14399,2.1007,2.12093,2625.0
2008-09-08,2.1216,2.1216,2.09539,2.10656,22553.0
2008-09-09,2.1071,2.12649,2.09043,2.11684,22555.0
2008-09-10,2.11643,2.14335,2.09886,2.13484,22555.0
2008-09-11,2.13439,2.1596,2.13192,2.14232,22561.0
2008-09-12,2.14272,2.14894,2.12357,2.1266,21303.0
2008-09-13,2.1266,2.1266,2.1266,2.1266,0.0
2008-09-14,2.1266,2.15338,2.12185,2.14137,2686.0
2008-09-15,2.1413,2.18038,2.13481,2.17339,22555.0
2008-09-16,2.17175,2.19415,2.13267,2.13625,22555.0
2008-09-17,2.13671,2.1791,2.12769,2.16795,22563.0
2008-09-18,2.16754,2.17176,2.11666,2.12112,22555.0
2008-09-19,2.12136,2.12584,2.09041,2.10013,21080.0
2008-09-20,2.10013,2.10013,2.10013,2.10013,0.0
2008-09-21,2.10013,2.11889,2.09326,2.1078,3020.0
2008-09-22,2.10816,2.14732,2.09799,2.14141,22555.0
2008-09-23,2.14072,2.15785,2.13254,2.15162,22561.0
2008-09-24,2.15122,2.16146,2.13282,2.1409,22552.0
2008-09-25,2.14072,2.15017,2.13057,2.13356,22555.0
2008-09-26,2.13364,2.13801,2.12136,2.1248,21303.0
2008-09-27,2.1248,2.1248,2.1248,2.1248,0.0
2008-09-28,2.1248,2.1327,2.111,2.111,2265.0
2008-09-29,2.11087,2.15993,2.10855,2.14587,22559.0
2008-09-30,2.14565,2.15158,2.09046,2.109,22557.0
2008-10-01,2.10881,2.11316,2.07,2.07939,22555.0
2008-10-02,2.07917,2.10368,2.06726,2.09446,22536.0
2008-10-03,2.09444,2.10177,2.07146,2.0834,21324.0
2008-10-04,2.0834,2.0834,2.0834,2.0834,0.0
2008-10-05,2.0834,2.08477,2.06181,2.08302,2444.0
2008-10-06,2.08256,2.18547,2.07519,2.13383,22555.0
2008-10-07,2.13395,2.18712,2.11398,2.17649,22559.0
2008-10-08,2.17704,2.34834,2.17056,2.27442,22561.0
2008-10-09,2.2753,2.29702,2.19296,2.26518,22555.0
2008-10-10,2.26608,2.29729,2.22141,2.24993,20981.0
2008-10-11,2.24993,2.24993,2.24993,2.24993,0.0
2008-10-12,2.24993,2.27539,2.21179,2.2147,3531.0
2008-10-13,2.21556,2.27981,2.18975,2.19936,22555.0
2008-10-14,2.19817,2.21068,2.16264,2.19498,22552.0
2008-10-15,2.19489,2.27134,2.17295,2.24785,22552.0
2008-10-16,2.2471,2.2471,2.17119,2.19565,22557.0
2008-10-17,2.19591,2.21165,2.16468,2.1876,21320.0
2008-10-18,2.1876,2.1876,2.1876,2.1876,0.0
2008-10-19,2.1876,2.20463,2.1701,2.19692,2570.0
2008-10-20,2.19698,2.19966,2.12635,2.14604,22555.0
2008-10-21,2.14663,2.16761,2.12852,2.14063,22563.0
2008-10-22,2.14075,2.2031,2.1292,2.17004,22561.0
2008-10-23,2.16976,2.21547,2.13421,2.16942,22552.0
2008-10-24,2.17065,2.29668,2.16673,2.26955,21261.0
2008-10-25,2.26955,2.26955,2.26955,2.26955,0.0
2008-10-26,2.26955,2.27284,2.24313,2.25417,2534.0
2008-10-27,2.25483,2.32384,2.24192,2.27596,22552.0
2008-10-28,2.27643,2.28141,2.20995,2.21786,22553.0
2008-10-29,2.2186,2.23756,2.17954,2.22331,22554.0
2008-10-30,2.22324,2.24225,2.17501,2.18492,22554.0
2008-10-31,2.18507,2.20383,2.16651,2.18333,21073.0
2008-11-01,2.18333,2.18333,2.18333,2.18333,0.0
2008-11-02,2.18333,2.18613,2.1701,2.17338,1437.0
2008-11-03,2.17366,2.19194,2.11957,2.13231,22548.0
2008-11-04,2.13256,2.1531,2.10498,2.13719,22555.0
2008-11-05,2.13764,2.17452,2.12056,2.15663,22557.0
2008-11-06,2.15604,2.17692,2.12337,2.16914,22554.0
2008-11-07,2.16936,2.18302,2.14786,2.1501,21802.0
2008-11-08,2.1501,2.1501,2.1501,2.1501,0.0
2008-11-09,2.1501,2.16356,2.13224,2.14559,1973.0
2008-11-10,2.14518,2.20505,2.13547,2.18621,22548.0
2008-11-11,2.18633,2.20541,2.161,2.18782,22539.0
2008-11-12,2.1887,2.24742,2.17006,2.23408,22539.0
2008-11-13,2.23383,2.26228,2.21421,2.23885,22545.0
2008-11-14,2.23919,2.28968,2.2352,2.2753,21685.0
2008-11-15,2.2753,2.2753,2.2753,2.2753,0.0
2008-11-16,2.2753,2.29238,2.25991,2.27919,3163.0
2008-11-17,2.27909,2.29861,2.25462,2.29087,22545.0
2008-11-18,2.2911,2.30172,2.27872,2.28732,22528.0
2008-11-19,2.28723,2.31309,2.27922,2.30621,22550.0
2008-11-20,2.30645,2.40269,2.3009,2.38235,22540.0
2008-11-21,2.38307,2.3942,2.33716,2.3434,21783.0
2008-11-22,2.3434,2.3434,2.3434,2.3434,0.0
2008-11-23,2.3434,2.34872,2.32769,2.34776,2386.0
2008-11-24,2.34869,2.38023,2.34279,2.35862,22545.0
2008-11-25,2.35861,2.4039,2.33663,2.38321,22533.0
2008-11-26,2.38289,2.38961,2.31909,2.33034,22531.0
2008-11-27,2.33016,2.35667,2.31746,2.33664,22441.0
2008-11-28,2.33706,2.34189,2.30417,2.312,21770.0
2008-11-29,2.312,2.312,2.312,2.312,0.0
2008-11-30,2.312,2.33028,2.30544,2.32348,2252.0
2008-12-01,2.32508,2.39484,2.31983,2.39029,22540.0
2008-12-02,2.39067,2.40142,2.36175,2.38488,22537.0
2008-12-03,2.38535,2.40398,2.3687,2.38058,22542.0
2008-12-04,2.3813,2.41513,2.34938,2.39731,22546.0
2008-12-05,2.3975,2.43133,2.37,2.37808,21579.0
2008-12-06,2.37808,2.37808,2.37808,2.37808,0.0
2008-12-07,2.37808,2.38444,2.36627,2.37974,2692.0
2008-12-08,2.38087,2.39962,2.35582,2.3669,22537.0
2008-12-09,2.36682,2.39996,2.36647,2.38642,22528.0
2008-12-10,2.38672,2.40743,2.35636,2.38759,22533.0
2008-12-11,2.38782,2.42574,2.38209,2.41717,22530.0
2008-12-12,2.41717,2.45847,2.40625,2.4398,21784.0
2008-12-13,2.4398,2.4398,2.4398,2.4398,0.0
2008-12-14,2.4398,2.46228,2.43723,2.44554,1942.0
2008-12-15,2.44522,2.47841,2.42897,2.46708,22534.0
2008-12-16,2.46805,2.47132,2.4143,2.42962,22532.0
2008-12-17,2.42951,2.44648,2.39975,2.42734,22530.0
2008-12-18,2.42831,2.45735,2.38601,2.43682,22544.0
2008-12-19,2.43685,2.46416,2.40409,2.42532,21652.0
2008-12-20,2.42532,2.42532,2.42532,2.42532,0.0
2008-12-21,2.42532,2.42532,2.41232,2.4224,2003.0
2008-12-22,2.4232,2.44259,2.41003,2.43215,22510.0
2008-12-23,2.43109,2.46473,2.41191,2.44968,22520.0
2008-12-24,2.44986,2.46021,2.4192,2.43325,21714.0
2008-12-25,2.43135,2.45459,2.42287,2.43668,16387.0
2008-12-26,2.4335,2.44899,2.41894,2.42943,21459.0
2008-12-27,2.42943,2.42943,2.42943,2.42943,0.0
2008-12-28,2.42943,2.44659,2.41744,2.44307,2687.0
2008-12-29,2.44432,2.46331,2.40958,2.42334,22522.0
2008-12-30,2.42155,2.4592,2.41088,2.44465,22521.0
2008-12-31,2.44447,2.45026,2.36814,2.41677,21628.0
2009-01-01,2.39055,2.41495,2.38162,2.39652,13933.0
2009-01-02,2.39845,2.4149,2.35863,2.3761,21787.0
2009-01-03,2.3761,2.3761,2.3761,2.3761,0.0
2009-01-04,2.3761,2.3761,2.35097,2.36163,2528.0
2009-01-05,2.36147,2.38468,2.29987,2.31563,22532.0
2009-01-06,2.31516,2.32039,2.24917,2.26321,22532.0
2009-01-07,2.26249,2.31221,2.24777,2.31139,22542.0
2009-01-08,2.31113,2.33415,2.29312,2.30307,22531.0
2009-01-09,2.303,2.32042,2.26147,2.2733,21775.0
2009-01-10,2.2733,2.2733,2.2733,2.2733,0.0
2009-01-11,2.2733,2.29018,2.27136,2.27915,2241.0
2009-01-12,2.28005,2.33438,2.27459,2.33351,22527.0
2009-01-13,2.33422,2.41063,2.32949,2.38637,22537.0
2009-01-14,2.38737,2.43992,2.37655,2.43081,22529.0
2009-01-15,2.43048,2.47558,2.41587,2.42985,22525.0
2009-01-16,2.42985,2.45296,2.39996,2.4232,21644.0
2009-01-17,2.4232,2.4232,2.4232,2.4232,0.0
2009-01-18,2.4232,2.44164,2.40959,2.4189,3516.0
2009-01-19,2.41909,2.44189,2.40426,2.43499,22512.0
2009-01-20,2.43473,2.48613,2.42058,2.47989,22521.0
2009-01-21,2.48007,2.48925,2.43386,2.45295,22519.0
2009-01-22,2.45096,2.47531,2.43867,2.46406,22509.0
2009-01-23,2.46368,2.47372,2.41936,2.44758,21664.0
2009-01-24,2.44758,2.44758,2.44758,2.44758,0.0
2009-01-25,2.44758,2.4534,2.43666,2.44391,1994.0
2009-01-26,2.44252,2.50884,2.42875,2.48971,22494.0
2009-01-27,2.489,2.5067,2.4792,2.4997,22508.0
2009-01-28,2.49944,2.52445,2.45895,2.5156,22504.0
2009-01-29,2.51603,2.54587,2.5057,2.51923,22500.0
2009-01-30,2.51935,2.5364,2.50709,2.51855,21613.0
2009-01-31,2.51855,2.51855,2.51855,2.51855,0.0
2009-02-01,2.51855,2.52097,2.50306,2.50731,2943.0
2009-02-02,2.50703,2.56686,2.50591,2.54589,22483.0
2009-02-03,2.54546,2.56071,2.51793,2.54732,22505.0
2009-02-04,2.54726,2.57665,2.50512,2.52102,22511.0
2009-02-05,2.52222,2.53613,2.46557,2.47772,22522.0
2009-02-06,2.47632,2.49714,2.41405,2.42847,21768.0
2009-02-07,2.42847,2.43063,2.42847,2.43063,18.0
2009-02-08,2.43063,2.44742,2.43063,2.43593,2049.0
2009-02-09,2.43723,2.46403,2.3972,2.42375,22499.0
2009-02-10,2.42447,2.48113,2.39845,2.45828,22514.0
2009-02-11,2.45737,2.48304,2.44295,2.45029,22501.0
2009-02-12,2.45069,2.48269,2.43018,2.46463,22519.0
2009-02-13,2.46471,2.47045,2.43041,2.46007,21729.0
2009-02-14,2.46007,2.46007,2.46007,2.46007,0.0
2009-02-15,2.46007,2.4606,2.44542,2.45511,2718.0
2009-02-16,2.45454,2.4773,2.44727,2.45892,22492.0
2009-02-17,2.45739,2.49334,2.45347,2.47613,22516.0
2009-02-18,2.4768,2.47881,2.45066,2.45722,22521.0
2009-02-19,2.45681,2.49302,2.45146,2.48577,22526.0
2009-02-20,2.48502,2.5123,2.48163,2.5047,21653.0
2009-02-21,2.5047,2.5047,2.5047,2.5047,0.0
2009-02-22,2.5047,2.51533,2.49861,2.50929,3375.0
2009-02-23,2.50967,2.52368,2.48595,2.50079,22511.0
2009-02-24,2.50077,2.5096,2.47935,2.50317,22517.0
2009-02-25,2.50279,2.50778,2.47458,2.49677,22505.0
2009-02-26,2.49721,2.50904,2.48632,2.50516,22505.0
2009-02-27,2.50509,2.53523,2.50301,2.5288,21768.0
2009-02-28,2.5288,2.5288,2.5288,2.5288,0.0
2009-03-01,2.5288,2.54215,2.5188,2.53963,2591.0
2009-03-02,2.539,2.55689,2.53597,2.54867,22500.0
2009-03-03,2.54873,2.55112,2.5231,2.5346,22514.0
2009-03-04,2.53444,2.54627,2.48728,2.50515,22513.0
2009-03-05,2.50469,2.52374,2.48546,2.51411,22509.0
2009-03-06,2.51382,2.53479,2.50062,2.51915,21643.0
2009-03-07,2.51915,2.51915,2.51915,2.51915,0.0
2009-03-08,2.51915,2.51915,2.50767,2.51498,2719.0
2009-03-09,2.51494,2.56409,2.50719,2.54882,22509.0
2009-03-10,2.54901,2.55724,2.5088,2.51401,22515.0
2009-03-11,2.51435,2.53763,2.49567,2.50408,22527.0
2009-03-12,2.50446,2.51141,2.46533,2.47776,22526.0
2009-03-13,2.47832,2.48558,2.45204,2.4616,21298.0
2009-03-14,2.4616,2.4616,2.4616,2.4616,0.0
2009-03-15,2.4616,2.467,2.45318,2.46203,2401.0
2009-03-16,2.4619,2.46638,2.43408,2.44939,22516.0
2009-03-17,2.44881,2.4615,2.43696,2.45703,22503.0
2009-03-18,2.45698,2.50338,2.45376,2.47502,22524.0
2009-03-19,2.47534,2.48718,2.44388,2.45176,22512.0
2009-03-20,2.45224,2.45665,2.41475,2.4307,21288.0
2009-03-21,2.4307,2.4307,2.4307,2.4307,0.0
2009-03-22,2.4307,2.4377,2.42663,2.4292,2490.0
2009-03-23,2.42948,2.43012,2.37643,2.38466,22509.0
2009-03-24,2.38449,2.39832,2.37173,2.39174,22486.0
2009-03-25,2.39254,2.41691,2.37356,2.38575,22510.0
2009-03-26,2.386,2.39216,2.33811,2.33941,22519.0
2009-03-27,2.33996,2.36625,2.3223,2.33113,21116.0
2009-03-28,2.33113,2.33113,2.33113,2.33113,0.0
2009-03-29,2.33113,2.34072,2.3091,2.33818,3525.0
2009-03-30,2.33842,2.35725,2.33374,2.34662,22496.0
2009-03-31,2.34699,2.3706,2.32061,2.36451,22511.0
2009-04-01,2.36561,2.38122,2.3246,2.33757,22492.0
2009-04-02,2.33795,2.34816,2.28674,2.29021,22497.0
2009-04-03,2.28996,2.32117,2.28167,2.3008,21347.0
2009-04-04,2.3008,2.3008,2.3008,2.3008,0.0
2009-04-05,2.3008,2.30649,2.28052,2.28278,2353.0
2009-04-06,2.28248,2.30286,2.26983,2.29559,22484.0
2009-04-07,2.29665,2.31224,2.28706,2.30303,22494.0
2009-04-08,2.30303,2.31206,2.28627,2.29066,22502.0
2009-04-09,2.29072,2.29768,2.24787,2.2518,22469.0
2009-04-10,2.25168,2.26545,2.2479,2.2603,20931.0
2009-04-11,2.2603,2.2603,2.2603,2.2603,0.0
2009-04-12,2.2603,2.2642,2.24072,2.24693,1998.0
2009-04-13,2.24683,2.27294,2.24292,2.2586,22444.0
2009-04-14,2.2582,2.28092,2.24791,2.27691,22516.0
2009-04-15,2.27671,2.29798,2.26912,2.28525,22504.0
2009-04-16,2.2858,2.31782,2.28431,2.29524,22497.0
2009-04-17,2.2963,2.30487,2.28122,2.2958,21285.0
2009-04-18,2.2958,2.2958,2.2958,2.2958,0.0
2009-04-19,2.2958,2.30377,2.28239,2.29009,2003.0
2009-04-20,2.29117,2.35125,2.28677,2.33654,22495.0
2009-04-21,2.3367,2.33914,2.29015,2.31232,22488.0
2009-04-22,2.31151,2.34351,2.30568,2.3396,22494.0
2009-04-23,2.33853,2.34746,2.32336,2.34148,22473.0
2009-04-24,2.34139,2.34332,2.30457,2.31303,21048.0
2009-04-25,2.31303,2.31303,2.31303,2.31303,0.0
2009-04-26,2.31303,2.34004,2.3054,2.33098,2681.0
2009-04-27,2.33131,2.33875,2.28926,2.31289,22483.0
2009-04-28,2.31258,2.35691,2.31083,2.33696,22498.0
2009-04-29,2.33685,2.35146,2.30325,2.34755,22491.0
2009-04-30,2.3473,2.35482,2.32301,2.33665,22477.0
2009-05-01,2.3364,2.35077,2.30678,2.32667,21227.0
2009-05-02,2.32667,2.32667,2.32667,2.32667,0.0
2009-05-03,2.32667,2.32667,2.31275,2.31663,2002.0
2009-05-04,2.31638,2.33514,2.3036,2.32224,22470.0
2009-05-05,2.32238,2.32728,2.28772,2.29776,22463.0
2009-05-06,2.2972,2.30169,2.25454,2.26296,22497.0
2009-05-07,2.26252,2.26751,2.22483,2.25405,22506.0
2009-05-08,2.25384,2.27315,2.24703,2.258,21281.0
2009-05-09,2.258,2.258,2.258,2.258,0.0
2009-05-10,2.258,2.2662,2.24375,2.24543,1913.0
2009-05-11,2.24541,2.27194,2.22613,2.26066,22475.0
2009-05-12,2.26037,2.27218,2.24207,2.25293,22482.0
2009-05-13,2.25314,2.30453,2.24601,2.28526,22455.0
2009-05-14,2.28606,2.311,2.27946,2.29476,22482.0
2009-05-15,2.29515,2.31087,2.29226,2.3056,21308.0
2009-05-16,2.3056,2.3056,2.3056,2.3056,0.0
2009-05-17,2.3056,2.30691,2.29201,2.30016,2286.0
2009-05-18,2.29997,2.30363,2.26646,2.27462,22468.0
2009-05-19,2.27441,2.27791,2.24777,2.26037,22456.0
2009-05-20,2.26026,2.27901,2.24874,2.27109,22472.0
2009-05-21,2.27094,2.28882,2.25909,2.26594,22481.0
2009-05-22,2.26562,2.27299,2.24464,2.25563,21031.0
2009-05-23,2.25563,2.25563,2.25563,2.25563,0.0
2009-05-24,2.25563,2.2819,2.254,2.27077,2562.0
2009-05-25,2.27061,2.27334,2.25349,2.25919,22448.0
2009-05-26,2.25908,2.27517,2.23104,2.24677,22487.0
2009-05-27,2.2463,2.25603,2.23072,2.24609,22503.0
2009-05-28,2.24605,2.2592,2.21587,2.23185,22463.0
2009-05-29,2.23205,2.23894,2.20235,2.2109,21260.0
2009-05-30,2.2109,2.2109,2.2109,2.2109,0.0
2009-05-31,2.2109,2.21179,2.19647,2.20805,2465.0
2009-06-01,2.20813,2.21087,2.16359,2.18625,22489.0
2009-06-02,2.18543,2.19027,2.16834,2.18452,22465.0
2009-06-03,2.18451,2.25055,2.18125,2.22696,22490.0
2009-06-04,2.22719,2.25922,2.22359,2.24028,22482.0
2009-06-05,2.24013,2.24206,2.20576,2.2301,21481.0
2009-06-06,2.2301,2.2301,2.2301,2.2301,0.0
2009-06-07,2.2301,2.23264,2.22082,2.22757,2332.0
2009-06-08,2.22756,2.25433,2.22293,2.23607,22468.0
2009-06-09,2.23587,2.24691,2.23216,2.24428,22494.0
2009-06-10,2.24405,2.24429,2.20215,2.20656,22471.0
2009-06-11,2.20688,2.21007,2.1758,2.18838,22489.0
2009-06-12,2.18859,2.19698,2.17537,2.17585,21307.0
2009-06-13,2.17585,2.17585,2.17585,2.17585,0.0
2009-06-14,2.17585,2.19307,2.17388,2.18728,3409.0
2009-06-15,2.18694,2.19471,2.18145,2.18788,22458.0
2009-06-16,2.18809,2.20749,2.17609,2.20739,22463.0
2009-06-17,2.20756,2.21536,2.19015,2.19925,22451.0
2009-06-18,2.19905,2.21023,2.16735,2.17564,22440.0
2009-06-19,2.17556,2.18254,2.16038,2.16853,21461.0
2009-06-20,2.16853,2.16853,2.16853,2.16853,0.0
2009-06-21,2.16853,2.17369,2.161,2.17033,2516.0
2009-06-22,2.17021,2.20992,2.168,2.20611,22433.0
2009-06-23,2.20605,2.21438,2.19445,2.20148,22445.0
2009-06-24,2.20131,2.20481,2.16448,2.18146,22444.0
2009-06-25,2.18154,2.19239,2.1601,2.17786,22452.0
2009-06-26,2.17791,2.18524,2.16835,2.17535,21353.0
2009-06-27,2.17535,2.17535,2.17535,2.17535,0.0
2009-06-28,2.17535,2.18108,2.17097,2.17252,3301.0
2009-06-29,2.1729,2.1805,2.15499,2.15851,22420.0
2009-06-30,2.15848,2.17676,2.15647,2.17121,22440.0
2009-07-01,2.17098,2.21388,2.16965,2.2047,22432.0
2009-07-02,2.20448,2.23078,2.20373,2.2235,22427.0
2009-07-03,2.22294,2.22439,2.20529,2.2181,21419.0
2009-07-04,2.2181,2.2181,2.2181,2.2181,0.0
2009-07-05,2.2181,2.22344,2.21517,2.22087,2625.0
2009-07-06,2.22042,2.23116,2.19101,2.19541,22435.0
2009-07-07,2.19497,2.21602,2.19216,2.21418,22428.0
2009-07-08,2.21361,2.23168,2.20399,2.2157,22434.0
2009-07-09,2.21547,2.2296,2.20153,2.21406,22435.0
2009-07-10,2.21349,2.22638,2.21121,2.21866,21437.0
2009-07-11,2.21866,2.21866,2.21866,2.21866,0.0
2009-07-12,2.21866,2.22335,2.2172,2.22109,2135.0
2009-07-13,2.22113,2.24981,2.2031,2.20912,22410.0
2009-07-14,2.2086,2.21064,2.17616,2.18053,22399.0
2009-07-15,2.18115,2.19643,2.1644,2.1728,22416.0
2009-07-16,2.17248,2.20137,2.16872,2.1825,22419.0
2009-07-17,2.18231,2.19707,2.17903,2.18618,21253.0
2009-07-18,2.18618,2.18618,2.18618,2.18618,0.0
2009-07-19,2.18618,2.19099,2.18275,2.18302,3501.0
2009-07-20,2.18307,2.18652,2.15975,2.16332,22428.0
2009-07-21,2.16324,2.17737,2.15872,2.16288,22434.0
2009-07-22,2.16263,2.1714,2.14787,2.15625,22404.0
2009-07-23,2.15613,2.16847,2.15092,2.16072,22415.0
2009-07-24,2.16077,2.16805,2.15773,2.16481,21256.0
2009-07-25,2.16481,2.16481,2.16481,2.16481,0.0
2009-07-26,2.16481,2.1699,2.15615,2.16937,3655.0
2009-07-27,2.16885,2.17417,2.15851,2.17117,22395.0
2009-07-28,2.17107,2.17412,2.14589,2.15803,22390.0
2009-07-29,2.15795,2.16433,2.13461,2.15924,22405.0
2009-07-30,2.1594,2.16536,2.14885,2.15655,22403.0
2009-07-31,2.15643,2.16449,2.1479,2.15301,21394.0
2009-08-01,2.15301,2.15301,2.15301,2.15301,0.0
2009-08-02,2.15301,2.16237,2.14869,2.15116,2570.0
2009-08-03,2.15173,2.16192,2.13885,2.15506,22366.0
2009-08-04,2.15507,2.16323,2.13384,2.13787,22390.0
2009-08-05,2.13747,2.1476,2.12983,2.14512,22353.0
2009-08-06,2.14573,2.15055,2.13444,2.14063,22375.0
2009-08-07,2.14043,2.14293,2.10287,2.10902,21219.0
2009-08-08,2.10902,2.10902,2.10902,2.10902,0.0
2009-08-09,2.10902,2.12184,2.1063,2.11165,3332.0
2009-08-10,2.11211,2.11292,2.08703,2.09004,22363.0
2009-08-11,2.08993,2.12054,2.08774,2.11942,22359.0
2009-08-12,2.11925,2.13684,2.10186,2.11646,22370.0
2009-08-13,2.11663,2.1177,2.09565,2.10155,22377.0
2009-08-14,2.1014,2.10245,2.07549,2.09289,21214.0
2009-08-15,2.09289,2.09289,2.09289,2.09289,0.0
2009-08-16,2.09289,2.10475,2.09041,2.09863,3612.0
2009-08-17,2.09862,2.11837,2.09762,2.107,22331.0
2009-08-18,2.10689,2.10971,2.09009,2.09313,22354.0
2009-08-19,2.09364,2.11732,2.09201,2.10871,22347.0
2009-08-20,2.10864,2.11203,2.09944,2.10459,22333.0
2009-08-21,2.10438,2.11786,2.08889,2.09769,21346.0
2009-08-22,2.09769,2.09769,2.09769,2.09769,0.0
2009-08-23,2.09769,2.1022,2.0894,2.09181,2114.0
2009-08-24,2.09152,2.09449,2.07817,2.0855,22345.0
2009-08-25,2.08558,2.09221,2.07857,2.09026,22338.0
2009-08-26,2.08968,2.0943,2.07858,2.09133,22335.0
2009-08-27,2.09155,2.10058,2.08328,2.08762,22333.0
2009-08-28,2.08736,2.09492,2.08491,2.08953,21355.0
2009-08-29,2.08953,2.08953,2.08953,2.08953,0.0
2009-08-30,2.08953,2.09233,2.0838,2.09099,2512.0
2009-08-31,2.09063,2.10413,2.08551,2.09067,22312.0
2009-09-01,2.09105,2.11161,2.08309,2.10305,22339.0
2009-09-02,2.10339,2.12276,2.09954,2.1154,22338.0
2009-09-03,2.11544,2.11992,2.09695,2.09972,22340.0
2009-09-04,2.09954,2.10148,2.0748,2.07833,21191.0
2009-09-05,2.07833,2.07833,2.07833,2.07833,0.0
2009-09-06,2.07833,2.07963,2.07293,2.07631,3656.0
2009-09-07,2.07653,2.08338,2.06595,2.07018,19965.0
2009-09-08,2.07031,2.08422,2.06749,2.07829,22169.0
2009-09-09,2.07829,2.10005,2.07482,2.0839,22345.0
2009-09-10,2.08437,2.09905,2.06868,2.07283,22316.0
2009-09-11,2.07305,2.0774,2.05592,2.05831,21185.0
2009-09-12,2.05831,2.05831,2.05831,2.05831,0.0
2009-09-13,2.05831,2.07201,2.05682,2.0681,3591.0
2009-09-14,2.06843,2.09179,2.06778,2.08719,22300.0
2009-09-15,2.08705,2.08868,2.07531,2.07928,22309.0
2009-09-16,2.07904,2.08138,2.05658,2.05997,22298.0
2009-09-17,2.06,2.07697,2.05849,2.07423,22316.0
2009-09-18,2.07387,2.07659,2.06557,2.07566,21330.0
2009-09-19,2.07566,2.07566,2.07566,2.07566,0.0
2009-09-20,2.07566,2.07695,2.07077,2.07386,2272.0
2009-09-21,2.07379,2.08326,2.0532,2.05609,22295.0
2009-09-22,2.0562,2.05796,2.02946,2.03281,22302.0
2009-09-23,2.0329,2.05029,2.03254,2.04803,22302.0
2009-09-24,2.0478,2.05671,2.03222,2.05537,22303.0
2009-09-25,2.05477,2.0555,2.03666,2.04118,21358.0
2009-09-26,2.04118,2.04118,2.04118,2.04118,0.0
2009-09-27,2.04118,2.05242,2.03659,2.04048,2401.0
2009-09-28,2.04048,2.05735,2.03314,2.03634,22264.0
2009-09-29,2.03655,2.04177,2.02292,2.03436,22265.0
2009-09-30,2.03405,2.03533,2.01829,2.02522,22275.0
2009-10-01,2.02496,2.03681,2.01015,2.03486,22276.0
2009-10-02,2.03508,2.04654,2.02912,2.03133,21110.0
2009-10-03,2.03133,2.03133,2.03133,2.03133,0.0
2009-10-04,2.03133,2.04386,2.03125,2.04263,4117.0
2009-10-05,2.04255,2.04301,2.00148,2.0081,22193.0
2009-10-06,2.00792,2.01248,1.99746,2.00194,22230.0
2009-10-07,2.00179,2.00476,1.98673,1.99026,22244.0
2009-10-08,1.99025,1.99931,1.98394,1.9923,22256.0
2009-10-09,1.99272,2.01008,1.98836,2.00369,21281.0
2009-10-10,2.00369,2.00369,2.00369,2.00369,0.0
2009-10-11,2.00369,2.00781,1.9999,2.00509,2633.0
2009-10-12,2.00506,2.02374,1.99971,2.00152,22272.0
2009-10-13,2.00137,2.02378,1.99757,2.00983,22238.0
2009-10-14,2.00995,2.02215,2.00314,2.00676,22236.0
2009-10-15,2.00629,2.01247,1.99447,1.99781,22263.0
2009-10-16,1.99769,2.01898,1.99493,2.01301,21293.0
2009-10-17,2.01301,2.01301,2.01301,2.01301,0.0
2009-10-18,2.01301,2.02176,2.00653,2.00969,2616.0
2009-10-19,2.00983,2.01279,1.97346,1.97849,22203.0
2009-10-20,1.97885,2.00066,1.97799,1.98985,22201.0
2009-10-21,1.98938,1.99409,1.9697,1.98027,22226.0
2009-10-22,1.98064,1.99553,1.97649,1.98228,22227.0
2009-10-23,1.98246,1.99291,1.97933,1.98782,21080.0
2009-10-24,1.98782,1.98782,1.98782,1.98782,0.0
2009-10-25,1.98782,1.9914,1.98497,1.98874,4097.0
2009-10-26,1.98907,1.99755,1.98537,1.99083,22213.0
2009-10-27,1.99118,1.995,1.98199,1.98901,22219.0
2009-10-28,1.98833,2.04437,1.98501,2.04437,22222.0
2009-10-29,2.04442,2.05259,2.01439,2.03235,22217.0
2009-10-30,2.03235,2.05501,2.02415,2.05094,21073.0
2009-10-31,2.05094,2.05094,2.05094,2.05094,0.0
2009-11-01,2.05094,2.07344,2.04886,2.06016,3788.0
2009-11-02,2.06037,2.06527,2.04104,2.05072,22168.0
2009-11-03,2.05073,2.06418,2.03617,2.03769,22167.0
2009-11-04,2.03675,2.05756,2.03078,2.05754,22165.0
2009-11-05,2.05854,2.06875,2.05471,2.06081,22149.0
2009-11-06,2.06073,2.06457,2.04298,2.04428,21712.0
2009-11-07,2.04428,2.04428,2.04428,2.04428,0.0
2009-11-08,2.04428,2.05033,2.02322,2.02797,2678.0
2009-11-09,2.02792,2.03358,2.01106,2.01473,22108.0
2009-11-10,2.01484,2.02825,2.0128,2.02168,22133.0
2009-11-11,2.02242,2.02935,2.01584,2.02268,22106.0
2009-11-12,2.02313,2.03248,2.01639,2.02427,22115.0
2009-11-13,2.02398,2.02958,2.0005,2.00434,21557.0
2009-11-14,2.00434,2.00434,2.00434,2.00434,0.0
2009-11-15,2.00434,2.01073,2.00105,2.01045,4021.0
2009-11-16,2.01084,2.01895,1.99537,1.99996,22104.0
2009-11-17,2.00012,2.00436,1.99235,1.99335,22119.0
2009-11-18,1.99392,2.00958,1.99196,2.00578,22106.0
2009-11-19,2.00618,2.04407,2.00523,2.04063,22128.0
2009-11-20,2.04072,2.05895,2.03768,2.05136,21500.0
2009-11-21,2.05136,2.05136,2.05136,2.05136,0.0
2009-11-22,2.05136,2.06005,2.04595,2.05177,3990.0
2009-11-23,2.05198,2.05775,2.03431,2.04417,22055.0
2009-11-24,2.04418,2.06846,2.04349,2.06196,22025.0
2009-11-25,2.06189,2.073,2.04948,2.07012,22022.0
2009-11-26,2.07009,2.11826,2.06991,2.11009,22037.0
2009-11-27,2.11013,2.11481,2.09612,2.1057,21566.0
2009-11-28,2.1057,2.1057,2.1057,2.1057,0.0
2009-11-29,2.1057,2.10584,2.0903,2.09908,2770.0
2009-11-30,2.09937,2.10683,2.08706,2.09363,22066.0
2009-12-01,2.09369,2.09811,2.06613,2.07603,22065.0
2009-12-02,2.07592,2.08635,2.06789,2.07956,22028.0
2009-12-03,2.07898,2.09076,2.07063,2.08462,22065.0
2009-12-04,2.08462,2.08935,2.06648,2.07068,21554.0
2009-12-05,2.07068,2.07068,2.07068,2.07068,0.0
2009-12-06,2.07068,2.07823,2.06752,2.07461,2713.0
2009-12-07,2.07492,2.08623,2.0691,2.07404,21959.0
2009-12-08,2.07378,2.08177,2.07008,2.08051,21955.0
2009-12-09,2.08057,2.08085,2.03647,2.03967,21982.0
2009-12-10,2.04012,2.04169,2.01116,2.02174,21976.0
2009-12-11,2.02155,2.0334,2.01151,2.01426,21382.0
2009-12-12,2.01426,2.01426,2.01426,2.01426,0.0
2009-12-13,2.01426,2.02094,2.01045,2.01752,4550.0
2009-12-14,2.0178,2.02594,2.00629,2.01478,21959.0
2009-12-15,2.01463,2.01866,2.00867,2.01469,21955.0
2009-12-16,2.01481,2.02984,2.01291,2.01808,21937.0
2009-12-17,2.01763,2.02639,2.01197,2.02107,21962.0
2009-12-18,2.02144,2.0256,2.0076,2.00954,21395.0
2009-12-19,2.00954,2.00954,2.00954,2.00954,0.0
2009-12-20,2.00954,2.01629,2.00572,2.01532,4136.0
2009-12-21,2.0156,2.02803,2.01528,2.02593,21873.0
2009-12-22,2.02547,2.04108,2.02403,2.03802,21870.0
2009-12-23,2.03836,2.03946,2.02871,2.0339,21873.0
2009-12-24,2.03379,2.04193,2.02398,2.03032,21830.0
2009-12-25,2.03032,2.04366,2.02689,2.03578,21229.0
2009-12-26,2.03578,2.03578,2.03578,2.03578,0.0
2009-12-27,2.03578,2.03937,2.03,2.03508,2672.0
2009-12-28,2.03372,2.03381,2.02635,2.03034,21772.0
2009-12-29,2.03044,2.03063,1.99064,2.00019,21758.0
2009-12-30,2.00025,2.00461,1.98058,1.98243,21773.0
2009-12-31,1.98242,1.98579,1.9688,1.97305,21239.0
2010-01-01,1.9731,1.97811,1.97105,1.97243,7346.0
2010-01-02,1.97243,1.97243,1.97243,1.97243,0.0
2010-01-03,1.97243,1.97862,1.96926,1.97691,3725.0
2010-01-04,1.97763,1.98387,1.9593,1.9638,21648.0
2010-01-05,1.96365,1.96878,1.95294,1.95691,21681.0
2010-01-06,1.95716,1.96253,1.94892,1.95058,21650.0
2010-01-07,1.95074,1.95814,1.94408,1.95344,21676.0
2010-01-08,1.95397,1.96053,1.95147,1.95385,21224.0
2010-01-09,1.95385,1.95385,1.95385,1.95385,0.0
2010-01-10,1.95385,1.9569,1.94754,1.95319,2663.0
2010-01-11,1.95356,1.96308,1.95068,1.95495,21671.0
2010-01-12,1.95576,1.96559,1.95065,1.95982,21668.0
2010-01-13,1.96012,1.9675,1.95171,1.96115,21642.0
2010-01-14,1.96178,1.96276,1.94573,1.95295,21714.0
2010-01-15,1.95309,1.9562,1.94398,1.94831,21195.0
2010-01-16,1.94831,1.94831,1.94831,1.94831,0.0
2010-01-17,1.94831,1.95574,1.94225,1.95276,2597.0
2010-01-18,1.95286,1.95543,1.94238,1.94391,21513.0
2010-01-19,1.94412,1.95045,1.92987,1.94584,21555.0
2010-01-20,1.94565,1.96719,1.94138,1.95502,21607.0
2010-01-21,1.95532,1.98343,1.95061,1.97576,21573.0
2010-01-22,1.97584,1.99113,1.97119,1.98702,20956.0
2010-01-23,1.98702,1.98702,1.98702,1.98702,0.0
2010-01-24,1.98702,1.99578,1.97761,1.98388,4412.0
2010-01-25,1.98376,1.98655,1.97498,1.98063,21321.0
2010-01-26,1.98117,2.00043,1.97566,1.98938,21336.0
2010-01-27,1.9892,1.99601,1.98046,1.98631,21371.0
2010-01-28,1.98663,1.98693,1.96395,1.98028,21413.0
2010-01-29,1.98031,1.98369,1.96626,1.97584,20928.0
2010-01-30,1.97584,1.97584,1.97584,1.97584,0.0
2010-01-31,1.97584,1.97912,1.9665,1.9715,2574.0
2010-02-01,1.97232,1.98539,1.9617,1.96367,20926.0
2010-02-02,1.96358,1.97368,1.95595,1.95818,20992.0
2010-02-03,1.95835,1.99128,1.95773,1.98833,20968.0
2010-02-04,1.98858,2.00464,1.98329,1.99506,21051.0
2010-02-05,1.99508,1.99705,1.97715,1.97793,20346.0
2010-02-06,1.97793,1.97793,1.97793,1.97793,0.0
2010-02-07,1.97793,1.99018,1.9736,1.98577,4158.0
2010-02-08,1.98578,1.99994,1.97987,1.99947,21059.0
2010-02-09,1.99947,1.99993,1.9774,1.98179,21015.0
2010-02-10,1.98205,1.98667,1.97599,1.979,20967.0
2010-02-11,1.97899,1.97906,1.94583,1.96118,21033.0
2010-02-12,1.96152,1.96577,1.94635,1.95328,20201.0
2010-02-13,1.95328,1.95328,1.95328,1.95328,0.0
2010-02-14,1.95328,1.95705,1.948,1.9549,4103.0
2010-02-15,1.95505,1.95606,1.9451,1.95024,20033.0
2010-02-16,1.95029,1.95165,1.93667,1.94785,31295.0
2010-02-17,1.948,1.9541,1.9304,1.9362,29424.0
2010-02-18,1.9359,1.94125,1.9246,1.93575,34546.0
2010-02-19,1.93565,1.95045,1.9321,1.94349,32316.0
2010-02-20,1.94349,1.94349,1.94349,1.94349,0.0
2010-02-21,1.93818,1.94957,1.93818,1.9465,3332.0
2010-02-22,1.9461,1.94655,1.9346,1.9389,27354.0
2010-02-23,1.93895,1.9579,1.9336,1.9467,35709.0
2010-02-24,1.9463,1.96725,1.94595,1.95115,31867.0
2010-02-25,1.95085,1.9674,1.9476,1.9601,35668.0
2010-02-26,1.9597,1.9607,1.943,1.94631,31504.0
2010-02-27,1.94631,1.94631,1.94631,1.94631,0.0
2010-02-28,1.94785,1.95359,1.94255,1.9482,5085.0
2010-03-01,1.9483,1.954,1.9294,1.93775,34923.0
2010-03-02,1.9376,1.95685,1.93385,1.9538,35719.0
2010-03-03,1.9541,1.9792,1.95155,1.97495,34653.0
2010-03-04,1.97515,1.9868,1.97285,1.979,32313.0
2010-03-05,1.97873,1.9798,1.94935,1.94937,25268.0
2010-03-06,1.94937,1.94937,1.94937,1.94937,0.0
2010-03-07,1.9574,1.9616,1.94635,1.94995,5085.0
2010-03-08,1.94995,1.9572,1.94338,1.94595,30046.0
2010-03-09,1.94625,1.9518,1.9319,1.9338,32898.0
2010-03-10,1.93395,1.94825,1.91985,1.94785,30835.0
2010-03-11,1.9476,1.95945,1.9429,1.9559,27668.0
2010-03-12,1.95575,1.965,1.9519,1.95953,29205.0
2010-03-13,1.95953,1.95953,1.95953,1.95953,0.0
2010-03-14,1.95515,1.96159,1.94898,1.957,4283.0
2010-03-15,1.9571,1.9604,1.94425,1.94505,27664.0
2010-03-16,1.94545,1.94985,1.9296,1.93275,30348.0
2010-03-17,1.93295,1.9392,1.91605,1.9243,28731.0
2010-03-18,1.9233,1.9248,1.9019,1.90365,28401.0
2010-03-19,1.9031,1.91241,1.9017,1.90675,25702.8
2010-03-20,1.90675,1.90675,1.90675,1.90675,0.0
2010-03-21,1.90765,1.91557,1.90555,1.9124,4031.8
2010-03-22,1.91215,1.9283,1.90973,1.91705,33201.4
2010-03-23,1.91715,1.9204,1.90595,1.9102,35481.2
2010-03-24,1.9098,1.9125,1.8928,1.89465,42433.6
2010-03-25,1.8947,1.89715,1.8799,1.8878,40161.6
2010-03-26,1.8877,1.9079,1.881,1.90208,35254.4
2010-03-27,1.90208,1.90208,1.90208,1.90208,0.0
2010-03-28,1.9011,1.91963,1.90108,1.9099,5212.4
2010-03-29,1.90985,1.9101,1.89555,1.90105,32549.4
2010-03-30,1.90115,1.9013,1.88595,1.88925,33670.4
2010-03-31,1.88935,1.9125,1.88505,1.909,36887.2
2010-04-01,1.90905,1.92085,1.90675,1.9188,33100.4
2010-04-02,1.9187,1.92145,1.90431,1.91013,16870.2
2010-04-03,1.91013,1.91013,1.91013,1.91013,0.0
2010-04-04,1.91131,1.91365,1.90504,1.90914,3360.8
2010-04-05,1.90975,1.92365,1.90863,1.9125,18714.0
2010-04-06,1.9126,1.91995,1.8933,1.89625,36341.6
2010-04-07,1.89635,1.9027,1.88295,1.8866,31815.6
2010-04-08,1.8867,1.896,1.8838,1.88915,32833.4
2010-04-09,1.88905,1.89015,1.87555,1.88223,30712.8
2010-04-10,1.88223,1.88223,1.88223,1.88223,0.0
2010-04-11,1.88564,1.90175,1.8808,1.90175,9165.0
2010-04-12,1.9017,1.9108,1.8973,1.9035,36851.8
2010-04-13,1.90355,1.9203,1.9001,1.9173,35732.2
2010-04-14,1.9174,1.92085,1.90645,1.9081,35490.4
2010-04-15,1.9084,1.91135,1.8946,1.9029,33387.6
2010-04-16,1.903,1.9089,1.89125,1.90207,36107.0
2010-04-17,1.90207,1.90207,1.90207,1.90207,0.0
2010-04-18,1.90397,1.90695,1.89469,1.90145,5276.0
2010-04-19,1.9014,1.9049,1.88745,1.90025,36311.4
2010-04-20,1.90045,1.90235,1.88494,1.88885,33743.4
2010-04-21,1.889,1.89125,1.87835,1.88495,33379.2
2010-04-22,1.8849,1.8864,1.86285,1.86405,42167.4
2010-04-23,1.86415,1.8743,1.8574,1.8632,42372.8
2010-04-24,1.8632,1.8632,1.8632,1.8632,0.0
2010-04-25,1.86642,1.86642,1.85628,1.86355,4453.4
2010-04-26,1.86355,1.86425,1.83865,1.8538,36214.8
2010-04-27,1.85375,1.86075,1.84101,1.8495,47161.8
2010-04-28,1.8494,1.85395,1.82586,1.8408,46216.8
2010-04-29,1.8407,1.84545,1.82586,1.82793,39906.6
2010-04-30,1.82949,1.83004,1.82397,1.82522,4630.6
2010-05-01,1.82522,1.82522,1.82522,1.82522,0.0
2010-05-02,1.82758,1.8398,1.82428,1.82705,5506.2
2010-05-03,1.82695,1.82725,1.80205,1.80665,66154.1
2010-05-04,1.80665,1.81455,1.79945,1.8003,123536.5
2010-05-05,1.80025,1.80685,1.7611,1.7645,134575.1
2010-05-06,1.76455,1.78935,1.75205,1.77065,134161.3
2010-05-07,1.7706,1.79905,1.7675,1.78415,139358.8
2010-05-08,1.78415,1.78415,1.78415,1.78415,0.0
2010-05-09,1.78598,1.80403,1.77884,1.79535,19695.2
2010-05-10,1.7953,1.8066,1.76664,1.7702,152430.6
2010-05-11,1.77015,1.77635,1.7593,1.76045,146992.6
2010-05-12,1.76055,1.77615,1.75925,1.7682,113373.9
2010-05-13,1.7682,1.7688,1.748,1.75985,120856.8
2010-05-14,1.75985,1.7628,1.73665,1.74442,132806.7
2010-05-15,1.74442,1.74442,1.74442,1.74442,0.0
2010-05-16,1.74716,1.7524,1.74058,1.75045,15207.6
2010-05-17,1.75035,1.78035,1.745,1.7755,120335.7
2010-05-18,1.77565,1.7776,1.75375,1.76855,139683.9
2010-05-19,1.7687,1.8458,1.76755,1.81795,157177.0
2010-05-20,1.81795,1.88535,1.7961,1.87685,128359.51
2010-05-21,1.87685,1.88645,1.83925,1.85095,104522.5
2010-05-22,1.85095,1.85095,1.85095,1.85095,0.0
2010-05-23,1.85277,1.8589,1.84267,1.85415,17541.0
2010-05-24,1.85405,1.8666,1.8315,1.83655,133580.6
2010-05-25,1.83655,1.85735,1.83455,1.84495,151608.0
2010-05-26,1.84495,1.85065,1.81735,1.83015,141824.5
2010-05-27,1.8301,1.83895,1.7961,1.81145,135686.3
2010-05-28,1.81135,1.823,1.79545,1.8047,121931.1
2010-05-29,1.8047,1.8047,1.8047,1.8047,0.0
2010-05-30,1.80703,1.81665,1.80147,1.81355,19123.3
2010-05-31,1.81355,1.8295,1.79795,1.8047,76987.0
2010-06-01,1.80465,1.81515,1.7961,1.8076,131848.9
2010-06-02,1.8076,1.81865,1.79255,1.7949,128900.8
2010-06-03,1.7949,1.79975,1.77345,1.77915,111060.1
2010-06-04,1.77915,1.7938,1.7675,1.78207,138090.1
2010-06-05,1.78207,1.78207,1.78207,1.78207,0.0
2010-06-06,1.7854,1.792,1.77409,1.7868,21070.1
2010-06-07,1.7867,1.81205,1.7852,1.80745,130895.5
2010-06-08,1.8075,1.81265,1.78685,1.79935,147069.0
2010-06-09,1.7992,1.80495,1.7749,1.78,131060.5
2010-06-10,1.78005,1.78355,1.76135,1.77015,124570.8
2010-06-11,1.7701,1.77935,1.74935,1.75095,122364.2
2010-06-12,1.75095,1.75095,1.75095,1.75095,0.0
2010-06-13,1.74962,1.7629,1.74893,1.76205,18678.5
2010-06-14,1.76205,1.76205,1.74935,1.75615,117622.4
2010-06-15,1.75605,1.77275,1.7547,1.7644,141738.2
2010-06-16,1.7644,1.7766,1.7602,1.7648,121472.6
2010-06-17,1.7648,1.76785,1.7473,1.7596,117097.3
2010-06-18,1.75947,1.76295,1.74915,1.74988,86504.9
2010-06-19,1.74988,1.74988,1.74988,1.74988,0.0
2010-06-20,1.74955,1.76522,1.73985,1.7436,24086.1
2010-06-21,1.74355,1.75015,1.73195,1.73805,109991.8
2010-06-22,1.73805,1.74355,1.73115,1.74045,112038.5
2010-06-23,1.74025,1.7445,1.71835,1.7251,114203.4
2010-06-24,1.7251,1.74785,1.7236,1.74305,104396.7
2010-06-25,1.74315,1.7526,1.7297,1.73015,108375.0
2010-06-26,1.73015,1.73015,1.73015,1.73015,0.0
2010-06-27,1.73325,1.73865,1.72641,1.7372,14943.9
2010-06-28,1.7371,1.74975,1.72955,1.7386,107737.1
2010-06-29,1.7387,1.7623,1.7368,1.7594,135833.4
2010-06-30,1.75945,1.7875,1.7592,1.78245,123970.2
2010-07-01,1.78245,1.8211,1.7796,1.81005,124005.9
2010-07-02,1.81005,1.8264,1.79695,1.82335,96390.5
2010-07-03,1.82335,1.82335,1.82335,1.82335,0.0
2010-07-04,1.82448,1.83005,1.81598,1.82915,16221.1
2010-07-05,1.82925,1.82955,1.80775,1.8246,69370.8
2010-07-06,1.82455,1.8291,1.807,1.8169,106353.6
2010-07-07,1.8169,1.82425,1.7932,1.79595,117220.3
2010-07-08,1.79595,1.79865,1.78335,1.7907,89459.1
2010-07-09,1.7906,1.79595,1.77572,1.77612,73160.2
2010-07-10,1.77612,1.77612,1.77612,1.77612,0.0
2010-07-11,1.77657,1.7838,1.77129,1.77995,16487.3
2010-07-12,1.7799,1.78205,1.76301,1.7689,75682.0
2010-07-13,1.76895,1.7734,1.762,1.7708,96543.0
2010-07-14,1.77075,1.7738,1.75735,1.76465,76364.2
2010-07-15,1.76465,1.7933,1.76035,1.787,110532.97
2010-07-16,1.7868,1.82195,1.78155,1.819,104123.1
2010-07-17,1.819,1.819,1.819,1.819,0.0
2010-07-18,1.81973,1.8309,1.81007,1.8302,10827.8
2010-07-19,1.83025,1.84405,1.8163,1.83275,105369.1
2010-07-20,1.83265,1.8333,1.79402,1.7962,97164.9
2010-07-21,1.7962,1.80225,1.78145,1.79265,88215.7
2010-07-22,1.7927,1.7985,1.7737,1.77785,106299.2
2010-07-23,1.77795,1.78615,1.76145,1.77038,94767.1
2010-07-24,1.77038,1.77038,1.77038,1.77038,0.0
2010-07-25,1.77535,1.7782,1.76587,1.7776,10160.4
2010-07-26,1.77765,1.7788,1.76555,1.7714,93020.4
2010-07-27,1.77135,1.77625,1.76125,1.77545,109700.0
2010-07-28,1.77565,1.80295,1.7715,1.7972,116694.7
2010-07-29,1.7973,1.8116,1.7925,1.80575,105615.3
2010-07-30,1.80575,1.81605,1.79355,1.79668,92433.1
2010-07-31,1.79668,1.79668,1.79668,1.79668,0.0
2010-08-01,1.79548,1.80083,1.79245,1.7931,9897.7
2010-08-02,1.79305,1.8021,1.78035,1.7963,95137.2
2010-08-03,1.7962,1.8067,1.7921,1.8003,85522.8
2010-08-04,1.80025,1.80835,1.7871,1.80455,91894.6
2010-08-05,1.80455,1.81825,1.8015,1.8075,82939.2
2010-08-06,1.8074,1.82485,1.7992,1.80868,84797.2
2010-08-07,1.80868,1.80868,1.80868,1.80868,0.0
2010-08-08,1.8085,1.8191,1.80704,1.8173,8353.3
2010-08-09,1.8172,1.82125,1.8118,1.8141,98508.1
2010-08-10,1.81415,1.831,1.81165,1.8222,139508.6
2010-08-11,1.82235,1.82495,1.7932,1.8025,142151.99
2010-08-12,1.8025,1.81455,1.7968,1.80285,152018.5
2010-08-13,1.80285,1.80875,1.7949,1.80462,105219.5
2010-08-14,1.80462,1.80462,1.80462,1.80462,0.0
2010-08-15,1.80718,1.8096,1.79841,1.8083,18480.8
2010-08-16,1.8083,1.82735,1.8073,1.81765,113504.1
2010-08-17,1.81765,1.8191,1.801,1.8073,105162.7
2010-08-18,1.8073,1.8082,1.7923,1.7968,98792.6
2010-08-19,1.79695,1.81825,1.7908,1.81475,123562.1
2010-08-20,1.8148,1.8199,1.79533,1.79545,92831.2
2010-08-21,1.79545,1.79545,1.79545,1.79545,0.0
2010-08-22,1.79628,1.80274,1.79508,1.79895,12817.6
2010-08-23,1.79895,1.8033,1.7835,1.79085,91208.9
2010-08-24,1.7908,1.8046,1.7873,1.7976,106640.8
2010-08-25,1.7974,1.81985,1.79565,1.8065,111044.9
2010-08-26,1.8066,1.8134,1.79425,1.80825,113130.3
2010-08-27,1.80825,1.80845,1.7829,1.7919,89261.8
2010-08-28,1.7919,1.7919,1.7919,1.7919,0.0
2010-08-29,1.78708,1.79455,1.78211,1.7911,12401.2
2010-08-30,1.7911,1.80165,1.7846,1.80145,95355.2
2010-08-31,1.80145,1.82425,1.7945,1.81205,91074.3
2010-09-01,1.8122,1.8192,1.7957,1.8013,86026.2
2010-09-02,1.8013,1.8024,1.78575,1.7954,69318.0
2010-09-03,1.7954,1.7963,1.77995,1.78563,57750.8
2010-09-04,1.78563,1.78563,1.78563,1.78563,0.0
2010-09-05,1.7862,1.79446,1.7861,1.79025,13442.1
2010-09-06,1.79025,1.79035,1.7739,1.7761,59903.4
2010-09-07,1.776,1.7779,1.7594,1.7642,102266.7
2010-09-08,1.7643,1.77305,1.75615,1.7645,114724.1
2010-09-09,1.7645,1.7666,1.7477,1.7495,93596.7
2010-09-10,1.7494,1.75595,1.73807,1.73832,82574.6
2010-09-11,1.73832,1.73832,1.73832,1.73832,0.0
2010-09-12,1.73852,1.747,1.7336,1.74605,12121.1
2010-09-13,1.74605,1.765,1.74585,1.76125,98850.7
2010-09-14,1.76125,1.77395,1.7578,1.77195,111163.3
2010-09-15,1.77195,1.7924,1.7678,1.7859,125389.0
2010-09-16,1.78585,1.8116,1.7852,1.8043,94987.7
2010-09-17,1.80435,1.80465,1.78965,1.7973,84561.25
2010-09-18,1.7973,1.7973,1.7973,1.7973,0.0
2010-09-19,1.79597,1.799,1.7926,1.79555,12729.9
2010-09-20,1.79555,1.7986,1.7843,1.7915,77124.9
2010-09-21,1.7915,1.8101,1.7913,1.80545,80001.4
2010-09-22,1.80545,1.8318,1.8012,1.8283,72113.7
2010-09-23,1.8283,1.83595,1.8194,1.82635,82899.6
2010-09-24,1.82635,1.83915,1.82465,1.834,75519.4
2010-09-25,1.834,1.834,1.834,1.834,0.0
2010-09-26,1.8364,1.83776,1.82745,1.8318,10686.4
2010-09-27,1.8318,1.83675,1.8287,1.8322,86223.6
2010-09-28,1.8321,1.8395,1.82895,1.8374,85268.3
2010-09-29,1.83745,1.8543,1.836,1.8499,63012.2
2010-09-30,1.8498,1.8592,1.84105,1.8537,67788.2
2010-10-01,1.85375,1.86,1.84535,1.8517,63455.8
2010-10-02,1.84815,1.84815,1.84815,1.84815,0.0
2010-10-03,1.8517,1.8549,1.8474,1.85375,9710.6
2010-10-04,1.85375,1.85475,1.84395,1.8474,72614.0
2010-10-05,1.8474,1.85895,1.8449,1.8517,71234.0
2010-10-06,1.8516,1.8549,1.8383,1.84735,74792.0
2010-10-07,1.84735,1.85865,1.8405,1.8547,70898.0
2010-10-08,1.8547,1.8691,1.84125,1.844,63636.0
2010-10-09,1.84255,1.84255,1.84255,1.84255,0.0
2010-10-10,1.844,1.8526,1.84117,1.8494,13367.2
2010-10-11,1.84935,1.85505,1.84155,1.84775,68429.0
2010-10-12,1.84765,1.85175,1.832,1.8406,79159.0
2010-10-13,1.8406,1.84775,1.82615,1.8417,76467.0
2010-10-14,1.8417,1.86005,1.83735,1.8554,86797.0
2010-10-15,1.8554,1.86255,1.84509,1.84835,77752.4
2010-10-16,1.8479,1.8479,1.8479,1.8479,0.0
2010-10-17,1.84835,1.8529,1.84438,1.8515,14994.8
2010-10-18,1.8515,1.85165,1.8399,1.8435,92454.0
2010-10-19,1.8435,1.85475,1.84015,1.8425,91846.0
2010-10-20,1.84295,1.8571,1.84205,1.85395,88227.0
2010-10-21,1.85405,1.87,1.84815,1.86375,96587.0
2010-10-22,1.86375,1.8704,1.85685,1.8678,69942.8
2010-10-23,1.86658,1.86658,1.86658,1.86658,0.0
2010-10-24,1.8678,1.87234,1.85862,1.86572,26900.3
2010-10-25,1.8658,1.86824,1.84998,1.85195,154634.0
2010-10-26,1.85181,1.85717,1.84682,1.85112,103320.0
2010-10-27,1.8511,1.85715,1.84214,1.84413,120799.0
2010-10-28,1.84413,1.85311,1.84083,1.84792,105730.0
2010-10-29,1.84785,1.84801,1.81557,1.81844,103007.5
2010-10-30,1.81824,1.81824,1.81824,1.81824,0.0
2010-10-31,1.81844,1.82524,1.81759,1.82396,20808.9
2010-11-01,1.824,1.82741,1.8063,1.81339,119580.0
2010-11-02,1.81339,1.82336,1.80832,1.81968,121609.0
2010-11-03,1.81968,1.82054,1.79067,1.79582,141769.0
2010-11-04,1.79582,1.80528,1.78437,1.79042,138120.0
2010-11-05,1.79043,1.79285,1.75908,1.76158,123120.8
2010-11-06,1.76219,1.76219,1.76219,1.76219,0.0
2010-11-07,1.76158,1.77777,1.75785,1.77575,28013.0
2010-11-08,1.77577,1.77775,1.76179,1.76312,137551.0
2010-11-09,1.76311,1.77748,1.75845,1.77326,145702.0
2010-11-10,1.77312,1.7753,1.75517,1.76201,155071.0
2010-11-11,1.76201,1.76379,1.74741,1.75156,134524.0
2010-11-12,1.75128,1.77191,1.74722,1.76826,142528.7
2010-11-13,1.76815,1.76815,1.76815,1.76815,0.0
2010-11-14,1.76826,1.7701,1.75968,1.76536,23837.6
2010-11-15,1.76532,1.78003,1.74875,1.75718,124658.0
2010-11-16,1.7571,1.76737,1.75313,1.75582,134652.0
2010-11-17,1.7558,1.76653,1.75228,1.75646,111969.0
2010-11-18,1.75647,1.75952,1.74867,1.75149,104763.0
2010-11-19,1.75124,1.76442,1.75124,1.7554,88224.9
2010-11-20,1.75521,1.75521,1.75521,1.75521,0.0
2010-11-21,1.7554,1.76119,1.75194,1.7598,18985.8
2010-11-22,1.75989,1.78151,1.75503,1.76348,103559.0
2010-11-23,1.76334,1.7735,1.75027,1.76002,131830.0
2010-11-24,1.76002,1.76131,1.7477,1.75292,128271.0
2010-11-25,1.75292,1.76044,1.74732,1.75317,74206.0
2010-11-26,1.75317,1.76871,1.75143,1.76485,102970.3
2010-11-27,1.76488,1.76488,1.76488,1.76488,0.0
2010-11-28,1.76485,1.77344,1.7604,1.76187,16749.1
2010-11-29,1.76178,1.77047,1.75472,1.75918,139199.0
2010-11-30,1.75926,1.76373,1.74278,1.7515,191408.0
2010-12-01,1.7515,1.75882,1.74318,1.75411,170029.0
2010-12-02,1.75404,1.7579,1.74125,1.74652,153687.0
2010-12-03,1.74652,1.75965,1.74348,1.74958,131687.9
2010-12-04,1.74944,1.74944,1.74944,1.74944,0.0
2010-12-05,1.74958,1.75476,1.74546,1.75233,16226.4
2010-12-06,1.75225,1.75414,1.74323,1.74557,114182.0
2010-12-07,1.74544,1.75398,1.74395,1.75071,137742.0
2010-12-08,1.75058,1.78161,1.74969,1.77299,137044.0
2010-12-09,1.77307,1.77993,1.76485,1.76734,130361.0
2010-12-10,1.76732,1.77078,1.75875,1.76838,109094.1
2010-12-11,1.76639,1.76639,1.76639,1.76639,0.0
2010-12-12,1.76838,1.77011,1.76161,1.76574,17818.3
2010-12-13,1.76585,1.78371,1.75842,1.7818,125763.0
2010-12-14,1.78167,1.78813,1.77476,1.77948,146322.0
2010-12-15,1.77948,1.79395,1.77613,1.78612,128471.0
2010-12-16,1.78612,1.8005,1.78566,1.78801,105271.0
2010-12-17,1.78814,1.80495,1.78268,1.79044,121740.3
2010-12-18,1.78877,1.78877,1.78877,1.78877,0.0
2010-12-19,1.79044,1.79127,1.7811,1.78888,14454.7
2010-12-20,1.78898,1.78993,1.7642,1.77089,123345.0
2010-12-21,1.77093,1.77276,1.7571,1.76224,126704.0
2010-12-22,1.76223,1.77252,1.75868,1.76516,107263.0
2010-12-23,1.76516,1.76559,1.74645,1.75301,95025.0
2010-12-24,1.75301,1.7573,1.74718,1.74889,40966.2
2010-12-25,1.75183,1.75183,1.75183,1.75183,0.0
2010-12-26,1.74889,1.75721,1.74844,1.75104,18280.44
2010-12-27,1.75098,1.76111,1.7505,1.75679,88151.0
2010-12-28,1.75691,1.76484,1.72373,1.73323,131052.0
2010-12-29,1.73323,1.73428,1.71612,1.72415,112518.0
2010-12-30,1.72415,1.72984,1.71668,1.72359,104659.0
2010-12-31,1.72359,1.72824,1.71077,1.71484,88106.35
2011-01-01,1.71421,1.71421,1.71421,1.71421,0.0
2011-01-02,1.71484,1.71993,1.70835,1.71572,16047.87
2011-01-03,1.71573,1.72786,1.70771,1.72594,101585.0
2011-01-04,1.72601,1.75416,1.72369,1.73438,160714.0
2011-01-05,1.73442,1.74015,1.72461,1.73453,164621.0
2011-01-06,1.7345,1.73776,1.71483,1.71717,153115.0
2011-01-07,1.71707,1.71896,1.69426,1.69798,151587.0
2011-01-08,1.69527,1.69527,1.69527,1.69527,0.0
2011-01-09,1.69798,1.70425,1.6892,1.6982,23057.32
2011-01-10,1.69819,1.70495,1.69312,1.69825,125660.0
2011-01-11,1.69814,1.71065,1.69648,1.71002,157613.0
2011-01-12,1.71,1.72583,1.70617,1.72174,148664.0
2011-01-13,1.72171,1.73868,1.70906,1.7296,146298.0
2011-01-14,1.72947,1.75048,1.7272,1.74662,136669.0
2011-01-15,1.74562,1.74562,1.74562,1.74562,0.0
2011-01-16,1.74662,1.74662,1.73715,1.73941,26082.2
2011-01-17,1.73941,1.7408,1.71525,1.71987,128548.0
2011-01-18,1.71989,1.74154,1.71841,1.73357,163236.0
2011-01-19,1.73357,1.76071,1.73206,1.75803,161140.0
2011-01-20,1.75803,1.78484,1.75323,1.783,154031.0
2011-01-21,1.78306,1.79743,1.77973,1.79158,134073.88
2011-01-22,1.79306,1.79306,1.79306,1.79306,0.0
2011-01-23,1.79158,1.79948,1.78639,1.79437,21120.29
2011-01-24,1.79438,1.79632,1.78251,1.78459,127361.0
2011-01-25,1.78445,1.78928,1.77737,1.78301,156709.0
2011-01-26,1.78294,1.78927,1.77082,1.77247,132223.0
2011-01-27,1.77247,1.78308,1.76974,1.77697,139833.0
2011-01-28,1.77697,1.78142,1.75655,1.75804,128668.22
2011-01-29,1.7579,1.7579,1.7579,1.7579,0.0
2011-01-30,1.75804,1.76682,1.75447,1.76381,23831.94
2011-01-31,1.7639,1.77987,1.7573,1.77437,151386.0
2011-02-01,1.77436,1.77726,1.76626,1.76767,159801.0
2011-02-02,1.76767,1.7884,1.76338,1.78491,138202.0
2011-02-03,1.78491,1.79105,1.75991,1.76258,140039.0
2011-02-04,1.76268,1.7711,1.7535,1.76258,128724.61
2011-02-05,1.76165,1.76165,1.76165,1.76165,0.0
2011-02-06,1.76258,1.76701,1.75528,1.76263,24261.94
2011-02-07,1.76284,1.77175,1.75498,1.75934,124479.0
2011-02-08,1.75921,1.76547,1.75018,1.75659,127952.0
2011-02-09,1.75661,1.78083,1.75566,1.77826,123532.0
2011-02-10,1.77814,1.78922,1.77182,1.78548,133943.0
2011-02-11,1.78548,1.79088,1.77878,1.78023,119023.75
2011-02-12,1.77985,1.77985,1.77985,1.77985,0.0
2011-02-13,1.78023,1.78985,1.77295,1.78364,21425.34
2011-02-14,1.78366,1.78703,1.77684,1.78387,112834.0
2011-02-15,1.78387,1.79783,1.78025,1.79447,133070.0
2011-02-16,1.79447,1.80467,1.79087,1.79664,124657.0
2011-02-17,1.79656,1.80168,1.78719,1.79488,116058.0
2011-02-18,1.79488,1.79786,1.77864,1.79673,114911.28
2011-02-19,1.79688,1.79688,1.79688,1.79688,0.0
2011-02-20,1.79673,1.79815,1.79077,1.79588,13961.67
2011-02-21,1.79587,1.79782,1.78685,1.79337,66300.0
2011-02-22,1.79348,1.83679,1.79348,1.82802,136908.0
2011-02-23,1.82802,1.84988,1.82301,1.84627,111023.0
2011-02-24,1.84627,1.84924,1.83706,1.83958,113754.0
2011-02-25,1.83966,1.84811,1.82605,1.82852,80961.0
2011-02-26,1.82563,1.82563,1.82563,1.82563,0.0
2011-02-27,1.82852,1.83532,1.82317,1.82664,12558.29
2011-02-28,1.82664,1.84218,1.822,1.83538,95529.0
2011-03-01,1.83555,1.84577,1.83242,1.84245,110509.0
2011-03-02,1.84233,1.86925,1.84162,1.8662,111659.0
2011-03-03,1.86627,1.88812,1.85482,1.8864,103952.0
2011-03-04,1.8864,1.90089,1.88492,1.8931,80975.24
2011-03-05,1.89176,1.89176,1.89176,1.89176,0.0
2011-03-06,1.8931,1.90373,1.88994,1.89681,13135.08
2011-03-07,1.89684,1.90229,1.89069,1.89353,121235.0
2011-03-08,1.89353,1.89627,1.87559,1.87742,103202.0
2011-03-09,1.87744,1.89437,1.87074,1.88848,94326.0
2011-03-10,1.88848,1.89083,1.87341,1.87845,97770.0
2011-03-11,1.87845,1.88349,1.86032,1.87082,100270.43
2011-03-12,1.87097,1.87097,1.87097,1.87097,0.0
2011-03-13,1.87082,1.89335,1.87064,1.88387,17598.53
2011-03-14,1.88386,1.89624,1.87915,1.89312,91117.0
2011-03-15,1.89312,1.91712,1.89213,1.9094,150869.0
2011-03-16,1.90938,1.95586,1.89724,1.92243,147261.0
2011-03-17,1.92254,1.9567,1.91999,1.94269,148042.0
2011-03-18,1.94269,1.94647,1.92496,1.93787,126639.26
2011-03-19,1.93802,1.93802,1.93802,1.93802,0.0
2011-03-20,1.93787,1.94425,1.93406,1.93492,24633.76
2011-03-21,1.93519,1.93969,1.92337,1.93242,89738.0
2011-03-22,1.93261,1.93649,1.91101,1.91575,95432.0
2011-03-23,1.91583,1.91973,1.89422,1.8968,98008.0
2011-03-24,1.89671,1.89686,1.88096,1.88656,95821.0
2011-03-25,1.88656,1.89239,1.86289,1.86788,94515.81
2011-03-26,1.86911,1.86911,1.86911,1.86911,0.0
2011-03-27,1.86788,1.87115,1.85673,1.8668,14139.36
2011-03-28,1.86675,1.87816,1.86616,1.87617,82756.0
2011-03-29,1.87631,1.88051,1.85863,1.86367,93881.0
2011-03-30,1.86367,1.86546,1.84236,1.85486,97028.0
2011-03-31,1.85482,1.86781,1.85373,1.86424,87179.0
2011-04-01,1.86424,1.8675,1.84379,1.85254,85926.11
2011-04-02,1.8544,1.8544,1.8544,1.8544,0.0
2011-04-03,1.85254,1.85501,1.84881,1.85211,7542.94
2011-04-04,1.85211,1.85716,1.84619,1.85046,82563.0
2011-04-05,1.85044,1.85361,1.83808,1.85217,87352.0
2011-04-06,1.85207,1.85236,1.83546,1.83984,98106.0
2011-04-07,1.83994,1.84517,1.82994,1.84092,98488.0
2011-04-08,1.84103,1.85197,1.83621,1.84893,83676.21
2011-04-09,1.84937,1.84937,1.84937,1.84937,0.0
2011-04-10,1.84893,1.85219,1.84128,1.85065,10197.36
2011-04-11,1.85065,1.85299,1.84146,1.8435,77570.0
2011-04-12,1.84352,1.85624,1.83807,1.84346,114615.0
2011-04-13,1.84346,1.8462,1.82599,1.83286,96019.0
2011-04-14,1.83273,1.83315,1.81999,1.82515,103368.0
2011-04-15,1.8251,1.82549,1.80257,1.80279,87791.35
2011-04-16,1.80395,1.80395,1.80395,1.80395,0.0
2011-04-17,1.80279,1.81508,1.79931,1.81279,18546.35
2011-04-18,1.8128,1.82066,1.79786,1.80893,104125.0
2011-04-19,1.80881,1.82221,1.80615,1.81687,101409.0
2011-04-20,1.81685,1.82851,1.80976,1.8208,115636.0
2011-04-21,1.82068,1.82865,1.81135,1.81516,97841.0
2011-04-22,1.81516,1.81916,1.81143,1.81471,30020.83
2011-04-23,1.81536,1.81536,1.81536,1.81536,0.0
2011-04-24,1.81471,1.81663,1.80938,1.81511,9004.28
2011-04-25,1.81511,1.82406,1.81473,1.81998,68571.0
2011-04-26,1.82,1.8223,1.81321,1.81838,108720.0
2011-04-27,1.81838,1.84577,1.81136,1.84147,120263.0
2011-04-28,1.84147,1.85435,1.83863,1.84664,119878.0
2011-04-29,1.84667,1.85321,1.82664,1.82664,67704.73
2011-04-30,1.82785,1.82785,1.82785,1.82785,0.0
2011-05-01,1.82664,1.8401,1.8246,1.83328,13880.68
2011-05-02,1.83328,1.84083,1.83013,1.83887,98716.0
2011-05-03,1.83893,1.85899,1.83646,1.85764,113309.0
2011-05-04,1.85764,1.88842,1.85706,1.87606,134205.0
2011-05-05,1.87613,1.88842,1.84412,1.84803,146328.0
2011-05-06,1.84793,1.85142,1.80683,1.80776,148824.16
2011-05-07,1.81018,1.81018,1.81018,1.81018,0.0
2011-05-08,1.80776,1.82013,1.80697,1.81694,16013.21
2011-05-09,1.81694,1.82026,1.8021,1.81307,132749.0
2011-05-10,1.8129,1.81607,1.80369,1.81324,136534.0
2011-05-11,1.81335,1.81395,1.79511,1.7998,132093.0
2011-05-12,1.79974,1.80474,1.7837,1.79222,152581.0
2011-05-13,1.79224,1.80676,1.78823,1.79163,132699.73
2011-05-14,1.79142,1.79142,1.79142,1.79142,0.0
2011-05-15,1.79163,1.79492,1.78629,1.79216,11699.8
2011-05-16,1.7919,1.82098,1.79165,1.81397,144280.0
2011-05-17,1.81397,1.82075,1.81072,1.81557,154998.0
2011-05-18,1.81557,1.81606,1.80183,1.80468,136509.0
2011-05-19,1.80468,1.81344,1.79636,1.80893,135990.0
2011-05-20,1.80893,1.8101,1.77405,1.77797,124890.34
2011-05-21,1.77797,1.77797,1.77797,1.77797,0.0
2011-05-22,1.77713,1.78054,1.76994,1.77616,16960.92
2011-05-23,1.77616,1.78446,1.77175,1.77516,141452.0
2011-05-24,1.77525,1.77647,1.75686,1.76687,140978.0
2011-05-25,1.76687,1.77439,1.7601,1.76536,148343.0
2011-05-26,1.76536,1.76722,1.73926,1.74425,143764.0
2011-05-27,1.74417,1.75447,1.73567,1.74609,137371.31
2011-05-28,1.74722,1.74722,1.74722,1.74722,0.0
2011-05-29,1.74609,1.75321,1.73855,1.74027,14307.64
2011-05-30,1.74027,1.75198,1.73834,1.74934,75952.0
2011-05-31,1.74934,1.75159,1.73986,1.74898,134697.0
2011-06-01,1.74899,1.76115,1.74649,1.75814,139054.0
2011-06-02,1.75813,1.77911,1.7549,1.77608,135085.0
2011-06-03,1.77608,1.79704,1.77026,1.79301,138296.99
2011-06-04,1.79368,1.79368,1.79368,1.79368,0.0
2011-06-05,1.79301,1.79472,1.7868,1.79336,17086.71
2011-06-06,1.7933,1.79717,1.78576,1.78878,130835.0
2011-06-07,1.78878,1.79137,1.78236,1.78976,131251.0
2011-06-08,1.7899,1.79972,1.77107,1.77136,132460.0
2011-06-09,1.77145,1.78771,1.75033,1.75913,133779.0
2011-06-10,1.759,1.76105,1.74019,1.74459,126831.38
2011-06-11,1.74584,1.74584,1.74584,1.74584,0.0
2011-06-12,1.74459,1.74808,1.7366,1.74747,15285.58
2011-06-13,1.74744,1.77124,1.74577,1.76432,130938.0
2011-06-14,1.76439,1.77271,1.75871,1.76437,129966.0
2011-06-15,1.76437,1.77,1.75408,1.75843,154696.0
2011-06-16,1.75841,1.77098,1.75636,1.7625,169014.0
2011-06-17,1.7625,1.76929,1.75751,1.76018,144948.41
2011-06-18,1.75794,1.75794,1.75794,1.75794,0.0
2011-06-19,1.76018,1.76391,1.75481,1.76039,12351.96
2011-06-20,1.76034,1.77286,1.75906,1.77218,143074.0
2011-06-21,1.77207,1.77617,1.76163,1.76998,132544.0
2011-06-22,1.76996,1.77173,1.75653,1.75823,132752.0
2011-06-23,1.75812,1.75886,1.74519,1.75197,154543.0
2011-06-24,1.75186,1.75491,1.74207,1.74601,142466.68
2011-06-25,1.74773,1.74773,1.74773,1.74773,0.0
2011-06-26,1.74601,1.76601,1.74282,1.76269,15764.46
2011-06-27,1.76276,1.77997,1.75621,1.77874,159982.0
2011-06-28,1.77874,1.7834,1.76706,1.76856,161300.0
2011-06-29,1.76867,1.77008,1.74505,1.74737,167293.0
2011-06-30,1.74737,1.75755,1.74332,1.75146,154736.0
2011-07-01,1.75161,1.75899,1.75014,1.75505,144558.01
2011-07-02,1.75543,1.75543,1.75543,1.75543,0.0
2011-07-03,1.75505,1.75898,1.74871,1.75656,17262.77
2011-07-04,1.75655,1.75796,1.74443,1.74719,99974.0
2011-07-05,1.7472,1.75194,1.73881,1.7448,139772.0
2011-07-06,1.74479,1.74671,1.72775,1.73115,145917.0
2011-07-07,1.73115,1.73516,1.71915,1.724,141641.0
2011-07-08,1.72391,1.72654,1.69994,1.70126,142990.55
2011-07-09,1.70195,1.70195,1.70195,1.70195,0.0
2011-07-10,1.70126,1.70754,1.69908,1.70302,17669.88
2011-07-11,1.70305,1.70409,1.68546,1.69815,191262.0
2011-07-12,1.69815,1.71424,1.69714,1.70367,244876.0
2011-07-13,1.70362,1.70656,1.67355,1.68009,218483.0
2011-07-14,1.68016,1.68876,1.67574,1.67881,205278.0
2011-07-15,1.67881,1.68745,1.66968,1.67552,159690.28
2011-07-16,1.67389,1.67389,1.67389,1.67389,0.0
2011-07-17,1.67552,1.67583,1.66318,1.66676,20291.17
2011-07-18,1.66676,1.67297,1.65986,1.67157,162818.0
2011-07-19,1.67165,1.67276,1.65018,1.65746,170557.0
2011-07-20,1.65743,1.66435,1.65489,1.6632,151654.0
2011-07-21,1.66319,1.67297,1.65212,1.66923,181588.0
2011-07-22,1.66927,1.67628,1.65748,1.65874,142481.02
2011-07-23,1.65867,1.65867,1.65867,1.65867,0.0
2011-07-24,1.65874,1.66591,1.65762,1.66377,15793.4
2011-07-25,1.66369,1.66833,1.65519,1.66582,144339.0
2011-07-26,1.6658,1.66861,1.65583,1.66452,156518.0
2011-07-27,1.66452,1.66635,1.64579,1.64616,162029.0
2011-07-28,1.64616,1.65096,1.63386,1.64658,154575.0
2011-07-29,1.64647,1.65844,1.63381,1.63626,169106.05
2011-07-30,1.63823,1.63823,1.63823,1.63823,0.0
2011-07-31,1.63626,1.63913,1.6257,1.63043,21771.61
2011-08-01,1.63038,1.64151,1.62053,1.62858,167283.0
2011-08-02,1.62858,1.64609,1.6204,1.64361,191844.0
2011-08-03,1.64341,1.66251,1.64097,1.65864,213520.0
2011-08-04,1.65866,1.69921,1.65694,1.69731,255713.0
2011-08-05,1.69757,1.70322,1.67986,1.69256,245809.5
2011-08-06,1.69037,1.69037,1.69037,1.69037,0.0
2011-08-07,1.69256,1.71554,1.69147,1.71337,24606.26
2011-08-08,1.71337,1.73625,1.7032,1.73396,275812.0
2011-08-09,1.734,1.77683,1.70697,1.71595,250755.0
2011-08-10,1.71597,1.75735,1.70763,1.74454,253138.0
2011-08-11,1.74443,1.74822,1.70847,1.71577,285148.0
2011-08-12,1.71577,1.73394,1.70717,1.71077,187091.47
2011-08-13,1.71108,1.71108,1.71108,1.71108,0.0
2011-08-14,1.71077,1.71256,1.70742,1.70945,17470.04
2011-08-15,1.70945,1.74628,1.70429,1.73168,166511.0
2011-08-16,1.73166,1.7412,1.71916,1.72477,187494.0
2011-08-17,1.72474,1.72903,1.71732,1.72346,164630.0
2011-08-18,1.72346,1.74765,1.72082,1.74678,174298.0
2011-08-19,1.74683,1.76123,1.73523,1.75916,172577.28
2011-08-20,1.75365,1.75365,1.75365,1.75365,0.0
2011-08-21,1.75916,1.75958,1.75261,1.75656,17433.58
2011-08-22,1.75657,1.75944,1.73701,1.74612,145555.0
2011-08-23,1.74612,1.74933,1.7245,1.73496,146112.0
2011-08-24,1.73496,1.74635,1.73243,1.73883,140500.0
2011-08-25,1.73878,1.74439,1.72845,1.73184,125341.0
2011-08-26,1.73187,1.73658,1.71559,1.7248,133948.21
2011-08-27,1.72433,1.72433,1.72433,1.72433,0.0
2011-08-28,1.7248,1.72782,1.72104,1.72218,15494.62
2011-08-29,1.72218,1.72291,1.7098,1.71026,96373.0
2011-08-30,1.71039,1.71062,1.68798,1.69526,117787.0
2011-08-31,1.69538,1.69598,1.68166,1.68729,90300.0
2011-09-01,1.68729,1.69274,1.67246,1.67548,112546.0
2011-09-02,1.67536,1.68171,1.66736,1.67446,146370.2
2011-09-03,1.67604,1.67604,1.67604,1.67604,0.0
2011-09-04,1.67446,1.68207,1.66725,1.67903,10943.2
2011-09-05,1.67899,1.69947,1.67622,1.69771,84946.0
2011-09-06,1.69771,1.70447,1.69002,1.69816,134020.0
2011-09-07,1.69816,1.70439,1.68724,1.68866,116636.0
2011-09-08,1.68866,1.69334,1.66281,1.66605,112058.0
2011-09-09,1.66605,1.66999,1.65542,1.65996,116587.28
2011-09-10,1.65758,1.65758,1.65758,1.65758,0.0
2011-09-11,1.65996,1.66296,1.64874,1.66179,19272.4
2011-09-12,1.66183,1.67214,1.65468,1.65957,155588.0
2011-09-13,1.65966,1.66494,1.65356,1.66047,137099.0
2011-09-14,1.6606,1.68258,1.65736,1.67883,136284.0
2011-09-15,1.67874,1.68832,1.67519,1.68624,118581.0
2011-09-16,1.68623,1.68682,1.65419,1.66354,108149.59
2011-09-17,1.66405,1.66405,1.66405,1.66405,0.0
2011-09-18,1.66354,1.66354,1.65038,1.6554,12692.75
2011-09-19,1.65551,1.66857,1.65334,1.66018,115783.0
2011-09-20,1.66024,1.66765,1.65538,1.66763,98222.0
2011-09-21,1.66763,1.70027,1.6607,1.69944,126191.0
2011-09-22,1.69922,1.73516,1.69378,1.71849,115616.0
2011-09-23,1.71836,1.7451,1.71601,1.73695,99873.85
2011-09-24,1.74003,1.74003,1.74003,1.74003,0.0
2011-09-25,1.73695,1.74754,1.72794,1.7402,12215.95
2011-09-26,1.74026,1.75441,1.72596,1.73156,130967.0
2011-09-27,1.73166,1.73624,1.71117,1.72418,121550.0
2011-09-28,1.72401,1.75274,1.72225,1.75193,107175.0
2011-09-29,1.75122,1.77234,1.7409,1.7665,98512.0
2011-09-30,1.76647,1.77488,1.75104,1.75706,88001.0
2011-10-01,1.75762,1.75762,1.75761,1.75762,4.5
2011-10-02,1.75736,1.75736,1.74547,1.75198,11120.29
2011-10-03,1.75194,1.75856,1.73941,1.75264,108790.0
2011-10-04,1.75256,1.76836,1.74139,1.75303,110779.0
2011-10-05,1.75302,1.75614,1.73601,1.74397,101362.0
2011-10-06,1.74356,1.74892,1.72054,1.74365,99240.0
2011-10-07,1.74381,1.74523,1.72901,1.73531,91158.48
2011-10-08,1.73711,1.73711,1.73711,1.73711,0.0
2011-10-09,1.73531,1.74447,1.73166,1.73785,10437.46
2011-10-10,1.73774,1.74526,1.73104,1.74058,100531.57
2011-10-11,1.74057,1.75213,1.73847,1.75042,110117.26
2011-10-12,1.75028,1.75508,1.72632,1.73382,113768.88
2011-10-13,1.73382,1.73862,1.72767,1.73441,110429.73
2011-10-14,1.73449,1.73563,1.71802,1.72267,90135.74
2011-10-15,1.71907,1.71907,1.71907,1.71907,0.0
2011-10-16,1.72267,1.72966,1.71964,1.72703,9517.26
2011-10-17,1.72717,1.73733,1.71912,1.7318,105051.68
2011-10-18,1.73175,1.74098,1.72385,1.73001,119480.24
2011-10-19,1.73007,1.73903,1.72726,1.73445,109038.51
2011-10-20,1.73445,1.73987,1.72542,1.73699,114299.27
2011-10-21,1.73687,1.74115,1.72568,1.7287,96546.78
2011-10-22,1.72724,1.72724,1.72724,1.72724,0.0
2011-10-23,1.7287,1.73031,1.72147,1.72716,10860.02
2011-10-24,1.72725,1.7326,1.71615,1.72933,89642.98
2011-10-25,1.72924,1.74899,1.72323,1.74562,106662.43
2011-10-26,1.74561,1.75272,1.73344,1.7354,105577.33
2011-10-27,1.73527,1.74139,1.72096,1.72378,120976.36
2011-10-28,1.72372,1.735,1.71505,1.72216,96700.99
2011-10-29,1.7224,1.7224,1.7224,1.7224,0.0
2011-10-30,1.72216,1.72804,1.7203,1.72492,5114.96
2011-10-31,1.72502,1.73234,1.70974,1.71443,119382.15
2011-11-01,1.71443,1.72742,1.70828,1.72162,157530.16
2011-11-02,1.72162,1.75102,1.72067,1.74898,145033.7
2011-11-03,1.74898,1.7522,1.72659,1.73748,152004.0
2011-11-04,1.73748,1.7483,1.73004,1.73751,117806.12
2011-11-05,1.73128,1.73128,1.73128,1.73128,0.0
2011-11-06,1.73751,1.73751,1.72759,1.73078,9649.65
2011-11-07,1.73076,1.7335,1.72525,1.72986,118430.92
2011-11-08,1.7297,1.73779,1.72572,1.73396,122145.74
2011-11-09,1.73396,1.74164,1.72876,1.73392,150001.9
2011-11-10,1.73392,1.75465,1.73283,1.75037,143062.81
2011-11-11,1.75032,1.75792,1.7448,1.74857,106793.04
2011-11-12,1.74666,1.74666,1.74666,1.74666,0.0
2011-11-13,1.74857,1.75117,1.73945,1.74306,11775.9
2011-11-14,1.74306,1.75419,1.74191,1.75218,137540.91
2011-11-15,1.75221,1.76325,1.75194,1.75531,153159.23
2011-11-16,1.75548,1.76387,1.75228,1.76096,171538.1
2011-11-17,1.76091,1.77876,1.7561,1.77336,189157.12
2011-11-18,1.77336,1.78796,1.76967,1.78793,157851.04
2011-11-19,1.78809,1.78809,1.78809,1.78809,0.0
2011-11-20,1.78793,1.79222,1.77766,1.79043,18693.51
2011-11-21,1.79043,1.81094,1.784,1.79881,160946.98
2011-11-22,1.79885,1.81328,1.79809,1.80551,154977.85
2011-11-23,1.80551,1.81326,1.79728,1.80456,157799.66
2011-11-24,1.80447,1.8058,1.79493,1.79801,118784.31
2011-11-25,1.79768,1.79927,1.7811,1.78827,136375.59
2011-11-26,1.79055,1.79055,1.79055,1.79055,0.0
2011-11-27,1.78827,1.78827,1.77107,1.77339,22054.8
2011-11-28,1.77347,1.77607,1.75866,1.7632,162199.32
2011-11-29,1.7632,1.76923,1.74228,1.74522,160798.43
2011-11-30,1.74522,1.75219,1.71929,1.72495,168197.26
2011-12-01,1.72497,1.7388,1.72238,1.72794,147283.39
2011-12-02,1.72794,1.7322,1.71855,1.72176,134707.52
2011-12-03,1.71988,1.71988,1.71988,1.71988,0.0
2011-12-04,1.72176,1.72382,1.71548,1.71805,13486.31
2011-12-05,1.71805,1.72641,1.71507,1.71595,131357.19
2011-12-06,1.71595,1.72505,1.71465,1.71858,143428.4
2011-12-07,1.71861,1.72576,1.71393,1.71684,138667.27
2011-12-08,1.71692,1.72953,1.70685,1.72767,149198.08
2011-12-09,1.72762,1.74244,1.72287,1.72527,145076.63
2011-12-10,1.7251,1.7251,1.7251,1.7251,0.0
2011-12-11,1.72527,1.72873,1.7225,1.72558,16705.08
2011-12-12,1.72551,1.73804,1.72446,1.72868,152959.38
2011-12-13,1.72872,1.72976,1.71237,1.72233,167824.36
2011-12-14,1.72238,1.73393,1.7206,1.73236,166395.41
2011-12-15,1.73237,1.73967,1.72222,1.72371,158601.93
2011-12-16,1.72371,1.72371,1.70485,1.71203,135216.52
2011-12-17,1.71043,1.71043,1.71043,1.71043,0.0
2011-12-18,1.71203,1.71203,1.70377,1.71137,14474.09
2011-12-19,1.71133,1.72284,1.70763,1.7188,126189.38
2011-12-20,1.7188,1.72044,1.69774,1.7035,135302.79
2011-12-21,1.7035,1.70503,1.68771,1.69662,162562.94
2011-12-22,1.69662,1.70107,1.68215,1.68634,102902.61
2011-12-23,1.6864,1.69066,1.68139,1.68426,73981.35
2011-12-24,1.68297,1.68297,1.68297,1.68297,0.0
2011-12-25,1.68426,1.68639,1.68078,1.68427,1923.44
2011-12-26,1.68427,1.69029,1.68278,1.68504,17627.51
2011-12-27,1.68504,1.69973,1.68367,1.69268,60142.81
2011-12-28,1.69279,1.69294,1.6761,1.68426,98106.6
2011-12-29,1.68426,1.68529,1.67525,1.67804,106811.71
2011-12-30,1.67804,1.67814,1.65915,1.66667,90074.32
2011-12-31,1.66676,1.66676,1.66676,1.66676,0.0
2012-01-01,1.66667,1.66667,1.65864,1.66186,5763.19
2012-01-02,1.66186,1.66577,1.65432,1.65666,24841.08
2012-01-03,1.65666,1.66018,1.6503,1.65199,125425.48
2012-01-04,1.65199,1.65548,1.64033,1.644,138288.89
2012-01-05,1.644,1.64622,1.635,1.63797,155290.26
2012-01-06,1.63789,1.64167,1.62476,1.62816,131072.54
2012-01-07,1.62818,1.62818,1.62818,1.62818,0.0
2012-01-08,1.62816,1.62907,1.62277,1.62544,12870.41
2012-01-09,1.6255,1.62992,1.61897,1.61966,141206.8
2012-01-10,1.61966,1.6209,1.60524,1.60538,152187.56
2012-01-11,1.60537,1.60745,1.59255,1.59384,146420.55
2012-01-12,1.59384,1.61835,1.59384,1.61529,148413.63
2012-01-13,1.61526,1.62408,1.59223,1.59426,160591.62
2012-01-14,1.59309,1.59309,1.59309,1.59309,0.0
2012-01-15,1.59426,1.59596,1.59013,1.59438,13521.11
2012-01-16,1.59438,1.59965,1.59075,1.59488,115204.13
2012-01-17,1.59481,1.59927,1.59018,1.59171,155477.66
2012-01-18,1.59175,1.60243,1.58733,1.60125,180092.04
2012-01-19,1.60122,1.61686,1.59852,1.61454,158290.8
2012-01-20,1.61454,1.61765,1.6014,1.60326,136328.9
2012-01-21,1.60252,1.60252,1.60252,1.60252,0.0
2012-01-22,1.60326,1.60326,1.59331,1.60082,18160.65
2012-01-23,1.6008,1.60897,1.59493,1.60524,131096.05
2012-01-24,1.60513,1.61639,1.6028,1.60661,135989.87
2012-01-25,1.60652,1.61379,1.60066,1.6032,152442.53
2012-01-26,1.60326,1.6057,1.59255,1.59454,142051.49
2012-01-27,1.59454,1.60493,1.58947,1.60367,148674.07
2012-01-28,1.60206,1.60206,1.60206,1.60206,0.0
2012-01-29,1.60367,1.60675,1.60193,1.60354,12969.32
2012-01-30,1.60354,1.60814,1.59902,1.60337,133086.14
2012-01-31,1.60337,1.60422,1.57985,1.58503,158454.5
2012-02-01,1.58503,1.5875,1.57856,1.58024,161310.59
2012-02-02,1.58024,1.58293,1.57209,1.57936,143291.08
2012-02-03,1.57936,1.5861,1.56537,1.57496,144692.44
2012-02-04,1.57395,1.57395,1.57395,1.57395,0.0
2012-02-05,1.57496,1.57496,1.56722,1.57346,16593.26
2012-02-06,1.57346,1.57737,1.5672,1.57358,141025.92
2012-02-07,1.57356,1.58755,1.56807,1.58621,165680.53
2012-02-08,1.58621,1.5916,1.57848,1.58903,156011.28
2012-02-09,1.58904,1.59479,1.58537,1.59329,184904.56
2012-02-10,1.59328,1.60173,1.59016,1.59567,217149.0
2012-02-11,1.59654,1.59654,1.59654,1.59654,0.0
2012-02-12,1.59567,1.5975,1.59163,1.59463,27622.33
2012-02-13,1.59466,1.59518,1.57868,1.58151,236873.04
2012-02-14,1.58148,1.58731,1.57132,1.5719,254483.31
2012-02-15,1.57191,1.57517,1.55882,1.56815,264500.22
2012-02-16,1.56816,1.57834,1.56604,1.57044,273771.15
2012-02-17,1.57042,1.58135,1.56673,1.57766,217320.55
2012-02-18,1.5734,1.5734,1.5734,1.5734,0.0
2012-02-19,1.57766,1.57766,1.56853,1.57011,29282.86
2012-02-20,1.57011,1.58093,1.56894,1.57712,187110.77
2012-02-21,1.57725,1.58868,1.57532,1.58605,250260.86
2012-02-22,1.58607,1.60071,1.58476,1.59978,203459.81
2012-02-23,1.59976,1.60318,1.59169,1.59708,149826.41
2012-02-24,1.59703,1.61167,1.59266,1.60763,132877.27
2012-02-25,1.60627,1.60627,1.60627,1.60627,0.0
2012-02-26,1.60763,1.61148,1.60373,1.61111,39722.58
2012-02-27,1.61107,1.61389,1.5926,1.59518,157885.21
2012-02-28,1.59518,1.61017,1.59455,1.60383,163280.48
2012-02-29,1.60377,1.60452,1.585,1.59538,176330.07
2012-03-01,1.59538,1.59988,1.58442,1.58869,158286.93
2012-03-02,1.58866,1.59311,1.5828,1.59117,144082.13
2012-03-03,1.59073,1.59073,1.59073,1.59073,0.0
2012-03-04,1.59117,1.59172,1.58268,1.59015,16407.54
2012-03-05,1.5902,1.61149,1.5899,1.60929,169439.41
2012-03-06,1.60927,1.62175,1.60776,1.61253,191699.66
2012-03-07,1.61256,1.61548,1.60209,1.61325,166156.01
2012-03-08,1.61325,1.61432,1.59712,1.61055,169773.89
2012-03-09,1.61055,1.61172,1.59094,1.59721,151757.5
2012-03-10,1.59529,1.59529,1.59529,1.59529,0.0
2012-03-11,1.59721,1.60241,1.5929,1.6022,12545.8
2012-03-12,1.60224,1.61058,1.59812,1.60626,136535.87
2012-03-13,1.60626,1.60659,1.58817,1.59149,163034.09
2012-03-14,1.59155,1.61441,1.59111,1.61154,161882.09
2012-03-15,1.61152,1.61425,1.59414,1.59671,159370.52
2012-03-16,1.59669,1.5998,1.59023,1.59727,130459.75
2012-03-17,1.59506,1.59506,1.59506,1.59506,0.0
2012-03-18,1.59727,1.59951,1.59225,1.59406,17274.27
2012-03-19,1.59406,1.60589,1.59221,1.60271,122415.98
2012-03-20,1.60271,1.62536,1.60078,1.61882,148291.34
2012-03-21,1.61885,1.63061,1.61484,1.62594,149039.72
2012-03-22,1.62599,1.63964,1.62385,1.62802,173691.52
2012-03-23,1.62812,1.63244,1.61815,1.62126,151539.69
2012-03-24,1.61822,1.61822,1.61822,1.61822,0.0
2012-03-25,1.62126,1.62447,1.61785,1.6231,10725.56
2012-03-26,1.62317,1.62656,1.61668,1.62391,146932.87
2012-03-27,1.62391,1.62634,1.61662,1.62627,137359.78
2012-03-28,1.62627,1.6324,1.62439,1.62784,150755.61
2012-03-29,1.62777,1.63444,1.62499,1.62866,151286.46
2012-03-30,1.62871,1.63192,1.62207,1.62776,141154.77
2012-03-31,1.6278,1.6278,1.6278,1.6278,0.0
2012-04-01,1.62776,1.63023,1.61939,1.62524,12294.88
2012-04-02,1.62524,1.63088,1.61401,1.61622,140752.43
2012-04-03,1.61616,1.62508,1.61331,1.61913,164597.2
2012-04-04,1.61913,1.62132,1.60994,1.61113,168675.28
2012-04-05,1.61113,1.6129,1.59756,1.60131,131157.77
2012-04-06,1.60131,1.60722,1.59317,1.59819,54587.45
2012-04-07,1.59632,1.59632,1.59632,1.59632,0.0
2012-04-08,1.59638,1.60099,1.59539,1.59838,8482.21
2012-04-09,1.59838,1.60051,1.58794,1.59719,73852.76
2012-04-10,1.59723,1.61012,1.59456,1.60538,175240.37
2012-04-11,1.60537,1.60766,1.59808,1.6012,155451.1
2012-04-12,1.6012,1.60315,1.58452,1.58692,155966.72
2012-04-13,1.58692,1.59099,1.58181,1.58856,143448.51
2012-04-14,1.58846,1.58846,1.58846,1.58846,0.0
2012-04-15,1.58856,1.5887,1.58236,1.58755,19905.38
2012-04-16,1.58773,1.60281,1.5856,1.60193,171859.8
2012-04-17,1.60193,1.60923,1.59445,1.59748,151233.74
2012-04-18,1.59743,1.60979,1.5947,1.60521,159952.23
2012-04-19,1.60527,1.61576,1.60149,1.61345,169436.69
2012-04-20,1.61347,1.62166,1.61221,1.61406,136048.73
2012-04-21,1.61228,1.61228,1.61228,1.61228,0.0
2012-04-22,1.61406,1.61492,1.60925,1.61337,10004.8
2012-04-23,1.61339,1.62193,1.61314,1.61859,143469.28
2012-04-24,1.61859,1.62897,1.61536,1.62128,143719.61
2012-04-25,1.62129,1.62844,1.6164,1.62255,147937.94
2012-04-26,1.62255,1.62839,1.61605,1.62225,140977.7
2012-04-27,1.62225,1.62577,1.60846,1.60978,148163.51
2012-04-28,1.61111,1.61111,1.61111,1.61111,0.0
2012-04-29,1.60978,1.61065,1.60664,1.60803,9623.91
2012-04-30,1.60803,1.62074,1.60767,1.6177,125452.96
2012-05-01,1.61767,1.63242,1.6172,1.6242,101722.61
2012-05-02,1.6242,1.63526,1.61511,1.62946,148268.22
2012-05-03,1.62938,1.6454,1.62719,1.64254,134844.11
2012-05-04,1.6426,1.65688,1.64008,1.64317,130693.0
2012-05-05,1.64378,1.64378,1.64378,1.64378,0.0
2012-05-06,1.64317,1.64317,1.6357,1.63622,22430.61
2012-05-07,1.63626,1.64354,1.63589,1.63834,136878.16
2012-05-08,1.63834,1.65413,1.63812,1.6538,167218.3
2012-05-09,1.65372,1.65431,1.64728,1.6494,190095.38
2012-05-10,1.64944,1.65108,1.64051,1.64972,169635.01
2012-05-11,1.64975,1.65448,1.64169,1.64956,161441.23
2012-05-12,1.65095,1.65095,1.65095,1.65095,0.0
2012-05-13,1.64956,1.65362,1.64277,1.65135,14174.09
2012-05-14,1.6514,1.65733,1.64668,1.65082,169156.15
2012-05-15,1.65082,1.65781,1.64795,1.65444,179803.09
2012-05-16,1.65444,1.66549,1.65437,1.66151,212572.47
2012-05-17,1.66151,1.66498,1.65679,1.66132,214412.51
2012-05-18,1.66133,1.69724,1.66075,1.68786,224712.79
2012-05-19,1.6853,1.68786,1.6853,1.68786,0.0
2012-05-20,1.68786,1.69067,1.68105,1.68498,20794.93
2012-05-21,1.68502,1.69052,1.6699,1.67015,200673.99
2012-05-22,1.67024,1.68338,1.66649,1.68283,211684.17
2012-05-23,1.68283,1.69238,1.67254,1.67677,258422.66
2012-05-24,1.67686,1.67773,1.66073,1.66212,241585.26
2012-05-25,1.66212,1.66666,1.65328,1.65883,201629.31
2012-05-26,1.65704,1.65704,1.65704,1.65704,0.0
2012-05-27,1.65883,1.66085,1.65259,1.6561,21803.65
2012-05-28,1.65612,1.65624,1.64481,1.64979,147651.58
2012-05-29,1.64973,1.65119,1.63695,1.63881,212509.21
2012-05-30,1.63881,1.64633,1.63744,1.64613,227728.89
2012-05-31,1.64613,1.64816,1.63766,1.6411,214064.44
2012-06-01,1.64088,1.65003,1.63951,1.64653,239674.47
2012-06-02,1.64653,1.64653,1.64653,1.64653,0.0
2012-06-03,1.64653,1.65129,1.64098,1.65072,20164.85
2012-06-04,1.65067,1.65374,1.64199,1.64999,178231.22
2012-06-05,1.65006,1.65446,1.63977,1.64206,205769.32
2012-06-06,1.64212,1.64249,1.62946,1.63242,236575.55
2012-06-07,1.63243,1.63883,1.6256,1.63572,216977.15
2012-06-08,1.63568,1.6417,1.61838,1.62371,210469.18
2012-06-09,1.62371,1.62371,1.61844,1.61844,0.0
2012-06-10,1.62371,1.63418,1.623,1.62855,27846.12
2012-06-11,1.62853,1.62921,1.61559,1.62322,214435.57
2012-06-12,1.62318,1.62404,1.60614,1.60871,223529.56
2012-06-13,1.60871,1.62596,1.60521,1.61866,218018.39
2012-06-14,1.61866,1.61992,1.61088,1.61287,214512.18
2012-06-15,1.61286,1.61453,1.59905,1.60431,175755.27
2012-06-16,1.60431,1.60431,1.60431,1.60431,0.0
2012-06-17,1.60431,1.60976,1.60307,1.60431,21124.39
2012-06-18,1.60441,1.60558,1.58431,1.59036,200775.79
2012-06-19,1.59031,1.59495,1.5836,1.59384,187759.27
2012-06-20,1.59384,1.59979,1.58292,1.58421,195851.39
2012-06-21,1.58417,1.59744,1.58063,1.59384,202434.42
2012-06-22,1.59371,1.59781,1.58444,1.58976,162127.82
2012-06-23,1.58976,1.58976,1.58976,1.58976,0.0
2012-06-24,1.58976,1.59225,1.58285,1.5919,12368.18
2012-06-25,1.59179,1.59411,1.58486,1.58811,157785.64
2012-06-26,1.58811,1.58889,1.57554,1.58178,176361.83
2012-06-27,1.58188,1.58455,1.5729,1.57557,156342.05
2012-06-28,1.5756,1.58418,1.56801,1.58091,188828.93
2012-06-29,1.58085,1.58854,1.57397,1.57996,197721.22
2012-06-30,1.57996,1.57996,1.57996,1.57996,0.0
2012-07-01,1.57503,1.58271,1.57401,1.57873,16008.42
2012-07-02,1.57878,1.57897,1.56361,1.56616,153510.4
2012-07-03,1.56616,1.56935,1.56219,1.56625,132649.62
2012-07-04,1.56625,1.56774,1.55514,1.55756,106980.24
2012-07-05,1.55754,1.56332,1.53797,1.54088,163801.12
2012-07-06,1.54102,1.54672,1.53675,1.53898,157200.14
2012-07-07,1.53898,1.53898,1.53898,1.53898,0.0
2012-07-08,1.53898,1.5416,1.52987,1.53951,20577.65
2012-07-09,1.53951,1.54929,1.53882,1.54634,139362.71
2012-07-10,1.54636,1.54877,1.53706,1.5428,152852.47
2012-07-11,1.5428,1.54453,1.53267,1.54032,156721.45
2012-07-12,1.54032,1.55052,1.5373,1.54346,160979.52
2012-07-13,1.54347,1.546,1.53558,1.53817,143616.45
2012-07-14,1.53817,1.53817,1.53817,1.53817,0.0
2012-07-15,1.53817,1.54093,1.53448,1.5374,14245.59
2012-07-16,1.53749,1.54098,1.53211,1.54021,124727.7
2012-07-17,1.54021,1.54207,1.53557,1.53975,158078.35
2012-07-18,1.53973,1.5452,1.5322,1.53498,162590.87
2012-07-19,1.53498,1.53714,1.52252,1.52825,176263.54
2012-07-20,1.52829,1.52936,1.51787,1.51937,161297.05
2012-07-21,1.51937,1.51937,1.51937,1.51937,0.0
2012-07-22,1.51937,1.52276,1.51284,1.52237,17755.69
2012-07-23,1.52237,1.53968,1.5219,1.53606,193768.57
2012-07-24,1.536,1.54249,1.52796,1.54177,198443.16
2012-07-25,1.54178,1.54434,1.53485,1.53717,206925.37
2012-07-26,1.53717,1.53882,1.52993,1.53465,202433.34
2012-07-27,1.53465,1.53601,1.5159,1.52006,196323.9
2012-07-28,1.52006,1.52006,1.52006,1.52006,0.0
2012-07-29,1.52006,1.52201,1.51594,1.52167,6841.6
2012-07-30,1.52167,1.52284,1.51156,1.51545,144682.91
2012-07-31,1.51545,1.52147,1.51254,1.51935,159317.31
2012-08-01,1.5195,1.52007,1.51082,1.51137,156574.31
2012-08-02,1.5114,1.51816,1.49923,1.50479,177085.53
2012-08-03,1.50484,1.51272,1.4966,1.51099,175524.16
2012-08-04,1.51099,1.51099,1.51099,1.51099,0.0
2012-08-05,1.51099,1.52039,1.50957,1.51922,19625.53
2012-08-06,1.51921,1.51933,1.50852,1.5114,143899.5
2012-08-07,1.51144,1.52243,1.50848,1.51964,144942.37
2012-08-08,1.51965,1.52577,1.51338,1.52379,148123.27
2012-08-09,1.52373,1.52392,1.51286,1.51405,152138.05
2012-08-10,1.51405,1.51975,1.5051,1.51027,136068.42
2012-08-11,1.51027,1.51027,1.51027,1.51027,0.0
2012-08-12,1.51027,1.51648,1.50672,1.5133,13994.52
2012-08-13,1.51335,1.52813,1.51221,1.523,122318.62
2012-08-14,1.523,1.53277,1.52156,1.5311,120389.27
2012-08-15,1.53122,1.53363,1.52043,1.52303,79852.51
2012-08-16,1.52298,1.52784,1.51886,1.52215,90377.76
2012-08-17,1.52215,1.53178,1.52174,1.52686,85605.85
2012-08-18,1.52686,1.52686,1.52686,1.52686,0.0
2012-08-19,1.52686,1.53006,1.52596,1.52662,11468.69
2012-08-20,1.52666,1.5289,1.52158,1.52635,76650.68
2012-08-21,1.52642,1.53987,1.52125,1.53971,92530.21
2012-08-22,1.53974,1.5443,1.53607,1.53615,114611.21
2012-08-23,1.53619,1.54699,1.5323,1.54517,109430.41
2012-08-24,1.54519,1.54831,1.53835,1.54257,92518.29
2012-08-25,1.54257,1.54257,1.54257,1.54257,0.0
2012-08-26,1.54257,1.54367,1.53812,1.5427,7191.76
2012-08-27,1.5427,1.54699,1.54172,1.54635,67605.18
2012-08-28,1.54635,1.56377,1.54315,1.56114,91152.45
2012-08-29,1.56114,1.56721,1.55825,1.56419,87509.96
2012-08-30,1.56437,1.57078,1.56198,1.56817,87830.69
2012-08-31,1.56816,1.57386,1.5624,1.56317,104295.76
2012-09-01,1.56317,1.56317,1.56317,1.56317,0.0
2012-09-02,1.56317,1.57251,1.56317,1.57242,8385.8
2012-09-03,1.57242,1.58,1.56875,1.57854,64668.06
2012-09-04,1.57856,1.58833,1.57802,1.57941,101521.6
2012-09-05,1.57937,1.59049,1.5753,1.58489,114180.36
2012-09-06,1.58496,1.58756,1.57246,1.57722,117548.9
2012-09-07,1.57722,1.58318,1.57228,1.57686,114230.78
2012-09-08,1.57686,1.57686,1.57686,1.57686,0.0
2012-09-09,1.57686,1.58046,1.57608,1.57767,4184.45
2012-09-10,1.57767,1.58041,1.57264,1.57876,65096.71
2012-09-11,1.57869,1.58021,1.56651,1.57271,80315.72
2012-09-12,1.57272,1.57613,1.56335,1.57288,90214.2
2012-09-13,1.5728,1.57522,1.55973,1.56299,87191.76
2012-09-14,1.56301,1.58529,1.55766,1.58297,91676.27
2012-09-15,1.58297,1.58297,1.58297,1.58297,0.0
2012-09-16,1.58297,1.58466,1.58007,1.58238,5690.0
2012-09-17,1.58238,1.58996,1.57777,1.5864,73752.66
2012-09-18,1.58642,1.58922,1.57449,1.57557,77006.37
2012-09-19,1.57569,1.58111,1.57033,1.57312,76359.7
2012-09-20,1.57312,1.57934,1.56338,1.56406,83624.18
2012-09-21,1.56409,1.56765,1.55687,1.56623,77572.85
2012-09-22,1.56623,1.56623,1.56623,1.56623,0.0
2012-09-23,1.56623,1.56869,1.56135,1.56804,6403.09
2012-09-24,1.56801,1.57737,1.56775,1.5746,66503.2
2012-09-25,1.57466,1.57528,1.563,1.57419,76396.86
2012-09-26,1.57412,1.57516,1.55946,1.56082,83257.87
2012-09-27,1.56076,1.56208,1.54684,1.55426,105152.6
2012-09-28,1.55433,1.55637,1.54616,1.54857,84595.11
2012-09-29,1.54857,1.54857,1.54857,1.54857,0.0
2012-09-30,1.54857,1.55102,1.54606,1.54763,7841.39
2012-10-01,1.54766,1.55793,1.54668,1.55547,88656.39
2012-10-02,1.55547,1.56521,1.55057,1.5644,91575.58
2012-10-03,1.5644,1.57808,1.56237,1.57349,92639.07
2012-10-04,1.57349,1.58932,1.57213,1.58378,97518.26
2012-10-05,1.58378,1.59672,1.57393,1.59346,86415.33
2012-10-06,1.59346,1.59346,1.59346,1.59346,0.0
2012-10-07,1.59346,1.59446,1.58916,1.59001,9745.35
2012-10-08,1.59006,1.59119,1.57767,1.58083,67218.71
2012-10-09,1.58083,1.58183,1.57231,1.57635,90457.33
2012-10-10,1.57636,1.58107,1.57013,1.57487,90951.89
2012-10-11,1.57486,1.58496,1.57132,1.58414,86234.8
2012-10-12,1.58405,1.58707,1.57657,1.58627,78752.03
2012-10-13,1.58627,1.58627,1.58627,1.58627,0.0
2012-10-14,1.58627,1.58874,1.58123,1.58692,6641.98
2012-10-15,1.58683,1.59104,1.57886,1.58779,63919.34
2012-10-16,1.58779,1.6059,1.58678,1.60318,89588.49
2012-10-17,1.60326,1.60576,1.59546,1.5956,86855.1
2012-10-18,1.59572,1.59885,1.59268,1.59484,87393.31
2012-10-19,1.59475,1.59747,1.59056,1.59566,75303.68
2012-10-20,1.59566,1.59566,1.59566,1.59566,0.0
2012-10-21,1.59566,1.5983,1.59017,1.59658,6451.58
2012-10-22,1.59658,1.59986,1.59336,1.59741,76444.56
2012-10-23,1.59744,1.60099,1.59458,1.59929,90832.69
2012-10-24,1.59929,1.59996,1.57888,1.57978,95089.49
2012-10-25,1.57986,1.58453,1.5739,1.57827,91204.72
2012-10-26,1.57823,1.58298,1.56929,1.57157,90807.81
2012-10-27,1.57157,1.57157,1.57157,1.57157,0.0
2012-10-28,1.57157,1.57529,1.57025,1.57422,7509.13
2012-10-29,1.57424,1.57704,1.569,1.57441,59470.15
2012-10-30,1.57441,1.58206,1.57054,1.57703,61528.26
2012-10-31,1.577,1.58371,1.57481,1.57687,84258.6
2012-11-01,1.5769,1.57807,1.56282,1.56387,75476.61
2012-11-02,1.56389,1.56587,1.55049,1.55487,97866.83
2012-11-03,1.55487,1.55487,1.55487,1.55487,0.0
2012-11-04,1.55487,1.55618,1.55119,1.55532,6923.85
2012-11-05,1.55532,1.55685,1.54799,1.5486,79740.4
2012-11-06,1.54857,1.55,1.54345,1.54777,96146.7
2012-11-07,1.54781,1.5618,1.53903,1.55656,135393.82
2012-11-08,1.55655,1.56722,1.55483,1.56682,115315.91
2012-11-09,1.56676,1.5671,1.55707,1.55967,117923.08
2012-11-10,1.55967,1.55967,1.55967,1.55967,0.0
2012-11-11,1.55967,1.56267,1.557,1.56087,13025.55
2012-11-12,1.56088,1.56164,1.55306,1.5537,68112.58
2012-11-13,1.55375,1.55747,1.54683,1.55664,109525.67
2012-11-14,1.55665,1.57377,1.55517,1.57061,110608.17
2012-11-15,1.57062,1.58071,1.56786,1.57688,101836.66
2012-11-16,1.57688,1.57783,1.56678,1.56726,100741.02
2012-11-17,1.56726,1.56726,1.56726,1.56726,0.0
2012-11-18,1.56726,1.56927,1.56391,1.56876,14605.79
2012-11-19,1.56876,1.57103,1.55966,1.55987,86315.93
2012-11-20,1.55987,1.5728,1.55855,1.56847,99025.76
2012-11-21,1.56852,1.57996,1.56556,1.57665,105885.6
2012-11-22,1.57663,1.58169,1.57305,1.57824,75298.86
2012-11-23,1.57824,1.57985,1.57235,1.57437,79779.54
2012-11-24,1.57437,1.57437,1.57437,1.57437,0.0
2012-11-25,1.57437,1.57748,1.57212,1.57454,10287.86
2012-11-26,1.57454,1.58047,1.57193,1.5791,80655.63
2012-11-27,1.5791,1.57966,1.57212,1.57675,104214.97
2012-11-28,1.57675,1.5775,1.56842,1.57163,103501.2
2012-11-29,1.57168,1.57995,1.56784,1.57676,101184.62
2012-11-30,1.57678,1.58852,1.57587,1.58241,101751.18
2012-12-01,1.58241,1.58241,1.58241,1.58241,0.0
2012-12-02,1.57988,1.587,1.57677,1.58631,10774.79
2012-12-03,1.58631,1.59271,1.58528,1.59024,96562.37
2012-12-04,1.59017,1.59067,1.58385,1.58838,92300.72
2012-12-05,1.58838,1.5903,1.57537,1.57679,104593.04
2012-12-06,1.57679,1.57699,1.55527,1.55857,108131.31
2012-12-07,1.55857,1.55954,1.54797,1.55237,90142.21
2012-12-08,1.55237,1.55237,1.55237,1.55237,0.0
2012-12-09,1.55237,1.55252,1.54624,1.54846,13243.32
2012-12-10,1.54846,1.55216,1.54646,1.55061,84775.5
2012-12-11,1.55061,1.55271,1.5457,1.54996,91358.4
2012-12-12,1.54993,1.55208,1.54625,1.55036,90573.81
2012-12-13,1.55037,1.55241,1.54447,1.55043,87938.92
2012-12-14,1.55039,1.55785,1.54972,1.55487,93142.03
2012-12-15,1.55487,1.55487,1.55487,1.55487,0.0
2012-12-16,1.55487,1.55972,1.55401,1.55689,16298.47
2012-12-17,1.55692,1.56181,1.55451,1.55848,71754.53
2012-12-18,1.55848,1.57486,1.55807,1.57441,81295.0
2012-12-19,1.57441,1.59154,1.57394,1.58216,101957.99
2012-12-20,1.58206,1.59332,1.57936,1.58714,93646.55
2012-12-21,1.58714,1.6059,1.58619,1.59949,96064.89
2012-12-22,1.59949,1.59949,1.59949,1.59949,0.0
2012-12-23,1.59949,1.60126,1.59647,1.60115,8894.07
2012-12-24,1.60111,1.60851,1.60087,1.60264,52832.25
2012-12-25,1.60271,1.60492,1.59723,1.60204,14363.83
2012-12-26,1.60208,1.62177,1.59881,1.61397,48922.09
2012-12-27,1.61399,1.62186,1.60905,1.61339,79927.68
2012-12-28,1.61339,1.61598,1.60165,1.61165,74327.84
2012-12-29,1.61165,1.61165,1.61165,1.61165,0.0
2012-12-30,1.61165,1.6121,1.6038,1.60713,6869.82
2012-12-31,1.60713,1.60954,1.58854,1.59443,61277.56
2013-01-01,1.59083,1.5979,1.59083,1.59595,2614.71
2013-01-02,1.59587,1.59627,1.57906,1.5816,105124.09
2013-01-03,1.58162,1.58436,1.56906,1.57618,96109.48
2013-01-04,1.57625,1.58413,1.57042,1.57069,92725.85
2013-01-05,1.57069,1.57069,1.57069,1.57069,0.0
2013-01-06,1.57069,1.57369,1.57013,1.5712,3581.92
2013-01-07,1.5712,1.57378,1.5583,1.56722,89345.1
2013-01-08,1.56722,1.5714,1.56101,1.56166,94894.6
2013-01-09,1.56174,1.56265,1.5513,1.55596,98067.62
2013-01-10,1.55596,1.57274,1.55064,1.57272,103334.79
2013-01-11,1.57272,1.59601,1.57097,1.59456,106913.62
2013-01-12,1.59456,1.59456,1.59456,1.59456,0.0
2013-01-13,1.59456,1.59765,1.59126,1.59615,5089.6
2013-01-14,1.59616,1.59747,1.58373,1.5884,101030.47
2013-01-15,1.58838,1.59274,1.58029,1.5805,147093.24
2013-01-16,1.58054,1.58681,1.57844,1.58204,137731.9
2013-01-17,1.58204,1.60472,1.578,1.59783,137750.44
2013-01-18,1.59785,1.60347,1.5889,1.59189,127518.99
2013-01-19,1.59189,1.59189,1.59189,1.59189,0.0
2013-01-20,1.59189,1.59283,1.58996,1.59277,2821.91
2013-01-21,1.59277,1.59638,1.58989,1.59236,72795.4
2013-01-22,1.59236,1.59248,1.57712,1.58287,136655.29
2013-01-23,1.58287,1.58549,1.57496,1.57914,112115.05
2013-01-24,1.57915,1.59917,1.57641,1.59837,137055.45
2013-01-25,1.59837,1.61081,1.59556,1.60727,131710.4
2013-01-26,1.60727,1.60727,1.60727,1.60727,0.0
2013-01-27,1.60727,1.6116,1.60727,1.61118,1509.01
2013-01-28,1.61116,1.62378,1.60737,1.61226,92328.42
2013-01-29,1.61203,1.61288,1.60432,1.60927,118891.7
2013-01-30,1.60928,1.63585,1.60881,1.62317,126643.25
2013-01-31,1.62329,1.62637,1.61189,1.62091,114796.16
2013-02-01,1.62086,1.62778,1.60694,1.61296,110538.67
2013-02-02,1.61296,1.61296,1.61296,1.61296,0.0
2013-02-03,1.61296,1.61571,1.6089,1.61295,3563.44
2013-02-04,1.61208,1.61493,1.59733,1.60262,93976.53
2013-02-05,1.60266,1.61192,1.59691,1.60558,125275.42
2013-02-06,1.60551,1.61546,1.59906,1.61302,117156.35
2013-02-07,1.61295,1.62389,1.60402,1.60589,109455.84
2013-02-08,1.60589,1.60808,1.59487,1.59753,105167.92
2013-02-09,1.59753,1.59753,1.59753,1.59753,0.0
2013-02-10,1.59821,1.60055,1.59654,1.59996,5665.45
2013-02-11,1.5991,1.61087,1.59882,1.60337,95217.92
2013-02-12,1.60337,1.61341,1.59405,1.59997,107142.32
2013-02-13,1.59997,1.60839,1.5883,1.58967,115130.89
2013-02-14,1.58967,1.58967,1.56478,1.56889,127196.13
2013-02-15,1.56889,1.5836,1.56406,1.57983,110790.09
2013-02-16,1.57983,1.57983,1.57983,1.57983,0.0
2013-02-17,1.57983,1.58299,1.57645,1.57716,3499.17
2013-02-18,1.5771,1.5859,1.57706,1.57832,72087.61
2013-02-19,1.57836,1.58781,1.576,1.58275,92541.75
2013-02-20,1.58275,1.6024,1.58231,1.5904,118349.41
2013-02-21,1.5904,1.59282,1.57536,1.57977,125308.74
2013-02-22,1.57984,1.58197,1.5685,1.57347,91337.28
2013-02-23,1.57347,1.57347,1.57347,1.57347,0.0
2013-02-24,1.57347,1.58078,1.57347,1.57637,3705.57
2013-02-25,1.57637,1.5851,1.55929,1.56844,143720.38
2013-02-26,1.56844,1.58842,1.56374,1.5815,150021.09
2013-02-27,1.58153,1.59336,1.57969,1.59233,133867.06
2013-02-28,1.59233,1.59233,1.57562,1.5841,122948.82
2013-03-01,1.58409,1.58439,1.57288,1.57783,129035.79
2013-03-02,1.57783,1.57783,1.57783,1.57783,0.0
2013-03-03,1.57783,1.58121,1.57783,1.58017,3542.33
2013-03-04,1.58018,1.58827,1.57236,1.57493,106445.91
2013-03-05,1.57498,1.57854,1.56571,1.56778,109148.46
2013-03-06,1.56783,1.57093,1.55964,1.56817,108900.5
2013-03-07,1.56817,1.58602,1.56694,1.58236,123742.7
2013-03-08,1.58236,1.5875,1.57186,1.58107,113179.18
2013-03-09,1.58107,1.58107,1.58107,1.58107,0.0
2013-03-10,1.58107,1.5847,1.58107,1.58264,5881.61
2013-03-11,1.58264,1.58776,1.57377,1.57851,94854.77
2013-03-12,1.57851,1.58335,1.57516,1.57973,123609.21
2013-03-13,1.57973,1.58699,1.56563,1.58351,140782.37
2013-03-14,1.58351,1.58786,1.57647,1.58407,135823.85
2013-03-15,1.58407,1.59169,1.57753,1.57996,106315.71
2013-03-16,1.57996,1.57996,1.57996,1.57996,0.0
2013-03-17,1.57996,1.57996,1.56334,1.56708,10028.12
2013-03-18,1.56708,1.57448,1.56279,1.56674,120203.06
2013-03-19,1.56683,1.57302,1.55842,1.56182,132045.49
2013-03-20,1.56179,1.57705,1.56019,1.5661,133218.67
2013-03-21,1.5661,1.56758,1.54547,1.55066,142955.49
2013-03-22,1.55061,1.56137,1.54695,1.55416,109161.52
2013-03-23,1.55416,1.55416,1.55416,1.55416,0.0
2013-03-24,1.55416,1.56076,1.54986,1.55786,8618.72
2013-03-25,1.55786,1.56266,1.53633,1.53991,126467.13
2013-03-26,1.53988,1.54277,1.53091,1.53307,106186.66
2013-03-27,1.53307,1.53437,1.52445,1.52546,111054.7
2013-03-28,1.52548,1.53593,1.52275,1.52989,103417.31
2013-03-29,1.52986,1.53421,1.52787,1.53047,39060.91
2013-03-30,1.53047,1.53047,1.53047,1.53047,0.0
2013-03-31,1.53047,1.53254,1.52885,1.52896,1678.88
2013-04-01,1.52896,1.53753,1.52804,1.53301,43902.97
2013-04-02,1.53303,1.53532,1.51896,1.52387,96414.18
2013-04-03,1.52393,1.52689,1.5179,1.52638,93969.67
2013-04-04,1.52639,1.53932,1.51926,1.53681,124543.43
2013-04-05,1.53681,1.55201,1.53338,1.53996,104646.63
2013-04-06,1.53996,1.53996,1.53996,1.53996,0.0
2013-04-07,1.53996,1.54607,1.53996,1.54493,6771.29
2013-04-08,1.5449,1.54596,1.53584,1.53855,95052.05
2013-04-09,1.53856,1.54186,1.53257,1.53519,112274.81
2013-04-10,1.53515,1.53569,1.52037,1.5221,95186.57
2013-04-11,1.52209,1.52318,1.50801,1.51987,101328.9
2013-04-12,1.5198,1.53142,1.51686,1.52609,89037.5
2013-04-13,1.52609,1.52609,1.52609,1.52609,0.0
2013-04-14,1.52609,1.52997,1.52609,1.52822,4860.19
2013-04-15,1.52828,1.55586,1.52726,1.54718,137635.1
2013-04-16,1.54719,1.55616,1.54041,1.55111,131866.98
2013-04-17,1.55113,1.55768,1.54054,1.54276,123807.47
2013-04-18,1.54276,1.55437,1.54083,1.55128,129012.17
2013-04-19,1.55125,1.55587,1.54053,1.54966,105805.7
2013-04-20,1.54966,1.54966,1.54966,1.54966,0.0
2013-04-21,1.54966,1.55666,1.54966,1.55426,3850.61
2013-04-22,1.55426,1.55436,1.54397,1.55103,90013.47
2013-04-23,1.551,1.56105,1.53666,1.54362,118470.34
2013-04-24,1.54362,1.54461,1.53089,1.53556,108753.18
2013-04-25,1.5356,1.53638,1.52352,1.52926,98346.54
2013-04-26,1.52926,1.53767,1.52545,1.53546,96873.36
2013-04-27,1.53546,1.53546,1.53546,1.53546,0.0
2013-04-28,1.53546,1.53936,1.53329,1.53438,4651.92
2013-04-29,1.53438,1.536,1.52709,1.53197,100835.79
2013-04-30,1.53205,1.53865,1.52508,1.53736,111502.21
2013-05-01,1.53736,1.55599,1.53388,1.54903,74103.77
2013-05-02,1.54905,1.55745,1.53486,1.53593,108800.08
2013-05-03,1.53593,1.54552,1.53076,1.53626,86914.04
2013-05-04,1.53626,1.53626,1.53626,1.53626,0.0
2013-05-05,1.53626,1.53727,1.5344,1.53666,2436.37
2013-05-06,1.53671,1.54239,1.53355,1.53552,58857.5
2013-05-07,1.53548,1.55506,1.53383,1.54617,95414.29
2013-05-08,1.54621,1.57166,1.54531,1.55715,108655.82
2013-05-09,1.55715,1.5605,1.54863,1.55153,115957.28
2013-05-10,1.5516,1.56928,1.55152,1.56304,107984.69
2013-05-11,1.56304,1.56304,1.56304,1.56304,0.0
2013-05-12,1.56304,1.56789,1.56304,1.56739,4676.82
2013-05-13,1.56741,1.5763,1.55973,1.57199,111309.28
2013-05-14,1.57212,1.58146,1.56585,1.57491,135267.53
2013-05-15,1.57496,1.577,1.55876,1.56073,137858.19
2013-05-16,1.56067,1.58219,1.5577,1.57664,126777.27
2013-05-17,1.57667,1.59237,1.57642,1.59086,109663.45
2013-05-18,1.59086,1.59086,1.59086,1.59086,0.0
2013-05-19,1.59086,1.59086,1.5824,1.5827,6080.51
2013-05-20,1.58264,1.58672,1.57454,1.57569,120425.56
2013-05-21,1.5757,1.58535,1.57017,1.58117,144992.03
2013-05-22,1.58117,1.59788,1.58094,1.59625,186785.39
2013-05-23,1.59623,1.60418,1.58421,1.5962,205818.07
2013-05-24,1.59621,1.60521,1.59275,1.59687,158337.57
2013-05-25,1.59687,1.59687,1.59687,1.59687,0.0
2013-05-26,1.59687,1.59979,1.59441,1.59847,9939.45
2013-05-27,1.59847,1.6038,1.59612,1.59917,90753.71
2013-05-28,1.59915,1.60055,1.58601,1.59382,174296.93
2013-05-29,1.59382,1.59975,1.58805,1.59685,189352.37
2013-05-30,1.59688,1.62035,1.59501,1.61283,193631.5
2013-05-31,1.61283,1.63587,1.60981,1.63545,186246.56
2013-06-01,1.63545,1.63545,1.63545,1.63545,0.0
2013-06-02,1.63545,1.63545,1.62817,1.62888,9413.93
2013-06-03,1.62888,1.63678,1.61223,1.61598,195177.33
2013-06-04,1.61598,1.63931,1.61512,1.63113,181499.0
2013-06-05,1.63113,1.65141,1.6239,1.64696,209877.96
2013-06-06,1.64696,1.66148,1.64084,1.65495,207535.98
2013-06-07,1.65495,1.6807,1.65378,1.67369,198307.68
2013-06-08,1.67369,1.67369,1.67369,1.67369,0.0
2013-06-09,1.67369,1.68637,1.67369,1.6818,7368.09
2013-06-10,1.68173,1.68493,1.66897,1.68164,157901.18
2013-06-11,1.68159,1.71082,1.67911,1.68524,238128.22
2013-06-12,1.68526,1.69066,1.65368,1.677,194489.86
2013-06-13,1.67699,1.69153,1.64779,1.65367,237045.05
2013-06-14,1.65367,1.65998,1.63876,1.65677,157426.48
2013-06-15,1.65677,1.65677,1.65677,1.65677,0.0
2013-06-16,1.65677,1.65786,1.65441,1.65775,7766.33
2013-06-17,1.65786,1.67367,1.64548,1.67098,141732.44
2013-06-18,1.67098,1.68244,1.66691,1.67823,159993.32
2013-06-19,1.67823,1.69367,1.66117,1.68736,171019.52
2013-06-20,1.68736,1.71129,1.68294,1.70382,242019.51
2013-06-21,1.70376,1.70526,1.68805,1.69089,192087.61
2013-06-22,1.69089,1.69089,1.69089,1.69089,0.0
2013-06-23,1.69089,1.69247,1.68612,1.68806,8756.01
2013-06-24,1.6881,1.7038,1.68255,1.68847,222948.29
2013-06-25,1.68847,1.70068,1.68467,1.69196,182327.98
2013-06-26,1.69196,1.69431,1.65792,1.67328,163997.81
2013-06-27,1.67337,1.67673,1.65884,1.6747,148316.76
2013-06-28,1.6747,1.68873,1.6689,1.67904,154937.82
2013-06-29,1.67904,1.67904,1.67904,1.67904,0.0
2013-06-30,1.67904,1.68607,1.67693,1.67895,5968.48
2013-07-01,1.67884,1.6844,1.66743,1.66927,128314.16
2013-07-02,1.66926,1.68166,1.66905,1.67484,143925.27
2013-07-03,1.67484,1.68238,1.66787,1.67017,165359.02
2013-07-04,1.6701,1.67337,1.64296,1.64628,136172.65
2013-07-05,1.6463,1.6687,1.64093,1.66326,126855.39
2013-07-06,1.66326,1.66326,1.66326,1.66326,0.0
2013-07-07,1.66326,1.66399,1.66096,1.66372,6436.01
2013-07-08,1.66372,1.6638,1.64511,1.65145,97469.22
2013-07-09,1.65146,1.65501,1.62319,1.63194,135612.43
2013-07-10,1.632,1.65967,1.6225,1.65646,177236.95
2013-07-11,1.65654,1.67969,1.64387,1.66861,201225.97
2013-07-12,1.66859,1.68042,1.65828,1.67774,125013.52
2013-07-13,1.67774,1.67774,1.67774,1.67774,0.0
2013-07-14,1.67774,1.67826,1.67213,1.67377,4363.46
2013-07-15,1.67364,1.68171,1.66762,1.67386,121952.9
2013-07-16,1.67389,1.67456,1.66076,1.66367,138457.64
2013-07-17,1.66367,1.67614,1.65563,1.65897,161049.34
2013-07-18,1.65897,1.66837,1.65667,1.65766,127463.04
2013-07-19,1.65773,1.66226,1.64262,1.65536,113320.94
2013-07-20,1.65536,1.65536,1.65536,1.65536,0.0
2013-07-21,1.65536,1.66416,1.65536,1.6578,4213.75
2013-07-22,1.6577,1.6672,1.65181,1.65377,128897.6
2013-07-23,1.65387,1.65937,1.64763,1.65356,135455.96
2013-07-24,1.65354,1.66866,1.64962,1.65647,161828.52
2013-07-25,1.65652,1.65666,1.63935,1.64661,150245.41
2013-07-26,1.64655,1.64677,1.63992,1.64156,129641.53
2013-07-27,1.64156,1.64156,1.64156,1.64156,0.0
2013-07-28,1.64156,1.64517,1.6413,1.6448,5158.85
2013-07-29,1.6448,1.6558,1.64086,1.65224,123038.06
2013-07-30,1.65224,1.66487,1.64996,1.65964,136039.38
2013-07-31,1.65957,1.67697,1.65744,1.67022,167706.34
2013-08-01,1.67027,1.68396,1.66006,1.67194,153471.96
2013-08-02,1.67192,1.69852,1.67044,1.6928,134577.54
2013-08-03,1.6928,1.6928,1.6928,1.6928,0.0
2013-08-04,1.6928,1.71326,1.6928,1.70907,6226.12
2013-08-05,1.70897,1.71526,1.6859,1.69165,127014.83
2013-08-06,1.69162,1.69467,1.67993,1.68496,123178.25
2013-08-07,1.68493,1.68713,1.66642,1.67569,147967.19
2013-08-08,1.67575,1.67967,1.66407,1.67331,137578.79
2013-08-09,1.6733,1.6754,1.65527,1.65931,107218.85
2013-08-10,1.65931,1.65931,1.65931,1.65931,0.0
2013-08-11,1.65931,1.66192,1.65692,1.66192,4180.61
2013-08-12,1.66186,1.66726,1.65148,1.66536,120709.8
2013-08-13,1.66536,1.66906,1.65976,1.66244,139670.97
2013-08-14,1.66245,1.66594,1.64641,1.64723,124099.78
2013-08-15,1.64727,1.6553,1.64007,1.65356,153256.46
2013-08-16,1.65356,1.65727,1.63916,1.64383,125573.5
2013-08-17,1.64383,1.64383,1.64383,1.64383,0.0
2013-08-18,1.64383,1.64524,1.63974,1.64164,5990.68
2013-08-19,1.64164,1.65505,1.63249,1.65411,128921.79
2013-08-20,1.65412,1.68924,1.6526,1.68677,157982.21
2013-08-21,1.68667,1.70314,1.68436,1.70086,155293.73
2013-08-22,1.70086,1.70801,1.69488,1.70387,156000.99
2013-08-23,1.70386,1.71977,1.70074,1.71227,121183.5
2013-08-24,1.71227,1.71227,1.71227,1.71227,0.0
2013-08-25,1.71227,1.71913,1.71075,1.71617,5381.17
2013-08-26,1.71617,1.7174,1.69875,1.70588,89353.56
2013-08-27,1.70587,1.72749,1.70571,1.72453,137198.36
2013-08-28,1.72453,1.72559,1.70422,1.70608,155033.02
2013-08-29,1.70608,1.70931,1.69676,1.70513,137006.25
2013-08-30,1.70512,1.71131,1.69616,1.71027,105454.73
2013-08-31,1.71027,1.71027,1.71027,1.71027,0.0
2013-09-01,1.71027,1.71027,1.69915,1.7006,5598.4
2013-09-02,1.70063,1.70137,1.68249,1.68772,99334.53
2013-09-03,1.68772,1.69323,1.67989,1.6885,148620.8
2013-09-04,1.6885,1.68936,1.66252,1.67185,121866.51
2013-09-05,1.67183,1.68046,1.65927,1.66357,123231.58
2013-09-06,1.66357,1.66357,1.63846,1.64579,89040.31
2013-09-07,1.64579,1.64579,1.64579,1.64579,0.0
2013-09-08,1.64579,1.65112,1.64276,1.6507,6259.58
2013-09-09,1.65071,1.65641,1.64516,1.65341,96520.88
2013-09-10,1.6534,1.65437,1.64193,1.64716,112638.91
2013-09-11,1.64715,1.65132,1.63346,1.63401,127452.56
2013-09-12,1.63401,1.64098,1.6291,1.63514,133339.12
2013-09-13,1.6352,1.63889,1.62407,1.63379,103163.04
2013-09-14,1.63379,1.63379,1.63379,1.63379,0.0
2013-09-15,1.63379,1.63379,1.62347,1.63049,8136.75
2013-09-16,1.63037,1.63467,1.62446,1.62985,101593.29
2013-09-17,1.62981,1.63376,1.61867,1.62357,88078.15
2013-09-18,1.62361,1.62628,1.60936,1.6125,124391.33
2013-09-19,1.61247,1.61944,1.60707,1.61379,136807.48
2013-09-20,1.61379,1.61867,1.61076,1.6147,99640.78
2013-09-21,1.6147,1.6147,1.6147,1.6147,0.0
2013-09-22,1.6147,1.62204,1.6147,1.61835,3910.96
2013-09-23,1.61847,1.6209,1.60916,1.61444,91335.73
2013-09-24,1.61443,1.63536,1.61425,1.63359,96101.94
2013-09-25,1.63359,1.64368,1.63104,1.63951,94383.19
2013-09-26,1.63946,1.64086,1.62477,1.62897,94875.69
2013-09-27,1.62897,1.64177,1.62196,1.63217,94308.5
2013-09-28,1.63217,1.63217,1.63217,1.63217,0.0
2013-09-29,1.63217,1.63511,1.62816,1.6321,8797.59
2013-09-30,1.63226,1.63496,1.62382,1.62947,102896.28
2013-10-01,1.62952,1.64113,1.62774,1.63715,128603.95
2013-10-02,1.63715,1.65154,1.62796,1.63484,127735.81
2013-10-03,1.63481,1.64626,1.62996,1.64393,126037.3
2013-10-04,1.64392,1.64403,1.62578,1.62866,88908.55
2013-10-05,1.62866,1.62866,1.62866,1.62866,0.0
2013-10-06,1.62866,1.6332,1.62866,1.63207,4101.91
2013-10-07,1.63203,1.64247,1.62854,1.63675,86609.74
2013-10-08,1.63673,1.64046,1.62861,1.63556,116054.62
2013-10-09,1.63556,1.63977,1.62315,1.62922,117105.17
2013-10-10,1.62917,1.64061,1.62692,1.63462,114732.34
2013-10-11,1.63462,1.63551,1.62268,1.62554,104322.01
2013-10-12,1.62554,1.62554,1.62554,1.62554,0.0
2013-10-13,1.62554,1.63177,1.62554,1.62885,4132.24
2013-10-14,1.62888,1.63133,1.61869,1.62064,79279.14
2013-10-15,1.62061,1.62104,1.6069,1.60805,113121.81
2013-10-16,1.60807,1.614,1.60173,1.60409,112032.7
2013-10-17,1.60402,1.61638,1.60275,1.61557,134714.96
2013-10-18,1.61557,1.61728,1.60573,1.60799,80377.09
2013-10-19,1.60799,1.60799,1.60799,1.60799,0.0
2013-10-20,1.60799,1.61247,1.60799,1.61067,5919.27
2013-10-21,1.61067,1.61955,1.60843,1.61714,77189.87
2013-10-22,1.61714,1.62268,1.61196,1.61819,95630.14
2013-10-23,1.61824,1.64662,1.61746,1.63694,136145.82
2013-10-24,1.63693,1.65863,1.63245,1.65511,121383.28
2013-10-25,1.65511,1.66821,1.655,1.66623,103794.56
2013-10-26,1.66623,1.66623,1.66623,1.66623,0.0
2013-10-27,1.66623,1.66717,1.66376,1.66427,3855.19
2013-10-28,1.66427,1.66548,1.65713,1.66168,89959.53
2013-10-29,1.66168,1.67126,1.66117,1.66488,118806.03
2013-10-30,1.66487,1.67261,1.65864,1.66297,133831.44
2013-10-31,1.66305,1.66502,1.64147,1.64343,137437.36
2013-11-01,1.64343,1.64457,1.62993,1.63087,105906.0
2013-11-02,1.63087,1.63087,1.63087,1.63087,0.0
2013-11-03,1.63087,1.63485,1.63087,1.63204,2853.86
2013-11-04,1.63204,1.63297,1.62467,1.62952,96977.0
2013-11-05,1.62952,1.63472,1.60796,1.61101,116165.43
2013-11-06,1.61105,1.61473,1.6051,1.61409,95387.43
2013-11-07,1.61407,1.61863,1.59133,1.6117,142230.13
2013-11-08,1.61177,1.62249,1.60364,1.61958,122986.58
2013-11-09,1.61958,1.61958,1.61958,1.61958,0.0
2013-11-10,1.61958,1.61958,1.6155,1.61847,3862.9
2013-11-11,1.61844,1.62877,1.61154,1.62348,74163.51
2013-11-12,1.62348,1.64318,1.62298,1.63605,127900.34
2013-11-13,1.63607,1.63867,1.6246,1.62656,116830.14
2013-11-14,1.62656,1.6316,1.61388,1.62527,122005.48
2013-11-15,1.62518,1.62669,1.61722,1.61741,82819.99
2013-11-16,1.61741,1.61741,1.61741,1.61741,0.0
2013-11-17,1.61741,1.61755,1.6143,1.6152,2440.39
2013-11-18,1.61524,1.62366,1.60489,1.62351,93692.42
2013-11-19,1.62351,1.62577,1.61613,1.61937,113849.19
2013-11-20,1.61939,1.63127,1.61664,1.62428,126416.32
2013-11-21,1.62428,1.64548,1.62305,1.63769,143513.08
2013-11-22,1.63764,1.66355,1.6349,1.65388,121095.03
2013-11-23,1.65388,1.65388,1.65388,1.65388,0.0
2013-11-24,1.65388,1.65674,1.65326,1.65386,3423.34
2013-11-25,1.65386,1.65407,1.64197,1.64267,121317.63
2013-11-26,1.64257,1.65946,1.63786,1.65599,126117.3
2013-11-27,1.65599,1.67324,1.65415,1.66465,138900.8
2013-11-28,1.66467,1.6781,1.65963,1.67648,91109.69
2013-11-29,1.67646,1.6842,1.66565,1.6698,107220.03
2013-11-30,1.6698,1.6698,1.6698,1.6698,0.0
2013-12-01,1.6698,1.6698,1.66077,1.66405,3280.91
2013-12-02,1.66404,1.66796,1.64875,1.65294,112620.53
2013-12-03,1.65297,1.65932,1.64438,1.64958,119942.91
2013-12-04,1.64959,1.66347,1.648,1.65497,136490.17
2013-12-05,1.65486,1.67215,1.65206,1.66297,130973.27
2013-12-06,1.66297,1.67498,1.6512,1.65365,113723.98
2013-12-07,1.65365,1.65365,1.65365,1.65365,0.0
2013-12-08,1.65365,1.65457,1.65217,1.65367,3894.42
2013-12-09,1.65377,1.66157,1.64711,1.65916,85534.17
2013-12-10,1.65916,1.66207,1.65166,1.65644,90956.21
2013-12-11,1.65637,1.67974,1.65592,1.66597,126664.22
2013-12-12,1.66597,1.67774,1.65557,1.67283,133808.92
2013-12-13,1.67283,1.67337,1.65966,1.66104,89705.2
2013-12-14,1.66104,1.66104,1.66104,1.66104,0.0
2013-12-15,1.66104,1.66293,1.65964,1.66268,1235.89
2013-12-16,1.6627,1.67186,1.65848,1.66494,87724.66
2013-12-17,1.66499,1.66857,1.66028,1.66328,103844.71
2013-12-18,1.66324,1.68065,1.65433,1.66689,127559.43
2013-12-19,1.66689,1.67661,1.66416,1.66646,105955.53
2013-12-20,1.66637,1.67496,1.65996,1.66641,94776.3
2013-12-21,1.66641,1.66641,1.66641,1.66641,0.0
2013-12-22,1.66641,1.66696,1.66349,1.66556,2788.06
2013-12-23,1.66556,1.67236,1.66481,1.67106,68736.47
2013-12-24,1.67106,1.67387,1.66653,1.66852,43511.59
2013-12-25,1.66869,1.67279,1.66869,1.67177,3184.97
2013-12-26,1.6718,1.67966,1.66681,1.67828,39648.32
2013-12-27,1.67828,1.69951,1.67608,1.68364,81939.44
2013-12-28,1.68364,1.68364,1.68364,1.68364,0.0
2013-12-29,1.68364,1.68986,1.68364,1.68663,1876.44
2013-12-30,1.68686,1.69237,1.679,1.68036,57672.89
2013-12-31,1.68027,1.68186,1.66839,1.66964,48236.21
2014-01-01,1.66964,1.67927,1.66964,1.67701,2105.53
2014-01-02,1.67687,1.68294,1.65744,1.6692,99281.41
2014-01-03,1.66915,1.66987,1.63666,1.64167,93459.05
2014-01-04,1.64167,1.64167,1.64167,1.64167,0.0
2014-01-05,1.64167,1.64617,1.64136,1.64453,3046.3
2014-01-06,1.64449,1.64868,1.63989,1.64408,97618.13
2014-01-07,1.64408,1.65018,1.64152,1.6445,102001.44
2014-01-08,1.64447,1.64686,1.63507,1.64257,112199.38
2014-01-09,1.64257,1.65127,1.63995,1.65008,103050.02
2014-01-10,1.65009,1.65766,1.64476,1.64547,100046.07
2014-01-11,1.64547,1.64547,1.64547,1.64547,0.0
2014-01-12,1.64547,1.64967,1.64466,1.64652,2483.25
2014-01-13,1.64648,1.64947,1.62688,1.63176,102223.07
2014-01-14,1.63186,1.63506,1.61978,1.63347,102607.18
2014-01-15,1.63347,1.63601,1.62618,1.63209,102173.64
2014-01-16,1.63213,1.64171,1.62738,1.63089,120280.86
2014-01-17,1.63084,1.64681,1.62854,1.63881,92507.01
2014-01-18,1.63881,1.63881,1.63881,1.63881,0.0
2014-01-19,1.63881,1.64013,1.63549,1.63884,3039.4
2014-01-20,1.63884,1.64973,1.62567,1.62926,77794.18
2014-01-21,1.62918,1.63274,1.62376,1.63106,90729.3
2014-01-22,1.63106,1.63436,1.62506,1.63071,92481.7
2014-01-23,1.63076,1.65327,1.63046,1.65196,127701.48
2014-01-24,1.65197,1.66887,1.64933,1.66249,120714.44
2014-01-25,1.66249,1.66249,1.66249,1.66249,0.0
2014-01-26,1.66249,1.66377,1.65943,1.66246,3451.69
2014-01-27,1.66257,1.66878,1.65418,1.66283,100218.35
2014-01-28,1.66283,1.66313,1.64516,1.65179,98693.29
2014-01-29,1.65179,1.66999,1.6425,1.66357,120573.71
2014-01-30,1.66374,1.67255,1.65715,1.6573,119986.48
2014-01-31,1.6573,1.67478,1.65692,1.66684,115840.44
2014-02-01,1.66684,1.66684,1.66684,1.66684,0.0
2014-02-02,1.66684,1.66692,1.66253,1.66467,2726.7
2014-02-03,1.66456,1.67592,1.66007,1.67506,111692.23
2014-02-04,1.67516,1.67866,1.63673,1.64357,117088.98
2014-02-05,1.64353,1.65291,1.64216,1.64527,101440.62
2014-02-06,1.64527,1.65479,1.63584,1.64842,100650.67
2014-02-07,1.6484,1.65487,1.63896,1.64308,91755.73
2014-02-08,1.64308,1.64308,1.64308,1.64308,0.0
2014-02-09,1.64308,1.64616,1.64237,1.64462,2282.73
2014-02-10,1.64456,1.65247,1.64346,1.65018,61412.79
2014-02-11,1.65018,1.65137,1.63586,1.64093,80864.82
2014-02-12,1.64087,1.64207,1.62529,1.63318,79575.84
2014-02-13,1.63325,1.64306,1.63018,1.63867,90076.82
2014-02-14,1.63866,1.642,1.63277,1.63401,76293.4
2014-02-15,1.63401,1.63401,1.63401,1.63401,0.0
2014-02-16,1.63401,1.63917,1.63401,1.63562,2135.5
2014-02-17,1.63565,1.64086,1.63456,1.63837,54302.67
2014-02-18,1.63837,1.65847,1.63421,1.6584,91605.16
2014-02-19,1.6584,1.66203,1.64767,1.65916,85461.95
2014-02-20,1.65916,1.66737,1.64977,1.65226,92203.65
2014-02-21,1.65217,1.66187,1.64957,1.65754,66473.12
2014-02-22,1.65754,1.65754,1.65754,1.65754,0.0
2014-02-23,1.65754,1.66067,1.65698,1.65924,1703.12
2014-02-24,1.65924,1.66257,1.64664,1.64843,70653.05
2014-02-25,1.64838,1.65317,1.64596,1.65022,79224.26
2014-02-26,1.65018,1.65377,1.64457,1.64628,90168.9
2014-02-27,1.64628,1.64936,1.63126,1.6383,97084.45
2014-02-28,1.63825,1.64771,1.62776,1.64504,97713.89
2014-03-01,1.64504,1.64504,1.64504,1.64504,0.0
2014-03-02,1.64504,1.64936,1.64417,1.64721,4546.86
2014-03-03,1.64719,1.65147,1.64006,1.6424,84642.38
2014-03-04,1.64244,1.64408,1.63579,1.63737,89362.72
2014-03-05,1.63737,1.63977,1.62864,1.63207,82607.12
2014-03-06,1.63216,1.63667,1.61936,1.63586,105038.02
2014-03-07,1.63586,1.64207,1.62995,1.63788,88583.55
2014-03-08,1.63788,1.63788,1.63788,1.63788,0.0
2014-03-09,1.63788,1.64057,1.63627,1.63785,4045.37
2014-03-10,1.6379,1.64385,1.63673,1.63848,77152.11
2014-03-11,1.63848,1.63931,1.62993,1.63836,81834.97
2014-03-12,1.63836,1.64756,1.63006,1.63119,76398.0
2014-03-13,1.63121,1.63121,1.61928,1.62387,87751.51
2014-03-14,1.62387,1.63056,1.62051,1.62834,60752.48
2014-03-15,1.62834,1.62834,1.62834,1.62834,0.0
2014-03-16,1.62834,1.63143,1.62793,1.62936,4024.23
2014-03-17,1.62933,1.63026,1.61807,1.62654,56772.16
2014-03-18,1.62654,1.62961,1.60867,1.61506,70531.7
2014-03-19,1.61506,1.62056,1.6104,1.61905,79629.5
2014-03-20,1.61905,1.62315,1.61198,1.61496,77308.12
2014-03-21,1.61489,1.61686,1.60871,1.61504,60220.57
2014-03-22,1.61504,1.61504,1.61504,1.61504,0.0
2014-03-23,1.61504,1.61616,1.6114,1.61531,3516.84
2014-03-24,1.61536,1.62319,1.6112,1.61917,74156.62
2014-03-25,1.61917,1.61918,1.60729,1.61209,75247.81
2014-03-26,1.61214,1.61227,1.59989,1.6024,79163.09
2014-03-27,1.6024,1.6047,1.58287,1.58545,75100.74
2014-03-28,1.5854,1.58971,1.57664,1.58603,60914.24
2014-03-29,1.58603,1.58603,1.58603,1.58603,0.0
2014-03-30,1.58603,1.58866,1.58564,1.58578,5628.89
2014-03-31,1.58582,1.59616,1.58445,1.58817,65606.2
2014-04-01,1.58826,1.6011,1.58476,1.60077,55662.83
2014-04-02,1.60077,1.61077,1.60052,1.60557,61029.89
2014-04-03,1.60557,1.61806,1.6036,1.60405,67445.63
2014-04-04,1.60405,1.60584,1.5896,1.59199,55842.65
2014-04-05,1.59199,1.59199,1.59199,1.59199,0.0
2014-04-06,1.59199,1.59637,1.59025,1.5912,6129.34
2014-04-07,1.59123,1.60066,1.59053,1.59627,70802.29
2014-04-08,1.59625,1.59685,1.58557,1.59136,89677.4
2014-04-09,1.5914,1.59791,1.58354,1.58868,85330.17
2014-04-10,1.58869,1.60271,1.58373,1.60179,90046.11
2014-04-11,1.60177,1.61049,1.5956,1.59646,56894.66
2014-04-12,1.59646,1.59646,1.59646,1.59646,0.0
2014-04-13,1.59646,1.59646,1.59286,1.59447,3590.6
2014-04-14,1.59447,1.60279,1.58915,1.5908,52461.77
2014-04-15,1.59075,1.60677,1.58997,1.60623,65210.53
2014-04-16,1.60623,1.61206,1.59989,1.60157,63040.32
2014-04-17,1.60157,1.6133,1.59906,1.61017,50496.12
2014-04-18,1.61017,1.61195,1.60779,1.60858,19880.99
2014-04-19,1.60858,1.60858,1.60858,1.60858,0.0
2014-04-20,1.60858,1.61168,1.60569,1.608,2953.3
2014-04-21,1.608,1.6133,1.60581,1.60819,25925.5
2014-04-22,1.60819,1.60958,1.60196,1.60297,51828.43
2014-04-23,1.60299,1.61525,1.60082,1.60409,67108.07
2014-04-24,1.60409,1.61688,1.6001,1.61361,62575.97
2014-04-25,1.61361,1.61673,1.60982,1.61206,43573.2
2014-04-26,1.61206,1.61206,1.61206,1.61206,0.0
2014-04-27,1.61206,1.61387,1.61206,1.61258,1588.51
2014-04-28,1.61258,1.62507,1.61017,1.62336,60342.99
2014-04-29,1.62336,1.62846,1.61309,1.61342,59074.62
2014-04-30,1.61343,1.6202,1.60726,1.61077,9270322.55
2014-05-01,1.61077,1.61266,1.60452,1.60736,16044019.94
2014-05-02,1.60735,1.60947,1.5996,1.59999,61634.51
2014-05-03,1.59999,1.59999,1.59999,1.59999,0.0
2014-05-04,1.59999,1.60251,1.59938,1.60203,2174.54
2014-05-05,1.602,1.60481,1.59746,1.59753,34381061.71
2014-05-06,1.59753,1.60173,1.58706,1.59915,73755.55
2014-05-09,1.60096,1.60578,1.59415,1.59627,14252276.0
2014-05-11,1.59406,1.59634,1.59398,1.59546,3233.47
2014-05-13,1.59521,1.59656,1.58261,1.58865,72369.33
2014-05-14,1.58866,1.58896,1.5804,1.58377,89047659.72
2014-05-15,1.58386,1.59046,1.57412,1.58499,11468915.72
2014-05-16,1.58504,1.59107,1.58436,1.58667,87551831.15
2014-05-18,1.58509,1.58657,1.58493,1.5863,3199.92
2014-05-19,1.5863,1.59017,1.58306,1.58846,33051042.9
2014-05-20,1.58846,1.60027,1.58827,1.60027,30813866.57
2014-05-23,1.59387,1.59736,1.59167,1.59219,58319.78
2014-05-25,1.59431,1.59587,1.59347,1.59557,3589.54
2014-05-26,1.59556,1.59802,1.5933,1.59449,63545732.84
2014-05-27,1.59449,1.59767,1.59074,1.59117,88692397.0
2014-05-28,1.59127,1.60537,1.59126,1.60227,92353748.37
2014-05-30,1.60263,1.60842,1.59737,1.60356,62494.3
2014-06-01,1.60547,1.60697,1.60336,1.60524,2687.44
2014-06-02,1.60523,1.61097,1.60456,1.61058,20611699.66
2014-06-03,1.61058,1.61853,1.60446,1.6146,15064761.83
2014-06-04,1.6146,1.62024,1.61218,1.61464,69426.5
2014-06-05,1.61463,1.61479,1.59772,1.61003,44105772.25
2014-06-06,1.61004,1.61054,1.59673,1.60446,69947.18
2014-06-08,1.60454,1.60581,1.60353,1.60516,1817.32
2014-06-09,1.60516,1.60524,1.59785,1.60013,71712.64
2014-06-10,1.60013,1.60014,1.58674,1.58753,37428499.01
2014-06-11,1.58753,1.58764,1.56815,1.57264,119994.39
2014-06-12,1.57268,1.57274,1.55654,1.56179,18485979.79
2014-06-13,1.56183,1.56879,1.56021,1.56106,24808333.33
2014-06-15,1.56204,1.56256,1.56023,1.56243,3417.39
2014-06-16,1.56243,1.56544,1.55663,1.56535,40909936.65
2014-06-17,1.56544,1.56831,1.56324,1.56434,62605460.82
2014-06-18,1.56434,1.56582,1.55468,1.55874,68079.68
2014-06-19,1.55875,1.56425,1.55823,1.56283,67673.06
2014-06-20,1.56283,1.56453,1.56026,1.56324,48848.19
2014-06-22,1.56134,1.56254,1.56093,1.56144,2306.65
2014-06-23,1.56143,1.56252,1.55388,1.56187,46964.92
2014-06-24,1.56187,1.57014,1.55832,1.56974,61135.68
2014-06-25,1.56974,1.57064,1.55868,1.56014,53993.23
2014-06-26,1.56014,1.56014,1.54773,1.55173,61439.95
2014-06-27,1.55173,1.55689,1.55023,1.55453,47025.76
2014-06-29,1.55285,1.55594,1.55285,1.55503,2503.15
2014-06-30,1.55503,1.56502,1.5535,1.56214,55492.24
2014-07-01,1.56224,1.56494,1.55673,1.56114,56077.06
2014-07-02,1.56123,1.56287,1.55584,1.55757,51098.96
2014-07-03,1.55757,1.56101,1.55135,1.55623,63542.64
2014-07-04,1.55622,1.55791,1.55312,1.55464,30633.54
2014-07-06,1.55316,1.55624,1.553,1.55573,2239.19
2014-07-07,1.55574,1.55851,1.55114,1.55515,57213.87
2014-07-08,1.55515,1.55524,1.5437,1.54854,48399.01
2014-07-09,1.54844,1.54984,1.54455,1.54574,56279.94
2014-07-10,1.54577,1.54878,1.54103,1.54403,60539.03
2014-07-11,1.54414,1.54551,1.54112,1.54293,43971.79
2014-07-13,1.54206,1.54423,1.54194,1.54364,2311.38
2014-07-14,1.54364,1.54791,1.54123,1.54589,39929.2
2014-07-15,1.54589,1.55643,1.54326,1.55493,65486.72
2014-07-16,1.55493,1.55986,1.55117,1.55218,57613.38
2014-07-17,1.55218,1.56281,1.55116,1.55989,67315.35
2014-07-18,1.55989,1.56254,1.55527,1.55527,57550.97
2014-07-20,1.55398,1.55669,1.55189,1.5542,2490.72
2014-07-21,1.55421,1.55814,1.55284,1.55804,38341.9
2014-07-22,1.55803,1.55914,1.5507,1.55296,57100.91
2014-07-23,1.55294,1.56526,1.54593,1.56285,56907.13
2014-07-24,1.56284,1.57251,1.56059,1.56924,61359.59
2014-07-25,1.56914,1.57504,1.56814,1.56944,53110.8
2014-07-27,1.56984,1.57064,1.56908,1.56999,2746.52
2014-07-28,1.57002,1.57457,1.56955,1.57164,40357.38
2014-07-29,1.57163,1.57955,1.57034,1.57584,56291.57
2014-07-30,1.57584,1.5804,1.57359,1.5779,62113.55
2014-07-31,1.57785,1.57953,1.57217,1.57414,59238.8
2014-08-01,1.57413,1.58295,1.57303,1.57757,63588.89
2014-08-03,1.57774,1.57834,1.57516,1.57794,4833.74
2014-08-04,1.57784,1.57962,1.57286,1.57483,39121.53
2014-08-05,1.57474,1.58599,1.56993,1.58404,75242.74
2014-08-06,1.58415,1.58674,1.57482,1.57933,70721.88
2014-08-07,1.57933,1.58284,1.57294,1.58001,65914.74
2014-08-08,1.57999,1.58584,1.57786,1.58404,60444.14
2014-08-10,1.58324,1.58484,1.58211,1.58363,3711.97
2014-08-11,1.58363,1.58423,1.58048,1.58263,36366.33
2014-08-12,1.58262,1.58983,1.58137,1.58614,55607.68
2014-08-13,1.58613,1.58718,1.57421,1.57623,56011.5
2014-08-14,1.57634,1.57946,1.57153,1.57544,52833.16
2014-08-15,1.57554,1.57957,1.57391,1.57804,52667.64
2014-08-17,1.57709,1.57935,1.57599,1.57898,2594.39
2014-08-18,1.57903,1.58004,1.57476,1.57927,40469.01
2014-08-19,1.57923,1.58482,1.57484,1.5817,65526.75
2014-08-20,1.5817,1.58875,1.57933,1.58342,70119.91
2014-08-21,1.5834,1.58659,1.57905,1.58129,58665.81
2014-08-22,1.58123,1.58263,1.57337,1.57453,64919.24
2014-08-24,1.57114,1.58334,1.57103,1.57943,11016.67
2014-08-25,1.57939,1.58608,1.5768,1.58587,51007.17
2014-08-26,1.58589,1.58643,1.57841,1.57903,58960.96
2014-08-27,1.57903,1.58007,1.57143,1.57654,62044.96
2014-08-28,1.57648,1.57673,1.57087,1.57423,61855.02
2014-08-29,1.57423,1.57674,1.56775,1.57045,50795.96
2014-08-31,1.57153,1.57243,1.57029,1.57125,5713.68
2014-09-01,1.57125,1.57164,1.56463,1.56574,39165.14
2014-09-02,1.56574,1.58174,1.56563,1.58165,66028.34
2014-09-03,1.58165,1.58324,1.57741,1.57993,68814.26
2014-09-04,1.57993,1.58105,1.55535,1.56253,84654.68
2014-09-05,1.56253,1.56324,1.55384,1.55384,65494.54
2014-09-07,1.55914,1.55938,1.55678,1.55749,5032.0
2014-09-08,1.55749,1.56438,1.55423,1.55867,74714.0
2014-09-09,1.55867,1.57153,1.55655,1.56733,90977.67
2014-09-10,1.56733,1.57812,1.56424,1.5757,122344.66
2014-09-11,1.57566,1.58314,1.57093,1.57913,109451.73
2014-09-12,1.57913,1.59118,1.57798,1.59064,91056.73
2014-09-14,1.59135,1.59237,1.58992,1.59035,3683.17
2014-09-15,1.59029,1.5949,1.58022,1.58244,87590.76
2014-09-16,1.58244,1.58917,1.57743,1.58194,90791.37
2014-09-17,1.58183,1.59384,1.57963,1.58671,114325.8
2014-09-18,1.58671,1.58974,1.57925,1.58504,95882.18
2014-09-19,1.58504,1.5901,1.57484,1.57758,86898.74
2014-09-21,1.57411,1.57643,1.57204,1.57632,4376.97
2014-09-22,1.57628,1.5857,1.57433,1.58402,73525.88
2014-09-23,1.58402,1.59828,1.5792,1.59065,91433.41
2014-09-24,1.59065,1.59363,1.5815,1.58494,77179.41
2014-09-25,1.58494,1.61007,1.58304,1.60489,140721.88
2014-09-26,1.60489,1.61526,1.6033,1.61144,90250.41
2014-09-28,1.61183,1.61284,1.61081,1.61201,6808.07
2014-09-29,1.612,1.64458,1.6112,1.63369,122479.84
2014-09-30,1.63374,1.63746,1.61451,1.61697,110081.55
2014-10-01,1.61704,1.62464,1.60744,1.62196,120794.11
2014-10-02,1.62195,1.62254,1.59824,1.60529,122331.76
2014-10-03,1.60529,1.61571,1.59943,1.60968,91608.11
2014-10-05,1.61028,1.62141,1.61028,1.61891,4784.09
2014-10-06,1.61893,1.61893,1.60783,1.61419,86367.94
2014-10-07,1.61419,1.62043,1.60644,1.61874,113419.61
2014-10-08,1.61873,1.62691,1.60909,1.61164,114684.41
2014-10-09,1.61164,1.61641,1.60315,1.61392,137446.82
2014-10-10,1.61392,1.62185,1.61065,1.61514,100386.84
2014-10-12,1.61434,1.62194,1.61323,1.61393,8912.44
2014-10-13,1.61394,1.61783,1.60664,1.6168,100351.55
2014-10-14,1.61674,1.61867,1.60619,1.6142,100744.93
2014-10-15,1.61421,1.61863,1.60185,1.6093,165608.97
2014-10-16,1.6093,1.62422,1.60274,1.61186,152746.7
2014-10-17,1.61186,1.61454,1.60514,1.60898,97173.87
2014-10-19,1.6081,1.60961,1.60594,1.60785,6088.18
2014-10-20,1.60787,1.60943,1.60159,1.60683,89185.39
2014-10-21,1.60684,1.60783,1.59065,1.59553,98235.44
2014-10-22,1.59554,1.60984,1.59028,1.60973,97987.18
2014-10-23,1.60969,1.62035,1.60574,1.61609,106626.33
2014-10-24,1.61609,1.62104,1.60993,1.61238,79669.34
2014-10-26,1.61403,1.61514,1.61234,1.61425,5435.02
2014-10-27,1.61425,1.61609,1.60643,1.60934,85931.2
2014-10-28,1.60935,1.61064,1.60274,1.60744,95019.26
2014-10-29,1.60744,1.62624,1.60003,1.62309,105894.44
2014-10-30,1.62313,1.62399,1.60452,1.60828,124788.15
2014-10-31,1.60828,1.6109,1.59583,1.60561,140545.5
2014-11-02,1.60873,1.60995,1.60748,1.60754,4817.53
2014-11-03,1.60754,1.62078,1.60332,1.61543,130319.32
2014-11-04,1.61543,1.62004,1.60024,1.60449,137313.99
2014-11-05,1.6045,1.62189,1.6031,1.6178,159738.46
2014-11-06,1.61783,1.62733,1.60613,1.60924,181952.68
2014-11-07,1.60924,1.61553,1.60319,1.60553,164933.75
2014-11-09,1.60364,1.60557,1.60273,1.60494,7246.68
2014-11-10,1.60489,1.60539,1.59627,1.60203,99181.17
2014-11-11,1.60203,1.608,1.59283,1.59452,123591.93
2014-11-12,1.59452,1.59604,1.5766,1.58063,170943.27
2014-11-13,1.58063,1.58626,1.57249,1.58495,120203.47
2014-11-14,1.58493,1.58764,1.57793,1.58234,142674.73
2014-11-16,1.57604,1.57878,1.57373,1.57835,6189.08
2014-11-17,1.57833,1.57984,1.56833,1.57057,127136.56
2014-11-18,1.57057,1.58568,1.56794,1.58511,129529.76
2014-11-19,1.58511,1.6026,1.58443,1.59938,144940.94
2014-11-20,1.59943,1.60421,1.59211,1.59554,165776.65
2014-11-21,1.59564,1.59632,1.56443,1.56928,156511.5
2014-11-23,1.56774,1.57043,1.56695,1.56782,6073.45
2014-11-24,1.56782,1.584,1.5656,1.58214,113713.74
2014-11-25,1.58214,1.60049,1.58046,1.59386,150736.8
2014-11-26,1.5938,1.59728,1.58517,1.58722,138659.27
2014-11-27,1.58722,1.58996,1.5789,1.58507,99872.41
2014-11-28,1.58485,1.59198,1.58167,1.58424,108004.02
2014-11-30,1.59403,1.59642,1.58976,1.59572,8715.19
2014-12-01,1.59572,1.59914,1.5792,1.5856,152847.19
2014-12-02,1.5856,1.59307,1.58005,1.5878,114557.96
2014-12-03,1.5878,1.59424,1.58093,1.58841,133472.66
2014-12-04,1.58843,1.59809,1.58523,1.59213,147606.8
2014-12-05,1.59214,1.59647,1.58845,1.59174,123882.76
2014-12-07,1.59524,1.60145,1.59393,1.60101,5163.81
2014-12-08,1.60104,1.60992,1.59859,1.60887,151846.45
2014-12-09,1.60887,1.61588,1.60288,1.61046,197123.99
2014-12-10,1.61043,1.62018,1.58853,1.59627,179743.09
2014-12-11,1.59633,1.59776,1.58423,1.59132,195421.83
2014-12-12,1.59132,1.60567,1.58711,1.60174,147639.61
2014-12-14,1.60324,1.6069,1.6,1.6069,8929.02
2014-12-15,1.6069,1.60994,1.59853,1.60679,143635.0
2014-12-16,1.60676,1.61308,1.59863,1.60567,170666.28
2014-12-17,1.60564,1.6162,1.59137,1.6027,143758.72
2014-12-18,1.60272,1.60581,1.57957,1.57964,148896.21
2014-12-19,1.57964,1.58223,1.57468,1.57749,111211.1
2014-12-21,1.57704,1.57924,1.57641,1.5779,4097.05
2014-12-22,1.5779,1.58606,1.57749,1.58264,87403.46
2014-12-23,1.58264,1.58454,1.57457,1.57835,85200.17
2014-12-24,1.57839,1.58196,1.5736,1.57361,39732.63
2014-12-25,1.57362,1.57997,1.57309,1.57837,2259.41
2014-12-26,1.57838,1.57947,1.56663,1.56663,28980.96
2014-12-28,1.57013,1.57172,1.56915,1.57052,3032.77
2014-12-29,1.57054,1.57236,1.55943,1.56208,65866.01
2014-12-30,1.56209,1.56289,1.54974,1.55254,76746.33
2014-12-31,1.55249,1.55369,1.54727,1.55074,51520.07
2015-01-01,1.55161,1.55248,1.5495,1.55088,6170.07
2015-01-02,1.55088,1.56324,1.54876,1.55576,84936.06
2015-01-04,1.55444,1.55923,1.54497,1.55889,9673.8
2015-01-05,1.55889,1.56787,1.54591,1.55023,120064.37
2015-01-06,1.55023,1.55274,1.52663,1.53297,132994.11
2015-01-07,1.53298,1.53416,1.51983,1.52294,131598.54
2015-01-08,1.52294,1.52401,1.5063,1.50986,104331.12
2015-01-09,1.50986,1.51373,1.50381,1.5091,113354.8
2015-01-11,1.50934,1.51346,1.50734,1.51273,6370.34
2015-01-12,1.51273,1.52527,1.50734,1.52265,127784.45
2015-01-13,1.52261,1.52615,1.51914,1.52102,138733.24
2015-01-14,1.52102,1.53305,1.51743,1.52788,168662.87
2015-01-15,1.52784,1.52884,1.48168,1.48396,228312.0
2015-01-16,1.48394,1.49243,1.47867,1.48132,157461.21
2015-01-18,1.48395,1.48629,1.48152,1.48345,3975.11
2015-01-19,1.48349,1.49632,1.48134,1.49413,104637.77
2015-01-20,1.49413,1.51475,1.48883,1.50964,125473.05
2015-01-21,1.50964,1.53745,1.50654,1.53388,165412.74
2015-01-22,1.53383,1.54369,1.50933,1.51181,178736.12
2015-01-23,1.5118,1.51672,1.48882,1.50174,179610.87
2015-01-25,1.49874,1.50364,1.49737,1.50199,10179.59
2015-01-26,1.50199,1.52434,1.50044,1.51242,150144.92
2015-01-27,1.51242,1.52854,1.51024,1.52513,171048.67
2015-01-28,1.52519,1.54247,1.51337,1.54074,149803.68
2015-01-29,1.54078,1.56329,1.53553,1.55704,159273.7
2015-01-30,1.55702,1.56864,1.55143,1.55256,145124.2
2015-02-01,1.55993,1.56071,1.55589,1.55643,11299.35
2015-02-02,1.55644,1.56396,1.54841,1.55284,125738.21
2015-02-03,1.55273,1.58191,1.54915,1.56183,181735.79
2015-02-04,1.56184,1.57112,1.53446,1.53794,160609.52
2015-02-05,1.53783,1.55282,1.53417,1.54884,143701.27
2015-02-06,1.54883,1.54967,1.53427,1.53427,120460.46
2015-02-08,1.53473,1.54003,1.53445,1.5387,8115.78
2015-02-09,1.53873,1.54083,1.51974,1.53056,123214.12
2015-02-10,1.53056,1.53129,1.52253,1.52545,143095.55
2015-02-11,1.52549,1.54095,1.52122,1.53354,138463.48
2015-02-12,1.53354,1.54826,1.52474,1.53435,168074.37
2015-02-13,1.53435,1.5393,1.52418,1.52648,118769.48
2015-02-15,1.52363,1.52497,1.52183,1.52384,6370.46
2015-02-16,1.52387,1.52474,1.50946,1.51363,100642.54
2015-02-17,1.5136,1.51899,1.50753,1.51257,123935.33
2015-02-18,1.5126,1.5159,1.50524,1.51014,124352.93
2015-02-19,1.51015,1.52087,1.50781,1.51156,127776.45
2015-02-20,1.51153,1.51521,1.49439,1.50945,151686.34
2015-02-22,1.51294,1.51335,1.51069,1.51165,8349.87
2015-02-23,1.51165,1.51517,1.50216,1.50494,123228.16
2015-02-24,1.50494,1.52314,1.50432,1.51546,130758.63
2015-02-25,1.51546,1.51597,1.49956,1.50104,120625.7
2015-02-26,1.50104,1.50554,1.48313,1.48605,127414.96
2015-02-27,1.48605,1.48749,1.47864,1.47914,120011.37
2015-03-01,1.47934,1.48126,1.47823,1.47875,8260.75
2015-03-02,1.47874,1.49189,1.47797,1.48923,111921.29
2015-03-03,1.48923,1.49014,1.47783,1.47894,118121.96
2015-03-04,1.47894,1.48005,1.45551,1.45983,113314.98
2015-03-05,1.45983,1.48177,1.45853,1.47301,120190.42
2015-03-06,1.47301,1.47684,1.45727,1.47213,116337.59
2015-03-08,1.47033,1.47281,1.46786,1.47263,8083.97
2015-03-09,1.47274,1.47988,1.4708,1.47584,131265.03
2015-03-10,1.47584,1.48693,1.46597,1.4686,207941.38
2015-03-11,1.4686,1.47613,1.44105,1.44403,209907.23
2015-03-12,1.44404,1.4451,1.42894,1.43453,213487.75
2015-03-13,1.43453,1.44671,1.42633,1.42712,158385.37
2015-03-15,1.42908,1.43284,1.42888,1.4324,8969.49
2015-03-16,1.4324,1.43534,1.42559,1.43246,139344.67
2015-03-17,1.43242,1.45124,1.42975,1.4484,144229.98
2015-03-18,1.4484,1.46291,1.43683,1.44583,178115.57
2015-03-19,1.44592,1.45061,1.43515,1.43515,203852.76
2015-03-20,1.43513,1.44243,1.42534,1.42904,162769.21
2015-03-22,1.43024,1.43256,1.4275,1.43007,13315.86
2015-03-23,1.43007,1.43423,1.41289,1.43003,215387.57
2015-03-24,1.43003,1.43623,1.42281,1.42986,204009.52
2015-03-25,1.42986,1.44723,1.42758,1.44523,191590.08
2015-03-26,1.44524,1.44945,1.42703,1.43449,220764.52
2015-03-27,1.43449,1.44453,1.42867,1.43804,178810.17
2015-03-29,1.44033,1.44236,1.43745,1.44184,8889.1
2015-03-30,1.44184,1.44573,1.43838,1.444,165443.81
2015-03-31,1.44399,1.44536,1.43093,1.44185,181913.24
2015-04-01,1.44185,1.45254,1.43849,1.44734,186433.93
2015-04-02,1.44734,1.45434,1.44064,1.44784,170112.31
2015-04-03,1.44784,1.45104,1.44182,1.44372,73567.92
2015-04-05,1.44853,1.44964,1.44343,1.44383,6364.32
2015-04-06,1.44383,1.45173,1.44155,1.45108,93300.45
2015-04-07,1.45114,1.45464,1.43782,1.44154,174439.24
2015-04-08,1.44164,1.44204,1.42573,1.4283,168718.1
2015-04-09,1.42829,1.42985,1.40664,1.40823,162154.98
2015-04-10,1.40823,1.41113,1.40423,1.40743,133528.66
2015-04-12,1.40666,1.41024,1.4052,1.40805,5629.63
2015-04-13,1.40805,1.42354,1.40763,1.41686,153935.8
2015-04-14,1.41683,1.42034,1.41175,1.41745,157056.21
2015-04-15,1.41745,1.41924,1.40272,1.40649,167452.17
2015-04-16,1.40649,1.41063,1.39775,1.40593,180229.83
2015-04-17,1.40595,1.40819,1.39873,1.4051,172047.8
2015-04-19,1.40374,1.40564,1.39866,1.40276,10433.79
2015-04-20,1.40276,1.40477,1.39463,1.40324,158525.11
2015-04-21,1.40314,1.40528,1.38807,1.39994,174720.5
2015-04-22,1.39993,1.40354,1.39009,1.40342,172350.24
2015-04-23,1.40344,1.429,1.40328,1.42615,193274.44
2015-04-24,1.42616,1.43929,1.42496,1.42868,165817.25
2015-04-26,1.42884,1.43104,1.42544,1.42848,6026.14
2015-04-27,1.42846,1.4289,1.42177,1.42574,156114.95
2015-04-28,1.42574,1.42743,1.41764,1.42044,166829.95
2015-04-29,1.42046,1.46404,1.41958,1.46095,196034.6
2015-04-30,1.46098,1.47714,1.4561,1.47461,199774.85
2015-05-01,1.47461,1.48976,1.47303,1.48373,137788.48
2015-05-03,1.48558,1.48757,1.48403,1.48665,7607.17
2015-05-04,1.48663,1.49021,1.47568,1.47881,116339.86
2015-05-05,1.47881,1.49424,1.47238,1.49104,175762.13
2015-05-06,1.49104,1.51531,1.4899,1.51476,189385.04
2015-05-07,1.51475,1.52454,1.50327,1.51087,197263.91
2015-05-08,1.51085,1.51554,1.49554,1.49556,167797.3
2015-05-10,1.49743,1.51039,1.49743,1.50811,10625.6
2015-05-11,1.50811,1.52086,1.50493,1.51773,144993.06
2015-05-12,1.51776,1.53181,1.51233,1.5124,180457.56
2015-05-13,1.51239,1.52404,1.5,1.50719,188854.89
2015-05-14,1.50719,1.52629,1.50238,1.52174,181597.89
2015-05-15,1.52174,1.53379,1.52163,1.53143,158914.3
2015-05-17,1.53584,1.53784,1.53414,1.53519,5548.65
2015-05-18,1.53519,1.54044,1.52803,1.53531,133749.83
2015-05-19,1.53532,1.53623,1.5058,1.51376,185950.63
2015-05-20,1.51376,1.52223,1.50793,1.52024,170050.04
2015-05-21,1.52024,1.52882,1.51012,1.51099,138257.43
2015-05-22,1.51099,1.52072,1.50282,1.50656,118986.09
2015-05-24,1.50384,1.50592,1.5007,1.5053,8894.29
2015-05-25,1.5053,1.50611,1.49922,1.50064,80992.9
2015-05-26,1.50055,1.50786,1.49343,1.50273,125643.71
2015-05-27,1.5028,1.5108,1.49655,1.50484,122475.69
2015-05-28,1.50479,1.529,1.50226,1.52594,135028.84
2015-05-29,1.52598,1.549,1.52565,1.54467,137104.55
2015-05-31,1.54912,1.55114,1.54267,1.54509,5416.27
2015-06-01,1.54503,1.54535,1.53109,1.53758,142048.73
2015-06-02,1.53758,1.55874,1.53381,1.55643,158212.92
2015-06-03,1.55643,1.57853,1.55118,1.57454,144362.06
2015-06-04,1.57454,1.59196,1.56954,1.57244,152927.76
2015-06-05,1.57243,1.58324,1.56675,1.57542,128811.62
2015-06-07,1.57463,1.57622,1.57272,1.5762,7507.46
2015-06-08,1.5762,1.58548,1.57214,1.58146,132776.35
2015-06-09,1.58155,1.59365,1.56987,1.57995,140414.54
2015-06-10,1.57995,1.61344,1.56473,1.60541,166854.4
2015-06-11,1.60546,1.61444,1.59924,1.60316,145327.63
2015-06-12,1.60323,1.61586,1.59993,1.61061,130165.42
2015-06-14,1.60354,1.60708,1.60243,1.60589,7883.45
2015-06-15,1.60589,1.61461,1.60069,1.61134,129378.76
2015-06-16,1.61134,1.6208,1.60287,1.60989,115848.47
2015-06-17,1.60989,1.65025,1.60898,1.64984,148013.9
2015-06-18,1.64974,1.65119,1.63376,1.64337,148511.82
2015-06-19,1.64337,1.64731,1.63571,1.64192,103426.51
2015-06-21,1.64714,1.64797,1.64477,1.64709,6389.86
2015-06-22,1.64709,1.6586,1.64078,1.65163,128796.66
2015-06-23,1.65163,1.65184,1.62623,1.62804,134630.86
2015-06-24,1.62806,1.63444,1.62243,1.62644,136727.36
2015-06-25,1.62656,1.63156,1.61493,1.62714,125781.67
2015-06-26,1.62703,1.63698,1.62104,1.6295,104901.37
2015-06-28,1.60914,1.61547,1.60423,1.60865,16479.65
2015-06-29,1.6086,1.64191,1.60377,1.64094,139570.31
2015-06-30,1.64094,1.65761,1.63648,1.64094,148696.34
2015-07-01,1.64074,1.64649,1.63445,1.64404,132377.41
2015-07-02,1.64404,1.66203,1.6437,1.64911,124328.33
2015-07-03,1.64918,1.66216,1.64709,1.65358,94424.75
2015-07-05,1.64724,1.65524,1.64409,1.64453,11513.75
2015-07-06,1.64464,1.65772,1.64291,1.65568,112919.9
2015-07-07,1.65568,1.66208,1.64295,1.65196,142006.58
2015-07-08,1.65196,1.66022,1.64033,1.64884,165267.1
2015-07-09,1.64884,1.65184,1.63433,1.63954,177247.47
2015-07-10,1.63954,1.66814,1.63693,1.65718,149353.34
2015-07-12,1.65494,1.66114,1.65474,1.65819,11355.79
2015-07-13,1.65834,1.66122,1.64194,1.64365,210892.51
2015-07-14,1.64368,1.65334,1.63851,1.64218,174999.47
2015-07-15,1.64218,1.66733,1.63546,1.66444,184786.64
2015-07-16,1.66441,1.68102,1.66138,1.66853,192084.71
2015-07-17,1.66853,1.66875,1.65636,1.65973,124339.68
2015-07-19,1.66053,1.66302,1.65924,1.66214,7585.75
2015-07-20,1.66214,1.66364,1.64304,1.6465,163577.51
2015-07-21,1.6465,1.65244,1.63619,1.65037,200885.83
2015-07-22,1.65036,1.66304,1.64172,1.65033,179578.19
2015-07-23,1.65035,1.66467,1.63897,1.66023,168474.14
2015-07-24,1.66023,1.67266,1.65903,1.66697,124199.88
2015-07-26,1.67053,1.67139,1.6669,1.66764,9430.5
2015-07-27,1.66764,1.68062,1.66513,1.67294,167996.29
2015-07-28,1.67295,1.67425,1.64103,1.64788,160229.86
2015-07-29,1.64799,1.65754,1.64385,1.64958,160738.29
2015-07-30,1.64967,1.66195,1.64835,1.65588,160489.47
2015-07-31,1.65589,1.68163,1.65464,1.66295,154134.25
2015-08-02,1.66014,1.66709,1.65916,1.66665,8036.24
2015-08-03,1.66664,1.67163,1.65921,1.66765,137162.22
2015-08-04,1.66764,1.66905,1.65983,1.66514,164569.36
2015-08-05,1.66519,1.67884,1.65989,1.67074,176006.41
2015-08-06,1.67074,1.67304,1.66456,1.66888,146133.63
2015-08-07,1.66885,1.6713,1.65293,1.65344,137614.24
2015-08-09,1.65653,1.66002,1.65634,1.65872,11083.87
2015-08-10,1.6587,1.67024,1.65563,1.66551,134898.62
2015-08-11,1.6655,1.69391,1.6627,1.68523,156275.05
2015-08-12,1.68524,1.70748,1.68256,1.68763,163377.31
2015-08-13,1.68763,1.70521,1.67887,1.70174,171968.37
2015-08-14,1.7018,1.71016,1.69553,1.69867,137449.74
2015-08-16,1.69907,1.69941,1.69501,1.69596,6622.02
2015-08-17,1.69596,1.69951,1.68263,1.68345,126307.25
2015-08-18,1.68345,1.68585,1.66913,1.67364,124960.95
2015-08-19,1.67364,1.68724,1.67308,1.6847,140659.17
2015-08-20,1.6847,1.69801,1.682,1.69644,143805.72
2015-08-21,1.69644,1.70618,1.68714,1.70201,153631.86
2015-08-23,1.70573,1.72413,1.70132,1.71628,11433.42
2015-08-24,1.71634,1.94927,1.71523,1.79146,207509.81
2015-08-25,1.79148,1.79425,1.74657,1.78544,182924.07
2015-08-26,1.78538,1.78664,1.74731,1.75923,209083.57
2015-08-27,1.75925,1.76476,1.73189,1.73511,189538.14
2015-08-28,1.7351,1.74955,1.72677,1.72807,137758.56
2015-08-30,1.72638,1.74207,1.7258,1.73539,12292.3
2015-08-31,1.73539,1.77579,1.73333,1.76701,149526.1
2015-09-01,1.76701,1.78954,1.76204,1.78714,166700.23
2015-09-02,1.78714,1.78753,1.75924,1.75968,154722.51
2015-09-03,1.75976,1.77413,1.73328,1.73961,149275.84
2015-09-04,1.73954,1.77541,1.73859,1.77169,130197.61
2015-09-06,1.77084,1.77508,1.76993,1.77277,7297.81
2015-09-07,1.7728,1.788,1.76984,1.77978,146142.92
2015-09-08,1.77994,1.7874,1.75627,1.75774,155728.13
2015-09-09,1.75777,1.79254,1.73343,1.79083,173255.38
2015-09-10,1.79093,1.79653,1.76564,1.78714,178123.78
2015-09-11,1.78713,1.79942,1.7848,1.79362,123127.78
2015-09-13,1.7936,1.79744,1.79203,1.79389,8682.7
2015-09-14,1.79389,1.80029,1.78144,1.78305,132148.88
2015-09-15,1.78305,1.79531,1.76968,1.7757,140994.62
2015-09-16,1.77573,1.78288,1.76493,1.77727,143216.86
2015-09-17,1.77734,1.80185,1.76724,1.78967,160490.58
2015-09-18,1.78967,1.79794,1.75874,1.76261,160660.71
2015-09-20,1.76433,1.769,1.76347,1.76897,7306.47
2015-09-21,1.76898,1.78575,1.76685,1.76794,137706.18
2015-09-22,1.76794,1.77547,1.76233,1.76858,125813.2
2015-09-23,1.76858,1.79484,1.76298,1.78074,136255.01
2015-09-24,1.78074,1.79204,1.75803,1.76604,154895.07
2015-09-25,1.76603,1.76894,1.74954,1.75362,121135.24
2015-09-27,1.75744,1.75883,1.75403,1.75687,8318.91
2015-09-28,1.75693,1.78121,1.74534,1.78102,156704.99
2015-09-29,1.78101,1.78991,1.75363,1.7703,171389.58
2015-09-30,1.77027,1.77123,1.74323,1.74817,136161.68
2015-10-01,1.74814,1.75089,1.72924,1.74853,134638.67
2015-10-02,1.74856,1.76475,1.73466,1.73737,136227.15
2015-10-04,1.73693,1.74176,1.73545,1.73909,8252.29
2015-10-05,1.73907,1.74183,1.71504,1.72354,143523.78
2015-10-06,1.72354,1.73288,1.71594,1.72169,117953.33
2015-10-07,1.72178,1.72414,1.68744,1.70149,147770.86
2015-10-08,1.70147,1.71246,1.68723,1.69173,157910.06
2015-10-09,1.69174,1.69945,1.68404,1.69488,134745.25
2015-10-11,1.70023,1.70238,1.69873,1.70168,9583.64
2015-10-12,1.70174,1.70284,1.68643,1.69323,125134.75
2015-10-13,1.69323,1.71937,1.69105,1.71274,145764.46
2015-10-14,1.71274,1.71381,1.68318,1.68481,147831.22
2015-10-15,1.68481,1.68574,1.65,1.66204,158388.2
2015-10-16,1.66204,1.67474,1.66123,1.66418,121345.36
2015-10-18,1.66933,1.67148,1.66499,1.67125,8207.25
2015-10-19,1.67126,1.67673,1.65959,1.66394,110339.03
2015-10-20,1.66394,1.68388,1.65852,1.68084,111480.88
2015-10-21,1.68083,1.69479,1.67938,1.6877,130518.92
2015-10-22,1.68776,1.68927,1.62803,1.63114,165219.47
2015-10-23,1.63113,1.63894,1.61603,1.62954,125351.75
2015-10-25,1.62959,1.63306,1.62672,1.63247,10433.16
2015-10-26,1.63254,1.63461,1.62303,1.63004,116649.91
2015-10-27,1.62993,1.63467,1.62245,1.62859,122666.2
2015-10-28,1.62859,1.65123,1.62603,1.6356,145357.81
2015-10-29,1.63562,1.64424,1.63098,1.63921,172758.03
2015-10-30,1.63922,1.64096,1.62162,1.62284,144430.31
2015-11-01,1.63644,1.63774,1.62759,1.62799,14636.53
2015-11-02,1.62803,1.63829,1.62453,1.63034,128666.28
2015-11-03,1.63033,1.64774,1.62327,1.64525,142696.17
2015-11-04,1.64529,1.65628,1.63903,1.64857,151183.34
2015-11-05,1.64857,1.65082,1.63744,1.64686,146106.74
2015-11-06,1.64686,1.65224,1.63417,1.64487,141745.83
2015-11-08,1.64594,1.64594,1.64103,1.64163,8471.5
2015-11-09,1.64163,1.64897,1.63915,1.64573,149466.06
2015-11-10,1.64574,1.64967,1.63507,1.63914,128809.88
2015-11-11,1.63924,1.64256,1.63278,1.64224,126573.87
2015-11-12,1.64214,1.65533,1.63203,1.65043,167851.03
2015-11-13,1.65043,1.65268,1.64125,1.64477,127704.2
2015-11-15,1.63904,1.64316,1.63584,1.63734,10362.9
2015-11-16,1.63734,1.65748,1.63734,1.64824,138799.59
2015-11-17,1.64823,1.65164,1.64217,1.64298,151976.52
2015-11-18,1.64298,1.65456,1.63903,1.64344,161151.73
2015-11-19,1.64354,1.64424,1.62987,1.63486,161549.04
2015-11-20,1.63484,1.63485,1.61857,1.61977,140270.68
2015-11-22,1.62103,1.62619,1.61945,1.62603,5276.55
2015-11-23,1.62604,1.63541,1.62573,1.63364,135691.43
2015-11-24,1.63369,1.63753,1.62124,1.62292,141654.73
2015-11-25,1.62292,1.62603,1.6106,1.61554,137110.56
2015-11-26,1.61553,1.61804,1.60863,1.61303,110551.86
2015-11-27,1.61303,1.62374,1.61155,1.61885,103594.43
2015-11-29,1.61969,1.62364,1.61923,1.62189,5629.93
2015-11-30,1.62109,1.62413,1.60014,1.60236,130364.59
2015-12-01,1.6023,1.60254,1.58914,1.59283,154740.5
2015-12-02,1.59274,1.60076,1.58763,1.59733,156021.06
2015-12-03,1.59733,1.64872,1.57899,1.63463,189289.24
2015-12-04,1.63463,1.63835,1.60744,1.61174,161186.25
2015-12-06,1.61201,1.61899,1.61115,1.61673,8717.73
2015-12-07,1.61673,1.63512,1.61625,1.63295,127252.07
2015-12-08,1.63293,1.64564,1.63059,1.64054,138623.18
2015-12-09,1.64054,1.67334,1.63003,1.63807,164318.79
2015-12-10,1.63807,1.63832,1.61424,1.61863,145964.12
2015-12-11,1.61863,1.64443,1.61543,1.6335,130928.11
2015-12-13,1.63463,1.6382,1.63317,1.63475,8267.71
2015-12-14,1.63475,1.639,1.61993,1.62086,148029.92
2015-12-15,1.62088,1.62534,1.61156,1.61565,143123.37
2015-12-16,1.61566,1.62369,1.60301,1.60734,152960.17
2015-12-17,1.60733,1.62084,1.60216,1.61793,121999.78
2015-12-18,1.61788,1.62194,1.60567,1.61394,106587.19
2015-12-20,1.61273,1.61634,1.61086,1.61424,4329.29
2015-12-21,1.61423,1.61699,1.60636,1.60993,96625.31
2015-12-22,1.60994,1.61264,1.59665,1.60854,104370.83
2015-12-23,1.60854,1.61485,1.60053,1.60634,79319.87
2015-12-24,1.60633,1.61016,1.60001,1.60733,43445.22
2015-12-25,1.60724,1.60744,1.60114,1.60303,973.5
2015-12-27,1.60135,1.60494,1.60054,1.60274,6964.61
2015-12-28,1.60264,1.60861,1.60033,1.60075,57526.0
2015-12-29,1.60075,1.60194,1.58695,1.59164,69610.93
2015-12-30,1.59163,1.59915,1.59043,1.59794,79758.73
2015-12-31,1.59787,1.59802,1.5837,1.58864,75126.43
2016-01-03,1.59183,1.59183,1.58723,1.58901,6684.09
2016-01-04,1.58901,1.61918,1.58858,1.60504,112629.3
2016-01-05,1.60503,1.61064,1.59746,1.60464,114258.53
2016-01-06,1.60464,1.62776,1.60364,1.62248,145502.12
2016-01-07,1.62242,1.65231,1.61671,1.64914,168763.57
2016-01-08,1.64913,1.6704,1.62783,1.66848,135425.77
2016-01-10,1.66533,1.68374,1.66404,1.67814,5771.74
2016-01-11,1.67803,1.68075,1.65244,1.65613,139718.6
2016-01-12,1.65614,1.67124,1.65065,1.65804,155705.36
2016-01-13,1.65802,1.68214,1.64083,1.67853,156250.59
2016-01-14,1.6785,1.70233,1.66803,1.67233,172981.85
2016-01-15,1.67233,1.71357,1.67224,1.6863,172021.61
2016-01-17,1.69634,1.69856,1.69269,1.69464,9895.44
2016-01-18,1.69459,1.69859,1.67813,1.68824,157469.73
2016-01-19,1.6882,1.7071,1.66745,1.70552,175971.15
2016-01-20,1.70553,1.72714,1.6798,1.68094,209936.72
2016-01-21,1.68086,1.70071,1.65693,1.65945,211575.99
2016-01-22,1.65945,1.67386,1.65233,1.66283,148508.35
2016-01-24,1.66092,1.66861,1.66035,1.66843,9140.82
2016-01-25,1.66841,1.68493,1.65444,1.68484,145569.19
2016-01-26,1.68479,1.68954,1.66563,1.66827,148597.61
2016-01-27,1.66827,1.70062,1.66407,1.69651,172424.53
2016-01-28,1.69654,1.69901,1.67484,1.68794,166612.4
2016-01-29,1.68794,1.68984,1.66435,1.66896,169349.44
2016-01-31,1.66843,1.67574,1.66839,1.67273,7620.03
2016-02-01,1.67273,1.68364,1.66031,1.66414,152811.05
2016-02-02,1.66414,1.69138,1.66218,1.67535,148382.81
2016-02-03,1.67538,1.67779,1.65103,1.66859,176384.07
2016-02-04,1.66859,1.66964,1.65873,1.66519,175938.45
2016-02-05,1.66519,1.68434,1.66086,1.68204,147581.12
2016-02-07,1.68163,1.68414,1.67803,1.68103,11273.87
2016-02-08,1.68103,1.69526,1.67553,1.69074,164587.16
2016-02-09,1.69073,1.71414,1.68515,1.69914,208919.62
2016-02-10,1.69914,1.71022,1.67354,1.68824,200294.19
2016-02-11,1.68824,1.72203,1.67794,1.68604,226618.53
2016-02-12,1.68594,1.70393,1.68584,1.6974,161695.12
2016-02-14,1.69754,1.69904,1.69033,1.69034,10522.64
2016-02-15,1.69043,1.69503,1.67084,1.68052,172485.21
2016-02-16,1.68052,1.70434,1.67365,1.69304,178452.66
2016-02-17,1.69304,1.70304,1.67423,1.67723,188788.83
2016-02-18,1.67723,1.68054,1.66856,1.67269,180163.84
2016-02-19,1.67264,1.68907,1.67204,1.67724,144377.71
2016-02-21,1.67084,1.67877,1.67074,1.67864,9635.43
2016-02-22,1.67869,1.67934,1.63763,1.64243,163175.73
2016-02-23,1.64244,1.66203,1.63913,1.66056,163206.92
2016-02-24,1.66059,1.6685,1.64953,1.65245,183931.57
2016-02-25,1.65244,1.66007,1.63125,1.63322,170727.14
2016-02-26,1.63321,1.65157,1.62659,1.64804,159958.9
2016-02-28,1.65524,1.65854,1.65374,1.65735,13101.65
2016-02-29,1.65733,1.66364,1.64438,1.64858,197782.9
2016-03-01,1.64858,1.6511,1.63599,1.63825,200962.34
2016-03-02,1.63829,1.64722,1.62664,1.63133,180854.02
2016-03-03,1.63133,1.6325,1.62023,1.62767,178416.74
2016-03-04,1.62769,1.62822,1.61201,1.61336,173234.24
2016-03-06,1.61784,1.61968,1.61533,1.61955,10334.59
2016-03-07,1.61955,1.62658,1.61317,1.62324,140303.78
2016-03-08,1.62323,1.63667,1.62216,1.63136,180303.01
2016-03-09,1.63141,1.65778,1.61421,1.65484,181999.35
2016-03-10,1.65474,1.6843,1.62328,1.67188,233970.11
2016-03-11,1.6719,1.67676,1.65074,1.651,157116.8
2016-03-13,1.65574,1.66064,1.6542,1.65634,17333.87
2016-03-14,1.65634,1.66632,1.65153,1.66067,156438.44
2016-03-15,1.66067,1.68604,1.66025,1.67983,151006.92
2016-03-16,1.67983,1.68715,1.65232,1.66453,171173.08
2016-03-17,1.66454,1.66526,1.64935,1.65494,204668.89
2016-03-18,1.65492,1.66204,1.64744,1.6574,156811.45
2016-03-20,1.65934,1.66515,1.6582,1.66477,16002.0
2016-03-21,1.66483,1.67015,1.65654,1.66156,146985.3
2016-03-22,1.66156,1.66863,1.65824,1.6622,154164.68
2016-03-23,1.66216,1.67183,1.65653,1.66336,131506.43
2016-03-24,1.66335,1.67285,1.66308,1.66687,129814.64
2016-03-25,1.66687,1.67193,1.66141,1.66881,65512.65
2016-03-27,1.6703,1.67144,1.66695,1.67074,4613.68
2016-03-28,1.67084,1.6723,1.66037,1.66203,74173.16
2016-03-29,1.66193,1.66426,1.64014,1.64474,168265.93
2016-03-30,1.64475,1.65061,1.62644,1.64165,175523.68
2016-03-31,1.64165,1.64944,1.63633,1.64464,162102.98
2016-04-01,1.64464,1.66511,1.64051,1.64888,145793.57
2016-04-03,1.65433,1.65434,1.65113,1.65202,8568.07
2016-04-04,1.65203,1.67697,1.65136,1.6723,141540.12
2016-04-05,1.67229,1.67986,1.66886,1.67354,165646.67
2016-04-06,1.67354,1.67596,1.66623,1.66911,163075.56
2016-04-07,1.66909,1.68284,1.66426,1.67633,179566.42
2016-04-08,1.67632,1.67824,1.66794,1.67152,128471.48
2016-04-10,1.67514,1.67654,1.67203,1.67294,11310.81
2016-04-11,1.67285,1.68045,1.66063,1.66367,144720.95
2016-04-12,1.66371,1.66459,1.64283,1.64403,161993.52
2016-04-13,1.64403,1.64533,1.62808,1.63134,176240.59
2016-04-14,1.63134,1.64902,1.63103,1.64193,165640.28
2016-04-15,1.64193,1.64304,1.62684,1.62902,133645.49
2016-04-17,1.64073,1.64892,1.62903,1.63933,13981.47
2016-04-18,1.63934,1.64164,1.61683,1.61964,150723.28
2016-04-19,1.61964,1.62174,1.60997,1.61509,139503.75
2016-04-20,1.61509,1.62654,1.61403,1.62016,154099.77
2016-04-21,1.62016,1.63765,1.61794,1.63455,161546.14
2016-04-22,1.63455,1.64163,1.62938,1.63706,143005.88
2016-04-24,1.63584,1.63839,1.63304,1.63559,10267.9
2016-04-25,1.63559,1.64735,1.63423,1.63995,133608.44
2016-04-26,1.63995,1.64386,1.63466,1.63903,149846.17
2016-04-27,1.63899,1.65673,1.63026,1.63463,177576.85
2016-04-28,1.63464,1.63943,1.62186,1.631,177226.08
2016-04-29,1.63097,1.64307,1.62617,1.64019,164558.65
2016-05-01,1.64233,1.64254,1.63633,1.63643,9171.62
2016-05-02,1.63653,1.64628,1.634,1.63822,129115.73
2016-05-03,1.63822,1.66736,1.63457,1.6598,172588.96
2016-05-04,1.65979,1.67434,1.65689,1.66844,168890.76
2016-05-05,1.66843,1.67121,1.65193,1.65491,145058.79
2016-05-06,1.65494,1.67686,1.65424,1.66604,149516.89
2016-05-08,1.66814,1.67044,1.66414,1.66414,5286.67
2016-05-09,1.66423,1.68484,1.66389,1.68124,144378.73
2016-05-10,1.68123,1.69295,1.66586,1.67264,150759.26
2016-05-11,1.67263,1.68054,1.66669,1.67614,137941.21
2016-05-12,1.67613,1.67692,1.66494,1.66794,144768.49
2016-05-13,1.66793,1.67335,1.66409,1.66965,144433.0
2016-05-15,1.67144,1.67344,1.66914,1.67288,7249.69
2016-05-16,1.67289,1.67614,1.66369,1.6676,116512.65
2016-05-17,1.6676,1.66964,1.65493,1.66321,143546.48
2016-05-18,1.66324,1.67029,1.65789,1.66112,160448.28
2016-05-19,1.66112,1.66709,1.65504,1.65694,157503.01
2016-05-20,1.65693,1.66122,1.65353,1.65783,111735.34
2016-05-22,1.65574,1.65861,1.65491,1.65824,7034.7
2016-05-23,1.65824,1.66105,1.64731,1.66098,128330.13
2016-05-24,1.66103,1.67121,1.64657,1.64964,143665.03
2016-05-25,1.64964,1.66394,1.64627,1.66244,146346.8
2016-05-26,1.66243,1.66878,1.65547,1.65784,136485.42
2016-05-27,1.65784,1.66274,1.65496,1.65896,127047.16
2016-05-29,1.66053,1.66074,1.65698,1.65933,8350.46
2016-05-30,1.65936,1.66547,1.65708,1.66161,97067.51
2016-05-31,1.6616,1.66198,1.63683,1.64113,151770.95
2016-06-01,1.64113,1.64434,1.63253,1.64047,181308.67
2016-06-02,1.64048,1.65093,1.63514,1.63633,169206.34
2016-06-03,1.63632,1.63764,1.62274,1.63305,176538.52
2016-06-05,1.63262,1.63787,1.63262,1.63674,15402.61
2016-06-06,1.63674,1.64494,1.63402,1.64343,162732.47
2016-06-07,1.64344,1.64694,1.62554,1.63396,159366.49
2016-06-08,1.63396,1.63478,1.59694,1.60064,165311.9
2016-06-09,1.60065,1.60428,1.58434,1.58894,169663.73
2016-06-10,1.58903,1.59893,1.58662,1.59416,127630.33
2016-06-12,1.59463,1.59723,1.59243,1.59424,7069.81
2016-06-13,1.59433,1.60514,1.59167,1.60353,125024.41
2016-06-14,1.60353,1.60853,1.59455,1.60446,146401.33
2016-06-15,1.60446,1.60934,1.5873,1.59097,143306.8
2016-06-16,1.59101,1.604,1.58723,1.59524,174226.05
2016-06-17,1.59538,1.59977,1.59154,1.59746,133833.81
2016-06-19,1.60113,1.60382,1.59733,1.60138,13959.04
2016-06-20,1.6014,1.60293,1.58725,1.59158,152271.79
2016-06-21,1.59161,1.59549,1.57478,1.57873,132694.34
2016-06-22,1.57877,1.5818,1.57269,1.58151,100368.34
2016-06-23,1.58154,1.58159,1.56417,1.57099,152639.35
2016-06-24,1.57098,1.58601,1.54533,1.55574,274350.25
2016-06-26,1.55713,1.56184,1.55212,1.5568,19726.41
2016-06-27,1.55683,1.57727,1.55353,1.57089,191718.02
2016-06-28,1.57087,1.57437,1.56213,1.5652,127492.31
2016-06-29,1.56531,1.56728,1.55438,1.56156,123311.72
2016-06-30,1.5616,1.57099,1.54883,1.55674,139901.02
2016-07-01,1.55674,1.55991,1.54713,1.55224,101106.18
2016-07-03,1.55344,1.55344,1.54743,1.55178,6686.69
2016-07-04,1.55175,1.55302,1.53866,1.54484,70745.14
2016-07-05,1.54484,1.5555,1.54217,1.55178,108639.33
2016-07-06,1.55174,1.56001,1.55172,1.55633,125027.61
2016-07-07,1.55634,1.55694,1.52869,1.52961,112398.82
2016-07-08,1.52948,1.52998,1.51131,1.51164,105489.57
2016-07-10,1.51219,1.51594,1.51163,1.51366,13004.41
2016-07-11,1.51367,1.53345,1.51273,1.52866,108589.96
2016-07-12,1.5287,1.5309,1.51224,1.51693,115510.87
2016-07-13,1.51691,1.52822,1.51331,1.52816,118559.2
2016-07-14,1.52817,1.55188,1.52129,1.55106,134192.67
2016-07-15,1.55103,1.55741,1.5467,1.54911,121260.84
2016-07-17,1.54673,1.5639,1.54501,1.56275,11285.28
2016-07-18,1.5628,1.57498,1.55136,1.57129,99470.6
2016-07-19,1.57128,1.57726,1.56033,1.56326,104148.52
2016-07-20,1.56334,1.58326,1.55674,1.58221,126437.91
2016-07-21,1.58228,1.58381,1.57174,1.57484,180106.38
2016-07-22,1.57487,1.58001,1.56471,1.56698,121510.03
2016-07-24,1.56814,1.5688,1.56289,1.56558,8815.71
2016-07-25,1.56554,1.57474,1.56453,1.57055,105330.43
2016-07-26,1.57054,1.57303,1.55256,1.55474,127127.04
2016-07-27,1.55473,1.56874,1.55375,1.55936,156530.14
2016-07-28,1.55935,1.57061,1.55499,1.5633,129686.25
2016-07-29,1.56337,1.5659,1.54635,1.54959,156606.72
2016-07-31,1.54983,1.55337,1.54798,1.55299,13103.04
2016-08-01,1.55298,1.55834,1.54503,1.55715,178377.76
2016-08-02,1.55716,1.55916,1.54535,1.55617,162633.37
2016-08-03,1.55625,1.56253,1.55322,1.55825,116635.18
2016-08-04,1.55826,1.5588,1.54486,1.55058,129709.97
2016-08-05,1.55056,1.555,1.54356,1.55127,122811.72
2016-08-07,1.55207,1.55912,1.5516,1.55728,6498.94
2016-08-08,1.55726,1.56456,1.54747,1.55007,94444.16
2016-08-09,1.5501,1.55754,1.54698,1.55181,99592.08
2016-08-10,1.55178,1.55434,1.52237,1.53492,138857.63
2016-08-11,1.53491,1.54783,1.53058,1.54455,108869.79
2016-08-12,1.54453,1.55284,1.54359,1.54978,112825.85
2016-08-14,1.55293,1.55304,1.55043,1.55228,4268.09
2016-08-15,1.55228,1.55667,1.54815,1.54971,89838.55
2016-08-16,1.54967,1.5576,1.53984,1.54891,152238.4
2016-08-17,1.54895,1.56246,1.54659,1.55545,131963.07
2016-08-18,1.55545,1.55906,1.54853,1.55844,133321.01
2016-08-19,1.55848,1.5648,1.55559,1.55615,111257.22
2016-08-21,1.55983,1.56074,1.55656,1.55845,10301.67
2016-08-22,1.55846,1.56422,1.54447,1.55265,125521.7
2016-08-23,1.55267,1.55441,1.54306,1.55333,124294.74
2016-08-24,1.55333,1.55405,1.53694,1.53993,138343.7
2016-08-25,1.53988,1.54933,1.53655,1.54597,98379.83
2016-08-26,1.54595,1.55026,1.53193,1.54658,150632.66
2016-08-28,1.54644,1.55035,1.54564,1.5502,6425.7
2016-08-29,1.55021,1.55194,1.54002,1.54203,134988.35
2016-08-30,1.54201,1.54574,1.53867,1.53966,133067.78
2016-08-31,1.53965,1.54161,1.5343,1.54002,156814.71
2016-09-01,1.54007,1.5402,1.53156,1.53596,158422.27
2016-09-02,1.536,1.53856,1.52572,1.52875,177890.61
2016-09-04,1.5319,1.53244,1.52855,1.53009,7983.42
2016-09-05,1.53013,1.53021,1.52194,1.52575,97021.8
2016-09-06,1.52575,1.52604,1.51602,1.51654,153589.26
2016-09-07,1.51656,1.51958,1.50283,1.50887,144442.63
2016-09-08,1.50886,1.52412,1.5054,1.52124,172334.24
2016-09-09,1.52121,1.53404,1.52038,1.5332,156159.43
2016-09-11,1.53384,1.53544,1.53199,1.53265,11729.3
2016-09-12,1.53265,1.54241,1.52671,1.52763,192331.64
2016-09-13,1.52766,1.55103,1.52569,1.54822,189470.56
2016-09-14,1.54823,1.5495,1.53937,1.54624,167330.92
2016-09-15,1.54622,1.55059,1.5341,1.53604,193554.46
2016-09-16,1.53604,1.539,1.53403,1.53411,150934.12
2016-09-18,1.53553,1.53734,1.53325,1.53398,6679.1
2016-09-19,1.53401,1.53416,1.52367,1.53019,125402.14
2016-09-20,1.5302,1.53161,1.51939,1.52407,139404.87
2016-09-21,1.52411,1.5289,1.51633,1.52346,199145.75
2016-09-22,1.52347,1.53831,1.51966,1.53284,160272.26
2016-09-23,1.53283,1.55509,1.53262,1.54894,150694.35
2016-09-25,1.54894,1.55497,1.54803,1.55358,8922.76
2016-09-26,1.55354,1.55519,1.54475,1.54616,135020.08
2016-09-27,1.54618,1.5482,1.53384,1.53808,164404.31
2016-09-28,1.53803,1.54994,1.53681,1.54082,174728.72
2016-09-29,1.54084,1.54887,1.53782,1.54824,173137.6
2016-09-30,1.54823,1.55073,1.53374,1.54221,179851.48
2016-10-02,1.54294,1.54654,1.54081,1.54654,12121.52
2016-10-03,1.54653,1.54815,1.53612,1.53669,121946.22
2016-10-04,1.53671,1.56191,1.53092,1.55962,180364.16
2016-10-05,1.55962,1.56537,1.55702,1.56264,157607.82
2016-10-06,1.56264,1.56668,1.55344,1.5559,157919.97
2016-10-07,1.55615,1.56834,1.5531,1.56279,186948.52
2016-10-09,1.55693,1.56285,1.55624,1.56052,10295.65
2016-10-10,1.56064,1.56584,1.55913,1.56276,114597.02
2016-10-11,1.56272,1.57635,1.561,1.56153,165041.59
2016-10-12,1.56154,1.56493,1.55624,1.56246,193831.04
2016-10-13,1.56245,1.56581,1.55594,1.55932,157145.47
2016-10-14,1.55931,1.5603,1.54693,1.54724,130043.66
2016-10-16,1.54624,1.54991,1.54553,1.54703,6508.71
2016-10-17,1.54704,1.54826,1.53008,1.53509,120323.58
2016-10-18,1.53509,1.53521,1.52244,1.52251,118776.28
2016-10-19,1.5225,1.52704,1.51332,1.51753,116212.96
2016-10-20,1.51754,1.52903,1.51014,1.52047,124078.2
2016-10-21,1.52049,1.52234,1.51709,1.51882,109519.29
2016-10-23,1.51834,1.52146,1.51711,1.52034,4973.6
2016-10-24,1.52036,1.52904,1.51602,1.52447,86003.24
2016-10-25,1.52449,1.52562,1.51846,1.51897,84749.68
2016-10-26,1.51895,1.52688,1.51747,1.52565,89538.35
2016-10-27,1.52559,1.53504,1.52146,1.52914,89583.18
2016-10-28,1.52913,1.53624,1.52593,1.53233,99175.94
2016-10-30,1.53524,1.53604,1.53274,1.53314,8394.87
2016-10-31,1.53303,1.53702,1.52987,1.53324,86098.53
2016-11-01,1.53333,1.54534,1.52821,1.53424,114568.8
2016-11-02,1.53443,1.5354,1.51692,1.52321,132624.12
2016-11-03,1.52321,1.52648,1.51194,1.51443,116913.65
2016-11-04,1.51445,1.52238,1.51397,1.51953,108757.89
2016-11-06,1.50463,1.51617,1.50453,1.5154,8591.81
2016-11-07,1.51541,1.51813,1.5022,1.50574,106695.25
2016-11-08,1.50574,1.50839,1.48793,1.49491,105288.78
2016-11-09,1.49492,1.55147,1.48472,1.49779,257939.04
2016-11-10,1.49782,1.51504,1.49445,1.50986,177471.38
2016-11-11,1.50984,1.52566,1.50892,1.52391,165093.99
2016-11-13,1.51615,1.52434,1.51614,1.52124,9840.61
2016-11-14,1.52123,1.52558,1.50508,1.50757,169248.26
2016-11-15,1.50756,1.51944,1.50606,1.51204,149719.38
2016-11-16,1.51208,1.52003,1.50783,1.50897,145988.21
2016-11-17,1.50897,1.51704,1.50573,1.51255,138292.72
2016-11-18,1.51261,1.51343,1.50423,1.50961,151056.56
2016-11-20,1.51484,1.51571,1.50904,1.51222,10580.49
2016-11-21,1.51221,1.51564,1.50144,1.50267,160911.82
2016-11-22,1.50274,1.50774,1.50014,1.50403,136012.7
2016-11-23,1.50403,1.50754,1.50183,1.50644,132611.3
2016-11-24,1.50644,1.51194,1.50381,1.50654,123325.27
2016-11-25,1.50644,1.50892,1.50153,1.50187,135781.17
2016-11-27,1.50514,1.50653,1.50253,1.50525,6159.2
2016-11-28,1.50524,1.50938,1.49587,1.49874,146031.93
2016-11-29,1.49864,1.49974,1.4899,1.49194,137633.77
2016-11-30,1.49193,1.49764,1.48384,1.49613,173425.69
2016-12-01,1.49614,1.50673,1.49373,1.5023,146748.93
2016-12-02,1.5023,1.50674,1.49202,1.49248,124031.53
2016-12-04,1.48923,1.49174,1.47697,1.49026,20459.75
2016-12-05,1.49025,1.51383,1.48367,1.50616,156212.1
2016-12-06,1.50615,1.51625,1.5021,1.50451,118043.75
2016-12-07,1.50448,1.50872,1.49706,1.49764,104912.31
2016-12-08,1.49764,1.50914,1.47673,1.47901,142565.1
2016-12-09,1.47903,1.4822,1.47197,1.47974,108797.84
2016-12-11,1.47724,1.48156,1.47633,1.48004,6527.26
2016-12-12,1.48004,1.4813,1.47343,1.47819,126542.62
2016-12-13,1.47816,1.48085,1.46908,1.47591,121462.34
2016-12-14,1.47594,1.48211,1.47128,1.47684,148388.47
2016-12-15,1.47682,1.48314,1.47285,1.47771,184336.36
2016-12-16,1.47774,1.50194,1.47773,1.50005,134560.59
2016-12-18,1.49793,1.50151,1.49773,1.5005,8378.25
2016-12-19,1.50042,1.50551,1.49653,1.50133,126703.07
2016-12-20,1.50133,1.50615,1.49933,1.50033,116220.31
2016-12-21,1.50033,1.51204,1.49734,1.51053,109525.83
2016-12-22,1.51054,1.51749,1.50779,1.51161,118238.4
2016-12-23,1.51161,1.52339,1.51072,1.5191,82932.5
2016-12-25,1.51953,1.51976,1.51711,1.51819,2690.29
2016-12-26,1.5182,1.52004,1.50625,1.51862,95064.48
2016-12-27,1.51858,1.51889,1.51331,1.51683,74285.03
2016-12-28,1.51683,1.51733,1.50248,1.50383,115062.89
2016-12-29,1.50383,1.52728,1.50099,1.51628,127052.59
2016-12-30,1.51626,1.52255,1.51173,1.51846,159249.18
2017-01-02,1.5133,1.51793,1.50474,1.50883,103467.81
2017-01-03,1.50883,1.5092,1.49979,1.50525,119083.76
2017-01-04,1.50523,1.50973,1.50044,1.50643,125169.52
2017-01-05,1.50643,1.51096,1.50398,1.51044,179024.1
2017-01-06,1.51044,1.51519,1.50445,1.51233,143508.27
2017-01-08,1.51123,1.51348,1.51111,1.51111,4323.78
2017-01-09,1.51111,1.51452,1.50233,1.50917,127891.08
2017-01-10,1.50917,1.51912,1.50614,1.51103,147946.85
2017-01-11,1.51103,1.51419,1.49704,1.49938,185030.22
2017-01-12,1.49934,1.50122,1.49113,1.49248,181330.01
2017-01-13,1.49243,1.50029,1.48995,1.49127,155357.4
2017-01-15,1.49155,1.49431,1.48749,1.49059,10614.02
2017-01-16,1.49059,1.49719,1.49053,1.49335,120808.78
2017-01-17,1.49335,1.49438,1.48353,1.4851,190342.7
2017-01-18,1.4851,1.49254,1.48275,1.49073,140236.19
2017-01-19,1.49064,1.49268,1.47708,1.48173,167545.42
2017-01-20,1.48164,1.49439,1.47782,1.49161,159365.37
2017-01-22,1.49283,1.49364,1.48979,1.49024,6766.32
2017-01-23,1.49024,1.49516,1.48214,1.48694,148744.28
2017-01-24,1.48693,1.48904,1.47853,1.47904,131906.39
2017-01-25,1.47904,1.48464,1.46925,1.47294,146112.04
2017-01-26,1.47294,1.48321,1.47114,1.4747,140038.67
2017-01-27,1.47481,1.47594,1.47025,1.47182,120489.45
2017-01-29,1.47087,1.47371,1.4699,1.47342,5526.77
2017-01-30,1.47343,1.47814,1.4649,1.46783,128699.44
2017-01-31,1.46784,1.48334,1.46631,1.48102,162295.1
2017-02-01,1.48101,1.48655,1.47837,1.48354,146879.7
2017-02-02,1.48354,1.48381,1.47453,1.47703,149289.02
2017-02-03,1.47704,1.48046,1.47136,1.47363,144683.74
2017-02-05,1.47593,1.47674,1.47327,1.47413,3638.3
2017-02-06,1.47411,1.47524,1.46654,1.46814,134475.59
2017-02-07,1.46812,1.46874,1.45343,1.46343,146205.85
2017-02-08,1.46336,1.47813,1.45693,1.4777,148090.32
2017-02-09,1.4777,1.48614,1.47655,1.48223,144352.77
2017-02-10,1.48223,1.48356,1.47533,1.47646,135951.55
2017-02-12,1.47523,1.47736,1.47453,1.47662,4768.73
2017-02-13,1.47661,1.48283,1.47276,1.47614,123728.81
2017-02-14,1.47615,1.48059,1.47235,1.47477,139140.66
2017-02-15,1.47475,1.47723,1.46669,1.46808,140512.62
2017-02-16,1.46808,1.47989,1.46576,1.47905,142302.83
2017-02-17,1.47897,1.48344,1.47593,1.47745,121873.25
2017-02-19,1.47353,1.48003,1.47353,1.47967,5290.47
2017-02-20,1.47964,1.48011,1.47497,1.47866,88516.25
2017-02-21,1.47864,1.48014,1.47041,1.47164,119336.87
2017-02-22,1.47164,1.47497,1.4638,1.46924,129308.88
2017-02-23,1.46918,1.47046,1.45914,1.46376,122181.33
2017-02-24,1.46375,1.47344,1.46202,1.46666,114802.0
2017-02-26,1.46653,1.46929,1.46615,1.46766,5697.65
2017-02-27,1.46774,1.47364,1.46592,1.47344,104058.16
2017-02-28,1.47344,1.47466,1.46694,1.47359,129555.48
2017-03-01,1.47358,1.48444,1.47163,1.48034,161135.62
2017-03-02,1.48034,1.48997,1.47399,1.48809,131142.21
2017-03-03,1.4881,1.50895,1.48784,1.5068,142609.82
2017-03-05,1.50984,1.511,1.50802,1.50898,5850.97
2017-03-06,1.50894,1.51387,1.50503,1.51223,108721.95
2017-03-07,1.51224,1.51984,1.50904,1.51797,114099.04
2017-03-08,1.51798,1.52674,1.51419,1.52467,122354.81
2017-03-09,1.52468,1.53629,1.52446,1.53404,150055.41
2017-03-10,1.53404,1.54445,1.53101,1.54191,136260.53
2017-03-12,1.53804,1.54429,1.53803,1.5441,6922.64
2017-03-13,1.5441,1.54541,1.53589,1.53926,133508.29
2017-03-14,1.53926,1.54316,1.53139,1.53144,126758.57
2017-03-15,1.53143,1.53395,1.52066,1.52814,152197.57
2017-03-16,1.52816,1.54404,1.52521,1.54264,158267.75
2017-03-17,1.54263,1.54303,1.52673,1.5296,119150.03
2017-03-19,1.52784,1.53088,1.52784,1.52857,5595.97
2017-03-20,1.52853,1.53044,1.52097,1.52299,113649.67
2017-03-21,1.52296,1.53661,1.52216,1.53552,147505.59
2017-03-22,1.53552,1.53809,1.52751,1.53274,145733.73
2017-03-23,1.53273,1.53572,1.52826,1.5341,134097.69
2017-03-24,1.53407,1.54153,1.5308,1.53541,129315.5
2017-03-26,1.53933,1.54199,1.53829,1.53945,10114.75
2017-03-27,1.53947,1.54627,1.53712,1.54118,128591.59
2017-03-28,1.54119,1.54844,1.53929,1.54344,118207.7
2017-03-29,1.54341,1.54538,1.5278,1.52939,105472.72
2017-03-30,1.52934,1.53449,1.52329,1.52583,95622.03
2017-03-31,1.52585,1.53157,1.51828,1.51828,120198.99
2017-04-02,1.5201,1.5238,1.51982,1.52333,5998.67
2017-04-03,1.52333,1.52736,1.51899,1.52046,115222.48
2017-04-04,1.52046,1.53134,1.52021,1.53063,118603.08
2017-04-05,1.53064,1.53358,1.52748,1.52984,133461.85
2017-04-06,1.52981,1.53371,1.52495,1.52659,121107.13
2017-04-07,1.52654,1.53107,1.52229,1.52587,143846.17
2017-04-09,1.52593,1.52627,1.52374,1.52425,8212.75
2017-04-10,1.52426,1.52782,1.52045,1.5218,118817.15
2017-04-11,1.52178,1.53167,1.52134,1.52512,121536.95
2017-04-12,1.5251,1.53544,1.52401,1.52622,134981.8
2017-04-13,1.52622,1.52644,1.51387,1.51762,133548.41
2017-04-14,1.51766,1.52048,1.51214,1.51308,74168.15
2017-04-16,1.51533,1.51597,1.51179,1.51266,10723.12
2017-04-17,1.51266,1.51953,1.50951,1.51767,87684.04
2017-04-18,1.51768,1.52536,1.51607,1.52258,134115.0
2017-04-19,1.52258,1.53158,1.52084,1.52223,127639.52
2017-04-20,1.52223,1.53709,1.52141,1.5329,127000.73
2017-04-21,1.5329,1.53358,1.52067,1.52438,108029.26
2017-04-23,1.54854,1.5498,1.54351,1.54409,16548.5
2017-04-24,1.5441,1.54971,1.53875,1.54929,133035.8
2017-04-25,1.54929,1.57667,1.54837,1.57213,132298.71
2017-04-26,1.57217,1.58418,1.57212,1.58027,154668.27
2017-04-27,1.58025,1.59076,1.57524,1.57859,140396.58
2017-04-28,1.57863,1.59394,1.57788,1.58543,128746.48
2017-04-30,1.58517,1.58918,1.58365,1.58643,8323.22
2017-05-01,1.5864,1.58939,1.57561,1.5758,84957.08
2017-05-02,1.57582,1.58106,1.56831,1.57039,124748.55
2017-05-03,1.57042,1.58608,1.57039,1.58123,132362.34
2017-05-04,1.58125,1.60194,1.58011,1.59752,150406.2
2017-05-05,1.59753,1.60074,1.58637,1.58803,139606.08
2017-05-07,1.59554,1.59554,1.5889,1.5889,10179.26
2017-05-08,1.58886,1.59215,1.57672,1.57824,137088.94
2017-05-09,1.57825,1.58602,1.5748,1.57869,149051.79
2017-05-10,1.57868,1.59371,1.56271,1.59076,148498.12
2017-05-11,1.59077,1.59392,1.58347,1.58763,133039.4
2017-05-12,1.58764,1.59617,1.58484,1.59146,124929.48
2017-05-14,1.59293,1.59514,1.59,1.59156,10242.02
2017-05-15,1.59156,1.59674,1.58426,1.59351,118582.63
2017-05-16,1.59355,1.6112,1.59059,1.61003,149233.48
2017-05-17,1.61008,1.61525,1.60444,1.60716,166919.31
2017-05-18,1.60719,1.6124,1.60242,1.61164,183307.48
2017-05-19,1.61164,1.6236,1.61113,1.61712,130371.84
2017-05-21,1.61544,1.61942,1.61513,1.61588,7253.72
2017-05-22,1.61593,1.61691,1.60403,1.60407,135851.53
2017-05-23,1.60407,1.6075,1.59242,1.59511,154575.75
2017-05-24,1.59519,1.59949,1.5894,1.59419,148101.39
2017-05-25,1.59422,1.60054,1.59004,1.59737,124366.58
2017-05-26,1.5974,1.59831,1.57927,1.58171,133233.56
2017-05-28,1.58124,1.58531,1.58111,1.58499,6229.57
2017-05-29,1.585,1.58679,1.57733,1.57828,83052.14
2017-05-30,1.57828,1.5823,1.57344,1.57679,133704.31
2017-05-31,1.57679,1.58869,1.56982,1.58683,144440.12
2017-06-01,1.58682,1.59299,1.58511,1.58778,125600.7
2017-06-02,1.5878,1.58818,1.57691,1.57855,115253.97
2017-06-04,1.57875,1.5806,1.57875,1.58025,7910.91
2017-06-05,1.5803,1.58362,1.57447,1.57876,96454.54
2017-06-06,1.57877,1.58037,1.56358,1.56977,123862.3
2017-06-07,1.56977,1.57172,1.55714,1.56577,132809.51
2017-06-08,1.5658,1.5658,1.55193,1.55447,145553.23
2017-06-09,1.5545,1.55514,1.54766,1.55158,126665.62
2017-06-11,1.5537,1.5552,1.55306,1.5541,4904.69
2017-06-12,1.5541,1.56329,1.553,1.55394,116601.82
2017-06-13,1.55397,1.55711,1.54779,1.55543,100392.04
2017-06-14,1.55545,1.55595,1.54,1.54749,157666.18
2017-06-15,1.54748,1.55627,1.54498,1.54769,138951.77
2017-06-16,1.54765,1.54803,1.54116,1.54327,97265.0
2017-06-18,1.54444,1.5453,1.54229,1.54238,6370.06
2017-06-19,1.54239,1.54452,1.53419,1.54231,109022.77
2017-06-20,1.54231,1.54392,1.53356,1.53864,111813.88
2017-06-21,1.53868,1.54949,1.53402,1.54077,112690.16
2017-06-22,1.54078,1.54147,1.53314,1.5351,101845.28
2017-06-23,1.53516,1.53897,1.53185,1.53598,85907.3
2017-06-25,1.53644,1.53811,1.53573,1.53739,5097.47
2017-06-26,1.5374,1.54008,1.53243,1.53535,103038.29
2017-06-27,1.53535,1.56158,1.52342,1.56019,141429.23
2017-06-28,1.5602,1.56792,1.54958,1.55793,149625.71
2017-06-29,1.55793,1.57116,1.55411,1.56478,148137.46
2017-06-30,1.56478,1.56525,1.55392,1.55703,131554.82
2017-07-02,1.55724,1.55933,1.55502,1.55749,7641.45
2017-07-03,1.55749,1.56246,1.55546,1.56011,114852.63
2017-07-04,1.56012,1.56521,1.55391,1.55802,107948.78
2017-07-05,1.55804,1.56307,1.5561,1.55812,131159.15
2017-07-06,1.55812,1.57206,1.55564,1.56786,122378.14
2017-07-07,1.56786,1.57048,1.56376,1.56443,115454.48
2017-07-09,1.56402,1.56802,1.56358,1.56665,6108.26
2017-07-10,1.56665,1.57223,1.56469,1.5711,96392.71
2017-07-11,1.5711,1.58961,1.56974,1.5888,122080.58
2017-07-12,1.58887,1.58975,1.57014,1.57356,146916.59
2017-07-13,1.57359,1.57426,1.54549,1.55739,156009.96
2017-07-14,1.55739,1.56417,1.55497,1.56063,127704.72
2017-07-16,1.56123,1.56145,1.55843,1.55952,11186.88
2017-07-17,1.55953,1.57994,1.55907,1.57632,125433.56
2017-07-18,1.57632,1.58276,1.56471,1.5702,164297.02
2017-07-19,1.57022,1.57219,1.56174,1.56551,133448.07
2017-07-20,1.56551,1.5779,1.5605,1.57114,159423.46
2017-07-21,1.57114,1.57198,1.56318,1.56332,136235.73
2017-07-23,1.56415,1.56749,1.56415,1.56714,7197.66
2017-07-24,1.56715,1.57168,1.56279,1.56446,136876.61
2017-07-25,1.56447,1.5744,1.56389,1.56926,149166.03
2017-07-26,1.56928,1.57037,1.55828,1.55862,180970.0
2017-07-27,1.55861,1.56063,1.55311,1.55795,171323.28
2017-07-28,1.55797,1.5698,1.55675,1.56218,134041.93
2017-07-30,1.56346,1.56625,1.56194,1.56259,11626.75
2017-07-31,1.56262,1.5777,1.5609,1.57431,136430.37
2017-08-01,1.57432,1.59118,1.57134,1.59036,141833.3
2017-08-02,1.59037,1.6009,1.58808,1.5992,146769.01
2017-08-03,1.59921,1.60268,1.59373,1.5959,135598.5
2017-08-04,1.5959,1.59958,1.58407,1.58706,131139.15
2017-08-06,1.58963,1.59088,1.58897,1.59012,12764.77
2017-08-07,1.59016,1.60416,1.58938,1.60349,120250.53
2017-08-08,1.60352,1.60864,1.59893,1.60457,124985.59
2017-08-09,1.60457,1.60714,1.59419,1.59922,147452.53
2017-08-10,1.59923,1.61989,1.59823,1.61806,153330.53
2017-08-11,1.61806,1.62272,1.6115,1.61391,134955.5
2017-08-13,1.61642,1.61757,1.6121,1.61651,10396.69
2017-08-14,1.61652,1.61936,1.61357,1.61365,146134.12
2017-08-15,1.6137,1.62369,1.60964,1.62294,163906.29
2017-08-16,1.62294,1.62458,1.60813,1.60931,174658.23
2017-08-17,1.6093,1.61163,1.59953,1.60891,172204.46
2017-08-18,1.60888,1.61038,1.60161,1.60718,150791.89
2017-08-20,1.60744,1.60897,1.60644,1.60814,5825.56
2017-08-21,1.60817,1.61494,1.60401,1.61195,131534.57
2017-08-22,1.61195,1.61683,1.61078,1.61544,139714.24
2017-08-23,1.61543,1.6394,1.61514,1.63302,186491.86
2017-08-24,1.63304,1.64036,1.63191,1.63723,164196.23
2017-08-25,1.63718,1.6486,1.63162,1.64554,162874.74
2017-08-27,1.64768,1.65054,1.64681,1.64773,10731.99
2017-08-28,1.64771,1.6583,1.64465,1.65134,159242.98
2017-08-29,1.65139,1.66342,1.64792,1.64875,217855.04
2017-08-30,1.64878,1.65564,1.64543,1.65044,192158.42
2017-08-31,1.65047,1.66398,1.65018,1.65899,214024.05
2017-09-01,1.65899,1.66715,1.65436,1.65587,189592.0
2017-09-03,1.6596,1.66155,1.65642,1.658,13064.39
2017-09-04,1.658,1.66172,1.6556,1.66095,138709.44
2017-09-05,1.66098,1.66166,1.64094,1.64269,215633.16
2017-09-06,1.64273,1.6584,1.64213,1.65568,193483.48
2017-09-07,1.65567,1.66891,1.65197,1.65931,206527.56
2017-09-08,1.65935,1.65957,1.64668,1.65565,218247.19
2017-09-10,1.65414,1.66043,1.65403,1.66039,9358.09
2017-09-11,1.66041,1.6624,1.64493,1.64841,178467.41
2017-09-12,1.64841,1.65692,1.63281,1.64494,193333.04
2017-09-13,1.64494,1.64876,1.63936,1.63963,185793.4
2017-09-14,1.63963,1.65318,1.63547,1.64873,195723.41
2017-09-15,1.64878,1.65099,1.63482,1.63693,173346.83
2017-09-17,1.63734,1.63916,1.63618,1.63768,8011.57
2017-09-18,1.63768,1.64766,1.62762,1.6465,170210.44
2017-09-19,1.64651,1.64871,1.63534,1.63988,170007.93
2017-09-20,1.63988,1.64393,1.61418,1.619,210428.59
2017-09-21,1.619,1.63668,1.61777,1.63665,203254.5
2017-09-22,1.63664,1.64289,1.62627,1.62649,170847.85
2017-09-24,1.62914,1.63607,1.62453,1.636,9758.17
2017-09-25,1.63598,1.64501,1.6276,1.62972,177614.0
2017-09-26,1.62971,1.64095,1.62962,1.63598,189567.18
2017-09-27,1.63598,1.63878,1.6239,1.62752,202114.91
2017-09-28,1.62755,1.63877,1.62412,1.63128,185887.36
2017-09-29,1.63129,1.63995,1.63113,1.63735,154654.97
2017-10-01,1.63433,1.63966,1.63324,1.63576,8556.45
2017-10-02,1.63575,1.63768,1.62769,1.63131,170316.16
2017-10-03,1.63136,1.6444,1.62914,1.64007,169275.89
2017-10-04,1.64008,1.64397,1.63463,1.64244,167754.25
2017-10-05,1.64247,1.64722,1.64051,1.64655,159089.85
2017-10-06,1.64653,1.65679,1.64407,1.65367,175436.26
2017-10-08,1.66004,1.66273,1.65851,1.66072,9845.36
2017-10-09,1.66072,1.6639,1.65659,1.6618,115518.24
2017-10-10,1.66181,1.67101,1.66054,1.67008,173608.04
2017-10-11,1.67008,1.67591,1.66503,1.67147,183283.92
2017-10-12,1.67147,1.67442,1.6574,1.65924,158154.57
2017-10-13,1.65925,1.66283,1.6431,1.64887,167107.61
2017-10-15,1.64554,1.64773,1.64424,1.64614,6414.07
2017-10-16,1.64616,1.64674,1.63542,1.64163,152474.61
2017-10-17,1.64163,1.64474,1.63622,1.64023,163799.59
2017-10-18,1.64023,1.65237,1.64019,1.64821,164921.94
2017-10-19,1.64825,1.68837,1.64715,1.68523,179010.4
2017-10-20,1.68523,1.69528,1.68499,1.69142,147365.82
2017-10-22,1.69163,1.69556,1.69163,1.69362,9203.67
2017-10-23,1.69365,1.69589,1.68169,1.68321,158979.16
2017-10-24,1.68318,1.70821,1.67914,1.70313,169525.55
2017-10-25,1.70315,1.72153,1.70105,1.71577,189060.08
2017-10-26,1.71578,1.72107,1.70122,1.70122,193892.2
2017-10-27,1.7013,1.70533,1.68447,1.68768,180246.38
2017-10-29,1.68562,1.69183,1.68435,1.69133,7694.57
2017-10-30,1.69129,1.69938,1.6908,1.69325,148650.57
2017-10-31,1.69324,1.7059,1.68486,1.68757,164782.92
2017-11-01,1.68758,1.69053,1.67948,1.68745,152805.73
2017-11-02,1.68743,1.69143,1.67979,1.6864,144475.27
2017-11-03,1.68644,1.68742,1.67826,1.67973,133433.6
2017-11-05,1.67984,1.68155,1.67899,1.68111,5628.73
2017-11-06,1.68111,1.68894,1.66866,1.6728,146525.47
2017-11-07,1.6728,1.6804,1.669,1.67852,153265.86
2017-11-08,1.67853,1.68104,1.66252,1.66664,150898.23
2017-11-09,1.66663,1.6797,1.66294,1.67714,162620.82
2017-11-10,1.67712,1.68512,1.67439,1.68203,133949.07
2017-11-12,1.68233,1.68535,1.68213,1.68385,7560.19
2017-11-13,1.68385,1.69186,1.67939,1.69106,130576.25
2017-11-14,1.69106,1.71686,1.69078,1.71405,155939.31
2017-11-15,1.7141,1.72128,1.71144,1.71372,179289.24
2017-11-16,1.71372,1.72135,1.7135,1.71783,148895.16
2017-11-17,1.71784,1.74084,1.71647,1.72883,175656.23
2017-11-19,1.73074,1.73243,1.72161,1.72546,11534.22
2017-11-20,1.72542,1.72859,1.71591,1.72319,161465.92
2017-11-21,1.7232,1.72981,1.71418,1.71474,156810.76
2017-11-22,1.71474,1.72349,1.71374,1.71887,146103.69
2017-11-23,1.71887,1.72168,1.7153,1.71997,106686.89
2017-11-24,1.71997,1.73658,1.71858,1.73302,123035.91
2017-11-26,1.73233,1.73662,1.73233,1.73548,5465.38
2017-11-27,1.73547,1.73932,1.71806,1.72003,140811.39
2017-11-28,1.71998,1.72127,1.70784,1.71704,168192.44
2017-11-29,1.71705,1.72259,1.70991,1.72168,168123.32
2017-11-30,1.72215,1.7438,1.72213,1.74173,179560.12
2017-12-01,1.74174,1.74792,1.72128,1.72558,193271.13
2017-12-03,1.72738,1.73051,1.72677,1.72984,7589.88
2017-12-04,1.72989,1.73409,1.72533,1.72819,152242.35
2017-12-05,1.72821,1.73183,1.71521,1.72091,156867.67
2017-12-06,1.72091,1.72095,1.71031,1.71389,163987.3
2017-12-07,1.7139,1.72651,1.71315,1.72441,149152.61
2017-12-08,1.72441,1.72527,1.71158,1.72155,148593.48
2017-12-10,1.71893,1.72198,1.71893,1.71987,4871.47
2017-12-11,1.71987,1.72028,1.70068,1.70452,157742.64
2017-12-12,1.70452,1.70568,1.6905,1.69245,152305.19
2017-12-13,1.69245,1.69427,1.67991,1.6863,160223.21
2017-12-14,1.68635,1.69651,1.68321,1.68466,182625.48
2017-12-15,1.68465,1.68731,1.67579,1.68015,160747.44
2017-12-17,1.67714,1.67943,1.67633,1.67809,6824.13
2017-12-18,1.6781,1.68798,1.67439,1.68466,141745.66
2017-12-19,1.68463,1.69944,1.68028,1.69815,155642.07
2017-12-20,1.69815,1.70632,1.69137,1.69301,148704.54
2017-12-21,1.693,1.69933,1.68983,1.68983,138876.35
2017-12-22,1.68985,1.69231,1.68569,1.68867,120645.05
2017-12-25,1.68811,1.69162,1.68442,1.6894,4497.3
2017-12-26,1.68935,1.69113,1.68353,1.6862,60977.72
2017-12-27,1.6862,1.68746,1.67941,1.68354,122929.94
2017-12-28,1.68359,1.68882,1.6808,1.68302,91328.77
2017-12-29,1.68314,1.69519,1.68116,1.68941,99730.32
2018-01-01,1.68997,1.69682,1.68798,1.69458,7423.27
2018-01-02,1.69458,1.69934,1.68672,1.699,147790.77
2018-01-03,1.69903,1.70254,1.68932,1.69462,153576.51
2018-01-04,1.69461,1.69743,1.68517,1.68618,156398.33
2018-01-05,1.68618,1.68899,1.67624,1.67763,147185.69
2018-01-07,1.67814,1.67989,1.67758,1.67839,6731.25
2018-01-08,1.67838,1.68006,1.6655,1.6683,140833.36
2018-01-09,1.6683,1.67082,1.65886,1.66948,159302.31
2018-01-10,1.66948,1.67038,1.65754,1.65911,200533.91
2018-01-11,1.6591,1.66673,1.65205,1.65827,189485.58
2018-01-12,1.65828,1.68224,1.65747,1.68147,195672.11
2018-01-14,1.68354,1.68574,1.68102,1.68197,6685.16
2018-01-15,1.68197,1.68546,1.67598,1.68133,165274.66
2018-01-16,1.68133,1.68882,1.67659,1.68859,196624.08
2018-01-17,1.68856,1.69365,1.67319,1.675,236407.63
2018-01-18,1.67504,1.6819,1.6715,1.67719,192178.73
2018-01-19,1.67714,1.68452,1.67571,1.67847,170437.28
2018-01-21,1.68363,1.68452,1.68087,1.68171,7128.25
2018-01-22,1.68172,1.68329,1.67179,1.67451,173717.98
2018-01-23,1.67452,1.67564,1.66874,1.67187,204540.07
2018-01-24,1.67185,1.69249,1.66447,1.68874,233732.74
2018-01-25,1.68884,1.7013,1.68076,1.6951,280443.16
2018-01-26,1.69508,1.69616,1.68726,1.68811,225853.58
2018-01-28,1.69154,1.69174,1.68735,1.6881,6859.25
2018-01-29,1.68809,1.69572,1.68512,1.69028,236047.86
2018-01-30,1.69028,1.69735,1.68646,1.69049,239570.72
2018-01-31,1.69048,1.69193,1.67825,1.68382,261643.26
2018-02-01,1.68381,1.69497,1.68288,1.69091,236285.17
2018-02-02,1.69087,1.70721,1.69079,1.7051,207484.09
2018-02-04,1.70544,1.71008,1.70434,1.70933,9327.61
2018-02-05,1.70933,1.70978,1.69919,1.70165,219074.33
2018-02-06,1.70164,1.70535,1.68403,1.68876,293885.92
2018-02-07,1.68884,1.70243,1.68531,1.69718,232835.3
2018-02-08,1.69718,1.70922,1.69165,1.69653,241419.62
2018-02-09,1.69657,1.7022,1.68555,1.68782,226970.13
2018-02-11,1.6899,1.69163,1.68871,1.69067,8158.96
2018-02-12,1.69067,1.69669,1.68831,1.69364,168966.44
2018-02-13,1.69367,1.69985,1.68575,1.69628,190010.59
2018-02-14,1.6963,1.69855,1.68319,1.69052,229751.05
2018-02-15,1.69053,1.69364,1.6853,1.69001,210292.06
2018-02-16,1.69001,1.69279,1.67747,1.67758,191816.5
2018-02-18,1.68059,1.68232,1.67916,1.67958,4852.4
2018-02-19,1.6796,1.68461,1.67679,1.68385,134899.85
2018-02-20,1.68385,1.68507,1.67447,1.68041,182872.09
2018-02-21,1.6804,1.68219,1.67253,1.67861,197420.92
2018-02-22,1.67861,1.68394,1.67459,1.68337,170291.48
2018-02-23,1.68336,1.69121,1.68195,1.6847,159823.03
2018-02-25,1.68543,1.68804,1.68389,1.68751,5699.94
2018-02-26,1.68753,1.68915,1.67819,1.68901,153429.69
2018-02-27,1.68901,1.69449,1.68712,1.68951,178887.4
2018-02-28,1.68943,1.6951,1.68695,1.69153,185338.25
2018-03-01,1.69153,1.69591,1.6812,1.68973,208784.22
2018-03-02,1.68972,1.70566,1.68568,1.6999,221128.18
2018-03-04,1.70205,1.70714,1.7007,1.70325,12259.41
2018-03-05,1.70324,1.70969,1.70053,1.70754,167039.89
2018-03-06,1.70755,1.70845,1.69722,1.70483,205201.42
2018-03-07,1.70483,1.70803,1.7005,1.70314,217199.8
2018-03-08,1.70316,1.71308,1.69323,1.69514,213301.23
2018-03-09,1.69514,1.69678,1.68711,1.68806,206175.18
2018-03-11,1.68615,1.68886,1.68359,1.6842,7772.39
2018-03-12,1.6842,1.69178,1.68248,1.69016,177279.52
2018-03-13,1.69016,1.69281,1.68135,1.69038,209252.34
2018-03-14,1.69037,1.69277,1.68444,1.69227,207740.91
2018-03-15,1.69227,1.69433,1.68745,1.69259,191219.06
2018-03-16,1.69265,1.70434,1.69231,1.70218,190484.01
2018-03-18,1.70089,1.70272,1.6989,1.69892,5824.49
2018-03-19,1.69892,1.70821,1.69874,1.70328,190826.65
2018-03-20,1.70328,1.71098,1.70278,1.70594,163354.14
2018-03-21,1.70596,1.71628,1.70392,1.70765,170910.96
2018-03-22,1.70765,1.71096,1.69935,1.70789,193542.5
2018-03-23,1.70787,1.70928,1.69836,1.70671,166551.68
2018-03-25,1.70654,1.70852,1.70427,1.70596,5723.56
2018-03-26,1.70597,1.70794,1.69692,1.70595,140082.09
2018-03-27,1.70587,1.71116,1.70249,1.70691,148919.45
2018-03-28,1.70691,1.71076,1.70273,1.70709,153969.65
2018-03-29,1.7071,1.71398,1.69884,1.70156,150699.4
2018-03-30,1.70156,1.70401,1.69915,1.70001,96029.51
2018-04-01,1.70001,1.70281,1.7,1.7019,5729.89
2018-04-02,1.70191,1.70707,1.7018,1.70656,108591.95
2018-04-03,1.70657,1.70913,1.68766,1.69046,139277.84
2018-04-04,1.69046,1.69151,1.67797,1.67884,144380.08
2018-04-05,1.67884,1.68851,1.67671,1.68657,132885.78
2018-04-06,1.68657,1.69096,1.68435,1.68891,176970.66
2018-04-08,1.68637,1.68876,1.68528,1.68697,7314.57
2018-04-09,1.68697,1.6888,1.68033,1.68614,142809.63
2018-04-10,1.68617,1.68695,1.67414,1.6774,157618.91
2018-04-11,1.6774,1.68286,1.67649,1.679,148359.72
2018-04-12,1.679,1.68004,1.66873,1.67076,150715.24
2018-04-13,1.67073,1.67934,1.66721,1.67586,132884.54
2018-04-15,1.67546,1.67829,1.67481,1.67816,7750.32
2018-04-16,1.67818,1.68594,1.67559,1.68112,124336.72
2018-04-17,1.68112,1.68915,1.67985,1.68564,138892.48
2018-04-18,1.68563,1.69283,1.6853,1.69008,150312.56
2018-04-19,1.69008,1.70111,1.68769,1.7011,153172.5
2018-04-20,1.70121,1.70689,1.69936,1.70338,138243.38
2018-04-22,1.69997,1.70446,1.69963,1.70422,6494.2
2018-04-23,1.70421,1.70833,1.70195,1.70771,119612.03
2018-04-24,1.70774,1.72036,1.70752,1.71944,125678.98
2018-04-25,1.71943,1.72506,1.71873,1.72019,155064.6
2018-04-26,1.72019,1.72564,1.71244,1.71416,152786.73
2018-04-27,1.71422,1.71663,1.70915,1.71124,123244.41
2018-04-29,1.71103,1.71294,1.71054,1.7117,4951.1
2018-04-30,1.71167,1.71795,1.71088,1.71661,125983.79
2018-05-01,1.71662,1.71711,1.70622,1.71281,129035.13
2018-05-02,1.71281,1.71413,1.70647,1.7086,182726.67
2018-05-03,1.70859,1.70995,1.70033,1.70289,167993.03
2018-05-04,1.70289,1.70703,1.70006,1.70312,136555.57
2018-05-06,1.70194,1.70449,1.7019,1.70307,6020.08
2018-05-07,1.70312,1.7048,1.69647,1.69892,135580.71
2018-05-08,1.69892,1.70456,1.69689,1.70306,164633.17
2018-05-09,1.70307,1.70977,1.6963,1.70913,171680.85
2018-05-10,1.70911,1.71805,1.70788,1.71088,185314.22
2018-05-11,1.71088,1.71705,1.70707,1.71315,148024.45
2018-05-13,1.71245,1.71711,1.71144,1.71516,7720.19
2018-05-14,1.71516,1.72759,1.71466,1.72478,155497.95
2018-05-15,1.72479,1.72939,1.7202,1.72209,182914.33
2018-05-16,1.72208,1.72512,1.70592,1.71133,186838.65
2018-05-17,1.71134,1.71672,1.7051,1.71282,178166.82
2018-05-18,1.71285,1.71478,1.69955,1.70023,159086.95
2018-05-20,1.70116,1.70357,1.69714,1.70166,10141.96
2018-05-21,1.70164,1.70481,1.69495,1.69569,156497.99
2018-05-22,1.69568,1.70212,1.68908,1.69812,166906.04
2018-05-23,1.69811,1.70609,1.68789,1.69038,205365.26
2018-05-24,1.69039,1.69801,1.68833,1.69129,174846.64
2018-05-25,1.69129,1.69373,1.68303,1.68311,168732.61
2018-05-27,1.68754,1.68918,1.68555,1.68899,9844.1
2018-05-28,1.68899,1.69017,1.6703,1.67555,139111.06
2018-05-29,1.67555,1.67855,1.66559,1.67472,206209.89
2018-05-30,1.67476,1.67639,1.66266,1.67056,213941.57
2018-05-31,1.67056,1.67575,1.66092,1.66871,167950.79
2018-06-01,1.66865,1.67701,1.66573,1.66875,149122.29
2018-06-03,1.66799,1.67176,1.66778,1.67176,5639.11
2018-06-04,1.67177,1.67187,1.66108,1.66407,165802.96
2018-06-05,1.66408,1.66872,1.66005,1.66825,164302.51
2018-06-06,1.66824,1.67504,1.66143,1.67375,160996.96
2018-06-07,1.67372,1.68206,1.67274,1.68004,173975.97
2018-06-08,1.68004,1.68119,1.67119,1.67381,139167.92
2018-06-10,1.67496,1.67655,1.673,1.67554,5694.4
2018-06-11,1.67554,1.67981,1.67273,1.67784,130206.35
2018-06-12,1.67783,1.67887,1.67042,1.67696,165396.67
2018-06-13,1.67699,1.68249,1.6697,1.68015,144953.84
2018-06-14,1.68015,1.68409,1.65688,1.66099,175779.06
2018-06-15,1.66098,1.67432,1.66051,1.67146,160423.75
2018-06-17,1.67063,1.67246,1.66969,1.67088,8654.91
2018-06-18,1.67092,1.67898,1.66736,1.67786,134803.91
2018-06-19,1.67782,1.68295,1.67044,1.67819,168793.28
2018-06-20,1.67821,1.68864,1.67426,1.68573,150501.37
2018-06-21,1.68573,1.69251,1.68094,1.68938,165936.85
2018-06-22,1.68938,1.69038,1.68163,1.68639,140043.65
2018-06-24,1.68622,1.68709,1.68501,1.68614,7465.18
2018-06-25,1.68612,1.69961,1.68481,1.6982,146701.34
2018-06-26,1.6982,1.70194,1.69495,1.70041,143661.88
2018-06-27,1.70041,1.71135,1.69655,1.70327,178929.57
2018-06-28,1.70325,1.71563,1.70249,1.7123,166382.15
2018-06-29,1.71234,1.72583,1.7116,1.72271,172703.27
2018-07-01,1.71854,1.72318,1.71774,1.72252,13218.66
2018-07-02,1.72265,1.7353,1.71802,1.73473,148966.24
2018-07-03,1.73471,1.73774,1.72404,1.7266,144289.4
2018-07-04,1.72655,1.72711,1.71771,1.7248,107536.84
2018-07-05,1.72482,1.72828,1.71924,1.72065,143421.45
2018-07-06,1.72066,1.72288,1.71531,1.71723,129440.21
2018-07-08,1.71504,1.71962,1.71477,1.71918,9433.34
2018-07-09,1.71918,1.72187,1.71623,1.71669,126948.34
2018-07-10,1.71667,1.72165,1.71403,1.72035,132910.9
2018-07-11,1.72034,1.73027,1.71954,1.72878,175146.21
2018-07-12,1.72879,1.7299,1.72012,1.72231,148684.85
2018-07-13,1.72234,1.72858,1.71986,1.72601,139974.33
2018-07-15,1.72803,1.72844,1.72582,1.72671,5745.12
2018-07-16,1.72671,1.73277,1.72372,1.7257,147965.09
2018-07-17,1.72569,1.72878,1.71305,1.72074,166186.01
2018-07-18,1.72072,1.72313,1.71194,1.71446,158301.25
2018-07-19,1.71446,1.72844,1.71173,1.72713,196110.58
2018-07-20,1.72715,1.73046,1.71986,1.72018,187730.07
2018-07-22,1.72473,1.72562,1.72083,1.72142,10448.78
2018-07-23,1.72146,1.72602,1.71692,1.72417,147341.22
2018-07-24,1.72417,1.72491,1.71491,1.71813,151112.14
2018-07-25,1.71812,1.72053,1.71299,1.71499,159666.08
2018-07-26,1.715,1.7204,1.71319,1.71569,149038.41
2018-07-27,1.71568,1.71921,1.71322,1.71422,127068.94
2018-07-29,1.71474,1.71595,1.714,1.71593,5078.88
2018-07-30,1.71597,1.7183,1.71175,1.71543,110628.45
2018-07-31,1.71543,1.72261,1.71339,1.7184,153258.43
2018-08-01,1.71837,1.72142,1.71562,1.71662,136269.8
2018-08-02,1.71662,1.72105,1.71611,1.71963,131707.67
2018-08-03,1.71961,1.72272,1.71359,1.71411,135712.43
2018-08-05,1.71197,1.71529,1.71195,1.71441,5222.19
2018-08-06,1.71441,1.71773,1.71194,1.71728,117895.06
2018-08-07,1.71732,1.72243,1.71506,1.72124,124404.35
2018-08-08,1.72126,1.73484,1.71844,1.73433,132411.18
2018-08-09,1.7343,1.74776,1.7343,1.74408,166858.31
2018-08-10,1.74408,1.74861,1.72592,1.73455,199628.51
2018-08-12,1.72874,1.73231,1.72874,1.73034,13399.3
2018-08-13,1.73028,1.73537,1.72668,1.73401,195262.73
2018-08-14,1.734,1.73447,1.72195,1.72679,171971.77
2018-08-15,1.72681,1.73091,1.72362,1.7295,179339.95
2018-08-16,1.72948,1.73024,1.72284,1.72715,186345.94
2018-08-17,1.72697,1.7283,1.72251,1.7226,155809.88
2018-08-19,1.72143,1.72674,1.72143,1.72674,6202.89
2018-08-20,1.72671,1.73058,1.72305,1.73058,147609.56
2018-08-21,1.73058,1.73415,1.72211,1.72689,190194.81
2018-08-22,1.72692,1.73311,1.72485,1.72956,168728.72
2018-08-23,1.72958,1.74252,1.72795,1.74183,173808.87
2018-08-24,1.74183,1.74238,1.73569,1.73619,164920.98
2018-08-26,1.73634,1.73844,1.73568,1.73781,9087.92
2018-08-27,1.73781,1.74505,1.73628,1.74293,144552.57
2018-08-28,1.74292,1.74773,1.74127,1.74131,169183.57
2018-08-29,1.74131,1.74719,1.73828,1.74461,183269.5
2018-08-30,1.74461,1.7596,1.74441,1.75454,191158.44
2018-08-31,1.75451,1.75793,1.75134,1.75138,189073.41
2018-09-02,1.75042,1.75647,1.75001,1.75542,7989.16
2018-09-03,1.75542,1.76045,1.75406,1.75796,123582.54
2018-09-04,1.75799,1.76954,1.75686,1.7687,178220.88
2018-09-05,1.7687,1.77337,1.7624,1.76295,185485.12
2018-09-06,1.76295,1.76849,1.76043,1.76532,185121.95
2018-09-07,1.76538,1.77119,1.76205,1.76734,175700.21
2018-09-09,1.76684,1.76961,1.76684,1.76853,9055.33
2018-09-10,1.76853,1.77873,1.76675,1.77789,153107.69
2018-09-11,1.77789,1.78252,1.77409,1.77983,156007.24
2018-09-12,1.77986,1.78221,1.77043,1.77194,161897.24
2018-09-13,1.77202,1.78051,1.77094,1.77872,164904.54
2018-09-14,1.77869,1.77887,1.77407,1.77506,151799.46
2018-09-16,1.77239,1.77736,1.77203,1.77686,7361.64
2018-09-17,1.77687,1.77812,1.77153,1.77808,149378.76
2018-09-18,1.77808,1.77815,1.76978,1.77274,195619.13
2018-09-19,1.77269,1.77356,1.75417,1.75748,191909.32
2018-09-20,1.7574,1.76497,1.75492,1.76237,179531.63
2018-09-21,1.76234,1.76321,1.75625,1.75808,167067.87
2018-09-23,1.75904,1.7611,1.7569,1.75812,8527.97
2018-09-24,1.75812,1.77269,1.75655,1.76947,158136.82
2018-09-25,1.76947,1.77299,1.76687,1.77042,169366.14
2018-09-26,1.77042,1.77071,1.75825,1.76297,184533.25
2018-09-27,1.76304,1.76762,1.75823,1.7583,183553.89
2018-09-28,1.7583,1.76357,1.74791,1.75247,166075.81
2018-09-30,1.752,1.75491,1.75048,1.75222,7224.84
2018-10-01,1.75222,1.75927,1.74798,1.75297,170144.19
2018-10-02,1.75295,1.75372,1.74787,1.75298,165930.26
2018-10-03,1.75298,1.76623,1.75258,1.76563,186615.08
2018-10-04,1.76565,1.77819,1.76464,1.77703,186329.82
2018-10-05,1.77701,1.7904,1.77566,1.78887,175245.78
2018-10-07,1.78854,1.79106,1.78744,1.78969,10829.91
2018-10-08,1.78969,1.79276,1.77424,1.78188,154018.38
2018-10-09,1.78197,1.78469,1.77204,1.77374,185734.05
2018-10-10,1.77375,1.78818,1.77176,1.78515,192222.46
2018-10-11,1.78516,1.78747,1.77227,1.77565,239542.14
2018-10-12,1.77569,1.78069,1.77063,1.77743,177265.66
2018-10-14,1.77429,1.77832,1.77409,1.7769,11216.62
2018-10-15,1.77688,1.77762,1.75574,1.76236,180962.02
2018-10-16,1.76236,1.76557,1.75552,1.75841,148379.51
2018-10-17,1.75842,1.75964,1.75282,1.75738,167415.15
2018-10-18,1.75739,1.75966,1.74932,1.75199,170041.86
2018-10-19,1.752,1.75306,1.73551,1.74619,177268.32
2018-10-21,1.74174,1.74544,1.74153,1.74544,8737.69
2018-10-22,1.74544,1.75155,1.74478,1.74912,171206.52
2018-10-23,1.74914,1.75341,1.74587,1.75017,197817.24
2018-10-24,1.75018,1.75235,1.73997,1.75074,205783.58
2018-10-25,1.75074,1.75223,1.74068,1.74255,193473.5
2018-10-26,1.74253,1.75867,1.74239,1.74702,211434.55
2018-10-28,1.74504,1.74815,1.74494,1.74668,8787.14
2018-10-29,1.74669,1.74822,1.73701,1.74269,162786.83
2018-10-30,1.7427,1.74434,1.72844,1.72991,157077.17
2018-10-31,1.72988,1.73706,1.72657,1.73399,157387.17
2018-11-01,1.734,1.73468,1.71257,1.71481,176190.58
2018-11-02,1.7148,1.71729,1.70591,1.71267,171579.48
2018-11-04,1.71503,1.71654,1.71058,1.71393,10712.3
2018-11-05,1.71394,1.71673,1.70698,1.71341,132681.98
2018-11-06,1.71342,1.7155,1.69354,1.69758,148281.81
2018-11-07,1.69756,1.69953,1.68041,1.68595,206518.72
2018-11-08,1.68594,1.68824,1.67952,1.6839,174018.08
2018-11-09,1.6839,1.68537,1.67937,1.68118,158584.25
2018-11-11,1.68194,1.68333,1.68117,1.68271,12547.28
2018-11-12,1.68271,1.68307,1.66769,1.67067,159980.25
2018-11-13,1.67067,1.67298,1.66346,1.67084,189842.92
2018-11-14,1.67081,1.67164,1.66074,1.66588,194471.52
2018-11-15,1.66589,1.66814,1.65575,1.6593,189579.82
2018-11-16,1.6593,1.66792,1.65757,1.65906,172228.02
2018-11-18,1.66154,1.66372,1.66053,1.66343,11801.9
2018-11-19,1.66343,1.67667,1.66029,1.67432,168407.46
2018-11-20,1.67432,1.67593,1.66416,1.6747,197858.56
2018-11-21,1.67467,1.67581,1.66393,1.66783,125808.76
2018-11-22,1.66787,1.67908,1.66668,1.67441,107574.01
2018-11-23,1.67441,1.67768,1.6669,1.66906,106993.72
2018-11-25,1.67663,1.67832,1.67314,1.67399,10229.52
2018-11-26,1.67399,1.6746,1.66911,1.67265,125295.66
2018-11-27,1.67265,1.67729,1.66142,1.66183,141233.89
2018-11-28,1.66183,1.66394,1.65158,1.65504,144095.27
2018-11-29,1.65504,1.66267,1.65418,1.65936,142157.35
2018-11-30,1.65939,1.66151,1.64379,1.64411,143115.84
2018-12-02,1.64033,1.64297,1.63874,1.64089,14873.3
2018-12-03,1.64089,1.64554,1.63403,1.63885,166374.22
2018-12-04,1.63887,1.64172,1.6334,1.63444,158199.29
2018-12-05,1.63444,1.64744,1.63276,1.64661,115266.36
2018-12-06,1.64663,1.65739,1.64625,1.65287,170831.95
2018-12-07,1.6529,1.66425,1.64945,1.65753,139954.96
2018-12-09,1.65744,1.66651,1.65718,1.6657,9782.75
2018-12-10,1.6657,1.66611,1.65093,1.65191,151987.96
2018-12-11,1.65192,1.65851,1.64259,1.64405,146687.48
2018-12-12,1.64406,1.66235,1.64239,1.65824,148872.14
2018-12-13,1.65824,1.6613,1.65107,1.65724,125736.94
2018-12-14,1.65725,1.67268,1.65578,1.66259,120196.34
2018-12-16,1.66223,1.66586,1.6614,1.66438,12781.68
2018-12-17,1.66438,1.66971,1.66154,1.66718,109702.73
2018-12-18,1.66602,1.66615,1.65315,1.6601,144581.6
2018-12-19,1.6601,1.68287,1.65686,1.68064,188926.64
2018-12-20,1.68063,1.69667,1.67807,1.68984,241569.8
2018-12-21,1.68984,1.69852,1.68639,1.69411,256773.78
2018-12-23,1.68963,1.6935,1.68963,1.69296,12048.86
2018-12-24,1.69299,1.70063,1.68764,1.69068,194393.66
2018-12-25,1.69196,1.69786,1.68923,1.69577,8814.94
2018-12-26,1.69573,1.69811,1.68444,1.68563,131877.7
2018-12-27,1.68563,1.71047,1.68559,1.70583,264999.35
2018-12-28,1.70586,1.71095,1.70437,1.70447,193101.92
2018-12-30,1.70254,1.70565,1.70225,1.7056,8711.24
2018-12-31,1.70563,1.70863,1.70054,1.70569,145497.41
2019-01-01,1.70583,1.70738,1.70352,1.70727,5652.3
2019-01-02,1.70727,1.71971,1.69718,1.70582,234133.83
2019-01-03,1.70582,1.7158,1.69965,1.70291,283301.56
2019-01-04,1.70295,1.70742,1.68854,1.69055,228701.79
2019-01-06,1.68893,1.69443,1.68893,1.69213,9616.67
2019-01-07,1.69213,1.70053,1.69074,1.69964,166373.78
2019-01-08,1.69958,1.70392,1.69454,1.69894,181033.82
2019-01-09,1.69904,1.70184,1.68853,1.70154,203582.92
2019-01-10,1.70147,1.70574,1.69354,1.69594,184768.03
2019-01-11,1.69587,1.69703,1.67656,1.67715,173194.24
2019-01-13,1.67834,1.68042,1.67733,1.68037,6189.04
2019-01-14,1.68039,1.68784,1.67857,1.68066,152082.77
2019-01-15,1.68065,1.68172,1.67148,1.67325,196963.08
2019-01-16,1.67325,1.68699,1.66914,1.68284,162935.28
2019-01-17,1.68294,1.69343,1.67893,1.68444,166487.02
2019-01-18,1.68444,1.68832,1.67749,1.68523,132095.44
2019-01-20,1.68204,1.68664,1.68204,1.68614,5908.72
2019-01-21,1.68614,1.69384,1.68594,1.68954,99500.99
2019-01-22,1.68953,1.69408,1.68031,1.68323,152089.06
2019-01-23,1.68323,1.68344,1.66996,1.67624,172392.9
2019-01-24,1.67616,1.68094,1.66983,1.67293,204061.27
2019-01-25,1.67293,1.67584,1.66553,1.66715,180803.81
2019-01-27,1.66863,1.66984,1.66753,1.6687,8609.0
2019-01-28,1.66869,1.67408,1.66098,1.67254,144507.18
2019-01-29,1.67255,1.67629,1.66773,1.67574,189703.77
2019-01-30,1.67574,1.67614,1.66301,1.66544,204145.67
2019-01-31,1.66544,1.66653,1.65285,1.65573,196661.99
2019-02-01,1.65573,1.66179,1.65336,1.6611,181216.62
2019-02-03,1.65994,1.66183,1.65914,1.66062,5042.15
2019-02-04,1.66062,1.66473,1.65903,1.66288,124987.18
2019-02-05,1.66288,1.66449,1.65286,1.6531,143678.37
2019-02-06,1.6531,1.68002,1.65158,1.67834,162907.86
2019-02-07,1.67834,1.68417,1.6753,1.68082,169372.75
2019-02-08,1.68082,1.68484,1.67502,1.67773,143465.35
2019-02-10,1.67834,1.67862,1.67362,1.67502,10422.73
2019-02-11,1.67503,1.67812,1.67203,1.67407,138579.17
2019-02-12,1.67407,1.68367,1.67296,1.68149,144636.07
2019-02-13,1.68153,1.68345,1.65443,1.65463,160525.2
2019-02-14,1.65464,1.65543,1.64683,1.65303,167597.34
2019-02-15,1.65303,1.65724,1.64101,1.64479,154441.1
2019-02-17,1.64594,1.64646,1.645,1.64522,7170.68
2019-02-18,1.64522,1.65303,1.64134,1.64983,117519.46
2019-02-19,1.64983,1.65746,1.6461,1.64873,153656.56
2019-02-20,1.64873,1.65446,1.64853,1.65443,150616.13
2019-02-21,1.65444,1.66666,1.64963,1.66433,183860.46
2019-02-22,1.66432,1.67665,1.65374,1.65426,145898.15
2019-02-24,1.65093,1.65413,1.64949,1.65195,11122.77
2019-02-25,1.65195,1.65382,1.64643,1.65054,140906.21
2019-02-26,1.65054,1.6548,1.64787,1.65179,151878.1
2019-02-27,1.65181,1.66521,1.6496,1.66063,169079.78
2019-02-28,1.66065,1.67276,1.65996,1.66739,183854.61
2019-03-01,1.6674,1.6727,1.66394,1.67105,144446.72
2019-03-03,1.66643,1.66903,1.66531,1.66732,11226.65
2019-03-04,1.66733,1.67041,1.65977,1.66162,160255.97
2019-03-05,1.66167,1.66913,1.6613,1.66243,154067.76
2019-03-06,1.66246,1.67249,1.66209,1.67096,145132.33
2019-03-07,1.67098,1.67134,1.65482,1.65525,168521.84
2019-03-08,1.65525,1.65875,1.64989,1.65014,157407.46
2019-03-10,1.65274,1.65317,1.64889,1.65087,7577.71
2019-03-11,1.65088,1.65359,1.64354,1.64734,130079.08
2019-03-12,1.64733,1.64888,1.64044,1.64687,130184.72
2019-03-13,1.64688,1.65417,1.64634,1.65226,119418.6
2019-03-14,1.65226,1.65989,1.65163,1.65386,139092.76
2019-03-15,1.65388,1.65516,1.65073,1.65319,108462.57
2019-03-17,1.65249,1.65488,1.65249,1.65392,8334.59
2019-03-18,1.65395,1.65645,1.65007,1.65603,105513.49
2019-03-19,1.65608,1.6571,1.6512,1.65674,116172.58
2019-03-20,1.65668,1.66304,1.65014,1.65182,155820.62
2019-03-21,1.65184,1.65444,1.64574,1.65264,184540.15
2019-03-22,1.65265,1.65288,1.6368,1.64275,173745.36
2019-03-24,1.64229,1.64345,1.63928,1.64244,9904.38
2019-03-25,1.64245,1.6458,1.6349,1.6369,157378.36
2019-03-26,1.63691,1.64049,1.62919,1.63194,152931.39
2019-03-27,1.63194,1.66001,1.62853,1.65523,205945.13
2019-03-28,1.65545,1.65904,1.64813,1.65583,187834.31
2019-03-29,1.65583,1.65679,1.64494,1.64688,142630.84
2019-03-31,1.64578,1.64747,1.64396,1.64466,12489.88
2019-04-01,1.64469,1.65332,1.64299,1.65014,140372.39
2019-04-02,1.65014,1.66178,1.64754,1.65943,133607.71
2019-04-03,1.65944,1.66102,1.65278,1.65624,137472.52
2019-04-04,1.65626,1.66272,1.6535,1.66083,119774.25
2019-04-05,1.66083,1.66941,1.65909,1.66507,104974.91
2019-04-07,1.66445,1.66678,1.66269,1.66655,6681.83
2019-04-08,1.66656,1.67125,1.66643,1.67024,103676.76
2019-04-09,1.6702,1.67293,1.6672,1.66854,106465.64
2019-04-10,1.66854,1.67182,1.66398,1.66604,125077.14
2019-04-11,1.66604,1.67488,1.66543,1.67424,107309.08
2019-04-12,1.67426,1.67858,1.66768,1.67003,108001.07
2019-04-14,1.67104,1.67114,1.66828,1.67006,10029.57
2019-04-15,1.67006,1.67514,1.66754,1.6705,96309.22
2019-04-16,1.6705,1.69174,1.66563,1.68204,141044.72
2019-04-17,1.68204,1.68474,1.67585,1.67965,128887.36
2019-04-18,1.67968,1.68406,1.67701,1.68004,130237.08
2019-04-19,1.68007,1.68205,1.67899,1.6799,62388.5
2019-04-21,1.67969,1.68235,1.67958,1.68169,6326.89
2019-04-22,1.68168,1.6873,1.68141,1.68506,59155.2
2019-04-23,1.68503,1.69028,1.68403,1.68713,101493.31
2019-04-24,1.68717,1.69605,1.68618,1.69103,148082.85
2019-04-25,1.69104,1.69274,1.67551,1.67884,130328.58
2019-04-26,1.67885,1.67953,1.67083,1.67294,135231.79
2019-04-28,1.67466,1.67466,1.67147,1.67237,6229.53
2019-04-29,1.67242,1.67757,1.66907,1.67678,80872.77
2019-04-30,1.67675,1.69124,1.67443,1.68593,117609.57
2019-05-01,1.68593,1.69207,1.68463,1.69013,97906.8
2019-05-02,1.69014,1.69315,1.68689,1.68914,127105.33
2019-05-03,1.68914,1.69037,1.68143,1.68518,108510.75
2019-05-05,1.69019,1.69301,1.68543,1.6927,15171.85
2019-05-06,1.69271,1.6963,1.68784,1.69503,97439.12
2019-05-07,1.69498,1.69813,1.69023,1.69634,110044.32
2019-05-08,1.69636,1.71543,1.69454,1.70068,124385.17
2019-05-09,1.70068,1.70765,1.69946,1.70334,130451.01
2019-05-10,1.70334,1.70483,1.69804,1.70127,129837.76
2019-05-12,1.70028,1.70493,1.69938,1.70493,5352.53
2019-05-13,1.70493,1.71138,1.70457,1.70876,115049.58
2019-05-14,1.70879,1.70916,1.70263,1.70494,98163.63
2019-05-15,1.70495,1.71008,1.7038,1.70768,111696.36
2019-05-16,1.70769,1.71224,1.70314,1.70973,98518.74
2019-05-17,1.70975,1.71318,1.70759,1.71153,100269.5
2019-05-19,1.70896,1.71169,1.70811,1.71028,5009.33
2019-05-20,1.71029,1.71046,1.70464,1.70774,84784.44
2019-05-21,1.70775,1.71771,1.7066,1.71588,101630.47
2019-05-22,1.7159,1.71926,1.71489,1.71744,77321.43
2019-05-23,1.71748,1.71963,1.71135,1.71484,108406.48
2019-05-24,1.7148,1.71644,1.70825,1.70939,84245.0
2019-05-26,1.70991,1.71059,1.70883,1.70944,2133.54
2019-05-27,1.70952,1.7112,1.70855,1.70967,48568.04
2019-05-28,1.70968,1.70968,1.7049,1.70628,104308.97
2019-05-29,1.70629,1.71301,1.70478,1.7095,106592.6
2019-05-30,1.70948,1.71295,1.70594,1.71118,84239.8
2019-05-31,1.7112,1.715,1.70684,1.70741,127549.12
2019-06-02,1.70903,1.71034,1.70725,1.71008,5408.03
2019-06-03,1.71008,1.71048,1.70268,1.70608,128043.05
2019-06-04,1.70606,1.70994,1.70125,1.70274,140775.17
2019-06-05,1.7027,1.70281,1.69349,1.69434,149637.41
2019-06-06,1.69433,1.70373,1.69144,1.70367,143701.21
2019-06-07,1.70367,1.70413,1.69755,1.6999,125489.66
2019-06-09,1.69853,1.7017,1.69822,1.70053,3802.12
2019-06-10,1.70058,1.71249,1.69952,1.71195,97456.31
2019-06-11,1.71195,1.72164,1.71153,1.72068,125360.97
2019-06-12,1.72065,1.72571,1.71571,1.71709,121391.32
2019-06-13,1.71709,1.72088,1.71466,1.71984,110426.46
2019-06-14,1.71979,1.72754,1.71953,1.7256,119957.27
2019-06-16,1.72404,1.72735,1.72393,1.726,3858.51
2019-06-17,1.72604,1.72891,1.72135,1.72753,82452.71
2019-06-18,1.72756,1.73067,1.7125,1.7131,137173.47
2019-06-19,1.71312,1.72007,1.71215,1.71426,126383.68
2019-06-20,1.71434,1.71776,1.71082,1.71585,157767.63
2019-06-21,1.71585,1.72773,1.71172,1.7248,148792.38
2019-06-23,1.72454,1.72686,1.72354,1.72538,7509.04
2019-06-24,1.72538,1.7267,1.7197,1.72096,115499.53
2019-06-25,1.72096,1.72098,1.70895,1.71368,172724.7
2019-06-26,1.71365,1.72091,1.69903,1.70264,147386.65
2019-06-27,1.70263,1.70378,1.6955,1.69664,131235.97
2019-06-28,1.69666,1.69886,1.6915,1.6921,121353.71
2019-06-30,1.68944,1.69192,1.68863,1.68981,9184.52
2019-07-01,1.6898,1.69589,1.68848,1.69173,138219.13
2019-07-02,1.69166,1.69853,1.68839,1.69064,117951.48
2019-07-03,1.69058,1.69204,1.68004,1.68265,112969.06
2019-07-04,1.68265,1.68974,1.68047,1.68653,62428.21
2019-07-05,1.68647,1.69774,1.68539,1.69406,116905.22
2019-07-07,1.69304,1.69487,1.69289,1.69316,2964.85
2019-07-08,1.69316,1.69356,1.68785,1.69231,78752.76
2019-07-09,1.69235,1.69755,1.69064,1.69735,88537.43
2019-07-10,1.69734,1.70558,1.69096,1.69439,125920.67
2019-07-11,1.69444,1.6946,1.68539,1.68866,125321.47
2019-07-12,1.68866,1.68904,1.68261,1.68281,110606.82
2019-07-14,1.68403,1.68557,1.68294,1.68383,6790.05
2019-07-15,1.68383,1.68383,1.67354,1.67504,96494.86
2019-07-16,1.67506,1.67506,1.66783,1.67293,109416.76
2019-07-17,1.67294,1.67294,1.66419,1.66774,97853.24
2019-07-18,1.66774,1.66944,1.66026,1.66159,137463.75
2019-07-19,1.66161,1.66224,1.65593,1.659,131216.45
2019-07-21,1.65754,1.6601,1.65714,1.65924,4393.49
2019-07-22,1.65924,1.66341,1.65263,1.66245,87097.68
2019-07-23,1.66245,1.66504,1.65934,1.66484,89576.54
2019-07-24,1.66474,1.66554,1.65884,1.66283,90033.05
2019-07-25,1.66283,1.67504,1.65747,1.67353,131259.45
2019-07-26,1.67353,1.67838,1.67298,1.67684,77806.63
2019-07-28,1.67684,1.67747,1.67616,1.677,3098.03
2019-07-29,1.67699,1.68243,1.67654,1.68064,66019.71
2019-07-30,1.68061,1.68784,1.67922,1.68605,85100.68
2019-07-31,1.68613,1.69288,1.68481,1.68991,148379.05
2019-08-01,1.68989,1.69234,1.68014,1.69063,175757.6
2019-08-02,1.69063,1.70374,1.69013,1.69871,185050.26
2019-08-04,1.70044,1.70344,1.69984,1.70324,6936.26
2019-08-05,1.70324,1.72262,1.70256,1.71425,188645.04
2019-08-06,1.71426,1.72064,1.70663,1.71564,176866.01
2019-08-07,1.71562,1.7573,1.70999,1.73714,227749.09
2019-08-08,1.73704,1.74124,1.72309,1.72475,161077.46
2019-08-09,1.72483,1.73498,1.72123,1.73163,123398.01
2019-08-11,1.73074,1.73454,1.73064,1.73443,13266.71
2019-08-12,1.73443,1.74088,1.72834,1.73951,152617.2
2019-08-13,1.73951,1.74724,1.72746,1.72963,180514.53
2019-08-14,1.72959,1.74068,1.72686,1.73034,179233.48
2019-08-15,1.73034,1.73459,1.72014,1.72657,208900.45
2019-08-16,1.7266,1.72811,1.71989,1.72478,131854.92
2019-08-18,1.72483,1.72704,1.72194,1.72587,7296.57
2019-08-19,1.72583,1.73247,1.72499,1.73016,102173.48
2019-08-20,1.73016,1.73144,1.72373,1.73137,102469.79
2019-08-21,1.73135,1.73462,1.72841,1.73154,93684.46
2019-08-22,1.73163,1.74158,1.73033,1.73453,125404.28
2019-08-23,1.73451,1.74479,1.73107,1.74148,147975.13
2019-08-25,1.74613,1.75921,1.74384,1.75175,16147.7
2019-08-26,1.75175,1.75178,1.7337,1.73838,175491.34
2019-08-27,1.73835,1.74686,1.73827,1.74245,126286.11
2019-08-28,1.74254,1.75236,1.74155,1.74933,124751.08
2019-08-29,1.74933,1.75733,1.74412,1.75064,129077.94
2019-08-30,1.75074,1.75644,1.74144,1.74162,126474.02
2019-09-01,1.74294,1.74569,1.74183,1.74453,7241.78
2019-09-02,1.74444,1.74704,1.73523,1.73907,87326.13
2019-09-03,1.73904,1.74366,1.73065,1.73116,135497.29
2019-09-04,1.73114,1.73658,1.72836,1.73608,114385.9
2019-09-05,1.73606,1.73666,1.72819,1.73173,130530.79
2019-09-06,1.73173,1.73173,1.71313,1.71494,122190.69
2019-09-08,1.71783,1.71784,1.71433,1.71493,7494.13
2019-09-09,1.71493,1.72092,1.71198,1.71852,100994.81
2019-09-10,1.71854,1.72262,1.71453,1.72254,107538.39
2019-09-11,1.72257,1.72384,1.71273,1.71504,103252.43
2019-09-12,1.71496,1.72902,1.70007,1.72709,157839.51
2019-09-13,1.72706,1.73856,1.72641,1.73555,107660.05
2019-09-15,1.73684,1.73872,1.73447,1.73578,6626.15
2019-09-16,1.73584,1.73854,1.72953,1.73494,102237.35
2019-09-17,1.73495,1.74397,1.73463,1.74093,113525.15
2019-09-18,1.74083,1.74844,1.74056,1.74561,119905.46
2019-09-19,1.74558,1.75514,1.74524,1.75475,133386.5
2019-09-20,1.75474,1.76152,1.75335,1.76008,117359.79
2019-09-22,1.75754,1.75913,1.75713,1.75823,4467.28
2019-09-23,1.75823,1.75891,1.74545,1.74594,114398.62
2019-09-24,1.74594,1.74754,1.73865,1.74366,112314.08
2019-09-25,1.74366,1.74855,1.73264,1.74568,124150.56
2019-09-26,1.74568,1.74639,1.72977,1.73423,110824.55
2019-09-27,1.73421,1.74044,1.73253,1.7371,113299.15
2019-09-29,1.73934,1.74095,1.73824,1.74056,3684.05
2019-09-30,1.74048,1.75055,1.73673,1.74046,114478.64
2019-10-01,1.74044,1.75524,1.73663,1.75123,142483.58
2019-10-02,1.75116,1.75446,1.74631,1.74893,124816.1
2019-10-03,1.74893,1.75065,1.73726,1.74096,134940.65
2019-10-04,1.74096,1.74126,1.73277,1.7377,129821.69
2019-10-06,1.74093,1.74164,1.73685,1.73882,5929.75
2019-10-07,1.73878,1.74774,1.73676,1.74376,124825.18
2019-10-08,1.74384,1.7441,1.73634,1.74034,146561.08
2019-10-09,1.74034,1.74956,1.73554,1.74704,127461.6
2019-10-10,1.747,1.74768,1.73867,1.7406,163470.43
2019-10-11,1.74058,1.74433,1.73587,1.74054,158443.62
2019-10-13,1.74173,1.74346,1.7412,1.74239,5215.88
2019-10-14,1.74236,1.75566,1.74138,1.74884,105401.38
2019-10-15,1.74885,1.75844,1.7447,1.75274,146517.7
2019-10-16,1.75274,1.7699,1.75274,1.76127,144233.93
2019-10-17,1.76127,1.76284,1.75068,1.75074,153538.82
2019-10-18,1.7507,1.75145,1.74503,1.74874,108271.82
2019-10-20,1.74843,1.75022,1.74648,1.74737,8156.69
2019-10-21,1.74739,1.7475,1.7387,1.73904,100759.86
2019-10-22,1.73908,1.73908,1.73232,1.73554,123595.3
2019-10-23,1.73554,1.74114,1.73194,1.73373,108635.98
2019-10-24,1.73373,1.7434,1.73365,1.74089,135694.65
2019-10-25,1.74091,1.749,1.73956,1.74414,90535.46
2019-10-27,1.74383,1.74434,1.74136,1.74324,4004.08
2019-10-28,1.74324,1.75113,1.74313,1.74666,94915.71
2019-10-29,1.7466,1.75036,1.74111,1.74943,113439.96
2019-10-30,1.74943,1.75164,1.73857,1.74004,150504.59
2019-10-31,1.74014,1.74654,1.7334,1.73935,170088.73
2019-11-01,1.73935,1.74014,1.7291,1.73624,142155.73
2019-11-03,1.73524,1.73686,1.73497,1.73515,3171.9
2019-11-04,1.73506,1.74114,1.72742,1.73808,116928.28
2019-11-05,1.73812,1.73979,1.73,1.73757,150428.18
2019-11-06,1.73765,1.74112,1.73488,1.73907,117759.96
2019-11-07,1.73904,1.74241,1.73345,1.73357,166096.28
2019-11-08,1.73358,1.74364,1.73114,1.74046,115524.75
2019-11-10,1.73883,1.74144,1.73803,1.74073,2689.54
2019-11-11,1.74073,1.74081,1.7312,1.73396,89496.49
2019-11-12,1.73395,1.74361,1.73245,1.73764,118797.46
2019-11-13,1.73764,1.73905,1.71444,1.71619,141762.13
2019-11-14,1.71624,1.73388,1.71515,1.72685,124475.97
2019-11-15,1.72684,1.72951,1.72334,1.72504,100605.46
2019-11-17,1.72288,1.72703,1.72288,1.72696,3774.34
2019-11-18,1.72696,1.73253,1.72532,1.73093,108019.25
2019-11-19,1.73093,1.73469,1.72188,1.72224,97435.04
2019-11-20,1.72218,1.72824,1.72089,1.72821,119686.5
2019-11-21,1.72827,1.73129,1.72162,1.72753,127205.52
2019-11-22,1.72753,1.72849,1.71933,1.71933,116385.34
2019-11-24,1.71823,1.72044,1.7178,1.71969,4274.88
2019-11-25,1.71971,1.7212,1.71244,1.71636,105351.12
2019-11-26,1.71636,1.71869,1.71361,1.71491,106141.13
2019-11-27,1.71494,1.71855,1.71097,1.71574,108985.81
2019-11-28,1.71567,1.71699,1.71131,1.71511,75380.85
2019-11-29,1.71521,1.71892,1.70812,1.71394,103570.57
2019-12-01,1.71343,1.71482,1.7126,1.71286,3284.07
2019-12-02,1.71287,1.71287,1.69924,1.70455,128706.89
2019-12-03,1.70455,1.70466,1.69618,1.69996,129816.45
2019-12-04,1.69993,1.70419,1.69057,1.69223,129669.18
2019-12-05,1.69227,1.7013,1.68874,1.69683,106991.66
2019-12-06,1.69683,1.6974,1.68074,1.68342,98486.39
2019-12-08,1.68613,1.68641,1.68447,1.68604,2793.36
2019-12-09,1.68604,1.69172,1.68514,1.68935,88929.21
2019-12-10,1.68935,1.69642,1.68513,1.69498,116654.4
2019-12-11,1.69502,1.70046,1.68684,1.69153,153257.47
2019-12-12,1.69153,1.69307,1.68381,1.68948,164240.88
2019-12-13,1.68948,1.69426,1.68324,1.68486,176012.57
2019-12-15,1.68453,1.68878,1.68433,1.68743,6939.56
2019-12-16,1.68739,1.69093,1.68447,1.68934,104526.69
2019-12-17,1.6893,1.69964,1.68597,1.69764,117227.68
2019-12-18,1.69764,1.69864,1.68073,1.68824,109884.36
2019-12-19,1.68824,1.6927,1.68223,1.68243,111115.68
2019-12-20,1.68242,1.68634,1.67532,1.67564,92377.56
2019-12-22,1.67874,1.67924,1.6766,1.6767,3282.17
2019-12-23,1.67668,1.67849,1.66974,1.67189,97063.52
2019-12-24,1.67193,1.67479,1.66713,1.66758,82417.98
2019-12-25,1.66876,1.67262,1.66664,1.66985,3102.79
2019-12-26,1.66985,1.66989,1.66227,1.66347,42975.54
2019-12-27,1.66344,1.66917,1.66171,1.66621,100004.53
2019-12-29,1.66505,1.66984,1.66419,1.66788,4348.8
2019-12-30,1.66787,1.66955,1.6618,1.66369,97751.48
2019-12-31,1.66364,1.66841,1.66239,1.66586,85458.18
2020-01-01,1.66741,1.66778,1.66454,1.66524,4064.96
2020-01-02,1.66527,1.67364,1.66443,1.66754,136645.16
2020-01-03,1.6675,1.67564,1.66745,1.6734,121245.28
2020-01-05,1.67664,1.67814,1.67564,1.67713,4952.53
2020-01-06,1.67703,1.68147,1.67472,1.67865,112735.48
2020-01-07,1.67866,1.68374,1.67565,1.68204,117857.44
2020-01-08,1.68201,1.68664,1.66898,1.66998,153538.22
2020-01-09,1.66997,1.68182,1.66902,1.68133,101303.03
2020-01-10,1.68129,1.68224,1.67333,1.67542,103195.83
2020-01-12,1.67354,1.67534,1.67333,1.67473,2931.69
2020-01-13,1.67475,1.68084,1.67251,1.6806,92712.95
2020-01-14,1.6806,1.68424,1.67888,1.68424,104219.97
2020-01-15,1.68434,1.69203,1.68165,1.68484,91628.14
2020-01-16,1.68484,1.68512,1.67447,1.67781,101485.96
2020-01-17,1.67781,1.67954,1.67463,1.67686,80187.88
2020-01-19,1.67585,1.67794,1.67477,1.67616,3990.73
2020-01-20,1.67616,1.68051,1.67523,1.67943,59673.67
2020-01-21,1.67941,1.68303,1.67771,1.68064,92552.12
2020-01-22,1.68064,1.68356,1.67705,1.68244,91864.12
2020-01-23,1.68244,1.68384,1.66905,1.67044,115685.07
2020-01-24,1.67044,1.67213,1.66633,1.66798,88858.38
2020-01-26,1.67394,1.67776,1.66926,1.67703,10961.31
2020-01-27,1.67703,1.6843,1.67423,1.68364,99262.13
2020-01-28,1.68354,1.68991,1.68074,1.68533,92921.57
2020-01-29,1.68535,1.68961,1.68333,1.68718,94051.89
2020-01-30,1.68718,1.70303,1.68684,1.70086,110341.87
2020-01-31,1.70088,1.71619,1.69849,1.71506,117497.0
2020-02-02,1.71404,1.71759,1.7128,1.71694,9860.92
2020-02-03,1.71694,1.71748,1.70535,1.71241,137224.02
2020-02-04,1.71241,1.71497,1.6986,1.70135,114321.82
2020-02-05,1.70135,1.70467,1.69601,1.6972,115988.39
2020-02-06,1.69711,1.70355,1.69616,1.69975,117051.68
2020-02-07,1.69975,1.71076,1.69925,1.70845,126225.24
2020-02-09,1.70865,1.71133,1.70745,1.71114,5938.62
2020-02-10,1.71109,1.71236,1.70634,1.70785,96276.92
2020-02-11,1.70787,1.71052,1.70104,1.70436,117025.45
2020-02-12,1.70434,1.70444,1.68044,1.68697,83385.82
2020-02-13,1.68697,1.68763,1.67846,1.68303,95830.67
2020-02-14,1.68303,1.68734,1.68187,1.68281,84879.37
2020-02-16,1.68059,1.68305,1.68026,1.68184,5639.11
2020-02-17,1.68188,1.68741,1.68128,1.68321,73701.31
2020-02-18,1.68324,1.69453,1.68296,1.6882,115310.95
2020-02-19,1.68817,1.69435,1.68551,1.69181,100703.69
2020-02-20,1.69187,1.70663,1.69024,1.70339,112190.75
2020-02-21,1.70339,1.71429,1.70061,1.70762,145035.44
2020-02-23,1.71347,1.71545,1.71071,1.7143,13761.85
2020-02-24,1.7143,1.71646,1.7087,1.7104,186158.83
2020-02-25,1.71038,1.72306,1.70824,1.72101,194643.3
2020-02-26,1.72101,1.73196,1.71916,1.73112,217235.61
2020-02-27,1.73112,1.74501,1.72794,1.7424,274123.25
2020-02-28,1.7424,1.77367,1.74143,1.76486,303312.26
2020-03-01,1.77804,1.78069,1.77324,1.77452,12511.12
2020-03-02,1.77449,1.7875,1.7659,1.77819,292547.35
2020-03-03,1.77819,1.785,1.76603,1.78233,289577.17
2020-03-04,1.78227,1.78227,1.76487,1.76764,213447.88
2020-03-05,1.76762,1.78612,1.76333,1.77757,185843.58
2020-03-06,1.77757,1.7863,1.76815,1.7745,263586.54
2020-03-08,1.79498,1.80233,1.79144,1.7998,25743.19
2020-03-09,1.79979,1.91205,1.77264,1.7986,391043.77
2020-03-10,1.7986,1.81282,1.79383,1.80593,331125.51
2020-03-11,1.80594,1.80866,1.78645,1.79748,280538.54
2020-03-12,1.79755,1.83684,1.79416,1.82854,422962.06
2020-03-13,1.82849,1.84289,1.80654,1.82884,397179.97
2020-03-15,1.84627,1.86037,1.8143,1.84278,24664.99
2020-03-16,1.84278,1.86099,1.81803,1.84736,422241.1
2020-03-17,1.84731,1.85584,1.8302,1.85201,405098.06
2020-03-18,1.85199,1.92574,1.84542,1.91478,458030.38
2020-03-19,1.91473,1.99265,1.81672,1.87383,408206.34
2020-03-20,1.87372,1.89076,1.83229,1.87103,410424.45
2020-03-22,1.88383,1.90677,1.88195,1.89939,33126.18
2020-03-23,1.89934,1.90923,1.87066,1.8746,430888.24
2020-03-24,1.87455,1.88723,1.84384,1.85368,413871.66
2020-03-25,1.85371,1.87975,1.83198,1.87536,363291.94
2020-03-26,1.87519,1.88877,1.84311,1.84832,342796.59
2020-03-27,1.84844,1.85976,1.8324,1.84104,289549.75
2020-03-29,1.84158,1.85315,1.83767,1.84047,13501.44
2020-03-30,1.84047,1.84799,1.83019,1.83457,243199.87
2020-03-31,1.83459,1.85947,1.82472,1.8529,303425.15
2020-04-01,1.8529,1.86294,1.82835,1.84488,229080.21
2020-04-02,1.84494,1.84968,1.82981,1.8333,222302.99
2020-04-03,1.83335,1.84832,1.83175,1.84153,198540.18
2020-04-05,1.83918,1.84724,1.83902,1.84575,10130.07
2020-04-06,1.84571,1.84614,1.81028,1.81557,198404.11
2020-04-07,1.81557,1.82764,1.80587,1.82694,219712.56
2020-04-08,1.82694,1.83011,1.8025,1.80522,178700.36
2020-04-09,1.80524,1.81397,1.79367,1.79778,168921.69
2020-04-10,1.79778,1.80342,1.79191,1.79469,78315.37
2020-04-12,1.79793,1.80256,1.79465,1.7989,5296.64
2020-04-13,1.79892,1.80273,1.78644,1.78977,112137.85
2020-04-14,1.78972,1.80615,1.78389,1.8001,150091.5
2020-04-15,1.80008,1.82604,1.79978,1.81854,170361.89
2020-04-16,1.81844,1.82946,1.80394,1.80958,194007.73
2020-04-17,1.80964,1.81434,1.79824,1.80094,166324.45
2020-04-19,1.79814,1.80676,1.79554,1.80624,5226.24
2020-04-20,1.8062,1.80754,1.78684,1.79775,145780.85
2020-04-21,1.79774,1.82559,1.79671,1.82063,179627.63
2020-04-22,1.82063,1.82595,1.80982,1.82435,149878.08
2020-04-23,1.82433,1.82799,1.7896,1.79404,183845.81
2020-04-24,1.79402,1.80338,1.79033,1.79814,137501.28
2020-04-26,1.79596,1.79969,1.79564,1.79677,5104.11
2020-04-27,1.7968,1.79794,1.78607,1.79663,140982.36
2020-04-28,1.79663,1.80641,1.78053,1.78257,151336.63
2020-04-29,1.78257,1.78569,1.77024,1.77144,146929.84
2020-04-30,1.77133,1.79414,1.76594,1.7884,201590.81
2020-05-01,1.7884,1.81831,1.78707,1.81029,137462.83
2020-05-03,1.81103,1.82211,1.81043,1.82197,12120.57
2020-05-04,1.82197,1.82254,1.80029,1.8021,160372.3
2020-05-05,1.8021,1.8021,1.78625,1.79049,159723.73
2020-05-06,1.79047,1.80075,1.78266,1.79714,287538.11
2020-05-07,1.79714,1.79739,1.77459,1.77793,174143.81
2020-05-08,1.77793,1.77895,1.76413,1.76426,134503.91
2020-05-10,1.76015,1.76876,1.75964,1.76463,11331.17
2020-05-11,1.7646,1.78549,1.76185,1.77864,170819.26
2020-05-12,1.77862,1.78798,1.7726,1.78783,171060.72
2020-05-13,1.78783,1.80856,1.78003,1.80444,187654.08
2020-05-14,1.80444,1.8111,1.79613,1.79723,185404.98
2020-05-15,1.79723,1.82631,1.79635,1.82298,157407.77
2020-05-17,1.81913,1.82549,1.81913,1.82255,9416.65
2020-05-18,1.82252,1.82464,1.80071,1.8069,151877.3
2020-05-19,1.80689,1.80805,1.78955,1.79522,152315.15
2020-05-20,1.79524,1.79854,1.78485,1.78607,144261.33
2020-05-21,1.78617,1.79643,1.78617,1.78814,158072.8
2020-05-22,1.78814,1.79361,1.78331,1.78694,136235.3
2020-05-24,1.78574,1.78894,1.78563,1.78689,5979.99
2020-05-25,1.78694,1.79049,1.78251,1.78471,100440.34
2020-05-26,1.78466,1.78654,1.76462,1.77145,167262.23
2020-05-27,1.77144,1.78486,1.76234,1.78037,229543.01
2020-05-28,1.78038,1.78954,1.77543,1.78749,216720.42
2020-05-29,1.78749,1.79806,1.78475,1.78898,230145.76
2020-05-31,1.79313,1.79513,1.79034,1.79344,8441.52
2020-06-01,1.79338,1.79354,1.76648,1.77096,189046.81
2020-06-02,1.77093,1.77796,1.74957,1.7522,220950.07
2020-06-03,1.75217,1.75716,1.74056,1.74781,239937.21
2020-06-04,1.74779,1.75877,1.74228,1.75399,244135.52
2020-06-05,1.75399,1.75489,1.73281,1.73464,228285.48
2020-06-07,1.73574,1.73764,1.73079,1.73181,7415.04
2020-06-08,1.7318,1.73454,1.71952,1.72129,175926.99
2020-06-09,1.72131,1.74509,1.71891,1.74393,199172.94
2020-06-10,1.74388,1.74609,1.73257,1.74567,228230.15
2020-06-11,1.74566,1.76525,1.74167,1.76014,268740.67
2020-06-12,1.76011,1.76374,1.74423,1.74553,283395.22
2020-06-14,1.74258,1.75361,1.74144,1.75303,15816.59
2020-06-15,1.753,1.75944,1.74361,1.74395,262544.01
2020-06-16,1.74395,1.75834,1.73865,1.74399,248761.76
2020-06-17,1.74399,1.75065,1.73365,1.74403,207111.73
2020-06-18,1.74403,1.74899,1.74044,1.7435,208584.27
2020-06-19,1.7435,1.74834,1.73798,1.74404,193245.42
2020-06-21,1.75154,1.75214,1.74463,1.74654,7367.67
2020-06-22,1.74653,1.74733,1.73283,1.73674,162538.91
2020-06-23,1.73674,1.74613,1.73583,1.74004,202043.55
2020-06-24,1.7399,1.75818,1.73806,1.75699,193646.01
2020-06-25,1.75699,1.75728,1.74301,1.7443,195745.24
2020-06-26,1.7443,1.7492,1.74024,1.74574,163853.52
2020-06-28,1.74867,1.75074,1.74772,1.74846,5758.5
2020-06-29,1.74849,1.75748,1.74643,1.74964,154165.72
2020-06-30,1.74964,1.75526,1.73892,1.74147,170820.84
2020-07-01,1.74149,1.74223,1.7322,1.73653,154646.49
2020-07-02,1.73653,1.73693,1.72433,1.72644,157370.45
2020-07-03,1.72645,1.728,1.71783,1.72014,122868.72
2020-07-05,1.72254,1.72343,1.71941,1.7202,3199.7
2020-07-06,1.72016,1.73104,1.71953,1.72483,147225.7
2020-07-07,1.72479,1.72824,1.71632,1.72147,166201.68
2020-07-08,1.72153,1.72753,1.71893,1.72464,169722.42
2020-07-09,1.72464,1.72683,1.71543,1.71835,191436.86
2020-07-10,1.71837,1.72168,1.71683,1.71884,162860.58
2020-07-12,1.71734,1.72111,1.71646,1.72053,6155.51
2020-07-13,1.72053,1.73588,1.71925,1.73575,184560.65
2020-07-14,1.73577,1.74863,1.73452,1.74353,225784.8
2020-07-15,1.74353,1.74564,1.73368,1.73677,213631.02
2020-07-16,1.73674,1.74439,1.73664,1.74118,180876.61
2020-07-17,1.74113,1.74951,1.73772,1.74273,107944.48
2020-07-19,1.74154,1.74459,1.74069,1.74373,4659.82
2020-07-20,1.74365,1.74877,1.73873,1.74085,157519.17
2020-07-21,1.74083,1.74314,1.72652,1.73524,179492.0
2020-07-22,1.73514,1.73964,1.7288,1.73744,192857.7
2020-07-23,1.73735,1.75033,1.73203,1.74774,206422.82
2020-07-24,1.74776,1.7565,1.74543,1.75463,188592.18
2020-07-26,1.75506,1.75703,1.74966,1.75343,10396.45
2020-07-27,1.75338,1.76148,1.75198,1.75959,206899.69
2020-07-28,1.75959,1.766,1.75568,1.75963,220659.31
2020-07-29,1.75964,1.77053,1.75767,1.77024,204236.1
2020-07-30,1.77024,1.77733,1.76699,1.773,217828.43
2020-07-31,1.773,1.78014,1.77103,1.77624,231887.93
2020-08-02,1.77554,1.77783,1.77419,1.77574,8435.99
2020-08-03,1.77564,1.78274,1.76888,1.77798,187612.16
2020-08-04,1.77804,1.78568,1.77534,1.77772,177289.19
2020-08-05,1.77774,1.78674,1.77547,1.78614,165282.51
2020-08-06,1.78614,1.79124,1.77447,1.77688,196183.01
2020-08-07,1.77687,1.78636,1.77244,1.78574,183972.34
2020-08-09,1.78334,1.78644,1.78263,1.78516,7240.99
2020-08-10,1.78514,1.78744,1.77814,1.78014,132777.27
2020-08-11,1.78014,1.79046,1.77309,1.78634,194240.21
2020-08-12,1.78634,1.79982,1.785,1.79314,183191.01
2020-08-13,1.79314,1.80578,1.78914,1.80504,168028.42
2020-08-14,1.80504,1.80984,1.80357,1.80933,133124.99
2020-08-16,1.80844,1.81203,1.80449,1.81117,4966.27
2020-08-17,1.81108,1.81794,1.80603,1.81213,122681.43
2020-08-18,1.81214,1.81911,1.80541,1.80754,176541.03
2020-08-19,1.80754,1.80908,1.79483,1.80494,197427.71
2020-08-20,1.80494,1.82227,1.80344,1.81462,196247.72
2020-08-21,1.81462,1.81746,1.80113,1.80313,169574.82
2020-08-23,1.80494,1.80612,1.80256,1.80478,5555.84
2020-08-24,1.80479,1.81064,1.80255,1.80679,131201.98
2020-08-25,1.8068,1.81345,1.80389,1.80624,142438.17
2020-08-26,1.80624,1.80694,1.78463,1.78532,149245.79
2020-08-27,1.78534,1.78661,1.7762,1.77888,231017.05
2020-08-28,1.77888,1.7835,1.76438,1.76523,206045.19
2020-08-30,1.76763,1.76875,1.76614,1.76704,5831.16
2020-08-31,1.76703,1.77407,1.76611,1.77284,167368.13
2020-09-01,1.77284,1.77525,1.76069,1.76155,206115.85
2020-09-02,1.76155,1.76333,1.74896,1.75089,178943.93
2020-09-03,1.75094,1.77076,1.74686,1.76994,190613.02
2020-09-04,1.76995,1.76997,1.75924,1.76033,188977.11
2020-09-06,1.76224,1.76497,1.76023,1.76304,6783.0
2020-09-07,1.76305,1.76834,1.76103,1.76628,106662.17
2020-09-08,1.76628,1.78152,1.76294,1.77968,186245.24
2020-09-09,1.77969,1.77989,1.76443,1.76707,171290.87
2020-09-10,1.76706,1.7833,1.76683,1.77884,198194.12
2020-09-11,1.77875,1.78113,1.77186,1.77604,134899.08
2020-09-13,1.77634,1.77693,1.7705,1.77064,4370.47
2020-09-14,1.77083,1.77494,1.76752,1.77175,118827.44
2020-09-15,1.77173,1.77557,1.76174,1.76493,139371.66
2020-09-16,1.76495,1.76514,1.75047,1.75564,178036.3
2020-09-17,1.75563,1.76209,1.75113,1.75153,198186.26
2020-09-18,1.75156,1.75301,1.7446,1.75084,146919.71
2020-09-20,1.75153,1.7533,1.7487,1.75263,7682.7
2020-09-21,1.75264,1.76714,1.74983,1.76484,191120.99
2020-09-22,1.76477,1.76743,1.75834,1.76543,189496.58
2020-09-23,1.76534,1.78291,1.75863,1.78161,190093.56
2020-09-24,1.78158,1.78744,1.77977,1.78264,172564.39
2020-09-25,1.78263,1.78294,1.77075,1.77616,150221.04
2020-09-27,1.77494,1.77644,1.77288,1.77599,3507.08
2020-09-28,1.776,1.78308,1.77287,1.77821,135585.18
2020-09-29,1.77821,1.78247,1.77346,1.77855,135607.49
2020-09-30,1.77856,1.78384,1.76795,1.77034,198866.48
2020-10-01,1.77044,1.77192,1.76413,1.76557,166573.41
2020-10-02,1.76557,1.7701,1.7633,1.76434,191419.02
2020-10-04,1.76254,1.76563,1.76184,1.76524,5987.08
2020-10-05,1.7652,1.77621,1.76167,1.77173,126631.45
2020-10-06,1.77181,1.78365,1.7699,1.78093,168943.03
2020-10-07,1.78094,1.79136,1.77874,1.78991,137464.2
2020-10-08,1.78991,1.79644,1.78314,1.78573,122681.96
2020-10-09,1.78574,1.78584,1.77219,1.77254,126137.6
2020-10-11,1.77354,1.77558,1.77183,1.77293,5195.59
2020-10-12,1.77294,1.77814,1.77175,1.77674,107797.72
2020-10-13,1.77666,1.77934,1.76389,1.76444,122504.39
2020-10-14,1.76434,1.76666,1.75822,1.76433,137339.99
2020-10-15,1.76444,1.77793,1.76383,1.77414,128726.94
2020-10-16,1.77414,1.77724,1.77143,1.77314,121319.51
2020-10-18,1.77164,1.77464,1.77004,1.77032,4244.78
2020-10-19,1.7703,1.78631,1.76687,1.78502,116694.72
2020-10-20,1.78505,1.80204,1.78473,1.79755,112592.86
2020-10-21,1.79754,1.79814,1.77793,1.78374,137219.97
2020-10-22,1.78365,1.78583,1.76754,1.77052,137709.6
2020-10-23,1.77052,1.77714,1.76622,1.77193,125005.27
2020-10-25,1.77223,1.77387,1.77093,1.77256,8694.12
2020-10-26,1.77264,1.77334,1.76337,1.76885,146372.16
2020-10-27,1.76884,1.76924,1.75593,1.75834,120809.83
2020-10-28,1.75829,1.77027,1.75223,1.76694,159333.7
2020-10-29,1.76683,1.77014,1.75904,1.76164,140146.44
2020-10-30,1.76156,1.76664,1.75282,1.76034,155272.31
2020-11-01,1.76144,1.76541,1.76063,1.76442,5697.78
2020-11-02,1.7644,1.76611,1.75243,1.75513,137267.92
2020-11-03,1.75515,1.7592,1.745,1.74798,131723.91
2020-11-04,1.748,1.76174,1.74397,1.75114,245199.75
2020-11-05,1.75113,1.75654,1.74474,1.74684,163730.19
2020-11-06,1.74684,1.7557,1.74034,1.75242,158705.79
2020-11-08,1.75094,1.75169,1.74863,1.74964,6826.3
2020-11-09,1.74964,1.75047,1.7298,1.73243,236393.07
2020-11-10,1.73241,1.73663,1.72513,1.73093,196506.19
2020-11-11,1.73094,1.73561,1.70652,1.70656,140919.22
2020-11-12,1.70674,1.72844,1.70453,1.72614,136469.33
2020-11-13,1.72614,1.73412,1.72593,1.72784,101175.86
2020-11-15,1.72764,1.72888,1.72302,1.72397,4842.08
2020-11-16,1.72397,1.72574,1.71543,1.71694,125765.96
2020-11-17,1.71694,1.72734,1.71443,1.72153,106315.11
2020-11-18,1.72154,1.72427,1.70868,1.71203,116833.3
2020-11-19,1.71204,1.71874,1.71123,1.71824,124112.96
2020-11-20,1.7183,1.71896,1.7057,1.71006,121206.42
2020-11-22,1.71057,1.71091,1.70751,1.70831,6246.84
2020-11-23,1.70831,1.71234,1.70533,1.70893,128818.8
2020-11-24,1.70894,1.70969,1.69466,1.70472,123182.45
2020-11-25,1.70475,1.70954,1.69823,1.70153,132729.49
2020-11-26,1.70154,1.70484,1.69796,1.70075,77903.61
2020-11-27,1.70076,1.70233,1.69643,1.7022,96477.52
2020-11-29,1.69974,1.70208,1.69903,1.70164,2759.19
2020-11-30,1.70162,1.70564,1.69781,1.70064,147175.42
2020-12-01,1.70063,1.70923,1.69823,1.70744,143161.55
2020-12-02,1.70744,1.71809,1.70403,1.71324,139053.59
2020-12-03,1.71298,1.71785,1.71134,1.71755,119415.56
2020-12-04,1.71761,1.72801,1.71651,1.72023,131431.62
2020-12-06,1.72154,1.72233,1.71993,1.72141,3318.02
2020-12-07,1.72141,1.72578,1.71778,1.72034,137370.89
2020-12-08,1.72033,1.72504,1.71734,1.72003,122698.67
2020-12-09,1.72014,1.72254,1.70942,1.72153,122391.87
2020-12-10,1.72153,1.72244,1.70867,1.71203,144438.09
2020-12-11,1.71204,1.71354,1.70793,1.70793,120004.66
2020-12-13,1.70884,1.7106,1.70783,1.70926,3344.24
2020-12-14,1.70924,1.71593,1.70717,1.71483,111327.49
2020-12-15,1.71475,1.72194,1.71233,1.71484,110484.68
2020-12-16,1.71484,1.72414,1.71023,1.71574,139990.21
2020-12-17,1.71574,1.71674,1.70622,1.71564,115084.99
2020-12-18,1.71561,1.72254,1.71343,1.71574,105619.43
2020-12-20,1.71723,1.71977,1.71432,1.71904,3907.45
2020-12-21,1.71903,1.73453,1.71661,1.72403,196320.48
2020-12-22,1.72404,1.73474,1.72362,1.72733,147056.4
2020-12-23,1.72734,1.73014,1.7153,1.71733,135594.05
2020-12-24,1.71734,1.72124,1.71073,1.71533,81551.37
2020-12-25,1.71481,1.71697,1.71343,1.71369,168.53
2020-12-27,1.71291,1.71566,1.71265,1.71494,3331.11
2020-12-28,1.71484,1.72359,1.71197,1.71934,98056.63
2020-12-29,1.71934,1.72054,1.7091,1.7136,114992.29
2020-12-30,1.71355,1.71434,1.70363,1.70462,114213.49
2020-12-31,1.70463,1.70494,1.69404,1.69959,111337.67
2021-01-03,1.70153,1.70292,1.70036,1.70219,7319.32
2021-01-04,1.70219,1.71274,1.69927,1.70683,181834.03
2021-01-05,1.70674,1.70859,1.69394,1.69521,170827.47
2021-01-06,1.69517,1.69764,1.6863,1.68904,228506.3
2021-01-07,1.68903,1.69694,1.68843,1.68854,168354.36
2021-01-08,1.68854,1.69241,1.68437,1.68794,192436.65
2021-01-10,1.68743,1.69311,1.68743,1.69234,5234.13
2021-01-11,1.69233,1.69818,1.69025,1.69504,154981.83
2021-01-12,1.69513,1.69654,1.6878,1.68894,145314.03
2021-01-13,1.68894,1.69654,1.6872,1.69144,138878.0
2021-01-14,1.69126,1.69274,1.68102,1.68363,132657.44
2021-01-15,1.68364,1.69749,1.68213,1.69302,128424.04
2021-01-17,1.69114,1.69514,1.69063,1.69514,4828.43
2021-01-18,1.69516,1.70065,1.69303,1.69733,110567.76
2021-01-19,1.69734,1.70714,1.69374,1.70259,132374.8
2021-01-20,1.70257,1.70526,1.68385,1.68608,138778.9
2021-01-21,1.68614,1.6911,1.68143,1.68626,145346.1
2021-01-22,1.68622,1.69746,1.68513,1.69414,136541.31
2021-01-24,1.69464,1.69643,1.69337,1.69445,3652.44
2021-01-25,1.69441,1.69526,1.68378,1.68645,152152.01
2021-01-26,1.68651,1.69063,1.67772,1.68024,134194.02
2021-01-27,1.68027,1.69491,1.67577,1.69462,203790.07
2021-01-28,1.69455,1.70431,1.68658,1.68956,187595.07
2021-01-29,1.68955,1.69244,1.68197,1.68884,209653.28
2021-01-31,1.69404,1.69498,1.6903,1.69199,7333.8
2021-02-01,1.69195,1.69222,1.68231,1.68428,169593.24
2021-02-02,1.68426,1.68744,1.67077,1.67325,156341.89
2021-02-03,1.6733,1.67365,1.66693,1.66734,133768.21
2021-02-04,1.66724,1.6736,1.66375,1.67149,124267.85
2021-02-05,1.67145,1.67824,1.66949,1.67178,121550.17
2021-02-07,1.67363,1.67487,1.67043,1.67074,5983.94
2021-02-08,1.67073,1.67549,1.66637,1.66757,110601.14
2021-02-09,1.66757,1.67584,1.66495,1.67314,133715.16
2021-02-10,1.67314,1.68464,1.67299,1.67887,134747.09
2021-02-11,1.67888,1.6819,1.67457,1.67743,93500.82
2021-02-12,1.67744,1.68482,1.67709,1.67782,91396.68
2021-02-14,1.68184,1.68184,1.67847,1.67914,4011.59
2021-02-15,1.67915,1.68045,1.67444,1.67734,75767.72
2021-02-16,1.67733,1.6827,1.67141,1.68155,144283.8
2021-02-17,1.68164,1.68271,1.67274,1.67443,158754.38
2021-02-18,1.6745,1.6801,1.6723,1.67507,153658.78
2021-02-19,1.67507,1.67746,1.65909,1.66049,148610.37
2021-02-21,1.66124,1.66156,1.65749,1.65902,5267.95
2021-02-22,1.65902,1.66214,1.65353,1.6599,158163.75
2021-02-23,1.65988,1.66553,1.65344,1.65574,155110.87
2021-02-24,1.65574,1.66122,1.63216,1.63517,190353.66
2021-02-25,1.63523,1.65324,1.63422,1.65133,234548.8
2021-02-26,1.65134,1.67078,1.64994,1.66854,253700.82
2021-02-28,1.66664,1.66854,1.66143,1.66284,5885.87
2021-03-01,1.66282,1.66634,1.65323,1.65624,177688.66
2021-03-02,1.65624,1.66425,1.65278,1.65707,185884.75
2021-03-03,1.65707,1.66695,1.65509,1.66667,175135.18
2021-03-04,1.66664,1.66815,1.65656,1.66733,239836.41
2021-03-05,1.66735,1.67564,1.6606,1.66182,239782.55
2021-03-07,1.66234,1.66284,1.65863,1.66152,6755.71
2021-03-08,1.66156,1.67024,1.65837,1.66147,196171.78
2021-03-09,1.66147,1.66734,1.65633,1.6571,185787.92
2021-03-10,1.6571,1.66428,1.65551,1.65765,172356.9
2021-03-11,1.65764,1.66094,1.65107,1.65803,166842.29
2021-03-12,1.65814,1.6667,1.65701,1.66484,165694.08
2021-03-14,1.66433,1.66539,1.66247,1.66267,4868.6
2021-03-15,1.66264,1.66274,1.65434,1.65587,142048.65
2021-03-16,1.65587,1.66451,1.65287,1.65457,135518.98
2021-03-17,1.65453,1.66436,1.64875,1.65216,146073.54
2021-03-18,1.65213,1.66366,1.64843,1.66283,190680.55
2021-03-19,1.66286,1.66453,1.65878,1.66036,151231.72
2021-03-21,1.66212,1.66294,1.65876,1.66151,4001.36
2021-03-22,1.66154,1.67468,1.65948,1.673,115599.99
2021-03-23,1.67305,1.69482,1.67304,1.69307,134876.55
2021-03-24,1.69307,1.69896,1.69115,1.695,117407.54
2021-03-25,1.69502,1.69682,1.68952,1.69051,128907.11
2021-03-26,1.69047,1.69171,1.68383,1.68422,105246.17
2021-03-28,1.68518,1.68645,1.68344,1.68544,2996.92
2021-03-29,1.68543,1.68918,1.67855,1.67896,103189.73
2021-03-30,1.67897,1.68175,1.67333,1.67654,100852.43
2021-03-31,1.67651,1.68088,1.67163,1.6793,99284.52
2021-04-01,1.67931,1.68658,1.67479,1.67695,98315.93
2021-04-02,1.67693,1.67745,1.66879,1.66981,43891.76
2021-04-04,1.67168,1.67559,1.67094,1.67376,4711.5
2021-04-05,1.67379,1.67504,1.66666,1.67228,61131.1
2021-04-06,1.67228,1.68465,1.67162,1.68104,103038.29
2021-04-07,1.6811,1.69546,1.68014,1.69286,111111.23
2021-04-08,1.69286,1.69367,1.68438,1.68744,114615.92
2021-04-09,1.68744,1.69545,1.68491,1.69234,122078.5
2021-04-11,1.68969,1.69239,1.68969,1.69042,4377.38
2021-04-12,1.69041,1.69527,1.688,1.69398,121311.36
2021-04-13,1.69395,1.69837,1.68986,1.69301,136890.46
2021-04-14,1.69302,1.69623,1.67462,1.67842,132335.56
2021-04-15,1.67842,1.67863,1.66584,1.66813,122164.18
2021-04-16,1.66812,1.67964,1.66748,1.67605,114348.72
2021-04-18,1.67927,1.67951,1.67631,1.67948,3941.18
2021-04-19,1.67948,1.67966,1.67083,1.6749,135290.64
2021-04-20,1.67491,1.67963,1.66973,1.6793,144036.35
2021-04-21,1.67933,1.67945,1.66675,1.67099,123347.0
2021-04-22,1.67098,1.68105,1.66934,1.67929,147644.16
2021-04-23,1.67928,1.68193,1.67439,1.68006,108622.79
2021-04-25,1.68047,1.68155,1.67868,1.68104,3184.09
2021-04-26,1.68105,1.68124,1.6685,1.67078,122232.09
2021-04-27,1.67079,1.67871,1.66958,1.6782,115940.83
2021-04-28,1.67818,1.68031,1.66713,1.66923,150021.47
2021-04-29,1.66923,1.67681,1.667,1.67303,147729.95
2021-04-30,1.67299,1.6805,1.67027,1.67803,133154.91
2021-05-02,1.67708,1.6786,1.67318,1.67753,2898.61
2021-05-03,1.6775,1.68314,1.67141,1.67546,111823.47
2021-05-04,1.67551,1.68866,1.67403,1.67745,154369.73
2021-05-05,1.67748,1.67863,1.66208,1.66333,130167.15
2021-05-06,1.66333,1.67538,1.66094,1.66816,145202.37
2021-05-07,1.66816,1.67542,1.66559,1.66966,159972.87
2021-05-09,1.66799,1.67099,1.66792,1.66827,4198.5
2021-05-10,1.66829,1.6714,1.666,1.66967,143252.27
2021-05-11,1.66963,1.67569,1.66769,1.67215,167224.95
2021-05-12,1.67215,1.68842,1.67119,1.68588,194923.08
2021-05-13,1.68586,1.69131,1.67896,1.6816,185202.73
2021-05-14,1.6816,1.68648,1.67353,1.67389,148470.73
2021-05-16,1.67373,1.6775,1.67309,1.67731,2573.05
2021-05-17,1.67728,1.69072,1.6768,1.68394,131118.97
2021-05-18,1.68394,1.68877,1.67925,1.68872,135241.96
2021-05-19,1.68871,1.7036,1.68766,1.69931,183612.14
2021-05-20,1.69925,1.70077,1.69246,1.69871,130379.8
2021-05-21,1.69872,1.70358,1.69024,1.69813,150670.78
2021-05-23,1.69622,1.69951,1.69622,1.69839,3680.08
2021-05-24,1.69845,1.70283,1.69049,1.69306,140473.65
2021-05-25,1.69306,1.6968,1.69043,1.69523,154282.33
2021-05-26,1.69523,1.69539,1.67135,1.67524,156615.41
2021-05-27,1.67521,1.6768,1.66844,1.67395,144886.0
2021-05-28,1.674,1.68406,1.6728,1.68093,152132.37
2021-05-30,1.67839,1.6834,1.67839,1.68306,1777.39
2021-05-31,1.68307,1.68489,1.67785,1.68102,91596.76
2021-06-01,1.68102,1.6899,1.67825,1.68448,128764.65
2021-06-02,1.68447,1.68993,1.68103,1.68798,141302.45
2021-06-03,1.68799,1.70096,1.68627,1.69727,159734.46
2021-06-04,1.69727,1.69882,1.68606,1.6861,141847.41
2021-06-06,1.68545,1.6879,1.685,1.6876,3895.53
2021-06-07,1.68757,1.68885,1.68131,1.68719,100560.41
2021-06-08,1.6872,1.69485,1.68523,1.69301,119045.86
2021-06-09,1.69302,1.6993,1.68992,1.69803,97652.38
2021-06-10,1.69805,1.6989,1.6891,1.69304,144753.59
2021-06-11,1.693,1.70051,1.68885,1.6981,118083.55
2021-06-13,1.6956,1.69787,1.69522,1.69634,3467.0
2021-06-14,1.69631,1.6987,1.69291,1.69687,108809.89
2021-06-15,1.69682,1.70573,1.69356,1.70237,127621.13
2021-06-16,1.70232,1.70427,1.69466,1.69631,164389.03
2021-06-17,1.6963,1.70396,1.68909,1.69826,192661.02
2021-06-18,1.69824,1.71224,1.69762,1.71049,181037.52
2021-06-20,1.70572,1.71021,1.70572,1.70829,5127.91
2021-06-21,1.7083,1.70908,1.70171,1.70513,165499.3
2021-06-22,1.70516,1.70838,1.69718,1.70103,141100.57
2021-06-23,1.70108,1.70431,1.69032,1.69324,125578.39
2021-06-24,1.69325,1.69336,1.68706,1.68887,125287.07
2021-06-25,1.68887,1.69028,1.68558,1.68754,109020.48
2021-06-27,1.68567,1.69016,1.68451,1.68916,3362.43
2021-06-28,1.68916,1.69418,1.6846,1.69219,120174.79
2021-06-29,1.69223,1.70315,1.69097,1.70255,131317.93
2021-06-30,1.70252,1.70429,1.69396,1.69449,137996.82
2021-07-01,1.69449,1.70113,1.69293,1.70111,138851.96
2021-07-02,1.70111,1.70176,1.68601,1.68613,130475.69
2021-07-04,1.68641,1.68798,1.68554,1.68755,3274.93
2021-07-05,1.68755,1.69177,1.67735,1.6822,95416.75
2021-07-06,1.68219,1.69143,1.66932,1.68472,152183.44
2021-07-07,1.68473,1.6876,1.67532,1.68159,141428.58
2021-07-08,1.68159,1.70874,1.68137,1.70481,220382.28
2021-07-09,1.70482,1.70979,1.69562,1.69629,156818.73
2021-07-11,1.69301,1.69713,1.69266,1.69469,4373.83
2021-07-12,1.69474,1.70566,1.6946,1.69801,115389.64
2021-07-13,1.69801,1.7054,1.69302,1.69573,139593.2
2021-07-14,1.69578,1.69658,1.67742,1.68127,151469.27
2021-07-15,1.68127,1.69437,1.67833,1.68457,149676.6
2021-07-16,1.68458,1.68869,1.68088,1.68556,129507.16
2021-07-18,1.68509,1.68925,1.68508,1.68875,3616.54
2021-07-19,1.68877,1.70558,1.68625,1.70189,175688.19
2021-07-20,1.70191,1.70965,1.69691,1.70167,156947.61
2021-07-21,1.70163,1.70561,1.69017,1.69431,134998.5
2021-07-22,1.69433,1.69859,1.6848,1.68643,140339.63
2021-07-23,1.68646,1.69108,1.68363,1.6861,102832.25
2021-07-25,1.68477,1.68786,1.68437,1.68585,3054.95
2021-07-26,1.68589,1.69416,1.68418,1.68609,122590.64
2021-07-27,1.68611,1.7022,1.68579,1.69751,143159.11
2021-07-28,1.69752,1.70632,1.69556,1.70189,160490.65
2021-07-29,1.70188,1.70474,1.69322,1.69601,121745.35
2021-07-30,1.696,1.70376,1.69464,1.70113,133864.01
2021-08-01,1.70141,1.70327,1.70071,1.7014,3904.7
2021-08-02,1.7014,1.7056,1.69861,1.69945,128417.84
2021-08-03,1.69947,1.69967,1.68307,1.6846,132052.03
2021-08-04,1.68461,1.6859,1.6746,1.68052,127377.0
2021-08-05,1.68051,1.68104,1.67355,1.67891,118701.04
2021-08-06,1.6789,1.67952,1.67124,1.67637,114817.74
2021-08-08,1.67585,1.68251,1.67585,1.68016,9620.07
2021-08-09,1.68016,1.68134,1.67402,1.67843,111762.78
2021-08-10,1.67842,1.6839,1.66969,1.67278,102358.26
2021-08-11,1.67271,1.67452,1.66366,1.66751,107681.82
2021-08-12,1.66753,1.67684,1.66621,1.67534,93880.34
2021-08-13,1.67537,1.67939,1.67402,1.67434,81600.92
2021-08-15,1.67349,1.67562,1.67215,1.67548,3718.38
2021-08-16,1.67547,1.67948,1.67421,1.67574,93511.5
2021-08-17,1.67573,1.70319,1.67527,1.69025,134842.62
2021-08-18,1.69024,1.7049,1.68596,1.70244,133908.97
2021-08-19,1.70243,1.71589,1.70097,1.71212,155774.5
2021-08-20,1.7121,1.71627,1.70655,1.71038,108270.93
2021-08-22,1.71298,1.71326,1.70878,1.71244,3062.09
2021-08-23,1.71245,1.71412,1.70121,1.70362,116806.67
2021-08-24,1.70364,1.70625,1.68808,1.69397,106256.96
2021-08-25,1.69398,1.694,1.68445,1.6884,104772.33
2021-08-26,1.68837,1.69292,1.68645,1.69239,112128.03
2021-08-27,1.69242,1.69501,1.68039,1.68084,111488.32
2021-08-29,1.68267,1.68399,1.68143,1.68247,3281.13
2021-08-30,1.68254,1.68798,1.68202,1.68574,75067.1
2021-08-31,1.68574,1.68583,1.67304,1.67474,128780.31
2021-09-01,1.67475,1.67888,1.67057,1.67585,119332.92
2021-09-02,1.67584,1.67739,1.66679,1.67026,105267.82
2021-09-03,1.67023,1.67143,1.65819,1.65954,117790.43
2021-09-05,1.65809,1.6622,1.65798,1.66218,5341.83
2021-09-06,1.66219,1.66438,1.65974,1.66378,89317.67
2021-09-07,1.66376,1.67043,1.66067,1.66866,133604.56
2021-09-08,1.66861,1.67014,1.66089,1.66506,143064.33
2021-09-09,1.66507,1.66789,1.65693,1.66415,162270.1
2021-09-10,1.66415,1.66708,1.65315,1.65973,142977.41
2021-09-12,1.65727,1.66042,1.65726,1.65979,3345.75
2021-09-13,1.65977,1.66268,1.65414,1.66,135046.05
2021-09-14,1.66002,1.66689,1.6557,1.66354,149307.09
2021-09-15,1.66355,1.66861,1.65513,1.6572,122368.02
2021-09-16,1.65728,1.66614,1.65401,1.66393,131779.76
2021-09-17,1.66392,1.67051,1.66208,1.66496,129770.77
2021-09-19,1.66659,1.66896,1.66457,1.66765,3166.26
2021-09-20,1.66761,1.67359,1.66378,1.67105,150492.4
2021-09-21,1.67105,1.67616,1.66282,1.67526,140789.33
2021-09-22,1.67527,1.6759,1.66504,1.67178,158876.94
2021-09-23,1.67178,1.67511,1.65525,1.66166,143849.21
2021-09-24,1.66166,1.67316,1.65865,1.67033,127049.75
2021-09-26,1.66896,1.67177,1.66873,1.67072,3536.61
2021-09-27,1.67073,1.67243,1.66537,1.66898,144303.48
2021-09-28,1.66902,1.68152,1.66485,1.67902,173457.41
2021-09-29,1.67906,1.69134,1.67742,1.68814,181965.02
2021-09-30,1.68812,1.6893,1.67406,1.67814,183752.03
2021-10-01,1.67816,1.68347,1.66849,1.66913,184504.66
2021-10-03,1.67035,1.67231,1.66736,1.67202,5250.39
2021-10-04,1.67201,1.67402,1.66625,1.66848,154148.34
2021-10-05,1.66848,1.67329,1.6629,1.6669,139729.96
2021-10-06,1.66691,1.67891,1.66109,1.67052,180272.25
2021-10-07,1.6705,1.67207,1.66407,1.66606,127526.07
2021-10-08,1.66607,1.67112,1.66269,1.6695,135158.96
2021-10-10,1.67135,1.67266,1.66963,1.67091,4965.11
2021-10-11,1.67091,1.67122,1.66197,1.66398,116738.86
2021-10-12,1.664,1.66833,1.65747,1.66528,137427.44
2021-10-13,1.66526,1.66949,1.66039,1.66329,153763.27
2021-10-14,1.66328,1.66359,1.64594,1.64741,122506.78
2021-10-15,1.6474,1.64853,1.63863,1.63882,130163.6
2021-10-17,1.63788,1.63957,1.63305,1.63694,9079.55
2021-10-18,1.63686,1.64463,1.6355,1.63764,127217.74
2021-10-19,1.63767,1.63854,1.62284,1.6255,139261.43
2021-10-20,1.6255,1.62631,1.6155,1.61872,148432.44
2021-10-21,1.61873,1.62801,1.616,1.62459,141079.61
2021-10-22,1.62458,1.63053,1.61934,1.62677,140082.08
2021-10-24,1.62632,1.62822,1.62597,1.62778,3481.44
2021-10-25,1.62781,1.6301,1.61832,1.62,129697.91
2021-10-26,1.61995,1.62145,1.61532,1.61782,127587.14
2021-10-27,1.61782,1.62573,1.61419,1.61913,162827.15
2021-10-28,1.61914,1.625,1.61288,1.62366,184098.35
2021-10-29,1.62369,1.62846,1.61143,1.61144,179627.97
2021-10-31,1.61338,1.61438,1.6103,1.61031,4972.2
2021-11-01,1.61031,1.61588,1.60801,1.61572,131741.76
2021-11-02,1.61571,1.63204,1.61394,1.62492,147445.6
2021-11-03,1.62493,1.62792,1.61794,1.61859,160996.48
2021-11-04,1.6186,1.62706,1.61773,1.62539,156677.32
2021-11-05,1.62541,1.63251,1.62157,1.62337,146738.65
2021-11-07,1.6237,1.6273,1.6204,1.62726,5910.36
2021-11-08,1.62727,1.62791,1.6125,1.61781,113493.73
2021-11-09,1.61781,1.62828,1.61669,1.6274,139205.6
2021-11-10,1.62735,1.63106,1.62312,1.62517,169059.76
2021-11-11,1.62521,1.63513,1.62404,1.63053,125997.91
2021-11-12,1.63054,1.63465,1.62376,1.62433,125767.5
2021-11-14,1.62477,1.62643,1.62223,1.62448,2984.56
2021-11-15,1.62449,1.62712,1.61109,1.61383,120691.9
2021-11-16,1.61382,1.62201,1.61127,1.61904,154537.46
2021-11-17,1.61907,1.62049,1.61184,1.61601,166194.08
2021-11-18,1.61597,1.61901,1.60626,1.61424,154321.14
2021-11-19,1.6143,1.61621,1.6084,1.6115,183325.13
2021-11-21,1.61067,1.6142,1.60961,1.6129,3548.45
2021-11-22,1.61287,1.61765,1.60678,1.61765,170219.92
2021-11-23,1.61765,1.62605,1.61522,1.61726,178241.81
2021-11-24,1.61725,1.63245,1.61629,1.62947,176078.08
2021-11-25,1.62948,1.63954,1.62613,1.63765,94066.11
2021-11-26,1.63765,1.66223,1.63601,1.65995,240261.96
2021-11-28,1.65489,1.65931,1.65224,1.65438,7936.05
2021-11-29,1.65436,1.65919,1.64773,1.65317,174746.1
2021-11-30,1.65322,1.66894,1.65249,1.66007,253918.73
2021-12-01,1.6601,1.66269,1.65112,1.66113,216062.97
2021-12-02,1.6611,1.66791,1.65518,1.65959,193387.35
2021-12-03,1.65959,1.67732,1.65959,1.6751,197084.09
2021-12-05,1.67122,1.67477,1.67042,1.67284,4172.63
2021-12-06,1.67284,1.67652,1.6683,1.67168,147163.57
2021-12-07,1.67169,1.67451,1.65675,1.6609,137945.63
2021-12-08,1.66104,1.66825,1.66021,1.66617,171326.9
2021-12-09,1.66617,1.66752,1.65892,1.66195,130513.1
2021-12-10,1.66198,1.66677,1.65948,1.66397,124742.18
2021-12-12,1.66106,1.66519,1.66004,1.66429,2784.09
2021-12-13,1.66428,1.67261,1.66131,1.6711,123676.67
2021-12-14,1.67117,1.67604,1.66745,1.67131,156489.78
2021-12-15,1.67131,1.67489,1.66239,1.6657,201750.07
2021-12-16,1.66569,1.67003,1.65487,1.66751,191354.01
2021-12-17,1.66761,1.67538,1.66549,1.66706,172536.83
2021-12-19,1.66495,1.67091,1.66442,1.67022,4638.16
2021-12-20,1.6702,1.68277,1.66744,1.6799,179979.06
2021-12-21,1.6799,1.68177,1.66464,1.66821,166654.0
2021-12-22,1.66824,1.67222,1.66034,1.66441,156357.36
2021-12-23,1.66441,1.66848,1.65522,1.65983,133730.25
2021-12-24,1.65983,1.66349,1.65144,1.65806,205652.35
2021-12-26,1.65994,1.66184,1.65783,1.66154,2323.54
2021-12-27,1.66155,1.66609,1.65828,1.6621,87318.58
2021-12-28,1.66209,1.66489,1.65833,1.66231,110762.38
2021-12-29,1.66236,1.66472,1.65846,1.66093,141950.93
2021-12-30,1.66093,1.66097,1.6527,1.6577,129342.74
2021-12-31,1.6577,1.66432,1.65411,1.66094,114163.8
2022-01-02,1.66073,1.66262,1.66043,1.66262,2535.08
2022-01-03,1.66261,1.66892,1.65616,1.66461,117157.41
2022-01-04,1.66463,1.66694,1.65482,1.65599,163599.1
2022-01-05,1.65599,1.6657,1.65398,1.66498,184522.2
2022-01-06,1.665,1.67954,1.66484,1.67569,159509.47
2022-01-07,1.67569,1.67993,1.67208,1.67554,127224.99
2022-01-09,1.67469,1.67782,1.67342,1.67551,4817.11
2022-01-10,1.67551,1.67998,1.67048,1.67437,145507.92
2022-01-11,1.67437,1.67928,1.67208,1.67543,139492.18
2022-01-12,1.67543,1.67768,1.66846,1.6708,164310.88
2022-01-13,1.67085,1.67157,1.66455,1.6696,143784.23
2022-01-14,1.66958,1.67869,1.66841,1.67563,169886.02
2022-01-16,1.67462,1.6771,1.67459,1.67617,3304.15
2022-01-17,1.67616,1.68002,1.67478,1.67875,107217.18
2022-01-18,1.67874,1.68411,1.66974,1.67301,179016.94
2022-01-19,1.67302,1.674,1.66559,1.67292,170410.65
2022-01-20,1.67293,1.6796,1.66724,1.67582,165271.17
2022-01-21,1.67583,1.69062,1.67537,1.68828,184834.05
2022-01-23,1.68625,1.68983,1.68569,1.68706,5501.4
2022-01-24,1.68705,1.69872,1.68445,1.68896,233830.39
2022-01-25,1.68893,1.69597,1.68624,1.68929,223082.42
2022-01-26,1.68929,1.69304,1.68414,1.68751,250169.05
2022-01-27,1.6875,1.70063,1.68397,1.69258,245887.91
2022-01-28,1.69261,1.70641,1.69231,1.70234,246043.94
2022-01-30,1.70016,1.70345,1.68989,1.7021,4485.91
2022-01-31,1.70211,1.70916,1.69612,1.70707,208554.09
2022-02-01,1.7072,1.70944,1.6941,1.69851,211124.28
2022-02-02,1.6985,1.70948,1.69489,1.70891,176542.32
2022-02-03,1.70881,1.71799,1.69746,1.71545,237877.78
2022-02-04,1.71546,1.73575,1.71369,1.72993,237786.79
2022-02-06,1.73087,1.73192,1.72845,1.73033,2768.66
2022-02-07,1.73032,1.73389,1.72139,1.72347,156568.37
2022-02-08,1.72349,1.72431,1.71487,1.71742,182482.7
2022-02-09,1.71742,1.7196,1.70735,1.70985,169440.22
2022-02-10,1.70985,1.71617,1.70308,1.71172,266917.85
2022-02-11,1.71172,1.71652,1.70208,1.70673,294880.71
2022-02-13,1.70577,1.7105,1.70495,1.70972,10513.89
2022-02-14,1.70971,1.71536,1.7046,1.70833,222332.87
2022-02-15,1.70833,1.71552,1.70506,1.71011,202869.63
2022-02-16,1.7101,1.71354,1.69914,1.70233,182365.67
2022-02-17,1.70233,1.7025,1.69186,1.69858,226228.3
2022-02-18,1.69856,1.69874,1.68873,1.69054,177710.68
2022-02-20,1.69077,1.6922,1.68983,1.69153,8634.96
2022-02-21,1.69163,1.69414,1.68345,1.68892,164638.36
2022-02-22,1.68895,1.68962,1.67906,1.68039,259394.81
2022-02-23,1.68037,1.68263,1.66606,1.66968,197494.6
2022-02-24,1.66969,1.67845,1.66573,1.67297,409299.16
2022-02-25,1.67304,1.67494,1.66365,1.67038,277892.26
2022-02-27,1.66301,1.67179,1.66191,1.67039,18737.2
2022-02-28,1.67042,1.6731,1.6543,1.65721,217906.74
2022-03-01,1.65722,1.65872,1.64163,1.64495,255326.43
2022-03-02,1.64496,1.64584,1.63543,1.63806,303758.47
2022-03-03,1.63802,1.64094,1.6249,1.62496,209521.54
2022-03-04,1.62497,1.62711,1.58862,1.59217,286224.52
2022-03-06,1.59389,1.5944,1.5811,1.58164,14181.35
2022-03-07,1.58171,1.596,1.56401,1.58914,257063.8
2022-03-08,1.5892,1.60608,1.58568,1.60155,348102.9
2022-03-09,1.60167,1.62082,1.59925,1.6193,273948.95
2022-03-10,1.61931,1.62209,1.59817,1.60204,255919.42
2022-03-11,1.60202,1.61112,1.5992,1.60266,241024.19
2022-03-13,1.60237,1.60637,1.60165,1.60451,8752.15
2022-03-14,1.60457,1.62474,1.60313,1.62141,203694.34
2022-03-15,1.6214,1.63295,1.61373,1.62214,263271.55
2022-03-16,1.62223,1.62527,1.61085,1.61344,294837.17
2022-03-17,1.61347,1.6165,1.61001,1.61031,192027.25
2022-03-18,1.61034,1.61256,1.59843,1.59843,215110.05
2022-03-20,1.6001,1.60214,1.59918,1.60062,6648.67
2022-03-21,1.60065,1.60572,1.59586,1.60136,183805.0
2022-03-22,1.60138,1.60183,1.5816,1.58368,208073.87
2022-03-23,1.58371,1.58777,1.57541,1.57773,181805.36
2022-03-24,1.57772,1.58404,1.57706,1.5806,197485.02
2022-03-25,1.58061,1.58601,1.5765,1.57698,179373.39
2022-03-27,1.5804,1.58041,1.57613,1.57834,6406.26
2022-03-28,1.57833,1.59408,1.57493,1.59156,236430.07
2022-03-29,1.59157,1.61524,1.5908,1.59734,289272.93
2022-03-30,1.59741,1.60194,1.59293,1.60114,258884.88
2022-03-31,1.60112,1.60815,1.59467,1.59731,241341.66
2022-04-01,1.5973,1.6018,1.59015,1.59518,218157.48
2022-04-03,1.59345,1.59912,1.59271,1.59912,4174.08
2022-04-04,1.59907,1.59942,1.57551,1.57991,183654.07
2022-04-05,1.5799,1.58037,1.55921,1.56966,210461.99
2022-04-06,1.56969,1.57815,1.56353,1.57679,228531.9
2022-04-07,1.5767,1.58612,1.57506,1.57796,188753.26
2022-04-08,1.57797,1.59073,1.57567,1.58722,176141.31
2022-04-10,1.59054,1.59289,1.5901,1.59283,8506.75
2022-04-11,1.5928,1.59767,1.59029,1.59521,213591.8
2022-04-12,1.5952,1.59704,1.57541,1.57899,275986.45
2022-04-13,1.57912,1.60464,1.56947,1.60214,255858.45
2022-04-14,1.60214,1.60214,1.5847,1.59458,247826.12
2022-04-15,1.59432,1.59879,1.59047,1.59861,159214.94
2022-04-17,1.59378,1.59978,1.59375,1.59938,9445.0
2022-04-18,1.59939,1.60575,1.59902,1.60048,150599.14
2022-04-19,1.60049,1.60506,1.59724,1.59995,219386.65
2022-04-20,1.59999,1.60356,1.59186,1.59954,218097.58
2022-04-21,1.59953,1.61182,1.59526,1.61178,217421.52
2022-04-22,1.61172,1.62805,1.6112,1.62634,231882.1
2022-04-24,1.62897,1.63201,1.62512,1.63201,10060.73
2022-04-25,1.63205,1.63562,1.61646,1.61883,310137.23
2022-04-26,1.61883,1.62112,1.60906,1.61862,247741.54
2022-04-27,1.61862,1.62266,1.60789,1.61368,288354.25
2022-04-28,1.61368,1.62726,1.61225,1.61734,287183.31
2022-04-29,1.61734,1.63555,1.61106,1.63234,280529.87
2022-05-01,1.63081,1.6324,1.62768,1.63205,13042.13
2022-05-02,1.632,1.64025,1.62895,1.63104,211148.66
2022-05-03,1.63104,1.6402,1.62459,1.63613,244394.88
2022-05-04,1.63611,1.63928,1.61779,1.62158,285945.52
2022-05-05,1.6216,1.6438,1.61789,1.63902,339458.76
2022-05-06,1.63901,1.64973,1.63727,1.64485,374087.44
2022-05-08,1.64476,1.64877,1.64246,1.64864,11661.36
2022-05-09,1.64865,1.67198,1.64811,1.67138,326425.18
2022-05-10,1.67139,1.67998,1.66641,1.67439,353268.83
2022-05-11,1.67435,1.67582,1.65657,1.67261,336186.76
2022-05-12,1.67261,1.68403,1.65835,1.66185,378797.66
2022-05-13,1.66185,1.66646,1.65426,1.65505,260441.29
2022-05-15,1.65558,1.65603,1.65289,1.65289,10569.33
2022-05-16,1.65289,1.66814,1.65051,1.65388,233523.19
2022-05-17,1.65389,1.66214,1.64567,1.65857,255406.68
2022-05-18,1.65864,1.66426,1.65233,1.66422,226111.94
2022-05-19,1.66425,1.66659,1.64687,1.65775,303143.24
2022-05-20,1.65775,1.65964,1.64642,1.64706,246473.61
2022-05-22,1.64765,1.64875,1.64519,1.64595,9168.79
2022-05-23,1.64594,1.65748,1.63657,1.65739,233666.15
2022-05-24,1.65742,1.66938,1.65475,1.66457,231683.29
2022-05-25,1.66456,1.6674,1.64182,1.64906,247248.7
2022-05-26,1.64909,1.66101,1.64641,1.65581,202959.18
2022-05-27,1.65583,1.65825,1.63811,1.64147,182169.54
2022-05-29,1.64147,1.64452,1.64028,1.64219,5270.21
2022-05-30,1.64219,1.64728,1.63916,1.6429,137376.57
2022-05-31,1.64292,1.64959,1.64007,1.64643,241739.17
2022-06-01,1.64642,1.6531,1.63969,1.64372,220256.73
2022-06-02,1.64375,1.64881,1.63698,1.63883,180689.67
2022-06-03,1.63886,1.64802,1.63632,1.64614,170718.06
2022-06-05,1.64633,1.64824,1.64569,1.64824,5784.51
2022-06-06,1.64823,1.65025,1.63997,1.64858,172521.8
2022-06-07,1.64865,1.65852,1.64678,1.6505,239658.35
2022-06-08,1.65052,1.66514,1.64887,1.66327,222953.16
2022-06-09,1.6633,1.67346,1.65834,1.66297,107820.72
2022-06-10,1.66299,1.66379,1.64696,1.65363,108367.59
2022-06-12,1.65563,1.6587,1.65405,1.6554,7185.08
2022-06-13,1.65546,1.66645,1.65142,1.66011,119532.0
2022-06-14,1.6601,1.67903,1.65844,1.67653,131369.6
2022-06-15,1.67651,1.68522,1.65576,1.66206,156128.8701
2022-06-16,1.66219,1.66769,1.65455,1.65844,143466.43
2022-06-17,1.65844,1.66769,1.65784,1.66124,114691.5241
2022-06-19,1.66151,1.66188,1.65736,1.65844,3256.4318
2022-06-20,1.65839,1.66447,1.65388,1.66,77978.2364
2022-06-21,1.65998,1.66955,1.65873,1.66795,92583.975
2022-06-22,1.66795,1.68517,1.66696,1.68467,135767.73
2022-06-23,1.68469,1.68899,1.67066,1.67363,114447.66
2022-06-24,1.67362,1.67593,1.66767,1.67054,86788.99
2022-06-26,1.67117,1.67375,1.66778,1.67335,4428.92
2022-06-27,1.67341,1.68202,1.67084,1.68115,89696.72
2022-06-28,1.68112,1.68741,1.6771,1.68719,89361.19
2022-06-29,1.68719,1.69305,1.67634,1.67842,106068.78
2022-06-30,1.67844,1.68458,1.66641,1.67926,113151.26
2022-07-01,1.67928,1.69667,1.67621,1.67893,115009.88
2022-07-03,1.67948,1.68074,1.67673,1.68074,3553.16
2022-07-04,1.68075,1.68339,1.6708,1.67865,65891.7
2022-07-05,1.67871,1.68314,1.66151,1.66324,105847.78
2022-07-06,1.66328,1.66626,1.64598,1.65607,115023.3
2022-07-07,1.65603,1.65735,1.64296,1.64564,101612.565
2022-07-08,1.64566,1.65111,1.6395,1.64488,101254.53
2022-07-10,1.64496,1.64619,1.64243,1.64375,4189.42
2022-07-11,1.64376,1.64943,1.63953,1.64156,99195.63
2022-07-12,1.64154,1.64386,1.6349,1.63829,115055.565
2022-07-13,1.63834,1.64723,1.63301,1.64254,134263.635
2022-07-14,1.64256,1.64709,1.63167,1.63519,140692.42
2022-07-15,1.63522,1.63917,1.63171,1.63638,105242.74
2022-07-17,1.6383,1.63917,1.63053,1.63125,4440.6292
2022-07-18,1.63127,1.65003,1.63012,1.64896,100598.35
2022-07-19,1.64899,1.64944,1.63985,1.6412,115630.29
2022-07-20,1.64122,1.64269,1.62982,1.63614,113842.13
2022-07-21,1.63609,1.6548,1.63358,1.63678,137347.66
2022-07-22,1.63681,1.63907,1.62246,1.63284,116464.99
2022-07-24,1.62996,1.63769,1.62961,1.63623,3896.52
2022-07-25,1.63622,1.63935,1.62968,1.63353,100708.7
2022-07-26,1.63354,1.63556,1.62137,1.62304,95316.76
2022-07-27,1.6231,1.63386,1.62265,1.63032,110407.875
2022-07-28,1.63033,1.63132,1.61322,1.61917,129977.42
2022-07-29,1.61919,1.63272,1.61668,1.6247,114666.97
2022-07-31,1.62518,1.62663,1.62259,1.62617,5298.98
2022-08-01,1.62619,1.62754,1.61399,1.62047,145271.5888
2022-08-02,1.62048,1.63311,1.62018,1.63255,173642.74
2022-08-03,1.63262,1.63391,1.61882,1.62048,145247.74
2022-08-04,1.62049,1.62788,1.61217,1.62725,123755.1
2022-08-05,1.62725,1.63336,1.6217,1.63014,123340.16
2022-08-07,1.62943,1.63164,1.62873,1.63008,2016.765
2022-08-08,1.63006,1.63234,1.61792,1.62118,44392.2564
2022-08-09,1.62115,1.63046,1.62099,1.62397,45378.104
2022-08-10,1.62397,1.62702,1.60402,1.6077,75381.795
2022-08-11,1.60772,1.61079,1.5999,1.60421,61234.895
2022-08-12,1.60416,1.60438,1.58681,1.58831,52658.36
2022-08-14,1.5881,1.59131,1.5881,1.59,2318.39
2022-08-15,1.58999,1.60453,1.58994,1.59725,49046.11
2022-08-16,1.59721,1.60725,1.59602,1.60344,54235.6
2022-08-17,1.60346,1.62395,1.59448,1.62147,80468.4394
2022-08-18,1.62148,1.62534,1.60964,1.61598,58269.04
2022-08-19,1.61596,1.62743,1.61394,1.62551,56160.45
2022-08-21,1.62219,1.62667,1.62218,1.62532,2440.65
2022-08-22,1.62529,1.62546,1.60724,1.60893,55242.83
2022-08-23,1.60891,1.61072,1.60145,1.60573,75779.932
2022-08-24,1.60574,1.61324,1.60286,1.61277,68144.5
2022-08-25,1.61275,1.61344,1.59907,1.60402,63414.03
2022-08-26,1.60402,1.62542,1.60357,1.62357,69794.36
2022-08-28,1.62658,1.6267,1.62324,1.62651,7758.995
2022-08-29,1.62649,1.63426,1.61908,1.62562,64088.125
2022-08-30,1.62561,1.63522,1.61845,1.63518,82222.465
2022-08-31,1.63527,1.64385,1.62775,1.64254,82223.59
2022-09-01,1.64252,1.64762,1.6332,1.63558,67502.93
2022-09-02,1.63559,1.6467,1.62717,1.62763,64572.99
2022-09-04,1.63067,1.63195,1.62568,1.62833,3714.08
2022-09-05,1.62836,1.63122,1.62317,1.62991,47888.925
2022-09-06,1.62993,1.64133,1.62525,1.64051,70165.605
2022-09-07,1.64053,1.65,1.63984,1.64887,60778.555
2022-09-08,1.64891,1.65741,1.64406,1.64895,70629.52
2022-09-09,1.64893,1.65281,1.64115,1.64466,58245.53
2022-09-11,1.65791,1.65814,1.64546,1.64743,2857.287
2022-09-12,1.64742,1.65838,1.6447,1.64804,62732.738
2022-09-13,1.64804,1.66653,1.6477,1.66237,64100.1736
2022-09-14,1.66238,1.67041,1.65659,1.65867,72167.02
2022-09-15,1.65869,1.67733,1.65719,1.67667,51579.8
2022-09-16,1.6767,1.67847,1.66966,1.6707,51470.64
2022-09-18,1.66957,1.67372,1.66944,1.67176,2994.784
2022-09-19,1.67171,1.6856,1.67032,1.68149,46747.405
2022-09-20,1.68158,1.69551,1.68076,1.68893,61336.29
2022-09-21,1.68899,1.69295,1.67483,1.68627,66171.04
2022-09-22,1.68627,1.69236,1.67948,1.68285,83778.9106
2022-09-23,1.68291,1.6905,1.67793,1.68623,68938.1
2022-09-25,1.68209,1.68839,1.6811,1.68717,8442.215
2022-09-26,1.68711,1.70781,1.67647,1.69804,108547.15
2022-09-27,1.69805,1.70535,1.68564,1.70402,86647.51
2022-09-28,1.70401,1.71616,1.69307,1.69779,103612.79
2022-09-29,1.69779,1.72021,1.69722,1.7119,84710.815
2022-09-30,1.7119,1.75313,1.71103,1.75181,92453.63
2022-10-02,1.7481,1.7489,1.74174,1.74263,8681.37
2022-10-03,1.74262,1.74449,1.71311,1.71888,89756.99
2022-10-04,1.7189,1.74568,1.71371,1.74016,85879.555
2022-10-05,1.74015,1.74343,1.71281,1.71604,92478.05
2022-10-06,1.71564,1.73664,1.707,1.72915,92670.8798
2022-10-07,1.72924,1.73943,1.7258,1.7363,90296.18
2022-10-09,1.73702,1.7394,1.73585,1.73597,6334.34
2022-10-10,1.73596,1.74775,1.73042,1.74243,66932.72
2022-10-11,1.74245,1.74789,1.7275,1.73741,94007.481
2022-10-12,1.73739,1.742,1.72506,1.72987,102231.355
2022-10-13,1.72989,1.74911,1.72624,1.733,107928.27
2022-10-14,1.73302,1.75088,1.72341,1.74733,94671.86
2022-10-16,1.7446,1.74887,1.74337,1.74663,5147.78
2022-10-17,1.74666,1.75491,1.73507,1.73997,82108.19
2022-10-18,1.73998,1.74131,1.72187,1.73212,83934.29
2022-10-19,1.73218,1.73279,1.72005,1.72481,72707.13
2022-10-20,1.72482,1.73512,1.71229,1.72501,64500.5
2022-10-21,1.72498,1.73514,1.70972,1.71129,76110.63
2022-10-23,1.7069,1.7123,1.70491,1.71102,12178.75
2022-10-24,1.71111,1.74239,1.70826,1.73276,87190.24
2022-10-25,1.73277,1.74011,1.72558,1.73465,62503.5
2022-10-26,1.73468,1.73732,1.72304,1.72768,80842.42
2022-10-27,1.72773,1.73328,1.70334,1.71015,75866.25
2022-10-28,1.7101,1.72067,1.70077,1.71332,67704.29
2022-10-30,1.71284,1.71619,1.71152,1.71575,8864.75
2022-10-31,1.71579,1.71732,1.69645,1.69708,51521.38
2022-11-01,1.69709,1.69875,1.68497,1.6891,68043.38
2022-11-02,1.68909,1.69209,1.67683,1.68825,56769.86
2022-11-03,1.68821,1.69675,1.68366,1.69009,68251.65
2022-11-04,1.69009,1.694,1.67337,1.67838,65673.62
2022-11-06,1.68112,1.68989,1.68089,1.68437,4954.25
2022-11-07,1.68434,1.69079,1.68171,1.68655,62063.6
2022-11-08,1.68651,1.69345,1.68082,1.69046,56237.49
2022-11-09,1.69043,1.70439,1.68974,1.70211,63979.79
2022-11-10,1.7021,1.71121,1.68917,1.69359,73500.94
2022-11-11,1.69357,1.70433,1.68954,1.69102,72892.88
2022-11-13,1.69203,1.70059,1.69061,1.69216,5724.16
2022-11-14,1.69217,1.69815,1.68928,1.69442,66689.44
2022-11-15,1.69444,1.6956,1.67539,1.67986,81297.47
2022-11-16,1.67986,1.69296,1.67946,1.6899,69513.88
2022-11-17,1.68994,1.7016,1.68649,1.69084,65848.16
2022-11-18,1.69088,1.69088,1.67276,1.67814,47986.62
2022-11-20,1.6743,1.67736,1.67285,1.67537,3736.65
2022-11-21,1.67536,1.68154,1.67175,1.67999,63191.05
2022-11-22,1.67999,1.68013,1.66738,1.67475,51745.22
2022-11-23,1.67477,1.67866,1.6621,1.66552,66524.22
2022-11-24,1.6655,1.66957,1.65718,1.66266,43631.56
2022-11-25,1.66265,1.66952,1.65858,1.65858,49888.25
2022-11-27,1.66613,1.66878,1.6628,1.66747,3375.19
2022-11-28,1.6675,1.68453,1.66596,1.67801,58217.98
2022-11-29,1.67806,1.67837,1.65977,1.66597,66434.24
2022-11-30,1.66598,1.66911,1.64886,1.65066,67238.98
2022-12-01,1.65067,1.65296,1.64132,1.65279,79818.92
2022-12-02,1.65279,1.65403,1.64207,1.64388,68671.61
2022-12-04,1.64966,1.64966,1.64424,1.64628,4080.95
2022-12-05,1.64632,1.6655,1.64211,1.65981,63789.9
2022-12-06,1.65987,1.66388,1.65267,1.65497,55395.71
2022-12-07,1.65501,1.66108,1.64759,1.65458,58035.43
2022-12-08,1.65456,1.65907,1.6491,1.65514,49319.61
2022-12-09,1.65516,1.65824,1.6404,1.64066,47189.85
2022-12-11,1.64232,1.64581,1.63996,1.64579,1690.17
2022-12-12,1.64578,1.65508,1.64322,1.65032,50364.4
2022-12-13,1.65033,1.65243,1.63486,1.64635,124119.63
2022-12-14,1.64634,1.6603,1.64542,1.65419,116592.77
2022-12-15,1.65417,1.67931,1.65136,1.67719,124793.29
2022-12-16,1.67716,1.6772,1.65792,1.65883,102552.09
2022-12-18,1.65867,1.66129,1.6568,1.6612,5106.12
2022-12-19,1.66122,1.66956,1.65734,1.66808,105504.42
2022-12-20,1.66809,1.68313,1.66421,1.67481,152413.01
2022-12-21,1.6748,1.69063,1.67388,1.6872,110375.52
2022-12-22,1.6872,1.69834,1.68035,1.69589,105685.48
2022-12-23,1.69585,1.69914,1.68427,1.68829,130643.67
2022-12-26,1.69114,1.69964,1.68215,1.687,17310.02
2022-12-27,1.68695,1.69725,1.68618,1.69542,83254.23
2022-12-28,1.69544,1.69947,1.67628,1.6823,104002.82
2022-12-29,1.68228,1.68992,1.67295,1.68014,96678.7
2022-12-30,1.68015,1.69043,1.67779,1.6851,95503.46
2023-01-02,1.68726,1.68987,1.68124,1.68756,9418.63
2023-01-03,1.68756,1.69729,1.67793,1.68802,121962.43
2023-01-04,1.68803,1.6894,1.67148,1.6875,115801.62
2023-01-05,1.6875,1.69388,1.68057,1.68938,126564.09
2023-01-06,1.68938,1.69452,1.67384,1.67554,119639.65
2023-01-08,1.67652,1.67866,1.67487,1.6762,4285.35
2023-01-09,1.67619,1.68591,1.66734,1.68504,115547.03
2023-01-10,1.68507,1.6891,1.68121,1.68526,300901.83
2023-01-11,1.68528,1.69736,1.68295,1.69068,111551.37
2023-01-12,1.69066,1.7009,1.68709,1.70005,142939.32
2023-01-13,1.70009,1.7039,1.69211,1.69481,124600.95
2023-01-15,1.69612,1.69805,1.69203,1.69556,4888.31
2023-01-16,1.69551,1.69805,1.69067,1.69473,87742.96
2023-01-17,1.69476,1.69791,1.67484,1.67722,127253.81
2023-01-18,1.67724,1.68003,1.66633,1.67522,167735.38
2023-01-19,1.67522,1.69829,1.67414,1.69409,130743.85
2023-01-20,1.69409,1.69442,1.67602,1.67623,113547.48
2023-01-22,1.67887,1.67928,1.67358,1.67427,4466.42
2023-01-23,1.67427,1.68711,1.67332,1.67504,113647.81
2023-01-24,1.67505,1.68048,1.66806,1.67642,101133.48
2023-01-25,1.67638,1.68844,1.6749,1.68483,115744.24
2023-01-26,1.68486,1.68589,1.67552,1.67837,106043.09
2023-01-27,1.67835,1.67955,1.67147,1.6738,94484.78
2023-01-29,1.67419,1.67533,1.67254,1.67454,3782.93
2023-01-30,1.67451,1.68163,1.67156,1.67728,100825.44
2023-01-31,1.67732,1.6899,1.67592,1.68696,93077.27
2023-02-01,1.68694,1.69792,1.68589,1.69014,102837.92
2023-02-02,1.69014,1.69121,1.67559,1.68412,129273.48
2023-02-03,1.68414,1.70802,1.6813,1.706,100427.97
2023-02-05,1.70603,1.70885,1.70404,1.70545,5873.38
2023-02-06,1.70544,1.71069,1.69984,1.70056,85215.98
2023-02-07,1.70055,1.70139,1.69113,1.69712,114201.82
2023-02-08,1.69714,1.70252,1.69438,1.69691,85114.19
2023-02-09,1.69688,1.69907,1.6865,1.69741,79307.11
2023-02-10,1.6974,1.70109,1.68685,1.69247,80829.05
2023-02-12,1.68996,1.69291,1.68974,1.69149,3801.72
2023-02-13,1.69148,1.69435,1.68292,1.68707,72439.73
2023-02-14,1.68708,1.70155,1.68559,1.69451,104440.65
2023-02-15,1.69451,1.70903,1.69445,1.70242,90757.87
2023-02-16,1.70241,1.7094,1.69681,1.70775,86299.54
2023-02-17,1.70771,1.7166,1.70612,1.71217,74663.43
2023-02-19,1.71294,1.71432,1.71164,1.7133,2749.39
2023-02-20,1.7133,1.71692,1.70548,1.70707,58949.17
2023-02-21,1.70709,1.71755,1.70408,1.71322,97255.89
2023-02-22,1.71321,1.71654,1.70263,1.70401,86280.05
2023-02-23,1.70399,1.70613,1.69828,1.70083,78070.06
2023-02-24,1.70082,1.71383,1.69815,1.7097,92828.61
2023-02-26,1.7102,1.71233,1.70729,1.71199,3064.74
2023-02-27,1.71197,1.72123,1.71014,1.72102,87458.63
2023-02-28,1.72106,1.72877,1.70838,1.70953,86302.55
2023-03-01,1.70954,1.71363,1.70007,1.70579,96007.93
2023-03-02,1.70579,1.71098,1.70111,1.70389,98894.47
2023-03-03,1.70393,1.71069,1.70093,1.7083,80814.27
2023-03-05,1.70791,1.71135,1.70656,1.71123,2062.55
2023-03-06,1.71126,1.72753,1.70913,1.72389,81843.37
2023-03-07,1.72392,1.72805,1.71669,1.72612,97609.62
2023-03-08,1.7261,1.73035,1.72117,1.72519,88588.9
2023-03-09,1.7252,1.73665,1.71954,1.73498,79965.3
2023-03-10,1.73503,1.7377,1.72585,1.73431,136818.62
2023-03-12,1.73705,1.7411,1.73245,1.73387,11016.6
2023-03-13,1.73387,1.73769,1.7126,1.72542,179430.35
2023-03-14,1.72543,1.72975,1.71449,1.72187,135778.77
2023-03-15,1.72187,1.7305,1.69693,1.71719,155846.7
2023-03-16,1.71718,1.72501,1.7099,1.7106,153873.29
2023-03-17,1.71059,1.71377,1.69897,1.70102,99553.12
2023-03-19,1.69757,1.70274,1.6973,1.7026,8234.85
2023-03-20,1.70257,1.71838,1.70072,1.71706,118638.71
2023-03-21,1.71706,1.74574,1.71675,1.7394,90825.95
2023-03-22,1.7394,1.74637,1.73004,1.7445,92789.62
2023-03-23,1.74449,1.74588,1.73091,1.73443,105378.75
2023-03-24,1.73446,1.73758,1.72712,1.73397,103298.17
2023-03-26,1.73445,1.73741,1.73214,1.73528,4522.32
2023-03-27,1.73526,1.7454,1.73301,1.74212,71253.9
2023-03-28,1.74211,1.74235,1.73247,1.7332,60660.15
2023-03-29,1.73317,1.74391,1.72826,1.74343,71507.48
2023-03-30,1.74342,1.74919,1.73477,1.73922,65798.16
2023-03-31,1.73922,1.74225,1.7325,1.7325,67427.08
2023-04-02,1.73127,1.73666,1.7303,1.7354,5039.39
2023-04-03,1.73546,1.73991,1.72657,1.73119,71812.33
2023-04-04,1.73116,1.74042,1.72662,1.73474,72275.83
2023-04-05,1.73476,1.74,1.7167,1.72567,73561.53
2023-04-06,1.72567,1.74966,1.72502,1.74839,58836.24
2023-04-07,1.74839,1.75226,1.74042,1.74188,27299.63
2023-04-09,1.74178,1.74566,1.74086,1.74472,3019.32
2023-04-10,1.74471,1.75141,1.74242,1.74539,56674.29
2023-04-11,1.74541,1.76439,1.74447,1.76223,58946.88
2023-04-12,1.76227,1.77,1.75883,1.76852,74623.78
2023-04-13,1.76851,1.77222,1.75061,1.75331,59886.12
2023-04-14,1.75334,1.77195,1.75166,1.7703,66471.01
2023-04-16,1.76982,1.7718,1.76924,1.77104,2025.01
2023-04-17,1.77104,1.77397,1.76427,1.76722,61991.38
2023-04-18,1.76722,1.76875,1.76232,1.76597,57405.23
2023-04-19,1.76596,1.77853,1.76132,1.77705,63882.61
2023-04-20,1.77704,1.78156,1.7705,1.77507,61673.32
2023-04-21,1.7751,1.79211,1.7751,1.78945,57210.55
2023-04-23,1.78814,1.79123,1.78781,1.78973,1670.41
2023-04-24,1.78976,1.79608,1.78627,1.79043,58118.51
2023-04-25,1.7905,1.793,1.78508,1.78589,62194.88
2023-04-26,1.78588,1.80814,1.78484,1.80459,79331.21
2023-04-27,1.80458,1.80617,1.79208,1.79492,73677.57
2023-04-28,1.79493,1.79701,1.78026,1.78136,84223.95
2023-04-30,1.78201,1.78415,1.7794,1.78411,1457.41
2023-05-01,1.78413,1.78485,1.77648,1.77933,49172.82
2023-05-02,1.77935,1.78006,1.76348,1.76872,72568.67
2023-05-03,1.76872,1.78376,1.76385,1.78269,85926.79
2023-05-04,1.7827,1.78311,1.75045,1.75224,77886.25
2023-05-05,1.75223,1.7532,1.74705,1.74975,56309.34
2023-05-07,1.74847,1.75085,1.74781,1.74918,1692.95
2023-05-08,1.74916,1.75136,1.7327,1.73528,46025.72
2023-05-09,1.73525,1.73809,1.72791,1.72983,50769.38
2023-05-10,1.72983,1.73309,1.72346,1.7239,61648.3
2023-05-11,1.7239,1.73462,1.71997,1.7339,68765.16
2023-05-12,1.73389,1.75556,1.73269,1.75207,53790.16
2023-05-14,1.75126,1.7528,1.74995,1.75163,2846.6
2023-05-15,1.75162,1.75333,1.7402,1.74139,50910.64
2023-05-16,1.74138,1.7454,1.7389,1.74214,53675.95
2023-05-17,1.74218,1.7435,1.72687,1.73528,56434.21
2023-05-18,1.73529,1.73781,1.7259,1.7278,59216.7
2023-05-19,1.72781,1.72853,1.71663,1.72042,64606.09
2023-05-21,1.72197,1.72529,1.72076,1.72227,2322.04
2023-05-22,1.7223,1.72556,1.71707,1.71971,63323.02
2023-05-23,1.71975,1.7273,1.71663,1.72319,66297.57
2023-05-24,1.72319,1.76449,1.72179,1.76188,70753.01
2023-05-25,1.76189,1.77365,1.75946,1.77142,65777.67
2023-05-26,1.77141,1.77532,1.76306,1.77354,62566.21
2023-05-28,1.77031,1.77313,1.76976,1.77043,2671.13
2023-05-29,1.77042,1.77496,1.76488,1.77128,31769.91
2023-05-30,1.77135,1.77625,1.76638,1.7749,70585.23
2023-05-31,1.7749,1.78364,1.77254,1.77529,77447.35
2023-06-01,1.7753,1.78174,1.7684,1.77435,66906.82
2023-06-02,1.77436,1.7758,1.7624,1.76633,60833.7
2023-06-04,1.76533,1.76875,1.76432,1.76589,2230.48
2023-06-05,1.76595,1.76855,1.76073,1.76438,60168.81
2023-06-06,1.76434,1.76526,1.75593,1.75983,62123.47
2023-06-07,1.75985,1.77354,1.75713,1.77206,63837.04
2023-06-08,1.77207,1.77228,1.76256,1.76925,60945.91
2023-06-09,1.76924,1.77071,1.75234,1.75236,56872.31
2023-06-11,1.75338,1.75533,1.75215,1.75357,1493.12
2023-06-12,1.75361,1.76086,1.75154,1.75611,53073.22
2023-06-13,1.75613,1.76404,1.74964,1.75143,71164.76
2023-06-14,1.75141,1.75567,1.73932,1.74935,73323.41
2023-06-15,1.74936,1.76246,1.74504,1.75548,80231.36
2023-06-16,1.75549,1.7629,1.75213,1.75276,72057.77
2023-06-18,1.75227,1.75677,1.75223,1.75578,3143.38
2023-06-19,1.75579,1.7641,1.75389,1.76141,56501.03
2023-06-20,1.76142,1.77676,1.75968,1.77065,82930.81
2023-06-21,1.77067,1.77339,1.76444,1.7709,81093.43
2023-06-22,1.77089,1.77555,1.76738,1.77223,78023.35
2023-06-23,1.77222,1.78113,1.76626,1.77238,87252.89
2023-06-25,1.77203,1.77464,1.77188,1.77379,1959.85
2023-06-26,1.77378,1.77607,1.76591,1.77016,68516.22
2023-06-27,1.77016,1.77986,1.76354,1.77948,82406.87
2023-06-28,1.77943,1.80061,1.77924,1.79705,72215.85
2023-06-29,1.79704,1.79758,1.78725,1.79175,80695.81
2023-06-30,1.79173,1.79318,1.77598,1.77627,72151.47
2023-07-02,1.77749,1.77927,1.77545,1.77894,1332.02
2023-07-03,1.77898,1.77938,1.76996,1.7726,70689.41
2023-07-04,1.77254,1.77521,1.75456,1.75589,43315.97
2023-07-05,1.75586,1.76172,1.75408,1.75719,69406.43
2023-07-06,1.75723,1.76919,1.74785,1.76724,78662.51
2023-07-07,1.76725,1.76978,1.75862,1.76556,82152.24
2023-07-09,1.76359,1.76796,1.76337,1.767,2129.78
2023-07-10,1.76703,1.77478,1.76448,1.7733,65421.93
2023-07-11,1.77333,1.78083,1.76888,1.77684,74998.44
2023-07-12,1.77687,1.78231,1.76498,1.76694,78478.72
2023-07-13,1.76694,1.76789,1.75034,1.75582,78149.11
2023-07-14,1.7558,1.76366,1.75245,1.76125,81950.92
2023-07-16,1.76429,1.76475,1.7628,1.76378,2072.33
2023-07-17,1.76382,1.7779,1.7637,1.77765,58872.01
2023-07-18,1.77767,1.79311,1.77371,1.78372,77767.05
2023-07-19,1.78369,1.79956,1.78228,1.78903,87007.05
2023-07-20,1.78905,1.791,1.77952,1.78694,79121.51
2023-07-21,1.78693,1.80504,1.7858,1.80289,65769.04
2023-07-23,1.80004,1.8051,1.79904,1.80364,2249.25
2023-07-24,1.80363,1.8069,1.77951,1.78448,75876.04
2023-07-25,1.78445,1.78729,1.77326,1.77768,69906.15
2023-07-26,1.77768,1.78592,1.77596,1.7833,85900.62
2023-07-27,1.7833,1.78593,1.76862,1.77394,91841.75
2023-07-28,1.77397,1.7922,1.77397,1.78838,92468.38
2023-07-30,1.78836,1.79125,1.78717,1.78986,2858.82
2023-07-31,1.78985,1.79078,1.76788,1.77256,51115.43
2023-08-01,1.77258,1.79405,1.76911,1.79275,40322.62
2023-08-02,1.79275,1.80218,1.79116,1.79805,43381.04
2023-08-03,1.79806,1.80406,1.7967,1.80045,48160.74
2023-08-04,1.80046,1.80702,1.79561,1.80424,43714.97
2023-08-06,1.80499,1.80562,1.80351,1.80374,2179.27
2023-08-07,1.80375,1.80518,1.79776,1.80163,31568.09
2023-08-08,1.80163,1.81438,1.80021,1.80901,39783.51
2023-08-09,1.80898,1.81605,1.80098,1.811,35997.4
2023-08-10,1.81104,1.82657,1.80742,1.82657,45387.14
2023-08-11,1.82656,1.8329,1.82452,1.82907,39221.83
2023-08-13,1.82767,1.82888,1.82606,1.82879,1344.12
2023-08-14,1.82888,1.83601,1.82089,1.82583,36425.83
2023-08-15,1.82583,1.83393,1.82042,1.83037,45849.18
2023-08-16,1.83031,1.83761,1.82271,1.83323,42825.78
2023-08-17,1.83325,1.83982,1.82751,1.83505,43548.12
2023-08-18,1.835,1.83786,1.82937,1.83537,34377.32
2023-08-20,1.83102,1.83594,1.83089,1.83477,1378.14
2023-08-21,1.8348,1.84611,1.83342,1.83787,31520.92
2023-08-22,1.83785,1.84024,1.82089,1.82585,37034.99
2023-08-23,1.82585,1.8274,1.8147,1.81865,41265.71
2023-08-24,1.81864,1.82936,1.81819,1.82426,38668.76
2023-08-25,1.82426,1.83042,1.82181,1.82814,41964.25
2023-08-27,1.82706,1.82857,1.82633,1.8268,1818.65
2023-08-28,1.82681,1.83342,1.82373,1.83242,32804.21
2023-08-29,1.83244,1.83366,1.81965,1.8214,42623.98
2023-08-30,1.82143,1.83786,1.82045,1.83556,41583.52
2023-08-31,1.8356,1.83619,1.81386,1.81488,42913.1
2023-09-01,1.81487,1.82266,1.80832,1.81224,45903.13
2023-09-03,1.81264,1.81419,1.8107,1.81325,1257.74
2023-09-04,1.81325,1.81878,1.80959,1.81766,21229.19
2023-09-05,1.81766,1.83187,1.81709,1.8227,41366.65
2023-09-06,1.82268,1.82837,1.8181,1.82666,40969.18
2023-09-07,1.82666,1.82939,1.81494,1.81965,36672.23
2023-09-08,1.81964,1.82098,1.80982,1.81826,30846.94
2023-09-10,1.81753,1.819,1.81466,1.81607,2808.07
2023-09-11,1.81615,1.81677,1.80869,1.81677,33783.24
2023-09-12,1.81681,1.82299,1.81127,1.81956,31323.33
2023-09-13,1.81957,1.8253,1.81153,1.81291,41394.1
2023-09-14,1.81292,1.8141,1.79735,1.80149,44493.65
2023-09-15,1.80153,1.80857,1.79436,1.8066,36098.13
2023-09-17,1.80598,1.80803,1.80299,1.80651,1075.54
2023-09-18,1.80652,1.80829,1.80212,1.80582,26158.82
2023-09-19,1.80579,1.80697,1.79385,1.79515,28008.9
2023-09-20,1.79512,1.80092,1.79,1.79761,41306.13
2023-09-21,1.79759,1.80356,1.79416,1.7973,43228.97
2023-09-22,1.7973,1.79925,1.77917,1.78539,37934.32
2023-09-24,1.78417,1.78795,1.78399,1.78758,1919.15
2023-09-25,1.78756,1.79072,1.77341,1.77501,33181.47
2023-09-26,1.77493,1.78096,1.77214,1.77702,36675.18
2023-09-27,1.77694,1.78277,1.76973,1.77578,45770.97
2023-09-28,1.77579,1.77608,1.76594,1.77088,51145.82
2023-09-29,1.77087,1.77148,1.75412,1.76243,49005.12
2023-10-01,1.76099,1.76407,1.76074,1.7617,2202.87
2023-10-02,1.76174,1.76669,1.75904,1.76398,40655.58
2023-10-03,1.76398,1.77898,1.76274,1.77038,52419.12
2023-10-04,1.77042,1.78225,1.7679,1.7752,52332.14
2023-10-05,1.77518,1.77666,1.76595,1.7674,46584.75
2023-10-06,1.76735,1.77288,1.76471,1.76657,52463.86
2023-10-08,1.76755,1.77045,1.76532,1.76919,3534.01
2023-10-09,1.76922,1.76949,1.75311,1.75391,36205.29
2023-10-10,1.75398,1.76328,1.75062,1.75521,49583.98
2023-10-11,1.75521,1.76544,1.75266,1.76482,45141.05
2023-10-12,1.76482,1.77945,1.76325,1.77937,43581.46
2023-10-13,1.77935,1.78589,1.77736,1.78555,42775.2
2023-10-15,1.77421,1.78315,1.77421,1.78118,1899.44
2023-10-16,1.78123,1.78936,1.77501,1.78864,37206.75
2023-10-17,1.78861,1.7959,1.78422,1.79347,41561.78
2023-10-18,1.79352,1.80094,1.78807,1.8002,45795.99
2023-10-19,1.80016,1.8138,1.79894,1.81242,52905.15
2023-10-20,1.81241,1.81939,1.81154,1.81681,35728.54
2023-10-22,1.81694,1.81811,1.81435,1.81666,1129.26
2023-10-23,1.81671,1.82517,1.81399,1.82346,36057.74
2023-10-24,1.82351,1.82517,1.81009,1.81204,42116.16
2023-10-25,1.81207,1.82591,1.80519,1.82416,42205.34
2023-10-26,1.82419,1.82658,1.81014,1.81248,44369.54
2023-10-27,1.81249,1.82012,1.80919,1.81716,37233.23
2023-10-29,1.81681,1.81962,1.81538,1.8184,2167.53
2023-10-30,1.81842,1.82007,1.80973,1.81761,32326.33
2023-10-31,1.81761,1.82533,1.81279,1.82141,41371.87
2023-11-01,1.82142,1.82539,1.80056,1.80056,47552.8
2023-11-02,1.8005,1.80748,1.79688,1.80047,35067.99
2023-11-03,1.80049,1.80371,1.78809,1.78835,41163.19
2023-11-05,1.78828,1.79129,1.78824,1.78965,912.79
2023-11-06,1.78965,1.7996,1.78876,1.79782,29084.14
2023-11-07,1.79783,1.80801,1.79514,1.80219,31340.07
2023-11-08,1.80222,1.8122,1.79725,1.81151,35329.66
2023-11-09,1.81152,1.81215,1.79922,1.81125,34614.25
2023-11-10,1.81131,1.8145,1.80676,1.8132,28137.34
2023-11-12,1.8121,1.81373,1.81175,1.81363,815.81
2023-11-13,1.81365,1.82062,1.81229,1.81902,27474.9
2023-11-14,1.81904,1.82831,1.80932,1.81158,38884.03
2023-11-15,1.8116,1.81204,1.79543,1.80032,41563.63
2023-11-16,1.80036,1.8196,1.80006,1.81946,45705.13
2023-11-17,1.81948,1.82492,1.81177,1.82154,35422.93
2023-11-19,1.81914,1.82093,1.81763,1.81917,1244.87
2023-11-20,1.8191,1.8201,1.80864,1.81201,38886.83
2023-11-21,1.812,1.81269,1.79981,1.8032,39714.61
2023-11-22,1.80323,1.81087,1.80094,1.80823,41424.18
2023-11-23,1.80825,1.80832,1.79909,1.80272,21501.45
2023-11-24,1.80273,1.8028,1.79399,1.79666,22907.3
2023-11-26,1.79917,1.80021,1.79654,1.80009,818.88
2023-11-27,1.80007,1.80528,1.79263,1.79551,30600.06
2023-11-28,1.7955,1.79996,1.78912,1.7905,37063.17
2023-11-29,1.78365,1.78386,1.78299,1.78299,386.28
2023-11-30,1.78287,1.7833,1.76561,1.76896,48972.04
2023-12-01,1.76896,1.77315,1.75208,1.75214,45180.61
2023-12-03,1.75481,1.75498,1.75095,1.7512,2093.58
2023-12-04,1.75121,1.76006,1.74828,1.75783,41873.29
2023-12-05,1.75784,1.76541,1.75573,1.75969,44175.41
2023-12-06,1.75965,1.75974,1.74659,1.75337,39180.33
2023-12-07,1.75335,1.76009,1.74618,1.75122,45445.94
2023-12-08,1.75128,1.75849,1.74703,1.7578,50915.92
2023-12-10,1.75686,1.75822,1.75584,1.7577,1316.28
2023-12-11,1.75772,1.76273,1.753,1.75826,33780.98
2023-12-12,1.75824,1.76422,1.74843,1.75941,41189.07
2023-12-13,1.75939,1.77266,1.75154,1.75748,53976.51
2023-12-14,1.75753,1.77382,1.74512,1.76906,64688.46
2023-12-15,1.7691,1.77328,1.75198,1.75374,50440.53
2023-12-17,1.75522,1.75731,1.75352,1.75445,2056.6
2023-12-18,1.75446,1.76088,1.74727,1.75753,36378.81
2023-12-19,1.75749,1.75756,1.7494,1.7521,36729.62
2023-12-20,1.75211,1.75299,1.7382,1.74973,39954.55
2023-12-21,1.74977,1.75494,1.74593,1.74846,43624.11
2023-12-22,1.74851,1.75376,1.74559,1.74893,44239.38
2023-12-25,1.74596,1.74925,1.7447,1.74792,952.89
2023-12-26,1.74787,1.74879,1.74221,1.74434,30196.8
2023-12-27,1.7443,1.75372,1.74139,1.7498,31705.82
2023-12-28,1.74991,1.75888,1.74358,1.74712,32845.24
2023-12-29,1.74713,1.75414,1.74089,1.74667,41198.28
2024-01-01,1.74508,1.74806,1.74327,1.74765,1231.59
2024-01-02,1.74764,1.75164,1.74372,1.75012,38143.34
2024-01-03,1.7501,1.75501,1.74554,1.74756,46781.72
2024-01-04,1.74756,1.75926,1.73973,1.75674,37424.18
2024-01-05,1.75671,1.76035,1.75038,1.75145,49217.24
2024-01-07,1.75239,1.75371,1.75036,1.75104,1338.22
2024-01-08,1.75107,1.76253,1.74903,1.75182,31900.98
2024-01-09,1.75181,1.75598,1.74876,1.75237,35251.99
2024-01-10,1.7523,1.76376,1.74975,1.76171,32600.36
2024-01-11,1.76172,1.76457,1.75408,1.7591,41630.24
2024-01-12,1.7591,1.76023,1.7493,1.75352,40402.94
2024-01-14,1.7522,1.7577,1.75177,1.75619,2329.37
2024-01-15,1.75621,1.76986,1.75582,1.76804,24395.98
2024-01-16,1.76804,1.77365,1.76497,1.7714,51036.24
2024-01-17,1.77131,1.78202,1.76856,1.78049,49328.24
2024-01-18,1.78048,1.78252,1.77642,1.77778,44476.51
2024-01-19,1.77782,1.78642,1.7757,1.78117,34224.53
2024-01-21,1.77939,1.78196,1.77888,1.78027,1345.13
2024-01-22,1.7803,1.79353,1.7761,1.79084,33344.12
2024-01-23,1.79088,1.7912,1.7762,1.77897,37507.9
2024-01-24,1.77897,1.78305,1.77372,1.78136,50109.25
2024-01-25,1.78138,1.78239,1.7691,1.77554,44751.29
2024-01-26,1.77553,1.78217,1.77339,1.78186,29054.77
2024-01-28,1.77834,1.78138,1.77785,1.78003,2236.74
2024-01-29,1.78004,1.78099,1.76395,1.76619,29719.54
2024-01-30,1.76623,1.77416,1.7598,1.76812,34498.19
2024-01-31,1.76815,1.77157,1.76181,1.76726,61999.06
2024-02-01,1.76726,1.77715,1.76196,1.76961,51377.33
2024-02-02,1.76964,1.77969,1.76629,1.7778,41968.54
2024-02-04,1.77467,1.78056,1.77465,1.77793,2217.79
2024-02-05,1.77794,1.78083,1.77164,1.77442,40486.75
2024-02-06,1.7744,1.77534,1.76116,1.76355,39000.3
2024-02-07,1.76356,1.76552,1.75893,1.76369,39990.82
2024-02-08,1.76371,1.7694,1.76057,1.76285,32859.41
2024-02-09,1.76284,1.76469,1.75105,1.75311,32547.51
2024-02-11,1.75189,1.75905,1.75187,1.75624,2167.43
2024-02-12,1.75626,1.76202,1.75523,1.7579,28112.34
2024-02-13,1.7579,1.76994,1.75697,1.76775,41983.28
2024-02-14,1.76775,1.76985,1.75916,1.76227,33060.84
2024-02-15,1.7623,1.7644,1.75767,1.76275,32507.95
2024-02-16,1.76275,1.76728,1.75731,1.75923,32061.96
2024-02-18,1.75755,1.7596,1.75714,1.75782,1302.68
2024-02-19,1.75781,1.75782,1.75104,1.75415,19170.59
2024-02-20,1.75413,1.75572,1.74839,1.75273,33948.5
2024-02-21,1.7527,1.75304,1.74401,1.75036,31714.6
2024-02-22,1.75033,1.75164,1.74444,1.74754,38127.09
2024-02-23,1.74754,1.75042,1.74414,1.74592,26919.33
2024-02-25,1.74495,1.74929,1.74466,1.74913,1018.16
2024-02-26,1.74915,1.76018,1.7482,1.75944,26294.64
2024-02-27,1.75945,1.76343,1.75374,1.75715,26814.95
2024-02-28,1.75715,1.78119,1.7554,1.77768,34221.42
2024-02-29,1.77763,1.78371,1.77285,1.77498,36444.41
2024-03-01,1.77502,1.77745,1.77165,1.77392,30741.88
2024-03-03,1.77237,1.77656,1.77237,1.7763,2033.37
2024-03-04,1.7763,1.7822,1.77463,1.78071,24676.29
2024-03-05,1.78069,1.78679,1.77914,1.78321,27258.71
2024-03-06,1.78325,1.7869,1.77627,1.77838,32297.77
2024-03-07,1.77837,1.77857,1.76257,1.77233,33975.77
2024-03-08,1.77235,1.77656,1.76505,1.77083,37505.85
2024-03-10,1.76981,1.77232,1.76886,1.77066,1819.12
2024-03-11,1.7707,1.77448,1.76908,1.77147,27405.66
2024-03-12,1.77141,1.77752,1.76904,1.77684,34486.02
2024-03-13,1.77684,1.7789,1.77113,1.77667,26722.32
2024-03-14,1.7767,1.7778,1.77203,1.77704,29894.65
2024-03-15,1.77703,1.78979,1.77698,1.78888,23472.24
2024-03-17,1.78672,1.7899,1.78567,1.78781,1447.34
2024-03-18,1.78784,1.78993,1.78537,1.78763,18428.22
2024-03-19,1.78762,1.79696,1.78756,1.796,28008.56
2024-03-20,1.79598,1.80094,1.79117,1.79582,35215.7
2024-03-21,1.79582,1.79836,1.78903,1.79644,33023.32
2024-03-22,1.79641,1.80405,1.79522,1.80324,25008.37
2024-03-24,1.80073,1.80523,1.80039,1.80419,1311.77
2024-03-25,1.80413,1.80628,1.79953,1.80591,21754.95
2024-03-26,1.80592,1.80714,1.80024,1.80434,23241.17
2024-03-27,1.80311,1.80768,1.8002,1.80417,25463.81
2024-03-28,1.80418,1.80986,1.8027,1.8064,29778.61
2024-03-29,1.80635,1.80635,1.80138,1.80169,24869.85
2024-03-31,1.80269,1.80473,1.80186,1.80291,1952.01
2024-04-01,1.80286,1.80722,1.80103,1.80387,20230.94
2024-04-02,1.8039,1.80649,1.80108,1.80397,25208.83
2024-04-03,1.804,1.80883,1.80109,1.80202,23881.79
2024-04-04,1.80198,1.80219,1.79546,1.79799,24034.26
2024-04-05,1.79796,1.80437,1.79731,1.80201,29476.86
2024-04-07,1.80253,1.80395,1.80118,1.80367,2105.76
2024-04-08,1.80367,1.80446,1.79664,1.7999,23796.58
2024-04-09,1.79986,1.79999,1.78983,1.79022,23403.63
2024-04-10,1.7902,1.79907,1.7849,1.79758,46366.18
2024-04-11,1.79758,1.79841,1.78613,1.78715,37263.67
2024-04-12,1.78715,1.79324,1.78435,1.79228,32376.4
2024-04-14,1.7898,1.79254,1.78764,1.79087,4155.15
2024-04-15,1.79089,1.80064,1.78924,1.80003,35376.14
2024-04-16,1.8,1.81078,1.79843,1.80264,45931.26
2024-04-17,1.80263,1.80545,1.79606,1.80412,33615.89
2024-04-18,1.80413,1.80553,1.79837,1.80305,28700.78
2024-04-19,1.80305,1.81344,1.80246,1.80897,47986.95
2024-04-21,1.80726,1.81002,1.80615,1.80639,2248.38
2024-04-22,1.80644,1.80675,1.79894,1.7991,36014.46
2024-04-23,1.79912,1.80749,1.79798,1.80317,41114.8
2024-04-24,1.80323,1.80471,1.79888,1.80242,39035.34
2024-04-25,1.80244,1.80587,1.79766,1.80055,43270.51
2024-04-26,1.80053,1.80404,1.79574,1.79981,42229.76
2024-04-28,1.79418,1.80048,1.79418,1.80007,1488.26
2024-04-29,1.80003,1.80173,1.79205,1.79464,49316.26
2024-04-30,1.79464,1.81554,1.79365,1.8146,48808.77
2024-05-01,1.81456,1.81465,1.80576,1.80748,52952.39
2024-05-02,1.80749,1.81023,1.79767,1.79899,48979.9
2024-05-03,1.79905,1.80056,1.78413,1.78928,51513.42
2024-05-05,1.78652,1.79178,1.78645,1.79084,1726.08
2024-05-06,1.79089,1.79511,1.78754,1.7917,25661.38
2024-05-07,1.79169,1.79291,1.78857,1.79254,34800.11
2024-05-08,1.79255,1.79657,1.78855,1.78991,31609.44
2024-05-09,1.78992,1.79257,1.78534,1.78638,31747.36
2024-05-10,1.78637,1.79258,1.78592,1.78832,29054.17
2024-05-12,1.7886,1.79103,1.78682,1.78978,1090.61
2024-05-13,1.7898,1.79464,1.78852,1.79165,25867.33
2024-05-14,1.79163,1.79637,1.78893,1.78959,32680.16
2024-05-15,1.78955,1.79041,1.77577,1.77643,41411.24
2024-05-16,1.77639,1.78094,1.77352,1.7745,32854.17
2024-05-17,1.77447,1.77786,1.77115,1.77123,25556.07
2024-05-19,1.76949,1.77282,1.76949,1.77209,1182.32
2024-05-20,1.77205,1.78045,1.77203,1.77826,27722.43
2024-05-21,1.77827,1.78201,1.77711,1.78134,22934.15
2024-05-22,1.78122,1.78132,1.76528,1.77462,14485.42
2024-05-23,1.77463,1.77473,1.76865,1.77345,18502.83
2024-05-24,1.77345,1.77615,1.77074,1.77172,16774.3
2024-05-26,1.77007,1.77234,1.76954,1.77194,681.03
2024-05-27,1.77193,1.77224,1.76338,1.7655,11984.05
2024-05-28,1.76553,1.76951,1.76224,1.76711,16487.29
2024-05-29,1.76713,1.77184,1.76396,1.76664,19386.01
2024-05-30,1.76678,1.77281,1.76675,1.77103,20340.94
2024-05-31,1.77105,1.77127,1.76388,1.76494,19515.37
2024-06-02,1.76477,1.76687,1.7646,1.7651,2069.4
2024-06-03,1.7651,1.76853,1.75707,1.76126,21501.27
2024-06-04,1.76126,1.76509,1.75814,1.76224,21985.73
2024-06-05,1.76221,1.76267,1.75391,1.75476,19701.97
2024-06-06,1.75472,1.76232,1.7524,1.75761,18428.62
2024-06-07,1.7576,1.76993,1.75573,1.76877,25749.46
2024-06-09,1.76253,1.76614,1.76131,1.76539,1202.85
2024-06-10,1.76534,1.7668,1.75466,1.75611,18013.72
2024-06-11,1.75611,1.7597,1.74541,1.74748,18159.58
2024-06-12,1.74748,1.75244,1.7421,1.74767,30818.46
2024-06-13,1.74768,1.75211,1.73743,1.74329,26585.52
2024-06-14,1.74319,1.74799,1.74079,1.74141,29270.95
2024-06-16,1.74262,1.7445,1.74016,1.74397,1280.09
2024-06-17,1.74398,1.75408,1.74358,1.75053,17434.07
2024-06-18,1.75054,1.75835,1.74616,1.74881,21534.33
2024-06-19,1.74879,1.75334,1.74754,1.75082,14160.15
2024-06-20,1.75083,1.75331,1.74755,1.74858,22094.86
2024-06-21,1.74854,1.75054,1.74249,1.74646,17408.5
2024-06-23,1.74679,1.74903,1.74621,1.74881,721.9
2024-06-24,1.74881,1.75446,1.74802,1.75363,15459.76
2024-06-25,1.75363,1.75461,1.74833,1.75072,15186.67
2024-06-26,1.75073,1.75808,1.74835,1.75646,18430.54
2024-06-27,1.75648,1.7605,1.75202,1.75992,13886.64
2024-06-28,1.75991,1.76518,1.75447,1.75776,18593.39
2024-06-30,1.76057,1.7623,1.7589,1.76016,2482.32
2024-07-01,1.76007,1.77048,1.75998,1.77029,20474.08
2024-07-02,1.77032,1.77452,1.76582,1.7672,16792.5
2024-07-03,1.76719,1.77308,1.76442,1.76669,16341.33
2024-07-04,1.76671,1.76839,1.76373,1.76829,8239.56
2024-07-05,1.76829,1.77025,1.76263,1.76348,17798.17
2024-07-07,1.75791,1.76285,1.75782,1.7628,1430.38
2024-07-08,1.76279,1.76738,1.76063,1.76652,17433.64
2024-07-09,1.76652,1.76986,1.76162,1.76487,16801.86
2024-07-10,1.76491,1.78281,1.76375,1.77947,19433.92
2024-07-11,1.77944,1.78647,1.77576,1.78386,22384.18
2024-07-12,1.78388,1.78835,1.77886,1.78223,23511.27
2024-07-14,1.77962,1.7864,1.77962,1.78569,1765.88
2024-07-15,1.7857,1.79447,1.78493,1.79345,21133.88
2024-07-16,1.79343,1.80589,1.79309,1.79571,26623.91
2024-07-17,1.7957,1.8009,1.79237,1.7992,24249.08
2024-07-18,1.79919,1.80383,1.79609,1.8038,25265.97
2024-07-19,1.80379,1.81186,1.8026,1.81059,23988.02
2024-07-21,1.80784,1.81092,1.80665,1.80914,1429.23
2024-07-22,1.80913,1.82235,1.80913,1.82176,17430.02
2024-07-23,1.82181,1.82556,1.81837,1.82268,19734.66
2024-07-24,1.82269,1.83374,1.82246,1.82887,24637.97
2024-07-25,1.82887,1.8432,1.82872,1.84243,32128.89
2024-07-26,1.84243,1.845,1.83713,1.84301,14859.72
2024-07-28,1.84188,1.84406,1.83929,1.84296,689.54
2024-07-29,1.84296,1.84516,1.83947,1.84086,12728.89
2024-07-30,1.84082,1.84327,1.83081,1.83214,21467.85
2024-07-31,1.83212,1.83698,1.81586,1.81848,32099.53
2024-08-01,1.81849,1.8207,1.80662,1.81705,28052.97
2024-08-02,1.81706,1.83167,1.81118,1.8309,40986.09
2024-08-04,1.82865,1.83614,1.82865,1.83454,4884.0
2024-08-05,1.83452,1.86478,1.83222,1.84028,105427.44
2024-08-06,1.84022,1.84882,1.82355,1.82883,60305.7
2024-08-07,1.82883,1.82941,1.8116,1.82429,35190.36
2024-08-08,1.82428,1.82516,1.81289,1.81732,30338.09
2024-08-09,1.81731,1.8212,1.80937,1.81887,18599.54
2024-08-11,1.81813,1.82207,1.81737,1.82074,1514.73
2024-08-12,1.82071,1.82083,1.81073,1.81567,15882.25
2024-08-13,1.81564,1.81625,1.80667,1.80885,21929.37
2024-08-14,1.80887,1.83749,1.80699,1.83555,27624.95
2024-08-15,1.83559,1.83918,1.82625,1.83457,22061.28
2024-08-16,1.83459,1.83464,1.81952,1.82125,15164.79
2024-08-18,1.82118,1.82269,1.81901,1.82004,1340.4
2024-08-19,1.82005,1.82187,1.81182,1.812,22949.91
2024-08-20,1.812,1.81266,1.80313,1.80739,20949.39
2024-08-21,1.80738,1.81176,1.80493,1.81013,26498.94
2024-08-22,1.81014,1.81325,1.80499,1.80982,19401.53
2024-08-23,1.80981,1.80986,1.79427,1.79492,29760.01
2024-08-25,1.79438,1.7985,1.79427,1.79764,2405.48
2024-08-26,1.7976,1.80186,1.79645,1.79914,29783.84
2024-08-27,1.79913,1.80169,1.78615,1.79033,24282.77
2024-08-28,1.79034,1.79154,1.77792,1.78065,24969.64
2024-08-29,1.7806,1.78064,1.76499,1.76905,32180.38
2024-08-30,1.76908,1.77273,1.7658,1.76713,20655.78
2024-09-01,1.76718,1.76833,1.76659,1.76795,702.53
2024-09-02,1.76795,1.77804,1.7677,1.77635,16491.51
2024-09-03,1.77629,1.78754,1.77464,1.78582,31540.29
2024-09-04,1.7858,1.79149,1.78246,1.79092,33326.02
2024-09-05,1.79092,1.79256,1.78282,1.78512,31548.02
2024-09-06,1.78511,1.79849,1.77903,1.79471,39019.7
2024-09-08,1.79309,1.79688,1.79207,1.79686,1524.47
2024-09-09,1.79683,1.80281,1.79122,1.79663,26063.63
2024-09-10,1.79662,1.79888,1.79022,1.79184,26934.81
2024-09-11,1.79181,1.80208,1.79157,1.7953,40497.5
2024-09-12,1.7953,1.79856,1.78879,1.79048,36635.37
2024-09-13,1.79046,1.80036,1.78968,1.79794,28473.74
2024-09-15,1.79651,1.7995,1.79577,1.79888,1904.04
2024-09-16,1.79885,1.80164,1.79352,1.79617,28772.47
2024-09-17,1.79617,1.79949,1.79271,1.79606,41754.13
2024-09-18,1.79611,1.79628,1.78318,1.78955,46634.16
2024-09-19,1.78955,1.79224,1.78218,1.7893,49561.84
2024-09-20,1.7893,1.79438,1.78528,1.78903,47925.12
2024-09-22,1.78884,1.79006,1.78698,1.78945,1377.39
2024-09-23,1.78945,1.79103,1.77013,1.77278,33649.28
2024-09-24,1.77279,1.77783,1.7612,1.7617,43258.25
2024-09-25,1.76157,1.77901,1.76081,1.779,28857.59
2024-09-26,1.779,1.78048,1.76404,1.76535,38900.72
2024-09-27,1.76537,1.77258,1.75573,1.75944,29652.81
2024-09-29,1.75891,1.76048,1.75782,1.75892,1076.99
2024-09-30,1.75891,1.76341,1.74885,1.75505,27125.86
2024-10-01,1.75505,1.7635,1.75319,1.76107,36705.78
2024-10-02,1.76109,1.76484,1.75294,1.76477,26442.08
2024-10-03,1.76479,1.77586,1.76479,1.77502,29700.79
2024-10-04,1.77499,1.78358,1.7739,1.78175,28345.35
2024-10-06,1.77841,1.7814,1.77686,1.78105,2022.05
2024-10-07,1.78111,1.79432,1.7784,1.79075,22479.22
2024-10-08,1.79063,1.797,1.78465,1.79003,27136.88
2024-10-09,1.804444,1.804499,1.801122,1.802917,0.0
2024-10-10,1.80285,1.803798,1.802334,1.803363,0.0
2024-10-11,1.79351,1.79639,1.78792,1.78943,18162.94
2024-10-13,1.79127,1.79424,1.78903,1.79326,1367.55
2024-10-14,1.79328,1.797,1.78824,1.79107,17140.35
2024-10-15,1.79104,1.79826,1.78592,1.79817,23943.74
2024-10-16,1.7982,1.80154,1.79154,1.79219,22606.91
2024-10-17,1.79224,1.79475,1.7831,1.78673,26376.9
2024-10-18,1.78675,1.79107,1.78432,1.78927,18974.08
2024-10-20,1.78662,1.7901,1.78652,1.78846,1053.89
2024-10-21,1.78842,1.79585,1.7859,1.79549,17743.26
2024-10-22,1.79549,1.7961,1.78291,1.78631,20439.21
2024-10-23,1.78634,1.79775,1.78471,1.79503,19479.45
2024-10-24,1.79503,1.80199,1.78774,1.80157,20278.62
2024-10-25,1.80158,1.80741,1.80078,1.80602,14909.7
2024-10-27,1.80274,1.80634,1.80051,1.8057,2567.82
2024-10-28,1.80567,1.81106,1.80399,1.8061,15965.43
2024-10-29,1.80615,1.81318,1.80605,1.81239,25009.93
2024-10-30,1.81236,1.81873,1.80579,1.8183,20365.11
2024-10-31,1.81826,1.82742,1.8142,1.82264,26429.54
2024-11-01,1.82266,1.82442,1.81285,1.81629,23173.57
2024-11-03,1.81122,1.81951,1.81109,1.81612,1994.02
2024-11-04,1.8161,1.82177,1.81201,1.82037,20379.95
2024-11-05,1.8202,1.82321,1.81389,1.81728,20236.87
2024-11-06,1.81724,1.81874,1.79695,1.8071,83083.08
2024-11-07,1.80709,1.80856,1.79035,1.79261,32492.77
2024-11-08,1.79258,1.79964,1.79133,1.79578,23496.27
2024-11-10,1.79598,1.7966,1.79225,1.79593,1543.12
2024-11-11,1.79591,1.79727,1.7841,1.78608,18236.54
2024-11-12,1.78612,1.79394,1.78367,1.79231,24581.74
2024-11-13,1.79239,1.79744,1.78851,1.79578,28070.82
2024-11-14,1.79572,1.80114,1.79341,1.79992,36471.93
2024-11-15,1.79992,1.80218,1.7957,1.79678,27292.72
2024-11-17,1.79342,1.79759,1.7933,1.79664,1037.25
2024-11-18,1.79669,1.80716,1.79495,1.79852,20415.24
2024-11-19,1.79855,1.80145,1.79032,1.79186,30813.61
2024-11-20,1.79185,1.79586,1.79085,1.79337,23999.77
2024-11-21,1.79338,1.79752,1.78542,1.7874,29443.76
2024-11-22,1.7874,1.79642,1.77413,1.78508,33736.47
2024-11-24,1.78848,1.78995,1.78566,1.78766,4892.81
2024-11-25,1.78767,1.8039,1.78645,1.79706,31782.44
2024-11-26,1.79708,1.80262,1.79265,1.79749,31915.29
2024-11-27,1.79753,1.79915,1.78085,1.79219,32868.45
2024-11-28,1.79215,1.7933,1.7876,1.79095,17088.54
2024-11-29,1.79095,1.79227,1.78108,1.784,21089.23
2024-12-01,1.78513,1.78707,1.78378,1.78516,1882.39
2024-12-02,1.78515,1.78725,1.77855,1.78452,44879.07
2024-12-03,1.78456,1.79026,1.78139,1.78665,24953.68
2024-12-04,1.78665,1.79951,1.78559,1.79463,32845.95
2024-12-05,1.79464,1.80208,1.79106,1.79941,26303.67
2024-12-06,1.79937,1.81243,1.79763,1.81185,29385.36
2024-12-08,1.80645,1.8117,1.80631,1.80955,1730.2
2024-12-09,1.80959,1.81546,1.79676,1.80147,22406.14
2024-12-10,1.80147,1.81557,1.80138,1.81513,24816.56
2024-12-11,1.81512,1.82083,1.81141,1.81375,39550.96
2024-12-12,1.8141,1.81645,1.80754,1.81506,35535.27
2024-12-13,1.81504,1.82363,1.81355,1.82186,23120.99
2024-12-15,1.81829,1.82269,1.81706,1.82131,1682.48
2024-12-16,1.82128,1.82357,1.81473,1.81578,19978.83
2024-12-17,1.81578,1.82489,1.81569,1.82237,21648.64
2024-12-18,1.82237,1.84364,1.82228,1.84262,32759.96
2024-12-19,1.84262,1.84775,1.83447,1.84201,30991.52
2024-12-20,1.84201,1.8462,1.83902,1.84403,28417.88
2024-12-22,1.84481,1.84852,1.84475,1.84579,1304.88
2024-12-23,1.84573,1.84834,1.83861,1.84272,19350.8
2024-12-24,1.84271,1.84503,1.83734,1.84169,12082.16
2024-12-25,1.84025,1.8437,1.83928,1.83992,1452.14
2024-12-26,1.83998,1.8536,1.83763,1.85248,13231.59
2024-12-27,1.85248,1.85396,1.84811,1.85038,28594.46
2024-12-29,1.84923,1.8518,1.8473,1.84938,1537.01
2024-12-30,1.84941,1.85045,1.84037,1.8454,19286.92
2024-12-31,1.84542,1.85392,1.8438,1.85056,13463.23
2025-01-01,1.84811,1.84984,1.84686,1.84888,919.68
2025-01-02,1.84891,1.85011,1.82776,1.8356,27658.28
2025-01-03,1.83559,1.83826,1.83044,1.83609,17151.87
2025-01-05,1.83267,1.83649,1.83265,1.83453,678.3
2025-01-06,1.83452,1.84344,1.82981,1.84159,37462.94
2025-01-07,1.84153,1.84157,1.83077,1.83547,76612.05
2025-01-08,1.83543,1.841,1.83412,1.83984,38539.72
2025-01-09,1.83984,1.84581,1.83806,1.84079,17822.37
2025-01-10,1.84077,1.84762,1.83876,1.84338,24728.61
2025-01-12,1.84062,1.84446,1.83971,1.84101,1401.7
2025-01-13,1.84104,1.84167,1.8292,1.83211,27001.29
2025-01-14,1.83211,1.84066,1.82286,1.83945,27156.77
2025-01-15,1.83945,1.84015,1.82882,1.82915,28656.53
2025-01-16,1.82915,1.83901,1.82772,1.83698,21964.62
2025-01-17,1.83696,1.84593,1.83553,1.83914,20450.66
2025-01-19,1.83622,1.84016,1.83584,1.83924,1956.12
2025-01-20,1.8392,1.84261,1.83365,1.83425,48862.66
2025-01-21,1.83417,1.84179,1.83342,1.83813,49505.76
2025-01-22,1.83813,1.84219,1.83549,1.83793,27089.66
2025-01-23,1.83792,1.8407,1.83173,1.83528,32087.55
2025-01-24,1.83525,1.8392,1.82854,1.8371,23237.32
2025-01-26,1.83627,1.83993,1.83546,1.83817,1661.63
2025-01-27,1.83812,1.84883,1.83767,1.84224,29517.97
2025-01-28,1.84224,1.84603,1.8381,1.84071,28804.47
2025-01-29,1.8407,1.84488,1.83955,1.83983,27819.75
2025-01-30,1.83981,1.84901,1.83965,1.84489,23829.7
2025-01-31,1.84488,1.84639,1.83436,1.83733,41522.38
2025-02-02,1.832,1.84028,1.83055,1.83959,8237.72
2025-02-03,1.83964,1.8514,1.83394,1.83514,54838.9
2025-02-04,1.83517,1.84505,1.83402,1.83675,22228.78
2025-02-05,1.8367,1.83773,1.8271,1.82813,17002.66
2025-02-06,1.82813,1.83471,1.82762,1.83012,21102.99
2025-02-07,1.83018,1.83113,1.82352,1.82454,27108.57
2025-02-09,1.82199,1.82605,1.82061,1.82601,2747.32
2025-02-10,1.82603,1.82964,1.82175,1.8281,18754.85
2025-02-11,1.8281,1.83384,1.82243,1.83138,16280.08
2025-02-12,1.83147,1.84433,1.82761,1.84207,27536.24
2025-02-13,1.84207,1.84938,1.84064,1.842,30010.66
2025-02-14,1.84196,1.84249,1.82857,1.83018,17862.24
2025-02-16,1.82993,1.83292,1.82941,1.82941,1906.32
2025-02-17,1.82942,1.83038,1.82455,1.82938,11664.86
2025-02-18,1.82938,1.83587,1.82895,1.83154,19290.14
2025-02-19,1.8315,1.83936,1.82134,1.82778,20741.66
2025-02-20,1.82778,1.83002,1.81742,1.82141,19391.41
2025-02-21,1.82141,1.824,1.81684,1.82151,21111.81
2025-02-23,1.82107,1.82253,1.81815,1.82159,2009.82
2025-02-24,1.82155,1.82919,1.8204,1.8268,20108.23
2025-02-25,1.82681,1.83954,1.82532,1.83584,20666.97
2025-02-26,1.83583,1.8431,1.83555,1.84035,24701.64
2025-02-27,1.84036,1.84755,1.83879,1.84723,25907.22
2025-02-28,1.84727,1.85919,1.8468,1.85201,29673.19
2025-03-02,1.85522,1.85912,1.85483,1.85783,2240.86
2025-03-03,1.85786,1.86904,1.85479,1.86814,26000.17
2025-03-04,1.8681,1.8812,1.86672,1.87642,36937.89
2025-03-05,1.8764,1.88959,1.87484,1.88429,44604.81
2025-03-06,1.88431,1.88866,1.87665,1.88043,43430.14
2025-03-07,1.88046,1.90522,1.87972,1.89661,34722.32
2025-03-09,1.89616,1.90241,1.89565,1.90229,3312.22
2025-03-10,1.90229,1.90588,1.8868,1.90318,30968.48
2025-03-11,1.90317,1.91667,1.90125,1.91065,33530.14
2025-03-12,1.91063,1.91233,1.89696,1.89696,23558.58
2025-03-13,1.89703,1.90842,1.89569,1.90338,26537.36
2025-03-14,1.90339,1.9058,1.89088,1.89177,23273.36
2025-03-16,1.89154,1.893,1.8878,1.89144,1731.93
2025-03-17,1.89145,1.89278,1.87374,1.87488,20450.03
2025-03-18,1.87487,1.88241,1.872,1.87988,22929.94
2025-03-19,1.87988,1.88599,1.86962,1.87488,27775.93
2025-03-20,1.87487,1.8925,1.87484,1.8838,23135.54
2025-03-21,1.88383,1.88772,1.88023,1.88525,22094.48
2025-03-23,1.88216,1.88651,1.88194,1.88609,1643.15
2025-03-24,1.88611,1.89339,1.88232,1.88615,20381.07
2025-03-25,1.88617,1.88843,1.88093,1.88173,19537.26
2025-03-26,1.88174,1.88601,1.87118,1.87839,24803.19
2025-03-27,1.87848,1.88333,1.8735,1.88312,22682.07
2025-03-28,1.88312,1.89653,1.88253,1.89358,20575.75
2025-03-30,1.89151,1.89895,1.89136,1.89656,3160.48
2025-03-31,1.89651,1.90991,1.89392,1.90798,21652.05
2025-04-01,1.908,1.91091,1.8892,1.88963,26800.23
2025-04-02,1.88963,1.90435,1.87974,1.90366,37422.86
2025-04-03,1.9038,1.91334,1.89711,1.90825,65498.39
2025-04-04,1.90823,1.9732,1.90685,1.95712,100537.21
2025-04-06,1.95107,1.98293,1.94844,1.98203,15566.29
2025-04-07,1.98193,1.98404,1.94098,1.97128,128263.15
2025-04-08,1.9713,1.99334,1.9424,1.99044,130482.5
2025-04-09,1.99044,2.00077,1.93343,1.94267,223797.11
2025-04-10,1.9427,1.96202,1.92301,1.9585,155517.02
2025-04-11,1.95849,1.97516,1.94115,1.94886,157424.6
2025-04-13,1.9398,1.94654,1.93789,1.94351,4301.66
2025-04-14,1.94354,1.95268,1.92776,1.93272,88114.25
2025-04-15,1.93271,1.93271,1.90396,1.9157,72101.59
2025-04-16,1.91579,1.9253,1.91325,1.91964,71096.76
2025-04-17,1.91958,1.92579,1.89952,1.90407,52444.73
2025-04-18,1.90408,1.92129,1.90306,1.91742,373982.29
2025-04-20,1.91513,1.92322,1.91421,1.92083,7030.71
2025-04-21,1.92083,1.92937,1.91238,1.91875,57522.09
2025-04-22,1.91877,1.91995,1.90204,1.90477,59681.82
2025-04-23,1.90473,1.91032,1.89255,1.90385,61316.23
2025-04-24,1.90384,1.90928,1.89689,1.89911,41728.79
2025-04-25,1.89914,1.90832,1.89088,1.90446,41703.37
2025-04-27,1.9031,1.90768,1.90203,1.90682,2551.82
2025-04-28,1.90682,1.91396,1.903,1.91034,38302.95
2025-04-29,1.91037,1.92409,1.90672,1.91772,36622.2
2025-04-30,1.91771,1.92616,1.90555,1.90719,40146.86
2025-05-01,1.90723,1.91369,1.90065,1.91034,40406.75
2025-05-02,1.91032,1.91447,1.89869,1.9001,45834.06
2025-05-04,1.89669,1.9029,1.89566,1.90279,3036.91
2025-05-05,1.90279,1.9045,1.89237,1.89755,42838.54
2025-05-06,1.89758,1.89837,1.88242,1.88595,47786.0
2025-05-07,1.88597,1.90581,1.88345,1.90299,61903.17
2025-05-08,1.90296,1.90854,1.89576,1.90274,45294.0
2025-05-09,1.90281,1.91061,1.90181,1.90278,35808.52
2025-05-11,1.88865,1.89732,1.88865,1.89694,5615.26
2025-05-12,1.89697,1.90014,1.88578,1.89293,71214.28
2025-05-13,1.89291,1.89867,1.88062,1.88416,38894.28
2025-05-14,1.88413,1.89836,1.88082,1.89605,43585.88
2025-05-15,1.89605,1.90859,1.89246,1.90556,42527.1
2025-05-16,1.90558,1.91009,1.89431,1.89714,41829.78
2025-05-18,1.89617,1.90124,1.89617,1.90059,2773.26
2025-05-19,1.90054,1.90958,1.89375,1.89454,48375.41
2025-05-20,1.89454,1.90712,1.89285,1.90421,45391.24
2025-05-21,1.90413,1.91302,1.90067,1.90975,46418.85
2025-05-22,1.9098,1.91549,1.90707,1.91287,41942.16
2025-05-23,1.91288,1.91463,1.89677,1.89764,37393.37
2025-05-25,1.89661,1.89921,1.8966,1.89817,4715.96
2025-05-26,1.89816,1.90094,1.89071,1.89977,21882.21
2025-05-27,1.89979,1.90899,1.89828,1.90581,44816.36
2025-05-28,1.90581,1.91022,1.88366,1.88532,47344.35
2025-05-29,1.88528,1.90525,1.88523,1.90351,45497.08
2025-05-30,1.9035,1.90564,1.89705,1.90157,65459.33
2025-06-01,1.90042,1.90161,1.89921,1.9004,3018.02
2025-06-02,1.90046,1.90058,1.89244,1.89345,59635.87
2025-06-03,1.89345,1.90665,1.88952,1.89542,56281.78
2025-06-04,1.89544,1.89789,1.89081,1.89522,58308.98
2025-06-05,1.89523,1.89687,1.8857,1.89563,68542.98
2025-06-06,1.89561,1.89733,1.88841,1.8931,60739.35
2025-06-08,1.89062,1.89408,1.89004,1.89394,2320.02
2025-06-09,1.89385,1.895,1.88458,1.88865,53688.54
2025-06-10,1.8887,1.89116,1.88263,1.88721,111061.72
2025-06-11,1.88722,1.90739,1.88657,1.90674,58280.1
2025-06-12,1.90679,1.91904,1.90614,1.91379,80565.9
2025-06-13,1.91374,1.92345,1.91157,1.91862,151852.67
2025-06-15,1.91618,1.92004,1.91512,1.91713,8174.84
2025-06-16,1.91717,1.92086,1.90458,1.9091,111480.68
2025-06-17,1.9091,1.91049,1.90244,1.90779,75794.66
2025-06-18,1.90782,1.91065,1.90147,1.90357,92114.49
2025-06-19,1.90358,1.92362,1.90312,1.91835,66095.65
2025-06-20,1.91828,1.93255,1.91697,1.93015,62259.93
2025-06-22,1.92592,1.93481,1.92524,1.92879,8647.3
2025-06-23,1.92878,1.94859,1.92682,1.93475,172401.53
2025-06-24,1.93478,1.93542,1.92187,1.93154,83782.1
2025-06-25,1.93154,1.93323,1.92378,1.92982,70419.21
2025-06-26,1.92981,1.93522,1.92827,1.92963,122141.05
2025-06-27,1.92966,1.93742,1.92599,1.93389,119544.5
2025-06-29,1.93376,1.93565,1.93319,1.93407,6231.78
2025-06-30,1.93414,1.93487,1.92711,1.93472,107993.06
2025-07-01,1.93472,1.93832,1.92729,1.9352,74256.79
2025-07-02,1.93521,1.94294,1.9324,1.93754,81516.54
2025-07-03,1.93761,1.94493,1.9353,1.93591,133313.04
2025-07-04,1.93593,1.94654,1.93457,1.9413,122675.12
2025-07-06,1.94111,1.94709,1.94094,1.94697,1688.45
2025-07-07,1.94696,1.95861,1.94689,1.95339,160156.81
2025-07-08,1.95338,1.95625,1.94649,1.95595,96618.36
2025-07-09,1.95594,1.95817,1.94876,1.95638,82661.72
2025-07-10,1.9564,1.95701,1.93634,1.93688,75028.68
2025-07-11,1.93688,1.94822,1.93527,1.94531,115884.89
2025-07-13,1.94003,1.9463,1.93947,1.94493,3336.03
2025-07-14,1.94496,1.95576,1.94291,1.95355,56339.06
2025-07-15,1.95356,1.95412,1.94357,1.94918,82532.26
2025-07-16,1.9492,1.9637,1.94587,1.95726,93422.48
2025-07-17,1.95725,1.96469,1.95239,1.95406,71582.91
2025-07-18,1.95409,1.95515,1.94705,1.94948,66963.64
2025-07-20,1.94577,1.95583,1.94524,1.95368,3464.94
2025-07-21,1.95368,1.95972,1.95048,1.95909,98281.29
2025-07-22,1.9591,1.96766,1.95526,1.95671,118286.15
2025-07-23,1.95674,1.9573,1.93946,1.9466,148168.13
2025-07-24,1.9466,1.95013,1.94049,1.94728,87326.93
2025-07-25,1.94728,1.95522,1.94656,1.95085,77910.52
2025-07-27,1.95194,1.95425,1.9515,1.95296,3828.53
2025-07-28,1.95292,1.95584,1.9386,1.94153,92600.37
2025-07-29,1.94153,1.94382,1.93557,1.93963,93480.81
2025-07-30,1.93963,1.94087,1.93101,1.93434,108462.99
2025-07-31,1.93435,1.94084,1.92813,1.93993,84758.26
2025-08-01,1.93995,1.95984,1.93867,1.95774,99118.025
2025-08-03,1.95948,1.96061,1.95754,1.95898,3068.24
2025-08-04,1.959,1.96046,1.95318,1.95775,79537.4
2025-08-05,1.95775,1.96412,1.9555,1.95962,83927.96
2025-08-06,1.95964,1.96753,1.95384,1.96734,81732.88
2025-08-07,1.9673,1.96778,1.95417,1.95603,76242.4
2025-08-08,1.95603,1.95936,1.95227,1.95474,64151.18
2025-08-10,1.95278,1.95829,1.95265,1.95829,1122.63
2025-08-11,1.95833,1.96217,1.95387,1.95569,52852.75
2025-08-12,1.9557,1.96457,1.95417,1.95993,77266.53
2025-08-13,1.95993,1.96404,1.95467,1.95835,58375.07
2025-08-14,1.95836,1.96936,1.9549,1.96758,73124.13
2025-08-15,1.96759,1.9759,1.96693,1.97562,56093.51
2025-08-17,1.9743,1.97715,1.9742,1.97428,1470.59
2025-08-18,1.97425,1.97441,1.96588,1.96965,48153.1
2025-08-19,1.96964,1.97661,1.96532,1.97381,63278.3
2025-08-20,1.97383,2.00328,1.97321,1.99902,73321.7
2025-08-21,1.99901,2.00318,1.99253,1.99462,65581.85
2025-08-22,1.99462,1.99957,1.99302,1.99638,66028.71
2025-08-24,1.99488,1.99857,1.99472,1.99626,1967.45
2025-08-25,1.99622,1.99857,1.98183,1.98557,45439.45
2025-08-26,1.98559,1.9945,1.98469,1.98661,70524.47
2025-08-27,1.98663,1.99049,1.98388,1.98715,63258.29
2025-08-28,1.98715,1.98921,1.98323,1.98492,68005.88
2025-08-29,1.98491,1.98507,1.97807,1.9811,62182.0
2025-08-31,1.98196,1.98341,1.98088,1.98247,1219.74
2025-09-01,1.98242,1.98949,1.97927,1.98373,47510.11
2025-09-02,1.98372,1.99232,1.98205,1.98449,80650.1
2025-09-03,1.98449,1.98904,1.98249,1.98268,77558.38
2025-09-04,1.98268,1.99553,1.98085,1.99211,70031.23
2025-09-05,1.99213,1.99224,1.98408,1.98741,69710.24
2025-09-07,1.98605,1.99001,1.98605,1.98887,2488.0
2025-09-08,1.98899,1.9896,1.97489,1.9794,66836.04
2025-09-09,1.97929,1.9819,1.97163,1.97434,66640.31
2025-09-10,1.97438,1.97458,1.96557,1.96902,67839.06
2025-09-11,1.96904,1.97415,1.9621,1.96273,74768.3
2025-09-12,1.96273,1.97067,1.96225,1.96921,55243.95
2025-09-14,1.96859,1.97028,1.96758,1.96912,2285.55
2025-09-15,1.96914,1.97373,1.96639,1.97086,44270.5
2025-09-16,1.97084,1.98321,1.96995,1.98203,65526.21
2025-09-17,1.98206,1.99301,1.97717,1.99254,81959.13
2025-09-18,1.99256,2.0074,1.99112,2.00148,100687.54
2025-09-19,2.00144,2.00939,1.99997,2.00454,74249.01
2025-09-21,2.00267,2.00596,2.0011,2.00589,2266.56
2025-09-22,2.00585,2.01127,2.00113,2.01057,68459.48
2025-09-23,2.01056,2.01787,2.0098,2.01712,67588.1091
2025-09-24,2.01714,2.02024,2.0114,2.01893,72183.68
2025-09-25,2.01896,2.02481,2.01436,2.02338,74822.28
2025-09-26,2.02331,2.02834,2.02331,2.02552,66387.98
2025-09-28,2.02313,2.02746,2.02264,2.02577,2469.18
2025-09-29,2.02576,2.03098,2.02225,2.02921,64456.13
2025-09-30,2.02917,2.02989,2.02054,2.02455,76500.5
2025-10-01,2.02454,2.02823,2.01391,2.01538,79307.5
2025-10-02,2.01537,2.01801,2.01044,2.01453,68695.88
2025-10-03,2.01453,2.01608,2.0107,2.01277,59827.84
2025-10-05,2.01279,2.01494,2.01031,2.01077,6737.54
2025-10-06,2.01073,2.01214,2.00016,2.00465,58590.84
2025-10-07,2.00466,2.01145,2.00386,2.00986,56204.9
2025-10-08,2.00988,2.02652,2.00659,2.01052,65395.43
2025-10-09,2.01045,2.01471,2.00514,2.01051,65422.56
2025-10-10,2.01051,2.03236,2.00944,2.02945,66351.47
2025-10-12,2.0199,2.02808,2.01906,2.02595,6646.94
2025-10-13,2.02597,2.0273,2.01766,2.0229,50651.0
2025-10-14,2.0229,2.03486,2.01878,2.03102,82790.89
2025-10-15,2.03101,2.03867,2.0288,2.03744,65761.07
2025-10-16,2.03742,2.04416,2.02806,2.04287,77630.29
2025-10-17,2.04287,2.04838,2.03291,2.03425,74312.6
2025-10-19,2.03165,2.03675,2.03133,2.03397,2866.36
2025-10-20,2.03396,2.0353,2.02473,2.02717,52940.74
2025-10-21,2.02719,2.03503,2.0189,2.01994,66112.68
2025-10-22,2.01992,2.0254,2.0151,2.02339,73419.75
2025-10-23,2.02336,2.025,2.01639,2.01856,52101.33
2025-10-24,2.01857,2.02585,2.01329,2.02174,52774.42
2025-10-26,2.01137,2.01934,2.01133,2.01924,4324.15
2025-10-27,2.01926,2.02165,2.0154,2.01739,45349.79
2025-10-28,2.0174,2.02264,2.01306,2.01561,51420.07
2025-10-29,2.01561,2.01755,2.00724,2.01309,71083.23
2025-10-30,2.01293,2.01949,2.00879,2.01415,63152.83
2025-10-31,2.01414,2.02313,2.01145,2.01405,41293.05
2025-11-02,2.01321,2.0169,2.01304,2.01435,3238.74
2025-11-03,2.01437,2.02189,2.01207,2.01843,43494.97
2025-11-04,2.01843,2.03723,2.01839,2.03549,58457.326
2025-11-05,2.03544,2.04011,2.02692,2.02855,50585.04
2025-11-06,2.0285,2.05054,2.02847,2.04802,50600.39
2025-11-07,2.04807,2.06398,2.04718,2.0543,50173.86
2025-11-09,2.05066,2.05523,2.05049,2.05147,2666.92
2025-11-10,2.05151,2.05466,2.04344,2.04781,44406.46
2025-11-11,2.04786,2.05193,2.0456,2.04821,41521.33
2025-11-12,2.04825,2.04947,2.04254,2.04717,46245.946
2025-11-13,2.04717,2.05976,2.04467,2.05842,56361.43
2025-11-14,2.05841,2.05952,2.04067,2.04485,54942.38
2025-11-16,2.04418,2.04728,2.04357,2.0463,1695.23
2025-11-17,2.04625,2.05104,2.0411,2.04975,48884.63
2025-11-18,2.04975,2.05607,2.04284,2.04627,64558.56
2025-11-19,2.04627,2.06204,2.046,2.0549,68979.42
2025-11-20,2.05499,2.06504,2.04722,2.06291,69494.5
2025-11-21,2.06291,2.06384,2.05001,2.05016,73617.1
2025-11-23,2.04965,2.05208,2.04952,2.05013,1075.26
2025-11-24,2.05014,2.05979,2.05012,2.05261,46609.76
2025-11-25,2.05262,2.06789,2.05029,2.05581,70187.01
2025-11-26,2.05581,2.05672,2.03093,2.03373,77526.11
2025-11-27,2.03372,2.03381,2.02293,2.02443,39351.15
2025-11-28,2.02443,2.02788,2.02017,2.02069,181202.37
2025-11-30,2.0225,2.0243,2.02134,2.02224,2392.98
2025-12-01,2.02229,2.02902,2.02109,2.0271,60498.65
2025-12-02,2.0271,2.03168,2.02045,2.02528,52540.38
2025-12-03,2.0253,2.03389,2.01924,2.02063,62297.75
2025-12-04,2.02062,2.02448,2.01685,2.02158,65999.02
2025-12-05,2.02159,2.02189,2.01375,2.01496,55786.37
2025-12-07,2.01171,2.01713,2.01131,2.01552,2023.63
2025-12-08,2.01559,2.0188,2.01148,2.01516,60236.25
2025-12-09,2.01517,2.01748,2.00728,2.01189,63123.69
2025-12-10,2.01195,2.01733,2.008,2.01172,67817.42
2025-12-11,2.01171,2.02208,2.01043,2.02077,73885.25
2025-12-12,2.0208,2.027,2.01583,2.02162,72607.43
2025-12-14,2.02254,2.0258,2.01985,2.02293,1281.0
2025-12-15,2.02293,2.03478,2.02027,2.03134,67721.42
2025-12-16,2.03134,2.03999,2.02889,2.0311,87952.98
2025-12-17,2.03111,2.03529,2.02721,2.03514,78407.39
2025-12-18,2.03515,2.03961,2.02807,2.03001,77002.76
2025-12-19,2.03001,2.04131,2.02761,2.03305,70724.72
2025-12-21,2.03445,2.03719,2.03347,2.03406,4576.52
2025-12-22,2.03406,2.03448,2.0265,2.02956,62502.16
2025-12-23,2.02956,2.02986,2.01756,2.01843,56622.18
2025-12-24,2.01847,2.02119,2.01567,2.01743,38772.23
2025-12-25,2.01548,2.01986,2.01513,2.01884,6151.65
2025-12-26,2.01886,2.02426,2.0173,2.01761,36492.46
2025-12-28,2.01742,2.02112,2.01718,2.02036,1763.01
2025-12-29,2.02037,2.03213,2.01823,2.02703,60137.11
2025-12-30,2.02702,2.03007,2.02346,2.02825,32187.72
2025-12-31,2.02828,2.04389,2.0279,2.04005,34162.9
2026-01-01,2.03735,2.04192,2.0369,2.0408,632.64
2026-01-02,2.04075,2.04302,2.02973,2.03029,38156.25
2026-01-04,2.03229,2.03514,2.02962,2.03384,1735.54
2026-01-05,2.03385,2.03577,2.02183,2.02458,54956.9
2026-01-06,2.02465,2.0265,2.01726,2.02143,56179.56
2026-01-07,2.02146,2.02377,2.01739,2.02229,60088.13
2026-01-08,2.02231,2.03291,2.02211,2.0273,55965.93
2026-01-09,2.02735,2.03474,2.02721,2.02914,65037.8
2026-01-11,2.0283,2.02998,2.02744,2.02863,1340.82
2026-01-12,2.02861,2.03165,2.01928,2.02084,69887.626
2026-01-13,2.02085,2.03038,2.01711,2.02861,76648.41
2026-01-14,2.02862,2.03075,2.02225,2.02746,68215.63
2026-01-15,2.02747,2.03056,2.01834,2.02098,70419.26
2026-01-16,2.021,2.02101,2.01433,2.01559,60529.24
2026-01-18,2.01388,2.01805,2.01287,2.01655,5895.33
2026-01-19,2.01655,2.01872,2.00658,2.00915,63349.0
2026-01-20,2.00917,2.0141,1.99907,2.01247,93860.27
2026-01-21,2.01242,2.0139,1.99796,1.9994,74647.05
2026-01-22,1.99942,2.00121,1.98115,1.98659,59285.14
2026-01-23,1.98659,1.99116,1.98397,1.98728,60004.53
2026-01-25,1.9887,1.9931,1.98763,1.98926,5651.27
2026-01-26,1.98929,1.99119,1.98163,1.98872,82402.76
2026-01-27,1.98872,1.9978,1.9876,1.99399,95707.61
2026-01-28,1.99399,1.99572,1.97162,1.97533,122281.74
2026-01-29,1.9753,1.97885,1.96512,1.96955,122588.5
2026-01-30,1.96949,1.97341,1.96021,1.96727,154519.16
2026-02-01,1.96825,1.97536,1.96789,1.97128,8985.27
2026-02-02,1.97134,1.97765,1.96222,1.96234,133836.78
2026-02-03,1.96232,1.96481,1.94992,1.95588,111675.52
2026-02-04,1.95589,1.97036,1.95477,1.96763,97575.29
2026-02-05,1.96764,1.98349,1.96444,1.98296,117032.9
2026-02-06,1.98297,1.98549,1.96096,1.96326,67999.93
2026-02-08,1.96109,1.96312,1.95936,1.96039,5278.97
2026-02-09,1.96041,1.9767,1.96022,1.96665,78801.1
2026-02-10,1.96665,1.9733,1.96617,1.96782,55013.66
2026-02-11,1.96783,1.9683,1.95684,1.9632,90798.3
2026-02-12,1.9632,1.96847,1.95556,1.96764,68600.0
2026-02-13,1.96759,1.97048,1.96309,1.96387,70600.52
2026-02-15,1.96465,1.96902,1.9643,1.96667,2391.61
2026-02-16,1.96671,1.96838,1.96151,1.96448,27684.78
2026-02-17,1.96448,1.96719,1.95734,1.95944,60768.96
2026-02-18,1.95943,1.97724,1.95861,1.97569,54164.45
2026-02-19,1.97567,1.97804,1.96842,1.971,56798.21
2026-02-20,1.971,1.97921,1.97068,1.97102,82730.18
2026-02-22,1.97176,1.97416,1.97001,1.97088,3654.64
2026-02-23,1.97089,1.98081,1.9708,1.97863,51102.13
2026-02-24,1.97865,1.98033,1.97194,1.974,50162.49
2026-02-25,1.97405,1.97536,1.96664,1.96894,45631.37
2026-02-26,1.96898,1.97752,1.96587,1.97362,50980.56
2026-02-27,1.97354,1.97488,1.9673,1.96929,56523.43
2026-03-01,1.97512,1.97833,1.97186,1.97386,9080.48
2026-03-02,1.97386,1.97633,1.96379,1.96642,119541.09
2026-03-03,1.96641,1.9775,1.96528,1.9717,171971.53
2026-03-04,1.97169,1.9757,1.95585,1.95943,163644.87
2026-03-05,1.95944,1.97114,1.95588,1.96842,149013.39
2026-03-06,1.96843,1.97233,1.96339,1.96798,145383.64
2026-03-08,1.96727,1.97055,1.96283,1.96923,14918.72
2026-03-09,1.96922,1.9696,1.95426,1.9599,177114.92
2026-03-10,1.95994,1.96593,1.95392,1.95979,130640.98
2026-03-11,1.95973,1.96081,1.95128,1.9578,96822.67
2026-03-12,1.95778,1.96883,1.95286,1.9681,92243.67
2026-03-13,1.96809,1.97665,1.96553,1.97623,83919.02
2026-03-15,1.97061,1.97659,1.9701,1.9729,7649.05
2026-03-16,1.97297,1.97395,1.96174,1.96427,64058.6
2026-03-17,1.96428,1.97447,1.96311,1.96962,71712.88
2026-03-18,1.96961,1.97998,1.96628,1.97794,86698.72
2026-03-19,1.97794,1.9809,1.96855,1.97295,137091.33
2026-03-20,1.97296,1.98494,1.96369,1.98377,137156.2
2026-03-22,1.98027,1.98546,1.97943,1.98211,5763.67
2026-03-23,1.98204,1.99334,1.97491,1.98265,203603.77
2026-03-24,1.98262,1.99593,1.98154,1.98972,182531.24
2026-03-25,1.98976,1.99559,1.98741,1.99109,126752.56
2026-03-26,1.99114,2.00323,1.99072,2.00219,87058.4
2026-03-27,2.00227,2.00536,1.99529,2.00197,76295.06
2026-03-29,2.00001,2.00658,1.99884,2.00633,6080.29
2026-03-30,2.00637,2.00987,2.00112,2.00387,73355.68
2026-03-31,2.00379,2.02073,2.00254,2.01074,117471.93
2026-04-01,2.01075,2.01718,2.00818,2.01574,110657.18
2026-04-02,2.01573,2.02168,2.01368,2.0185,130211.65
2026-04-03,2.01854,2.02587,2.01761,2.02463,27664.89
2026-04-05,2.0214,2.02561,2.02112,2.02419,6434.41
2026-04-06,2.02418,2.02432,2.01609,2.01971,45282.56
2026-04-07,2.01964,2.03108,2.00709,2.01156,94193.39
2026-04-08,2.01157,2.01662,1.99968,2.00138,175003.47
2026-04-09,2.00138,2.00345,1.99304,1.99808,69450.93
2026-04-10,1.99809,2.00879,1.9968,2.00753,40723.11
2026-04-12,2.00877,2.01298,2.00569,2.01148,9070.43
2026-04-13,2.01148,2.01191,2.00043,2.00393,62608.35
2026-04-14,2.00387,2.00772,1.99411,1.99865,50077.68
2026-04-15,1.99863,1.99994,1.99375,1.99705,58393.93
2026-04-16,1.99705,2.00182,1.99502,2.00163,55849.26
2026-04-17,2.00157,2.00515,1.99595,1.99945,62811.35
2026-04-19,2.00256,2.00509,1.99973,2.00122,5891.55
2026-04-20,2.00121,2.00448,1.99234,1.99526,63373.81
2026-04-21,1.99521,1.99653,1.98807,1.99124,73723.43
2026-04-22,1.99124,1.99124,1.9783,1.98218,62077.03
2026-04-23,1.98223,1.99795,1.98165,1.99605,76256.34
2026-04-24,1.99602,1.99875,1.99195,1.9929,63982.86
2026-04-26,1.99283,1.99445,1.99055,1.99395,2330.78
2026-04-27,1.99395,1.994,1.98141,1.98281,49316.18
2026-04-28,1.98279,1.99201,1.98127,1.9898,60742.99
2026-04-29,1.98979,2.00513,1.98813,2.00068,92256.31
2026-04-30,2.00068,2.00345,1.98365,1.98564,136409.22
