date,open,high,low,close,tick_volume
2010-10-01,1.62805,1.62925,1.61235,1.6124,57702.0
2010-10-02,1.6124,1.6124,1.6124,1.6124,0.0
2010-10-03,1.6124,1.61415,1.6096,1.61265,4569.0
2010-10-04,1.61265,1.62425,1.60705,1.61775,81744.0
2010-10-05,1.61785,1.6249,1.6125,1.6159,99731.0
2010-10-06,1.6158,1.61685,1.60045,1.60455,96813.0
2010-10-07,1.60455,1.6207,1.60175,1.61575,94292.0
2010-10-08,1.6159,1.62425,1.6088,1.61305,84859.0
2010-10-09,1.61305,1.61305,1.61305,1.61305,0.0
2010-10-10,1.61305,1.61305,1.6099,1.6105,4526.0
2010-10-11,1.61045,1.61605,1.60825,1.60935,82872.0
2010-10-12,1.60935,1.6172,1.5931,1.5955,105020.0
2010-10-13,1.5955,1.6007,1.58375,1.59745,95637.0
2010-10-14,1.5976,1.61075,1.59585,1.60775,114213.0
2010-10-15,1.6078,1.62175,1.6063,1.61505,96326.0
2010-10-16,1.61505,1.61505,1.61505,1.61505,0.0
2010-10-17,1.61505,1.62205,1.61505,1.62105,5962.0
2010-10-18,1.6211,1.62405,1.6107,1.6177,116451.0
2010-10-19,1.61765,1.6286,1.60995,1.61975,134170.0
2010-10-20,1.6196,1.6259,1.6147,1.621,123956.0
2010-10-21,1.62095,1.62325,1.60345,1.6133,129170.0
2010-10-22,1.6133,1.6153,1.6058,1.60845,96737.0
2010-10-23,1.60845,1.60845,1.60845,1.60845,0.0
2010-10-24,1.60845,1.60973,1.60537,1.60794,28258.0
2010-10-25,1.60794,1.61025,1.59668,1.60205,188444.0
2010-10-26,1.60207,1.62599,1.60145,1.62179,130384.0
2010-10-27,1.62174,1.63292,1.61979,1.62163,144759.0
2010-10-28,1.62144,1.63582,1.61619,1.62663,144349.0
2010-10-29,1.62662,1.63738,1.62357,1.63384,131912.0
2010-10-30,1.63384,1.63384,1.63384,1.63384,0.0
2010-10-31,1.63384,1.63491,1.63293,1.63365,10933.0
2010-11-01,1.63365,1.63902,1.62501,1.62587,131335.0
2010-11-02,1.62587,1.62708,1.61267,1.61694,127924.0
2010-11-03,1.61724,1.62959,1.61252,1.62427,147812.0
2010-11-04,1.62425,1.63589,1.61848,1.63173,145641.0
2010-11-05,1.63171,1.63611,1.61628,1.61628,139304.0
2010-11-06,1.61628,1.61628,1.61628,1.61628,0.0
2010-11-07,1.61628,1.6208,1.61628,1.62005,5800.0
2010-11-08,1.61982,1.62249,1.61365,1.61817,131936.0
2010-11-09,1.61826,1.62155,1.60396,1.61066,140970.0
2010-11-10,1.61058,1.61454,1.60067,1.61241,145134.0
2010-11-11,1.61236,1.62403,1.6113,1.61659,132663.0
2010-11-12,1.61659,1.63495,1.61525,1.63002,130802.0
2010-11-13,1.63002,1.63002,1.63002,1.63002,0.0
2010-11-14,1.63002,1.63383,1.62914,1.62954,3179.0
2010-11-15,1.62954,1.63227,1.61497,1.61967,116473.0
2010-11-16,1.61969,1.63236,1.61493,1.62329,126645.0
2010-11-17,1.62324,1.63119,1.62018,1.6285,104390.0
2010-11-18,1.62855,1.63911,1.61942,1.63449,112651.0
2010-11-19,1.63437,1.63932,1.6235,1.624,86924.0
2010-11-20,1.624,1.624,1.624,1.624,0.0
2010-11-21,1.624,1.62673,1.62297,1.62537,4684.0
2010-11-22,1.62537,1.62912,1.61877,1.62455,110790.0
2010-11-23,1.6249,1.62899,1.61212,1.6139,125590.0
2010-11-24,1.61379,1.61395,1.59148,1.59403,120261.0
2010-11-25,1.59404,1.59564,1.58737,1.58922,74839.0
2010-11-26,1.58922,1.60613,1.58811,1.59119,85347.0
2010-11-27,1.59119,1.59119,1.59119,1.59119,0.0
2010-11-28,1.59119,1.59119,1.58398,1.58779,4681.0
2010-11-29,1.58762,1.59378,1.58343,1.58469,156098.0
2010-11-30,1.58484,1.60139,1.58162,1.59694,240116.0
2010-12-01,1.59694,1.59892,1.58238,1.58923,238455.0
2010-12-02,1.58917,1.59015,1.56203,1.56414,236105.0
2010-12-03,1.56414,1.58473,1.56237,1.58313,201831.0
2010-12-04,1.58313,1.58313,1.58313,1.58313,0.0
2010-12-05,1.58313,1.58313,1.57898,1.58069,3429.0
2010-12-06,1.58062,1.58326,1.57503,1.57968,174036.0
2010-12-07,1.57967,1.59604,1.57933,1.59262,195395.0
2010-12-08,1.59262,1.59885,1.58707,1.59631,189763.0
2010-12-09,1.59651,1.60002,1.58596,1.59318,183135.0
2010-12-10,1.59318,1.60246,1.59154,1.59358,152531.0
2010-12-11,1.59358,1.59358,1.59358,1.59358,0.0
2010-12-12,1.59358,1.59605,1.59358,1.59588,3478.0
2010-12-13,1.59588,1.59976,1.57964,1.59775,180285.0
2010-12-14,1.59775,1.6028,1.584,1.58579,217082.0
2010-12-15,1.58579,1.58837,1.55653,1.56217,210595.0
2010-12-16,1.56217,1.57382,1.5602,1.57179,165616.0
2010-12-17,1.57178,1.57637,1.56243,1.57414,161550.0
2010-12-18,1.57414,1.57414,1.57414,1.57414,0.0
2010-12-19,1.57414,1.57414,1.56888,1.56991,2345.0
2010-12-20,1.56991,1.58212,1.56686,1.57788,156947.0
2010-12-21,1.57785,1.58291,1.57122,1.57357,156340.0
2010-12-22,1.57351,1.57522,1.55664,1.55998,138012.0
2010-12-23,1.55992,1.56678,1.55338,1.55829,120242.0
2010-12-24,1.55826,1.56081,1.55104,1.55452,66410.0
2010-12-25,1.55452,1.55452,1.55452,1.55452,0.0
2010-12-26,1.55452,1.5578,1.55451,1.55664,3971.0
2010-12-27,1.55663,1.55733,1.55019,1.55322,127531.0
2010-12-28,1.55321,1.55759,1.53404,1.53857,151257.0
2010-12-29,1.53863,1.55194,1.53296,1.54968,135234.0
2010-12-30,1.54972,1.55378,1.53699,1.54289,125309.0
2010-12-31,1.54289,1.55787,1.54167,1.55698,131460.0
2011-01-01,1.55698,1.55698,1.55698,1.55698,0.0
2011-01-02,1.55698,1.55698,1.54242,1.54572,4405.0
2011-01-03,1.54568,1.54608,1.52871,1.5368,156966.0
2011-01-04,1.5368,1.56417,1.53498,1.55495,195669.0
2011-01-05,1.55494,1.56244,1.53841,1.5455,192784.0
2011-01-06,1.54546,1.54802,1.53653,1.54093,184665.0
2011-01-07,1.54087,1.54865,1.52943,1.54342,183083.0
2011-01-08,1.54342,1.54342,1.54342,1.54342,0.0
2011-01-09,1.54342,1.54342,1.53959,1.5416,6421.0
2011-01-10,1.54157,1.54968,1.54073,1.54719,172282.0
2011-01-11,1.54708,1.54815,1.5392,1.54375,175109.0
2011-01-12,1.54374,1.55932,1.53674,1.55338,179714.0
2011-01-13,1.55325,1.56982,1.55177,1.56701,178191.0
2011-01-14,1.56705,1.58193,1.56562,1.57125,181676.0
2011-01-15,1.57125,1.57125,1.57125,1.57125,0.0
2011-01-16,1.57125,1.57125,1.56522,1.56795,6274.0
2011-01-17,1.56787,1.57556,1.56475,1.56922,157208.0
2011-01-18,1.56922,1.58706,1.5681,1.5831,205125.0
2011-01-19,1.58303,1.59338,1.58077,1.58985,196963.0
2011-01-20,1.58985,1.599,1.584,1.58549,204677.0
2011-01-21,1.58549,1.59326,1.58225,1.58756,182038.0
2011-01-22,1.58756,1.58756,1.58756,1.58756,0.0
2011-01-23,1.58756,1.58963,1.58755,1.58843,2935.0
2011-01-24,1.58835,1.59253,1.58427,1.58785,171564.0
2011-01-25,1.58785,1.58976,1.56752,1.57674,206087.0
2011-01-26,1.57684,1.58522,1.57157,1.58395,192671.0
2011-01-27,1.58398,1.59282,1.57928,1.58477,190247.0
2011-01-28,1.58477,1.58897,1.57822,1.58698,180609.0
2011-01-29,1.58698,1.58698,1.58698,1.58698,0.0
2011-01-30,1.58698,1.58745,1.58282,1.58613,6633.0
2011-01-31,1.58613,1.61203,1.58504,1.60264,208934.0
2011-02-01,1.60263,1.61174,1.59696,1.59774,214415.0
2011-02-02,1.59767,1.60371,1.59659,1.60023,177496.0
2011-02-03,1.60027,1.60682,1.59588,1.59859,181877.0
2011-02-04,1.59851,1.60102,1.58117,1.58942,150575.0
2011-02-05,1.58942,1.58942,1.58942,1.58942,0.0
2011-02-06,1.58942,1.59008,1.58694,1.58953,4666.0
2011-02-07,1.58965,1.60018,1.58868,1.5968,164744.0
2011-02-08,1.59662,1.60299,1.58745,1.59808,180265.0
2011-02-09,1.59806,1.6025,1.59342,1.60026,162930.0
2011-02-10,1.60034,1.60729,1.59509,1.60262,167526.0
2011-02-11,1.60255,1.60358,1.57823,1.58018,154606.0
2011-02-12,1.58018,1.58018,1.58018,1.58018,0.0
2011-02-13,1.58018,1.5817,1.57865,1.57925,4959.0
2011-02-14,1.57932,1.58733,1.57604,1.58555,151890.0
2011-02-15,1.58548,1.59818,1.57803,1.59614,172400.0
2011-02-16,1.59614,1.59799,1.5787,1.58402,164425.0
2011-02-17,1.58392,1.59432,1.58262,1.59138,154398.0
2011-02-18,1.59137,1.60486,1.5875,1.6028,139664.0
2011-02-19,1.6028,1.6028,1.6028,1.6028,0.0
2011-02-20,1.6028,1.6028,1.59889,1.60044,2825.0
2011-02-21,1.60044,1.6023,1.59238,1.59445,81924.0
2011-02-22,1.5944,1.59992,1.58818,1.59921,152723.0
2011-02-23,1.59912,1.61756,1.59745,1.60459,142472.0
2011-02-24,1.60458,1.60508,1.58154,1.58516,145641.0
2011-02-25,1.5851,1.58584,1.57286,1.57478,122292.0
2011-02-26,1.57478,1.57478,1.57478,1.57478,0.0
2011-02-27,1.57478,1.57618,1.57116,1.57369,4675.0
2011-02-28,1.57369,1.58908,1.57068,1.5799,145003.0
2011-03-01,1.5799,1.59097,1.57588,1.58412,154390.0
2011-03-02,1.58403,1.59238,1.58154,1.5886,131889.0
2011-03-03,1.5886,1.59038,1.58038,1.583,122062.0
2011-03-04,1.58291,1.58595,1.57526,1.5827,91600.0
2011-03-05,1.5827,1.5827,1.5827,1.5827,0.0
2011-03-06,1.5827,1.58363,1.58043,1.58043,2743.0
2011-03-07,1.58043,1.58579,1.57392,1.5757,100397.0
2011-03-08,1.57572,1.57919,1.56807,1.56883,110180.0
2011-03-09,1.56877,1.57274,1.56555,1.56934,108978.0
2011-03-10,1.56934,1.57131,1.56239,1.56626,118651.0
2011-03-11,1.56631,1.56861,1.55687,1.5642,112772.0
2011-03-12,1.5642,1.5642,1.5642,1.5642,0.0
2011-03-13,1.5642,1.56576,1.5621,1.56446,6544.0
2011-03-14,1.56443,1.57967,1.5586,1.57517,119262.0
2011-03-15,1.57517,1.5963,1.57243,1.58096,176439.0
2011-03-16,1.58095,1.59407,1.57751,1.58666,169706.0
2011-03-17,1.58666,1.59849,1.58347,1.58896,179034.0
2011-03-18,1.58891,1.59999,1.57589,1.59652,155487.0
2011-03-19,1.59652,1.59652,1.59652,1.59652,0.0
2011-03-20,1.59652,1.5989,1.59517,1.59551,4444.0
2011-03-21,1.59551,1.59824,1.58465,1.59589,102070.0
2011-03-22,1.59604,1.60657,1.59295,1.60604,105812.0
2011-03-23,1.60597,1.6081,1.59115,1.59299,107933.0
2011-03-24,1.59314,1.59612,1.57078,1.57412,106768.0
2011-03-25,1.57412,1.57465,1.56605,1.57376,101699.0
2011-03-26,1.57376,1.57376,1.57376,1.57376,0.0
2011-03-27,1.57376,1.57376,1.56798,1.57121,3451.0
2011-03-28,1.57126,1.57202,1.55924,1.56278,92071.0
2011-03-29,1.56255,1.56494,1.55654,1.55993,96554.0
2011-03-30,1.55993,1.56425,1.55332,1.56287,104938.0
2011-03-31,1.56275,1.56812,1.55328,1.55379,99033.0
2011-04-01,1.55381,1.55788,1.54253,1.55132,102242.0
2011-04-02,1.55132,1.55132,1.55132,1.55132,0.0
2011-04-03,1.55132,1.55355,1.55132,1.55293,1729.0
2011-04-04,1.55293,1.56331,1.55164,1.55831,82646.0
2011-04-05,1.55831,1.57126,1.55758,1.57079,102834.0
2011-04-06,1.5707,1.57352,1.55916,1.56738,103451.0
2011-04-07,1.56742,1.57068,1.56114,1.56452,91552.0
2011-04-08,1.56455,1.56814,1.55858,1.56441,96272.0
2011-04-09,1.56441,1.56441,1.56441,1.56441,0.0
2011-04-10,1.56441,1.56618,1.56297,1.56548,3729.0
2011-04-11,1.56546,1.57033,1.55822,1.56272,80746.0
2011-04-12,1.56272,1.57033,1.55322,1.56242,107439.0
2011-04-13,1.56246,1.56995,1.56021,1.56676,86512.0
2011-04-14,1.56672,1.57968,1.56636,1.57101,103267.0
2011-04-15,1.571,1.57774,1.56384,1.56458,81156.0
2011-04-16,1.56458,1.56458,1.56458,1.56458,0.0
2011-04-17,1.56458,1.56682,1.56221,1.56606,5577.0
2011-04-18,1.56606,1.57504,1.56192,1.56832,97958.0
2011-04-19,1.56827,1.57223,1.554,1.55965,88097.0
2011-04-20,1.55965,1.56689,1.55233,1.55996,100731.0
2011-04-21,1.55997,1.57882,1.55797,1.57276,108474.0
2011-04-22,1.57265,1.57778,1.57133,1.57497,21280.0
2011-04-23,1.57497,1.57497,1.57497,1.57497,0.0
2011-04-24,1.57497,1.57684,1.57219,1.57574,4009.0
2011-04-25,1.57574,1.5763,1.56979,1.57471,82876.0
2011-04-26,1.57471,1.57563,1.56353,1.56706,121966.0
2011-04-27,1.56702,1.58342,1.56452,1.58125,127510.0
2011-04-28,1.58123,1.58692,1.57754,1.58166,113554.0
2011-04-29,1.58154,1.58881,1.57718,1.57851,87658.0
2011-04-30,1.57851,1.57851,1.57851,1.57851,0.0
2011-05-01,1.57851,1.58137,1.57722,1.57865,11726.0
2011-05-02,1.57865,1.58604,1.57813,1.58317,119587.0
2011-05-03,1.58317,1.58322,1.56562,1.56945,133488.0
2011-05-04,1.56945,1.58532,1.56886,1.58067,134763.0
2011-05-05,1.58071,1.5952,1.57846,1.5834,151387.0
2011-05-06,1.58332,1.58786,1.57019,1.58162,159709.0
2011-05-07,1.58162,1.58162,1.58162,1.58162,0.0
2011-05-08,1.58162,1.58272,1.57486,1.57658,6433.0
2011-05-09,1.57662,1.5833,1.57376,1.58222,143153.0
2011-05-10,1.58223,1.58251,1.56358,1.56541,142832.0
2011-05-11,1.56547,1.57578,1.56071,1.57218,139569.0
2011-05-12,1.57218,1.57673,1.5658,1.56721,152718.0
2011-05-13,1.56706,1.57425,1.56325,1.56812,141749.0
2011-05-14,1.56812,1.56812,1.56812,1.56812,0.0
2011-05-15,1.56812,1.57056,1.56643,1.56871,6523.0
2011-05-16,1.56868,1.58035,1.56639,1.57949,132898.0
2011-05-17,1.57947,1.58732,1.57725,1.57934,152720.0
2011-05-18,1.57937,1.58153,1.56585,1.56614,140089.0
2011-05-19,1.56614,1.57297,1.56154,1.56895,141547.0
2011-05-20,1.56895,1.5827,1.56693,1.5789,121045.0
2011-05-21,1.5789,1.5789,1.5789,1.5789,0.0
2011-05-22,1.5789,1.58133,1.57843,1.58023,5302.0
2011-05-23,1.58024,1.58374,1.57204,1.57234,140942.0
2011-05-24,1.57234,1.58425,1.57007,1.57983,139544.0
2011-05-25,1.57976,1.59502,1.57924,1.59409,141211.0
2011-05-26,1.59413,1.60512,1.58973,1.60481,133443.0
2011-05-27,1.60491,1.6132,1.60244,1.61047,124609.0
2011-05-28,1.61047,1.61047,1.61047,1.61047,0.0
2011-05-29,1.61047,1.61396,1.60984,1.60991,4905.0
2011-05-30,1.60991,1.61191,1.6056,1.61035,65391.0
2011-05-31,1.61035,1.6126,1.58948,1.59287,134634.0
2011-06-01,1.59286,1.59878,1.58667,1.59597,134569.0
2011-06-02,1.59596,1.60289,1.59496,1.59717,125035.0
2011-06-03,1.59717,1.60782,1.59187,1.60456,127669.0
2011-06-04,1.60456,1.60456,1.60456,1.60456,0.0
2011-06-05,1.60456,1.6081,1.60334,1.60698,3956.0
2011-06-06,1.60693,1.61234,1.59922,1.60186,121012.0
2011-06-07,1.60186,1.60678,1.59896,1.60193,120282.0
2011-06-08,1.60194,1.60741,1.59932,1.60688,127950.0
2011-06-09,1.60688,1.61207,1.58972,1.59612,135564.0
2011-06-10,1.59605,1.59665,1.57948,1.58921,144166.0
2011-06-11,1.58921,1.58921,1.58921,1.58921,0.0
2011-06-12,1.58921,1.59064,1.5851,1.58958,3175.0
2011-06-13,1.58961,1.60053,1.58349,1.59764,120691.0
2011-06-14,1.59768,1.60164,1.58384,1.58632,119088.0
2011-06-15,1.58622,1.59174,1.57393,1.58442,138863.0
2011-06-16,1.58443,1.59216,1.57899,1.58571,155610.0
2011-06-17,1.58565,1.59036,1.58161,1.58475,132974.0
2011-06-18,1.58475,1.58475,1.58475,1.58475,0.0
2011-06-19,1.58475,1.58647,1.58344,1.58546,3490.0
2011-06-20,1.58548,1.59308,1.58316,1.58864,146182.0
2011-06-21,1.58863,1.58941,1.57525,1.57712,132265.0
2011-06-22,1.57712,1.58053,1.56204,1.56282,138146.0
2011-06-23,1.56287,1.56873,1.55519,1.5667,152574.0
2011-06-24,1.5667,1.57874,1.56346,1.57613,134907.0
2011-06-25,1.57613,1.57613,1.57613,1.57613,0.0
2011-06-26,1.57613,1.57867,1.57372,1.57772,3725.0
2011-06-27,1.57764,1.58149,1.57427,1.57528,158494.0
2011-06-28,1.57528,1.57889,1.56787,1.56832,168838.0
2011-06-29,1.56829,1.57054,1.55387,1.55543,182379.0
2011-06-30,1.55543,1.55986,1.54265,1.54463,172567.0
2011-07-01,1.54463,1.5491,1.53913,1.53986,149524.0
2011-07-02,1.53986,1.53986,1.53986,1.53986,0.0
2011-07-03,1.53986,1.54094,1.53908,1.54055,4877.0
2011-07-04,1.54055,1.54926,1.53939,1.54439,99345.0
2011-07-05,1.54427,1.55243,1.53871,1.54586,149975.0
2011-07-06,1.54588,1.54892,1.54109,1.54506,163850.0
2011-07-07,1.54511,1.54591,1.52881,1.52995,166233.0
2011-07-08,1.52995,1.55015,1.52558,1.54571,159163.0
2011-07-09,1.54571,1.54571,1.54571,1.54571,0.0
2011-07-10,1.54571,1.54571,1.53918,1.54342,5555.0
2011-07-11,1.54342,1.54747,1.53657,1.54048,160166.0
2011-07-12,1.54048,1.54694,1.53305,1.53569,207981.0
2011-07-13,1.53576,1.54876,1.52825,1.54728,185076.0
2011-07-14,1.54735,1.55261,1.54065,1.54967,172007.0
2011-07-15,1.54969,1.55264,1.53741,1.53741,148030.0
2011-07-16,1.53741,1.53741,1.53741,1.53741,0.0
2011-07-17,1.53741,1.53892,1.53497,1.53823,6135.0
2011-07-18,1.53826,1.54622,1.53712,1.53985,167938.0
2011-07-19,1.53985,1.54325,1.52893,1.53271,161492.0
2011-07-20,1.53271,1.53354,1.52475,1.5292,150974.0
2011-07-21,1.52925,1.54224,1.52689,1.54095,162106.0
2011-07-22,1.54093,1.55111,1.53613,1.54461,136688.0
2011-07-23,1.54461,1.54461,1.54461,1.54461,0.0
2011-07-24,1.54461,1.55085,1.54461,1.55029,6301.0
2011-07-25,1.55025,1.55298,1.53808,1.54187,133192.0
2011-07-26,1.54187,1.54977,1.53785,1.54946,149813.0
2011-07-27,1.54946,1.55117,1.54146,1.55045,156142.0
2011-07-28,1.55045,1.55611,1.54401,1.55442,164703.0
2011-07-29,1.55442,1.57455,1.54527,1.56866,160175.0
2011-07-30,1.56866,1.56866,1.56866,1.56866,0.0
2011-07-31,1.56866,1.56866,1.56143,1.56192,6718.0
2011-08-01,1.56186,1.56819,1.55421,1.55803,158905.0
2011-08-02,1.55803,1.56678,1.55459,1.56544,175029.0
2011-08-03,1.56544,1.58304,1.56159,1.5794,182639.0
2011-08-04,1.5794,1.59646,1.57796,1.59173,209318.0
2011-08-05,1.59173,1.61294,1.58879,1.60917,213541.0
2011-08-06,1.60917,1.60917,1.60917,1.60917,0.0
2011-08-07,1.60917,1.62024,1.60917,1.61496,16160.0
2011-08-08,1.61498,1.62331,1.60842,1.62034,229145.0
2011-08-09,1.62042,1.63606,1.59309,1.59914,284467.0
2011-08-10,1.59918,1.60783,1.588,1.59916,218405.0
2011-08-11,1.59917,1.61063,1.59536,1.60072,207447.0
2011-08-12,1.60072,1.61497,1.59759,1.60607,151714.0
2011-08-13,1.60607,1.60607,1.60607,1.60607,0.0
2011-08-14,1.60607,1.6105,1.60602,1.60892,4650.0
2011-08-15,1.60889,1.61674,1.6043,1.60688,123913.0
2011-08-16,1.60686,1.62166,1.60284,1.61625,148780.0
2011-08-17,1.61626,1.62892,1.60598,1.62111,150097.0
2011-08-18,1.62111,1.63833,1.61955,1.63465,152457.0
2011-08-19,1.63466,1.63854,1.62716,1.63012,161103.0
2011-08-20,1.63012,1.63012,1.63012,1.63012,0.0
2011-08-21,1.63012,1.63385,1.62917,1.63135,4744.0
2011-08-22,1.63135,1.63404,1.6217,1.62966,144186.0
2011-08-23,1.62972,1.6356,1.62657,1.62944,146475.0
2011-08-24,1.62943,1.63331,1.61493,1.61601,135501.0
2011-08-25,1.61606,1.61796,1.60148,1.60806,132577.0
2011-08-26,1.60806,1.61432,1.60173,1.60582,131360.0
2011-08-27,1.60582,1.60582,1.60582,1.60582,0.0
2011-08-28,1.60582,1.60601,1.60033,1.60215,4784.0
2011-08-29,1.60209,1.60664,1.59889,1.60127,90872.0
2011-08-30,1.6013,1.6049,1.59165,1.59585,124833.0
2011-08-31,1.59585,1.59757,1.58676,1.58956,131080.0
2011-09-01,1.58956,1.58978,1.57416,1.5804,143726.0
2011-09-02,1.58037,1.59847,1.57947,1.59722,127546.0
2011-09-03,1.59722,1.59722,1.59722,1.59722,0.0
2011-09-04,1.59722,1.59722,1.59178,1.59517,6162.0
2011-09-05,1.59503,1.59798,1.58913,1.59491,111649.0
2011-09-06,1.59488,1.59958,1.57652,1.57772,157806.0
2011-09-07,1.5778,1.58427,1.57172,1.57206,157553.0
2011-09-08,1.57199,1.58292,1.56697,1.57913,156326.0
2011-09-09,1.57913,1.58599,1.57605,1.58261,164686.0
2011-09-10,1.58261,1.58261,1.58261,1.58261,0.0
2011-09-11,1.58261,1.58261,1.57802,1.58236,7323.0
2011-09-12,1.58236,1.59123,1.57178,1.57305,180996.0
2011-09-13,1.57305,1.57792,1.55497,1.55704,184124.0
2011-09-14,1.55709,1.5669,1.55515,1.56167,183676.0
2011-09-15,1.56171,1.5683,1.5531,1.55455,166100.0
2011-09-16,1.55455,1.55785,1.54277,1.54397,172390.0
2011-09-17,1.54397,1.54397,1.54397,1.54397,0.0
2011-09-18,1.54397,1.54551,1.54102,1.54325,8730.0
2011-09-19,1.54323,1.55673,1.5413,1.55526,162545.0
2011-09-20,1.55526,1.56335,1.55205,1.56195,134734.0
2011-09-21,1.5621,1.56682,1.55398,1.56235,168482.0
2011-09-22,1.56281,1.5949,1.56072,1.57797,186472.0
2011-09-23,1.57804,1.59651,1.57637,1.58817,169187.0
2011-09-24,1.58817,1.58817,1.58817,1.58817,0.0
2011-09-25,1.58817,1.59404,1.58764,1.58958,7219.0
2011-09-26,1.58958,1.61154,1.58904,1.59511,201074.0
2011-09-27,1.59507,1.60229,1.59009,1.59588,191273.0
2011-09-28,1.59588,1.61223,1.59543,1.61033,165395.0
2011-09-29,1.61008,1.62278,1.60469,1.61825,157387.0
2011-09-30,1.61843,1.63681,1.61645,1.63602,140674.0
2011-10-01,1.63602,1.63602,1.63602,1.63602,0.0
2011-10-02,1.63019,1.63616,1.62883,1.63076,5286.0
2011-10-03,1.63073,1.63367,1.61472,1.62677,163498.0
2011-10-04,1.62661,1.63889,1.61761,1.63056,179481.0
2011-10-05,1.63043,1.63076,1.60729,1.611,154651.0
2011-10-06,1.61101,1.61357,1.58989,1.60175,156457.0
2011-10-07,1.60175,1.61861,1.59511,1.61621,143901.0
2011-10-08,1.61621,1.61621,1.61621,1.61621,0.0
2011-10-09,1.61621,1.61682,1.61059,1.61078,6928.99
2011-10-10,1.61077,1.61426,1.60605,1.60776,147380.21
2011-10-11,1.60776,1.61529,1.6011,1.60403,152519.4
2011-10-12,1.60403,1.60662,1.59577,1.60106,149398.82
2011-10-13,1.60106,1.61553,1.59955,1.60891,146329.84
2011-10-14,1.60893,1.61034,1.5965,1.59707,124757.32
2011-10-15,1.59707,1.59707,1.59707,1.59707,0.0
2011-10-16,1.59707,1.59996,1.59595,1.59801,5899.1
2011-10-17,1.59798,1.61251,1.58751,1.60928,132526.33
2011-10-18,1.60928,1.61571,1.59045,1.59375,146943.36
2011-10-19,1.59375,1.61029,1.59077,1.60593,134791.06
2011-10-20,1.6059,1.61105,1.59885,1.6047,133327.3
2011-10-21,1.6046,1.61148,1.60101,1.60501,118137.53
2011-10-22,1.60501,1.60501,1.60501,1.60501,0.0
2011-10-23,1.60501,1.61026,1.60501,1.60674,6724.75
2011-10-24,1.60674,1.60927,1.60026,1.6051,134211.72
2011-10-25,1.60511,1.63179,1.59858,1.62598,139320.05
2011-10-26,1.626,1.62973,1.60157,1.60227,140219.75
2011-10-27,1.6023,1.60372,1.58933,1.59524,153704.6
2011-10-28,1.59521,1.60657,1.59326,1.59921,116407.01
2011-10-29,1.59921,1.59921,1.59921,1.59921,0.0
2011-10-30,1.59921,1.60132,1.59702,1.60075,3633.52
2011-10-31,1.60076,1.61007,1.59347,1.6057,158381.55
2011-11-01,1.60553,1.62896,1.60299,1.62695,169081.63
2011-11-02,1.6269,1.6323,1.61438,1.61906,147809.46
2011-11-03,1.61908,1.62506,1.61134,1.61613,155330.88
2011-11-04,1.61613,1.63452,1.61474,1.63281,129234.62
2011-11-05,1.63281,1.63281,1.63281,1.63281,0.0
2011-11-06,1.63281,1.63316,1.62682,1.62994,4023.82
2011-11-07,1.62998,1.63411,1.62416,1.62847,127200.97
2011-11-08,1.62835,1.63531,1.62187,1.62471,112439.32
2011-11-09,1.62474,1.6321,1.62196,1.62883,144417.49
2011-11-10,1.62883,1.63312,1.61891,1.61954,152683.62
2011-11-11,1.61957,1.63216,1.61945,1.62211,118596.94
2011-11-12,1.62211,1.62211,1.62211,1.62211,0.0
2011-11-13,1.62211,1.62465,1.61953,1.62273,3185.46
2011-11-14,1.62273,1.63212,1.61521,1.61642,130406.1
2011-11-15,1.61642,1.62796,1.61287,1.61601,161678.72
2011-11-16,1.61601,1.62203,1.60587,1.61007,171376.52
2011-11-17,1.60997,1.62146,1.60702,1.6209,177352.88
2011-11-18,1.62089,1.62807,1.6156,1.62376,149943.47
2011-11-19,1.62376,1.62376,1.62376,1.62376,0.0
2011-11-20,1.62376,1.62376,1.62013,1.62081,4893.37
2011-11-21,1.62081,1.62759,1.61636,1.62497,132466.63
2011-11-22,1.62489,1.62774,1.61832,1.62353,140842.06
2011-11-23,1.62353,1.62826,1.62008,1.62657,151563.26
2011-11-24,1.62662,1.63034,1.61926,1.6217,98604.67
2011-11-25,1.62172,1.62921,1.61483,1.61587,122132.69
2011-11-26,1.61587,1.61587,1.61587,1.61587,0.0
2011-11-27,1.61587,1.61824,1.61094,1.61181,7684.09
2011-11-28,1.61186,1.61575,1.60132,1.60372,151728.54
2011-11-29,1.60359,1.61196,1.60076,1.60953,148630.12
2011-11-30,1.60954,1.61125,1.59474,1.59874,161392.44
2011-12-01,1.59872,1.60429,1.58989,1.59041,140181.85
2011-12-02,1.59048,1.59472,1.58162,1.58961,133790.98
2011-12-03,1.58961,1.58961,1.58961,1.58961,0.0
2011-12-04,1.58961,1.58961,1.58405,1.58711,3649.12
2011-12-05,1.58715,1.59309,1.58486,1.59069,140141.08
2011-12-06,1.59069,1.59458,1.57339,1.57444,156103.1
2011-12-07,1.57443,1.59047,1.57229,1.5847,146585.41
2011-12-08,1.58467,1.59978,1.58315,1.59868,152665.12
2011-12-09,1.59868,1.60801,1.59259,1.59301,156693.96
2011-12-10,1.59301,1.59301,1.59301,1.59301,0.0
2011-12-11,1.59301,1.59615,1.59046,1.594,3132.98
2011-12-12,1.59402,1.6045,1.59201,1.60038,163519.21
2011-12-13,1.60039,1.60302,1.59515,1.60082,177771.74
2011-12-14,1.60082,1.61079,1.59927,1.60741,174871.97
2011-12-15,1.60735,1.61038,1.59993,1.60405,169249.64
2011-12-16,1.60416,1.61476,1.59945,1.61351,129753.46
2011-12-17,1.61351,1.61351,1.61351,1.61351,0.0
2011-12-18,1.61351,1.61351,1.60789,1.61165,3122.96
2011-12-19,1.61156,1.61274,1.60266,1.60908,151964.13
2011-12-20,1.60915,1.61685,1.60752,1.61157,150035.82
2011-12-21,1.61157,1.6163,1.60699,1.60959,169110.7
2011-12-22,1.60954,1.61081,1.59922,1.60068,104739.46
2011-12-23,1.60072,1.60226,1.58753,1.58903,80574.11
2011-12-24,1.58903,1.58903,1.58903,1.58903,0.0
2011-12-25,1.58903,1.59294,1.58711,1.59048,265.37
2011-12-26,1.5905,1.59993,1.58788,1.5925,15226.59
2011-12-27,1.59263,1.60212,1.58952,1.59643,68439.61
2011-12-28,1.59632,1.59873,1.57651,1.5833,117943.9
2011-12-29,1.58319,1.58475,1.56975,1.57296,122744.24
2011-12-30,1.57292,1.58856,1.57055,1.58747,100144.9
2011-12-31,1.58747,1.58747,1.58747,1.58747,0.0
2012-01-01,1.58747,1.58747,1.57618,1.57717,633.22
2012-01-02,1.57716,1.5838,1.57716,1.57819,29364.6
2012-01-03,1.57827,1.58396,1.57286,1.58198,128773.56
2012-01-04,1.58201,1.58693,1.57923,1.58196,140163.65
2012-01-05,1.58196,1.58557,1.57362,1.58038,157288.49
2012-01-06,1.58057,1.58729,1.57448,1.58562,144747.55
2012-01-07,1.58562,1.58562,1.58562,1.58562,0.0
2012-01-08,1.58562,1.58714,1.58397,1.58617,6041.72
2012-01-09,1.58617,1.59102,1.58012,1.58028,145051.05
2012-01-10,1.5803,1.58089,1.57123,1.57374,142566.39
2012-01-11,1.57373,1.57452,1.56033,1.56131,154298.14
2012-01-12,1.5613,1.56558,1.55645,1.56189,158957.36
2012-01-13,1.56189,1.56995,1.55931,1.56681,172087.97
2012-01-14,1.56681,1.56681,1.56681,1.56681,0.0
2012-01-15,1.56681,1.56788,1.56456,1.56733,4337.78
2012-01-16,1.56737,1.56827,1.55768,1.55907,139939.76
2012-01-17,1.55908,1.56026,1.55422,1.55651,177706.14
2012-01-18,1.55651,1.56745,1.55474,1.56065,185975.46
2012-01-19,1.56065,1.56696,1.55557,1.56652,171079.35
2012-01-20,1.56654,1.57871,1.56552,1.57772,139862.63
2012-01-21,1.57772,1.57772,1.57772,1.57772,0.0
2012-01-22,1.57772,1.58011,1.57627,1.57764,5120.09
2012-01-23,1.57765,1.57787,1.56594,1.5692,144381.81
2012-01-24,1.56932,1.57998,1.56711,1.57677,145643.44
2012-01-25,1.57676,1.58113,1.57068,1.57272,169664.37
2012-01-26,1.57272,1.57306,1.56686,1.57169,122602.98
2012-01-27,1.57169,1.57614,1.56649,1.57413,158352.33
2012-01-28,1.57413,1.57413,1.57413,1.57413,0.0
2012-01-29,1.57413,1.57553,1.57336,1.57412,4917.55
2012-01-30,1.57418,1.57831,1.5725,1.57406,147472.26
2012-01-31,1.57406,1.58495,1.5716,1.581,164871.52
2012-02-01,1.581,1.58387,1.57376,1.58062,159014.15
2012-02-02,1.58061,1.58374,1.57738,1.57935,148741.41
2012-02-03,1.57935,1.58685,1.56866,1.57021,134390.31
2012-02-04,1.57021,1.57021,1.57021,1.57021,0.0
2012-02-05,1.57021,1.57326,1.5669,1.56956,5773.8
2012-02-06,1.56956,1.57765,1.56865,1.57529,123899.36
2012-02-07,1.57529,1.58259,1.57379,1.58116,149350.4
2012-02-08,1.58116,1.58322,1.57216,1.57523,138315.83
2012-02-09,1.57523,1.5834,1.57241,1.57379,127758.0
2012-02-10,1.57377,1.584,1.5728,1.5775,112058.54
2012-02-11,1.5775,1.5775,1.5775,1.5775,0.0
2012-02-12,1.5775,1.58038,1.57722,1.57779,6408.71
2012-02-13,1.57779,1.58031,1.57234,1.57368,121374.78
2012-02-14,1.57371,1.57669,1.56629,1.56692,139239.62
2012-02-15,1.56692,1.56961,1.55896,1.56904,148328.23
2012-02-16,1.56906,1.57588,1.5687,1.57546,147960.85
2012-02-17,1.57546,1.57869,1.57259,1.57802,127594.95
2012-02-18,1.57802,1.57802,1.57802,1.57802,0.0
2012-02-19,1.57802,1.57802,1.57226,1.57298,9770.35
2012-02-20,1.57301,1.57669,1.57137,1.57431,96086.19
2012-02-21,1.57431,1.57727,1.57119,1.57342,151162.03
2012-02-22,1.57342,1.57512,1.5631,1.56602,141904.44
2012-02-23,1.56602,1.57067,1.56312,1.56987,135410.39
2012-02-24,1.56987,1.5893,1.56913,1.58632,127154.63
2012-02-25,1.58632,1.58632,1.58632,1.58632,0.0
2012-02-26,1.58632,1.58886,1.58506,1.58777,8128.23
2012-02-27,1.58777,1.5941,1.57871,1.58006,136659.18
2012-02-28,1.58006,1.58326,1.57547,1.58228,140043.67
2012-02-29,1.58228,1.58296,1.57141,1.57365,140959.97
2012-03-01,1.57358,1.57648,1.56928,1.57216,127584.32
2012-03-02,1.57212,1.57377,1.56346,1.56577,111625.26
2012-03-03,1.56577,1.56577,1.56577,1.56577,0.0
2012-03-04,1.56577,1.56826,1.56556,1.56627,2761.17
2012-03-05,1.56641,1.5786,1.56479,1.57758,113875.4
2012-03-06,1.57758,1.58007,1.57236,1.57381,131427.95
2012-03-07,1.57381,1.57546,1.5694,1.57039,115158.7
2012-03-08,1.57036,1.57537,1.56585,1.56702,124948.64
2012-03-09,1.56703,1.56893,1.54907,1.55222,112716.02
2012-03-10,1.55222,1.55222,1.55222,1.55222,0.0
2012-03-11,1.55222,1.55312,1.55079,1.55137,3031.08
2012-03-12,1.55143,1.55561,1.5471,1.55156,106290.66
2012-03-13,1.55157,1.55925,1.54632,1.55212,120443.76
2012-03-14,1.55212,1.56136,1.54926,1.55561,116211.06
2012-03-15,1.55553,1.55981,1.55175,1.55794,113776.98
2012-03-16,1.55794,1.57377,1.55751,1.57047,95227.6
2012-03-17,1.57047,1.57047,1.57047,1.57047,0.0
2012-03-18,1.57047,1.57116,1.56904,1.56917,3715.44
2012-03-19,1.56917,1.57587,1.56652,1.56886,93891.0
2012-03-20,1.56889,1.58041,1.56729,1.57212,105285.23
2012-03-21,1.57212,1.57507,1.56701,1.57461,117192.99
2012-03-22,1.57461,1.58241,1.57049,1.58032,115082.22
2012-03-23,1.58021,1.58992,1.57932,1.58306,99059.6
2012-03-24,1.58306,1.58306,1.58306,1.58306,0.0
2012-03-25,1.58306,1.58511,1.58179,1.58215,3147.49
2012-03-26,1.58224,1.58509,1.57796,1.58209,101915.33
2012-03-27,1.58209,1.5889,1.5798,1.58811,98512.28
2012-03-28,1.58811,1.59013,1.57905,1.5853,116922.83
2012-03-29,1.58533,1.59208,1.58526,1.59032,112022.32
2012-03-30,1.59032,1.59951,1.59008,1.59857,107128.01
2012-03-31,1.59857,1.59857,1.59857,1.59857,0.0
2012-04-01,1.59857,1.59857,1.5934,1.59496,3832.16
2012-04-02,1.59496,1.60307,1.58607,1.58748,104622.68
2012-04-03,1.58748,1.58929,1.57562,1.5762,117581.1
2012-04-04,1.57621,1.58446,1.57512,1.58431,112275.79
2012-04-05,1.58432,1.58599,1.56881,1.57199,104366.66
2012-04-06,1.572,1.58487,1.5713,1.58241,35781.14
2012-04-07,1.58241,1.58241,1.58241,1.58241,0.0
2012-04-09,1.58192,1.58622,1.58171,1.58517,39298.0
2012-04-10,1.58518,1.59377,1.57982,1.59285,123754.72
2012-04-11,1.5928,1.59782,1.59187,1.59761,114518.79
2012-04-12,1.59761,1.59783,1.5853,1.58712,116640.96
2012-04-13,1.58712,1.58858,1.58061,1.58357,107334.17
2012-04-14,1.58357,1.58357,1.58357,1.58357,0.0
2012-04-15,1.58357,1.58454,1.58179,1.58217,3322.45
2012-04-16,1.58221,1.59202,1.58009,1.58893,128707.97
2012-04-17,1.58893,1.59323,1.57199,1.57635,117346.06
2012-04-18,1.57634,1.58977,1.57231,1.58747,126241.93
2012-04-19,1.58746,1.59885,1.5853,1.5969,127136.27
2012-04-20,1.59691,1.60216,1.59485,1.59901,105645.33
2012-04-21,1.59901,1.59901,1.59901,1.59901,0.0
2012-04-22,1.59901,1.60199,1.59888,1.6017,2502.61
2012-04-23,1.60178,1.60641,1.59663,1.59735,105327.63
2012-04-24,1.59735,1.60032,1.59259,1.593,109721.69
2012-04-25,1.593,1.59482,1.58382,1.58947,117882.07
2012-04-26,1.5895,1.59602,1.58773,1.59468,108410.25
2012-04-27,1.59472,1.59689,1.59171,1.59441,109140.15
2012-04-28,1.59441,1.59441,1.59441,1.59441,0.0
2012-04-29,1.59441,1.59707,1.59441,1.59687,2285.73
2012-04-30,1.59687,1.60597,1.59531,1.60293,93078.28
2012-05-01,1.60297,1.60692,1.59383,1.5986,75321.39
2012-05-02,1.5986,1.60301,1.59599,1.59767,110677.43
2012-05-03,1.59769,1.60034,1.58979,1.59943,109798.42
2012-05-04,1.59951,1.60854,1.59454,1.60807,99552.35
2012-05-05,1.60807,1.60807,1.60807,1.60807,0.0
2012-05-06,1.60807,1.60972,1.60532,1.60881,6671.27
2012-05-07,1.60879,1.61182,1.60508,1.60674,93291.8
2012-05-08,1.60674,1.61763,1.60644,1.61381,109817.73
2012-05-09,1.61372,1.62025,1.61301,1.61687,142412.24
2012-05-10,1.61687,1.61967,1.6117,1.6181,132712.15
2012-05-11,1.6181,1.62027,1.6013,1.60746,131174.53
2012-05-12,1.60746,1.60746,1.60746,1.60746,0.0
2012-05-13,1.60746,1.61032,1.60381,1.60788,5784.38
2012-05-14,1.6079,1.61647,1.60577,1.61331,132714.49
2012-05-15,1.61327,1.61519,1.60167,1.60952,138370.4
2012-05-16,1.60951,1.61549,1.60012,1.611,165385.44
2012-05-17,1.61102,1.61179,1.60149,1.60801,156623.2
2012-05-18,1.608,1.61718,1.60466,1.61654,153678.15
2012-05-19,1.61654,1.61654,1.61654,1.61654,0.0
2012-05-20,1.61654,1.61697,1.61313,1.61466,6309.25
2012-05-21,1.6147,1.61772,1.60911,1.61076,160200.21
2012-05-22,1.61075,1.61131,1.6027,1.61057,161105.64
2012-05-23,1.61059,1.61645,1.60397,1.6089,200771.51
2012-05-24,1.6089,1.61427,1.60417,1.60712,193875.13
2012-05-25,1.60711,1.61372,1.60474,1.61226,159099.66
2012-05-26,1.61226,1.61226,1.61226,1.61226,0.0
2012-05-27,1.61226,1.61226,1.60785,1.60831,5776.05
2012-05-28,1.6084,1.61055,1.60441,1.60672,97453.52
2012-05-29,1.60672,1.60775,1.59707,1.60016,162930.71
2012-05-30,1.60017,1.60493,1.59271,1.59482,180042.73
2012-05-31,1.59482,1.59708,1.58827,1.59057,175261.95
2012-06-01,1.59057,1.60253,1.5864,1.59901,188847.29
2012-06-02,1.59901,1.59901,1.59901,1.59901,0.0
2012-06-03,1.59901,1.60271,1.59473,1.60257,9813.25
2012-06-04,1.60257,1.60463,1.59529,1.5977,139754.99
2012-06-05,1.59764,1.60012,1.59297,1.59476,163999.36
2012-06-06,1.59476,1.60344,1.59039,1.59192,178783.63
2012-06-07,1.59192,1.59701,1.58723,1.59426,172646.3
2012-06-08,1.59426,1.59782,1.58723,1.588,169447.14
2012-06-09,1.588,1.588,1.588,1.588,0.0
2012-06-10,1.588,1.58964,1.58442,1.58697,11196.8
2012-06-11,1.58696,1.59813,1.58661,1.59594,165858.63
2012-06-12,1.59594,1.60063,1.59188,1.5978,176976.38
2012-06-13,1.5978,1.59963,1.59348,1.59614,164253.41
2012-06-14,1.59614,1.5964,1.59003,1.59139,147152.97
2012-06-15,1.59139,1.60713,1.58467,1.60451,130559.09
2012-06-16,1.60451,1.60451,1.60451,1.60451,0.0
2012-06-17,1.60451,1.60557,1.60182,1.6035,9502.14
2012-06-18,1.6035,1.60807,1.59943,1.60333,155592.37
2012-06-19,1.60335,1.60521,1.59564,1.60005,154328.21
2012-06-20,1.60005,1.60581,1.59466,1.60141,154980.1
2012-06-21,1.60141,1.60549,1.59739,1.60441,166320.13
2012-06-22,1.6044,1.60736,1.59555,1.59606,128480.89
2012-06-23,1.59606,1.59606,1.59606,1.59606,0.0
2012-06-24,1.59606,1.59999,1.59606,1.59945,5364.29
2012-06-25,1.59947,1.60489,1.59647,1.60117,125024.75
2012-06-26,1.60117,1.60525,1.60026,1.60105,149415.52
2012-06-27,1.60101,1.60286,1.59441,1.59611,121290.61
2012-06-28,1.59611,1.60485,1.59411,1.60371,151829.71
2012-06-29,1.60372,1.6062,1.59302,1.59621,178001.24
2012-06-30,1.59621,1.59621,1.59621,1.59621,0.0
2012-07-01,1.59506,1.59659,1.59372,1.59597,5508.89
2012-07-02,1.59597,1.60018,1.59187,1.59572,127693.48
2012-07-03,1.59572,1.59589,1.5863,1.58777,112455.33
2012-07-04,1.58777,1.58956,1.57656,1.5792,84519.73
2012-07-05,1.57922,1.58238,1.57133,1.57514,129016.52
2012-07-06,1.57514,1.58045,1.57386,1.57789,113539.37
2012-07-07,1.57789,1.57789,1.57789,1.57789,0.0
2012-07-08,1.57789,1.58012,1.57686,1.57838,4310.24
2012-07-09,1.57838,1.58451,1.57732,1.58267,95062.68
2012-07-10,1.58267,1.58728,1.5788,1.58607,110872.54
2012-07-11,1.58618,1.58832,1.57918,1.58064,113803.08
2012-07-12,1.58063,1.58291,1.5704,1.57311,126564.47
2012-07-13,1.57314,1.58085,1.56827,1.57916,115721.64
2012-07-14,1.57916,1.57916,1.57916,1.57916,0.0
2012-07-15,1.57916,1.58079,1.57711,1.57969,6295.39
2012-07-16,1.57971,1.58872,1.57522,1.58591,100215.66
2012-07-17,1.58591,1.58876,1.581,1.58508,119069.26
2012-07-18,1.58502,1.58542,1.57878,1.58016,103419.36
2012-07-19,1.58019,1.58516,1.57931,1.58366,119066.58
2012-07-20,1.58367,1.58612,1.57863,1.58126,122406.14
2012-07-21,1.58126,1.58126,1.58126,1.58126,0.0
2012-07-22,1.58126,1.58417,1.57975,1.58308,7342.66
2012-07-23,1.58309,1.58311,1.57688,1.57961,147879.59
2012-07-24,1.57961,1.58511,1.57816,1.58466,145272.08
2012-07-25,1.58469,1.58506,1.57206,1.57304,151432.69
2012-07-26,1.57313,1.58584,1.56932,1.58385,132329.73
2012-07-27,1.58385,1.58691,1.57829,1.57921,154895.19
2012-07-28,1.57921,1.57921,1.57921,1.57921,0.0
2012-07-29,1.57921,1.58087,1.57788,1.57924,4901.68
2012-07-30,1.57925,1.58037,1.57233,1.57334,118814.36
2012-07-31,1.57334,1.57397,1.56708,1.57184,134381.33
2012-08-01,1.57184,1.57216,1.55981,1.56154,114742.26
2012-08-02,1.56158,1.56499,1.55742,1.56237,98423.57
2012-08-03,1.56236,1.56732,1.55342,1.56562,98793.56
2012-08-04,1.56562,1.56562,1.56562,1.56562,0.0
2012-08-05,1.56562,1.56639,1.56278,1.56591,7676.97
2012-08-06,1.56591,1.56633,1.55623,1.55979,86327.47
2012-08-07,1.55979,1.56445,1.55622,1.55721,94144.25
2012-08-08,1.55721,1.56138,1.55288,1.55883,97808.69
2012-08-09,1.55884,1.55952,1.54836,1.5493,95140.37
2012-08-10,1.5493,1.55741,1.54777,1.55446,82211.7
2012-08-11,1.55446,1.55446,1.55446,1.55446,0.0
2012-08-12,1.55446,1.55446,1.55148,1.55332,3383.19
2012-08-13,1.55336,1.56042,1.55175,1.55619,89648.35
2012-08-14,1.55617,1.55974,1.55412,1.55488,92086.89
2012-08-15,1.55488,1.55814,1.55077,1.55124,82799.56
2012-08-16,1.55112,1.55742,1.54656,1.55213,86998.37
2012-08-17,1.55216,1.55582,1.54876,1.55226,77509.89
2012-08-18,1.55226,1.55226,1.55226,1.55226,0.0
2012-08-19,1.55226,1.55296,1.55024,1.55078,2217.27
2012-08-20,1.55074,1.55557,1.54931,1.55303,67752.62
2012-08-21,1.55303,1.56162,1.55196,1.56123,83672.42
2012-08-22,1.56124,1.57487,1.56091,1.57346,112093.78
2012-08-23,1.57346,1.57791,1.57043,1.57599,112901.45
2012-08-24,1.57599,1.57704,1.5662,1.56856,89989.93
2012-08-25,1.56856,1.56856,1.56856,1.56856,0.0
2012-08-26,1.56856,1.56991,1.56675,1.56751,5301.6
2012-08-27,1.5675,1.56802,1.56228,1.56386,62579.23
2012-08-28,1.56386,1.56462,1.55626,1.56338,82573.76
2012-08-29,1.56338,1.56712,1.56063,1.56627,73011.12
2012-08-30,1.56627,1.57326,1.56545,1.56724,86731.31
2012-08-31,1.56724,1.57063,1.56313,1.56387,95583.03
2012-09-01,1.56387,1.56387,1.56387,1.56387,0.0
2012-09-02,1.56387,1.56798,1.56387,1.56461,5464.83
2012-09-03,1.56461,1.56941,1.56279,1.56606,66412.75
2012-09-04,1.56606,1.56953,1.56202,1.56546,82703.78
2012-09-05,1.56551,1.57937,1.56349,1.57536,100340.78
2012-09-06,1.57536,1.57668,1.56198,1.56576,103108.38
2012-09-07,1.56579,1.56882,1.56175,1.56636,96330.29
2012-09-08,1.56636,1.56636,1.56636,1.56636,0.0
2012-09-09,1.56636,1.56636,1.56398,1.56584,3059.04
2012-09-10,1.56585,1.56662,1.56031,1.56224,72939.47
2012-09-11,1.56224,1.56447,1.55638,1.56444,95375.13
2012-09-12,1.56452,1.5732,1.56146,1.57201,97474.47
2012-09-13,1.57204,1.57529,1.56158,1.56408,97835.75
2012-09-14,1.56408,1.57729,1.56194,1.57548,97195.39
2012-09-15,1.57548,1.57548,1.57548,1.57548,0.0
2012-09-16,1.57548,1.57629,1.5728,1.57625,4415.07
2012-09-17,1.57625,1.58526,1.57261,1.58274,85416.96
2012-09-18,1.5828,1.58566,1.58103,1.58349,99781.62
2012-09-19,1.58351,1.58417,1.57692,1.58273,101615.15
2012-09-20,1.58272,1.58866,1.58204,1.58336,109562.99
2012-09-21,1.58334,1.58851,1.58105,1.58412,99742.37
2012-09-22,1.58412,1.58412,1.58412,1.58412,0.0
2012-09-23,1.58412,1.58784,1.58313,1.58666,3503.95
2012-09-24,1.58679,1.59104,1.58566,1.58704,81721.24
2012-09-25,1.58704,1.59206,1.58457,1.58826,92074.18
2012-09-26,1.58827,1.59311,1.58513,1.59206,98381.67
2012-09-27,1.59206,1.59884,1.58933,1.59192,111685.76
2012-09-28,1.59191,1.59272,1.58546,1.59021,117841.14
2012-09-29,1.59021,1.59021,1.59021,1.59021,0.0
2012-09-30,1.59021,1.59021,1.58525,1.58666,8024.29
2012-10-01,1.58664,1.58856,1.58272,1.58376,102391.84
2012-10-02,1.58373,1.59069,1.58316,1.58724,96427.03
2012-10-03,1.58736,1.59103,1.58564,1.58859,106979.04
2012-10-04,1.58861,1.59213,1.58535,1.58757,109499.53
2012-10-05,1.58759,1.58839,1.57789,1.57852,93610.85
2012-10-06,1.57852,1.57852,1.57852,1.57852,0.0
2012-10-07,1.57852,1.57877,1.57635,1.57686,8651.66
2012-10-08,1.57686,1.57694,1.56292,1.56476,78532.23
2012-10-09,1.56477,1.56819,1.56142,1.56634,107973.37
2012-10-10,1.56637,1.57317,1.56426,1.57176,100755.1
2012-10-11,1.57175,1.57311,1.56647,1.56992,90124.91
2012-10-12,1.56992,1.57623,1.56737,1.57389,79554.8
2012-10-13,1.57389,1.57389,1.57389,1.57389,0.0
2012-10-14,1.57389,1.575,1.57215,1.57431,6504.57
2012-10-15,1.57431,1.57785,1.56899,1.57731,88340.48
2012-10-16,1.5773,1.59206,1.57602,1.58975,110467.37
2012-10-17,1.58982,1.59452,1.57781,1.57858,99674.16
2012-10-18,1.57859,1.58535,1.5751,1.58103,97272.97
2012-10-19,1.58103,1.59104,1.58028,1.58954,90996.35
2012-10-20,1.58954,1.58954,1.58954,1.58954,0.0
2012-10-21,1.58954,1.59277,1.58954,1.59052,6330.79
2012-10-22,1.5905,1.59741,1.58774,1.58941,94192.11
2012-10-23,1.58943,1.59416,1.57956,1.58298,100543.51
2012-10-24,1.583,1.59558,1.57983,1.59381,116884.87
2012-10-25,1.59386,1.60464,1.59215,1.60339,113369.87
2012-10-26,1.60339,1.60813,1.60232,1.60527,109888.5
2012-10-27,1.60527,1.60527,1.60527,1.60527,0.0
2012-10-28,1.60527,1.60813,1.603,1.60748,6425.7
2012-10-29,1.60755,1.60763,1.60152,1.60414,77026.99
2012-10-30,1.60414,1.60887,1.60366,1.60679,76022.6
2012-10-31,1.60678,1.6136,1.60543,1.61309,100842.98
2012-11-01,1.6131,1.61797,1.60592,1.60733,86549.48
2012-11-02,1.60733,1.60744,1.59185,1.59525,104231.46
2012-11-03,1.59525,1.59525,1.59525,1.59525,0.0
2012-11-04,1.59525,1.59525,1.59234,1.59489,3246.39
2012-11-05,1.59489,1.59541,1.58982,1.59182,87644.09
2012-11-06,1.59185,1.59261,1.58571,1.58613,101208.17
2012-11-07,1.58612,1.59491,1.58151,1.59212,144756.07
2012-11-08,1.59212,1.59948,1.58861,1.59799,120415.89
2012-11-09,1.59802,1.60028,1.58931,1.59133,117918.4
2012-11-10,1.59133,1.59133,1.59133,1.59133,0.0
2012-11-11,1.59133,1.59133,1.58927,1.58928,3929.84
2012-11-12,1.58929,1.59033,1.58548,1.58733,55075.96
2012-11-13,1.58733,1.59411,1.58588,1.59006,100894.65
2012-11-14,1.59002,1.59096,1.58664,1.59005,94297.09
2012-11-15,1.59001,1.59212,1.58529,1.58747,92556.91
2012-11-16,1.58745,1.59258,1.58655,1.58961,92487.7
2012-11-17,1.58961,1.58961,1.58961,1.58961,0.0
2012-11-18,1.58961,1.59108,1.58906,1.59,3002.64
2012-11-19,1.59,1.59269,1.58377,1.58433,78710.36
2012-11-20,1.58428,1.59021,1.58361,1.58678,85627.24
2012-11-21,1.58681,1.59137,1.58541,1.59041,91333.1
2012-11-22,1.59041,1.59203,1.58803,1.58987,64342.97
2012-11-23,1.58984,1.59246,1.58759,1.59084,72241.45
2012-11-24,1.59084,1.59084,1.59084,1.59084,0.0
2012-11-25,1.59084,1.59251,1.58947,1.59211,3078.41
2012-11-26,1.59206,1.59519,1.58865,1.59168,74994.06
2012-11-27,1.59173,1.59365,1.58882,1.59267,92532.95
2012-11-28,1.59276,1.59351,1.58731,1.58856,93178.58
2012-11-29,1.58854,1.59313,1.58711,1.59242,85214.88
2012-11-30,1.59242,1.59437,1.58842,1.59182,93092.43
2012-12-01,1.59182,1.59182,1.59182,1.59182,0.0
2012-12-02,1.59042,1.59321,1.59042,1.59221,2928.68
2012-12-03,1.59221,1.60156,1.59096,1.60052,83014.17
2012-12-04,1.60053,1.60437,1.59641,1.59894,82535.88
2012-12-05,1.59894,1.6002,1.59463,1.59616,87285.04
2012-12-06,1.59615,1.59839,1.58997,1.59119,93517.36
2012-12-07,1.59119,1.59191,1.58127,1.58501,89711.1
2012-12-08,1.58501,1.58501,1.58501,1.58501,0.0
2012-12-09,1.58501,1.58501,1.58076,1.58241,4525.2
2012-12-10,1.58241,1.59063,1.58124,1.58544,68955.7
2012-12-11,1.58542,1.59096,1.58528,1.58925,72515.96
2012-12-12,1.58926,1.59237,1.58685,1.58882,75195.07
2012-12-13,1.58892,1.58923,1.58405,1.58595,72164.58
2012-12-14,1.58594,1.59516,1.58481,1.59371,80445.1
2012-12-15,1.59371,1.59371,1.59371,1.59371,0.0
2012-12-16,1.59371,1.59581,1.5936,1.59432,4529.84
2012-12-17,1.59427,1.60207,1.59299,1.59407,75051.82
2012-12-18,1.59407,1.60305,1.59293,1.60241,67491.19
2012-12-19,1.60241,1.60872,1.60233,1.60697,84927.43
2012-12-20,1.60697,1.61145,1.60541,1.60719,80214.31
2012-12-21,1.60719,1.61134,1.60374,1.60567,92672.45
2012-12-22,1.60567,1.60567,1.60567,1.60567,0.0
2012-12-23,1.60567,1.60567,1.604,1.60487,4009.01
2012-12-24,1.60492,1.60911,1.59652,1.60074,54477.29
2012-12-25,1.60102,1.60267,1.59536,1.59914,6349.13
2012-12-26,1.59906,1.60548,1.5976,1.60254,54495.84
2012-12-27,1.6026,1.60683,1.5978,1.6033,88796.71
2012-12-28,1.60329,1.61208,1.59981,1.6113,88076.8
2012-12-29,1.6113,1.6113,1.6113,1.6113,0.0
2012-12-30,1.6113,1.6113,1.60703,1.60703,4050.69
2012-12-31,1.60697,1.62119,1.60316,1.61175,88236.52
2013-01-01,1.61175,1.61501,1.6113,1.61431,3247.18
2013-01-02,1.6143,1.61683,1.59986,1.60179,116443.53
2013-01-03,1.60179,1.6023,1.58648,1.58893,98025.56
2013-01-04,1.58893,1.59129,1.57996,1.58622,99012.76
2013-01-05,1.58622,1.58622,1.58622,1.58622,0.0
2013-01-06,1.58622,1.58622,1.58419,1.58436,5530.85
2013-01-07,1.58436,1.58975,1.58256,1.58918,92057.17
2013-01-08,1.58918,1.59045,1.58275,1.58426,89056.43
2013-01-09,1.58427,1.5869,1.57725,1.58165,93731.67
2013-01-10,1.58167,1.59264,1.57859,1.58937,94986.22
2013-01-11,1.58937,1.59017,1.58097,1.58863,101820.11
2013-01-12,1.58863,1.58863,1.58863,1.58863,0.0
2013-01-13,1.58863,1.58863,1.58596,1.58712,5082.16
2013-01-14,1.5871,1.58915,1.58001,1.58129,98453.8
2013-01-15,1.58129,1.58458,1.57967,1.5815,123492.51
2013-01-16,1.58152,1.58245,1.57582,1.57732,120375.03
2013-01-17,1.57729,1.58358,1.57187,1.57521,128002.75
2013-01-18,1.57521,1.58178,1.57192,1.57192,126002.1
2013-01-19,1.57192,1.57192,1.57192,1.57192,0.0
2013-01-20,1.57192,1.57305,1.57142,1.57289,4089.54
2013-01-21,1.57292,1.57797,1.56984,1.5723,75402.32
2013-01-22,1.57228,1.57876,1.56985,1.5707,122476.81
2013-01-23,1.5707,1.58618,1.56636,1.58272,116810.93
2013-01-24,1.58272,1.5857,1.57812,1.58192,117322.75
2013-01-25,1.58196,1.59639,1.58028,1.58847,122811.85
2013-01-26,1.58847,1.58847,1.58847,1.58847,0.0
2013-01-27,1.58847,1.59036,1.58711,1.59008,1569.22
2013-01-28,1.5901,1.5903,1.57748,1.57902,87814.76
2013-01-29,1.57863,1.58485,1.57641,1.5765,105118.79
2013-01-30,1.57645,1.58613,1.57615,1.58331,114866.83
2013-01-31,1.5833,1.58814,1.57923,1.58191,111901.14
2013-02-01,1.58187,1.58463,1.56326,1.56357,91146.03
2013-02-02,1.56357,1.56357,1.56357,1.56357,0.0
2013-02-03,1.56357,1.56591,1.56288,1.56537,3929.88
2013-02-04,1.56544,1.57467,1.56461,1.57207,74348.7
2013-02-05,1.57208,1.578,1.55736,1.55924,106481.89
2013-02-06,1.55923,1.56447,1.55691,1.55946,94647.38
2013-02-07,1.55946,1.57008,1.5586,1.56735,95982.77
2013-02-08,1.56736,1.58783,1.56721,1.5834,106312.38
2013-02-09,1.5834,1.5834,1.5834,1.5834,0.0
2013-02-10,1.58331,1.58582,1.58302,1.58571,4361.06
2013-02-11,1.58507,1.58819,1.57193,1.57386,90408.78
2013-02-12,1.57386,1.5768,1.56496,1.57007,96232.54
2013-02-13,1.57007,1.57349,1.5548,1.55571,107400.21
2013-02-14,1.55572,1.55652,1.54939,1.55,113936.01
2013-02-15,1.54997,1.56615,1.54955,1.56126,108337.09
2013-02-16,1.56126,1.56126,1.56126,1.56126,0.0
2013-02-17,1.56126,1.56248,1.55816,1.55932,4005.22
2013-02-18,1.55922,1.56587,1.55516,1.56402,77016.38
2013-02-19,1.56402,1.56897,1.55918,1.56098,94533.27
2013-02-20,1.56099,1.56306,1.54527,1.54898,120236.4
2013-02-21,1.54901,1.55638,1.54132,1.55302,127181.9
2013-02-22,1.55302,1.56678,1.54666,1.54847,111165.06
2013-02-23,1.54847,1.54847,1.54847,1.54847,0.0
2013-02-24,1.54847,1.54847,1.54007,1.54313,7323.82
2013-02-25,1.54313,1.55949,1.54307,1.55554,139753.26
2013-02-26,1.55521,1.56027,1.55032,1.55167,123455.43
2013-02-27,1.55167,1.55881,1.54641,1.55206,111970.94
2013-02-28,1.55205,1.56519,1.54993,1.56283,108132.59
2013-03-01,1.56282,1.56386,1.54209,1.54314,123006.68
2013-03-02,1.54314,1.54314,1.54314,1.54314,0.0
2013-03-03,1.54314,1.54561,1.54263,1.54397,4139.44
2013-03-04,1.54402,1.55554,1.54395,1.5531,99013.93
2013-03-05,1.55314,1.55947,1.55086,1.55402,100726.77
2013-03-06,1.554,1.55629,1.54417,1.54801,100467.94
2013-03-07,1.54802,1.55444,1.5438,1.54689,121475.66
2013-03-08,1.54689,1.55065,1.52453,1.53373,103129.66
2013-03-09,1.53373,1.53373,1.53373,1.53373,0.0
2013-03-10,1.53373,1.53561,1.53258,1.53298,4321.19
2013-03-11,1.53298,1.53531,1.52846,1.53013,81002.08
2013-03-12,1.53012,1.53297,1.52426,1.52919,108667.94
2013-03-13,1.52924,1.53911,1.52854,1.5341,99885.57
2013-03-14,1.53412,1.54628,1.5307,1.54222,109007.25
2013-03-15,1.54223,1.54844,1.5369,1.54071,105961.16
2013-03-16,1.54071,1.54071,1.54071,1.54071,0.0
2013-03-17,1.54071,1.54757,1.54071,1.54539,12920.17
2013-03-18,1.54539,1.55038,1.54141,1.54332,109226.85
2013-03-19,1.54332,1.55434,1.54137,1.55015,114719.1
2013-03-20,1.55017,1.5571,1.54152,1.54812,126749.37
2013-03-21,1.54813,1.55721,1.54801,1.55507,118095.55
2013-03-22,1.55507,1.55994,1.55375,1.55813,98328.17
2013-03-23,1.55813,1.55813,1.55813,1.55813,0.0
2013-03-24,1.55813,1.56025,1.55772,1.55811,9393.9
2013-03-25,1.55811,1.55984,1.54639,1.55043,109290.94
2013-03-26,1.55043,1.55125,1.53932,1.5414,88592.78
2013-03-27,1.5414,1.54323,1.53331,1.53731,96887.33
2013-03-28,1.53731,1.54481,1.53578,1.544,97840.35
2013-03-29,1.54402,1.54712,1.54203,1.54684,48885.27
2013-03-30,1.54684,1.54684,1.54684,1.54684,0.0
2013-03-31,1.54684,1.54692,1.54449,1.54551,3231.07
2013-04-01,1.54553,1.55134,1.54352,1.5475,48851.95
2013-04-02,1.54751,1.54887,1.5316,1.53231,88531.31
2013-04-03,1.53232,1.53741,1.5295,1.53537,79448.07
2013-04-04,1.53532,1.54316,1.5268,1.54222,108912.54
2013-04-05,1.54221,1.56802,1.54109,1.56052,105607.09
2013-04-06,1.56052,1.56052,1.56052,1.56052,0.0
2013-04-07,1.56052,1.56098,1.55777,1.56094,7020.12
2013-04-08,1.56103,1.56293,1.55037,1.55183,78000.11
2013-04-09,1.55182,1.55836,1.55103,1.55658,91588.71
2013-04-10,1.55658,1.55832,1.55227,1.55522,90461.65
2013-04-11,1.55526,1.55818,1.55091,1.55502,95808.09
2013-04-12,1.55502,1.5581,1.55323,1.55493,87098.53
2013-04-13,1.55493,1.55493,1.55493,1.55493,0.0
2013-04-14,1.55493,1.55798,1.55442,1.55792,5552.24
2013-04-15,1.55795,1.56777,1.55706,1.56496,128264.01
2013-04-16,1.56496,1.57135,1.56252,1.56931,118553.12
2013-04-17,1.56932,1.57121,1.56001,1.56452,123766.3
2013-04-18,1.56452,1.57012,1.55972,1.56745,117586.04
2013-04-19,1.56746,1.57492,1.56224,1.56322,103334.32
2013-04-20,1.56322,1.56322,1.56322,1.56322,0.0
2013-04-21,1.56322,1.56322,1.56083,1.5616,5421.73
2013-04-22,1.56159,1.56901,1.55971,1.56891,84469.96
2013-04-23,1.56886,1.56912,1.55977,1.56395,96995.99
2013-04-24,1.56382,1.56965,1.56242,1.56634,91309.56
2013-04-25,1.56634,1.58218,1.56484,1.5746,112392.53
2013-04-26,1.5746,1.58172,1.57231,1.57241,98498.1
2013-04-27,1.57241,1.57241,1.57241,1.57241,0.0
2013-04-28,1.57241,1.57465,1.57205,1.57436,5478.98
2013-04-29,1.57434,1.57719,1.56316,1.56726,99239.25
2013-04-30,1.56725,1.56883,1.56384,1.56406,112603.86
2013-05-01,1.56407,1.57231,1.5626,1.56852,100145.8
2013-05-02,1.56852,1.57119,1.56198,1.57027,121686.56
2013-05-03,1.57028,1.57493,1.56446,1.56897,105571.23
2013-05-04,1.56897,1.56897,1.56897,1.56897,0.0
2013-05-05,1.56897,1.57051,1.56719,1.57034,4602.08
2013-05-06,1.57032,1.57143,1.56387,1.56442,74969.13
2013-05-07,1.56441,1.56617,1.55284,1.55572,94683.35
2013-05-08,1.55575,1.5624,1.55449,1.55831,104503.59
2013-05-09,1.55832,1.56314,1.55174,1.55535,134002.8
2013-05-10,1.5553,1.56057,1.54878,1.55047,132648.88
2013-05-11,1.55047,1.55047,1.55047,1.55047,0.0
2013-05-12,1.55047,1.55382,1.55047,1.55301,6576.73
2013-05-13,1.55301,1.55642,1.54371,1.54627,113971.99
2013-05-14,1.54627,1.55207,1.54535,1.55047,132986.81
2013-05-15,1.55047,1.55743,1.54549,1.54767,138540.0
2013-05-16,1.54768,1.55704,1.54584,1.55593,132765.61
2013-05-17,1.55593,1.56783,1.55548,1.55937,123018.11
2013-05-18,1.55937,1.55937,1.55937,1.55937,0.0
2013-05-19,1.55937,1.56279,1.55924,1.56037,6261.64
2013-05-20,1.56037,1.56524,1.56015,1.56348,116829.22
2013-05-21,1.56349,1.56487,1.55486,1.55588,134185.23
2013-05-22,1.55588,1.5622,1.55002,1.56005,168606.27
2013-05-23,1.56007,1.56271,1.55428,1.55743,165266.55
2013-05-24,1.55743,1.56648,1.55641,1.56005,116616.06
2013-05-25,1.56005,1.56005,1.56005,1.56005,0.0
2013-05-26,1.56005,1.56153,1.55884,1.5613,6390.37
2013-05-27,1.5613,1.56456,1.55759,1.56275,67234.04
2013-05-28,1.56273,1.5659,1.5595,1.56372,129814.73
2013-05-29,1.56372,1.572,1.56206,1.56579,126917.74
2013-05-30,1.56578,1.5727,1.56554,1.56876,129687.15
2013-05-31,1.56877,1.57623,1.56608,1.57542,127453.16
2013-06-01,1.57542,1.57542,1.57542,1.57542,0.0
2013-06-02,1.57542,1.577,1.57397,1.57524,4662.54
2013-06-03,1.57522,1.58437,1.57237,1.57567,102983.28
2013-06-04,1.57561,1.58462,1.57521,1.58362,115894.66
2013-06-05,1.58359,1.59711,1.58306,1.59308,143468.05
2013-06-06,1.59308,1.6042,1.59232,1.60287,159695.02
2013-06-07,1.60287,1.60567,1.57952,1.58622,151993.46
2013-06-08,1.58622,1.58622,1.58622,1.58622,0.0
2013-06-09,1.58622,1.58836,1.58477,1.58493,8062.38
2013-06-10,1.58493,1.58895,1.57864,1.58759,137496.31
2013-06-11,1.58757,1.59506,1.58601,1.59398,152623.46
2013-06-12,1.59398,1.60178,1.58933,1.60063,122325.5
2013-06-13,1.60062,1.60418,1.58932,1.59662,138379.46
2013-06-14,1.59662,1.59985,1.58777,1.59597,124527.33
2013-06-15,1.59597,1.59597,1.59597,1.59597,0.0
2013-06-16,1.59597,1.5997,1.59597,1.59824,5174.77
2013-06-17,1.59823,1.6018,1.59276,1.60098,96976.27
2013-06-18,1.60099,1.60182,1.5875,1.59779,106253.24
2013-06-19,1.59782,1.60045,1.58793,1.59088,115924.2
2013-06-20,1.59092,1.61123,1.58809,1.61025,159780.87
2013-06-21,1.61025,1.61863,1.60232,1.61184,169412.03
2013-06-22,1.61184,1.61184,1.61184,1.61184,0.0
2013-06-23,1.61184,1.61386,1.61135,1.61245,6639.77
2013-06-24,1.61245,1.62692,1.61211,1.62247,190618.45
2013-06-25,1.62245,1.6258,1.6142,1.62162,168254.85
2013-06-26,1.62163,1.62213,1.60266,1.60365,145422.48
2013-06-27,1.60365,1.60385,1.59262,1.5998,133575.57
2013-06-28,1.5998,1.60184,1.59491,1.59961,139561.64
2013-06-29,1.59961,1.59961,1.59961,1.59961,0.0
2013-06-30,1.59961,1.60052,1.59827,1.60011,8258.92
2013-07-01,1.60014,1.60351,1.59605,1.59774,110797.08
2013-07-02,1.59777,1.60423,1.59554,1.59837,125090.56
2013-07-03,1.59837,1.61151,1.59596,1.60446,132315.19
2013-07-04,1.60446,1.607,1.57957,1.58259,126075.18
2013-07-05,1.58259,1.58567,1.56912,1.57466,140506.04
2013-07-06,1.57466,1.57466,1.57466,1.57466,0.0
2013-07-07,1.57466,1.57482,1.57169,1.57179,5969.77
2013-07-08,1.57179,1.58115,1.57179,1.57747,107471.5
2013-07-09,1.57747,1.57889,1.5608,1.56431,140248.76
2013-07-10,1.56433,1.57946,1.56323,1.57316,174972.01
2013-07-11,1.5732,1.57921,1.56241,1.57429,183421.47
2013-07-12,1.57429,1.57547,1.56562,1.57007,118950.27
2013-07-13,1.57007,1.57007,1.57007,1.57007,0.0
2013-07-14,1.57007,1.57137,1.56636,1.56962,5355.63
2013-07-15,1.56963,1.57621,1.56557,1.57547,119012.23
2013-07-16,1.57547,1.57872,1.5672,1.57016,149481.99
2013-07-17,1.57016,1.58772,1.56853,1.58252,144438.51
2013-07-18,1.58252,1.58719,1.57869,1.57957,119363.61
2013-07-19,1.57958,1.58534,1.57815,1.58196,104402.32
2013-07-20,1.58196,1.58196,1.58196,1.58196,0.0
2013-07-21,1.58196,1.58301,1.58133,1.58264,4586.06
2013-07-22,1.58264,1.5921,1.58094,1.58811,100181.17
2013-07-23,1.58809,1.58809,1.58052,1.58199,106945.12
2013-07-24,1.58191,1.5852,1.57445,1.57945,120163.23
2013-07-25,1.57945,1.58526,1.57261,1.58217,123408.48
2013-07-26,1.5821,1.58422,1.57956,1.58027,102472.49
2013-07-27,1.58027,1.58027,1.58027,1.58027,0.0
2013-07-28,1.58027,1.58212,1.58007,1.58054,4534.72
2013-07-29,1.58056,1.58261,1.57362,1.57417,98852.62
2013-07-30,1.57417,1.57897,1.56781,1.5698,108055.22
2013-07-31,1.5698,1.57025,1.55799,1.56037,129967.16
2013-08-01,1.56042,1.57001,1.55743,1.5641,129675.95
2013-08-02,1.56406,1.5906,1.56308,1.58852,126215.43
2013-08-03,1.58852,1.58852,1.58852,1.58852,0.0
2013-08-04,1.58852,1.59044,1.58683,1.58791,6383.7
2013-08-05,1.58794,1.59695,1.58642,1.59054,104877.22
2013-08-06,1.5905,1.59639,1.58842,1.59191,105050.59
2013-08-07,1.59191,1.61817,1.58533,1.61513,132071.83
2013-08-08,1.61513,1.61648,1.60301,1.60437,111117.69
2013-08-09,1.60435,1.60587,1.59374,1.59427,92975.03
2013-08-10,1.59427,1.59427,1.59427,1.59427,0.0
2013-08-11,1.59427,1.59757,1.59424,1.59572,5294.41
2013-08-12,1.59565,1.59729,1.59246,1.5938,73621.32
2013-08-13,1.59382,1.60402,1.5923,1.59823,102774.56
2013-08-14,1.59824,1.60509,1.59674,1.60306,101492.54
2013-08-15,1.60308,1.61422,1.60059,1.61108,153822.8
2013-08-16,1.61109,1.61889,1.60951,1.61482,119170.43
2013-08-17,1.61482,1.61482,1.61482,1.61482,0.0
2013-08-18,1.61482,1.61612,1.61399,1.61445,6535.67
2013-08-19,1.61443,1.61995,1.6126,1.61876,96706.47
2013-08-20,1.61878,1.63142,1.61836,1.62831,110897.89
2013-08-21,1.62833,1.64361,1.62771,1.63741,124977.78
2013-08-22,1.63737,1.64168,1.63192,1.64014,110626.03
2013-08-23,1.64014,1.65112,1.63355,1.63362,104764.08
2013-08-24,1.63362,1.63362,1.63362,1.63362,0.0
2013-08-25,1.63362,1.63832,1.63327,1.63644,4549.48
2013-08-26,1.63644,1.64065,1.63374,1.63627,63121.38
2013-08-27,1.63626,1.63939,1.62764,1.63095,103192.25
2013-08-28,1.63095,1.63108,1.61733,1.62932,97393.5
2013-08-29,1.62931,1.6342,1.62644,1.63418,103992.76
2013-08-30,1.63417,1.63507,1.62661,1.6319,93875.94
2013-08-31,1.6319,1.6319,1.6319,1.6319,0.0
2013-09-01,1.6319,1.63567,1.6319,1.63494,5923.5
2013-09-02,1.63497,1.64349,1.63356,1.64044,75391.08
2013-09-03,1.6404,1.64456,1.63484,1.63952,86194.23
2013-09-04,1.63952,1.6426,1.63658,1.63978,83144.62
2013-09-05,1.63978,1.64372,1.63518,1.63683,94896.08
2013-09-06,1.63681,1.63702,1.62104,1.62747,92163.94
2013-09-07,1.62747,1.62747,1.62747,1.62747,0.0
2013-09-08,1.62747,1.62902,1.62396,1.62782,5571.16
2013-09-09,1.62784,1.63228,1.6251,1.62816,65719.44
2013-09-10,1.62816,1.62973,1.62068,1.62863,76361.41
2013-09-11,1.62863,1.63663,1.62671,1.63145,87105.98
2013-09-12,1.63144,1.63515,1.62847,1.63139,89106.69
2013-09-13,1.63139,1.64401,1.63046,1.64271,79877.72
2013-09-14,1.64271,1.64271,1.64271,1.64271,0.0
2013-09-15,1.64271,1.64551,1.64181,1.64342,6977.35
2013-09-16,1.64341,1.64554,1.63861,1.64089,73722.81
2013-09-17,1.64089,1.64463,1.63364,1.63749,72949.41
2013-09-18,1.63753,1.65217,1.63717,1.64911,109038.04
2013-09-19,1.64911,1.65032,1.63657,1.64627,106549.54
2013-09-20,1.64627,1.65151,1.64529,1.64887,78395.05
2013-09-21,1.64887,1.64887,1.64887,1.64887,0.0
2013-09-22,1.64887,1.6503,1.64788,1.64946,3225.76
2013-09-23,1.64952,1.65459,1.64783,1.64968,67960.8
2013-09-24,1.64966,1.64989,1.63837,1.64843,60868.8
2013-09-25,1.64843,1.65919,1.6466,1.65916,69323.48
2013-09-26,1.65916,1.66011,1.6516,1.65368,63702.36
2013-09-27,1.65365,1.66435,1.65325,1.66261,67459.34
2013-09-28,1.66261,1.66261,1.66261,1.66261,0.0
2013-09-29,1.66261,1.6677,1.66261,1.6673,4748.28
2013-09-30,1.6673,1.67153,1.6602,1.67087,78269.94
2013-10-01,1.67087,1.67716,1.6699,1.67382,91584.66
2013-10-02,1.67386,1.68083,1.67131,1.67645,84993.86
2013-10-03,1.67645,1.67823,1.66713,1.66864,82908.89
2013-10-04,1.66865,1.6705,1.64723,1.64841,70464.67
2013-10-05,1.64841,1.64841,1.64841,1.64841,0.0
2013-10-06,1.64841,1.65213,1.64789,1.65187,4137.14
2013-10-07,1.6519,1.66259,1.6515,1.6602,62043.99
2013-10-08,1.66019,1.66978,1.65484,1.66926,74687.82
2013-10-09,1.66927,1.66967,1.65213,1.65823,84133.55
2013-10-10,1.65821,1.66309,1.65445,1.66281,73468.78
2013-10-11,1.66279,1.66297,1.65016,1.65065,68628.6
2013-10-12,1.65065,1.65065,1.65065,1.65065,0.0
2013-10-13,1.65065,1.65637,1.65065,1.65487,3702.34
2013-10-14,1.65482,1.65809,1.65069,1.65313,49795.83
2013-10-15,1.65316,1.66215,1.6487,1.65711,82164.15
2013-10-16,1.6572,1.6659,1.64443,1.64703,88494.44
2013-10-17,1.64702,1.66421,1.64639,1.66337,96457.25
2013-10-18,1.66336,1.6688,1.66176,1.66242,59064.61
2013-10-19,1.66242,1.66242,1.66242,1.66242,0.0
2013-10-20,1.66242,1.6651,1.66242,1.66473,2440.02
2013-10-21,1.66472,1.66582,1.66091,1.66293,55556.18
2013-10-22,1.66291,1.67154,1.65931,1.67031,79728.81
2013-10-23,1.6703,1.68134,1.66405,1.67795,106958.37
2013-10-24,1.67794,1.69005,1.67774,1.68757,88190.35
2013-10-25,1.68757,1.69611,1.6867,1.68841,84303.16
2013-10-26,1.68841,1.68841,1.68841,1.68841,0.0
2013-10-27,1.68841,1.6906,1.68732,1.68877,2777.83
2013-10-28,1.68877,1.69256,1.68411,1.6857,65273.25
2013-10-29,1.68571,1.68622,1.67578,1.68021,91207.82
2013-10-30,1.68027,1.68242,1.67679,1.67936,92462.36
2013-10-31,1.67934,1.68092,1.67095,1.67325,104207.9
2013-11-01,1.67326,1.67355,1.65861,1.65877,87080.78
2013-11-02,1.65877,1.65877,1.65877,1.65877,0.0
2013-11-03,1.65877,1.66035,1.65843,1.65856,4019.05
2013-11-04,1.65856,1.66471,1.65777,1.66431,79283.52
2013-11-05,1.66431,1.67923,1.66415,1.67667,95506.93
2013-11-06,1.67672,1.68351,1.67399,1.67595,75141.4
2013-11-07,1.67597,1.68401,1.66853,1.68162,113828.44
2013-11-08,1.68157,1.68415,1.67434,1.67752,88524.53
2013-11-09,1.67752,1.67752,1.67752,1.67752,0.0
2013-11-10,1.67752,1.67833,1.67667,1.67766,3019.42
2013-11-11,1.67766,1.67882,1.67239,1.67372,55314.25
2013-11-12,1.67368,1.67601,1.66337,1.66717,81385.53
2013-11-13,1.66719,1.68061,1.66476,1.67631,85768.57
2013-11-14,1.6763,1.69219,1.67536,1.68076,104203.3
2013-11-15,1.68076,1.68874,1.67999,1.68177,79242.73
2013-11-16,1.68177,1.68177,1.68177,1.68177,0.0
2013-11-17,1.68177,1.68306,1.68165,1.68191,1458.98
2013-11-18,1.68197,1.68353,1.67654,1.68095,63138.61
2013-11-19,1.68095,1.68965,1.67737,1.68696,84273.87
2013-11-20,1.68696,1.69061,1.68156,1.68339,98694.19
2013-11-21,1.68342,1.70447,1.68226,1.70197,98237.18
2013-11-22,1.70197,1.71182,1.70197,1.70546,76680.37
2013-11-23,1.70546,1.70546,1.70546,1.70546,0.0
2013-11-24,1.70546,1.71226,1.70546,1.71202,3047.82
2013-11-25,1.71202,1.71572,1.70162,1.70196,79475.25
2013-11-26,1.70186,1.71082,1.69867,1.70863,72863.99
2013-11-27,1.70863,1.72773,1.7081,1.72469,86456.9
2013-11-28,1.72469,1.73324,1.72313,1.72989,59623.02
2013-11-29,1.72992,1.73961,1.72471,1.73672,80751.95
2013-11-30,1.73672,1.73672,1.73672,1.73672,0.0
2013-12-01,1.73672,1.73993,1.73672,1.73993,2362.08
2013-12-02,1.73989,1.74786,1.73785,1.7411,91172.79
2013-12-03,1.7411,1.75143,1.73993,1.74366,88038.73
2013-12-04,1.74371,1.75467,1.74052,1.74898,103747.36
2013-12-05,1.74902,1.75067,1.73276,1.73887,79829.8
2013-12-06,1.73887,1.74606,1.73212,1.73876,71524.38
2013-12-07,1.73876,1.73876,1.73876,1.73876,0.0
2013-12-08,1.73876,1.74128,1.73876,1.73964,2074.22
2013-12-09,1.73964,1.74867,1.73902,1.74684,53596.62
2013-12-10,1.74681,1.75101,1.74319,1.74546,54141.15
2013-12-11,1.74546,1.74551,1.73287,1.73466,55329.0
2013-12-12,1.73456,1.74259,1.73172,1.73897,61466.42
2013-12-13,1.73898,1.74122,1.72386,1.72476,60437.75
2013-12-14,1.72476,1.72476,1.72476,1.72476,0.0
2013-12-15,1.72476,1.72722,1.72476,1.72576,1825.91
2013-12-16,1.72582,1.73161,1.72278,1.72636,65049.86
2013-12-17,1.72635,1.729,1.71935,1.72566,84509.78
2013-12-18,1.72564,1.75576,1.72494,1.75576,119302.31
2013-12-19,1.75583,1.75722,1.74447,1.74654,71347.76
2013-12-20,1.74652,1.75437,1.73471,1.73651,63886.49
2013-12-21,1.73651,1.73651,1.73651,1.73651,0.0
2013-12-22,1.73651,1.73852,1.73651,1.73787,1371.66
2013-12-23,1.73785,1.74392,1.7296,1.73581,48350.47
2013-12-24,1.73577,1.74131,1.73401,1.73705,30256.57
2013-12-25,1.73706,1.74001,1.73212,1.74001,2575.26
2013-12-26,1.73977,1.74906,1.73951,1.74792,30300.9
2013-12-27,1.74786,1.76722,1.74673,1.76411,58782.96
2013-12-28,1.76411,1.76411,1.76411,1.76411,0.0
2013-12-29,1.76411,1.76636,1.76276,1.76442,2263.14
2013-12-30,1.76442,1.76817,1.75476,1.75551,46985.11
2013-12-31,1.75552,1.76321,1.75336,1.75808,41562.65
2014-01-01,1.75808,1.76631,1.75808,1.76464,1408.92
2014-01-02,1.76456,1.76626,1.73809,1.75496,77552.92
2014-01-03,1.75497,1.75581,1.73916,1.74531,66817.34
2014-01-04,1.74531,1.74531,1.74531,1.74531,0.0
2014-01-05,1.74531,1.74603,1.74327,1.74471,1746.58
2014-01-06,1.74477,1.75342,1.73553,1.74981,64543.53
2014-01-07,1.74981,1.76886,1.74782,1.76711,63850.21
2014-01-08,1.76701,1.78117,1.76573,1.77997,72002.6
2014-01-09,1.78001,1.79104,1.77966,1.78707,66672.31
2014-01-10,1.78711,1.80342,1.77966,1.79559,73409.01
2014-01-11,1.79559,1.79559,1.79559,1.79559,0.0
2014-01-12,1.79559,1.79891,1.79559,1.79886,1697.43
2014-01-13,1.79881,1.79997,1.77687,1.78352,64073.0
2014-01-14,1.78352,1.80191,1.78226,1.79916,66362.64
2014-01-15,1.79917,1.80421,1.78632,1.79153,68241.62
2014-01-16,1.79153,1.79317,1.78286,1.78704,60991.4
2014-01-17,1.78704,1.80521,1.78298,1.79938,56111.15
2014-01-18,1.79938,1.79938,1.79938,1.79938,0.0
2014-01-19,1.79938,1.80121,1.79901,1.80045,2000.83
2014-01-20,1.80045,1.80187,1.79406,1.79941,43161.3
2014-01-21,1.79946,1.81138,1.79799,1.8073,61935.06
2014-01-22,1.8073,1.83906,1.80328,1.83906,74852.45
2014-01-23,1.83902,1.85567,1.83871,1.84835,98580.53
2014-01-24,1.84835,1.85524,1.82348,1.82661,91810.28
2014-01-25,1.82661,1.82661,1.82661,1.82661,0.0
2014-01-26,1.82661,1.82662,1.82262,1.82446,3190.24
2014-01-27,1.82446,1.84356,1.82262,1.84227,71361.13
2014-01-28,1.84231,1.85614,1.83714,1.84652,70327.01
2014-01-29,1.84646,1.85597,1.83499,1.85161,82473.99
2014-01-30,1.85163,1.85461,1.8384,1.84055,75082.97
2014-01-31,1.84057,1.84864,1.82441,1.82878,82441.32
2014-02-01,1.82878,1.82878,1.82878,1.82878,0.0
2014-02-02,1.82878,1.82878,1.82437,1.82837,2581.38
2014-02-03,1.82842,1.82947,1.80366,1.81169,78182.08
2014-02-04,1.81169,1.81757,1.79827,1.80997,71957.04
2014-02-05,1.80998,1.81252,1.79571,1.80851,73684.61
2014-02-06,1.80857,1.81457,1.79857,1.80661,70653.45
2014-02-07,1.80657,1.81281,1.79657,1.8099,68236.02
2014-02-08,1.8099,1.8099,1.8099,1.8099,0.0
2014-02-09,1.8099,1.81218,1.80957,1.81117,2254.62
2014-02-10,1.81119,1.81467,1.80592,1.81405,49420.16
2014-02-11,1.81405,1.82082,1.80986,1.81116,68615.88
2014-02-12,1.81112,1.82753,1.80366,1.82646,73840.16
2014-02-13,1.82647,1.83704,1.82361,1.82864,72477.59
2014-02-14,1.82846,1.84087,1.82237,1.8392,74182.92
2014-02-15,1.8392,1.8392,1.8392,1.8392,0.0
2014-02-16,1.8392,1.84216,1.83761,1.83944,1912.44
2014-02-17,1.83942,1.84378,1.82998,1.83187,50923.53
2014-02-18,1.83182,1.83602,1.82408,1.82706,74373.53
2014-02-19,1.82702,1.85162,1.81841,1.84677,84772.5
2014-02-20,1.84672,1.85203,1.84149,1.84986,72263.79
2014-02-21,1.84986,1.86677,1.84517,1.84602,74511.15
2014-02-22,1.84602,1.84602,1.84602,1.84602,0.0
2014-02-23,1.84602,1.84851,1.84589,1.84822,2235.07
2014-02-24,1.84821,1.855,1.83681,1.84201,61546.81
2014-02-25,1.84204,1.85391,1.84116,1.8484,68029.82
2014-02-26,1.84842,1.85687,1.84419,1.85621,73208.14
2014-02-27,1.85627,1.86065,1.84954,1.85643,72588.11
2014-02-28,1.85643,1.86527,1.84802,1.85166,84399.81
2014-03-01,1.85166,1.85166,1.85166,1.85166,0.0
2014-03-02,1.85166,1.85544,1.85047,1.85146,5756.36
2014-03-03,1.85133,1.85897,1.84442,1.84644,74299.84
2014-03-04,1.84644,1.85387,1.84398,1.84783,83607.58
2014-03-05,1.84784,1.85571,1.84296,1.84341,85540.49
2014-03-06,1.84341,1.84741,1.83159,1.83929,97009.74
2014-03-07,1.83931,1.85727,1.83894,1.85258,80660.86
2014-03-08,1.85258,1.85258,1.85258,1.85258,0.0
2014-03-09,1.85258,1.85556,1.85258,1.85508,2734.95
2014-03-10,1.85514,1.86142,1.84486,1.84964,72386.36
2014-03-11,1.84964,1.85166,1.84159,1.84634,75273.42
2014-03-12,1.84636,1.85336,1.84199,1.84789,90760.59
2014-03-13,1.84789,1.85217,1.83606,1.84141,103756.58
2014-03-14,1.84128,1.84861,1.83729,1.84802,84218.64
2014-03-15,1.84802,1.84802,1.84802,1.84802,0.0
2014-03-16,1.84802,1.84839,1.84493,1.84644,4737.39
2014-03-17,1.84644,1.8479,1.83423,1.84009,70951.52
2014-03-18,1.84017,1.84892,1.82794,1.84669,85952.93
2014-03-19,1.84669,1.86314,1.84506,1.85876,103693.32
2014-03-20,1.85877,1.86498,1.85361,1.85564,83158.34
2014-03-21,1.85564,1.85898,1.84242,1.84942,76047.88
2014-03-22,1.84942,1.84942,1.84942,1.84942,0.0
2014-03-23,1.84942,1.85198,1.84476,1.85152,5935.89
2014-03-24,1.85152,1.85615,1.84542,1.84721,74373.47
2014-03-25,1.84721,1.85022,1.84297,1.84591,87440.83
2014-03-26,1.84596,1.85017,1.83827,1.83997,90391.19
2014-03-27,1.83997,1.84737,1.82936,1.83182,93798.6
2014-03-28,1.83182,1.84268,1.82799,1.83917,74887.08
2014-03-29,1.83917,1.83917,1.83917,1.83917,0.0
2014-03-30,1.83917,1.84222,1.83881,1.83959,4940.34
2014-03-31,1.83957,1.84362,1.83057,1.84187,86354.4
2014-04-01,1.84187,1.84566,1.83212,1.83411,73244.32
2014-04-02,1.83417,1.83818,1.83156,1.83401,72139.15
2014-04-03,1.83401,1.83717,1.82428,1.83151,82657.88
2014-04-04,1.83157,1.83157,1.81646,1.81926,82383.96
2014-04-05,1.81926,1.81926,1.81926,1.81926,0.0
2014-04-06,1.81926,1.82115,1.81821,1.82037,4800.69
2014-04-07,1.82037,1.82732,1.81746,1.82297,88970.58
2014-04-08,1.82299,1.83327,1.82022,1.83051,107583.8
2014-04-09,1.83051,1.83334,1.82106,1.82798,93732.53
2014-04-10,1.82798,1.83551,1.82512,1.83418,93799.83
2014-04-11,1.83419,1.83813,1.8297,1.83668,87054.5
2014-04-12,1.83668,1.83668,1.83668,1.83668,0.0
2014-04-13,1.83668,1.83727,1.8347,1.83603,6835.53
2014-04-14,1.83603,1.83894,1.83038,1.83463,80631.57
2014-04-15,1.83463,1.84309,1.8311,1.83747,89524.34
2014-04-16,1.83747,1.85292,1.83591,1.84996,103465.88
2014-04-17,1.85002,1.85364,1.84623,1.8474,77716.41
2014-04-18,1.84744,1.85197,1.84586,1.84948,28475.18
2014-04-19,1.84948,1.84948,1.84948,1.84948,0.0
2014-04-20,1.84948,1.85241,1.84948,1.84984,4284.63
2014-04-21,1.84984,1.85397,1.84822,1.8502,48635.54
2014-04-22,1.8502,1.85707,1.84979,1.85507,77675.56
2014-04-23,1.85507,1.85759,1.84868,1.85142,89570.18
2014-04-24,1.85142,1.85424,1.84835,1.85257,80229.62
2014-04-25,1.85257,1.85656,1.85158,1.85424,66850.55
2014-04-26,1.85424,1.85424,1.85424,1.85424,0.0
2014-04-27,1.85424,1.85486,1.85313,1.85437,3925.94
2014-04-28,1.85438,1.85877,1.85143,1.85311,88542.59
2014-04-29,1.85312,1.85612,1.84118,1.84281,104953.78
2014-04-30,1.84281,1.85362,1.83959,1.85056,120754.22
2014-05-01,1.85056,1.85762,1.84944,1.85234,81461.3
2014-05-02,1.85232,1.85357,1.84552,1.8503,87940.28
2014-05-03,1.8503,1.8503,1.8503,1.8503,0.0
2014-05-04,1.8503,1.85387,1.8503,1.85278,2631.19
2014-05-05,1.85282,1.85394,1.84688,1.84842,65672.6
2014-05-06,1.84842,1.85689,1.84646,1.84861,89681.77
2014-05-07,1.84863,1.85061,1.84533,1.84774,81178.7
2014-05-08,1.84776,1.8486,1.83121,1.83412,103238.95
2014-05-09,1.8341,1.84027,1.82362,1.83529,95772.11
2014-05-11,1.83556,1.83759,1.8347,1.83749,4637.21
2014-05-12,1.83749,1.84102,1.83604,1.83887,85552.57
2014-05-13,1.83889,1.84307,1.83263,1.83547,116388.97
2014-05-14,1.83547,1.84206,1.82336,1.82592,110934.4
2014-05-15,1.82592,1.82975,1.81722,1.82647,112766.15
2014-05-16,1.82642,1.83227,1.82496,1.82599,89687.14
2014-05-18,1.82598,1.82809,1.82571,1.82786,4747.14
2014-05-19,1.82786,1.83055,1.82417,1.82816,107058.92
2014-05-20,1.82819,1.83872,1.82766,1.83701,108360.43
2014-05-21,1.83701,1.84742,1.83535,1.84447,120443.22
2014-05-22,1.84447,1.84557,1.83475,1.83731,105378.48
2014-05-23,1.83731,1.83903,1.82667,1.82782,83195.72
2014-05-25,1.83002,1.83105,1.82866,1.82991,4315.23
2014-05-26,1.83001,1.83045,1.82796,1.82871,58079.84
2014-05-27,1.82878,1.83062,1.82282,1.82487,105634.43
2014-05-28,1.82486,1.82586,1.81381,1.81727,111311.89
2014-05-29,1.81718,1.81887,1.80991,1.81246,100644.81
2014-05-30,1.81246,1.82202,1.81077,1.81696,96006.04
2014-06-01,1.81797,1.81807,1.81643,1.81698,5162.8
2014-06-02,1.81698,1.82662,1.8155,1.82529,101224.74
2014-06-03,1.82532,1.83004,1.82456,1.82764,96773.67
2014-06-04,1.8276,1.8352,1.82505,1.83184,101921.79
2014-06-05,1.83184,1.84054,1.82899,1.83564,127515.39
2014-06-06,1.83564,1.84125,1.83326,1.83623,102535.39
2014-06-08,1.83578,1.83824,1.83455,1.83788,2206.8
2014-06-09,1.83788,1.83878,1.83033,1.8325,90024.61
2014-06-10,1.8325,1.83419,1.82515,1.82515,118069.88
2014-06-11,1.82515,1.83039,1.82228,1.82488,121457.57
2014-06-12,1.82493,1.84118,1.82336,1.84083,112520.25
2014-06-13,1.84088,1.84493,1.83903,1.84134,107674.46
2014-06-15,1.84229,1.84345,1.84188,1.84345,3037.98
2014-06-16,1.84346,1.84669,1.84048,1.84196,92107.47
2014-06-17,1.84194,1.84493,1.83888,1.84223,95330.3
2014-06-18,1.84224,1.84713,1.83919,1.84198,96587.64
2014-06-19,1.84198,1.84749,1.83888,1.84314,102539.39
2014-06-20,1.84314,1.84684,1.82845,1.82998,75145.19
2014-06-22,1.83028,1.83099,1.82967,1.83018,4022.7
2014-06-23,1.83018,1.83094,1.82419,1.82677,90894.51
2014-06-24,1.82675,1.82698,1.81928,1.82444,88861.19
2014-06-25,1.82444,1.82508,1.81926,1.82105,94975.74
2014-06-26,1.82105,1.82623,1.81804,1.82018,98976.36
2014-06-27,1.82018,1.82173,1.81435,1.81659,82353.42
2014-06-29,1.81643,1.81744,1.81513,1.81703,2783.1
2014-06-30,1.81708,1.82715,1.81582,1.82572,91400.01
2014-07-01,1.82572,1.82933,1.82267,1.82381,82343.13
2014-07-02,1.82378,1.83158,1.82309,1.83059,83279.03
2014-07-03,1.83059,1.83159,1.82098,1.82463,99226.13
2014-07-04,1.82464,1.82878,1.82151,1.82713,57918.01
2014-07-06,1.82754,1.82841,1.8267,1.82731,4633.91
2014-07-07,1.82731,1.83073,1.81928,1.83034,81134.23
2014-07-08,1.83033,1.83199,1.82406,1.82888,81915.69
2014-07-09,1.82888,1.83074,1.82302,1.8272,90574.8
2014-07-10,1.82717,1.82879,1.8237,1.82423,93396.08
2014-07-11,1.82423,1.83873,1.82068,1.83782,85979.16
2014-07-13,1.83798,1.83839,1.83629,1.83684,3693.98
2014-07-14,1.83683,1.84168,1.82858,1.83103,79949.25
2014-07-15,1.83109,1.84668,1.83028,1.84444,100175.16
2014-07-16,1.84444,1.85034,1.83669,1.84028,82171.5
2014-07-17,1.84028,1.8412,1.83583,1.83958,91768.52
2014-07-18,1.83958,1.84075,1.82798,1.83358,84867.2
2014-07-20,1.83353,1.83539,1.83281,1.83517,3719.21
2014-07-21,1.83517,1.83678,1.83067,1.83309,72781.9
2014-07-22,1.83308,1.83573,1.82963,1.83245,92496.07
2014-07-23,1.83245,1.83311,1.82381,1.82857,94186.28
2014-07-24,1.82857,1.83025,1.82143,1.82553,90037.36
2014-07-25,1.82553,1.83678,1.82403,1.83518,92639.0
2014-07-27,1.83618,1.83639,1.83519,1.83584,4618.6
2014-07-28,1.83584,1.83779,1.83335,1.83383,79282.08
2014-07-29,1.83383,1.84039,1.83159,1.83903,96619.82
2014-07-30,1.83903,1.84518,1.83818,1.84454,98812.47
2014-07-31,1.84453,1.84579,1.83644,1.84214,98274.77
2014-08-01,1.84219,1.84529,1.83413,1.83538,109080.75
2014-08-03,1.83758,1.83863,1.83638,1.83789,4399.25
2014-08-04,1.83788,1.84069,1.83678,1.83944,62604.13
2014-08-05,1.83948,1.85193,1.83918,1.85018,79950.08
2014-08-06,1.85023,1.85064,1.83835,1.84028,82137.08
2014-08-07,1.84023,1.84224,1.83631,1.83958,92597.86
2014-08-08,1.83958,1.84424,1.83271,1.84028,97100.04
2014-08-10,1.84034,1.84081,1.83973,1.84058,6627.8
2014-08-11,1.84056,1.84279,1.83262,1.83388,68618.45
2014-08-12,1.83384,1.84034,1.83289,1.83623,67460.21
2014-08-13,1.83623,1.83935,1.82108,1.82143,86044.71
2014-08-14,1.8214,1.82194,1.81656,1.81978,79873.09
2014-08-15,1.81979,1.82189,1.81288,1.81854,78279.09
2014-08-17,1.82113,1.82133,1.81943,1.82111,3620.52
2014-08-18,1.82111,1.82264,1.81904,1.82118,61399.66
2014-08-19,1.82118,1.82239,1.81261,1.81803,80165.89
2014-08-20,1.81804,1.82593,1.81769,1.82094,94256.77
2014-08-21,1.82094,1.82168,1.81363,1.81464,89790.96
2014-08-22,1.81463,1.82027,1.81219,1.81293,81756.28
2014-08-24,1.81433,1.81534,1.8129,1.81513,5968.46
2014-08-25,1.81514,1.82207,1.81258,1.82163,64650.68
2014-08-26,1.82163,1.82189,1.81097,1.8119,82465.35
2014-08-27,1.81193,1.8122,1.79533,1.80145,95071.92
2014-08-28,1.80145,1.80308,1.79649,1.80076,95145.07
2014-08-29,1.80079,1.80585,1.79488,1.80513,84490.1
2014-08-31,1.80388,1.80472,1.80278,1.80451,2959.41
2014-09-01,1.80447,1.80843,1.80359,1.80588,52056.72
2014-09-02,1.80593,1.80788,1.79913,1.79993,91381.23
2014-09-03,1.79994,1.80053,1.78755,1.79238,86996.61
2014-09-04,1.79235,1.79524,1.773,1.77378,104830.41
2014-09-05,1.77383,1.77879,1.76863,1.77576,92290.33
2014-09-07,1.75893,1.76593,1.75858,1.76499,5978.29
2014-09-08,1.76499,1.77101,1.75353,1.76728,111306.83
2014-09-09,1.76728,1.77604,1.76639,1.76917,124508.4
2014-09-10,1.76919,1.77608,1.76552,1.77416,128091.76
2014-09-11,1.77416,1.79629,1.77263,1.79325,127782.21
2014-09-12,1.79325,1.80419,1.78994,1.80399,106396.97
2014-09-14,1.80378,1.80401,1.80211,1.80275,4275.03
2014-09-15,1.80272,1.80351,1.79104,1.79313,79805.42
2014-09-16,1.79313,1.79483,1.7815,1.78498,107906.04
2014-09-17,1.78499,1.79298,1.78207,1.79098,124262.23
2014-09-18,1.79098,1.80178,1.78845,1.79738,125284.74
2014-09-19,1.79738,1.81177,1.78158,1.78503,152546.01
2014-09-21,1.78799,1.79036,1.78472,1.78545,4651.85
2014-09-22,1.78542,1.8073,1.78536,1.80717,101525.57
2014-09-23,1.80714,1.81659,1.79829,1.81499,130284.07
2014-09-24,1.81495,1.82008,1.80579,1.80827,109941.12
2014-09-25,1.80823,1.81559,1.80686,1.8137,122697.71
2014-09-26,1.81371,1.81579,1.8083,1.81097,104398.73
2014-09-28,1.81028,1.81313,1.80748,1.81304,5465.79
2014-09-29,1.81304,1.81437,1.80769,1.81239,100162.43
2014-09-30,1.81238,1.8192,1.80662,1.81723,125196.24
2014-10-01,1.81722,1.81771,1.80548,1.80554,121278.55
2014-10-02,1.80554,1.80589,1.79422,1.80274,145421.49
2014-10-03,1.80276,1.80385,1.79454,1.79548,104409.07
2014-10-05,1.79533,1.79799,1.79533,1.79731,3667.82
2014-10-06,1.79725,1.79862,1.78702,1.79144,98463.6
2014-10-07,1.79147,1.80139,1.79106,1.79522,115675.74
2014-10-08,1.79528,1.80159,1.79265,1.79481,137498.85
2014-10-09,1.79483,1.80347,1.79292,1.80262,144940.85
2014-10-10,1.80259,1.80588,1.78882,1.79991,121148.66
2014-10-12,1.79631,1.80195,1.79631,1.80026,4766.91
2014-10-13,1.80023,1.80594,1.7969,1.80022,100705.15
2014-10-14,1.80022,1.80394,1.78661,1.79804,121268.95
2014-10-15,1.79804,1.813,1.79578,1.80118,174137.11
2014-10-16,1.80122,1.81692,1.79767,1.81258,153265.36
2014-10-17,1.81262,1.81628,1.80232,1.81458,91343.34
2014-10-19,1.81733,1.81762,1.81454,1.81655,5032.4
2014-10-20,1.81645,1.82583,1.81233,1.82473,78103.36
2014-10-21,1.82468,1.82557,1.80738,1.80933,106504.8
2014-10-22,1.80933,1.81066,1.79388,1.80526,111826.64
2014-10-23,1.80526,1.80745,1.79573,1.79882,117356.05
2014-10-24,1.79881,1.80839,1.7964,1.80653,79979.99
2014-10-26,1.80528,1.80939,1.80528,1.80815,3791.75
2014-10-27,1.8081,1.81466,1.8055,1.81375,71720.98
2014-10-28,1.81375,1.81418,1.80093,1.80278,88458.63
2014-10-29,1.80284,1.80303,1.7898,1.79104,94280.81
2014-10-30,1.79103,1.79476,1.78559,1.7911,101062.8
2014-10-31,1.79115,1.80923,1.78873,1.80068,118260.34
2014-11-02,1.80109,1.80309,1.8004,1.80278,3403.44
2014-11-03,1.80279,1.81764,1.79829,1.8147,105348.13
2014-11-04,1.8147,1.82873,1.81367,1.82325,105654.67
2014-11-05,1.82325,1.82751,1.8164,1.81909,124368.53
2014-11-06,1.81908,1.82226,1.8076,1.80999,123278.29
2014-11-07,1.80998,1.81263,1.7941,1.79674,117141.71
2014-11-09,1.79844,1.79968,1.79679,1.79919,3846.03
2014-11-10,1.79915,1.8041,1.79536,1.80233,83836.19
2014-11-11,1.80233,1.80691,1.79847,1.8051,85111.51
2014-11-12,1.80509,1.80754,1.78298,1.78548,110615.59
2014-11-13,1.78553,1.78944,1.78003,1.78704,98156.63
2014-11-14,1.78704,1.78751,1.7664,1.76761,107216.87
2014-11-16,1.76929,1.76984,1.76656,1.76829,3548.79
2014-11-17,1.76833,1.77397,1.76601,1.76648,89320.6
2014-11-18,1.76643,1.77169,1.76093,1.76908,99008.39
2014-11-19,1.76909,1.78044,1.76723,1.77871,112654.45
2014-11-20,1.77872,1.78044,1.77205,1.77478,112026.54
2014-11-21,1.77478,1.77557,1.75408,1.75809,119391.48
2014-11-23,1.75624,1.75944,1.75618,1.75713,4997.44
2014-11-24,1.75713,1.77596,1.75673,1.77214,99047.53
2014-11-25,1.77218,1.77403,1.76276,1.76824,107585.86
2014-11-26,1.76823,1.77863,1.76756,1.77684,95049.47
2014-11-27,1.77684,1.78509,1.76903,1.78289,96076.18
2014-11-28,1.78289,1.79318,1.78188,1.78534,94307.75
2014-11-30,1.78824,1.78903,1.78627,1.788,6168.54
2014-12-01,1.78794,1.79449,1.78042,1.78128,119738.5
2014-12-02,1.78129,1.78669,1.77814,1.78399,103130.52
2014-12-03,1.78398,1.79013,1.77894,1.78338,105740.68
2014-12-04,1.78338,1.78909,1.7782,1.78521,113789.37
2014-12-05,1.78521,1.791,1.77965,1.78092,116083.64
2014-12-07,1.78049,1.78238,1.7799,1.78159,3941.9
2014-12-08,1.78155,1.79769,1.77971,1.7969,107094.34
2014-12-09,1.79686,1.80147,1.78807,1.79438,112521.7
2014-12-10,1.79439,1.80696,1.79274,1.80573,109155.41
2014-12-11,1.80573,1.8146,1.7965,1.81244,115198.92
2014-12-12,1.81243,1.82267,1.81018,1.81979,92430.7
2014-12-14,1.82164,1.82166,1.8178,1.8183,5325.9
2014-12-15,1.81832,1.82519,1.81138,1.82309,95655.19
2014-12-16,1.82313,1.83978,1.81892,1.83128,114642.81
2014-12-17,1.83123,1.83367,1.80986,1.81199,112909.34
2014-12-18,1.81204,1.82008,1.8089,1.81487,118609.54
2014-12-19,1.81487,1.82294,1.81061,1.81198,89336.19
2014-12-21,1.81262,1.81506,1.81208,1.81443,5738.9
2014-12-22,1.81443,1.81963,1.80873,1.81374,58476.59
2014-12-23,1.81374,1.81394,1.79988,1.80323,73427.27
2014-12-24,1.80318,1.81094,1.80019,1.80838,41684.19
2014-12-25,1.80843,1.80909,1.80403,1.80767,12785.39
2014-12-26,1.80768,1.80956,1.8037,1.80839,43747.93
2014-12-28,1.80779,1.80965,1.80608,1.80888,4603.04
2014-12-29,1.8089,1.81179,1.80342,1.80629,57449.56
2014-12-30,1.80623,1.80902,1.80368,1.80629,63745.95
2014-12-31,1.80629,1.81186,1.80283,1.80887,61508.66
2015-01-01,1.80757,1.8105,1.80666,1.80953,11011.25
2015-01-02,1.80953,1.81234,1.79873,1.80517,83876.4
2015-01-04,1.80269,1.80649,1.78836,1.8025,8930.06
2015-01-05,1.80246,1.80604,1.79029,1.79383,92023.5
2015-01-06,1.79383,1.7952,1.78494,1.79173,100385.18
2015-01-07,1.79169,1.79638,1.78378,1.78523,110106.07
2015-01-08,1.78519,1.78819,1.77633,1.78419,88330.12
2015-01-09,1.78417,1.80146,1.78272,1.79813,92840.83
2015-01-11,1.79999,1.8004,1.79819,1.79898,4456.72
2015-01-12,1.799,1.81708,1.79221,1.81561,91078.83
2015-01-13,1.8156,1.81693,1.80658,1.81321,113549.92
2015-01-14,1.8132,1.82593,1.81266,1.81984,130713.26
2015-01-15,1.81984,1.82493,1.79978,1.81505,171415.43
2015-01-16,1.81511,1.82774,1.80878,1.8128,98986.03
2015-01-18,1.81153,1.81383,1.81002,1.81238,2982.89
2015-01-19,1.81242,1.8181,1.80265,1.80368,77892.92
2015-01-20,1.80368,1.83948,1.801,1.83443,95817.21
2015-01-21,1.83444,1.87363,1.82118,1.86913,117640.18
2015-01-22,1.86913,1.87957,1.85673,1.85843,125469.9
2015-01-23,1.85848,1.86749,1.85277,1.8611,98897.05
2015-01-25,1.86709,1.86911,1.86501,1.86812,6938.53
2015-01-26,1.86817,1.88358,1.86561,1.88232,95261.47
2015-01-27,1.88233,1.88938,1.87613,1.88265,114972.22
2015-01-28,1.88265,1.89899,1.88084,1.89602,107510.85
2015-01-29,1.89602,1.90648,1.89307,1.90164,106128.85
2015-01-30,1.90156,1.92732,1.90044,1.91684,101057.91
2015-02-01,1.91658,1.91698,1.91176,1.91392,10515.75
2015-02-02,1.91392,1.92478,1.88607,1.89064,121511.35
2015-02-03,1.89064,1.89983,1.87621,1.88356,144943.86
2015-02-04,1.88357,1.91891,1.87969,1.90918,146383.65
2015-02-05,1.90923,1.91463,1.8974,1.90504,129484.07
2015-02-06,1.90504,1.91238,1.89164,1.90808,103979.01
2015-02-08,1.90878,1.90988,1.90591,1.90757,9624.79
2015-02-09,1.90758,1.90986,1.89174,1.89779,72619.86
2015-02-10,1.8978,1.92578,1.89642,1.92016,88584.75
2015-02-11,1.92016,1.93605,1.91713,1.92324,95190.88
2015-02-12,1.92324,1.93107,1.91058,1.92503,102462.53
2015-02-13,1.92504,1.92839,1.91283,1.91589,74206.43
2015-02-15,1.91894,1.91956,1.91558,1.91811,7538.63
2015-02-16,1.91821,1.91962,1.9111,1.91564,60780.12
2015-02-17,1.91563,1.91579,1.89868,1.90223,79414.72
2015-02-18,1.90223,1.92385,1.90083,1.92258,87554.81
2015-02-19,1.92258,1.93808,1.92168,1.92573,90329.47
2015-02-20,1.92572,1.93291,1.91079,1.92871,93798.23
2015-02-22,1.92883,1.92931,1.92695,1.92856,5302.06
2015-02-23,1.92856,1.94769,1.92814,1.94256,95737.62
2015-02-24,1.94255,1.95549,1.92901,1.9313,105488.85
2015-02-25,1.93129,1.93402,1.91946,1.93034,97878.93
2015-02-26,1.93039,1.93513,1.92033,1.92763,99870.93
2015-02-27,1.92764,1.93468,1.91888,1.92896,80894.98
2015-03-01,1.92743,1.92953,1.92723,1.92781,8519.61
2015-03-02,1.92782,1.93213,1.92043,1.92608,103953.54
2015-03-03,1.92608,1.92688,1.91038,1.91813,118985.51
2015-03-04,1.91815,1.92303,1.8931,1.89665,123209.04
2015-03-05,1.89665,1.90639,1.89105,1.90321,128885.51
2015-03-06,1.90324,1.90546,1.89018,1.89783,129537.99
2015-03-08,1.89653,1.89898,1.89614,1.89784,11233.79
2015-03-09,1.89784,1.90784,1.89714,1.90633,128595.25
2015-03-10,1.90633,1.91204,1.89948,1.91099,146567.19
2015-03-11,1.91096,1.91411,1.90066,1.90251,132453.11
2015-03-12,1.90249,1.90559,1.88658,1.88964,122285.08
2015-03-13,1.88961,1.89366,1.87921,1.88423,105557.95
2015-03-15,1.88458,1.89097,1.88398,1.89087,7813.56
2015-03-16,1.89083,1.89623,1.88554,1.89394,94938.1
2015-03-17,1.89397,1.89629,1.87898,1.88609,82924.89
2015-03-18,1.88608,1.89133,1.87045,1.8781,123492.26
2015-03-19,1.87811,1.89049,1.87241,1.87454,122589.24
2015-03-20,1.87459,1.88534,1.86653,1.87748,86018.08
2015-03-22,1.87928,1.88305,1.87694,1.88014,8819.73
2015-03-23,1.88019,1.88035,1.86608,1.87183,99998.44
2015-03-24,1.87183,1.87306,1.854,1.8554,131454.42
2015-03-25,1.85538,1.86873,1.85538,1.86363,99601.96
2015-03-26,1.86361,1.86403,1.84763,1.85381,116643.01
2015-03-27,1.85377,1.87788,1.85274,1.87536,98378.39
2015-03-29,1.87579,1.87788,1.87494,1.8766,9084.11
2015-03-30,1.87658,1.88361,1.86872,1.87686,96293.67
2015-03-31,1.8768,1.8912,1.87619,1.88138,96949.99
2015-04-01,1.88139,1.88496,1.86534,1.87079,104053.9
2015-04-02,1.87079,1.87611,1.86088,1.86268,89511.5
2015-04-03,1.86271,1.86478,1.85353,1.86125,59367.93
2015-04-05,1.85733,1.86303,1.85669,1.86141,8438.87
2015-04-06,1.86142,1.86652,1.85584,1.85739,56191.02
2015-04-07,1.85738,1.8636,1.85082,1.85303,92702.89
2015-04-08,1.85308,1.87223,1.85103,1.86578,95251.82
2015-04-09,1.86578,1.86888,1.84999,1.85118,85092.99
2015-04-10,1.85123,1.85429,1.83827,1.8384,73446.24
2015-04-12,1.83913,1.84072,1.83695,1.84049,8091.85
2015-04-13,1.84054,1.84966,1.83809,1.84714,78634.47
2015-04-14,1.84713,1.85096,1.839,1.84406,81446.14
2015-04-15,1.84406,1.85768,1.8219,1.8248,102289.3
2015-04-16,1.8248,1.83543,1.81656,1.82134,95658.83
2015-04-17,1.82134,1.83475,1.81477,1.8316,80246.02
2015-04-19,1.82603,1.82978,1.82583,1.82729,7093.23
2015-04-20,1.82728,1.8282,1.81632,1.82276,72215.79
2015-04-21,1.8228,1.83793,1.8178,1.83185,81865.46
2015-04-22,1.83185,1.84636,1.82773,1.84117,83421.19
2015-04-23,1.84114,1.84303,1.82578,1.82832,80882.18
2015-04-24,1.82829,1.85048,1.8262,1.84864,72441.27
2015-04-26,1.84978,1.85003,1.84666,1.84681,4876.57
2015-04-27,1.84684,1.84757,1.83364,1.84119,78387.89
2015-04-28,1.84118,1.8488,1.83744,1.8455,95887.27
2015-04-29,1.84552,1.85538,1.84431,1.85436,110330.28
2015-04-30,1.85432,1.86518,1.84867,1.85446,113786.11
2015-05-01,1.85449,1.86049,1.83954,1.83978,63181.99
2015-05-03,1.84048,1.84361,1.83889,1.84295,9627.54
2015-05-04,1.84295,1.84591,1.82739,1.82849,89368.63
2015-05-05,1.82847,1.83547,1.82271,1.83163,99126.04
2015-05-06,1.83158,1.83793,1.8235,1.83507,128378.87
2015-05-07,1.83505,1.87063,1.83118,1.86369,123888.27
2015-05-08,1.86368,1.8789,1.85978,1.86403,112997.14
2015-05-10,1.86503,1.8679,1.86503,1.86627,6729.04
2015-05-11,1.86627,1.88903,1.86535,1.88402,86457.17
2015-05-12,1.88402,1.89234,1.87812,1.88105,90260.57
2015-05-13,1.8811,1.88698,1.87185,1.88145,99601.02
2015-05-14,1.88145,1.89354,1.87836,1.89009,87245.34
2015-05-15,1.89014,1.89916,1.88774,1.88903,80205.48
2015-05-17,1.88963,1.89246,1.88768,1.89094,3157.27
2015-05-18,1.89099,1.90642,1.88487,1.90223,74104.76
2015-05-19,1.90224,1.90442,1.88369,1.89683,98269.36
2015-05-20,1.8968,1.90477,1.89133,1.89743,97339.54
2015-05-21,1.89744,1.91847,1.89176,1.90992,89523.53
2015-05-22,1.90993,1.91233,1.89917,1.90028,81270.31
2015-05-24,1.90019,1.90312,1.90018,1.90224,6550.94
2015-05-25,1.90223,1.907,1.90014,1.9056,32341.41
2015-05-26,1.90559,1.91524,1.89981,1.91228,83192.79
2015-05-27,1.91228,1.91849,1.90483,1.91182,83514.19
2015-05-28,1.91183,1.9166,1.90188,1.90344,79850.14
2015-05-29,1.90334,1.91277,1.89538,1.9026,83576.14
2015-05-31,1.90253,1.905,1.89902,1.9043,4503.09
2015-06-01,1.90432,1.90938,1.8966,1.90338,89922.75
2015-06-02,1.90344,1.91209,1.89863,1.90407,97294.33
2015-06-03,1.90405,1.91111,1.89559,1.90903,96370.0
2015-06-04,1.90908,1.92188,1.90742,1.91915,95199.57
2015-06-05,1.91918,1.92057,1.89716,1.8978,89310.66
2015-06-07,1.89893,1.90204,1.89725,1.90184,4556.09
2015-06-08,1.90188,1.90541,1.89294,1.90411,66793.18
2015-06-09,1.90407,1.9049,1.88465,1.89894,92561.12
2015-06-10,1.89894,1.90683,1.88868,1.90309,107268.76
2015-06-11,1.90308,1.91064,1.89663,1.90718,90033.99
2015-06-12,1.90723,1.91859,1.90336,1.91444,74841.12
2015-06-14,1.91433,1.91694,1.91389,1.9163,5357.56
2015-06-15,1.91633,1.92345,1.91259,1.92098,67250.72
2015-06-16,1.92099,1.93068,1.91726,1.9227,69274.07
2015-06-17,1.9227,1.93991,1.92226,1.93838,91592.98
2015-06-18,1.93835,1.94394,1.92964,1.94123,96567.58
2015-06-19,1.94123,1.95266,1.93616,1.94759,58383.51
2015-06-21,1.9441,1.94898,1.94401,1.94839,4353.37
2015-06-22,1.94841,1.95058,1.93357,1.94887,79875.33
2015-06-23,1.94887,1.95035,1.93678,1.93931,88243.14
2015-06-24,1.93931,1.95083,1.93628,1.94502,81028.41
2015-06-25,1.94503,1.94946,1.93803,1.9416,73830.07
2015-06-26,1.9416,1.94902,1.93733,1.93978,67631.88
2015-06-28,1.93543,1.94105,1.93107,1.93786,11053.73
2015-06-29,1.93794,1.95584,1.93255,1.95215,96455.85
2015-06-30,1.95218,1.96648,1.94388,1.95683,101776.68
2015-07-01,1.95653,1.96644,1.95593,1.9645,92573.09
2015-07-02,1.9645,1.97222,1.95614,1.9583,94201.16
2015-07-03,1.9583,1.96741,1.95443,1.95608,62571.74
2015-07-05,1.95828,1.96179,1.95638,1.9612,8983.55
2015-07-06,1.96119,1.97663,1.95444,1.97484,93882.16
2015-07-07,1.97481,1.97547,1.96218,1.96665,116524.61
2015-07-08,1.96663,1.97028,1.95043,1.95616,111306.09
2015-07-09,1.95618,1.96113,1.94815,1.95338,122573.44
2015-07-10,1.95332,1.97849,1.952,1.96268,123371.93
2015-07-12,1.96869,1.97068,1.9671,1.96961,4294.23
2015-07-13,1.96956,1.98641,1.96761,1.97373,129388.58
2015-07-14,1.97374,1.99574,1.96976,1.99118,131993.55
2015-07-15,1.99118,2.02565,1.98899,2.02022,149264.4
2015-07-16,2.02023,2.02499,2.01223,2.02435,110368.4
2015-07-17,2.02435,2.03234,2.01826,2.02294,72176.53
2015-07-19,2.02286,2.02673,2.02227,2.02641,5199.32
2015-07-20,2.02637,2.02723,2.01818,2.02333,83777.38
2015-07-21,2.02328,2.02607,2.00897,2.01303,94809.36
2015-07-22,2.01303,2.03886,2.01288,2.03615,91980.93
2015-07-23,2.03612,2.03821,2.01596,2.02054,92807.12
2015-07-24,2.02053,2.03143,2.01622,2.02258,70008.42
2015-07-26,2.02188,2.02428,2.02038,2.0241,4078.76
2015-07-27,2.02414,2.03058,2.01419,2.02879,98780.35
2015-07-28,2.02882,2.03229,2.01513,2.01783,105719.3
2015-07-29,2.01789,2.02995,2.01184,2.01993,107061.55
2015-07-30,2.01993,2.03568,2.01974,2.0291,95454.66
2015-07-31,2.02902,2.04539,2.02668,2.04379,110550.7
2015-08-02,2.04569,2.05138,2.04355,2.05023,7013.01
2015-08-03,2.05024,2.05835,2.04638,2.05129,94308.04
2015-08-04,2.05121,2.05575,2.04189,2.05353,157504.97
2015-08-05,2.05354,2.06296,2.04873,2.05499,160990.19
2015-08-06,2.05499,2.05963,2.03213,2.03448,138747.54
2015-08-07,2.03448,2.04016,2.02064,2.03379,129071.98
2015-08-09,2.03188,2.03647,2.03188,2.03583,5945.37
2015-08-10,2.03582,2.03971,2.02623,2.02771,121432.99
2015-08-11,2.02774,2.04778,2.02669,2.04134,112236.68
2015-08-12,2.04134,2.04608,2.02304,2.02575,128324.28
2015-08-13,2.02579,2.04183,2.02494,2.03948,135875.89
2015-08-14,2.03948,2.0498,2.03702,2.04622,111106.64
2015-08-16,2.04904,2.05053,2.04795,2.04983,8076.46
2015-08-17,2.04983,2.05726,2.03602,2.04033,113307.26
2015-08-18,2.04033,2.059,2.03963,2.04554,116311.35
2015-08-19,2.04554,2.06168,2.04233,2.0582,122998.6
2015-08-20,2.0582,2.0616,2.04723,2.05154,119051.91
2015-08-21,2.05152,2.06964,2.04686,2.06834,106545.82
2015-08-23,2.06658,2.07507,2.06596,2.07202,11016.76
2015-08-24,2.072,2.09704,2.06898,2.09356,161878.06
2015-08-25,2.09361,2.09703,2.0781,2.09471,148862.99
2015-08-26,2.09473,2.09585,2.05399,2.05883,166811.73
2015-08-27,2.05888,2.05988,2.0285,2.03268,159564.4
2015-08-28,2.03268,2.0467,2.02865,2.03072,136984.24
2015-08-30,2.03465,2.04114,2.03447,2.04114,11949.94
2015-08-31,2.04114,2.0527,2.01268,2.01908,126153.01
2015-09-01,2.01908,2.03313,2.00921,2.02798,159196.83
2015-09-02,2.02798,2.03856,2.01728,2.03031,152744.82
2015-09-03,2.03031,2.03266,2.00285,2.01233,119443.33
2015-09-04,2.01239,2.01878,2.00653,2.01408,111590.62
2015-09-06,2.01064,2.01783,2.01043,2.01721,9701.48
2015-09-07,2.01721,2.0344,2.01193,2.03094,120094.64
2015-09-08,2.03098,2.04339,2.02651,2.03218,141199.71
2015-09-09,2.03225,2.04049,2.02361,2.03934,131358.8
2015-09-10,2.03929,2.05149,2.02698,2.04274,153226.81
2015-09-11,2.04274,2.05066,2.03983,2.04553,90583.25
2015-09-13,2.04365,2.04736,2.04362,2.04578,6690.24
2015-09-14,2.04578,2.0488,2.03645,2.04422,94136.93
2015-09-15,2.04422,2.04705,2.03013,2.03208,100219.97
2015-09-16,2.03213,2.05058,2.02596,2.04296,103604.5
2015-09-17,2.04296,2.05586,2.04139,2.05102,120032.12
2015-09-18,2.05098,2.05474,2.03393,2.05282,129051.14
2015-09-20,2.05374,2.05383,2.05013,2.05235,8412.77
2015-09-21,2.05235,2.05581,2.04514,2.05448,96799.41
2015-09-22,2.05444,2.05592,2.0363,2.03763,102334.11
2015-09-23,2.03764,2.04038,2.01991,2.03201,109707.5
2015-09-24,2.03205,2.04376,2.025,2.03163,121048.05
2015-09-25,2.03163,2.03294,2.01713,2.02374,88541.35
2015-09-27,2.02391,2.02777,2.02257,2.02716,6070.3
2015-09-28,2.02723,2.03295,2.02262,2.03121,93968.3
2015-09-29,2.03123,2.03975,2.02601,2.0338,125471.03
2015-09-30,2.0338,2.03731,2.01219,2.01383,126279.32
2015-10-01,2.01383,2.01423,2.00236,2.00493,108385.2
2015-10-02,2.00498,2.0153,1.99502,1.99663,100578.88
2015-10-04,1.99721,2.00113,1.99576,2.00004,10180.11
2015-10-05,2.00003,2.00043,1.98048,1.98278,93849.78
2015-10-06,1.98273,1.99209,1.98045,1.98579,94566.31
2015-10-07,1.98581,2.00261,1.98313,2.00094,137880.27
2015-10-08,2.00093,2.00291,1.99128,1.99495,137938.47
2015-10-09,1.99495,1.99593,1.97749,1.98235,126738.44
2015-10-11,1.98332,1.9849,1.98239,1.98428,13364.77
2015-10-12,1.98428,1.99684,1.97969,1.99543,99294.84
2015-10-13,1.9954,2.00481,1.97315,1.98576,140555.64
2015-10-14,1.98576,2.00847,1.98538,1.99897,131572.64
2015-10-15,1.99896,1.9999,1.9858,1.98858,121813.51
2015-10-16,1.98859,1.99829,1.98833,1.99298,79016.25
2015-10-18,1.99099,1.99444,1.99099,1.99358,8794.26
2015-10-19,1.99354,2.01484,1.99284,2.01433,97663.47
2015-10-20,2.01438,2.01934,2.00008,2.00575,102455.19
2015-10-21,2.0058,2.02854,2.00243,2.02528,109627.11
2015-10-22,2.02533,2.03296,2.01316,2.01619,127565.19
2015-10-23,2.01619,2.02607,2.00809,2.01559,106006.27
2015-10-25,2.01456,2.01772,2.01456,2.01709,7634.37
2015-10-26,2.01709,2.02223,2.01385,2.01975,97658.45
2015-10-27,2.01975,2.03244,2.01908,2.03168,98812.85
2015-10-28,2.03173,2.03246,2.00503,2.01479,118628.61
2015-10-29,2.01478,2.02034,2.00854,2.01614,124740.01
2015-10-30,2.01614,2.02631,2.01403,2.01764,129961.52
2015-11-01,2.02029,2.02033,2.01503,2.01858,4602.75
2015-11-02,2.01858,2.03049,2.01595,2.01918,95753.81
2015-11-03,2.01919,2.02339,2.0106,2.01431,102267.23
2015-11-04,2.01428,2.02648,2.01138,2.02425,107071.27
2015-11-05,2.02425,2.02764,2.00033,2.00163,102687.78
2015-11-06,2.00163,2.00644,1.99056,2.00138,125627.56
2015-11-08,2.00178,2.00234,2.00015,2.00145,4559.23
2015-11-09,2.00141,2.00867,1.99869,2.00585,112871.59
2015-11-10,2.00587,2.00919,2.00083,2.00762,120403.79
2015-11-11,2.00762,2.02014,2.00701,2.01771,118092.36
2015-11-12,2.01767,2.0293,2.01347,2.02323,142433.97
2015-11-13,2.02323,2.03078,2.01909,2.02973,121284.72
2015-11-15,2.02538,2.02806,2.02421,2.02668,9616.49
2015-11-16,2.02668,2.03244,2.01999,2.02647,132171.78
2015-11-17,2.02648,2.02898,2.01986,2.02634,141897.46
2015-11-18,2.02636,2.03444,2.02218,2.02658,127650.64
2015-11-19,2.02657,2.03493,2.01988,2.03212,151780.56
2015-11-20,2.03212,2.03613,2.02292,2.02683,129378.81
2015-11-22,2.02515,2.02921,2.02328,2.02854,5292.01
2015-11-23,2.0285,2.0342,2.01922,2.02099,136186.55
2015-11-24,2.02096,2.02133,2.00133,2.00628,126393.14
2015-11-25,2.00628,2.0147,2.00289,2.01078,127799.79
2015-11-26,2.0108,2.01265,2.00522,2.00744,104978.89
2015-11-27,2.00743,2.01288,2.00337,2.00993,114919.9
2015-11-29,2.00853,2.01127,2.00828,2.01003,4586.15
2015-11-30,2.01001,2.0134,2.00223,2.00979,132668.77
2015-12-01,2.00979,2.0178,2.00552,2.01419,151894.96
2015-12-02,2.01431,2.01535,1.99251,1.99522,148847.81
2015-12-03,1.99521,2.02351,1.98498,2.01979,190981.8
2015-12-04,2.01979,2.02821,2.01339,2.01787,179072.25
2015-12-06,2.01943,2.02363,2.01805,2.02307,7345.58
2015-12-07,2.02299,2.03759,2.01929,2.03267,137002.83
2015-12-08,2.03267,2.04253,2.02964,2.03793,174446.53
2015-12-09,2.03791,2.06448,2.03634,2.05943,170508.39
2015-12-10,2.05938,2.06769,2.04719,2.06679,140054.69
2015-12-11,2.06679,2.09489,2.06454,2.09328,133039.98
2015-12-13,2.08943,2.0909,2.08466,2.08735,6426.89
2015-12-14,2.08738,2.09095,2.07023,2.08068,175065.68
2015-12-15,2.08068,2.08304,2.06112,2.06535,160699.58
2015-12-16,2.06534,2.07869,2.06242,2.06539,169190.75
2015-12-17,2.06544,2.08049,2.0601,2.07926,146132.62
2015-12-18,2.07924,2.08613,2.06531,2.07845,121022.84
2015-12-20,2.07493,2.08013,2.07418,2.07825,3796.06
2015-12-21,2.07827,2.08626,2.07256,2.07737,128726.17
2015-12-22,2.07737,2.07898,2.06162,2.06276,118708.61
2015-12-23,2.06279,2.07543,2.05734,2.06022,107535.53
2015-12-24,2.06028,2.07042,2.05844,2.06123,68282.37
2015-12-25,2.06049,2.06524,2.05924,2.062,3284.66
2015-12-27,2.05977,2.06668,2.05925,2.06537,3860.32
2015-12-28,2.06534,2.07305,2.0632,2.06893,99097.77
2015-12-29,2.06894,2.0703,2.04589,2.05043,112824.67
2015-12-30,2.05058,2.06718,2.04968,2.0556,110414.67
2015-12-31,2.05571,2.06179,2.03646,2.03779,104483.27
2016-01-03,2.03523,2.04453,2.03498,2.04435,4822.56
2016-01-04,2.04421,2.0592,2.0396,2.05024,131246.86
2016-01-05,2.05023,2.05468,2.0422,2.05233,143510.66
2016-01-06,2.05233,2.06604,2.05083,2.05783,167804.88
2016-01-07,2.05789,2.06755,2.0469,2.0623,192159.67
2016-01-08,2.06232,2.06441,2.04786,2.05673,148362.32
2016-01-10,2.05758,2.06263,2.05527,2.06004,7357.75
2016-01-11,2.06006,2.07429,2.0522,2.06831,145571.83
2016-01-12,2.06834,2.07223,2.04385,2.05783,179772.8
2016-01-13,2.05783,2.07695,2.04547,2.06807,184548.86
2016-01-14,2.06803,2.07557,2.06441,2.06869,185724.13
2016-01-15,2.06864,2.09223,2.0686,2.07242,176833.04
2016-01-17,2.08101,2.08138,2.07613,2.08084,4494.76
2016-01-18,2.08084,2.08084,2.06884,2.07273,132749.6
2016-01-19,2.07269,2.07433,2.04997,2.06538,178794.46
2016-01-20,2.06536,2.07955,2.05085,2.05461,187733.67
2016-01-21,2.05461,2.06154,2.02027,2.02981,216121.47
2016-01-22,2.02983,2.03392,2.01308,2.01358,173312.12
2016-01-24,2.01689,2.01849,2.01517,2.01579,5861.81
2016-01-25,2.01575,2.03698,2.01495,2.03597,158122.86
2016-01-26,2.03612,2.03616,2.01438,2.02504,167193.71
2016-01-27,2.02503,2.02744,1.99949,2.00803,173697.95
2016-01-28,2.00793,2.02771,2.00205,2.01534,192372.68
2016-01-29,2.01534,2.01854,1.98723,1.98951,185118.59
2016-01-31,1.99053,1.99169,1.98828,1.99021,5549.34
2016-02-01,1.99028,2.01753,1.99016,2.01276,172441.66
2016-02-02,2.01275,2.02919,2.01068,2.02636,168508.27
2016-02-03,2.02636,2.03113,2.0087,2.01161,198120.88
2016-02-04,2.01161,2.01185,1.98887,2.00549,182461.69
2016-02-05,2.00551,2.01811,1.99217,2.01782,155351.71
2016-02-07,2.01187,2.01564,2.01187,2.01448,8931.84
2016-02-08,2.01444,2.01702,2.00192,2.0103,183094.02
2016-02-09,2.0103,2.01323,1.98873,2.00749,200249.8
2016-02-10,2.00749,2.02554,2.00156,2.02184,207165.65
2016-02-11,2.02185,2.02885,2.00765,2.01493,236294.3
2016-02-12,2.01498,2.02643,1.99846,2.00758,174232.8
2016-02-14,2.0086,2.01144,2.00732,2.00892,7556.25
2016-02-15,2.00892,2.00892,1.99318,1.99761,125953.73
2016-02-16,1.99763,2.00326,1.97916,1.98225,171725.32
2016-02-17,1.98224,1.98564,1.95186,1.95344,179913.57
2016-02-18,1.95344,1.97314,1.95043,1.96839,184154.17
2016-02-19,1.96831,1.98331,1.96413,1.98278,167850.46
2016-02-21,1.96429,1.97163,1.96428,1.96667,8146.37
2016-02-22,1.96671,1.97089,1.92632,1.93869,195884.05
2016-02-23,1.9387,1.94924,1.92695,1.93208,186291.87
2016-02-24,1.93208,1.93312,1.90524,1.90869,211585.67
2016-02-25,1.90866,1.91478,1.88709,1.89139,202153.49
2016-02-26,1.89139,1.89821,1.87322,1.87385,175866.41
2016-02-28,1.87283,1.87894,1.87278,1.87819,9291.48
2016-02-29,1.87813,1.88913,1.87347,1.88525,191900.92
2016-03-01,1.88533,1.89436,1.86734,1.87424,198290.16
2016-03-02,1.87425,1.89798,1.87271,1.89058,186546.81
2016-03-03,1.89063,1.90389,1.88571,1.89997,178053.61
2016-03-04,1.89997,1.90769,1.89138,1.89373,171565.42
2016-03-06,1.89518,1.89649,1.89387,1.89498,6658.19
2016-03-07,1.89504,1.89798,1.88684,1.89508,154125.11
2016-03-08,1.89508,1.90773,1.88952,1.90593,164767.24
2016-03-09,1.90588,1.90812,1.88073,1.88208,168716.13
2016-03-10,1.88203,1.91615,1.87474,1.90496,192135.41
2016-03-11,1.90493,1.90782,1.88874,1.89986,138173.52
2016-03-13,1.90035,1.90448,1.89923,1.90301,7552.75
2016-03-14,1.90303,1.9073,1.89368,1.89563,126989.78
2016-03-15,1.89561,1.90476,1.88843,1.89053,147481.79
2016-03-16,1.89049,1.89058,1.86454,1.86928,163303.85
2016-03-17,1.86927,1.88865,1.85098,1.87991,183270.81
2016-03-18,1.87994,1.88759,1.87345,1.88145,141717.33
2016-03-20,1.87889,1.88778,1.87887,1.88674,10668.21
2016-03-21,1.88674,1.88884,1.87598,1.88081,127314.07
2016-03-22,1.88079,1.88128,1.85088,1.85595,144569.94
2016-03-23,1.85591,1.86678,1.85061,1.86411,139484.15
2016-03-24,1.86408,1.87891,1.86267,1.87102,137246.22
2016-03-25,1.87117,1.87719,1.86718,1.87357,56500.27
2016-03-27,1.8743,1.87641,1.8738,1.87525,4638.95
2016-03-28,1.87525,1.88498,1.87141,1.87883,93935.32
2016-03-29,1.87883,1.88518,1.87441,1.87894,156997.93
2016-03-30,1.87894,1.88233,1.86151,1.86494,154875.29
2016-03-31,1.86494,1.86904,1.84742,1.8659,157260.61
2016-04-01,1.86593,1.87228,1.84907,1.85081,146357.01
2016-04-03,1.85319,1.8551,1.85088,1.85447,6184.79
2016-04-04,1.85449,1.86833,1.85336,1.86508,134918.29
2016-04-05,1.86509,1.87372,1.85906,1.86013,153484.57
2016-04-06,1.86012,1.86097,1.84293,1.84855,159781.46
2016-04-07,1.84855,1.85728,1.83772,1.84682,159958.39
2016-04-08,1.84682,1.84974,1.82862,1.83443,139413.81
2016-04-10,1.83233,1.83513,1.83049,1.83375,6135.53
2016-04-11,1.83379,1.85014,1.83322,1.83718,153430.43
2016-04-12,1.83718,1.84467,1.81945,1.82133,165559.79
2016-04-13,1.82135,1.82469,1.81192,1.81869,173084.89
2016-04-14,1.81869,1.82183,1.81115,1.81573,151678.94
2016-04-15,1.81573,1.83033,1.81188,1.81953,132172.49
2016-04-17,1.83818,1.8408,1.83332,1.83992,11524.08
2016-04-18,1.84004,1.84057,1.82328,1.82419,155931.34
2016-04-19,1.82423,1.83162,1.81818,1.82639,155807.85
2016-04-20,1.82643,1.82838,1.81106,1.81293,159317.01
2016-04-21,1.81293,1.82796,1.8107,1.82239,168154.03
2016-04-22,1.82238,1.83225,1.81896,1.82418,167740.57
2016-04-24,1.82944,1.83109,1.82808,1.82997,9357.19
2016-04-25,1.83,1.84058,1.82758,1.83629,161083.84
2016-04-26,1.83629,1.85046,1.83513,1.83765,158056.31
2016-04-27,1.83772,1.84274,1.82911,1.82924,171546.49
2016-04-28,1.82929,1.83417,1.82622,1.8334,181419.41
2016-04-29,1.8334,1.83759,1.82384,1.83363,166755.73
2016-05-01,1.83141,1.83284,1.82789,1.83147,9258.88
2016-05-02,1.83153,1.84079,1.83068,1.83712,118095.94
2016-05-03,1.83709,1.85105,1.83494,1.84754,169083.42
2016-05-04,1.84759,1.86706,1.84332,1.86573,156611.96
2016-05-05,1.86578,1.86597,1.85501,1.86248,136307.55
2016-05-06,1.86248,1.87186,1.85918,1.86168,143123.29
2016-05-08,1.86664,1.86695,1.86219,1.86537,7501.49
2016-05-09,1.86537,1.87312,1.86026,1.86753,142391.84
2016-05-10,1.86753,1.87473,1.86366,1.86632,130836.79
2016-05-11,1.86628,1.869,1.85477,1.85665,121164.02
2016-05-12,1.85665,1.86112,1.84797,1.85485,124554.88
2016-05-13,1.85485,1.85992,1.85046,1.85728,111909.18
2016-05-15,1.85571,1.86006,1.85571,1.85898,3816.51
2016-05-16,1.85899,1.86509,1.85143,1.86308,101473.14
2016-05-17,1.86313,1.87434,1.86055,1.86588,109679.34
2016-05-18,1.86594,1.90265,1.86543,1.90112,148053.8
2016-05-19,1.90112,1.9207,1.90014,1.91053,150737.03
2016-05-20,1.91059,1.91316,1.90072,1.90072,112006.93
2016-05-22,1.90193,1.90267,1.90098,1.9016,4304.95
2016-05-23,1.90155,1.90948,1.89958,1.9035,122426.19
2016-05-24,1.9035,1.92453,1.90312,1.91816,130843.5
2016-05-25,1.9182,1.93016,1.91211,1.91544,133294.07
2016-05-26,1.91539,1.91609,1.89876,1.90273,122090.84
2016-05-27,1.90269,1.91262,1.90205,1.90294,96660.72
2016-05-29,1.90208,1.90918,1.90191,1.90793,6952.92
2016-05-30,1.90793,1.91429,1.90364,1.90816,83957.22
2016-05-31,1.90818,1.91677,1.89324,1.89358,125912.96
2016-06-01,1.89357,1.8964,1.88209,1.88529,94742.43
2016-06-02,1.88529,1.89829,1.88373,1.88642,79281.18
2016-06-03,1.88642,1.89062,1.87513,1.87695,83059.53
2016-06-05,1.87183,1.87472,1.85951,1.86415,10077.4
2016-06-06,1.86408,1.87246,1.84983,1.85248,86457.0
2016-06-07,1.85249,1.87932,1.85138,1.85538,81857.69
2016-06-08,1.85539,1.85558,1.83973,1.84124,85526.76
2016-06-09,1.84119,1.84879,1.83498,1.84127,80478.21
2016-06-10,1.84127,1.84275,1.81188,1.82143,72085.84
2016-06-12,1.82459,1.82515,1.80991,1.81303,6926.58
2016-06-13,1.81303,1.83315,1.80312,1.82239,88025.9
2016-06-14,1.82242,1.82374,1.81101,1.81568,94501.92
2016-06-15,1.81564,1.83624,1.81479,1.83241,85106.79
2016-06-16,1.83244,1.84649,1.82994,1.84504,125816.16
2016-06-17,1.84503,1.85189,1.83358,1.85157,120526.31
2016-06-19,1.85849,1.87586,1.8555,1.8733,11986.8
2016-06-20,1.8733,1.88336,1.8673,1.87768,183003.51
2016-06-21,1.87764,1.88782,1.87248,1.87747,166673.64
2016-06-22,1.87746,1.90013,1.87123,1.89482,164857.53
2016-06-23,1.89488,1.91232,1.83379,1.86596,242948.7
2016-06-24,1.86596,1.87871,1.72427,1.77524,305889.62
2016-06-26,1.75333,1.7574,1.742,1.75021,17702.77
2016-06-27,1.75021,1.75435,1.71433,1.72794,235226.79
2016-06-28,1.72799,1.74795,1.72408,1.73843,210487.08
2016-06-29,1.73848,1.75923,1.73184,1.73987,210625.52
2016-06-30,1.73987,1.74764,1.71481,1.72729,226898.82
2016-07-01,1.72729,1.73138,1.70923,1.71243,165487.64
2016-07-03,1.71103,1.71583,1.70918,1.71497,5887.65
2016-07-04,1.71498,1.71541,1.70428,1.70873,141388.22
2016-07-05,1.70873,1.70935,1.68288,1.68513,197740.42
2016-07-06,1.68513,1.6912,1.66909,1.67443,235229.36
2016-07-07,1.6744,1.68768,1.67023,1.67789,197250.27
2016-07-08,1.67788,1.69718,1.67763,1.68888,173681.64
2016-07-10,1.68863,1.69081,1.68634,1.68864,7860.6
2016-07-11,1.68864,1.70764,1.6827,1.70337,183684.65
2016-07-12,1.70334,1.73439,1.70268,1.73299,164468.7
2016-07-13,1.73299,1.74124,1.70061,1.70213,179085.04
2016-07-14,1.70214,1.74168,1.69903,1.72338,184948.56
2016-07-15,1.72339,1.73704,1.70353,1.70818,167883.55
2016-07-17,1.70615,1.71754,1.70542,1.71415,13437.03
2016-07-18,1.71415,1.72916,1.71026,1.71863,141812.01
2016-07-19,1.71864,1.72033,1.70274,1.70699,147901.33
2016-07-20,1.70703,1.73398,1.70308,1.73084,172794.64
2016-07-21,1.73078,1.7317,1.71641,1.73008,202891.04
2016-07-22,1.73003,1.74533,1.70995,1.71989,183779.67
2016-07-24,1.72358,1.72694,1.72158,1.72378,11266.32
2016-07-25,1.72378,1.73785,1.72223,1.73256,156762.72
2016-07-26,1.73259,1.73934,1.72549,1.73198,178244.93
2016-07-27,1.73194,1.74458,1.72421,1.73771,224476.21
2016-07-28,1.73768,1.7397,1.72816,1.73098,175836.25
2016-07-29,1.73098,1.73921,1.72326,1.72429,201399.86
2016-07-31,1.72333,1.72608,1.72259,1.72576,9223.9
2016-08-01,1.72581,1.73099,1.72037,1.73009,169211.76
2016-08-02,1.73009,1.75105,1.72722,1.74763,196251.24
2016-08-03,1.74758,1.75443,1.73939,1.74188,167879.5
2016-08-04,1.74188,1.74523,1.70438,1.70843,205860.34
2016-08-05,1.70842,1.72491,1.70785,1.72114,161882.71
2016-08-07,1.72127,1.72471,1.72127,1.72329,10719.99
2016-08-08,1.72331,1.72525,1.71251,1.71439,126942.72
2016-08-09,1.71439,1.71443,1.70093,1.70672,152484.06
2016-08-10,1.70673,1.71068,1.69541,1.69996,174936.41
2016-08-11,1.69993,1.70083,1.67851,1.6821,166303.73
2016-08-12,1.6821,1.68598,1.67113,1.67258,131710.26
2016-08-14,1.67333,1.67425,1.6716,1.67268,7102.84
2016-08-15,1.67273,1.6777,1.66057,1.66518,118016.75
2016-08-16,1.66519,1.67949,1.66057,1.67629,163185.76
2016-08-17,1.67633,1.68224,1.67183,1.67538,159394.17
2016-08-18,1.67544,1.68821,1.67199,1.68178,158819.16
2016-08-19,1.68173,1.68593,1.67363,1.68258,139185.57
2016-08-21,1.68249,1.68476,1.68122,1.68359,10310.17
2016-08-22,1.68361,1.70223,1.68245,1.69932,161549.82
2016-08-23,1.69932,1.70553,1.69538,1.70494,157944.41
2016-08-24,1.70494,1.71568,1.70256,1.71173,162077.79
2016-08-25,1.71178,1.71354,1.70246,1.70358,130596.78
2016-08-26,1.70359,1.70879,1.6974,1.70735,176095.94
2016-08-28,1.70339,1.70926,1.70318,1.70837,9188.38
2016-08-29,1.70833,1.7084,1.7,1.70533,154617.05
2016-08-30,1.70539,1.71552,1.70257,1.71301,163769.95
2016-08-31,1.71303,1.72572,1.71238,1.72174,178832.22
2016-09-01,1.72168,1.74549,1.72048,1.73819,194540.89
2016-09-02,1.73814,1.74223,1.72557,1.72575,166993.1
2016-09-04,1.72706,1.72829,1.72608,1.7274,11478.44
2016-09-05,1.7274,1.72868,1.7177,1.72098,134317.82
2016-09-06,1.72104,1.72988,1.71833,1.72348,168808.61
2016-09-07,1.72348,1.72658,1.71319,1.71828,171127.0
2016-09-08,1.71826,1.72128,1.71419,1.71946,177461.36
2016-09-09,1.71949,1.73128,1.71936,1.73057,197746.79
2016-09-11,1.73123,1.73302,1.72708,1.73174,13100.69
2016-09-12,1.73169,1.74409,1.73078,1.73758,216536.3
2016-09-13,1.73763,1.74452,1.73279,1.73568,227902.94
2016-09-14,1.73568,1.75168,1.73164,1.74953,219895.03
2016-09-15,1.74953,1.75242,1.73303,1.74274,230999.29
2016-09-16,1.74273,1.74309,1.71688,1.71688,224615.63
2016-09-18,1.71818,1.72035,1.71688,1.71758,6835.03
2016-09-19,1.7176,1.72378,1.71362,1.72153,218692.51
2016-09-20,1.72153,1.72407,1.71051,1.71128,225586.52
2016-09-21,1.71129,1.71598,1.70438,1.70498,295968.43
2016-09-22,1.70498,1.70949,1.69933,1.70703,229384.13
2016-09-23,1.70703,1.70814,1.68903,1.70657,261575.71
2016-09-25,1.70593,1.70847,1.70449,1.70663,11297.61
2016-09-26,1.70659,1.71763,1.70115,1.71538,253207.44
2016-09-27,1.71538,1.72366,1.70878,1.71823,272667.99
2016-09-28,1.7182,1.72349,1.70028,1.70311,314161.07
2016-09-29,1.70311,1.70859,1.69748,1.70515,306853.08
2016-09-30,1.70513,1.70952,1.69858,1.70256,265139.52
2016-10-02,1.69377,1.6987,1.69376,1.69759,14763.34
2016-10-03,1.69759,1.69839,1.68169,1.68678,202764.62
2016-10-04,1.68678,1.6879,1.67448,1.67988,275057.13
2016-10-05,1.67983,1.68472,1.67316,1.68048,236793.32
2016-10-06,1.68048,1.68134,1.57647,1.63794,257799.92
2016-10-07,1.63793,1.6558,1.6252,1.65309,409185.67
2016-10-09,1.64178,1.64925,1.64118,1.6473,13314.41
2016-10-10,1.64735,1.64814,1.62448,1.62562,263906.21
2016-10-11,1.62558,1.62696,1.60303,1.62351,346760.5
2016-10-12,1.62343,1.6283,1.61468,1.61785,331493.94
2016-10-13,1.61785,1.62124,1.61129,1.614,269050.74
2016-10-14,1.614,1.61708,1.59889,1.60053,210939.32
2016-10-16,1.59753,1.60083,1.59454,1.60006,13543.01
2016-10-17,1.60004,1.60592,1.59376,1.60253,174530.22
2016-10-18,1.60248,1.61709,1.59818,1.61238,186884.03
2016-10-19,1.61239,1.61442,1.59871,1.6144,205195.87
2016-10-20,1.61439,1.62194,1.60979,1.62098,193864.9
2016-10-21,1.62103,1.63251,1.61028,1.63011,177388.7
2016-10-23,1.62809,1.63138,1.62694,1.63127,8417.77
2016-10-24,1.63117,1.63624,1.62344,1.63153,134906.98
2016-10-25,1.63148,1.63193,1.61239,1.62569,131201.13
2016-10-26,1.62568,1.63882,1.62273,1.63609,140024.58
2016-10-27,1.63609,1.63964,1.62718,1.62891,149712.08
2016-10-28,1.62892,1.63719,1.62148,1.63174,143359.25
2016-10-30,1.63463,1.63685,1.63278,1.63613,11041.97
2016-10-31,1.63608,1.64356,1.62677,1.64181,132965.92
2016-11-01,1.64183,1.6437,1.63199,1.63868,155256.85
2016-11-02,1.63873,1.65254,1.63718,1.64794,177953.86
2016-11-03,1.64798,1.67267,1.64753,1.66921,182733.05
2016-11-04,1.66921,1.68515,1.66899,1.67729,160410.43
2016-11-06,1.66099,1.66811,1.66098,1.66809,10281.59
2016-11-07,1.66805,1.67172,1.65568,1.65768,148332.65
2016-11-08,1.65763,1.66238,1.64289,1.64664,147355.57
2016-11-09,1.64659,1.69635,1.63963,1.66528,367449.32
2016-11-10,1.66526,1.69341,1.66195,1.69073,213795.99
2016-11-11,1.69068,1.71189,1.69008,1.70516,214210.3
2016-11-13,1.69678,1.70249,1.69675,1.70076,7635.45
2016-11-14,1.70076,1.70415,1.68834,1.69426,211986.39
2016-11-15,1.69429,1.69517,1.66814,1.67519,206959.42
2016-11-16,1.67519,1.68098,1.66685,1.66998,191061.8
2016-11-17,1.67003,1.68031,1.66658,1.67965,188546.0
2016-11-18,1.67965,1.68376,1.66324,1.66587,226599.5
2016-11-20,1.66553,1.66848,1.66373,1.66447,8966.76
2016-11-21,1.66443,1.68262,1.65679,1.67494,238855.82
2016-11-22,1.67498,1.67684,1.66098,1.66839,181289.09
2016-11-23,1.66836,1.68076,1.66232,1.67767,172451.39
2016-11-24,1.67768,1.68493,1.67745,1.67983,151663.21
2016-11-25,1.67983,1.68908,1.67398,1.68553,182141.45
2016-11-27,1.68339,1.68764,1.67998,1.68713,4492.46
2016-11-28,1.68709,1.68758,1.66197,1.66303,183439.55
2016-11-29,1.66308,1.68395,1.66238,1.67746,182996.74
2016-11-30,1.67746,1.68212,1.66134,1.68001,215260.47
2016-12-01,1.67996,1.69804,1.67124,1.67503,168800.27
2016-12-02,1.67506,1.69269,1.67203,1.69144,147302.17
2016-12-04,1.682,1.68894,1.68169,1.68807,10996.11
2016-12-05,1.68818,1.69723,1.68238,1.68916,166942.29
2016-12-06,1.68916,1.69845,1.68108,1.68213,132874.41
2016-12-07,1.68214,1.68409,1.66753,1.66983,134298.42
2016-12-08,1.66994,1.67914,1.65758,1.66063,175969.42
2016-12-09,1.66063,1.66357,1.65337,1.65639,148824.4
2016-12-11,1.65208,1.65733,1.6496,1.65362,6266.52
2016-12-12,1.65361,1.66856,1.64945,1.66385,178587.89
2016-12-13,1.66384,1.66989,1.66035,1.66288,163621.04
2016-12-14,1.66285,1.67504,1.65649,1.66527,197786.96
2016-12-15,1.66528,1.67255,1.65382,1.65619,236408.58
2016-12-16,1.65613,1.66919,1.65154,1.66451,194166.93
2016-12-18,1.6644,1.66611,1.66333,1.66607,4020.66
2016-12-19,1.66607,1.66913,1.65398,1.66038,178267.05
2016-12-20,1.66053,1.66368,1.64864,1.65298,158071.92
2016-12-21,1.65303,1.66068,1.64853,1.65904,142736.18
2016-12-22,1.65909,1.66598,1.65479,1.65591,149608.94
2016-12-23,1.65606,1.66407,1.65202,1.66268,110128.83
2016-12-25,1.65891,1.66169,1.65793,1.66119,6405.64
2016-12-26,1.66104,1.66388,1.65318,1.65987,68294.79
2016-12-27,1.65988,1.6667,1.65558,1.66609,88843.3
2016-12-28,1.66613,1.66884,1.65407,1.65567,126980.4
2016-12-29,1.65567,1.65985,1.64774,1.65566,140066.67
2016-12-30,1.65566,1.66444,1.65299,1.65711,178542.73
2017-01-01,1.65701,1.65934,1.65628,1.65652,202.92
2017-01-02,1.65651,1.65974,1.64661,1.65044,100397.59
2017-01-03,1.65046,1.65368,1.63899,1.64314,152761.27
2017-01-04,1.64316,1.64986,1.63302,1.63889,178693.99
2017-01-05,1.63884,1.64441,1.63159,1.64317,206124.24
2017-01-06,1.64317,1.64344,1.62308,1.62512,172850.8
2017-01-08,1.62233,1.62522,1.62233,1.62288,3671.8
2017-01-09,1.62288,1.62319,1.60343,1.60814,164830.1
2017-01-10,1.60814,1.61242,1.60051,1.61242,183457.26
2017-01-11,1.61242,1.61444,1.59668,1.60714,235222.52
2017-01-12,1.60713,1.61138,1.59485,1.59969,217417.96
2017-01-13,1.59968,1.60754,1.59453,1.59723,192960.36
2017-01-15,1.57593,1.58223,1.57523,1.58006,5053.1
2017-01-16,1.58003,1.58875,1.57358,1.58628,169936.6
2017-01-17,1.58629,1.61943,1.58246,1.61803,245795.99
2017-01-18,1.61801,1.62944,1.60708,1.62608,219123.98
2017-01-19,1.62608,1.64463,1.62443,1.64348,219249.73
2017-01-20,1.64347,1.64893,1.63825,1.64768,198429.91
2017-01-22,1.64874,1.64983,1.64746,1.64752,5871.44
2017-01-23,1.64749,1.66202,1.64678,1.65673,195153.74
2017-01-24,1.65668,1.66269,1.64073,1.6485,202995.78
2017-01-25,1.64854,1.65444,1.64222,1.65099,209259.82
2017-01-26,1.65103,1.65832,1.64484,1.6487,206474.14
2017-01-27,1.64873,1.65077,1.64143,1.65011,172574.66
2017-01-29,1.65283,1.65487,1.64824,1.65364,6226.18
2017-01-30,1.65363,1.65459,1.63194,1.63783,173591.02
2017-01-31,1.63789,1.64214,1.62624,1.64104,208536.82
2017-02-01,1.64104,1.65588,1.64088,1.6517,198950.33
2017-02-02,1.6517,1.65214,1.62863,1.63103,197013.65
2017-02-03,1.63099,1.63364,1.622,1.62503,185371.26
2017-02-05,1.62618,1.62728,1.62467,1.62497,5194.44
2017-02-06,1.62497,1.63621,1.62153,1.63125,166533.8
2017-02-07,1.63125,1.65176,1.62684,1.64823,189161.12
2017-02-08,1.64823,1.65047,1.64075,1.64618,179539.35
2017-02-09,1.64621,1.65184,1.63875,1.64158,168843.7
2017-02-10,1.64159,1.64563,1.62785,1.63321,160632.01
2017-02-12,1.63289,1.63789,1.63289,1.63719,7450.74
2017-02-13,1.6372,1.64164,1.6335,1.6368,148674.77
2017-02-14,1.6368,1.63778,1.62348,1.63104,163433.27
2017-02-15,1.63101,1.63203,1.62223,1.62928,167347.4
2017-02-16,1.62928,1.63453,1.62667,1.63252,164060.05
2017-02-17,1.63252,1.63433,1.62069,1.62451,138482.52
2017-02-19,1.62498,1.62779,1.62425,1.62676,5587.19
2017-02-20,1.62671,1.63602,1.62464,1.63426,104958.8
2017-02-21,1.63434,1.64188,1.62942,1.64148,142948.06
2017-02-22,1.64148,1.64468,1.63588,1.63909,158463.83
2017-02-23,1.63908,1.64598,1.63362,1.64471,143353.73
2017-02-24,1.64471,1.64698,1.63009,1.63035,140573.66
2017-02-26,1.63308,1.63329,1.62468,1.6267,10853.48
2017-02-27,1.6267,1.6406,1.62553,1.64003,136246.16
2017-02-28,1.64003,1.65029,1.63506,1.64774,159803.16
2017-03-01,1.64774,1.65118,1.63542,1.63854,175261.05
2017-03-02,1.63848,1.64509,1.63748,1.64319,152462.67
2017-03-03,1.64319,1.64578,1.63735,1.64393,154253.63
2017-03-05,1.64338,1.6459,1.64328,1.64582,3012.96
2017-03-06,1.64581,1.64661,1.63923,1.63994,137793.44
2017-03-07,1.63995,1.64082,1.63288,1.63653,136414.5
2017-03-08,1.63652,1.64273,1.63142,1.64198,152882.37
2017-03-09,1.64198,1.64841,1.63884,1.64166,179203.17
2017-03-10,1.64166,1.64289,1.63279,1.63771,159366.38
2017-03-12,1.63563,1.63813,1.63502,1.63798,5873.9
2017-03-13,1.63798,1.64679,1.63729,1.64178,156212.37
2017-03-14,1.64178,1.64233,1.6304,1.63748,154664.01
2017-03-15,1.63753,1.64938,1.63223,1.63283,174660.44
2017-03-16,1.63284,1.64953,1.629,1.64508,175229.86
2017-03-17,1.64509,1.65468,1.64338,1.65436,143414.18
2017-03-19,1.65254,1.65397,1.65078,1.65113,5937.92
2017-03-20,1.6511,1.65805,1.6476,1.64949,138114.07
2017-03-21,1.64946,1.66794,1.64858,1.66734,166289.2
2017-03-22,1.66732,1.67118,1.66155,1.66268,157797.95
2017-03-23,1.66273,1.67234,1.66198,1.67069,151075.73
2017-03-24,1.67069,1.67299,1.6658,1.66818,123866.1
2017-03-26,1.66848,1.66958,1.66714,1.6678,8754.46
2017-03-27,1.66783,1.68888,1.66743,1.68086,139031.04
2017-03-28,1.68086,1.688,1.66088,1.66094,140440.21
2017-03-29,1.66094,1.66732,1.65536,1.65828,156635.86
2017-03-30,1.65825,1.66549,1.6536,1.66325,157965.71
2017-03-31,1.66323,1.67273,1.65651,1.6702,148347.06
2017-04-02,1.66928,1.67194,1.66655,1.67101,4180.96
2017-04-03,1.67101,1.67618,1.66591,1.67173,125516.13
2017-04-04,1.67168,1.67469,1.66299,1.66689,126009.51
2017-04-05,1.66693,1.67837,1.66484,1.67758,139287.8
2017-04-06,1.67754,1.68003,1.67119,1.67308,119519.03
2017-04-07,1.67304,1.67323,1.65506,1.65738,140106.28
2017-04-09,1.65905,1.65949,1.65765,1.65897,8448.81
2017-04-10,1.65897,1.66345,1.65357,1.65488,129561.94
2017-04-11,1.65488,1.66725,1.65144,1.66403,144819.48
2017-04-12,1.66405,1.66803,1.65718,1.66188,177454.37
2017-04-13,1.66188,1.66785,1.65575,1.66741,164145.57
2017-04-14,1.66742,1.66974,1.66486,1.66788,46307.83
2017-04-16,1.66773,1.66923,1.66698,1.66874,8799.56
2017-04-17,1.66874,1.67403,1.66615,1.67303,99995.28
2017-04-18,1.67299,1.72777,1.6702,1.71864,164958.39
2017-04-19,1.71864,1.72809,1.71771,1.72311,159693.8
2017-04-20,1.72311,1.73396,1.72155,1.72473,143119.33
2017-04-21,1.7247,1.73006,1.71864,1.72806,122930.78
2017-04-23,1.72659,1.73124,1.72628,1.72903,11845.47
2017-04-24,1.72899,1.73252,1.71679,1.73109,142724.06
2017-04-25,1.7311,1.74912,1.73043,1.7415,141820.01
2017-04-26,1.74151,1.75049,1.73794,1.74966,163092.56
2017-04-27,1.74966,1.76409,1.74089,1.75639,162413.56
2017-04-28,1.75639,1.77162,1.75636,1.76719,160432.27
2017-04-30,1.76639,1.76739,1.76303,1.76392,9723.31
2017-05-01,1.7639,1.76837,1.76148,1.76341,114218.68
2017-05-02,1.76342,1.77744,1.75758,1.77362,141680.19
2017-05-03,1.77367,1.77681,1.76386,1.76684,146338.41
2017-05-04,1.76689,1.77938,1.76233,1.77741,149711.23
2017-05-05,1.77737,1.78533,1.77,1.77115,162498.84
2017-05-07,1.77238,1.77413,1.77144,1.77244,9019.77
2017-05-08,1.77248,1.77696,1.7675,1.77174,152028.9
2017-05-09,1.77175,1.77909,1.76648,1.77489,162666.7
2017-05-10,1.77493,1.78157,1.76495,1.7726,161779.25
2017-05-11,1.7726,1.77823,1.76119,1.76594,147306.85
2017-05-12,1.76592,1.76945,1.76027,1.76704,134842.07
2017-05-14,1.76424,1.76771,1.76424,1.76724,14208.48
2017-05-15,1.76724,1.768,1.75651,1.75849,149023.54
2017-05-16,1.75842,1.76515,1.75284,1.75818,162723.42
2017-05-17,1.75819,1.76934,1.75333,1.76383,167032.56
2017-05-18,1.76383,1.78188,1.75564,1.76221,185077.4
2017-05-19,1.76223,1.77096,1.7587,1.76084,129657.21
2017-05-21,1.75663,1.76001,1.75638,1.75846,5527.01
2017-05-22,1.75843,1.76014,1.7519,1.75283,121831.41
2017-05-23,1.75284,1.75614,1.74465,1.75176,141616.51
2017-05-24,1.75176,1.75688,1.73732,1.74056,138235.89
2017-05-25,1.74056,1.74634,1.73572,1.74352,138242.78
2017-05-26,1.74352,1.74357,1.71924,1.72111,134196.94
2017-05-28,1.72148,1.7238,1.72084,1.72367,6569.16
2017-05-29,1.72377,1.72912,1.72326,1.72643,82171.89
2017-05-30,1.72643,1.73718,1.72229,1.72528,124411.75
2017-05-31,1.72529,1.74496,1.71728,1.73685,150801.6
2017-06-01,1.73685,1.7429,1.73037,1.74154,137584.5
2017-06-02,1.74154,1.74356,1.73615,1.73772,135371.97
2017-06-04,1.73449,1.73748,1.73419,1.73677,11035.41
2017-06-05,1.73681,1.74636,1.73283,1.73918,124119.6
2017-06-06,1.73918,1.74146,1.73203,1.73554,129831.65
2017-06-07,1.73553,1.75235,1.73218,1.75123,140435.4
2017-06-08,1.75123,1.75337,1.71648,1.72049,165245.95
2017-06-09,1.72054,1.72923,1.70773,1.71572,173684.6
2017-06-11,1.71084,1.71512,1.71078,1.71453,7657.29
2017-06-12,1.71453,1.7168,1.68538,1.68623,143937.87
2017-06-13,1.68627,1.69134,1.67948,1.68787,137862.88
2017-06-14,1.68787,1.69284,1.67844,1.68867,180728.05
2017-06-15,1.68884,1.69931,1.68208,1.69148,153293.71
2017-06-16,1.69139,1.69633,1.68734,1.68749,120480.91
2017-06-18,1.68598,1.68853,1.68539,1.68784,7672.95
2017-06-19,1.68782,1.69629,1.67948,1.68378,123767.84
2017-06-20,1.68379,1.68614,1.67212,1.67619,129234.94
2017-06-21,1.67618,1.69042,1.67285,1.68898,140060.87
2017-06-22,1.68899,1.69132,1.67262,1.67733,129256.35
2017-06-23,1.67735,1.69254,1.67653,1.68668,131373.55
2017-06-25,1.68868,1.69034,1.68784,1.68971,6163.84
2017-06-26,1.68972,1.69157,1.68263,1.68669,140903.39
2017-06-27,1.68666,1.69276,1.68342,1.68903,174584.52
2017-06-28,1.68904,1.69753,1.67643,1.68699,182365.77
2017-06-29,1.68693,1.69374,1.68574,1.68997,156506.29
2017-06-30,1.68999,1.69139,1.68061,1.68718,145201.19
2017-07-02,1.68644,1.68893,1.68643,1.68871,5012.13
2017-07-03,1.68871,1.69063,1.67921,1.6819,134567.67
2017-07-04,1.6819,1.68316,1.66837,1.67274,137096.33
2017-07-05,1.67275,1.68145,1.66877,1.67583,149419.99
2017-07-06,1.67573,1.68353,1.67209,1.68319,132638.93
2017-07-07,1.68314,1.68534,1.65639,1.65924,124261.53
2017-07-09,1.65895,1.66085,1.65876,1.66036,5397.8
2017-07-10,1.66034,1.66638,1.65536,1.6607,96928.22
2017-07-11,1.66073,1.66918,1.65741,1.66004,114304.99
2017-07-12,1.66001,1.66707,1.63534,1.64351,157636.13
2017-07-13,1.64346,1.65312,1.6417,1.64768,131171.34
2017-07-14,1.64768,1.66093,1.64676,1.65583,118720.94
2017-07-16,1.65629,1.65815,1.65613,1.65718,10716.62
2017-07-17,1.65718,1.65876,1.64967,1.65691,132435.35
2017-07-18,1.65693,1.66104,1.63738,1.64665,158048.16
2017-07-19,1.64664,1.64893,1.63743,1.64173,130756.79
2017-07-20,1.64173,1.6443,1.62882,1.63309,154559.59
2017-07-21,1.63309,1.63889,1.6237,1.62863,129686.67
2017-07-23,1.62913,1.63074,1.62854,1.62975,6459.76
2017-07-24,1.62974,1.63645,1.62717,1.62888,128334.99
2017-07-25,1.62884,1.63538,1.62758,1.62933,144184.32
2017-07-26,1.62933,1.63685,1.62715,1.63277,174824.08
2017-07-27,1.63277,1.64328,1.63085,1.63959,162405.19
2017-07-28,1.63953,1.64424,1.628,1.63278,146142.54
2017-07-30,1.63128,1.63822,1.63102,1.63784,7474.04
2017-07-31,1.63785,1.65058,1.6328,1.65041,152325.17
2017-08-01,1.65042,1.65789,1.64523,1.6571,150109.84
2017-08-02,1.6571,1.666,1.65623,1.66273,156910.26
2017-08-03,1.66278,1.67243,1.64921,1.6519,145666.42
2017-08-04,1.6519,1.65492,1.64503,1.64846,129463.75
2017-08-06,1.64958,1.65046,1.64798,1.64926,7848.83
2017-08-07,1.64929,1.65596,1.64793,1.65218,106102.37
2017-08-08,1.65218,1.65309,1.64098,1.64554,126485.85
2017-08-09,1.64554,1.65331,1.64508,1.65159,136734.56
2017-08-10,1.65158,1.65511,1.64769,1.65286,141301.79
2017-08-11,1.65283,1.65639,1.6433,1.64868,149579.89
2017-08-13,1.64571,1.65033,1.64546,1.64813,5540.51
2017-08-14,1.64817,1.65164,1.64549,1.65034,148785.83
2017-08-15,1.65035,1.65169,1.63785,1.64094,169199.02
2017-08-16,1.64093,1.64324,1.62449,1.62718,163536.6
2017-08-17,1.62718,1.63279,1.62253,1.63183,172102.81
2017-08-18,1.63181,1.63367,1.61335,1.62001,166713.73
2017-08-20,1.61523,1.62103,1.61523,1.61988,10805.8
2017-08-21,1.61987,1.62524,1.61881,1.6199,141803.79
2017-08-22,1.6199,1.62032,1.60566,1.61117,150816.01
2017-08-23,1.61117,1.61539,1.60484,1.60583,161042.39
2017-08-24,1.60588,1.60837,1.60065,1.60159,159114.76
2017-08-25,1.60153,1.61016,1.60054,1.60655,151382.7
2017-08-27,1.61243,1.61244,1.60875,1.60947,11505.16
2017-08-28,1.60944,1.62059,1.60638,1.61742,146146.01
2017-08-29,1.61742,1.6221,1.61275,1.61706,177164.62
2017-08-30,1.61706,1.63316,1.61562,1.63163,167963.7
2017-08-31,1.63163,1.63546,1.61153,1.61398,188308.43
2017-09-01,1.61398,1.61512,1.60292,1.60519,161449.78
2017-09-03,1.60969,1.60974,1.60418,1.60454,7773.7
2017-09-04,1.60454,1.60993,1.60209,1.60443,119435.76
2017-09-05,1.60443,1.61644,1.60109,1.61282,181473.08
2017-09-06,1.61284,1.62044,1.58449,1.59602,179443.61
2017-09-07,1.59601,1.597,1.58495,1.5869,185358.24
2017-09-08,1.5869,1.60458,1.58363,1.60389,182281.97
2017-09-10,1.60268,1.60371,1.60036,1.60351,7309.99
2017-09-11,1.6035,1.60525,1.59343,1.59443,154465.7
2017-09-12,1.59444,1.61969,1.59377,1.61789,172149.02
2017-09-13,1.61789,1.62104,1.6067,1.60692,158837.67
2017-09-14,1.60691,1.63589,1.60095,1.6294,188857.45
2017-09-15,1.6294,1.65764,1.62908,1.65645,175809.51
2017-09-17,1.65302,1.65715,1.65285,1.65605,7592.41
2017-09-18,1.65605,1.663,1.648,1.65973,168658.32
2017-09-19,1.65973,1.66723,1.65444,1.66127,171629.51
2017-09-20,1.66127,1.6703,1.65557,1.66509,198749.57
2017-09-21,1.66511,1.67584,1.66305,1.67352,177043.43
2017-09-22,1.67351,1.67426,1.65869,1.66428,173183.39
2017-09-24,1.66303,1.66822,1.66246,1.6672,8329.42
2017-09-25,1.66718,1.67283,1.65989,1.66684,167740.13
2017-09-26,1.66689,1.67278,1.65784,1.66176,169830.87
2017-09-27,1.66176,1.67298,1.65272,1.67228,194512.07
2017-09-28,1.67228,1.677,1.66562,1.67007,177071.73
2017-09-29,1.67015,1.67954,1.65969,1.66964,142767.71
2017-10-01,1.66919,1.67156,1.66753,1.67036,6636.48
2017-10-02,1.67038,1.67108,1.65578,1.66134,173989.11
2017-10-03,1.66141,1.66359,1.65219,1.65377,152500.15
2017-10-04,1.65382,1.6587,1.65128,1.65144,147922.74
2017-10-05,1.65148,1.65306,1.6415,1.64802,132552.29
2017-10-06,1.64802,1.64826,1.63501,1.63753,127704.84
2017-10-08,1.64054,1.64133,1.63862,1.64002,5206.53
2017-10-09,1.63999,1.65287,1.63868,1.64979,99813.19
2017-10-10,1.64979,1.65337,1.64609,1.65261,131520.75
2017-10-11,1.65261,1.65316,1.6464,1.64816,121677.62
2017-10-12,1.6482,1.65685,1.63612,1.65477,136113.02
2017-10-13,1.65477,1.66505,1.65138,1.65549,123040.53
2017-10-15,1.6583,1.65964,1.65657,1.65814,5159.38
2017-10-16,1.65814,1.66859,1.65535,1.6598,114939.45
2017-10-17,1.65981,1.6656,1.64844,1.64852,131213.88
2017-10-18,1.64856,1.65358,1.64253,1.64681,135212.58
2017-10-19,1.64681,1.64833,1.63834,1.64127,129520.25
2017-10-20,1.64127,1.66572,1.63823,1.66371,127273.76
2017-10-22,1.66344,1.66694,1.66328,1.66685,9006.09
2017-10-23,1.66683,1.67139,1.66161,1.66878,122785.44
2017-10-24,1.66877,1.67123,1.66076,1.66371,129220.37
2017-10-25,1.66368,1.69998,1.66277,1.69824,153832.65
2017-10-26,1.69824,1.69938,1.68649,1.68696,142981.98
2017-10-27,1.68701,1.6911,1.68074,1.6821,137539.5
2017-10-29,1.68052,1.68525,1.68051,1.68503,5919.02
2017-10-30,1.68501,1.69645,1.68346,1.69462,112642.51
2017-10-31,1.6946,1.71381,1.69367,1.71333,122372.09
2017-11-01,1.71331,1.71638,1.70286,1.70632,126961.46
2017-11-02,1.70632,1.70718,1.67139,1.67172,116889.09
2017-11-03,1.67172,1.68077,1.66477,1.66848,112383.92
2017-11-05,1.66778,1.66951,1.66724,1.66902,3158.6
2017-11-06,1.66903,1.67619,1.66735,1.67482,109204.93
2017-11-07,1.67482,1.6835,1.67241,1.6809,125602.15
2017-11-08,1.6809,1.68158,1.66542,1.66887,114852.13
2017-11-09,1.66887,1.67266,1.66331,1.66632,131256.86
2017-11-10,1.6663,1.67814,1.66234,1.67229,115902.82
2017-11-12,1.66944,1.67193,1.66498,1.66525,9389.28
2017-11-13,1.66525,1.67119,1.65886,1.67099,118425.92
2017-11-14,1.67099,1.67969,1.66393,1.67582,126206.38
2017-11-15,1.67581,1.68503,1.67063,1.68159,152663.65
2017-11-16,1.68164,1.68606,1.67824,1.68384,134551.5
2017-11-17,1.68384,1.69279,1.68012,1.68602,132390.12
2017-11-19,1.68708,1.68919,1.68703,1.68854,4214.33
2017-11-20,1.68854,1.69793,1.68705,1.6966,123502.06
2017-11-21,1.69661,1.70089,1.68741,1.69203,135747.9
2017-11-22,1.692,1.69421,1.68425,1.69174,119409.89
2017-11-23,1.69172,1.69444,1.68582,1.69138,70479.36
2017-11-24,1.69138,1.69909,1.68983,1.69354,97342.19
2017-11-26,1.69223,1.69456,1.69209,1.69408,2924.01
2017-11-27,1.69408,1.70213,1.69154,1.69948,110552.96
2017-11-28,1.69946,1.71526,1.69328,1.71247,143728.37
2017-11-29,1.71247,1.72933,1.71173,1.72586,134006.53
2017-11-30,1.72588,1.74557,1.72508,1.74431,152894.32
2017-12-01,1.74431,1.7465,1.70794,1.70794,157529.65
2017-12-03,1.70658,1.71641,1.70555,1.71572,5468.37
2017-12-04,1.71572,1.71593,1.70254,1.70781,145001.35
2017-12-05,1.70781,1.708,1.69228,1.70276,138551.05
2017-12-06,1.70276,1.71333,1.6915,1.71225,137401.17
2017-12-07,1.71226,1.73374,1.70826,1.73341,125384.41
2017-12-08,1.73341,1.73797,1.71773,1.71852,128683.29
2017-12-10,1.71934,1.72314,1.71925,1.72211,3481.41
2017-12-11,1.72211,1.72387,1.71348,1.71549,107607.63
2017-12-12,1.71549,1.71874,1.70789,1.714,122875.38
2017-12-13,1.71403,1.72103,1.71183,1.71869,133851.43
2017-12-14,1.71872,1.72956,1.70821,1.71852,155340.99
2017-12-15,1.71852,1.71852,1.70054,1.7139,136910.96
2017-12-17,1.71283,1.71453,1.71278,1.71428,2679.16
2017-12-18,1.71429,1.72743,1.71358,1.72121,117233.41
2017-12-19,1.72122,1.72528,1.7169,1.72391,125330.48
2017-12-20,1.72391,1.72559,1.7146,1.71473,114394.43
2017-12-21,1.71472,1.71832,1.69787,1.70405,110812.68
2017-12-22,1.70405,1.71273,1.69776,1.70043,102130.7
2017-12-25,1.69973,1.70398,1.69846,1.70043,2987.11
2017-12-26,1.70043,1.70138,1.69533,1.69682,64472.45
2017-12-27,1.69683,1.69844,1.69215,1.69501,85543.96
2017-12-28,1.695,1.69735,1.68686,1.68853,72873.95
2017-12-29,1.68847,1.69991,1.68815,1.69766,78084.31
2018-01-01,1.69159,1.6977,1.69159,1.69628,2689.88
2018-01-02,1.69628,1.70128,1.69328,1.70008,113048.8
2018-01-03,1.70008,1.70307,1.69146,1.69498,111257.48
2018-01-04,1.69498,1.69808,1.69082,1.69256,115830.38
2018-01-05,1.69256,1.69657,1.67581,1.68319,122227.47
2018-01-07,1.68249,1.6841,1.68213,1.68249,2713.88
2018-01-08,1.68249,1.68701,1.6777,1.68456,105989.71
2018-01-09,1.68456,1.68804,1.67934,1.68762,115929.15
2018-01-10,1.6876,1.69947,1.67943,1.69327,150903.51
2018-01-11,1.69327,1.70012,1.69201,1.69552,137950.38
2018-01-12,1.69551,1.71793,1.69542,1.70994,173965.32
2018-01-14,1.71013,1.71247,1.70853,1.71096,4623.57
2018-01-15,1.711,1.71637,1.70744,1.71425,155370.24
2018-01-16,1.71424,1.71603,1.70715,1.71429,185564.15
2018-01-17,1.71426,1.72876,1.70608,1.72018,231327.36
2018-01-18,1.72019,1.73375,1.71887,1.72406,212285.81
2018-01-19,1.72408,1.734,1.72253,1.72959,191890.86
2018-01-21,1.73273,1.73461,1.73179,1.73432,4453.12
2018-01-22,1.73432,1.7425,1.73013,1.7413,160295.1
2018-01-23,1.74129,1.74768,1.73642,1.73947,186663.48
2018-01-24,1.73948,1.75932,1.73861,1.75615,226637.94
2018-01-25,1.75613,1.76374,1.74366,1.7515,264507.64
2018-01-26,1.7515,1.7594,1.74252,1.74302,233252.6
2018-01-28,1.74048,1.7442,1.73997,1.74217,5165.76
2018-01-29,1.74218,1.74514,1.73019,1.73581,202674.38
2018-01-30,1.73577,1.74633,1.73021,1.74595,193948.62
2018-01-31,1.74595,1.74803,1.73491,1.74699,195177.09
2018-02-01,1.74699,1.75582,1.74416,1.74872,162592.56
2018-02-02,1.74872,1.75566,1.74748,1.7539,176600.44
2018-02-04,1.75339,1.75499,1.75141,1.75442,5956.31
2018-02-05,1.75442,1.75524,1.74503,1.74735,187737.17
2018-02-06,1.74739,1.75293,1.73568,1.74525,251813.52
2018-02-07,1.74524,1.74909,1.73657,1.74396,183015.27
2018-02-08,1.74396,1.76628,1.74246,1.75425,222058.36
2018-02-09,1.75427,1.76132,1.73681,1.73918,211000.65
2018-02-11,1.73836,1.74076,1.73701,1.74007,6425.1
2018-02-12,1.74007,1.74427,1.73813,1.74219,138414.53
2018-02-13,1.74215,1.75366,1.74042,1.74775,142175.31
2018-02-14,1.74775,1.75548,1.74096,1.74917,175392.46
2018-02-15,1.74916,1.76268,1.74831,1.76034,178182.96
2018-02-16,1.76038,1.76354,1.7532,1.76136,177091.15
2018-02-18,1.75953,1.76258,1.75897,1.7618,4324.36
2018-02-19,1.76179,1.76193,1.75681,1.75836,121875.96
2018-02-20,1.75837,1.77076,1.75472,1.77051,159103.52
2018-02-21,1.7705,1.77193,1.76046,1.76628,176409.34
2018-02-22,1.76629,1.77567,1.75837,1.77364,162058.06
2018-02-23,1.77363,1.77815,1.76362,1.76362,151207.0
2018-02-25,1.76777,1.76788,1.76521,1.76659,5828.83
2018-02-26,1.76659,1.78035,1.76635,1.77117,149079.06
2018-02-27,1.77117,1.77715,1.76764,1.7757,170436.15
2018-02-28,1.77568,1.7768,1.76396,1.76522,162015.17
2018-03-01,1.76521,1.77017,1.76163,1.76742,199770.5
2018-03-02,1.76742,1.77999,1.76585,1.77702,187529.25
2018-03-04,1.77673,1.78031,1.77389,1.77775,8432.1
2018-03-05,1.77776,1.80064,1.77703,1.79756,167773.03
2018-03-06,1.79752,1.80076,1.7872,1.79956,189370.89
2018-03-07,1.79956,1.80482,1.78721,1.79419,205699.14
2018-03-08,1.79419,1.79633,1.77951,1.78001,194123.86
2018-03-09,1.78001,1.78439,1.77346,1.7735,179080.08
2018-03-11,1.7746,1.77568,1.77388,1.77515,4247.57
2018-03-12,1.77514,1.78609,1.774,1.78564,143795.0
2018-03-13,1.78564,1.8129,1.78296,1.81006,166850.93
2018-03-14,1.81007,1.81159,1.80346,1.80955,167366.22
2018-03-15,1.80953,1.82415,1.80347,1.81902,176481.61
2018-03-16,1.81908,1.82917,1.81753,1.82598,152920.17
2018-03-18,1.82462,1.82632,1.82436,1.82548,5006.53
2018-03-19,1.82549,1.8415,1.82437,1.83458,179535.36
2018-03-20,1.83458,1.83795,1.82729,1.83076,138736.25
2018-03-21,1.83077,1.83661,1.82032,1.82374,163446.64
2018-03-22,1.82378,1.82926,1.81716,1.82457,177659.16
2018-03-23,1.82455,1.8262,1.81391,1.82179,168353.29
2018-03-25,1.82177,1.82315,1.82063,1.82218,7526.58
2018-03-26,1.82218,1.83805,1.81995,1.82746,139673.23
2018-03-27,1.82745,1.82821,1.8133,1.82549,154808.54
2018-03-28,1.82548,1.8291,1.81432,1.81891,170396.58
2018-03-29,1.81894,1.81987,1.80474,1.8071,136363.83
2018-03-30,1.8071,1.81214,1.80594,1.80611,124713.77
2018-04-01,1.8073,1.81004,1.80653,1.80954,5766.01
2018-04-02,1.80954,1.81782,1.80841,1.81494,99102.68
2018-04-03,1.81493,1.81493,1.79627,1.80167,121059.61
2018-04-04,1.80166,1.80742,1.7961,1.79661,133047.64
2018-04-05,1.7966,1.79877,1.78387,1.78852,111902.84
2018-04-06,1.78852,1.8018,1.78573,1.80014,131507.51
2018-04-08,1.79889,1.80105,1.79738,1.801,5728.54
2018-04-09,1.801,1.80935,1.7931,1.79523,108484.26
2018-04-10,1.79524,1.79955,1.78301,1.7858,123904.9
2018-04-11,1.78585,1.79315,1.78084,1.7831,112791.11
2018-04-12,1.78312,1.79485,1.78268,1.79232,117724.11
2018-04-13,1.79232,1.79812,1.7888,1.79443,98652.89
2018-04-15,1.79448,1.79543,1.79186,1.7953,5971.77
2018-04-16,1.79528,1.80501,1.79495,1.80203,94392.93
2018-04-17,1.80203,1.80563,1.79024,1.79526,98874.25
2018-04-18,1.79526,1.79998,1.7841,1.79316,108515.15
2018-04-19,1.79318,1.79672,1.78168,1.78378,126118.13
2018-04-20,1.78378,1.78888,1.77432,1.78639,113575.64
2018-04-22,1.78524,1.78789,1.78447,1.78769,5334.29
2018-04-23,1.78769,1.79266,1.78289,1.79012,98076.61
2018-04-24,1.79014,1.79483,1.78702,1.79415,113110.71
2018-04-25,1.79415,1.79767,1.78702,1.78878,117606.44
2018-04-26,1.78872,1.79828,1.78582,1.79133,137040.15
2018-04-27,1.79132,1.79392,1.76659,1.76714,125051.26
2018-04-29,1.76759,1.76899,1.76753,1.76802,6507.39
2018-04-30,1.76804,1.77081,1.76016,1.76717,118699.36
2018-05-01,1.76719,1.76719,1.74745,1.748,132017.49
2018-05-02,1.748,1.75471,1.74309,1.74842,154792.9
2018-05-03,1.74842,1.7506,1.74227,1.74388,156270.48
2018-05-04,1.74388,1.74722,1.73695,1.73695,120122.02
2018-05-06,1.73853,1.73991,1.73841,1.73954,3723.85
2018-05-07,1.73954,1.74861,1.7395,1.74751,109132.57
2018-05-08,1.74751,1.75667,1.74737,1.75467,151533.29
2018-05-09,1.75463,1.75619,1.73875,1.74,142885.2
2018-05-10,1.74,1.74181,1.72223,1.72678,186723.48
2018-05-11,1.72674,1.73502,1.72253,1.73204,140047.42
2018-05-13,1.73098,1.73265,1.72996,1.73171,5065.37
2018-05-14,1.73171,1.73737,1.73149,1.7358,117099.64
2018-05-15,1.7358,1.74048,1.73151,1.73754,152677.27
2018-05-16,1.73759,1.73803,1.72356,1.73164,151776.38
2018-05-17,1.73161,1.73599,1.72182,1.73403,143127.04
2018-05-18,1.73402,1.73938,1.72554,1.73484,135400.57
2018-05-20,1.73233,1.73663,1.73223,1.7352,6321.46
2018-05-21,1.73519,1.73541,1.71548,1.71588,123068.03
2018-05-22,1.71587,1.72256,1.71207,1.72256,132574.18
2018-05-23,1.72256,1.72583,1.71162,1.71599,176111.27
2018-05-24,1.71595,1.73,1.71507,1.72434,170095.26
2018-05-25,1.72437,1.73174,1.71993,1.72426,140859.29
2018-05-27,1.72574,1.727,1.72473,1.72682,7162.32
2018-05-28,1.72682,1.7331,1.72651,1.72938,116437.27
2018-05-29,1.72938,1.73036,1.71776,1.72672,178524.41
2018-05-30,1.72669,1.73034,1.70533,1.71265,174281.99
2018-05-31,1.71265,1.72831,1.70683,1.71998,178275.81
2018-06-01,1.71993,1.73199,1.71664,1.72823,155627.86
2018-06-03,1.72661,1.73068,1.72661,1.72996,5794.95
2018-06-04,1.72993,1.73098,1.72002,1.72072,134947.05
2018-06-05,1.7207,1.74297,1.71997,1.7348,151154.66
2018-06-06,1.73479,1.73891,1.72549,1.73728,139470.3
2018-06-07,1.73728,1.74649,1.73278,1.74158,153759.37
2018-06-08,1.74166,1.74794,1.73229,1.73278,140864.42
2018-06-10,1.74368,1.74368,1.73824,1.73938,5125.29
2018-06-11,1.73938,1.74254,1.7332,1.73641,111704.58
2018-06-12,1.73649,1.74402,1.73321,1.74042,144456.66
2018-06-13,1.74042,1.74169,1.7325,1.73603,140103.39
2018-06-14,1.73604,1.74341,1.73063,1.73838,168472.41
2018-06-15,1.73837,1.75481,1.73671,1.7509,144281.85
2018-06-17,1.74928,1.75223,1.74834,1.752,10798.21
2018-06-18,1.752,1.75314,1.74231,1.75143,116989.94
2018-06-19,1.75148,1.75422,1.74286,1.74894,161094.48
2018-06-20,1.74894,1.75737,1.7468,1.75259,149564.53
2018-06-21,1.7526,1.76553,1.74548,1.76393,177789.88
2018-06-22,1.76391,1.77708,1.75788,1.75824,145422.92
2018-06-24,1.75913,1.7618,1.75913,1.76081,8125.22
2018-06-25,1.76081,1.76893,1.75711,1.76541,151263.31
2018-06-26,1.76541,1.76718,1.7554,1.75828,151953.78
2018-06-27,1.75827,1.76165,1.74435,1.74867,179452.12
2018-06-28,1.74857,1.74883,1.73153,1.73299,163440.61
2018-06-29,1.73292,1.74408,1.73135,1.73418,177859.44
2018-07-01,1.73428,1.73699,1.73266,1.73647,11992.26
2018-07-02,1.73647,1.73678,1.72857,1.73298,132165.02
2018-07-03,1.73298,1.73828,1.73058,1.73399,148181.96
2018-07-04,1.73398,1.74054,1.73247,1.73798,133732.85
2018-07-05,1.73797,1.7442,1.73373,1.73692,145812.64
2018-07-06,1.73694,1.74266,1.73023,1.73766,117409.34
2018-07-08,1.74293,1.74379,1.74015,1.74089,11306.07
2018-07-09,1.74093,1.74779,1.72928,1.73754,136759.01
2018-07-10,1.73753,1.74576,1.73618,1.74266,127423.31
2018-07-11,1.74266,1.74539,1.73321,1.74404,160558.04
2018-07-12,1.74404,1.74489,1.73409,1.73478,137196.41
2018-07-13,1.73475,1.74176,1.72932,1.73988,116756.21
2018-07-15,1.74048,1.74127,1.73948,1.74015,4577.32
2018-07-16,1.74019,1.74678,1.73568,1.73873,111303.73
2018-07-17,1.73871,1.74108,1.72615,1.73011,136999.18
2018-07-18,1.73018,1.73457,1.71952,1.72198,135681.34
2018-07-19,1.72198,1.72727,1.71683,1.72677,151646.31
2018-07-20,1.72677,1.72783,1.71669,1.72574,146410.25
2018-07-22,1.72319,1.72524,1.7215,1.72458,10303.18
2018-07-23,1.72458,1.72901,1.72244,1.72563,123559.17
2018-07-24,1.72561,1.73079,1.72361,1.72926,122990.32
2018-07-25,1.72928,1.73161,1.71748,1.72085,139907.24
2018-07-26,1.72082,1.72194,1.71248,1.71305,127750.61
2018-07-27,1.71305,1.71473,1.70788,1.70973,112629.39
2018-07-29,1.71001,1.71275,1.70901,1.71264,12062.84
2018-07-30,1.7126,1.71553,1.70769,1.71112,95547.3
2018-07-31,1.71111,1.71738,1.70443,1.70774,132033.36
2018-08-01,1.70772,1.71156,1.70244,1.70591,116852.37
2018-08-02,1.70592,1.71015,1.69254,1.69521,119915.54
2018-08-03,1.69522,1.696,1.68717,1.6879,125469.72
2018-08-05,1.6886,1.69244,1.68789,1.69194,5400.24
2018-08-06,1.69197,1.69202,1.68176,1.68274,93662.65
2018-08-07,1.6827,1.69149,1.67917,1.69035,103173.73
2018-08-08,1.69036,1.69182,1.67581,1.67655,117717.9
2018-08-09,1.67658,1.6823,1.67243,1.67344,116398.31
2018-08-10,1.67344,1.67832,1.66398,1.67688,172172.31
2018-08-12,1.6779,1.6793,1.67629,1.67763,10681.99
2018-08-13,1.6776,1.68054,1.6737,1.67531,155235.85
2018-08-14,1.6753,1.6789,1.65904,1.66054,135397.11
2018-08-15,1.66053,1.67231,1.65944,1.66851,145196.39
2018-08-16,1.66849,1.67485,1.66576,1.67277,142689.74
2018-08-17,1.67277,1.6752,1.66196,1.66469,120939.71
2018-08-19,1.66463,1.6654,1.66366,1.66455,5081.65
2018-08-20,1.66455,1.67107,1.66312,1.66976,111091.71
2018-08-21,1.66975,1.68389,1.66899,1.682,135104.9
2018-08-22,1.682,1.68506,1.67572,1.67848,134587.3
2018-08-23,1.67849,1.683,1.6723,1.67775,124125.98
2018-08-24,1.67777,1.68078,1.67259,1.67259,121777.12
2018-08-26,1.67159,1.67364,1.67062,1.67267,9370.7
2018-08-27,1.6727,1.68014,1.6696,1.67171,122222.98
2018-08-28,1.67173,1.67237,1.66183,1.66354,128339.23
2018-08-29,1.66356,1.68526,1.65948,1.68199,140344.42
2018-08-30,1.68199,1.69106,1.67969,1.68956,138712.37
2018-08-31,1.68958,1.69861,1.6866,1.68894,151503.49
2018-09-02,1.68823,1.68896,1.68655,1.68779,8467.05
2018-09-03,1.68779,1.68906,1.67942,1.68497,103395.42
2018-09-04,1.68498,1.69569,1.68293,1.69384,131114.3
2018-09-05,1.6939,1.71065,1.68645,1.70123,144767.49
2018-09-06,1.70121,1.71047,1.69773,1.70008,137678.62
2018-09-07,1.70008,1.71161,1.69498,1.69973,146471.31
2018-09-09,1.70082,1.70304,1.70074,1.70279,5261.82
2018-09-10,1.70279,1.7175,1.70127,1.71459,117361.46
2018-09-11,1.71456,1.71879,1.69895,1.70006,144963.73
2018-09-12,1.70007,1.70265,1.69199,1.6958,154210.98
2018-09-13,1.69584,1.70604,1.69461,1.70493,132763.32
2018-09-14,1.70494,1.70899,1.7017,1.70262,122864.03
2018-09-16,1.70359,1.70559,1.70359,1.70484,6298.5
2018-09-17,1.70484,1.7175,1.70434,1.7171,122990.27
2018-09-18,1.71714,1.71716,1.70424,1.70798,152371.0
2018-09-19,1.70797,1.71097,1.69573,1.6973,159708.58
2018-09-20,1.69733,1.71452,1.69721,1.71295,147456.11
2018-09-21,1.71293,1.71376,1.68609,1.68813,143060.19
2018-09-23,1.69073,1.69101,1.6885,1.68903,5608.14
2018-09-24,1.68904,1.70276,1.68868,1.69827,125558.42
2018-09-25,1.69828,1.70843,1.69631,1.70761,128158.71
2018-09-26,1.70761,1.71739,1.70083,1.71673,148890.07
2018-09-27,1.71678,1.72023,1.70365,1.70439,135200.53
2018-09-28,1.70441,1.70498,1.68128,1.68159,119975.65
2018-09-30,1.67563,1.67888,1.67288,1.67343,7837.96
2018-10-01,1.67344,1.68027,1.66651,1.67106,131633.32
2018-10-02,1.67107,1.67136,1.65958,1.66384,132737.36
2018-10-03,1.66384,1.67016,1.66353,1.66651,157094.85
2018-10-04,1.66647,1.68423,1.66474,1.68248,156265.59
2018-10-05,1.68244,1.69862,1.68083,1.69686,147715.21
2018-10-07,1.69903,1.70006,1.69495,1.69936,16365.54
2018-10-08,1.69939,1.7011,1.6929,1.69611,133421.15
2018-10-09,1.69611,1.70372,1.69239,1.70211,147674.49
2018-10-10,1.70211,1.72419,1.70108,1.7232,164629.98
2018-10-11,1.72318,1.72842,1.71777,1.72434,203202.26
2018-10-12,1.72434,1.72603,1.71204,1.71264,158663.99
2018-10-14,1.70318,1.70735,1.70301,1.70628,11518.2
2018-10-15,1.70626,1.71543,1.70351,1.70916,155731.32
2018-10-16,1.70913,1.71554,1.70199,1.7058,152505.55
2018-10-17,1.70576,1.7089,1.69877,1.70625,154900.52
2018-10-18,1.70624,1.71173,1.70143,1.70246,158998.7
2018-10-19,1.70245,1.71881,1.69634,1.71153,155924.66
2018-10-21,1.71138,1.71304,1.70796,1.71211,8289.31
2018-10-22,1.71209,1.71338,1.69579,1.6981,153743.57
2018-10-23,1.69808,1.70943,1.69609,1.6979,172669.83
2018-10-24,1.69789,1.69908,1.67193,1.68083,192172.23
2018-10-25,1.68083,1.68789,1.67343,1.67567,176143.47
2018-10-26,1.67566,1.6852,1.67548,1.6805,186399.94
2018-10-28,1.67883,1.68079,1.67883,1.68029,4825.07
2018-10-29,1.68029,1.68347,1.67735,1.68064,163129.72
2018-10-30,1.68065,1.68094,1.66452,1.66654,156007.69
2018-10-31,1.66654,1.68267,1.66515,1.67977,160627.93
2018-11-01,1.67977,1.70551,1.67949,1.70208,182307.5
2018-11-02,1.70207,1.70394,1.6971,1.69929,166829.38
2018-11-04,1.70463,1.70478,1.70168,1.7037,8764.37
2018-11-05,1.7037,1.71314,1.69799,1.7118,131927.82
2018-11-06,1.71181,1.72071,1.70872,1.71978,155872.99
2018-11-07,1.7198,1.72553,1.71546,1.72147,190171.47
2018-11-08,1.72148,1.72301,1.7134,1.71726,177831.88
2018-11-09,1.71728,1.72244,1.71099,1.71327,172735.11
2018-11-11,1.70519,1.70768,1.70469,1.70678,10828.76
2018-11-12,1.7068,1.7078,1.69442,1.70223,172962.27
2018-11-13,1.70224,1.72532,1.70122,1.72091,205261.4
2018-11-14,1.72092,1.72837,1.70617,1.71984,228038.35
2018-11-15,1.71984,1.72268,1.67834,1.6815,253889.33
2018-11-16,1.68148,1.69426,1.68134,1.68654,189690.5
2018-11-18,1.68908,1.68933,1.68674,1.6871,8510.75
2018-11-19,1.6871,1.69663,1.68491,1.69326,153456.27
2018-11-20,1.69326,1.70236,1.68875,1.70144,176153.97
2018-11-21,1.70145,1.70331,1.68893,1.68972,151176.51
2018-11-22,1.68973,1.70929,1.68942,1.69821,145621.04
2018-11-23,1.69829,1.7009,1.68973,1.69346,152516.72
2018-11-25,1.69533,1.69697,1.69412,1.69457,6433.83
2018-11-26,1.69461,1.69947,1.69084,1.69813,147444.36
2018-11-27,1.69812,1.69927,1.68673,1.69415,184177.39
2018-11-28,1.69416,1.70634,1.69354,1.70226,173751.8
2018-11-29,1.70223,1.70477,1.69279,1.69712,182305.6
2018-11-30,1.69712,1.70318,1.69261,1.69348,171020.08
2018-12-02,1.68953,1.69027,1.68488,1.69015,8412.02
2018-12-03,1.69013,1.69291,1.67209,1.67948,181272.83
2018-12-04,1.67948,1.69044,1.67419,1.68596,195111.73
2018-12-05,1.68597,1.70679,1.68378,1.7001,164133.11
2018-12-06,1.70013,1.71739,1.70006,1.71129,192819.96
2018-12-07,1.71129,1.71218,1.68932,1.69539,161857.75
2018-12-09,1.69398,1.69595,1.69362,1.69521,6889.35
2018-12-10,1.69521,1.69703,1.67569,1.68264,182379.99
2018-12-11,1.68259,1.69523,1.67098,1.67116,180677.38
2018-12-12,1.67115,1.69243,1.67003,1.68513,198294.19
2018-12-13,1.68513,1.69536,1.68384,1.68919,160197.86
2018-12-14,1.68918,1.69065,1.67701,1.68397,157328.64
2018-12-16,1.68583,1.68614,1.68196,1.68446,13236.1
2018-12-17,1.68444,1.69385,1.68181,1.69184,164219.28
2018-12-18,1.69184,1.70631,1.69063,1.70249,177849.35
2018-12-19,1.70249,1.70734,1.6951,1.70097,257585.46
2018-12-20,1.70096,1.71613,1.70049,1.70978,312181.46
2018-12-21,1.70977,1.72108,1.70778,1.71694,309535.62
2018-12-23,1.71943,1.71993,1.71702,1.71984,7613.67
2018-12-24,1.71985,1.73163,1.71455,1.7263,204695.82
2018-12-25,1.72675,1.7274,1.72029,1.72349,14611.15
2018-12-26,1.72349,1.73107,1.71367,1.71632,205896.57
2018-12-27,1.7163,1.73006,1.7161,1.72208,333738.3
2018-12-28,1.72198,1.73455,1.71941,1.73074,233958.21
2018-12-30,1.7302,1.7316,1.72857,1.72886,5590.56
2018-12-31,1.72885,1.74951,1.72678,1.7393,218512.5
2019-01-01,1.73722,1.73871,1.73381,1.73757,5227.02
2019-01-02,1.73758,1.73843,1.69879,1.70573,307399.62
2019-01-03,1.70573,1.7137,1.6996,1.70198,336214.8
2019-01-04,1.70198,1.70835,1.69527,1.70034,289343.42
2019-01-06,1.7014,1.7037,1.70085,1.70203,10397.66
2019-01-07,1.70203,1.70663,1.69533,1.69995,210144.71
2019-01-08,1.69995,1.70001,1.6867,1.68704,220969.09
2019-01-09,1.68704,1.69283,1.68304,1.69088,271232.7
2019-01-10,1.69093,1.69274,1.68175,1.68821,246818.69
2019-01-11,1.68821,1.70596,1.67569,1.70242,259943.79
2019-01-13,1.70388,1.70627,1.70378,1.70461,9009.16
2019-01-14,1.70462,1.71369,1.70076,1.70925,231641.51
2019-01-15,1.70926,1.71291,1.68355,1.7067,289510.82
2019-01-16,1.7067,1.71014,1.70099,1.70844,273994.86
2019-01-17,1.70845,1.72728,1.70654,1.72423,292950.15
2019-01-18,1.72422,1.72425,1.70678,1.70678,297559.33
2019-01-20,1.70728,1.70844,1.70511,1.70602,10787.55
2019-01-21,1.70602,1.71556,1.70459,1.71397,228115.13
2019-01-22,1.71398,1.73167,1.71311,1.73029,247214.77
2019-01-23,1.73029,1.74806,1.72488,1.74513,297275.94
2019-01-24,1.74509,1.75274,1.73735,1.75135,320611.69
2019-01-25,1.75134,1.75178,1.7374,1.74417,310096.54
2019-01-27,1.74288,1.74642,1.74283,1.74621,9228.23
2019-01-28,1.74621,1.74954,1.73902,1.74509,255973.56
2019-01-29,1.74509,1.74951,1.73238,1.73574,323099.29
2019-01-30,1.73574,1.73784,1.72052,1.72368,316038.97
2019-01-31,1.72368,1.72897,1.71794,1.72059,293808.37
2019-02-01,1.72059,1.72467,1.70834,1.71253,260406.06
2019-02-03,1.71119,1.71304,1.70878,1.71284,13063.3
2019-02-04,1.71284,1.72163,1.70715,1.70848,263640.21
2019-02-05,1.70848,1.71147,1.69832,1.70063,253601.69
2019-02-06,1.70064,1.71109,1.70023,1.70906,258044.87
2019-02-07,1.70906,1.72729,1.70375,1.72351,248897.57
2019-02-08,1.72351,1.72719,1.71479,1.71808,225328.17
2019-02-10,1.71491,1.71754,1.71462,1.71735,5852.4
2019-02-11,1.71735,1.71919,1.70768,1.71106,252573.79
2019-02-12,1.71107,1.71272,1.70339,1.70529,240751.74
2019-02-13,1.70529,1.71403,1.70054,1.70421,275903.72
2019-02-14,1.70421,1.70768,1.69722,1.70166,275277.53
2019-02-15,1.70166,1.70851,1.69815,1.70682,284722.36
2019-02-17,1.70994,1.71017,1.708,1.70846,8376.77
2019-02-18,1.70846,1.71287,1.70549,1.71017,222456.6
2019-02-19,1.71017,1.72943,1.709,1.72508,251808.82
2019-02-20,1.72508,1.72593,1.71538,1.71795,268458.26
2019-02-21,1.71795,1.72631,1.71556,1.72456,288670.49
2019-02-22,1.72456,1.72597,1.71345,1.71436,250201.16
2019-02-24,1.71638,1.71728,1.71343,1.71547,8455.7
2019-02-25,1.71547,1.73305,1.7138,1.73066,246069.85
2019-02-26,1.73067,1.75172,1.73058,1.74522,300287.07
2019-02-27,1.74532,1.75396,1.74184,1.75041,391520.59
2019-02-28,1.75037,1.75502,1.74312,1.746,257997.51
2019-03-01,1.746,1.75818,1.73559,1.75542,258155.94
2019-03-03,1.75828,1.75875,1.75624,1.75837,8285.07
2019-03-04,1.75837,1.76287,1.7513,1.75418,258621.96
2019-03-05,1.75417,1.76021,1.74836,1.75689,258634.56
2019-03-06,1.75689,1.7718,1.75408,1.77168,243769.9
2019-03-07,1.77168,1.77217,1.75696,1.75974,276646.1
2019-03-08,1.75974,1.76356,1.74215,1.7457,273398.49
2019-03-10,1.73944,1.74431,1.73913,1.74268,13291.83
2019-03-11,1.74272,1.77948,1.73882,1.77408,260144.64
2019-03-12,1.77405,1.77496,1.74333,1.74508,312673.11
2019-03-13,1.74508,1.77922,1.74504,1.76706,270780.99
2019-03-14,1.76705,1.77437,1.76007,1.7664,282861.78
2019-03-15,1.7664,1.77506,1.75556,1.7723,214833.0
2019-03-17,1.77214,1.77455,1.77184,1.77382,7503.81
2019-03-18,1.77383,1.77406,1.76071,1.7692,202190.83
2019-03-19,1.7692,1.77153,1.75583,1.76795,229969.42
2019-03-20,1.76796,1.76838,1.75196,1.75453,273493.47
2019-03-21,1.75453,1.75859,1.74194,1.75532,282083.45
2019-03-22,1.75531,1.77391,1.74963,1.77293,299804.44
2019-03-24,1.77394,1.77472,1.76979,1.77271,7214.92
2019-03-25,1.77273,1.77906,1.76468,1.76954,282697.24
2019-03-26,1.76954,1.77731,1.76226,1.76738,261828.17
2019-03-27,1.76744,1.77886,1.76284,1.76384,318043.93
2019-03-28,1.76384,1.76917,1.75031,1.75296,272738.8
2019-03-29,1.75297,1.76332,1.73407,1.73957,272613.75
2019-03-31,1.74019,1.74075,1.73675,1.7381,9805.8
2019-04-01,1.7381,1.75472,1.73359,1.73954,250399.65
2019-04-02,1.73955,1.75364,1.73263,1.75132,306155.52
2019-04-03,1.75131,1.75821,1.7484,1.75806,350128.24
2019-04-04,1.75807,1.7614,1.74369,1.74706,313328.48
2019-04-05,1.74706,1.75263,1.73864,1.74379,270109.17
2019-04-07,1.74356,1.74523,1.74221,1.74346,10035.78
2019-04-08,1.74345,1.74852,1.736,1.73877,282409.71
2019-04-09,1.73876,1.74466,1.73363,1.73997,297475.6
2019-04-10,1.73997,1.74681,1.73889,1.74418,290186.51
2019-04-11,1.74418,1.75188,1.74348,1.74629,251735.43
2019-04-12,1.74629,1.74928,1.74129,1.74129,214816.06
2019-04-14,1.74215,1.74439,1.74125,1.74437,7815.49
2019-04-15,1.74437,1.75485,1.74332,1.75108,222258.38
2019-04-16,1.7511,1.75383,1.74081,1.74219,259071.78
2019-04-17,1.74219,1.7441,1.73138,1.74041,247614.66
2019-04-18,1.7404,1.74282,1.73533,1.73727,274347.83
2019-04-19,1.73727,1.74102,1.73578,1.73783,210193.4
2019-04-21,1.738,1.73912,1.73724,1.73833,9973.9
2019-04-22,1.73833,1.73847,1.7314,1.73227,152319.17
2019-04-23,1.73228,1.7442,1.73193,1.73725,261639.49
2019-04-24,1.73725,1.75069,1.73711,1.74078,282558.48
2019-04-25,1.74078,1.74264,1.73715,1.73789,258424.11
2019-04-26,1.73789,1.74246,1.73598,1.73731,259057.45
2019-04-28,1.73713,1.73931,1.73713,1.73896,7138.7
2019-04-29,1.73898,1.7436,1.73692,1.73974,220591.5
2019-04-30,1.73975,1.75578,1.73951,1.74574,258635.81
2019-05-01,1.74573,1.75693,1.74418,1.75388,209225.87
2019-05-02,1.75388,1.75806,1.7506,1.75528,254205.56
2019-05-03,1.75528,1.76884,1.74952,1.7676,219408.43
2019-05-05,1.76903,1.77213,1.76818,1.77142,18313.06
2019-05-06,1.77143,1.77273,1.75921,1.76133,209516.01
2019-05-07,1.76133,1.7629,1.75639,1.76026,240764.54
2019-05-08,1.7603,1.76118,1.74833,1.75241,254450.09
2019-05-09,1.75244,1.75709,1.74881,1.75159,252041.67
2019-05-10,1.75159,1.75475,1.74261,1.74405,252249.84
2019-05-12,1.74383,1.74831,1.74353,1.7483,16397.0
2019-05-13,1.74831,1.75182,1.74368,1.74714,245125.91
2019-05-14,1.74713,1.74735,1.73678,1.73711,230397.73
2019-05-15,1.73714,1.74147,1.72459,1.72668,255529.5
2019-05-16,1.72668,1.7274,1.71634,1.72271,225794.41
2019-05-17,1.72272,1.72439,1.70994,1.71156,247870.52
2019-05-19,1.71046,1.71311,1.71008,1.71166,10157.72
2019-05-20,1.71167,1.71395,1.7074,1.70883,182680.06
2019-05-21,1.70885,1.71806,1.70157,1.70306,219635.89
2019-05-22,1.70307,1.70497,1.69019,1.70153,217367.6
2019-05-23,1.70155,1.70849,1.69611,1.70609,241258.66
2019-05-24,1.70603,1.71097,1.70143,1.70828,225758.46
2019-05-26,1.71009,1.71017,1.70833,1.70936,7693.55
2019-05-27,1.70942,1.71243,1.7025,1.70377,224394.85
2019-05-28,1.70379,1.70873,1.70123,1.70746,226200.54
2019-05-29,1.70746,1.71342,1.70494,1.70642,245573.74
2019-05-30,1.70643,1.70718,1.69813,1.70579,200859.19
2019-05-31,1.70579,1.70954,1.70159,1.70619,250283.89
2019-06-02,1.70718,1.70907,1.70562,1.70878,8720.92
2019-06-03,1.70879,1.71126,1.69933,1.702,256744.83
2019-06-04,1.70202,1.70519,1.69811,1.70108,273319.53
2019-06-05,1.70109,1.70634,1.69761,1.70278,249670.77
2019-06-06,1.70279,1.70672,1.69456,1.69543,244224.79
2019-06-07,1.69544,1.70058,1.68912,1.68913,220188.61
2019-06-09,1.68545,1.68848,1.68439,1.68793,15342.22
2019-06-10,1.68794,1.68912,1.67935,1.68329,213994.91
2019-06-11,1.68329,1.69318,1.67985,1.6897,234002.81
2019-06-12,1.68969,1.69629,1.68654,1.69229,244848.83
2019-06-13,1.69231,1.6928,1.68466,1.68967,241779.65
2019-06-14,1.68963,1.69194,1.68293,1.6877,250059.91
2019-06-16,1.68564,1.6889,1.68563,1.68866,9430.88
2019-06-17,1.68866,1.69037,1.68031,1.68166,189604.32
2019-06-18,1.68166,1.68308,1.67548,1.6803,248899.48
2019-06-19,1.6803,1.68807,1.67707,1.67886,250042.83
2019-06-20,1.67885,1.68199,1.66733,1.67519,318815.5
2019-06-21,1.67519,1.68532,1.66746,1.68408,278985.45
2019-06-23,1.68188,1.68398,1.68065,1.6831,8861.21
2019-06-24,1.6831,1.68319,1.67706,1.67932,234461.55
2019-06-25,1.67934,1.68569,1.6684,1.67206,273018.78
2019-06-26,1.67202,1.6729,1.66348,1.66559,265725.22
2019-06-27,1.66561,1.67054,1.65747,1.65949,281860.03
2019-06-28,1.65949,1.66569,1.65787,1.66134,233935.51
2019-06-30,1.66063,1.66238,1.65953,1.66155,13551.56
2019-07-01,1.66154,1.66408,1.65467,1.66064,218733.25
2019-07-02,1.66065,1.66087,1.64982,1.65014,216481.77
2019-07-03,1.65013,1.65102,1.63988,1.64273,211916.02
2019-07-04,1.64269,1.64594,1.63915,1.64178,138463.72
2019-07-05,1.64183,1.64438,1.6365,1.6379,179702.89
2019-07-07,1.63714,1.63838,1.63703,1.63777,5942.75
2019-07-08,1.63777,1.63981,1.63273,1.63974,164899.61
2019-07-09,1.63977,1.63989,1.63258,1.63522,182268.5
2019-07-10,1.63519,1.64247,1.63367,1.63477,225305.83
2019-07-11,1.63473,1.64208,1.63325,1.63618,220256.08
2019-07-12,1.6362,1.63944,1.63159,1.63751,191152.31
2019-07-14,1.63554,1.63895,1.6351,1.63835,12593.56
2019-07-15,1.63834,1.63864,1.63093,1.63303,163722.18
2019-07-16,1.63303,1.63419,1.61449,1.62383,189041.48
2019-07-17,1.62383,1.62524,1.61768,1.62298,168079.41
2019-07-18,1.62298,1.63694,1.62204,1.63489,186374.74
2019-07-19,1.63489,1.64099,1.63108,1.6319,154876.35
2019-07-21,1.62904,1.63444,1.62903,1.63311,7813.03
2019-07-22,1.6331,1.63845,1.62558,1.63743,149314.77
2019-07-23,1.63743,1.63946,1.63046,1.63414,173779.43
2019-07-24,1.63413,1.64418,1.63211,1.64068,169332.91
2019-07-25,1.64069,1.64388,1.63653,1.63882,195255.7
2019-07-26,1.6388,1.64059,1.62991,1.6301,156627.57
2019-07-28,1.62903,1.63054,1.62888,1.62965,4548.29
2019-07-29,1.62964,1.62988,1.60673,1.60819,164508.46
2019-07-30,1.6082,1.60893,1.59615,1.59837,192284.47
2019-07-31,1.59836,1.60939,1.59587,1.60348,220917.17
2019-08-01,1.60348,1.60821,1.59708,1.60178,253986.76
2019-08-02,1.6018,1.60896,1.59808,1.60508,281463.29
2019-08-04,1.60588,1.60589,1.60324,1.60401,14231.06
2019-08-05,1.60403,1.60964,1.60124,1.60628,260681.48
2019-08-06,1.60624,1.61649,1.60134,1.61617,256135.91
2019-08-07,1.61616,1.6229,1.61213,1.61613,273903.27
2019-08-08,1.61613,1.61824,1.60378,1.60621,222535.08
2019-08-09,1.60621,1.60689,1.58732,1.5895,180486.51
2019-08-11,1.5897,1.59069,1.58813,1.58854,15236.3
2019-08-12,1.58855,1.60223,1.58843,1.59851,250120.39
2019-08-13,1.59852,1.60723,1.59227,1.59393,282954.53
2019-08-14,1.59393,1.60764,1.59268,1.60505,257561.67
2019-08-15,1.60506,1.61729,1.60274,1.60999,220652.3
2019-08-16,1.60999,1.61928,1.60868,1.61086,158240.31
2019-08-18,1.61115,1.61347,1.61046,1.61292,7219.4
2019-08-19,1.61292,1.61809,1.60438,1.61643,142216.04
2019-08-20,1.61643,1.62295,1.60848,1.61956,155838.57
2019-08-21,1.61955,1.62018,1.60698,1.61188,144141.3
2019-08-22,1.61194,1.63099,1.61063,1.62873,163494.05
2019-08-23,1.62873,1.63564,1.62354,1.63168,180311.11
2019-08-25,1.63059,1.63451,1.63013,1.63233,19486.31
2019-08-26,1.63234,1.63484,1.61802,1.61948,189275.58
2019-08-27,1.61943,1.63424,1.61577,1.63128,163695.55
2019-08-28,1.63129,1.63424,1.61728,1.62558,194361.92
2019-08-29,1.62553,1.62598,1.61772,1.61829,192973.32
2019-08-30,1.61829,1.62401,1.61353,1.6184,208009.27
2019-09-01,1.61668,1.62007,1.61668,1.6191,9643.9
2019-09-02,1.61909,1.62098,1.60389,1.60853,167576.98
2019-09-03,1.60849,1.61439,1.59561,1.6125,238272.42
2019-09-04,1.6125,1.6278,1.61048,1.61935,238824.36
2019-09-05,1.61935,1.63329,1.61335,1.63041,220428.96
2019-09-06,1.63038,1.63156,1.61687,1.61733,179354.18
2019-09-08,1.61694,1.61836,1.61516,1.61753,8831.93
2019-09-09,1.61754,1.62971,1.61047,1.62567,165843.8
2019-09-10,1.62566,1.63078,1.62088,1.62438,158107.92
2019-09-11,1.62438,1.62971,1.6211,1.62602,172426.63
2019-09-12,1.62602,1.63219,1.62243,1.62869,188688.99
2019-09-13,1.62868,1.6609,1.62854,1.66051,152470.64
2019-09-15,1.65023,1.65527,1.65023,1.65115,14020.76
2019-09-16,1.65114,1.65366,1.6437,1.64518,187335.31
2019-09-17,1.64514,1.65899,1.64152,1.65524,179337.19
2019-09-18,1.65518,1.6617,1.64903,1.65803,188331.13
2019-09-19,1.65803,1.66373,1.65184,1.66028,142680.0
2019-09-20,1.66022,1.66898,1.65338,1.65399,165286.53
2019-09-22,1.65298,1.65506,1.65227,1.65433,5393.29
2019-09-23,1.65433,1.65783,1.64689,1.64864,150759.33
2019-09-24,1.64864,1.65764,1.64524,1.65294,175035.28
2019-09-25,1.65293,1.65538,1.63684,1.63849,157539.82
2019-09-26,1.63849,1.64089,1.63063,1.63568,146826.52
2019-09-27,1.63568,1.63683,1.62603,1.6269,132958.75
2019-09-29,1.62659,1.62749,1.62545,1.6269,3622.22
2019-09-30,1.62687,1.63354,1.62553,1.62728,138684.47
2019-10-01,1.62728,1.63403,1.61907,1.62454,173111.32
2019-10-02,1.6245,1.64066,1.61908,1.63974,157812.77
2019-10-03,1.63974,1.65529,1.63374,1.64584,165021.19
2019-10-04,1.64583,1.64696,1.63278,1.64088,150003.42
2019-10-06,1.63838,1.6421,1.63837,1.64113,7167.34
2019-10-07,1.64111,1.64233,1.63432,1.63457,143028.58
2019-10-08,1.63457,1.63546,1.62343,1.62769,190779.9
2019-10-09,1.62769,1.63539,1.62323,1.6283,174716.83
2019-10-10,1.62827,1.65673,1.62514,1.65151,209832.36
2019-10-11,1.65154,1.68183,1.64738,1.6693,203483.74
2019-10-13,1.66689,1.66889,1.66502,1.66548,6574.34
2019-10-14,1.66548,1.67285,1.65354,1.66758,168786.05
2019-10-15,1.66753,1.69102,1.66687,1.68479,196745.55
2019-10-16,1.68479,1.69934,1.67304,1.6925,213597.55
2019-10-17,1.69243,1.70919,1.68133,1.68973,213045.25
2019-10-18,1.68973,1.70394,1.68688,1.70363,157546.82
2019-10-20,1.70088,1.70098,1.69096,1.69412,17196.92
2019-10-21,1.69416,1.70629,1.69228,1.69735,168192.19
2019-10-22,1.69743,1.70059,1.6836,1.68682,204511.16
2019-10-23,1.68684,1.68945,1.68143,1.68924,165337.23
2019-10-24,1.68924,1.69319,1.67279,1.67797,179748.08
2019-10-25,1.67797,1.68082,1.67301,1.67502,110423.34
2019-10-27,1.67354,1.67579,1.67324,1.67566,4866.0
2019-10-28,1.67563,1.6812,1.67438,1.67822,122229.34
2019-10-29,1.67817,1.68778,1.67237,1.68388,149172.7
2019-10-30,1.68388,1.69981,1.68316,1.69829,171907.72
2019-10-31,1.69829,1.70796,1.69812,1.7036,178057.87
2019-11-01,1.7036,1.70795,1.69916,1.70013,162538.7
2019-11-03,1.69823,1.70038,1.69823,1.70001,2726.46
2019-11-04,1.69998,1.70054,1.69313,1.69509,125312.42
2019-11-05,1.69511,1.69631,1.68974,1.69417,178757.38
2019-11-06,1.69417,1.69876,1.69308,1.69488,137014.68
2019-11-07,1.69488,1.69559,1.68487,1.68881,188328.28
2019-11-08,1.68883,1.69669,1.68764,1.68921,134874.24
2019-11-10,1.69209,1.69229,1.69048,1.69209,3431.54
2019-11-11,1.69213,1.70554,1.69153,1.70089,134757.45
2019-11-12,1.70089,1.70317,1.69694,1.70081,159076.67
2019-11-13,1.70081,1.70571,1.69804,1.70315,154947.26
2019-11-14,1.70315,1.70854,1.7001,1.70661,145067.73
2019-11-15,1.70661,1.7095,1.70251,1.70553,132991.62
2019-11-17,1.70913,1.70913,1.70684,1.70833,5535.54
2019-11-18,1.70833,1.71576,1.70729,1.70998,142585.06
2019-11-19,1.70998,1.71584,1.70676,1.71558,167107.94
2019-11-20,1.71558,1.72269,1.71255,1.71936,177595.03
2019-11-21,1.71938,1.72689,1.71203,1.71553,186819.52
2019-11-22,1.71549,1.71721,1.704,1.70641,177302.29
2019-11-24,1.70943,1.70948,1.7078,1.70873,4632.96
2019-11-25,1.70873,1.71866,1.70705,1.71549,149512.22
2019-11-26,1.71547,1.71706,1.70477,1.70643,167863.55
2019-11-27,1.70644,1.71988,1.70216,1.71753,163354.07
2019-11-28,1.71753,1.72127,1.713,1.71454,138119.89
2019-11-29,1.71453,1.71984,1.71163,1.7174,158316.45
2019-12-01,1.71339,1.71573,1.71323,1.71522,6018.64
2019-12-02,1.71523,1.72234,1.71288,1.72163,178160.1
2019-12-03,1.72163,1.73209,1.72006,1.72738,166574.33
2019-12-04,1.72737,1.73945,1.72598,1.72928,191915.58
2019-12-05,1.72928,1.7348,1.72748,1.73358,154307.43
2019-12-06,1.73358,1.74269,1.72738,1.74013,142254.7
2019-12-08,1.74068,1.74212,1.74059,1.74079,2983.84
2019-12-09,1.74078,1.74699,1.73824,1.74004,132020.41
2019-12-10,1.74003,1.74846,1.73401,1.73739,160120.18
2019-12-11,1.73739,1.74397,1.73488,1.73863,172165.83
2019-12-12,1.73863,1.77899,1.72093,1.77219,231783.29
2019-12-13,1.77214,1.77724,1.75208,1.75458,247435.07
2019-12-15,1.75694,1.76057,1.75679,1.76057,11268.53
2019-12-16,1.76057,1.76507,1.74259,1.7465,197936.03
2019-12-17,1.74648,1.75051,1.72269,1.72682,218288.65
2019-12-18,1.72682,1.72794,1.71227,1.7158,218014.8
2019-12-19,1.71578,1.72278,1.70545,1.70818,215421.26
2019-12-20,1.70818,1.72259,1.70732,1.70853,154150.65
2019-12-22,1.70934,1.71018,1.70599,1.70938,6252.1
2019-12-23,1.70938,1.71344,1.69811,1.70134,169061.26
2019-12-24,1.70136,1.70628,1.69926,1.70036,118801.12
2019-12-25,1.70129,1.70675,1.70123,1.70589,2675.64
2019-12-26,1.70586,1.7093,1.70218,1.7042,62810.36
2019-12-27,1.70421,1.71644,1.69988,1.71093,139806.12
2019-12-29,1.70963,1.7117,1.70651,1.71094,5208.61
2019-12-30,1.71094,1.71853,1.71006,1.71228,135497.42
2019-12-31,1.71227,1.72266,1.71015,1.72166,124229.85
2020-01-01,1.71988,1.72076,1.71841,1.71904,4702.44
2020-01-02,1.71905,1.72079,1.70419,1.70687,185138.77
2020-01-03,1.70687,1.70815,1.6962,1.69981,201989.4
2020-01-05,1.69859,1.69939,1.69561,1.69844,4692.03
2020-01-06,1.69844,1.70856,1.69609,1.70722,162890.68
2020-01-07,1.70724,1.71249,1.70163,1.7047,188004.59
2020-01-08,1.7047,1.71194,1.70263,1.70828,213051.92
2020-01-09,1.70828,1.7111,1.69825,1.70713,204519.15
2020-01-10,1.70713,1.71054,1.70136,1.70409,174954.83
2020-01-12,1.70113,1.70422,1.70104,1.70418,3590.23
2020-01-13,1.70417,1.70427,1.69174,1.69539,177074.4
2020-01-14,1.6954,1.70153,1.69303,1.70153,185210.77
2020-01-15,1.70153,1.70318,1.69788,1.7004,180249.61
2020-01-16,1.7004,1.70609,1.69923,1.70521,181870.16
2020-01-17,1.70514,1.71065,1.69929,1.69949,179544.12
2020-01-19,1.69674,1.69913,1.69674,1.69895,4094.32
2020-01-20,1.69895,1.69951,1.69394,1.69629,100939.01
2020-01-21,1.69629,1.70829,1.69581,1.70538,145250.62
2020-01-22,1.70548,1.72758,1.70512,1.7272,175041.72
2020-01-23,1.72724,1.73047,1.7204,1.72208,152658.59
2020-01-24,1.72208,1.72844,1.71556,1.71789,160359.37
2020-01-26,1.72013,1.72039,1.71784,1.71886,7087.24
2020-01-27,1.71887,1.72744,1.71756,1.72211,151147.0
2020-01-28,1.72211,1.72304,1.71013,1.71428,133929.65
2020-01-29,1.71428,1.71896,1.71219,1.71837,126010.12
2020-01-30,1.71835,1.73328,1.71533,1.72863,169656.91
2020-01-31,1.72863,1.74794,1.7285,1.74754,166666.34
2020-02-02,1.74423,1.74581,1.74362,1.74525,4022.93
2020-02-03,1.74521,1.7456,1.72316,1.72783,177714.66
2020-02-04,1.72785,1.73224,1.71936,1.73068,169404.2
2020-02-05,1.73068,1.73555,1.72224,1.72634,189765.97
2020-02-06,1.72634,1.72675,1.71641,1.71794,161524.03
2020-02-07,1.71791,1.72515,1.71354,1.71401,162992.59
2020-02-09,1.71398,1.71573,1.71328,1.71573,3868.89
2020-02-10,1.71571,1.72467,1.7111,1.71988,150424.21
2020-02-11,1.71991,1.72351,1.71451,1.72182,140923.95
2020-02-12,1.72182,1.72358,1.71602,1.71759,128574.93
2020-02-13,1.71756,1.73227,1.71543,1.73045,169963.44
2020-02-14,1.73045,1.73111,1.72203,1.72861,149205.53
2020-02-16,1.72641,1.72916,1.72539,1.72855,4756.68
2020-02-17,1.72855,1.72876,1.72,1.7215,109766.81
2020-02-18,1.72151,1.73053,1.71843,1.72286,175452.79
2020-02-19,1.72286,1.72342,1.70698,1.70892,148500.55
2020-02-20,1.70889,1.71256,1.70194,1.70805,63816.13
2020-02-21,1.70805,1.71753,1.7067,1.71313,190392.58
2020-02-23,1.71527,1.71695,1.71437,1.71644,10371.71
2020-02-24,1.71645,1.72018,1.71209,1.71719,248723.29
2020-02-25,1.71725,1.7294,1.71684,1.72665,253437.63
2020-02-26,1.72664,1.72839,1.71495,1.72212,294600.77
2020-02-27,1.72212,1.72601,1.71442,1.72528,326342.0
2020-02-28,1.72528,1.73757,1.70928,1.71699,412594.28
2020-03-01,1.72026,1.72188,1.71573,1.71636,11363.2
2020-03-02,1.71638,1.71706,1.6972,1.70095,413507.35
2020-03-03,1.70095,1.7172,1.70085,1.71481,386007.32
2020-03-04,1.71481,1.72545,1.70473,1.72285,301424.02
2020-03-05,1.72286,1.73961,1.72278,1.73405,248827.27
2020-03-06,1.73403,1.75281,1.73396,1.75105,317229.26
2020-03-08,1.77101,1.78489,1.77,1.78408,26082.38
2020-03-09,1.78408,1.80509,1.77121,1.78579,504798.37
2020-03-10,1.78596,1.79198,1.76375,1.77203,415013.93
2020-03-11,1.77203,1.78158,1.7601,1.76516,348708.26
2020-03-12,1.76516,1.7739,1.7261,1.75291,421469.51
2020-03-13,1.75286,1.75286,1.69082,1.69426,464254.66
2020-03-15,1.70391,1.72069,1.70088,1.70916,30027.13
2020-03-16,1.70916,1.72064,1.69854,1.71851,452843.68
2020-03-17,1.71851,1.72591,1.69989,1.72542,477024.89
2020-03-18,1.72538,1.72607,1.66235,1.68072,468165.13
2020-03-19,1.68069,1.70299,1.65429,1.66591,533182.83
2020-03-20,1.66588,1.69963,1.6616,1.66949,336042.73
2020-03-22,1.6746,1.68277,1.66748,1.67995,26902.86
2020-03-23,1.67999,1.69182,1.66114,1.67876,480874.15
2020-03-24,1.67876,1.7101,1.6731,1.70222,481432.2
2020-03-25,1.70222,1.71685,1.66911,1.68476,459040.78
2020-03-26,1.68473,1.7183,1.6815,1.71175,417188.32
2020-03-27,1.71187,1.74877,1.70695,1.73964,433120.92
2020-03-29,1.74183,1.74906,1.74106,1.74885,20059.0
2020-03-30,1.74878,1.76119,1.73447,1.75366,328649.04
2020-03-31,1.75364,1.7797,1.73831,1.74614,381015.93
2020-04-01,1.74611,1.76874,1.7443,1.75187,341883.91
2020-04-02,1.75187,1.76909,1.74507,1.7506,339167.0
2020-04-03,1.75068,1.75533,1.72647,1.74097,312704.97
2020-04-05,1.73888,1.74653,1.73855,1.74121,14411.53
2020-04-06,1.7412,1.74277,1.71754,1.72584,297178.3
2020-04-07,1.72579,1.73384,1.71991,1.72876,327932.05
2020-04-08,1.72883,1.74459,1.72546,1.73477,265482.24
2020-04-09,1.73471,1.74805,1.73464,1.74163,314229.93
2020-04-10,1.74141,1.74509,1.73759,1.73825,93675.77
2020-04-12,1.73363,1.74398,1.73247,1.74025,7228.27
2020-04-13,1.74028,1.74976,1.73323,1.73689,201598.69
2020-04-14,1.73693,1.75789,1.73693,1.75223,275744.14
2020-04-15,1.7522,1.76962,1.74835,1.76718,284847.17
2020-04-16,1.76721,1.76778,1.74885,1.75281,271739.35
2020-04-17,1.75279,1.75921,1.74933,1.74954,267912.91
2020-04-19,1.74981,1.75514,1.74981,1.75422,8771.16
2020-04-20,1.75423,1.76003,1.74644,1.75764,257953.22
2020-04-21,1.75763,1.76259,1.73864,1.74553,358118.36
2020-04-22,1.74553,1.75174,1.74018,1.74767,299996.34
2020-04-23,1.74767,1.75044,1.73316,1.73718,293022.86
2020-04-24,1.73717,1.74441,1.73326,1.74218,256969.65
2020-04-26,1.74194,1.74547,1.7415,1.74483,5996.58
2020-04-27,1.74485,1.75099,1.73927,1.74342,278411.28
2020-04-28,1.74342,1.74872,1.737,1.73857,281643.53
2020-04-29,1.73859,1.74028,1.72703,1.73013,284219.97
2020-04-30,1.73014,1.75774,1.72602,1.75517,310604.64
2020-05-01,1.75514,1.77037,1.75404,1.75946,244968.32
2020-05-03,1.75824,1.76073,1.75707,1.76043,14104.97
2020-05-04,1.76042,1.76227,1.74771,1.75264,268746.52
2020-05-05,1.75266,1.75405,1.74365,1.74705,267510.13
2020-05-06,1.74706,1.75062,1.73728,1.74543,279041.2
2020-05-07,1.74543,1.75016,1.72071,1.72891,296320.2
2020-05-08,1.72885,1.73624,1.72283,1.72697,213440.04
2020-05-10,1.72678,1.72973,1.72678,1.72911,10532.13
2020-05-11,1.7291,1.73299,1.72037,1.72878,266587.32
2020-05-12,1.72876,1.73152,1.72088,1.72529,279464.45
2020-05-13,1.7253,1.72951,1.71694,1.72433,284934.31
2020-05-14,1.72435,1.72572,1.71465,1.71669,257130.92
2020-05-15,1.71668,1.71932,1.70514,1.70689,300522.49
2020-05-17,1.70293,1.70549,1.70217,1.70297,14636.28
2020-05-18,1.70299,1.71037,1.69855,1.70048,254848.74
2020-05-19,1.70046,1.70898,1.69831,1.70805,280173.04
2020-05-20,1.70802,1.70885,1.69813,1.70143,259826.57
2020-05-21,1.70136,1.70813,1.69702,1.70444,251972.08
2020-05-22,1.70444,1.71221,1.70142,1.70274,235248.19
2020-05-24,1.70303,1.7048,1.70174,1.70414,7879.55
2020-05-25,1.70414,1.70627,1.70149,1.70461,170597.62
2020-05-26,1.70461,1.71121,1.69753,1.69974,285370.26
2020-05-27,1.69972,1.70076,1.68436,1.68665,352577.71
2020-05-28,1.68664,1.69912,1.68484,1.69682,351551.5
2020-05-29,1.69683,1.71192,1.69048,1.69982,353128.66
2020-05-31,1.69763,1.70294,1.69671,1.70087,16392.23
2020-06-01,1.70089,1.7031,1.69355,1.69583,315333.4
2020-06-02,1.6958,1.70088,1.69048,1.69958,318845.67
2020-06-03,1.69957,1.70645,1.69559,1.69659,342437.55
2020-06-04,1.69658,1.70455,1.68786,1.70203,319174.11
2020-06-05,1.70203,1.70847,1.69638,1.69998,317367.02
2020-06-07,1.69995,1.70502,1.69819,1.70382,11196.49
2020-06-08,1.70382,1.70656,1.69243,1.70254,256539.17
2020-06-09,1.70254,1.71166,1.70056,1.70584,300693.97
2020-06-10,1.70584,1.71392,1.70495,1.70668,327626.62
2020-06-11,1.70673,1.71747,1.7051,1.71461,396635.37
2020-06-12,1.71461,1.7157,1.69924,1.70359,390097.85
2020-06-14,1.70223,1.7058,1.70101,1.70549,17475.96
2020-06-15,1.70549,1.7141,1.70274,1.70985,361098.35
2020-06-16,1.7099,1.71748,1.70096,1.70304,363019.19
2020-06-17,1.70311,1.70395,1.69666,1.70391,302504.09
2020-06-18,1.7039,1.70544,1.68343,1.68876,301569.45
2020-06-19,1.68876,1.69257,1.67499,1.6799,241256.09
2020-06-21,1.68044,1.68236,1.67974,1.68123,12583.62
2020-06-22,1.68123,1.68842,1.67964,1.68794,244457.92
2020-06-23,1.68795,1.69702,1.68248,1.69584,261807.75
2020-06-24,1.69582,1.70056,1.68732,1.69354,297231.56
2020-06-25,1.6935,1.69858,1.69038,1.69431,262251.72
2020-06-26,1.69431,1.69546,1.68487,1.68769,215962.12
2020-06-28,1.68672,1.68922,1.68629,1.68798,8090.33
2020-06-29,1.68801,1.69134,1.67811,1.68109,200083.74
2020-06-30,1.6811,1.6861,1.67686,1.68144,215830.53
2020-07-01,1.68145,1.69673,1.67753,1.69411,203484.09
2020-07-02,1.69411,1.70246,1.69008,1.6916,193524.22
2020-07-03,1.6916,1.69329,1.6875,1.69096,167676.24
2020-07-05,1.69046,1.69182,1.68884,1.69006,5657.39
2020-07-06,1.69004,1.69564,1.68863,1.69153,197686.86
2020-07-07,1.69152,1.71032,1.69152,1.70601,225625.66
2020-07-08,1.70604,1.70879,1.70205,1.70479,242359.43
2020-07-09,1.70479,1.7147,1.70363,1.71184,227480.62
2020-07-10,1.71184,1.72063,1.71036,1.71548,215725.64
2020-07-12,1.71416,1.71697,1.71382,1.71688,8256.62
2020-07-13,1.71687,1.71797,1.7072,1.70825,228143.48
2020-07-14,1.70825,1.71051,1.70076,1.70914,277408.09
2020-07-15,1.70914,1.71587,1.69876,1.70049,248386.01
2020-07-16,1.7005,1.70866,1.69398,1.70453,207484.85
2020-07-17,1.70452,1.70733,1.69855,1.70624,157344.8
2020-07-19,1.70402,1.70695,1.70295,1.70629,7777.23
2020-07-20,1.70629,1.71486,1.70085,1.71235,208010.24
2020-07-21,1.71234,1.71569,1.70571,1.71193,206634.84
2020-07-22,1.71193,1.71294,1.70336,1.70776,237902.15
2020-07-23,1.70776,1.70836,1.69777,1.70612,231190.56
2020-07-24,1.70611,1.71796,1.70611,1.71613,208044.91
2020-07-26,1.71685,1.71771,1.71443,1.71678,13214.89
2020-07-27,1.71677,1.72626,1.71542,1.71909,218533.27
2020-07-28,1.71907,1.7345,1.7177,1.72909,225405.26
2020-07-29,1.72909,1.73628,1.72651,1.73157,231341.24
2020-07-30,1.73156,1.76078,1.73138,1.75918,232668.92
2020-07-31,1.75922,1.76738,1.75109,1.75453,293810.37
2020-08-02,1.75234,1.75556,1.75083,1.75524,14980.62
2020-08-03,1.75524,1.75899,1.7456,1.75167,242044.67
2020-08-04,1.75167,1.75259,1.73868,1.73968,227340.16
2020-08-05,1.73969,1.74532,1.73485,1.74099,202194.93
2020-08-06,1.74101,1.75229,1.73957,1.7496,253805.44
2020-08-07,1.74963,1.75299,1.74183,1.74655,245427.73
2020-08-09,1.74763,1.74903,1.74398,1.74709,8150.93
2020-08-10,1.74709,1.75037,1.7429,1.74604,173345.21
2020-08-11,1.74605,1.74605,1.73433,1.7371,251504.13
2020-08-12,1.73711,1.73874,1.72363,1.72754,260405.27
2020-08-13,1.72757,1.73372,1.724,1.72783,235107.14
2020-08-14,1.72784,1.73953,1.72587,1.73528,197559.25
2020-08-16,1.73565,1.73688,1.73294,1.73679,5387.2
2020-08-17,1.73682,1.7372,1.72804,1.73282,180443.99
2020-08-18,1.7328,1.7455,1.73138,1.74371,213130.4
2020-08-19,1.74372,1.74491,1.72933,1.73185,241355.03
2020-08-20,1.73184,1.74282,1.72743,1.74135,249660.48
2020-08-21,1.74134,1.74476,1.72384,1.72432,244109.03
2020-08-23,1.72404,1.72609,1.72266,1.72541,5718.41
2020-08-24,1.72541,1.7299,1.72161,1.72754,206401.23
2020-08-25,1.72755,1.73615,1.72752,1.73119,243043.11
2020-08-26,1.73119,1.73771,1.73008,1.73693,289783.97
2020-08-27,1.7369,1.74104,1.73032,1.73207,338157.14
2020-08-28,1.73206,1.7498,1.73122,1.74838,271151.6
2020-08-30,1.74695,1.7485,1.74596,1.74703,7049.96
2020-08-31,1.74703,1.74811,1.73781,1.74229,205357.32
2020-09-01,1.74219,1.75535,1.74081,1.74919,246548.93
2020-09-02,1.74917,1.74958,1.7364,1.74143,211697.71
2020-09-03,1.74138,1.74397,1.73531,1.74246,243941.44
2020-09-04,1.74246,1.74376,1.72964,1.73436,252793.28
2020-09-06,1.73225,1.73349,1.72869,1.73204,8349.79
2020-09-07,1.73205,1.73426,1.72046,1.72341,144061.76
2020-09-08,1.72343,1.7249,1.71291,1.7164,249528.34
2020-09-09,1.71642,1.71708,1.70412,1.70957,218065.73
2020-09-10,1.70956,1.71509,1.6852,1.68903,279002.63
2020-09-11,1.68899,1.69341,1.68098,1.68583,208969.08
2020-09-13,1.68398,1.68887,1.68323,1.68798,5835.61
2020-09-14,1.68796,1.70085,1.68618,1.69291,195464.8
2020-09-15,1.6929,1.70092,1.68821,1.69973,207313.63
2020-09-16,1.69973,1.71363,1.69683,1.70808,303013.11
2020-09-17,1.7081,1.7156,1.69776,1.70614,285880.4
2020-09-18,1.70614,1.71174,1.70338,1.70481,235004.29
2020-09-20,1.70462,1.70831,1.70433,1.70669,7708.3
2020-09-21,1.70671,1.7102,1.69735,1.70492,277475.92
2020-09-22,1.7049,1.71023,1.69224,1.69437,293022.31
2020-09-23,1.69434,1.70613,1.69003,1.7019,302725.54
2020-09-24,1.70192,1.71161,1.70007,1.7028,324734.4
2020-09-25,1.70284,1.70851,1.69888,1.70623,235147.9
2020-09-27,1.7071,1.70888,1.7064,1.70785,7303.2
2020-09-28,1.70785,1.72773,1.70748,1.71946,239666.25
2020-09-29,1.71946,1.72612,1.71603,1.72167,241303.69
2020-09-30,1.72167,1.72941,1.71578,1.71876,292398.76
2020-10-01,1.71881,1.72481,1.70463,1.71189,290652.75
2020-10-02,1.71189,1.72439,1.70887,1.72038,273334.07
2020-10-04,1.72029,1.72029,1.71689,1.71856,8218.88
2020-10-05,1.71858,1.72344,1.71311,1.72251,204586.7
2020-10-06,1.72251,1.72463,1.7121,1.7161,259607.1
2020-10-07,1.71606,1.71894,1.70618,1.71245,237132.16
2020-10-08,1.71245,1.71781,1.704,1.70689,195557.8
2020-10-09,1.70685,1.71281,1.70175,1.71056,185979.95
2020-10-11,1.70988,1.71138,1.70797,1.71098,6437.76
2020-10-12,1.71098,1.71464,1.70798,1.71288,137213.45
2020-10-13,1.71286,1.71431,1.69783,1.69957,178702.51
2020-10-14,1.69957,1.71627,1.69055,1.71112,228880.71
2020-10-15,1.71113,1.71353,1.70407,1.70675,244241.28
2020-10-16,1.70677,1.71167,1.69878,1.70309,222260.13
2020-10-18,1.7011,1.7049,1.69983,1.70356,6712.04
2020-10-19,1.70358,1.71462,1.70313,1.70764,202040.89
2020-10-20,1.70765,1.7112,1.69593,1.69964,186324.85
2020-10-21,1.69965,1.72865,1.69841,1.72694,216429.17
2020-10-22,1.72694,1.7302,1.71654,1.71785,201445.12
2020-10-23,1.71784,1.72194,1.71103,1.71134,186632.88
2020-10-25,1.71391,1.71729,1.71196,1.7161,9748.79
2020-10-26,1.71607,1.72221,1.71169,1.71865,205978.52
2020-10-27,1.71865,1.721,1.71502,1.71886,172967.11
2020-10-28,1.71886,1.73218,1.71533,1.72885,235944.42
2020-10-29,1.72889,1.73499,1.71928,1.72167,261650.11
2020-10-30,1.72168,1.72832,1.71859,1.72438,236980.11
2020-11-01,1.7205,1.7282,1.71988,1.72786,7369.05
2020-11-02,1.72785,1.72802,1.70539,1.70819,190271.88
2020-11-03,1.70819,1.72043,1.70593,1.71884,166795.26
2020-11-04,1.71884,1.72245,1.69706,1.70176,347018.18
2020-11-05,1.70176,1.71956,1.70062,1.71874,297554.06
2020-11-06,1.71874,1.71882,1.71098,1.71629,241298.46
2020-11-08,1.71599,1.7173,1.71487,1.71624,17998.36
2020-11-09,1.71625,1.71679,1.70251,1.71284,288765.39
2020-11-10,1.71284,1.73062,1.71262,1.72785,268540.71
2020-11-11,1.72786,1.73496,1.72236,1.72661,216206.59
2020-11-12,1.72661,1.7302,1.71888,1.72362,203879.78
2020-11-13,1.72363,1.73591,1.72323,1.73285,172145.3
2020-11-15,1.73159,1.73491,1.72924,1.7348,6501.29
2020-11-16,1.73477,1.73497,1.72112,1.72858,166837.3
2020-11-17,1.7286,1.73847,1.72641,1.73715,175771.6
2020-11-18,1.73719,1.74131,1.73123,1.73432,182742.66
2020-11-19,1.73435,1.73793,1.72842,1.73366,178748.0
2020-11-20,1.73359,1.74035,1.73083,1.73904,166214.89
2020-11-22,1.73891,1.7411,1.73765,1.74055,5838.05
2020-11-23,1.74054,1.74961,1.73861,1.74218,202135.75
2020-11-24,1.74221,1.7434,1.73508,1.73638,206920.24
2020-11-25,1.73637,1.7415,1.73188,1.73994,195079.48
2020-11-26,1.73996,1.74143,1.73299,1.73853,128470.94
2020-11-27,1.73857,1.74036,1.72518,1.72852,145421.19
2020-11-29,1.73283,1.73283,1.72923,1.73074,4952.49
2020-11-30,1.73074,1.7348,1.72493,1.7323,224655.37
2020-12-01,1.73234,1.7408,1.72702,1.73573,206313.7
2020-12-02,1.73573,1.73734,1.71984,1.72669,217935.42
2020-12-03,1.7267,1.74003,1.72548,1.73082,188756.44
2020-12-04,1.73085,1.73529,1.71455,1.71687,204301.63
2020-12-06,1.71369,1.71574,1.71298,1.71449,6627.43
2020-12-07,1.7145,1.71722,1.69655,1.7098,215529.75
2020-12-08,1.7098,1.71449,1.70084,1.71268,233088.29
2020-12-09,1.7127,1.72217,1.70778,1.7143,182727.26
2020-12-10,1.7143,1.71619,1.68702,1.69469,210137.86
2020-12-11,1.69468,1.69626,1.67682,1.68788,218954.31
2020-12-13,1.70207,1.70278,1.69758,1.69787,9109.11
2020-12-14,1.6979,1.71314,1.69597,1.70029,218614.38
2020-12-15,1.70028,1.71292,1.69456,1.70751,218411.72
2020-12-16,1.7075,1.72929,1.70679,1.72105,213814.71
2020-12-17,1.72105,1.73368,1.71976,1.72741,174838.95
2020-12-18,1.72742,1.72952,1.71917,1.72891,176919.89
2020-12-20,1.7149,1.71979,1.71474,1.7165,8282.58
2020-12-21,1.71651,1.73142,1.70475,1.72808,284167.61
2020-12-22,1.72808,1.73138,1.72024,1.72745,248168.12
2020-12-23,1.72745,1.74336,1.72573,1.73522,233056.84
2020-12-24,1.73522,1.74811,1.73439,1.74248,169124.16
2020-12-25,1.74234,1.74765,1.74084,1.74373,1730.64
2020-12-27,1.74022,1.74246,1.73935,1.74223,6438.45
2020-12-28,1.74223,1.7436,1.72552,1.7291,160044.43
2020-12-29,1.72906,1.73276,1.72567,1.73022,192312.0
2020-12-30,1.73022,1.74068,1.72913,1.73769,166874.4
2020-12-31,1.73772,1.74443,1.73475,1.73964,168445.95
2021-01-03,1.73715,1.74094,1.73514,1.74048,6461.6
2021-01-04,1.74055,1.74109,1.72453,1.73437,215357.77
2021-01-05,1.73435,1.73517,1.72467,1.72723,192410.69
2021-01-06,1.72721,1.73116,1.71944,1.72524,257753.08
2021-01-07,1.7253,1.73024,1.71869,1.72102,185739.19
2021-01-08,1.72104,1.7271,1.7187,1.72028,215044.94
2021-01-10,1.7192,1.72173,1.7189,1.72034,6743.48
2021-01-11,1.72035,1.72956,1.71998,1.7272,209355.76
2021-01-12,1.72725,1.73983,1.7265,1.73653,191415.4
2021-01-13,1.73653,1.74339,1.72836,1.73266,209164.7
2021-01-14,1.73265,1.73392,1.72734,1.73033,187132.31
2021-01-15,1.73038,1.7339,1.72733,1.72939,198839.93
2021-01-17,1.72989,1.73301,1.72841,1.73301,7606.74
2021-01-18,1.73301,1.73471,1.72938,1.7315,177683.51
2021-01-19,1.73153,1.73733,1.7299,1.73556,166612.52
2021-01-20,1.73561,1.74181,1.71983,1.72573,182423.37
2021-01-21,1.72574,1.73639,1.72418,1.73636,156295.42
2021-01-22,1.73634,1.74283,1.73216,1.74149,133192.06
2021-01-24,1.73946,1.74223,1.73869,1.74151,12088.1
2021-01-25,1.74148,1.74428,1.73683,1.74195,163812.51
2021-01-26,1.74193,1.74643,1.73802,1.74396,151679.4
2021-01-27,1.74398,1.75412,1.74362,1.75215,213609.57
2021-01-28,1.75214,1.7612,1.75134,1.76072,204537.05
2021-01-29,1.76072,1.76398,1.74778,1.74967,247019.34
2021-01-31,1.75253,1.75555,1.75161,1.7532,12969.74
2021-02-01,1.75321,1.75749,1.75035,1.7571,221645.96
2021-02-02,1.75709,1.75732,1.74554,1.74642,189425.46
2021-02-03,1.74645,1.74813,1.74162,1.7449,179196.43
2021-02-04,1.7449,1.75493,1.7349,1.75334,181718.37
2021-02-05,1.75333,1.7569,1.74993,1.75158,136104.58
2021-02-07,1.74978,1.75297,1.74973,1.75278,11244.14
2021-02-08,1.7528,1.75332,1.74748,1.75088,136558.73
2021-02-09,1.75089,1.75919,1.75045,1.75416,134086.88
2021-02-10,1.75421,1.75928,1.7528,1.75596,142515.98
2021-02-11,1.75596,1.75784,1.75098,1.75386,126106.59
2021-02-12,1.75386,1.76142,1.75369,1.75837,108177.52
2021-02-14,1.75643,1.75971,1.75643,1.75959,12509.05
2021-02-15,1.75962,1.76268,1.75604,1.75798,96321.68
2021-02-16,1.75796,1.76673,1.75747,1.76498,147472.21
2021-02-17,1.76499,1.7654,1.75905,1.76084,150714.09
2021-02-18,1.76083,1.77497,1.75828,1.77105,142525.92
2021-02-19,1.77105,1.77431,1.76543,1.76654,134973.4
2021-02-21,1.76728,1.76844,1.76621,1.76737,14773.61
2021-02-22,1.76737,1.77516,1.76515,1.77393,143284.83
2021-02-23,1.77392,1.77838,1.77084,1.77809,153721.7
2021-02-24,1.7781,1.78846,1.76693,1.76992,186909.17
2021-02-25,1.7699,1.77131,1.76181,1.76624,237112.75
2021-02-26,1.76623,1.77545,1.75511,1.77272,378079.07
2021-02-28,1.77333,1.77558,1.7723,1.77408,14776.13
2021-03-01,1.77411,1.77775,1.75988,1.76057,279031.98
2021-03-02,1.76058,1.76491,1.75623,1.76309,289860.66
2021-03-03,1.7631,1.76682,1.76014,1.76433,298930.95
2021-03-04,1.76436,1.76773,1.75737,1.76146,373146.2
2021-03-05,1.76146,1.7617,1.74833,1.75068,327485.77
2021-03-07,1.74685,1.75132,1.74578,1.74948,15047.37
2021-03-08,1.74948,1.75645,1.74799,1.74946,297858.09
2021-03-09,1.7495,1.75894,1.74776,1.75604,262682.1
2021-03-10,1.7561,1.7603,1.75312,1.75798,255304.6
2021-03-11,1.758,1.75948,1.75163,1.7534,219007.23
2021-03-12,1.75342,1.75398,1.73432,1.73578,213897.99
2021-03-14,1.73605,1.73766,1.73598,1.73677,6265.14
2021-03-15,1.73677,1.73827,1.73071,1.73403,196199.51
2021-03-16,1.73405,1.73416,1.72348,1.72974,189668.53
2021-03-17,1.72974,1.73515,1.72828,1.73114,204614.15
2021-03-18,1.73113,1.74344,1.72822,1.7394,246222.22
2021-03-19,1.73939,1.74045,1.73207,1.73257,195846.31
2021-03-21,1.73239,1.73407,1.73172,1.73237,6783.36
2021-03-22,1.73236,1.73662,1.7271,1.73519,147088.15
2021-03-23,1.73518,1.73749,1.7252,1.72847,189951.61
2021-03-24,1.72847,1.72978,1.71982,1.72175,169803.92
2021-03-25,1.72173,1.73378,1.71773,1.73259,173032.12
2021-03-26,1.73254,1.73793,1.72824,1.73365,139922.25
2021-03-28,1.73368,1.73541,1.7318,1.73535,5516.65
2021-03-29,1.73535,1.74484,1.73175,1.73405,144045.19
2021-03-30,1.73404,1.73632,1.73105,1.73477,148785.4
2021-03-31,1.73483,1.7377,1.72998,1.73195,154615.0
2021-04-01,1.73196,1.73914,1.73047,1.73559,159917.74
2021-04-02,1.73561,1.7393,1.73364,1.73768,122574.27
2021-04-04,1.73625,1.73938,1.73625,1.73755,5379.31
2021-04-05,1.73754,1.74266,1.73698,1.74172,135436.72
2021-04-06,1.74171,1.74434,1.73324,1.73859,167669.76
2021-04-07,1.73859,1.74259,1.73105,1.73313,201415.15
2021-04-08,1.73314,1.73562,1.72398,1.72524,155773.26
2021-04-09,1.72527,1.72767,1.71608,1.71621,178704.12
2021-04-11,1.7176,1.71918,1.71506,1.71797,6607.5
2021-04-12,1.71796,1.72774,1.71732,1.7277,177382.45
2021-04-13,1.7277,1.73338,1.72204,1.72481,181104.8
2021-04-14,1.7248,1.73235,1.72369,1.72444,176790.94
2021-04-15,1.72444,1.73068,1.71958,1.72906,205302.01
2021-04-16,1.72907,1.73178,1.71742,1.73129,194906.88
2021-04-18,1.7295,1.73093,1.72763,1.72963,4030.23
2021-04-19,1.72967,1.75431,1.72882,1.7521,231546.85
2021-04-20,1.75209,1.75864,1.74623,1.75773,224730.53
2021-04-21,1.75773,1.75812,1.73588,1.74188,238631.38
2021-04-22,1.74181,1.74293,1.72702,1.73008,224940.47
2021-04-23,1.73008,1.73523,1.72861,1.73089,173105.07
2021-04-25,1.73042,1.7321,1.72926,1.73147,4789.96
2021-04-26,1.7315,1.73606,1.72008,1.72225,212116.77
2021-04-27,1.72226,1.72736,1.72049,1.72477,170165.65
2021-04-28,1.72477,1.72495,1.71521,1.71671,209249.85
2021-04-29,1.71667,1.71875,1.70997,1.71241,204927.22
2021-04-30,1.71241,1.71313,1.69527,1.69661,210971.25
2021-05-02,1.69706,1.69791,1.69522,1.69678,3845.57
2021-05-03,1.69681,1.71051,1.69614,1.70724,198857.78
2021-05-04,1.70724,1.7121,1.7038,1.70818,239385.61
2021-05-05,1.70819,1.71119,1.70387,1.70628,194480.35
2021-05-06,1.70628,1.70671,1.68561,1.68899,178737.01
2021-05-07,1.68893,1.70124,1.68869,1.69573,217984.67
2021-05-09,1.69753,1.70137,1.69656,1.70105,7150.72
2021-05-10,1.70105,1.71333,1.69923,1.70886,229299.85
2021-05-11,1.70885,1.71494,1.70688,1.70989,240823.16
2021-05-12,1.70989,1.71204,1.70112,1.70429,286423.24
2021-05-13,1.70429,1.71062,1.70062,1.70937,233745.93
2021-05-14,1.70936,1.71017,1.70305,1.70565,186177.48
2021-05-16,1.70747,1.70825,1.70651,1.70787,4315.4
2021-05-17,1.70783,1.70982,1.70306,1.70635,182994.24
2021-05-18,1.70635,1.71344,1.70499,1.71271,132582.63
2021-05-19,1.71266,1.71509,1.70704,1.71127,220354.05
2021-05-20,1.71128,1.71389,1.70709,1.711,186587.47
2021-05-21,1.71099,1.71528,1.7058,1.70623,202610.78
2021-05-23,1.70755,1.70804,1.70476,1.70657,5384.04
2021-05-24,1.70657,1.71015,1.70295,1.70553,164645.81
2021-05-25,1.70556,1.70971,1.7027,1.70637,204018.42
2021-05-26,1.70637,1.71422,1.70409,1.71205,230124.0
2021-05-27,1.71207,1.71548,1.70789,1.71428,234445.21
2021-05-28,1.7143,1.71672,1.70744,1.71272,257856.94
2021-05-30,1.71125,1.71329,1.70955,1.71254,3961.76
2021-05-31,1.71252,1.71753,1.70942,1.71576,163422.68
2021-06-01,1.71576,1.71709,1.70144,1.70854,232480.51
2021-06-02,1.70857,1.71041,1.70426,1.7061,207826.37
2021-06-03,1.7061,1.71257,1.70479,1.70831,148349.45
2021-06-04,1.70832,1.7161,1.70709,1.70953,161275.03
2021-06-06,1.70843,1.71052,1.70732,1.71032,4437.32
2021-06-07,1.71032,1.71439,1.70687,1.71328,174160.91
2021-06-08,1.71332,1.71527,1.70732,1.71378,136597.62
2021-06-09,1.71378,1.71634,1.70517,1.70943,148305.06
2021-06-10,1.70941,1.71498,1.70548,1.71392,194769.72
2021-06-11,1.71392,1.71727,1.71098,1.71553,146052.8
2021-06-13,1.71471,1.71688,1.7136,1.71653,4249.81
2021-06-14,1.7165,1.71663,1.7111,1.71318,158381.35
2021-06-15,1.71317,1.71782,1.71064,1.71566,165303.42
2021-06-16,1.71566,1.72052,1.71444,1.71745,215387.14
2021-06-17,1.71748,1.72208,1.71558,1.72056,232846.18
2021-06-18,1.72053,1.7222,1.71413,1.71956,224486.72
2021-06-20,1.71901,1.72026,1.71835,1.7201,5280.29
2021-06-21,1.72009,1.72582,1.71809,1.72229,157700.43
2021-06-22,1.72226,1.72381,1.71405,1.71715,110265.39
2021-06-23,1.71713,1.72111,1.71425,1.71851,94578.48
2021-06-24,1.7185,1.71877,1.70798,1.7147,96765.12
2021-06-25,1.7147,1.71647,1.7059,1.70628,79873.55
2021-06-27,1.706,1.70817,1.70538,1.70781,3392.58
2021-06-28,1.70779,1.71648,1.70715,1.71169,85716.72
2021-06-29,1.71167,1.71708,1.70948,1.71564,82295.79
2021-06-30,1.71566,1.71916,1.70873,1.71376,115597.98
2021-07-01,1.71375,1.71509,1.7062,1.71162,120414.49
2021-07-02,1.71163,1.71304,1.70237,1.70428,134993.94
2021-07-04,1.70343,1.7055,1.70171,1.70536,4005.61
2021-07-05,1.70534,1.71266,1.70498,1.7094,93275.15
2021-07-06,1.7094,1.72445,1.70916,1.7196,126019.04
2021-07-07,1.71959,1.72502,1.71476,1.72234,116814.07
2021-07-08,1.72233,1.73392,1.72192,1.72783,150611.24
2021-07-09,1.72794,1.73294,1.72428,1.72934,116184.91
2021-07-11,1.72886,1.73078,1.72778,1.73005,4861.66
2021-07-12,1.73004,1.73369,1.72755,1.72956,93697.09
2021-07-13,1.72958,1.73475,1.72599,1.72853,94848.05
2021-07-14,1.72857,1.73701,1.72513,1.73413,108643.87
2021-07-15,1.73411,1.74269,1.7298,1.74112,119200.47
2021-07-16,1.74113,1.7423,1.7334,1.73589,113236.67
2021-07-18,1.73474,1.73669,1.7341,1.73647,4056.35
2021-07-19,1.73649,1.75672,1.73625,1.74256,157589.66
2021-07-20,1.74257,1.74477,1.72596,1.72804,136608.08
2021-07-21,1.72804,1.73167,1.71485,1.72364,101726.49
2021-07-22,1.72364,1.73391,1.72247,1.73024,107243.49
2021-07-23,1.73025,1.73307,1.72459,1.72625,80791.97
2021-07-25,1.72724,1.72942,1.72585,1.72887,3661.58
2021-07-26,1.72892,1.73599,1.72845,1.73411,89849.67
2021-07-27,1.73411,1.74948,1.73175,1.74774,102249.09
2021-07-28,1.74776,1.74881,1.7399,1.74087,104344.18
2021-07-29,1.74087,1.74348,1.7352,1.7383,79673.19
2021-07-30,1.73828,1.73948,1.73173,1.73296,90287.97
2021-08-01,1.7343,1.73478,1.73188,1.73231,3173.88
2021-08-02,1.73231,1.73806,1.73099,1.73639,74940.11
2021-08-03,1.73637,1.74696,1.73572,1.74417,85951.48
2021-08-04,1.74418,1.75063,1.74037,1.74222,85996.52
2021-08-05,1.74224,1.74492,1.73737,1.741,85453.04
2021-08-06,1.741,1.74497,1.7389,1.74057,72243.03
2021-08-08,1.74078,1.74363,1.73978,1.74331,13067.22
2021-08-09,1.7433,1.74508,1.73865,1.74118,72929.61
2021-08-10,1.74118,1.74358,1.73076,1.73199,67656.16
2021-08-11,1.73199,1.73549,1.73032,1.73425,68817.11
2021-08-12,1.73423,1.73654,1.7273,1.72897,63942.22
2021-08-13,1.729,1.73641,1.7261,1.73398,48022.59
2021-08-15,1.73316,1.73579,1.73277,1.73541,3379.73
2021-08-16,1.73537,1.74339,1.73534,1.73986,68803.78
2021-08-17,1.73984,1.74297,1.73119,1.73481,84813.84
2021-08-18,1.73484,1.74152,1.73175,1.74016,75219.09
2021-08-19,1.74014,1.75087,1.73994,1.74884,103339.56
2021-08-20,1.74883,1.76246,1.74618,1.74638,84356.67
2021-08-22,1.74553,1.74807,1.74333,1.74733,2612.93
2021-08-23,1.74732,1.74784,1.73318,1.73632,71786.92
2021-08-24,1.73632,1.73798,1.72737,1.72881,65006.42
2021-08-25,1.72881,1.73505,1.72824,1.7327,64406.45
2021-08-26,1.73272,1.73805,1.73056,1.73784,72141.77
2021-08-27,1.73784,1.74226,1.73473,1.73595,80016.72
2021-08-29,1.73485,1.73636,1.73372,1.73563,5183.41
2021-08-30,1.73565,1.73903,1.72911,1.73472,55809.06
2021-08-31,1.73473,1.74179,1.73119,1.73494,103257.05
2021-09-01,1.73493,1.74076,1.73045,1.73804,80704.73
2021-09-02,1.73799,1.74155,1.7349,1.73678,68297.57
2021-09-03,1.73678,1.73835,1.73109,1.73525,89036.6
2021-09-05,1.73397,1.73693,1.73332,1.7364,2508.0
2021-09-06,1.7364,1.73787,1.73163,1.73445,55535.67
2021-09-07,1.73447,1.74391,1.73315,1.74248,95935.61
2021-09-08,1.74248,1.7528,1.74014,1.74744,111669.37
2021-09-09,1.74745,1.7564,1.74709,1.75259,105730.69
2021-09-10,1.75261,1.75557,1.74528,1.75525,94107.72
2021-09-12,1.75401,1.75529,1.75243,1.75466,2392.62
2021-09-13,1.75472,1.75537,1.74797,1.7501,89628.62
2021-09-14,1.75012,1.75684,1.74985,1.75228,103650.29
2021-09-15,1.75231,1.75575,1.74559,1.7473,94854.83
2021-09-16,1.74731,1.75005,1.74318,1.74971,90631.7
2021-09-17,1.74972,1.75423,1.7434,1.75268,92486.09
2021-09-19,1.75267,1.75456,1.75042,1.75248,2785.43
2021-09-20,1.75242,1.7602,1.74824,1.74893,123193.59
2021-09-21,1.749,1.75343,1.74291,1.75033,115652.18
2021-09-22,1.75032,1.75122,1.73669,1.7409,130342.25
2021-09-23,1.74089,1.74232,1.72848,1.73727,115025.23
2021-09-24,1.73728,1.7412,1.72835,1.72913,90497.11
2021-09-26,1.72776,1.72972,1.72604,1.72893,3117.56
2021-09-27,1.72893,1.73676,1.72433,1.72982,103988.09
2021-09-28,1.72979,1.73049,1.71352,1.71653,145476.18
2021-09-29,1.71653,1.71901,1.70858,1.71241,142461.15
2021-09-30,1.7124,1.71886,1.70495,1.70829,137891.88
2021-10-01,1.70829,1.71946,1.70753,1.71219,149659.04
2021-10-03,1.71329,1.71398,1.7106,1.71325,5719.38
2021-10-04,1.71325,1.71594,1.70885,1.71292,138257.68
2021-10-05,1.71297,1.71697,1.70995,1.71448,113014.0
2021-10-06,1.71449,1.71604,1.70851,1.71052,140662.11
2021-10-07,1.71052,1.7125,1.70722,1.70876,113906.18
2021-10-08,1.70877,1.70992,1.69688,1.69741,150548.89
2021-10-10,1.69822,1.69987,1.69658,1.69977,4283.36
2021-10-11,1.69979,1.7039,1.69456,1.69619,107240.71
2021-10-12,1.6962,1.699,1.69075,1.69387,129516.84
2021-10-13,1.69388,1.70059,1.69273,1.70003,142327.01
2021-10-14,1.70003,1.70008,1.6897,1.69139,137472.23
2021-10-15,1.6914,1.70568,1.6891,1.69878,131430.24
2021-10-17,1.69869,1.70281,1.69864,1.70265,9268.39
2021-10-18,1.70268,1.70403,1.69561,1.69937,117724.1
2021-10-19,1.69937,1.70852,1.69667,1.70398,138406.85
2021-10-20,1.704,1.70605,1.69705,1.70352,130585.35
2021-10-21,1.70352,1.70681,1.69942,1.70598,129397.54
2021-10-22,1.70599,1.70605,1.69839,1.70094,165963.19
2021-10-24,1.70013,1.70258,1.6985,1.70249,6342.83
2021-10-25,1.70249,1.70613,1.69963,1.70367,152280.82
2021-10-26,1.70365,1.70878,1.70247,1.70561,143291.89
2021-10-27,1.70562,1.70772,1.69036,1.6985,211066.72
2021-10-28,1.69847,1.70499,1.69613,1.70357,197154.68
2021-10-29,1.70354,1.70517,1.69328,1.69424,192182.49
2021-10-31,1.69242,1.6949,1.69239,1.69421,9137.95
2021-11-01,1.69425,1.69501,1.68776,1.68948,188327.06
2021-11-02,1.68949,1.69418,1.68731,1.6893,165078.75
2021-11-03,1.6893,1.69884,1.68858,1.69494,172013.29
2021-11-04,1.69493,1.69558,1.67919,1.68195,202109.23
2021-11-05,1.68193,1.68376,1.67333,1.68045,170018.08
2021-11-07,1.67887,1.68015,1.67832,1.67957,9987.52
2021-11-08,1.67956,1.69078,1.67618,1.68749,150400.01
2021-11-09,1.6875,1.69121,1.68504,1.68619,170205.06
2021-11-10,1.6862,1.68724,1.67149,1.67466,237769.13
2021-11-11,1.67466,1.68696,1.6738,1.6823,168356.68
2021-11-12,1.68232,1.68807,1.68126,1.68219,131558.76
2021-11-14,1.68225,1.68378,1.68107,1.68305,5720.43
2021-11-15,1.68308,1.68567,1.67709,1.67811,126327.51
2021-11-16,1.67813,1.68782,1.6773,1.68686,104481.04
2021-11-17,1.68686,1.70212,1.68585,1.70091,116770.61
2021-11-18,1.70092,1.7047,1.69753,1.70128,108519.52
2021-11-19,1.70129,1.70261,1.69427,1.6987,134988.17
2021-11-21,1.6988,1.7006,1.69846,1.69969,9039.33
2021-11-22,1.69969,1.70208,1.69615,1.70154,119344.36
2021-11-23,1.70162,1.70468,1.69344,1.69531,143947.57
2021-11-24,1.69532,1.69785,1.68591,1.68763,143590.28
2021-11-25,1.68766,1.68931,1.68372,1.68579,104631.17
2021-11-26,1.6858,1.70873,1.68543,1.70407,178760.37
2021-11-28,1.69981,1.70144,1.69696,1.6975,6981.29
2021-11-29,1.69751,1.70201,1.69427,1.69584,147494.85
2021-11-30,1.69584,1.71123,1.69206,1.69826,225166.93
2021-12-01,1.69826,1.70378,1.69422,1.70078,171290.41
2021-12-02,1.70081,1.70916,1.69712,1.70456,167477.54
2021-12-03,1.70456,1.70586,1.68969,1.69945,169933.05
2021-12-05,1.69659,1.69964,1.69627,1.69629,6026.14
2021-12-06,1.69634,1.69923,1.68983,1.6924,124694.88
2021-12-07,1.69237,1.69301,1.67192,1.67485,114559.26
2021-12-08,1.67484,1.67692,1.66385,1.67109,148860.95
2021-12-09,1.67109,1.68106,1.6694,1.6802,108869.24
2021-12-10,1.68018,1.68844,1.67563,1.6883,104579.47
2021-12-12,1.68711,1.68802,1.6859,1.6863,9103.78
2021-12-13,1.68629,1.69684,1.68335,1.69223,109177.86
2021-12-14,1.69222,1.70215,1.68966,1.7021,131087.3
2021-12-15,1.7021,1.70876,1.69969,1.70229,161440.26
2021-12-16,1.70229,1.70935,1.69425,1.70257,176532.99
2021-12-17,1.70252,1.70771,1.70021,1.70594,163825.45
2021-12-19,1.70565,1.70672,1.70451,1.70624,6708.0
2021-12-20,1.70624,1.71411,1.7025,1.70865,175541.13
2021-12-21,1.70865,1.71528,1.70593,1.71454,133332.58
2021-12-22,1.71454,1.72146,1.71005,1.71561,127744.54
2021-12-23,1.71562,1.72298,1.7129,1.71913,112426.8
2021-12-24,1.71918,1.72059,1.7133,1.71458,216385.09
2021-12-26,1.71347,1.71766,1.71347,1.71748,2604.99
2021-12-27,1.71749,1.72329,1.71386,1.71874,72236.07
2021-12-28,1.71874,1.72293,1.71745,1.72141,76860.04
2021-12-29,1.72143,1.7283,1.71903,1.72507,92284.64
2021-12-30,1.72507,1.72898,1.71749,1.72009,90859.86
2021-12-31,1.72009,1.7214,1.70761,1.70783,100468.78
2022-01-02,1.70781,1.71165,1.70771,1.71159,3745.19
2022-01-03,1.71159,1.71967,1.71014,1.71906,103907.92
2022-01-04,1.71905,1.72211,1.71335,1.71889,113551.62
2022-01-05,1.71889,1.73002,1.7181,1.72946,117474.45
2022-01-06,1.72948,1.73114,1.71966,1.72269,116509.13
2022-01-07,1.72269,1.7243,1.71665,1.71742,98739.84
2022-01-09,1.71551,1.71967,1.71499,1.71887,3012.08
2022-01-10,1.71887,1.72217,1.71343,1.71986,105734.91
2022-01-11,1.71986,1.72201,1.71203,1.71451,116577.86
2022-01-12,1.71452,1.71502,1.70798,1.71348,106916.16
2022-01-13,1.7135,1.71653,1.71069,1.71513,102001.84
2022-01-14,1.71513,1.71871,1.71221,1.71584,123674.34
2022-01-16,1.71283,1.71614,1.71283,1.71467,3685.55
2022-01-17,1.71467,1.71577,1.70611,1.708,77897.2
2022-01-18,1.70799,1.70818,1.69874,1.69951,146076.9
2022-01-19,1.69956,1.7065,1.69794,1.70239,136226.86
2022-01-20,1.7025,1.70479,1.69726,1.69956,113783.94
2022-01-21,1.69955,1.70609,1.69641,1.70419,149666.61
2022-01-23,1.70377,1.70459,1.7026,1.70262,3751.99
2022-01-24,1.70262,1.70766,1.70036,1.70286,215552.02
2022-01-25,1.70286,1.70584,1.69919,1.70441,208683.73
2022-01-26,1.70441,1.7073,1.69625,1.70436,217181.3
2022-01-27,1.70437,1.70837,1.69476,1.70636,217116.36
2022-01-28,1.70634,1.71465,1.70355,1.71002,194670.03
2022-01-30,1.70457,1.71147,1.70457,1.70998,4907.98
2022-01-31,1.70998,1.71438,1.70391,1.70973,157715.39
2022-02-01,1.70973,1.71681,1.7055,1.71615,139818.59
2022-02-02,1.71617,1.72315,1.71445,1.72073,124647.96
2022-02-03,1.72076,1.73061,1.71833,1.72393,170535.74
2022-02-04,1.7239,1.72993,1.72149,1.72603,173593.07
2022-02-06,1.7251,1.72599,1.72451,1.72485,2562.68
2022-02-07,1.72486,1.7259,1.71216,1.71443,136525.92
2022-02-08,1.71442,1.72385,1.71403,1.72115,122441.52
2022-02-09,1.72115,1.72379,1.71382,1.71529,98599.84
2022-02-10,1.71533,1.72658,1.71435,1.72522,186251.99
2022-02-11,1.72521,1.72749,1.72176,1.72597,212788.65
2022-02-13,1.72471,1.72743,1.72421,1.72645,5217.19
2022-02-14,1.72646,1.72797,1.71973,1.72236,188457.71
2022-02-15,1.72234,1.72712,1.72022,1.72284,146002.5
2022-02-16,1.72286,1.72509,1.71523,1.72424,142131.1
2022-02-17,1.72419,1.73196,1.72349,1.73014,175513.03
2022-02-18,1.73016,1.73519,1.72674,1.73278,137857.12
2022-02-20,1.73093,1.73449,1.73071,1.73365,4712.24
2022-02-21,1.73363,1.73768,1.73243,1.7342,127719.29
2022-02-22,1.73419,1.73584,1.72311,1.73469,175773.5
2022-02-23,1.73472,1.73523,1.72282,1.72472,134990.59
2022-02-24,1.72471,1.72673,1.7085,1.71245,286858.99
2022-02-25,1.71249,1.71758,1.70265,1.70312,196816.59
2022-02-27,1.69899,1.70565,1.69758,1.70546,10234.34
2022-02-28,1.70551,1.71025,1.69827,1.69992,246913.96
2022-03-01,1.69997,1.70161,1.69038,1.69657,172753.51
2022-03-02,1.69661,1.69718,1.68856,1.69403,201319.99
2022-03-03,1.69403,1.69414,1.68559,1.69147,160891.25
2022-03-04,1.69148,1.6951,1.68282,1.68425,191393.95
2022-03-06,1.68211,1.68662,1.67941,1.67974,10502.15
2022-03-07,1.67977,1.68286,1.67152,1.67829,234093.75
2022-03-08,1.67829,1.69201,1.67775,1.68838,236023.7
2022-03-09,1.68837,1.69114,1.6848,1.68732,175234.26
2022-03-10,1.68735,1.68979,1.66959,1.67127,166261.33
2022-03-11,1.67115,1.67493,1.6567,1.6615,160681.64
2022-03-13,1.65909,1.66241,1.65698,1.66178,8680.94
2022-03-14,1.66179,1.66996,1.66047,1.66793,145545.98
2022-03-15,1.66792,1.67869,1.66288,1.6657,160342.91
2022-03-16,1.6657,1.67104,1.65952,1.66699,189067.44
2022-03-17,1.66699,1.67235,1.65805,1.6621,145263.15
2022-03-18,1.66209,1.66484,1.65359,1.6605,124977.28
2022-03-20,1.65959,1.66113,1.65777,1.65873,4336.25
2022-03-21,1.6587,1.66229,1.65517,1.65764,125396.21
2022-03-22,1.65763,1.67173,1.65173,1.66913,148052.49
2022-03-23,1.66913,1.67218,1.65604,1.65839,128121.99
2022-03-24,1.65839,1.66009,1.6497,1.65189,145879.75
2022-03-25,1.65189,1.65641,1.64388,1.64404,131323.81
2022-03-27,1.6437,1.64511,1.64341,1.64478,7443.52
2022-03-28,1.64478,1.64654,1.63633,1.64001,179258.7
2022-03-29,1.64001,1.64623,1.63151,1.63623,223680.91
2022-03-30,1.63623,1.64441,1.63566,1.63981,175039.95
2022-03-31,1.63981,1.64549,1.63873,1.64332,191479.7
2022-04-01,1.64335,1.64375,1.63601,1.64023,137332.39
2022-04-03,1.63769,1.64147,1.63756,1.64145,4914.53
2022-04-04,1.64144,1.64201,1.63491,1.63715,124684.37
2022-04-05,1.63715,1.63864,1.62939,1.63247,133210.86
2022-04-06,1.63249,1.64216,1.6316,1.64193,173941.01
2022-04-07,1.64196,1.64709,1.64038,1.64485,145450.55
2022-04-08,1.64484,1.6459,1.63703,1.63802,121910.85
2022-04-10,1.63619,1.63933,1.63536,1.63918,5989.76
2022-04-11,1.6392,1.64644,1.63706,1.64592,150654.14
2022-04-12,1.64593,1.64763,1.64081,1.64279,186663.76
2022-04-13,1.64281,1.64931,1.64012,1.64865,164629.56
2022-04-14,1.64866,1.6503,1.63967,1.64707,182445.36
2022-04-15,1.64707,1.64819,1.64339,1.64634,217383.59
2022-04-17,1.64433,1.64724,1.64432,1.64697,7762.86
2022-04-18,1.64695,1.64826,1.63897,1.63897,128600.79
2022-04-19,1.63899,1.6439,1.63396,1.6402,145382.53
2022-04-20,1.64021,1.64283,1.62718,1.63185,152424.18
2022-04-21,1.63182,1.63993,1.62687,1.63993,158597.67
2022-04-22,1.63995,1.64168,1.62906,1.63105,163081.65
2022-04-24,1.63097,1.6329,1.62945,1.63206,10458.24
2022-04-25,1.63201,1.63275,1.61799,1.62241,230990.0
2022-04-26,1.62244,1.62585,1.6103,1.61119,196637.28
2022-04-27,1.61117,1.61692,1.60601,1.60695,197834.3
2022-04-28,1.60694,1.60907,1.59254,1.59591,223028.48
2022-04-29,1.59594,1.61735,1.59378,1.61565,174845.12
2022-05-01,1.61514,1.61745,1.61483,1.61582,8330.43
2022-05-02,1.61584,1.61994,1.60654,1.6087,192770.86
2022-05-03,1.6087,1.61511,1.60199,1.60387,187757.5
2022-05-04,1.60383,1.61038,1.59871,1.60695,245730.59
2022-05-05,1.60695,1.60829,1.57757,1.58567,265815.02
2022-05-06,1.58567,1.5932,1.57855,1.59118,281116.76
2022-05-08,1.59335,1.59362,1.59033,1.59222,10629.49
2022-05-09,1.59221,1.60531,1.58648,1.60475,258074.45
2022-05-10,1.60483,1.60899,1.59863,1.60377,264032.89
2022-05-11,1.60376,1.60549,1.58936,1.58967,256217.32
2022-05-12,1.58969,1.59332,1.58455,1.58951,297013.4
2022-05-13,1.58947,1.59047,1.57753,1.58206,182089.77
2022-05-15,1.58022,1.58255,1.58022,1.58165,10971.23
2022-05-16,1.58169,1.58819,1.57959,1.5837,185915.78
2022-05-17,1.58368,1.60294,1.5816,1.59898,186200.1
2022-05-18,1.59898,1.60165,1.58707,1.59073,187140.22
2022-05-19,1.59075,1.60388,1.58579,1.59749,238803.08
2022-05-20,1.59746,1.60434,1.59363,1.60229,181706.3
2022-05-22,1.60086,1.60388,1.60086,1.60219,8423.64
2022-05-23,1.60219,1.61127,1.60199,1.60683,165154.14
2022-05-24,1.60686,1.61118,1.59541,1.60809,184651.44
2022-05-25,1.60809,1.61402,1.60334,1.61336,182453.89
2022-05-26,1.61337,1.61817,1.60541,1.61164,161703.0
2022-05-27,1.61161,1.61496,1.60426,1.60634,144591.06
2022-05-29,1.60548,1.60788,1.60521,1.60638,4917.78
2022-05-30,1.60639,1.60778,1.59926,1.60052,117004.41
2022-05-31,1.60051,1.60061,1.58916,1.59344,196358.39
2022-06-01,1.59344,1.59625,1.5774,1.58129,204333.43
2022-06-02,1.58129,1.58856,1.57932,1.58115,134270.71
2022-06-03,1.58116,1.58194,1.5716,1.57238,122838.6
2022-06-05,1.5726,1.57351,1.57064,1.57209,6655.91
2022-06-06,1.57212,1.57981,1.57104,1.57556,155395.43
2022-06-07,1.57555,1.58087,1.568,1.57781,204174.56
2022-06-08,1.57785,1.57809,1.57047,1.57425,196031.51
2022-06-09,1.57424,1.58771,1.57143,1.58675,225637.44
2022-06-10,1.58675,1.58824,1.57028,1.5732,243836.26
2022-06-12,1.5732,1.57439,1.57063,1.57084,21266.92
2022-06-13,1.57085,1.57513,1.56009,1.56505,286002.62
2022-06-14,1.56505,1.57282,1.54818,1.5549,300880.07
2022-06-15,1.55493,1.57248,1.55375,1.56689,328885.93
2022-06-16,1.56693,1.60015,1.55815,1.59985,322943.6
2022-06-17,1.59982,1.6,1.58925,1.59153,267623.55
2022-06-19,1.59126,1.59341,1.58913,1.58948,9157.87
2022-06-20,1.58947,1.59518,1.58777,1.59018,181938.07
2022-06-21,1.59018,1.59126,1.5843,1.58586,208948.07
2022-06-22,1.58585,1.59264,1.57982,1.58804,256469.1
2022-06-23,1.58802,1.59425,1.57906,1.59233,311536.89
2022-06-24,1.59235,1.59596,1.58017,1.58065,228154.72
2022-06-26,1.5801,1.58465,1.57972,1.58417,15133.65
2022-06-27,1.58417,1.58667,1.57786,1.57869,235048.72
2022-06-28,1.5787,1.57964,1.5659,1.56884,278701.46
2022-06-29,1.56885,1.57114,1.55865,1.56259,243481.47
2022-06-30,1.56254,1.57174,1.56173,1.56524,276096.85
2022-07-01,1.56521,1.56793,1.54967,1.55787,249279.28
2022-07-03,1.55676,1.56091,1.55669,1.5594,13886.1
2022-07-04,1.55941,1.56433,1.55408,1.5574,151043.1
2022-07-05,1.55741,1.55987,1.55138,1.55733,236250.68
2022-07-06,1.55733,1.56087,1.54729,1.55419,275731.5
2022-07-07,1.55424,1.56265,1.55203,1.55979,258443.72
2022-07-08,1.55981,1.56489,1.55089,1.55667,219470.16
2022-07-10,1.55463,1.55847,1.55463,1.5558,12213.63
2022-07-11,1.55585,1.55668,1.54277,1.54645,267024.28
2022-07-12,1.54642,1.54899,1.54028,1.54788,359753.58
2022-07-13,1.54785,1.55327,1.53581,1.54216,354956.2
2022-07-14,1.54218,1.55738,1.53914,1.55197,396593.53
2022-07-15,1.55195,1.55333,1.54249,1.54453,262904.92
2022-07-17,1.54435,1.54657,1.54417,1.54648,14701.87
2022-07-18,1.54651,1.555,1.54354,1.55082,270724.47
2022-07-19,1.55084,1.55795,1.54235,1.54499,286633.37
2022-07-20,1.54499,1.54821,1.54041,1.54225,260831.97
2022-07-21,1.54225,1.546,1.53689,1.54489,331613.8
2022-07-22,1.54491,1.55101,1.53499,1.54973,286522.53
2022-07-24,1.54904,1.55139,1.54847,1.54906,10043.09
2022-07-25,1.54908,1.55432,1.54561,1.54896,248299.89
2022-07-26,1.54897,1.55188,1.54096,1.54951,229949.25
2022-07-27,1.54953,1.56267,1.54831,1.5588,278710.09
2022-07-28,1.55881,1.56254,1.55238,1.55881,302073.89
2022-07-29,1.55881,1.56669,1.54925,1.55785,260765.45
2022-07-31,1.55733,1.55964,1.55732,1.55909,12993.12
2022-08-01,1.55909,1.57579,1.55819,1.57425,249397.8
2022-08-02,1.57424,1.57676,1.56357,1.56486,324111.35
2022-08-03,1.56489,1.57076,1.55768,1.56022,282428.18
2022-08-04,1.56022,1.56563,1.54977,1.5646,249264.03
2022-08-05,1.56462,1.5658,1.55675,1.56081,237587.96
2022-08-07,1.5597,1.56129,1.55966,1.56098,7490.86
2022-08-08,1.56099,1.56262,1.55152,1.55346,207908.83
2022-08-09,1.55346,1.5604,1.55221,1.55529,196143.2
2022-08-10,1.55529,1.57137,1.55521,1.55968,259155.8
2022-08-11,1.55968,1.56234,1.55564,1.55634,255677.55
2022-08-12,1.55633,1.55687,1.54768,1.54942,203076.39
2022-08-14,1.54869,1.55061,1.54869,1.54976,8430.61
2022-08-15,1.54978,1.56449,1.54842,1.55569,212904.55
2022-08-16,1.55568,1.55877,1.55038,1.55347,237869.06
2022-08-17,1.5535,1.56129,1.5534,1.55593,256162.57
2022-08-18,1.55593,1.5574,1.54323,1.54455,257021.56
2022-08-19,1.54454,1.54676,1.53348,1.53625,214432.93
2022-08-21,1.53496,1.53727,1.53388,1.53635,13149.36
2022-08-22,1.53639,1.53832,1.53138,1.53513,225083.33
2022-08-23,1.53514,1.53828,1.52743,1.53292,283195.22
2022-08-24,1.53292,1.53544,1.52851,1.52919,261241.48
2022-08-25,1.52915,1.53238,1.52689,1.52963,226543.88
2022-08-26,1.52962,1.53666,1.52545,1.52925,254600.65
2022-08-28,1.52876,1.53014,1.52619,1.52662,17605.92
2022-08-29,1.52662,1.52798,1.52141,1.52394,249762.61
2022-08-30,1.52391,1.52848,1.52103,1.52604,263069.78
2022-08-31,1.52604,1.52794,1.52157,1.52408,290981.71
2022-09-01,1.52408,1.53019,1.51681,1.51809,253556.12
2022-09-02,1.51808,1.52204,1.51014,1.51033,233117.46
2022-09-04,1.50604,1.5096,1.5055,1.50766,16815.38
2022-09-05,1.50765,1.51849,1.50557,1.51833,182741.91
2022-09-06,1.51831,1.5239,1.51166,1.51412,247217.22
2022-09-07,1.51412,1.51729,1.50218,1.51273,259423.93
2022-09-08,1.51273,1.51595,1.50397,1.50691,298093.03
2022-09-09,1.50692,1.51311,1.50237,1.50823,255441.24
2022-09-11,1.51679,1.51727,1.51111,1.51325,15950.24
2022-09-12,1.51325,1.52045,1.51121,1.51726,230315.97
2022-09-13,1.51729,1.52208,1.50929,1.51442,247877.55
2022-09-14,1.51442,1.52507,1.51338,1.51926,265174.56
2022-09-15,1.51926,1.51932,1.51213,1.51725,224386.17
2022-09-16,1.51726,1.51943,1.50803,1.51471,201904.26
2022-09-18,1.51282,1.51607,1.51269,1.51591,13530.32
2022-09-19,1.51589,1.51687,1.51261,1.51559,194905.41
2022-09-20,1.5156,1.52314,1.51283,1.52087,217217.56
2022-09-21,1.52091,1.52141,1.50882,1.51721,263646.51
2022-09-22,1.51717,1.52973,1.51569,1.5172,307410.33
2022-09-23,1.51724,1.51843,1.47305,1.47369,293587.7
2022-09-25,1.46846,1.47261,1.46488,1.4654,33186.94
2022-09-26,1.46541,1.49063,1.40439,1.47609,563875.25
2022-09-27,1.47612,1.48176,1.4663,1.4718,398890.61
2022-09-28,1.47179,1.48976,1.45191,1.476,485987.97
2022-09-29,1.47601,1.53102,1.47292,1.52748,431216.66
2022-09-30,1.52747,1.54401,1.51488,1.54298,377783.04
2022-10-02,1.54144,1.54587,1.53421,1.53452,26530.84
2022-10-03,1.53449,1.54969,1.52675,1.54472,352394.56
2022-10-04,1.54475,1.55519,1.53845,1.54651,349351.06
2022-10-05,1.54655,1.55237,1.53647,1.54385,342335.32
2022-10-06,1.54389,1.54596,1.52603,1.53355,339189.05
2022-10-07,1.53355,1.53905,1.51886,1.52275,288983.57
2022-10-09,1.52231,1.52323,1.52008,1.52022,24205.58
2022-10-10,1.52028,1.52573,1.51475,1.52569,292558.56
2022-10-11,1.52573,1.53527,1.5111,1.51192,349193.9
2022-10-12,1.51186,1.53416,1.51013,1.53378,381274.42
2022-10-13,1.53376,1.5635,1.52867,1.55533,422861.61
2022-10-14,1.5553,1.56233,1.54303,1.55108,418314.07
2022-10-16,1.55718,1.55902,1.55466,1.55727,21334.66
2022-10-17,1.55728,1.57066,1.55168,1.55649,336238.45
2022-10-18,1.55655,1.56097,1.54972,1.5568,334922.18
2022-10-19,1.5568,1.55899,1.5407,1.54333,263217.69
2022-10-20,1.54338,1.55016,1.53628,1.54591,316905.67
2022-10-21,1.54591,1.54616,1.53108,1.53905,293679.7
2022-10-23,1.5518,1.55259,1.54403,1.54663,41826.91
2022-10-24,1.54668,1.55751,1.54409,1.54842,304848.13
2022-10-25,1.54845,1.56658,1.54495,1.56034,244476.56
2022-10-26,1.56037,1.58025,1.55671,1.57689,322418.11
2022-10-27,1.57686,1.57805,1.56444,1.56834,281307.72
2022-10-28,1.56843,1.58127,1.56531,1.57973,224359.28
2022-10-30,1.57498,1.57934,1.57463,1.5777,19498.44
2022-10-31,1.57775,1.58115,1.56065,1.56075,208522.74
2022-11-01,1.56075,1.56988,1.56065,1.56454,237443.01
2022-11-02,1.5645,1.56812,1.559,1.56115,259611.87
2022-11-03,1.56114,1.56303,1.53045,1.53486,297690.1
2022-11-04,1.53489,1.5372,1.51669,1.5334,288771.81
2022-11-06,1.52854,1.53207,1.52854,1.53092,10705.66
2022-11-07,1.53091,1.5571,1.52962,1.55317,244973.82
2022-11-08,1.55317,1.55526,1.54236,1.54955,228094.42
2022-11-09,1.54956,1.55201,1.53087,1.53759,257828.48
2022-11-10,1.53756,1.56213,1.53703,1.55886,285438.34
2022-11-11,1.55882,1.57073,1.55455,1.56768,275756.92
2022-11-13,1.56612,1.56653,1.56372,1.56462,21272.06
2022-11-14,1.56462,1.56921,1.55459,1.56558,263416.74
2022-11-15,1.5656,1.59082,1.56404,1.57676,325863.71
2022-11-16,1.57674,1.58884,1.57098,1.58865,276245.75
2022-11-17,1.58861,1.59267,1.57163,1.57983,261684.82
2022-11-18,1.57981,1.59749,1.57981,1.59049,211402.18
2022-11-20,1.58942,1.5914,1.58875,1.58978,8786.84
2022-11-21,1.58975,1.59168,1.58324,1.59008,199127.88
2022-11-22,1.59007,1.59479,1.58689,1.5891,194032.04
2022-11-23,1.58913,1.61715,1.58841,1.61079,207442.02
2022-11-24,1.6108,1.62008,1.60978,1.61527,159736.9
2022-11-25,1.61531,1.61868,1.61207,1.61611,172728.22
2022-11-27,1.61468,1.61708,1.61467,1.61618,12666.54
2022-11-28,1.61619,1.62935,1.61056,1.61312,208121.14
2022-11-29,1.6132,1.6365,1.60914,1.62266,217396.76
2022-11-30,1.62265,1.62784,1.61252,1.61961,250549.48
2022-12-01,1.61962,1.65201,1.6192,1.6468,247830.07
2022-12-02,1.64681,1.65605,1.63808,1.65519,211677.76
2022-12-04,1.65291,1.65492,1.65067,1.65321,8524.28
2022-12-05,1.65324,1.65739,1.64338,1.65654,207596.43
2022-12-06,1.65651,1.67046,1.65447,1.65583,211862.94
2022-12-07,1.65587,1.66771,1.65356,1.66675,226124.38
2022-12-08,1.66675,1.66872,1.65709,1.66349,184761.6
2022-12-09,1.66346,1.67701,1.66294,1.67229,199694.93
2022-12-11,1.67022,1.67258,1.67022,1.67077,7013.3
2022-12-12,1.6708,1.68123,1.6657,1.67227,156546.35
2022-12-13,1.67227,1.68424,1.66694,1.67464,290972.96
2022-12-14,1.67464,1.68454,1.67381,1.68261,290306.24
2022-12-15,1.68262,1.68276,1.66075,1.66472,286530.14
2022-12-16,1.66471,1.67054,1.65594,1.66252,247996.14
2022-12-18,1.66075,1.66482,1.66074,1.66433,5905.56
2022-12-19,1.66432,1.6688,1.65624,1.65811,218768.73
2022-12-20,1.6581,1.66478,1.64888,1.65757,315799.13
2022-12-21,1.65757,1.65801,1.64114,1.64406,206041.68
2022-12-22,1.64408,1.64925,1.63664,1.64138,228577.58
2022-12-23,1.64138,1.64426,1.63527,1.63771,182526.09
2022-12-25,1.63727,1.6413,1.63673,1.6413,330.68
2022-12-26,1.64123,1.64269,1.63567,1.63797,80951.13
2022-12-27,1.63794,1.63998,1.62075,1.62635,161800.62
2022-12-28,1.62636,1.63889,1.62417,1.63562,171155.56
2022-12-29,1.63565,1.63843,1.62972,1.63388,178136.12
2022-12-30,1.63387,1.63891,1.62721,1.63815,198543.7
2023-01-01,1.63225,1.63513,1.63225,1.63513,27.84
2023-01-02,1.63515,1.63659,1.62967,1.636,97186.67
2023-01-03,1.63598,1.64244,1.62139,1.63602,241286.85
2023-01-04,1.63602,1.64347,1.62351,1.62571,257561.3
2023-01-05,1.6257,1.62879,1.61194,1.61499,248623.08
2023-01-06,1.61499,1.62678,1.61019,1.62509,251748.82
2023-01-08,1.62366,1.62838,1.6226,1.62832,6412.44
2023-01-09,1.62833,1.63318,1.62142,1.63171,232184.08
2023-01-10,1.63175,1.63405,1.62465,1.63261,234434.06
2023-01-11,1.63265,1.63398,1.62323,1.63269,156934.26
2023-01-12,1.6327,1.63634,1.62395,1.63421,232510.14
2023-01-13,1.63422,1.63897,1.6283,1.63799,189997.52
2023-01-15,1.63465,1.63815,1.63465,1.63753,4045.43
2023-01-16,1.63754,1.64096,1.63063,1.6357,130162.75
2023-01-17,1.6357,1.64598,1.63257,1.64475,204277.44
2023-01-18,1.64475,1.6664,1.6417,1.6661,242123.02
2023-01-19,1.66609,1.66921,1.66183,1.66836,181217.03
2023-01-20,1.66837,1.66859,1.65778,1.65843,138122.1
2023-01-22,1.65878,1.65978,1.65735,1.65866,3344.35
2023-01-23,1.65864,1.66394,1.65025,1.65509,138697.07
2023-01-24,1.65508,1.65785,1.64078,1.64881,145329.14
2023-01-25,1.64883,1.66188,1.64385,1.66048,149433.44
2023-01-26,1.66046,1.66327,1.64916,1.6531,157403.43
2023-01-27,1.65312,1.65385,1.64543,1.64955,121186.57
2023-01-29,1.64856,1.64994,1.64696,1.64982,3529.22
2023-01-30,1.64983,1.65397,1.64817,1.65282,143637.74
2023-01-31,1.65283,1.65873,1.63734,1.63785,170338.1
2023-02-01,1.63784,1.6476,1.63668,1.64416,202029.44
2023-02-02,1.64417,1.64657,1.62687,1.62744,244976.21
2023-02-03,1.62743,1.63844,1.61359,1.61488,219537.14
2023-02-05,1.61361,1.61621,1.61341,1.61401,7248.22
2023-02-06,1.61403,1.62163,1.61237,1.61645,178474.18
2023-02-07,1.61645,1.61885,1.60766,1.61397,229306.32
2023-02-08,1.61396,1.62467,1.61232,1.62271,171418.34
2023-02-09,1.62272,1.63392,1.62206,1.62926,173671.23
2023-02-10,1.62925,1.63078,1.60763,1.60852,187351.35
2023-02-12,1.60883,1.60979,1.60713,1.60956,4892.43
2023-02-13,1.60956,1.62024,1.60815,1.62008,153588.64
2023-02-14,1.62009,1.62984,1.6189,1.62397,225241.65
2023-02-15,1.62395,1.62533,1.60849,1.61182,190559.76
2023-02-16,1.61184,1.6164,1.60843,1.61318,195476.42
2023-02-17,1.61321,1.62309,1.60946,1.62185,170741.23
2023-02-19,1.62038,1.62217,1.61937,1.62158,4974.38
2023-02-20,1.62152,1.62314,1.61704,1.61938,99016.85
2023-02-21,1.61938,1.63982,1.6168,1.63861,206775.26
2023-02-22,1.63862,1.64183,1.63046,1.63167,189246.67
2023-02-23,1.6317,1.63251,1.62559,1.62736,177744.86
2023-02-24,1.62736,1.63324,1.62418,1.62444,182402.11
2023-02-26,1.62535,1.62621,1.62385,1.62465,3402.19
2023-02-27,1.62464,1.6379,1.62328,1.6374,146814.08
2023-02-28,1.63741,1.6521,1.63518,1.64185,162119.19
2023-03-01,1.64184,1.64423,1.63219,1.63427,175660.58
2023-03-02,1.63425,1.63523,1.62234,1.62473,168928.31
2023-03-03,1.62473,1.63776,1.62393,1.6374,138607.19
2023-03-05,1.63452,1.63737,1.63355,1.6362,3536.96
2023-03-06,1.63621,1.63949,1.63282,1.63718,120166.46
2023-03-07,1.63719,1.64217,1.62486,1.62609,170987.66
2023-03-08,1.62611,1.63518,1.62567,1.63489,147421.35
2023-03-09,1.63491,1.64924,1.63329,1.64898,143643.14
2023-03-10,1.64899,1.67052,1.64859,1.6623,254940.44
2023-03-12,1.66471,1.67089,1.66202,1.66227,25805.53
2023-03-13,1.66226,1.67416,1.66024,1.67172,340212.84
2023-03-14,1.67173,1.67187,1.6591,1.66322,254788.61
2023-03-15,1.66322,1.66615,1.65668,1.66122,286396.8
2023-03-16,1.66122,1.667,1.65361,1.66131,242229.95
2023-03-17,1.66132,1.67378,1.66067,1.67167,161611.03
2023-03-19,1.67404,1.67422,1.66987,1.67111,9919.27
2023-03-20,1.67112,1.67893,1.66866,1.67796,173608.94
2023-03-21,1.67799,1.67908,1.66918,1.6758,113555.5
2023-03-22,1.67578,1.68558,1.67332,1.68428,165582.75
2023-03-23,1.68429,1.68651,1.67676,1.68451,171934.39
2023-03-24,1.68452,1.68609,1.67874,1.68008,157897.59
2023-03-26,1.6777,1.68144,1.6777,1.68105,7062.9
2023-03-27,1.68103,1.68397,1.67579,1.67897,118783.36
2023-03-28,1.67898,1.68413,1.67541,1.67598,104760.64
2023-03-29,1.67596,1.67889,1.66806,1.66993,114042.78
2023-03-30,1.66995,1.67659,1.66807,1.67482,116339.73
2023-03-31,1.67481,1.67913,1.66573,1.66661,112815.41
2023-04-02,1.66323,1.66504,1.65798,1.65901,12294.34
2023-04-03,1.65904,1.66914,1.65902,1.6688,127681.11
2023-04-04,1.66881,1.68248,1.66547,1.67951,126096.31
2023-04-05,1.67955,1.68348,1.67429,1.67668,122955.14
2023-04-06,1.67666,1.68131,1.67375,1.67835,101958.2
2023-04-07,1.67838,1.6808,1.67428,1.67607,63514.64
2023-04-09,1.6776,1.67874,1.67638,1.67862,3860.31
2023-04-10,1.67863,1.67904,1.67091,1.67315,76660.58
2023-04-11,1.67314,1.68091,1.67117,1.67331,97298.03
2023-04-12,1.6733,1.67912,1.67011,1.67872,120823.49
2023-04-13,1.67871,1.67941,1.66857,1.67061,109357.41
2023-04-14,1.67057,1.67122,1.65758,1.65793,121854.09
2023-04-16,1.65819,1.65926,1.6571,1.65741,2812.2
2023-04-17,1.65744,1.66258,1.65373,1.65719,104410.51
2023-04-18,1.65724,1.66592,1.65638,1.66372,98127.47
2023-04-19,1.66371,1.67536,1.66267,1.67381,103172.67
2023-04-20,1.67384,1.67902,1.67239,1.67691,91500.13
2023-04-21,1.67688,1.68515,1.67334,1.68417,88480.17
2023-04-23,1.68222,1.68546,1.68198,1.6854,2619.0
2023-04-24,1.68537,1.69154,1.68238,1.69147,77022.42
2023-04-25,1.69144,1.69349,1.68676,1.69054,94220.22
2023-04-26,1.69057,1.70445,1.68998,1.6997,111476.06
2023-04-27,1.69972,1.7014,1.69468,1.69946,110417.0
2023-04-28,1.69948,1.7066,1.69712,1.70146,121910.16
2023-04-30,1.69902,1.70298,1.69902,1.70283,4539.65
2023-05-01,1.70284,1.70308,1.69009,1.69187,83729.65
2023-05-02,1.6919,1.70132,1.68971,1.69923,111481.65
2023-05-03,1.6993,1.71344,1.69921,1.71303,131006.83
2023-05-04,1.7131,1.7145,1.70027,1.70154,145254.5
2023-05-05,1.70158,1.70538,1.6889,1.68916,96818.09
2023-05-07,1.68916,1.69087,1.68859,1.68973,4517.52
2023-05-08,1.68973,1.69171,1.68407,1.68642,63454.68
2023-05-09,1.68644,1.69124,1.68505,1.68838,72827.6
2023-05-10,1.68835,1.6915,1.68561,1.68816,91488.15
2023-05-11,1.68815,1.69204,1.68378,1.68782,105646.69
2023-05-12,1.68781,1.69188,1.68541,1.68707,75320.57
2023-05-14,1.68492,1.6878,1.68469,1.68774,4395.68
2023-05-15,1.68774,1.6918,1.68433,1.68651,68393.89
2023-05-16,1.68652,1.68835,1.67739,1.68241,83523.75
2023-05-17,1.68243,1.68302,1.67792,1.68078,83931.32
2023-05-18,1.68078,1.68133,1.67189,1.67524,89483.89
2023-05-19,1.67522,1.68569,1.67147,1.6793,93099.12
2023-05-21,1.67978,1.68151,1.6791,1.68079,3795.81
2023-05-22,1.68079,1.68327,1.67714,1.67886,85426.92
2023-05-23,1.67889,1.67966,1.6715,1.67619,94890.75
2023-05-24,1.67618,1.6854,1.67594,1.68081,112892.92
2023-05-25,1.68083,1.68328,1.67802,1.68033,102993.93
2023-05-26,1.68034,1.68697,1.67933,1.68098,93049.65
2023-05-28,1.67778,1.68046,1.67778,1.67998,4461.2
2023-05-29,1.67999,1.68107,1.67643,1.67963,38772.53
2023-05-30,1.67965,1.69198,1.67669,1.68791,91829.44
2023-05-31,1.68795,1.69085,1.68174,1.68818,111374.68
2023-06-01,1.68816,1.69305,1.68248,1.68399,106103.11
2023-06-02,1.68399,1.68484,1.67082,1.6712,87870.3
2023-06-04,1.66941,1.67131,1.66843,1.66917,4539.57
2023-06-05,1.66913,1.67194,1.662,1.67187,83555.35
2023-06-06,1.67184,1.67206,1.66272,1.66512,79350.89
2023-06-07,1.66515,1.67332,1.66057,1.66381,94674.78
2023-06-08,1.66386,1.68012,1.66103,1.67793,89547.11
2023-06-09,1.67793,1.6799,1.67163,1.67804,78190.41
2023-06-11,1.67597,1.67843,1.67585,1.67767,3982.96
2023-06-12,1.67766,1.67916,1.67019,1.67239,78021.66
2023-06-13,1.67239,1.68043,1.67212,1.67835,102529.56
2023-06-14,1.67833,1.68853,1.67616,1.68849,111637.89
2023-06-15,1.68851,1.6906,1.68442,1.69043,105697.17
2023-06-16,1.69042,1.69778,1.68972,1.69186,91988.05
2023-06-18,1.69002,1.6935,1.69002,1.69347,3477.59
2023-06-19,1.69344,1.69519,1.68671,1.68991,63138.95
2023-06-20,1.68988,1.69283,1.68415,1.68813,103797.06
2023-06-21,1.68814,1.69268,1.67731,1.68053,124374.44
2023-06-22,1.68053,1.68828,1.67402,1.67573,124003.01
2023-06-23,1.6757,1.68316,1.67368,1.67552,112962.28
2023-06-25,1.67427,1.67639,1.67388,1.67567,5990.78
2023-06-26,1.67566,1.67813,1.66962,1.67159,95120.16
2023-06-27,1.67159,1.68227,1.66987,1.68194,104867.83
2023-06-28,1.68191,1.68341,1.6714,1.67516,105596.12
2023-06-29,1.67516,1.67906,1.66902,1.67131,126274.14
2023-06-30,1.67132,1.68473,1.67084,1.68164,100395.6
2023-07-02,1.68048,1.68243,1.67983,1.68178,3267.37
2023-07-03,1.68179,1.68362,1.6776,1.68134,79949.75
2023-07-04,1.68137,1.68387,1.67887,1.68173,55226.39
2023-07-05,1.68176,1.68968,1.68017,1.68759,88078.39
2023-07-06,1.68764,1.70331,1.68661,1.70281,136448.15
2023-07-07,1.70284,1.70698,1.70045,1.70422,101893.27
2023-07-09,1.70173,1.70479,1.70173,1.70454,3970.88
2023-07-10,1.70453,1.70833,1.6955,1.70743,88670.28
2023-07-11,1.70743,1.71583,1.70538,1.71095,98069.3
2023-07-12,1.71095,1.71635,1.70599,1.71317,101445.98
2023-07-13,1.71319,1.72499,1.71118,1.72137,119160.49
2023-07-14,1.72137,1.73339,1.71846,1.73009,119072.81
2023-07-16,1.72854,1.73218,1.72745,1.73115,4037.95
2023-07-17,1.73116,1.7329,1.7213,1.72554,94168.69
2023-07-18,1.72555,1.73288,1.71497,1.71591,127477.9
2023-07-19,1.71591,1.71683,1.69461,1.70277,135178.69
2023-07-20,1.70276,1.70329,1.69033,1.6957,126587.89
2023-07-21,1.6957,1.7002,1.68936,1.69916,109983.03
2023-07-23,1.6974,1.69988,1.69603,1.69962,2935.27
2023-07-24,1.69963,1.70167,1.68542,1.68786,120499.42
2023-07-25,1.68787,1.70045,1.68757,1.70015,102469.6
2023-07-26,1.70007,1.71032,1.69829,1.70679,134022.37
2023-07-27,1.70681,1.71076,1.6884,1.69214,156132.41
2023-07-28,1.69213,1.70452,1.68943,1.70247,142118.47
2023-07-30,1.69984,1.70339,1.69948,1.70311,4146.74
2023-07-31,1.70319,1.70406,1.69073,1.69289,100229.7
2023-08-01,1.69293,1.70099,1.6921,1.69764,109174.44
2023-08-02,1.6977,1.70343,1.69051,1.69708,118219.2
2023-08-03,1.69703,1.69878,1.6872,1.69755,150782.51
2023-08-04,1.69755,1.70714,1.69402,1.7056,132297.38
2023-08-06,1.70343,1.70597,1.70342,1.705,6084.45
2023-08-07,1.70501,1.70948,1.70117,1.70893,89975.05
2023-08-08,1.70892,1.71456,1.70761,1.71078,114975.93
2023-08-09,1.71077,1.7135,1.70527,1.70667,100468.07
2023-08-10,1.7067,1.71409,1.70225,1.70327,140896.98
2023-08-11,1.70323,1.7121,1.70276,1.70626,121430.28
2023-08-13,1.70478,1.70709,1.70447,1.70596,6699.78
2023-08-14,1.70596,1.70939,1.70029,1.7072,118265.93
2023-08-15,1.70721,1.71849,1.70528,1.71315,152055.87
2023-08-16,1.71319,1.7245,1.71286,1.72277,130019.53
2023-08-17,1.72272,1.7268,1.718,1.72649,134818.72
2023-08-18,1.72649,1.72798,1.72066,1.72541,120203.74
2023-08-20,1.72312,1.72568,1.72312,1.7252,5316.02
2023-08-21,1.72521,1.72943,1.71996,1.72831,104024.25
2023-08-22,1.7283,1.73131,1.72255,1.72489,101001.19
2023-08-23,1.72489,1.72866,1.71203,1.72004,122725.56
2023-08-24,1.71996,1.72046,1.70981,1.71073,118230.5
2023-08-25,1.71073,1.71818,1.70751,1.71105,128637.12
2023-08-27,1.70879,1.71129,1.70879,1.71129,4958.02
2023-08-28,1.71128,1.71531,1.70769,1.71504,85404.84
2023-08-29,1.71501,1.71853,1.71099,1.71312,120047.02
2023-08-30,1.71319,1.72463,1.7126,1.72019,123005.03
2023-08-31,1.72019,1.72245,1.71034,1.71177,136052.14
2023-09-01,1.71179,1.72032,1.70886,1.71046,127415.97
2023-09-03,1.71001,1.71193,1.70976,1.71154,3363.53
2023-09-04,1.71154,1.71876,1.71125,1.71643,60284.09
2023-09-05,1.71642,1.71913,1.70969,1.71428,121698.7
2023-09-06,1.71434,1.71744,1.702,1.70448,113646.13
2023-09-07,1.70448,1.70907,1.69845,1.70681,106731.24
2023-09-08,1.70687,1.70885,1.69817,1.70006,107153.52
2023-09-10,1.70271,1.70271,1.69877,1.70182,8001.92
2023-09-11,1.70187,1.70503,1.69673,1.69838,98859.23
2023-09-12,1.69838,1.70191,1.68832,1.69274,101569.84
2023-09-13,1.69275,1.69468,1.6875,1.69247,128206.51
2023-09-14,1.69247,1.69254,1.67332,1.6759,154275.29
2023-09-15,1.67593,1.681,1.67306,1.67425,124742.45
2023-09-17,1.67474,1.67635,1.67349,1.67628,3000.43
2023-09-18,1.67625,1.67643,1.66852,1.66995,102405.56
2023-09-19,1.66991,1.67006,1.65884,1.66577,111063.17
2023-09-20,1.66577,1.66767,1.65924,1.6611,161725.17
2023-09-21,1.66107,1.6634,1.65202,1.65664,158356.34
2023-09-22,1.65658,1.65663,1.6458,1.64917,119344.22
2023-09-24,1.64912,1.65023,1.64849,1.6496,10167.01
2023-09-25,1.64954,1.65104,1.64167,1.64253,102729.57
2023-09-26,1.64254,1.64613,1.64113,1.64195,123246.17
2023-09-27,1.64192,1.6451,1.63617,1.6381,136430.14
2023-09-28,1.6382,1.64766,1.63569,1.64636,161685.96
2023-09-29,1.64635,1.65737,1.64372,1.65616,160213.95
2023-10-01,1.65513,1.65549,1.65325,1.65484,6313.3
2023-10-02,1.65484,1.65904,1.65027,1.65333,139892.78
2023-10-03,1.65334,1.65874,1.65277,1.65565,191869.57
2023-10-04,1.65565,1.67183,1.65154,1.66795,179625.72
2023-10-05,1.66793,1.67274,1.6657,1.6704,167771.91
2023-10-06,1.67036,1.67607,1.66058,1.67144,180649.74
2023-10-08,1.66767,1.66988,1.66666,1.66932,10216.98
2023-10-09,1.66935,1.66962,1.66079,1.66334,131868.3
2023-10-10,1.66337,1.66963,1.66023,1.66922,174509.68
2023-10-11,1.66922,1.67574,1.66802,1.67418,164107.94
2023-10-12,1.67418,1.67489,1.66514,1.66699,153400.52
2023-10-13,1.66699,1.67074,1.65607,1.65749,151655.93
2023-10-15,1.65735,1.65914,1.65485,1.65816,6063.64
2023-10-16,1.65816,1.66315,1.65561,1.66248,127863.0
2023-10-17,1.66248,1.66386,1.65722,1.66252,127017.65
2023-10-18,1.66246,1.66733,1.65985,1.66479,136288.61
2023-10-19,1.66478,1.66853,1.66062,1.6643,170539.15
2023-10-20,1.66436,1.66821,1.65902,1.668,137490.54
2023-10-22,1.66465,1.66776,1.66395,1.66687,3931.17
2023-10-23,1.66689,1.67715,1.66548,1.67663,129424.84
2023-10-24,1.67663,1.67927,1.66866,1.67118,126163.24
2023-10-25,1.67119,1.67548,1.66685,1.67027,123564.27
2023-10-26,1.67025,1.6777,1.66573,1.67663,141943.14
2023-10-27,1.67663,1.68535,1.6721,1.68085,129839.89
2023-10-29,1.67976,1.68119,1.6785,1.67916,5319.36
2023-10-30,1.67916,1.68336,1.67531,1.68209,111412.58
2023-10-31,1.68206,1.68673,1.67929,1.68613,129162.85
2023-11-01,1.68615,1.68735,1.67863,1.68507,166932.01
2023-11-02,1.6851,1.68843,1.67528,1.67556,135713.89
2023-11-03,1.67558,1.69435,1.67423,1.69069,141105.92
2023-11-05,1.68894,1.69065,1.68887,1.69,2974.31
2023-11-06,1.69,1.69569,1.68843,1.69065,106353.15
2023-11-07,1.69063,1.69361,1.68877,1.69211,109204.12
2023-11-08,1.69215,1.69766,1.68749,1.69394,114787.31
2023-11-09,1.69394,1.69693,1.68561,1.68681,150070.49
2023-11-10,1.68676,1.68978,1.68575,1.6869,103955.54
2023-11-12,1.68356,1.68748,1.68264,1.68721,3775.86
2023-11-13,1.68721,1.6954,1.68719,1.69457,100646.84
2023-11-14,1.69463,1.71306,1.69356,1.71137,140206.25
2023-11-15,1.71137,1.71146,1.69624,1.69947,133824.62
2023-11-16,1.69949,1.71193,1.69547,1.70709,129874.22
2023-11-17,1.70708,1.70957,1.70148,1.70817,129177.22
2023-11-19,1.70625,1.70906,1.70625,1.70853,4048.74
2023-11-20,1.70854,1.71712,1.70808,1.7168,118313.31
2023-11-21,1.7168,1.72209,1.71485,1.71836,122888.51
2023-11-22,1.71837,1.72101,1.7082,1.70985,131453.98
2023-11-23,1.7099,1.71942,1.70824,1.71627,76343.47
2023-11-24,1.71627,1.72078,1.71371,1.71663,100563.95
2023-11-26,1.71663,1.71854,1.71659,1.71727,2636.08
2023-11-27,1.71736,1.72341,1.71698,1.71893,108630.99
2023-11-28,1.71894,1.72591,1.7132,1.72445,119606.94
2023-11-29,1.72441,1.72504,1.7243,1.72433,951.83
2023-11-30,1.7253,1.72617,1.70959,1.71224,171295.43
2023-12-01,1.71225,1.71757,1.7038,1.71515,138896.56
2023-12-03,1.71408,1.71539,1.71159,1.71444,5865.11
2023-12-04,1.71444,1.71784,1.70568,1.71036,131796.05
2023-12-05,1.71031,1.71677,1.70775,1.71154,140589.05
2023-12-06,1.71158,1.71238,1.70507,1.70664,121139.41
2023-12-07,1.70665,1.71364,1.70638,1.71133,134717.15
2023-12-08,1.71135,1.71186,1.70026,1.70438,145989.74
2023-12-10,1.70066,1.70502,1.70066,1.70488,3525.76
2023-12-11,1.70483,1.71118,1.70195,1.70435,100228.68
2023-12-12,1.70437,1.7101,1.70163,1.70738,126027.12
2023-12-13,1.70736,1.70758,1.69692,1.70491,145170.98
2023-12-14,1.70485,1.71452,1.6986,1.71172,193121.35
2023-12-15,1.7117,1.71182,1.69425,1.69582,145093.38
2023-12-17,1.69369,1.6955,1.69199,1.69549,3232.95
2023-12-18,1.69545,1.69917,1.68975,1.69501,108672.72
2023-12-19,1.69502,1.70514,1.69414,1.69785,113989.46
2023-12-20,1.69786,1.69863,1.68536,1.68837,107423.64
2023-12-21,1.68837,1.6921,1.68159,1.68461,139724.76
2023-12-22,1.68466,1.6917,1.68296,1.68426,127266.96
2023-12-25,1.68138,1.68461,1.67983,1.68329,4338.53
2023-12-26,1.68332,1.6846,1.67649,1.67925,54098.13
2023-12-27,1.67924,1.69152,1.67594,1.68997,77992.27
2023-12-28,1.68998,1.69262,1.68025,1.68463,95081.08
2023-12-29,1.68461,1.69002,1.67842,1.68674,83820.74
2024-01-01,1.6826,1.68611,1.68256,1.68549,2569.77
2024-01-02,1.68549,1.68907,1.67863,1.68133,123004.63
2024-01-03,1.68136,1.69232,1.68107,1.69139,150366.11
2024-01-04,1.6914,1.69691,1.68872,1.69355,127718.81
2024-01-05,1.69355,1.70139,1.68798,1.69897,153667.1
2024-01-07,1.69602,1.69963,1.696,1.69887,2209.98
2024-01-08,1.69886,1.70667,1.69684,1.70091,105129.29
2024-01-09,1.7009,1.70474,1.69886,1.7017,93314.02
2024-01-10,1.70173,1.70515,1.69892,1.70491,97156.47
2024-01-11,1.70491,1.71016,1.70021,1.70945,142448.84
2024-01-12,1.70944,1.70958,1.70163,1.70897,131422.64
2024-01-14,1.70777,1.70905,1.70698,1.70728,5187.33
2024-01-15,1.7073,1.71249,1.70583,1.70826,77074.64
2024-01-16,1.70824,1.7094,1.7015,1.70456,162012.77
2024-01-17,1.70456,1.71652,1.70231,1.71146,152017.47
2024-01-18,1.71146,1.71461,1.70886,1.71398,144940.42
2024-01-19,1.71398,1.71455,1.70524,1.70534,121470.23
2024-01-21,1.70279,1.7068,1.7026,1.70568,4787.15
2024-01-22,1.70566,1.71341,1.70409,1.71235,100746.09
2024-01-23,1.71232,1.71616,1.70448,1.70762,105853.67
2024-01-24,1.70763,1.72076,1.70762,1.71992,133077.66
2024-01-25,1.71993,1.7219,1.70957,1.71266,131493.98
2024-01-26,1.71257,1.71363,1.70724,1.70849,95616.13
2024-01-28,1.70768,1.70832,1.70661,1.70823,4293.08
2024-01-29,1.70823,1.70914,1.70333,1.70472,89698.65
2024-01-30,1.70467,1.70501,1.69806,1.70104,104687.09
2024-01-31,1.70105,1.70569,1.69916,1.70291,197774.83
2024-02-01,1.70294,1.7068,1.69751,1.70582,161785.7
2024-02-02,1.70582,1.70775,1.69852,1.70071,137261.84
2024-02-04,1.69926,1.70122,1.69774,1.69999,6588.71
2024-02-05,1.69996,1.7014,1.69424,1.69735,114896.85
2024-02-06,1.69732,1.70164,1.69532,1.69999,120120.04
2024-02-07,1.70002,1.70316,1.69795,1.69963,114957.81
2024-02-08,1.69965,1.70088,1.69525,1.69857,116507.14
2024-02-09,1.69855,1.70227,1.6914,1.69959,103679.63
2024-02-11,1.69853,1.70064,1.69749,1.70047,3808.77
2024-02-12,1.70045,1.70197,1.69571,1.69887,85980.23
2024-02-13,1.69887,1.71111,1.69659,1.70781,151652.44
2024-02-14,1.70786,1.70915,1.69722,1.70125,139210.3
2024-02-15,1.70124,1.70237,1.69394,1.69632,127650.3
2024-02-16,1.69637,1.70089,1.69423,1.69921,117658.0
2024-02-18,1.69821,1.69965,1.69707,1.69948,2554.03
2024-02-19,1.69947,1.7014,1.69702,1.69908,68373.87
2024-02-20,1.69905,1.71295,1.69744,1.70719,128885.09
2024-02-21,1.70719,1.70825,1.70353,1.70529,118846.37
2024-02-22,1.70531,1.70861,1.70169,1.70703,124897.53
2024-02-23,1.70702,1.71272,1.70646,1.71121,93420.85
2024-02-25,1.71041,1.71184,1.70936,1.71175,2755.0
2024-02-26,1.71177,1.7164,1.71056,1.71237,85906.72
2024-02-27,1.71237,1.71711,1.70941,1.71566,93949.83
2024-02-28,1.71573,1.71986,1.71386,1.71899,99878.27
2024-02-29,1.71899,1.72182,1.71085,1.71318,113342.02
2024-03-01,1.71316,1.71738,1.71247,1.71553,103645.48
2024-03-03,1.71322,1.71599,1.71315,1.71552,4670.58
2024-03-04,1.71554,1.72365,1.71521,1.72251,83446.96
2024-03-05,1.7225,1.72779,1.72183,1.72635,100943.46
2024-03-06,1.72642,1.72928,1.71904,1.72079,108193.2
2024-03-07,1.72078,1.72458,1.71927,1.72371,109369.62
2024-03-08,1.72369,1.7343,1.72059,1.73367,127419.13
2024-03-10,1.73186,1.73386,1.73186,1.73295,4270.78
2024-03-11,1.73293,1.73366,1.72501,1.72742,102953.31
2024-03-12,1.72742,1.72795,1.72178,1.72633,137254.38
2024-03-13,1.7263,1.72735,1.72109,1.72353,96222.81
2024-03-14,1.72357,1.72624,1.72093,1.7252,122745.92
2024-03-15,1.72515,1.72644,1.72117,1.72441,101668.3
2024-03-17,1.7217,1.72478,1.72138,1.72444,3574.42
2024-03-18,1.72444,1.72582,1.72132,1.72236,83326.02
2024-03-19,1.7224,1.72896,1.71992,1.72628,104917.11
2024-03-20,1.72627,1.72789,1.72225,1.7241,133034.88
2024-03-21,1.72409,1.72418,1.71114,1.71254,130730.47
2024-03-22,1.71252,1.71488,1.70689,1.71404,106420.44
2024-03-24,1.71293,1.71476,1.71172,1.71466,3860.9
2024-03-25,1.71465,1.71858,1.71261,1.71658,82492.05
2024-03-26,1.71654,1.71874,1.71285,1.71524,87127.27
2024-03-27,1.71489,1.71776,1.71225,1.71393,93149.43
2024-03-28,1.71396,1.71615,1.70691,1.70828,121017.51
2024-03-29,1.70814,1.71252,1.70705,1.70741,44026.62
2024-03-31,1.70945,1.70982,1.70784,1.70873,8095.0
2024-04-01,1.70872,1.7108,1.70214,1.70286,73172.89
2024-04-02,1.70289,1.70752,1.70229,1.70575,93431.36
2024-04-03,1.70579,1.71226,1.70334,1.71079,104126.3
2024-04-04,1.71076,1.71338,1.70729,1.71167,91911.9
2024-04-05,1.71169,1.71821,1.71122,1.71725,117908.07
2024-04-07,1.71496,1.71749,1.71481,1.71727,4461.39
2024-04-08,1.71728,1.71922,1.71426,1.71759,105964.68
2024-04-09,1.71757,1.72393,1.71717,1.72056,90567.19
2024-04-10,1.72054,1.72344,1.71242,1.71593,152527.9
2024-04-11,1.71598,1.71898,1.71428,1.71825,105861.28
2024-04-12,1.71825,1.71925,1.71018,1.71437,123093.26
2024-04-14,1.71376,1.71558,1.71195,1.71425,6583.79
2024-04-15,1.71421,1.71703,1.71222,1.71579,136640.69
2024-04-16,1.71582,1.72387,1.71331,1.71773,168421.16
2024-04-17,1.71772,1.72333,1.71353,1.71484,128486.9
2024-04-18,1.71488,1.7167,1.71123,1.71223,117535.4
2024-04-19,1.71228,1.71442,1.69982,1.70035,173447.97
2024-04-21,1.69973,1.70095,1.69869,1.70013,4267.51
2024-04-22,1.7003,1.70051,1.68863,1.69175,97030.29
2024-04-23,1.69174,1.70239,1.69007,1.70132,118980.17
2024-04-24,1.70133,1.70789,1.69937,1.70728,95969.39
2024-04-25,1.70723,1.71302,1.70638,1.70831,129252.36
2024-04-26,1.70828,1.7104,1.70436,1.70681,111770.74
2024-04-28,1.70391,1.70833,1.7036,1.7082,2852.17
2024-04-29,1.70821,1.71659,1.70814,1.71646,116565.7
2024-04-30,1.71647,1.72252,1.71302,1.72054,120886.42
2024-05-01,1.72057,1.72182,1.71666,1.72043,123348.67
2024-05-02,1.72041,1.72048,1.70994,1.71358,132899.32
2024-05-03,1.71356,1.71985,1.71325,1.71694,139480.34
2024-05-05,1.71564,1.71717,1.7154,1.71692,3231.55
2024-05-06,1.71694,1.72111,1.71464,1.71682,69523.89
2024-05-07,1.71673,1.71991,1.71416,1.71683,86633.14
2024-05-08,1.7168,1.71875,1.71201,1.71491,81317.02
2024-05-09,1.71491,1.71546,1.70836,1.71302,97718.0
2024-05-10,1.71302,1.71562,1.70778,1.71229,79060.27
2024-05-12,1.70958,1.71307,1.7094,1.71264,2188.45
2024-05-13,1.71262,1.71813,1.71199,1.71637,67028.21
2024-05-14,1.71639,1.71959,1.71123,1.71801,90493.02
2024-05-15,1.71806,1.7258,1.71678,1.7252,93434.74
2024-05-16,1.72521,1.72753,1.72251,1.72514,79020.33
2024-05-17,1.72512,1.73026,1.72401,1.72872,61432.54
2024-05-19,1.72633,1.7293,1.72608,1.72897,2406.02
2024-05-20,1.72896,1.73238,1.72765,1.73143,66629.71
2024-05-21,1.73142,1.73704,1.73035,1.73362,62793.85
2024-05-22,1.73363,1.74188,1.73286,1.74133,71319.51
2024-05-23,1.74132,1.74388,1.73773,1.74299,88031.38
2024-05-24,1.74299,1.74515,1.73864,1.74032,72632.01
2024-05-26,1.74,1.74113,1.73923,1.74066,3197.2
2024-05-27,1.74064,1.74221,1.73982,1.74055,46814.05
2024-05-28,1.74056,1.74404,1.73907,1.741,79716.0
2024-05-29,1.74093,1.7442,1.74076,1.74188,87682.93
2024-05-30,1.74153,1.7449,1.73985,1.74165,88352.28
2024-05-31,1.74168,1.74213,1.73227,1.73624,101706.04
2024-06-02,1.73512,1.73666,1.73457,1.73555,4256.99
2024-06-03,1.73558,1.74633,1.73363,1.74575,97135.79
2024-06-04,1.74573,1.7505,1.74475,1.74679,101753.43
2024-06-05,1.7468,1.75335,1.74572,1.75129,85674.83
2024-06-06,1.75128,1.75142,1.74717,1.74845,80351.38
2024-06-07,1.74845,1.75214,1.74496,1.75056,102506.08
2024-06-09,1.74991,1.75214,1.74861,1.75115,5342.21
2024-06-10,1.75118,1.75273,1.74795,1.75101,73504.24
2024-06-11,1.75102,1.75581,1.74932,1.75213,81882.0
2024-06-12,1.75214,1.76046,1.75098,1.75567,120223.01
2024-06-13,1.75566,1.75795,1.75032,1.7528,89686.85
2024-06-14,1.75279,1.75346,1.74135,1.74135,103499.99
2024-06-16,1.74217,1.74217,1.7394,1.74193,4249.23
2024-06-17,1.74192,1.74517,1.74002,1.74341,72619.9
2024-06-18,1.74341,1.74476,1.7401,1.74286,86371.62
2024-06-19,1.74287,1.74678,1.74123,1.74326,44868.47
2024-06-20,1.74331,1.74378,1.73144,1.73237,79953.74
2024-06-21,1.73231,1.7332,1.72926,1.73082,79704.41
2024-06-23,1.73103,1.73156,1.72915,1.73138,4235.49
2024-06-24,1.73137,1.73479,1.73005,1.73201,73479.89
2024-06-25,1.73202,1.7348,1.72487,1.73274,66421.39
2024-06-26,1.73268,1.73327,1.72669,1.72944,84457.46
2024-06-27,1.72946,1.73355,1.72819,1.73212,76310.94
2024-06-28,1.73213,1.73455,1.72748,1.7294,94864.48
2024-06-30,1.72808,1.72975,1.72709,1.72946,5732.3
2024-07-01,1.72946,1.73906,1.72944,1.73707,81472.3
2024-07-02,1.73709,1.73888,1.73205,1.73525,74808.14
2024-07-03,1.73522,1.74039,1.7346,1.73773,68092.47
2024-07-04,1.73773,1.73864,1.73511,1.73651,36788.26
2024-07-05,1.73649,1.74811,1.73626,1.74797,76277.65
2024-07-07,1.74389,1.74801,1.74347,1.74672,5354.83
2024-07-08,1.74669,1.75172,1.74482,1.74657,64224.3
2024-07-09,1.74658,1.74903,1.74145,1.74321,67582.16
2024-07-10,1.74319,1.75035,1.7429,1.75033,56377.68
2024-07-11,1.75035,1.76137,1.75025,1.76068,97871.73
2024-07-12,1.76067,1.77083,1.75784,1.77077,84878.12
2024-07-14,1.7681,1.77028,1.7655,1.76952,4830.21
2024-07-15,1.76952,1.77456,1.769,1.77373,81559.03
2024-07-16,1.77367,1.77562,1.77034,1.77395,85076.08
2024-07-17,1.77397,1.78256,1.77308,1.77922,99025.57
2024-07-18,1.77921,1.7798,1.77168,1.7744,87939.85
2024-07-19,1.77443,1.77661,1.76956,1.77203,84088.41
2024-07-21,1.77077,1.77324,1.77028,1.77266,5694.32
2024-07-22,1.77271,1.77949,1.77227,1.77935,77814.15
2024-07-23,1.77936,1.7797,1.77379,1.7784,70306.53
2024-07-24,1.77839,1.78511,1.77603,1.78118,98889.45
2024-07-25,1.7812,1.78441,1.77506,1.77636,128522.3
2024-07-26,1.77641,1.78142,1.77595,1.77963,73184.58
2024-07-28,1.77799,1.7798,1.77799,1.7794,3299.67
2024-07-29,1.77941,1.78219,1.77244,1.78174,81045.48
2024-07-30,1.7817,1.7817,1.77528,1.77761,81036.36
2024-07-31,1.7776,1.779,1.76997,1.77448,119596.43
2024-08-01,1.77448,1.77578,1.76248,1.76668,127050.55
2024-08-02,1.7667,1.77726,1.76206,1.77593,164211.06
2024-08-04,1.77473,1.77582,1.77379,1.77518,8118.02
2024-08-05,1.77514,1.77734,1.76309,1.76514,301068.35
2024-08-06,1.76513,1.7662,1.74662,1.74872,197906.79
2024-08-07,1.74867,1.75152,1.74342,1.74387,151542.94
2024-08-08,1.74389,1.75126,1.74071,1.7506,135511.66
2024-08-09,1.75061,1.75393,1.74876,1.75147,83566.37
2024-08-11,1.75105,1.75221,1.74991,1.75088,3047.46
2024-08-12,1.75094,1.7569,1.74978,1.75481,83081.65
2024-08-13,1.7548,1.76501,1.75434,1.76369,85058.54
2024-08-14,1.76368,1.76415,1.75692,1.75893,89054.2
2024-08-15,1.75895,1.76596,1.75785,1.76593,75800.29
2024-08-16,1.76597,1.7733,1.76562,1.76999,56637.18
2024-08-18,1.76944,1.77093,1.76847,1.7708,2332.86
2024-08-19,1.77079,1.77388,1.76901,1.77054,71267.24
2024-08-20,1.77043,1.77859,1.76874,1.77475,78005.7
2024-08-21,1.77471,1.78159,1.77103,1.77806,94226.0
2024-08-22,1.77806,1.78438,1.77655,1.78137,87159.36
2024-08-23,1.78138,1.7868,1.77978,1.78521,92654.95
2024-08-25,1.78225,1.78508,1.78199,1.78485,4737.69
2024-08-26,1.78483,1.78519,1.77603,1.77836,81810.2
2024-08-27,1.77837,1.78366,1.77741,1.78238,91380.62
2024-08-28,1.78238,1.78287,1.77502,1.77773,105161.17
2024-08-29,1.77774,1.77952,1.771,1.77574,116651.88
2024-08-30,1.77574,1.7781,1.76827,1.77033,106643.39
2024-09-01,1.7702,1.77135,1.76849,1.77123,2703.78
2024-09-02,1.77127,1.7752,1.77061,1.77353,45483.48
2024-09-03,1.77351,1.77988,1.77231,1.77584,113591.41
2024-09-04,1.77583,1.7796,1.77383,1.77528,106643.39
2024-09-05,1.77533,1.78121,1.77501,1.77847,107810.48
2024-09-06,1.77847,1.78421,1.77206,1.78176,164847.83
2024-09-08,1.77804,1.78198,1.77804,1.78086,2965.83
2024-09-09,1.78082,1.78194,1.77118,1.77274,103889.42
2024-09-10,1.77274,1.78068,1.77191,1.78005,100532.29
2024-09-11,1.78008,1.7825,1.7681,1.77011,138436.09
2024-09-12,1.77012,1.78273,1.76926,1.7826,138093.56
2024-09-13,1.78256,1.78616,1.782,1.78232,105391.8
2024-09-15,1.78351,1.78401,1.78227,1.78346,3113.64
2024-09-16,1.78345,1.79621,1.78345,1.79472,102200.85
2024-09-17,1.79472,1.79854,1.78656,1.78976,107916.02
2024-09-18,1.78981,1.80146,1.78748,1.79652,176974.84
2024-09-19,1.7965,1.80267,1.79466,1.80117,166030.51
2024-09-20,1.80118,1.80887,1.80023,1.80696,131204.15
2024-09-22,1.80371,1.80706,1.8036,1.80577,4077.81
2024-09-23,1.80578,1.80795,1.7986,1.80598,132009.43
2024-09-24,1.80596,1.80778,1.80009,1.80175,131672.01
2024-09-25,1.80178,1.80237,1.79381,1.79489,126657.36
2024-09-26,1.79483,1.80869,1.79466,1.8072,177910.03
2024-09-27,1.80718,1.80995,1.80247,1.80677,160906.47
2024-09-29,1.8047,1.80803,1.80451,1.80784,6277.63
2024-09-30,1.80786,1.81449,1.80568,1.80927,154615.71
2024-10-01,1.80928,1.81022,1.78873,1.7911,185826.67
2024-10-02,1.79114,1.79382,1.78584,1.7912,125830.96
2024-10-03,1.79118,1.79164,1.77184,1.77859,178819.2
2024-10-04,1.77858,1.78593,1.77576,1.78105,151752.72
2024-10-06,1.77805,1.78222,1.77791,1.78212,6525.38
2024-10-07,1.78213,1.78312,1.77455,1.78201,140356.68
2024-10-08,1.78198,1.79042,1.78198,1.78771,145606.72
2024-10-09,1.78771,1.7928,1.78419,1.79105,110497.9
2024-10-10,1.79159,1.79864,1.7889,1.79528,134530.05
2024-10-11,1.79526,1.80132,1.79377,1.79775,90334.5
2024-10-13,1.79626,1.79886,1.79574,1.79828,3976.62
2024-10-14,1.79828,1.80353,1.79739,1.80347,127053.49
2024-10-15,1.80345,1.81041,1.79942,1.80029,116536.39
2024-10-16,1.80028,1.80168,1.78456,1.78682,110192.69
2024-10-17,1.78683,1.79564,1.78596,1.79541,174545.29
2024-10-18,1.79542,1.80261,1.79501,1.80115,116142.65
2024-10-20,1.79943,1.80198,1.79884,1.80107,2564.94
2024-10-21,1.80108,1.802,1.7937,1.7959,106868.66
2024-10-22,1.79588,1.79954,1.78932,1.79352,113238.31
2024-10-23,1.79348,1.79565,1.78613,1.78687,127689.19
2024-10-24,1.7869,1.79779,1.78604,1.79692,168696.07
2024-10-25,1.79695,1.80182,1.79453,1.80003,102175.28
2024-10-27,1.79906,1.80141,1.79884,1.80041,3988.45
2024-10-28,1.8004,1.80659,1.7985,1.80174,91520.96
2024-10-29,1.80176,1.81118,1.80054,1.81043,127361.11
2024-10-30,1.8104,1.81498,1.79906,1.80202,190756.8
2024-10-31,1.80199,1.80904,1.78786,1.79711,184712.63
2024-11-01,1.7971,1.8066,1.79514,1.80234,116438.95
2024-11-03,1.8046,1.80554,1.80226,1.80299,4731.84
2024-11-04,1.803,1.80663,1.7978,1.80031,130089.04
2024-11-05,1.80061,1.80488,1.79903,1.80415,88579.85
2024-11-06,1.80415,1.80418,1.78698,1.79657,314737.84
2024-11-07,1.79656,1.80264,1.79094,1.80039,304466.27
2024-11-08,1.80041,1.8022,1.79381,1.79654,113455.06
2024-11-10,1.79356,1.79648,1.79356,1.79642,4228.41
2024-11-11,1.79644,1.79806,1.78994,1.79187,170553.42
2024-11-12,1.79187,1.792,1.77454,1.77598,202049.72
2024-11-13,1.77598,1.78029,1.77548,1.77771,137188.48
2024-11-14,1.7777,1.78268,1.76989,1.78101,182997.6
2024-11-15,1.78101,1.78339,1.7757,1.77756,173085.26
2024-11-17,1.77699,1.77763,1.77502,1.77744,4783.41
2024-11-18,1.77742,1.78072,1.77372,1.77766,100805.72
2024-11-19,1.77766,1.77786,1.76775,1.77134,134625.28
2024-11-20,1.77133,1.77424,1.76605,1.76753,99805.78
2024-11-21,1.76753,1.76811,1.75614,1.75971,112569.47
2024-11-22,1.7597,1.7599,1.74781,1.75162,139983.61
2024-11-24,1.75613,1.75613,1.75259,1.75448,7582.95
2024-11-25,1.75441,1.76921,1.75323,1.76657,174079.94
2024-11-26,1.76657,1.77714,1.76291,1.76678,169757.63
2024-11-27,1.76685,1.78049,1.76624,1.77782,130463.18
2024-11-28,1.77786,1.77822,1.77155,1.77822,75224.17
2024-11-29,1.7782,1.78504,1.77588,1.7815,157563.09
2024-12-01,1.78038,1.78219,1.77924,1.77979,8128.48
2024-12-02,1.77979,1.78421,1.77551,1.7779,145469.64
2024-12-03,1.77791,1.78426,1.77471,1.78244,117784.2
2024-12-04,1.78248,1.7897,1.77793,1.78704,152506.69
2024-12-05,1.78705,1.79188,1.78611,1.78874,103946.16
2024-12-06,1.78873,1.80409,1.78813,1.80357,133669.03
2024-12-08,1.8014,1.80565,1.80064,1.80345,4705.69
2024-12-09,1.80349,1.80747,1.80019,1.8069,93898.82
2024-12-10,1.80691,1.81136,1.80411,1.81131,96726.36
2024-12-11,1.8113,1.81138,1.80043,1.8046,124056.6
2024-12-12,1.80551,1.80731,1.79861,1.80192,172697.71
2024-12-13,1.80193,1.80329,1.79451,1.79577,105307.46
2024-12-15,1.79329,1.79617,1.79329,1.79607,4122.45
2024-12-16,1.79607,1.80756,1.79549,1.8062,116272.65
2024-12-17,1.80619,1.82131,1.80607,1.81867,89692.24
2024-12-18,1.81869,1.82232,1.81315,1.81715,143309.35
2024-12-19,1.81711,1.82319,1.79771,1.79971,150212.23
2024-12-20,1.79971,1.80979,1.79642,1.80602,123716.34
2024-12-22,1.80406,1.80551,1.80313,1.80482,3872.91
2024-12-23,1.80481,1.80874,1.79863,1.80112,101336.0
2024-12-24,1.80114,1.81045,1.79661,1.79789,72523.86
2024-12-25,1.79786,1.80177,1.79754,1.80002,1429.68
2024-12-26,1.8,1.8058,1.79979,1.80501,56150.13
2024-12-27,1.80503,1.81486,1.80033,1.81266,74331.93
2024-12-29,1.81113,1.81285,1.80912,1.8112,2685.05
2024-12-30,1.81122,1.81261,1.79706,1.80054,101143.27
2024-12-31,1.80052,1.80573,1.79825,1.79927,91436.67
2025-01-01,1.79806,1.7993,1.79738,1.79925,3454.48
2025-01-02,1.79925,1.80386,1.77979,1.78305,125246.84
2025-01-03,1.78304,1.79639,1.78185,1.79458,87752.44
2025-01-05,1.79347,1.79499,1.79214,1.79376,6028.53
2025-01-06,1.79378,1.79995,1.78669,1.79392,153684.09
2025-01-07,1.79396,1.79899,1.78974,1.79204,240939.85
2025-01-08,1.79201,1.79234,1.77421,1.77646,130641.99
2025-01-09,1.77647,1.7769,1.76244,1.77104,109572.01
2025-01-10,1.77109,1.77523,1.75903,1.75992,163811.7
2025-01-12,1.75831,1.76051,1.75831,1.75902,4224.25
2025-01-13,1.75897,1.76033,1.74562,1.75679,152481.22
2025-01-14,1.75675,1.75844,1.74598,1.75222,159706.03
2025-01-15,1.75218,1.76061,1.74568,1.75339,153986.46
2025-01-16,1.7534,1.76198,1.75136,1.76098,134958.07
2025-01-17,1.76104,1.76269,1.75232,1.76137,118445.5
2025-01-19,1.7598,1.76245,1.7598,1.76158,4918.38
2025-01-20,1.76158,1.76545,1.75675,1.76351,163198.67
2025-01-21,1.76361,1.77962,1.7629,1.76921,214145.08
2025-01-22,1.76921,1.77467,1.7643,1.77233,123997.91
2025-01-23,1.77231,1.7768,1.7693,1.77588,133299.12
2025-01-24,1.77589,1.79148,1.77519,1.79027,142071.95
2025-01-26,1.79005,1.79248,1.79005,1.79202,7320.0
2025-01-27,1.79202,1.799,1.78867,1.79332,197257.43
2025-01-28,1.79332,1.79406,1.7868,1.79157,132321.16
2025-01-29,1.79157,1.79759,1.78911,1.79272,197602.72
2025-01-30,1.79279,1.81241,1.7902,1.8001,143214.91
2025-01-31,1.80013,1.80373,1.79097,1.80009,230432.66
2025-02-02,1.81108,1.81504,1.80737,1.80788,16744.86
2025-02-03,1.80785,1.81586,1.78921,1.79277,334027.6
2025-02-04,1.79278,1.79677,1.78501,1.78852,160467.85
2025-02-05,1.78852,1.79219,1.78514,1.78924,128503.75
2025-02-06,1.78925,1.7919,1.77404,1.77885,118815.33
2025-02-07,1.77893,1.78547,1.77074,1.77165,156395.53
2025-02-09,1.77353,1.7798,1.77353,1.77544,5322.69
2025-02-10,1.77544,1.7812,1.76893,1.77202,89336.31
2025-02-11,1.772,1.77899,1.76746,1.77865,84717.99
2025-02-12,1.77869,1.78154,1.77219,1.77999,126127.65
2025-02-13,1.77998,1.78643,1.77791,1.78313,139836.06
2025-02-14,1.78315,1.78796,1.77945,1.78406,99796.47
2025-02-16,1.78199,1.78523,1.78199,1.78437,4602.33
2025-02-17,1.78439,1.79238,1.78289,1.79004,72595.31
2025-02-18,1.79004,1.79316,1.78618,1.7912,98427.89
2025-02-19,1.79118,1.79194,1.78635,1.79152,108723.86
2025-02-20,1.79152,1.79601,1.78953,1.79563,102393.97
2025-02-21,1.79564,1.79859,1.79222,1.79694,106392.6
2025-02-23,1.79525,1.79826,1.79494,1.79726,4343.67
2025-02-24,1.79726,1.8013,1.79373,1.80127,113169.51
2025-02-25,1.80128,1.81364,1.79911,1.81212,107873.87
2025-02-26,1.81211,1.82288,1.81047,1.81785,109523.71
2025-02-27,1.81783,1.82311,1.8146,1.81957,150591.14
2025-02-28,1.81955,1.82111,1.81264,1.8196,115666.74
2025-03-02,1.81701,1.82022,1.8162,1.82005,6783.36
2025-03-03,1.82004,1.84455,1.81668,1.84074,138982.1
2025-03-04,1.84073,1.85528,1.83284,1.84209,200484.27
2025-03-05,1.84207,1.85558,1.84145,1.84809,197376.54
2025-03-06,1.84805,1.85258,1.83771,1.84119,170042.54
2025-03-07,1.84116,1.86196,1.84082,1.85684,141367.95
2025-03-09,1.85517,1.85948,1.85403,1.85853,9493.62
2025-03-10,1.85854,1.86662,1.85045,1.85729,143670.97
2025-03-11,1.85731,1.87771,1.85711,1.86829,155599.51
2025-03-12,1.86832,1.87167,1.85996,1.86123,119725.71
2025-03-13,1.86121,1.87067,1.85863,1.86913,139258.68
2025-03-14,1.86911,1.86977,1.85639,1.85777,124849.46
2025-03-16,1.85823,1.85862,1.8542,1.85785,4535.43
2025-03-17,1.85786,1.86261,1.85407,1.85632,87900.96
2025-03-18,1.8563,1.86135,1.84792,1.85876,86059.34
2025-03-19,1.8587,1.86319,1.85475,1.863,96799.85
2025-03-20,1.86296,1.86596,1.85488,1.85697,106419.13
2025-03-21,1.857,1.8576,1.85004,1.8531,92318.38
2025-03-23,1.84919,1.85246,1.84882,1.85244,2736.3
2025-03-24,1.85242,1.85783,1.84444,1.84988,86914.1
2025-03-25,1.84988,1.85408,1.84626,1.84749,76592.74
2025-03-26,1.84748,1.84818,1.83451,1.84056,95335.53
2025-03-27,1.84058,1.85783,1.84005,1.85272,99083.14
2025-03-28,1.85275,1.85685,1.84761,1.85241,88099.9
2025-03-30,1.84841,1.85223,1.84741,1.85111,6636.6
2025-03-31,1.85109,1.86104,1.85109,1.85898,113520.08
2025-04-01,1.85901,1.86083,1.84495,1.84674,114557.52
2025-04-02,1.84674,1.86506,1.84511,1.85418,131538.62
2025-04-03,1.85421,1.86499,1.84046,1.84316,241682.25
2025-04-04,1.84314,1.85234,1.83022,1.83365,318094.04
2025-04-06,1.8302,1.8415,1.82639,1.83815,30729.26
2025-04-07,1.8382,1.84116,1.80808,1.81274,309800.5
2025-04-08,1.81276,1.82319,1.8063,1.82265,322661.78
2025-04-09,1.82266,1.82851,1.79777,1.80821,553525.38
2025-04-10,1.80825,1.82138,1.80528,1.8123,408103.7
2025-04-11,1.81226,1.8243,1.81012,1.8132,531376.74
2025-04-13,1.81249,1.81569,1.81103,1.81508,12924.24
2025-04-14,1.81508,1.83276,1.81477,1.83074,237609.58
2025-04-15,1.83089,1.84742,1.82891,1.8461,222362.99
2025-04-16,1.8461,1.84972,1.8327,1.83367,196997.3
2025-04-17,1.83367,1.83964,1.83138,1.83578,160329.75
2025-04-18,1.83576,1.8415,1.83559,1.83902,893617.29
2025-04-20,1.83754,1.84077,1.83594,1.84045,11213.7
2025-04-21,1.84046,1.85215,1.84046,1.85058,134077.29
2025-04-22,1.85065,1.8531,1.83339,1.83773,230017.05
2025-04-23,1.83773,1.84483,1.83501,1.84009,196224.39
2025-04-24,1.84012,1.8501,1.83852,1.84637,154926.81
2025-04-25,1.84637,1.84915,1.84245,1.84375,134271.78
2025-04-27,1.84339,1.84472,1.84202,1.84322,5189.21
2025-04-28,1.84319,1.85944,1.84315,1.8581,123910.18
2025-04-29,1.85812,1.86001,1.85176,1.85405,142303.13
2025-04-30,1.85409,1.85453,1.83521,1.83699,123333.16
2025-05-01,1.837,1.8427,1.83221,1.83959,106500.25
2025-05-02,1.83957,1.84063,1.83075,1.8331,168317.89
2025-05-04,1.82806,1.83444,1.8278,1.83426,4892.97
2025-05-05,1.83424,1.84142,1.83302,1.83693,171731.79
2025-05-06,1.83692,1.84936,1.83526,1.83854,124258.22
2025-05-07,1.83852,1.84491,1.83621,1.83851,128928.9
2025-05-08,1.83853,1.85255,1.8373,1.84315,162406.7
2025-05-09,1.84317,1.85575,1.84088,1.85372,87899.69
2025-05-11,1.84165,1.85128,1.84131,1.85007,5557.2
2025-05-12,1.85009,1.8521,1.83733,1.84123,159357.52
2025-05-13,1.8412,1.85572,1.84112,1.85346,112335.71
2025-05-14,1.85346,1.85974,1.84986,1.85352,126333.44
2025-05-15,1.8535,1.86231,1.85285,1.85652,102124.46
2025-05-16,1.85649,1.85912,1.85233,1.85393,100822.93
2025-05-18,1.85253,1.85625,1.85248,1.85613,6256.86
2025-05-19,1.8562,1.86924,1.85602,1.86445,102295.11
2025-05-20,1.86447,1.86713,1.8568,1.86312,105712.12
2025-05-21,1.86313,1.86926,1.85723,1.85984,158558.95
2025-05-22,1.85985,1.86467,1.85547,1.85956,134767.25
2025-05-23,1.85957,1.86705,1.85521,1.8585,126049.9
2025-05-25,1.85467,1.85939,1.85448,1.85935,8426.43
2025-05-26,1.85934,1.86336,1.85796,1.86315,81131.4
2025-05-27,1.86318,1.8683,1.85901,1.86603,124836.42
2025-05-28,1.86607,1.8679,1.8583,1.85981,124059.96
2025-05-29,1.85979,1.8646,1.85898,1.8636,136311.64
2025-05-30,1.86357,1.86481,1.84703,1.84808,138308.11
2025-06-01,1.84818,1.84887,1.84678,1.84831,4007.07
2025-06-02,1.84836,1.85866,1.84835,1.85853,116320.87
2025-06-03,1.85853,1.85921,1.85204,1.85553,100514.35
2025-06-04,1.85553,1.85687,1.85112,1.85356,107030.7
2025-06-05,1.85355,1.85752,1.85133,1.8557,118405.8
2025-06-06,1.85567,1.8559,1.84971,1.85193,117563.06
2025-06-08,1.85009,1.85382,1.85005,1.85331,2601.51
2025-06-09,1.85332,1.85701,1.85116,1.85688,80963.15
2025-06-10,1.85686,1.85763,1.84313,1.84605,109676.67
2025-06-11,1.84609,1.85412,1.84131,1.85381,106456.82
2025-06-12,1.85382,1.85694,1.84771,1.8527,123797.48
2025-06-13,1.85268,1.85311,1.8412,1.84253,165353.37
2025-06-15,1.84144,1.84206,1.83937,1.84014,9088.07
2025-06-16,1.84013,1.8454,1.83894,1.84133,117142.76
2025-06-17,1.84134,1.84295,1.83061,1.8374,132634.8
2025-06-18,1.83728,1.84349,1.83353,1.83684,152276.0
2025-06-19,1.83686,1.84632,1.83622,1.84544,103948.06
2025-06-20,1.84546,1.85303,1.84514,1.84617,104602.61
2025-06-22,1.84113,1.84673,1.84094,1.84594,7159.08
2025-06-23,1.84591,1.85984,1.84365,1.85951,171954.67
2025-06-24,1.85951,1.87056,1.85822,1.86863,122724.29
2025-06-25,1.86864,1.87715,1.8668,1.87678,96410.24
2025-06-26,1.87673,1.88303,1.8697,1.87209,151519.58
2025-06-27,1.87218,1.88277,1.87095,1.87633,184132.58
2025-06-29,1.87389,1.87884,1.87354,1.87686,6647.94
2025-06-30,1.87688,1.87903,1.86453,1.86804,139044.78
2025-07-01,1.86813,1.8759,1.86808,1.87508,126192.2
2025-07-02,1.87507,1.87614,1.85049,1.85454,137605.21
2025-07-03,1.85452,1.85837,1.84932,1.85493,152700.23
2025-07-04,1.85491,1.8587,1.85267,1.85397,131802.15
2025-07-06,1.85591,1.85762,1.85497,1.8568,2391.81
2025-07-07,1.85678,1.8619,1.8557,1.86147,126642.96
2025-07-08,1.86149,1.86308,1.85077,1.85665,127855.94
2025-07-09,1.85665,1.86365,1.85601,1.86054,107632.95
2025-07-10,1.86052,1.86219,1.85208,1.85424,100228.62
2025-07-11,1.85423,1.86025,1.84315,1.84565,152441.58
2025-07-13,1.84713,1.84821,1.84561,1.84692,4969.23
2025-07-14,1.84694,1.84762,1.83629,1.84027,106507.48
2025-07-15,1.84031,1.8423,1.83327,1.8369,110524.93
2025-07-16,1.83692,1.84581,1.83442,1.83547,143534.54
2025-07-17,1.83549,1.84545,1.83473,1.84479,96897.84
2025-07-18,1.8448,1.8471,1.83969,1.83969,80493.57
2025-07-20,1.83891,1.84151,1.83891,1.84089,4156.95
2025-07-21,1.84085,1.84856,1.83993,1.84464,84944.86
2025-07-22,1.84469,1.84616,1.83789,1.83939,86409.65
2025-07-23,1.8394,1.84789,1.83795,1.84664,110682.21
2025-07-24,1.84659,1.84762,1.84073,1.8424,118690.12
2025-07-25,1.8424,1.84335,1.83669,1.8402,114801.13
2025-07-27,1.83851,1.8418,1.83844,1.84117,4331.85
2025-07-28,1.84116,1.84334,1.83288,1.83468,112219.53
2025-07-29,1.8347,1.84052,1.83139,1.83923,129306.09
2025-07-30,1.8392,1.84494,1.82787,1.83242,143569.15
2025-07-31,1.83241,1.83495,1.82525,1.83026,132147.53
2025-08-01,1.83028,1.83601,1.82239,1.83008,167411.12
2025-08-03,1.82784,1.83145,1.82784,1.83103,4739.67
2025-08-04,1.83104,1.83421,1.82741,1.83074,117308.96
2025-08-05,1.83077,1.83548,1.82821,1.83119,104714.79
2025-08-06,1.8312,1.83689,1.82875,1.8349,88297.91
2025-08-07,1.83492,1.84783,1.83368,1.84704,114061.99
2025-08-08,1.84707,1.85119,1.84428,1.84961,83929.04
2025-08-10,1.84736,1.84953,1.84691,1.84874,1808.91
2025-08-11,1.84875,1.8537,1.84787,1.85028,74539.85
2025-08-12,1.85036,1.861,1.84879,1.85942,113016.39
2025-08-13,1.8594,1.86915,1.85906,1.86794,72897.13
2025-08-14,1.86792,1.87185,1.86651,1.86878,94610.98
2025-08-15,1.86875,1.87358,1.86836,1.87253,65560.33
2025-08-17,1.87117,1.87331,1.87094,1.87259,2167.23
2025-08-18,1.87257,1.87278,1.8617,1.86427,64934.94
2025-08-19,1.86426,1.87113,1.863,1.86971,80703.48
2025-08-20,1.86979,1.87392,1.864,1.86776,80981.99
2025-08-21,1.86777,1.87043,1.86358,1.86504,86011.23
2025-08-22,1.86503,1.87328,1.86287,1.86957,123470.22
2025-08-24,1.86707,1.86939,1.86652,1.86796,4422.24
2025-08-25,1.86795,1.86973,1.862,1.86449,87450.79
2025-08-26,1.86446,1.86759,1.86261,1.86425,126174.4
2025-08-27,1.86426,1.86433,1.85819,1.86056,105116.88
2025-08-28,1.86058,1.86159,1.85508,1.85757,116719.83
2025-08-29,1.85757,1.85763,1.8491,1.85537,124225.71
2025-08-31,1.85291,1.85586,1.85219,1.85506,1847.16
2025-09-01,1.85504,1.86385,1.85481,1.86224,79796.06
2025-09-02,1.86223,1.86245,1.84137,1.84444,159620.61
2025-09-03,1.84448,1.85567,1.84032,1.85354,132847.84
2025-09-04,1.85353,1.85931,1.8524,1.85714,117313.63
2025-09-05,1.85715,1.87226,1.8558,1.8673,142037.65
2025-09-07,1.86639,1.86861,1.86596,1.86655,4957.65
2025-09-08,1.86654,1.87268,1.86542,1.86954,130951.74
2025-09-09,1.86956,1.87564,1.869,1.87192,122275.4
2025-09-10,1.87192,1.87802,1.87156,1.87541,135392.13
2025-09-11,1.87541,1.87935,1.87333,1.87777,145758.22
2025-09-12,1.87776,1.87889,1.8727,1.87634,106314.64
2025-09-14,1.8736,1.87674,1.87307,1.87541,2783.48
2025-09-15,1.87541,1.88247,1.87201,1.87332,74771.35
2025-09-16,1.87334,1.87932,1.87293,1.87559,95162.86
2025-09-17,1.8756,1.88419,1.87468,1.87651,114328.0
2025-09-18,1.87649,1.88062,1.86634,1.86931,112629.85
2025-09-19,1.86934,1.87022,1.85469,1.85534,99983.2
2025-09-21,1.8541,1.85659,1.85369,1.85534,8005.2
2025-09-22,1.85532,1.86917,1.85529,1.86824,83193.66
2025-09-23,1.86823,1.87216,1.86616,1.87141,95369.71
2025-09-24,1.87139,1.87167,1.86339,1.86864,90143.1
2025-09-25,1.86862,1.87123,1.85566,1.85883,100678.87
2025-09-26,1.85881,1.86981,1.85844,1.86777,86104.71
2025-09-28,1.86502,1.86929,1.86502,1.86864,1903.05
2025-09-29,1.86863,1.87466,1.86481,1.86963,81191.37
2025-09-30,1.86959,1.87393,1.86779,1.87159,95841.1
2025-10-01,1.87157,1.88399,1.87078,1.87859,111025.06
2025-10-02,1.87858,1.88231,1.87282,1.87705,83029.32
2025-10-03,1.87705,1.88175,1.8754,1.87993,76684.6
2025-10-05,1.87401,1.87693,1.874,1.87555,9658.01
2025-10-06,1.87558,1.88151,1.8726,1.88021,88647.78
2025-10-07,1.88026,1.88054,1.86909,1.87233,84022.23
2025-10-08,1.87237,1.87423,1.86649,1.86958,91139.01
2025-10-09,1.86957,1.87081,1.86203,1.865,109599.73
2025-10-10,1.86499,1.87068,1.85595,1.86991,136401.76
2025-10-12,1.8664,1.86874,1.86426,1.86662,8860.9
2025-10-13,1.86661,1.87225,1.8649,1.87159,92899.94
2025-10-14,1.87159,1.87492,1.86353,1.87098,128215.89
2025-10-15,1.87099,1.88305,1.87075,1.88225,104994.81
2025-10-16,1.88227,1.88939,1.88075,1.88818,123350.6
2025-10-17,1.8882,1.89143,1.88086,1.88202,120076.77
2025-10-19,1.88106,1.88238,1.88018,1.88145,2987.13
2025-10-20,1.88143,1.88634,1.87891,1.88088,82209.18
2025-10-21,1.88088,1.88303,1.87264,1.87362,107767.91
2025-10-22,1.87362,1.87413,1.86468,1.86735,107972.62
2025-10-23,1.86733,1.8687,1.86172,1.86385,75214.49
2025-10-24,1.86387,1.87253,1.86165,1.86197,102225.8
2025-10-26,1.86459,1.86581,1.86313,1.86406,4828.9
2025-10-27,1.86404,1.86718,1.86021,1.8664,87036.97
2025-10-28,1.8664,1.87039,1.84917,1.85074,103451.13
2025-10-29,1.8507,1.85092,1.83213,1.83916,143513.57
2025-10-30,1.83919,1.84313,1.83688,1.83962,118379.51
2025-10-31,1.83965,1.84274,1.83659,1.84138,101590.06
2025-11-02,1.83877,1.84156,1.83862,1.84056,6069.08
2025-11-03,1.8406,1.84943,1.83995,1.84598,85711.9
2025-11-04,1.84597,1.84745,1.83379,1.83604,100428.31
2025-11-05,1.83597,1.84365,1.83564,1.84022,89280.89
2025-11-06,1.84027,1.85455,1.84025,1.85397,109547.29
2025-11-07,1.85397,1.85449,1.8453,1.84674,104973.3
2025-11-09,1.84735,1.84751,1.84399,1.84546,7916.36
2025-11-10,1.84557,1.84812,1.84318,1.84734,133881.62
2025-11-11,1.84733,1.84823,1.84055,1.8432,96902.27
2025-11-12,1.84322,1.8435,1.83417,1.83881,100182.09
2025-11-13,1.83883,1.85272,1.83532,1.84598,123286.68
2025-11-14,1.84598,1.85202,1.84069,1.84594,130887.52
2025-11-16,1.84317,1.84707,1.84294,1.84442,3804.34
2025-11-17,1.84441,1.85027,1.84288,1.84831,105735.87
2025-11-18,1.84838,1.84971,1.83628,1.83855,127408.38
2025-11-19,1.83856,1.84082,1.83221,1.83379,123931.82
2025-11-20,1.83377,1.8441,1.83266,1.84346,129870.35
2025-11-21,1.84352,1.84836,1.83923,1.84632,152403.23
2025-11-23,1.84491,1.84665,1.84482,1.84576,2673.26
2025-11-24,1.84577,1.84998,1.84496,1.8489,110591.94
2025-11-25,1.8489,1.86201,1.84876,1.85567,125948.49
2025-11-26,1.85574,1.86191,1.84919,1.85899,163631.08
2025-11-27,1.85902,1.86119,1.8544,1.85688,71526.92
2025-11-28,1.85687,1.8582,1.84345,1.8486,495249.54
2025-11-30,1.84616,1.85013,1.84581,1.84936,6372.02
2025-12-01,1.8494,1.85271,1.84686,1.84928,131084.21
2025-12-02,1.84927,1.85122,1.84234,1.84656,100670.6
2025-12-03,1.84654,1.86279,1.84649,1.86208,113036.08
2025-12-04,1.86203,1.86666,1.85744,1.85957,118179.03
2025-12-05,1.85955,1.8629,1.84139,1.84142,104325.21
2025-12-07,1.84127,1.84373,1.84059,1.84352,7738.28
2025-12-08,1.84344,1.84659,1.83779,1.84544,101691.98
2025-12-09,1.84546,1.8497,1.83909,1.84177,108841.17
2025-12-10,1.84178,1.84809,1.84141,1.84587,137800.16
2025-12-11,1.8459,1.84934,1.84247,1.84471,129186.71
2025-12-12,1.84471,1.84525,1.83857,1.8405,117072.13
2025-12-14,1.84026,1.84147,1.83833,1.84031,5937.27
2025-12-15,1.84035,1.84445,1.83827,1.84202,112953.77
2025-12-16,1.84204,1.84987,1.83906,1.84657,173186.43
2025-12-17,1.84657,1.84752,1.8346,1.84307,138517.34
2025-12-18,1.84309,1.85129,1.8379,1.84375,144237.4
2025-12-19,1.84374,1.84691,1.83915,1.84548,108788.16
2025-12-21,1.84466,1.84651,1.84385,1.84474,9930.57
2025-12-22,1.84473,1.85152,1.84457,1.85126,126452.01
2025-12-23,1.85125,1.85456,1.84576,1.84911,109624.64
2025-12-24,1.84914,1.85074,1.84426,1.84426,93660.75
2025-12-25,1.84489,1.84915,1.8445,1.84684,7233.53
2025-12-26,1.84686,1.84844,1.8426,1.844,98415.36
2025-12-28,1.84242,1.84569,1.84232,1.84468,5550.68
2025-12-29,1.8447,1.85027,1.8433,1.84873,123682.82
2025-12-30,1.84875,1.85113,1.84169,1.84391,95993.21
2025-12-31,1.84392,1.8504,1.83842,1.84858,108692.75
2026-01-01,1.84525,1.84889,1.84474,1.84811,4065.52
2026-01-02,1.84812,1.85279,1.84327,1.84733,97140.3
2026-01-04,1.84606,1.84885,1.84563,1.84717,5643.89
2026-01-05,1.84715,1.86503,1.84604,1.86369,140527.14
2026-01-06,1.86372,1.8666,1.85994,1.86495,118826.37
2026-01-07,1.86497,1.86719,1.8599,1.86478,124970.1
2026-01-08,1.8648,1.86721,1.85953,1.86269,117355.54
2026-01-09,1.86267,1.8654,1.85897,1.86391,134061.02
2026-01-11,1.86365,1.86452,1.86271,1.86324,2880.96
2026-01-12,1.86326,1.87111,1.86305,1.86842,128023.84
2026-01-13,1.86842,1.87093,1.86257,1.8643,120202.55
2026-01-14,1.86431,1.86949,1.86226,1.86601,133424.47
2026-01-15,1.86599,1.86931,1.85596,1.85856,116512.89
2026-01-16,1.85854,1.8639,1.85797,1.86072,123286.74
2026-01-18,1.85531,1.86362,1.85485,1.86276,8420.07
2026-01-19,1.86278,1.86301,1.85951,1.86165,114460.78
2026-01-20,1.86167,1.86636,1.85697,1.85909,173366.67
2026-01-21,1.85912,1.86032,1.85123,1.85724,165379.13
2026-01-22,1.85722,1.86241,1.85139,1.86069,146624.56
2026-01-23,1.86068,1.86975,1.85918,1.86891,154949.49
2026-01-25,1.87165,1.87395,1.87028,1.87199,9681.0
2026-01-26,1.87196,1.87807,1.86773,1.87528,172551.02
2026-01-27,1.87528,1.8816,1.87066,1.87935,209961.34
2026-01-28,1.87934,1.88017,1.86452,1.87158,247468.94
2026-01-29,1.87159,1.87209,1.86045,1.86269,267518.9
2026-01-30,1.86267,1.86432,1.85546,1.86273,322802.97
2026-02-01,1.86075,1.86671,1.85997,1.86501,13509.12
2026-02-02,1.86503,1.87098,1.86134,1.86936,303801.32
2026-02-03,1.86927,1.8724,1.8653,1.86812,232000.31
2026-02-04,1.86809,1.87424,1.86284,1.8651,220715.76
2026-02-05,1.86509,1.86547,1.84849,1.85379,256393.48
2026-02-06,1.85381,1.86148,1.85358,1.86019,147341.79
2026-02-08,1.85931,1.86014,1.8569,1.85875,7334.48
2026-02-09,1.85877,1.85997,1.85141,1.85532,196303.99
2026-02-10,1.85528,1.85813,1.84599,1.84757,126411.34
2026-02-11,1.84756,1.85832,1.84658,1.84905,199616.99
2026-02-12,1.84906,1.85742,1.84884,1.85358,174973.03
2026-02-13,1.85356,1.86025,1.85242,1.8587,167690.19
2026-02-15,1.85579,1.85924,1.85537,1.85825,9018.72
2026-02-16,1.85824,1.85943,1.85599,1.85807,65055.41
2026-02-17,1.8581,1.85823,1.84639,1.84966,125411.79
2026-02-18,1.84967,1.85454,1.84656,1.84809,120955.84
2026-02-19,1.84807,1.84899,1.83954,1.8422,135041.24
2026-02-20,1.84222,1.84869,1.8396,1.84308,192841.76
2026-02-22,1.84307,1.84729,1.84161,1.84684,8334.45
2026-02-23,1.84691,1.84952,1.84563,1.848,153569.51
2026-02-24,1.84802,1.85474,1.84587,1.84915,126062.9
2026-02-25,1.84916,1.85601,1.84861,1.85381,133447.39
2026-02-26,1.85384,1.85474,1.84127,1.8449,131538.44
2026-02-27,1.84492,1.84614,1.83301,1.8386,138961.93
2026-03-01,1.82865,1.83367,1.82817,1.83215,16315.13
2026-03-02,1.83211,1.83841,1.82162,1.83299,226828.46
2026-03-03,1.833,1.83392,1.81938,1.82567,303282.13
2026-03-04,1.82572,1.83126,1.82184,1.82367,246907.49
2026-03-05,1.82366,1.82706,1.81812,1.82579,246384.62
2026-03-06,1.8258,1.82624,1.81686,1.81928,270530.58
2026-03-08,1.81334,1.81518,1.8045,1.80941,19490.07
2026-03-09,1.80942,1.82694,1.80191,1.8237,338567.83
2026-03-10,1.82374,1.83052,1.81993,1.82257,251172.88
2026-03-11,1.82258,1.82548,1.81813,1.82003,209181.26
2026-03-12,1.82001,1.82205,1.81559,1.82,221395.29
2026-03-13,1.82002,1.82116,1.81026,1.81401,224331.92
2026-03-15,1.81448,1.81729,1.81379,1.81626,10632.6
2026-03-16,1.81625,1.82421,1.81408,1.82191,175501.9
2026-03-17,1.82193,1.83083,1.81783,1.82831,160950.82
2026-03-18,1.82834,1.8327,1.81853,1.82092,208138.25
2026-03-19,1.82093,1.84677,1.81856,1.84394,284845.78
2026-03-20,1.84396,1.84441,1.8261,1.83013,218001.12
2026-03-22,1.82494,1.82931,1.8233,1.8279,9367.02
2026-03-23,1.82793,1.84607,1.82308,1.84321,359009.26
2026-03-24,1.84326,1.84653,1.8373,1.84545,274857.18
2026-03-25,1.84543,1.8514,1.84137,1.84576,197357.43
2026-03-26,1.84571,1.85007,1.84283,1.84718,166847.79
2026-03-27,1.84716,1.84877,1.83999,1.84177,179739.15
2026-03-29,1.83927,1.84194,1.83911,1.83989,9341.49
2026-03-30,1.83989,1.84538,1.83331,1.83455,181878.85
2026-03-31,1.83454,1.84857,1.83361,1.84083,250173.99
2026-04-01,1.84083,1.85196,1.83827,1.84577,216964.89
2026-04-02,1.84569,1.84714,1.83599,1.84094,204550.05
2026-04-03,1.84096,1.84361,1.83685,1.83781,49399.22
2026-04-05,1.83652,1.83972,1.83652,1.83863,5661.15
2026-04-06,1.83869,1.84536,1.8386,1.84092,123237.29
2026-04-07,1.8409,1.85695,1.84006,1.85489,231149.06
2026-04-08,1.85489,1.86797,1.85242,1.85468,259049.57
2026-04-09,1.85464,1.85897,1.85314,1.85609,164052.55
2026-04-10,1.8561,1.86421,1.85475,1.8623,120968.37
2026-04-12,1.85474,1.85828,1.85464,1.85796,14223.43
2026-04-13,1.85798,1.86325,1.85706,1.86309,150255.69
2026-04-14,1.8631,1.86921,1.86172,1.86856,134769.85
2026-04-15,1.86857,1.86941,1.86014,1.86342,138805.35
2026-04-16,1.86342,1.86399,1.85115,1.85294,133126.81
2026-04-17,1.85292,1.85693,1.84783,1.85025,168064.73
2026-04-19,1.84404,1.8487,1.84404,1.84772,6710.7
2026-04-20,1.8477,1.85188,1.84376,1.84602,146216.0
2026-04-21,1.84608,1.84647,1.84199,1.84488,170225.65
2026-04-22,1.84489,1.84719,1.84298,1.84509,127812.15
2026-04-23,1.84511,1.84846,1.84222,1.84445,178104.45
2026-04-24,1.84449,1.85026,1.84413,1.84913,143158.44
2026-04-26,1.84586,1.84907,1.84565,1.8482,6245.73
2026-04-27,1.84822,1.85071,1.84139,1.84393,120658.2
2026-04-28,1.84393,1.85036,1.84063,1.84994,153612.57
2026-04-29,1.84993,1.85031,1.84125,1.8437,169404.19
2026-04-30,1.84373,1.84982,1.84099,1.84691,232054.63
