date,open,high,low,close,tick_volume
2006-01-02,2.53063,2.53063,2.51506,2.52287,475.0
2006-01-03,2.52305,2.55847,2.51775,2.54773,18721.8
2006-01-04,2.54803,2.56046,2.54462,2.55382,18916.8
2006-01-05,2.55393,2.56464,2.54514,2.55483,18621.4
2006-01-06,2.55514,2.57145,2.52668,2.55775,17452.2
2006-01-07,2.55775,2.55775,2.55775,2.55775,0.0
2006-01-08,2.55775,2.56031,2.55339,2.55872,545.4
2006-01-09,2.55885,2.56159,2.5397,2.54403,18340.4
2006-01-10,2.54397,2.55467,2.53752,2.53878,18206.4
2006-01-11,2.53901,2.54381,2.52193,2.53231,18500.6
2006-01-12,2.53256,2.54174,2.52458,2.53618,18441.2
2006-01-13,2.53635,2.54692,2.53018,2.54093,17437.8
2006-01-14,2.54093,2.54093,2.54093,2.54093,0.0
2006-01-15,2.54093,2.54101,2.53681,2.53798,543.4
2006-01-16,2.53805,2.54419,2.52652,2.53912,17211.2
2006-01-17,2.5393,2.56502,2.53689,2.56271,18350.2
2006-01-18,2.56247,2.57256,2.55614,2.56406,18766.6
2006-01-19,2.56456,2.59913,2.56034,2.57841,18725.0
2006-01-20,2.57819,2.61171,2.57158,2.61004,17805.0
2006-01-21,2.61004,2.61004,2.61004,2.61004,0.0
2006-01-22,2.61004,2.61004,2.609965,2.609965,0.0
2006-01-23,2.609965,2.61997,2.59069,2.6099,16129.0
2006-01-24,2.60955,2.63631,2.60853,2.61112,18818.8
2006-01-25,2.61119,2.61981,2.59342,2.59557,18406.0
2006-01-26,2.59573,2.61285,2.58806,2.60087,18115.0
2006-01-27,2.60107,2.63106,2.58673,2.58841,18372.2
2006-01-28,2.58841,2.58841,2.58841,2.58841,0.0
2006-01-29,2.58841,2.59915,2.58841,2.59544,523.0
2006-01-30,2.59555,2.59953,2.58418,2.59016,17925.2
2006-01-31,2.59031,2.60344,2.5798,2.58283,18207.6
2006-02-01,2.58304,2.59634,2.58031,2.58831,18447.8
2006-02-02,2.58853,2.59382,2.57321,2.57373,17679.6
2006-02-03,2.57421,2.58136,2.55933,2.56597,17341.8
2006-02-04,2.56597,2.56597,2.56597,2.56597,0.0
2006-02-05,2.56597,2.56597,2.55624,2.56211,452.6
2006-02-06,2.56258,2.58172,2.55777,2.56185,18342.2
2006-02-07,2.56214,2.57659,2.55326,2.57347,18026.2
2006-02-08,2.57304,2.5797,2.56039,2.57517,18141.4
2006-02-09,2.57532,2.58408,2.55647,2.56019,18335.6
2006-02-10,2.56047,2.57445,2.55487,2.56732,18095.0
2006-02-11,2.56732,2.56732,2.56732,2.56732,0.0
2006-02-12,2.56732,2.56972,2.56504,2.56757,636.6
2006-02-13,2.56764,2.58229,2.55465,2.58145,17856.2
2006-02-14,2.58158,2.58811,2.5589,2.56307,18310.4
2006-02-15,2.5632,2.58233,2.55724,2.57727,18122.8
2006-02-16,2.57725,2.60041,2.56755,2.58875,18102.8
2006-02-17,2.58882,2.61947,2.58642,2.61145,17791.6
2006-02-18,2.61145,2.61145,2.61145,2.61145,0.0
2006-02-19,2.61145,2.61147,2.60202,2.60279,571.6
2006-02-20,2.603,2.60796,2.59926,2.60229,16196.4
2006-02-21,2.60245,2.64073,2.60099,2.63443,18005.8
2006-02-22,2.63485,2.65551,2.6341,2.64857,18481.2
2006-02-23,2.64878,2.65379,2.64056,2.64727,18035.4
2006-02-24,2.64756,2.65007,2.6279,2.63273,17411.6
2006-02-25,2.63273,2.63273,2.63273,2.63273,0.0
2006-02-26,2.63273,2.65018,2.63273,2.64431,784.4
2006-02-27,2.64438,2.65078,2.62943,2.63353,17482.0
2006-02-28,2.63342,2.64972,2.63021,2.6455,18207.4
2006-03-01,2.64549,2.64865,2.62351,2.63022,18182.8
2006-03-02,2.63034,2.63315,2.6143,2.62813,17918.4
2006-03-03,2.62826,2.6393,2.6219,2.6393,17305.2
2006-03-04,2.6393,2.6393,2.6393,2.6393,0.0
2006-03-05,2.6393,2.63989,2.63253,2.63436,765.4
2006-03-06,2.63465,2.66647,2.63465,2.66399,18436.2
2006-03-07,2.66477,2.68333,2.66196,2.67915,18344.6
2006-03-08,2.67933,2.67992,2.6633,2.66768,17950.2
2006-03-09,2.66796,2.68709,2.66568,2.68486,18050.2
2006-03-10,2.68459,2.7055,2.68423,2.69356,17388.2
2006-03-11,2.69356,2.69356,2.69356,2.69356,0.0
2006-03-12,2.69356,2.69356,2.68004,2.68481,768.4
2006-03-13,2.68499,2.72558,2.68126,2.72216,17107.4
2006-03-14,2.72221,2.74258,2.71021,2.71897,18068.6
2006-03-15,2.71902,2.7206,2.70019,2.70611,17549.0
2006-03-16,2.70622,2.75755,2.70622,2.74163,18198.2
2006-03-17,2.74173,2.78238,2.73869,2.76805,16949.0
2006-03-18,2.76805,2.76805,2.76805,2.76805,0.0
2006-03-19,2.76805,2.78255,2.75843,2.77433,903.0
2006-03-20,2.77395,2.81501,2.77381,2.81283,17756.6
2006-03-21,2.81318,2.81649,2.79243,2.79982,18603.6
2006-03-22,2.80019,2.82413,2.7763,2.77806,18472.8
2006-03-23,2.7782,2.81809,2.7663,2.8121,18047.8
2006-03-24,2.81188,2.84775,2.81027,2.84383,17358.4
2006-03-25,2.84383,2.84383,2.84383,2.84383,0.0
2006-03-26,2.84383,2.86284,2.84383,2.84944,757.4
2006-03-27,2.84944,2.88513,2.84829,2.87525,18019.0
2006-03-28,2.8757,2.89735,2.85118,2.87921,18196.4
2006-03-29,2.88028,2.90684,2.85772,2.85828,18183.4
2006-03-30,2.85822,2.87191,2.84061,2.84669,18551.6
2006-03-31,2.84694,2.85465,2.81425,2.81699,17732.6
2006-04-01,2.81699,2.81699,2.81699,2.81699,0.0
2006-04-02,2.81699,2.82434,2.81699,2.81983,843.0
2006-04-03,2.81987,2.87908,2.80623,2.86427,18508.6
2006-04-04,2.86425,2.89981,2.8636,2.87141,18416.2
2006-04-05,2.87155,2.88161,2.84307,2.85042,18414.6
2006-04-06,2.85099,2.86944,2.83575,2.86042,18017.0
2006-04-07,2.86079,2.86504,2.83018,2.85908,17432.4
2006-04-08,2.85908,2.85908,2.85908,2.85908,0.0
2006-04-09,2.85908,2.87026,2.85735,2.86773,807.4
2006-04-10,2.86753,2.8736,2.84985,2.86322,17641.0
2006-04-11,2.86324,2.87291,2.84579,2.85472,17103.0
2006-04-12,2.85499,2.85563,2.80067,2.80498,17956.4
2006-04-13,2.80429,2.84806,2.79666,2.83036,17354.8
2006-04-14,2.82989,2.84187,2.82607,2.83328,8619.0
2006-04-15,2.83328,2.83328,2.83328,2.83328,0.0
2006-04-16,2.83328,2.83995,2.82508,2.83778,533.6
2006-04-17,2.83813,2.84905,2.82131,2.82934,17156.4
2006-04-18,2.82947,2.83533,2.81945,2.82439,18177.8
2006-04-19,2.8243,2.82952,2.80462,2.82534,18260.6
2006-04-20,2.82544,2.84374,2.81458,2.84118,18020.8
2006-04-21,2.84128,2.84159,2.80308,2.81276,16897.6
2006-04-22,2.81276,2.81276,2.81276,2.81276,0.0
2006-04-23,2.81276,2.82017,2.80821,2.81333,495.8
2006-04-24,2.81333,2.85278,2.80769,2.83836,17349.4
2006-04-25,2.83847,2.86529,2.83384,2.8552,17401.8
2006-04-26,2.85517,2.85563,2.81913,2.82702,18643.2
2006-04-27,2.8273,2.84948,2.82125,2.84286,17911.6
2006-04-28,2.84254,2.86765,2.83722,2.86207,15361.2
2006-04-29,2.86207,2.86207,2.86207,2.86207,0.0
2006-04-30,2.86207,2.86736,2.85511,2.86196,465.4
2006-05-01,2.86214,2.87684,2.85177,2.87369,17362.4
2006-05-02,2.87322,2.88063,2.86056,2.86974,18489.2
2006-05-03,2.86995,2.88096,2.85219,2.87168,18306.6
2006-05-04,2.87159,2.89742,2.86945,2.89209,18252.2
2006-05-05,2.89184,2.90061,2.848,2.89629,16896.2
2006-05-06,2.89629,2.89629,2.89629,2.89629,0.0
2006-05-07,2.89629,2.90307,2.8915,2.89895,889.8
2006-05-08,2.89889,2.9439,2.89235,2.93137,17748.4
2006-05-09,2.93159,2.97068,2.92864,2.95375,18192.0
2006-05-10,2.95402,2.99155,2.95262,2.98209,18991.6
2006-05-11,2.98273,2.99158,2.95152,2.98236,18779.0
2006-05-12,2.98246,3.03162,2.97386,3.01363,17729.6
2006-05-13,3.01363,3.01363,3.01363,3.01363,0.0
2006-05-14,3.01363,3.03054,3.00934,3.02699,1005.8
2006-05-15,3.02701,3.05804,3.01607,3.02757,18885.6
2006-05-16,3.02765,3.03452,3.00483,3.00721,18009.2
2006-05-17,3.00731,3.04108,3.0036,3.02416,19024.0
2006-05-18,3.02412,3.0461,3.01101,3.04051,18402.4
2006-05-19,3.04082,3.04389,3.01301,3.02645,17859.2
2006-05-20,3.02645,3.02645,3.02645,3.02645,0.0
2006-05-21,3.02645,3.03012,3.01937,3.02897,746.2
2006-05-22,3.02951,3.05188,3.02164,3.02831,18737.4
2006-05-23,3.02858,3.03685,2.97938,3.0101,18874.8
2006-05-24,3.00972,3.01486,2.9406,2.94643,18253.2
2006-05-25,2.94687,2.9519,2.91262,2.92838,18396.8
2006-05-26,2.92869,2.94426,2.91474,2.93273,17465.8
2006-05-27,2.93273,2.93273,2.93273,2.93273,0.0
2006-05-28,2.93273,2.93273,2.91963,2.92703,639.8
2006-05-29,2.9275,2.93657,2.92263,2.92603,13116.6
2006-05-30,2.92612,2.95,2.9231,2.94323,18451.4
2006-05-31,2.94317,2.95293,2.92444,2.95234,18609.8
2006-06-01,2.95284,2.97935,2.91781,2.96928,18302.2
2006-06-02,2.96856,2.99076,2.96638,2.98401,17124.6
2006-06-03,2.98401,2.98401,2.98401,2.98401,0.0
2006-06-04,2.98401,2.98665,2.97894,2.97985,700.6
2006-06-05,2.98027,2.98746,2.93663,2.96039,17402.2
2006-06-06,2.96064,2.97744,2.93149,2.96483,18497.8
2006-06-07,2.96486,2.97996,2.94174,2.94731,18283.8
2006-06-08,2.94761,2.96084,2.9298,2.94201,18848.0
2006-06-09,2.9415,2.94665,2.89887,2.90724,16944.8
2006-06-10,2.90724,2.90724,2.90724,2.90724,0.0
2006-06-11,2.90724,2.90828,2.90291,2.90728,775.0
2006-06-12,2.90772,2.94706,2.90453,2.93926,17843.4
2006-06-13,2.93942,2.96767,2.93587,2.95069,18647.2
2006-06-14,2.95136,2.96452,2.93981,2.95674,18840.6
2006-06-15,2.95701,2.98032,2.95492,2.967,17598.8
2006-06-16,2.96707,3.00059,2.96243,2.99408,17052.6
2006-06-17,2.99408,2.99408,2.99408,2.99408,0.0
2006-06-18,2.99408,3.00551,2.99408,2.99649,1020.6
2006-06-19,2.99637,2.99909,2.97497,2.98417,17752.6
2006-06-20,2.98426,2.98553,2.95505,2.96965,16959.8
2006-06-21,2.96971,2.99142,2.96321,2.9863,17993.2
2006-06-22,2.98621,3.00715,2.98287,2.99537,18342.4
2006-06-23,2.99511,3.01279,2.98735,2.9907,17172.8
2006-06-24,2.9907,2.9907,2.9907,2.9907,0.0
2006-06-25,2.9907,2.99369,2.98811,2.99032,800.6
2006-06-26,2.98995,3.01784,2.98719,3.01234,18010.8
2006-06-27,3.01213,3.02902,2.9985,3.02762,17660.4
2006-06-28,3.02774,3.06513,3.02153,3.04813,16150.2
2006-06-29,3.0473,3.05728,3.01505,3.01556,18543.0
2006-06-30,3.01559,3.04203,2.99129,3.03584,17579.0
2006-07-01,3.03584,3.03584,3.03584,3.03584,0.0
2006-07-02,3.03584,3.03749,3.02901,3.02901,567.4
2006-07-03,3.02951,3.04304,3.01781,3.03035,17799.4
2006-07-04,3.03046,3.034,3.01579,3.02912,16763.2
2006-07-05,3.02928,3.03728,3.01429,3.0352,17429.0
2006-07-06,3.03535,3.04331,3.02845,3.03852,17169.6
2006-07-07,3.03893,3.04295,3.01738,3.02713,16600.8
2006-07-08,3.02713,3.02713,3.02713,3.02713,0.0
2006-07-09,3.02713,3.02878,3.0248,3.02539,489.8
2006-07-10,3.0255,3.02889,3.00158,3.01453,17241.2
2006-07-11,3.0148,3.0174,2.98429,2.98665,17687.0
2006-07-12,2.98685,2.99103,2.96162,2.96405,17852.6
2006-07-13,2.96426,2.9834,2.95927,2.97907,17626.6
2006-07-14,2.97931,2.98672,2.95405,2.95983,16743.2
2006-07-15,2.95983,2.95983,2.95983,2.95983,0.0
2006-07-16,2.95983,2.96115,2.95072,2.95557,819.2
2006-07-17,2.95665,2.95741,2.92074,2.92922,17115.4
2006-07-18,2.92917,2.92944,2.90283,2.92225,18244.2
2006-07-19,2.92231,2.9595,2.92172,2.94369,18109.8
2006-07-20,2.94405,2.98022,2.94393,2.96786,17264.8
2006-07-21,2.96771,2.98267,2.96617,2.97623,15916.4
2006-07-22,2.97623,2.97623,2.97623,2.97623,0.0
2006-07-23,2.97623,2.97944,2.97067,2.97898,543.6
2006-07-24,2.97886,2.98817,2.96068,2.96401,17023.4
2006-07-25,2.9643,2.96662,2.93843,2.9455,17918.8
2006-07-26,2.94566,2.98499,2.9368,2.98186,17785.2
2006-07-27,2.98209,3.00738,2.97934,2.99483,18041.4
2006-07-28,2.9956,3.02206,2.9932,3.01632,17210.2
2006-07-29,3.01632,3.01632,3.01632,3.01632,0.0
2006-07-30,3.01632,3.01632,3.00619,3.01433,626.4
2006-07-31,3.01406,3.02938,3.00327,3.01824,17396.4
2006-08-01,3.01803,3.02971,3.01143,3.02561,17798.4
2006-08-02,3.02532,3.0435,3.01147,3.01388,15632.0
2006-08-03,3.01449,3.05291,3.00837,3.04882,18440.6
2006-08-04,3.04907,3.06699,3.0385,3.04704,16900.2
2006-08-05,3.04704,3.04704,3.04704,3.04704,0.0
2006-08-06,3.04704,3.04704,3.03831,3.04394,695.8
2006-08-07,3.04403,3.06661,3.03651,3.04985,17516.6
2006-08-08,3.05003,3.05657,3.02735,3.03952,17493.2
2006-08-09,3.03963,3.04102,3.00397,3.00653,17642.0
2006-08-10,3.00602,3.0127,2.97826,2.98647,18342.4
2006-08-11,2.98633,2.99411,2.97345,2.98357,17106.4
2006-08-12,2.98357,2.98357,2.98357,2.98357,0.0
2006-08-13,2.98357,2.99058,2.96911,2.97793,852.0
2006-08-14,2.97822,3.00321,2.96314,2.99308,17128.8
2006-08-15,2.99279,3.00557,2.97884,2.98159,17547.6
2006-08-16,2.98178,2.98317,2.94748,2.95541,17321.4
2006-08-17,2.95565,2.96211,2.94258,2.94784,17811.4
2006-08-18,2.94786,2.95172,2.93003,2.94083,16799.4
2006-08-19,2.94083,2.94083,2.94083,2.94083,0.0
2006-08-20,2.94083,2.94617,2.93611,2.94561,655.8
2006-08-21,2.94566,2.96219,2.94159,2.95291,17432.0
2006-08-22,2.95181,2.97282,2.94942,2.9599,17483.8
2006-08-23,2.95996,2.97964,2.94937,2.97865,17670.2
2006-08-24,2.97835,2.97861,2.96206,2.97617,17710.0
2006-08-25,2.97621,2.97653,2.95998,2.96363,16824.6
2006-08-26,2.96363,2.96363,2.96363,2.96363,0.0
2006-08-27,2.96363,2.96665,2.96028,2.96491,553.8
2006-08-28,2.96505,2.97584,2.9609,2.96755,15447.6
2006-08-29,2.96767,2.97357,2.94076,2.94509,17949.8
2006-08-30,2.94525,2.94688,2.92326,2.93026,17992.2
2006-08-31,2.931,2.93246,2.89602,2.89833,18277.8
2006-09-01,2.89851,2.91538,2.89639,2.90816,16766.6
2006-09-02,2.90816,2.90816,2.90816,2.90816,0.0
2006-09-03,2.90816,2.91152,2.90774,2.90991,621.2
2006-09-04,2.91015,2.91246,2.90483,2.90822,13801.0
2006-09-05,2.90827,2.90898,2.88689,2.89042,12645.2
2006-09-06,2.89059,2.89328,2.86856,2.87785,16925.6
2006-09-07,2.87798,2.88021,2.85344,2.86243,17243.8
2006-09-08,2.8625,2.86267,2.84356,2.84672,16696.0
2006-09-09,2.84672,2.84672,2.84672,2.84672,0.0
2006-09-10,2.84672,2.85025,2.84359,2.85025,700.2
2006-09-11,2.85003,2.85514,2.83974,2.84941,17131.4
2006-09-12,2.84945,2.86489,2.84775,2.85909,16595.8
2006-09-13,2.85927,2.86654,2.85535,2.86608,16950.0
2006-09-14,2.86603,2.88757,2.86206,2.87836,16560.6
2006-09-15,2.87838,2.8824,2.86058,2.87114,15892.2
2006-09-16,2.87114,2.87114,2.87114,2.87114,0.0
2006-09-17,2.87114,2.87114,2.86265,2.86639,1017.6
2006-09-18,2.86732,2.87573,2.85846,2.87222,16667.2
2006-09-19,2.87234,2.88281,2.86564,2.87147,17397.8
2006-09-20,2.87156,2.88921,2.86976,2.88286,16720.2
2006-09-21,2.88278,2.90508,2.88212,2.90446,17092.8
2006-09-22,2.90448,2.90974,2.89944,2.89982,15058.4
2006-09-23,2.89982,2.89982,2.89982,2.89982,0.0
2006-09-24,2.89982,2.90273,2.89902,2.90169,504.0
2006-09-25,2.9019,2.91176,2.83407,2.83646,15460.4
2006-09-26,2.83663,2.87372,2.82377,2.8731,16750.4
2006-09-27,2.87323,2.87394,2.85797,2.8647,17209.2
2006-09-28,2.865,2.86691,2.83824,2.84252,17427.4
2006-09-29,2.84246,2.84644,2.82251,2.83763,16572.8
2006-09-30,2.83763,2.83763,2.83763,2.83763,0.0
2006-10-01,2.83763,2.84351,2.83538,2.83776,1100.4
2006-10-02,2.83791,2.86139,2.83121,2.85948,16864.6
2006-10-03,2.8596,2.86529,2.85619,2.85931,16537.8
2006-10-04,2.85928,2.86232,2.84765,2.8609,16818.8
2006-10-05,2.86096,2.86126,2.84375,2.84897,15420.4
2006-10-06,2.84898,2.86082,2.83224,2.83506,16566.8
2006-10-07,2.83506,2.83506,2.83506,2.83506,0.0
2006-10-08,2.83506,2.83601,2.83153,2.83601,564.6
2006-10-09,2.83591,2.83767,2.82456,2.83047,15411.6
2006-10-10,2.83027,2.83581,2.80503,2.80718,16672.6
2006-10-11,2.80729,2.8149,2.80372,2.80855,16767.6
2006-10-12,2.80884,2.81839,2.80725,2.81527,13878.2
2006-10-13,2.8154,2.82195,2.807,2.81024,15890.0
2006-10-14,2.81024,2.81024,2.81024,2.81024,0.0
2006-10-15,2.81024,2.81076,2.80728,2.80781,678.4
2006-10-16,2.80798,2.82835,2.80512,2.82622,16590.6
2006-10-17,2.82625,2.84474,2.82389,2.83891,17566.8
2006-10-18,2.83899,2.84481,2.83292,2.83527,16269.4
2006-10-19,2.83532,2.85429,2.83411,2.85007,17093.6
2006-10-20,2.85008,2.86328,2.84717,2.85937,15659.4
2006-10-21,2.85937,2.85937,2.85937,2.85937,0.0
2006-10-22,2.85937,2.85968,2.85568,2.85812,847.6
2006-10-23,2.85819,2.85891,2.83476,2.84281,16537.4
2006-10-24,2.8431,2.84421,2.817,2.83824,14431.8
2006-10-25,2.83814,2.86525,2.82884,2.86041,18694.4
2006-10-26,2.86069,2.88614,2.85719,2.87191,19103.0
2006-10-27,2.87177,2.87806,2.85884,2.86432,17684.4
2006-10-28,2.86432,2.86432,2.86432,2.86432,0.0
2006-10-29,2.86432,2.86705,2.86052,2.86075,722.4
2006-10-30,2.861,2.87177,2.84746,2.85125,19211.8
2006-10-31,2.85137,2.85864,2.83199,2.84031,19420.2
2006-11-01,2.84066,2.84999,2.82546,2.83217,18958.0
2006-11-02,2.83284,2.84592,2.82606,2.82755,19202.4
2006-11-03,2.82808,2.84114,2.82592,2.83545,16970.0
2006-11-04,2.83545,2.83545,2.83545,2.83545,0.0
2006-11-05,2.83545,2.83827,2.83353,2.83641,668.4
2006-11-06,2.83608,2.85235,2.82957,2.83664,18094.4
2006-11-07,2.83684,2.84878,2.83294,2.84286,19098.2
2006-11-08,2.84298,2.86044,2.8403,2.85417,19034.8
2006-11-09,2.85439,2.87225,2.85261,2.86514,19047.0
2006-11-10,2.86386,2.87828,2.86029,2.8702,18275.6
2006-11-11,2.8702,2.8702,2.8702,2.8702,0.0
2006-11-12,2.8702,2.87365,2.86616,2.87338,845.4
2006-11-13,2.8731,2.8849,2.86703,2.88405,18800.6
2006-11-14,2.88421,2.88421,2.85431,2.85786,19029.6
2006-11-15,2.85776,2.87128,2.85521,2.86442,18733.0
2006-11-16,2.86425,2.86713,2.83576,2.84041,18799.2
2006-11-17,2.84027,2.85645,2.83237,2.84938,18213.2
2006-11-18,2.84938,2.84938,2.84938,2.84938,0.0
2006-11-19,2.84938,2.84997,2.84053,2.84258,780.6
2006-11-20,2.84284,2.84964,2.82838,2.83508,18496.4
2006-11-21,2.83473,2.84103,2.82612,2.83411,18508.4
2006-11-22,2.83398,2.85619,2.83145,2.85204,19080.0
2006-11-23,2.85206,2.86717,2.84653,2.86199,17322.0
2006-11-24,2.86213,2.88683,2.85081,2.873,18057.4
2006-11-25,2.873,2.873,2.873,2.873,0.0
2006-11-26,2.873,2.88744,2.87262,2.8816,817.6
2006-11-27,2.88162,2.89729,2.87684,2.89604,19426.0
2006-11-28,2.8967,2.89774,2.8598,2.8749,19454.2
2006-11-29,2.87497,2.87818,2.86271,2.86834,18007.6
2006-11-30,2.86872,2.87757,2.85826,2.87503,19298.4
2006-12-01,2.87545,2.89445,2.86947,2.87408,18309.4
2006-12-02,2.87408,2.87408,2.87408,2.87408,0.0
2006-12-03,2.87408,2.88317,2.87206,2.882,950.8
2006-12-04,2.8823,2.88474,2.86253,2.87117,19740.8
2006-12-05,2.87124,2.8828,2.8641,2.87235,19400.8
2006-12-06,2.87277,2.88466,2.85923,2.8661,19733.2
2006-12-07,2.86633,2.87071,2.83599,2.85099,19579.2
2006-12-08,2.85166,2.85375,2.82808,2.84302,18708.2
2006-12-09,2.84302,2.84302,2.84302,2.84302,0.0
2006-12-10,2.84302,2.85215,2.84302,2.8498,757.4
2006-12-11,2.84936,2.84936,2.82906,2.84473,19380.2
2006-12-12,2.84475,2.85411,2.83626,2.84812,19406.4
2006-12-13,2.84764,2.85386,2.83158,2.83587,19355.8
2006-12-14,2.83581,2.8615,2.8303,2.8475,19605.8
2006-12-15,2.83496,2.85336,2.82249,2.82733,18692.0
2006-12-16,2.82733,2.82733,2.82733,2.82733,0.0
2006-12-17,2.82733,2.83548,2.82729,2.83141,829.4
2006-12-18,2.83159,2.83432,2.81619,2.81619,19272.8
2006-12-19,2.81632,2.83677,2.81297,2.82625,19419.6
2006-12-20,2.82584,2.83431,2.81119,2.82398,19653.0
2006-12-21,2.82433,2.83491,2.81162,2.8125,19476.4
2006-12-22,2.8119,2.81606,2.79011,2.79366,18393.6
2006-12-23,2.79366,2.79366,2.79366,2.79366,0.0
2006-12-24,2.79366,2.794206,2.79366,2.794206,0.0
2006-12-25,2.794206,2.794206,2.794206,2.794206,0.0
2006-12-26,2.794206,2.79623,2.78411,2.79141,14463.2
2006-12-27,2.79161,2.79752,2.77994,2.79066,18973.0
2006-12-28,2.79106,2.79164,2.77462,2.78051,19306.6
2006-12-29,2.78032,2.79218,2.76883,2.77488,17716.8
2006-12-30,2.77488,2.77488,2.77488,2.77488,0.0
2006-12-31,2.77488,2.7754,2.77488,2.7754,0.0
2007-01-01,2.7754,2.7754,2.7754,2.7754,0.0
2007-01-02,2.7754,2.79189,2.77466,2.79147,15694.2
2007-01-03,2.79162,2.79241,2.75034,2.76276,19543.4
2007-01-04,2.76257,2.79574,2.76109,2.79186,19644.0
2007-01-05,2.79174,2.81278,2.78701,2.80624,18871.2
2007-01-06,2.80624,2.80624,2.80624,2.80624,0.0
2007-01-07,2.80624,2.80858,2.80154,2.8085,849.6
2007-01-08,2.80901,2.82239,2.8031,2.80483,19610.2
2007-01-09,2.8049,2.81314,2.79754,2.80042,19444.8
2007-01-10,2.80066,2.81782,2.79741,2.80948,19675.4
2007-01-11,2.80963,2.82631,2.79984,2.82178,19658.2
2007-01-12,2.8217,2.83817,2.81028,2.83472,18736.4
2007-01-13,2.83472,2.83472,2.83472,2.83472,0.0
2007-01-14,2.83472,2.83472,2.82519,2.83013,664.2
2007-01-15,2.83024,2.83266,2.81584,2.81907,19114.4
2007-01-16,2.81942,2.8442,2.81496,2.84052,19474.0
2007-01-17,2.84107,2.85409,2.83321,2.84405,19656.2
2007-01-18,2.84423,2.84636,2.83092,2.8385,19604.6
2007-01-19,2.83883,2.84547,2.83269,2.83462,18376.0
2007-01-20,2.83462,2.83462,2.83462,2.83462,0.0
2007-01-21,2.83462,2.84089,2.83462,2.84019,545.8
2007-01-22,2.84065,2.84199,2.82005,2.82613,19417.0
2007-01-23,2.82568,2.83369,2.81922,2.82777,19729.0
2007-01-24,2.8281,2.83851,2.8021,2.80976,19882.4
2007-01-25,2.81056,2.82354,2.7973,2.81926,19869.6
2007-01-26,2.81975,2.82722,2.80898,2.81097,18779.6
2007-01-27,2.81097,2.81097,2.81097,2.81097,0.0
2007-01-28,2.81097,2.81956,2.81097,2.81831,788.8
2007-01-29,2.81821,2.82167,2.80302,2.81558,19233.4
2007-01-30,2.81612,2.85646,2.80709,2.85249,19633.8
2007-01-31,2.85277,2.86498,2.83893,2.84595,19778.2
2007-02-01,2.84634,2.89181,2.84627,2.87976,19624.6
2007-02-02,2.88002,2.90473,2.87841,2.88364,18425.0
2007-02-03,2.88364,2.88364,2.88364,2.88364,0.0
2007-02-04,2.88364,2.88364,2.86875,2.87336,831.8
2007-02-05,2.87363,2.87679,2.86013,2.86276,19080.0
2007-02-06,2.86296,2.90121,2.86191,2.89425,18545.2
2007-02-07,2.89408,2.90389,2.85947,2.86412,18979.4
2007-02-08,2.86412,2.87474,2.84502,2.85885,19254.8
2007-02-09,2.85932,2.86475,2.84615,2.8568,17745.6
2007-02-10,2.8568,2.8568,2.8568,2.8568,0.0
2007-02-11,2.8568,2.85731,2.8568,2.85731,0.0
2007-02-12,2.85731,2.85731,2.83647,2.84735,13398.8
2007-02-13,2.84761,2.85207,2.8168,2.82022,18729.8
2007-02-14,2.81991,2.8351,2.81419,2.83435,19069.8
2007-02-15,2.8339,2.83441,2.80193,2.81384,19224.6
2007-02-16,2.81429,2.8153,2.78935,2.79228,17855.4
2007-02-17,2.79228,2.79228,2.79228,2.79228,0.0
2007-02-18,2.79228,2.79421,2.78415,2.78709,782.2
2007-02-19,2.787,2.78818,2.77486,2.78341,17734.2
2007-02-20,2.78364,2.79145,2.77292,2.78642,18446.6
2007-02-21,2.78658,2.79274,2.7611,2.7649,19157.6
2007-02-22,2.76569,2.77683,2.75795,2.77612,19022.0
2007-02-23,2.77631,2.78113,2.76774,2.7775,17944.0
2007-02-24,2.7775,2.7775,2.7775,2.7775,0.0
2007-02-25,2.7775,2.7775,2.77006,2.77053,805.6
2007-02-26,2.77069,2.77691,2.75511,2.76257,18730.0
2007-02-27,2.76283,2.81362,2.75952,2.81289,19638.2
2007-02-28,2.81272,2.81341,2.78854,2.79984,19696.8
2007-03-01,2.79964,2.8333,2.78806,2.82031,19468.8
2007-03-02,2.82016,2.8453,2.81674,2.82195,18702.0
2007-03-03,2.82195,2.82195,2.82195,2.82195,0.0
2007-03-04,2.82195,2.82821,2.81788,2.82202,919.0
2007-03-05,2.82262,2.85409,2.81586,2.85066,19886.0
2007-03-06,2.85076,2.85076,2.8221,2.82499,19780.8
2007-03-07,2.82492,2.85116,2.81226,2.84554,19670.2
2007-03-08,2.84587,2.84786,2.80371,2.80425,19493.8
2007-03-09,2.80419,2.80858,2.79169,2.79579,18324.6
2007-03-10,2.79579,2.79579,2.79579,2.79579,0.0
2007-03-11,2.79579,2.79632,2.7812,2.79029,848.4
2007-03-12,2.79057,2.80323,2.76465,2.7738,18943.6
2007-03-13,2.77448,2.81836,2.76582,2.81352,20016.6
2007-03-14,2.81325,2.81723,2.78588,2.79225,20261.2
2007-03-15,2.79273,2.79757,2.77766,2.78431,20198.6
2007-03-16,2.78448,2.79688,2.7751,2.78307,18987.8
2007-03-17,2.78307,2.78307,2.78307,2.78307,0.0
2007-03-18,2.78307,2.79479,2.77842,2.7838,2333.8
2007-03-19,2.78424,2.78815,2.75911,2.76483,20256.4
2007-03-20,2.76469,2.78799,2.76356,2.77433,20218.4
2007-03-21,2.77428,2.78942,2.76629,2.77098,20236.4
2007-03-22,2.7707,2.77794,2.75019,2.76038,20202.0
2007-03-23,2.76035,2.76442,2.746,2.75915,18897.0
2007-03-24,2.75915,2.75915,2.75915,2.75915,0.0
2007-03-25,2.75915,2.76491,2.75136,2.75633,2020.6
2007-03-26,2.75656,2.76407,2.74202,2.74675,20192.8
2007-03-27,2.7468,2.75142,2.72665,2.74059,20170.4
2007-03-28,2.7408,2.77202,2.7377,2.75784,20227.0
2007-03-29,2.75776,2.76684,2.73969,2.74784,20241.4
2007-03-30,2.74762,2.75598,2.73647,2.74812,19109.0
2007-03-31,2.74812,2.75359,2.74812,2.75359,7.0
2007-04-01,2.75359,2.75977,2.74199,2.75197,2065.6
2007-04-02,2.75148,2.75414,2.7291,2.73592,20269.8
2007-04-03,2.73626,2.75176,2.73433,2.75018,20180.8
2007-04-04,2.74959,2.75069,2.73493,2.73813,20134.4
2007-04-05,2.73856,2.74323,2.71869,2.72511,20096.4
2007-04-06,2.72511,2.72805,2.7166,2.72683,17966.2
2007-04-07,2.72683,2.72683,2.72683,2.72683,0.0
2007-04-08,2.72683,2.72745,2.71654,2.72318,1897.4
2007-04-09,2.72416,2.72684,2.71289,2.71984,19654.2
2007-04-10,2.72001,2.72047,2.69588,2.70468,20257.6
2007-04-11,2.70477,2.72035,2.70318,2.71328,20216.4
2007-04-12,2.71343,2.7222,2.6896,2.69388,20252.8
2007-04-13,2.69399,2.70108,2.68462,2.6893,18950.6
2007-04-14,2.6893,2.6893,2.6893,2.6893,0.0
2007-04-15,2.6893,2.69395,2.67858,2.68379,2118.4
2007-04-16,2.68388,2.6927,2.68201,2.68981,20203.4
2007-04-17,2.68959,2.70871,2.68338,2.68794,20160.0
2007-04-18,2.68778,2.71127,2.67945,2.68873,20165.8
2007-04-19,2.68811,2.71475,2.68298,2.69048,20199.8
2007-04-20,2.69066,2.69499,2.67317,2.67345,18946.0
2007-04-21,2.67345,2.67345,2.67345,2.67345,0.0
2007-04-22,2.67345,2.68336,2.67215,2.68128,1953.2
2007-04-23,2.6812,2.69494,2.67852,2.68407,20129.0
2007-04-24,2.68444,2.7019,2.68144,2.69027,20085.8
2007-04-25,2.69025,2.69492,2.67429,2.68873,20102.0
2007-04-26,2.68879,2.70059,2.67528,2.69133,20245.6
2007-04-27,2.69153,2.70188,2.68626,2.68885,18973.6
2007-04-28,2.68885,2.68885,2.68885,2.68885,0.0
2007-04-29,2.68885,2.70375,2.68735,2.69929,2027.4
2007-04-30,2.69939,2.70208,2.68656,2.69781,20180.6
2007-05-01,2.69805,2.70409,2.69009,2.70034,20110.4
2007-05-02,2.70041,2.70684,2.6644,2.69693,20192.6
2007-05-03,2.69715,2.70456,2.66183,2.69831,20110.2
2007-05-04,2.69805,2.71068,2.69732,2.70953,18815.8
2007-05-05,2.70953,2.70953,2.70953,2.70953,0.0
2007-05-06,2.70953,2.71283,2.69939,2.71189,1952.4
2007-05-07,2.71199,2.71285,2.6971,2.70358,20075.2
2007-05-08,2.70298,2.70725,2.68155,2.70597,20157.6
2007-05-09,2.70557,2.71954,2.69919,2.71717,20178.8
2007-05-10,2.71714,2.72421,2.65595,2.71954,20240.8
2007-05-11,2.71951,2.72458,2.69567,2.69693,18940.6
2007-05-12,2.69693,2.69693,2.69693,2.69693,0.0
2007-05-13,2.69693,2.70368,2.68325,2.68919,1962.0
2007-05-14,2.68945,2.69301,2.67529,2.68403,20141.2
2007-05-15,2.68432,2.69304,2.67736,2.69047,20107.8
2007-05-16,2.69007,2.70312,2.68357,2.69478,20146.4
2007-05-17,2.69489,2.70941,2.6919,2.70684,20152.4
2007-05-18,2.70676,2.71481,2.69307,2.69732,18921.2
2007-05-19,2.69732,2.70082,2.69732,2.70065,7.0
2007-05-20,2.70065,2.70388,2.67771,2.70113,1939.4
2007-05-21,2.70103,2.70444,2.69475,2.70022,20103.6
2007-05-22,2.70073,2.71919,2.70044,2.71703,20067.4
2007-05-23,2.71749,2.725,2.7122,2.72442,20158.2
2007-05-24,2.72451,2.74043,2.72225,2.73843,20095.2
2007-05-25,2.73844,2.73955,2.72361,2.73112,18724.8
2007-05-26,2.73112,2.73112,2.73112,2.73112,0.0
2007-05-27,2.73112,2.73415,2.72852,2.73207,1928.8
2007-05-28,2.73141,2.73385,2.72379,2.72837,19616.8
2007-05-29,2.72838,2.7328,2.71589,2.72128,20563.8
2007-05-30,2.721,2.72239,2.69955,2.70681,20539.0
2007-05-31,2.70686,2.71012,2.68005,2.6823,20465.0
2007-06-01,2.68198,2.68368,2.6559,2.65615,19410.0
2007-06-02,2.65615,2.65615,2.65615,2.65615,0.0
2007-06-03,2.65615,2.66332,2.65492,2.66242,1879.2
2007-06-04,2.66247,2.6703,2.65671,2.66515,20522.6
2007-06-05,2.66478,2.66722,2.64201,2.65296,20466.6
2007-06-06,2.65237,2.65885,2.63143,2.64502,20598.4
2007-06-07,2.64567,2.64796,2.61574,2.62179,20608.2
2007-06-08,2.62181,2.62767,2.57463,2.57635,19403.4
2007-06-09,2.57635,2.57635,2.57635,2.57635,0.0
2007-06-10,2.57635,2.58575,2.57635,2.58028,1908.2
2007-06-11,2.58041,2.63285,2.57517,2.61933,20578.0
2007-06-12,2.6197,2.63793,2.61417,2.63582,20568.8
2007-06-13,2.63589,2.63926,2.61932,2.63303,20642.4
2007-06-14,2.63312,2.63369,2.61386,2.61889,20554.0
2007-06-15,2.61948,2.62501,2.61352,2.61762,19234.6
2007-06-16,2.61762,2.61762,2.61762,2.61762,0.0
2007-06-17,2.61762,2.63267,2.61345,2.62373,2006.6
2007-06-18,2.62373,2.63279,2.61444,2.6279,20493.2
2007-06-19,2.62729,2.63165,2.6149,2.61823,20516.6
2007-06-20,2.61881,2.62562,2.609,2.62062,20598.4
2007-06-21,2.62045,2.62123,2.60119,2.60871,20606.0
2007-06-22,2.60821,2.62495,2.59898,2.61085,19356.8
2007-06-23,2.61085,2.61085,2.61085,2.61085,0.0
2007-06-24,2.61085,2.61942,2.6058,2.60712,1845.2
2007-06-25,2.60749,2.61599,2.5993,2.61079,20505.2
2007-06-26,2.61075,2.61327,2.59646,2.61007,20752.8
2007-06-27,2.61061,2.63771,2.6057,2.61703,20841.4
2007-06-28,2.61682,2.61904,2.5942,2.6041,20791.4
2007-06-29,2.60397,2.60851,2.5866,2.60292,19550.0
2007-06-30,2.60292,2.60292,2.60292,2.60292,0.0
2007-07-01,2.60292,2.60385,2.58886,2.5973,2041.4
2007-07-02,2.59725,2.59732,2.57223,2.58217,20762.0
2007-07-03,2.58205,2.58333,2.56993,2.58019,20750.8
2007-07-04,2.5799,2.5821,2.57392,2.57821,20511.4
2007-07-05,2.57838,2.58003,2.55987,2.56937,20717.4
2007-07-06,2.56973,2.57642,2.55485,2.56765,19619.0
2007-07-07,2.56765,2.56765,2.56765,2.56765,0.0
2007-07-08,2.56765,2.57233,2.56664,2.57053,2170.6
2007-07-09,2.57173,2.58499,2.56977,2.58464,20753.6
2007-07-10,2.58515,2.62403,2.58304,2.60708,20917.8
2007-07-11,2.60729,2.62084,2.59016,2.59734,20963.8
2007-07-12,2.59732,2.60633,2.57375,2.5749,20792.4
2007-07-13,2.57504,2.59433,2.57504,2.58672,19619.4
2007-07-14,2.58672,2.58672,2.58672,2.58672,0.0
2007-07-15,2.58672,2.58795,2.57415,2.58095,2303.2
2007-07-16,2.58101,2.58573,2.56288,2.5676,20836.2
2007-07-17,2.56807,2.59459,2.56763,2.59157,20875.2
2007-07-18,2.59169,2.59545,2.5825,2.58823,20811.6
2007-07-19,2.58835,2.59386,2.57861,2.57984,20890.2
2007-07-20,2.58005,2.58759,2.57192,2.5752,19628.6
2007-07-21,2.5752,2.5752,2.5752,2.5752,0.0
2007-07-22,2.5752,2.58275,2.55699,2.57299,2279.4
2007-07-23,2.57305,2.58164,2.55013,2.55456,20937.2
2007-07-24,2.55405,2.56529,2.5445,2.56122,20941.6
2007-07-25,2.56049,2.57038,2.54284,2.56166,20950.8
2007-07-26,2.56147,2.62673,2.55846,2.61399,20942.8
2007-07-27,2.61355,2.65323,2.59854,2.63945,19812.6
2007-07-28,2.63945,2.63945,2.63945,2.63945,0.0
2007-07-29,2.63945,2.66897,2.63525,2.64895,2205.8
2007-07-30,2.65018,2.67794,2.62445,2.62863,20965.6
2007-07-31,2.62872,2.66984,2.6277,2.65945,20951.8
2007-08-01,2.65939,2.68139,2.64466,2.65431,20958.0
2007-08-02,2.65409,2.66819,2.63915,2.64978,20908.4
2007-08-03,2.64998,2.68455,2.64624,2.67792,19664.8
2007-08-04,2.67792,2.67792,2.67792,2.67792,0.0
2007-08-05,2.67792,2.69803,2.67487,2.68805,2350.0
2007-08-06,2.68794,2.69589,2.64913,2.65484,20928.4
2007-08-07,2.65401,2.67608,2.64839,2.64875,20927.2
2007-08-08,2.64858,2.6615,2.6428,2.64596,20915.0
2007-08-09,2.64567,2.70262,2.64344,2.69794,20921.6
2007-08-10,2.69764,2.7249,2.6975,2.70988,19724.2
2007-08-11,2.70988,2.70988,2.70988,2.70988,0.0
2007-08-12,2.70988,2.71763,2.70121,2.71363,2111.8
2007-08-13,2.71408,2.7416,2.70901,2.73885,20939.8
2007-08-14,2.73905,2.75335,2.73188,2.74866,20961.2
2007-08-15,2.74862,2.82495,2.74759,2.82254,20958.2
2007-08-16,2.82266,2.94335,2.82131,2.87158,20973.6
2007-08-17,2.87544,2.96088,2.83724,2.84122,19719.8
2007-08-18,2.84122,2.84122,2.84122,2.84122,0.0
2007-08-19,2.84122,2.85512,2.82943,2.85364,2419.2
2007-08-20,2.85377,2.8956,2.8272,2.84414,20952.8
2007-08-21,2.84423,2.86523,2.82556,2.85061,20933.6
2007-08-22,2.85065,2.8727,2.80615,2.80916,20908.4
2007-08-23,2.80837,2.826,2.79155,2.80311,20931.4
2007-08-24,2.80315,2.81932,2.78691,2.78995,19786.6
2007-08-25,2.78995,2.78995,2.78995,2.78995,0.0
2007-08-26,2.78995,2.79395,2.77248,2.77459,2452.4
2007-08-27,2.77471,2.81383,2.77328,2.81322,20857.6
2007-08-28,2.81309,2.89231,2.81148,2.88756,20904.6
2007-08-29,2.88611,2.90394,2.83743,2.86066,20922.4
2007-08-30,2.86086,2.88055,2.84831,2.86419,20907.2
2007-08-31,2.8641,2.88273,2.83828,2.86502,19593.4
2007-09-01,2.86502,2.86502,2.86502,2.86502,0.0
2007-09-02,2.86502,2.88487,2.86315,2.86544,2467.6
2007-09-03,2.86538,2.87915,2.85783,2.87759,20758.4
2007-09-04,2.87817,2.89976,2.86142,2.88844,20969.4
2007-09-05,2.88807,2.951,2.88738,2.94663,20988.2
2007-09-06,2.94633,2.94818,2.91502,2.92504,20954.4
2007-09-07,2.92449,2.949,2.91312,2.93195,19714.4
2007-09-08,2.93195,2.93195,2.93195,2.93195,0.0
2007-09-09,2.93195,2.95782,2.93195,2.95381,2086.6
2007-09-10,2.95435,2.97042,2.89924,2.91735,20964.0
2007-09-11,2.91754,2.92504,2.87119,2.87624,20924.6
2007-09-12,2.87626,2.88373,2.83484,2.85534,20943.4
2007-09-13,2.85524,2.86162,2.82295,2.84466,20926.2
2007-09-14,2.84393,2.84411,2.80637,2.81432,19760.0
2007-09-15,2.81432,2.81432,2.81432,2.81432,0.0
2007-09-16,2.81432,2.81755,2.80412,2.8155,2628.8
2007-09-17,2.81563,2.83432,2.79655,2.81944,20916.2
2007-09-18,2.8197,2.83724,2.76287,2.77902,20973.4
2007-09-19,2.77896,2.77988,2.71255,2.71579,20978.6
2007-09-20,2.71593,2.73077,2.6979,2.70118,20962.0
2007-09-21,2.70129,2.72562,2.69301,2.71945,19736.8
2007-09-22,2.71945,2.71945,2.71945,2.71945,0.0
2007-09-23,2.71945,2.72005,2.70766,2.71627,2228.0
2007-09-24,2.71644,2.7263,2.69761,2.71225,20969.6
2007-09-25,2.71226,2.7506,2.70631,2.71492,20981.2
2007-09-26,2.71482,2.72297,2.70156,2.70623,20925.0
2007-09-27,2.7066,2.70677,2.68522,2.68805,20965.8
2007-09-28,2.68874,2.70552,2.66706,2.70042,19728.8
2007-09-29,2.70042,2.70042,2.70042,2.70042,0.0
2007-09-30,2.70042,2.70048,2.68722,2.68746,2764.8
2007-10-01,2.68723,2.69004,2.66142,2.67038,20951.2
2007-10-02,2.67034,2.70202,2.66386,2.69085,20987.8
2007-10-03,2.69083,2.70344,2.67205,2.69335,20955.4
2007-10-04,2.69341,2.70819,2.68875,2.69712,20942.4
2007-10-05,2.69691,2.69841,2.67315,2.68125,19741.0
2007-10-06,2.68125,2.68125,2.68125,2.68125,0.0
2007-10-07,2.68125,2.68295,2.66647,2.66946,2555.0
2007-10-08,2.66944,2.67474,2.65483,2.66709,20952.6
2007-10-09,2.66697,2.6763,2.65693,2.66922,20942.8
2007-10-10,2.66856,2.68632,2.66434,2.67217,20993.4
2007-10-11,2.67246,2.67307,2.62343,2.6312,20971.8
2007-10-12,2.63135,2.64478,2.616,2.62593,19523.6
2007-10-13,2.62593,2.62593,2.62593,2.62593,0.0
2007-10-14,2.62593,2.63373,2.6116,2.62869,2711.8
2007-10-15,2.62827,2.68805,2.62313,2.6761,20996.2
2007-10-16,2.67581,2.74664,2.67233,2.70814,21005.0
2007-10-17,2.70791,2.73833,2.70116,2.71818,20997.4
2007-10-18,2.71842,2.73973,2.7036,2.71471,21012.0
2007-10-19,2.71452,2.74712,2.70991,2.74225,19779.0
2007-10-20,2.74225,2.74225,2.74225,2.74225,0.0
2007-10-21,2.74225,2.77522,2.73864,2.76743,2647.0
2007-10-22,2.76754,2.77527,2.70942,2.71685,20995.0
2007-10-23,2.71708,2.72927,2.70093,2.71047,20992.0
2007-10-24,2.7105,2.73356,2.69789,2.71568,21008.2
2007-10-25,2.71541,2.71894,2.68836,2.69176,20969.4
2007-10-26,2.69188,2.69297,2.66657,2.67862,19724.4
2007-10-27,2.67862,2.67862,2.67862,2.67862,0.0
2007-10-28,2.67862,2.68076,2.66596,2.66768,2813.0
2007-10-29,2.66766,2.68645,2.65715,2.67341,20965.0
2007-10-30,2.67386,2.70925,2.67057,2.69833,20964.0
2007-10-31,2.69834,2.71196,2.68748,2.69164,20950.4
2007-11-01,2.69167,2.74408,2.68724,2.73549,20945.4
2007-11-02,2.73554,2.74055,2.71405,2.72415,19768.0
2007-11-03,2.72415,2.72415,2.72415,2.72415,0.0
2007-11-04,2.72415,2.73496,2.72415,2.73363,2064.0
2007-11-05,2.73341,2.73796,2.69349,2.69842,20947.8
2007-11-06,2.69868,2.70079,2.66445,2.66606,20945.2
2007-11-07,2.66619,2.73574,2.65597,2.72856,20933.8
2007-11-08,2.72813,2.73932,2.70059,2.71261,20940.0
2007-11-09,2.71287,2.74352,2.69878,2.73547,20146.2
2007-11-10,2.73547,2.73547,2.73547,2.73547,0.0
2007-11-11,2.73547,2.75513,2.7249,2.7408,2817.8
2007-11-12,2.74067,2.77659,2.73385,2.74715,20957.6
2007-11-13,2.74731,2.75246,2.71408,2.72116,20957.2
2007-11-14,2.72164,2.74046,2.67506,2.69586,20954.8
2007-11-15,2.69504,2.71453,2.68318,2.70171,20935.8
2007-11-16,2.70176,2.7173,2.68174,2.71433,19940.6
2007-11-17,2.71433,2.71433,2.71433,2.71433,0.0
2007-11-18,2.71433,2.71488,2.69786,2.70419,2518.2
2007-11-19,2.70434,2.73046,2.69052,2.72235,20931.0
2007-11-20,2.7227,2.72861,2.69384,2.70659,20931.0
2007-11-21,2.70635,2.75726,2.70412,2.74193,20924.6
2007-11-22,2.74586,2.75141,2.725,2.73794,20876.6
2007-11-23,2.73772,2.75786,2.71068,2.71468,20162.8
2007-11-24,2.71468,2.71468,2.71468,2.71468,0.0
2007-11-25,2.71468,2.71695,2.6956,2.70899,2563.4
2007-11-26,2.70922,2.76413,2.70337,2.74768,20905.0
2007-11-27,2.74752,2.75499,2.71204,2.72057,20901.6
2007-11-28,2.71782,2.72435,2.67361,2.69606,20899.8
2007-11-29,2.69568,2.70058,2.66626,2.67396,20896.6
2007-11-30,2.67381,2.70545,2.66441,2.68675,20213.6
2007-12-01,2.68675,2.68675,2.68675,2.68675,0.0
2007-12-02,2.68675,2.69535,2.6816,2.6909,2383.8
2007-12-03,2.69086,2.70974,2.68495,2.69719,20901.4
2007-12-04,2.69775,2.71241,2.68944,2.70008,20884.8
2007-12-05,2.70029,2.71006,2.6227,2.62648,20907.0
2007-12-06,2.62639,2.6376,2.60263,2.60717,20916.8
2007-12-07,2.60713,2.622,2.59532,2.61318,20063.6
2007-12-08,2.61318,2.61318,2.61318,2.61318,0.0
2007-12-09,2.61318,2.62788,2.60525,2.62202,2685.6
2007-12-10,2.622,2.63338,2.60981,2.61352,20827.2
2007-12-11,2.6138,2.63416,2.59887,2.61701,20839.6
2007-12-12,2.61683,2.6201,2.58321,2.59832,20845.6
2007-12-13,2.59853,2.61805,2.59348,2.61229,20836.8
2007-12-14,2.61234,2.63749,2.5977,2.63623,20192.2
2007-12-15,2.63623,2.63623,2.63623,2.63623,0.0
2007-12-16,2.63623,2.63955,2.61907,2.62275,2370.2
2007-12-17,2.62307,2.68485,2.62222,2.68305,20744.6
2007-12-18,2.68351,2.68581,2.65765,2.66812,20706.8
2007-12-19,2.66759,2.67149,2.63613,2.64415,20733.8
2007-12-20,2.64459,2.64842,2.5961,2.6052,20734.6
2007-12-21,2.60438,2.60914,2.58296,2.59655,19963.4
2007-12-22,2.59655,2.59655,2.59655,2.59655,0.0
2007-12-23,2.59655,2.5983,2.58873,2.59384,1927.0
2007-12-24,2.59382,2.60079,2.5727,2.57903,19745.4
2007-12-25,2.5782,2.58598,2.57463,2.58233,10301.8
2007-12-26,2.58252,2.58989,2.57504,2.5829,19799.8
2007-12-27,2.58301,2.59835,2.57806,2.58196,20612.2
2007-12-28,2.58168,2.59439,2.57116,2.57497,19830.2
2007-12-29,2.57497,2.57497,2.57497,2.57497,0.0
2007-12-30,2.57497,2.57957,2.56898,2.57459,1808.4
2007-12-31,2.57448,2.60399,2.56301,2.59197,20315.6
2008-01-01,2.59215,2.59845,2.58297,2.58467,10939.8
2008-01-02,2.58472,2.58631,2.55181,2.55509,21008.0
2008-01-03,2.55561,2.56342,2.53178,2.55281,21048.6
2008-01-04,2.55271,2.57885,2.54851,2.57625,20162.2
2008-01-05,2.57625,2.57625,2.57625,2.57625,0.0
2008-01-06,2.57625,2.57767,2.56597,2.56638,1900.2
2008-01-07,2.5665,2.58474,2.55673,2.55901,21042.2
2008-01-08,2.55917,2.57438,2.54941,2.56339,21030.4
2008-01-09,2.56376,2.57229,2.52562,2.52818,21045.8
2008-01-10,2.52819,2.53599,2.48826,2.49455,21065.0
2008-01-11,2.49491,2.5073,2.48204,2.49928,20197.2
2008-01-12,2.49928,2.49928,2.49928,2.49928,0.0
2008-01-13,2.49928,2.50995,2.49682,2.49737,1984.0
2008-01-14,2.49723,2.49867,2.46984,2.4763,21029.6
2008-01-15,2.4759,2.53436,2.4645,2.51522,21039.6
2008-01-16,2.51465,2.56383,2.51072,2.55223,21044.6
2008-01-17,2.55282,2.58251,2.53212,2.58054,21049.8
2008-01-18,2.58102,2.60242,2.54949,2.57237,20198.4
2008-01-19,2.57237,2.57237,2.57237,2.57237,0.0
2008-01-20,2.57237,2.58235,2.5639,2.56972,2803.8
2008-01-21,2.56973,2.62014,2.56456,2.61842,21024.6
2008-01-22,2.61776,2.61984,2.5546,2.55804,21042.8
2008-01-23,2.55824,2.58113,2.54359,2.56151,21021.6
2008-01-24,2.56153,2.56358,2.54072,2.55227,21018.6
2008-01-25,2.55247,2.5813,2.55048,2.58042,20329.2
2008-01-26,2.58042,2.58042,2.58042,2.58042,0.0
2008-01-27,2.58042,2.58575,2.57121,2.57858,2324.0
2008-01-28,2.57842,2.57842,2.54634,2.54982,21007.2
2008-01-29,2.55008,2.5609,2.54561,2.55645,21005.6
2008-01-30,2.5568,2.56319,2.51953,2.55033,21029.4
2008-01-31,2.55076,2.55089,2.51668,2.52711,21021.0
2008-02-01,2.52786,2.53128,2.4627,2.46982,20390.4
2008-02-02,2.46982,2.46982,2.46982,2.46982,0.0
2008-02-03,2.46982,2.48198,2.46547,2.48037,2201.6
2008-02-04,2.48079,2.49158,2.47627,2.48956,20994.8
2008-02-05,2.48945,2.52133,2.47856,2.51145,20966.8
2008-02-06,2.5111,2.51424,2.4836,2.49654,21005.2
2008-02-07,2.49714,2.50108,2.44862,2.4686,20980.2
2008-02-08,2.46862,2.48462,2.45761,2.46552,20091.6
2008-02-09,2.46552,2.46552,2.46552,2.46552,0.0
2008-02-10,2.46552,2.4728,2.46231,2.46768,2434.6
2008-02-11,2.468,2.47517,2.45656,2.4739,20966.4
2008-02-12,2.47401,2.48429,2.45614,2.48248,20926.4
2008-02-13,2.48261,2.51276,2.47421,2.49918,20965.6
2008-02-14,2.49911,2.50731,2.48746,2.50182,20956.8
2008-02-15,2.50272,2.51028,2.47095,2.47652,20169.2
2008-02-16,2.47652,2.47652,2.47652,2.47652,0.0
2008-02-17,2.47652,2.4813,2.47286,2.47389,2619.6
2008-02-18,2.4747,2.47933,2.44649,2.44792,20918.6
2008-02-19,2.44713,2.45003,2.42915,2.43746,20954.0
2008-02-20,2.43747,2.45515,2.42827,2.43074,20987.6
2008-02-21,2.43051,2.45495,2.42614,2.4509,20965.6
2008-02-22,2.45099,2.45633,2.41242,2.42598,20144.8
2008-02-23,2.42598,2.42598,2.42598,2.42598,0.0
2008-02-24,2.42598,2.44157,2.42365,2.43908,2731.2
2008-02-25,2.43901,2.43978,2.4137,2.41479,20932.6
2008-02-26,2.41544,2.43936,2.41114,2.43198,21037.6
2008-02-27,2.43197,2.4422,2.41877,2.42955,21029.0
2008-02-28,2.43087,2.44624,2.42251,2.44374,21042.4
2008-02-29,2.4439,2.49237,2.43271,2.49203,20311.0
2008-03-01,2.49203,2.49203,2.49203,2.49203,0.0
2008-03-02,2.49203,2.50235,2.4827,2.49302,2001.4
2008-03-03,2.493,2.50331,2.45197,2.45834,21025.0
2008-03-04,2.45853,2.49233,2.45851,2.4812,21005.6
2008-03-05,2.4812,2.49886,2.47253,2.47869,21011.8
2008-03-06,2.47857,2.52704,2.47521,2.52159,20981.8
2008-03-07,2.52212,2.54828,2.51255,2.53728,20163.0
2008-03-08,2.53728,2.53728,2.53728,2.53728,0.0
2008-03-09,2.53728,2.55013,2.53472,2.54264,2366.0
2008-03-10,2.5427,2.55638,2.53546,2.5449,20990.0
2008-03-11,2.54534,2.54627,2.49124,2.50043,21007.6
2008-03-12,2.50078,2.52106,2.49762,2.51062,21004.2
2008-03-13,2.51099,2.53237,2.47739,2.4872,20981.8
2008-03-14,2.48691,2.50159,2.46964,2.48145,19820.2
2008-03-15,2.48145,2.48145,2.48145,2.48145,0.0
2008-03-16,2.48145,2.4902,2.46301,2.47082,2717.4
2008-03-17,2.47094,2.52457,2.45506,2.49276,20992.0
2008-03-18,2.49275,2.5063,2.46422,2.47886,20980.6
2008-03-19,2.47844,2.48613,2.44758,2.4783,20987.6
2008-03-20,2.47856,2.51807,2.46174,2.5022,20930.4
2008-03-21,2.50217,2.51128,2.49367,2.49895,18218.0
2008-03-22,2.49895,2.49895,2.49895,2.49895,0.0
2008-03-23,2.49895,2.50852,2.49613,2.50177,1847.2
2008-03-24,2.50213,2.50772,2.47704,2.47849,20895.2
2008-03-25,2.47882,2.48965,2.47401,2.48343,21045.0
2008-03-26,2.48368,2.50548,2.46073,2.4951,21116.8
2008-03-27,2.49525,2.51337,2.48505,2.4883,21096.0
2008-03-28,2.48866,2.50646,2.47308,2.50425,19855.0
2008-03-29,2.50425,2.50425,2.50425,2.50425,0.0
2008-03-30,2.50425,2.52429,2.49525,2.51758,2771.0
2008-03-31,2.51763,2.53155,2.50421,2.52515,21078.4
2008-04-01,2.52533,2.54106,2.50658,2.51328,21070.2
2008-04-02,2.51326,2.52187,2.50054,2.51676,21058.8
2008-04-03,2.51717,2.54499,2.50462,2.53812,21049.0
2008-04-04,2.53803,2.5546,2.51963,2.52282,19818.2
2008-04-05,2.52282,2.52282,2.52282,2.52282,0.0
2008-04-06,2.52282,2.52995,2.52075,2.52626,2419.0
2008-04-07,2.52676,2.52893,2.48424,2.49363,21032.4
2008-04-08,2.49365,2.50514,2.45783,2.46483,21108.0
2008-04-09,2.4648,2.48366,2.46449,2.4754,21065.6
2008-04-10,2.47563,2.48207,2.45917,2.46857,21070.2
2008-04-11,2.4686,2.49188,2.46402,2.49183,19771.6
2008-04-12,2.49183,2.49183,2.49183,2.49183,0.0
2008-04-13,2.49183,2.50202,2.47556,2.49673,2663.4
2008-04-14,2.49688,2.51889,2.49004,2.49646,21092.4
2008-04-15,2.49633,2.51129,2.48106,2.49807,21080.6
2008-04-16,2.4981,2.51504,2.48503,2.49034,21035.0
2008-04-17,2.49021,2.53097,2.48774,2.51668,21066.0
2008-04-18,2.51685,2.54124,2.50492,2.52495,19846.6
2008-04-19,2.52495,2.52495,2.52495,2.52495,0.0
2008-04-20,2.52495,2.53113,2.51653,2.52567,2214.8
2008-04-21,2.52565,2.53327,2.48885,2.4912,21049.2
2008-04-22,2.49104,2.50652,2.48686,2.50148,20959.4
2008-04-23,2.50128,2.50614,2.4722,2.49215,21044.0
2008-04-24,2.49167,2.50889,2.48768,2.50878,21036.4
2008-04-25,2.50887,2.54469,2.50123,2.53732,19835.2
2008-04-26,2.53732,2.53732,2.53732,2.53732,0.0
2008-04-27,2.53732,2.53835,2.52749,2.53042,2578.2
2008-04-28,2.53052,2.54355,2.51427,2.54231,20998.0
2008-04-29,2.54266,2.55742,2.53505,2.54215,21041.4
2008-04-30,2.54222,2.54427,2.51692,2.53969,20994.6
2008-05-01,2.54002,2.55369,2.53246,2.5427,20998.2
2008-05-02,2.54319,2.55036,2.51824,2.52225,19821.2
2008-05-03,2.52225,2.52225,2.52225,2.52225,0.0
2008-05-04,2.52225,2.53175,2.5191,2.52961,2274.2
2008-05-05,2.52935,2.52975,2.50087,2.51117,20959.0
2008-05-06,2.51081,2.51194,2.48677,2.49487,20977.0
2008-05-07,2.49511,2.52605,2.48537,2.52571,21022.8
2008-05-08,2.52652,2.54137,2.51721,2.5311,21030.6
2008-05-09,2.53154,2.54375,2.51878,2.54095,19920.8
2008-05-10,2.54095,2.54095,2.54095,2.54095,0.0
2008-05-11,2.54095,2.54887,2.53183,2.54841,2504.2
2008-05-12,2.54858,2.55607,2.53205,2.53866,20998.0
2008-05-13,2.53878,2.55041,2.52985,2.54661,21033.8
2008-05-14,2.5463,2.57483,2.54206,2.57121,21014.0
2008-05-15,2.57142,2.58183,2.54412,2.55025,21019.6
2008-05-16,2.5503,2.55534,2.52073,2.53142,19733.0
2008-05-17,2.53142,2.53142,2.53142,2.53142,0.0
2008-05-18,2.53142,2.53462,2.51991,2.53462,2666.6
2008-05-19,2.53471,2.53846,2.51284,2.51871,20940.4
2008-05-20,2.51923,2.54291,2.51802,2.54,20918.6
2008-05-21,2.5402,2.5455,2.514,2.53358,20996.6
2008-05-22,2.53376,2.54074,2.4986,2.52097,20940.0
2008-05-23,2.52101,2.52515,2.50652,2.51965,19712.2
2008-05-24,2.51965,2.51965,2.51965,2.51965,0.0
2008-05-25,2.51965,2.52743,2.51281,2.52223,2119.0
2008-05-26,2.52215,2.52256,2.51054,2.51486,20684.4
2008-05-27,2.51498,2.51625,2.49624,2.50508,21363.0
2008-05-28,2.50524,2.52685,2.49847,2.51768,21373.8
2008-05-29,2.51756,2.54027,2.50957,2.52994,21374.2
2008-05-30,2.52952,2.53532,2.51543,2.52892,20102.6
2008-05-31,2.52892,2.52892,2.52892,2.52892,0.0
2008-06-01,2.52892,2.52892,2.51457,2.51774,2816.6
2008-06-02,2.51782,2.52289,2.49558,2.5042,21373.0
2008-06-03,2.50407,2.51532,2.49169,2.51422,21429.0
2008-06-04,2.51425,2.54032,2.49245,2.53843,21391.2
2008-06-05,2.53817,2.56029,2.53466,2.55651,21412.0
2008-06-06,2.55651,2.57177,2.5445,2.56385,20239.6
2008-06-07,2.56385,2.56385,2.56385,2.56385,0.0
2008-06-08,2.56385,2.56639,2.55618,2.56351,2530.8
2008-06-09,2.56398,2.60478,2.55769,2.59828,21397.2
2008-06-10,2.59833,2.60915,2.58432,2.59145,21395.4
2008-06-11,2.59149,2.60455,2.57586,2.59761,21373.6
2008-06-12,2.5976,2.59961,2.58592,2.59476,21417.0
2008-06-13,2.59445,2.60855,2.5893,2.59722,20194.8
2008-06-14,2.59722,2.59722,2.59722,2.59722,0.0
2008-06-15,2.59722,2.59865,2.58512,2.5947,2886.8
2008-06-16,2.59425,2.61715,2.59343,2.60391,21392.2
2008-06-17,2.60397,2.60613,2.57924,2.58632,21406.6
2008-06-18,2.58657,2.5928,2.57749,2.5832,21384.0
2008-06-19,2.58327,2.60126,2.5806,2.5917,21404.8
2008-06-20,2.59142,2.59786,2.58283,2.59715,20228.8
2008-06-21,2.59715,2.59715,2.59715,2.59715,0.0
2008-06-22,2.59715,2.59728,2.58364,2.58841,2494.2
2008-06-23,2.58851,2.59674,2.58122,2.59257,21361.2
2008-06-24,2.59225,2.6019,2.59099,2.59375,21417.4
2008-06-25,2.59346,2.61053,2.59287,2.60723,21393.4
2008-06-26,2.6075,2.63594,2.60134,2.63252,21413.4
2008-06-27,2.63271,2.63525,2.6082,2.61922,20134.2
2008-06-28,2.61922,2.61922,2.61922,2.61922,0.0
2008-06-29,2.61922,2.62245,2.6097,2.61365,2636.2
2008-06-30,2.61382,2.61871,2.60224,2.61364,21320.0
2008-07-01,2.61329,2.63705,2.61185,2.63028,21364.8
2008-07-02,2.63036,2.63522,2.61412,2.62106,21417.6
2008-07-03,2.62142,2.62615,2.61167,2.62615,21369.8
2008-07-04,2.6267,2.62804,2.6059,2.60632,19693.4
2008-07-05,2.60632,2.60632,2.60632,2.60632,0.0
2008-07-06,2.60632,2.61332,2.6035,2.61064,2550.0
2008-07-07,2.61157,2.62582,2.60638,2.62405,21370.4
2008-07-08,2.62429,2.63365,2.61054,2.61547,21389.4
2008-07-09,2.61596,2.62013,2.59944,2.6155,21399.0
2008-07-10,2.61556,2.62467,2.59972,2.60501,21333.0
2008-07-11,2.60535,2.61628,2.59485,2.61215,20215.2
2008-07-12,2.61215,2.61215,2.61215,2.61215,0.0
2008-07-13,2.61215,2.62022,2.60458,2.61261,2605.0
2008-07-14,2.61277,2.61466,2.60148,2.61209,21379.0
2008-07-15,2.61221,2.61358,2.58535,2.5976,21450.4
2008-07-16,2.59748,2.60165,2.58452,2.59171,21440.4
2008-07-17,2.59147,2.6293,2.58661,2.61452,21422.2
2008-07-18,2.61464,2.62551,2.60537,2.61732,20137.8
2008-07-19,2.61732,2.61732,2.61732,2.61732,0.0
2008-07-20,2.61732,2.62534,2.61686,2.62136,2891.6
2008-07-21,2.62132,2.63136,2.61136,2.63008,21369.4
2008-07-22,2.63017,2.63255,2.61788,2.62221,21437.2
2008-07-23,2.62223,2.68744,2.62039,2.6824,21431.8
2008-07-24,2.68278,2.69278,2.66812,2.67076,21417.6
2008-07-25,2.67094,2.68697,2.66469,2.68345,20259.2
2008-07-26,2.68345,2.68345,2.68345,2.68345,0.0
2008-07-27,2.68345,2.68518,2.67334,2.67698,2154.6
2008-07-28,2.67717,2.68387,2.66517,2.67366,21390.6
2008-07-29,2.67362,2.69668,2.66912,2.67898,21455.0
2008-07-30,2.67926,2.70361,2.67699,2.69594,21437.2
2008-07-31,2.69631,2.71142,2.69121,2.70986,21438.6
2008-08-01,2.70963,2.73027,2.70568,2.71282,20212.4
2008-08-02,2.71282,2.71282,2.71282,2.71282,0.0
2008-08-03,2.71282,2.71585,2.7051,2.71124,2717.2
2008-08-04,2.71141,2.71499,2.68178,2.69419,21435.8
2008-08-05,2.69439,2.70686,2.6863,2.69127,21476.4
2008-08-06,2.69142,2.71746,2.68935,2.6994,21461.2
2008-08-07,2.69954,2.72434,2.69954,2.72341,21468.4
2008-08-08,2.72351,2.76064,2.7163,2.72852,20148.6
2008-08-09,2.72852,2.72852,2.72852,2.72852,0.0
2008-08-10,2.72852,2.73284,2.71526,2.73069,2356.6
2008-08-11,2.73076,2.74574,2.71424,2.73303,21486.4
2008-08-12,2.73297,2.74162,2.71184,2.73721,21486.2
2008-08-13,2.73747,2.7746,2.65151,2.66807,21476.0
2008-08-14,2.6688,2.67658,2.65221,2.6683,21462.6
2008-08-15,2.66808,2.67418,2.63212,2.63952,20189.8
2008-08-16,2.63952,2.63952,2.63952,2.63952,0.0
2008-08-17,2.63952,2.64978,2.63237,2.64472,2760.2
2008-08-18,2.64483,2.64617,2.60663,2.62645,21474.8
2008-08-19,2.62633,2.63827,2.60922,2.61081,21469.6
2008-08-20,2.61044,2.61938,2.60631,2.61173,21435.8
2008-08-21,2.61185,2.62406,2.60049,2.60837,21409.4
2008-08-22,2.60827,2.61497,2.59844,2.60825,20233.0
2008-08-23,2.60825,2.60825,2.60825,2.60825,0.0
2008-08-24,2.60825,2.61435,2.6051,2.60795,2480.0
2008-08-25,2.60807,2.6521,2.60172,2.64834,21429.4
2008-08-26,2.64918,2.66939,2.63305,2.64237,21451.0
2008-08-27,2.64228,2.64426,2.60968,2.61151,21445.8
2008-08-28,2.61136,2.61227,2.59341,2.60047,21465.0
2008-08-29,2.60056,2.60586,2.58901,2.604,20070.2
2008-08-30,2.604,2.604,2.604,2.604,0.0
2008-08-31,2.604,2.604,2.58264,2.58866,2600.6
2008-09-01,2.58885,2.59584,2.57314,2.58443,21453.8
2008-09-02,2.58444,2.62214,2.57921,2.606,21472.6
2008-09-03,2.60635,2.63305,2.57982,2.59042,21477.6
2008-09-04,2.59162,2.66484,2.58927,2.64687,21491.4
2008-09-05,2.64743,2.66347,2.62399,2.63722,20187.2
2008-09-06,2.63722,2.63722,2.63722,2.63722,0.0
2008-09-07,2.63722,2.65794,2.60867,2.63261,2986.0
2008-09-08,2.63364,2.6351,2.60004,2.62169,21482.0
2008-09-09,2.62196,2.64909,2.59904,2.64082,21474.2
2008-09-10,2.64053,2.6861,2.6177,2.68011,21482.4
2008-09-11,2.67962,2.71611,2.67334,2.6851,21483.8
2008-09-12,2.68557,2.7073,2.67728,2.68195,20284.0
2008-09-13,2.68195,2.68195,2.68195,2.68195,0.0
2008-09-14,2.68195,2.70995,2.67815,2.68929,2322.2
2008-09-15,2.68958,2.74543,2.68303,2.73768,21480.8
2008-09-16,2.73644,2.76334,2.69173,2.69296,21467.4
2008-09-17,2.69316,2.76125,2.67908,2.74677,21474.8
2008-09-18,2.74677,2.74988,2.68146,2.69028,21486.8
2008-09-19,2.69084,2.69693,2.64359,2.65945,20284.4
2008-09-20,2.65945,2.65945,2.65945,2.65945,0.0
2008-09-21,2.65945,2.68347,2.64836,2.66544,2549.0
2008-09-22,2.66552,2.69487,2.65024,2.68621,21461.2
2008-09-23,2.68552,2.72559,2.68259,2.72049,21499.6
2008-09-24,2.72037,2.72931,2.69432,2.70587,21444.8
2008-09-25,2.70558,2.71302,2.67771,2.68046,21444.2
2008-09-26,2.68035,2.69472,2.67162,2.68412,20255.8
2008-09-27,2.68412,2.68412,2.68412,2.68412,0.0
2008-09-28,2.68412,2.68628,2.65792,2.65792,2776.8
2008-09-29,2.65802,2.70724,2.65371,2.69012,21444.6
2008-09-30,2.6899,2.70027,2.64849,2.66304,21490.8
2008-10-01,2.66352,2.67078,2.62063,2.62678,21476.8
2008-10-02,2.62662,2.68659,2.6237,2.67875,21502.8
2008-10-03,2.67895,2.69048,2.6497,2.67805,20322.2
2008-10-04,2.67805,2.67805,2.67805,2.67805,0.0
2008-10-05,2.67805,2.69729,2.66297,2.69458,2552.0
2008-10-06,2.69433,2.81235,2.68656,2.7506,21505.4
2008-10-07,2.7506,2.81299,2.72674,2.8004,21484.2
2008-10-08,2.80105,3.00833,2.79395,2.87807,21486.6
2008-10-09,2.87832,2.90367,2.76824,2.84395,21479.8
2008-10-10,2.84514,2.88558,2.81532,2.86612,19988.6
2008-10-11,2.86612,2.86612,2.86612,2.86612,0.0
2008-10-12,2.86612,2.87494,2.78537,2.79047,2799.2
2008-10-13,2.79195,2.89474,2.78611,2.80883,21472.6
2008-10-14,2.80781,2.82747,2.76489,2.81527,21482.0
2008-10-15,2.81518,2.89639,2.79879,2.87587,21488.4
2008-10-16,2.87495,2.87547,2.78601,2.82197,21474.4
2008-10-17,2.82226,2.84659,2.78445,2.82085,20278.2
2008-10-18,2.82085,2.82085,2.82085,2.82085,0.0
2008-10-19,2.82085,2.84935,2.8023,2.83043,2163.0
2008-10-20,2.83007,2.84004,2.73385,2.76124,21454.2
2008-10-21,2.76169,2.79767,2.71773,2.71927,21463.0
2008-10-22,2.71961,2.7889,2.70879,2.75291,21483.6
2008-10-23,2.75159,2.7827,2.70058,2.72018,21472.4
2008-10-24,2.72154,2.86795,2.71925,2.86332,20056.0
2008-10-25,2.86332,2.86332,2.86332,2.86332,0.0
2008-10-26,2.86332,2.86332,2.80996,2.83068,2297.6
2008-10-27,2.83207,2.90005,2.80362,2.83621,21435.2
2008-10-28,2.8363,2.86145,2.77404,2.78571,21472.4
2008-10-29,2.78643,2.82205,2.75863,2.80778,21468.6
2008-10-30,2.80778,2.83011,2.75186,2.7781,21445.4
2008-10-31,2.7779,2.80894,2.74759,2.75595,20274.0
2008-11-01,2.75595,2.75595,2.75595,2.75595,0.0
2008-11-02,2.75595,2.75644,2.73512,2.7409,1044.8
2008-11-03,2.74148,2.75744,2.64853,2.66483,21374.6
2008-11-04,2.66456,2.68436,2.61039,2.62298,21500.6
2008-11-05,2.62334,2.67159,2.61056,2.64515,21514.2
2008-11-06,2.64467,2.67906,2.61275,2.66245,21507.0
2008-11-07,2.66254,2.69425,2.63872,2.64465,20618.8
2008-11-08,2.64465,2.64465,2.64465,2.64465,0.0
2008-11-09,2.64465,2.64876,2.62555,2.64195,1972.8
2008-11-10,2.64077,2.70051,2.60852,2.68102,21478.0
2008-11-11,2.68121,2.70575,2.65665,2.68896,21499.0
2008-11-12,2.68989,2.69167,2.63942,2.6707,21508.8
2008-11-13,2.66959,2.692,2.5745,2.60905,21493.8
2008-11-14,2.60948,2.66684,2.59959,2.66488,20777.0
2008-11-15,2.66488,2.66488,2.66488,2.66488,0.0
2008-11-16,2.66488,2.67833,2.6492,2.66801,2068.4
2008-11-17,2.66746,2.72585,2.64236,2.7167,21490.8
2008-11-18,2.71674,2.74304,2.69713,2.70749,21482.2
2008-11-19,2.70762,2.76372,2.70688,2.76154,21492.4
2008-11-20,2.76188,2.8382,2.7404,2.8216,21502.4
2008-11-21,2.82237,2.85022,2.76626,2.77847,20692.8
2008-11-22,2.77847,2.77847,2.77847,2.77847,0.0
2008-11-23,2.77847,2.7807,2.75932,2.77196,2237.2
2008-11-24,2.77308,2.81783,2.75227,2.76599,21492.8
2008-11-25,2.76533,2.85596,2.74666,2.82014,21533.0
2008-11-26,2.81986,2.82255,2.75483,2.77023,21495.2
2008-11-27,2.77025,2.81189,2.76979,2.79018,21373.0
2008-11-28,2.79043,2.80941,2.77689,2.80183,20629.4
2008-11-29,2.80183,2.80183,2.80183,2.80183,0.0
2008-11-30,2.80183,2.82255,2.79203,2.81489,1944.0
2008-12-01,2.8152,2.85259,2.76089,2.81961,21505.8
2008-12-02,2.82066,2.83718,2.76797,2.79588,21500.2
2008-12-03,2.79619,2.82356,2.7607,2.76862,21532.4
2008-12-04,2.76936,2.78456,2.70569,2.75454,21501.0
2008-12-05,2.75452,2.79416,2.74408,2.74662,20592.6
2008-12-06,2.74662,2.74662,2.74662,2.74662,0.0
2008-12-07,2.74662,2.76312,2.73524,2.74826,2085.8
2008-12-08,2.74958,2.77057,2.71458,2.72529,21502.6
2008-12-09,2.72537,2.75703,2.71191,2.72342,21537.0
2008-12-10,2.72409,2.73587,2.68863,2.71416,21492.2
2008-12-11,2.71462,2.73525,2.68607,2.72476,21504.0
2008-12-12,2.72421,2.75686,2.71247,2.72953,20727.2
2008-12-13,2.72953,2.72953,2.72953,2.72953,0.0
2008-12-14,2.72953,2.74905,2.72613,2.72637,1778.2
2008-12-15,2.72627,2.77036,2.70162,2.75511,21507.4
2008-12-16,2.75623,2.76033,2.6751,2.69119,21462.0
2008-12-17,2.69064,2.69791,2.60812,2.61217,21527.2
2008-12-18,2.61342,2.62942,2.51982,2.56598,21462.4
2008-12-19,2.56658,2.6168,2.56486,2.60148,20575.0
2008-12-20,2.60148,2.60148,2.60148,2.60148,0.0
2008-12-21,2.60148,2.60275,2.59231,2.5943,1411.8
2008-12-22,2.59493,2.5953,2.55172,2.58127,21454.4
2008-12-23,2.58102,2.60255,2.54826,2.59101,21367.0
2008-12-24,2.59098,2.60394,2.54349,2.55887,20754.8
2008-12-25,2.55747,2.58349,2.55127,2.56767,6759.6
2008-12-26,2.5602,2.57073,2.51442,2.53055,18660.4
2008-12-27,2.53055,2.53055,2.53055,2.53055,0.0
2008-12-28,2.53055,2.54376,2.51921,2.53877,1834.4
2008-12-29,2.53995,2.55473,2.48421,2.49614,21504.4
2008-12-30,2.49599,2.51658,2.48465,2.49986,21480.6
2008-12-31,2.49991,2.55081,2.45429,2.52562,20474.6
2009-01-01,2.52562,2.5361,2.47671,2.52147,9134.2
2009-01-02,2.52146,2.54003,2.46333,2.48325,20661.0
2009-01-03,2.48325,2.48325,2.48325,2.48325,0.0
2009-01-04,2.48325,2.48325,2.4573,2.45755,2174.6
2009-01-05,2.45721,2.50197,2.44674,2.49785,21523.6
2009-01-06,2.49785,2.518,2.45215,2.49837,21541.6
2009-01-07,2.49806,2.56498,2.47851,2.55855,21554.0
2009-01-08,2.5579,2.59886,2.54743,2.55934,21533.0
2009-01-09,2.55937,2.59084,2.54802,2.56428,20832.2
2009-01-10,2.56428,2.56428,2.56428,2.56428,0.0
2009-01-11,2.56428,2.57397,2.55253,2.56169,1990.2
2009-01-12,2.56236,2.58834,2.54995,2.5881,21543.8
2009-01-13,2.58882,2.65092,2.58197,2.62365,21510.6
2009-01-14,2.62489,2.70372,2.60899,2.68914,21517.4
2009-01-15,2.68895,2.76375,2.67705,2.70813,21533.0
2009-01-16,2.7082,2.741,2.68249,2.69185,20761.8
2009-01-17,2.69185,2.69185,2.69185,2.69185,0.0
2009-01-18,2.69185,2.70695,2.68033,2.69382,2421.8
2009-01-19,2.69388,2.69511,2.64922,2.6822,21512.2
2009-01-20,2.68189,2.68612,2.61089,2.66984,21567.0
2009-01-21,2.66984,2.674,2.60805,2.61733,21570.6
2009-01-22,2.61572,2.64698,2.59817,2.62915,21565.0
2009-01-23,2.62924,2.63044,2.57791,2.60185,20748.0
2009-01-24,2.60185,2.60185,2.60185,2.60185,0.0
2009-01-25,2.60185,2.60395,2.56527,2.58,1811.2
2009-01-26,2.5783,2.66095,2.5615,2.63659,21551.2
2009-01-27,2.63641,2.68521,2.63471,2.68316,21553.2
2009-01-28,2.68247,2.73104,2.66406,2.72116,21574.6
2009-01-29,2.7218,2.79048,2.71689,2.7801,21555.6
2009-01-30,2.7798,2.85953,2.77084,2.85938,20810.6
2009-01-31,2.85938,2.85938,2.85938,2.85938,0.0
2009-02-01,2.85938,2.85938,2.82745,2.82879,2176.8
2009-02-02,2.8279,2.86344,2.81166,2.82202,21556.4
2009-02-03,2.82211,2.83672,2.78383,2.82537,21553.2
2009-02-04,2.82504,2.85912,2.80248,2.8348,21539.4
2009-02-05,2.8357,2.86926,2.81537,2.83352,21564.0
2009-02-06,2.8325,2.85886,2.76159,2.76956,20726.4
2009-02-07,2.76956,2.77787,2.76956,2.77787,20.0
2009-02-08,2.77787,2.7987,2.77505,2.78484,1756.0
2009-02-09,2.78636,2.81681,2.73741,2.77732,21539.4
2009-02-10,2.77745,2.79284,2.7271,2.77125,21557.0
2009-02-11,2.77085,2.77328,2.72272,2.73342,21554.6
2009-02-12,2.73326,2.75397,2.71022,2.73285,21583.4
2009-02-13,2.73284,2.76673,2.72528,2.74557,20749.6
2009-02-14,2.74557,2.74557,2.74557,2.74557,0.0
2009-02-15,2.74557,2.74557,2.71545,2.73227,2970.6
2009-02-16,2.73147,2.7616,2.72514,2.74583,21556.8
2009-02-17,2.74406,2.81055,2.7417,2.80196,21577.4
2009-02-18,2.80211,2.80425,2.7583,2.78549,21588.4
2009-02-19,2.78535,2.80862,2.77618,2.80098,21584.6
2009-02-20,2.79996,2.83406,2.79601,2.81863,20837.2
2009-02-21,2.81863,2.81863,2.81863,2.81863,0.0
2009-02-22,2.81863,2.829,2.80994,2.81923,2016.0
2009-02-23,2.8191,2.86144,2.80525,2.85278,21575.4
2009-02-24,2.85222,2.8624,2.80745,2.82442,21578.6
2009-02-25,2.82452,2.83466,2.77596,2.79045,21564.0
2009-02-26,2.79025,2.82007,2.77905,2.81543,21561.6
2009-02-27,2.81519,2.85919,2.8098,2.85687,20721.2
2009-02-28,2.85687,2.85687,2.85687,2.85687,0.0
2009-03-01,2.85687,2.8743,2.84933,2.86798,2702.2
2009-03-02,2.86674,2.88967,2.83,2.84659,21572.4
2009-03-03,2.84764,2.85023,2.81097,2.83718,21547.4
2009-03-04,2.83683,2.85547,2.78629,2.81052,21554.2
2009-03-05,2.81002,2.83859,2.79866,2.8313,21562.0
2009-03-06,2.83043,2.84264,2.79133,2.80215,20785.8
2009-03-07,2.80215,2.80215,2.80215,2.80215,0.0
2009-03-08,2.80215,2.80806,2.79392,2.80083,2044.8
2009-03-09,2.80083,2.80978,2.76999,2.7854,21555.2
2009-03-10,2.78532,2.78966,2.7202,2.72629,21564.8
2009-03-11,2.72674,2.74677,2.69313,2.70565,21548.2
2009-03-12,2.70634,2.72018,2.66488,2.67459,21563.8
2009-03-13,2.67547,2.68569,2.65527,2.66627,20230.8
2009-03-14,2.66627,2.66627,2.66627,2.66627,0.0
2009-03-15,2.66627,2.67438,2.65774,2.6674,2399.4
2009-03-16,2.66786,2.68153,2.63647,2.65681,21542.6
2009-03-17,2.65608,2.66412,2.62817,2.65047,21530.8
2009-03-18,2.64992,2.65994,2.60087,2.62093,21527.0
2009-03-19,2.6211,2.63475,2.59558,2.6012,21502.6
2009-03-20,2.60222,2.60669,2.56833,2.58775,20276.0
2009-03-21,2.58775,2.58775,2.58775,2.58775,0.0
2009-03-22,2.58775,2.58895,2.57594,2.58046,2359.0
2009-03-23,2.58067,2.58473,2.53837,2.55041,21500.4
2009-03-24,2.54955,2.61576,2.54693,2.60817,21498.8
2009-03-25,2.60945,2.6315,2.54594,2.55719,21538.2
2009-03-26,2.55723,2.56584,2.4979,2.50115,21556.6
2009-03-27,2.50129,2.52781,2.49197,2.51187,20198.4
2009-03-28,2.51187,2.51187,2.51187,2.51187,0.0
2009-03-29,2.51187,2.5211,2.48758,2.516,2638.6
2009-03-30,2.51595,2.53977,2.5106,2.53641,21517.6
2009-03-31,2.5368,2.56741,2.49831,2.56078,21528.2
2009-04-01,2.56195,2.58564,2.53573,2.55382,21528.0
2009-04-02,2.55436,2.56403,2.50133,2.50556,21503.6
2009-04-03,2.50497,2.5613,2.49799,2.53225,20325.0
2009-04-04,2.53225,2.53225,2.53225,2.53225,0.0
2009-04-05,2.53225,2.53308,2.5079,2.50991,2260.0
2009-04-06,2.51004,2.53356,2.49633,2.52486,21510.6
2009-04-07,2.52534,2.56612,2.51433,2.55706,21481.4
2009-04-08,2.55714,2.57249,2.53392,2.53775,21520.8
2009-04-09,2.53788,2.54252,2.50869,2.5109,21401.8
2009-04-10,2.51114,2.51925,2.50469,2.51412,19340.4
2009-04-11,2.51412,2.51412,2.51412,2.51412,0.0
2009-04-12,2.51412,2.52005,2.48456,2.49567,2239.6
2009-04-13,2.49653,2.52337,2.49554,2.50933,21421.4
2009-04-14,2.50879,2.56195,2.50778,2.55781,21551.2
2009-04-15,2.55796,2.60876,2.55194,2.59208,21566.4
2009-04-16,2.59304,2.63153,2.59004,2.59795,21554.6
2009-04-17,2.59828,2.61714,2.57845,2.60407,20313.2
2009-04-18,2.60407,2.60407,2.60407,2.60407,0.0
2009-04-19,2.60407,2.61275,2.5891,2.60005,2400.0
2009-04-20,2.60118,2.64542,2.58225,2.62234,21539.2
2009-04-21,2.62242,2.63414,2.59587,2.62137,21507.4
2009-04-22,2.62019,2.63568,2.58663,2.60729,21520.0
2009-04-23,2.60573,2.62795,2.58554,2.61798,21524.6
2009-04-24,2.61782,2.61805,2.55268,2.56272,20237.4
2009-04-25,2.56272,2.56272,2.56272,2.56272,0.0
2009-04-26,2.56272,2.59305,2.55303,2.58205,2374.6
2009-04-27,2.58198,2.59715,2.56266,2.59603,21531.0
2009-04-28,2.59598,2.63166,2.59367,2.60501,21543.4
2009-04-29,2.60518,2.61713,2.55818,2.61327,21537.8
2009-04-30,2.61348,2.62455,2.59034,2.61125,21539.6
2009-05-01,2.61108,2.62603,2.59313,2.61565,20202.2
2009-05-02,2.61565,2.61565,2.61565,2.61565,0.0
2009-05-03,2.61565,2.61565,2.59732,2.60232,1986.0
2009-05-04,2.60286,2.61492,2.58662,2.6018,21524.8
2009-05-05,2.60218,2.61533,2.57741,2.59898,21453.4
2009-05-06,2.59822,2.60494,2.5647,2.57427,21532.4
2009-05-07,2.57387,2.57681,2.51163,2.52933,21515.0
2009-05-08,2.52922,2.53921,2.50916,2.52142,20201.2
2009-05-09,2.52142,2.52142,2.52142,2.52142,0.0
2009-05-10,2.52142,2.52848,2.50516,2.50586,2285.0
2009-05-11,2.5055,2.52885,2.48403,2.51603,21506.8
2009-05-12,2.51606,2.53503,2.50417,2.51837,21496.6
2009-05-13,2.51902,2.56976,2.50783,2.54905,21435.8
2009-05-14,2.55003,2.57289,2.54208,2.56311,21498.0
2009-05-15,2.56347,2.59815,2.55976,2.59325,20255.6
2009-05-16,2.59325,2.59325,2.59325,2.59325,0.0
2009-05-17,2.59325,2.59625,2.57856,2.59007,2291.2
2009-05-18,2.58964,2.59626,2.5637,2.57223,21464.0
2009-05-19,2.57166,2.57603,2.55285,2.56669,21462.6
2009-05-20,2.56613,2.60592,2.54658,2.59433,21467.0
2009-05-21,2.59429,2.61053,2.57156,2.58334,21487.8
2009-05-22,2.58222,2.5864,2.55065,2.56482,20155.8
2009-05-23,2.56482,2.56482,2.56482,2.56482,0.0
2009-05-24,2.56482,2.59205,2.56327,2.57568,2441.0
2009-05-25,2.57542,2.57819,2.55936,2.56515,21424.4
2009-05-26,2.56532,2.59039,2.5422,2.5627,21468.8
2009-05-27,2.56259,2.59944,2.5608,2.59039,21465.0
2009-05-28,2.59022,2.60452,2.54067,2.55179,21449.4
2009-05-29,2.5522,2.55604,2.51301,2.52795,20278.0
2009-05-30,2.52795,2.52795,2.52795,2.52795,0.0
2009-05-31,2.52795,2.53656,2.51672,2.53182,2448.0
2009-06-01,2.53229,2.53786,2.50978,2.53762,21452.6
2009-06-02,2.53672,2.54168,2.51194,2.53098,21427.0
2009-06-03,2.5312,2.59042,2.52811,2.56636,21456.8
2009-06-04,2.56638,2.59373,2.53932,2.54773,21450.2
2009-06-05,2.54782,2.5524,2.50853,2.55032,20156.2
2009-06-06,2.55032,2.55032,2.55032,2.55032,0.0
2009-06-07,2.55032,2.55271,2.5389,2.54531,2439.2
2009-06-08,2.54543,2.59775,2.53134,2.58252,21408.6
2009-06-09,2.58192,2.60626,2.57642,2.60254,21454.4
2009-06-10,2.60279,2.61457,2.57692,2.58031,21431.8
2009-06-11,2.58064,2.58206,2.55453,2.57083,21421.2
2009-06-12,2.57104,2.57823,2.5493,2.55515,20213.8
2009-06-13,2.55515,2.55515,2.55515,2.55515,0.0
2009-06-14,2.55515,2.57592,2.55225,2.56874,2367.4
2009-06-15,2.56876,2.59112,2.56101,2.58459,21418.6
2009-06-16,2.58473,2.61415,2.57576,2.61415,21439.2
2009-06-17,2.61404,2.61491,2.57498,2.58644,21430.2
2009-06-18,2.5856,2.59552,2.54004,2.55822,21433.0
2009-06-19,2.55797,2.57325,2.55009,2.56552,20131.2
2009-06-20,2.56552,2.56552,2.56552,2.56552,0.0
2009-06-21,2.56552,2.56982,2.55858,2.56657,2423.4
2009-06-22,2.56655,2.6029,2.56581,2.59839,21407.8
2009-06-23,2.59824,2.60196,2.56025,2.57175,21416.2
2009-06-24,2.5716,2.58004,2.54713,2.57103,21412.0
2009-06-25,2.57122,2.57287,2.52852,2.55163,21431.2
2009-06-26,2.5517,2.56214,2.54087,2.55735,20284.6
2009-06-27,2.55735,2.55735,2.55735,2.55735,0.0
2009-06-28,2.55735,2.56145,2.54718,2.54962,2024.2
2009-06-29,2.54979,2.56198,2.53351,2.53713,21360.6
2009-06-30,2.53727,2.56111,2.53506,2.54801,21387.0
2009-07-01,2.54747,2.57799,2.54005,2.57071,21382.0
2009-07-02,2.57082,2.60901,2.56286,2.60323,21386.8
2009-07-03,2.60261,2.60672,2.57437,2.5845,19653.0
2009-07-04,2.5845,2.5845,2.5845,2.5845,0.0
2009-07-05,2.5845,2.59834,2.5845,2.59413,2728.0
2009-07-06,2.59311,2.59908,2.55256,2.55595,21366.2
2009-07-07,2.55585,2.56671,2.53583,2.56153,21347.8
2009-07-08,2.56097,2.57801,2.55037,2.56315,21390.0
2009-07-09,2.56306,2.59588,2.55043,2.57997,21324.8
2009-07-10,2.57987,2.60121,2.5722,2.58285,20147.2
2009-07-11,2.58285,2.58285,2.58285,2.58285,0.0
2009-07-12,2.58285,2.58285,2.57446,2.57465,2132.6
2009-07-13,2.57417,2.59075,2.55819,2.56657,21312.2
2009-07-14,2.56612,2.57648,2.54336,2.54792,21300.4
2009-07-15,2.5485,2.55723,2.51959,2.53217,21327.6
2009-07-16,2.53169,2.56311,2.5275,2.53432,21302.2
2009-07-17,2.53402,2.54507,2.52336,2.53222,19996.6
2009-07-18,2.53222,2.53222,2.53222,2.53222,0.0
2009-07-19,2.53222,2.53615,2.52748,2.52856,2107.8
2009-07-20,2.52856,2.53107,2.51118,2.51468,21257.0
2009-07-21,2.51491,2.52498,2.49499,2.50049,21239.4
2009-07-22,2.50008,2.50828,2.48498,2.49685,21284.0
2009-07-23,2.49659,2.52581,2.4915,2.51881,21287.6
2009-07-24,2.51841,2.52125,2.49585,2.50365,20077.8
2009-07-25,2.50365,2.50365,2.50365,2.50365,0.0
2009-07-26,2.50365,2.50852,2.49636,2.5073,2334.6
2009-07-27,2.50729,2.51851,2.48953,2.51187,21267.6
2009-07-28,2.51187,2.51588,2.48883,2.50268,21272.8
2009-07-29,2.50253,2.52402,2.48784,2.51887,21280.8
2009-07-30,2.51918,2.53419,2.51632,2.52693,21289.8
2009-07-31,2.52708,2.53405,2.51337,2.52375,20066.6
2009-08-01,2.52375,2.52375,2.52375,2.52375,0.0
2009-08-02,2.52375,2.53489,2.51916,2.52307,2198.8
2009-08-03,2.52317,2.54031,2.51833,2.53271,21226.8
2009-08-04,2.53193,2.54739,2.50932,2.51389,21232.2
2009-08-05,2.51298,2.53249,2.51198,2.52932,21240.4
2009-08-06,2.52987,2.53531,2.49657,2.50346,21225.0
2009-08-07,2.50311,2.50379,2.46723,2.48238,19937.4
2009-08-08,2.48238,2.48238,2.48238,2.48238,0.0
2009-08-09,2.48238,2.49358,2.4793,2.48203,2629.8
2009-08-10,2.48215,2.48346,2.43097,2.43706,21252.2
2009-08-11,2.43674,2.47159,2.4339,2.46943,21245.0
2009-08-12,2.46918,2.48594,2.44239,2.45742,21227.0
2009-08-13,2.45732,2.45879,2.43554,2.43882,21252.0
2009-08-14,2.43828,2.44433,2.40792,2.43772,19888.2
2009-08-15,2.43772,2.43772,2.43772,2.43772,0.0
2009-08-16,2.43772,2.45065,2.43566,2.43937,2287.6
2009-08-17,2.43974,2.45839,2.43552,2.44213,21153.2
2009-08-18,2.4423,2.45953,2.43534,2.45078,21136.2
2009-08-19,2.4516,2.45829,2.44301,2.44986,21169.2
2009-08-20,2.45007,2.45162,2.43272,2.43662,21141.4
2009-08-21,2.43639,2.44612,2.40986,2.41665,19993.6
2009-08-22,2.41665,2.41665,2.41665,2.41665,0.0
2009-08-23,2.41665,2.41775,2.40454,2.40852,2081.2
2009-08-24,2.40829,2.41294,2.38379,2.39376,21048.6
2009-08-25,2.39375,2.39644,2.37786,2.38724,21049.6
2009-08-26,2.38644,2.38823,2.36979,2.38367,21047.4
2009-08-27,2.38373,2.39187,2.36101,2.3665,21069.2
2009-08-28,2.36579,2.3829,2.36442,2.37643,19736.4
2009-08-29,2.37643,2.37643,2.37643,2.37643,0.0
2009-08-30,2.37643,2.37884,2.37153,2.37784,2273.6
2009-08-31,2.3777,2.3858,2.36826,2.37445,20756.4
2009-09-01,2.37506,2.39951,2.36552,2.38666,20808.2
2009-09-02,2.38705,2.42222,2.38598,2.41249,20808.6
2009-09-03,2.4127,2.41619,2.40124,2.40413,20713.4
2009-09-04,2.40384,2.40661,2.37612,2.38345,19464.2
2009-09-05,2.38345,2.38345,2.38345,2.38345,0.0
2009-09-06,2.38345,2.38417,2.37619,2.37963,2103.0
2009-09-07,2.37982,2.38309,2.35387,2.35944,19373.8
2009-09-08,2.3593,2.38016,2.35703,2.36671,23609.8
2009-09-09,2.36637,2.38656,2.36299,2.36835,23916.8
2009-09-10,2.36897,2.38958,2.36246,2.36739,23927.0
2009-09-11,2.36725,2.37529,2.3517,2.35462,22556.6
2009-09-12,2.35462,2.35462,2.35462,2.35462,0.0
2009-09-13,2.35462,2.36689,2.35245,2.36262,2795.0
2009-09-14,2.36313,2.38035,2.36051,2.36726,23909.8
2009-09-15,2.36732,2.37095,2.33501,2.33682,23911.8
2009-09-16,2.33689,2.33932,2.30429,2.30735,23901.4
2009-09-17,2.30763,2.32704,2.30477,2.31375,23875.4
2009-09-18,2.31319,2.31351,2.28729,2.29595,22693.6
2009-09-19,2.29595,2.29595,2.29595,2.29595,0.0
2009-09-20,2.29595,2.29595,2.28512,2.29166,2173.2
2009-09-21,2.29209,2.3013,2.26708,2.2706,23854.4
2009-09-22,2.27101,2.27554,2.24284,2.24792,23883.4
2009-09-23,2.24858,2.27662,2.24798,2.27394,23911.6
2009-09-24,2.27384,2.2747,2.22525,2.23678,23877.2
2009-09-25,2.23659,2.23942,2.2138,2.21685,22735.2
2009-09-26,2.21685,2.21685,2.21685,2.21685,0.0
2009-09-27,2.21685,2.2283,2.19529,2.19999,2317.2
2009-09-28,2.19969,2.22923,2.19811,2.21245,23874.4
2009-09-29,2.21243,2.23417,2.19923,2.22596,23885.4
2009-09-30,2.22544,2.23524,2.20508,2.21119,23894.4
2009-10-01,2.21091,2.23261,2.20344,2.22832,23870.2
2009-10-02,2.228,2.23967,2.2082,2.22293,22551.0
2009-10-03,2.22293,2.22293,2.22293,2.22293,0.0
2009-10-04,2.22293,2.22991,2.21801,2.22903,3084.2
2009-10-05,2.22909,2.23087,2.17692,2.18446,23810.8
2009-10-06,2.18452,2.18687,2.15734,2.16492,23914.0
2009-10-07,2.1652,2.17605,2.14465,2.15875,23924.4
2009-10-08,2.15909,2.17717,2.15087,2.16444,23900.8
2009-10-09,2.16485,2.17372,2.15238,2.15605,22676.2
2009-10-10,2.15605,2.15605,2.15605,2.15605,0.0
2009-10-11,2.15605,2.1607,2.1529,2.1582,2521.8
2009-10-12,2.1583,2.17845,2.1379,2.13943,23909.8
2009-10-13,2.13949,2.1692,2.12906,2.15608,23873.6
2009-10-14,2.15658,2.17301,2.14665,2.15051,23904.2
2009-10-15,2.15006,2.19282,2.14354,2.18226,23879.8
2009-10-16,2.18228,2.21467,2.1789,2.20755,22670.6
2009-10-17,2.20755,2.20755,2.20755,2.20755,0.0
2009-10-18,2.20755,2.21126,2.20181,2.20621,2398.6
2009-10-19,2.20647,2.21031,2.16209,2.16889,23868.0
2009-10-20,2.16885,2.19898,2.16854,2.18274,23847.0
2009-10-21,2.18173,2.20659,2.17336,2.19206,23864.6
2009-10-22,2.19213,2.21028,2.18627,2.19183,23859.6
2009-10-23,2.19182,2.20711,2.15676,2.15952,22502.6
2009-10-24,2.15952,2.15952,2.15952,2.15952,0.0
2009-10-25,2.15952,2.16517,2.15666,2.15817,3366.0
2009-10-26,2.15887,2.18956,2.15275,2.18314,23817.4
2009-10-27,2.18351,2.20405,2.17628,2.19993,23832.6
2009-10-28,2.19939,2.27478,2.19543,2.27469,23853.8
2009-10-29,2.27456,2.2834,2.24719,2.26801,23847.6
2009-10-30,2.26802,2.29552,2.25585,2.29183,22593.6
2009-10-31,2.29183,2.29183,2.29183,2.29183,0.0
2009-11-01,2.29183,2.30739,2.28545,2.29912,2435.6
2009-11-02,2.29937,2.30059,2.25881,2.27565,23805.2
2009-11-03,2.27554,2.29365,2.26213,2.27147,23817.4
2009-11-04,2.27025,2.29128,2.27025,2.29128,23807.8
2009-11-05,2.29239,2.30798,2.28803,2.29566,23834.2
2009-11-06,2.29549,2.30238,2.28101,2.28877,23039.0
2009-11-07,2.28877,2.28877,2.28877,2.28877,0.0
2009-11-08,2.28877,2.28877,2.26366,2.26842,3487.0
2009-11-09,2.26802,2.28364,2.24773,2.25255,23776.2
2009-11-10,2.25275,2.26408,2.24378,2.25731,23762.0
2009-11-11,2.25762,2.26193,2.2345,2.23818,23740.8
2009-11-12,2.23882,2.26651,2.23188,2.25969,23737.4
2009-11-13,2.25958,2.2684,2.23999,2.24168,23114.6
2009-11-14,2.24168,2.24168,2.24168,2.24168,0.0
2009-11-15,2.24168,2.25094,2.24111,2.24798,2043.8
2009-11-16,2.24853,2.25596,2.24117,2.2473,23698.2
2009-11-17,2.24729,2.26348,2.24232,2.25461,23712.6
2009-11-18,2.25353,2.25834,2.24031,2.24514,23667.2
2009-11-19,2.24517,2.28409,2.24512,2.27839,23675.4
2009-11-20,2.27853,2.29017,2.27123,2.27743,22934.2
2009-11-21,2.27743,2.27743,2.27743,2.27743,0.0
2009-11-22,2.27743,2.2863,2.27454,2.27698,2282.0
2009-11-23,2.27738,2.27976,2.25734,2.2693,23624.4
2009-11-24,2.26939,2.29334,2.26804,2.28412,23626.4
2009-11-25,2.28408,2.2957,2.27752,2.28572,23655.8
2009-11-26,2.28558,2.32698,2.28535,2.3163,23624.6
2009-11-27,2.31727,2.32678,2.30085,2.31922,22835.2
2009-11-28,2.31922,2.31922,2.31922,2.31922,0.0
2009-11-29,2.31922,2.31922,2.30427,2.30915,2309.2
2009-11-30,2.30924,2.31588,2.28588,2.29112,23581.6
2009-12-01,2.29081,2.29762,2.27033,2.28679,23578.6
2009-12-02,2.28643,2.3081,2.27553,2.29929,23607.0
2009-12-03,2.29887,2.29934,2.28057,2.29112,23579.6
2009-12-04,2.29095,2.30822,2.28542,2.29927,22877.0
2009-12-05,2.29927,2.29927,2.29927,2.29927,0.0
2009-12-06,2.29927,2.30117,2.29085,2.29769,2982.8
2009-12-07,2.29818,2.30748,2.29306,2.3008,23525.4
2009-12-08,2.3009,2.30544,2.28114,2.29991,23534.4
2009-12-09,2.30011,2.30097,2.25046,2.25335,23501.6
2009-12-10,2.25341,2.25503,2.2203,2.23373,23510.4
2009-12-11,2.23378,2.2471,2.233,2.24217,22864.2
2009-12-12,2.24217,2.24217,2.24217,2.24217,0.0
2009-12-13,2.24217,2.24595,2.23605,2.2387,1781.8
2009-12-14,2.23929,2.24962,2.23204,2.24194,23407.0
2009-12-15,2.24173,2.25568,2.23812,2.2537,23415.8
2009-12-16,2.25369,2.27434,2.25094,2.26822,23395.2
2009-12-17,2.2678,2.28472,2.2596,2.27678,23406.6
2009-12-18,2.27712,2.28408,2.26363,2.26687,22639.2
2009-12-19,2.26687,2.26687,2.26687,2.26687,0.0
2009-12-20,2.26687,2.27075,2.26105,2.26815,2485.0
2009-12-21,2.26824,2.27881,2.26396,2.27646,23280.6
2009-12-22,2.27617,2.28572,2.26389,2.2834,23251.8
2009-12-23,2.28388,2.28463,2.25852,2.26491,23289.0
2009-12-24,2.26488,2.26633,2.24983,2.25732,22867.4
2009-12-25,2.25528,2.26612,2.25505,2.26007,12800.6
2009-12-26,2.26007,2.26007,2.26007,2.26007,0.0
2009-12-27,2.26007,2.26296,2.25662,2.25769,2166.8
2009-12-28,2.25639,2.26053,2.24715,2.25981,23180.6
2009-12-29,2.25995,2.26124,2.20692,2.21784,23186.6
2009-12-30,2.21744,2.23015,2.20544,2.22196,23274.4
2009-12-31,2.22197,2.237,2.20767,2.22627,22798.8
2010-01-01,2.22633,2.22638,2.22592,2.22637,209.4
2010-10-01,2.1438,2.14625,2.1212,2.12275,34669.0
2010-10-02,2.12275,2.12275,2.12275,2.12275,0.0
2010-10-03,2.12275,2.1291,2.1211,2.12895,2932.0
2010-10-04,2.1289,2.1431,2.1224,2.13945,67747.0
2010-10-05,2.1396,2.1469,2.1193,2.1267,71800.0
2010-10-06,2.1265,2.1325,2.106,2.10625,68362.0
2010-10-07,2.10605,2.1263,2.09785,2.1149,69059.0
2010-10-08,2.1148,2.13725,2.1055,2.11205,62181.0
2010-10-09,2.11205,2.11205,2.11205,2.11205,0.0
2010-10-10,2.11205,2.11205,2.10565,2.1082,2903.0
2010-10-11,2.1082,2.12235,2.1066,2.11555,68432.0
2010-10-12,2.1156,2.1233,2.0875,2.08935,76094.0
2010-10-13,2.0894,2.1003,2.07365,2.09835,60084.0
2010-10-14,2.09875,2.116,2.08865,2.11485,66904.0
2010-10-15,2.11485,2.12495,2.11005,2.1143,60779.0
2010-10-16,2.1143,2.1143,2.1143,2.1143,0.0
2010-10-17,2.1143,2.12315,2.111,2.12245,3480.0
2010-10-18,2.12245,2.1229,2.09475,2.09975,69495.0
2010-10-19,2.09975,2.113,2.0918,2.10575,77368.0
2010-10-20,2.10615,2.11075,2.0949,2.10215,69472.0
2010-10-21,2.10215,2.11045,2.0914,2.10535,75116.0
2010-10-22,2.10535,2.1055,2.09375,2.0994,57451.0
2010-10-23,2.0994,2.0994,2.0994,2.0994,0.0
2010-10-24,2.0994,2.0994,2.08938,2.09565,22326.0
2010-10-25,2.09565,2.09662,2.07979,2.08947,128262.0
2010-10-26,2.08947,2.11918,2.08701,2.11796,91574.0
2010-10-27,2.11796,2.12809,2.10911,2.11075,105796.0
2010-10-28,2.11075,2.12075,2.10049,2.11528,94422.0
2010-10-29,2.11541,2.117,2.08927,2.09106,90166.0
2010-10-30,2.09106,2.09106,2.09106,2.09106,0.0
2010-10-31,2.09106,2.09728,2.09106,2.09468,9199.0
2010-11-01,2.09472,2.10041,2.08593,2.09349,96571.0
2010-11-02,2.09349,2.10243,2.06705,2.0787,96495.0
2010-11-03,2.0787,2.08447,2.04065,2.04749,108618.0
2010-11-04,2.04749,2.05881,2.03892,2.0479,109475.0
2010-11-05,2.0479,2.05554,2.02952,2.03526,100343.0
2010-11-06,2.03526,2.03526,2.03526,2.03526,0.0
2010-11-07,2.03526,2.04818,2.03526,2.04439,7384.0
2010-11-08,2.04433,2.05587,2.03841,2.0494,101055.0
2010-11-09,2.04934,2.06423,2.03578,2.06048,108233.0
2010-11-10,2.06035,2.06911,2.03775,2.06207,119059.0
2010-11-11,2.06208,2.07326,2.04922,2.07023,99638.0
2010-11-12,2.07018,2.09094,2.0622,2.07912,100985.0
2010-11-13,2.07912,2.07912,2.07912,2.07912,0.0
2010-11-14,2.07912,2.08303,2.07606,2.08002,2694.0
2010-11-15,2.07989,2.09647,2.06499,2.07659,83940.0
2010-11-16,2.07646,2.08417,2.06531,2.06693,96968.0
2010-11-17,2.06701,2.07945,2.05977,2.06313,68571.0
2010-11-18,2.06305,2.06503,2.0498,2.05852,79375.0
2010-11-19,2.05838,2.06966,2.04918,2.05138,62707.0
2010-11-20,2.05138,2.05138,2.05138,2.05138,0.0
2010-11-21,2.05138,2.05138,2.04523,2.04908,4212.0
2010-11-22,2.04908,2.07512,2.04252,2.06734,78137.0
2010-11-23,2.06718,2.08266,2.064,2.07749,88726.0
2010-11-24,2.07749,2.08142,2.06535,2.07209,86803.0
2010-11-25,2.0722,2.08357,2.06719,2.0709,43658.0
2010-11-26,2.07089,2.09479,2.06913,2.07806,62210.0
2010-11-27,2.07806,2.07806,2.07806,2.07806,0.0
2010-11-28,2.07806,2.07806,2.07003,2.07489,3142.0
2010-11-29,2.07478,2.09097,2.07265,2.08814,87876.0
2010-11-30,2.08814,2.09939,2.08041,2.09882,111413.0
2010-12-01,2.09868,2.10133,2.07842,2.08661,93152.0
2010-12-02,2.0865,2.08678,2.06063,2.06063,91145.0
2010-12-03,2.06063,2.07482,2.05448,2.05778,79790.0
2010-12-04,2.05778,2.05778,2.05778,2.05778,0.0
2010-12-05,2.05778,2.06498,2.05778,2.0598,2796.0
2010-12-06,2.05986,2.06663,2.05748,2.06349,63769.0
2010-12-07,2.06349,2.08272,2.05903,2.08171,75142.0
2010-12-08,2.08172,2.1234,2.0794,2.11374,82296.0
2010-12-09,2.11388,2.11772,2.10232,2.10543,72037.0
2010-12-10,2.10543,2.11462,2.10134,2.11297,53805.0
2010-12-11,2.11297,2.11297,2.11297,2.11297,0.0
2010-12-12,2.11297,2.11672,2.11204,2.11305,2280.0
2010-12-13,2.11294,2.11385,2.0876,2.10972,60644.0
2010-12-14,2.1097,2.11694,2.08986,2.10013,78683.0
2010-12-15,2.10012,2.11018,2.08931,2.10146,76795.0
2010-12-16,2.10146,2.12119,2.10068,2.11105,59993.0
2010-12-17,2.11105,2.11659,2.09937,2.10594,59161.0
2010-12-18,2.10594,2.10594,2.10594,2.10594,0.0
2010-12-19,2.10594,2.11061,2.10413,2.10787,2233.0
2010-12-20,2.10795,2.10864,2.08646,2.09341,57537.0
2010-12-21,2.09352,2.09507,2.07444,2.08184,59021.0
2010-12-22,2.08211,2.08841,2.0663,2.07341,52288.0
2010-12-23,2.07341,2.07574,2.0542,2.06206,48042.0
2010-12-24,2.06272,2.06821,2.05717,2.05877,18278.0
2010-12-25,2.05877,2.05877,2.05877,2.05877,0.0
2010-12-26,2.05877,2.06641,2.05877,2.06476,1300.0
2010-12-27,2.06194,2.06633,2.0512,2.0575,44440.0
2010-12-28,2.05755,2.06318,2.02144,2.03375,71495.0
2010-12-29,2.03383,2.03475,2.0138,2.02135,55220.0
2010-12-30,2.02122,2.0243,1.99466,2.00015,53014.0
2010-12-31,2.00005,2.01112,1.99144,2.0003,47361.0
2011-01-01,2.0003,2.0003,2.0003,2.0003,0.0
2011-01-02,2.0003,2.00527,1.99696,2.00016,1379.0
2011-01-03,2.00012,2.00719,1.98565,2.00145,52986.0
2011-01-04,2.00137,2.04463,1.99937,2.0312,85763.0
2011-01-05,2.0312,2.05133,2.02757,2.04502,102154.0
2011-01-06,2.04502,2.05124,2.03823,2.04397,97992.0
2011-01-07,2.0439,2.05478,2.03169,2.04447,93141.0
2011-01-08,2.04447,2.04447,2.04447,2.04447,0.0
2011-01-09,2.04447,2.04714,2.04063,2.04714,3520.0
2011-01-10,2.04708,2.04948,2.03678,2.04196,66502.0
2011-01-11,2.04207,2.05789,2.03948,2.05556,78931.0
2011-01-12,2.05556,2.07348,2.05175,2.06556,83116.0
2011-01-13,2.06534,2.06963,2.04786,2.05256,83560.0
2011-01-14,2.05256,2.07286,2.05078,2.07087,72585.0
2011-01-15,2.07087,2.07087,2.07087,2.07087,0.0
2011-01-16,2.07087,2.07087,2.06293,2.06452,2793.0
2011-01-17,2.06452,2.06725,2.05119,2.0587,76889.0
2011-01-18,2.05882,2.07951,2.05827,2.06789,88377.0
2011-01-19,2.06781,2.09018,2.05645,2.08763,88318.0
2011-01-20,2.08763,2.10759,2.08097,2.10636,105898.0
2011-01-21,2.10636,2.11524,2.09834,2.10691,72435.0
2011-01-22,2.10691,2.10691,2.10691,2.10691,0.0
2011-01-23,2.10691,2.11038,2.10544,2.10711,3210.0
2011-01-24,2.10706,2.11169,2.08836,2.09095,67908.0
2011-01-25,2.09095,2.09302,2.05577,2.06076,99455.0
2011-01-26,2.06076,2.07667,2.05199,2.05922,86896.0
2011-01-27,2.05922,2.07217,2.05565,2.06214,99844.0
2011-01-28,2.06214,2.06432,2.04222,2.04927,78194.0
2011-01-29,2.04927,2.04927,2.04927,2.04927,0.0
2011-01-30,2.04927,2.0589,2.04927,2.05691,4788.0
2011-01-31,2.05686,2.07707,2.0492,2.07364,88720.0
2011-02-01,2.07355,2.0807,2.06191,2.06252,90739.0
2011-02-02,2.06246,2.09658,2.06138,2.09314,81873.0
2011-02-03,2.09317,2.10788,2.08407,2.08745,81557.0
2011-02-04,2.08745,2.09858,2.07595,2.09062,74015.0
2011-02-05,2.09062,2.09062,2.09062,2.09062,0.0
2011-02-06,2.09062,2.09209,2.08738,2.0905,1993.0
2011-02-07,2.0905,2.10579,2.08534,2.08733,64836.0
2011-02-08,2.08735,2.09352,2.06461,2.07106,77144.0
2011-02-09,2.07106,2.08897,2.06935,2.08667,69056.0
2011-02-10,2.08674,2.11718,2.08301,2.11268,73808.0
2011-02-11,2.11275,2.12348,2.09945,2.10456,65016.0
2011-02-12,2.10456,2.10456,2.10456,2.10456,0.0
2011-02-13,2.10456,2.11661,2.10456,2.11218,3458.0
2011-02-14,2.11218,2.12325,2.11218,2.12093,66088.0
2011-02-15,2.12093,2.15011,2.11595,2.14492,79661.0
2011-02-16,2.14492,2.15246,2.12544,2.12985,85963.0
2011-02-17,2.12966,2.13985,2.12505,2.13136,75252.0
2011-02-18,2.13136,2.13377,2.11708,2.13255,68370.0
2011-02-19,2.13255,2.13255,2.13255,2.13255,0.0
2011-02-20,2.13255,2.13255,2.12498,2.12792,2207.0
2011-02-21,2.12796,2.1335,2.1197,2.12732,42272.0
2011-02-22,2.12735,2.17126,2.12735,2.16043,91585.0
2011-02-23,2.16048,2.18073,2.15205,2.17805,81835.0
2011-02-24,2.17821,2.17821,2.14647,2.14893,89596.0
2011-02-25,2.14893,2.15662,2.1325,2.14387,66287.0
2011-02-26,2.14387,2.14387,2.14387,2.14387,0.0
2011-02-27,2.14387,2.1453,2.13698,2.141,2119.0
2011-02-28,2.141,2.16549,2.13318,2.16057,68837.0
2011-03-01,2.1605,2.17979,2.15825,2.1755,75501.0
2011-03-02,2.17544,2.20127,2.17359,2.19786,76039.0
2011-03-03,2.19788,2.20093,2.17645,2.19999,71961.0
2011-03-04,2.20005,2.21328,2.19959,2.20237,53887.0
2011-03-05,2.20237,2.20237,2.20237,2.20237,0.0
2011-03-06,2.20237,2.20821,2.20237,2.20532,759.0
2011-03-07,2.20531,2.21545,2.19465,2.19637,63576.0
2011-03-08,2.19637,2.19759,2.1798,2.18347,74758.0
2011-03-09,2.18347,2.20586,2.1791,2.20062,73533.0
2011-03-10,2.20072,2.20452,2.18009,2.18673,86847.0
2011-03-11,2.18673,2.18996,2.15086,2.16378,73701.0
2011-03-12,2.16378,2.16378,2.16378,2.16378,0.0
2011-03-13,2.16378,2.18297,2.16378,2.17247,4544.0
2011-03-14,2.17247,2.19511,2.16723,2.18814,73936.0
2011-03-15,2.18818,2.20792,2.18694,2.19392,124085.0
2011-03-16,2.1939,2.24535,2.18649,2.21415,118194.0
2011-03-17,2.21415,2.25259,2.2094,2.23557,144024.0
2011-03-18,2.23557,2.23708,2.20806,2.21808,98744.0
2011-03-19,2.21808,2.21808,2.21808,2.21808,0.0
2011-03-20,2.21808,2.22387,2.21193,2.21547,2589.0
2011-03-21,2.21561,2.22385,2.20701,2.21685,74308.0
2011-03-22,2.21693,2.22164,2.19642,2.21192,83294.0
2011-03-23,2.21199,2.21713,2.18119,2.18495,79474.0
2011-03-24,2.18495,2.18495,2.14342,2.14612,80716.0
2011-03-25,2.14612,2.1527,2.12105,2.12895,71102.0
2011-03-26,2.12895,2.12895,2.12895,2.12895,0.0
2011-03-27,2.12895,2.13314,2.12282,2.12956,4931.0
2011-03-28,2.12952,2.13421,2.12004,2.13064,58785.0
2011-03-29,2.13064,2.13446,2.10902,2.1143,69000.0
2011-03-30,2.1143,2.1192,2.10021,2.11139,71056.0
2011-03-31,2.1114,2.12253,2.0981,2.10999,71847.0
2011-04-01,2.10999,2.1142,2.09184,2.09846,68209.0
2011-04-02,2.09846,2.09846,2.09846,2.09846,0.0
2011-04-03,2.09846,2.09875,2.09512,2.09786,1443.0
2011-04-04,2.09763,2.10999,2.09447,2.09885,54929.0
2011-04-05,2.0988,2.1242,2.09264,2.12174,65307.0
2011-04-06,2.12168,2.12195,2.08945,2.09664,72029.0
2011-04-07,2.09649,2.10654,2.09001,2.10085,71415.0
2011-04-08,2.10085,2.10506,2.08621,2.09133,64512.0
2011-04-09,2.09133,2.09133,2.09133,2.09133,0.0
2011-04-10,2.09133,2.09626,2.08944,2.09489,2148.0
2011-04-11,2.09488,2.09965,2.08061,2.08818,55424.0
2011-04-12,2.08822,2.10176,2.06601,2.06962,87399.0
2011-04-13,2.06962,2.07367,2.05297,2.06441,72061.0
2011-04-14,2.06435,2.07125,2.05209,2.06002,87707.0
2011-04-15,2.06008,2.06117,2.03486,2.0403,68261.0
2011-04-16,2.0403,2.0403,2.0403,2.0403,0.0
2011-04-17,2.0403,2.05605,2.03599,2.05434,5992.0
2011-04-18,2.05443,2.07409,2.04762,2.06656,87274.0
2011-04-19,2.06642,2.0756,2.05957,2.06569,73730.0
2011-04-20,2.06553,2.06725,2.04334,2.05568,83398.0
2011-04-21,2.05575,2.07121,2.04769,2.05926,74408.0
2011-04-22,2.05915,2.06526,2.05322,2.0606,9763.0
2011-04-23,2.0606,2.0606,2.0606,2.0606,0.0
2011-04-24,2.0606,2.0606,2.05681,2.05904,907.0
2011-04-25,2.05907,2.06606,2.0566,2.06261,37045.0
2011-04-26,2.06261,2.0645,2.04111,2.042,78592.0
2011-04-27,2.04205,2.07713,2.03683,2.07315,86906.0
2011-04-28,2.07309,2.08639,2.06462,2.0714,75884.0
2011-04-29,2.07146,2.08092,2.05967,2.06095,48970.0
2011-04-30,2.06095,2.06095,2.06095,2.06095,0.0
2011-05-01,2.06095,2.07666,2.05976,2.06585,5469.0
2011-05-02,2.06585,2.07093,2.05717,2.06858,69832.0
2011-05-03,2.06858,2.07286,2.05067,2.06445,101783.0
2011-05-04,2.06445,2.09955,2.0636,2.0861,101320.0
2011-05-05,2.08612,2.10043,2.07746,2.0819,104448.0
2011-05-06,2.0819,2.08999,2.0611,2.06802,114325.0
2011-05-07,2.06802,2.06802,2.06802,2.06802,0.0
2011-05-08,2.06802,2.07314,2.066,2.06735,4543.0
2011-05-09,2.06735,2.0738,2.05763,2.07015,102047.0
2011-05-10,2.07011,2.07517,2.05219,2.06016,94262.0
2011-05-11,2.06016,2.07977,2.05438,2.07351,101194.0
2011-05-12,2.07337,2.07636,2.04005,2.04938,116095.0
2011-05-13,2.04946,2.0618,2.04333,2.05566,91848.0
2011-05-14,2.05566,2.05566,2.05566,2.05566,0.0
2011-05-15,2.05566,2.06355,2.05293,2.0601,2901.0
2011-05-16,2.06011,2.08573,2.05961,2.0771,103197.0
2011-05-17,2.07707,2.09121,2.06525,2.06804,117518.0
2011-05-18,2.06804,2.07005,2.04273,2.04503,117460.0
2011-05-19,2.04503,2.0557,2.03529,2.04925,100063.0
2011-05-20,2.04917,2.05144,2.03402,2.03936,98386.0
2011-05-21,2.03936,2.03936,2.03936,2.03936,0.0
2011-05-22,2.03936,2.04422,2.03907,2.0418,5782.0
2011-05-23,2.04182,2.05365,2.03375,2.03593,111158.0
2011-05-24,2.03601,2.03745,2.01381,2.02847,106531.0
2011-05-25,2.02847,2.04591,2.02717,2.04304,108001.0
2011-05-26,2.04304,2.04329,2.00975,2.02174,104017.0
2011-05-27,2.0217,2.03029,2.00353,2.01498,95570.0
2011-05-28,2.01498,2.01498,2.01498,2.01498,0.0
2011-05-29,2.01498,2.01899,2.00584,2.00762,5439.0
2011-05-30,2.0076,2.01926,2.00522,2.01384,48470.0
2011-05-31,2.01394,2.01436,1.99138,1.99644,93355.0
2011-06-01,1.99654,2.00846,1.98696,2.0024,93829.0
2011-06-02,2.0024,2.01346,1.99793,2.00737,90570.0
2011-06-03,2.00737,2.02087,1.99785,2.01276,82338.0
2011-06-04,2.01276,2.01276,2.01276,2.01276,0.0
2011-06-05,2.01276,2.01482,2.00895,2.01364,3474.0
2011-06-06,2.01364,2.01798,2.0019,2.00498,74383.0
2011-06-07,2.00502,2.00741,1.9964,2.00434,76907.0
2011-06-08,2.00434,2.01394,1.98928,1.99122,91821.0
2011-06-09,1.99129,2.00797,1.97322,1.98153,95586.0
2011-06-10,1.98153,1.98285,1.96499,1.97502,87787.0
2011-06-11,1.97502,1.97502,1.97502,1.97502,0.0
2011-06-12,1.97502,1.97942,1.97397,1.97842,1989.0
2011-06-13,1.97836,2.00959,1.97509,2.00326,90202.0
2011-06-14,2.00339,2.01066,1.99361,2.00139,88819.0
2011-06-15,2.00139,2.01303,1.99601,2.00724,97804.0
2011-06-16,2.00724,2.02097,2.00144,2.00597,105954.0
2011-06-17,2.00592,2.00928,1.98773,1.99099,92954.0
2011-06-18,1.99099,1.99099,1.99099,1.99099,0.0
2011-06-19,1.99099,1.99558,1.98831,1.9946,2022.0
2011-06-20,1.9946,2.00889,1.99143,2.00322,76986.0
2011-06-21,2.00322,2.0049,1.98888,1.99704,85918.0
2011-06-22,1.99704,1.99835,1.96747,1.96888,96719.0
2011-06-23,1.96888,1.97557,1.96149,1.96821,105462.0
2011-06-24,1.96808,1.97243,1.96025,1.96375,90507.0
2011-06-25,1.96375,1.96375,1.96375,1.96375,0.0
2011-06-26,1.96375,1.98909,1.96375,1.98678,4964.0
2011-06-27,1.98678,1.99357,1.97912,1.98704,87507.0
2011-06-28,1.98704,1.99006,1.96775,1.96927,91055.0
2011-06-29,1.96939,1.97267,1.93791,1.94098,98338.0
2011-06-30,1.94097,1.94538,1.92664,1.93853,96114.0
2011-07-01,1.93845,1.94574,1.93285,1.94185,84334.0
2011-07-02,1.94185,1.94185,1.94185,1.94185,0.0
2011-07-03,1.94185,1.94185,1.93654,1.93885,5417.0
2011-07-04,1.93885,1.94461,1.92944,1.93259,63211.0
2011-07-05,1.93253,1.94988,1.93083,1.94143,93866.0
2011-07-06,1.94143,1.9428,1.9294,1.93422,84673.0
2011-07-07,1.93416,1.93841,1.91419,1.91748,85219.0
2011-07-08,1.91749,1.92941,1.91254,1.91555,90746.0
2011-07-09,1.91555,1.91555,1.91555,1.91555,0.0
2011-07-10,1.91555,1.92227,1.91427,1.92091,6621.0
2011-07-11,1.92096,1.92777,1.9096,1.92344,111909.0
2011-07-12,1.92321,1.95119,1.92292,1.93944,144048.0
2011-07-13,1.93945,1.94429,1.9004,1.90556,142012.0
2011-07-14,1.9055,1.92027,1.90273,1.91485,128344.0
2011-07-15,1.91484,1.92242,1.90219,1.90856,101906.0
2011-07-16,1.90856,1.90856,1.90856,1.90856,0.0
2011-07-17,1.90856,1.90861,1.89612,1.90189,5803.0
2011-07-18,1.90183,1.9142,1.89629,1.90144,104019.0
2011-07-19,1.90145,1.90404,1.88131,1.88626,101500.0
2011-07-20,1.88626,1.8911,1.87805,1.88544,88751.0
2011-07-21,1.88544,1.89348,1.88282,1.89094,101590.0
2011-07-22,1.89094,1.89957,1.88082,1.8843,78345.0
2011-07-23,1.8843,1.8843,1.8843,1.8843,0.0
2011-07-24,1.8843,1.88917,1.88234,1.88734,6373.0
2011-07-25,1.88734,1.89003,1.8778,1.88693,76036.0
2011-07-26,1.88704,1.88808,1.87053,1.88369,88427.0
2011-07-27,1.88369,1.88424,1.86855,1.87143,89838.0
2011-07-28,1.87143,1.88227,1.86724,1.88018,79676.0
2011-07-29,1.88018,1.8953,1.8646,1.86656,97720.0
2011-07-30,1.86656,1.86656,1.86656,1.86656,0.0
2011-07-31,1.86656,1.86746,1.85735,1.86426,6772.0
2011-08-01,1.86421,1.87012,1.85425,1.86156,96959.0
2011-08-02,1.86154,1.88964,1.85775,1.88608,105580.0
2011-08-03,1.88598,1.90807,1.88184,1.89986,118156.0
2011-08-04,1.89986,1.96173,1.89986,1.9586,164902.0
2011-08-05,1.9586,1.96729,1.93313,1.94269,146856.0
2011-08-06,1.94269,1.94269,1.94269,1.94269,0.0
2011-08-07,1.94269,1.96764,1.94269,1.96655,9561.0
2011-08-08,1.96655,1.99993,1.95706,1.99615,155180.0
2011-08-09,1.99618,2.04247,1.93844,1.94895,179350.0
2011-08-10,1.94896,1.99728,1.93183,1.98812,186571.0
2011-08-11,1.9882,1.98991,1.94693,1.95895,188009.0
2011-08-12,1.95895,1.98025,1.95119,1.95425,134109.0
2011-08-13,1.95425,1.95425,1.95425,1.95425,0.0
2011-08-14,1.95425,1.95425,1.94834,1.94867,7360.0
2011-08-15,1.94869,1.98141,1.93944,1.96447,96586.0
2011-08-16,1.9645,1.97884,1.95819,1.97194,100443.0
2011-08-17,1.97194,1.98207,1.95905,1.97505,98634.0
2011-08-18,1.97505,2.01393,1.97303,2.01327,133834.0
2011-08-19,2.01322,2.01676,1.99561,2.01246,129263.0
2011-08-20,2.01246,2.01246,2.01246,2.01246,0.0
2011-08-21,2.01246,2.01825,2.00839,2.01435,8244.0
2011-08-22,2.01436,2.01974,1.98954,2.00167,111615.0
2011-08-23,2.00167,2.00431,1.97138,1.98225,135737.0
2011-08-24,1.98223,1.9947,1.97246,1.97531,147310.0
2011-08-25,1.97531,1.98078,1.9594,1.96108,151534.0
2011-08-26,1.96115,1.96573,1.93893,1.94705,142329.0
2011-08-27,1.94705,1.94705,1.94705,1.94705,0.0
2011-08-28,1.94705,1.9487,1.94086,1.94432,6287.0
2011-08-29,1.94435,1.94598,1.93153,1.93204,126100.0
2011-08-30,1.93207,1.93224,1.90466,1.91512,133328.0
2011-08-31,1.91515,1.91693,1.89946,1.90824,135133.0
2011-09-01,1.9082,1.91371,1.89768,1.90136,133918.0
2011-09-02,1.90135,1.92135,1.89811,1.91145,110000.0
2011-09-03,1.91145,1.91145,1.91145,1.91145,0.0
2011-09-04,1.91145,1.92201,1.91099,1.91827,8504.0
2011-09-05,1.91827,1.94545,1.91329,1.94161,141089.0
2011-09-06,1.94162,1.94628,1.92628,1.93349,168484.0
2011-09-07,1.93349,1.93643,1.91455,1.91506,138206.0
2011-09-08,1.91506,1.92216,1.90576,1.91418,159253.0
2011-09-09,1.91412,1.93483,1.90947,1.93151,167927.0
2011-09-10,1.93151,1.93151,1.93151,1.93151,0.0
2011-09-11,1.93151,1.94182,1.92312,1.93982,9621.0
2011-09-12,1.93984,1.94688,1.918,1.92851,187091.0
2011-09-13,1.92848,1.93099,1.91146,1.9155,190569.0
2011-09-14,1.9155,1.93311,1.91086,1.92572,184348.0
2011-09-15,1.92555,1.94009,1.91283,1.91899,152423.0
2011-09-16,1.91899,1.9224,1.89579,1.90441,127742.0
2011-09-17,1.90441,1.90441,1.90441,1.90441,0.0
2011-09-18,1.90441,1.90915,1.89579,1.90081,5860.0
2011-09-19,1.90081,1.91556,1.89652,1.91006,147100.0
2011-09-20,1.91006,1.91946,1.89868,1.91434,123674.0
2011-09-21,1.91434,1.94135,1.90118,1.93997,159256.0
2011-09-22,1.93998,1.97916,1.93113,1.95784,185973.0
2011-09-23,1.95803,2.00041,1.95362,1.99124,152610.0
2011-09-24,1.99124,1.99124,1.99124,1.99124,0.0
2011-09-25,1.99124,2.00225,1.98941,1.99231,7362.0
2011-09-26,1.99227,2.02296,1.98685,1.99511,193350.0
2011-09-27,1.99513,2.00056,1.97114,1.98392,171611.0
2011-09-28,1.98388,2.01689,1.98051,2.01442,160860.0
2011-09-29,2.01367,2.03922,1.99835,2.02807,155184.0
2011-09-30,2.02841,2.04716,2.02647,2.04546,128736.0
2011-10-01,2.04546,2.04546,2.04546,2.04546,0.0
2011-10-02,2.03944,2.04562,2.03809,2.0427,4780.0
2011-10-03,2.04282,2.05407,2.02801,2.05091,152609.0
2011-10-04,2.05035,2.0588,2.02537,2.03597,170461.0
2011-10-05,2.03604,2.04087,2.01063,2.0209,145283.0
2011-10-06,2.0209,2.02553,1.98034,2.00466,138863.0
2011-10-07,2.00476,2.02648,1.99439,2.02086,118344.0
2011-10-08,2.02086,2.02086,2.02086,2.02086,0.0
2011-10-09,2.02086,2.02575,2.01619,2.01653,5536.24
2011-10-10,2.01644,2.02036,1.99408,1.9985,143504.43
2011-10-11,1.99847,2.01199,1.98995,2.00031,163489.73
2011-10-12,2.00032,2.00827,1.97093,1.98006,147601.27
2011-10-13,1.98006,1.99205,1.97435,1.98547,149957.31
2011-10-14,1.98547,1.98756,1.96247,1.9637,126957.63
2011-10-15,1.9637,1.9637,1.9637,1.9637,0.0
2011-10-16,1.9637,1.97196,1.9637,1.96883,6239.85
2011-10-17,1.96887,1.9908,1.95831,1.98386,144532.32
2011-10-18,1.9839,2.00104,1.96848,1.97827,176772.67
2011-10-19,1.97827,1.995,1.96852,1.98696,160896.58
2011-10-20,1.98696,1.99676,1.97476,1.9895,175172.75
2011-10-21,1.98954,2.00055,1.98483,1.98554,131791.24
2011-10-22,1.98554,1.98554,1.98554,1.98554,0.0
2011-10-23,1.98554,1.99071,1.98436,1.98789,4737.91
2011-10-24,1.98784,1.98982,1.97317,1.98717,139543.32
2011-10-25,1.98725,2.01219,1.98087,2.01013,146167.46
2011-10-26,2.01079,2.01598,1.99208,1.99597,163446.37
2011-10-27,1.99597,1.99943,1.95396,1.95441,187090.72
2011-10-28,1.95444,1.97181,1.95134,1.96523,138896.72
2011-10-29,1.96523,1.96523,1.96523,1.96523,0.0
2011-10-30,1.96523,1.97066,1.9606,1.96534,3870.82
2011-10-31,1.96534,1.99476,1.96012,1.98873,181201.07
2011-11-01,1.98867,2.01214,1.98249,2.0094,212425.08
2011-11-02,2.0094,2.03349,2.00532,2.03207,197391.93
2011-11-03,2.03213,2.03986,2.01145,2.01555,198467.7
2011-11-04,2.01561,2.0261,2.01236,2.02006,153390.12
2011-11-05,2.02006,2.02006,2.02006,2.02006,0.0
2011-11-06,2.02006,2.02006,2.00893,2.01285,4670.41
2011-11-07,2.01286,2.02275,2.00629,2.01953,169105.76
2011-11-08,2.01954,2.02524,2.01301,2.01913,164650.46
2011-11-09,2.01908,2.04218,2.01679,2.03974,194685.73
2011-11-10,2.0397,2.05679,2.03779,2.04963,184992.92
2011-11-11,2.04968,2.05593,2.04115,2.04516,137863.18
2011-11-12,2.04516,2.04516,2.04516,2.04516,0.0
2011-11-13,2.04516,2.04516,2.02845,2.03291,5372.21
2011-11-14,2.03294,2.04762,2.02616,2.04448,167821.1
2011-11-15,2.04456,2.06794,2.04422,2.05449,183414.49
2011-11-16,2.05444,2.06615,2.04438,2.05785,207229.35
2011-11-17,2.05785,2.08182,2.04886,2.07599,201744.76
2011-11-18,2.07599,2.08961,2.06971,2.08961,165539.59
2011-11-19,2.08961,2.08961,2.08961,2.08961,0.0
2011-11-20,2.08961,2.09186,2.08119,2.08658,6379.63
2011-11-21,2.08663,2.09724,2.06369,2.08645,199253.16
2011-11-22,2.08647,2.10135,2.08473,2.08994,193874.98
2011-11-23,2.08992,2.10453,2.08473,2.09869,200831.48
2011-11-24,2.09869,2.10017,2.08449,2.08752,159885.2
2011-11-25,2.08739,2.09666,2.08263,2.08584,169768.38
2011-11-26,2.08584,2.08584,2.08584,2.08584,0.0
2011-11-27,2.08584,2.08584,2.06015,2.06405,7978.75
2011-11-28,2.06407,2.06757,2.04915,2.05236,204655.9
2011-11-29,2.05235,2.05971,2.03862,2.04274,215777.25
2011-11-30,2.04276,2.05299,2.0077,2.01587,211915.3
2011-12-01,2.01589,2.02681,2.009,2.01221,185172.65
2011-12-02,2.01225,2.01349,2.00156,2.00578,149489.45
2011-12-03,2.00578,2.00578,2.00578,2.00578,0.0
2011-12-04,2.00578,2.00578,1.99474,1.99802,2938.52
2011-12-05,1.99916,2.01235,1.99727,2.00508,109805.88
2011-12-06,2.00508,2.01755,1.99507,1.99968,169214.94
2011-12-07,1.99968,2.02335,1.99429,2.0117,159943.68
2011-12-08,2.01173,2.02549,2.00008,2.02414,168563.4
2011-12-09,2.0241,2.042,2.01759,2.01978,177508.5
2011-12-10,2.01978,2.01978,2.01978,2.01978,0.0
2011-12-11,2.01978,2.02415,2.01849,2.02006,5605.68
2011-12-12,2.02005,2.04974,2.01949,2.04529,164665.24
2011-12-13,2.04539,2.04793,2.03177,2.0477,186848.7
2011-12-14,2.04775,2.06561,2.04383,2.06429,172954.49
2011-12-15,2.06435,2.07097,2.05126,2.05371,163406.5
2011-12-16,2.05376,2.05396,2.02962,2.03988,132118.07
2011-12-17,2.03988,2.03988,2.03988,2.03988,0.0
2011-12-18,2.03988,2.03988,2.03175,2.03764,4513.56
2011-12-19,2.03764,2.05409,2.03051,2.04939,157078.01
2011-12-20,2.04939,2.05248,2.032,2.03962,167204.45
2011-12-21,2.03962,2.04905,2.02306,2.03912,178641.88
2011-12-22,2.03904,2.04248,2.02066,2.02532,142837.77
2011-12-23,2.02536,2.02893,2.01137,2.01236,89989.93
2011-12-24,2.01236,2.01236,2.01236,2.01236,0.0
2011-12-25,2.01236,2.01236,2.01236,2.01236,0.0
2011-12-26,2.0133,2.02066,2.01214,2.01806,4428.22
2011-12-27,2.01819,2.03285,2.01309,2.02895,78037.2
2011-12-28,2.029,2.0291,2.00237,2.01166,130564.76
2011-12-29,2.01171,2.01692,1.99394,1.99728,135411.3
2011-12-30,1.9973,2.00592,1.98639,1.99915,124066.57
2011-12-31,1.99915,1.99915,1.99915,1.99915,0.0
2012-01-01,1.99915,1.99915,1.98873,1.99203,1246.22
2012-01-02,1.99199,1.99997,1.98389,1.98759,27489.96
2012-01-03,1.98755,1.98836,1.97531,1.97993,128991.38
2012-01-04,1.97993,1.98707,1.97838,1.98452,134985.48
2012-01-05,1.98452,1.99152,1.97798,1.98461,163954.52
2012-01-06,1.98463,1.99044,1.97115,1.97595,138363.97
2012-01-07,1.97595,1.97595,1.97595,1.97595,0.0
2012-01-08,1.97595,1.97923,1.97324,1.97646,8659.43
2012-01-09,1.97644,1.98007,1.95961,1.96003,128945.3
2012-01-10,1.96003,1.96156,1.94309,1.94772,123898.26
2012-01-11,1.9477,1.94974,1.92074,1.92117,126292.79
2012-01-12,1.92114,1.93658,1.92101,1.93278,140740.22
2012-01-13,1.93278,1.94169,1.92627,1.9269,148172.92
2012-01-14,1.9269,1.9269,1.9269,1.9269,0.0
2012-01-15,1.9269,1.92944,1.92484,1.92897,6217.14
2012-01-16,1.92897,1.93294,1.9237,1.92922,124308.95
2012-01-17,1.92922,1.92932,1.91389,1.91545,154601.88
2012-01-18,1.91545,1.92355,1.90393,1.92048,153124.69
2012-01-19,1.9205,1.93254,1.91728,1.92851,141740.26
2012-01-20,1.92851,1.93411,1.92411,1.93106,119977.99
2012-01-21,1.93106,1.93106,1.93106,1.93106,0.0
2012-01-22,1.93106,1.93155,1.92554,1.93064,5893.86
2012-01-23,1.93062,1.93067,1.9128,1.91964,120185.88
2012-01-24,1.91974,1.93425,1.91675,1.9258,134380.82
2012-01-25,1.92583,1.93738,1.91185,1.91516,122170.22
2012-01-26,1.91516,1.91794,1.90485,1.90965,91291.78
2012-01-27,1.90965,1.9137,1.90214,1.90795,88978.88
2012-01-28,1.90795,1.90795,1.90795,1.90795,0.0
2012-01-29,1.90795,1.91079,1.90714,1.90898,3282.6
2012-01-30,1.90898,1.92146,1.90869,1.91674,86948.97
2012-01-31,1.91674,1.91773,1.89995,1.91037,102083.41
2012-02-01,1.91037,1.91443,1.89675,1.90117,104654.46
2012-02-02,1.90117,1.90394,1.8903,1.89968,95847.31
2012-02-03,1.89968,1.90617,1.88485,1.89296,78949.68
2012-02-04,1.89296,1.89296,1.89296,1.89296,0.0
2012-02-05,1.89296,1.89676,1.89089,1.8943,3171.0
2012-02-06,1.8943,1.90112,1.89208,1.89673,65785.35
2012-02-07,1.89681,1.90428,1.88931,1.90277,107641.08
2012-02-08,1.90277,1.90485,1.88676,1.89639,102428.62
2012-02-09,1.89647,1.9038,1.8914,1.89774,111492.04
2012-02-10,1.89774,1.9138,1.89442,1.90465,120870.15
2012-02-11,1.90465,1.90465,1.90465,1.90465,0.0
2012-02-12,1.90465,1.90562,1.89799,1.90029,14254.6
2012-02-13,1.90028,1.90191,1.88659,1.89034,133215.75
2012-02-14,1.89035,1.89583,1.87781,1.8785,156256.58
2012-02-15,1.8785,1.88504,1.86331,1.88397,167746.69
2012-02-16,1.88396,1.89958,1.88325,1.89088,176364.0
2012-02-17,1.89085,1.90258,1.88601,1.90105,151190.19
2012-02-18,1.90105,1.90105,1.90105,1.90105,0.0
2012-02-19,1.90105,1.90105,1.88179,1.88376,14628.45
2012-02-20,1.88374,1.89118,1.88276,1.89007,133213.99
2012-02-21,1.89007,1.89632,1.88489,1.89038,185565.96
2012-02-22,1.8904,1.89791,1.88473,1.89109,144277.6
2012-02-23,1.89112,1.89415,1.87972,1.87994,96432.15
2012-02-24,1.87994,1.90256,1.87546,1.89895,94122.71
2012-02-25,1.89895,1.89895,1.89895,1.89895,0.0
2012-02-26,1.89895,1.9006,1.89709,1.90017,5831.24
2012-02-27,1.90017,1.90561,1.87975,1.88351,100656.74
2012-02-28,1.88339,1.90065,1.882,1.89439,107315.04
2012-02-29,1.8943,1.90912,1.88279,1.90633,124636.74
2012-03-01,1.90633,1.91128,1.89833,1.90248,112925.56
2012-03-02,1.90248,1.91286,1.90012,1.90886,94478.76
2012-03-03,1.90886,1.90886,1.90886,1.90886,0.0
2012-03-04,1.90886,1.90993,1.90605,1.90913,4354.45
2012-03-05,1.90921,1.93369,1.90632,1.93177,102573.59
2012-03-06,1.93177,1.94877,1.93006,1.93206,114194.27
2012-03-07,1.93214,1.93553,1.91761,1.93115,107114.0
2012-03-08,1.93118,1.93217,1.90814,1.91987,117145.66
2012-03-09,1.91985,1.92209,1.90293,1.9077,107211.63
2012-03-10,1.9077,1.9077,1.9077,1.9077,0.0
2012-03-11,1.9077,1.91465,1.9077,1.91291,3795.93
2012-03-12,1.913,1.91993,1.90761,1.90881,89067.95
2012-03-13,1.90883,1.91589,1.90078,1.91086,102394.73
2012-03-14,1.91079,1.94247,1.90991,1.93718,108427.85
2012-03-15,1.93721,1.94055,1.91187,1.91721,101642.19
2012-03-16,1.91727,1.92507,1.90968,1.92086,82936.38
2012-03-17,1.92086,1.92086,1.92086,1.92086,0.0
2012-03-18,1.92086,1.92086,1.91386,1.91568,4167.75
2012-03-19,1.91568,1.9276,1.91419,1.92458,69764.32
2012-03-20,1.92458,1.94836,1.92153,1.93993,86457.68
2012-03-21,1.93993,1.95844,1.93378,1.95269,90353.83
2012-03-22,1.95274,1.96713,1.94559,1.95083,104802.78
2012-03-23,1.95088,1.95433,1.93736,1.93885,89200.96
2012-03-24,1.93885,1.93885,1.93885,1.93885,0.0
2012-03-25,1.93885,1.94205,1.93797,1.94032,3192.65
2012-03-26,1.94038,1.94597,1.93469,1.94033,78165.46
2012-03-27,1.94033,1.94755,1.9349,1.94641,78391.83
2012-03-28,1.94641,1.95061,1.9374,1.94126,92977.66
2012-03-29,1.94048,1.95772,1.93966,1.95196,92423.87
2012-03-30,1.95202,1.95625,1.94452,1.953,90995.48
2012-03-31,1.953,1.953,1.953,1.953,0.0
2012-04-01,1.953,1.953,1.9416,1.94816,4783.81
2012-04-02,1.94816,1.96145,1.9406,1.94415,84922.67
2012-04-03,1.94395,1.95051,1.93517,1.94747,99370.9
2012-04-04,1.94748,1.95558,1.94222,1.94938,96721.14
2012-04-05,1.94949,1.95045,1.93567,1.9403,76134.08
2012-04-06,1.94008,1.94734,1.93395,1.93718,36431.23
2012-04-07,1.93718,1.93718,1.93718,1.93718,0.0
2012-04-09,1.93994,1.94188,1.92828,1.938,28574.79
2012-04-10,1.93801,1.95084,1.93276,1.94683,106024.93
2012-04-11,1.9469,1.94861,1.93568,1.94354,95608.08
2012-04-12,1.94359,1.94507,1.91727,1.92008,101235.78
2012-04-13,1.92008,1.92632,1.91673,1.92385,94965.44
2012-04-14,1.92385,1.92385,1.92385,1.92385,0.0
2012-04-15,1.92385,1.9276,1.91949,1.9276,5225.5
2012-04-16,1.92775,1.9402,1.92698,1.93986,110749.89
2012-04-17,1.93986,1.95171,1.93501,1.93851,94129.9
2012-04-18,1.93844,1.96647,1.93587,1.96043,106828.03
2012-04-19,1.96043,1.97563,1.9583,1.97141,110051.18
2012-04-20,1.97153,1.98113,1.9682,1.96885,86069.72
2012-04-21,1.96885,1.96885,1.96885,1.96885,0.0
2012-04-22,1.96885,1.9739,1.96885,1.97051,3692.87
2012-04-23,1.97049,1.98941,1.97022,1.98395,89687.94
2012-04-24,1.98395,1.99142,1.97789,1.98342,89950.77
2012-04-25,1.98342,1.99194,1.97492,1.98391,100915.86
2012-04-26,1.98391,1.99228,1.97567,1.98934,93850.74
2012-04-27,1.98934,1.9948,1.97468,1.97636,98323.55
2012-04-28,1.97636,1.97636,1.97636,1.97636,0.0
2012-04-29,1.97636,1.97856,1.97534,1.97707,4487.41
2012-04-30,1.97707,1.98801,1.97653,1.98319,77042.09
2012-05-01,1.9831,1.99753,1.98248,1.99018,75093.91
2012-05-02,1.99018,2.013,1.98825,2.00692,99443.3
2012-05-03,2.00685,2.02511,2.0035,2.02173,103639.81
2012-05-04,2.02172,2.03715,2.01869,2.02975,90611.04
2012-05-05,2.02975,2.02975,2.02975,2.02975,0.0
2012-05-06,2.02975,2.03817,2.02975,2.03475,14523.49
2012-05-07,2.03475,2.03898,2.0284,2.031,86347.29
2012-05-08,2.031,2.05502,2.03086,2.05502,128904.11
2012-05-09,2.05501,2.06109,2.04828,2.05774,125075.54
2012-05-10,2.0578,2.0605,2.0445,2.0579,116942.4
2012-05-11,2.0579,2.06172,2.04191,2.05225,106174.91
2012-05-12,2.05225,2.05225,2.05225,2.05225,0.0
2012-05-13,2.05225,2.06116,2.0514,2.05796,8621.23
2012-05-14,2.05796,2.07355,2.05356,2.07123,103279.41
2012-05-15,2.07126,2.08197,2.06563,2.07651,112700.48
2012-05-16,2.07651,2.0898,2.07054,2.07764,137828.63
2012-05-17,2.07764,2.07973,2.0598,2.06507,146858.48
2012-05-18,2.06522,2.10063,2.06406,2.09145,139537.37
2012-05-19,2.09145,2.09145,2.09145,2.09145,0.0
2012-05-20,2.09145,2.09435,2.08474,2.086,7497.2
2012-05-21,2.08608,2.09317,2.06292,2.06338,130870.94
2012-05-22,2.06338,2.09545,2.06114,2.09435,145712.0
2012-05-23,2.09435,2.10541,2.08496,2.09303,182813.49
2012-05-24,2.09303,2.09418,2.07415,2.07609,169588.86
2012-05-25,2.07624,2.08229,2.06674,2.07696,140194.2
2012-05-26,2.07696,2.07696,2.07696,2.07696,0.0
2012-05-27,2.07696,2.07696,2.06374,2.06632,7727.76
2012-05-28,2.06628,2.06655,2.0539,2.06412,102281.24
2012-05-29,2.06412,2.06643,2.04753,2.05306,141684.15
2012-05-30,2.05306,2.06276,2.049,2.06011,156132.7
2012-05-31,2.06011,2.06225,2.04023,2.04375,147336.03
2012-06-01,2.04391,2.05344,2.03423,2.03569,169979.05
2012-06-02,2.03569,2.03569,2.03569,2.03569,0.0
2012-06-03,2.03569,2.04392,2.03431,2.04364,8973.84
2012-06-04,2.04364,2.04545,2.02726,2.02794,122587.35
2012-06-05,2.02805,2.03998,2.0248,2.02702,139103.06
2012-06-06,2.0271,2.03324,2.0087,2.00946,176851.59
2012-06-07,2.00945,2.02593,2.00285,2.02026,162325.51
2012-06-08,2.02026,2.0311,2.0032,2.00706,151221.89
2012-06-09,2.00706,2.00706,2.00706,2.00706,0.0
2012-06-10,2.00706,2.00706,1.99324,2.00094,11957.62
2012-06-11,2.0009,2.01689,1.99947,2.01422,143349.23
2012-06-12,2.01429,2.01499,1.99779,2.003,156268.26
2012-06-13,2.00305,2.00756,1.99342,1.99785,140918.13
2012-06-14,1.99785,2.00087,1.98375,1.98656,145419.93
2012-06-15,1.98655,1.99509,1.9745,1.99061,116879.16
2012-06-16,1.99061,1.99061,1.99061,1.99061,0.0
2012-06-17,1.99061,1.99061,1.97892,1.98429,8523.88
2012-06-18,1.98425,1.98625,1.9739,1.98026,124186.42
2012-06-19,1.98026,1.98269,1.96713,1.9758,122152.23
2012-06-20,1.9759,1.98242,1.96004,1.96206,131116.14
2012-06-21,1.96206,1.98451,1.9592,1.98093,135342.17
2012-06-22,1.98079,1.98901,1.96795,1.97175,99402.68
2012-06-23,1.97175,1.97175,1.97175,1.97175,0.0
2012-06-24,1.97175,1.97877,1.97137,1.97839,5654.9
2012-06-25,1.97839,1.98301,1.97338,1.97698,95600.95
2012-06-26,1.97698,1.9811,1.97045,1.98076,115429.27
2012-06-27,1.98076,1.98101,1.9622,1.96718,96893.77
2012-06-28,1.9672,1.97589,1.95759,1.97178,125472.45
2012-06-29,1.97177,1.97566,1.95024,1.95845,142355.87
2012-06-30,1.95845,1.95845,1.95845,1.95845,0.0
2012-07-01,1.95971,1.96006,1.95497,1.95591,7114.07
2012-07-02,1.95594,1.95739,1.94813,1.95333,103121.57
2012-07-03,1.95326,1.95552,1.94647,1.94952,86029.39
2012-07-04,1.94952,1.95085,1.93615,1.93924,72466.87
2012-07-05,1.93924,1.9472,1.92816,1.93082,110927.56
2012-07-06,1.93098,1.94493,1.92993,1.94105,95345.89
2012-07-07,1.94105,1.94105,1.94105,1.94105,0.0
2012-07-08,1.94105,1.94493,1.93968,1.94211,5780.31
2012-07-09,1.94225,1.95362,1.94029,1.94943,81546.09
2012-07-10,1.94943,1.9563,1.94399,1.95323,91217.86
2012-07-11,1.95324,1.95584,1.94205,1.95089,98477.63
2012-07-12,1.95089,1.96519,1.94835,1.95311,103322.77
2012-07-13,1.95311,1.96083,1.94602,1.95625,91172.29
2012-07-14,1.95625,1.95625,1.95625,1.95625,0.0
2012-07-15,1.95625,1.95631,1.95004,1.95582,5026.9
2012-07-16,1.95582,1.96357,1.95102,1.96205,82909.32
2012-07-17,1.96217,1.96384,1.9528,1.96153,113247.33
2012-07-18,1.96146,1.96889,1.95437,1.95623,122368.52
2012-07-19,1.95625,1.95865,1.94721,1.95643,127748.11
2012-07-20,1.95643,1.95897,1.95024,1.95256,117709.5
2012-07-21,1.95256,1.95256,1.95256,1.95256,0.0
2012-07-22,1.95256,1.95953,1.95256,1.95935,5838.42
2012-07-23,1.95935,1.96988,1.95726,1.96571,137305.56
2012-07-24,1.96568,1.98245,1.95738,1.98104,141444.52
2012-07-25,1.98104,1.98371,1.95721,1.96081,148112.19
2012-07-26,1.96079,1.96345,1.95127,1.96027,138556.46
2012-07-27,1.96019,1.96143,1.94067,1.94286,136606.22
2012-07-28,1.94286,1.94286,1.94286,1.94286,0.0
2012-07-29,1.94286,1.94525,1.94073,1.94503,4915.38
2012-07-30,1.94503,1.94763,1.93737,1.94206,104150.16
2012-07-31,1.94206,1.94271,1.92895,1.93652,115965.7
2012-08-01,1.93661,1.93708,1.91753,1.91932,117935.08
2012-08-02,1.91932,1.9245,1.91151,1.91673,126348.33
2012-08-03,1.91683,1.91761,1.9044,1.90706,134047.15
2012-08-04,1.90706,1.90706,1.90706,1.90706,0.0
2012-08-05,1.90706,1.91408,1.9059,1.91359,5606.82
2012-08-06,1.91359,1.9138,1.89669,1.90169,116098.12
2012-08-07,1.90165,1.91886,1.89606,1.91558,116751.9
2012-08-08,1.91558,1.93052,1.91259,1.92963,121266.13
2012-08-09,1.92963,1.92978,1.92223,1.92494,118290.05
2012-08-10,1.92497,1.93264,1.92114,1.92825,107607.52
2012-08-11,1.92825,1.92825,1.92825,1.92825,0.0
2012-08-12,1.92825,1.93184,1.92695,1.93136,3773.67
2012-08-13,1.93136,1.94266,1.92934,1.93679,95750.77
2012-08-14,1.93679,1.94965,1.93411,1.94727,107874.74
2012-08-15,1.9474,1.94936,1.94099,1.94305,102902.9
2012-08-16,1.94313,1.94666,1.93665,1.93817,109609.93
2012-08-17,1.93817,1.94852,1.93766,1.94306,96481.63
2012-08-18,1.94306,1.94306,1.94306,1.94306,0.0
2012-08-19,1.94306,1.94655,1.94156,1.94197,3058.43
2012-08-20,1.94206,1.94424,1.93679,1.94131,87911.91
2012-08-21,1.94134,1.94814,1.93321,1.94686,97138.12
2012-08-22,1.94687,1.95371,1.94643,1.94653,127071.36
2012-08-23,1.94666,1.95311,1.94191,1.95092,128542.19
2012-08-24,1.951,1.9585,1.94652,1.94865,109051.96
2012-08-25,1.94865,1.94865,1.94865,1.94865,0.0
2012-08-26,1.94865,1.94987,1.94562,1.94932,4185.83
2012-08-27,1.94932,1.9545,1.94725,1.95309,51588.61
2012-08-28,1.95309,1.96931,1.95066,1.96524,113401.05
2012-08-29,1.96533,1.97826,1.96286,1.97552,99285.57
2012-08-30,1.97576,1.9837,1.97121,1.97895,99260.63
2012-08-31,1.97896,1.98192,1.97135,1.97286,112403.24
2012-09-01,1.97286,1.97286,1.97286,1.97286,0.0
2012-09-02,1.97286,1.98452,1.97286,1.98407,3912.53
2012-09-03,1.98416,1.99399,1.97942,1.99155,72994.11
2012-09-04,1.99155,2.00654,1.98745,1.99895,107755.87
2012-09-05,1.9989,2.00644,1.99338,2.00017,122937.26
2012-09-06,2.00021,2.00134,1.98358,1.98931,122190.37
2012-09-07,1.98936,1.98939,1.96872,1.96965,120742.34
2012-09-08,1.96965,1.96965,1.96965,1.96965,0.0
2012-09-09,1.96965,1.97615,1.96965,1.97346,3386.52
2012-09-10,1.97354,1.97847,1.96738,1.97824,96168.51
2012-09-11,1.97824,1.97841,1.96065,1.96678,120195.56
2012-09-12,1.96678,1.96841,1.95645,1.96334,130880.99
2012-09-13,1.96334,1.96541,1.94047,1.94287,115052.58
2012-09-14,1.94287,1.9593,1.93651,1.95455,127041.58
2012-09-15,1.95455,1.95455,1.95455,1.95455,0.0
2012-09-16,1.95455,1.95751,1.95416,1.95749,2978.88
2012-09-17,1.95749,1.96925,1.95267,1.96544,101031.63
2012-09-18,1.96544,1.97079,1.9596,1.96152,114604.35
2012-09-19,1.96167,1.96605,1.95405,1.95553,118014.47
2012-09-20,1.95546,1.96955,1.9541,1.95543,135220.67
2012-09-21,1.95553,1.96145,1.95113,1.95795,118581.85
2012-09-22,1.95795,1.95795,1.95795,1.95795,0.0
2012-09-23,1.95795,1.96317,1.95484,1.96257,2627.77
2012-09-24,1.96256,1.97888,1.96131,1.97407,99726.95
2012-09-25,1.97413,1.97614,1.95961,1.97602,119511.21
2012-09-26,1.97592,1.9772,1.95871,1.96026,120846.93
2012-09-27,1.96016,1.96266,1.94836,1.95368,116664.98
2012-09-28,1.95357,1.95406,1.94225,1.94675,116277.54
2012-09-29,1.94675,1.94675,1.94675,1.94675,0.0
2012-09-30,1.94675,1.95018,1.94675,1.94812,5205.74
2012-10-01,1.94812,1.94973,1.93892,1.9467,106764.66
2012-10-02,1.9467,1.95519,1.9368,1.95418,126872.47
2012-10-03,1.95418,1.96596,1.9513,1.96024,129328.94
2012-10-04,1.96024,1.97513,1.95866,1.96967,129940.66
2012-10-05,1.96955,1.97827,1.9578,1.97226,105204.34
2012-10-06,1.97226,1.97226,1.97226,1.97226,0.0
2012-10-07,1.97226,1.97535,1.97055,1.9712,4087.16
2012-10-08,1.97111,1.97241,1.94917,1.95312,105192.64
2012-10-09,1.95312,1.96241,1.94691,1.96055,133380.41
2012-10-10,1.96065,1.96275,1.95206,1.96009,123324.61
2012-10-11,1.96009,1.96644,1.95555,1.96534,113440.21
2012-10-12,1.9652,1.96876,1.9543,1.96865,105640.16
2012-10-13,1.96865,1.96865,1.96865,1.96865,0.0
2012-10-14,1.96865,1.97179,1.9648,1.96991,4021.47
2012-10-15,1.96991,1.97282,1.96067,1.96881,105902.09
2012-10-16,1.96881,1.98453,1.96637,1.97262,114931.3
2012-10-17,1.97262,1.97855,1.96318,1.96343,108701.71
2012-10-18,1.96354,1.96925,1.9562,1.95919,108777.79
2012-10-19,1.95913,1.96355,1.95547,1.96105,97342.72
2012-10-20,1.96105,1.96105,1.96105,1.96105,0.0
2012-10-21,1.96105,1.96395,1.95839,1.96137,3804.53
2012-10-22,1.96137,1.96369,1.95643,1.95782,94632.14
2012-10-23,1.95782,1.96827,1.95765,1.96585,114475.97
2012-10-24,1.96585,1.96946,1.9524,1.9533,124756.47
2012-10-25,1.9533,1.97575,1.94733,1.96588,124295.45
2012-10-26,1.96586,1.97156,1.9532,1.95564,116569.77
2012-10-27,1.95564,1.95564,1.95564,1.95564,0.0
2012-10-28,1.95564,1.9601,1.95376,1.95957,3465.77
2012-10-29,1.95957,1.961,1.95235,1.95522,76043.45
2012-10-30,1.9552,1.9604,1.95029,1.95554,77540.69
2012-10-31,1.95568,1.96394,1.95408,1.96215,104234.39
2012-11-01,1.96215,1.96636,1.94807,1.9487,93687.86
2012-11-02,1.94867,1.95138,1.93595,1.94115,72371.82
2012-11-03,1.94115,1.94115,1.94115,1.94115,0.0
2012-11-04,1.94115,1.94306,1.9401,1.94284,2312.91
2012-11-05,1.94289,1.94377,1.93295,1.93374,57166.67
2012-11-06,1.93377,1.93691,1.9272,1.93252,70066.15
2012-11-07,1.93252,1.95522,1.9268,1.94935,104481.92
2012-11-08,1.94934,1.96496,1.94746,1.96438,89112.43
2012-11-09,1.96444,1.96548,1.94968,1.94995,97920.18
2012-11-10,1.94995,1.94995,1.94995,1.94995,0.0
2012-11-11,1.94995,1.95286,1.9484,1.94991,2387.98
2012-11-12,1.94991,1.9514,1.9396,1.94098,47679.47
2012-11-13,1.94112,1.94825,1.93506,1.94423,84376.56
2012-11-14,1.94425,1.95997,1.94079,1.95417,89423.17
2012-11-15,1.95417,1.96216,1.9476,1.95726,83181.04
2012-11-16,1.95724,1.96645,1.9531,1.95366,79789.71
2012-11-17,1.95366,1.95366,1.95366,1.95366,0.0
2012-11-18,1.95366,1.95538,1.94965,1.95454,3775.61
2012-11-19,1.95462,1.95788,1.93907,1.94165,69974.55
2012-11-20,1.94165,1.95415,1.93888,1.94919,76190.71
2012-11-21,1.94919,1.9645,1.94886,1.95704,79598.36
2012-11-22,1.95698,1.96138,1.95118,1.95348,59545.08
2012-11-23,1.95348,1.95527,1.94313,1.94485,66555.74
2012-11-24,1.94485,1.94485,1.94485,1.94485,0.0
2012-11-25,1.94485,1.94756,1.9434,1.94538,2350.73
2012-11-26,1.94538,1.95083,1.94325,1.94917,64561.86
2012-11-27,1.94917,1.95515,1.94606,1.95225,84109.64
2012-11-28,1.95227,1.95314,1.94286,1.94336,82479.8
2012-11-29,1.94325,1.95205,1.93686,1.94934,82235.85
2012-11-30,1.94932,1.95887,1.94825,1.95113,82970.74
2012-12-01,1.95113,1.95113,1.95113,1.95113,0.0
2012-12-02,1.95166,1.95699,1.95111,1.95568,3352.77
2012-12-03,1.95565,1.9626,1.95409,1.9594,75547.83
2012-12-04,1.9594,1.96177,1.95154,1.95205,66416.75
2012-12-05,1.95202,1.95389,1.93966,1.94083,77315.17
2012-12-06,1.94083,1.94166,1.92585,1.92965,88895.51
2012-12-07,1.92965,1.93075,1.92195,1.92666,68530.55
2012-12-08,1.92666,1.92666,1.92666,1.92666,0.0
2012-12-09,1.92666,1.92696,1.9227,1.92371,4235.78
2012-12-10,1.92373,1.92817,1.92122,1.92634,57466.24
2012-12-11,1.92625,1.928,1.917,1.91989,67363.55
2012-12-12,1.91983,1.92092,1.91225,1.91451,70153.96
2012-12-13,1.91463,1.91463,1.90633,1.91035,66471.05
2012-12-14,1.91035,1.91893,1.90794,1.91015,76129.12
2012-12-15,1.91015,1.91015,1.91015,1.91015,0.0
2012-12-16,1.91015,1.91345,1.9082,1.91255,5638.82
2012-12-17,1.91248,1.92334,1.90855,1.91872,61932.25
2012-12-18,1.91861,1.93481,1.91736,1.93382,68851.68
2012-12-19,1.9339,1.95064,1.9335,1.94576,82885.24
2012-12-20,1.94575,1.95543,1.94208,1.95089,76996.54
2012-12-21,1.95085,1.97402,1.95076,1.9612,90157.54
2012-12-22,1.9612,1.9612,1.9612,1.9612,0.0
2012-12-23,1.9612,1.96255,1.95731,1.96195,4301.42
2012-12-24,1.96195,1.97111,1.95603,1.96079,47374.12
2012-12-25,1.96034,1.96489,1.95857,1.96136,5318.78
2012-12-26,1.96146,1.97814,1.95386,1.96729,52327.76
2012-12-27,1.9673,1.97535,1.95779,1.96222,76827.15
2012-12-28,1.96222,1.97412,1.95588,1.97173,69614.56
2012-12-29,1.97173,1.97173,1.97173,1.97173,0.0
2012-12-30,1.97173,1.97173,1.96235,1.96367,3713.83
2012-12-31,1.96367,1.9773,1.95725,1.95805,62105.88
2013-01-01,1.95805,1.96652,1.95805,1.9642,1294.66
2013-01-02,1.9642,1.96678,1.94218,1.94944,99902.79
2013-01-03,1.94948,1.95317,1.93536,1.94545,80749.49
2013-01-04,1.94545,1.95388,1.9299,1.93146,74552.99
2013-01-05,1.93146,1.93146,1.93146,1.93146,0.0
2013-01-06,1.93146,1.93397,1.92981,1.93181,4040.72
2013-01-07,1.93181,1.93527,1.91883,1.9251,66530.01
2013-01-08,1.9251,1.92855,1.91557,1.91698,72149.88
2013-01-09,1.91698,1.91994,1.90278,1.9088,78847.22
2013-01-10,1.9088,1.91526,1.89981,1.91526,74934.37
2013-01-11,1.91526,1.92782,1.91347,1.92693,82824.29
2013-01-12,1.92693,1.92693,1.92693,1.92693,0.0
2013-01-13,1.92693,1.92821,1.92126,1.92627,4313.29
2013-01-14,1.92631,1.92771,1.90417,1.90878,91577.21
2013-01-15,1.90876,1.91972,1.90369,1.90884,130204.36
2013-01-16,1.90877,1.9135,1.90056,1.90452,117673.19
2013-01-17,1.90462,1.9189,1.89805,1.90882,120746.3
2013-01-18,1.90876,1.91425,1.89316,1.89316,121086.15
2013-01-19,1.89316,1.89316,1.89316,1.89316,0.0
2013-01-20,1.89316,1.89615,1.89299,1.89606,3303.63
2013-01-21,1.89611,1.90189,1.88822,1.89435,66164.54
2013-01-22,1.89444,1.89446,1.87721,1.88275,116161.01
2013-01-23,1.88275,1.88471,1.87635,1.8784,103433.95
2013-01-24,1.87841,1.88755,1.87455,1.88669,122753.48
2013-01-25,1.88673,1.89126,1.87825,1.88481,121402.47
2013-01-26,1.88481,1.88481,1.88481,1.88481,0.0
2013-01-27,1.88481,1.88802,1.88481,1.88729,2093.01
2013-01-28,1.88735,1.89846,1.8783,1.8818,85378.62
2013-01-29,1.88148,1.88454,1.87412,1.8784,102974.77
2013-01-30,1.8784,1.90296,1.87836,1.88975,118437.2
2013-01-31,1.88975,1.89461,1.88242,1.88956,111450.43
2013-02-01,1.88957,1.89,1.85495,1.85625,99904.03
2013-02-02,1.85625,1.85625,1.85625,1.85625,0.0
2013-02-03,1.85625,1.85841,1.84917,1.85578,5379.7
2013-02-04,1.85505,1.87046,1.85395,1.869,73913.73
2013-02-05,1.86905,1.87228,1.84872,1.85154,115309.32
2013-02-06,1.85154,1.87107,1.85051,1.86831,102920.38
2013-02-07,1.86831,1.89247,1.86637,1.88451,109887.83
2013-02-08,1.88451,1.89535,1.87874,1.88851,107265.86
2013-02-09,1.88851,1.88851,1.88851,1.88851,0.0
2013-02-10,1.88818,1.89171,1.8863,1.89112,8573.99
2013-02-11,1.88914,1.89744,1.86837,1.87283,86424.58
2013-02-12,1.87285,1.87538,1.85475,1.86429,112553.66
2013-02-13,1.86429,1.86451,1.8349,1.83634,116210.48
2013-02-14,1.83631,1.83638,1.81502,1.81974,119765.96
2013-02-15,1.81971,1.84024,1.81706,1.83457,106123.87
2013-02-16,1.83457,1.83457,1.83457,1.83457,0.0
2013-02-17,1.83457,1.83753,1.82813,1.82983,4538.59
2013-02-18,1.82983,1.8374,1.82716,1.82989,81483.12
2013-02-19,1.82989,1.83991,1.81606,1.82273,95519.58
2013-02-20,1.82273,1.83971,1.81967,1.8244,126651.86
2013-02-21,1.8244,1.83333,1.81364,1.82734,118949.62
2013-02-22,1.82736,1.82913,1.80855,1.80855,91141.98
2013-02-23,1.80855,1.80855,1.80855,1.80855,0.0
2013-02-24,1.80855,1.80855,1.80081,1.80388,6468.95
2013-02-25,1.80386,1.82227,1.79553,1.8203,123206.59
2013-02-26,1.81854,1.84091,1.81653,1.83091,121346.73
2013-02-27,1.83106,1.84309,1.82695,1.83555,119865.08
2013-02-28,1.83555,1.84038,1.8219,1.83915,96417.35
2013-03-01,1.83909,1.83936,1.81678,1.82226,96494.08
2013-03-02,1.82226,1.82226,1.82226,1.82226,0.0
2013-03-03,1.82226,1.82736,1.82226,1.8249,3730.17
2013-03-04,1.8249,1.83479,1.82307,1.82795,77405.08
2013-03-05,1.82795,1.83507,1.81417,1.8187,84430.99
2013-03-06,1.81874,1.82199,1.80544,1.81179,79969.44
2013-03-07,1.81181,1.81943,1.80401,1.81381,96938.35
2013-03-08,1.81388,1.82397,1.80467,1.81402,82265.02
2013-03-09,1.81402,1.81402,1.81402,1.81402,0.0
2013-03-10,1.81402,1.81975,1.81402,1.81651,5096.56
2013-03-11,1.81651,1.82282,1.8,1.8053,66400.07
2013-03-12,1.80528,1.80985,1.79885,1.80684,84613.58
2013-03-13,1.80681,1.82732,1.8034,1.82363,102516.09
2013-03-14,1.82365,1.839,1.82204,1.83696,107423.04
2013-03-15,1.83695,1.84487,1.82319,1.82625,83142.51
2013-03-16,1.82625,1.82625,1.82625,1.82625,0.0
2013-03-17,1.82625,1.83923,1.82625,1.83594,9546.08
2013-03-18,1.83592,1.83876,1.82547,1.82723,101370.58
2013-03-19,1.82723,1.83819,1.82582,1.83282,108503.62
2013-03-20,1.83265,1.84555,1.82246,1.82686,114822.39
2013-03-21,1.82686,1.83196,1.81505,1.82425,111667.13
2013-03-22,1.82418,1.82927,1.8197,1.82175,85442.18
2013-03-23,1.82175,1.82175,1.82175,1.82175,0.0
2013-03-24,1.82175,1.82665,1.82089,1.82374,8403.3
2013-03-25,1.82374,1.82762,1.81257,1.81786,99359.34
2013-03-26,1.81786,1.82036,1.80513,1.80722,85676.5
2013-03-27,1.80724,1.81146,1.80514,1.8063,89295.34
2013-03-28,1.80631,1.81838,1.80345,1.81485,94660.36
2013-03-29,1.8148,1.81842,1.81253,1.81489,43393.93
2013-03-30,1.81489,1.81489,1.81489,1.81489,0.0
2013-03-31,1.81489,1.81787,1.81366,1.81433,2504.52
2013-04-01,1.81441,1.82325,1.81379,1.81614,39815.59
2013-04-02,1.81612,1.81774,1.79236,1.79597,82730.32
2013-04-03,1.79601,1.80015,1.79071,1.79825,79762.55
2013-04-04,1.79825,1.81418,1.79475,1.80997,105862.44
2013-04-05,1.80998,1.8277,1.80728,1.81835,90110.7
2013-04-06,1.81835,1.81835,1.81835,1.81835,0.0
2013-04-07,1.81835,1.82545,1.81835,1.82525,6594.97
2013-04-08,1.82525,1.82576,1.80101,1.80234,79727.62
2013-04-09,1.80231,1.80863,1.79558,1.79811,95491.88
2013-04-10,1.79807,1.79859,1.78325,1.78696,86148.95
2013-04-11,1.78695,1.78765,1.77058,1.78375,92289.91
2013-04-12,1.78375,1.79629,1.78214,1.78592,75285.5
2013-04-13,1.78592,1.78592,1.78592,1.78592,0.0
2013-04-14,1.78592,1.79153,1.78592,1.79153,4632.3
2013-04-15,1.79153,1.82405,1.79118,1.81304,118091.08
2013-04-16,1.81301,1.81679,1.80126,1.80768,109946.67
2013-04-17,1.80766,1.81515,1.79699,1.8045,106937.49
2013-04-18,1.8045,1.81887,1.79976,1.81626,101580.92
2013-04-19,1.8162,1.81788,1.80481,1.8076,89297.3
2013-04-20,1.8076,1.8076,1.8076,1.8076,0.0
2013-04-21,1.8076,1.81385,1.8076,1.81212,4541.84
2013-04-22,1.81208,1.81693,1.80049,1.81675,77746.29
2013-04-23,1.81675,1.82386,1.80175,1.80646,91320.86
2013-04-24,1.80879,1.80985,1.79835,1.80238,86473.47
2013-04-25,1.80238,1.81656,1.79264,1.81502,96465.32
2013-04-26,1.81502,1.82691,1.80995,1.82455,79469.32
2013-04-27,1.82455,1.82455,1.82455,1.82455,0.0
2013-04-28,1.82455,1.82536,1.82017,1.82237,4879.84
2013-04-29,1.82235,1.82462,1.80548,1.81209,81415.6
2013-04-30,1.81208,1.81543,1.80529,1.81385,87711.39
2013-05-01,1.81386,1.83604,1.80977,1.83011,84770.44
2013-05-02,1.83011,1.83981,1.82476,1.82615,93716.44
2013-05-03,1.82621,1.82967,1.81927,1.82306,77783.38
2013-05-04,1.82306,1.82306,1.82306,1.82306,0.0
2013-05-05,1.82306,1.82459,1.82206,1.82408,3249.35
2013-05-06,1.82408,1.82983,1.82102,1.82501,64118.41
2013-05-07,1.82504,1.84165,1.82325,1.83011,81921.12
2013-05-08,1.83011,1.85686,1.82897,1.8387,95198.44
2013-05-09,1.83876,1.84774,1.83226,1.83872,108499.41
2013-05-10,1.83874,1.85956,1.83868,1.84842,109394.94
2013-05-11,1.84842,1.84842,1.84842,1.84842,0.0
2013-05-12,1.84842,1.85506,1.84842,1.85474,5977.33
2013-05-13,1.85474,1.8584,1.84656,1.85255,98640.63
2013-05-14,1.85255,1.86066,1.84497,1.85361,112103.14
2013-05-15,1.85365,1.86165,1.84338,1.84615,121335.01
2013-05-16,1.84615,1.87399,1.84281,1.86944,105082.19
2013-05-17,1.86947,1.88473,1.86936,1.87974,93579.45
2013-05-18,1.87974,1.87974,1.87974,1.87974,0.0
2013-05-19,1.87974,1.87974,1.87162,1.87177,6818.46
2013-05-20,1.87177,1.87728,1.86246,1.86566,118522.71
2013-05-21,1.86566,1.87049,1.85245,1.85526,138750.49
2013-05-22,1.85526,1.87086,1.84493,1.86868,163517.67
2013-05-23,1.86869,1.87676,1.84983,1.86422,147074.06
2013-05-24,1.8642,1.87306,1.8609,1.86611,117693.25
2013-05-25,1.86611,1.86611,1.86611,1.86611,0.0
2013-05-26,1.86611,1.87092,1.8645,1.86935,10698.17
2013-05-27,1.86935,1.87532,1.86522,1.86805,79659.39
2013-05-28,1.86805,1.87087,1.85572,1.86434,133864.33
2013-05-29,1.86434,1.86994,1.84846,1.86609,138372.1
2013-05-30,1.86612,1.88938,1.86257,1.88297,146277.8
2013-05-31,1.88297,1.91249,1.87948,1.91117,144361.31
2013-06-01,1.91117,1.91117,1.91117,1.91117,0.0
2013-06-02,1.91117,1.91117,1.90374,1.90614,8274.33
2013-06-03,1.90615,1.91774,1.88952,1.8942,112065.42
2013-06-04,1.89418,1.91841,1.89331,1.90931,136596.02
2013-06-05,1.90936,1.94247,1.90156,1.9379,158114.62
2013-06-06,1.93788,1.95384,1.93457,1.94953,158064.8
2013-06-07,1.94955,1.97622,1.94526,1.97119,145135.05
2013-06-08,1.97119,1.97119,1.97119,1.97119,0.0
2013-06-09,1.97119,1.98586,1.97119,1.97762,9109.72
2013-06-10,1.97762,1.98243,1.96369,1.97512,146180.45
2013-06-11,1.97512,2.0029,1.97218,1.98029,178469.69
2013-06-12,1.98028,1.98742,1.95022,1.97088,136907.92
2013-06-13,1.97088,1.98629,1.93671,1.9441,161493.18
2013-06-14,1.9441,1.95302,1.92635,1.9492,123763.97
2013-06-15,1.9492,1.9492,1.9492,1.9492,0.0
2013-06-16,1.9492,1.95292,1.94803,1.95272,8410.77
2013-06-17,1.9528,1.96898,1.93739,1.96528,107056.66
2013-06-18,1.96538,1.97074,1.94495,1.95863,122315.57
2013-06-19,1.95856,1.97266,1.94265,1.96576,133232.51
2013-06-20,1.96576,2.00541,1.95864,1.99815,172102.9
2013-06-21,1.99806,1.99806,1.98266,1.98676,163307.82
2013-06-22,1.98676,1.98676,1.98676,1.98676,0.0
2013-06-23,1.98676,1.98816,1.97944,1.98179,9593.89
2013-06-24,1.98179,1.99845,1.97994,1.98659,190062.6
2013-06-25,1.98655,2.00265,1.98081,1.99386,154222.29
2013-06-26,1.9939,1.99705,1.95607,1.96917,141108.32
2013-06-27,1.9692,1.97002,1.94386,1.95983,135077.08
2013-06-28,1.95983,1.97166,1.95005,1.96245,139913.41
2013-06-29,1.96245,1.96245,1.96245,1.96245,0.0
2013-06-30,1.96245,1.97015,1.96082,1.96277,7410.04
2013-07-01,1.96284,1.96727,1.94309,1.94377,126559.41
2013-07-02,1.94377,1.95817,1.9437,1.95565,134858.59
2013-07-03,1.95571,1.97507,1.94815,1.96008,157074.25
2013-07-04,1.96004,1.96497,1.91645,1.92046,148767.27
2013-07-05,1.92055,1.93729,1.90369,1.9298,123470.33
2013-07-06,1.9298,1.9298,1.9298,1.9298,0.0
2013-07-07,1.9298,1.93186,1.92665,1.9294,7546.47
2013-07-08,1.92944,1.93047,1.9092,1.91759,106225.34
2013-07-09,1.91759,1.92221,1.88594,1.89638,139917.68
2013-07-10,1.89639,1.91754,1.88659,1.91033,169317.41
2013-07-11,1.91045,1.94765,1.8989,1.93442,181647.77
2013-07-12,1.93442,1.94665,1.92444,1.93956,114194.12
2013-07-13,1.93956,1.93956,1.93956,1.93956,0.0
2013-07-14,1.93956,1.93956,1.9336,1.93639,6332.74
2013-07-15,1.93639,1.9454,1.92633,1.93488,119767.9
2013-07-16,1.93484,1.93568,1.9125,1.91423,130136.38
2013-07-17,1.91423,1.9388,1.91402,1.92348,150455.73
2013-07-18,1.92348,1.93195,1.92254,1.92478,126119.21
2013-07-19,1.92481,1.92719,1.91072,1.92223,101083.06
2013-07-20,1.92223,1.92223,1.92223,1.92223,0.0
2013-07-21,1.92223,1.93385,1.92223,1.92586,5396.7
2013-07-22,1.92574,1.93856,1.92245,1.92629,120433.01
2013-07-23,1.92643,1.92937,1.91789,1.92234,123230.75
2013-07-24,1.92234,1.93825,1.91746,1.92232,148733.95
2013-07-25,1.92227,1.9225,1.89933,1.9079,147158.64
2013-07-26,1.90786,1.91116,1.89927,1.90093,116149.85
2013-07-27,1.90093,1.90093,1.90093,1.90093,0.0
2013-07-28,1.90093,1.90556,1.90093,1.90536,5847.18
2013-07-29,1.90536,1.91518,1.90055,1.91089,117377.03
2013-07-30,1.9109,1.92132,1.90426,1.90685,129664.33
2013-07-31,1.90685,1.91552,1.90065,1.90535,142553.02
2013-08-01,1.90535,1.93026,1.89945,1.91308,136119.57
2013-08-02,1.91309,1.95438,1.91218,1.94871,134663.33
2013-08-03,1.94871,1.94871,1.94871,1.94871,0.0
2013-08-04,1.94871,1.97229,1.94871,1.96776,8467.86
2013-08-05,1.96776,1.98027,1.95225,1.95925,133325.86
2013-08-06,1.95925,1.96183,1.93816,1.94276,122632.77
2013-08-07,1.94263,1.96253,1.92518,1.94666,145321.54
2013-08-08,1.94674,1.9514,1.93385,1.94277,128734.17
2013-08-09,1.94276,1.94566,1.92487,1.92761,101548.58
2013-08-10,1.92761,1.92761,1.92761,1.92761,0.0
2013-08-11,1.92761,1.93304,1.92501,1.93304,4805.51
2013-08-12,1.93295,1.93837,1.92245,1.93646,90224.26
2013-08-13,1.93646,1.94897,1.93038,1.93598,128337.72
2013-08-14,1.93601,1.94056,1.92535,1.92685,124832.54
2013-08-15,1.92685,1.94286,1.92045,1.93695,163469.8
2013-08-16,1.93694,1.94049,1.92174,1.92675,133409.48
2013-08-17,1.92675,1.92675,1.92675,1.92675,0.0
2013-08-18,1.92675,1.92801,1.92242,1.92436,9570.88
2013-08-19,1.92436,1.94238,1.91552,1.94096,116421.65
2013-08-20,1.94096,1.97164,1.93932,1.96845,141327.94
2013-08-21,1.96848,1.99696,1.96496,1.99106,150196.95
2013-08-22,1.99106,1.99918,1.98341,1.98975,135541.66
2013-08-23,1.98967,2.00738,1.98597,1.99318,109636.34
2013-08-24,1.99318,1.99318,1.99318,1.99318,0.0
2013-08-25,1.99318,1.99966,1.99057,1.99728,5725.66
2013-08-26,1.99723,1.99865,1.9784,1.98693,85705.46
2013-08-27,1.98686,2.00582,1.98635,2.00189,128039.92
2013-08-28,2.00201,2.00469,1.98397,1.98643,122566.54
2013-08-29,1.98641,2.00214,1.97948,1.99724,123318.99
2013-08-30,1.99724,2.00767,1.99002,2.00422,99042.13
2013-08-31,2.00422,2.00422,2.00422,2.00422,0.0
2013-09-01,2.00422,2.00493,1.9962,1.99816,5682.1
2013-09-02,1.99816,2.00235,1.98235,1.98926,91842.93
2013-09-03,1.98906,2.0004,1.98358,1.99485,112745.66
2013-09-04,1.99482,1.99676,1.96993,1.97835,104094.45
2013-09-05,1.97835,1.98985,1.96944,1.97676,106981.38
2013-09-06,1.97676,1.97684,1.94807,1.95191,81649.32
2013-09-07,1.95191,1.95191,1.95191,1.95191,0.0
2013-09-08,1.95191,1.95979,1.94916,1.95895,7559.68
2013-09-09,1.95896,1.96488,1.95414,1.95791,86100.12
2013-09-10,1.95791,1.95875,1.94607,1.95293,98233.88
2013-09-11,1.95293,1.96251,1.9414,1.9422,108835.84
2013-09-12,1.9422,1.95014,1.93772,1.94312,110219.37
2013-09-13,1.94311,1.95455,1.93966,1.94989,90667.32
2013-09-14,1.94989,1.94989,1.94989,1.94989,0.0
2013-09-15,1.94989,1.94989,1.93636,1.94493,7353.37
2013-09-16,1.94493,1.94905,1.93817,1.94347,95948.5
2013-09-17,1.94347,1.94797,1.92747,1.93306,90919.03
2013-09-18,1.93312,1.94606,1.92021,1.92337,116955.7
2013-09-19,1.92335,1.92504,1.90472,1.91195,124145.74
2013-09-20,1.91195,1.91595,1.90842,1.91057,88765.49
2013-09-21,1.91057,1.91057,1.91057,1.91057,0.0
2013-09-22,1.91057,1.91719,1.91057,1.91536,4551.75
2013-09-23,1.91536,1.91924,1.91193,1.91855,91504.77
2013-09-24,1.91855,1.94176,1.91837,1.93925,89992.47
2013-09-25,1.93924,1.95172,1.93579,1.94955,83489.76
2013-09-26,1.94955,1.95105,1.9311,1.93696,82292.81
2013-09-27,1.93696,1.95428,1.93295,1.94825,85704.83
2013-09-28,1.94825,1.94825,1.94825,1.94825,0.0
2013-09-29,1.94825,1.95805,1.94682,1.95501,8642.22
2013-09-30,1.95556,1.95806,1.93837,1.95036,92639.64
2013-10-01,1.95039,1.96529,1.94723,1.96024,114567.43
2013-10-02,1.96024,1.974,1.94506,1.95308,121269.65
2013-10-03,1.9531,1.96007,1.94426,1.9497,110221.49
2013-10-04,1.9497,1.9503,1.92136,1.92229,83841.07
2013-10-05,1.92229,1.92229,1.92229,1.92229,0.0
2013-10-06,1.92229,1.93076,1.92229,1.92925,3767.86
2013-10-07,1.92921,1.94468,1.92816,1.94005,75754.89
2013-10-08,1.94005,1.94415,1.92948,1.93869,98522.32
2013-10-09,1.93869,1.94306,1.91434,1.92283,99415.33
2013-10-10,1.92282,1.93479,1.9204,1.93046,95405.2
2013-10-11,1.93046,1.93166,1.91049,1.91458,79081.56
2013-10-12,1.91458,1.91458,1.91458,1.91458,0.0
2013-10-13,1.91458,1.92206,1.91458,1.91857,3744.4
2013-10-14,1.91856,1.92146,1.90676,1.90926,66251.04
2013-10-15,1.90926,1.9135,1.89708,1.9008,93690.29
2013-10-16,1.90075,1.90773,1.88687,1.89152,94163.23
2013-10-17,1.89152,1.91075,1.88965,1.90876,108486.49
2013-10-18,1.90876,1.91246,1.89703,1.89703,68559.19
2013-10-19,1.89703,1.89703,1.89703,1.89703,0.0
2013-10-20,1.89703,1.90596,1.89703,1.90366,5293.56
2013-10-21,1.90366,1.91287,1.90062,1.90797,64335.76
2013-10-22,1.90798,1.91121,1.89731,1.90621,81023.21
2013-10-23,1.90619,1.9327,1.90519,1.92017,115113.8
2013-10-24,1.92017,1.94411,1.91731,1.94237,100558.49
2013-10-25,1.94237,1.95541,1.94235,1.9514,89983.29
2013-10-26,1.9514,1.9514,1.9514,1.9514,0.0
2013-10-27,1.9514,1.95306,1.94883,1.94961,3654.49
2013-10-28,1.9496,1.95155,1.94222,1.94501,78020.72
2013-10-29,1.94501,1.94976,1.93895,1.94404,101480.59
2013-10-30,1.94395,1.95256,1.93654,1.94175,103301.49
2013-10-31,1.94176,1.94486,1.93061,1.94157,115151.74
2013-11-01,1.94162,1.94291,1.92348,1.92487,90367.78
2013-11-02,1.92487,1.92487,1.92487,1.92487,0.0
2013-11-03,1.92487,1.93032,1.92487,1.92595,2411.43
2013-11-04,1.92593,1.9293,1.9196,1.9256,70816.98
2013-11-05,1.9256,1.93648,1.91492,1.91858,95688.91
2013-11-06,1.91867,1.92181,1.91262,1.92048,81695.56
2013-11-07,1.92046,1.93735,1.91062,1.93375,115974.19
2013-11-08,1.93386,1.94537,1.92331,1.94056,106230.91
2013-11-09,1.94056,1.94056,1.94056,1.94056,0.0
2013-11-10,1.94056,1.94135,1.93578,1.94048,3795.09
2013-11-11,1.94045,1.9423,1.93176,1.93561,74884.49
2013-11-12,1.93561,1.94534,1.92616,1.93454,115261.64
2013-11-13,1.93455,1.94585,1.92856,1.93519,106498.05
2013-11-14,1.93519,1.94949,1.92091,1.94036,102673.72
2013-11-15,1.94033,1.94198,1.93113,1.93116,71507.99
2013-11-16,1.93116,1.93116,1.93116,1.93116,0.0
2013-11-17,1.93116,1.9328,1.92761,1.93044,1915.3
2013-11-18,1.93044,1.93736,1.91754,1.93733,80123.6
2013-11-19,1.93734,1.93855,1.92139,1.92626,95075.69
2013-11-20,1.92626,1.95007,1.92471,1.94682,112866.13
2013-11-21,1.94686,1.97663,1.94503,1.96691,127076.12
2013-11-22,1.96683,1.99243,1.96493,1.97925,94082.8
2013-11-23,1.97925,1.97925,1.97925,1.97925,0.0
2013-11-24,1.97925,1.98375,1.97919,1.98096,3648.38
2013-11-25,1.98086,1.98105,1.9623,1.96265,94383.91
2013-11-26,1.96258,1.98115,1.95532,1.97835,99878.86
2013-11-27,1.97837,2.00658,1.97535,1.99701,99500.97
2013-11-28,1.99701,2.0163,1.99136,2.01376,82658.35
2013-11-29,2.01376,2.02376,1.99881,2.01091,92244.67
2013-11-30,2.01091,2.01091,2.01091,2.01091,0.0
2013-12-01,2.01091,2.01091,2.00028,2.00606,3434.71
2013-12-02,2.00603,2.01463,1.9934,1.99661,96453.37
2013-12-03,1.99655,2.00529,1.98436,1.98902,100129.33
2013-12-04,1.98902,2.00486,1.98746,1.99506,119544.04
2013-12-05,1.99506,2.00536,1.98236,1.98686,114193.34
2013-12-06,1.98686,2.00275,1.96956,1.97268,103733.41
2013-12-07,1.97268,1.97268,1.97268,1.97268,0.0
2013-12-08,1.97268,1.97268,1.96916,1.96975,4368.95
2013-12-09,1.96975,1.98626,1.96326,1.98345,77812.77
2013-12-10,1.98345,1.98785,1.97242,1.98047,79149.61
2013-12-11,1.98044,1.99451,1.97705,1.97895,99463.38
2013-12-12,1.97895,1.99418,1.97079,1.98775,107278.77
2013-12-13,1.98778,1.98886,1.96826,1.97045,78860.75
2013-12-14,1.97045,1.97045,1.97045,1.97045,0.0
2013-12-15,1.97045,1.97356,1.96914,1.97254,1744.8
2013-12-16,1.97262,1.97962,1.9669,1.97195,75048.5
2013-12-17,1.97195,1.97428,1.96367,1.96595,85254.23
2013-12-18,1.96595,2.00255,1.96413,1.99588,114110.8
2013-12-19,1.99588,2.00695,1.99243,1.99695,92811.47
2013-12-20,1.99685,2.00426,1.98758,1.99002,88057.9
2013-12-21,1.99002,1.99002,1.99002,1.99002,0.0
2013-12-22,1.99002,1.99136,1.98741,1.98846,3033.26
2013-12-23,1.98846,1.99795,1.98798,1.99466,68419.45
2013-12-24,1.99466,2.00216,1.99371,1.99824,42004.64
2013-12-25,1.9966,2.00005,1.99565,1.99996,1097.96
2013-12-26,1.99973,2.01526,1.99457,2.01143,45350.95
2013-12-27,2.01145,2.02766,2.00876,2.01838,78981.18
2013-12-28,2.01838,2.01838,2.01838,2.01838,0.0
2013-12-29,2.01838,2.02479,2.0178,2.02124,2476.17
2013-12-30,2.02146,2.02904,2.00593,2.00685,60001.48
2013-12-31,2.00685,2.01556,2.00341,2.01172,49302.88
2014-01-01,2.01172,2.02295,2.01172,2.01934,1502.04
2014-01-02,2.01926,2.03105,1.99599,2.00914,92432.1
2014-01-03,2.0092,2.0105,1.97452,1.98352,86578.77
2014-01-04,1.98352,1.98352,1.98352,1.98352,0.0
2014-01-05,1.98352,1.98666,1.98026,1.98506,3494.34
2014-01-06,1.98515,1.98666,1.97546,1.97983,86201.88
2014-01-07,1.97983,1.98576,1.97655,1.98047,90304.64
2014-01-08,1.98047,1.99265,1.9755,1.99026,98293.43
2014-01-09,1.99016,1.99955,1.98876,1.99823,88084.77
2014-01-10,1.99823,2.00247,1.98314,1.98435,89858.73
2014-01-11,1.98435,1.98435,1.98435,1.98435,0.0
2014-01-12,1.98435,1.98985,1.98256,1.98638,2687.08
2014-01-13,1.98638,1.99016,1.95167,1.95646,94126.6
2014-01-14,1.95655,1.96516,1.94534,1.96405,93527.51
2014-01-15,1.96405,1.96965,1.95351,1.9635,91839.32
2014-01-16,1.96355,1.96989,1.95579,1.958,101329.06
2014-01-17,1.958,1.99288,1.95582,1.98602,81939.38
2014-01-18,1.98602,1.98602,1.98602,1.98602,0.0
2014-01-19,1.98602,1.98969,1.98322,1.98898,3038.58
2014-01-20,1.98904,2.00076,1.96955,1.97559,73323.64
2014-01-21,1.97559,1.98346,1.96785,1.98194,81442.68
2014-01-22,1.98194,1.99783,1.97515,1.99398,88860.6
2014-01-23,1.99405,2.0083,1.99104,2.00725,110561.6
2014-01-24,2.00717,2.02121,1.99464,2.00252,108334.59
2014-01-25,2.00252,2.00252,2.00252,2.00252,0.0
2014-01-26,2.00252,2.00542,1.99876,2.00317,4044.56
2014-01-27,2.00325,2.01746,1.99877,2.01534,92739.58
2014-01-28,2.01534,2.01629,1.99525,2.00417,91300.69
2014-01-29,2.00417,2.02454,1.99613,2.01681,109485.96
2014-01-30,2.0169,2.02876,2.013,2.01651,108727.9
2014-01-31,2.01651,2.04316,2.01578,2.02997,100456.04
2014-02-01,2.02997,2.02997,2.02997,2.02997,0.0
2014-02-02,2.02997,2.03006,2.02472,2.02841,2862.69
2014-02-03,2.02865,2.02961,2.00782,2.02005,102998.61
2014-02-04,2.02026,2.02516,1.97609,1.98568,106206.5
2014-02-05,1.98563,1.99365,1.97558,1.98436,93265.87
2014-02-06,1.98456,1.98546,1.971,1.97938,90304.11
2014-02-07,1.97932,1.98726,1.97307,1.97715,84384.25
2014-02-08,1.97715,1.97715,1.97715,1.97715,0.0
2014-02-09,1.97715,1.98286,1.97715,1.98144,2718.25
2014-02-10,1.98144,1.98695,1.97993,1.98395,60734.41
2014-02-11,1.98387,1.98407,1.97105,1.97915,85456.3
2014-02-12,1.9791,1.99782,1.96348,1.99628,90821.63
2014-02-13,1.9962,2.00295,1.98886,1.99576,92085.91
2014-02-14,1.99566,2.00256,1.99066,1.99927,75266.7
2014-02-15,1.99927,1.99927,1.99927,1.99927,0.0
2014-02-16,1.99927,2.00476,1.99927,2.0007,2537.54
2014-02-17,2.0007,2.00815,1.99496,1.99886,64953.28
2014-02-18,1.99876,2.0134,1.9946,2.01051,96173.38
2014-02-19,2.01045,2.01802,1.99767,2.01536,91686.96
2014-02-20,2.01525,2.02286,2.00265,2.00625,93803.31
2014-02-21,2.00615,2.02055,2.00076,2.00323,74152.34
2014-02-22,2.00323,2.00323,2.00323,2.00323,0.0
2014-02-23,2.00323,2.01066,2.00323,2.00875,1971.66
2014-02-24,2.00874,2.01446,1.99545,1.99886,74485.78
2014-02-25,1.99883,2.00705,1.99555,2.0019,84912.36
2014-02-26,2.00183,2.00996,1.99726,2.00556,89015.1
2014-02-27,2.00555,2.00915,1.98707,1.9951,101339.21
2014-02-28,1.99502,1.99796,1.98316,1.99537,100728.56
2014-03-01,1.99537,1.99537,1.99537,1.99537,0.0
2014-03-02,1.99537,2.00336,1.99537,2.00111,4847.94
2014-03-03,2.00106,2.00656,1.98996,1.99266,90295.65
2014-03-04,1.99268,1.99546,1.98447,1.98555,86197.32
2014-03-05,1.98566,1.98931,1.98065,1.98645,82590.73
2014-03-06,1.98647,1.98849,1.96752,1.9753,97874.94
2014-03-07,1.97536,1.98028,1.96626,1.97279,85666.29
2014-03-08,1.97279,1.97279,1.97279,1.97279,0.0
2014-03-09,1.97279,1.97785,1.97185,1.97451,4678.5
2014-03-10,1.97456,1.98036,1.96322,1.96454,79045.3
2014-03-11,1.96454,1.96577,1.95591,1.96517,83843.7
2014-03-12,1.96525,1.9688,1.94876,1.94975,82898.08
2014-03-13,1.94975,1.95135,1.939,1.94676,88908.45
2014-03-14,1.94665,1.95068,1.94097,1.94829,67939.74
2014-03-15,1.94829,1.94829,1.94829,1.94829,0.0
2014-03-16,1.94829,1.95176,1.94716,1.94938,4575.48
2014-03-17,1.94935,1.94988,1.93496,1.94348,63331.66
2014-03-18,1.94349,1.94772,1.91599,1.92415,79296.9
2014-03-19,1.92415,1.93856,1.92415,1.93705,95620.04
2014-03-20,1.93705,1.94205,1.93128,1.93469,83008.72
2014-03-21,1.93476,1.93613,1.92384,1.93054,67949.39
2014-03-22,1.93054,1.93054,1.93054,1.93054,0.0
2014-03-23,1.93054,1.93167,1.92342,1.931,6347.7
2014-03-24,1.93106,1.93748,1.92788,1.93056,79391.66
2014-03-25,1.93056,1.93525,1.92477,1.92858,84228.9
2014-03-26,1.92858,1.93047,1.91848,1.92696,90641.05
2014-03-27,1.92696,1.9292,1.90826,1.91622,90148.52
2014-03-28,1.91622,1.92348,1.90963,1.91908,71786.31
2014-03-29,1.91908,1.91908,1.91908,1.91908,0.0
2014-03-30,1.91908,1.92236,1.91883,1.91942,9721.66
2014-03-31,1.91937,1.92628,1.91655,1.92135,77368.28
2014-04-01,1.92146,1.93061,1.91345,1.92996,68100.53
2014-04-02,1.92992,1.94621,1.92938,1.93903,71755.24
2014-04-03,1.93908,1.9517,1.93732,1.94005,76599.53
2014-04-04,1.94005,1.9442,1.92441,1.92607,66652.46
2014-04-05,1.92607,1.92607,1.92607,1.92607,0.0
2014-04-06,1.92607,1.93147,1.92417,1.92506,6630.62
2014-04-07,1.92509,1.93412,1.9241,1.9292,80657.55
2014-04-08,1.92921,1.93634,1.91955,1.93228,98360.81
2014-04-09,1.93228,1.93623,1.92289,1.92666,94283.03
2014-04-10,1.92665,1.93679,1.91925,1.93511,101549.85
2014-04-11,1.93514,1.9441,1.92355,1.92575,89046.32
2014-04-12,1.92575,1.92575,1.92575,1.92575,0.0
2014-04-13,1.92575,1.92855,1.9245,1.92623,7313.57
2014-04-14,1.92631,1.93688,1.92322,1.92596,86853.23
2014-04-15,1.92591,1.94594,1.92484,1.94503,100671.86
2014-04-16,1.94499,1.95606,1.94412,1.94672,102047.62
2014-04-17,1.94668,1.96106,1.94376,1.95669,85718.67
2014-04-18,1.95673,1.95928,1.95267,1.95496,48256.0
2014-04-19,1.95496,1.95496,1.95496,1.95496,0.0
2014-04-20,1.95496,1.95995,1.95278,1.95369,5708.21
2014-04-21,1.95369,1.96317,1.95369,1.95786,53906.05
2014-04-22,1.95786,1.95987,1.95175,1.95296,82540.23
2014-04-23,1.95296,1.96031,1.94529,1.94854,92164.46
2014-04-24,1.94853,1.96407,1.94366,1.96095,88731.43
2014-04-25,1.96094,1.96469,1.95612,1.95735,65484.27
2014-04-26,1.95735,1.95735,1.95735,1.95735,0.0
2014-04-27,1.95735,1.95926,1.95725,1.95814,3336.96
2014-04-28,1.95814,1.97327,1.95375,1.9697,93573.99
2014-04-29,1.9697,1.97608,1.96441,1.96476,91554.76
2014-04-30,1.96476,1.96914,1.95555,1.96013,94933.2
2014-05-01,1.96015,1.9631,1.95436,1.95796,72502.63
2014-05-02,1.95785,1.96065,1.94305,1.94662,84619.67
2014-05-03,1.94662,1.94662,1.94662,1.94662,0.0
2014-05-04,1.94662,1.94955,1.94568,1.94932,2639.49
2014-05-05,1.94928,1.95101,1.94175,1.94215,65748.07
2014-05-06,1.94212,1.95246,1.93403,1.94887,91075.52
2014-05-07,1.94888,1.96155,1.94883,1.96005,87092.31
2014-05-08,1.96004,1.96569,1.95557,1.95845,110822.62
2014-05-09,1.95845,1.9644,1.94971,1.95505,82945.19
2014-05-11,1.95246,1.95488,1.95235,1.95475,4413.76
2014-05-12,1.95485,1.96081,1.95239,1.9567,74914.41
2014-05-13,1.9567,1.95815,1.94365,1.9506,89949.47
2014-05-14,1.95064,1.95144,1.93305,1.93597,92595.34
2014-05-15,1.93597,1.94639,1.92729,1.94044,91495.81
2014-05-16,1.94037,1.95083,1.9399,1.94855,66476.39
2014-05-18,1.94658,1.94836,1.94637,1.94754,4898.75
2014-05-19,1.94751,1.95083,1.94305,1.94766,86694.36
2014-05-20,1.94765,1.96726,1.94765,1.96615,95964.14
2014-05-21,1.96626,1.97652,1.96446,1.97267,105262.48
2014-05-22,1.97261,1.97476,1.96545,1.96906,93815.87
2014-05-23,1.96908,1.97346,1.96444,1.96542,79078.43
2014-05-25,1.97075,1.97185,1.96839,1.97086,5022.79
2014-05-26,1.97085,1.97406,1.96593,1.96731,72785.66
2014-05-27,1.96731,1.973,1.96125,1.96186,95501.4
2014-05-28,1.96192,1.97577,1.96192,1.97025,107833.71
2014-05-29,1.97021,1.97746,1.96496,1.97019,100916.12
2014-05-30,1.97015,1.97665,1.96494,1.97106,88568.68
2014-06-01,1.97395,1.97615,1.97098,1.97343,5463.78
2014-06-02,1.97345,1.98376,1.97256,1.98332,97387.59
2014-06-03,1.98333,1.98952,1.97575,1.98416,99218.25
2014-06-04,1.98421,1.99322,1.97976,1.98701,101937.51
2014-06-05,1.98701,1.98974,1.97502,1.98091,118763.27
2014-06-06,1.98091,1.98172,1.96688,1.97721,97927.53
2014-06-08,1.97672,1.97774,1.97501,1.97676,2684.22
2014-06-09,1.97677,1.98004,1.97173,1.97801,86291.75
2014-06-10,1.97795,1.97859,1.96281,1.96371,100594.48
2014-06-11,1.96381,1.96922,1.94533,1.95075,107101.72
2014-06-12,1.95075,1.95452,1.93591,1.95432,112473.04
2014-06-13,1.95432,1.96205,1.95264,1.95611,99083.75
2014-06-15,1.95785,1.95974,1.95591,1.95962,4464.44
2014-06-16,1.95962,1.96025,1.95402,1.95761,90544.56
2014-06-17,1.95772,1.96192,1.95572,1.95828,92930.65
2014-06-18,1.95828,1.96072,1.94371,1.94968,105865.52
2014-06-19,1.94966,1.95739,1.94821,1.95651,103831.37
2014-06-20,1.95646,1.96131,1.95195,1.95562,66751.47
2014-06-22,1.95481,1.95622,1.95401,1.95532,4070.41
2014-06-23,1.95531,1.95584,1.94691,1.95509,82301.11
2014-06-24,1.95512,1.96003,1.94879,1.95901,87128.51
2014-06-25,1.95901,1.96,1.94245,1.94401,94294.44
2014-06-26,1.94395,1.94462,1.93511,1.94051,98959.3
2014-06-27,1.94061,1.94528,1.93811,1.93991,77228.73
2014-06-29,1.93838,1.94241,1.93838,1.94161,4129.06
2014-06-30,1.94171,1.95563,1.93925,1.95192,97431.43
2014-07-01,1.95202,1.95898,1.94867,1.95671,93628.99
2014-07-02,1.95671,1.96042,1.95462,1.95776,90339.22
2014-07-03,1.95776,1.96631,1.94944,1.96131,98191.02
2014-07-04,1.96131,1.96498,1.95829,1.95829,64953.15
2014-07-06,1.96152,1.96452,1.96091,1.9639,6469.65
2014-07-07,1.96387,1.9667,1.95319,1.95827,85645.91
2014-07-08,1.95825,1.95872,1.94189,1.94882,84872.69
2014-07-09,1.94892,1.95033,1.94117,1.94383,88177.96
2014-07-10,1.94386,1.94598,1.94061,1.94411,93285.85
2014-07-11,1.94421,1.94472,1.9397,1.94135,77521.36
2014-07-13,1.94135,1.94325,1.9393,1.9431,3018.47
2014-07-14,1.94312,1.94439,1.93671,1.93922,79102.84
2014-07-15,1.93922,1.96601,1.93782,1.96432,103838.33
2014-07-16,1.96432,1.97155,1.96315,1.96633,84402.14
2014-07-17,1.96633,1.9761,1.96311,1.97212,102492.98
2014-07-18,1.97215,1.97472,1.96408,1.96612,82264.21
2014-07-20,1.96281,1.96599,1.95926,1.9629,3884.99
2014-07-21,1.96292,1.9668,1.96037,1.96664,74726.72
2014-07-22,1.96664,1.97068,1.9631,1.96766,92216.2
2014-07-23,1.96769,1.98096,1.95686,1.97831,93502.29
2014-07-24,1.97831,1.98832,1.9751,1.98002,98755.0
2014-07-25,1.97991,1.98835,1.97865,1.98372,84039.69
2014-07-27,1.98445,1.98556,1.98331,1.98531,5126.31
2014-07-28,1.98535,1.99093,1.98346,1.98626,78800.57
2014-07-29,1.98626,1.99616,1.98471,1.99132,93188.68
2014-07-30,1.99151,1.9966,1.98772,1.99192,92750.21
2014-07-31,1.99191,1.9931,1.98481,1.98591,96500.82
2014-08-01,1.98591,1.98884,1.97434,1.97685,106103.33
2014-08-03,1.97761,1.97796,1.97381,1.97702,5633.85
2014-08-04,1.97693,1.97962,1.97437,1.97891,57143.65
2014-08-05,1.97891,2.00232,1.97536,1.99951,79789.44
2014-08-06,1.99958,2.00322,1.98531,1.98951,70510.9
2014-08-07,1.98941,1.99282,1.98327,1.99044,78338.44
2014-08-08,1.99042,1.99312,1.97911,1.98172,76313.81
2014-08-10,1.98132,1.98368,1.97922,1.98202,3876.73
2014-08-11,1.98212,1.98606,1.97952,1.98466,49417.21
2014-08-12,1.98461,1.99469,1.98461,1.99462,62214.37
2014-08-13,1.99461,1.99742,1.96586,1.96812,78766.21
2014-08-14,1.96812,1.97202,1.96061,1.96751,64320.43
2014-08-15,1.96752,1.97022,1.9633,1.96512,62854.64
2014-08-17,1.97019,1.97192,1.96715,1.97161,3305.9
2014-08-18,1.97152,1.97772,1.96791,1.97682,51519.92
2014-08-19,1.97682,1.98402,1.96519,1.97352,71755.21
2014-08-20,1.97344,1.98462,1.97251,1.98239,83493.54
2014-08-21,1.98241,1.98611,1.97192,1.97441,74179.58
2014-08-22,1.97435,1.97679,1.96805,1.97024,81833.45
2014-08-24,1.97031,1.98552,1.97012,1.98052,8539.13
2014-08-25,1.98051,1.993,1.97747,1.99279,70175.99
2014-08-26,1.99278,1.99332,1.98332,1.98382,83607.66
2014-08-27,1.98382,1.98569,1.97565,1.98076,85361.98
2014-08-28,1.98074,1.98138,1.97445,1.98061,95712.69
2014-08-29,1.98059,1.98653,1.97729,1.98471,84501.25
2014-08-31,1.98622,1.98697,1.98347,1.98582,3975.32
2014-09-01,1.98579,1.98604,1.97948,1.98098,59227.21
2014-09-02,1.98098,1.9895,1.97849,1.98358,93493.63
2014-09-03,1.98358,1.98524,1.97561,1.97782,93382.07
2014-09-04,1.9778,1.97903,1.96342,1.96886,106051.44
2014-09-05,1.96889,1.97094,1.95631,1.95972,99584.31
2014-09-07,1.94591,1.95166,1.94551,1.94967,6868.31
2014-09-08,1.94971,1.95258,1.93623,1.94577,111976.73
2014-09-09,1.94574,1.95671,1.94461,1.95261,127565.97
2014-09-10,1.95262,1.98065,1.95168,1.97601,148267.93
2014-09-11,1.97601,1.98892,1.97101,1.98561,136749.66
2014-09-12,1.98562,1.99698,1.98288,1.99589,112527.95
2014-09-14,1.99682,1.99738,1.99443,1.99511,3688.59
2014-09-15,1.99509,1.99942,1.98341,1.98441,97156.54
2014-09-16,1.98441,1.99046,1.97979,1.98552,116432.25
2014-09-17,1.98543,2.01321,1.98519,2.00863,147120.49
2014-09-18,2.00865,2.02104,2.00329,2.01502,158319.38
2014-09-19,2.01491,2.03367,2.00192,2.00224,168595.43
2014-09-21,2.00031,2.00361,1.99661,2.00219,5165.05
2014-09-22,2.00213,2.01784,2.00181,2.01774,124170.95
2014-09-23,2.01773,2.03782,2.00678,2.02944,140733.26
2014-09-24,2.02939,2.03458,2.02105,2.02502,125610.61
2014-09-25,2.02501,2.06014,2.02291,2.05472,179781.98
2014-09-26,2.05471,2.06937,2.05201,2.06464,126242.65
2014-09-28,2.06216,2.06633,2.06032,2.06516,6888.59
2014-09-29,2.06516,2.10543,2.06444,2.09082,139694.43
2014-09-30,2.09082,2.09572,2.07292,2.07621,143298.95
2014-10-01,2.07622,2.08601,2.06658,2.08016,144971.2
2014-10-02,2.08005,2.08054,2.03953,2.04727,155130.9
2014-10-03,2.04726,2.06188,2.04129,2.05365,97583.35
2014-10-05,2.05481,2.06773,2.05481,2.06515,4755.27
2014-10-06,2.06515,2.06581,2.04542,2.05203,93925.1
2014-10-07,2.05203,2.05974,2.04611,2.05593,115315.3
2014-10-08,2.05595,2.06267,2.04224,2.04431,118240.56
2014-10-09,2.04431,2.05344,2.03225,2.05052,136950.09
2014-10-10,2.05052,2.05802,2.04429,2.05611,132442.38
2014-10-12,2.05412,2.06397,2.05311,2.05472,7743.18
2014-10-13,2.05492,2.05783,2.03467,2.04143,127218.49
2014-10-14,2.04143,2.04426,2.02213,2.02893,120765.55
2014-10-15,2.02902,2.03671,1.99746,2.00671,173282.62
2014-10-16,2.00681,2.03994,1.99772,2.02609,173382.21
2014-10-17,2.02618,2.03255,2.01791,2.03029,103090.32
2014-10-19,2.03116,2.03201,2.02702,2.0294,5018.5
2014-10-20,2.02938,2.03042,2.02291,2.02882,94722.93
2014-10-21,2.02881,2.03042,2.01374,2.02202,117007.88
2014-10-22,2.02196,2.04282,2.00821,2.04281,106979.54
2014-10-23,2.04286,2.05384,2.03501,2.04736,122535.38
2014-10-24,2.04736,2.05342,2.03951,2.04664,92131.05
2014-10-26,2.04762,2.05042,2.04634,2.04898,5488.66
2014-10-27,2.04898,2.05042,2.03946,2.04281,76258.12
2014-10-28,2.04271,2.04372,2.03263,2.03693,84464.73
2014-10-29,2.03691,2.05942,2.02421,2.05615,95194.14
2014-10-30,2.05606,2.05652,2.03561,2.04063,108464.73
2014-10-31,2.04054,2.05704,2.02912,2.05125,120108.43
2014-11-02,2.05351,2.05592,2.05251,2.05352,5568.63
2014-11-03,2.05361,2.07423,2.05032,2.06581,123577.26
2014-11-04,2.06581,2.07074,2.04017,2.04571,128526.13
2014-11-05,2.04574,2.07483,2.04351,2.06971,150073.79
2014-11-06,2.0697,2.08112,2.05335,2.05882,162427.49
2014-11-07,2.05882,2.06549,2.04264,2.04625,135196.4
2014-11-09,2.04301,2.04644,2.04146,2.04552,5083.55
2014-11-10,2.04544,2.04724,2.03253,2.04344,86067.32
2014-11-11,2.04339,2.05309,2.03231,2.03541,104332.96
2014-11-12,2.03538,2.03843,2.00051,2.00522,119319.13
2014-11-13,2.00522,2.00992,1.98722,1.99506,110123.44
2014-11-14,1.99505,1.99888,1.97521,1.9799,138268.57
2014-11-16,1.97191,1.9759,1.97021,1.97447,5656.29
2014-11-17,1.97446,1.97841,1.97012,1.973,122136.66
2014-11-18,1.973,1.97753,1.96163,1.97661,122289.33
2014-11-19,1.97662,2.00272,1.97565,1.99879,149339.19
2014-11-20,1.99884,2.00238,1.99143,1.99612,163158.3
2014-11-21,1.99621,1.99635,1.97282,1.98339,156794.24
2014-11-23,1.98302,1.98602,1.98225,1.98254,6139.45
2014-11-24,1.98254,2.00044,1.97912,1.99743,118876.95
2014-11-25,1.99749,2.01651,1.99527,2.00753,142969.68
2014-11-26,2.0076,2.01612,2.00012,2.00394,116698.59
2014-11-27,2.00394,2.00762,1.99376,2.00041,110162.94
2014-11-28,2.00029,2.00664,1.98614,1.99248,109321.03
2014-11-30,2.00142,2.00412,1.99716,2.00304,8403.88
2014-12-01,2.00304,2.00583,1.99063,2.00055,156170.34
2014-12-02,2.00056,2.00912,1.99332,2.00534,119830.96
2014-12-03,2.00534,2.02734,2.0036,2.02394,128968.13
2014-12-04,2.02394,2.02852,2.00891,2.01532,140982.63
2014-12-05,2.01521,2.0284,2.01061,2.01972,117440.71
2014-12-07,2.02231,2.02745,2.02091,2.02705,5302.12
2014-12-08,2.02703,2.04611,2.02491,2.04464,148683.8
2014-12-09,2.04456,2.05394,2.02249,2.03883,180524.21
2014-12-10,2.03883,2.04495,2.00613,2.01433,159101.16
2014-12-11,2.01433,2.01824,1.99994,2.01814,175799.83
2014-12-12,2.01814,2.02534,2.00522,2.02022,137016.55
2014-12-14,2.02022,2.02706,2.01633,2.02705,9102.84
2014-12-15,2.02695,2.0315,2.01421,2.02042,126122.52
2014-12-16,2.02042,2.02461,2.00691,2.0203,136042.39
2014-12-17,2.02034,2.03881,2.00799,2.0229,125877.2
2014-12-18,2.0229,2.02758,2.00928,2.01371,123459.4
2014-12-19,2.01382,2.01904,2.00752,2.0163,106400.57
2014-12-21,2.01646,2.01881,2.01538,2.01713,3928.82
2014-12-22,2.01713,2.02544,2.01001,2.01691,88394.26
2014-12-23,2.01691,2.01841,2.00312,2.01192,92929.62
2014-12-24,2.01192,2.0159,2.00657,2.0108,43066.11
2014-12-25,2.00941,2.01245,2.00645,2.01165,2909.38
2014-12-26,2.01185,2.01241,2.00214,2.00245,28819.68
2014-12-28,2.00681,2.00788,2.00368,2.00712,3185.92
2014-12-29,2.00713,2.00884,1.99043,1.99393,75234.43
2014-12-30,1.99401,1.99684,1.98229,1.98694,87778.73
2014-12-31,1.98694,1.99924,1.98324,1.99629,65058.35
2015-01-01,1.99709,1.99984,1.99642,1.99883,6605.46
2015-01-02,1.99873,2.00659,1.9862,1.98759,91068.68
2015-01-04,1.98871,1.99602,1.9765,1.99431,8669.86
2015-01-05,1.99431,2.00593,1.97373,1.98132,128666.12
2015-01-06,1.98132,1.98488,1.94258,1.95421,146380.71
2015-01-07,1.95426,1.9554,1.93984,1.94385,138829.14
2015-01-08,1.94388,1.94472,1.92486,1.93161,111210.13
2015-01-09,1.93162,1.94024,1.92395,1.93285,118738.88
2015-01-11,1.93371,1.9365,1.93041,1.93563,5884.9
2015-01-12,1.93563,1.95554,1.92821,1.95214,132409.5
2015-01-13,1.95213,1.96589,1.94349,1.95885,152010.39
2015-01-14,1.95884,1.97522,1.95744,1.97518,177139.02
2015-01-15,1.97519,1.97698,1.93255,1.93574,211118.66
2015-01-16,1.93573,1.95336,1.93236,1.94047,146887.37
2015-01-18,1.93774,1.94561,1.93774,1.94277,2775.94
2015-01-19,1.94274,1.95116,1.93814,1.94424,107427.6
2015-01-20,1.94422,1.98619,1.93611,1.98021,140895.41
2015-01-21,1.98022,2.00522,1.96164,1.99985,174754.71
2015-01-22,1.99982,2.01469,1.99051,1.99941,187863.23
2015-01-23,1.99938,2.01527,1.994,2.00965,184141.21
2015-01-25,2.01912,2.02519,2.0164,2.02111,10556.09
2015-01-26,2.02112,2.03903,2.01042,2.02804,144193.09
2015-01-27,2.02794,2.04238,2.0246,2.03758,166749.5
2015-01-28,2.03765,2.06924,2.02589,2.06721,139029.79
2015-01-29,2.06735,2.08179,2.06083,2.07124,157146.94
2015-01-30,2.07124,2.08653,2.0662,2.07105,142545.83
2015-02-01,2.08032,2.08143,2.07413,2.07622,7945.71
2015-02-02,2.07632,2.07759,2.05459,2.05771,112426.32
2015-02-03,2.05781,2.09334,2.04242,2.06386,150860.7
2015-02-04,2.06398,2.07634,2.03541,2.06251,147233.35
2015-02-05,2.06241,2.07562,2.05481,2.06841,116024.07
2015-02-06,2.06841,2.08119,2.05726,2.06979,104609.53
2015-02-08,2.06902,2.07381,2.06733,2.0726,7260.33
2015-02-09,2.07255,2.07532,2.0455,2.05624,87193.35
2015-02-10,2.05624,2.06314,2.04722,2.05642,92522.23
2015-02-11,2.05647,2.07274,2.04967,2.06651,101515.66
2015-02-12,2.06661,2.08524,2.05461,2.0706,129279.27
2015-02-13,2.07062,2.07392,2.05975,2.06404,85746.21
2015-02-15,2.06051,2.06202,2.0552,2.05913,6056.05
2015-02-16,2.05913,2.0601,2.04356,2.05063,75715.11
2015-02-17,2.05054,2.05073,2.03184,2.03621,73399.13
2015-02-18,2.03611,2.05544,2.03442,2.04472,89475.69
2015-02-19,2.04471,2.05733,2.04021,2.05055,90814.71
2015-02-20,2.05051,2.05152,2.03382,2.04475,87088.46
2015-02-22,2.04373,2.04542,2.04229,2.04381,4037.4
2015-02-23,2.04391,2.05664,2.04014,2.0517,83597.74
2015-02-24,2.05171,2.07684,2.05021,2.06564,98806.94
2015-02-25,2.06556,2.06592,2.04707,2.05101,94933.8
2015-02-26,2.05102,2.05864,2.03801,2.04463,99653.97
2015-02-27,2.04474,2.04803,2.03573,2.03849,86590.9
2015-03-01,2.03991,2.04475,2.03776,2.04112,6557.26
2015-03-02,2.04111,2.04921,2.04001,2.04622,79843.66
2015-03-03,2.04622,2.04691,2.03071,2.03221,79647.12
2015-03-04,2.03229,2.03384,2.00533,2.01102,74608.49
2015-03-05,2.01102,2.04124,2.00856,2.0358,79948.03
2015-03-06,2.0358,2.04684,2.019,2.04055,89002.22
2015-03-08,2.04162,2.04551,2.03684,2.04464,7989.25
2015-03-09,2.04471,2.06079,2.04322,2.05767,87653.72
2015-03-10,2.05767,2.07804,2.05749,2.06804,134253.73
2015-03-11,2.06804,2.08334,2.04041,2.04442,153838.26
2015-03-12,2.04443,2.0466,2.00991,2.01021,129710.99
2015-03-13,2.01011,2.02683,2.0058,2.0058,95195.41
2015-03-15,2.00949,2.01586,2.00793,2.01586,6001.44
2015-03-16,2.01586,2.01587,1.99983,2.00865,87544.85
2015-03-17,2.00867,2.01994,1.99975,2.01643,80489.17
2015-03-18,2.01649,2.02682,1.98452,1.99382,130245.37
2015-03-19,1.99385,2.01291,1.98499,1.98543,139393.78
2015-03-20,1.98538,1.98808,1.96991,1.97611,116516.99
2015-03-22,1.97502,1.97812,1.96952,1.97394,8321.65
2015-03-23,1.97396,1.97706,1.94884,1.95329,163463.56
2015-03-24,1.95326,1.95712,1.93454,1.94511,158493.67
2015-03-25,1.94511,1.96429,1.93992,1.96121,141806.36
2015-03-26,1.96121,1.96504,1.94817,1.95773,162558.79
2015-03-27,1.9577,1.97067,1.95603,1.96369,145774.01
2015-03-29,1.96952,1.97256,1.96569,1.97192,6218.24
2015-03-30,1.97191,1.97681,1.96211,1.97447,117372.73
2015-03-31,1.97453,1.99176,1.97003,1.99102,145845.13
2015-04-01,1.99102,1.99976,1.98262,1.99361,147811.65
2015-04-02,1.99363,1.99637,1.97268,1.97499,129471.57
2015-04-03,1.975,1.97784,1.95693,1.96223,62954.56
2015-04-05,1.96431,1.96612,1.95881,1.95942,5423.62
2015-04-06,1.9595,1.97823,1.95652,1.97578,71403.08
2015-04-07,1.97601,1.98132,1.96954,1.97422,131361.14
2015-04-08,1.97422,1.97703,1.96234,1.96989,136800.94
2015-04-09,1.97013,1.97333,1.94087,1.94274,121463.3
2015-04-10,1.94272,1.94758,1.93753,1.94245,103438.22
2015-04-12,1.94311,1.94522,1.93975,1.94306,5125.83
2015-04-13,1.94308,1.97204,1.94236,1.96581,118539.41
2015-04-14,1.96581,1.96822,1.95712,1.96663,121632.56
2015-04-15,1.96664,1.97021,1.94702,1.95354,126229.07
2015-04-16,1.95357,1.95593,1.94307,1.95067,139378.36
2015-04-17,1.95067,1.95583,1.94213,1.94575,119601.38
2015-04-19,1.94012,1.94572,1.93684,1.94222,6739.47
2015-04-20,1.94224,1.94964,1.93554,1.94641,109362.7
2015-04-21,1.94638,1.94974,1.93023,1.94631,125816.32
2015-04-22,1.94626,1.96779,1.9368,1.96779,144770.89
2015-04-23,1.96782,1.99089,1.96721,1.98503,152282.65
2015-04-24,1.985,2.00256,1.98262,1.99676,131882.38
2015-04-26,1.996,1.99881,1.99187,1.99484,3755.38
2015-04-27,1.99483,1.99647,1.98571,1.99546,127711.93
2015-04-28,1.99544,1.99904,1.97972,1.98507,139833.89
2015-04-29,1.98508,2.03191,1.98339,2.02813,160722.86
2015-04-30,2.02814,2.03574,2.00852,2.01954,142829.72
2015-05-01,2.01952,2.03101,2.0043,2.00624,96545.06
2015-05-03,2.01052,2.01478,2.00684,2.01333,6055.12
2015-05-04,2.01333,2.01735,2.00164,2.00564,80935.24
2015-05-05,2.00574,2.02772,2.0004,2.02302,107961.54
2015-05-06,2.02292,2.03609,2.01838,2.03584,122206.05
2015-05-07,2.03585,2.07532,2.02491,2.06857,131861.59
2015-05-08,2.06851,2.08533,2.05673,2.05929,130818.44
2015-05-10,2.07061,2.08263,2.06839,2.0794,6821.63
2015-05-11,2.07951,2.12494,2.07891,2.12124,112620.71
2015-05-12,2.12134,2.1365,2.11144,2.1123,121152.94
2015-05-13,2.1123,2.1273,2.07936,2.09018,132358.65
2015-05-14,2.09023,2.10865,2.08339,2.10484,116635.8
2015-05-15,2.10493,2.11763,2.10092,2.10341,101560.1
2015-05-17,2.11211,2.11472,2.10797,2.11127,3977.89
2015-05-18,2.11127,2.1254,2.10753,2.12342,96551.12
2015-05-19,2.12342,2.12494,2.09063,2.10735,111973.96
2015-05-20,2.10741,2.13105,2.10485,2.12832,106569.95
2015-05-21,2.12831,2.14824,2.11815,2.12972,97765.06
2015-05-22,2.12972,2.13053,2.1145,2.11477,97748.35
2015-05-24,2.11545,2.11962,2.11481,2.11912,5857.75
2015-05-25,2.11911,2.12224,2.11332,2.11652,62159.36
2015-05-26,2.11652,2.13054,2.1068,2.1249,98553.9
2015-05-27,2.12494,2.13031,2.11041,2.11926,94994.23
2015-05-28,2.11936,2.14285,2.11301,2.13241,93476.85
2015-05-29,2.1324,2.15581,2.13237,2.14859,95114.1
2015-05-31,2.15812,2.15812,2.15078,2.15551,2769.25
2015-06-01,2.15551,2.15585,2.13282,2.1393,88810.39
2015-06-02,2.1393,2.14944,2.13143,2.14107,99028.75
2015-06-03,2.14112,2.14941,2.13367,2.14294,93786.59
2015-06-04,2.14289,2.16225,2.13943,2.15488,92136.18
2015-06-05,2.15497,2.17093,2.14072,2.1639,90925.17
2015-06-07,2.16345,2.16695,2.16183,2.16672,2550.75
2015-06-08,2.16682,2.16751,2.14287,2.15084,81961.96
2015-06-09,2.15092,2.161,2.1337,2.15274,90387.0
2015-06-10,2.15272,2.20312,2.13518,2.2002,115105.52
2015-06-11,2.2002,2.22084,2.19701,2.21173,109419.81
2015-06-12,2.21179,2.23231,2.21011,2.2251,86566.58
2015-06-14,2.22368,2.22822,2.22058,2.22686,3566.32
2015-06-15,2.22686,2.23204,2.21533,2.22896,81019.53
2015-06-16,2.22897,2.24177,2.22523,2.23957,94911.82
2015-06-17,2.23957,2.30092,2.23813,2.30091,108977.66
2015-06-18,2.30092,2.30272,2.28001,2.29484,103859.21
2015-06-19,2.29483,2.30544,2.28961,2.29576,73662.87
2015-06-21,2.29684,2.30147,2.29462,2.301,3110.49
2015-06-22,2.301,2.30617,2.29431,2.30391,73914.01
2015-06-23,2.30391,2.30932,2.29051,2.29291,79826.1
2015-06-24,2.29291,2.30224,2.27311,2.27935,78844.45
2015-06-25,2.27956,2.29233,2.26703,2.28674,76502.12
2015-06-26,2.28663,2.30762,2.28235,2.29944,62414.83
2015-06-28,2.29872,2.30923,2.29146,2.29952,10356.75
2015-06-29,2.29942,2.31147,2.28608,2.30042,85966.76
2015-06-30,2.30041,2.32832,2.29686,2.31152,87670.6
2015-07-01,2.31121,2.32624,2.30485,2.32416,83041.13
2015-07-02,2.32427,2.33817,2.31722,2.32211,81598.8
2015-07-03,2.32214,2.33834,2.31894,2.33061,64907.44
2015-07-05,2.33012,2.33612,2.32311,2.32582,8047.46
2015-07-06,2.32592,2.33911,2.3177,2.33766,78579.65
2015-07-07,2.33777,2.34721,2.3143,2.32028,87879.11
2015-07-08,2.3204,2.33011,2.27411,2.28851,102963.95
2015-07-09,2.28844,2.29494,2.26981,2.27831,111554.85
2015-07-10,2.27832,2.31515,2.27291,2.30709,95648.11
2015-07-12,2.31322,2.31432,2.30751,2.31124,4706.0
2015-07-13,2.31121,2.32522,2.29802,2.31639,121369.78
2015-07-14,2.31641,2.33538,2.30844,2.33262,109258.88
2015-07-15,2.33261,2.38124,2.32556,2.37774,120551.92
2015-07-16,2.37773,2.40226,2.37745,2.39323,122056.57
2015-07-17,2.39323,2.39814,2.37563,2.39235,87464.73
2015-07-19,2.39092,2.39486,2.38965,2.39463,4206.25
2015-07-20,2.39463,2.39622,2.36181,2.36606,105475.98
2015-07-21,2.36606,2.36734,2.33801,2.34721,130772.89
2015-07-22,2.34712,2.38074,2.3433,2.35874,121239.07
2015-07-23,2.35873,2.36525,2.32924,2.34471,113946.81
2015-07-24,2.34471,2.36252,2.34234,2.35605,86011.34
2015-07-26,2.35852,2.3615,2.35718,2.35898,6186.18
2015-07-27,2.35898,2.36084,2.34221,2.34784,111103.65
2015-07-28,2.34783,2.34954,2.31465,2.32443,121648.44
2015-07-29,2.32453,2.34951,2.32253,2.34313,118544.81
2015-07-30,2.34313,2.37562,2.34291,2.36156,120960.65
2015-07-31,2.36156,2.38332,2.34513,2.36634,115258.58
2015-08-02,2.36415,2.37507,2.36229,2.37369,5443.46
2015-08-03,2.37369,2.37824,2.35873,2.37393,105871.6
2015-08-04,2.37393,2.3852,2.35741,2.38107,136115.56
2015-08-05,2.38111,2.40264,2.37712,2.39082,130801.66
2015-08-06,2.39081,2.39331,2.36489,2.37013,111081.93
2015-08-07,2.37013,2.37488,2.33463,2.33745,110089.42
2015-08-09,2.34121,2.34522,2.34083,2.34399,5804.75
2015-08-10,2.34402,2.36243,2.33821,2.35623,94363.81
2015-08-11,2.35626,2.38684,2.35144,2.37813,121776.04
2015-08-12,2.37828,2.40184,2.35305,2.36132,125786.61
2015-08-13,2.36142,2.38558,2.35313,2.38124,128420.85
2015-08-14,2.38134,2.39493,2.37967,2.3906,117498.5
2015-08-16,2.39107,2.39354,2.38627,2.39208,5859.09
2015-08-17,2.39212,2.39688,2.36723,2.36819,105016.92
2015-08-18,2.36819,2.39044,2.35965,2.37652,117629.98
2015-08-19,2.37651,2.38774,2.3674,2.37623,125240.66
2015-08-20,2.37615,2.37883,2.36051,2.36872,127083.18
2015-08-21,2.36872,2.37522,2.33781,2.34559,115712.46
2015-08-23,2.34719,2.37194,2.34553,2.36472,11339.95
2015-08-24,2.36471,2.52962,2.36324,2.43784,152019.02
2015-08-25,2.43783,2.44203,2.40287,2.42562,141354.02
2015-08-26,2.42561,2.42733,2.38973,2.40182,142676.81
2015-08-27,2.40182,2.40863,2.37566,2.37823,141523.07
2015-08-28,2.37823,2.38893,2.37003,2.37979,113520.37
2015-08-30,2.38296,2.39582,2.38286,2.38594,8444.48
2015-08-31,2.38592,2.43064,2.38341,2.41832,102568.03
2015-09-01,2.41814,2.42644,2.40891,2.42091,129941.51
2015-09-02,2.42092,2.42142,2.40101,2.40204,123016.86
2015-09-03,2.40213,2.41446,2.37853,2.38602,114144.72
2015-09-04,2.38601,2.42194,2.3813,2.41225,93315.27
2015-09-06,2.40751,2.41889,2.40699,2.41483,8174.82
2015-09-07,2.41484,2.44713,2.41171,2.43603,102548.6
2015-09-08,2.43603,2.45536,2.41221,2.41483,87665.76
2015-09-09,2.41474,2.45351,2.39234,2.45142,101111.97
2015-09-10,2.45142,2.46263,2.42512,2.44552,105700.36
2015-09-11,2.44551,2.45634,2.43797,2.44034,71503.1
2015-09-13,2.43912,2.44661,2.43891,2.4428,6179.95
2015-09-14,2.4428,2.44949,2.42721,2.43231,77188.94
2015-09-15,2.43223,2.44824,2.40871,2.41735,82160.18
2015-09-16,2.41738,2.44754,2.40474,2.44174,97446.18
2015-09-17,2.44173,2.45964,2.42263,2.44299,113253.75
2015-09-18,2.443,2.45191,2.4209,2.4231,106713.0
2015-09-20,2.42772,2.43323,2.42422,2.43261,6822.14
2015-09-21,2.43261,2.46054,2.42942,2.45031,79014.1
2015-09-22,2.45032,2.46044,2.43809,2.44151,68635.81
2015-09-23,2.44146,2.45294,2.42293,2.42711,85733.74
2015-09-24,2.42702,2.43629,2.39032,2.40571,108027.38
2015-09-25,2.40563,2.4119,2.37224,2.37774,86000.91
2015-09-27,2.38592,2.38721,2.38173,2.38453,7044.47
2015-09-28,2.38432,2.40514,2.37201,2.40463,101003.74
2015-09-29,2.40466,2.41074,2.36891,2.38383,118588.15
2015-09-30,2.38384,2.38491,2.35941,2.36645,112349.4
2015-10-01,2.36633,2.3698,2.34735,2.36492,115569.07
2015-10-02,2.36502,2.37715,2.35004,2.3523,107274.79
2015-10-04,2.35262,2.35832,2.34775,2.35371,8242.93
2015-10-05,2.35368,2.35774,2.32481,2.33283,108787.4
2015-10-06,2.33284,2.34312,2.32323,2.32647,97131.2
2015-10-07,2.32645,2.32914,2.30022,2.31873,122029.85
2015-10-08,2.31874,2.32591,2.29091,2.30113,123881.57
2015-10-09,2.30115,2.30486,2.28183,2.2859,103805.07
2015-10-11,2.29221,2.29442,2.29007,2.29333,10896.65
2015-10-12,2.29331,2.29504,2.27612,2.28723,105378.17
2015-10-13,2.28722,2.30489,2.26833,2.29512,122922.25
2015-10-14,2.29512,2.29593,2.26814,2.27258,134273.61
2015-10-15,2.27257,2.27363,2.24323,2.26193,139911.31
2015-10-16,2.26193,2.27654,2.26014,2.265,91510.39
2015-10-18,2.26513,2.27159,2.26469,2.2713,4596.4
2015-10-19,2.2713,2.27884,2.26611,2.27211,82266.01
2015-10-20,2.27214,2.29354,2.26063,2.28631,82173.24
2015-10-21,2.28632,2.30254,2.28473,2.29373,104408.78
2015-10-22,2.29364,2.29574,2.25791,2.26422,127322.79
2015-10-23,2.26421,2.27784,2.24303,2.26569,104438.42
2015-10-25,2.27062,2.27082,2.26278,2.26877,9053.42
2015-10-26,2.26879,2.27073,2.25633,2.26288,89472.27
2015-10-27,2.26294,2.26854,2.24943,2.26004,90405.98
2015-10-28,2.26013,2.30364,2.25789,2.28633,115978.87
2015-10-29,2.28633,2.29457,2.27433,2.28512,122642.96
2015-10-30,2.28511,2.28711,2.26501,2.2747,128236.52
2015-11-01,2.29242,2.29242,2.27941,2.28015,11776.48
2015-11-02,2.2803,2.29922,2.27333,2.28261,95685.49
2015-11-03,2.28251,2.31731,2.27365,2.31405,105695.44
2015-11-04,2.31413,2.33833,2.31333,2.33483,111849.37
2015-11-05,2.3349,2.33664,2.29335,2.30134,110301.7
2015-11-06,2.30146,2.31814,2.28253,2.30275,116862.43
2015-11-08,2.30752,2.30762,2.30182,2.30292,8038.0
2015-11-09,2.30292,2.31534,2.29534,2.31234,92010.79
2015-11-10,2.31243,2.32303,2.30474,2.31071,94109.39
2015-11-11,2.31081,2.32288,2.30214,2.32238,100473.22
2015-11-12,2.32232,2.33583,2.31433,2.32577,107953.15
2015-11-13,2.32578,2.33714,2.32187,2.3274,80778.17
2015-11-15,2.32422,2.33192,2.32292,2.32865,8348.17
2015-11-16,2.32864,2.34844,2.32263,2.34414,89848.62
2015-11-17,2.34411,2.35744,2.34241,2.34884,98919.95
2015-11-18,2.34884,2.36452,2.34001,2.34673,105832.94
2015-11-19,2.34673,2.34762,2.32303,2.32983,112299.48
2015-11-20,2.32978,2.33124,2.30871,2.3113,99173.0
2015-11-22,2.31271,2.32232,2.31152,2.32152,5104.09
2015-11-23,2.32162,2.3319,2.31816,2.32308,100637.37
2015-11-24,2.32315,2.32341,2.29541,2.29933,92933.99
2015-11-25,2.29934,2.30634,2.29403,2.29954,97688.69
2015-11-26,2.29961,2.30304,2.28864,2.29648,91822.55
2015-11-27,2.29649,2.30714,2.29402,2.29903,85221.03
2015-11-29,2.30002,2.30592,2.29921,2.30427,5513.2
2015-11-30,2.30428,2.30716,2.27997,2.28244,87904.51
2015-12-01,2.28244,2.28314,2.25472,2.25972,117604.82
2015-12-02,2.25964,2.26486,2.24717,2.25001,115843.38
2015-12-03,2.25001,2.27816,2.23831,2.26572,149296.43
2015-12-04,2.26572,2.27394,2.23133,2.23774,132481.42
2015-12-06,2.24083,2.24742,2.23964,2.24492,7213.87
2015-12-07,2.24491,2.27054,2.24481,2.26804,94633.56
2015-12-08,2.26804,2.26954,2.25292,2.26038,105885.3
2015-12-09,2.26052,2.30042,2.24541,2.25722,128935.27
2015-12-10,2.25722,2.25853,2.23476,2.24162,124738.96
2015-12-11,2.24162,2.27103,2.23391,2.26405,108870.69
2015-12-13,2.26702,2.26811,2.26061,2.26235,7237.58
2015-12-14,2.26234,2.26974,2.22823,2.23523,122827.36
2015-12-15,2.23524,2.24204,2.21672,2.22303,123472.41
2015-12-16,2.22293,2.23184,2.20364,2.21351,137227.48
2015-12-17,2.21351,2.2291,2.20394,2.22762,119170.58
2015-12-18,2.22752,2.23023,2.20734,2.21224,96350.3
2015-12-20,2.21091,2.21811,2.20991,2.21382,4583.07
2015-12-21,2.21381,2.21793,2.19512,2.19729,95669.14
2015-12-22,2.19732,2.19784,2.17244,2.17712,104594.92
2015-12-23,2.17712,2.20243,2.17453,2.19009,90240.94
2015-12-24,2.19011,2.19052,2.18022,2.18301,57907.58
2015-12-25,2.18752,2.18871,2.18294,2.18464,32.5
2015-12-27,2.18039,2.18302,2.17849,2.18132,7897.51
2015-12-28,2.18132,2.18504,2.17057,2.17204,76584.22
2015-12-29,2.17207,2.17312,2.15113,2.15891,77002.11
2015-12-30,2.15892,2.17232,2.15631,2.1651,89477.52
2015-12-31,2.16501,2.17021,2.14974,2.15504,80079.19
2016-01-03,2.15711,2.15842,2.15491,2.15761,5212.98
2016-01-04,2.15747,2.19244,2.15654,2.18151,105902.58
2016-01-05,2.18151,2.19494,2.17742,2.19022,104928.61
2016-01-06,2.19022,2.21072,2.18961,2.20224,134655.72
2016-01-07,2.20211,2.21194,2.18803,2.20699,144802.81
2016-01-08,2.20702,2.22654,2.18821,2.2186,128466.14
2016-01-10,2.21791,2.23288,2.21446,2.22842,7756.98
2016-01-11,2.22832,2.23102,2.21213,2.21842,137055.43
2016-01-12,2.21842,2.22676,2.19788,2.20721,135853.41
2016-01-13,2.2072,2.22574,2.19133,2.22193,132465.85
2016-01-14,2.22182,2.24288,2.21371,2.22162,156378.94
2016-01-15,2.22151,2.24664,2.20232,2.2032,149967.05
2016-01-17,2.21517,2.21786,2.21132,2.21512,7710.11
2016-01-18,2.21509,2.21759,2.20136,2.20874,139536.7
2016-01-19,2.20871,2.21944,2.17813,2.21633,162386.81
2016-01-20,2.21631,2.23088,2.19196,2.19453,184038.29
2016-01-21,2.19453,2.21024,2.16886,2.17401,176094.6
2016-01-22,2.17393,2.21187,2.17093,2.19634,142520.35
2016-01-24,2.19528,2.2029,2.19528,2.20236,8249.13
2016-01-25,2.20235,2.21102,2.18951,2.21078,135147.69
2016-01-26,2.21077,2.21211,2.19494,2.20263,128827.51
2016-01-27,2.20273,2.21982,2.1823,2.21631,163838.97
2016-01-28,2.21642,2.22864,2.20201,2.21621,143737.76
2016-01-29,2.21621,2.22062,2.18523,2.19444,159444.73
2016-01-31,2.19336,2.20242,2.19311,2.20082,8545.16
2016-02-01,2.20082,2.21603,2.19873,2.20302,144293.62
2016-02-02,2.20297,2.22783,2.19979,2.21061,152378.81
2016-02-03,2.21054,2.21315,2.18022,2.19377,180005.26
2016-02-04,2.19373,2.19385,2.16223,2.16742,167715.94
2016-02-05,2.16741,2.18872,2.15713,2.18631,143580.57
2016-02-07,2.18625,2.19087,2.18483,2.18867,9633.85
2016-02-08,2.18867,2.19154,2.17029,2.18101,168070.32
2016-02-09,2.18102,2.19453,2.16523,2.17661,204454.4
2016-02-10,2.17651,2.18964,2.16746,2.17268,202482.51
2016-02-11,2.17269,2.18934,2.14671,2.15711,213394.54
2016-02-12,2.15701,2.19408,2.15691,2.18673,167205.87
2016-02-14,2.1909,2.19182,2.18514,2.18667,10196.81
2016-02-15,2.18668,2.1905,2.16548,2.17317,162790.92
2016-02-16,2.17324,2.19972,2.16357,2.17303,182613.15
2016-02-17,2.17301,2.18083,2.14921,2.15358,185015.91
2016-02-18,2.15359,2.17314,2.14453,2.15774,179096.01
2016-02-19,2.15761,2.17183,2.15324,2.17092,158757.9
2016-02-21,2.14671,2.15676,2.14545,2.15268,13045.75
2016-02-22,2.15268,2.15588,2.09649,2.10764,186166.85
2016-02-23,2.10764,2.11723,2.09765,2.10983,175813.78
2016-02-24,2.10982,2.11643,2.08682,2.08984,183804.85
2016-02-25,2.08983,2.09893,2.06627,2.0694,158209.08
2016-02-26,2.06938,2.09449,2.06226,2.09116,150986.92
2016-02-28,2.10291,2.10502,2.09903,2.10278,13726.45
2016-02-29,2.10267,2.11543,2.09453,2.10913,165923.69
2016-03-01,2.10914,2.12197,2.09803,2.10264,170661.1
2016-03-02,2.10263,2.12512,2.09581,2.11301,173879.56
2016-03-03,2.11301,2.11449,2.09342,2.10737,160358.22
2016-03-04,2.10735,2.10802,2.08343,2.08706,143098.74
2016-03-06,2.09181,2.09404,2.08972,2.09382,10602.83
2016-03-07,2.09381,2.10644,2.08603,2.10181,131193.85
2016-03-08,2.10186,2.11022,2.09601,2.10646,150819.12
2016-03-09,2.10651,2.14237,2.08831,2.13984,155007.05
2016-03-10,2.13993,2.15016,2.11706,2.13667,205370.78
2016-03-11,2.13664,2.14137,2.12384,2.13101,142993.07
2016-03-13,2.13592,2.13842,2.13211,2.13291,15110.23
2016-03-14,2.13291,2.14904,2.12871,2.13644,134883.42
2016-03-15,2.13635,2.14847,2.12754,2.14074,143934.14
2016-03-16,2.14074,2.14789,2.10061,2.11482,164410.03
2016-03-17,2.11471,2.12147,2.09021,2.11691,234228.84
2016-03-18,2.1169,2.13407,2.10696,2.12896,176953.87
2016-03-20,2.12781,2.13612,2.1264,2.13532,15917.14
2016-03-21,2.13536,2.14024,2.11943,2.12459,180789.11
2016-03-22,2.12457,2.12964,2.09995,2.10674,180431.05
2016-03-23,2.10674,2.11614,2.09844,2.10017,167153.83
2016-03-24,2.10017,2.11654,2.09991,2.10991,142117.6
2016-03-25,2.10986,2.11512,2.10092,2.11171,25911.45
2016-03-27,2.11246,2.11596,2.11162,2.11564,4177.46
2016-03-28,2.11564,2.12114,2.10914,2.11581,86146.93
2016-03-29,2.11571,2.11954,2.09153,2.09562,189896.21
2016-03-30,2.09562,2.10073,2.07136,2.08179,226676.74
2016-03-31,2.08179,2.08371,2.06452,2.07622,208900.69
2016-04-01,2.07621,2.08079,2.05565,2.05902,196290.24
2016-04-03,2.06332,2.06452,2.06085,2.06231,6262.62
2016-04-04,2.06231,2.10021,2.06061,2.09464,177019.46
2016-04-05,2.09464,2.10073,2.07571,2.08162,222888.98
2016-04-06,2.08161,2.08263,2.06423,2.06892,276076.42
2016-04-07,2.06888,2.08134,2.05928,2.07231,282933.42
2016-04-08,2.0723,2.08185,2.06452,2.07127,223620.25
2016-04-10,2.07312,2.07491,2.07001,2.07261,7775.53
2016-04-11,2.07262,2.08533,2.06893,2.075,242727.92
2016-04-12,2.07506,2.08116,2.05925,2.06022,272899.71
2016-04-13,2.06022,2.06287,2.04887,2.05241,279747.57
2016-04-14,2.05241,2.06956,2.05056,2.06091,268339.32
2016-04-15,2.06091,2.0645,2.04603,2.05061,226578.2
2016-04-17,2.06152,2.07088,2.04571,2.05741,18656.1
2016-04-18,2.05751,2.05942,2.04107,2.04592,257392.72
2016-04-19,2.04581,2.05099,2.03579,2.04552,176162.24
2016-04-20,2.04552,2.06201,2.04398,2.05487,180430.38
2016-04-21,2.05487,2.07522,2.05357,2.07358,195511.67
2016-04-22,2.07342,2.10474,2.06782,2.10076,189064.27
2016-04-24,2.10858,2.10992,2.10292,2.10341,6245.25
2016-04-25,2.10338,2.11762,2.09627,2.10871,194200.15
2016-04-26,2.10865,2.12175,2.10432,2.11457,201400.88
2016-04-27,2.1146,2.13417,2.09376,2.09832,211596.3
2016-04-28,2.09825,2.1069,2.08743,2.09832,195771.84
2016-04-29,2.09824,2.10447,2.08494,2.09281,199627.84
2016-05-01,2.09071,2.09162,2.08501,2.08521,9170.12
2016-05-02,2.08522,2.09786,2.08127,2.08441,122297.95
2016-05-03,2.08429,2.10786,2.08082,2.09957,219741.65
2016-05-04,2.09963,2.11217,2.09569,2.10601,195807.1
2016-05-05,2.10591,2.1101,2.09468,2.10363,157142.57
2016-05-06,2.10363,2.12309,2.10183,2.10782,156665.53
2016-05-08,2.11015,2.11382,2.1073,2.10846,6907.68
2016-05-09,2.10861,2.13174,2.10603,2.12845,141189.0
2016-05-10,2.12832,2.14862,2.11452,2.12517,150375.66
2016-05-11,2.12517,2.12794,2.11382,2.11792,166148.79
2016-05-12,2.11795,2.12466,2.11095,2.11817,197173.06
2016-05-13,2.11817,2.12404,2.11581,2.12007,187167.19
2016-05-15,2.1191,2.12316,2.11881,2.12131,9524.19
2016-05-16,2.12131,2.13138,2.1105,2.12864,152809.82
2016-05-17,2.12864,2.13213,2.11474,2.12511,166029.67
2016-05-18,2.12511,2.16975,2.12407,2.1606,197963.72
2016-05-19,2.1606,2.1752,2.15456,2.1592,233464.2
2016-05-20,2.1592,2.16032,2.14023,2.14236,139716.6
2016-05-22,2.14222,2.14276,2.1385,2.14122,5511.99
2016-05-23,2.14112,2.14469,2.13153,2.14457,152195.34
2016-05-24,2.14459,2.17498,2.14412,2.16482,164817.62
2016-05-25,2.16482,2.19171,2.15952,2.19002,164233.55
2016-05-26,2.19001,2.20009,2.17044,2.17241,135190.79
2016-05-27,2.17231,2.18447,2.16993,2.1827,116911.76
2016-05-29,2.18221,2.18487,2.17921,2.18434,11159.99
2016-05-30,2.18428,2.18814,2.17864,2.18115,77441.6
2016-05-31,2.18119,2.18812,2.13112,2.13482,145624.82
2016-06-01,2.13482,2.13734,2.11146,2.11431,134410.2
2016-06-02,2.11431,2.13082,2.11053,2.11371,135047.87
2016-06-03,2.11371,2.11576,2.08521,2.08561,117981.12
2016-06-05,2.07706,2.08764,2.06921,2.07451,12753.63
2016-06-06,2.07438,2.09414,2.07411,2.09091,166762.78
2016-06-07,2.09091,2.1197,2.0815,2.09247,140344.22
2016-06-08,2.0924,2.09325,2.03346,2.03741,162204.76
2016-06-09,2.03725,2.04207,2.02558,2.03202,154619.27
2016-06-10,2.03198,2.03884,2.01372,2.01947,141732.54
2016-06-12,2.02232,2.02242,2.00901,2.01272,12423.32
2016-06-13,2.01282,2.02627,1.99622,2.01787,149352.79
2016-06-14,2.01791,2.0268,2.00499,2.02039,100215.93
2016-06-15,2.02038,2.02661,2.00132,2.00531,102560.94
2016-06-16,2.00531,2.02406,1.99957,2.02323,122442.49
2016-06-17,2.02311,2.03562,2.0175,2.03266,102533.29
2016-06-19,2.04442,2.06087,2.04137,2.05771,17061.54
2016-06-20,2.05771,2.06916,2.04467,2.06256,138210.75
2016-06-21,2.06249,2.07226,2.05082,2.05767,125285.68
2016-06-22,2.05751,2.06782,2.0442,2.06467,141998.43
2016-06-23,2.06469,2.06872,1.98571,2.01782,154176.67
2016-06-24,2.01791,2.03234,1.88747,1.91356,225213.29
2016-06-26,1.89792,1.90139,1.88662,1.89545,14150.99
2016-06-27,1.89537,1.90411,1.86267,1.88616,175375.23
2016-06-28,1.88606,1.89965,1.87675,1.88701,134161.52
2016-06-29,1.88709,1.90197,1.87685,1.88855,151993.77
2016-06-30,1.88841,1.89956,1.8558,1.86886,164753.14
2016-07-01,1.86886,1.87306,1.84786,1.84947,103399.0
2016-07-03,1.84842,1.85311,1.84509,1.85221,7838.68
2016-07-04,1.85222,1.85395,1.83523,1.84062,102555.94
2016-07-05,1.84061,1.84194,1.81491,1.81775,139230.8
2016-07-06,1.81766,1.82899,1.80617,1.81161,178586.12
2016-07-07,1.81155,1.81857,1.78219,1.78484,126212.87
2016-07-08,1.78479,1.78956,1.77221,1.77281,118207.89
2016-07-10,1.7725,1.77582,1.77052,1.7736,6890.62
2016-07-11,1.7736,1.80185,1.77225,1.79485,139893.64
2016-07-12,1.79494,1.82146,1.79362,1.81991,158953.03
2016-07-13,1.81993,1.83688,1.79971,1.8067,194678.96
2016-07-14,1.8067,1.86535,1.80007,1.86454,191675.9
2016-07-15,1.86443,1.88381,1.83951,1.85061,169849.84
2016-07-17,1.84701,1.87365,1.84359,1.87026,9927.56
2016-07-18,1.8702,1.8871,1.85992,1.883,131597.98
2016-07-19,1.88287,1.88617,1.85492,1.86021,154985.41
2016-07-20,1.86022,1.9049,1.85318,1.90215,188565.65
2016-07-21,1.90213,1.90385,1.88097,1.88941,260192.47
2016-07-22,1.88934,1.90035,1.86881,1.87187,209064.66
2016-07-24,1.87622,1.87896,1.87159,1.87295,6856.16
2016-07-25,1.87301,1.88682,1.86894,1.87276,196502.33
2016-07-26,1.87263,1.8744,1.8528,1.86032,213931.42
2016-07-27,1.86042,1.8734,1.85718,1.86371,254695.47
2016-07-28,1.86361,1.86424,1.85102,1.85644,187447.12
2016-07-29,1.85653,1.86238,1.83012,1.83358,187616.04
2016-07-31,1.83452,1.83786,1.83272,1.83784,6618.65
2016-08-01,1.8378,1.84247,1.82875,1.83846,166142.36
2016-08-02,1.83846,1.85178,1.8261,1.84996,221349.89
2016-08-03,1.84996,1.86492,1.8457,1.86229,190898.94
2016-08-04,1.86229,1.86354,1.8236,1.82793,225982.09
2016-08-05,1.82781,1.8339,1.81961,1.82964,153791.25
2016-08-07,1.83052,1.83851,1.82892,1.83634,5676.27
2016-08-08,1.83622,1.84608,1.82083,1.82221,132429.96
2016-08-09,1.82225,1.82607,1.80865,1.81621,120389.3
2016-08-10,1.81619,1.82026,1.77805,1.78656,170587.5
2016-08-11,1.78656,1.80041,1.78074,1.79622,153735.52
2016-08-12,1.79622,1.80372,1.78631,1.794,126434.98
2016-08-14,1.79591,1.79727,1.79253,1.79468,4441.46
2016-08-15,1.79473,1.80346,1.78101,1.78502,108123.95
2016-08-16,1.78492,1.79474,1.77429,1.7897,125304.02
2016-08-17,1.78961,1.80422,1.78763,1.79564,136447.98
2016-08-18,1.79562,1.81043,1.7877,1.80765,177717.02
2016-08-19,1.80765,1.81328,1.79419,1.79628,174329.72
2016-08-21,1.79991,1.80253,1.7987,1.80169,6808.17
2016-08-22,1.80169,1.80971,1.79301,1.80165,167644.27
2016-08-23,1.80167,1.81438,1.79491,1.81378,185402.72
2016-08-24,1.81382,1.81424,1.80313,1.81012,157105.56
2016-08-25,1.81012,1.81142,1.80261,1.80702,166273.53
2016-08-26,1.80699,1.8183,1.79366,1.81226,189195.52
2016-08-28,1.81246,1.81767,1.81165,1.81698,6226.27
2016-08-29,1.81695,1.81852,1.80256,1.8058,173882.27
2016-08-30,1.8058,1.81574,1.80249,1.80753,245755.77
2016-08-31,1.80751,1.81545,1.80446,1.8129,261143.05
2016-09-01,1.81289,1.83472,1.80662,1.82063,260674.16
2016-09-02,1.82063,1.83106,1.80836,1.8217,283035.87
2016-09-04,1.8253,1.82641,1.82114,1.82288,7803.23
2016-09-05,1.82287,1.82613,1.81338,1.82128,199471.55
2016-09-06,1.82129,1.8239,1.80813,1.80887,262470.91
2016-09-07,1.80887,1.81321,1.78571,1.79072,249920.49
2016-09-08,1.79072,1.80077,1.78391,1.79642,268379.87
2016-09-09,1.79642,1.8133,1.79523,1.81162,261765.21
2016-09-11,1.81171,1.81242,1.80874,1.80963,10537.17
2016-09-12,1.8097,1.82049,1.80695,1.81229,338213.69
2016-09-13,1.81229,1.82245,1.8048,1.82044,367174.66
2016-09-14,1.82049,1.82617,1.80361,1.82344,348529.89
2016-09-15,1.82342,1.82613,1.8051,1.80912,358224.46
2016-09-16,1.80911,1.81129,1.78711,1.78732,279205.49
2016-09-18,1.78747,1.79142,1.78741,1.7889,9887.85
2016-09-19,1.7889,1.78997,1.78263,1.78515,252772.01
2016-09-20,1.78512,1.78683,1.76113,1.77402,250937.38
2016-09-21,1.77405,1.78148,1.76727,1.77439,388336.11
2016-09-22,1.77441,1.79301,1.76978,1.78922,312180.07
2016-09-23,1.78922,1.79558,1.78292,1.78839,288274.3
2016-09-25,1.78902,1.79526,1.78701,1.79405,11959.79
2016-09-26,1.79404,1.79719,1.77929,1.78213,269012.34
2016-09-27,1.78212,1.78483,1.77009,1.7837,295366.28
2016-09-28,1.78366,1.79795,1.78266,1.78966,302357.74
2016-09-29,1.78968,1.79457,1.78011,1.78932,300646.56
2016-09-30,1.78939,1.79189,1.77884,1.78064,309248.18
2016-10-02,1.77622,1.78023,1.77353,1.78002,14045.2
2016-10-03,1.77997,1.78327,1.76095,1.76284,267534.61
2016-10-04,1.76284,1.77398,1.74831,1.77103,333400.59
2016-10-05,1.77103,1.78073,1.76728,1.77832,302876.22
2016-10-06,1.77832,1.78094,1.6747,1.72992,329561.32
2016-10-07,1.73004,1.74908,1.71417,1.73329,415850.67
2016-10-09,1.72742,1.73751,1.72732,1.73332,13342.17
2016-10-10,1.73331,1.74137,1.73021,1.73183,203868.94
2016-10-11,1.73183,1.74487,1.71412,1.73294,271567.76
2016-10-12,1.73295,1.73982,1.72367,1.7294,275992.4
2016-10-13,1.72938,1.73081,1.72191,1.72544,259253.93
2016-10-14,1.72545,1.72821,1.71445,1.71868,221988.75
2016-10-16,1.71381,1.71861,1.71261,1.71765,12246.95
2016-10-17,1.71765,1.71841,1.6947,1.70339,211859.96
2016-10-18,1.70335,1.71174,1.69957,1.70647,206313.75
2016-10-19,1.70649,1.70928,1.69538,1.69991,195839.08
2016-10-20,1.69991,1.7063,1.69072,1.70489,181631.05
2016-10-21,1.70483,1.71101,1.69865,1.70616,170633.6
2016-10-23,1.70428,1.70842,1.70371,1.7073,5129.23
2016-10-24,1.70728,1.71783,1.70176,1.71353,134470.42
2016-10-25,1.71361,1.71453,1.69263,1.69895,133826.33
2016-10-26,1.69895,1.71303,1.6951,1.71093,140684.77
2016-10-27,1.71093,1.71716,1.70443,1.70761,152248.39
2016-10-28,1.70761,1.71002,1.69633,1.69924,153434.07
2016-10-30,1.70187,1.70502,1.70065,1.70382,9745.69
2016-10-31,1.70381,1.71336,1.69912,1.70992,128432.95
2016-11-01,1.70992,1.71131,1.69367,1.69811,162569.3
2016-11-02,1.69812,1.69912,1.68082,1.68919,180145.83
2016-11-03,1.68921,1.70997,1.68441,1.70068,198228.39
2016-11-04,1.70065,1.71793,1.70021,1.70841,148979.27
2016-11-06,1.69452,1.70559,1.69452,1.70534,13266.26
2016-11-07,1.70537,1.70737,1.68616,1.68945,156626.62
2016-11-08,1.68946,1.69536,1.67041,1.68032,153474.88
2016-11-09,1.68031,1.72324,1.67261,1.70331,315861.24
2016-11-10,1.70331,1.74434,1.69901,1.74052,232011.38
2016-11-11,1.74052,1.77259,1.73801,1.76834,214267.7
2016-11-13,1.75927,1.76999,1.75894,1.76755,13753.22
2016-11-14,1.76755,1.77334,1.75282,1.75581,216457.37
2016-11-15,1.75581,1.76552,1.74262,1.75542,206322.84
2016-11-16,1.75542,1.76702,1.75257,1.75322,186586.95
2016-11-17,1.75322,1.77077,1.74734,1.76696,183183.46
2016-11-18,1.76694,1.76982,1.74586,1.76002,208283.76
2016-11-20,1.76462,1.76681,1.7601,1.76074,10884.35
2016-11-21,1.76071,1.77415,1.75172,1.76458,211083.36
2016-11-22,1.76453,1.77094,1.75652,1.75711,169837.06
2016-11-23,1.75711,1.77852,1.75196,1.77562,183289.82
2016-11-24,1.77552,1.78435,1.77446,1.77641,160639.8
2016-11-25,1.77641,1.78111,1.76032,1.77072,167249.04
2016-11-27,1.76867,1.77245,1.76407,1.77064,5526.8
2016-11-28,1.77062,1.77102,1.75111,1.75122,183288.41
2016-11-29,1.75121,1.76331,1.74868,1.75016,170913.76
2016-11-30,1.75016,1.76929,1.73778,1.76794,207643.86
2016-12-01,1.76793,1.79408,1.76346,1.77356,204518.77
2016-12-02,1.77341,1.78452,1.77127,1.78224,168258.04
2016-12-04,1.77314,1.78772,1.77309,1.78668,17907.83
2016-12-05,1.78669,1.7997,1.77599,1.78192,196541.21
2016-12-06,1.78191,1.79631,1.77809,1.77836,169369.42
2016-12-07,1.77833,1.78291,1.75659,1.75754,144229.83
2016-12-08,1.75737,1.76468,1.74933,1.75214,185569.74
2016-12-09,1.75216,1.76506,1.74931,1.76231,146039.04
2016-12-11,1.76362,1.76921,1.76241,1.76732,7208.43
2016-12-12,1.76732,1.76858,1.75435,1.76062,165551.43
2016-12-13,1.76063,1.77022,1.75469,1.75811,171917.17
2016-12-14,1.75812,1.76686,1.74791,1.76099,213495.58
2016-12-15,1.76099,1.77354,1.76044,1.76208,239543.69
2016-12-16,1.76209,1.79533,1.76001,1.79282,184940.39
2016-12-18,1.79089,1.79467,1.78947,1.79369,9721.36
2016-12-19,1.79369,1.79406,1.77874,1.78762,163714.34
2016-12-20,1.78772,1.79281,1.7821,1.78521,153813.79
2016-12-21,1.78531,1.79212,1.78081,1.78936,143867.69
2016-12-22,1.78936,1.79362,1.77788,1.77877,149574.32
2016-12-23,1.77879,1.78712,1.77354,1.78412,106458.42
2016-12-25,1.78308,1.78591,1.7815,1.78407,4024.23
2016-12-26,1.78457,1.78631,1.76946,1.78288,42890.14
2016-12-27,1.78285,1.78436,1.77569,1.77951,90664.85
2016-12-28,1.77962,1.78096,1.76321,1.76442,133944.29
2016-12-29,1.76445,1.76958,1.75682,1.76274,147961.88
2016-12-30,1.76275,1.78127,1.76178,1.77988,170716.46
2017-01-02,1.77621,1.78227,1.76508,1.77175,97604.08
2017-01-03,1.77177,1.77869,1.76249,1.76899,162338.62
2017-01-04,1.76881,1.77515,1.76195,1.76867,190253.42
2017-01-05,1.76869,1.77085,1.75774,1.76923,232622.22
2017-01-06,1.76921,1.77105,1.75551,1.76475,175332.98
2017-01-08,1.75883,1.76237,1.75842,1.75894,5140.23
2017-01-09,1.75899,1.76102,1.72751,1.73507,178254.85
2017-01-10,1.73512,1.7458,1.72661,1.74321,201502.72
2017-01-11,1.74319,1.74754,1.72341,1.72789,232233.47
2017-01-12,1.72782,1.72862,1.70502,1.71013,225156.75
2017-01-13,1.71013,1.72052,1.70531,1.70916,200067.88
2017-01-15,1.68801,1.69273,1.68312,1.68841,12424.4
2017-01-16,1.68841,1.70492,1.68812,1.69578,174402.45
2017-01-17,1.69572,1.72502,1.68757,1.71987,259789.86
2017-01-18,1.71987,1.72116,1.70542,1.71961,234486.37
2017-01-19,1.71961,1.72202,1.71179,1.71494,256814.34
2017-01-20,1.71492,1.72697,1.71022,1.72579,251642.8
2017-01-22,1.72592,1.72682,1.72242,1.72272,8188.62
2017-01-23,1.72272,1.73488,1.72202,1.72951,249385.06
2017-01-24,1.72951,1.73462,1.71461,1.72751,228665.01
2017-01-25,1.72752,1.74171,1.72509,1.73061,233319.9
2017-01-26,1.73061,1.74202,1.72926,1.73856,243493.59
2017-01-27,1.73857,1.73962,1.72314,1.72682,206581.11
2017-01-29,1.72679,1.73204,1.7246,1.73147,7619.42
2017-01-30,1.73147,1.73355,1.71081,1.71361,180178.09
2017-01-31,1.71351,1.72852,1.70407,1.72578,239546.46
2017-02-01,1.72579,1.74787,1.72359,1.7442,218211.55
2017-02-02,1.74427,1.74443,1.71151,1.71823,187809.74
2017-02-03,1.71821,1.72552,1.70339,1.70617,200720.81
2017-02-05,1.70741,1.70901,1.70476,1.70659,4836.48
2017-02-06,1.70659,1.70925,1.70067,1.70382,198531.64
2017-02-07,1.70381,1.71475,1.69087,1.71233,211671.93
2017-02-08,1.71233,1.73186,1.70751,1.73098,221982.17
2017-02-09,1.73098,1.74792,1.72966,1.73781,189429.82
2017-02-10,1.73781,1.74232,1.73099,1.73174,167655.28
2017-02-12,1.73201,1.73621,1.73171,1.73561,6677.04
2017-02-13,1.73551,1.74702,1.7324,1.74397,157952.67
2017-02-14,1.74398,1.74713,1.73171,1.73842,190352.52
2017-02-15,1.73842,1.74052,1.72301,1.72607,188110.25
2017-02-16,1.72611,1.73422,1.72106,1.73057,193302.74
2017-02-17,1.73054,1.73772,1.72166,1.72694,158106.06
2017-02-19,1.72312,1.73167,1.72312,1.73077,6549.98
2017-02-20,1.73074,1.73862,1.72921,1.73814,130607.6
2017-02-21,1.7382,1.74434,1.73626,1.74326,165800.67
2017-02-22,1.74322,1.74652,1.7281,1.73389,183597.55
2017-02-23,1.73389,1.73714,1.72431,1.73628,177842.31
2017-02-24,1.73627,1.74349,1.72888,1.73036,155252.96
2017-02-26,1.73141,1.73165,1.72252,1.72463,11120.4
2017-02-27,1.72468,1.73149,1.71952,1.73147,125813.29
2017-02-28,1.73145,1.73212,1.71611,1.72571,173770.57
2017-03-01,1.72571,1.74056,1.71421,1.72401,208929.5
2017-03-02,1.72401,1.73894,1.71879,1.73841,182058.42
2017-03-03,1.73831,1.75092,1.73612,1.74402,184964.01
2017-03-05,1.74932,1.75038,1.74669,1.74758,5919.05
2017-03-06,1.74768,1.75323,1.74162,1.74961,158697.33
2017-03-07,1.74962,1.75516,1.74281,1.75265,158684.99
2017-03-08,1.75265,1.76146,1.74811,1.76025,158461.3
2017-03-09,1.76026,1.76725,1.75732,1.76266,191741.73
2017-03-10,1.76267,1.76412,1.75231,1.75591,172187.05
2017-03-12,1.75152,1.75812,1.75035,1.75794,8987.96
2017-03-13,1.75785,1.76771,1.75431,1.76388,167416.92
2017-03-14,1.76386,1.76641,1.75251,1.75431,158413.72
2017-03-15,1.75431,1.76472,1.74331,1.74798,190676.42
2017-03-16,1.74803,1.77331,1.74471,1.76862,191864.68
2017-03-17,1.76866,1.77238,1.75881,1.76542,147700.13
2017-03-19,1.76307,1.76587,1.76181,1.76213,6247.38
2017-03-20,1.76212,1.76571,1.74981,1.75421,133884.29
2017-03-21,1.75413,1.77502,1.75228,1.77265,173758.26
2017-03-22,1.77264,1.77748,1.76189,1.77161,166324.4
2017-03-23,1.77161,1.78251,1.76982,1.78058,157796.86
2017-03-24,1.78058,1.78384,1.77371,1.77401,129424.18
2017-03-26,1.77562,1.77847,1.77412,1.77623,10571.66
2017-03-27,1.77625,1.78866,1.77402,1.78195,143437.4
2017-03-28,1.78194,1.79374,1.77151,1.77181,142065.97
2017-03-29,1.77177,1.77629,1.76478,1.76853,143770.83
2017-03-30,1.76852,1.78377,1.76744,1.78134,134473.34
2017-03-31,1.78135,1.7919,1.7799,1.79042,141720.42
2017-04-02,1.78925,1.79192,1.78581,1.79052,6783.78
2017-04-03,1.7905,1.79453,1.77828,1.77996,129098.61
2017-04-04,1.77996,1.78642,1.77785,1.78315,133925.76
2017-04-05,1.78306,1.79557,1.78051,1.78995,144147.99
2017-04-06,1.78995,1.79318,1.7825,1.78828,132078.48
2017-04-07,1.78816,1.79085,1.77709,1.78352,149066.59
2017-04-09,1.78334,1.78518,1.78178,1.78265,9881.11
2017-04-10,1.78265,1.78823,1.78196,1.78393,131093.16
2017-04-11,1.78394,1.79867,1.78351,1.79516,143350.45
2017-04-12,1.79517,1.80804,1.79295,1.79484,166417.57
2017-04-13,1.79476,1.79755,1.78301,1.78761,153178.5
2017-04-14,1.78765,1.79092,1.78484,1.78514,77858.74
2017-04-16,1.78907,1.78996,1.78568,1.78721,8874.22
2017-04-17,1.78722,1.79457,1.78268,1.79052,91128.9
2017-04-18,1.79052,1.83462,1.78358,1.82291,179575.65
2017-04-19,1.82288,1.83275,1.81441,1.81581,164551.9
2017-04-20,1.81581,1.83304,1.81407,1.83129,146094.06
2017-04-21,1.83131,1.83194,1.81919,1.82006,126179.29
2017-04-23,1.81705,1.82439,1.81675,1.8209,12530.78
2017-04-24,1.8209,1.82592,1.81693,1.82209,128104.63
2017-04-25,1.82209,1.84931,1.82167,1.84602,152811.22
2017-04-26,1.84599,1.86827,1.84453,1.86122,168131.95
2017-04-27,1.86122,1.88169,1.85912,1.87313,157586.42
2017-04-28,1.87318,1.88786,1.87284,1.88498,145709.3
2017-04-30,1.88171,1.88595,1.87936,1.88105,10541.11
2017-05-01,1.88105,1.88421,1.86264,1.86306,96046.31
2017-05-02,1.86306,1.87014,1.85597,1.85859,141649.41
2017-05-03,1.85861,1.87437,1.85646,1.86931,151985.29
2017-05-04,1.86931,1.88749,1.86796,1.88038,156071.17
2017-05-05,1.88036,1.8827,1.87152,1.87366,154274.35
2017-05-07,1.87982,1.88135,1.87732,1.87919,9538.36
2017-05-08,1.87914,1.88111,1.8674,1.86913,149696.64
2017-05-09,1.86912,1.88076,1.86879,1.87776,170664.85
2017-05-10,1.87775,1.89606,1.86078,1.89269,162845.85
2017-05-11,1.89267,1.89578,1.87691,1.8835,162035.13
2017-05-12,1.88345,1.88718,1.87441,1.87759,145833.43
2017-05-14,1.87681,1.88072,1.87533,1.87644,16155.22
2017-05-15,1.87632,1.87858,1.86736,1.87239,135458.7
2017-05-16,1.87242,1.88239,1.86891,1.87463,167163.09
2017-05-17,1.87465,1.88429,1.86425,1.86896,178567.71
2017-05-18,1.86896,1.8846,1.86702,1.87927,198110.15
2017-05-19,1.87926,1.88993,1.8773,1.88168,135778.87
2017-05-21,1.87622,1.88148,1.87595,1.87639,8052.92
2017-05-22,1.87639,1.8775,1.85442,1.85457,143200.98
2017-05-23,1.85458,1.85665,1.84084,1.84871,157956.59
2017-05-24,1.84868,1.85623,1.83673,1.84224,154742.1
2017-05-25,1.84211,1.85064,1.83527,1.84252,141783.94
2017-05-26,1.84252,1.84252,1.81046,1.81196,144214.64
2017-05-28,1.81264,1.81764,1.81221,1.81718,8133.84
2017-05-29,1.81715,1.82145,1.81161,1.81734,90341.52
2017-05-30,1.81735,1.82296,1.80218,1.80774,138138.69
2017-05-31,1.80772,1.82064,1.79891,1.81795,161937.42
2017-06-01,1.81779,1.8271,1.81377,1.82477,144140.5
2017-06-02,1.82477,1.82508,1.80117,1.80342,127710.43
2017-06-04,1.80185,1.80352,1.80103,1.80298,13609.8
2017-06-05,1.80295,1.81279,1.80019,1.81002,112824.73
2017-06-06,1.81003,1.81225,1.78877,1.79771,135590.97
2017-06-07,1.7976,1.80327,1.79088,1.80326,151619.16
2017-06-08,1.80328,1.80333,1.76191,1.76762,173950.59
2017-06-09,1.7676,1.77359,1.75341,1.76598,178925.15
2017-06-11,1.76257,1.76886,1.76257,1.76793,9993.15
2017-06-12,1.76791,1.77699,1.75505,1.75832,136201.37
2017-06-13,1.75829,1.77091,1.74962,1.76897,133563.32
2017-06-14,1.76897,1.76941,1.74412,1.76004,174170.03
2017-06-15,1.76006,1.77648,1.75506,1.77125,162810.48
2017-06-16,1.77126,1.77332,1.76025,1.76106,124754.95
2017-06-18,1.76021,1.7608,1.7575,1.75865,8262.58
2017-06-19,1.75863,1.76488,1.74939,1.76172,129747.57
2017-06-20,1.76173,1.76286,1.74133,1.74521,135597.75
2017-06-21,1.74521,1.75641,1.73845,1.74877,141933.1
2017-06-22,1.74878,1.74942,1.73977,1.74559,121058.04
2017-06-23,1.74562,1.75055,1.74324,1.74607,112812.75
2017-06-25,1.74751,1.7503,1.7469,1.74954,5199.45
2017-06-26,1.74947,1.75451,1.74169,1.74697,124329.27
2017-06-27,1.74691,1.76532,1.73387,1.76335,155115.85
2017-06-28,1.76333,1.77979,1.75541,1.77165,175175.45
2017-06-29,1.77165,1.78721,1.76715,1.77933,163579.56
2017-06-30,1.77931,1.78019,1.76691,1.77531,157047.87
2017-07-02,1.77351,1.7773,1.77137,1.77456,9073.01
2017-07-03,1.77457,1.78203,1.77171,1.77619,147144.61
2017-07-04,1.77619,1.78188,1.7698,1.77412,162146.25
2017-07-05,1.77415,1.78049,1.77162,1.77571,158403.29
2017-07-06,1.77566,1.78673,1.77435,1.78018,155912.56
2017-07-07,1.78018,1.78238,1.76683,1.76914,140493.65
2017-07-09,1.76735,1.77241,1.76703,1.77096,13949.82
2017-07-10,1.77093,1.77704,1.76781,1.77582,109209.65
2017-07-11,1.77576,1.78982,1.77416,1.7806,137391.26
2017-07-12,1.78062,1.78153,1.7695,1.77661,155793.2
2017-07-13,1.77661,1.77708,1.75322,1.76812,139282.94
2017-07-14,1.76814,1.78663,1.76596,1.78212,129222.43
2017-07-16,1.78327,1.78374,1.78051,1.78186,15368.77
2017-07-17,1.78187,1.79792,1.77731,1.79314,141628.52
2017-07-18,1.79311,1.79536,1.76732,1.77265,175211.7
2017-07-19,1.77265,1.77496,1.76538,1.76948,127151.85
2017-07-20,1.76949,1.77617,1.74858,1.75175,168784.69
2017-07-21,1.75178,1.75277,1.74169,1.74247,139363.51
2017-07-23,1.74182,1.74541,1.74182,1.7446,7077.6
2017-07-24,1.7446,1.75613,1.74451,1.75093,144898.63
2017-07-25,1.75099,1.75993,1.74971,1.75568,153212.11
2017-07-26,1.75562,1.75805,1.74211,1.74243,176455.77
2017-07-27,1.74239,1.75023,1.73972,1.7427,181462.12
2017-07-28,1.7427,1.75435,1.74165,1.7469,152670.14
2017-07-30,1.74678,1.75085,1.74654,1.74827,8890.95
2017-07-31,1.74827,1.76097,1.74586,1.75765,145835.88
2017-08-01,1.75758,1.77976,1.75539,1.77852,159774.64
2017-08-02,1.77853,1.7874,1.77546,1.78494,153026.58
2017-08-03,1.78487,1.79234,1.76381,1.76529,150847.69
2017-08-04,1.76531,1.76942,1.75676,1.75731,134043.61
2017-08-06,1.76062,1.76165,1.75902,1.76133,14243.84
2017-08-07,1.76135,1.77423,1.75956,1.77135,119997.5
2017-08-08,1.77139,1.77445,1.76646,1.77271,133523.71
2017-08-09,1.77271,1.77973,1.76539,1.76898,148809.03
2017-08-10,1.76892,1.7899,1.76878,1.784,155846.88
2017-08-11,1.78394,1.78943,1.77491,1.77651,139010.99
2017-08-13,1.77634,1.78016,1.77401,1.77781,8565.22
2017-08-14,1.77781,1.78153,1.77571,1.77672,130971.06
2017-08-15,1.77672,1.77993,1.76696,1.77859,165370.52
2017-08-16,1.77858,1.78105,1.76091,1.76184,169018.53
2017-08-17,1.76185,1.76813,1.75934,1.76647,171106.1
2017-08-18,1.76641,1.7686,1.75209,1.76014,160809.64
2017-08-20,1.75842,1.76212,1.75718,1.76064,9048.8
2017-08-21,1.76063,1.76346,1.75715,1.76021,126846.08
2017-08-22,1.76018,1.76347,1.75634,1.76117,125022.58
2017-08-23,1.76109,1.77592,1.76088,1.76961,159104.92
2017-08-24,1.76961,1.77921,1.76824,1.77638,167870.44
2017-08-25,1.77635,1.78157,1.77118,1.77836,161958.45
2017-08-27,1.7816,1.78472,1.77814,1.77897,14100.79
2017-08-28,1.77897,1.79096,1.77776,1.78432,145269.96
2017-08-29,1.7843,1.79306,1.77552,1.77992,187955.28
2017-08-30,1.77992,1.79797,1.77724,1.79323,172489.81
2017-08-31,1.79323,1.80791,1.79284,1.80254,186909.62
2017-09-01,1.80255,1.8109,1.80043,1.80863,164274.09
2017-09-03,1.81021,1.81192,1.80689,1.80896,8857.5
2017-09-04,1.80897,1.8097,1.79963,1.80484,124820.0
2017-09-05,1.80484,1.80505,1.79229,1.79642,188358.98
2017-09-06,1.79644,1.81453,1.7961,1.8111,177056.86
2017-09-07,1.81105,1.8187,1.80651,1.80778,185360.86
2017-09-08,1.8078,1.81804,1.79065,1.81647,200010.13
2017-09-10,1.81452,1.82342,1.81452,1.82337,8499.54
2017-09-11,1.82336,1.82491,1.80797,1.81549,168106.12
2017-09-12,1.8155,1.82614,1.80349,1.82596,180423.98
2017-09-13,1.82596,1.83051,1.81797,1.82146,170538.1
2017-09-14,1.82146,1.8618,1.81846,1.85287,202033.52
2017-09-15,1.85282,1.87395,1.8483,1.86339,180676.93
2017-09-17,1.86274,1.86453,1.86071,1.86261,7020.95
2017-09-18,1.8626,1.86659,1.85075,1.86051,169232.64
2017-09-19,1.86049,1.86113,1.84246,1.84792,181959.9
2017-09-20,1.84798,1.85044,1.83253,1.8393,203803.06
2017-09-21,1.8393,1.86065,1.83649,1.86064,177718.55
2017-09-22,1.86065,1.86574,1.83334,1.83723,165820.28
2017-09-24,1.84641,1.85299,1.83952,1.85237,7105.2
2017-09-25,1.85239,1.86701,1.84902,1.85252,181109.81
2017-09-26,1.85251,1.87215,1.85233,1.86601,187304.04
2017-09-27,1.86601,1.86999,1.85118,1.85574,211668.97
2017-09-28,1.85573,1.86731,1.8528,1.85952,190697.92
2017-09-29,1.85949,1.86101,1.84807,1.85682,154467.41
2017-10-01,1.85282,1.85862,1.85234,1.85518,9558.32
2017-10-02,1.85518,1.85921,1.83973,1.84563,164338.33
2017-10-03,1.84563,1.85296,1.84278,1.84864,162705.83
2017-10-04,1.84864,1.85488,1.84168,1.84864,156216.48
2017-10-05,1.84866,1.8513,1.83842,1.84316,147062.62
2017-10-06,1.84312,1.84774,1.83741,1.84223,160408.38
2017-10-08,1.85352,1.85415,1.84922,1.85028,9067.44
2017-10-09,1.85017,1.86186,1.84815,1.85999,123034.94
2017-10-10,1.85998,1.86873,1.85758,1.86743,146279.26
2017-10-11,1.86743,1.86942,1.86199,1.865,140740.42
2017-10-12,1.865,1.8692,1.8457,1.86009,166451.78
2017-10-13,1.86008,1.86519,1.8473,1.85278,151814.79
2017-10-15,1.85248,1.85468,1.84957,1.8514,8025.95
2017-10-16,1.85141,1.85403,1.83545,1.84461,129857.38
2017-10-17,1.84462,1.85137,1.83446,1.8381,150568.35
2017-10-18,1.83811,1.85241,1.83806,1.84613,139929.7
2017-10-19,1.84611,1.88016,1.84372,1.87046,178015.25
2017-10-20,1.87046,1.89527,1.87025,1.8935,152562.63
2017-10-22,1.89591,1.90078,1.89581,1.90063,8690.28
2017-10-23,1.90051,1.90051,1.88766,1.89066,142693.34
2017-10-24,1.89052,1.90759,1.88737,1.90153,151115.75
2017-10-25,1.90153,1.93363,1.89913,1.92664,173969.69
2017-10-26,1.92662,1.93082,1.91702,1.91921,160295.9
2017-10-27,1.91929,1.92411,1.90621,1.90925,155884.23
2017-10-29,1.90469,1.91452,1.90426,1.91405,7530.08
2017-10-30,1.91402,1.92799,1.91372,1.92029,135443.44
2017-10-31,1.92023,1.94313,1.92007,1.92478,142223.88
2017-11-01,1.92486,1.93114,1.91889,1.92345,158169.17
2017-11-02,1.92345,1.92378,1.88446,1.88808,133544.74
2017-11-03,1.88808,1.89383,1.88088,1.89231,125481.38
2017-11-05,1.89111,1.89374,1.89047,1.89302,4008.32
2017-11-06,1.89302,1.90422,1.89128,1.89795,123637.45
2017-11-07,1.89795,1.90804,1.89366,1.90567,128359.25
2017-11-08,1.90567,1.909,1.88082,1.88473,126670.9
2017-11-09,1.88473,1.89597,1.87848,1.89254,154418.74
2017-11-10,1.89255,1.90674,1.88954,1.9019,129775.0
2017-11-12,1.90062,1.90345,1.89438,1.89452,6858.18
2017-11-13,1.89449,1.90239,1.88827,1.9021,130353.25
2017-11-14,1.9021,1.91637,1.90149,1.91261,145071.3
2017-11-15,1.91268,1.91858,1.90337,1.91578,164781.31
2017-11-16,1.91578,1.93023,1.91565,1.9251,143898.61
2017-11-17,1.9251,1.95357,1.92358,1.93875,154137.78
2017-11-19,1.94101,1.94293,1.93839,1.94071,9030.24
2017-11-20,1.94068,1.94624,1.93077,1.94409,134253.2
2017-11-21,1.9441,1.9511,1.9343,1.93457,129882.0
2017-11-22,1.93456,1.94278,1.93261,1.93711,128930.7
2017-11-23,1.93712,1.94012,1.92704,1.93116,93458.89
2017-11-24,1.93117,1.94054,1.92859,1.93799,105437.39
2017-11-26,1.93691,1.93961,1.93285,1.93861,4010.48
2017-11-27,1.93861,1.94314,1.92332,1.92473,123366.34
2017-11-28,1.92469,1.93747,1.90781,1.93658,156844.35
2017-11-29,1.93658,1.9503,1.93396,1.94893,155781.37
2017-11-30,1.9491,1.98259,1.9491,1.9805,178719.82
2017-12-01,1.98049,1.98374,1.95188,1.95443,175400.47
2017-12-03,1.9569,1.96854,1.95622,1.96809,7473.65
2017-12-04,1.96809,1.97398,1.95483,1.9619,144502.54
2017-12-05,1.96189,1.96546,1.9419,1.95122,142318.64
2017-12-06,1.95117,1.95231,1.93511,1.94429,132460.42
2017-12-07,1.94429,1.97515,1.94251,1.97482,125161.06
2017-12-08,1.97485,1.97718,1.95157,1.9563,126469.65
2017-12-10,1.95484,1.95947,1.95484,1.95699,3498.17
2017-12-11,1.95699,1.95788,1.92737,1.93181,115888.81
2017-12-12,1.93181,1.93277,1.91624,1.91978,119664.02
2017-12-13,1.91971,1.92553,1.90325,1.91036,130543.32
2017-12-14,1.91039,1.92498,1.90893,1.92183,153795.19
2017-12-15,1.9218,1.92369,1.89655,1.90491,128842.24
2017-12-17,1.90151,1.90347,1.90146,1.90256,4399.74
2017-12-18,1.90259,1.91459,1.8989,1.9126,114082.46
2017-12-19,1.91259,1.92145,1.90411,1.92024,121399.88
2017-12-20,1.92025,1.926,1.90522,1.90562,119258.26
2017-12-21,1.90564,1.91302,1.90252,1.90732,113224.13
2017-12-22,1.90728,1.91206,1.89947,1.9015,98194.72
2017-12-25,1.90342,1.90472,1.89997,1.90309,3739.53
2017-12-26,1.90309,1.90586,1.89877,1.90196,58648.45
2017-12-27,1.90186,1.90239,1.89349,1.89588,97498.83
2017-12-28,1.89587,1.89953,1.89326,1.89474,93474.3
2017-12-29,1.89443,1.90692,1.89349,1.90204,91840.15
2018-01-01,1.9009,1.90802,1.90056,1.90602,5945.37
2018-01-02,1.90602,1.91518,1.89679,1.91486,117416.25
2018-01-03,1.91486,1.9214,1.9017,1.9062,120927.21
2018-01-04,1.90616,1.91004,1.89188,1.89366,119103.98
2018-01-05,1.89367,1.89819,1.8888,1.89234,119455.05
2018-01-07,1.89181,1.89458,1.89087,1.89288,4547.16
2018-01-08,1.89286,1.89404,1.88454,1.89127,104280.75
2018-01-09,1.89124,1.89524,1.87984,1.89364,122035.2
2018-01-10,1.89364,1.89411,1.87152,1.87494,151499.05
2018-01-11,1.87496,1.87967,1.86134,1.86454,144941.27
2018-01-12,1.8645,1.89567,1.86317,1.8905,151841.11
2018-01-14,1.89532,1.8968,1.89274,1.89433,4962.3
2018-01-15,1.89438,1.89489,1.88465,1.89055,135373.94
2018-01-16,1.89055,1.89889,1.88876,1.89863,141007.06
2018-01-17,1.89863,1.90454,1.89313,1.90095,174416.47
2018-01-18,1.90095,1.9084,1.89411,1.9044,156726.95
2018-01-19,1.90439,1.90875,1.90037,1.90234,154388.04
2018-01-21,1.90629,1.9083,1.90477,1.90595,5908.26
2018-01-22,1.90592,1.91239,1.90059,1.91042,139341.97
2018-01-23,1.91042,1.91123,1.90021,1.90316,162834.57
2018-01-24,1.90307,1.94283,1.90223,1.93774,186627.93
2018-01-25,1.93782,1.94604,1.92398,1.93543,236075.58
2018-01-26,1.93543,1.94098,1.9223,1.92358,196190.56
2018-01-28,1.92441,1.92539,1.92104,1.92152,5832.1
2018-01-29,1.92151,1.92937,1.91553,1.92115,167792.47
2018-01-30,1.92108,1.93151,1.91453,1.9284,178053.56
2018-01-31,1.92841,1.93022,1.90842,1.92547,199955.96
2018-02-01,1.92547,1.94021,1.92433,1.92799,182626.45
2018-02-02,1.92799,1.93752,1.92785,1.93274,184713.34
2018-02-04,1.93382,1.93833,1.93312,1.93772,7334.05
2018-02-05,1.9377,1.93779,1.91666,1.91855,192342.62
2018-02-06,1.91852,1.92306,1.89654,1.9038,233607.03
2018-02-07,1.90381,1.92466,1.8966,1.91962,187450.77
2018-02-08,1.91966,1.94526,1.91915,1.9283,225699.44
2018-02-09,1.9283,1.93808,1.90001,1.90483,208769.84
2018-02-11,1.90531,1.90884,1.90407,1.90747,5744.12
2018-02-12,1.90749,1.9143,1.90375,1.9068,151626.55
2018-02-13,1.90681,1.91099,1.89589,1.90636,156303.76
2018-02-14,1.90637,1.90961,1.89358,1.90016,193073.67
2018-02-15,1.90016,1.90812,1.8942,1.90653,175792.19
2018-02-16,1.90653,1.90816,1.89592,1.89761,151601.89
2018-02-18,1.89799,1.9011,1.89799,1.89867,5122.58
2018-02-19,1.89869,1.90178,1.89489,1.90004,114515.65
2018-02-20,1.89998,1.90701,1.89489,1.90698,146829.13
2018-02-21,1.9069,1.90794,1.89314,1.90137,171968.31
2018-02-22,1.90137,1.90586,1.89022,1.90536,151721.48
2018-02-23,1.90538,1.92153,1.90396,1.91466,136539.63
2018-02-25,1.91663,1.9189,1.9141,1.91812,5900.8
2018-02-26,1.91813,1.91981,1.90623,1.91511,141099.16
2018-02-27,1.91511,1.92321,1.91094,1.92138,165636.61
2018-02-28,1.92136,1.92758,1.9067,1.90843,164123.09
2018-03-01,1.90842,1.91275,1.89422,1.89684,185539.85
2018-03-02,1.89685,1.91012,1.89132,1.90459,176741.85
2018-03-04,1.90424,1.90793,1.90393,1.90749,9569.33
2018-03-05,1.90751,1.91796,1.90576,1.91685,156887.09
2018-03-06,1.91685,1.91738,1.90091,1.90845,176808.04
2018-03-07,1.90848,1.91321,1.9015,1.90782,189285.58
2018-03-08,1.90781,1.91398,1.89703,1.9012,176715.02
2018-03-09,1.90122,1.90483,1.89534,1.90142,154145.96
2018-03-11,1.89571,1.90052,1.89499,1.89585,7093.54
2018-03-12,1.89582,1.90751,1.89226,1.90469,123122.18
2018-03-13,1.90469,1.90767,1.89318,1.90565,145702.37
2018-03-14,1.90564,1.91141,1.90092,1.91029,147672.18
2018-03-15,1.91029,1.91862,1.90328,1.91696,151698.52
2018-03-16,1.91697,1.93374,1.91665,1.93143,133128.62
2018-03-18,1.92965,1.93233,1.92874,1.92883,5441.19
2018-03-19,1.92883,1.95283,1.92868,1.93628,173924.12
2018-03-20,1.93625,1.95249,1.93554,1.95046,160484.67
2018-03-21,1.95051,1.96415,1.94892,1.95613,181600.56
2018-03-22,1.95612,1.96312,1.94915,1.95564,197622.93
2018-03-23,1.95562,1.956,1.94381,1.95262,170747.81
2018-03-25,1.95368,1.95552,1.94936,1.95363,5858.49
2018-03-26,1.95363,1.95367,1.94263,1.94973,139621.79
2018-03-27,1.94971,1.95387,1.93706,1.95005,156729.2
2018-03-28,1.95005,1.95492,1.9451,1.95261,161670.77
2018-03-29,1.95263,1.95765,1.93596,1.93983,150347.92
2018-03-30,1.93979,1.94208,1.93357,1.9343,107605.28
2018-04-01,1.93565,1.94076,1.93547,1.94003,4852.45
2018-04-02,1.94003,1.95041,1.93986,1.94994,100203.54
2018-04-03,1.94992,1.95228,1.93277,1.93707,140679.79
2018-04-04,1.93704,1.93973,1.92227,1.92483,153978.24
2018-04-05,1.92483,1.93234,1.91797,1.92855,138251.7
2018-04-06,1.92857,1.94189,1.92637,1.93699,161901.17
2018-04-08,1.93589,1.93734,1.93298,1.93708,4564.88
2018-04-09,1.93707,1.94084,1.92951,1.9342,139075.07
2018-04-10,1.9342,1.9344,1.9211,1.9241,153002.74
2018-04-11,1.9241,1.93215,1.92274,1.92545,144471.92
2018-04-12,1.92546,1.9316,1.91711,1.92961,149229.86
2018-04-13,1.9296,1.94049,1.92494,1.93554,121241.88
2018-04-15,1.93471,1.93878,1.93364,1.93865,5331.23
2018-04-16,1.93866,1.95092,1.93623,1.94675,115089.85
2018-04-17,1.94676,1.95606,1.94492,1.94777,136350.65
2018-04-18,1.94778,1.95403,1.93441,1.93905,128842.5
2018-04-19,1.93902,1.95237,1.93557,1.94104,144415.13
2018-04-20,1.94105,1.94967,1.93983,1.94059,130885.09
2018-04-22,1.93957,1.94402,1.93803,1.94396,4258.79
2018-04-23,1.94397,1.95099,1.94302,1.94929,121550.81
2018-04-24,1.94929,1.96659,1.94906,1.96628,120096.14
2018-04-25,1.96626,1.97479,1.96594,1.96965,127002.96
2018-04-26,1.9696,1.97567,1.96771,1.97032,140963.13
2018-04-27,1.97036,1.97524,1.94206,1.9441,136579.39
2018-04-29,1.94422,1.94623,1.94322,1.94412,5412.99
2018-04-30,1.94411,1.95807,1.94286,1.95673,134946.03
2018-05-01,1.95673,1.95741,1.9362,1.94383,121267.42
2018-05-02,1.94383,1.94701,1.93685,1.94032,151820.9
2018-05-03,1.94033,1.94137,1.92606,1.92773,148126.32
2018-05-04,1.92774,1.93573,1.92559,1.9263,122169.41
2018-05-06,1.92631,1.92902,1.9262,1.92774,3688.54
2018-05-07,1.9278,1.93406,1.9254,1.93171,115446.57
2018-05-08,1.93164,1.94565,1.92851,1.94498,136535.77
2018-05-09,1.94497,1.95463,1.93829,1.95388,148938.78
2018-05-10,1.95389,1.96481,1.93739,1.94178,174043.2
2018-05-11,1.94176,1.94897,1.93807,1.94291,129563.84
2018-05-13,1.94654,1.94695,1.9432,1.9444,4188.72
2018-05-14,1.94439,1.96251,1.94403,1.96036,123535.14
2018-05-15,1.96035,1.96988,1.95493,1.96668,160052.58
2018-05-16,1.96665,1.96902,1.95141,1.96228,160409.43
2018-05-17,1.96228,1.96639,1.9553,1.96272,158004.98
2018-05-18,1.96286,1.96353,1.94519,1.94519,134490.43
2018-05-20,1.9457,1.9512,1.94289,1.94911,6767.71
2018-05-21,1.94911,1.95204,1.93019,1.93167,142308.95
2018-05-22,1.93168,1.94105,1.92652,1.9362,143808.03
2018-05-23,1.93614,1.94529,1.92577,1.93011,187234.6
2018-05-24,1.93012,1.93934,1.9272,1.93079,169305.74
2018-05-25,1.93078,1.93189,1.92122,1.92138,152213.48
2018-05-27,1.92262,1.92381,1.92006,1.92302,9212.91
2018-05-28,1.92302,1.92318,1.91375,1.91852,122940.44
2018-05-29,1.91851,1.92514,1.90845,1.92383,177865.9
2018-05-30,1.92384,1.92431,1.89842,1.90245,171234.27
2018-05-31,1.90242,1.90751,1.89262,1.8965,170507.96
2018-06-01,1.89647,1.91387,1.89247,1.91035,158857.22
2018-06-03,1.90991,1.91339,1.90859,1.91324,4929.28
2018-06-04,1.91326,1.91347,1.89184,1.8938,151054.43
2018-06-05,1.89381,1.90758,1.89078,1.90726,159792.77
2018-06-06,1.90725,1.90966,1.89989,1.90638,146290.95
2018-06-07,1.90638,1.91245,1.89901,1.91124,163369.52
2018-06-08,1.91126,1.91419,1.90223,1.90731,135901.23
2018-06-10,1.90825,1.90952,1.90465,1.90711,3985.34
2018-06-11,1.90711,1.90914,1.89745,1.9057,121760.17
2018-06-12,1.9057,1.91079,1.89686,1.90908,141835.59
2018-06-13,1.9091,1.91014,1.89279,1.90478,136260.12
2018-06-14,1.90479,1.91115,1.89314,1.90394,163942.61
2018-06-15,1.90393,1.91599,1.90345,1.91302,144522.31
2018-06-17,1.91143,1.91436,1.91112,1.91339,10972.64
2018-06-18,1.9134,1.91739,1.90308,1.91274,120216.85
2018-06-19,1.91275,1.91986,1.90612,1.90775,155017.47
2018-06-20,1.90776,1.9219,1.90336,1.9179,147264.21
2018-06-21,1.91789,1.93,1.91264,1.92818,180161.66
2018-06-22,1.92818,1.92841,1.91468,1.91897,139584.77
2018-06-24,1.9167,1.91879,1.91597,1.91769,7612.02
2018-06-25,1.9177,1.92841,1.91538,1.92694,130444.58
2018-06-26,1.92695,1.93251,1.92352,1.92971,136090.45
2018-06-27,1.92972,1.94139,1.92562,1.93257,173458.67
2018-06-28,1.93258,1.94028,1.92939,1.93609,154066.25
2018-06-29,1.93611,1.95123,1.93377,1.94823,155616.19
2018-07-01,1.9425,1.94889,1.94088,1.9482,10467.66
2018-07-02,1.9483,1.96175,1.94352,1.95833,136014.63
2018-07-03,1.95829,1.962,1.95041,1.95391,145284.99
2018-07-04,1.95391,1.95864,1.94724,1.95669,123373.73
2018-07-05,1.95672,1.95813,1.9442,1.94576,149954.58
2018-07-06,1.94579,1.94736,1.93506,1.94294,124581.01
2018-07-08,1.94691,1.94762,1.94425,1.94492,10200.87
2018-07-09,1.94493,1.95286,1.92903,1.93539,142994.65
2018-07-10,1.93539,1.94805,1.93174,1.94485,134654.85
2018-07-11,1.94481,1.95645,1.94366,1.95544,144060.86
2018-07-12,1.95544,1.95592,1.94459,1.94594,126060.41
2018-07-13,1.9459,1.95747,1.94296,1.95511,118671.35
2018-07-15,1.95572,1.95628,1.95385,1.9556,4083.35
2018-07-16,1.95558,1.95858,1.95024,1.95074,113265.06
2018-07-17,1.95072,1.95409,1.92929,1.93509,142895.69
2018-07-18,1.93514,1.94006,1.91951,1.92532,133817.74
2018-07-19,1.92533,1.9347,1.9208,1.92993,160324.42
2018-07-20,1.92994,1.93389,1.92203,1.92832,154264.24
2018-07-22,1.93054,1.93062,1.92701,1.92748,8766.57
2018-07-23,1.92743,1.93316,1.92587,1.93207,121544.18
2018-07-24,1.93203,1.9341,1.92716,1.93349,134536.82
2018-07-25,1.93341,1.93628,1.92769,1.92843,143887.78
2018-07-26,1.92842,1.9365,1.92687,1.93146,131150.82
2018-07-27,1.93146,1.93615,1.92547,1.9262,109409.69
2018-07-29,1.92623,1.93005,1.92496,1.92947,9668.7
2018-07-30,1.92947,1.93096,1.92277,1.92473,100600.67
2018-07-31,1.9247,1.93209,1.92169,1.92849,135617.75
2018-08-01,1.92849,1.9336,1.92594,1.93167,116145.22
2018-08-02,1.93169,1.94228,1.92708,1.93202,130104.86
2018-08-03,1.93202,1.93487,1.92512,1.92686,119350.05
2018-08-05,1.92627,1.92858,1.92509,1.92791,4176.97
2018-08-06,1.92793,1.92867,1.91993,1.92313,101253.99
2018-08-07,1.92308,1.92472,1.91862,1.92043,104042.82
2018-08-08,1.92044,1.92439,1.90683,1.9238,115017.4
2018-08-09,1.92377,1.94356,1.92371,1.94148,126872.44
2018-08-10,1.94149,1.94555,1.92733,1.94054,159155.71
2018-08-12,1.93679,1.94118,1.93644,1.93762,10184.29
2018-08-13,1.93762,1.94232,1.93439,1.94065,142999.07
2018-08-14,1.94066,1.94509,1.93007,1.93549,136664.6
2018-08-15,1.93551,1.9414,1.93114,1.93549,143512.12
2018-08-16,1.93553,1.93556,1.92528,1.93076,144720.6
2018-08-17,1.93051,1.93195,1.92026,1.92081,121641.05
2018-08-19,1.91976,1.92453,1.91825,1.92428,5596.6
2018-08-20,1.92425,1.92945,1.92311,1.92825,117617.63
2018-08-21,1.92823,1.93022,1.92053,1.9252,142309.01
2018-08-22,1.92521,1.93006,1.92252,1.92655,125585.23
2018-08-23,1.92643,1.93379,1.92539,1.93311,127271.44
2018-08-24,1.93306,1.93366,1.91859,1.91947,120737.98
2018-08-26,1.91929,1.92083,1.91676,1.91874,7765.69
2018-08-27,1.91876,1.92772,1.91846,1.92387,114335.67
2018-08-28,1.9239,1.92759,1.91565,1.91652,128148.01
2018-08-29,1.91655,1.94288,1.91483,1.94218,155202.87
2018-08-30,1.94216,1.96057,1.94201,1.95691,151974.27
2018-08-31,1.9569,1.96159,1.95405,1.95623,150743.54
2018-09-02,1.95015,1.9577,1.9499,1.9557,7877.52
2018-09-03,1.95571,1.95963,1.94327,1.94784,102559.02
2018-09-04,1.94786,1.96417,1.94662,1.96265,136710.23
2018-09-05,1.96265,1.97539,1.94916,1.95682,148510.75
2018-09-06,1.95683,1.96459,1.9534,1.96357,142989.01
2018-09-07,1.96357,1.98167,1.96151,1.97727,135533.41
2018-09-09,1.97777,1.97944,1.97628,1.97786,5925.52
2018-09-10,1.9779,1.99874,1.97674,1.99769,120562.38
2018-09-11,1.99767,2.00282,1.98934,1.99785,128451.97
2018-09-12,1.99785,2.00068,1.98606,1.98823,129471.48
2018-09-13,1.98826,1.99744,1.98643,1.99464,134406.06
2018-09-14,1.99476,1.99833,1.9892,1.99601,114278.33
2018-09-16,1.99428,1.99846,1.99288,1.99816,5651.27
2018-09-17,1.99814,2.00314,1.99229,2.00314,135575.36
2018-09-18,2.00312,2.00312,1.98912,1.99876,154490.45
2018-09-19,1.99874,1.99966,1.97516,1.97819,147474.93
2018-09-20,1.97816,1.9927,1.97528,1.98607,145888.17
2018-09-21,1.98604,1.98604,1.95518,1.95721,130882.69
2018-09-23,1.95975,1.96079,1.95486,1.9573,6714.99
2018-09-24,1.95728,1.97739,1.95592,1.97475,111719.54
2018-09-25,1.97477,1.98601,1.97021,1.98364,118415.18
2018-09-26,1.98361,1.98369,1.96999,1.97662,129109.58
2018-09-27,1.97672,1.98354,1.97275,1.97591,132006.0
2018-09-28,1.97584,1.9815,1.96425,1.96795,117906.51
2018-09-30,1.96627,1.96983,1.96586,1.96853,6572.95
2018-10-01,1.9685,1.98498,1.96667,1.97499,115984.13
2018-10-02,1.97497,1.97521,1.96396,1.96979,117577.57
2018-10-03,1.96973,1.99165,1.96912,1.99091,129275.02
2018-10-04,1.99085,2.01096,1.98965,2.00922,123805.59
2018-10-05,2.00921,2.03737,2.00769,2.0373,108215.38
2018-10-07,2.03731,2.04035,2.03203,2.03854,10511.59
2018-10-08,2.03856,2.04197,2.01929,2.0297,92639.04
2018-10-09,2.02971,2.03589,2.02443,2.02843,116780.17
2018-10-10,2.02846,2.04736,2.02519,2.04381,126293.72
2018-10-11,2.04381,2.04588,2.0216,2.02748,138426.88
2018-10-12,2.02747,2.0346,2.01885,2.01997,112754.9
2018-10-14,2.01172,2.01713,2.01162,2.01552,8854.36
2018-10-15,2.01552,2.01805,1.99357,2.00131,113068.63
2018-10-16,2.00131,2.01,1.99703,2.00312,126233.49
2018-10-17,2.00298,2.00415,1.99083,2.00174,154718.25
2018-10-18,2.00175,2.00349,1.98749,1.99118,168787.97
2018-10-19,1.99121,1.99234,1.97214,1.98182,169525.01
2018-10-21,1.97455,1.98134,1.97451,1.98132,10640.79
2018-10-22,1.98132,1.98513,1.97166,1.978,179839.9
2018-10-23,1.97801,1.99031,1.97663,1.98037,194166.05
2018-10-24,1.98038,1.98267,1.9704,1.97891,192836.88
2018-10-25,1.9789,1.98262,1.96212,1.96393,191174.63
2018-10-26,1.96392,1.98211,1.96366,1.96646,192340.96
2018-10-28,1.96502,1.96755,1.96358,1.96628,5574.17
2018-10-29,1.96625,1.96886,1.95653,1.96124,171360.86
2018-10-30,1.96127,1.96283,1.93588,1.93762,163293.6
2018-10-31,1.93761,1.96197,1.93403,1.9566,159419.03
2018-11-01,1.9566,1.96537,1.9437,1.9554,181301.97
2018-11-02,1.95541,1.95573,1.94334,1.94912,164791.28
2018-11-04,1.95948,1.95983,1.95304,1.95579,8316.05
2018-11-05,1.95578,1.96216,1.94841,1.9611,137498.22
2018-11-06,1.96109,1.96466,1.94117,1.94565,160168.81
2018-11-07,1.94564,1.94808,1.92833,1.93585,195026.58
2018-11-08,1.93584,1.93831,1.92877,1.93542,192879.34
2018-11-09,1.93542,1.93834,1.92382,1.92456,184318.52
2018-11-11,1.91993,1.9227,1.91974,1.9225,8800.16
2018-11-12,1.92251,1.92343,1.90576,1.91341,193457.99
2018-11-13,1.91342,1.92826,1.90635,1.9224,211431.02
2018-11-14,1.92237,1.92345,1.89728,1.91202,220777.53
2018-11-15,1.91202,1.91455,1.86572,1.87034,225748.02
2018-11-16,1.87037,1.88591,1.86252,1.86483,167838.64
2018-11-18,1.87047,1.87074,1.86683,1.87022,8020.5
2018-11-19,1.87022,1.88537,1.86746,1.87927,141191.13
2018-11-20,1.87927,1.88484,1.86889,1.8831,158124.29
2018-11-21,1.8831,1.88528,1.86574,1.87107,142958.35
2018-11-22,1.87105,1.8982,1.8698,1.89071,131516.23
2018-11-23,1.89063,1.89429,1.88349,1.88597,139728.47
2018-11-25,1.89662,1.89821,1.89153,1.89177,6900.62
2018-11-26,1.89178,1.89273,1.88358,1.89103,139951.86
2018-11-27,1.89106,1.89588,1.87391,1.87433,173668.09
2018-11-28,1.87436,1.88438,1.86112,1.86681,162495.96
2018-11-29,1.86682,1.87578,1.85712,1.86215,165726.94
2018-11-30,1.86212,1.86495,1.85176,1.85176,160659.17
2018-12-02,1.84491,1.84647,1.84051,1.84482,11129.32
2018-12-03,1.84479,1.85316,1.83236,1.83672,159516.29
2018-12-04,1.83672,1.84307,1.82765,1.83272,193494.22
2018-12-05,1.83273,1.85092,1.83081,1.84615,153485.67
2018-12-06,1.84615,1.86332,1.84553,1.85688,193627.33
2018-12-07,1.85688,1.86111,1.85072,1.85431,162550.47
2018-12-09,1.84841,1.85933,1.84831,1.85853,8663.56
2018-12-10,1.85853,1.85856,1.81816,1.82698,187772.44
2018-12-11,1.82697,1.84071,1.81268,1.81396,179183.91
2018-12-12,1.81397,1.84786,1.81241,1.84072,191436.53
2018-12-13,1.84072,1.84737,1.83531,1.84541,157338.28
2018-12-14,1.84541,1.8599,1.84289,1.85132,152305.25
2018-12-16,1.85362,1.85383,1.84771,1.85282,13096.67
2018-12-17,1.85284,1.85706,1.84804,1.85306,152292.63
2018-12-18,1.85306,1.85306,1.83794,1.8466,181619.08
2018-12-19,1.84649,1.86561,1.83886,1.86354,222423.55
2018-12-20,1.86353,1.88213,1.86044,1.86849,273897.36
2018-12-21,1.86849,1.8856,1.86491,1.88152,259763.45
2018-12-23,1.88021,1.88332,1.87983,1.88315,10773.76
2018-12-24,1.88315,1.89481,1.87704,1.88673,187721.1
2018-12-25,1.8843,1.88712,1.8807,1.88493,15101.33
2018-12-26,1.88493,1.89224,1.87354,1.87654,151307.27
2018-12-27,1.87654,1.88961,1.87647,1.88711,279361.87
2018-12-28,1.88711,1.89641,1.88428,1.89201,175921.05
2018-12-30,1.8893,1.89328,1.88815,1.89207,8235.55
2018-12-31,1.89205,1.91187,1.88791,1.89757,188944.75
2019-01-01,1.89431,1.89973,1.89296,1.89972,6064.66
2019-01-02,1.89972,1.90545,1.87638,1.88728,265581.9
2019-01-03,1.88725,1.89705,1.88453,1.88787,286468.46
2019-01-04,1.88788,1.89666,1.88395,1.88776,254108.16
2019-01-06,1.8847,1.89028,1.88439,1.88813,10943.59
2019-01-07,1.88812,1.89408,1.88226,1.893,213644.72
2019-01-08,1.893,1.89807,1.88876,1.88892,256214.57
2019-01-09,1.88892,1.89084,1.87531,1.88472,250414.22
2019-01-10,1.88471,1.88747,1.87495,1.87932,233281.42
2019-01-11,1.87928,1.88269,1.86012,1.87741,227878.76
2019-01-13,1.88241,1.8852,1.88111,1.88388,7600.62
2019-01-14,1.88388,1.89394,1.88057,1.8859,248245.17
2019-01-15,1.8859,1.89109,1.86172,1.88682,256992.43
2019-01-16,1.88684,1.90377,1.88178,1.90241,227538.62
2019-01-17,1.90242,1.92471,1.90019,1.91952,246147.14
2019-01-18,1.9195,1.92048,1.90499,1.90842,196717.09
2019-01-20,1.90635,1.91059,1.90619,1.90659,6351.07
2019-01-21,1.90658,1.9184,1.90599,1.91565,167765.85
2019-01-22,1.91565,1.92974,1.91352,1.91901,230806.55
2019-01-23,1.91901,1.92877,1.90734,1.92581,238211.13
2019-01-24,1.92581,1.94257,1.91961,1.94001,252209.24
2019-01-25,1.94001,1.94192,1.92115,1.92906,223607.96
2019-01-27,1.92975,1.93285,1.92912,1.93118,9861.87
2019-01-28,1.93119,1.93132,1.91941,1.92582,195983.14
2019-01-29,1.92584,1.9302,1.91026,1.91674,257054.72
2019-01-30,1.91674,1.91818,1.89732,1.90182,246299.45
2019-01-31,1.90182,1.90412,1.89041,1.89581,232979.49
2019-02-01,1.89575,1.89862,1.88193,1.89683,210463.93
2019-02-03,1.89517,1.89661,1.89242,1.89568,11324.73
2019-02-04,1.89568,1.90606,1.89117,1.89427,188472.11
2019-02-05,1.89427,1.89759,1.87512,1.87736,201875.34
2019-02-06,1.87739,1.9148,1.87593,1.90991,213639.07
2019-02-07,1.90981,1.92211,1.9018,1.91957,221752.86
2019-02-08,1.91959,1.92442,1.91149,1.91842,185040.67
2019-02-10,1.91644,1.91743,1.91222,1.91356,7998.58
2019-02-11,1.91357,1.9162,1.90874,1.90928,213126.62
2019-02-12,1.90928,1.91692,1.90731,1.91245,191772.74
2019-02-13,1.91245,1.91526,1.88321,1.88816,216282.66
2019-02-14,1.88816,1.88894,1.86852,1.87291,216038.64
2019-02-15,1.87295,1.87886,1.8659,1.87671,202320.15
2019-02-17,1.88087,1.88135,1.87939,1.87957,7021.82
2019-02-18,1.87959,1.88973,1.87317,1.88482,187295.42
2019-02-19,1.88482,1.90301,1.88324,1.89875,213585.22
2019-02-20,1.89874,1.90699,1.89383,1.90197,201228.25
2019-02-21,1.90195,1.91947,1.8965,1.91385,233994.73
2019-02-22,1.91384,1.9283,1.90303,1.90575,205410.46
2019-02-24,1.90056,1.90546,1.89897,1.90267,11266.71
2019-02-25,1.90272,1.90972,1.89455,1.90637,212475.15
2019-02-26,1.90639,1.9278,1.90547,1.92223,236289.35
2019-02-27,1.92223,1.95107,1.91947,1.94346,243734.82
2019-02-28,1.9441,1.95407,1.93853,1.94462,227643.13
2019-03-01,1.94461,1.94745,1.93423,1.94201,207034.76
2019-03-03,1.94078,1.9417,1.93748,1.94023,12253.7
2019-03-04,1.94023,1.94877,1.92894,1.93157,211959.72
2019-03-05,1.93157,1.94091,1.9289,1.93444,208374.03
2019-03-06,1.93441,1.94707,1.93408,1.94678,197794.06
2019-03-07,1.94679,1.94764,1.93265,1.93485,218250.3
2019-03-08,1.93485,1.93813,1.90822,1.91227,212146.78
2019-03-10,1.90947,1.91116,1.90636,1.90855,8569.69
2019-03-11,1.90855,1.94342,1.90214,1.93798,227166.54
2019-03-12,1.93798,1.93821,1.89994,1.90637,224143.37
2019-03-13,1.90637,1.9509,1.90552,1.93755,202460.57
2019-03-14,1.93755,1.94888,1.93451,1.93916,238353.31
2019-03-15,1.93916,1.94302,1.92564,1.94121,183612.59
2019-03-17,1.94128,1.94361,1.94092,1.94274,6732.15
2019-03-18,1.94274,1.94292,1.92325,1.93779,190036.75
2019-03-19,1.93777,1.93982,1.92763,1.93612,191148.6
2019-03-20,1.93613,1.94181,1.90509,1.90848,242205.02
2019-03-21,1.9085,1.91136,1.89587,1.90776,269585.7
2019-03-22,1.90775,1.92244,1.90406,1.92061,249729.67
2019-03-24,1.92229,1.92254,1.91713,1.92017,7580.73
2019-03-25,1.92019,1.92125,1.90487,1.91134,252226.2
2019-03-26,1.91133,1.9195,1.9064,1.91214,231910.8
2019-03-27,1.91209,1.95116,1.90869,1.93463,285407.94
2019-03-28,1.93477,1.94244,1.92122,1.92458,281081.93
2019-03-29,1.9246,1.93308,1.90496,1.91468,234939.34
2019-03-31,1.91173,1.91263,1.90707,1.9082,8434.65
2019-04-01,1.90819,1.93141,1.9061,1.92436,228716.72
2019-04-02,1.92435,1.94641,1.92156,1.94431,240318.1
2019-04-03,1.94431,1.94664,1.93359,1.9407,226562.77
2019-04-04,1.94067,1.94432,1.93184,1.93478,211521.87
2019-04-05,1.93478,1.94328,1.9317,1.93512,186462.28
2019-04-07,1.93409,1.93701,1.93183,1.93688,8929.72
2019-04-08,1.93687,1.94216,1.93159,1.93806,191447.75
2019-04-09,1.93807,1.94145,1.93221,1.93348,201541.71
2019-04-10,1.93353,1.94208,1.9308,1.93519,213974.79
2019-04-11,1.9352,1.94435,1.93376,1.94103,179611.64
2019-04-12,1.94104,1.9437,1.9301,1.93229,172060.06
2019-04-14,1.93202,1.93317,1.9298,1.93313,7612.34
2019-04-15,1.93312,1.9415,1.93031,1.9358,153014.39
2019-04-16,1.93579,1.95576,1.92588,1.94413,199046.69
2019-04-17,1.94413,1.94661,1.93373,1.93864,181107.14
2019-04-18,1.93863,1.94827,1.93809,1.94274,206436.95
2019-04-19,1.94272,1.94503,1.93871,1.94011,245786.8
2019-04-21,1.94165,1.94381,1.94121,1.94315,5795.9
2019-04-22,1.94316,1.94697,1.93873,1.94272,94593.63
2019-04-23,1.94271,1.95451,1.94092,1.9445,156622.71
2019-04-24,1.94442,1.96191,1.94421,1.95627,191025.22
2019-04-25,1.95627,1.95878,1.9397,1.94407,174301.07
2019-04-26,1.94406,1.94508,1.93519,1.93895,161420.48
2019-04-28,1.93816,1.94043,1.93727,1.93785,5802.24
2019-04-29,1.93785,1.94223,1.93412,1.93867,134565.54
2019-04-30,1.93868,1.96571,1.93601,1.96002,181474.35
2019-05-01,1.96002,1.97147,1.95891,1.96942,149775.57
2019-05-02,1.96938,1.97302,1.96477,1.97012,145490.61
2019-05-03,1.97011,1.98419,1.96244,1.98232,146135.42
2019-05-05,1.98643,1.99043,1.98387,1.99014,17995.09
2019-05-06,1.99019,1.99122,1.97778,1.98191,170682.22
2019-05-07,1.98193,1.98837,1.97721,1.98104,180548.93
2019-05-08,1.98104,2.0024,1.97115,1.9756,198769.25
2019-05-09,1.97558,1.98053,1.97153,1.97507,196427.83
2019-05-10,1.97508,1.97637,1.96759,1.96955,199492.75
2019-05-12,1.96763,1.97381,1.96667,1.97381,9490.34
2019-05-13,1.97381,1.9797,1.9705,1.97215,184833.85
2019-05-14,1.97216,1.97216,1.96156,1.96414,168880.57
2019-05-15,1.96421,1.96996,1.95296,1.95746,181248.94
2019-05-16,1.95747,1.96219,1.94874,1.95816,169236.24
2019-05-17,1.95816,1.95865,1.95013,1.95103,164745.88
2019-05-19,1.94894,1.95162,1.94766,1.95006,11289.92
2019-05-20,1.95006,1.95012,1.94497,1.94635,162821.19
2019-05-21,1.94635,1.96775,1.94495,1.95299,201289.41
2019-05-22,1.95295,1.95762,1.9429,1.94963,173769.94
2019-05-23,1.94964,1.95123,1.93941,1.94148,202748.8
2019-05-24,1.94149,1.94612,1.93103,1.93946,158325.62
2019-05-26,1.94107,1.94116,1.93951,1.94067,6215.46
2019-05-27,1.94071,1.94482,1.93472,1.93686,185145.13
2019-05-28,1.93682,1.93726,1.93061,1.93402,184559.04
2019-05-29,1.93401,1.94552,1.93171,1.93844,207405.28
2019-05-30,1.93845,1.9397,1.93389,1.9382,148319.59
2019-05-31,1.9382,1.93922,1.92922,1.93122,177691.99
2019-06-02,1.93309,1.93448,1.93087,1.93434,12328.73
2019-06-03,1.93433,1.93495,1.91774,1.92116,211456.36
2019-06-04,1.92115,1.92517,1.91907,1.92199,234076.84
2019-06-05,1.92194,1.92194,1.91091,1.91453,237454.35
2019-06-06,1.91454,1.91939,1.91163,1.91803,228254.32
2019-06-07,1.91799,1.92193,1.90835,1.91062,198169.44
2019-06-09,1.90908,1.91282,1.90893,1.91123,10652.37
2019-06-10,1.91123,1.92231,1.91007,1.91951,199431.82
2019-06-11,1.91951,1.93438,1.91891,1.93244,235670.47
2019-06-12,1.93245,1.93983,1.9278,1.92987,248417.5
2019-06-13,1.92987,1.93579,1.92692,1.93313,233724.46
2019-06-14,1.93314,1.94134,1.93271,1.93882,217110.4
2019-06-16,1.93528,1.93955,1.93499,1.93805,10800.82
2019-06-17,1.93804,1.93828,1.92867,1.93022,181431.62
2019-06-18,1.93022,1.93097,1.91848,1.92236,255232.73
2019-06-19,1.92234,1.93767,1.92101,1.93044,230711.22
2019-06-20,1.93043,1.93341,1.92251,1.93049,251909.23
2019-06-21,1.93049,1.93584,1.92481,1.93399,234097.49
2019-06-23,1.92926,1.93435,1.92926,1.9325,11361.66
2019-06-24,1.93244,1.93391,1.92074,1.92318,173919.05
2019-06-25,1.92317,1.92523,1.90801,1.91292,227732.58
2019-06-26,1.91291,1.92132,1.89513,1.90039,262567.31
2019-06-27,1.90039,1.9026,1.88946,1.89091,220517.09
2019-06-28,1.89091,1.8957,1.88772,1.88912,190192.01
2019-06-30,1.88799,1.88966,1.8866,1.8881,13895.17
2019-07-01,1.88811,1.89585,1.88297,1.89515,194425.3
2019-07-02,1.89514,1.89654,1.88421,1.88627,173645.25
2019-07-03,1.88626,1.88737,1.87079,1.87572,185926.82
2019-07-04,1.87571,1.88426,1.87302,1.88036,110403.65
2019-07-05,1.88032,1.89192,1.87929,1.89032,168135.32
2019-07-07,1.88952,1.89108,1.88849,1.88884,6337.92
2019-07-08,1.88882,1.88981,1.88212,1.88849,141649.34
2019-07-09,1.88848,1.88932,1.88091,1.88717,146941.44
2019-07-10,1.88716,1.89595,1.87894,1.88215,190587.68
2019-07-11,1.88214,1.88306,1.87736,1.87941,189718.81
2019-07-12,1.87942,1.88191,1.87416,1.87762,168984.58
2019-07-14,1.87664,1.87927,1.87615,1.87797,10400.22
2019-07-15,1.87796,1.87796,1.86091,1.86199,149444.78
2019-07-16,1.86197,1.86197,1.84688,1.85162,176821.35
2019-07-17,1.85162,1.85162,1.84273,1.84694,161725.8
2019-07-18,1.84693,1.85351,1.84376,1.8507,185766.93
2019-07-19,1.85071,1.8522,1.84449,1.84858,150996.14
2019-07-21,1.84462,1.85092,1.84453,1.85059,7827.86
2019-07-22,1.85059,1.85144,1.83674,1.85062,147466.64
2019-07-23,1.85062,1.85716,1.84592,1.85675,163681.67
2019-07-24,1.85672,1.86682,1.85451,1.86319,184055.62
2019-07-25,1.86321,1.87222,1.86079,1.86988,207850.95
2019-07-26,1.86987,1.87275,1.86547,1.86547,155021.4
2019-07-28,1.86512,1.86611,1.86403,1.86462,6004.43
2019-07-29,1.86462,1.86671,1.84107,1.8426,159959.25
2019-07-30,1.84261,1.84395,1.82764,1.83722,185094.18
2019-07-31,1.83721,1.85616,1.83697,1.85493,246277.92
2019-08-01,1.85493,1.85589,1.84061,1.84992,248958.54
2019-08-02,1.84992,1.86306,1.84561,1.85982,257379.07
2019-08-04,1.85946,1.86305,1.85796,1.86292,12643.24
2019-08-05,1.86292,1.87513,1.84292,1.85361,255317.5
2019-08-06,1.85362,1.867,1.849,1.86323,252338.88
2019-08-07,1.86322,1.90579,1.85791,1.88212,248180.3
2019-08-08,1.88212,1.88732,1.86867,1.87213,211664.5
2019-08-09,1.87212,1.87532,1.85772,1.8593,151652.84
2019-08-11,1.86232,1.86287,1.85912,1.85991,16545.27
2019-08-12,1.85992,1.87552,1.85841,1.87296,196121.85
2019-08-13,1.87306,1.88289,1.86452,1.86668,229706.93
2019-08-14,1.86671,1.88117,1.8635,1.87262,205271.31
2019-08-15,1.87261,1.88818,1.86701,1.87882,169523.35
2019-08-16,1.87882,1.89342,1.87487,1.88912,141435.7
2019-08-18,1.88841,1.89202,1.88783,1.89171,9046.82
2019-08-19,1.89171,1.89502,1.88614,1.89343,130651.05
2019-08-20,1.89344,1.89756,1.88251,1.89742,153522.96
2019-08-21,1.89742,1.89859,1.88944,1.89411,135076.28
2019-08-22,1.89401,1.92619,1.89302,1.91711,137444.25
2019-08-23,1.91711,1.92303,1.9097,1.92011,151622.39
2019-08-25,1.91972,1.93392,1.91853,1.92721,15946.56
2019-08-26,1.92721,1.92742,1.90831,1.91372,193547.03
2019-08-27,1.91369,1.93365,1.91262,1.92952,150382.47
2019-08-28,1.92951,1.94108,1.91592,1.92801,164485.33
2019-08-29,1.92792,1.93642,1.91922,1.92861,158699.49
2019-08-30,1.92863,1.93662,1.92682,1.92712,144518.3
2019-09-01,1.92598,1.93008,1.92475,1.92972,10075.27
2019-09-02,1.92981,1.93182,1.90771,1.91341,118386.9
2019-09-03,1.91351,1.92212,1.89941,1.90746,167845.8
2019-09-04,1.90739,1.92752,1.90578,1.92649,161910.01
2019-09-05,1.92649,1.93631,1.915,1.93417,166492.12
2019-09-06,1.93422,1.93489,1.90841,1.91082,132925.38
2019-09-08,1.91172,1.91232,1.90833,1.91141,6975.51
2019-09-09,1.91142,1.92394,1.90525,1.92036,127433.71
2019-09-10,1.92036,1.92992,1.91491,1.92623,122946.74
2019-09-11,1.92623,1.92841,1.91898,1.92062,138225.51
2019-09-12,1.92062,1.92841,1.91022,1.92581,153472.62
2019-09-13,1.92585,1.96071,1.92383,1.9593,122229.12
2019-09-15,1.95764,1.96192,1.95601,1.95696,8880.73
2019-09-16,1.95701,1.95982,1.9451,1.95911,125613.42
2019-09-17,1.95911,1.97032,1.95691,1.96521,130767.77
2019-09-18,1.96514,1.97974,1.96317,1.97336,141124.39
2019-09-19,1.97342,1.98995,1.97192,1.98953,144233.12
2019-09-20,1.98953,2.00002,1.98722,1.99155,137288.41
2019-09-22,1.98901,1.99111,1.98674,1.98968,6005.93
2019-09-23,1.98966,1.99182,1.97247,1.97442,137355.52
2019-09-24,1.97442,1.98231,1.96974,1.97652,146382.15
2019-09-25,1.97652,1.97802,1.96381,1.96992,142753.14
2019-09-26,1.96992,1.97082,1.95131,1.95742,135494.06
2019-09-27,1.95736,1.96116,1.94982,1.95131,142592.75
2019-09-29,1.95266,1.95571,1.94989,1.95492,5241.24
2019-09-30,1.95492,1.9686,1.95481,1.96232,141383.84
2019-10-01,1.96231,1.97732,1.95907,1.96852,172082.5
2019-10-02,1.96851,1.97052,1.95696,1.96331,162293.2
2019-10-03,1.96327,1.97048,1.95329,1.95768,152813.06
2019-10-04,1.9577,1.95774,1.94029,1.95261,126454.13
2019-10-06,1.95186,1.95422,1.94804,1.95261,8080.67
2019-10-07,1.95261,1.96161,1.94753,1.95282,131941.89
2019-10-08,1.95282,1.95382,1.93141,1.94035,146808.84
2019-10-09,1.94035,1.94646,1.93191,1.94214,129955.14
2019-10-10,1.94212,1.97247,1.93101,1.96485,154548.92
2019-10-11,1.96487,2.00322,1.95737,1.99462,149145.61
2019-10-13,1.99431,1.99692,1.99151,1.99321,8884.35
2019-10-14,1.99321,2.01265,1.9899,1.9998,141339.11
2019-10-15,1.99981,2.03477,1.99719,2.02663,182905.71
2019-10-16,2.02664,2.05569,2.01791,2.03884,164626.07
2019-10-17,2.03884,2.05074,2.01738,2.02442,158931.66
2019-10-18,2.02442,2.03377,2.01544,2.02692,125038.21
2019-10-20,2.02851,2.02851,2.01864,2.02077,14529.64
2019-10-21,2.02077,2.03415,2.01502,2.02273,125695.02
2019-10-22,2.02264,2.02629,2.0072,2.00902,137369.09
2019-10-23,2.00905,2.01461,2.00418,2.01209,100325.58
2019-10-24,2.01209,2.02255,2.00561,2.0128,100674.9
2019-10-25,2.0128,2.02083,2.01214,2.01943,84244.4
2019-10-27,2.01691,2.01929,2.01484,2.01737,4485.14
2019-10-28,2.01735,2.03059,2.01622,2.0231,100479.6
2019-10-29,2.02301,2.03151,2.01536,2.02528,109875.68
2019-10-30,2.02529,2.03212,2.01113,2.01282,109015.08
2019-10-31,2.01282,2.02409,2.01012,2.01716,117635.54
2019-11-01,2.01719,2.01948,2.0069,2.01242,100835.97
2019-11-03,2.00852,2.01247,2.00851,2.01017,4305.86
2019-11-04,2.01017,2.01603,2.00018,2.01296,109554.46
2019-11-05,2.01302,2.02156,2.00394,2.02084,102148.85
2019-11-06,2.02089,2.02401,2.01642,2.01944,77932.52
2019-11-07,2.01944,2.02328,2.00755,2.01075,116977.6
2019-11-08,2.01074,2.02543,2.00766,2.01831,88518.08
2019-11-10,2.01629,2.02122,2.01573,2.02068,2713.44
2019-11-11,2.02069,2.02618,2.00938,2.01971,90967.69
2019-11-12,2.01972,2.03273,2.01933,2.02772,98322.56
2019-11-13,2.02773,2.02962,2.00054,2.00354,112281.44
2019-11-14,2.00355,2.02534,2.00202,2.01851,101310.81
2019-11-15,2.01852,2.02004,2.0121,2.01402,94768.8
2019-11-17,2.01416,2.01887,2.01333,2.01826,5212.69
2019-11-18,2.01829,2.02742,2.01662,2.02423,132402.6
2019-11-19,2.02427,2.02947,2.00734,2.00966,155567.62
2019-11-20,2.00977,2.01663,2.00738,2.01638,145430.36
2019-11-21,2.01645,2.02061,2.00995,2.01685,163223.77
2019-11-22,2.01685,2.01798,2.0001,2.00337,143323.03
2019-11-24,2.00391,2.00556,2.00371,2.00498,4383.87
2019-11-25,2.00497,2.01613,1.99902,2.01031,144297.22
2019-11-26,2.01031,2.0126,1.99813,2.00084,142649.32
2019-11-27,2.00084,2.0206,1.99581,2.01572,148821.43
2019-11-28,2.01479,2.01611,2.00832,2.01096,103501.3
2019-11-29,2.01108,2.01783,2.00171,2.01173,130131.01
2019-12-01,2.00641,2.00956,2.00631,2.00716,4107.55
2019-12-02,2.00716,2.00757,1.98566,1.99124,162555.32
2019-12-03,1.99126,1.99687,1.98657,1.99361,153217.97
2019-12-04,1.99357,2.00842,1.99001,2.00158,154067.74
2019-12-05,2.00162,2.01549,1.99731,2.01066,139354.59
2019-12-06,2.01059,2.01127,1.99586,1.99969,122168.14
2019-12-08,2.00271,2.00365,2.00071,2.0031,3723.96
2019-12-09,2.00308,2.00993,2.00232,2.00714,112710.53
2019-12-10,2.00717,2.01779,2.00047,2.00601,150500.28
2019-12-11,2.00605,2.01387,1.99942,2.00553,176351.21
2019-12-12,2.00558,2.04022,1.98392,2.03533,230315.37
2019-12-13,2.03533,2.04141,2.014,2.02101,247198.6
2019-12-15,2.01839,2.02618,2.01833,2.02544,9798.55
2019-12-16,2.02551,2.03455,2.008,2.01252,158613.4
2019-12-17,2.01252,2.01508,1.99281,1.99747,200965.74
2019-12-18,1.99747,2.0003,1.97761,1.98726,190557.22
2019-12-19,1.98725,1.99493,1.96704,1.96883,189263.95
2019-12-20,1.96882,1.97947,1.96495,1.96771,133991.84
2019-12-22,1.96961,1.97098,1.96651,1.96793,5850.36
2019-12-23,1.96794,1.9716,1.94722,1.95094,151698.88
2019-12-24,1.95097,1.95491,1.94289,1.94528,122119.16
2019-12-25,1.9467,1.95606,1.94661,1.95193,2497.48
2019-12-26,1.95193,1.95504,1.94605,1.948,89082.45
2019-12-27,1.94796,1.96024,1.94133,1.95102,158497.21
2019-12-29,1.94935,1.955,1.94857,1.9524,4283.21
2019-12-30,1.9524,1.95533,1.94659,1.94701,136225.87
2019-12-31,1.94704,1.97089,1.94604,1.96993,126332.1
2020-01-01,1.96902,1.96997,1.96645,1.96664,12180.59
2020-01-02,1.96658,1.97542,1.95775,1.96244,170572.62
2020-01-03,1.96243,1.96858,1.9588,1.96222,171981.01
2020-01-05,1.96441,1.96598,1.96052,1.96501,7613.4
2020-01-06,1.96501,1.97559,1.96093,1.9748,143708.59
2020-01-07,1.97482,1.98388,1.9719,1.97743,159953.82
2020-01-08,1.97743,1.98157,1.9669,1.96921,195265.61
2020-01-09,1.96921,1.97822,1.96487,1.97791,169091.11
2020-01-10,1.97791,1.97902,1.96511,1.96789,141771.92
2020-01-12,1.96222,1.9657,1.96222,1.96503,3690.95
2020-01-13,1.96499,1.96629,1.95411,1.95996,158192.77
2020-01-14,1.95996,1.97091,1.9543,1.97091,148135.11
2020-01-15,1.97091,1.97511,1.96511,1.96982,146720.31
2020-01-16,1.96982,1.97167,1.95821,1.96999,142913.59
2020-01-17,1.96995,1.97612,1.96451,1.96701,129815.35
2020-01-19,1.96423,1.96702,1.96298,1.96486,4054.17
2020-01-20,1.96483,1.97102,1.96041,1.96802,88940.72
2020-01-21,1.96802,1.97992,1.96615,1.97778,129184.4
2020-01-22,1.97779,1.99441,1.97765,1.99276,142487.82
2020-01-23,1.99276,1.99489,1.98011,1.98212,128786.89
2020-01-24,1.98201,1.9885,1.97603,1.97752,124608.89
2020-01-26,1.98621,1.98754,1.97914,1.98676,7569.59
2020-01-27,1.98676,1.997,1.98341,1.99513,126422.15
2020-01-28,1.99513,1.99791,1.9876,1.9913,115139.97
2020-01-29,1.99123,1.9971,1.98966,1.99459,110420.47
2020-01-30,1.99459,2.02003,1.99431,2.018,138144.53
2020-01-31,2.018,2.04313,2.01711,2.04221,154912.25
2020-02-02,2.03551,2.0415,2.03521,2.04085,8217.44
2020-02-03,2.04081,2.04166,2.00904,2.01175,199780.95
2020-02-04,2.0117,2.02027,2.00181,2.00704,146602.14
2020-02-05,2.00704,2.01518,1.9994,2.00495,154073.0
2020-02-06,2.00483,2.01161,1.99912,2.00149,166516.0
2020-02-07,2.00149,2.01937,2.00105,2.01202,188151.87
2020-02-09,2.0116,2.01468,2.01041,2.01432,6019.28
2020-02-10,2.01435,2.02516,2.00875,2.02174,147628.84
2020-02-11,2.02174,2.02541,2.01725,2.02222,176278.75
2020-02-12,2.02225,2.02296,1.99993,2.00987,92568.55
2020-02-13,2.00983,2.0279,2.00455,2.02508,114656.7
2020-02-14,2.02508,2.02987,2.02017,2.02709,108242.58
2020-02-16,2.02106,2.02651,2.01965,2.02461,4104.66
2020-02-17,2.02471,2.02934,2.01763,2.02004,94074.61
2020-02-18,2.02009,2.04002,2.01953,2.03284,129432.57
2020-02-19,2.03278,2.03437,2.0213,2.023,128529.46
2020-02-20,2.02303,2.03724,2.02105,2.03382,84154.85
2020-02-21,2.03382,2.05073,2.0309,2.03997,201493.39
2020-02-23,2.04892,2.04941,2.04614,2.04851,9831.46
2020-02-24,2.04854,2.05379,2.03426,2.03761,230805.14
2020-02-25,2.0376,2.05954,2.03503,2.05676,246003.6
2020-02-26,2.05681,2.06128,2.04782,2.05218,246243.14
2020-02-27,2.05218,2.05535,2.03307,2.042,299306.26
2020-02-28,2.042,2.06716,2.04125,2.05045,360357.07
2020-03-01,2.06227,2.06306,2.05362,2.05587,8496.09
2020-03-02,2.05584,2.06233,2.03308,2.03694,303561.1
2020-03-03,2.037,2.04763,2.0257,2.04425,310182.89
2020-03-04,2.04419,2.04752,2.02706,2.04261,223179.61
2020-03-05,2.0426,2.05829,2.03974,2.05102,183530.57
2020-03-06,2.05102,2.05814,2.03713,2.0518,226677.08
2020-03-08,2.06828,2.07488,2.06456,2.06982,17057.75
2020-03-09,2.06982,2.18156,2.03513,2.06264,359863.77
2020-03-10,2.06264,2.07612,2.05047,2.05976,298820.53
2020-03-11,2.05974,2.06172,2.03759,2.04574,235331.76
2020-03-12,2.0458,2.06572,2.03128,2.05538,372856.17
2020-03-13,2.05537,2.06211,2.02065,2.0244,316168.32
2020-03-15,2.03657,2.05923,2.01221,2.04778,16929.13
2020-03-16,2.04778,2.05484,2.00498,2.02966,334848.71
2020-03-17,2.02966,2.03979,2.00751,2.03684,319039.79
2020-03-18,2.03684,2.05379,1.98915,2.03063,360655.5
2020-03-19,2.03066,2.10014,1.98925,2.02081,363429.87
2020-03-20,2.02081,2.06832,2.00196,2.03781,271466.41
2020-03-22,2.05179,2.06726,2.04893,2.06393,29935.75
2020-03-23,2.06393,2.07759,2.00634,2.01933,292930.39
2020-03-24,2.01924,2.04011,1.99459,2.02361,291607.89
2020-03-25,2.02361,2.04325,2.00603,2.04015,302865.02
2020-03-26,2.04014,2.05136,2.02393,2.03986,288175.57
2020-03-27,2.03997,2.07325,2.03423,2.05982,286086.0
2020-03-29,2.0619,2.06926,2.05395,2.05766,19067.54
2020-03-30,2.05761,2.07241,2.05037,2.05729,263452.85
2020-03-31,2.05729,2.09591,2.04426,2.0845,296983.95
2020-04-01,2.0845,2.10352,2.07712,2.08545,227299.67
2020-04-02,2.08545,2.10278,2.07694,2.09422,238371.39
2020-04-03,2.09423,2.1014,2.08455,2.0902,232349.76
2020-04-05,2.08197,2.09144,2.08095,2.08673,16587.97
2020-04-06,2.08673,2.08786,2.05302,2.05605,216213.99
2020-04-07,2.05607,2.06972,2.04925,2.06884,239825.17
2020-04-08,2.06891,2.07323,2.05586,2.05948,194474.18
2020-04-09,2.05949,2.07376,2.04445,2.04936,216016.92
2020-04-10,2.04898,2.05688,2.04209,2.04479,72483.14
2020-04-12,2.04818,2.05328,2.04529,2.05016,7506.85
2020-04-13,2.05016,2.05996,2.0476,2.05189,132597.51
2020-04-14,2.05187,2.07649,2.04754,2.06909,204394.94
2020-04-15,2.06905,2.09451,2.06821,2.08751,187699.44
2020-04-16,2.08752,2.09885,2.07304,2.08096,212799.49
2020-04-17,2.08095,2.0844,2.06582,2.07012,194261.82
2020-04-19,2.06648,2.07606,2.06346,2.07566,6311.49
2020-04-20,2.07566,2.07702,2.04685,2.05862,155089.51
2020-04-21,2.05847,2.07576,2.05324,2.06277,215887.11
2020-04-22,2.06277,2.08189,2.0506,2.08022,176872.0
2020-04-23,2.08011,2.08315,2.04812,2.05651,183063.22
2020-04-24,2.05652,2.06285,2.0515,2.05313,143541.59
2020-04-26,2.05163,2.05681,2.05163,2.05349,6028.35
2020-04-27,2.05347,2.06324,2.04682,2.0615,149034.88
2020-04-28,2.06152,2.07138,2.04442,2.04611,151535.85
2020-04-29,2.04611,2.04748,2.02805,2.03071,158967.02
2020-04-30,2.03071,2.06224,2.02775,2.05569,202253.41
2020-05-01,2.05568,2.07006,2.05407,2.05952,146398.67
2020-05-03,2.06131,2.07039,2.06031,2.07034,9313.84
2020-05-04,2.07034,2.07107,2.05331,2.05685,153377.81
2020-05-05,2.05683,2.05999,2.0494,2.05564,158879.55
2020-05-06,2.05564,2.05961,2.04217,2.05109,159608.25
2020-05-07,2.05109,2.0557,2.027,2.03012,182416.5
2020-05-08,2.03012,2.03132,2.01645,2.01881,131692.76
2020-05-10,2.02084,2.02499,2.02016,2.02165,9475.32
2020-05-11,2.02162,2.03476,2.01902,2.02906,184918.96
2020-05-12,2.02902,2.03444,2.01208,2.01959,198382.55
2020-05-13,2.0196,2.04487,2.01228,2.04072,262896.15
2020-05-14,2.04072,2.04753,2.03121,2.03452,228464.93
2020-05-15,2.03451,2.04705,2.03308,2.03931,213761.69
2020-05-17,2.03412,2.03959,2.03281,2.03576,8761.48
2020-05-18,2.03579,2.03889,2.01618,2.01972,180937.0
2020-05-19,2.01972,2.02269,2.00592,2.0136,193945.34
2020-05-20,2.0136,2.01371,1.98828,1.99045,202564.56
2020-05-21,1.99049,2.00286,1.98912,1.99599,210267.47
2020-05-22,1.99599,2.00374,1.99202,1.99425,161742.29
2020-05-24,1.99582,1.99881,1.9937,1.99624,7788.88
2020-05-25,1.99619,2.00106,1.99315,1.99745,125096.59
2020-05-26,1.99739,2.00007,1.9812,1.98979,201791.3
2020-05-27,1.98978,1.99318,1.97576,1.98175,251121.49
2020-05-28,1.98175,1.98992,1.97755,1.98752,239586.76
2020-05-29,1.98752,1.99854,1.97702,1.98839,244158.94
2020-05-31,1.98944,1.99324,1.98459,1.99171,7826.75
2020-06-01,1.9917,1.99225,1.98161,1.98756,200661.27
2020-06-02,1.98752,1.99995,1.96752,1.97078,257919.37
2020-06-03,1.97075,1.97268,1.95504,1.95604,259743.16
2020-06-04,1.95603,1.95822,1.94706,1.95048,254511.51
2020-06-05,1.95049,1.95652,1.94165,1.94549,285956.13
2020-06-07,1.94844,1.94953,1.94011,1.94642,8630.08
2020-06-08,1.94642,1.95101,1.9372,1.93904,203690.93
2020-06-09,1.93904,1.95847,1.93735,1.95581,217858.81
2020-06-10,1.95575,1.95732,1.94455,1.95205,254453.16
2020-06-11,1.9521,1.96356,1.94918,1.96042,288164.87
2020-06-12,1.96032,1.96312,1.94113,1.94342,314333.0
2020-06-14,1.94183,1.94942,1.93766,1.94881,15503.12
2020-06-15,1.94881,1.95267,1.94121,1.94391,295603.68
2020-06-16,1.94384,1.95991,1.94353,1.94787,266711.11
2020-06-17,1.94785,1.95057,1.93677,1.94689,212481.57
2020-06-18,1.9469,1.95117,1.92746,1.93275,239845.09
2020-06-19,1.93275,1.94001,1.91961,1.92591,191390.05
2020-06-21,1.93042,1.93291,1.92748,1.92916,11694.18
2020-06-22,1.92908,1.92935,1.91507,1.92487,192049.06
2020-06-23,1.92485,1.93341,1.91381,1.9264,214564.82
2020-06-24,1.92642,1.94739,1.92441,1.93846,229813.84
2020-06-25,1.93844,1.94047,1.92905,1.9318,232905.28
2020-06-26,1.93187,1.93471,1.91956,1.91961,188723.88
2020-06-28,1.92379,1.92498,1.91874,1.9227,5854.59
2020-06-29,1.92271,1.92506,1.91212,1.91503,162251.81
2020-06-30,1.91507,1.92283,1.91311,1.92042,172401.71
2020-07-01,1.92036,1.92874,1.91512,1.92381,171294.16
2020-07-02,1.92371,1.92479,1.91262,1.91515,156624.82
2020-07-03,1.91512,1.91719,1.90651,1.90921,127954.64
2020-07-05,1.91069,1.91238,1.90726,1.9079,3849.37
2020-07-06,1.90792,1.91291,1.90345,1.90505,148986.01
2020-07-07,1.90505,1.9178,1.90196,1.9148,172490.03
2020-07-08,1.91486,1.92081,1.91359,1.91861,180457.23
2020-07-09,1.91863,1.92422,1.91606,1.91885,193430.99
2020-07-10,1.91885,1.92472,1.91611,1.91971,180363.27
2020-07-12,1.92022,1.92132,1.91995,1.92083,5972.73
2020-07-13,1.92092,1.92683,1.91403,1.9204,191176.6
2020-07-14,1.92038,1.92444,1.91491,1.92057,237360.82
2020-07-15,1.92053,1.92462,1.91311,1.91526,219797.0
2020-07-16,1.91523,1.92283,1.91261,1.92011,202826.44
2020-07-17,1.92011,1.92122,1.91354,1.91612,143201.79
2020-07-19,1.91777,1.91777,1.91514,1.91572,6096.61
2020-07-20,1.91562,1.92732,1.91142,1.92401,148251.5
2020-07-21,1.92401,1.93206,1.9132,1.91531,187882.95
2020-07-22,1.91531,1.91802,1.90022,1.91201,213784.6
2020-07-23,1.91202,1.92142,1.90032,1.91872,210121.22
2020-07-24,1.91882,1.92905,1.91731,1.92577,184797.31
2020-07-26,1.93031,1.93052,1.9244,1.92567,8050.94
2020-07-27,1.92562,1.93042,1.91946,1.92695,187969.75
2020-07-28,1.92691,1.94483,1.92458,1.94063,204533.79
2020-07-29,1.94056,1.9528,1.93889,1.95021,209874.37
2020-07-30,1.95021,1.97052,1.94791,1.95866,217024.4
2020-07-31,1.95865,1.9777,1.95594,1.97306,242693.55
2020-08-02,1.97191,1.97574,1.97181,1.97432,11963.92
2020-08-03,1.97421,1.97873,1.96306,1.97717,207814.88
2020-08-04,1.97717,1.98012,1.96681,1.96892,176762.63
2020-08-05,1.96894,1.97557,1.96591,1.97462,162362.24
2020-08-06,1.97461,1.98542,1.96152,1.96564,202152.24
2020-08-07,1.96564,1.97905,1.96354,1.97729,187284.69
2020-08-09,1.97562,1.9787,1.97493,1.9775,6888.0
2020-08-10,1.97746,1.98638,1.9767,1.9834,127567.92
2020-08-11,1.98344,1.99022,1.97507,1.98654,186014.3
2020-08-12,1.98654,1.99662,1.97614,1.98342,189055.73
2020-08-13,1.98344,1.99772,1.97912,1.99655,194563.62
2020-08-14,1.99652,2.00662,1.99594,1.99952,163338.1
2020-08-16,1.99762,2.0038,1.9975,2.0026,6735.76
2020-08-17,2.0026,2.00802,1.99441,2.00012,141717.85
2020-08-18,2.00002,2.01182,1.99832,2.00502,186794.52
2020-08-19,2.00502,2.00693,1.98551,1.99783,204000.64
2020-08-20,1.99782,2.02698,1.99341,2.0208,233020.02
2020-08-21,2.02092,2.02697,1.99981,2.00061,196677.31
2020-08-23,2.00272,2.00297,2.00072,2.0027,4604.08
2020-08-24,2.00273,2.00701,1.99652,2.00245,152688.92
2020-08-25,2.00245,2.01288,2.00082,2.00702,147594.84
2020-08-26,2.00703,2.00773,1.9924,1.99315,149507.3
2020-08-27,1.99315,1.99635,1.98521,1.98641,188282.96
2020-08-28,1.98641,1.99163,1.97441,1.97921,170303.61
2020-08-30,1.98241,1.98242,1.97929,1.98021,6009.05
2020-08-31,1.98018,1.98632,1.97633,1.98461,166692.01
2020-09-01,1.98461,1.99291,1.97779,1.97979,206095.14
2020-09-02,1.97979,1.98168,1.96691,1.97289,184703.2
2020-09-03,1.97291,1.9829,1.96813,1.98242,206882.43
2020-09-04,1.98245,1.98263,1.97021,1.97542,205493.26
2020-09-06,1.97311,1.97445,1.97131,1.97343,7013.87
2020-09-07,1.97344,1.97574,1.96221,1.96681,128206.66
2020-09-08,1.96681,1.967,1.95501,1.96074,204607.23
2020-09-09,1.96073,1.96102,1.94081,1.94589,192504.87
2020-09-10,1.94589,1.95232,1.92101,1.92672,228508.85
2020-09-11,1.92671,1.92671,1.91001,1.91821,171141.91
2020-09-13,1.91844,1.92008,1.91484,1.91506,4903.15
2020-09-14,1.91505,1.92532,1.91278,1.9182,160168.01
2020-09-15,1.91821,1.92057,1.91121,1.92002,162677.42
2020-09-16,1.92,1.92977,1.91282,1.92741,209075.04
2020-09-17,1.92743,1.93821,1.91253,1.91819,234722.51
2020-09-18,1.91811,1.91936,1.90612,1.91042,215977.69
2020-09-20,1.91032,1.91434,1.9087,1.9134,8928.16
2020-09-21,1.91335,1.92414,1.90579,1.92307,253986.41
2020-09-22,1.92308,1.92738,1.91318,1.92163,257793.04
2020-09-23,1.92166,1.94482,1.91533,1.94306,263311.88
2020-09-24,1.94306,1.95822,1.94189,1.94779,248212.22
2020-09-25,1.94779,1.94849,1.93701,1.94593,179622.4
2020-09-27,1.94862,1.95042,1.94601,1.94845,3743.32
2020-09-28,1.94845,1.96939,1.94541,1.96035,180824.34
2020-09-29,1.96035,1.96182,1.94651,1.94865,177982.93
2020-09-30,1.94865,1.95872,1.94551,1.95041,231053.99
2020-10-01,1.95042,1.95252,1.93231,1.9372,230648.31
2020-10-02,1.93721,1.95422,1.93612,1.94761,232418.8
2020-10-04,1.94451,1.94868,1.94406,1.94732,4253.71
2020-10-05,1.94728,1.95704,1.94232,1.95255,146102.77
2020-10-06,1.95254,1.96032,1.94301,1.95477,210224.57
2020-10-07,1.95476,1.96571,1.94813,1.96488,194634.32
2020-10-08,1.96495,1.97263,1.95681,1.96363,169502.35
2020-10-09,1.96367,1.96371,1.94979,1.95501,146733.51
2020-10-11,1.95637,1.95762,1.95431,1.9551,5056.53
2020-10-12,1.95514,1.96817,1.95373,1.96488,117980.7
2020-10-13,1.96487,1.96752,1.94341,1.94361,151419.68
2020-10-14,1.94351,1.96114,1.93451,1.95453,195788.62
2020-10-15,1.95456,1.96482,1.95202,1.95531,189195.21
2020-10-16,1.95537,1.9618,1.94722,1.95542,180410.87
2020-10-18,1.95102,1.95506,1.95101,1.95313,6472.08
2020-10-19,1.95315,1.96548,1.95094,1.96382,172121.63
2020-10-20,1.96384,1.97682,1.96181,1.96878,159499.69
2020-10-21,1.96878,1.97637,1.96148,1.97592,178125.46
2020-10-22,1.97591,1.98003,1.95658,1.95977,161903.61
2020-10-23,1.95976,1.96155,1.94792,1.94911,144722.94
2020-10-25,1.95122,1.95532,1.94962,1.95281,8706.83
2020-10-26,1.95282,1.95313,1.94235,1.94946,174219.06
2020-10-27,1.94945,1.95021,1.94009,1.94465,136730.5
2020-10-28,1.94466,1.95802,1.93991,1.95336,187360.53
2020-10-29,1.95337,1.96128,1.94701,1.95051,200666.56
2020-10-30,1.95051,1.96196,1.94492,1.95742,211123.27
2020-11-01,1.95418,1.96044,1.95292,1.95896,5890.37
2020-11-02,1.95896,1.96001,1.94443,1.94831,173233.46
2020-11-03,1.94831,1.95212,1.94361,1.94968,143770.46
2020-11-04,1.94971,1.9569,1.93155,1.9351,256749.76
2020-11-05,1.9351,1.94582,1.93204,1.94212,229892.83
2020-11-06,1.94212,1.9442,1.9316,1.94046,188110.93
2020-11-08,1.93771,1.93983,1.93581,1.93888,12717.71
2020-11-09,1.93892,1.93997,1.92191,1.92935,253504.34
2020-11-10,1.92945,1.94835,1.92756,1.94208,226360.33
2020-11-11,1.94202,1.9464,1.91565,1.91569,185824.0
2020-11-12,1.91571,1.92248,1.9097,1.91862,167157.49
2020-11-13,1.91854,1.93147,1.91814,1.92681,156767.27
2020-11-15,1.92528,1.92692,1.92268,1.924,4492.88
2020-11-16,1.92399,1.92461,1.90918,1.91401,138275.84
2020-11-17,1.914,1.92746,1.91052,1.92351,137249.63
2020-11-18,1.92354,1.9266,1.91249,1.91512,163164.2
2020-11-19,1.9151,1.92407,1.91293,1.91826,164145.31
2020-11-20,1.91829,1.91844,1.90942,1.91625,145667.72
2020-11-22,1.91647,1.91846,1.91439,1.91529,5193.9
2020-11-23,1.91526,1.92792,1.91228,1.92285,161501.92
2020-11-24,1.92288,1.92376,1.90722,1.91446,174440.86
2020-11-25,1.91446,1.91961,1.90712,1.91082,173740.54
2020-11-26,1.91085,1.91335,1.90311,1.90669,117939.16
2020-11-27,1.90672,1.90707,1.88956,1.89278,141131.3
2020-11-29,1.89502,1.89508,1.8911,1.89484,3390.43
2020-11-30,1.89477,1.90358,1.89061,1.89972,207347.03
2020-12-01,1.89972,1.90332,1.89139,1.89832,201669.99
2020-12-02,1.89833,1.90192,1.88704,1.89041,191971.25
2020-12-03,1.89051,1.90748,1.8895,1.90222,152540.68
2020-12-04,1.90222,1.91866,1.90132,1.90711,167711.24
2020-12-06,1.90312,1.90546,1.90291,1.90527,4020.98
2020-12-07,1.90523,1.90873,1.88458,1.89722,173644.95
2020-12-08,1.89719,1.90113,1.88833,1.89818,164894.05
2020-12-09,1.89825,1.91142,1.89057,1.90483,164366.27
2020-12-10,1.90483,1.90798,1.87142,1.87521,187586.67
2020-12-11,1.8752,1.87636,1.85221,1.86501,178166.64
2020-12-13,1.87591,1.88002,1.87532,1.87581,8340.35
2020-12-14,1.87581,1.89007,1.8753,1.8808,189376.4
2020-12-15,1.88079,1.89983,1.87938,1.89721,203251.85
2020-12-16,1.89719,1.90914,1.89103,1.8992,192498.05
2020-12-17,1.89924,1.90468,1.89192,1.89844,182261.91
2020-12-18,1.89853,1.90022,1.88851,1.89374,178875.0
2020-12-20,1.88513,1.88785,1.88461,1.88618,5555.19
2020-12-21,1.88622,1.89951,1.87797,1.89467,240793.26
2020-12-22,1.89468,1.90674,1.89125,1.89924,218930.25
2020-12-23,1.89922,1.91021,1.89287,1.90289,185479.5
2020-12-24,1.90289,1.91478,1.90077,1.91143,125617.36
2020-12-25,1.9107,1.91143,1.90562,1.90744,248.62
2020-12-27,1.90412,1.90732,1.90286,1.90662,5182.46
2020-12-28,1.90662,1.90665,1.89193,1.89429,155539.84
2020-12-29,1.89424,1.89714,1.88381,1.8877,139889.71
2020-12-30,1.88765,1.89252,1.88338,1.88896,150049.71
2020-12-31,1.88894,1.90218,1.88422,1.89963,134598.16
2021-01-03,1.89781,1.90166,1.89711,1.90092,5416.73
2021-01-04,1.90092,1.90411,1.88743,1.89029,208125.61
2021-01-05,1.89029,1.89167,1.87635,1.87825,192806.59
2021-01-06,1.87821,1.87954,1.8632,1.86485,226155.69
2021-01-07,1.86485,1.87862,1.8626,1.86734,182883.8
2021-01-08,1.86734,1.88005,1.86639,1.87261,193240.36
2021-01-10,1.87379,1.87766,1.87379,1.87721,5896.71
2021-01-11,1.87722,1.88702,1.87357,1.88492,186601.48
2021-01-12,1.88489,1.89942,1.88388,1.89045,164907.31
2021-01-13,1.89044,1.90608,1.88953,1.89785,191930.45
2021-01-14,1.89784,1.90139,1.89071,1.89572,168225.35
2021-01-15,1.89571,1.9078,1.89441,1.90446,185452.48
2021-01-17,1.90239,1.90677,1.90142,1.90638,3793.12
2021-01-18,1.90643,1.91122,1.90304,1.90864,125432.26
2021-01-19,1.90872,1.91692,1.90517,1.91359,167196.99
2021-01-20,1.91358,1.92138,1.90006,1.90203,170968.47
2021-01-21,1.90207,1.90977,1.89741,1.90279,153817.57
2021-01-22,1.90276,1.90732,1.89953,1.90465,129396.59
2021-01-24,1.90693,1.90731,1.90477,1.90577,7391.52
2021-01-25,1.90574,1.90592,1.89551,1.8994,152363.56
2021-01-26,1.8994,1.90176,1.89211,1.89812,143818.39
2021-01-27,1.89812,1.91472,1.89726,1.91406,207111.57
2021-01-28,1.91394,1.91975,1.9094,1.91303,205981.67
2021-01-29,1.91304,1.91581,1.90003,1.90602,235122.81
2021-01-31,1.91441,1.91526,1.9098,1.91176,8982.85
2021-02-01,1.9117,1.91272,1.90501,1.90863,213197.73
2021-02-02,1.90864,1.91155,1.89591,1.89875,174141.12
2021-02-03,1.89871,1.89937,1.8898,1.88991,166708.64
2021-02-04,1.88984,1.91105,1.88601,1.90972,161450.77
2021-02-05,1.90973,1.91752,1.90505,1.90624,134693.9
2021-02-07,1.90691,1.90871,1.90451,1.90492,8895.98
2021-02-08,1.90494,1.90783,1.90049,1.90178,129539.43
2021-02-09,1.90179,1.90951,1.89931,1.90773,151370.27
2021-02-10,1.90782,1.92252,1.90755,1.91598,148445.62
2021-02-11,1.91597,1.91949,1.90723,1.90983,120725.54
2021-02-12,1.90981,1.92431,1.90909,1.91781,106410.32
2021-02-14,1.92092,1.92168,1.91838,1.92129,7297.48
2021-02-15,1.92126,1.92642,1.91718,1.92361,89856.41
2021-02-16,1.92361,1.93331,1.91639,1.93152,171906.16
2021-02-17,1.93152,1.93443,1.92491,1.92745,161473.58
2021-02-18,1.92753,1.94162,1.92545,1.93482,157934.07
2021-02-19,1.93483,1.93792,1.91663,1.91793,140302.12
2021-02-21,1.92102,1.92112,1.91724,1.91934,9746.55
2021-02-22,1.91932,1.92197,1.91451,1.91962,152182.9
2021-02-23,1.91962,1.92767,1.91926,1.92401,149552.25
2021-02-24,1.92401,1.93144,1.89608,1.90071,186358.85
2021-02-25,1.90072,1.90567,1.89549,1.90201,240957.59
2021-02-26,1.90199,1.92874,1.89353,1.92441,326531.1
2021-02-28,1.92392,1.92534,1.92041,1.92184,10583.61
2021-03-01,1.92184,1.93232,1.90965,1.91456,214475.63
2021-03-02,1.91461,1.92461,1.91117,1.91332,210255.99
2021-03-03,1.9134,1.92719,1.9111,1.92602,228368.64
2021-03-04,1.92612,1.93604,1.91783,1.93568,277480.48
2021-03-05,1.93568,1.94171,1.92862,1.92922,257647.59
2021-03-07,1.92319,1.93064,1.92319,1.92962,11229.42
2021-03-08,1.92953,1.94628,1.9275,1.9377,221352.68
2021-03-09,1.93769,1.94513,1.93198,1.93428,200526.1
2021-03-10,1.93433,1.94372,1.93309,1.93647,213812.01
2021-03-11,1.93647,1.94131,1.92641,1.93573,185719.65
2021-03-12,1.93572,1.94262,1.93401,1.93892,206302.12
2021-03-14,1.93871,1.94014,1.93706,1.93806,5282.93
2021-03-15,1.93805,1.93821,1.92805,1.92965,176739.6
2021-03-16,1.92964,1.93412,1.92328,1.93258,160996.16
2021-03-17,1.93258,1.94068,1.92052,1.92687,177529.58
2021-03-18,1.92687,1.94506,1.92426,1.94261,209299.99
2021-03-19,1.94262,1.94549,1.93172,1.93318,152466.82
2021-03-21,1.93677,1.93711,1.9305,1.93411,4146.97
2021-03-22,1.93412,1.94539,1.92584,1.9431,115219.53
2021-03-23,1.94316,1.9669,1.9427,1.96355,138617.78
2021-03-24,1.96355,1.9696,1.95956,1.96413,116293.34
2021-03-25,1.96416,1.97667,1.96051,1.97339,128308.67
2021-03-26,1.97337,1.97513,1.96837,1.96982,109454.43
2021-03-28,1.97074,1.97253,1.96533,1.97174,3917.44
2021-03-29,1.97176,1.98225,1.96306,1.965,101900.59
2021-03-30,1.965,1.97021,1.95885,1.96572,115001.56
2021-03-31,1.96568,1.97467,1.96354,1.97405,108747.29
2021-04-01,1.97404,1.98131,1.96677,1.96969,117296.36
2021-04-02,1.96968,1.97086,1.96262,1.9649,77283.69
2021-04-04,1.96759,1.96935,1.96636,1.96709,3558.28
2021-04-05,1.96713,1.97076,1.96539,1.96878,67636.42
2021-04-06,1.96876,1.97505,1.95522,1.95796,116711.96
2021-04-07,1.95797,1.96649,1.95381,1.95935,125201.23
2021-04-08,1.95936,1.9613,1.94412,1.94489,98543.3
2021-04-09,1.94491,1.953,1.94402,1.94862,99184.38
2021-04-11,1.94762,1.94938,1.94581,1.94792,4322.44
2021-04-12,1.94791,1.95667,1.94483,1.95587,104632.28
2021-04-13,1.95584,1.96034,1.94699,1.94865,105241.71
2021-04-14,1.94862,1.95116,1.92581,1.92974,103344.75
2021-04-15,1.92973,1.92991,1.91793,1.9209,101784.9
2021-04-16,1.92088,1.9381,1.91718,1.93713,101921.92
2021-04-18,1.93805,1.93946,1.93687,1.93887,3590.69
2021-04-19,1.93891,1.95009,1.92826,1.94594,131910.23
2021-04-20,1.94593,1.94615,1.93524,1.94519,127046.25
2021-04-21,1.94521,1.94535,1.93026,1.93382,109100.62
2021-04-22,1.93377,1.9393,1.92905,1.93423,109931.28
2021-04-23,1.9342,1.936,1.92711,1.92742,89747.72
2021-04-25,1.92857,1.92912,1.9271,1.92782,3538.62
2021-04-26,1.92783,1.93176,1.91782,1.92181,94581.49
2021-04-27,1.92181,1.9312,1.92068,1.92994,92700.85
2021-04-28,1.92996,1.93204,1.91803,1.91947,101572.92
2021-04-29,1.91951,1.93176,1.91713,1.92494,105228.86
2021-04-30,1.92495,1.93082,1.92051,1.9285,100069.65
2021-05-02,1.92199,1.92853,1.92199,1.92736,2581.57
2021-05-03,1.92744,1.93525,1.92498,1.93167,81582.46
2021-05-04,1.93172,1.94806,1.93107,1.93891,145245.27
2021-05-05,1.93891,1.94374,1.92356,1.92664,119893.78
2021-05-06,1.92664,1.93325,1.91743,1.9212,123546.69
2021-05-07,1.92121,1.93002,1.91745,1.9201,122146.17
2021-05-09,1.92106,1.92508,1.92059,1.92454,4728.32
2021-05-10,1.92457,1.94492,1.92376,1.94325,119315.28
2021-05-11,1.94324,1.94841,1.93961,1.94633,149234.58
2021-05-12,1.94634,1.96678,1.94529,1.96282,159539.01
2021-05-13,1.96283,1.96586,1.95184,1.95577,155944.5
2021-05-14,1.95577,1.95779,1.94251,1.94321,126602.15
2021-05-16,1.94338,1.9468,1.94337,1.94659,2367.59
2021-05-17,1.94659,1.96218,1.94605,1.95979,125683.13
2021-05-18,1.9598,1.96112,1.95305,1.96017,116718.91
2021-05-19,1.96018,1.97268,1.95905,1.96965,169356.97
2021-05-20,1.96965,1.9722,1.96128,1.97095,121426.96
2021-05-21,1.97093,1.97705,1.96697,1.97342,127259.6
2021-05-23,1.97257,1.97394,1.9697,1.97158,3372.4
2021-05-24,1.97156,1.97434,1.95891,1.96208,122440.07
2021-05-25,1.96207,1.96439,1.95084,1.95765,168921.7
2021-05-26,1.95765,1.95811,1.93361,1.93942,140743.51
2021-05-27,1.93943,1.94998,1.93279,1.94989,134628.95
2021-05-28,1.94996,1.96067,1.94825,1.95662,149138.0
2021-05-30,1.9521,1.95821,1.9521,1.95773,1984.31
2021-05-31,1.95775,1.96002,1.94893,1.95497,92702.6
2021-06-01,1.95499,1.95718,1.94714,1.95159,149414.95
2021-06-02,1.95163,1.95991,1.94707,1.95912,139251.95
2021-06-03,1.95915,1.97789,1.95734,1.97392,152166.37
2021-06-04,1.97394,1.97755,1.96229,1.96285,149542.84
2021-06-06,1.96188,1.96473,1.96162,1.96463,3652.69
2021-06-07,1.96461,1.96569,1.95743,1.96196,124391.08
2021-06-08,1.96199,1.96798,1.95903,1.96789,118954.98
2021-06-09,1.96787,1.96978,1.96174,1.96747,106016.67
2021-06-10,1.96748,1.97117,1.95983,1.97085,169289.4
2021-06-11,1.97086,1.98304,1.96526,1.97913,142206.29
2021-06-13,1.97632,1.97842,1.97578,1.9776,2700.4
2021-06-14,1.97761,1.97875,1.97033,1.97502,134809.99
2021-06-15,1.97506,1.98156,1.96966,1.977,153879.74
2021-06-16,1.97695,1.98645,1.97183,1.97833,191552.64
2021-06-17,1.97845,1.99147,1.96979,1.98683,199107.41
2021-06-18,1.98681,1.99601,1.98431,1.99001,171848.77
2021-06-20,1.98574,1.98983,1.98574,1.9883,4349.8
2021-06-21,1.9883,1.99363,1.98112,1.99311,138424.38
2021-06-22,1.99309,1.99597,1.98295,1.98785,114015.69
2021-06-23,1.98782,1.99086,1.97867,1.98234,104027.93
2021-06-24,1.98231,1.98242,1.96656,1.97033,111301.5
2021-06-25,1.97034,1.97115,1.96014,1.96262,82072.27
2021-06-27,1.95902,1.96633,1.95853,1.96561,2338.28
2021-06-28,1.9656,1.97623,1.96212,1.96875,91384.72
2021-06-29,1.96872,1.98118,1.96692,1.98003,93622.63
2021-06-30,1.98003,1.98538,1.97463,1.9764,107402.33
2021-07-01,1.97639,1.97952,1.9698,1.97581,104099.61
2021-07-02,1.97582,1.97924,1.96541,1.96652,115627.68
2021-07-04,1.96652,1.96875,1.96581,1.96874,3599.19
2021-07-05,1.96872,1.97376,1.9611,1.96445,81913.04
2021-07-06,1.96437,1.97501,1.95268,1.96711,134122.12
2021-07-07,1.96709,1.96941,1.95938,1.96766,125092.88
2021-07-08,1.96766,1.98622,1.96726,1.98449,176697.28
2021-07-09,1.98454,1.9893,1.97901,1.98628,155284.12
2021-07-11,1.98074,1.98622,1.97695,1.9839,5502.83
2021-07-12,1.98394,1.99282,1.98358,1.98757,117653.2
2021-07-13,1.98759,1.99562,1.98173,1.98812,131488.47
2021-07-14,1.98815,1.989,1.96722,1.9687,141971.27
2021-07-15,1.96869,1.98396,1.96448,1.9721,147872.36
2021-07-16,1.97209,1.97796,1.9626,1.96473,121995.48
2021-07-18,1.96281,1.96805,1.96281,1.96755,5599.36
2021-07-19,1.96762,1.97768,1.96424,1.97279,148922.56
2021-07-20,1.97277,1.98071,1.96654,1.96925,125720.25
2021-07-21,1.96926,1.97259,1.96291,1.97011,95597.09
2021-07-22,1.97008,1.97896,1.96849,1.97293,99399.88
2021-07-23,1.97296,1.97443,1.96542,1.96872,77497.04
2021-07-25,1.96527,1.97216,1.96455,1.9699,3626.34
2021-07-26,1.96998,1.97815,1.96979,1.97478,86434.1
2021-07-27,1.97479,1.99684,1.97394,1.99356,104553.79
2021-07-28,1.99339,2.00661,1.99176,1.99785,108293.47
2021-07-29,1.99781,2.00216,1.98716,1.99169,76822.6
2021-07-30,1.99165,1.99679,1.99029,1.99302,87433.23
2021-08-01,1.98916,1.99479,1.98916,1.9923,2551.01
2021-08-02,1.99228,1.9971,1.98699,1.98809,78484.7
2021-08-03,1.98806,1.98875,1.97347,1.97511,84507.68
2021-08-04,1.97513,1.97643,1.96687,1.97179,77469.64
2021-08-05,1.97184,1.97617,1.96773,1.976,76478.84
2021-08-06,1.97603,1.97969,1.97142,1.97809,66731.08
2021-08-08,1.97879,1.98515,1.97879,1.98324,6817.63
2021-08-09,1.98329,1.98428,1.97401,1.9803,67205.87
2021-08-10,1.98027,1.98607,1.9711,1.97469,62107.11
2021-08-11,1.97468,1.97609,1.96458,1.96918,67144.75
2021-08-12,1.9692,1.97693,1.96646,1.97163,59018.69
2021-08-13,1.97162,1.97367,1.96664,1.96911,46561.38
2021-08-15,1.9675,1.96992,1.96736,1.96941,3217.05
2021-08-16,1.96941,1.97504,1.96652,1.9692,59527.92
2021-08-17,1.96919,1.99663,1.9687,1.98338,81685.94
2021-08-18,1.98336,2.00073,1.97872,1.9992,84840.01
2021-08-19,1.99921,2.00734,1.9918,1.99856,102998.04
2021-08-20,1.99855,2.00078,1.99112,1.99112,76174.73
2021-08-22,1.99075,1.99541,1.98907,1.99465,2877.13
2021-08-23,1.99461,1.99754,1.98755,1.99069,74187.65
2021-08-24,1.99069,1.99368,1.97192,1.97815,68374.17
2021-08-25,1.97816,1.97931,1.9694,1.97416,69245.83
2021-08-26,1.97413,1.97732,1.96788,1.97263,70441.49
2021-08-27,1.97264,1.97661,1.96049,1.96081,78729.29
2021-08-29,1.96138,1.96462,1.96138,1.96251,4764.66
2021-08-30,1.96263,1.9692,1.96189,1.9661,52072.15
2021-08-31,1.9661,1.96614,1.94859,1.95009,101051.99
2021-09-01,1.95009,1.95555,1.94595,1.94906,82108.26
2021-09-02,1.94903,1.95155,1.94075,1.94629,74350.25
2021-09-03,1.94627,1.94727,1.93396,1.93571,82110.55
2021-09-05,1.93489,1.93833,1.93315,1.93777,4208.28
2021-09-06,1.93782,1.9416,1.93539,1.93914,66693.94
2021-09-07,1.93914,1.94482,1.93395,1.94138,95467.89
2021-09-08,1.94133,1.94233,1.9355,1.93947,110812.35
2021-09-09,1.93947,1.94815,1.93822,1.94781,108903.31
2021-09-10,1.94776,1.95099,1.93889,1.944,104042.84
2021-09-12,1.94123,1.94472,1.94123,1.94464,2336.01
2021-09-13,1.94473,1.94814,1.93828,1.94502,101800.33
2021-09-14,1.94503,1.95093,1.94289,1.94618,115734.4
2021-09-15,1.94614,1.95039,1.93968,1.94169,92042.44
2021-09-16,1.94168,1.95197,1.94131,1.95127,89530.34
2021-09-17,1.95127,1.95643,1.94685,1.94952,95479.02
2021-09-19,1.95033,1.95385,1.94976,1.95173,2342.12
2021-09-20,1.95177,1.95357,1.94012,1.94665,101536.62
2021-09-21,1.94669,1.95185,1.93964,1.95168,98505.16
2021-09-22,1.95166,1.95206,1.93904,1.94768,118324.82
2021-09-23,1.94767,1.95116,1.9365,1.942,104048.12
2021-09-24,1.942,1.95305,1.9395,1.94821,87726.18
2021-09-26,1.94899,1.94974,1.94562,1.94806,3087.33
2021-09-27,1.94806,1.95793,1.94445,1.95506,96623.54
2021-09-28,1.95509,1.96229,1.94232,1.94552,132361.11
2021-09-29,1.94552,1.9568,1.9431,1.95365,120485.6
2021-09-30,1.9537,1.96106,1.94719,1.95288,125200.45
2021-10-01,1.95287,1.95772,1.94919,1.95144,135368.52
2021-10-03,1.95153,1.955,1.94786,1.95474,4227.5
2021-10-04,1.95475,1.95678,1.94847,1.95443,121614.56
2021-10-05,1.95444,1.96121,1.95321,1.95878,101818.79
2021-10-06,1.95878,1.9711,1.9521,1.96487,135054.59
2021-10-07,1.96491,1.96724,1.95847,1.96281,95805.91
2021-10-08,1.96282,1.96857,1.95939,1.96435,98750.9
2021-10-10,1.9668,1.96872,1.96486,1.96708,5529.83
2021-10-11,1.96706,1.97071,1.9551,1.95745,104796.0
2021-10-12,1.95746,1.96224,1.95291,1.96067,98420.41
2021-10-13,1.96067,1.96581,1.9586,1.96025,106092.57
2021-10-14,1.96025,1.96052,1.94104,1.94273,85571.7
2021-10-15,1.94273,1.94998,1.93767,1.94241,104868.35
2021-10-17,1.94149,1.94347,1.93622,1.94236,10277.83
2021-10-18,1.94235,1.94724,1.93544,1.93703,101236.92
2021-10-19,1.93678,1.93819,1.9247,1.92751,101046.61
2021-10-20,1.9275,1.92855,1.91612,1.92003,108425.1
2021-10-21,1.92003,1.92958,1.9155,1.92714,122466.69
2021-10-22,1.92717,1.93064,1.91751,1.92274,139805.32
2021-10-24,1.9211,1.92461,1.92058,1.92456,3649.12
2021-10-25,1.92456,1.92828,1.91833,1.92062,102730.66
2021-10-26,1.92058,1.92636,1.91795,1.92037,96170.73
2021-10-27,1.92034,1.92475,1.912,1.91689,110061.26
2021-10-28,1.91685,1.91891,1.9114,1.91778,130763.69
2021-10-29,1.91781,1.92586,1.90862,1.90895,122846.5
2021-10-31,1.90911,1.91053,1.90649,1.90649,4608.78
2021-11-01,1.90649,1.90937,1.8978,1.90194,111153.16
2021-11-02,1.90192,1.91801,1.89956,1.91073,114572.91
2021-11-03,1.91073,1.91662,1.90636,1.90822,114362.81
2021-11-04,1.90818,1.91398,1.89497,1.90001,107050.3
2021-11-05,1.9,1.9059,1.89307,1.89392,102961.35
2021-11-07,1.89293,1.89796,1.89219,1.89764,10628.88
2021-11-08,1.89763,1.89876,1.88513,1.89355,89606.11
2021-11-09,1.89351,1.9049,1.8923,1.90321,95957.75
2021-11-10,1.90319,1.90892,1.89559,1.89777,118888.75
2021-11-11,1.89778,1.91019,1.89668,1.90345,92574.36
2021-11-12,1.9035,1.91,1.90228,1.90352,86766.43
2021-11-14,1.90381,1.90613,1.90178,1.9048,3125.15
2021-11-15,1.90483,1.90726,1.89697,1.90386,93792.97
2021-11-16,1.90386,1.92145,1.90162,1.92039,96307.62
2021-11-17,1.92039,1.92863,1.91531,1.92586,105341.77
2021-11-18,1.92584,1.92801,1.9126,1.91688,121014.78
2021-11-19,1.91688,1.92292,1.91368,1.92051,132812.37
2021-11-21,1.91905,1.92302,1.91715,1.9215,6932.31
2021-11-22,1.92147,1.92769,1.91407,1.92769,142615.71
2021-11-23,1.92769,1.93326,1.92189,1.92368,151413.87
2021-11-24,1.9236,1.94261,1.92291,1.93873,145294.45
2021-11-25,1.93883,1.94609,1.93509,1.94494,108590.46
2021-11-26,1.94494,1.96042,1.94332,1.95263,201384.7
2021-11-28,1.95211,1.95621,1.94961,1.9543,5313.23
2021-11-29,1.9543,1.959,1.94745,1.94915,136247.95
2021-11-30,1.94915,1.96327,1.94515,1.94787,222714.04
2021-12-01,1.94787,1.95002,1.93963,1.94848,172840.84
2021-12-02,1.94848,1.95915,1.94619,1.95229,154323.18
2021-12-03,1.9523,1.96217,1.95095,1.96139,154766.98
2021-12-05,1.95784,1.96059,1.9567,1.95856,4063.28
2021-12-06,1.95852,1.96661,1.95765,1.96475,115822.18
2021-12-07,1.96476,1.96894,1.94719,1.95158,116221.63
2021-12-08,1.95156,1.95448,1.93559,1.93999,153588.61
2021-12-09,1.93996,1.94755,1.9353,1.94594,110390.88
2021-12-10,1.94593,1.95254,1.94358,1.95142,101744.92
2021-12-12,1.94803,1.95077,1.94558,1.95063,3384.59
2021-12-13,1.95063,1.96323,1.94869,1.95697,103037.57
2021-12-14,1.95687,1.96453,1.95279,1.96395,133836.89
2021-12-15,1.96396,1.96944,1.95256,1.95643,161643.6
2021-12-16,1.95643,1.96146,1.94574,1.95992,167615.97
2021-12-17,1.95985,1.96906,1.95941,1.96388,134575.46
2021-12-19,1.96234,1.9665,1.96171,1.96513,3351.95
2021-12-20,1.96514,1.97026,1.96151,1.96768,139010.55
2021-12-21,1.96769,1.96887,1.95649,1.96098,110071.56
2021-12-22,1.96099,1.96555,1.9551,1.96166,107702.71
2021-12-23,1.96166,1.97374,1.95539,1.96499,87154.2
2021-12-24,1.965,1.96851,1.95689,1.96521,184138.4
2021-12-26,1.96523,1.96681,1.96323,1.9664,1668.2
2021-12-27,1.9664,1.97618,1.96419,1.97187,71225.43
2021-12-28,1.97187,1.97731,1.9692,1.97377,75539.2
2021-12-29,1.97371,1.97802,1.97105,1.97325,89193.98
2021-12-30,1.97325,1.97858,1.97018,1.976,92084.61
2021-12-31,1.97601,1.98021,1.97094,1.97504,99151.92
2022-01-02,1.97576,1.97663,1.97481,1.97662,1725.97
2022-01-03,1.9767,1.9872,1.97246,1.98572,95616.3
2022-01-04,1.98573,1.99368,1.98076,1.9855,104794.07
2022-01-05,1.9857,1.99597,1.98173,1.99521,111069.73
2022-01-06,1.99523,2.00787,1.99422,2.00741,86137.79
2022-01-07,2.00765,2.00962,2.00171,2.0043,73997.97
2022-01-09,2.00152,2.0071,2.00121,2.00568,2618.69
2022-01-10,2.00568,2.01172,2.00284,2.00652,79716.23
2022-01-11,2.00681,2.01383,2.00495,2.00952,79747.72
2022-01-12,2.00932,2.01321,1.99881,2.0017,78926.27
2022-01-13,2.00177,2.00296,1.99319,1.99842,77721.3
2022-01-14,1.99842,2.01075,1.99732,2.00811,100543.42
2022-01-16,2.00566,2.00902,2.00544,2.00831,3825.77
2022-01-17,2.00832,2.0131,2.00262,2.00783,63645.47
2022-01-18,2.00786,2.01501,2.00311,2.00814,103236.36
2022-01-19,2.00813,2.00892,2.00132,2.00684,93763.84
2022-01-20,2.00685,2.01599,2.00526,2.01405,95740.39
2022-01-21,2.01405,2.02278,2.01283,2.01774,116480.31
2022-01-23,2.01531,2.01912,2.01503,2.01617,4951.46
2022-01-24,2.01619,2.02073,2.01033,2.01155,160430.53
2022-01-25,2.01156,2.0233,2.00865,2.01892,155636.48
2022-01-26,2.01893,2.02528,2.01541,2.02162,153592.44
2022-01-27,2.02161,2.03563,2.01949,2.03311,157748.58
2022-01-28,2.03311,2.04987,2.03262,2.04541,151866.83
2022-01-30,2.04412,2.04768,2.0327,2.04536,4550.05
2022-01-31,2.04539,2.04809,2.03631,2.04372,125247.97
2022-02-01,2.0437,2.04803,2.0339,2.03736,112216.77
2022-02-02,2.03733,2.0518,2.03361,2.05113,102919.25
2022-02-03,2.05114,2.05315,2.0359,2.03941,154958.28
2022-02-04,2.03949,2.05265,2.03593,2.04415,134109.37
2022-02-06,2.04401,2.04588,2.04211,2.04419,2081.9
2022-02-07,2.0441,2.04832,2.03586,2.03912,107786.11
2022-02-08,2.03914,2.04381,2.03376,2.03694,89524.92
2022-02-09,2.03696,2.03998,2.02184,2.02582,106292.39
2022-02-10,2.02582,2.03479,2.02281,2.03231,195767.11
2022-02-11,2.03222,2.04229,2.02956,2.03862,243359.04
2022-02-13,2.03872,2.04234,2.03801,2.04127,6698.43
2022-02-14,2.04127,2.04888,2.04047,2.04451,171832.22
2022-02-15,2.04452,2.04783,2.03553,2.03902,157594.56
2022-02-16,2.03902,2.04251,2.03012,2.03276,137163.71
2022-02-17,2.03276,2.03626,2.02611,2.03482,191656.33
2022-02-18,2.03483,2.03496,2.0244,2.02864,147074.86
2022-02-20,2.02743,2.03202,2.02743,2.03145,5565.0
2022-02-21,2.03161,2.03336,2.02123,2.03016,141607.91
2022-02-22,2.03017,2.03065,2.00893,2.01536,187596.24
2022-02-23,2.01538,2.01785,1.99595,2.0003,147188.73
2022-02-24,2.0003,2.01252,1.99457,1.9988,324893.31
2022-02-25,1.99881,2.00304,1.98412,1.98696,204325.52
2022-02-27,1.98837,1.99793,1.98724,1.99776,11621.54
2022-02-28,1.99775,2.00016,1.97833,1.98327,220077.58
2022-03-01,1.98326,1.98628,1.96637,1.97019,184355.61
2022-03-02,1.97019,1.97561,1.96185,1.9748,201118.74
2022-03-03,1.97475,1.97881,1.96018,1.96031,164408.95
2022-03-04,1.96022,1.96792,1.92444,1.92776,211785.07
2022-03-06,1.92808,1.93187,1.92139,1.92175,12431.21
2022-03-07,1.92171,1.92558,1.90428,1.91768,256013.97
2022-03-08,1.91773,1.9275,1.91404,1.92491,255220.59
2022-03-09,1.92486,1.92853,1.91923,1.92792,168175.15
2022-03-10,1.92792,1.9313,1.90333,1.90584,176741.05
2022-03-11,1.90571,1.91706,1.90512,1.91472,154927.75
2022-03-13,1.91444,1.91672,1.91444,1.91533,8028.17
2022-03-14,1.91527,1.92845,1.91407,1.9275,139611.2
2022-03-15,1.92749,1.93642,1.91914,1.92954,139115.72
2022-03-16,1.92953,1.93401,1.91855,1.92343,156539.66
2022-03-17,1.92342,1.92927,1.90768,1.90896,131094.51
2022-03-18,1.90908,1.9121,1.90517,1.90712,121733.86
2022-03-20,1.90862,1.91021,1.90714,1.90731,7204.52
2022-03-21,1.90735,1.91606,1.90181,1.91413,103508.35
2022-03-22,1.91418,1.9145,1.90091,1.90462,140124.69
2022-03-23,1.90461,1.91097,1.88936,1.89273,130720.09
2022-03-24,1.89277,1.89974,1.8917,1.89427,150700.39
2022-03-25,1.8943,1.89898,1.88876,1.89309,144598.39
2022-03-27,1.8917,1.89495,1.89054,1.89319,6425.07
2022-03-28,1.89325,1.89947,1.89126,1.89668,183007.03
2022-03-29,1.8967,1.91039,1.88489,1.88565,196701.16
2022-03-30,1.88564,1.8875,1.88001,1.88449,178262.45
2022-03-31,1.88449,1.89695,1.8822,1.89625,186322.98
2022-04-01,1.89624,1.89941,1.8881,1.89337,177790.86
2022-04-03,1.89228,1.89711,1.89191,1.89708,5148.06
2022-04-04,1.89691,1.89724,1.88201,1.88749,173430.4
2022-04-05,1.88749,1.88881,1.8707,1.88197,187085.34
2022-04-06,1.88203,1.89221,1.87582,1.89084,175730.72
2022-04-07,1.89082,1.8986,1.88901,1.89801,145304.45
2022-04-08,1.89801,1.90551,1.89486,1.90252,124478.34
2022-04-10,1.89857,1.90686,1.89857,1.90671,7800.44
2022-04-11,1.90673,1.91022,1.902,1.90976,141779.23
2022-04-12,1.90977,1.91133,1.89172,1.89608,159194.38
2022-04-13,1.89608,1.93234,1.88452,1.92898,165333.87
2022-04-14,1.92901,1.92905,1.9185,1.92424,158331.46
2022-04-15,1.92424,1.93111,1.92194,1.93037,214520.42
2022-04-17,1.92537,1.9314,1.92467,1.93098,7273.91
2022-04-18,1.93099,1.93703,1.92969,1.93119,122861.95
2022-04-19,1.93119,1.93457,1.925,1.92881,152324.85
2022-04-20,1.92877,1.932,1.9145,1.9264,151861.62
2022-04-21,1.92641,1.93732,1.92001,1.93725,153613.12
2022-04-22,1.93726,1.94685,1.92645,1.93364,167108.29
2022-04-24,1.93188,1.93688,1.93037,1.93664,9757.81
2022-04-25,1.93664,1.94326,1.92324,1.92482,207697.38
2022-04-26,1.92474,1.92647,1.91185,1.91337,188119.39
2022-04-27,1.91338,1.91971,1.90772,1.91705,192942.68
2022-04-28,1.91712,1.93189,1.91636,1.91928,191282.33
2022-04-29,1.91926,1.94952,1.91565,1.94724,169388.91
2022-05-01,1.94572,1.94778,1.94478,1.94719,13109.08
2022-05-02,1.9472,1.95543,1.93909,1.93981,186053.98
2022-05-03,1.93981,1.95382,1.9352,1.94276,177144.65
2022-05-04,1.94275,1.94493,1.92441,1.92607,214266.53
2022-05-05,1.92609,1.93163,1.90345,1.92241,227417.06
2022-05-06,1.9223,1.92731,1.91349,1.92432,242621.68
2022-05-08,1.92422,1.92952,1.92349,1.92926,11842.5
2022-05-09,1.92921,1.95217,1.92835,1.95162,216229.93
2022-05-10,1.95162,1.96176,1.94628,1.95699,253471.43
2022-05-11,1.95698,1.95945,1.94109,1.94642,227715.15
2022-05-12,1.94642,1.95942,1.94365,1.95414,257501.28
2022-05-13,1.95399,1.95707,1.94752,1.94926,174629.04
2022-05-15,1.94846,1.94993,1.94802,1.94802,11312.91
2022-05-16,1.94801,1.96469,1.9465,1.95261,197116.08
2022-05-17,1.95266,1.96716,1.94687,1.96317,188851.4
2022-05-18,1.96326,1.96562,1.94825,1.9614,161631.38
2022-05-19,1.96141,1.96243,1.94733,1.95268,227761.03
2022-05-20,1.95269,1.95603,1.9461,1.94848,199721.36
2022-05-22,1.94831,1.94902,1.94548,1.94712,12106.02
2022-05-23,1.94709,1.95008,1.93801,1.94954,165198.81
2022-05-24,1.94966,1.95546,1.93779,1.945,164953.14
2022-05-25,1.9451,1.9474,1.92457,1.94199,189843.65
2022-05-26,1.94198,1.94903,1.93954,1.94643,152013.05
2022-05-27,1.94652,1.94894,1.92874,1.93144,138076.4
2022-05-29,1.93233,1.93541,1.93181,1.93211,11258.91
2022-05-30,1.93212,1.93368,1.92696,1.92842,124673.92
2022-05-31,1.92848,1.93775,1.92567,1.93416,293147.25
2022-06-01,1.93416,1.94162,1.91998,1.9264,294024.71
2022-06-02,1.92638,1.93006,1.91535,1.91733,171789.45
2022-06-03,1.91718,1.92382,1.91407,1.91877,151599.29
2022-06-05,1.91862,1.92009,1.91802,1.91926,8048.51
2022-06-06,1.91925,1.93262,1.9176,1.93131,248910.88
2022-06-07,1.93121,1.94662,1.92681,1.94211,405632.09
2022-06-08,1.94211,1.94758,1.93791,1.94625,373213.88
2022-06-09,1.94624,1.96002,1.93887,1.95642,132348.8
2022-06-10,1.95642,1.95698,1.93379,1.93703,127188.3
2022-06-12,1.93837,1.94102,1.93541,1.93719,9878.32
2022-06-13,1.93725,1.94222,1.9306,1.93529,137540.27
2022-06-14,1.93529,1.94542,1.92522,1.92926,148982.92
2022-06-15,1.92927,1.94171,1.9273,1.93502,152722.98
2022-06-16,1.93502,1.95113,1.92484,1.94196,140413.35
2022-06-17,1.94196,1.94767,1.93425,1.93432,93932.11
2022-06-19,1.93678,1.93698,1.93171,1.93303,5435.89
2022-06-20,1.93306,1.93667,1.92425,1.93309,77648.34
2022-06-21,1.93311,1.94241,1.93199,1.94204,94165.69
2022-06-22,1.94201,1.96289,1.94114,1.95356,124194.42
2022-06-23,1.95355,1.95835,1.94521,1.95043,120948.1606
2022-06-24,1.95049,1.95298,1.94039,1.94312,96976.08
2022-06-26,1.94073,1.94554,1.94073,1.94512,7224.42
2022-06-27,1.94512,1.95239,1.94253,1.94912,105584.16
2022-06-28,1.94912,1.95443,1.94565,1.95418,123048.85
2022-06-29,1.95419,1.95944,1.94485,1.94885,125020.5
2022-06-30,1.94889,1.95597,1.94428,1.94871,129842.85
2022-07-01,1.94877,1.9633,1.93962,1.94802,133969.71
2022-07-03,1.9497,1.95097,1.94783,1.94923,6631.59
2022-07-04,1.94924,1.95282,1.93939,1.94899,77204.22
2022-07-05,1.94902,1.95805,1.93389,1.93802,96376.19
2022-07-06,1.93801,1.94167,1.92268,1.93854,114610.715
2022-07-07,1.93857,1.94799,1.93076,1.94659,108508.85
2022-07-08,1.9466,1.9523,1.93762,1.94292,110737.99
2022-07-10,1.94341,1.94605,1.94131,1.9428,7459.02
2022-07-11,1.94279,1.95046,1.93778,1.94438,141708.25
2022-07-12,1.9443,1.94563,1.93209,1.94004,147711.11
2022-07-13,1.93994,1.94837,1.93462,1.94199,180662.3252
2022-07-14,1.942,1.94509,1.92546,1.93098,175934.62
2022-07-15,1.93097,1.93269,1.92132,1.92629,109229.75
2022-07-17,1.92739,1.92925,1.92012,1.92086,7579.34
2022-07-18,1.92087,1.94635,1.91886,1.94171,111821.44
2022-07-19,1.94174,1.94346,1.92347,1.92545,98523.29
2022-07-20,1.92544,1.92684,1.91355,1.92319,120888.2652
2022-07-21,1.92325,1.93076,1.91652,1.92105,135192.49
2022-07-22,1.92106,1.92467,1.90649,1.9204,123074.36
2022-07-24,1.91625,1.92355,1.91413,1.92263,6315.87
2022-07-25,1.92264,1.92727,1.91835,1.9262,97377.6516
2022-07-26,1.9262,1.93185,1.91949,1.92852,89389.65
2022-07-27,1.92858,1.94468,1.92778,1.94284,113695.74
2022-07-28,1.94283,1.94377,1.93055,1.93391,108560.11
2022-07-29,1.93391,1.94286,1.92918,1.93486,107107.72
2022-07-31,1.93473,1.93793,1.93378,1.93785,4259.24
2022-08-01,1.93792,1.93797,1.92846,1.93527,82236.55
2022-08-02,1.9353,1.95372,1.93425,1.95184,111123.84
2022-08-03,1.95182,1.95373,1.93133,1.93649,99259.4
2022-08-04,1.93648,1.93689,1.91486,1.93064,88355.06
2022-08-05,1.93064,1.93521,1.92672,1.93324,81700.69
2022-08-07,1.92876,1.93382,1.92864,1.93265,4508.14
2022-08-08,1.93267,1.93666,1.91842,1.92149,66530.14
2022-08-09,1.92149,1.92985,1.91682,1.92023,60720.07
2022-08-10,1.92024,1.92381,1.90201,1.90594,80388.23
2022-08-11,1.90596,1.90855,1.89302,1.89542,91329.52
2022-08-12,1.89534,1.89599,1.87711,1.87849,77013.43
2022-08-14,1.87942,1.88157,1.87912,1.88034,3377.85
2022-08-15,1.88033,1.90153,1.87962,1.89494,72423.9
2022-08-16,1.89493,1.91035,1.89247,1.90675,83753.18
2022-08-17,1.90675,1.92364,1.89745,1.91893,96717.04
2022-08-18,1.91892,1.92414,1.90314,1.91078,81163.96
2022-08-19,1.91077,1.91697,1.90381,1.91546,70690.51
2022-08-21,1.91334,1.91596,1.91212,1.91382,5257.3448
2022-08-22,1.91387,1.91421,1.90139,1.90464,73942.97
2022-08-23,1.90459,1.90688,1.89756,1.90583,82750.1392
2022-08-24,1.90582,1.91021,1.90239,1.90749,75903.36
2022-08-25,1.90753,1.90825,1.89495,1.90192,72671.55
2022-08-26,1.90192,1.91455,1.90118,1.91273,78690.12
2022-08-28,1.91407,1.91411,1.91106,1.91317,12736.77
2022-08-29,1.91322,1.91418,1.89832,1.90322,83872.61
2022-08-30,1.90325,1.9062,1.89476,1.90176,87380.74
2022-08-31,1.90176,1.90284,1.89258,1.89747,94782.28
2022-09-01,1.89747,1.90427,1.8927,1.89754,91815.69
2022-09-02,1.89757,1.90697,1.88011,1.88216,89474.79
2022-09-04,1.8852,1.88845,1.88352,1.88522,8438.31
2022-09-05,1.88538,1.89468,1.87999,1.89415,74169.19
2022-09-06,1.89412,1.90963,1.89033,1.90774,102839.0
2022-09-07,1.9077,1.91208,1.89373,1.90005,101497.16
2022-09-08,1.90013,1.90727,1.89519,1.89773,107317.05
2022-09-09,1.89766,1.89993,1.89034,1.89764,116715.22
2022-09-11,1.90754,1.90961,1.89796,1.90067,7417.52
2022-09-12,1.90065,1.90454,1.8967,1.90159,107051.53
2022-09-13,1.90159,1.92051,1.9012,1.91609,121465.24
2022-09-14,1.91611,1.93015,1.91384,1.91801,136077.09
2022-09-15,1.91801,1.92381,1.91402,1.92221,110349.46
2022-09-16,1.92225,1.92402,1.90461,1.90537,82891.1
2022-09-18,1.9029,1.90868,1.90282,1.90704,3239.51
2022-09-19,1.90709,1.92156,1.90628,1.91851,66083.52
2022-09-20,1.91851,1.93762,1.91668,1.92757,79131.6
2022-09-21,1.92761,1.93212,1.91797,1.93055,113932.52
2022-09-22,1.93056,1.93839,1.92302,1.92611,104083.02
2022-09-23,1.92617,1.9315,1.88617,1.88876,99794.02
2022-09-25,1.87804,1.88681,1.87804,1.87991,13814.39
2022-09-26,1.87987,1.90666,1.81371,1.90026,215886.37
2022-09-27,1.90026,1.90687,1.88645,1.90457,115205.27
2022-09-28,1.90456,1.9247,1.87804,1.89463,140290.31
2022-09-29,1.89463,1.94781,1.89286,1.94541,121791.42
2022-09-30,1.94551,1.99622,1.93768,1.99301,135511.1
2022-10-02,1.99059,1.99528,1.9798,1.9809,12831.66
2022-10-03,1.98081,1.99256,1.96956,1.98167,121975.29
2022-10-04,1.98169,2.00514,1.97466,1.99617,134964.64
2022-10-05,1.99568,1.99881,1.96206,1.9656,137592.52
2022-10-06,1.9656,1.98027,1.95505,1.97141,138898.6836
2022-10-07,1.9714,1.98445,1.96531,1.97764,131778.7
2022-10-09,1.97649,1.97885,1.97422,1.9743,13653.58
2022-10-10,1.97432,1.99031,1.97191,1.9876,125408.06
2022-10-11,1.98763,1.99192,1.96121,1.9635,168247.81
2022-10-12,1.96348,1.98188,1.95735,1.97855,181712.92
2022-10-13,1.97852,2.02675,1.97316,2.00511,176978.66
2022-10-14,2.00505,2.01681,1.98676,2.009,140593.98
2022-10-16,2.01468,2.01938,2.01185,2.01586,6282.33
2022-10-17,2.01587,2.03144,2.00501,2.00613,116153.67
2022-10-18,2.00612,2.00832,1.98082,1.9916,130636.26
2022-10-19,1.9916,1.99189,1.97584,1.97894,114420.2
2022-10-20,1.97893,1.99034,1.96472,1.97913,149106.78
2022-10-21,1.97912,1.98073,1.95576,1.96021,165366.57
2022-10-23,1.96789,1.97101,1.96273,1.96689,34571.61
2022-10-24,1.96686,1.99733,1.96592,1.98166,185704.11
2022-10-25,1.98164,1.99761,1.97285,1.99525,144909.77
2022-10-26,1.99524,1.99832,1.98536,1.99201,183103.3
2022-10-27,1.99199,1.9978,1.97659,1.98409,159143.91
2022-10-28,1.9841,2.00072,1.97142,1.99624,135355.21
2022-10-30,1.99247,1.99856,1.99247,1.99825,15504.46
2022-10-31,1.99824,2.00022,1.96791,1.96839,121390.01
2022-11-01,1.9685,1.97197,1.95686,1.96446,156518.14
2022-11-02,1.96447,1.96897,1.94556,1.95789,170364.26
2022-11-03,1.95792,1.96149,1.92825,1.93607,164075.15
2022-11-04,1.93615,1.94134,1.91252,1.9168,165188.67
2022-11-06,1.92168,1.92665,1.92081,1.92222,9017.12
2022-11-07,1.92221,1.94409,1.91872,1.93803,150176.13
2022-11-08,1.93807,1.94276,1.92783,1.93696,130838.58
2022-11-09,1.93698,1.94481,1.92499,1.93085,138299.27
2022-11-10,1.93084,1.95139,1.93059,1.94295,152041.67
2022-11-11,1.94297,1.94728,1.92631,1.93289,150455.17
2022-11-13,1.93717,1.93908,1.93078,1.93264,10614.58
2022-11-14,1.93267,1.94109,1.92005,1.92932,155527.31
2022-11-15,1.92931,1.94435,1.9192,1.92645,149026.6
2022-11-16,1.92644,1.93912,1.91835,1.93694,144426.81
2022-11-17,1.93693,1.9469,1.93169,1.93508,134737.92
2022-11-18,1.93509,1.93704,1.9215,1.93168,113973.32
2022-11-20,1.92929,1.93162,1.92598,1.9273,6941.48
2022-11-21,1.92715,1.93935,1.92713,1.93903,116589.83
2022-11-22,1.93901,1.93938,1.9262,1.93179,115687.76
2022-11-23,1.9318,1.93823,1.92039,1.93061,138837.08
2022-11-24,1.93042,1.9372,1.92948,1.9348,121349.36
2022-11-25,1.93481,1.94159,1.9295,1.93004,108304.0
2022-11-27,1.93886,1.9405,1.93287,1.93867,11044.08
2022-11-28,1.93862,1.94528,1.9367,1.94012,129244.24
2022-11-29,1.94014,1.94086,1.92081,1.9276,135625.34
2022-11-30,1.92737,1.92947,1.91005,1.91224,153189.22
2022-12-01,1.91224,1.92706,1.90912,1.92419,154020.14
2022-12-02,1.92418,1.92532,1.91266,1.91593,128326.29
2022-12-04,1.91824,1.92229,1.9171,1.91966,6122.0
2022-12-05,1.91958,1.93052,1.91162,1.92788,127114.96
2022-12-06,1.92788,1.93491,1.91792,1.91831,157774.25
2022-12-07,1.9183,1.92444,1.91163,1.92157,147732.61
2022-12-08,1.92153,1.92533,1.91463,1.91803,119342.19
2022-12-09,1.91812,1.92209,1.90928,1.91093,113659.99
2022-12-11,1.90988,1.91472,1.90928,1.91371,4311.04
2022-12-12,1.91361,1.92775,1.90952,1.92074,88742.73
2022-12-13,1.92077,1.9243,1.90681,1.91439,223266.78
2022-12-14,1.91443,1.92971,1.91177,1.92403,223507.56
2022-12-15,1.92405,1.93893,1.91731,1.9218,214674.1
2022-12-16,1.92179,1.92241,1.90185,1.90192,197712.79
2022-12-18,1.90267,1.90848,1.9024,1.90831,4146.5
2022-12-19,1.90831,1.9143,1.9048,1.91042,176148.51
2022-12-20,1.91042,1.92382,1.90869,1.92113,247403.38
2022-12-21,1.92114,1.93216,1.91548,1.9205,182480.06
2022-12-22,1.9205,1.92812,1.91307,1.92541,188727.87
2022-12-23,1.92542,1.92879,1.91329,1.91662,177408.73
2022-12-25,1.91782,1.91842,1.91742,1.91831,4.86
2022-12-26,1.92572,1.93052,1.91026,1.91566,13860.4
2022-12-27,1.91566,1.92349,1.90666,1.91673,148378.75
2022-12-28,1.91678,1.92027,1.90095,1.90359,151835.79
2022-12-29,1.90359,1.91206,1.89507,1.89973,146057.2
2022-12-30,1.89972,1.9072,1.89363,1.90353,155345.58
2023-01-02,1.90264,1.90872,1.89931,1.90655,22001.85
2023-01-03,1.90654,1.92438,1.89811,1.91536,213920.88
2023-01-04,1.91536,1.9184,1.89943,1.91817,208389.51
2023-01-05,1.91817,1.92139,1.90349,1.9121,203755.11
2023-01-06,1.912,1.91554,1.90118,1.90372,215367.24
2023-01-08,1.90267,1.90645,1.90267,1.90523,5443.93
2023-01-09,1.90524,1.91381,1.89661,1.91278,193281.27
2023-01-10,1.91278,1.91327,1.90324,1.90718,191082.64
2023-01-11,1.90716,1.91396,1.90402,1.90937,143286.91
2023-01-12,1.90939,1.91801,1.90569,1.91243,181048.28
2023-01-13,1.91248,1.92113,1.9084,1.91481,160699.02
2023-01-15,1.91493,1.91727,1.91119,1.91485,6901.03
2023-01-16,1.91485,1.91575,1.90535,1.91042,180700.38
2023-01-17,1.91047,1.91719,1.90281,1.90936,264554.66
2023-01-18,1.90933,1.91965,1.90013,1.91545,311580.47
2023-01-19,1.91544,1.94035,1.91446,1.93765,313085.07
2023-01-20,1.93765,1.93796,1.91384,1.91384,268559.48
2023-01-22,1.91568,1.91757,1.91083,1.91176,5182.71
2023-01-23,1.91176,1.92047,1.90389,1.90732,198205.15
2023-01-24,1.90728,1.9092,1.8904,1.89833,188146.61
2023-01-25,1.89827,1.91514,1.89723,1.91444,231236.54
2023-01-26,1.91443,1.91594,1.90595,1.91257,247074.6
2023-01-27,1.91257,1.91261,1.90445,1.90821,206234.77
2023-01-29,1.90954,1.9108,1.90641,1.90991,5267.11
2023-01-30,1.90986,1.91229,1.90498,1.90907,183049.42
2023-01-31,1.90905,1.91997,1.90091,1.91179,215775.04
2023-02-01,1.91177,1.91754,1.89948,1.90098,258425.06
2023-02-02,1.90094,1.90219,1.88383,1.88732,316003.72
2023-02-03,1.88732,1.90563,1.88331,1.90484,278069.31
2023-02-05,1.90533,1.90708,1.90267,1.90358,10196.08
2023-02-06,1.90364,1.91813,1.90322,1.90602,237462.35
2023-02-07,1.90598,1.90911,1.8963,1.9064,283562.98
2023-02-08,1.90639,1.91644,1.90388,1.91143,242993.73
2023-02-09,1.91142,1.91665,1.90091,1.91486,253465.34
2023-02-10,1.91486,1.91877,1.90984,1.91061,243922.26
2023-02-12,1.90974,1.9108,1.90762,1.90903,4962.96
2023-02-13,1.90904,1.91346,1.89935,1.9102,213157.65
2023-02-14,1.9102,1.92966,1.90777,1.92155,294715.48
2023-02-15,1.92154,1.93021,1.91152,1.91666,254480.21
2023-02-16,1.91664,1.92148,1.90961,1.91716,268146.99
2023-02-17,1.91719,1.92891,1.91513,1.92797,222007.86
2023-02-19,1.9264,1.92962,1.92521,1.92881,7617.97
2023-02-20,1.92882,1.93233,1.92126,1.92381,177119.49
2023-02-21,1.92381,1.95079,1.92157,1.94764,280205.91
2023-02-22,1.94759,1.95251,1.93367,1.93553,264710.19
2023-02-23,1.93555,1.93636,1.92581,1.92861,252546.95
2023-02-24,1.9286,1.94202,1.92577,1.93616,245772.0
2023-02-26,1.93676,1.93927,1.93405,1.93842,5720.76
2023-02-27,1.93842,1.95742,1.9374,1.95669,204670.57
2023-02-28,1.95672,1.96753,1.94096,1.94484,228364.14
2023-03-01,1.94485,1.94882,1.91755,1.92283,254445.63
2023-03-02,1.92282,1.92814,1.91794,1.92106,237338.89
2023-03-03,1.92112,1.93579,1.91863,1.93497,180889.29
2023-03-05,1.9326,1.93786,1.93123,1.93686,6757.05
2023-03-06,1.93683,1.94606,1.93437,1.93995,174015.24
2023-03-07,1.93999,1.94272,1.93242,1.93526,246865.2
2023-03-08,1.93523,1.94093,1.9302,1.93775,212794.47
2023-03-09,1.9378,1.95631,1.93442,1.95396,194215.12
2023-03-10,1.95394,1.96598,1.95077,1.96107,300466.59
2023-03-12,1.96292,1.96763,1.95784,1.96011,27316.14
2023-03-13,1.96011,1.96412,1.9419,1.95775,397924.5
2023-03-14,1.95771,1.96264,1.94631,1.95023,340076.78
2023-03-15,1.95024,1.96162,1.9431,1.95829,370969.53
2023-03-16,1.95829,1.96577,1.95069,1.95161,309434.29
2023-03-17,1.95165,1.95481,1.94018,1.94248,221273.64
2023-03-19,1.94171,1.9441,1.9411,1.94265,25679.25
2023-03-20,1.94265,1.9675,1.94152,1.96611,269829.13
2023-03-21,1.96612,1.98132,1.96599,1.9738,193529.99
2023-03-22,1.97375,1.98111,1.96185,1.97042,234880.63
2023-03-23,1.97045,1.97178,1.95748,1.9659,241839.18
2023-03-24,1.96588,1.9732,1.96498,1.97101,216467.87
2023-03-26,1.97077,1.97336,1.96906,1.97149,9860.9
2023-03-27,1.97147,1.98554,1.96996,1.9823,175183.27
2023-03-28,1.98228,1.98273,1.97124,1.97159,147509.06
2023-03-29,1.97153,1.9816,1.96561,1.97945,179106.87
2023-03-30,1.97945,1.9836,1.97462,1.97561,160542.7
2023-03-31,1.97561,1.97973,1.96928,1.97062,169053.71
2023-04-02,1.96732,1.97529,1.96664,1.97374,13966.08
2023-04-03,1.97374,1.97798,1.9678,1.97135,178974.39
2023-04-04,1.97136,1.98763,1.96695,1.97859,174382.89
2023-04-05,1.9787,1.9819,1.95771,1.97246,175015.43
2023-04-06,1.97244,1.99281,1.97171,1.99138,136448.43
2023-04-07,1.99138,1.99594,1.98179,1.98426,84200.91
2023-04-09,1.98651,1.9881,1.98551,1.98733,11465.11
2023-04-10,1.9873,1.99457,1.98667,1.98986,126034.59
2023-04-11,1.98991,2.00879,1.98933,2.00647,146914.01
2023-04-12,2.00645,2.01037,1.99653,2.00889,172706.78
2023-04-13,2.00887,2.0128,1.98422,1.98693,160974.54
2023-04-14,1.98699,2.00234,1.98408,1.99896,175595.4
2023-04-16,2.00049,2.00078,1.9984,1.99946,4915.47
2023-04-17,1.99946,2.00943,1.99697,2.00153,145595.36
2023-04-18,2.00151,2.00392,1.99806,1.99921,136576.37
2023-04-19,1.99921,2.01835,1.99858,2.01659,138695.94
2023-04-20,2.01659,2.02054,2.0089,2.01328,126573.98
2023-04-21,2.01327,2.02847,2.0131,2.0258,139198.13
2023-04-23,2.02358,2.02818,2.02354,2.0267,5545.89
2023-04-24,2.02676,2.02897,2.02171,2.02388,137613.9
2023-04-25,2.02382,2.02568,2.01469,2.01947,145679.56
2023-04-26,2.01947,2.03918,2.01846,2.03752,163897.85
2023-04-27,2.0375,2.03899,2.02536,2.03332,172678.25
2023-04-28,2.03332,2.03672,2.02651,2.03185,216136.16
2023-04-30,2.03157,2.03501,2.03126,2.03477,8357.18
2023-05-01,2.03477,2.03547,2.02342,2.02524,133546.25
2023-05-02,2.02524,2.02551,2.00235,2.00412,158510.11
2023-05-03,2.00411,2.02496,1.99818,2.02423,164242.37
2023-05-04,2.02419,2.02471,1.99906,2.00019,186580.81
2023-05-05,2.0002,2.00909,1.99551,2.00604,144338.7
2023-05-07,2.00479,2.00705,2.00353,2.00504,7794.09
2023-05-08,2.00505,2.00675,1.98657,1.99022,111558.87
2023-05-09,1.99019,1.99635,1.98841,1.9916,120546.14
2023-05-10,1.99158,1.99479,1.98089,1.98176,130742.26
2023-05-11,1.98173,1.98833,1.97905,1.98732,142716.78
2023-05-12,1.98733,2.01576,1.98621,2.01001,114966.58
2023-05-14,2.0069,2.0106,2.0069,2.00955,5677.7
2023-05-15,2.00955,2.01481,2.00329,2.00574,94576.69
2023-05-16,2.00576,2.00727,2.00015,2.00168,123049.1
2023-05-17,2.00167,2.00242,1.98907,1.99853,118585.37
2023-05-18,1.99854,2.00099,1.98803,1.99018,108378.23
2023-05-19,1.99021,1.99077,1.97691,1.98192,136696.06
2023-05-21,1.98063,1.98644,1.98047,1.98308,6300.02
2023-05-22,1.98306,1.98676,1.97582,1.97795,130057.78
2023-05-23,1.97798,1.98803,1.97455,1.98674,121319.41
2023-05-24,1.98675,2.02948,1.98591,2.02629,177234.11
2023-05-25,2.02628,2.03989,2.02382,2.03456,141564.92
2023-05-26,2.03457,2.04365,2.0291,2.04152,146219.33
2023-05-28,2.03679,2.04183,2.03664,2.03853,8129.65
2023-05-29,2.03853,2.04335,2.03499,2.04275,76718.21
2023-05-30,2.04277,2.05734,2.04,2.05278,131029.05
2023-05-31,2.05282,2.06933,2.05239,2.066,140038.28
2023-06-01,2.06599,2.07364,2.06043,2.06541,143282.59
2023-06-02,2.0654,2.06703,2.05148,2.05332,133465.34
2023-06-04,2.05432,2.0557,2.0516,2.05213,5876.41
2023-06-05,2.05214,2.05581,2.04163,2.04779,102825.7
2023-06-06,2.04777,2.05055,2.03922,2.04449,102234.6
2023-06-07,2.04453,2.06164,2.04144,2.0596,110263.39
2023-06-08,2.05954,2.06129,2.0487,2.06071,102641.0
2023-06-09,2.06067,2.06169,2.04834,2.05133,89478.88
2023-06-11,2.05248,2.05428,2.05152,2.05198,3745.32
2023-06-12,2.05198,2.05595,2.04087,2.04206,92104.03
2023-06-13,2.04205,2.05208,2.03914,2.04632,124791.99
2023-06-14,2.04627,2.05231,2.03429,2.0442,138919.01
2023-06-15,2.0442,2.05491,2.04057,2.05043,123984.72
2023-06-16,2.05044,2.06408,2.04699,2.05312,110996.68
2023-06-18,2.05723,2.05974,2.05684,2.0593,8388.18
2023-06-19,2.05931,2.06883,2.05623,2.06286,108993.11
2023-06-20,2.06288,2.07302,2.06173,2.0699,136190.5
2023-06-21,2.06991,2.07492,2.05406,2.05751,169610.15
2023-06-22,2.0575,2.06478,2.04962,2.06196,146172.59
2023-06-23,2.06195,2.07992,2.05871,2.06913,141944.95
2023-06-25,2.06872,2.07101,2.06755,2.07017,8382.0
2023-06-26,2.07018,2.07163,2.05668,2.06234,126716.72
2023-06-27,2.06235,2.07007,2.05532,2.06985,143131.16
2023-06-28,2.06985,2.09004,2.06954,2.08124,129065.56
2023-06-29,2.08128,2.08299,2.07398,2.07953,139430.5
2023-06-30,2.07954,2.08147,2.06661,2.06693,128603.32
2023-07-02,2.06799,2.07126,2.06591,2.07024,3638.88
2023-07-03,2.07024,2.07101,2.05912,2.06157,121804.95
2023-07-04,2.06155,2.06587,2.04927,2.0518,82561.12
2023-07-05,2.05181,2.05763,2.04903,2.05642,115692.16
2023-07-06,2.05648,2.06958,2.04484,2.06777,143798.29
2023-07-07,2.06777,2.07204,2.05945,2.06744,137777.76
2023-07-09,2.06512,2.0694,2.06512,2.06844,5975.25
2023-07-10,2.0685,2.07372,2.06411,2.07271,113879.21
2023-07-11,2.07271,2.09182,2.06784,2.08633,125770.78
2023-07-12,2.08639,2.08967,2.05935,2.06108,152479.4
2023-07-13,2.06109,2.06231,2.04821,2.05377,138715.39
2023-07-14,2.05374,2.05995,2.0485,2.05442,127293.76
2023-07-16,2.05504,2.05812,2.05292,2.05634,6767.31
2023-07-17,2.05634,2.06952,2.05622,2.06777,107850.58
2023-07-18,2.06778,2.08923,2.064,2.07047,140332.68
2023-07-19,2.07048,2.08279,2.06124,2.06563,137083.82
2023-07-20,2.06562,2.06782,2.04923,2.06582,125242.29
2023-07-21,2.0658,2.08538,2.0658,2.08342,124508.56
2023-07-23,2.07917,2.08459,2.07917,2.08373,6232.53
2023-07-24,2.08373,2.08852,2.06143,2.06658,135643.22
2023-07-25,2.06655,2.0746,2.06012,2.0742,120497.37
2023-07-26,2.07422,2.08435,2.06965,2.08094,141736.5
2023-07-27,2.08097,2.08177,2.06531,2.06721,165901.38
2023-07-28,2.0672,2.09193,2.067,2.08582,165794.49
2023-07-30,2.08581,2.08842,2.08479,2.08687,8679.03
2023-07-31,2.08688,2.08809,2.06353,2.06834,99420.11
2023-08-01,2.06835,2.08422,2.06417,2.08371,81267.78
2023-08-02,2.08368,2.09587,2.08298,2.08968,77152.34
2023-08-03,2.08968,2.09599,2.07898,2.09058,94230.45
2023-08-04,2.09059,2.09266,2.08401,2.08901,79966.92
2023-08-06,2.0902,2.09149,2.08942,2.08993,4074.6
2023-08-07,2.08994,2.09566,2.08413,2.09279,59889.64
2023-08-08,2.09282,2.10585,2.09217,2.10358,69318.72
2023-08-09,2.10354,2.10614,2.0952,2.0985,60284.25
2023-08-10,2.09863,2.10738,2.09459,2.10738,83358.22
2023-08-11,2.10739,2.12315,2.1061,2.12092,69318.71
2023-08-13,2.11713,2.12144,2.11692,2.12138,3034.4
2023-08-14,2.12142,2.12752,2.11718,2.12343,76799.71
2023-08-15,2.12344,2.13526,2.11737,2.13191,91223.12
2023-08-16,2.13196,2.14589,2.12571,2.14563,82627.08
2023-08-17,2.14558,2.15316,2.14015,2.15105,78960.01
2023-08-18,2.15104,2.15239,2.1425,2.14917,67409.9
2023-08-20,2.14738,2.15083,2.14511,2.14961,3825.07
2023-08-21,2.14961,2.15849,2.14772,2.15184,60883.22
2023-08-22,2.15188,2.15394,2.13748,2.1431,63287.81
2023-08-23,2.14313,2.146,2.12309,2.12903,77481.75
2023-08-24,2.12903,2.13555,2.12399,2.12719,66838.33
2023-08-25,2.12724,2.13397,2.12358,2.12985,70348.39
2023-08-27,2.12993,2.13073,2.1289,2.13004,31442.63
2023-08-28,2.13003,2.13492,2.12635,2.13458,671376.71
2023-08-29,2.13458,2.13616,2.11476,2.11746,692201.37
2023-08-30,2.11746,2.13925,2.1172,2.13476,786468.53
2023-08-31,2.13476,2.13606,2.11963,2.12093,702552.29
2023-09-01,2.12096,2.12752,2.11296,2.11731,671185.4
2023-09-03,2.11782,2.11959,2.11603,2.11873,25130.83
2023-09-04,2.11871,2.12729,2.11453,2.12614,479737.84
2023-09-05,2.12612,2.1411,2.12594,2.13627,681274.02
2023-09-06,2.13628,2.14132,2.12445,2.12889,658351.72
2023-09-07,2.1289,2.13153,2.11457,2.122,665664.35
2023-09-08,2.122,2.12231,2.10993,2.11792,615972.65
2023-09-10,2.11462,2.11921,2.11426,2.11642,44617.86
2023-09-11,2.11643,2.11721,2.11001,2.11428,679384.04
2023-09-12,2.11429,2.12122,2.10873,2.1137,581138.47
2023-09-13,2.11369,2.12013,2.10803,2.1096,668763.27
2023-09-14,2.10961,2.10994,2.0948,2.10061,721088.43
2023-09-15,2.10063,2.10388,2.09326,2.09816,696269.7
2023-09-17,2.09609,2.10071,2.0959,2.09931,13862.87
2023-09-18,2.0993,2.1002,2.0904,2.09142,539590.62
2023-09-19,2.09143,2.09331,2.08129,2.08274,614968.49
2023-09-20,2.08274,2.08734,2.07157,2.08069,715622.04
2023-09-21,2.08075,2.08709,2.06757,2.07251,802945.17
2023-09-22,2.0725,2.07427,2.04852,2.05204,646528.3
2023-09-24,2.05306,2.05569,2.05156,2.05497,49520.7
2023-09-25,2.05495,2.05864,2.04429,2.04668,521091.43
2023-09-26,2.04668,2.05,2.04002,2.04209,564240.26
2023-09-27,2.04202,2.05281,2.03991,2.05132,821855.4
2023-09-28,2.05135,2.05211,2.04072,2.04623,706326.42
2023-09-29,2.04621,2.04644,2.02731,2.03353,699943.61
2023-10-01,2.03145,2.03504,2.03145,2.0334,23906.73
2023-10-02,2.03346,2.03823,2.02835,2.03497,753099.27
2023-10-03,2.035,2.04924,2.0342,2.04237,769020.64
2023-10-04,2.04242,2.05826,2.03971,2.05055,874690.62
2023-10-05,2.05054,2.05214,2.04055,2.04235,639625.67
2023-10-06,2.04234,2.04859,2.04028,2.04192,793176.56
2023-10-08,2.04334,2.04746,2.04147,2.04596,40030.08
2023-10-09,2.04596,2.04628,2.02985,2.03095,578435.55
2023-10-10,2.03091,2.04056,2.02799,2.03408,567244.84
2023-10-11,2.03415,2.04693,2.03157,2.04587,593468.79
2023-10-12,2.04587,2.05763,2.04426,2.05753,602465.48
2023-10-13,2.05754,2.06598,2.05545,2.06293,592108.47
2023-10-15,2.05018,2.05942,2.05018,2.05757,42178.0
2023-10-16,2.05756,2.07019,2.05039,2.06948,519247.88
2023-10-17,2.06944,2.07063,2.06253,2.0658,614395.47
2023-10-18,2.06583,2.07513,2.05941,2.07394,669996.49
2023-10-19,2.07393,2.08455,2.07287,2.0775,780488.92
2023-10-20,2.0775,2.08855,2.07635,2.0866,618984.41
2023-10-22,2.0862,2.08702,2.08284,2.08659,16390.45
2023-10-23,2.08659,2.09527,2.08414,2.09338,542414.47
2023-10-24,2.09339,2.09633,2.07789,2.08005,617500.54
2023-10-25,2.08008,2.0915,2.07341,2.08931,697483.36
2023-10-26,2.08932,2.09235,2.08034,2.0822,657515.29
2023-10-27,2.08219,2.08689,2.07906,2.08516,581704.35
2023-10-29,2.08385,2.08682,2.08321,2.08539,22712.51
2023-10-30,2.08543,2.08549,2.07479,2.08299,502596.78
2023-10-31,2.08298,2.09736,2.07831,2.09215,563501.42
2023-11-01,2.09215,2.0964,2.07178,2.07178,748390.0
2023-11-02,2.07174,2.07301,2.06229,2.06735,509501.14
2023-11-03,2.06737,2.07069,2.0564,2.06304,513400.97
2023-11-05,2.06397,2.06547,2.06184,2.06339,9966.83
2023-11-06,2.06337,2.07818,2.06268,2.07045,423401.94
2023-11-07,2.07045,2.08168,2.06779,2.07099,474500.76
2023-11-08,2.07103,2.07923,2.06507,2.07767,493781.91
2023-11-09,2.07767,2.07865,2.06332,2.07433,599753.52
2023-11-10,2.07431,2.07599,2.07104,2.07452,498010.12
2023-11-12,2.07276,2.07547,2.07076,2.07472,16181.14
2023-11-13,2.07474,2.08939,2.07366,2.08738,360172.39
2023-11-14,2.08739,2.09638,2.07798,2.08066,594356.05
2023-11-15,2.08064,2.08096,2.05874,2.06031,559003.83
2023-11-16,2.06031,2.08135,2.06015,2.08118,525783.0
2023-11-17,2.08119,2.0855,2.07285,2.07929,650819.3
2023-11-19,2.07547,2.07922,2.07543,2.07729,20949.99
2023-11-20,2.07733,2.07848,2.06706,2.07085,558770.72
2023-11-21,2.07088,2.07365,2.05919,2.07178,579859.51
2023-11-22,2.07177,2.08002,2.0692,2.07414,723496.04
2023-11-23,2.07415,2.07679,2.06288,2.07201,406706.23
2023-11-24,2.07198,2.0738,2.06795,2.07004,352673.54
2023-11-26,2.06986,2.07335,2.06849,2.07322,12774.41
2023-11-27,2.07319,2.07913,2.06669,2.07003,486344.97
2023-11-28,2.06999,2.07548,2.06555,2.06845,554815.78
2023-11-29,2.06211,2.06224,2.06128,2.06134,6855.34
2023-11-30,2.06265,2.06268,2.04645,2.05137,721256.65
2023-12-01,2.05138,2.05488,2.04312,2.04621,580076.39
2023-12-03,2.04809,2.0496,2.04449,2.04487,35907.77
2023-12-04,2.04488,2.05165,2.03885,2.04906,587213.38
2023-12-05,2.04908,2.05919,2.04744,2.05328,585080.5
2023-12-06,2.0533,2.05336,2.04088,2.04511,527623.37
2023-12-07,2.04511,2.05254,2.03591,2.04299,644730.58
2023-12-08,2.04303,2.05025,2.03897,2.04902,670387.08
2023-12-10,2.04572,2.04977,2.04558,2.04977,21114.18
2023-12-11,2.04981,2.05773,2.04631,2.05022,468292.05
2023-12-12,2.05022,2.05116,2.03943,2.04791,353542.7
2023-12-13,2.04792,2.06029,2.03195,2.03825,514164.17
2023-12-14,2.03824,2.05785,2.0242,2.05514,999453.45
2023-12-15,2.05513,2.05975,2.03876,2.0412,620322.02
2023-12-17,2.04085,2.04346,2.03725,2.04053,29393.31
2023-12-18,2.04052,2.04094,2.02762,2.03576,539137.84
2023-12-19,2.03578,2.03992,2.0274,2.03147,480047.41
2023-12-20,2.03146,2.03248,2.01042,2.02102,553757.87
2023-12-21,2.02105,2.0262,2.01103,2.0149,852041.97
2023-12-22,2.01491,2.02406,2.0141,2.01592,1053122.92
2023-12-25,2.01018,2.01641,2.01018,2.01517,8324.86
2023-12-26,2.01519,2.01519,2.00734,2.01029,894760.38
2023-12-27,2.0103,2.02002,2.00738,2.01621,464382.92
2023-12-28,2.01619,2.02336,2.00558,2.01018,964909.38
2023-12-29,2.0102,2.01826,2.00557,2.01457,880351.49
2024-01-01,2.0103,2.01593,2.00875,2.01547,23092.25
2024-01-02,2.01545,2.02343,2.01073,2.01901,642158.62
2024-01-03,2.01902,2.03088,2.01382,2.02698,787651.61
2024-01-04,2.02698,2.03815,2.0183,2.03515,572715.22
2024-01-05,2.03516,2.04069,2.03229,2.03588,641987.21
2024-01-07,2.03596,2.03752,2.03358,2.03521,17726.82
2024-01-08,2.03522,2.04545,2.03248,2.03845,449465.18
2024-01-09,2.03845,2.04285,2.03412,2.03751,488389.94
2024-01-10,2.0375,2.04814,2.0332,2.04594,531749.72
2024-01-11,2.04593,2.04934,2.03858,2.04678,631135.11
2024-01-12,2.04674,2.04733,2.03523,2.04257,615258.05
2024-01-14,2.03924,2.0455,2.03912,2.04353,20881.68
2024-01-15,2.04353,2.05747,2.04306,2.05405,409095.5
2024-01-16,2.05406,2.06084,2.05087,2.05784,705167.6
2024-01-17,2.05784,2.07807,2.05466,2.07329,721642.24
2024-01-18,2.07333,2.07943,2.06849,2.07693,730433.28
2024-01-19,2.0769,2.08491,2.0701,2.07672,342227.19
2024-01-21,2.07328,2.07762,2.07192,2.07566,23633.12
2024-01-22,2.07571,2.09431,2.0705,2.09194,559514.04
2024-01-23,2.09193,2.09244,2.07545,2.07943,561564.79
2024-01-24,2.07942,2.08408,2.07384,2.08197,703646.36
2024-01-25,2.08197,2.0829,2.07449,2.08005,647531.44
2024-01-26,2.08005,2.08676,2.07927,2.08471,441472.25
2024-01-28,2.08138,2.08544,2.08074,2.08438,34464.49
2024-01-29,2.0844,2.08533,2.06913,2.07242,443989.38
2024-01-30,2.07243,2.07288,2.06411,2.07013,515072.5
2024-01-31,2.07014,2.07472,2.06355,2.07402,549758.54
2024-02-01,2.07404,2.0825,2.06748,2.07407,665462.62
2024-02-02,2.07409,2.08514,2.07059,2.08224,514498.48
2024-02-04,2.07924,2.08459,2.0776,2.08165,26195.07
2024-02-05,2.08165,2.08374,2.06618,2.07059,543188.2
2024-02-06,2.07057,2.0765,2.06316,2.0663,542592.71
2024-02-07,2.0663,2.07058,2.0626,2.06666,492059.48
2024-02-08,2.06665,2.07253,2.06362,2.06423,471673.35
2024-02-09,2.06423,2.06635,2.05031,2.05224,402440.02
2024-02-11,2.0509,2.05886,2.05056,2.05535,21237.55
2024-02-12,2.05532,2.06253,2.05452,2.06056,343923.98
2024-02-13,2.06054,2.08162,2.05952,2.07837,570923.75
2024-02-14,2.07839,2.08096,2.0618,2.0636,351411.58
2024-02-15,2.0636,2.06624,2.05199,2.06149,467852.32
2024-02-16,2.06152,2.06673,2.05575,2.05678,441390.48
2024-02-18,2.05618,2.05761,2.05492,2.05551,15456.46
2024-02-19,2.05552,2.05663,2.0449,2.04912,248590.56
2024-02-20,2.04909,2.05252,2.03969,2.04695,364574.69
2024-02-21,2.04692,2.04707,2.03734,2.04446,393532.7
2024-02-22,2.04443,2.0463,2.03742,2.04393,460060.14
2024-02-23,2.04394,2.04852,2.0404,2.04382,320605.32
2024-02-25,2.04243,2.04854,2.04243,2.04841,12109.68
2024-02-26,2.04839,2.05766,2.04741,2.0567,391124.62
2024-02-27,2.05671,2.0608,2.05231,2.05518,431180.01
2024-02-28,2.05518,2.08054,2.05294,2.07665,483440.01
2024-02-29,2.07662,2.08273,2.07141,2.07409,469852.47
2024-03-01,2.07413,2.07656,2.06746,2.07125,361670.61
2024-03-03,2.06887,2.07429,2.06829,2.07427,23688.29
2024-03-04,2.07426,2.08353,2.0723,2.08178,315674.81
2024-03-05,2.08187,2.08854,2.0816,2.08689,379861.09
2024-03-06,2.08693,2.09136,2.07421,2.07799,343445.23
2024-03-07,2.07798,2.07798,2.06643,2.0737,366922.52
2024-03-08,2.07366,2.0823,2.07131,2.08092,377772.94
2024-03-10,2.08006,2.08226,2.07916,2.08021,24048.08
2024-03-11,2.08019,2.08288,2.07357,2.07733,332379.93
2024-03-12,2.0773,2.08105,2.06976,2.0806,330389.48
2024-03-13,2.0806,2.08168,2.07322,2.0764,338307.58
2024-03-14,2.07644,2.0824,2.07272,2.08115,381042.55
2024-03-15,2.0811,2.09337,2.08105,2.09151,318401.97
2024-03-17,2.08906,2.09302,2.08868,2.09129,29688.26
2024-03-18,2.09129,2.09388,2.088,2.09223,231055.45
2024-03-19,2.09223,2.10316,2.09218,2.10288,412927.47
2024-03-20,2.10284,2.10793,2.0982,2.10129,472880.32
2024-03-21,2.10125,2.10358,2.09195,2.09386,428611.72
2024-03-22,2.09391,2.10311,2.09361,2.10181,313453.33
2024-03-24,2.09921,2.10376,2.09676,2.10303,50354.24
2024-03-25,2.10306,2.10683,2.09805,2.10569,334231.19
2024-03-26,2.10568,2.10693,2.09921,2.10349,294798.83
2024-03-27,2.10194,2.10725,2.10072,2.10524,257994.74
2024-03-28,2.10524,2.11734,2.1039,2.1128,309734.4
2024-03-29,2.1128,2.11547,2.10701,2.10819,190523.43
2024-03-31,2.11013,2.11218,2.10851,2.11099,38520.28
2024-04-01,2.11096,2.11397,2.10653,2.10773,320338.3
2024-04-02,2.10776,2.11131,2.10472,2.10686,261759.91
2024-04-03,2.10687,2.11158,2.10318,2.10349,286554.22
2024-04-04,2.10352,2.10379,2.0944,2.09703,227271.69
2024-04-05,2.09707,2.10211,2.09656,2.10112,258478.2
2024-04-07,2.09851,2.10275,2.09851,2.10244,26015.53
2024-04-08,2.10247,2.10337,2.09435,2.09734,203892.94
2024-04-09,2.09735,2.09742,2.08958,2.08997,208371.75
2024-04-10,2.08995,2.09973,2.08567,2.098,539655.86
2024-04-11,2.09803,2.09879,2.0901,2.09175,360797.75
2024-04-12,2.09177,2.09781,2.08904,2.09651,350221.03
2024-04-14,2.09402,2.09752,2.09257,2.09592,35896.83
2024-04-15,2.09589,2.1096,2.09322,2.10851,363559.08
2024-04-16,2.10851,2.12034,2.10638,2.10971,515548.92
2024-04-17,2.10965,2.11186,2.10308,2.10573,499674.81
2024-04-18,2.10578,2.1083,2.10099,2.10674,308151.69
2024-04-19,2.10678,2.11712,2.09943,2.10033,598281.64
2024-04-21,2.09888,2.10042,2.09622,2.09753,3239.41
2024-04-22,2.09757,2.0979,2.08367,2.08542,229233.23
2024-04-23,2.08542,2.09902,2.0841,2.0981,435793.5
2024-04-24,2.0981,2.10056,2.09226,2.09874,395576.59
2024-04-25,2.09874,2.10561,2.09653,2.09945,486455.09
2024-04-26,2.09941,2.10415,2.09519,2.10284,404500.79
2024-04-28,2.10159,2.10327,2.10097,2.1031,28155.1
2024-04-29,2.10305,2.105,2.09583,2.10358,283098.69
2024-04-30,2.10355,2.12587,2.10202,2.12467,525900.87
2024-05-01,2.12462,2.12475,2.11066,2.11431,454479.15
2024-05-02,2.11431,2.11683,2.09979,2.10239,553764.29
2024-05-03,2.10244,2.10384,2.08206,2.08674,682988.75
2024-05-05,2.08522,2.08897,2.08471,2.08751,18963.71
2024-05-06,2.08748,2.0922,2.08708,2.08993,401344.01
2024-05-07,2.08988,2.09029,2.08087,2.08462,347576.2
2024-05-08,2.08462,2.08683,2.07903,2.08072,303379.28
2024-05-09,2.08073,2.08396,2.07351,2.07516,382140.07
2024-05-10,2.07517,2.08333,2.0745,2.08,238869.69
2024-05-12,2.07769,2.08237,2.07747,2.0809,8149.45
2024-05-13,2.0809,2.08799,2.0793,2.08506,356240.97
2024-05-14,2.08508,2.08894,2.07723,2.08252,283980.97
2024-05-15,2.08249,2.08315,2.06988,2.07014,295498.13
2024-05-16,2.0701,2.07508,2.06734,2.06893,314563.13
2024-05-17,2.06893,2.07303,2.06799,2.06985,194064.03
2024-05-19,2.06732,2.07123,2.06668,2.07089,9115.63
2024-05-20,2.07086,2.08261,2.07029,2.08107,343674.77
2024-05-21,2.08108,2.08623,2.07983,2.0859,645889.66
2024-05-22,2.08591,2.08941,2.06754,2.08529,1018820.21
2024-05-23,2.08529,2.08541,2.07574,2.08203,1030848.41
2024-05-24,2.08206,2.08464,2.07891,2.08001,939439.91
2024-05-26,2.07911,2.08075,2.07911,2.08028,28665.51
2024-05-27,2.08027,2.08082,2.07443,2.07607,652926.63
2024-05-28,2.07605,2.07846,2.07134,2.07755,1057071.78
2024-05-29,2.07756,2.08138,2.07506,2.07674,1085892.75
2024-05-30,2.077,2.08392,2.07688,2.08123,1188185.43
2024-05-31,2.08124,2.08173,2.06977,2.07345,1195666.29
2024-06-02,2.07291,2.07461,2.07234,2.07269,27421.53
2024-06-03,2.07267,2.07563,2.06438,2.06847,1216333.61
2024-06-04,2.06846,2.07222,2.06481,2.06837,1262229.51
2024-06-05,2.06837,2.0689,2.06127,2.06452,1132704.36
2024-06-06,2.06452,2.0686,2.06062,2.06429,1038728.4
2024-06-07,2.06429,2.08449,2.06165,2.0832,1105652.13
2024-06-09,2.08132,2.08561,2.08131,2.08454,21520.71
2024-06-10,2.08455,2.08583,2.07439,2.07626,694315.21
2024-06-11,2.07624,2.08148,2.07089,2.07284,1016542.48
2024-06-12,2.07284,2.07752,2.06332,2.06827,970446.15
2024-06-13,2.06831,2.07258,2.0645,2.07057,1186571.85
2024-06-14,2.07053,2.07562,2.06447,2.06469,1264254.96
2024-06-16,2.06292,2.06672,2.06291,2.06671,30074.88
2024-06-17,2.06673,2.07477,2.06624,2.07223,1130326.68
2024-06-18,2.07222,2.07979,2.06548,2.06929,1207743.45
2024-06-19,2.06928,2.076,2.06853,2.07221,804950.94
2024-06-20,2.07221,2.07499,2.06557,2.06769,1126292.43
2024-06-21,2.06763,2.06919,2.06104,2.06561,1040627.28
2024-06-23,2.06511,2.06807,2.06511,2.06792,34520.82
2024-06-24,2.06792,2.07278,2.0652,2.07226,1038095.16
2024-06-25,2.07227,2.07584,2.06962,2.0732,1006732.62
2024-06-26,2.07318,2.0789,2.0709,2.07561,750591.3
2024-06-27,2.0756,2.07863,2.07185,2.07811,1044659.79
2024-06-28,2.07812,2.08578,2.07134,2.07532,1033445.91
2024-06-30,2.07502,2.0754,2.0723,2.07388,22471.71
2024-07-01,2.07387,2.08511,2.07333,2.085,995315.29
2024-07-02,2.085,2.08934,2.08384,2.08601,978334.56
2024-07-03,2.08602,2.09386,2.08429,2.08701,886778.31
2024-07-04,2.08699,2.08735,2.08306,2.08635,566551.08
2024-07-05,2.08636,2.09139,2.08397,2.08457,848956.74
2024-07-07,2.08391,2.08571,2.08391,2.08524,25218.24
2024-07-08,2.08525,2.09211,2.08282,2.0902,902291.16
2024-07-09,2.0902,2.09566,2.08364,2.08699,880197.48
2024-07-10,2.08701,2.11349,2.08561,2.11133,862459.11
2024-07-11,2.11127,2.12325,2.10779,2.12007,953831.16
2024-07-12,2.12007,2.12399,2.11527,2.12216,963443.07
2024-07-14,2.1205,2.12759,2.12044,2.12708,5186.55
2024-07-15,2.12708,2.13563,2.12541,2.1343,706954.73
2024-07-16,2.13428,2.14925,2.1341,2.13757,969845.76
2024-07-17,2.13759,2.14405,2.13297,2.13931,1067968.26
2024-07-18,2.13932,2.14381,2.13615,2.1428,1030376.52
2024-07-19,2.1428,2.14953,2.14184,2.14817,925440.78
2024-07-21,2.14821,2.14821,2.14497,2.14677,27535.65
2024-07-22,2.14678,2.16394,2.14678,2.16338,874165.94
2024-07-23,2.1634,2.16886,2.16153,2.16726,880632.58
2024-07-24,2.16726,2.17878,2.16701,2.17646,1013261.47
2024-07-25,2.17649,2.18629,2.17569,2.18267,1183569.18
2024-07-26,2.18268,2.18629,2.1786,2.18462,861147.78
2024-07-28,2.18318,2.18586,2.18077,2.1849,31714.35
2024-07-29,2.18487,2.19071,2.17844,2.18808,911310.53
2024-07-30,2.18809,2.18905,2.17118,2.1746,881285.41
2024-07-31,2.17461,2.17962,2.15627,2.15938,1153886.22
2024-08-01,2.15938,2.16122,2.13952,2.14408,1253431.22
2024-08-02,2.14408,2.14939,2.13504,2.14851,1199989.95
2024-08-04,2.14889,2.15333,2.14859,2.15023,72265.02
2024-08-05,2.15022,2.17462,2.14176,2.14904,1831589.19
2024-08-06,2.14904,2.15696,2.11814,2.12322,1590329.94
2024-08-07,2.12318,2.12375,2.10985,2.11727,1399603.59
2024-08-08,2.11727,2.12451,2.11225,2.12206,1319445.66
2024-08-09,2.12213,2.12796,2.11328,2.1264,1059154.77
2024-08-11,2.12594,2.12857,2.12502,2.12703,23211.09
2024-08-12,2.12707,2.12716,2.11453,2.12029,916215.96
2024-08-13,2.12026,2.12329,2.11391,2.11632,1009876.89
2024-08-14,2.11632,2.14228,2.1144,2.13781,1046576.61
2024-08-15,2.13784,2.15051,2.13604,2.15,949747.74
2024-08-16,2.15003,2.15012,2.13705,2.13732,770006.99
2024-08-18,2.13771,2.1392,2.13548,2.13729,21822.0
2024-08-19,2.13727,2.13868,2.12268,2.1231,911293.8
2024-08-20,2.12311,2.12386,2.11549,2.11698,987650.34
2024-08-21,2.117,2.12676,2.11416,2.12451,996964.92
2024-08-22,2.12452,2.1355,2.12306,2.13224,960155.37
2024-08-23,2.13224,2.1338,2.11808,2.11905,972034.83
2024-08-25,2.1186,2.12296,2.11819,2.12294,32660.94
2024-08-26,2.12293,2.1281,2.12036,2.12579,911753.97
2024-08-27,2.1258,2.12787,2.11786,2.12317,966595.98
2024-08-28,2.12319,2.12452,2.11033,2.11169,1054012.71
2024-08-29,2.11169,2.11172,2.09801,2.10192,1146242.85
2024-08-30,2.10192,2.10723,2.0987,2.09976,982123.38
2024-09-01,2.10041,2.10208,2.09926,2.10168,24794.58
2024-09-02,2.10168,2.11201,2.10081,2.10909,643910.73
2024-09-03,2.10905,2.12202,2.10768,2.11951,1151597.61
2024-09-04,2.1195,2.12499,2.11677,2.12455,1100376.39
2024-09-05,2.12456,2.12683,2.11521,2.11682,882507.63
2024-09-06,2.11684,2.1298,2.11279,2.12612,1198400.1
2024-09-08,2.12671,2.12849,2.12572,2.12824,34389.33
2024-09-09,2.1282,2.13468,2.12289,2.12799,965935.71
2024-09-10,2.12798,2.13008,2.12135,2.12675,990839.88
2024-09-11,2.12678,2.13392,2.12329,2.12599,1175385.9
2024-09-12,2.12598,2.12891,2.11946,2.12231,1085366.4
2024-09-13,2.12234,2.13299,2.12184,2.13069,990640.83
2024-09-15,2.12679,2.1313,2.12679,2.13111,25207.35
2024-09-16,2.1311,2.13517,2.12863,2.13199,945622.23
2024-09-17,2.13199,2.13596,2.12456,2.12625,1000638.56
2024-09-18,2.12622,2.13015,2.11831,2.12596,1142646.3
2024-09-19,2.12597,2.12999,2.11518,2.1294,1383761.76
2024-09-20,2.1294,2.13693,2.12781,2.13517,1217361.76
2024-09-22,2.13288,2.13546,2.13288,2.13468,21439.77
2024-09-23,2.13468,2.13617,2.12481,2.12981,1071710.73
2024-09-24,2.12985,2.13348,2.11313,2.11355,1196016.31
2024-09-25,2.11354,2.1283,2.11196,2.12813,1144321.41
2024-09-26,2.12811,2.13077,2.11659,2.1182,1290090.39
2024-09-27,2.11818,2.12473,2.10563,2.10809,1386102.12
2024-09-29,2.10852,2.10871,2.10545,2.10748,28476.36
2024-09-30,2.10747,2.1125,2.10009,2.10818,1285167.24
2024-10-01,2.10818,2.11611,2.10693,2.11279,1396225.68
2024-10-02,2.11279,2.11932,2.10437,2.11897,1299955.56
2024-10-03,2.11896,2.12498,2.10395,2.11165,1280352.15
2024-10-04,2.11165,2.13115,2.11097,2.13011,1125279.03
2024-10-06,2.12942,2.13093,2.12472,2.13058,23401.05
2024-10-07,2.13055,2.13818,2.12595,2.13504,1298622.69
2024-10-08,2.13503,2.14318,2.1309,2.1354,1257186.03
2024-10-09,2.1354,2.15902,2.13329,2.15481,1023775.48
2024-10-10,2.15402,2.15479,2.1403,2.14251,1244893.65
2024-10-11,2.14251,2.14618,2.1364,2.13791,927060.66
2024-10-13,2.14064,2.14335,2.14028,2.14211,18920.61
2024-10-14,2.14214,2.1481,2.13838,2.1454,925690.14
2024-10-15,2.14541,2.15852,2.14354,2.1585,1124596.58
2024-10-16,2.15851,2.16215,2.13995,2.14415,1122958.93
2024-10-17,2.14416,2.14924,2.13944,2.14728,1188121.62
2024-10-18,2.14728,2.15525,2.14474,2.14869,1033906.79
2024-10-20,2.14951,2.14965,2.14751,2.1479,21759.48
2024-10-21,2.14789,2.15549,2.14493,2.15512,1100439.95
2024-10-22,2.15512,2.15623,2.13789,2.14769,1129496.82
2024-10-23,2.14768,2.15722,2.14593,2.15035,1022544.72
2024-10-24,2.15036,2.15932,2.14723,2.15887,1137630.73
2024-10-25,2.15887,2.16941,2.15817,2.16769,1053022.59
2024-10-27,2.16805,2.16925,2.16577,2.16712,19087.62
2024-10-28,2.16711,2.17258,2.16535,2.16617,1040063.81
2024-10-29,2.16619,2.18194,2.16618,2.17945,1129702.14
2024-10-30,2.17944,2.18405,2.16508,2.16983,1194058.38
2024-10-31,2.16984,2.17759,2.15512,2.15973,1205379.34
2024-11-01,2.15972,2.16876,2.15539,2.16561,1042751.11
2024-11-03,2.15924,2.16764,2.15873,2.16341,19000.71
2024-11-04,2.16341,2.16967,2.1602,2.1671,1252484.02
2024-11-05,2.16848,2.17366,2.16232,2.16756,1032065.6
2024-11-06,2.16763,2.17747,2.1594,2.16919,882188.2
2024-11-07,2.1692,2.17179,2.15179,2.15577,601032.2
2024-11-08,2.15578,2.16754,2.1548,2.16409,1178985.23
2024-11-10,2.16319,2.16619,2.16086,2.16511,14992.38
2024-11-11,2.1651,2.1657,2.15522,2.15632,1065533.82
2024-11-12,2.1563,2.15821,2.14754,2.15022,1410140.1
2024-11-13,2.15023,2.16217,2.14478,2.15964,1327210.93
2024-11-14,2.15961,2.16651,2.15575,2.16534,1376330.85
2024-11-15,2.16529,2.16712,2.15031,2.15077,1335577.93
2024-11-17,2.14953,2.15262,2.14831,2.15178,15602.34
2024-11-18,2.15176,2.16248,2.14771,2.15221,1181574.36
2024-11-19,2.15221,2.15497,2.14243,2.14439,1297776.52
2024-11-20,2.14435,2.15733,2.1433,2.15205,1177685.16
2024-11-21,2.15205,2.15739,2.14638,2.14858,1311355.58
2024-11-22,2.14857,2.15856,2.14068,2.14681,1412010.87
2024-11-24,2.14842,2.14937,2.14496,2.14819,30555.39
2024-11-25,2.14819,2.16054,2.14602,2.15642,1230916.93
2024-11-26,2.15651,2.159,2.147,2.15409,1200926.97
2024-11-27,2.15414,2.15676,2.13603,2.15102,1077460.59
2024-11-28,2.15102,2.15523,2.14669,2.15302,725833.99
2024-11-29,2.15302,2.15432,2.14177,2.14672,1003727.95
2024-12-01,2.15034,2.1527,2.14944,2.15027,18587.28
2024-12-02,2.15028,2.15764,2.14682,2.15108,1262442.19
2024-12-03,2.15117,2.15668,2.14857,2.15452,1166929.5
2024-12-04,2.15452,2.17299,2.15382,2.16827,1133918.87
2024-12-05,2.1682,2.1741,2.16347,2.16884,1029500.67
2024-12-06,2.16882,2.18633,2.16744,2.18471,1079502.6
2024-12-08,2.1786,2.18516,2.17857,2.18327,17235.15
2024-12-09,2.1833,2.19153,2.17084,2.1759,687539.45
2024-12-10,2.17589,2.2026,2.17589,2.2026,232520.1
2024-12-11,2.20259,2.20957,2.20003,2.2024,239683.39
2024-12-12,2.20439,2.20569,2.19286,2.19682,239123.03
2024-12-13,2.19681,2.19902,2.18882,2.18912,207475.27
2024-12-15,2.18681,2.18981,2.18448,2.18813,5073.93
2024-12-16,2.18809,2.19722,2.18428,2.19089,191942.79
2024-12-17,2.1909,2.20954,2.19076,2.2071,183110.4
2024-12-18,2.20711,2.23792,2.20693,2.23713,230273.62
2024-12-19,2.23716,2.24235,2.21587,2.2209,245393.81
2024-12-20,2.22089,2.22697,2.21442,2.22104,212670.9
2024-12-22,2.22258,2.22469,2.22132,2.22359,5188.53
2024-12-23,2.22361,2.22815,2.21565,2.21954,166375.02
2024-12-24,2.2197,2.22721,2.2142,2.21737,116022.09
2024-12-25,2.22215,2.22301,2.21845,2.21924,4291.71
2024-12-26,2.21916,2.22812,2.21639,2.22669,100364.19
2024-12-27,2.2269,2.23504,2.2219,2.23245,130980.29
2024-12-29,2.23066,2.2325,2.22824,2.23022,3011.82
2024-12-30,2.23024,2.23142,2.2184,2.22493,187606.31
2024-12-31,2.22502,2.23906,2.22342,2.23617,172331.07
2025-01-01,2.23296,2.23634,2.23101,2.23622,4332.12
2025-01-02,2.23622,2.23647,2.20577,2.21315,208594.48
2025-01-03,2.21314,2.21611,2.20856,2.2128,195656.7
2025-01-05,2.20963,2.21383,2.20881,2.21171,3651.09
2025-01-06,2.2117,2.22046,2.20551,2.21872,221457.42
2025-01-07,2.21871,2.21879,2.20612,2.21419,176365.99
2025-01-08,2.21416,2.21777,2.20008,2.20469,220637.37
2025-01-09,2.2046,2.20785,2.19242,2.19855,189005.18
2025-01-10,2.19843,2.20592,2.19513,2.1964,214572.43
2025-01-12,2.19228,2.19736,2.19191,2.19333,5177.43
2025-01-13,2.19333,2.19378,2.17924,2.18321,243370.02
2025-01-14,2.18322,2.18369,2.16914,2.17914,235753.21
2025-01-15,2.17916,2.18228,2.17057,2.17507,205829.42
2025-01-16,2.17511,2.18371,2.17302,2.18154,218952.49
2025-01-17,2.18155,2.18609,2.17479,2.17912,204369.31
2025-01-19,2.17485,2.17935,2.17456,2.17808,5024.25
2025-01-20,2.17808,2.17888,2.1684,2.17037,188583.2
2025-01-21,2.17037,2.17942,2.1691,2.17942,230870.87
2025-01-22,2.17942,2.18257,2.17212,2.17432,209922.25
2025-01-23,2.17431,2.17801,2.16992,2.17663,182737.28
2025-01-24,2.17662,2.1861,2.16777,2.18473,210389.67
2025-01-26,2.185,2.18875,2.18406,2.18764,17377.98
2025-01-27,2.18755,2.19869,2.1869,2.1976,259382.01
2025-01-28,2.19764,2.20138,2.1922,2.19621,262588.13
2025-01-29,2.19626,2.20267,2.19473,2.19807,259636.33
2025-01-30,2.19818,2.20691,2.19793,2.20425,235946.69
2025-01-31,2.20422,2.20672,2.19329,2.19772,258185.82
2025-02-02,2.20054,2.20776,2.19869,2.20632,15781.08
2025-02-03,2.20637,2.22102,2.20551,2.20917,309486.79
2025-02-04,2.20916,2.21829,2.20591,2.20898,217634.85
2025-02-05,2.20893,2.2091,2.19439,2.19776,201821.29
2025-02-06,2.19771,2.20476,2.18392,2.19125,247800.96
2025-02-07,2.19127,2.1964,2.18509,2.19052,216172.2
2025-02-09,2.19214,2.19463,2.18716,2.1944,12671.19
2025-02-10,2.19434,2.19547,2.18728,2.19356,212624.91
2025-02-11,2.19348,2.20164,2.18313,2.20043,187318.1
2025-02-12,2.20043,2.21019,2.19593,2.2068,226929.24
2025-02-13,2.20682,2.21747,2.20559,2.21221,249653.0
2025-02-14,2.21218,2.2127,2.19314,2.19536,226525.13
2025-02-16,2.19673,2.19915,2.19478,2.19481,8494.32
2025-02-17,2.19481,2.20297,2.19045,2.20196,158505.69
2025-02-18,2.20182,2.21526,2.20156,2.213,209956.96
2025-02-19,2.21302,2.22085,2.20081,2.20702,207640.4
2025-02-20,2.20697,2.20936,2.19345,2.19759,191443.74
2025-02-21,2.19758,2.20192,2.19509,2.19945,240095.84
2025-02-23,2.1977,2.20019,2.19337,2.19981,16561.92
2025-02-24,2.19979,2.20505,2.19715,2.20319,232830.85
2025-02-25,2.20322,2.21672,2.20171,2.21106,222987.36
2025-02-26,2.21108,2.22666,2.21084,2.22501,221774.93
2025-02-27,2.22499,2.23939,2.22294,2.23869,240984.66
2025-02-28,2.23868,2.25129,2.23816,2.2464,263957.78
2025-03-02,2.24433,2.24942,2.24353,2.24851,8682.39
2025-03-03,2.24864,2.26381,2.24594,2.26291,282291.85
2025-03-04,2.26294,2.26898,2.25601,2.26025,327593.04
2025-03-05,2.26025,2.2657,2.24839,2.25002,331398.53
2025-03-06,2.25005,2.25395,2.24023,2.24571,317844.57
2025-03-07,2.24605,2.26601,2.24438,2.26237,295110.78
2025-03-09,2.25959,2.26599,2.25824,2.265,15480.69
2025-03-10,2.26501,2.26615,2.24743,2.26049,261327.33
2025-03-11,2.26056,2.26985,2.25894,2.26591,359588.56
2025-03-12,2.26601,2.27206,2.25851,2.25926,188192.68
2025-03-13,2.25925,2.27507,2.25785,2.27191,195873.06
2025-03-14,2.27196,2.27288,2.24674,2.24929,224233.78
2025-03-16,2.24764,2.24965,2.24401,2.24733,11545.2
2025-03-17,2.24735,2.24977,2.2283,2.22957,128853.96
2025-03-18,2.22963,2.23594,2.22681,2.23417,137522.24
2025-03-19,2.23411,2.24374,2.22759,2.23539,152040.79
2025-03-20,2.23538,2.26296,2.23537,2.25025,146786.61
2025-03-21,2.25031,2.2547,2.24506,2.25242,132349.11
2025-03-23,2.24555,2.25118,2.24504,2.24971,6561.93
2025-03-24,2.24971,2.26154,2.24852,2.25632,141026.04
2025-03-25,2.2564,2.25979,2.2524,2.2577,103822.23
2025-03-26,2.25771,2.26203,2.23948,2.25191,157683.26
2025-03-27,2.2519,2.25819,2.24707,2.25796,147158.37
2025-03-28,2.25796,2.2673,2.25775,2.26341,118214.61
2025-03-30,2.2601,2.27037,2.2601,2.26695,13997.79
2025-03-31,2.26688,2.28454,2.26604,2.27868,169928.0
2025-04-01,2.27863,2.28159,2.26128,2.26195,156428.28
2025-04-02,2.26186,2.28356,2.25001,2.27744,208560.93
2025-04-03,2.27741,2.28028,2.24969,2.2613,300307.13
2025-04-04,2.26132,2.31912,2.26008,2.30364,230164.28
2025-04-06,2.30051,2.33033,2.29755,2.32921,21709.08
2025-04-07,2.32924,2.33532,2.27306,2.29963,271991.89
2025-04-08,2.29975,2.3204,2.27191,2.31845,174453.88
2025-04-09,2.31847,2.32871,2.2606,2.27507,197964.62
2025-04-10,2.27512,2.27863,2.25178,2.26013,166316.56
2025-04-11,2.26006,2.26496,2.24006,2.24452,189449.902
2025-04-13,2.24296,2.24473,2.23852,2.24199,11200.95
2025-04-14,2.24198,2.25041,2.23558,2.24553,126408.45
2025-04-15,2.24558,2.24622,2.22478,2.24423,99584.83
2025-04-16,2.24423,2.24851,2.22604,2.22891,100222.659
2025-04-17,2.2289,2.24205,2.21861,2.22153,68276.07
2025-04-18,2.22153,2.23972,2.22071,2.23544,234535.9
2025-04-20,2.23512,2.23677,2.23297,2.2337,5590.19
2025-04-21,2.23393,2.23984,2.22462,2.2295,51952.62
2025-04-22,2.22949,2.23484,2.22473,2.22681,70699.47
2025-04-23,2.2267,2.22996,2.21332,2.22893,76486.34
2025-04-24,2.22893,2.23412,2.22122,2.22547,58244.97
2025-04-25,2.22541,2.23719,2.21881,2.23165,56802.65
2025-04-27,2.22773,2.23488,2.22686,2.23372,4214.02
2025-04-28,2.23368,2.25004,2.22978,2.24988,69048.25
2025-04-29,2.2499,2.26167,2.24428,2.25815,63884.6
2025-04-30,2.25813,2.26173,2.24193,2.24365,73073.62
2025-05-01,2.24366,2.25287,2.23629,2.24661,83714.06
2025-05-02,2.2466,2.24765,2.22682,2.23117,95395.18
2025-05-04,2.22512,2.23102,2.22392,2.23013,3899.17
2025-05-05,2.23015,2.23217,2.21932,2.22934,57653.02
2025-05-06,2.22931,2.23788,2.2176,2.22041,76070.01
2025-05-07,2.22043,2.23884,2.21784,2.23745,73345.99
2025-05-08,2.23747,2.25121,2.23236,2.24357,79017.27
2025-05-09,2.24359,2.25506,2.24234,2.25019,58108.93
2025-05-11,2.23717,2.24585,2.23633,2.24436,4225.6
2025-05-12,2.24437,2.25263,2.23612,2.24806,79634.34
2025-05-13,2.24795,2.25334,2.2342,2.24085,71119.84
2025-05-14,2.24085,2.25123,2.236,2.24904,71988.85
2025-05-15,2.24914,2.26596,2.24469,2.26506,67507.92
2025-05-16,2.26507,2.2692,2.2498,2.25737,60265.14
2025-05-18,2.25521,2.26004,2.25488,2.2599,3983.81
2025-05-19,2.25991,2.26811,2.24927,2.25313,67597.75
2025-05-20,2.25313,2.26384,2.25181,2.25978,68820.06
2025-05-21,2.25976,2.26331,2.25337,2.26168,81591.58
2025-05-22,2.26175,2.27616,2.25984,2.27506,73829.48
2025-05-23,2.27509,2.2759,2.25829,2.26084,71697.87
2025-05-25,2.25675,2.26009,2.25657,2.25907,4765.13
2025-05-26,2.25906,2.26297,2.25237,2.26284,47198.98
2025-05-27,2.26296,2.27676,2.26145,2.27179,63291.89
2025-05-28,2.27182,2.27715,2.25161,2.25422,74859.63
2025-05-29,2.2542,2.26719,2.25274,2.25839,72110.22
2025-05-30,2.25848,2.26393,2.25286,2.25471,56778.2
2025-06-01,2.25505,2.25598,2.25075,2.25442,4213.18
2025-06-02,2.25451,2.25451,2.23989,2.24126,60981.74
2025-06-03,2.24126,2.25795,2.23747,2.25279,61118.4
2025-06-04,2.25281,2.25493,2.24478,2.24863,61071.59
2025-06-05,2.24864,2.24919,2.23802,2.24736,73088.78
2025-06-06,2.24733,2.25107,2.2409,2.24729,77599.49
2025-06-08,2.24597,2.24782,2.24367,2.24765,2835.17
2025-06-09,2.24736,2.24934,2.23733,2.24036,55975.21
2025-06-10,2.24032,2.2433,2.22729,2.22878,66126.11
2025-06-11,2.22881,2.24849,2.2283,2.24755,72521.02
2025-06-12,2.24759,2.25699,2.23908,2.24677,70174.27
2025-06-13,2.24666,2.25881,2.24414,2.25465,89777.0
2025-06-15,2.25275,2.25537,2.25045,2.25129,8278.86
2025-06-16,2.25127,2.25453,2.23639,2.24148,70953.56
2025-06-17,2.2415,2.24259,2.22769,2.23095,80468.02
2025-06-18,2.23098,2.23345,2.22194,2.22487,86335.58
2025-06-19,2.22494,2.25234,2.22435,2.24575,69883.45
2025-06-20,2.24582,2.25685,2.24413,2.25337,76827.81
2025-06-22,2.25048,2.25892,2.24985,2.25336,6713.59
2025-06-23,2.25322,2.27386,2.25097,2.25962,80961.27
2025-06-24,2.2596,2.26677,2.25178,2.26463,73655.26
2025-06-25,2.26471,2.26517,2.25463,2.26121,68668.35
2025-06-26,2.26119,2.26927,2.26008,2.26492,73587.53
2025-06-27,2.26496,2.26688,2.26012,2.26419,65763.22
2025-06-29,2.262,2.26394,2.26123,2.26258,4417.16
2025-06-30,2.26255,2.2627,2.24751,2.25385,63528.92
2025-07-01,2.25398,2.2586,2.2496,2.25325,64339.06
2025-07-02,2.2532,2.25894,2.23697,2.2414,61523.55
2025-07-03,2.24141,2.25524,2.24036,2.24782,61905.27
2025-07-04,2.24794,2.25539,2.24613,2.24921,62745.31
2025-07-06,2.25007,2.25627,2.25007,2.25603,2633.73
2025-07-07,2.25606,2.27154,2.25575,2.26745,71823.46
2025-07-08,2.26745,2.26795,2.25593,2.26654,59932.46
2025-07-09,2.26641,2.27218,2.25907,2.26634,56411.04
2025-07-10,2.26634,2.26693,2.24654,2.24783,52647.08
2025-07-11,2.24779,2.25501,2.24365,2.24495,64434.62
2025-07-13,2.24242,2.24846,2.24242,2.24673,4157.54
2025-07-14,2.24683,2.25433,2.24394,2.24866,59585.77
2025-07-15,2.24867,2.25353,2.23919,2.24909,62325.461
2025-07-16,2.24899,2.26156,2.24502,2.25572,71549.0
2025-07-17,2.25573,2.26655,2.25539,2.25955,63736.26
2025-07-18,2.25962,2.25969,2.24759,2.24905,50473.51
2025-07-20,2.24503,2.2564,2.24408,2.25356,4817.12
2025-07-21,2.2536,2.26052,2.25196,2.25964,55562.62
2025-07-22,2.25963,2.26901,2.25165,2.25392,54717.71
2025-07-23,2.25395,2.25478,2.23901,2.24509,63043.23
2025-07-24,2.24506,2.24648,2.23498,2.23778,60595.5
2025-07-25,2.23777,2.24177,2.23159,2.23256,55807.56
2025-07-27,2.22998,2.23312,2.22981,2.23242,3872.28
2025-07-28,2.23236,2.24639,2.22922,2.23667,66221.89
2025-07-29,2.23669,2.24356,2.23447,2.24224,63831.46
2025-07-30,2.24223,2.25005,2.2378,2.24368,73126.98
2025-07-31,2.24366,2.24562,2.2353,2.2432,71044.0
2025-08-01,2.24322,2.24941,2.24003,2.24384,79944.42
2025-08-03,2.24546,2.24726,2.24311,2.24691,3943.89
2025-08-04,2.24705,2.25049,2.24113,2.24737,63672.82
2025-08-05,2.24741,2.25649,2.24572,2.25066,61698.4
2025-08-06,2.25072,2.25332,2.24328,2.25311,58878.97
2025-08-07,2.25307,2.26001,2.24187,2.25325,67636.8
2025-08-08,2.25322,2.26095,2.25156,2.25864,51982.17
2025-08-10,2.25593,2.26018,2.25518,2.25998,2219.11
2025-08-11,2.26012,2.2657,2.25831,2.26162,50663.64
2025-08-12,2.26159,2.27482,2.25911,2.26651,61205.46
2025-08-13,2.26646,2.27252,2.2611,2.27148,53738.91
2025-08-14,2.27147,2.28836,2.26781,2.28491,62634.38
2025-08-15,2.28493,2.29084,2.28444,2.2876,41114.33
2025-08-17,2.28578,2.28857,2.28535,2.28608,2454.74
2025-08-18,2.28609,2.28664,2.27624,2.28017,42407.55
2025-08-19,2.28017,2.28951,2.2766,2.2864,50216.45
2025-08-20,2.28639,2.32141,2.28569,2.3103,60717.2
2025-08-21,2.3103,2.31323,2.30143,2.30441,79367.74
2025-08-22,2.30449,2.31109,2.30194,2.30422,69546.05
2025-08-24,2.30062,2.30579,2.3003,2.30319,3138.32
2025-08-25,2.30315,2.30575,2.29653,2.30017,42422.9
2025-08-26,2.30007,2.30765,2.29681,2.30064,62403.28
2025-08-27,2.30059,2.3084,2.29891,2.30378,61430.99
2025-08-28,2.30378,2.30661,2.29331,2.29576,55262.34
2025-08-29,2.29578,2.29597,2.28395,2.28932,51707.21
2025-08-31,2.28729,2.29114,2.28729,2.28988,2192.87
2025-09-01,2.28987,2.29643,2.28617,2.29381,43257.76
2025-09-02,2.29385,2.29944,2.28049,2.28281,67617.43
2025-09-03,2.28275,2.28909,2.27995,2.28531,61984.29
2025-09-04,2.2853,2.3024,2.2829,2.2975,51349.29
2025-09-05,2.29749,2.29774,2.28817,2.29095,54044.16
2025-09-07,2.28871,2.29255,2.28836,2.29122,3452.74
2025-09-08,2.29124,2.29214,2.27813,2.27949,55215.02
2025-09-09,2.27931,2.28311,2.27727,2.28114,58372.95
2025-09-10,2.28116,2.28259,2.27332,2.27707,58944.88
2025-09-11,2.27699,2.28193,2.26882,2.27075,62646.43
2025-09-12,2.2707,2.27883,2.26915,2.27561,56082.29
2025-09-14,2.2729,2.27723,2.27161,2.27597,2612.09
2025-09-15,2.27597,2.28528,2.27349,2.27895,48749.97
2025-09-16,2.279,2.28679,2.27635,2.27953,62623.49
2025-09-17,2.27955,2.29739,2.27928,2.29659,61850.91
2025-09-18,2.29655,2.3148,2.29574,2.30118,75482.48
2025-09-19,2.30125,2.30832,2.29623,2.29921,57666.15
2025-09-21,2.2933,2.30126,2.29326,2.30089,1994.47
2025-09-22,2.30087,2.30645,2.29624,2.30248,57097.31
2025-09-23,2.30232,2.31137,2.30159,2.30891,59911.36
2025-09-24,2.30882,2.31496,2.3021,2.31247,61469.62
2025-09-25,2.31243,2.31772,2.30644,2.31373,68016.58
2025-09-26,2.31375,2.32418,2.31367,2.32003,54655.06
2025-09-28,2.31583,2.32194,2.31523,2.32038,2420.12
2025-09-29,2.3204,2.32551,2.31835,2.32415,59729.38
2025-09-30,2.3241,2.32491,2.31428,2.31932,64628.92
2025-10-01,2.31928,2.32262,2.31419,2.31517,65252.29
2025-10-02,2.31514,2.31756,2.30705,2.31035,53579.91
2025-10-03,2.31032,2.31156,2.30411,2.31125,49364.44
2025-10-05,2.30723,2.31021,2.30576,2.30618,5306.95
2025-10-06,2.30605,2.31257,2.30336,2.3085,188954.23
2025-10-07,2.30834,2.31708,2.30688,2.31468,56924.04
2025-10-08,2.3146,2.33495,2.31308,2.31673,58823.38
2025-10-09,2.31668,2.31911,2.30944,2.31249,58605.84
2025-10-10,2.3124,2.33418,2.30671,2.33352,62651.73
2025-10-12,2.32224,2.32953,2.31907,2.32873,4948.36
2025-10-13,2.32872,2.33234,2.32343,2.33187,55970.98
2025-10-14,2.3318,2.34325,2.32625,2.33186,69451.23
2025-10-15,2.33181,2.34634,2.32937,2.34491,48517.13
2025-10-16,2.34491,2.34889,2.33368,2.34757,57406.57
2025-10-17,2.34753,2.35207,2.33998,2.34413,57263.35
2025-10-19,2.34096,2.34496,2.33903,2.34226,2546.77
2025-10-20,2.3423,2.34347,2.33058,2.33357,48305.61
2025-10-21,2.3336,2.34394,2.32639,2.32739,62468.15
2025-10-22,2.32741,2.32979,2.31388,2.32718,69532.37
2025-10-23,2.32706,2.32899,2.31357,2.31537,48140.73
2025-10-24,2.31536,2.32077,2.30983,2.31478,54656.01
2025-10-26,2.30219,2.31273,2.30219,2.31271,3666.58
2025-10-27,2.31276,2.31664,2.30862,2.3099,49883.06
2025-10-28,2.30989,2.31515,2.29316,2.29598,57949.07
2025-10-29,2.29597,2.29803,2.28036,2.28898,74634.43
2025-10-30,2.28894,2.29354,2.28272,2.29045,70038.52
2025-10-31,2.29048,2.29936,2.28922,2.29621,42402.46
2025-11-02,2.2939,2.29782,2.2927,2.295,3330.78
2025-11-03,2.29508,2.30611,2.29269,2.3015,63168.65
2025-11-04,2.3015,2.31214,2.30106,2.30767,77236.68
2025-11-05,2.30767,2.31137,2.3012,2.30316,70110.19
2025-11-06,2.30317,2.33188,2.30316,2.33029,75578.94
2025-11-07,2.33028,2.3448,2.32977,2.33837,74247.13
2025-11-09,2.33567,2.33855,2.33318,2.33542,3590.93
2025-11-10,2.33544,2.33756,2.32996,2.33401,77511.28
2025-11-11,2.334,2.33667,2.32324,2.32493,70528.8
2025-11-12,2.3251,2.32653,2.31161,2.31851,63197.34
2025-11-13,2.3185,2.33457,2.3125,2.3278,83705.55
2025-11-14,2.32781,2.32965,2.30851,2.31856,82322.58
2025-11-16,2.31644,2.31931,2.31512,2.31837,1720.7
2025-11-17,2.31834,2.32794,2.3155,2.32653,63441.09
2025-11-18,2.32649,2.33185,2.31689,2.32315,72059.93
2025-11-19,2.32314,2.33578,2.32285,2.32577,62399.35
2025-11-20,2.32594,2.34142,2.32349,2.34003,69012.822
2025-11-21,2.34015,2.34093,2.33252,2.33252,73607.52
2025-11-23,2.33283,2.33423,2.33159,2.33327,1486.32
2025-11-24,2.33329,2.33913,2.33237,2.33507,55246.95
2025-11-25,2.33506,2.3551,2.3326,2.33906,66521.03
2025-11-26,2.3391,2.34116,2.3156,2.32162,69889.29
2025-11-27,2.3215,2.32177,2.30803,2.31077,41207.53
2025-11-28,2.31076,2.31587,2.30414,2.30589,161380.0
2025-11-30,2.30798,2.31,2.30627,2.30777,3478.29
2025-12-01,2.30781,2.31039,2.30303,2.30686,69122.14
2025-12-02,2.30687,2.31116,2.29875,2.30249,52597.76
2025-12-03,2.30247,2.31866,2.29916,2.31182,61828.7
2025-12-04,2.31173,2.31765,2.30613,2.31301,59847.61
2025-12-05,2.31302,2.31351,2.30602,2.30751,49104.25
2025-12-07,2.30373,2.3089,2.30243,2.30735,3094.06
2025-12-08,2.30729,2.31098,2.30065,2.3071,49697.86
2025-12-09,2.30711,2.30923,2.29618,2.30168,52399.02
2025-12-10,2.30169,2.30835,2.29798,2.30174,58078.08
2025-12-11,2.3017,2.30941,2.29957,2.30516,58062.63
2025-12-12,2.30516,2.30597,2.2994,2.30221,56624.46
2025-12-14,2.30573,2.30685,2.30048,2.30391,1568.89
2025-12-15,2.30389,2.31619,2.3009,2.31224,52529.69
2025-12-16,2.31225,2.32352,2.30988,2.32089,66320.8
2025-12-17,2.32091,2.32385,2.30557,2.31797,61812.39
2025-12-18,2.31799,2.32531,2.31331,2.31728,59010.68
2025-12-19,2.31708,2.33026,2.31426,2.3222,49329.43
2025-12-21,2.32469,2.32813,2.3232,2.32391,4591.51
2025-12-22,2.32378,2.32508,2.31879,2.32359,46811.54
2025-12-23,2.32355,2.32398,2.31027,2.31249,52631.26
2025-12-24,2.31249,2.31499,2.31051,2.31328,40016.93
2025-12-25,2.31275,2.31519,2.31144,2.31439,3145.52
2025-12-26,2.3142,2.31904,2.31181,2.3136,33738.69
2025-12-28,2.31454,2.3169,2.31268,2.31639,2705.77
2025-12-29,2.31644,2.32901,2.31471,2.3257,49388.57
2025-12-30,2.32568,2.32907,2.32038,2.32531,32526.18
2025-12-31,2.32534,2.34271,2.32442,2.33992,40588.39
2026-01-01,2.33504,2.34145,2.334,2.34001,1681.48
2026-01-02,2.33998,2.34216,2.32831,2.33217,45753.34
2026-01-04,2.33236,2.33611,2.33124,2.33482,2551.98
2026-01-05,2.33485,2.33965,2.32991,2.33873,60148.31
2026-01-06,2.33876,2.34137,2.32629,2.33491,54142.88
2026-01-07,2.33494,2.33743,2.32617,2.33076,51757.42
2026-01-08,2.33075,2.34021,2.33071,2.33649,49972.99
2026-01-09,2.33655,2.34529,2.33655,2.33729,50661.3
2026-01-11,2.33729,2.33835,2.33436,2.33758,1553.87
2026-01-12,2.33767,2.33985,2.32957,2.33237,53009.98
2026-01-13,2.33236,2.34133,2.3309,2.33942,51724.12
2026-01-14,2.33942,2.34352,2.33333,2.34003,53517.96
2026-01-15,2.34004,2.34265,2.326,2.32956,52459.85
2026-01-16,2.32953,2.32955,2.32327,2.3252,49257.33
2026-01-18,2.32165,2.32638,2.31942,2.32476,4795.04
2026-01-19,2.32477,2.3262,2.31187,2.31625,61619.59
2026-01-20,2.31629,2.31679,2.30051,2.30648,84396.46
2026-01-21,2.30645,2.30878,2.28835,2.29834,74930.2
2026-01-22,2.29837,2.29943,2.2741,2.28169,69575.45
2026-01-23,2.28167,2.29651,2.27902,2.29241,85334.61
2026-01-25,2.29236,2.2945,2.28806,2.29196,4489.53
2026-01-26,2.29191,2.29455,2.28393,2.2904,87933.16
2026-01-27,2.29034,2.29592,2.2866,2.29318,95241.32
2026-01-28,2.29317,2.29606,2.27457,2.2796,120228.69
2026-01-29,2.27948,2.28328,2.26899,2.27238,142457.95
2026-01-30,2.27242,2.27773,2.26265,2.2724,161516.32
2026-02-01,2.27364,2.27978,2.27219,2.2758,7268.49
2026-02-02,2.27582,2.28129,2.27059,2.27394,148399.51
2026-02-03,2.27392,2.27619,2.25933,2.26691,121397.53
2026-02-04,2.2669,2.27961,2.26561,2.27499,111247.57
2026-02-05,2.27508,2.27982,2.25957,2.2767,138862.04
2026-02-06,2.2767,2.2787,2.2589,2.26188,92421.99
2026-02-08,2.25816,2.26037,2.25499,2.25588,3718.09
2026-02-09,2.25588,2.26728,2.254,2.26046,99773.77
2026-02-10,2.26046,2.26637,2.25451,2.25659,75989.85
2026-02-11,2.25658,2.261,2.24665,2.25213,102028.69
2026-02-12,2.25212,2.25882,2.24529,2.25757,88273.35
2026-02-13,2.25766,2.26124,2.25486,2.2598,95449.7
2026-02-15,2.25836,2.26238,2.25782,2.26161,2897.72
2026-02-16,2.26172,2.26317,2.25626,2.25898,43780.92
2026-02-17,2.25897,2.26138,2.23986,2.24247,85714.31
2026-02-18,2.24248,2.26461,2.24169,2.26167,78433.06
2026-02-19,2.26165,2.26413,2.25071,2.25424,76074.72
2026-02-20,2.25425,2.26649,2.25394,2.25481,100168.12
2026-02-22,2.25428,2.25735,2.25284,2.2538,4800.1
2026-02-23,2.25386,2.2663,2.25386,2.26423,75843.88
2026-02-24,2.26428,2.2684,2.25924,2.26262,73936.97
2026-02-25,2.26262,2.26517,2.25652,2.25925,72710.31
2026-02-26,2.25928,2.26613,2.24975,2.25591,78001.75
2026-02-27,2.25591,2.25702,2.23986,2.24805,82226.71
2026-03-01,2.25069,2.25299,2.24592,2.25008,7811.28
2026-03-02,2.25002,2.25983,2.24263,2.25451,150011.87
2026-03-03,2.25451,2.27173,2.25081,2.26728,166449.41
2026-03-04,2.26726,2.27053,2.24888,2.25146,132531.41
2026-03-05,2.25145,2.2679,2.24726,2.26498,131423.54
2026-03-06,2.26497,2.27738,2.25975,2.27225,145259.68
2026-03-08,2.27153,2.27593,2.26754,2.27345,12526.47
2026-03-09,2.27348,2.27387,2.25624,2.26481,185925.6
2026-03-10,2.26496,2.2729,2.25846,2.26493,138246.01
2026-03-11,2.26494,2.27065,2.26149,2.26971,116050.99
2026-03-12,2.26974,2.28191,2.26294,2.28079,116258.25
2026-03-13,2.28086,2.2909,2.2727,2.28896,103556.35
2026-03-15,2.28361,2.28904,2.28012,2.28529,7182.28
2026-03-16,2.2853,2.28591,2.27029,2.27419,89151.68
2026-03-17,2.27421,2.28572,2.27296,2.27989,94413.93
2026-03-18,2.28001,2.29114,2.27702,2.28866,93664.22
2026-03-19,2.28873,2.29266,2.2791,2.28783,150452.61
2026-03-20,2.28784,2.29031,2.27752,2.28745,127892.53
2026-03-22,2.28632,2.28847,2.28383,2.28598,6624.85
2026-03-23,2.2859,2.30322,2.28413,2.29307,175652.48
2026-03-24,2.29305,2.30603,2.29206,2.29828,154449.4
2026-03-25,2.29836,2.30575,2.29726,2.3013,110035.77
2026-03-26,2.30131,2.3149,2.30065,2.31464,94672.19
2026-03-27,2.31474,2.31733,2.30446,2.30689,92730.73
2026-03-29,2.3054,2.31142,2.30431,2.3111,7220.36
2026-03-30,2.31105,2.31509,2.30045,2.30383,92859.36
2026-03-31,2.30381,2.31539,2.29785,2.30075,122247.2
2026-04-01,2.30083,2.315,2.30044,2.31356,112650.95
2026-04-02,2.31356,2.3184,2.30768,2.31388,99581.47
2026-04-03,2.31379,2.32039,2.31221,2.31909,31112.5
2026-04-05,2.31414,2.32022,2.31398,2.3188,5418.82
2026-04-06,2.31885,2.31903,2.31113,2.31592,56787.0
2026-04-07,2.31587,2.32494,2.30087,2.3066,96646.14
2026-04-08,2.30651,2.3144,2.29563,2.29896,133484.78
2026-04-09,2.29896,2.30111,2.28646,2.29502,83301.3
2026-04-10,2.29501,2.30567,2.29334,2.30484,64869.63
2026-04-12,2.30654,2.31005,2.30027,2.3077,6529.82
2026-04-13,2.30778,2.30789,2.29633,2.30175,62156.39
2026-04-14,2.30182,2.30555,2.29456,2.29946,60276.32
2026-04-15,2.29945,2.30064,2.29053,2.29572,71245.97
2026-04-16,2.29571,2.30176,2.29116,2.298,74275.73
2026-04-17,2.29795,2.2994,2.29132,2.29749,84958.3
2026-04-19,2.30116,2.30352,2.29761,2.2984,6155.06
2026-04-20,2.29846,2.30227,2.28776,2.29096,79846.38
2026-04-21,2.29087,2.2951,2.2846,2.29055,83000.92
2026-04-22,2.29047,2.29049,2.28183,2.28584,76227.6
2026-04-23,2.28576,2.30232,2.28519,2.30038,91335.28
2026-04-24,2.30031,2.30344,2.29642,2.30089,78597.41
2026-04-26,2.29992,2.30376,2.29663,2.30191,2874.49
2026-04-27,2.30191,2.30198,2.28661,2.28966,69259.57
2026-04-28,2.28967,2.29828,2.28773,2.29675,79708.41
2026-04-29,2.29668,2.31443,2.29513,2.30949,87487.54
2026-04-30,2.30948,2.31296,2.29851,2.30263,118282.98
