date,open,high,low,close,tick_volume
2005-01-02,1.91805,1.92005,1.91589,1.91895,9246.8
2005-01-03,1.91893,1.91922,1.89787,1.90402,151943.53
2005-01-04,1.90402,1.90806,1.87794,1.8825,155147.56
2005-01-05,1.88292,1.88959,1.87276,1.88467,154868.39
2005-01-06,1.88468,1.88534,1.86947,1.87584,152488.35
2005-01-07,1.87598,1.88575,1.86432,1.87069,146221.25
2005-01-09,1.87007,1.87175,1.86854,1.87095,10678.5
2005-01-10,1.87129,1.87911,1.8698,1.87666,150694.53
2005-01-11,1.87675,1.8819,1.87497,1.8781,151195.62
2005-01-12,1.87801,1.89344,1.8695,1.8903,150068.98
2005-01-13,1.8903,1.89256,1.87898,1.88035,150199.35
2005-01-14,1.88033,1.88148,1.86375,1.87028,147848.19
2005-01-16,1.87019,1.87095,1.86929,1.86962,9668.6
2005-01-17,1.8699,1.87475,1.85598,1.8568,149308.57
2005-01-18,1.85697,1.87338,1.85258,1.86272,93726.8
2005-01-19,1.86274,1.88235,1.86271,1.87009,150629.2
2005-01-20,1.87021,1.87491,1.86368,1.86989,151049.67
2005-01-21,1.87005,1.88044,1.86119,1.87668,145287.56
2005-01-23,1.87694,1.87897,1.87629,1.87672,10544.6
2005-01-24,1.87672,1.88333,1.87376,1.87847,151605.71
2005-01-25,1.87848,1.88072,1.86244,1.86292,150328.61
2005-01-26,1.86345,1.88528,1.86345,1.88127,148898.9
2005-01-27,1.88142,1.89247,1.87943,1.89019,154260.89
2005-01-28,1.89035,1.89052,1.87846,1.88784,145452.46
2005-01-30,1.88718,1.88755,1.88451,1.88542,10566.6
2005-01-31,1.88546,1.88803,1.8786,1.88364,149576.77
2005-02-01,1.88375,1.88615,1.87747,1.88275,150447.72
2005-02-02,1.8829,1.88853,1.88195,1.88408,150311.35
2005-02-03,1.8842,1.89106,1.87706,1.88155,148853.94
2005-02-04,1.88152,1.89139,1.87259,1.87565,144080.3
2005-02-06,1.87476,1.87481,1.87109,1.87292,8822.6
2005-02-07,1.87301,1.87495,1.85446,1.85752,150649.8
2005-02-08,1.85747,1.85939,1.85052,1.85331,151510.56
2005-02-09,1.8533,1.86402,1.84974,1.85869,148843.6
2005-02-10,1.85885,1.87287,1.85083,1.8676,150118.94
2005-02-11,1.86762,1.87061,1.86249,1.86824,141246.71
2005-02-13,1.86795,1.87015,1.86541,1.86901,10648.9
2005-02-14,1.86897,1.8915,1.86562,1.88649,152951.56
2005-02-15,1.88648,1.89733,1.88312,1.89469,151016.95
2005-02-16,1.89475,1.8949,1.87516,1.88385,151295.54
2005-02-17,1.88383,1.89561,1.88317,1.89432,148040.55
2005-02-18,1.89435,1.89676,1.88946,1.89396,142340.64
2005-02-20,1.89398,1.89445,1.89174,1.89303,7943.9
2005-02-21,1.89322,1.89945,1.89056,1.89613,146044.57
2005-02-22,1.89613,1.91357,1.89489,1.91062,152501.3
2005-02-23,1.91061,1.9127,1.90396,1.90584,155499.21
2005-02-24,1.90601,1.91383,1.90149,1.907,151017.54
2005-02-25,1.9071,1.91937,1.90629,1.91923,144495.73
2005-02-27,1.91901,1.91935,1.91606,1.91872,11679.55
2005-02-28,1.91928,1.92572,1.91794,1.91861,148466.94
2005-03-01,1.91905,1.92257,1.91321,1.91817,150669.7
2005-03-02,1.9181,1.91973,1.90751,1.91243,151334.65
2005-03-03,1.9127,1.91348,1.90552,1.90626,149579.26
2005-03-04,1.90655,1.92692,1.90464,1.92251,141295.18
2005-03-06,1.92225,1.92437,1.92191,1.92329,10412.8
2005-03-07,1.92342,1.9247,1.91118,1.91444,148944.19
2005-03-08,1.91461,1.93231,1.91265,1.928,148408.63
2005-03-09,1.92807,1.93168,1.91975,1.92202,150775.27
2005-03-10,1.92207,1.93028,1.92025,1.92313,153955.3
2005-03-11,1.92336,1.92874,1.91621,1.92583,145257.7
2005-03-13,1.92586,1.92734,1.92533,1.92705,8984.8
2005-03-14,1.92716,1.92731,1.90982,1.91306,149033.64
2005-03-15,1.9132,1.92514,1.91102,1.9126,149515.82
2005-03-16,1.91268,1.92897,1.91046,1.92673,149726.11
2005-03-17,1.92682,1.92703,1.91816,1.92453,148813.58
2005-03-18,1.92458,1.92469,1.91222,1.92191,143089.58
2005-03-20,1.92192,1.92194,1.91846,1.91909,9620.8
2005-03-21,1.91952,1.91972,1.89422,1.89515,151628.26
2005-03-22,1.89535,1.90106,1.8798,1.88508,151822.3
2005-03-23,1.88504,1.88813,1.86578,1.87001,159143.78
2005-03-24,1.87019,1.87353,1.86692,1.86786,159586.0
2005-03-25,1.86782,1.87183,1.8671,1.87026,147557.0
2005-03-27,1.87006,1.87049,1.86867,1.86884,15571.37
2005-03-28,1.86891,1.86972,1.85903,1.86599,168172.0
2005-03-29,1.86615,1.8765,1.86561,1.87478,166025.68
2005-03-30,1.87486,1.88442,1.87377,1.87893,164913.58
2005-03-31,1.87904,1.89156,1.87519,1.88698,167745.29
2005-04-01,1.88691,1.89656,1.87602,1.88178,157643.26
2005-04-03,1.88196,1.88196,1.87707,1.87759,15389.4
2005-04-04,1.87749,1.88018,1.87065,1.87627,168028.25
2005-04-05,1.87644,1.88148,1.87154,1.87925,167668.92
2005-04-06,1.87938,1.8844,1.87413,1.87876,166972.85
2005-04-07,1.87896,1.88528,1.86761,1.86916,199805.78
2005-04-08,1.86926,1.88576,1.86686,1.8854,158428.1
2005-04-10,1.88541,1.88545,1.88124,1.88231,17976.25
2005-04-11,1.88219,1.89316,1.88094,1.89134,169762.94
2005-04-12,1.89158,1.8964,1.87594,1.88903,161087.24
2005-04-13,1.8892,1.89527,1.88704,1.89342,151101.79
2005-04-14,1.89352,1.89403,1.87539,1.88061,152117.67
2005-04-15,1.88065,1.89465,1.87535,1.89267,147516.31
2005-04-17,1.89132,1.89428,1.89131,1.89338,13534.05
2005-04-18,1.89336,1.90548,1.88813,1.90041,148720.27
2005-04-19,1.89987,1.92011,1.89977,1.91628,149328.07
2005-04-20,1.91625,1.92137,1.90954,1.91849,151253.07
2005-04-21,1.91845,1.9212,1.90607,1.90754,149792.19
2005-04-22,1.90764,1.91666,1.9054,1.91389,142260.52
2005-04-24,1.91431,1.9172,1.91382,1.91426,10509.8
2005-04-25,1.91422,1.91526,1.90776,1.91079,150884.46
2005-04-26,1.9109,1.91286,1.90198,1.90508,152565.47
2005-04-27,1.90515,1.9091,1.89882,1.90458,153335.1
2005-04-28,1.90451,1.9103,1.90136,1.90758,152804.11
2005-04-29,1.90698,1.91587,1.90511,1.90857,146017.77
2005-05-01,1.90771,1.90814,1.90375,1.90408,10567.9
2005-05-02,1.90411,1.90621,1.89238,1.89308,147969.81
2005-05-03,1.89298,1.89533,1.88838,1.8924,149589.33
2005-05-04,1.89243,1.90313,1.89232,1.90031,151221.19
2005-05-05,1.90045,1.90743,1.89935,1.89998,147762.46
2005-05-06,1.90005,1.90217,1.88941,1.89106,144429.76
2005-05-08,1.88989,1.89083,1.88892,1.88952,10585.1
2005-05-09,1.88952,1.8909,1.88037,1.88148,150721.59
2005-05-10,1.88142,1.88602,1.87616,1.88398,149830.34
2005-05-11,1.88403,1.89051,1.86927,1.87185,151814.33
2005-05-12,1.87189,1.87332,1.86018,1.86258,149567.8
2005-05-13,1.8626,1.86546,1.84805,1.85055,147073.05
2005-05-15,1.84993,1.8506,1.84626,1.84735,10477.2
2005-05-16,1.84742,1.84891,1.83308,1.83689,149354.64
2005-05-17,1.83685,1.84217,1.8317,1.83196,151512.09
2005-05-18,1.83203,1.84089,1.82893,1.83879,152101.39
2005-05-19,1.83877,1.84309,1.83197,1.8344,151324.32
2005-05-20,1.83433,1.83892,1.8231,1.82827,143584.87
2005-05-22,1.82678,1.82678,1.82383,1.8246,9886.0
2005-05-23,1.82463,1.83136,1.82405,1.82886,147631.04
2005-05-24,1.82897,1.83559,1.82515,1.8254,146264.33
2005-05-25,1.82554,1.83326,1.82464,1.83208,149825.87
2005-05-26,1.83213,1.83248,1.8185,1.8204,148774.38
2005-05-27,1.8205,1.82706,1.82045,1.82402,139786.65
2005-05-29,1.82326,1.82443,1.82041,1.82087,9679.7
2005-05-30,1.82089,1.82531,1.81907,1.82268,153808.47
2005-05-31,1.82275,1.82552,1.81088,1.81699,147499.92
2005-06-01,1.81708,1.82234,1.80753,1.81024,148292.0
2005-06-02,1.81017,1.82037,1.80905,1.81507,147664.77
2005-06-03,1.81495,1.82295,1.80981,1.81545,139866.47
2005-06-05,1.81348,1.81385,1.81196,1.81294,10620.1
2005-06-06,1.81287,1.8247,1.81265,1.82255,145301.75
2005-06-07,1.82264,1.8354,1.82027,1.83434,146117.3
2005-06-08,1.83432,1.83982,1.82196,1.82386,140284.78
2005-06-09,1.82388,1.82821,1.81734,1.8214,147902.8
2005-06-10,1.8214,1.82605,1.81056,1.81225,137830.81
2005-06-12,1.81173,1.81248,1.81092,1.8116,10972.5
2005-06-13,1.81163,1.81235,1.79997,1.80278,145493.71
2005-06-14,1.80283,1.81511,1.80283,1.80601,149081.71
2005-06-15,1.80609,1.82443,1.80538,1.82109,148441.31
2005-06-16,1.82112,1.82847,1.81665,1.82043,145971.02
2005-06-17,1.8203,1.83113,1.81814,1.83087,143208.48
2005-06-19,1.82951,1.82951,1.82305,1.8254,13911.74
2005-06-20,1.8254,1.8285,1.82023,1.82071,146798.7
2005-06-21,1.82077,1.82979,1.81649,1.82856,147550.72
2005-06-22,1.82859,1.8328,1.81777,1.82108,147262.83
2005-06-23,1.82104,1.82324,1.81369,1.81562,146795.93
2005-06-24,1.81565,1.82507,1.81255,1.82464,143750.57
2005-06-26,1.82399,1.82449,1.82199,1.82308,10706.7
2005-06-27,1.82311,1.83113,1.82197,1.8274,148302.04
2005-06-28,1.82742,1.82823,1.81336,1.8164,146122.15
2005-06-29,1.81645,1.81772,1.79938,1.8065,148248.05
2005-06-30,1.80653,1.81007,1.78707,1.78955,147547.1
2005-07-01,1.78973,1.79088,1.7663,1.76735,142997.39
2005-07-03,1.76743,1.76743,1.75693,1.76208,10708.5
2005-07-04,1.76215,1.7652,1.75663,1.7612,152486.05
2005-07-05,1.76124,1.76173,1.74999,1.7574,144545.38
2005-07-06,1.75754,1.7605,1.75075,1.75327,147068.51
2005-07-07,1.75325,1.75389,1.74005,1.74216,148435.86
2005-07-08,1.74243,1.74364,1.73096,1.73777,142534.69
2005-07-10,1.73775,1.73869,1.73525,1.73753,11078.3
2005-07-11,1.73732,1.75879,1.73667,1.75492,147682.44
2005-07-12,1.75493,1.77854,1.7548,1.77462,148727.94
2005-07-13,1.77467,1.77523,1.75235,1.76043,146374.5
2005-07-14,1.76048,1.76432,1.75466,1.75685,147638.73
2005-07-15,1.75683,1.76344,1.75075,1.75183,142554.25
2005-07-17,1.75134,1.75218,1.74953,1.75209,10702.6
2005-07-18,1.75212,1.75556,1.74544,1.74822,145940.19
2005-07-19,1.74824,1.74835,1.73407,1.73667,147217.21
2005-07-20,1.73672,1.74526,1.72798,1.74023,148410.93
2005-07-21,1.74015,1.76131,1.73977,1.75338,148567.68
2005-07-22,1.75345,1.75684,1.73556,1.73874,142232.27
2005-07-24,1.73837,1.73906,1.73547,1.73892,9711.3
2005-07-25,1.73893,1.74708,1.73303,1.74338,143887.93
2005-07-26,1.74343,1.74581,1.73471,1.73728,146739.57
2005-07-27,1.73738,1.74717,1.73348,1.74348,148042.38
2005-07-28,1.7435,1.75953,1.74034,1.75455,148833.61
2005-07-29,1.75446,1.7608,1.75143,1.75764,142392.6
2005-07-31,1.75713,1.75732,1.75374,1.755,9554.9
2005-08-01,1.75506,1.77292,1.75499,1.76812,147420.25
2005-08-02,1.76825,1.7748,1.76775,1.77103,145867.88
2005-08-03,1.77113,1.78277,1.76489,1.77809,148261.42
2005-08-04,1.7781,1.78233,1.77141,1.77998,150800.06
2005-08-05,1.78001,1.78221,1.77154,1.77792,139919.74
2005-08-07,1.77758,1.7782,1.77349,1.7742,11787.2
2005-08-08,1.77422,1.79005,1.77282,1.78526,147440.32
2005-08-09,1.7855,1.79112,1.78187,1.78645,148357.26
2005-08-10,1.78635,1.7978,1.78613,1.7964,148273.07
2005-08-11,1.7964,1.81326,1.79535,1.81007,149219.88
2005-08-12,1.81003,1.8174,1.80721,1.81487,143440.62
2005-08-14,1.8146,1.81695,1.81449,1.816,14944.6
2005-08-15,1.81601,1.81601,1.80713,1.8081,149282.04
2005-08-16,1.80803,1.81416,1.80389,1.8091,147684.3
2005-08-17,1.80912,1.81139,1.80174,1.80368,148190.01
2005-08-18,1.80374,1.80894,1.79124,1.79305,147901.08
2005-08-19,1.79309,1.79745,1.78897,1.79472,139284.43
2005-08-21,1.7958,1.79641,1.79376,1.7949,12717.5
2005-08-22,1.79495,1.80443,1.79432,1.80112,152270.93
2005-08-23,1.80123,1.80181,1.79608,1.80023,145905.42
2005-08-24,1.80034,1.8027,1.79043,1.79824,149304.81
2005-08-25,1.79817,1.80803,1.79808,1.79894,149262.36
2005-08-26,1.79888,1.80943,1.79882,1.80045,141198.24
2005-08-28,1.80061,1.80793,1.80053,1.80776,13857.55
2005-08-29,1.8078,1.80827,1.79247,1.79539,145613.96
2005-08-30,1.79541,1.7962,1.78186,1.78461,146139.46
2005-08-31,1.78466,1.80544,1.78205,1.8031,149593.54
2005-09-01,1.803,1.83616,1.80057,1.83138,149428.83
2005-09-02,1.83142,1.84452,1.82953,1.84188,140145.25
2005-09-04,1.84146,1.84264,1.83698,1.83836,9820.7
2005-09-05,1.83843,1.84985,1.83779,1.84045,149910.2
2005-09-06,1.84037,1.84648,1.83717,1.84017,147791.07
2005-09-07,1.8403,1.84586,1.83513,1.83664,149338.98
2005-09-08,1.83642,1.84395,1.83292,1.83744,149058.12
2005-09-09,1.83751,1.84207,1.83188,1.83944,141597.58
2005-09-11,1.83976,1.84233,1.83976,1.84231,11357.05
2005-09-12,1.84239,1.84239,1.81818,1.82141,146647.56
2005-09-13,1.82136,1.82469,1.81827,1.8232,148922.32
2005-09-14,1.82342,1.82998,1.82161,1.822,146196.66
2005-09-15,1.82201,1.82277,1.80364,1.8066,148037.17
2005-09-16,1.80664,1.81449,1.80188,1.80848,143952.17
2005-09-18,1.80703,1.80703,1.80027,1.80198,10429.5
2005-09-19,1.80202,1.8061,1.79694,1.8032,149877.44
2005-09-20,1.80322,1.80785,1.79582,1.79702,146434.84
2005-09-21,1.79708,1.81301,1.79585,1.81275,148085.92
2005-09-22,1.81276,1.81444,1.78782,1.7904,148628.84
2005-09-23,1.79042,1.79272,1.77437,1.7754,142040.31
2005-09-25,1.7728,1.7745,1.76963,1.77272,11527.35
2005-09-26,1.77272,1.77979,1.77037,1.77768,145930.2
2005-09-27,1.77792,1.77829,1.76377,1.76629,146946.73
2005-09-28,1.76638,1.77164,1.76024,1.76801,148040.29
2005-09-29,1.768,1.77006,1.75691,1.7583,148206.31
2005-09-30,1.75835,1.77276,1.7565,1.76522,139916.0
2005-10-02,1.76472,1.76472,1.76069,1.76193,10690.6
2005-10-03,1.76206,1.76308,1.75126,1.75487,148353.73
2005-10-04,1.75477,1.76195,1.75348,1.7586,145054.67
2005-10-05,1.7586,1.76929,1.75777,1.76758,146092.02
2005-10-06,1.76767,1.78097,1.76623,1.77643,148338.51
2005-10-07,1.77643,1.77718,1.75485,1.76066,143386.96
2005-10-09,1.75997,1.76003,1.7559,1.75991,10527.0
2005-10-10,1.75967,1.76313,1.75127,1.75389,145088.35
2005-10-11,1.754,1.75569,1.74239,1.74295,149642.97
2005-10-12,1.74299,1.75463,1.73906,1.75228,145706.26
2005-10-13,1.75229,1.75713,1.74428,1.75402,145595.86
2005-10-14,1.7542,1.77041,1.74784,1.76848,139789.49
2005-10-16,1.76828,1.76909,1.76358,1.76364,13383.65
2005-10-17,1.76358,1.77267,1.75108,1.75171,148322.22
2005-10-18,1.75176,1.7523,1.74217,1.74639,146769.76
2005-10-19,1.74649,1.76664,1.74307,1.76395,145804.77
2005-10-20,1.76402,1.77673,1.75941,1.77595,150038.92
2005-10-21,1.77597,1.77946,1.76365,1.76838,140756.99
2005-10-23,1.76715,1.76793,1.7652,1.7658,10910.5
2005-10-24,1.76577,1.77281,1.76447,1.76633,145404.46
2005-10-25,1.76633,1.78665,1.76315,1.78278,146575.23
2005-10-26,1.78279,1.78651,1.77122,1.77538,146210.83
2005-10-27,1.77546,1.79001,1.77534,1.78353,148789.3
2005-10-28,1.78352,1.78573,1.77251,1.77403,141961.52
2005-10-30,1.77379,1.77487,1.77277,1.7746,14382.5
2005-10-31,1.77462,1.78217,1.76688,1.76828,146998.58
2005-11-01,1.76832,1.7721,1.76077,1.76428,148885.91
2005-11-02,1.76429,1.77698,1.76235,1.77567,146235.53
2005-11-03,1.77553,1.77904,1.76923,1.7708,144691.27
2005-11-04,1.77082,1.77087,1.74564,1.74885,138995.52
2005-11-06,1.74924,1.74924,1.74445,1.74794,14037.3
2005-11-07,1.74789,1.75158,1.73904,1.74275,149210.72
2005-11-08,1.74277,1.74559,1.73271,1.74235,151071.41
2005-11-09,1.74229,1.74578,1.73609,1.74345,146645.94
2005-11-10,1.74345,1.75117,1.73917,1.73917,146532.06
2005-11-11,1.73907,1.74333,1.73757,1.74145,136955.32
2005-11-13,1.74147,1.7422,1.74107,1.7419,15697.5
2005-11-14,1.74212,1.74943,1.73417,1.7371,145209.17
2005-11-15,1.7371,1.7395,1.73042,1.736,146035.64
2005-11-16,1.73601,1.73665,1.71367,1.7183,145159.27
2005-11-17,1.71831,1.72225,1.71501,1.71928,147579.9
2005-11-18,1.71932,1.72225,1.70977,1.7173,140519.0
2005-11-20,1.71695,1.71803,1.71605,1.71662,9019.4
2005-11-21,1.71668,1.7243,1.71409,1.71543,144900.6
2005-11-22,1.71548,1.72344,1.70665,1.72082,144346.94
2005-11-23,1.72081,1.72575,1.71745,1.72149,144935.06
2005-11-24,1.72159,1.72832,1.71978,1.722,144210.87
2005-11-25,1.72201,1.7231,1.71221,1.7143,136756.83
2005-11-27,1.71357,1.71437,1.711,1.71412,9306.7
2005-11-28,1.71415,1.73407,1.70474,1.72771,143928.26
2005-11-29,1.72776,1.72911,1.71433,1.71645,144479.58
2005-11-30,1.71638,1.73446,1.71608,1.7298,146113.9
2005-12-01,1.73002,1.73397,1.72604,1.73239,144870.5
2005-12-02,1.7325,1.73738,1.72493,1.7325,138054.47
2005-12-04,1.73204,1.73254,1.73051,1.73189,9320.7
2005-12-05,1.73188,1.74402,1.72707,1.7411,146397.36
2005-12-06,1.74113,1.74483,1.73122,1.74193,146505.38
2005-12-07,1.74185,1.74212,1.729,1.73436,143738.32
2005-12-08,1.73437,1.75571,1.73336,1.75145,146143.02
2005-12-09,1.75153,1.75623,1.74615,1.7545,139021.82
2005-12-11,1.75352,1.75352,1.74884,1.7509,10406.3
2005-12-12,1.75094,1.77711,1.75094,1.77432,144174.56
2005-12-13,1.77435,1.77789,1.76538,1.76948,145447.03
2005-12-14,1.76955,1.78061,1.76754,1.77092,149027.13
2005-12-15,1.77082,1.77424,1.76116,1.7647,145070.37
2005-12-16,1.76544,1.77382,1.76228,1.7728,138980.52
2005-12-18,1.77217,1.77217,1.75922,1.7718,10319.2
2005-12-19,1.77181,1.77286,1.75914,1.76228,146821.8
2005-12-20,1.76228,1.76806,1.75162,1.7559,147970.75
2005-12-21,1.75594,1.75886,1.73804,1.74383,144924.47
2005-12-22,1.74386,1.74514,1.73375,1.73714,143726.5
2005-12-23,1.73715,1.74002,1.73037,1.7334,138513.04
2005-12-25,1.73302,1.73474,1.73181,1.73368,11463.7
2005-12-26,1.73387,1.73762,1.73005,1.7305,157954.37
2005-12-27,1.73042,1.73807,1.7263,1.72927,142951.36
2005-12-28,1.72928,1.74053,1.71274,1.71911,145342.65
2005-12-29,1.71913,1.72781,1.71659,1.72462,144069.5
2005-12-30,1.72465,1.72922,1.71625,1.7226,142232.66
2006-01-01,1.72246,1.72278,1.72225,1.72258,10473.6
2006-01-02,1.72267,1.7228,1.71755,1.7186,141833.31
2006-01-03,1.71861,1.74843,1.71851,1.74802,148827.1
2006-01-04,1.74807,1.76149,1.74574,1.75654,148335.34
2006-01-05,1.75656,1.75848,1.74842,1.7547,146422.72
2006-01-06,1.75473,1.77183,1.74258,1.77035,139540.64
2006-01-08,1.76946,1.76946,1.76627,1.76832,10562.1
2006-01-09,1.76835,1.77226,1.76259,1.76392,147247.46
2006-01-10,1.76393,1.76961,1.76155,1.76392,148667.67
2006-01-11,1.76393,1.76731,1.75201,1.76617,146859.85
2006-01-12,1.76619,1.77235,1.75779,1.76036,145015.85
2006-01-13,1.76045,1.77775,1.75925,1.7766,139480.91
2006-01-15,1.77657,1.77849,1.7758,1.7774,12012.7
2006-01-16,1.77741,1.77939,1.76399,1.76609,146750.1
2006-01-17,1.76609,1.7699,1.75845,1.7666,146844.0
2006-01-18,1.76656,1.77004,1.75839,1.76158,146291.24
2006-01-19,1.76155,1.76335,1.75275,1.75652,146075.76
2006-01-20,1.7565,1.77195,1.75345,1.7706,137685.42
2006-01-22,1.77007,1.77287,1.76958,1.77251,14541.1
2006-01-23,1.77257,1.78834,1.77179,1.7861,154374.49
2006-01-24,1.7862,1.78945,1.78043,1.78293,148080.95
2006-01-25,1.78293,1.79303,1.7815,1.78348,146589.68
2006-01-26,1.78363,1.78881,1.77736,1.7809,144367.07
2006-01-27,1.78089,1.78743,1.76651,1.7671,141100.69
2006-01-29,1.767,1.76933,1.767,1.76912,9545.1
2006-01-30,1.76913,1.77124,1.7634,1.76652,143758.34
2006-01-31,1.76653,1.78562,1.76633,1.7781,147390.34
2006-02-01,1.77815,1.78106,1.77243,1.77438,145556.21
2006-02-02,1.77441,1.7812,1.77098,1.77796,143121.39
2006-02-03,1.778,1.78054,1.75919,1.7626,138110.25
2006-02-05,1.76219,1.76291,1.76077,1.7625,10693.9
2006-02-06,1.76253,1.76386,1.74337,1.74647,143867.64
2006-02-07,1.74653,1.75129,1.74026,1.74628,144851.62
2006-02-08,1.7463,1.74654,1.73761,1.74088,144965.92
2006-02-09,1.74091,1.74592,1.73749,1.7444,145596.07
2006-02-10,1.74463,1.75722,1.74111,1.744,142872.6
2006-02-12,1.74388,1.74443,1.74274,1.74338,10456.2
2006-02-13,1.74341,1.74385,1.7363,1.74308,144471.27
2006-02-14,1.74305,1.74429,1.72802,1.73548,144152.72
2006-02-15,1.73552,1.74853,1.73305,1.73968,146139.53
2006-02-16,1.73969,1.74046,1.73075,1.73894,144997.84
2006-02-17,1.73879,1.74217,1.73284,1.7418,140201.74
2006-02-19,1.74129,1.74249,1.74007,1.74202,11124.5
2006-02-20,1.74207,1.74583,1.74061,1.74394,145735.49
2006-02-21,1.7441,1.74732,1.74153,1.74537,146599.67
2006-02-22,1.74533,1.74633,1.73611,1.74362,148095.32
2006-02-23,1.74364,1.75526,1.74121,1.75155,145698.54
2006-02-24,1.75155,1.75332,1.74256,1.7455,139339.15
2006-02-26,1.74506,1.74506,1.73926,1.73956,12941.6
2006-02-27,1.73957,1.74478,1.73747,1.7394,146417.96
2006-02-28,1.73943,1.75659,1.73749,1.75364,147185.75
2006-03-01,1.7536,1.75913,1.74602,1.7494,146360.97
2006-03-02,1.74942,1.75455,1.74341,1.75298,146390.6
2006-03-03,1.753,1.75842,1.75009,1.7553,139631.87
2006-03-05,1.75534,1.75889,1.75522,1.75872,11388.0
2006-03-06,1.7588,1.7621,1.7466,1.7493,147369.68
2006-03-07,1.74933,1.74976,1.73288,1.7358,150083.01
2006-03-08,1.73585,1.74151,1.73413,1.7362,146291.07
2006-03-09,1.73625,1.74092,1.73439,1.73522,145448.36
2006-03-10,1.73523,1.73951,1.72305,1.7259,140182.14
2006-03-12,1.7254,1.72735,1.7248,1.72713,10772.2
2006-03-13,1.72713,1.73689,1.72273,1.73532,148058.64
2006-03-14,1.73534,1.74819,1.73373,1.7464,146765.01
2006-03-15,1.74642,1.74914,1.74186,1.74702,145521.89
2006-03-16,1.74703,1.75941,1.74401,1.7563,147016.78
2006-03-17,1.75632,1.75755,1.75106,1.75615,138136.59
2006-03-19,1.75572,1.75643,1.75401,1.75475,13102.82
2006-03-20,1.75471,1.75849,1.75256,1.7551,145084.32
2006-03-21,1.75511,1.75512,1.74491,1.7487,147532.42
2006-03-22,1.74872,1.75044,1.74508,1.74628,144408.83
2006-03-23,1.74633,1.74657,1.73274,1.73359,145816.73
2006-03-24,1.73357,1.74423,1.73085,1.7421,138318.58
2006-03-26,1.74193,1.74295,1.74112,1.74268,10069.8
2006-03-27,1.74288,1.74928,1.74151,1.7467,145890.95
2006-03-28,1.74687,1.75336,1.74205,1.7425,147682.65
2006-03-29,1.74253,1.74404,1.7316,1.73489,146135.68
2006-03-30,1.73492,1.74806,1.73435,1.74691,147615.77
2006-03-31,1.74701,1.74707,1.73369,1.7369,139996.91
2006-04-02,1.73647,1.73753,1.73553,1.7356,9509.4
2006-04-03,1.73566,1.74131,1.72492,1.73967,145740.5
2006-04-04,1.73974,1.75727,1.73694,1.75391,147366.53
2006-04-05,1.754,1.76136,1.748,1.7515,146704.88
2006-04-06,1.75152,1.75933,1.7487,1.75068,147524.04
2006-04-07,1.75092,1.75286,1.73513,1.74155,144240.04
2006-04-09,1.74158,1.74308,1.7414,1.74245,8236.4
2006-04-10,1.74248,1.74694,1.73737,1.74282,144314.35
2006-04-11,1.74282,1.74997,1.7393,1.74959,146942.44
2006-04-12,1.74968,1.75709,1.74625,1.74955,146501.19
2006-04-13,1.74951,1.75559,1.74832,1.7513,146350.01
2006-04-14,1.75135,1.75264,1.74963,1.75063,133233.62
2006-04-16,1.75117,1.75535,1.74628,1.7553,9239.7
2006-04-17,1.75533,1.77448,1.75528,1.76992,143845.86
2006-04-18,1.76995,1.78388,1.7677,1.78229,146223.53
2006-04-19,1.78233,1.79334,1.77933,1.79071,146707.04
2006-04-20,1.79068,1.79068,1.77529,1.77769,147341.73
2006-04-21,1.77777,1.78406,1.77601,1.78163,138425.14
2006-04-23,1.78357,1.78721,1.78286,1.78694,12057.9
2006-04-24,1.78689,1.79258,1.77919,1.78558,147570.57
2006-04-25,1.78561,1.7939,1.78255,1.78759,147657.94
2006-04-26,1.78756,1.79078,1.7801,1.78477,145392.73
2006-04-27,1.78472,1.80401,1.78204,1.80137,145340.56
2006-04-28,1.80137,1.82668,1.79984,1.82505,141966.08
2006-04-30,1.82423,1.8244,1.82265,1.8236,8631.8
2006-05-01,1.82373,1.84123,1.82043,1.82295,145815.38
2006-05-02,1.82302,1.84242,1.82071,1.83626,146266.96
2006-05-03,1.83632,1.84754,1.83544,1.84047,147675.68
2006-05-04,1.84045,1.85457,1.83346,1.8512,144196.0
2006-05-05,1.85122,1.86207,1.83116,1.85892,139862.65
2006-05-07,1.85986,1.8645,1.85985,1.86219,9910.5
2006-05-08,1.86219,1.86832,1.85477,1.85758,145157.32
2006-05-09,1.85764,1.86859,1.85135,1.86584,145565.47
2006-05-10,1.8659,1.87256,1.85788,1.85812,148732.17
2006-05-11,1.85828,1.8861,1.85295,1.88454,146129.64
2006-05-12,1.88437,1.89939,1.88225,1.89402,140728.14
2006-05-14,1.89435,1.89939,1.89405,1.89882,9715.8
2006-05-15,1.89878,1.89926,1.8754,1.8776,147131.25
2006-05-16,1.87766,1.88941,1.87461,1.88582,147752.32
2006-05-17,1.88586,1.9018,1.87748,1.88182,145108.45
2006-05-18,1.88183,1.89593,1.8806,1.89444,149581.7
2006-05-19,1.89465,1.89526,1.87001,1.87738,141983.85
2006-05-21,1.87925,1.87938,1.87528,1.87602,9517.4
2006-05-22,1.87603,1.88842,1.86317,1.88448,151360.64
2006-05-23,1.8846,1.88806,1.8739,1.87853,149722.78
2006-05-24,1.87863,1.88552,1.86482,1.86919,148009.69
2006-05-25,1.8693,1.87706,1.86654,1.87379,147437.8
2006-05-26,1.87408,1.87463,1.85285,1.85827,142709.66
2006-05-28,1.85905,1.85965,1.85587,1.85883,9398.85
2006-05-29,1.85912,1.86396,1.85631,1.85828,143846.08
2006-05-30,1.85833,1.88626,1.85762,1.88098,145016.09
2006-05-31,1.88101,1.88514,1.86736,1.87079,148742.72
2006-06-01,1.87072,1.87093,1.85606,1.86643,147969.89
2006-06-02,1.8665,1.88574,1.86071,1.8813,141490.98
2006-06-04,1.88195,1.88384,1.88165,1.88343,9731.35
2006-06-05,1.88341,1.88752,1.86447,1.87106,147481.79
2006-06-06,1.87109,1.87702,1.85863,1.86045,147670.17
2006-06-07,1.86062,1.86446,1.85284,1.85697,147863.91
2006-06-08,1.857,1.85734,1.83688,1.843,147534.24
2006-06-09,1.84302,1.84825,1.83672,1.84034,141823.15
2006-06-11,1.83975,1.83978,1.8377,1.83794,8902.35
2006-06-12,1.838,1.84659,1.83797,1.84015,149779.68
2006-06-13,1.84018,1.84463,1.83137,1.8341,147631.83
2006-06-14,1.83414,1.84964,1.83315,1.84377,147964.48
2006-06-15,1.84378,1.85422,1.84182,1.85103,148403.34
2006-06-16,1.85108,1.85567,1.84694,1.8501,140874.52
2006-06-18,1.85,1.85265,1.8497,1.85172,10343.3
2006-06-19,1.85175,1.85177,1.83676,1.84001,146258.75
2006-06-20,1.84,1.84563,1.83482,1.84456,148241.02
2006-06-21,1.84457,1.84705,1.84076,1.84606,149953.06
2006-06-22,1.84588,1.84661,1.82618,1.8277,147190.76
2006-06-23,1.82779,1.83095,1.81293,1.81865,142154.23
2006-06-25,1.8173,1.82007,1.81668,1.81986,10258.25
2006-06-26,1.8199,1.82534,1.81613,1.82516,148232.06
2006-06-27,1.82521,1.82611,1.81847,1.82095,147291.8
2006-06-28,1.82095,1.82384,1.81434,1.8172,148203.29
2006-06-29,1.81714,1.82964,1.80759,1.82729,148540.55
2006-06-30,1.82733,1.84992,1.82695,1.8498,145154.49
2006-07-02,1.84789,1.84789,1.84595,1.84727,10221.2
2006-07-03,1.84728,1.84859,1.83848,1.84274,147190.07
2006-07-04,1.84271,1.8478,1.8422,1.84315,146879.06
2006-07-05,1.84327,1.84844,1.83246,1.83498,147925.0
2006-07-06,1.83513,1.84061,1.83326,1.83709,146609.04
2006-07-07,1.83712,1.85365,1.83527,1.85058,139014.2
2006-07-09,1.85024,1.8504,1.84913,1.84998,9489.3
2006-07-10,1.85001,1.85194,1.83679,1.8422,146584.41
2006-07-11,1.84225,1.84711,1.83656,1.84455,144876.2
2006-07-12,1.84458,1.84763,1.83109,1.83318,147485.9
2006-07-13,1.83331,1.84656,1.83303,1.8431,147571.87
2006-07-14,1.84314,1.84476,1.83376,1.83817,142311.11
2006-07-16,1.8378,1.83858,1.83615,1.83765,9217.1
2006-07-17,1.83767,1.83809,1.81753,1.81985,145470.17
2006-07-18,1.81988,1.83273,1.81816,1.82489,147189.35
2006-07-19,1.82486,1.84393,1.82051,1.84217,146444.37
2006-07-20,1.84223,1.85163,1.84179,1.8479,148145.57
2006-07-21,1.84793,1.85964,1.84672,1.85763,140393.68
2006-07-23,1.8588,1.85937,1.85778,1.85882,9270.2
2006-07-24,1.8586,1.8586,1.848,1.84897,145725.44
2006-07-25,1.849,1.8533,1.83837,1.8406,147397.54
2006-07-26,1.84063,1.85494,1.839,1.85344,148533.2
2006-07-27,1.85344,1.86731,1.85248,1.8562,146696.03
2006-07-28,1.85621,1.86632,1.85004,1.86263,140114.31
2006-07-30,1.86276,1.86413,1.86175,1.86403,8840.1
2006-07-31,1.86405,1.86874,1.86156,1.86735,148394.94
2006-08-01,1.8674,1.87682,1.86252,1.87643,147055.43
2006-08-02,1.87651,1.8793,1.87305,1.87732,148873.29
2006-08-03,1.87731,1.89118,1.86989,1.88626,150768.67
2006-08-04,1.88628,1.91255,1.88498,1.90733,142997.89
2006-08-06,1.90722,1.90832,1.90655,1.9078,8771.0
2006-08-07,1.90783,1.9112,1.90376,1.90427,146233.47
2006-08-08,1.90428,1.91395,1.89755,1.89991,149189.78
2006-08-09,1.89989,1.91071,1.89699,1.90498,145286.64
2006-08-10,1.90497,1.90853,1.88663,1.89352,150881.91
2006-08-11,1.8935,1.89871,1.88842,1.8903,141894.91
2006-08-13,1.89056,1.89287,1.88848,1.8922,9314.4
2006-08-14,1.89233,1.89485,1.88407,1.88829,145520.96
2006-08-15,1.88834,1.89756,1.88551,1.89297,146253.89
2006-08-16,1.89302,1.9022,1.88618,1.89638,147944.33
2006-08-17,1.89641,1.89996,1.88192,1.88503,145279.62
2006-08-18,1.88508,1.88661,1.87753,1.8811,141110.32
2006-08-20,1.88057,1.88245,1.88001,1.88215,9980.5
2006-08-21,1.88219,1.89943,1.88177,1.89061,147287.51
2006-08-22,1.89063,1.89469,1.88537,1.88685,145420.49
2006-08-23,1.88689,1.89944,1.88636,1.89225,145621.73
2006-08-24,1.89216,1.89699,1.88575,1.8871,147030.26
2006-08-25,1.88713,1.89116,1.88297,1.88683,142177.25
2006-08-27,1.88689,1.88823,1.88597,1.88648,8280.6
2006-08-28,1.88653,1.89899,1.88634,1.89472,143395.62
2006-08-29,1.89471,1.90264,1.88954,1.89843,147752.01
2006-08-30,1.89845,1.90579,1.89692,1.90373,146952.42
2006-08-31,1.90386,1.90911,1.89937,1.90335,149787.75
2006-09-01,1.90348,1.90659,1.89566,1.90488,141835.22
2006-09-03,1.90499,1.90719,1.90479,1.90628,12280.35
2006-09-04,1.90633,1.90789,1.90296,1.90504,147286.28
2006-09-05,1.90513,1.90563,1.89114,1.8936,150352.22
2006-09-06,1.89345,1.89535,1.87941,1.88528,149861.17
2006-09-07,1.88529,1.88687,1.8706,1.87484,148198.77
2006-09-08,1.87514,1.87534,1.8627,1.86537,142852.59
2006-09-10,1.86508,1.86721,1.86375,1.86708,9847.8
2006-09-11,1.86711,1.87033,1.86023,1.8666,148148.69
2006-09-12,1.8666,1.87684,1.86598,1.87302,149341.37
2006-09-13,1.87301,1.87785,1.87085,1.87749,146192.41
2006-09-14,1.87749,1.8917,1.87555,1.8855,147531.25
2006-09-15,1.88557,1.88798,1.87524,1.87927,141863.65
2006-09-17,1.87899,1.8802,1.87627,1.87781,9821.4
2006-09-18,1.87825,1.8839,1.87351,1.88158,146354.63
2006-09-19,1.88165,1.88837,1.87728,1.88107,147384.45
2006-09-20,1.88111,1.89269,1.8802,1.88828,146206.11
2006-09-21,1.88823,1.90308,1.88795,1.90268,149002.63
2006-09-22,1.90266,1.90614,1.89874,1.89899,139201.25
2006-09-24,1.89896,1.90151,1.89895,1.90092,10457.6
2006-09-25,1.901,1.90708,1.89811,1.90102,145463.02
2006-09-26,1.90101,1.90256,1.89307,1.89544,145886.87
2006-09-27,1.89541,1.89595,1.88532,1.88993,145283.42
2006-09-28,1.88993,1.89129,1.87229,1.87514,149052.48
2006-09-29,1.8752,1.87774,1.86344,1.87217,143731.09
2006-10-01,1.87285,1.87595,1.87025,1.87206,11054.6
2006-10-02,1.87208,1.88761,1.86744,1.88648,146700.91
2006-10-03,1.88636,1.8897,1.88537,1.88625,144225.47
2006-10-04,1.88618,1.8882,1.87847,1.8864,147683.28
2006-10-05,1.88645,1.88684,1.87498,1.87853,145255.87
2006-10-06,1.87854,1.88652,1.86735,1.8699,143986.59
2006-10-08,1.86952,1.87001,1.86822,1.8699,10292.4
2006-10-09,1.87,1.8711,1.86349,1.86633,147185.34
2006-10-10,1.86633,1.86995,1.85257,1.85362,147793.66
2006-10-11,1.85359,1.85865,1.85163,1.85449,147740.21
2006-10-12,1.85455,1.861,1.85359,1.85888,149734.94
2006-10-13,1.85886,1.86328,1.85337,1.8552,142983.24
2006-10-15,1.85508,1.85617,1.85377,1.854,9286.3
2006-10-16,1.85398,1.86459,1.85217,1.8611,148847.51
2006-10-17,1.8613,1.87347,1.86078,1.86974,147623.48
2006-10-18,1.86972,1.87362,1.8662,1.86735,147995.51
2006-10-19,1.86732,1.87972,1.86646,1.87698,146255.29
2006-10-20,1.877,1.88577,1.87562,1.88359,142386.56
2006-10-22,1.88303,1.88358,1.88193,1.8823,9726.9
2006-10-23,1.8823,1.88285,1.86857,1.87235,147235.88
2006-10-24,1.87236,1.87671,1.86743,1.87231,147867.01
2006-10-25,1.87233,1.8798,1.87222,1.8785,146096.7
2006-10-26,1.87856,1.89234,1.87819,1.8891,147339.54
2006-10-27,1.88916,1.90002,1.88702,1.89755,141974.75
2006-10-29,1.89741,1.89763,1.89471,1.89605,10767.1
2006-10-30,1.8963,1.90408,1.89545,1.8993,146416.93
2006-10-31,1.8994,1.90968,1.89593,1.90782,149399.42
2006-11-01,1.90787,1.9135,1.90544,1.90692,145928.61
2006-11-02,1.907,1.91039,1.90322,1.90772,145340.05
2006-11-03,1.90774,1.91113,1.89754,1.90102,144129.86
2006-11-05,1.90098,1.90279,1.90053,1.90153,10210.3
2006-11-06,1.90161,1.9026,1.89488,1.89797,147619.51
2006-11-07,1.89805,1.912,1.89801,1.90528,146624.47
2006-11-08,1.90535,1.90955,1.90062,1.90457,147733.13
2006-11-09,1.90458,1.90819,1.89748,1.90642,146344.01
2006-11-10,1.90646,1.91772,1.906,1.9103,140758.29
2006-11-12,1.91006,1.91255,1.90877,1.91138,10124.2
2006-11-13,1.91146,1.91508,1.89967,1.90468,146659.2
2006-11-14,1.90465,1.90473,1.8925,1.8957,150005.99
2006-11-15,1.8958,1.89678,1.88371,1.88882,146610.47
2006-11-16,1.88881,1.89286,1.88518,1.88777,146555.81
2006-11-17,1.88802,1.89659,1.88352,1.89371,139582.66
2006-11-19,1.89406,1.89506,1.89368,1.89399,9610.1
2006-11-20,1.89411,1.89859,1.89316,1.89685,147472.6
2006-11-21,1.8969,1.90029,1.89612,1.89902,144834.93
2006-11-22,1.89901,1.91662,1.89861,1.91398,148073.06
2006-11-23,1.91398,1.91661,1.91286,1.9156,144705.05
2006-11-24,1.91559,1.93483,1.91434,1.93221,139147.07
2006-11-26,1.932,1.94685,1.932,1.93929,12187.6
2006-11-27,1.93931,1.94079,1.93117,1.93787,149829.82
2006-11-28,1.93786,1.9538,1.93668,1.95283,147319.61
2006-11-29,1.95289,1.9542,1.94344,1.94561,142624.35
2006-11-30,1.94572,1.9698,1.94474,1.96601,146146.87
2006-12-01,1.96633,1.98449,1.96367,1.97937,142833.3
2006-12-03,1.98084,1.98379,1.9759,1.98172,10499.8
2006-12-04,1.98163,1.98184,1.97243,1.98032,151283.51
2006-12-05,1.98034,1.98052,1.96784,1.97302,148462.27
2006-12-06,1.97303,1.97386,1.96166,1.96589,149819.54
2006-12-07,1.96593,1.97092,1.96086,1.9624,151962.09
2006-12-08,1.96263,1.97255,1.95108,1.95457,142335.68
2006-12-10,1.95325,1.9548,1.95088,1.95387,12484.69
2006-12-11,1.95361,1.96057,1.94655,1.95973,149997.81
2006-12-12,1.95969,1.97139,1.95772,1.97081,150205.84
2006-12-13,1.97083,1.97269,1.96076,1.96727,148196.84
2006-12-14,1.96715,1.97105,1.95782,1.9617,150712.35
2006-12-15,1.95531,1.96625,1.9498,1.95195,142002.5
2006-12-17,1.95174,1.95302,1.95098,1.95222,9522.0
2006-12-18,1.95213,1.95778,1.94337,1.94755,148147.43
2006-12-19,1.94745,1.97121,1.94732,1.97075,148558.64
2006-12-20,1.97077,1.97464,1.96178,1.9652,149561.29
2006-12-21,1.9653,1.9695,1.95575,1.962,149485.31
2006-12-22,1.962,1.96807,1.95581,1.95778,143462.85
2006-12-24,1.95796,1.95933,1.95548,1.95878,11712.9
2006-12-25,1.9591,1.97564,1.95549,1.95872,160261.86
2006-12-26,1.95862,1.95983,1.9513,1.95517,154495.02
2006-12-27,1.95518,1.96292,1.95273,1.95635,149056.25
2006-12-28,1.95635,1.96765,1.9553,1.96168,147920.27
2006-12-29,1.96172,1.9669,1.9565,1.95848,141335.85
2006-12-31,1.95846,1.95879,1.95779,1.95802,9570.6
2007-01-01,1.95805,1.96417,1.95765,1.96332,146165.86
2007-01-02,1.9633,1.97418,1.9604,1.97295,157571.17
2007-01-03,1.97301,1.9749,1.94814,1.95169,147926.87
2007-01-04,1.95165,1.95296,1.9398,1.94258,148457.57
2007-01-05,1.94251,1.94316,1.92633,1.929,142465.8
2007-01-07,1.9287,1.93069,1.9287,1.92932,10307.1
2007-01-08,1.92938,1.94023,1.92608,1.93987,148024.01
2007-01-09,1.93985,1.94527,1.93852,1.9388,147057.79
2007-01-10,1.93881,1.94205,1.93148,1.93187,149134.79
2007-01-11,1.932,1.95336,1.93169,1.94395,151011.92
2007-01-12,1.94392,1.96036,1.94268,1.9588,141238.61
2007-01-14,1.95893,1.96019,1.95791,1.95992,11200.5
2007-01-15,1.9598,1.96676,1.95697,1.96399,149877.98
2007-01-16,1.96413,1.9702,1.959,1.96069,149066.68
2007-01-17,1.96068,1.9722,1.96035,1.97015,146617.84
2007-01-18,1.97022,1.97776,1.96364,1.97388,150033.73
2007-01-19,1.97382,1.97662,1.9696,1.97335,141789.94
2007-01-21,1.97326,1.97444,1.97288,1.97365,10708.9
2007-01-22,1.97367,1.97857,1.97169,1.97647,146107.33
2007-01-23,1.97655,1.99145,1.97652,1.98179,148459.89
2007-01-24,1.98181,1.98299,1.96464,1.9677,148690.32
2007-01-25,1.96757,1.97307,1.96245,1.96495,150638.08
2007-01-26,1.96485,1.96771,1.95576,1.95807,142764.23
2007-01-28,1.95912,1.96137,1.95824,1.96096,12432.1
2007-01-29,1.96095,1.96123,1.95482,1.96108,150945.3
2007-01-30,1.96112,1.96938,1.95995,1.96168,147233.55
2007-01-31,1.96174,1.96659,1.94817,1.96303,148549.55
2007-02-01,1.9632,1.97329,1.96211,1.9666,147238.77
2007-02-02,1.96663,1.9744,1.96415,1.9658,141804.75
2007-02-04,1.96565,1.96629,1.96446,1.96542,9824.9
2007-02-05,1.96549,1.96662,1.95363,1.96051,147187.84
2007-02-06,1.96053,1.97197,1.95878,1.97068,144451.08
2007-02-07,1.97073,1.97299,1.96732,1.97102,144765.8
2007-02-08,1.97103,1.9727,1.95417,1.95834,148803.8
2007-02-09,1.95832,1.95998,1.94571,1.94892,144812.27
2007-02-11,1.94858,1.95397,1.94745,1.95328,17839.2
2007-02-12,1.95337,1.95655,1.94356,1.94674,157847.7
2007-02-13,1.94693,1.95225,1.94014,1.94542,146530.0
2007-02-14,1.94543,1.96463,1.9454,1.96447,149090.06
2007-02-15,1.96451,1.96749,1.95025,1.95118,145872.73
2007-02-16,1.9512,1.95384,1.94653,1.94928,141628.76
2007-02-18,1.94932,1.9556,1.94907,1.95243,9067.0
2007-02-19,1.95238,1.95586,1.94333,1.95037,145155.89
2007-02-20,1.95043,1.95745,1.94782,1.95575,147432.81
2007-02-21,1.95578,1.95874,1.94861,1.95318,146637.01
2007-02-22,1.95325,1.95998,1.9461,1.95608,147318.31
2007-02-23,1.95615,1.96507,1.95364,1.96336,140661.36
2007-02-25,1.96271,1.96508,1.96271,1.9641,10265.4
2007-02-26,1.96415,1.96583,1.96072,1.9634,147812.82
2007-02-27,1.96343,1.96718,1.95915,1.96232,149205.57
2007-02-28,1.96234,1.96499,1.95194,1.96347,148457.38
2007-03-01,1.96352,1.96502,1.95549,1.95709,149917.42
2007-03-02,1.95714,1.9578,1.94111,1.9429,140536.18
2007-03-04,1.94305,1.94474,1.93413,1.93423,11836.55
2007-03-05,1.93405,1.93405,1.91822,1.92049,150009.7
2007-03-06,1.92048,1.9357,1.91968,1.93467,147612.89
2007-03-07,1.93475,1.93581,1.92635,1.92949,150462.37
2007-03-08,1.92954,1.93516,1.92665,1.9293,147171.21
2007-03-09,1.92926,1.93342,1.92701,1.93175,142617.57
2007-03-11,1.93172,1.93764,1.93158,1.93764,12255.0
2007-03-12,1.9376,1.94308,1.92529,1.932,146709.26
2007-03-13,1.932,1.93525,1.92696,1.92838,148183.51
2007-03-14,1.92853,1.93908,1.92124,1.93835,146821.98
2007-03-15,1.93841,1.93851,1.93082,1.93837,147638.84
2007-03-16,1.93842,1.95038,1.93573,1.94123,141697.47
2007-03-18,1.94155,1.94235,1.93814,1.9411,32018.56
2007-03-19,1.94093,1.94724,1.93973,1.94588,148716.9
2007-03-20,1.94594,1.96224,1.94319,1.96115,148758.35
2007-03-21,1.96108,1.96948,1.95557,1.96795,148200.21
2007-03-22,1.96795,1.97244,1.96122,1.96458,146111.17
2007-03-23,1.9646,1.96876,1.9586,1.96143,138791.43
2007-03-25,1.96105,1.96186,1.95709,1.95979,19577.79
2007-03-26,1.96002,1.97197,1.95805,1.96832,135089.24
2007-03-27,1.96838,1.96954,1.96189,1.9653,136074.08
2007-03-28,1.9653,1.9679,1.95998,1.96263,136977.71
2007-03-29,1.96274,1.96578,1.96136,1.96239,135234.51
2007-03-30,1.96238,1.97143,1.95466,1.96707,202198.48
2007-04-01,1.9671,1.97059,1.96625,1.9678,17900.55
2007-04-02,1.9679,1.9801,1.9663,1.97785,574632.92
2007-04-03,1.9779,1.98235,1.97285,1.9732,582812.68
2007-04-04,1.9732,1.97745,1.9716,1.9757,294434.57
2007-04-05,1.9757,1.9769,1.9669,1.97017,329570.64
2007-04-06,1.9706,1.9723,1.96355,1.96542,138339.9
2007-04-08,1.96493,1.96625,1.96413,1.96435,19435.26
2007-04-09,1.9644,1.965,1.95915,1.9618,153163.84
2007-04-10,1.9618,1.9751,1.9614,1.9719,395599.76
2007-04-11,1.9719,1.9817,1.9709,1.9754,393810.81
2007-04-12,1.9754,1.9811,1.97235,1.9794,289709.84
2007-04-13,1.9794,1.9887,1.978,1.98598,239812.58
2007-04-15,1.98645,1.9887,1.98271,1.9883,21376.6
2007-04-16,1.98835,1.99395,1.98625,1.9886,374704.06
2007-04-17,1.9886,2.0083,1.98834,2.0066,526095.27
2007-04-18,2.0066,2.0132,2.0014,2.0087,425750.86
2007-04-19,2.0087,2.0087,1.9984,2.0034,447113.17
2007-04-20,2.0034,2.00685,1.9988,2.00225,282250.81
2007-04-22,2.0021,2.00742,2.00162,2.0034,14069.19
2007-04-23,2.0034,2.0039,1.99695,2.00095,371707.28
2007-04-24,2.001,2.00455,1.9954,2.0025,385586.15
2007-04-25,2.00245,2.00615,2.0005,2.0017,428687.48
2007-04-26,2.0017,2.00595,1.9891,1.9904,460080.22
2007-04-27,1.9904,2.0043,1.9864,1.99825,521214.87
2007-04-29,1.99752,1.99839,1.99225,1.9936,24915.07
2007-04-30,1.9936,2.0031,1.989,1.9998,533455.4
2007-05-01,1.9998,2.00745,1.99745,1.9985,593704.96
2007-05-02,1.9985,1.9991,1.9869,1.99,926515.56
2007-05-03,1.99,1.9946,1.98545,1.9874,780411.52
2007-05-04,1.9874,1.9943,1.97528,1.97992,680080.11
2007-05-06,1.99125,1.9946,1.98915,1.9936,17581.77
2007-05-07,1.9936,1.99745,1.99218,1.99285,439024.54
2007-05-08,1.99285,1.9963,1.98795,1.9892,1188900.93
2007-05-09,1.9892,1.99985,1.98825,1.9929,1103815.68
2007-05-10,1.9929,1.9962,1.97695,1.9788,1633526.76
2007-05-11,1.9789,1.9844,1.97615,1.98061,1303308.85
2007-05-13,1.98075,1.9839,1.9793,1.9834,51650.49
2007-05-14,1.9834,1.9844,1.978,1.9795,1065638.97
2007-05-15,1.9795,1.9872,1.9747,1.9852,1488513.45
2007-05-16,1.9852,1.9874,1.97565,1.9776,1430762.56
2007-05-17,1.9776,1.97905,1.9733,1.9745,1065521.35
2007-05-18,1.9745,1.9778,1.97,1.97411,1078703.83
2007-05-20,1.97415,1.97548,1.97386,1.9745,33396.3
2007-05-21,1.9745,1.9749,1.96755,1.97145,1068811.14
2007-05-22,1.97145,1.9769,1.9699,1.9741,1083931.51
2007-05-23,1.9741,1.9895,1.9715,1.98617,1330864.32
2007-05-24,1.9862,1.9889,1.9829,1.98449,1062073.75
2007-05-25,1.9847,1.9879,1.98252,1.98323,943389.07
2007-05-27,1.98318,1.9844,1.98275,1.9835,27637.3
2007-05-28,1.9835,1.98495,1.98199,1.9831,368984.3
2007-05-29,1.9831,1.9899,1.97905,1.9805,1216439.34
2007-05-30,1.9805,1.9831,1.9734,1.97584,1255201.78
2007-05-31,1.976,1.98185,1.97365,1.9793,974959.46
2007-06-01,1.9793,1.9826,1.9758,1.98155,924281.9
2007-06-03,1.9816,1.9833,1.98082,1.9822,50874.8
2007-06-04,1.9822,1.9927,1.98155,1.9914,1282912.84
2007-06-05,1.9914,1.9968,1.9908,1.99273,1082600.28
2007-06-06,1.9926,1.9956,1.9907,1.9924,1224590.22
2007-06-07,1.9925,1.9942,1.97465,1.978,1209759.24
2007-06-08,1.978,1.9792,1.9622,1.97002,1320823.67
2007-06-10,1.96965,1.9702,1.9653,1.9667,41365.1
2007-06-11,1.9667,1.9703,1.965,1.9691,878092.37
2007-06-12,1.9691,1.9783,1.96876,1.9741,1016678.39
2007-06-13,1.9741,1.97635,1.9677,1.9723,1160111.37
2007-06-14,1.9723,1.9736,1.9657,1.969,1147965.57
2007-06-15,1.969,1.9779,1.96857,1.97723,830414.26
2007-06-17,1.97558,1.9777,1.97372,1.9774,31073.66
2007-06-18,1.9774,1.9844,1.9758,1.98355,958341.83
2007-06-19,1.9836,1.9894,1.9825,1.98755,1044466.28
2007-06-20,1.98755,1.9948,1.98684,1.9925,958072.02
2007-06-21,1.9925,1.9942,1.9886,1.9921,937739.36
2007-06-22,1.9921,1.9996,1.99084,1.99812,839050.22
2007-06-24,1.9991,1.9994,1.99735,1.99906,27124.53
2007-06-25,1.9993,2.0006,1.9956,1.998,723473.39
2007-06-26,1.998,2.0016,1.9958,1.9982,1093420.87
2007-06-27,1.9982,2.0003,1.9929,1.99955,1184061.83
2007-06-28,1.99955,2.00425,1.99745,2.002,1145089.46
2007-06-29,2.002,2.00955,2.001,2.00838,1220527.38
2007-07-01,2.00798,2.00908,2.00564,2.00785,27941.7
2007-07-02,2.00785,2.0184,2.0071,2.0166,1251242.91
2007-07-03,2.0166,2.0195,2.0132,2.0159,1035896.01
2007-07-04,2.01585,2.0206,2.015,2.016,537081.64
2007-07-05,2.016,2.0202,2.0089,2.0111,1439658.29
2007-07-06,2.0111,2.0141,2.0058,2.01007,1235893.41
2007-07-08,2.01154,2.01222,2.01,2.01125,38605.1
2007-07-09,2.0115,2.017,2.0097,2.0154,1140522.22
2007-07-10,2.0154,2.0282,2.0121,2.0266,1625796.3
2007-07-11,2.0267,2.0363,2.0244,2.0313,2136594.89
2007-07-12,2.0313,2.0365,2.0269,2.02865,1716236.04
2007-07-13,2.02865,2.0366,2.026,2.03428,1451339.47
2007-07-15,2.0332,2.0343,2.032,2.0341,28019.2
2007-07-16,2.0341,2.0404,2.03262,2.03629,1249308.6
2007-07-17,2.03645,2.0492,2.0349,2.0488,1476164.94
2007-07-18,2.0488,2.0547,2.0459,2.0532,1638902.49
2007-07-19,2.0531,2.05385,2.047,2.0481,1673168.35
2007-07-20,2.0481,2.05865,2.04775,2.05547,1361490.57
2007-07-22,2.0552,2.05614,2.0502,2.0556,41022.78
2007-07-23,2.0557,2.0603,2.05515,2.0588,1555742.89
2007-07-24,2.0589,2.0653,2.0589,2.0608,1620269.71
2007-07-25,2.0609,2.0616,2.04865,2.0538,1480848.55
2007-07-26,2.0538,2.0562,2.04245,2.0491,1737637.56
2007-07-27,2.0491,2.0493,2.0224,2.02471,1628913.24
2007-07-29,2.02455,2.02458,2.0182,2.0212,54213.28
2007-07-30,2.0212,2.03125,2.0206,2.03075,1396546.52
2007-07-31,2.03075,2.0378,2.0265,2.0286,1177875.4
2007-08-01,2.0286,2.0343,2.0204,2.0297,1736382.84
2007-08-02,2.0297,2.0378,2.0281,2.0355,1288292.82
2007-08-03,2.0355,2.0461,2.03365,2.03803,963245.98
2007-08-05,2.03828,2.0434,2.03643,2.0406,76310.79
2007-08-06,2.0406,2.0462,2.0279,2.032,1372594.9
2007-08-07,2.032,2.0336,2.0188,2.0234,1547864.56
2007-08-08,2.0234,2.0398,2.01555,2.03588,1584689.2
2007-08-09,2.0361,2.0395,2.0209,2.0217,1737195.54
2007-08-10,2.0218,2.027,2.0152,2.02354,1494333.43
2007-08-12,2.02355,2.02421,2.01537,2.0211,57660.79
2007-08-13,2.0211,2.02585,2.0084,2.0115,1541694.6
2007-08-14,2.0115,2.0132,1.9949,1.9955,2012350.12
2007-08-15,1.9954,1.9959,1.98545,1.9876,2130672.17
2007-08-16,1.9876,1.989,1.9769,1.9839,1783713.25
2007-08-17,1.9839,1.9935,1.9651,1.98102,1093965.29
2007-08-19,1.9811,1.98724,1.9773,1.9777,63324.01
2007-08-20,1.9776,1.9908,1.9768,1.9869,862846.56
2007-08-21,1.9868,1.9884,1.9743,1.9832,1141033.76
2007-08-22,1.9832,1.9956,1.9804,1.9939,1331703.79
2007-08-23,1.9938,2.0094,1.9917,2.0045,1504480.4
2007-08-24,2.0045,2.01584,1.9978,2.01417,1431649.12
2007-08-26,2.01398,2.0178,2.0124,2.0175,54120.25
2007-08-27,2.0175,2.0191,2.008,2.0091,865236.27
2007-08-28,2.00882,2.0141,1.9975,1.9981,1623932.04
2007-08-29,1.9984,2.01825,1.9958,2.0149,1664206.23
2007-08-30,2.0149,2.0184,2.0043,2.0152,1340830.11
2007-08-31,2.0152,2.0233,2.0108,2.01673,1072202.24
2007-09-02,2.0162,2.01793,2.01445,2.0147,86127.5
2007-09-03,2.0147,2.0214,2.01333,2.0169,522344.39
2007-09-04,2.0169,2.0195,2.0072,2.01513,1054342.56
2007-09-05,2.0153,2.0225,2.00425,2.0198,1126570.07
2007-09-06,2.0198,2.0265,2.0141,2.0227,1093099.81
2007-09-07,2.0227,2.03245,2.016,2.02757,1185930.38
2007-09-09,2.0282,2.02915,2.02683,2.0284,37108.69
2007-09-10,2.0284,2.033,2.0262,2.027,539225.2
2007-09-11,2.027,2.0337,2.0233,2.0332,1002914.79
2007-09-12,2.0332,2.0366,2.02665,2.02675,1160413.15
2007-09-13,2.0268,2.0346,2.0167,2.01948,1046194.48
2007-09-14,2.0198,2.0225,2.0053,2.00876,880926.84
2007-09-16,2.00872,2.00955,2.0039,2.0061,54992.05
2007-09-17,2.0061,2.0092,1.9916,1.99317,894035.84
2007-09-18,1.9932,2.0151,1.9879,2.0117,893622.89
2007-09-19,2.0117,2.0173,1.99505,2.00165,1026654.93
2007-09-20,2.0018,2.0146,1.9973,2.0101,961270.3
2007-09-21,2.01,2.02135,2.008,2.01971,921259.15
2007-09-23,2.01968,2.0214,2.01715,2.0203,58791.2
2007-09-24,2.0203,2.0318,2.02005,2.02015,709485.23
2007-09-25,2.02015,2.0217,2.00855,2.0182,922050.3
2007-09-26,2.0182,2.0193,2.01045,2.01511,855162.98
2007-09-27,2.01518,2.02915,2.0136,2.02685,806765.6
2007-09-28,2.0268,2.0489,2.01955,2.04675,1214376.03
2007-09-30,2.04665,2.04785,2.04395,2.0451,69909.12
2007-10-01,2.0451,2.0494,2.0375,2.044,863436.29
2007-10-02,2.0441,2.04465,2.0369,2.0405,789471.72
2007-10-03,2.0405,2.04425,2.0308,2.03245,990801.56
2007-10-04,2.03245,2.0429,2.02775,2.03865,851837.13
2007-10-05,2.03865,2.0443,2.0301,2.04223,878309.14
2007-10-07,2.04232,2.04434,2.04094,2.042,42909.45
2007-10-08,2.042,2.0427,2.03315,2.035,622022.14
2007-10-09,2.0351,2.03935,2.0257,2.0388,907028.71
2007-10-10,2.0388,2.0479,2.03717,2.039,1434720.69
2007-10-11,2.039,2.0422,2.03095,2.0329,935455.37
2007-10-12,2.0329,2.03746,2.02465,2.03623,924296.03
2007-10-14,2.03637,2.03689,2.0333,2.0342,78006.01
2007-10-15,2.0342,2.0437,2.0319,2.0416,2081536.74
2007-10-16,2.0416,2.0435,2.02945,2.03145,2195495.29
2007-10-17,2.03145,2.0423,2.02865,2.03875,1695546.94
2007-10-18,2.03875,2.0514,2.03795,2.04475,1018606.38
2007-10-19,2.04475,2.05261,2.04075,2.05145,827806.26
2007-10-21,2.05117,2.05725,2.0484,2.0503,207807.75
2007-10-22,2.0503,2.0536,2.0258,2.0331,789633.64
2007-10-23,2.0332,2.0518,2.03215,2.04965,669761.65
2007-10-24,2.04965,2.0513,2.04255,2.04885,1364845.84
2007-10-25,2.04885,2.0553,2.04525,2.05115,1944000.68
2007-10-26,2.0512,2.05725,2.04805,2.05264,1894470.95
2007-10-28,2.05272,2.05514,2.05165,2.05335,302683.83
2007-10-29,2.0534,2.0643,2.05285,2.06085,1737050.39
2007-10-30,2.0608,2.0703,2.0565,2.0679,1870355.34
2007-10-31,2.0679,2.0822,2.0669,2.0794,1958141.89
2007-11-01,2.0794,2.0874,2.0755,2.0778,2077944.79
2007-11-02,2.0778,2.09037,2.0764,2.08967,1841652.67
2007-11-04,2.08967,2.08977,2.0862,2.0877,325393.72
2007-11-05,2.0877,2.08935,2.07815,2.08095,1345861.62
2007-11-06,2.08095,2.0906,2.08055,2.08705,668827.71
2007-11-07,2.08705,2.10715,2.08665,2.09945,929219.81
2007-11-08,2.09945,2.1116,2.0982,2.10775,636746.64
2007-11-09,2.10775,2.11615,2.08795,2.0917,1046771.97
2007-11-11,2.0916,2.09187,2.0797,2.0858,78993.05
2007-11-12,2.0858,2.08655,2.05215,2.05405,982562.36
2007-11-13,2.05405,2.0761,2.0527,2.07435,1134886.75
2007-11-14,2.07435,2.08435,2.0504,2.0526,798806.13
2007-11-15,2.0526,2.06175,2.04175,2.0442,811928.09
2007-11-16,2.04425,2.05484,2.0352,2.0527,829656.12
2007-11-18,2.05412,2.05488,2.05188,2.05385,55336.69
2007-11-19,2.05395,2.05645,2.0451,2.0491,2302276.61
2007-11-20,2.0491,2.0683,2.04545,2.06575,2317363.92
2007-11-21,2.06575,2.06975,2.05265,2.06285,2207509.22
2007-11-22,2.06285,2.06835,2.0584,2.06155,2231767.68
2007-11-23,2.06155,2.0765,2.05175,2.0608,1681374.47
2007-11-25,2.06205,2.06435,2.0596,2.06355,317355.65
2007-11-26,2.06355,2.07375,2.06125,2.0688,401786.05
2007-11-27,2.06875,2.0755,2.06405,2.06705,551219.71
2007-11-28,2.06695,2.08325,2.05825,2.07835,469906.2
2007-11-29,2.07835,2.07935,2.05935,2.0625,420025.91
2007-11-30,2.0625,2.06995,2.05325,2.0558,493110.23
2007-12-02,2.05417,2.05835,2.05373,2.05765,47872.22
2007-12-03,2.0576,2.06785,2.05235,2.0637,420595.6
2007-12-04,2.06385,2.0673,2.0559,2.05825,584731.4
2007-12-05,2.05835,2.05875,2.02465,2.02695,682883.39
2007-12-06,2.02705,2.03115,2.0179,2.02815,595225.1
2007-12-07,2.02815,2.03455,2.022,2.03028,444008.56
2007-12-09,2.03035,2.0334,2.02919,2.03285,52853.75
2007-12-10,2.03285,2.04885,2.031,2.0443,459205.79
2007-12-11,2.0443,2.05195,2.0328,2.0355,585177.32
2007-12-12,2.0356,2.0581,2.0348,2.04455,708718.28
2007-12-13,2.04455,2.04825,2.034,2.0422,531875.34
2007-12-14,2.0422,2.04465,2.0134,2.01345,439490.31
2007-12-16,2.01755,2.01757,2.01381,2.01625,53355.6
2007-12-17,2.01625,2.0228,2.01,2.0209,486569.79
2007-12-18,2.02095,2.02245,2.011,2.01655,490232.54
2007-12-19,2.01655,2.0195,1.9927,1.99592,581389.52
2007-12-20,1.9964,1.9985,1.9809,1.9836,447958.4
2007-12-21,1.9836,1.9893,1.9809,1.98323,285975.59
2007-12-23,1.98365,1.98475,1.98195,1.98365,26438.25
2007-12-24,1.98365,1.9843,1.97531,1.97731,129385.94
2007-12-25,1.97762,1.98147,1.96933,1.97692,195868.16
2007-12-26,1.97667,1.9848,1.9765,1.98375,210756.35
2007-12-27,1.9838,1.9966,1.98327,1.9944,297826.36
2007-12-28,1.99443,2.0022,1.99015,1.99598,332153.01
2007-12-30,1.99574,1.998,1.99347,1.9979,14314.2
2007-12-31,1.9979,2.0102,1.98095,1.98588,270383.45
2008-01-01,1.98608,1.9898,1.98324,1.98725,68110.3
2008-01-02,1.98725,1.98905,1.97735,1.9817,402714.88
2008-01-03,1.9817,1.9838,1.97035,1.97365,379545.38
2008-01-04,1.97365,1.98495,1.9673,1.9737,269516.58
2008-01-06,1.97288,1.9751,1.97105,1.9717,74241.7
2008-01-07,1.9717,1.9756,1.9652,1.9666,538791.67
2008-01-08,1.9666,1.98285,1.96655,1.97135,483511.17
2008-01-09,1.9714,1.97625,1.95535,1.9573,510263.82
2008-01-10,1.9573,1.96685,1.954,1.96125,528500.95
2008-01-11,1.96125,1.96355,1.9483,1.95758,384719.62
2008-01-13,1.95822,1.9597,1.95576,1.9588,52444.15
2008-01-14,1.9588,1.96475,1.9524,1.954,423981.71
2008-01-15,1.954,1.9741,1.9536,1.9578,635045.3
2008-01-16,1.9579,1.97195,1.9529,1.96235,628146.74
2008-01-17,1.9623,1.97915,1.96045,1.97005,906456.74
2008-01-18,1.97,1.9724,1.9512,1.95505,776118.65
2008-01-20,1.95498,1.95835,1.95366,1.957,40598.9
2008-01-21,1.957,1.9571,1.9399,1.9403,497325.58
2008-01-22,1.9403,1.96445,1.9336,1.9602,721004.82
2008-01-23,1.9602,1.9618,1.9464,1.9567,541833.67
2008-01-24,1.9567,1.9781,1.9499,1.9778,482531.64
2008-01-25,1.9778,1.98475,1.9736,1.9839,615013.87
2008-01-27,1.98346,1.98765,1.98195,1.98645,78577.76
2008-01-28,1.9865,1.98915,1.9728,1.98455,544445.2
2008-01-29,1.9845,1.99285,1.9811,1.98915,610368.47
2008-01-30,1.98915,1.9958,1.9824,1.98375,813050.06
2008-01-31,1.98375,1.9945,1.9832,1.99015,383148.25
2008-02-01,1.99,1.99405,1.96392,1.9645,288295.42
2008-02-03,1.96485,1.96613,1.96248,1.96505,52872.9
2008-02-04,1.96505,1.97865,1.96455,1.9746,417732.9
2008-02-05,1.9746,1.9763,1.9604,1.9644,299112.43
2008-02-06,1.9644,1.9662,1.9553,1.96015,426162.65
2008-02-07,1.96015,1.9624,1.9388,1.9422,351988.54
2008-02-08,1.9422,1.95125,1.9402,1.94528,402765.08
2008-02-10,1.946,1.94694,1.94463,1.94625,26442.45
2008-02-11,1.94625,1.953,1.94015,1.9493,136539.09
2008-02-12,1.9493,1.96325,1.94425,1.9597,220732.73
2008-02-13,1.9597,1.9665,1.9549,1.96195,170719.31
2008-02-14,1.96195,1.9738,1.9613,1.9694,135004.54
2008-02-15,1.9694,1.97215,1.958,1.9613,135944.84
2008-02-17,1.96097,1.96138,1.95615,1.9582,42563.3
2008-02-18,1.9582,1.96375,1.9474,1.9502,706045.21
2008-02-19,1.9502,1.95415,1.9453,1.94785,840926.56
2008-02-20,1.94785,1.95015,1.9362,1.9423,570131.32
2008-02-21,1.9423,1.9643,1.941,1.9632,205668.47
2008-02-22,1.9632,1.97085,1.96085,1.96503,130918.73
2008-02-24,1.96678,1.96955,1.96505,1.9687,16716.5
2008-02-25,1.96865,1.97005,1.9616,1.9662,388858.36
2008-02-26,1.9662,1.9892,1.96415,1.987,633280.13
2008-02-27,1.987,1.9971,1.979,1.983,980288.12
2008-02-28,1.983,1.99465,1.97615,1.98935,850210.86
2008-02-29,1.98935,1.9922,1.97835,1.98805,530378.33
2008-03-02,1.98869,1.9892,1.9835,1.9843,106687.4
2008-03-03,1.9843,1.99365,1.9807,1.98365,460630.38
2008-03-04,1.98365,1.98905,1.98115,1.985,403655.0
2008-03-05,1.985,1.9966,1.97205,1.9912,674090.36
2008-03-06,1.9912,2.01385,1.98925,2.01145,776366.88
2008-03-07,2.01145,2.0216,2.0095,2.01317,535388.35
2008-03-09,2.01333,2.0203,2.01325,2.0192,206016.8
2008-03-10,2.0192,2.022,2.00495,2.0081,729483.33
2008-03-11,2.0081,2.02115,1.9995,2.0056,650074.16
2008-03-12,2.00555,2.0279,2.00555,2.02665,1008731.84
2008-03-13,2.02665,2.03905,2.02515,2.0318,578260.69
2008-03-14,2.0318,2.0398,2.01727,2.01942,620619.93
2008-03-16,2.01893,2.02205,2.0131,2.0185,157514.3
2008-03-17,2.0185,2.023,1.9942,1.9968,644793.5
2008-03-18,1.997,2.0273,1.9969,2.00885,804821.14
2008-03-19,2.00885,2.0152,1.9803,1.9831,574285.01
2008-03-20,1.9831,1.9882,1.9735,1.9843,524484.11
2008-03-21,1.9843,1.98605,1.98085,1.98114,542985.5
2008-03-23,1.9822,1.98267,1.97855,1.9787,234067.2
2008-03-24,1.9787,1.9886,1.9756,1.9875,494425.79
2008-03-25,1.9875,2.0067,1.9857,2.0021,608435.35
2008-03-26,2.0021,2.0111,1.9926,2.00715,910326.93
2008-03-27,2.00715,2.01925,2.0024,2.0067,556000.95
2008-03-28,2.0067,2.009,1.9881,1.99418,514316.65
2008-03-30,1.99515,1.9968,1.991,1.9933,152672.25
2008-03-31,1.9933,1.9978,1.98125,1.98275,531942.0
2008-04-01,1.98275,1.98735,1.9728,1.9784,520132.22
2008-04-02,1.9784,1.9898,1.9747,1.98655,663552.67
2008-04-03,1.98655,1.9975,1.97585,1.9937,763894.58
2008-04-04,1.9937,2.0047,1.99095,1.99264,623021.42
2008-04-06,1.9927,1.99563,1.9915,1.993,36027.5
2008-04-07,1.993,1.9933,1.98345,1.9879,607951.46
2008-04-08,1.9879,1.9927,1.9655,1.967,720770.84
2008-04-09,1.967,1.97915,1.9649,1.9735,520602.42
2008-04-10,1.9735,1.9842,1.9704,1.9728,331495.58
2008-04-11,1.9728,1.9769,1.96825,1.97002,308814.62
2008-04-13,1.9703,1.97198,1.9645,1.967,302260.0
2008-04-14,1.967,1.98935,1.9656,1.9728,995202.42
2008-04-15,1.9728,1.9756,1.95995,1.9619,1006398.95
2008-04-16,1.9619,1.9806,1.9606,1.9715,954167.88
2008-04-17,1.9715,1.9924,1.9691,1.9906,445054.74
2008-04-18,1.9906,1.9998,1.9881,1.99715,515869.46
2008-04-20,1.9948,1.9997,1.9948,1.9983,338821.8
2008-04-21,1.9983,2.00265,1.9776,1.9823,842304.84
2008-04-22,1.9823,1.9998,1.9745,1.996,640794.72
2008-04-23,1.996,1.99735,1.97725,1.9789,278757.91
2008-04-24,1.9789,1.9816,1.96845,1.9725,285148.64
2008-04-25,1.9725,1.98895,1.9676,1.9836,278445.91
2008-04-27,1.9837,1.98507,1.9815,1.983,17154.15
2008-04-28,1.983,1.9965,1.9782,1.9911,146205.74
2008-04-29,1.9911,1.9912,1.9666,1.9678,246176.22
2008-04-30,1.9678,1.98955,1.9623,1.9866,167221.35
2008-05-01,1.9866,1.99085,1.9712,1.9776,176405.56
2008-05-02,1.9776,1.98975,1.97039,1.97049,181361.15
2008-05-04,1.97156,1.9741,1.97058,1.9737,24077.0
2008-05-05,1.9737,1.9784,1.9655,1.9733,96806.56
2008-05-06,1.9733,1.97715,1.9635,1.9712,134237.33
2008-05-07,1.9712,1.9717,1.95025,1.9508,131430.07
2008-05-08,1.9508,1.962,1.95025,1.9553,130266.47
2008-05-09,1.9553,1.957,1.9459,1.95374,114057.31
2008-05-11,1.95372,1.95378,1.94795,1.9518,13107.3
2008-05-12,1.9518,1.9633,1.9441,1.9531,131211.93
2008-05-13,1.9531,1.95865,1.94185,1.94465,157722.88
2008-05-14,1.9446,1.9474,1.9362,1.9462,139125.04
2008-05-15,1.9462,1.95015,1.9404,1.9476,140486.22
2008-05-16,1.94755,1.95975,1.94415,1.95762,138093.61
2008-05-18,1.95765,1.9578,1.9527,1.95705,23256.3
2008-05-19,1.95705,1.9623,1.94525,1.94825,110496.1
2008-05-20,1.9489,1.97185,1.9478,1.96665,139799.78
2008-05-21,1.9669,1.9733,1.9612,1.97076,211745.49
2008-05-22,1.971,1.9848,1.96815,1.9799,182177.71
2008-05-23,1.9799,1.9852,1.9755,1.97929,159412.74
2008-05-25,1.9794,1.9813,1.97885,1.98057,18350.0
2008-05-26,1.9807,1.9833,1.97585,1.9814,93183.15
2008-05-27,1.9814,1.9846,1.97145,1.9749,104355.71
2008-05-28,1.9749,1.9827,1.9703,1.9812,222289.62
2008-05-29,1.9812,1.9817,1.96725,1.9746,104500.75
2008-05-30,1.9746,1.98239,1.96845,1.98058,125443.14
2008-06-01,1.9805,1.98159,1.97181,1.974,5784.73
2008-06-02,1.974,1.9765,1.95965,1.96453,142178.22
2008-06-03,1.965,1.97405,1.9605,1.96185,99877.1
2008-06-04,1.96185,1.9637,1.9526,1.9536,76993.82
2008-06-05,1.9536,1.9597,1.9461,1.9588,106044.27
2008-06-06,1.9588,1.9734,1.9537,1.96983,87313.35
2008-06-08,1.96983,1.9713,1.96557,1.9705,11160.91
2008-06-09,1.9705,1.98005,1.967,1.9734,159496.82
2008-06-10,1.9734,1.9742,1.9519,1.953,162018.72
2008-06-11,1.953,1.96675,1.94915,1.9634,180430.16
2008-06-12,1.9634,1.9635,1.94335,1.9466,210465.57
2008-06-13,1.94655,1.9513,1.941,1.94615,200593.59
2008-06-15,1.94645,1.95527,1.9459,1.94855,22698.5
2008-06-16,1.94855,1.9687,1.9466,1.9629,274715.2
2008-06-17,1.9629,1.9698,1.947,1.9573,259189.99
2008-06-18,1.9573,1.9611,1.9478,1.9593,277377.7
2008-06-19,1.9593,1.9745,1.9585,1.9722,315734.79
2008-06-20,1.9722,1.9791,1.9699,1.97556,298923.6
2008-06-22,1.97567,1.9761,1.9734,1.9748,14419.56
2008-06-23,1.9748,1.9756,1.9585,1.96435,305462.76
2008-06-24,1.96435,1.9725,1.96235,1.9706,236759.9
2008-06-25,1.9706,1.9769,1.96545,1.9737,364835.83
2008-06-26,1.9737,1.9895,1.97135,1.9873,232535.34
2008-06-27,1.9873,1.9952,1.9806,1.99391,213054.35
2008-06-29,1.994,1.995,1.9924,1.9941,14689.98
2008-06-30,1.9943,1.9966,1.988,1.9927,290993.6
2008-07-01,1.99275,2.00065,1.98865,1.9942,243761.35
2008-07-02,1.9942,1.9973,1.98445,1.9934,322674.87
2008-07-03,1.9933,1.9936,1.9799,1.983,232719.71
2008-07-04,1.983,1.9848,1.9794,1.98254,143469.64
2008-07-06,1.98252,1.9827,1.98085,1.98222,13136.65
2008-07-07,1.98188,1.9824,1.96485,1.9761,204591.43
2008-07-08,1.9761,1.9797,1.9665,1.9696,190188.7
2008-07-09,1.9696,1.9839,1.96715,1.9809,183284.34
2008-07-10,1.9809,1.98235,1.9712,1.97715,195928.93
2008-07-11,1.97715,1.9958,1.9753,1.9887,180926.12
2008-07-13,1.99005,1.9912,1.9852,1.9852,14044.1
2008-07-14,1.9852,1.9962,1.9811,1.99495,213896.76
2008-07-15,1.99495,2.0155,1.9939,2.0053,190543.21
2008-07-16,2.0054,2.0097,1.9957,1.9991,153956.35
2008-07-17,1.9991,2.00715,1.99475,1.9973,206492.02
2008-07-18,1.9973,1.9997,1.9906,1.99827,179536.85
2008-07-20,1.99802,1.99867,1.993,1.9942,12161.8
2008-07-21,1.9942,2.0038,1.99075,2.0014,154117.62
2008-07-22,2.0014,2.00755,1.9896,1.9912,204305.52
2008-07-23,1.9912,2.00295,1.9903,1.99725,222337.55
2008-07-24,1.99725,1.9989,1.9816,1.9856,196191.26
2008-07-25,1.9856,1.9978,1.98305,1.98918,183840.31
2008-07-27,1.99042,1.99277,1.98717,1.9876,8295.2
2008-07-28,1.9876,1.9964,1.984,1.9947,193513.6
2008-07-29,1.9947,1.9968,1.97595,1.98,202139.56
2008-07-30,1.98,1.98425,1.97445,1.98065,177824.27
2008-07-31,1.9806,1.9929,1.978,1.9826,191172.27
2008-08-01,1.9826,1.9841,1.9725,1.97498,208140.24
2008-08-03,1.97515,1.9759,1.97333,1.9749,7994.6
2008-08-04,1.9749,1.97565,1.95995,1.96105,191611.13
2008-08-05,1.9612,1.9612,1.9521,1.9553,275723.62
2008-08-06,1.9553,1.9596,1.9466,1.94765,291255.29
2008-08-07,1.94765,1.9538,1.942,1.9433,231025.67
2008-08-08,1.9433,1.9433,1.91455,1.91942,254207.58
2008-08-10,1.92002,1.92126,1.9101,1.9138,14166.81
2008-08-11,1.9138,1.9255,1.90665,1.912,164409.01
2008-08-12,1.912,1.91215,1.89515,1.8952,272145.24
2008-08-13,1.8952,1.9036,1.8639,1.8666,267506.44
2008-08-14,1.8666,1.87865,1.8619,1.8662,220599.47
2008-08-15,1.8662,1.8683,1.8512,1.86317,155535.93
2008-08-17,1.86623,1.8665,1.86118,1.8649,10736.3
2008-08-18,1.8649,1.8722,1.86105,1.86475,124635.02
2008-08-19,1.86475,1.8681,1.85365,1.8677,170992.09
2008-08-20,1.8677,1.8684,1.85395,1.8628,205927.96
2008-08-21,1.8629,1.87935,1.86075,1.8765,182759.25
2008-08-22,1.8766,1.8766,1.8504,1.85078,247218.0
2008-08-24,1.85072,1.8525,1.8498,1.8506,9333.4
2008-08-25,1.8507,1.85895,1.8405,1.8486,199750.17
2008-08-26,1.8486,1.849,1.833,1.83905,231258.03
2008-08-27,1.8391,1.84885,1.8285,1.8368,203297.83
2008-08-28,1.8369,1.84,1.8239,1.829,269472.55
2008-08-29,1.829,1.8344,1.8173,1.82106,182412.26
2008-08-31,1.82107,1.82107,1.80815,1.81175,20544.1
2008-09-01,1.8118,1.8129,1.78475,1.7916,212799.52
2008-09-02,1.79155,1.7942,1.77815,1.7798,295809.57
2008-09-03,1.7799,1.7832,1.76665,1.7749,276896.95
2008-09-04,1.7749,1.7858,1.755,1.75965,323328.17
2008-09-05,1.7596,1.7745,1.7536,1.76572,267686.74
2008-09-07,1.7657,1.79335,1.76555,1.7819,65663.35
2008-09-08,1.7819,1.7976,1.747,1.7593,293296.27
2008-09-09,1.7592,1.7706,1.7504,1.7584,274922.73
2008-09-10,1.7584,1.76765,1.7473,1.7499,326975.03
2008-09-11,1.7499,1.7607,1.74455,1.7557,323469.1
2008-09-12,1.7557,1.7959,1.75495,1.79348,300440.38
2008-09-14,1.79343,1.80731,1.7924,1.7981,42201.4
2008-09-15,1.79825,1.8129,1.7764,1.7943,622813.14
2008-09-16,1.79435,1.79945,1.7733,1.786,632258.8
2008-09-17,1.786,1.8244,1.77835,1.8138,578992.94
2008-09-18,1.8138,1.82755,1.8089,1.81395,608209.76
2008-09-19,1.814,1.8386,1.79125,1.83133,373487.22
2008-09-21,1.83135,1.83563,1.83015,1.83235,56103.9
2008-09-22,1.83245,1.86415,1.82615,1.85615,393717.38
2008-09-23,1.8564,1.8635,1.847,1.85695,378576.33
2008-09-24,1.85695,1.8607,1.8455,1.85185,273440.4
2008-09-25,1.85185,1.86685,1.8306,1.84225,279033.09
2008-09-26,1.8423,1.8468,1.83335,1.84263,264447.15
2008-09-28,1.84438,1.84448,1.82575,1.83045,36273.0
2008-09-29,1.8305,1.83285,1.79575,1.8013,388156.41
2008-09-30,1.8013,1.8117,1.7757,1.78285,351569.95
2008-10-01,1.7831,1.78725,1.7633,1.7674,385242.65
2008-10-02,1.7674,1.7725,1.755,1.7631,417101.64
2008-10-03,1.7631,1.78385,1.7558,1.77147,333844.24
2008-10-05,1.7714,1.77168,1.7604,1.7661,66487.9
2008-10-06,1.7661,1.7677,1.73345,1.7422,495791.38
2008-10-07,1.7422,1.76575,1.73175,1.7461,342130.35
2008-10-08,1.7461,1.76555,1.72125,1.7221,5168228.34
2008-10-09,1.7223,1.7396,1.701,1.7025,8645410.57
2008-10-10,1.7025,1.7179,1.677,1.70602,7414541.43
2008-10-11,1.70395,1.70395,1.70395,1.70395,2.4
2008-10-12,1.70405,1.71715,1.69948,1.71345,564237.8
2008-10-13,1.7136,1.7448,1.6919,1.7445,8706133.74
2008-10-14,1.7446,1.76295,1.73855,1.7398,6505470.47
2008-10-15,1.73985,1.7602,1.7135,1.7192,6805099.01
2008-10-16,1.7192,1.73525,1.71565,1.7334,6795360.69
2008-10-17,1.7334,1.7381,1.72235,1.72848,4968907.68
2008-10-19,1.72832,1.7333,1.72817,1.7322,486217.8
2008-10-20,1.7322,1.7517,1.71045,1.71615,4846878.52
2008-10-21,1.7162,1.7196,1.6508,1.6524,6376235.21
2008-10-22,1.6524,1.65985,1.61345,1.62013,6224422.07
2008-10-23,1.6202,1.63455,1.604,1.6176,5143443.1
2008-10-24,1.6178,1.61845,1.5259,1.59206,3954461.44
2008-10-26,1.59215,1.59228,1.56485,1.58475,371766.75
2008-10-27,1.5849,1.58725,1.52755,1.5531,3126512.92
2008-10-28,1.5531,1.6111,1.5401,1.6086,212931.99
2008-10-29,1.6086,1.64735,1.5934,1.6364,210561.1
2008-10-30,1.6364,1.66715,1.621,1.63608,198841.38
2008-10-31,1.63627,1.64693,1.60045,1.60643,173455.33
2008-11-02,1.60649,1.61135,1.60645,1.61095,6029.1
2008-11-03,1.61095,1.6398,1.57175,1.5764,132689.1
2008-11-04,1.5764,1.6107,1.56,1.5932,167385.05
2008-11-05,1.59315,1.6196,1.57485,1.584,173449.41
2008-11-06,1.584,1.60375,1.55575,1.55755,175555.36
2008-11-07,1.55745,1.58755,1.55305,1.5636,151362.76
2008-11-09,1.56448,1.58165,1.56323,1.5775,7423.2
2008-11-10,1.5785,1.5883,1.55725,1.5631,134604.15
2008-11-11,1.5631,1.57,1.53445,1.53785,128886.4
2008-11-12,1.53795,1.5481,1.4831,1.48835,148534.39
2008-11-13,1.4884,1.49915,1.45565,1.4901,169252.56
2008-11-14,1.49015,1.4958,1.46555,1.47448,132404.79
2008-11-16,1.46693,1.4762,1.46384,1.4659,11903.2
2008-11-17,1.46605,1.50815,1.46522,1.4991,185398.22
2008-11-18,1.4991,1.50905,1.4898,1.49565,189622.21
2008-11-19,1.49565,1.5248,1.4903,1.4971,124863.82
2008-11-20,1.4971,1.49945,1.4711,1.47315,136013.99
2008-11-21,1.47375,1.50605,1.4702,1.4931,136629.43
2008-11-23,1.49352,1.4965,1.48715,1.4925,8351.5
2008-11-24,1.49255,1.5187,1.48375,1.51412,178144.74
2008-11-25,1.51405,1.5534,1.4982,1.54205,140034.17
2008-11-26,1.54205,1.54445,1.51755,1.53285,140537.15
2008-11-27,1.53285,1.55115,1.5311,1.53945,103537.55
2008-11-28,1.5396,1.54475,1.5257,1.53785,147532.35
2008-11-30,1.538,1.53985,1.5342,1.5342,7635.28
2008-12-01,1.53405,1.53555,1.48055,1.48585,213611.46
2008-12-02,1.4858,1.5068,1.4774,1.4897,163704.25
2008-12-03,1.4897,1.493,1.4664,1.4776,154415.9
2008-12-04,1.4776,1.48155,1.4467,1.4676,182727.98
2008-12-05,1.46765,1.47715,1.4522,1.46857,147622.23
2008-12-07,1.4683,1.47458,1.46714,1.47015,9957.04
2008-12-08,1.47015,1.50475,1.46935,1.487,180677.35
2008-12-09,1.487,1.48915,1.4678,1.4753,253983.63
2008-12-10,1.4753,1.48795,1.4735,1.4794,271241.46
2008-12-11,1.4794,1.508,1.47925,1.5024,256888.92
2008-12-12,1.5024,1.5119,1.4814,1.49345,157628.45
2008-12-14,1.49435,1.5003,1.49258,1.4985,10061.9
2008-12-15,1.49845,1.5378,1.492,1.5293,269114.86
2008-12-16,1.5293,1.56465,1.5203,1.55795,323786.6
2008-12-17,1.55795,1.57205,1.52425,1.55025,226590.7
2008-12-18,1.5503,1.5614,1.4883,1.5051,218859.09
2008-12-19,1.5051,1.5186,1.48115,1.49242,197241.73
2008-12-21,1.49277,1.49735,1.49234,1.4967,5508.5
2008-12-22,1.49665,1.499,1.4683,1.48183,197743.6
2008-12-23,1.48158,1.4897,1.46695,1.4738,143417.09
2008-12-24,1.4738,1.48045,1.46565,1.47272,91771.53
2008-12-25,1.4727,1.51925,1.46413,1.4744,139883.21
2008-12-26,1.4736,1.4799,1.45585,1.45682,55722.19
2008-12-28,1.4613,1.467,1.45883,1.4656,6622.6
2008-12-29,1.4656,1.477,1.4379,1.4455,182520.8
2008-12-30,1.4455,1.45515,1.43915,1.44595,154229.16
2008-12-31,1.4458,1.4697,1.43505,1.46393,137024.38
2009-01-01,1.46459,1.4824,1.45838,1.4729,147844.12
2009-01-02,1.4729,1.47645,1.43775,1.45455,127482.39
2009-01-04,1.4542,1.45595,1.45017,1.4523,7775.6
2009-01-05,1.45225,1.47395,1.4425,1.4712,209233.2
2009-01-06,1.4712,1.49915,1.4502,1.4908,210134.32
2009-01-07,1.491,1.52815,1.48025,1.507,193897.9
2009-01-08,1.50635,1.53735,1.49805,1.52205,179501.17
2009-01-09,1.5221,1.53475,1.5115,1.5162,132726.43
2009-01-11,1.51621,1.51667,1.5049,1.50785,12644.3
2009-01-12,1.50785,1.51145,1.48,1.4815,270698.65
2009-01-13,1.4815,1.4818,1.4468,1.4513,247229.58
2009-01-14,1.45135,1.4707,1.44895,1.46165,240657.54
2009-01-15,1.46155,1.4684,1.4474,1.46675,287342.59
2009-01-16,1.4666,1.49795,1.4655,1.47345,295252.83
2009-01-18,1.48103,1.48895,1.47778,1.4873,10562.0
2009-01-19,1.4872,1.4908,1.4354,1.44225,204476.23
2009-01-20,1.44215,1.44285,1.38065,1.387,251873.68
2009-01-21,1.387,1.40265,1.36195,1.38735,279458.75
2009-01-22,1.3873,1.3976,1.3688,1.38765,258005.01
2009-01-23,1.38745,1.38815,1.3502,1.37898,215339.68
2009-01-25,1.37929,1.38512,1.35475,1.3612,15789.81
2009-01-26,1.36125,1.4064,1.3547,1.39655,342968.35
2009-01-27,1.39645,1.4242,1.3927,1.4183,316324.7
2009-01-28,1.41815,1.4374,1.4124,1.4227,316741.9
2009-01-29,1.4227,1.4411,1.40715,1.42765,289517.16
2009-01-30,1.42755,1.4557,1.4185,1.45547,279245.46
2009-02-01,1.4523,1.45237,1.4374,1.43835,18979.13
2009-02-02,1.43825,1.4438,1.40515,1.42025,251229.27
2009-02-03,1.42025,1.44835,1.41535,1.44295,277534.5
2009-02-04,1.443,1.4577,1.43235,1.44535,280937.98
2009-02-05,1.44535,1.4703,1.4364,1.4626,230782.03
2009-02-06,1.4626,1.48445,1.4588,1.47837,212105.5
2009-02-07,1.47905,1.47905,1.47905,1.47905,4.0
2009-02-08,1.47866,1.4863,1.47436,1.48155,18699.78
2009-02-09,1.4814,1.49855,1.47015,1.48515,255851.55
2009-02-10,1.4851,1.4893,1.4454,1.4555,292651.37
2009-02-11,1.4555,1.4561,1.4314,1.4352,280394.94
2009-02-12,1.43515,1.4413,1.41355,1.4286,247581.5
2009-02-13,1.4288,1.46045,1.42745,1.43505,198029.72
2009-02-15,1.4351,1.43554,1.4199,1.42335,25679.1
2009-02-16,1.4236,1.4318,1.41505,1.4293,205162.6
2009-02-17,1.4295,1.4311,1.4123,1.42349,290549.6
2009-02-18,1.4237,1.42995,1.40925,1.4247,238934.41
2009-02-19,1.4246,1.4447,1.42375,1.42615,234701.01
2009-02-20,1.42605,1.4482,1.41505,1.44267,231019.96
2009-02-22,1.44295,1.44298,1.43679,1.43715,9874.8
2009-02-23,1.43715,1.46605,1.4363,1.44525,322730.34
2009-02-24,1.44525,1.4579,1.4375,1.4523,286740.32
2009-02-25,1.4521,1.4606,1.41735,1.42125,247935.38
2009-02-26,1.42125,1.4384,1.41605,1.42925,203955.36
2009-02-27,1.42945,1.4365,1.411,1.43098,198625.86
2009-03-01,1.43102,1.43118,1.42055,1.42195,16162.5
2009-03-02,1.42195,1.42885,1.3957,1.4032,275167.63
2009-03-03,1.40325,1.4157,1.39835,1.4024,279744.86
2009-03-04,1.40235,1.4199,1.3984,1.41725,243225.14
2009-03-05,1.41725,1.42325,1.4036,1.41265,260107.56
2009-03-06,1.4129,1.4306,1.40385,1.40782,240651.47
2009-03-08,1.409,1.4162,1.40773,1.41605,10104.71
2009-03-09,1.416,1.4181,1.37415,1.3789,311739.57
2009-03-10,1.3789,1.39055,1.3689,1.37885,314092.73
2009-03-11,1.37885,1.38885,1.3654,1.3836,360353.33
2009-03-12,1.3836,1.3983,1.37,1.3921,314223.64
2009-03-13,1.3921,1.407,1.38635,1.40087,264561.88
2009-03-15,1.4001,1.40028,1.3885,1.39565,13526.94
2009-03-16,1.3957,1.42305,1.39424,1.4074,339863.17
2009-03-17,1.4073,1.41375,1.39645,1.40575,330748.62
2009-03-18,1.40565,1.43365,1.3843,1.42795,347834.87
2009-03-19,1.42795,1.45965,1.4159,1.4494,334409.12
2009-03-20,1.4494,1.4589,1.4393,1.44577,318268.02
2009-03-22,1.44647,1.44995,1.44103,1.44755,17971.5
2009-03-23,1.44755,1.46485,1.44505,1.4566,318162.64
2009-03-24,1.4565,1.4779,1.45515,1.4701,350910.64
2009-03-25,1.4701,1.47335,1.45145,1.45505,304039.81
2009-03-26,1.45515,1.4637,1.44225,1.4461,294497.38
2009-03-27,1.4461,1.4494,1.4266,1.43172,248145.51
2009-03-29,1.43155,1.43162,1.42198,1.4275,15151.8
2009-03-30,1.4275,1.42955,1.41105,1.42555,276411.46
2009-03-31,1.4258,1.4376,1.42395,1.4358,309152.03
2009-04-01,1.4358,1.44815,1.42725,1.4465,312263.31
2009-04-02,1.44665,1.4749,1.44535,1.474,326188.61
2009-04-03,1.474,1.48455,1.4648,1.484,312938.91
2009-04-05,1.48355,1.4899,1.48212,1.4884,23854.9
2009-04-06,1.4885,1.49585,1.46515,1.46515,383679.1
2009-04-07,1.46515,1.4776,1.45815,1.47315,356868.5
2009-04-08,1.47315,1.4746,1.46345,1.46805,367114.94
2009-04-09,1.46805,1.47795,1.4585,1.4631,361286.54
2009-04-10,1.46325,1.46785,1.4613,1.4669,103054.3
2009-04-12,1.46695,1.46698,1.46013,1.461,18437.5
2009-04-13,1.4613,1.4869,1.46005,1.48605,183396.4
2009-04-14,1.486,1.4944,1.48245,1.49035,298174.11
2009-04-15,1.4905,1.5037,1.48215,1.4996,352108.41
2009-04-16,1.4996,1.50665,1.48385,1.49255,414759.2
2009-04-17,1.49255,1.4936,1.4755,1.47917,362356.56
2009-04-19,1.4793,1.48122,1.47675,1.4768,17961.9
2009-04-20,1.47685,1.4778,1.44675,1.4481,375425.03
2009-04-21,1.4481,1.47075,1.44755,1.46645,393465.6
2009-04-22,1.46645,1.4672,1.4396,1.44955,338575.53
2009-04-23,1.44955,1.4744,1.44415,1.46755,351772.02
2009-04-24,1.46735,1.4773,1.45755,1.46748,354916.45
2009-04-26,1.46752,1.46768,1.4633,1.4643,15030.9
2009-04-27,1.46425,1.4694,1.45145,1.4619,379246.28
2009-04-28,1.4619,1.46915,1.4516,1.4638,388061.98
2009-04-29,1.4638,1.48135,1.46295,1.477,453534.85
2009-04-30,1.47685,1.49475,1.4703,1.4803,481924.58
2009-05-01,1.4803,1.4934,1.4753,1.49186,287733.23
2009-05-03,1.49186,1.49419,1.48917,1.49325,28140.9
2009-05-04,1.49321,1.5047,1.48355,1.503,364423.46
2009-05-05,1.503,1.51625,1.49825,1.5048,301218.89
2009-05-06,1.50465,1.5158,1.49905,1.513,452047.96
2009-05-07,1.51305,1.51965,1.49425,1.50215,428610.47
2009-05-08,1.50215,1.5248,1.4968,1.52247,338470.92
2009-05-10,1.5256,1.52607,1.5195,1.5213,11877.0
2009-05-11,1.52125,1.52455,1.5068,1.51185,361163.6
2009-05-12,1.51205,1.53525,1.50735,1.52895,390204.55
2009-05-13,1.52895,1.5332,1.50865,1.5103,414043.21
2009-05-14,1.51055,1.5247,1.50595,1.5227,364385.55
2009-05-15,1.5227,1.52875,1.5133,1.51746,330093.1
2009-05-17,1.51635,1.51785,1.51415,1.515,14593.35
2009-05-18,1.515,1.53485,1.51155,1.53245,352820.56
2009-05-19,1.53245,1.55235,1.5295,1.54915,454263.1
2009-05-20,1.54895,1.5793,1.5447,1.5746,472851.28
2009-05-21,1.5746,1.5894,1.55125,1.58935,376257.13
2009-05-22,1.58935,1.59445,1.5755,1.59072,337482.52
2009-05-24,1.59265,1.5937,1.59016,1.59105,12132.4
2009-05-25,1.59105,1.59325,1.5835,1.59075,107208.39
2009-05-26,1.59065,1.5977,1.5777,1.596,426936.21
2009-05-27,1.5961,1.60855,1.59255,1.59535,542472.68
2009-05-28,1.59535,1.60145,1.58515,1.5948,422810.48
2009-05-29,1.5948,1.6199,1.59275,1.61841,333490.42
2009-05-31,1.61813,1.62277,1.6164,1.6175,18849.2
2009-06-01,1.6175,1.64965,1.61615,1.646,468428.62
2009-06-02,1.646,1.6598,1.6324,1.65545,508427.74
2009-06-03,1.65535,1.6663,1.6242,1.62965,526654.42
2009-06-04,1.62965,1.64345,1.60835,1.6113,414486.83
2009-06-05,1.611,1.62425,1.5939,1.59725,326851.97
2009-06-07,1.59767,1.59767,1.59199,1.59695,21699.35
2009-06-08,1.59695,1.61035,1.5802,1.60875,330997.73
2009-06-09,1.6085,1.63615,1.5986,1.6309,343838.45
2009-06-10,1.63095,1.6473,1.62395,1.63585,287438.89
2009-06-11,1.63585,1.6622,1.63395,1.65945,281744.1
2009-06-12,1.65945,1.65975,1.6328,1.6447,236689.64
2009-06-14,1.64413,1.64498,1.63913,1.6413,22999.12
2009-06-15,1.64138,1.64273,1.62417,1.62701,134486.23
2009-06-16,1.62712,1.65001,1.62142,1.63601,133342.26
2009-06-17,1.63593,1.64776,1.62193,1.64256,133371.27
2009-06-18,1.64261,1.64678,1.61859,1.6355,133603.55
2009-06-19,1.63547,1.65615,1.6302,1.64949,206117.33
2009-06-21,1.6501,1.65135,1.6456,1.648,8494.2
2009-06-22,1.648,1.65155,1.63015,1.63135,327145.36
2009-06-23,1.63135,1.64735,1.62085,1.64385,354607.52
2009-06-24,1.64365,1.66015,1.63685,1.64335,366283.61
2009-06-25,1.64335,1.64675,1.6232,1.64142,399825.46
2009-06-26,1.64152,1.65605,1.63688,1.65157,288299.06
2009-06-28,1.6519,1.6524,1.649,1.6513,14227.56
2009-06-29,1.65105,1.6599,1.64275,1.6571,291165.1
2009-06-30,1.6571,1.6744,1.64215,1.6476,390243.21
2009-07-01,1.64745,1.65445,1.63835,1.6495,348777.77
2009-07-02,1.64945,1.64995,1.63235,1.63475,340710.73
2009-07-03,1.63475,1.6429,1.62903,1.63377,205635.98
2009-07-05,1.63365,1.63431,1.628,1.63065,18138.25
2009-07-06,1.6305,1.6328,1.6095,1.62925,433329.36
2009-07-07,1.6293,1.6295,1.60675,1.60795,433456.07
2009-07-08,1.60795,1.61385,1.5983,1.60375,372329.36
2009-07-09,1.60375,1.63805,1.6035,1.63295,376115.33
2009-07-10,1.63295,1.633,1.61545,1.62105,369064.26
2009-07-12,1.6197,1.62128,1.6177,1.6196,10293.6
2009-07-13,1.6195,1.6286,1.6033,1.62705,403987.53
2009-07-14,1.62705,1.6344,1.6228,1.6336,362051.14
2009-07-15,1.63355,1.6469,1.6301,1.6424,333804.89
2009-07-16,1.64235,1.64785,1.63545,1.64095,337146.43
2009-07-17,1.6409,1.64195,1.62655,1.63305,432178.98
2009-07-19,1.63273,1.63755,1.6315,1.63735,14897.88
2009-07-20,1.63735,1.6557,1.63655,1.6521,367122.06
2009-07-21,1.6521,1.65285,1.6383,1.64145,446406.32
2009-07-22,1.64145,1.6504,1.63105,1.64475,456958.49
2009-07-23,1.6447,1.6586,1.64335,1.6509,369860.09
2009-07-24,1.65085,1.65425,1.639,1.64252,403766.63
2009-07-26,1.64275,1.64748,1.6405,1.6407,19186.6
2009-07-27,1.6409,1.6524,1.63815,1.64815,536567.3
2009-07-28,1.64815,1.6556,1.63905,1.6407,559067.25
2009-07-29,1.64055,1.6468,1.6339,1.63495,562648.05
2009-07-30,1.63505,1.6526,1.63505,1.6505,574098.6
2009-07-31,1.65045,1.6732,1.6473,1.67063,564980.86
2009-08-02,1.67172,1.67775,1.6694,1.67565,37949.2
2009-08-03,1.67565,1.6987,1.6697,1.6934,571196.45
2009-08-04,1.6934,1.70045,1.68885,1.69505,531302.3
2009-08-05,1.69505,1.70425,1.69,1.6992,487753.51
2009-08-06,1.6992,1.70295,1.67515,1.68075,329718.89
2009-08-07,1.6808,1.68345,1.6651,1.6684,227510.69
2009-08-09,1.66795,1.6691,1.6658,1.66805,28319.3
2009-08-10,1.66805,1.67185,1.64305,1.6475,246247.03
2009-08-11,1.6475,1.6523,1.6431,1.6488,292368.26
2009-08-12,1.64875,1.656,1.639,1.65065,288923.35
2009-08-13,1.65065,1.66635,1.64845,1.65655,223743.48
2009-08-14,1.6565,1.66075,1.6484,1.65348,197318.3
2009-08-16,1.65375,1.65402,1.6464,1.64655,10865.64
2009-08-17,1.6466,1.6482,1.6275,1.63515,310523.9
2009-08-18,1.63515,1.6593,1.63285,1.65875,276580.71
2009-08-19,1.65875,1.65895,1.6375,1.65555,234607.9
2009-08-20,1.6555,1.66045,1.645,1.6504,236931.33
2009-08-21,1.6504,1.6624,1.64185,1.64934,232188.34
2009-08-23,1.65038,1.6525,1.64831,1.6512,16598.27
2009-08-24,1.6512,1.65445,1.63915,1.64055,305121.05
2009-08-25,1.64055,1.64455,1.63085,1.6313,339513.4
2009-08-26,1.6313,1.6354,1.6159,1.6227,321653.87
2009-08-27,1.6228,1.63045,1.61535,1.6288,299457.55
2009-08-28,1.6288,1.63815,1.62502,1.62651,290375.44
2009-08-30,1.6266,1.62838,1.62365,1.62665,31404.8
2009-08-31,1.62665,1.63295,1.6183,1.6284,238870.77
2009-09-01,1.6284,1.63755,1.61125,1.6125,341383.6
2009-09-02,1.6125,1.6299,1.6114,1.628,335154.3
2009-09-03,1.628,1.6413,1.6236,1.6324,293638.1
2009-09-04,1.63235,1.64105,1.6286,1.6386,232237.26
2009-09-06,1.63897,1.6419,1.63755,1.6415,22422.4
2009-09-07,1.6415,1.64435,1.6325,1.6336,146268.04
2009-09-08,1.63355,1.65875,1.63215,1.6515,272380.2
2009-09-09,1.6515,1.65915,1.6455,1.6534,312412.78
2009-09-10,1.6536,1.6687,1.64805,1.6653,276727.16
2009-09-11,1.6652,1.67415,1.6644,1.66543,187692.74
2009-09-13,1.66605,1.66939,1.66525,1.66525,14273.8
2009-09-14,1.6654,1.6654,1.6521,1.6606,189514.06
2009-09-15,1.6606,1.666,1.64015,1.64885,258084.76
2009-09-16,1.64895,1.65335,1.64315,1.64765,251599.75
2009-09-17,1.64755,1.65675,1.64255,1.64335,264979.26
2009-09-18,1.64335,1.64385,1.623,1.62685,257670.68
2009-09-20,1.62695,1.62698,1.62085,1.62505,15535.2
2009-09-21,1.6251,1.62625,1.61335,1.62165,169832.84
2009-09-22,1.6216,1.6405,1.6216,1.6381,231461.04
2009-09-23,1.638,1.64675,1.6317,1.63555,254244.31
2009-09-24,1.63545,1.63865,1.5915,1.59465,276502.43
2009-09-25,1.59465,1.6046,1.59165,1.595,240439.44
2009-09-27,1.59512,1.59865,1.58155,1.5859,22098.36
2009-09-28,1.5859,1.5925,1.57695,1.58865,227845.17
2009-09-29,1.58865,1.5989,1.58245,1.59685,265302.67
2009-09-30,1.5968,1.61255,1.59445,1.6,269041.7
2009-10-01,1.6,1.6024,1.5888,1.58935,256197.82
2009-10-02,1.58935,1.59545,1.5803,1.59402,311855.69
2009-10-04,1.59375,1.59578,1.59175,1.59295,25187.12
2009-10-05,1.59305,1.60235,1.5902,1.59465,258923.39
2009-10-06,1.59465,1.60475,1.58755,1.59215,288263.51
2009-10-07,1.5922,1.5976,1.5858,1.59625,305318.12
2009-10-08,1.59625,1.612,1.5951,1.60515,307071.07
2009-10-09,1.60505,1.6059,1.5825,1.5841,301130.49
2009-10-11,1.58327,1.58685,1.58228,1.58465,26642.78
2009-10-12,1.5846,1.5882,1.57275,1.58125,221406.1
2009-10-13,1.58115,1.59385,1.5708,1.59315,277173.2
2009-10-14,1.59315,1.6024,1.5902,1.60045,252411.68
2009-10-15,1.60035,1.63395,1.6001,1.6337,281557.23
2009-10-16,1.6337,1.6399,1.62515,1.63567,236460.63
2009-10-18,1.63532,1.63705,1.6281,1.6352,20465.08
2009-10-19,1.6353,1.6435,1.62405,1.6408,239424.28
2009-10-20,1.6408,1.64885,1.6328,1.63785,262823.92
2009-10-21,1.63785,1.66365,1.63465,1.66185,292566.56
2009-10-22,1.66185,1.66375,1.64865,1.66285,249756.86
2009-10-23,1.66285,1.66935,1.62983,1.6306,262432.43
2009-10-25,1.6304,1.63255,1.62665,1.6267,18382.99
2009-10-26,1.62685,1.6395,1.62505,1.6294,237888.7
2009-10-27,1.6295,1.64385,1.6285,1.63925,278148.51
2009-10-28,1.63925,1.6467,1.6285,1.6374,253055.77
2009-10-29,1.6374,1.6603,1.63375,1.6561,237653.65
2009-10-30,1.6561,1.6579,1.64085,1.64494,216797.27
2009-11-01,1.64387,1.64468,1.63445,1.6413,24296.84
2009-11-02,1.64125,1.64775,1.63285,1.63925,265872.78
2009-11-03,1.63925,1.6455,1.6261,1.6421,255592.11
2009-11-04,1.64205,1.6597,1.64,1.65555,269282.33
2009-11-05,1.65555,1.66355,1.64655,1.65725,247747.22
2009-11-06,1.6572,1.6635,1.65175,1.66142,228170.89
2009-11-08,1.66091,1.66708,1.66,1.66285,14333.73
2009-11-09,1.66285,1.68425,1.66165,1.6777,245193.86
2009-11-10,1.6777,1.6788,1.6601,1.67405,248632.47
2009-11-11,1.674,1.67975,1.6535,1.65805,230463.08
2009-11-12,1.6582,1.66265,1.65155,1.65855,221384.68
2009-11-13,1.65855,1.6707,1.65745,1.66602,231804.63
2009-11-15,1.66787,1.6729,1.66637,1.6725,20487.4
2009-11-16,1.6726,1.6878,1.6669,1.68365,196274.12
2009-11-17,1.68365,1.68725,1.6754,1.68189,222430.89
2009-11-18,1.6819,1.68455,1.6714,1.6739,199804.14
2009-11-19,1.67385,1.67405,1.66055,1.66515,210279.78
2009-11-20,1.66515,1.6676,1.646,1.65033,202274.13
2009-11-22,1.65057,1.65108,1.64715,1.65,16992.25
2009-11-23,1.64995,1.66475,1.64985,1.66035,230520.01
2009-11-24,1.66035,1.66065,1.6497,1.658,233627.53
2009-11-25,1.658,1.6746,1.658,1.67035,207019.32
2009-11-26,1.67025,1.6726,1.64135,1.64345,132640.24
2009-11-27,1.64345,1.65115,1.62705,1.64943,190579.07
2009-11-29,1.6489,1.65594,1.6471,1.65005,18663.09
2009-11-30,1.64995,1.6592,1.638,1.6454,247305.46
2009-12-01,1.6453,1.6647,1.6391,1.6622,208616.49
2009-12-02,1.6622,1.6695,1.655,1.666,240378.07
2009-12-03,1.66595,1.67215,1.65275,1.65545,213361.06
2009-12-04,1.65545,1.66705,1.6422,1.64692,237692.13
2009-12-06,1.64623,1.64797,1.64208,1.64705,21120.57
2009-12-07,1.64715,1.65155,1.63125,1.64615,258457.38
2009-12-08,1.64615,1.6476,1.6222,1.6241,312047.36
2009-12-09,1.6241,1.63755,1.61665,1.62795,240770.92
2009-12-10,1.62785,1.63465,1.62145,1.6275,183228.7
2009-12-11,1.6275,1.63385,1.6196,1.62575,190094.94
2009-12-13,1.6258,1.62618,1.62045,1.6226,43070.1
2009-12-14,1.62265,1.6325,1.61895,1.6311,200229.31
2009-12-15,1.63105,1.6319,1.6205,1.6266,212335.4
2009-12-16,1.62645,1.6411,1.6231,1.63255,204471.33
2009-12-17,1.6325,1.6333,1.6079,1.616,239519.52
2009-12-18,1.61595,1.625,1.6051,1.61375,209091.98
2009-12-20,1.6159,1.61593,1.61065,1.61275,11227.27
2009-12-21,1.61275,1.61645,1.60295,1.6054,174019.8
2009-12-22,1.6053,1.60995,1.5921,1.5969,176645.94
2009-12-23,1.597,1.59945,1.59235,1.5963,151160.6
2009-12-24,1.59635,1.60225,1.59275,1.59659,70957.59
2009-12-25,1.59668,1.5989,1.59417,1.5962,155636.35
2009-12-27,1.5961,1.59895,1.5938,1.59475,6634.7
2009-12-28,1.59475,1.6015,1.5931,1.5998,79230.36
2009-12-29,1.59985,1.60675,1.58665,1.5901,172779.0
2009-12-30,1.59005,1.60945,1.58315,1.60735,141892.5
2009-12-31,1.60735,1.6236,1.6049,1.61669,80299.65
2010-01-01,1.61669,1.61696,1.61473,1.61667,164116.0
2010-01-03,1.61667,1.61678,1.60993,1.61375,15253.85
2010-01-04,1.6137,1.62415,1.60575,1.61125,202723.69
2010-01-05,1.61125,1.6153,1.5965,1.59885,214131.27
2010-01-06,1.59885,1.60635,1.5937,1.60205,238243.34
2010-01-07,1.602,1.60585,1.5896,1.5932,212506.63
2010-01-08,1.5932,1.611,1.5915,1.60162,207586.01
2010-01-10,1.602,1.6097,1.60135,1.6087,29126.8
2010-01-11,1.60855,1.61935,1.6063,1.611,248971.41
2010-01-12,1.611,1.61945,1.60615,1.61495,223457.89
2010-01-13,1.6151,1.6307,1.61365,1.6282,265826.93
2010-01-14,1.62805,1.63465,1.62495,1.6333,220753.91
2010-01-15,1.6333,1.63545,1.621,1.62603,209433.04
2010-01-17,1.62612,1.62885,1.62316,1.62875,19445.78
2010-01-18,1.62875,1.6377,1.62495,1.63505,154731.4
2010-01-19,1.635,1.64575,1.63115,1.63575,239918.95
2010-01-20,1.63575,1.637,1.6243,1.63005,220539.43
2010-01-21,1.63,1.63115,1.61245,1.6198,241280.99
2010-01-22,1.6198,1.62835,1.6077,1.6103,227699.29
2010-01-24,1.61117,1.6136,1.60861,1.61145,15803.33
2010-01-25,1.61135,1.6261,1.60945,1.62455,194534.66
2010-01-26,1.62455,1.6268,1.6093,1.61425,229438.76
2010-01-27,1.6142,1.6244,1.61065,1.61755,277980.27
2010-01-28,1.61755,1.62755,1.6112,1.61415,224959.96
2010-01-29,1.6141,1.6179,1.5977,1.5984,247524.15
2010-01-31,1.59966,1.59966,1.59355,1.5971,21229.26
2010-02-01,1.59715,1.59785,1.58505,1.5944,268922.13
2010-02-02,1.5944,1.5995,1.5902,1.59885,265154.11
2010-02-03,1.59885,1.6069,1.5876,1.5914,240956.21
2010-02-04,1.5913,1.59175,1.573,1.5766,232986.1
2010-02-05,1.5766,1.5775,1.5558,1.56395,226003.52
2010-02-07,1.56365,1.56687,1.5578,1.55995,36843.7
2010-02-08,1.56005,1.56595,1.55335,1.55725,253678.81
2010-02-09,1.55715,1.57475,1.5561,1.5693,239591.03
2010-02-10,1.56925,1.5765,1.55715,1.5607,237438.79
2010-02-11,1.5607,1.57175,1.5559,1.5699,284424.22
2010-02-12,1.5699,1.57405,1.558,1.56927,230024.01
2010-02-14,1.5704,1.57048,1.56435,1.5664,19766.01
2010-02-15,1.56655,1.57205,1.5612,1.56645,118645.62
2010-02-16,1.56635,1.5795,1.5627,1.5784,237595.71
2010-02-17,1.5784,1.58155,1.56653,1.56785,262543.71
2010-02-18,1.56785,1.5687,1.5404,1.54265,255742.59
2010-02-19,1.54285,1.54765,1.53505,1.5475,251737.91
2010-02-21,1.54713,1.54868,1.54305,1.54685,15668.15
2010-02-22,1.5469,1.55205,1.54475,1.55,247339.13
2010-02-23,1.54985,1.5575,1.5393,1.54425,334049.51
2010-02-24,1.5443,1.5476,1.53855,1.5413,271709.01
2010-02-25,1.54145,1.5422,1.5188,1.52385,253370.99
2010-02-26,1.5239,1.53165,1.51515,1.52363,241006.47
2010-02-28,1.52455,1.52465,1.5128,1.51795,40262.25
2010-03-01,1.51795,1.5203,1.47805,1.49715,315565.79
2010-03-02,1.49715,1.5031,1.4854,1.50215,313225.42
2010-03-03,1.5022,1.51305,1.49755,1.51,238727.39
2010-03-04,1.51005,1.51355,1.50055,1.50295,216771.55
2010-03-05,1.50295,1.51665,1.4992,1.5137,175378.77
2010-03-07,1.51297,1.51665,1.51119,1.51415,37190.5
2010-03-08,1.5142,1.5196,1.50305,1.50415,286954.77
2010-03-09,1.50415,1.5043,1.49355,1.50125,267668.26
2010-03-10,1.5012,1.50145,1.48725,1.4964,249280.84
2010-03-11,1.49645,1.50865,1.4945,1.5065,208146.44
2010-03-12,1.5065,1.5217,1.5026,1.51943,222371.35
2010-03-14,1.51913,1.52118,1.51564,1.5195,21329.75
2010-03-15,1.51955,1.5207,1.50185,1.50475,271487.16
2010-03-16,1.50465,1.52595,1.49775,1.5234,309281.44
2010-03-17,1.5234,1.53815,1.52085,1.5313,326833.66
2010-03-18,1.5313,1.53275,1.52165,1.52495,233651.55
2010-03-19,1.52515,1.52545,1.4988,1.5012,224264.76
2010-03-21,1.50155,1.50295,1.49737,1.49925,24850.9
2010-03-22,1.49925,1.511,1.4931,1.51095,243188.56
2010-03-23,1.5109,1.5112,1.49725,1.502,254425.36
2010-03-24,1.502,1.50355,1.4853,1.4896,246339.93
2010-03-25,1.4896,1.5002,1.47975,1.48465,215889.55
2010-03-26,1.48465,1.49235,1.48105,1.4899,229453.78
2010-03-27,1.4899,1.4899,1.4899,1.4899,0.0
2010-03-28,1.4899,1.49682,1.48883,1.49125,38678.3
2010-03-29,1.49115,1.5019,1.48915,1.4989,254376.91
2010-03-30,1.4989,1.51265,1.4974,1.50845,266180.54
2010-03-31,1.50845,1.52035,1.5043,1.5194,284998.83
2010-04-01,1.5194,1.5298,1.51795,1.52935,215155.03
2010-04-02,1.52935,1.52935,1.51815,1.5198,65325.47
2010-04-04,1.5207,1.52942,1.51994,1.52555,30488.46
2010-04-05,1.52555,1.5319,1.5223,1.5282,100520.95
2010-04-06,1.5282,1.5282,1.5129,1.52355,225910.33
2010-04-07,1.52355,1.5286,1.51375,1.5221,251664.58
2010-04-08,1.52215,1.53035,1.51405,1.5296,258842.6
2010-04-09,1.5296,1.5391,1.5267,1.5365,219270.75
2010-04-11,1.53792,1.54665,1.53645,1.54345,44939.34
2010-04-12,1.5435,1.5485,1.53525,1.5367,234721.77
2010-04-13,1.53665,1.54485,1.53355,1.5378,253809.72
2010-04-14,1.53775,1.54905,1.53765,1.5474,247471.63
2010-04-15,1.5474,1.55225,1.5385,1.5459,279175.43
2010-04-16,1.54595,1.54735,1.5352,1.53592,232159.75
2010-04-18,1.536,1.53602,1.52605,1.52845,14851.67
2010-04-19,1.52845,1.53425,1.51915,1.5331,254834.51
2010-04-20,1.53325,1.5432,1.5289,1.5363,255288.19
2010-04-21,1.5363,1.5439,1.5331,1.54135,270113.49
2010-04-22,1.54135,1.5473,1.53195,1.53415,339176.52
2010-04-23,1.53415,1.53975,1.52935,1.5376,274829.26
2010-04-25,1.5379,1.539,1.5363,1.53865,54517.3
2010-04-26,1.53865,1.54975,1.53865,1.54755,329272.58
2010-04-27,1.54755,1.54755,1.52245,1.5259,408609.79
2010-04-28,1.5259,1.52875,1.5125,1.5192,383453.36
2010-04-29,1.5191,1.5364,1.5142,1.53425,362588.11
2010-04-30,1.53425,1.53905,1.5253,1.5271,267631.51
2010-05-02,1.52683,1.53335,1.52671,1.5299,64139.96
2010-05-03,1.5299,1.53095,1.52105,1.52425,236321.77
2010-05-04,1.52425,1.52645,1.50905,1.51355,361223.12
2010-05-05,1.51345,1.51725,1.5067,1.50975,332285.85
2010-05-06,1.50975,1.51475,1.47085,1.4899,304669.74
2010-05-07,1.4898,1.49345,1.44755,1.48,227496.18
2010-05-09,1.48062,1.48896,1.4759,1.48065,62875.98
2010-05-10,1.48025,1.5054,1.47875,1.4834,272851.62
2010-05-11,1.48345,1.50035,1.47195,1.49525,240230.16
2010-05-12,1.49525,1.50445,1.4818,1.4847,297052.35
2010-05-13,1.48475,1.49165,1.45715,1.459,238932.16
2010-05-14,1.45905,1.4639,1.44955,1.45288,216054.28
2010-05-16,1.4532,1.45455,1.4465,1.44775,50338.63
2010-05-17,1.44775,1.4509,1.42505,1.4464,213281.74
2010-05-18,1.4464,1.45185,1.42545,1.42565,246076.82
2010-05-19,1.4256,1.44655,1.42375,1.44225,249090.89
2010-05-20,1.44235,1.4459,1.42275,1.43945,255848.73
2010-05-21,1.43935,1.44955,1.4317,1.44645,251399.26
2010-05-23,1.4465,1.44885,1.44335,1.44425,42761.2
2010-05-24,1.44425,1.45275,1.43515,1.43855,213241.62
2010-05-25,1.43855,1.4447,1.4258,1.43905,261655.36
2010-05-26,1.43905,1.44425,1.43295,1.4392,234334.95
2010-05-27,1.4392,1.46065,1.43805,1.45645,246440.89
2010-05-28,1.45645,1.4611,1.44345,1.44617,227182.41
2010-05-30,1.4467,1.44797,1.43623,1.44625,29507.56
2010-05-31,1.44625,1.4547,1.4426,1.45065,131843.21
2010-06-01,1.4506,1.4722,1.44385,1.46715,307728.42
2010-06-02,1.46705,1.477,1.4553,1.4671,277123.41
2010-06-03,1.46705,1.47425,1.45855,1.4642,275755.74
2010-06-04,1.46415,1.4681,1.44476,1.4449,294639.7
2010-06-06,1.4459,1.44598,1.4401,1.44225,60018.81
2010-06-07,1.44225,1.45625,1.43875,1.4474,374401.16
2010-06-08,1.4474,1.4528,1.4346,1.44445,335203.12
2010-06-09,1.44445,1.46075,1.4395,1.45475,278157.95
2010-06-10,1.45475,1.47295,1.45085,1.47245,263936.17
2010-06-11,1.4724,1.47585,1.4504,1.4549,246197.41
2010-06-13,1.45542,1.4612,1.4534,1.4612,41412.7
2010-06-14,1.46125,1.48085,1.45695,1.4733,263141.48
2010-06-15,1.4733,1.4836,1.4682,1.47985,298002.25
2010-06-16,1.47985,1.4855,1.4703,1.4709,246910.21
2010-06-17,1.4709,1.48375,1.46445,1.48079,209725.3
2010-06-18,1.48085,1.4886,1.47705,1.48203,193425.46
2010-06-19,1.48203,1.48203,1.48203,1.48203,0.0
2010-06-20,1.48252,1.48836,1.48225,1.4837,76524.2
2010-06-21,1.4837,1.4936,1.47375,1.4761,242749.91
2010-06-22,1.4761,1.4859,1.46875,1.48085,235861.95
2010-06-23,1.48085,1.49725,1.48025,1.4966,212150.87
2010-06-24,1.49665,1.50115,1.4915,1.49315,229073.18
2010-06-25,1.4931,1.5077,1.48555,1.50597,214648.46
2010-06-27,1.5071,1.50718,1.50305,1.5043,21345.0
2010-06-28,1.5043,1.51275,1.50165,1.51045,269260.34
2010-06-29,1.51045,1.51195,1.5012,1.50535,209293.56
2010-06-30,1.50535,1.50735,1.49305,1.49565,243859.04
2010-07-01,1.49565,1.519,1.4873,1.51625,265293.85
2010-07-02,1.51625,1.5229,1.51495,1.51968,176879.21
2010-07-04,1.51982,1.52027,1.51845,1.5186,48834.4
2010-07-05,1.5186,1.5198,1.50895,1.5101,165530.6
2010-07-06,1.5101,1.52265,1.5081,1.5155,264150.92
2010-07-07,1.51555,1.52185,1.5081,1.51815,272067.21
2010-07-08,1.5182,1.52405,1.51015,1.51455,229526.88
2010-07-09,1.51455,1.52045,1.505,1.50618,178331.25
2010-07-11,1.5069,1.50799,1.5049,1.50725,58147.5
2010-07-12,1.50725,1.50855,1.4948,1.50295,255292.16
2010-07-13,1.50295,1.51995,1.49645,1.51965,303015.2
2010-07-14,1.51965,1.5297,1.5188,1.52595,283909.22
2010-07-15,1.52595,1.5471,1.52355,1.54225,304324.8
2010-07-16,1.54225,1.5447,1.5278,1.52965,256529.22
2010-07-18,1.53035,1.5321,1.52685,1.52915,49245.2
2010-07-19,1.52915,1.53515,1.52025,1.52185,243422.26
2010-07-20,1.52175,1.5309,1.5153,1.52885,326748.07
2010-07-21,1.52885,1.53355,1.51235,1.51845,258898.25
2010-07-22,1.51845,1.52955,1.515,1.52835,227285.2
2010-07-23,1.52835,1.5449,1.5257,1.5416,234950.71
2010-07-25,1.54373,1.54455,1.53867,1.5444,49595.0
2010-07-26,1.5445,1.5519,1.5417,1.54785,243490.56
2010-07-27,1.54785,1.5599,1.5442,1.5582,271294.97
2010-07-28,1.5582,1.56375,1.5545,1.5602,255075.44
2010-07-29,1.56015,1.5662,1.558,1.56015,251240.69
2010-07-30,1.56015,1.57205,1.5551,1.5681,234409.02
2010-08-01,1.56882,1.5732,1.56819,1.57085,54417.08
2010-08-02,1.57085,1.5907,1.57,1.5887,273688.38
2010-08-03,1.5887,1.59675,1.58589,1.59395,243642.48
2010-08-04,1.59395,1.5963,1.58555,1.58845,222382.23
2010-08-05,1.58845,1.59235,1.582,1.5876,165290.5
2010-08-06,1.58765,1.59975,1.584,1.5939,178688.59
2010-08-08,1.59492,1.5995,1.59456,1.5962,44487.3
2010-08-09,1.5961,1.59935,1.58816,1.58831,233198.59
2010-08-10,1.5885,1.5908,1.571,1.58135,319147.62
2010-08-11,1.5814,1.58335,1.56155,1.56365,285435.49
2010-08-12,1.56375,1.57135,1.55615,1.55925,259028.15
2010-08-13,1.55925,1.56785,1.5573,1.55885,246375.14
2010-08-15,1.55912,1.56181,1.55635,1.5584,26431.4
2010-08-16,1.5584,1.5702,1.55345,1.56475,255501.71
2010-08-17,1.56475,1.56955,1.5551,1.55705,275184.74
2010-08-18,1.55715,1.5687,1.54975,1.55555,242560.33
2010-08-19,1.5556,1.56705,1.5509,1.55745,253397.99
2010-08-20,1.55745,1.5594,1.5462,1.5529,225905.5
2010-08-22,1.554,1.5553,1.55075,1.55515,32018.5
2010-08-23,1.55515,1.5619,1.5484,1.54915,230984.42
2010-08-24,1.54925,1.55045,1.53715,1.5405,267706.49
2010-08-25,1.5405,1.548,1.5389,1.54755,341502.8
2010-08-26,1.54755,1.5597,1.54675,1.55205,364222.94
2010-08-27,1.55205,1.5543,1.54415,1.55247,302516.38
2010-08-29,1.55192,1.5545,1.55107,1.5539,20617.3
2010-08-30,1.55385,1.55755,1.54555,1.54725,211126.87
2010-08-31,1.54725,1.54725,1.5326,1.5341,303293.83
2010-09-01,1.5341,1.5491,1.53355,1.54435,288141.23
2010-09-02,1.54435,1.5451,1.535,1.5391,237280.87
2010-09-03,1.5391,1.5468,1.53895,1.5448,208573.23
2010-09-05,1.5444,1.5452,1.54192,1.5451,13467.4
2010-09-06,1.5451,1.54885,1.5345,1.5361,171935.26
2010-09-07,1.5361,1.54235,1.52965,1.53505,317220.5
2010-09-08,1.53515,1.55325,1.535,1.5472,309227.08
2010-09-09,1.5472,1.5477,1.53755,1.54135,299088.85
2010-09-10,1.54135,1.5466,1.53322,1.53468,272396.85
2010-09-12,1.5347,1.53965,1.53448,1.53955,60993.8
2010-09-13,1.5396,1.54875,1.5381,1.5381,259996.33
2010-09-14,1.5381,1.55865,1.5347,1.5538,238182.26
2010-09-15,1.5539,1.5651,1.54485,1.5635,277825.0
2010-09-16,1.56355,1.56475,1.55375,1.5603,253660.43
2010-09-17,1.5603,1.5728,1.5595,1.56283,226673.51
2010-09-19,1.5625,1.5661,1.56182,1.56415,21368.35
2010-09-20,1.5641,1.5685,1.5536,1.55485,231737.43
2010-09-21,1.55485,1.5643,1.5503,1.56295,241088.24
2010-09-22,1.56295,1.5715,1.56035,1.5641,264908.72
2010-09-23,1.56415,1.57405,1.5611,1.56605,217481.73
2010-09-24,1.56605,1.58435,1.564,1.58197,201686.81
2010-09-26,1.58182,1.5843,1.58085,1.5826,25054.4
2010-09-27,1.5826,1.58665,1.5787,1.58085,276271.18
2010-09-28,1.58085,1.5895,1.57185,1.58065,319302.4
2010-09-29,1.58065,1.5874,1.57615,1.5803,381534.76
2010-09-30,1.5803,1.59225,1.5669,1.57305,327251.45
2010-10-01,1.57315,1.58725,1.5703,1.5817,255669.72
2010-10-02,1.5817,1.5817,1.5817,1.5817,0.0
2010-10-03,1.5817,1.58314,1.57703,1.58195,24799.7
2010-10-04,1.58195,1.587,1.57485,1.58065,201610.0
2010-10-05,1.58065,1.59295,1.57485,1.59105,275630.0
2010-10-06,1.59095,1.5939,1.5833,1.5864,287981.0
2010-10-07,1.58635,1.60175,1.5826,1.5878,251838.0
2010-10-08,1.58775,1.5965,1.5823,1.59615,202517.8
2010-10-09,1.59615,1.59615,1.59615,1.59615,0.0
2010-10-10,1.59615,1.59679,1.59295,1.59565,29706.5
2010-10-11,1.59565,1.5963,1.58675,1.5875,269895.0
2010-10-12,1.5877,1.59165,1.5755,1.5801,312692.0
2010-10-13,1.5802,1.5937,1.5774,1.5931,306011.0
2010-10-14,1.59315,1.6066,1.59315,1.59855,282799.0
2010-10-15,1.59855,1.61055,1.5975,1.599,211478.0
2010-10-16,1.599,1.599,1.599,1.599,0.0
2010-10-17,1.599,1.60035,1.59615,1.59925,35934.5
2010-10-18,1.59925,1.5995,1.5837,1.5904,272742.0
2010-10-19,1.59045,1.5941,1.565,1.5655,287620.0
2010-10-20,1.56555,1.58775,1.56555,1.58475,244340.0
2010-10-21,1.5848,1.58495,1.56855,1.5716,272739.0
2010-10-22,1.5716,1.575,1.5652,1.56825,220709.5
2010-10-23,1.56825,1.56825,1.56825,1.56825,0.0
2010-10-24,1.56825,1.57004,1.56523,1.56826,49153.21
2010-10-25,1.56826,1.57716,1.56775,1.57075,165289.0
2010-10-26,1.57075,1.58956,1.57056,1.58409,101836.0
2010-10-27,1.58409,1.58654,1.573,1.57892,112488.0
2010-10-28,1.57892,1.59776,1.57617,1.5961,117835.0
2010-10-29,1.59613,1.6044,1.58769,1.60364,94287.2
2010-10-30,1.60364,1.60364,1.60364,1.60364,0.0
2010-10-31,1.60364,1.60574,1.60287,1.60461,13592.1
2010-11-01,1.60462,1.60886,1.59898,1.60566,97142.0
2010-11-02,1.60566,1.60792,1.59614,1.60289,104432.0
2010-11-03,1.60284,1.61708,1.60065,1.61057,111658.0
2010-11-04,1.61067,1.62981,1.60882,1.62739,105088.0
2010-11-05,1.62739,1.62783,1.61661,1.6177,92125.3
2010-11-06,1.6177,1.6177,1.6177,1.6177,0.0
2010-11-07,1.6177,1.62077,1.61734,1.62038,17706.1
2010-11-08,1.62031,1.62122,1.61039,1.61126,100363.0
2010-11-09,1.61126,1.61833,1.59515,1.59982,103707.0
2010-11-10,1.59982,1.61353,1.59603,1.61189,106318.0
2010-11-11,1.61192,1.61786,1.60809,1.61013,101643.0
2010-11-12,1.61011,1.61833,1.59859,1.61096,97657.0
2010-11-13,1.61096,1.61096,1.61096,1.61096,0.0
2010-11-14,1.61096,1.615,1.60896,1.61269,9272.0
2010-11-15,1.61261,1.61529,1.60388,1.60393,58647.0
2010-11-16,1.60398,1.60851,1.58384,1.58856,63349.0
2010-11-17,1.58862,1.59477,1.58541,1.59171,55138.0
2010-11-18,1.59174,1.60549,1.58871,1.60492,63631.0
2010-11-19,1.60494,1.60937,1.59358,1.59759,50313.0
2010-11-20,1.59759,1.59759,1.59759,1.59759,0.0
2010-11-21,1.59759,1.60054,1.59618,1.59997,6751.0
2010-11-22,1.6,1.60841,1.5898,1.59415,50159.0
2010-11-23,1.59418,1.5954,1.57585,1.57994,64680.0
2010-11-24,1.57991,1.58362,1.57412,1.57879,62236.0
2010-11-25,1.57886,1.57934,1.57254,1.57572,38833.0
2010-11-26,1.57565,1.57662,1.55753,1.55845,49500.8
2010-11-27,1.55845,1.55845,1.55845,1.55845,0.0
2010-11-28,1.55845,1.56249,1.55826,1.55881,7269.9
2010-11-29,1.5588,1.56461,1.5527,1.55474,93728.0
2010-11-30,1.55474,1.55949,1.54841,1.55715,148680.0
2010-12-01,1.5571,1.56481,1.55471,1.56106,137904.0
2010-12-02,1.56106,1.56671,1.55112,1.55881,131548.0
2010-12-03,1.55881,1.57869,1.55805,1.57553,130284.0
2010-12-04,1.57553,1.57553,1.57553,1.57553,0.0
2010-12-05,1.57553,1.57739,1.57492,1.57657,14545.3
2010-12-06,1.57657,1.57681,1.5655,1.57086,107793.0
2010-12-07,1.57086,1.58215,1.57038,1.57535,129986.0
2010-12-08,1.57534,1.58356,1.56677,1.57933,132467.0
2010-12-09,1.57939,1.58403,1.57108,1.57718,122731.0
2010-12-10,1.57724,1.58614,1.57471,1.58002,102024.9
2010-12-11,1.58002,1.58002,1.58002,1.58002,0.0
2010-12-12,1.58002,1.58097,1.57831,1.57919,10997.2
2010-12-13,1.57915,1.58965,1.57189,1.5859,128317.0
2010-12-14,1.58594,1.59103,1.57387,1.57619,139758.0
2010-12-15,1.57617,1.57684,1.55301,1.55578,145639.0
2010-12-16,1.55576,1.56354,1.55405,1.56293,113530.0
2010-12-17,1.56293,1.56458,1.54538,1.55259,112759.8
2010-12-18,1.55259,1.55259,1.55259,1.55259,0.0
2010-12-19,1.55259,1.55341,1.54984,1.55107,7228.1
2010-12-20,1.55107,1.55759,1.54756,1.55041,115244.0
2010-12-21,1.55044,1.55675,1.5435,1.54635,118341.0
2010-12-22,1.54632,1.54931,1.53559,1.54046,105219.0
2010-12-23,1.54046,1.54456,1.53729,1.54423,94959.0
2010-12-24,1.54426,1.54748,1.54165,1.54376,37252.0
2010-12-25,1.54376,1.54376,1.54376,1.54376,0.0
2010-12-26,1.54376,1.54427,1.54069,1.54069,10397.17
2010-12-27,1.54069,1.54566,1.53689,1.54446,71402.0
2010-12-28,1.54446,1.55104,1.53439,1.53533,89979.0
2010-12-29,1.53534,1.55173,1.53514,1.55012,95262.0
2010-12-30,1.55012,1.55348,1.53666,1.54336,91467.0
2010-12-31,1.54336,1.56639,1.54241,1.55992,80923.0
2011-01-01,1.55992,1.5608,1.55992,1.55992,0.0
2011-01-02,1.55992,1.56086,1.55305,1.55703,9592.57
2011-01-03,1.55714,1.55747,1.54334,1.5486,90299.0
2011-01-04,1.5486,1.56452,1.54536,1.55958,124622.0
2011-01-05,1.55958,1.56269,1.54504,1.55099,127986.0
2011-01-06,1.55097,1.55629,1.54458,1.54483,133819.0
2011-01-07,1.5448,1.55784,1.54056,1.55431,125236.54
2011-01-08,1.55431,1.55431,1.55431,1.55431,0.0
2011-01-09,1.55431,1.55489,1.54951,1.55415,16104.31
2011-01-10,1.55415,1.56024,1.54745,1.55871,118083.0
2011-01-11,1.55872,1.56385,1.5512,1.56054,117563.0
2011-01-12,1.56056,1.57798,1.55826,1.57461,137446.0
2011-01-13,1.57438,1.58829,1.57177,1.58421,138888.0
2011-01-14,1.58421,1.58878,1.58104,1.58624,121330.0
2011-01-15,1.58624,1.58624,1.58624,1.58624,0.0
2011-01-16,1.58624,1.58816,1.58584,1.5878,11190.71
2011-01-17,1.5878,1.59541,1.58348,1.58963,107727.0
2011-01-18,1.58963,1.60586,1.5895,1.59567,149010.0
2011-01-19,1.59567,1.60371,1.59448,1.59721,142860.0
2011-01-20,1.59721,1.6009,1.58371,1.59061,149791.0
2011-01-21,1.59061,1.60161,1.58663,1.59924,127186.0
2011-01-22,1.59924,1.59924,1.59924,1.59924,0.0
2011-01-23,1.59924,1.60077,1.59654,1.59916,12840.89
2011-01-24,1.59902,1.60137,1.59204,1.59829,114554.0
2011-01-25,1.5983,1.60159,1.57507,1.58157,145128.0
2011-01-26,1.58164,1.59351,1.57688,1.59274,135672.0
2011-01-27,1.59272,1.59897,1.58794,1.59229,130450.0
2011-01-28,1.59228,1.59661,1.58252,1.58577,118312.47
2011-01-29,1.58577,1.58577,1.58577,1.58577,0.0
2011-01-30,1.58577,1.58674,1.58207,1.58261,13234.43
2011-01-31,1.58256,1.60484,1.58228,1.60253,135883.0
2011-02-01,1.60253,1.61634,1.60238,1.61339,151202.0
2011-02-02,1.61333,1.62303,1.61275,1.62013,156702.0
2011-02-03,1.62017,1.62773,1.61209,1.61328,159731.0
2011-02-04,1.61334,1.61713,1.60359,1.61099,148695.63
2011-02-05,1.61099,1.61099,1.61099,1.61099,0.0
2011-02-06,1.61099,1.61099,1.6069,1.60974,15449.74
2011-02-07,1.60974,1.61845,1.60892,1.61254,154719.0
2011-02-08,1.61254,1.61617,1.60272,1.60631,172218.0
2011-02-09,1.60631,1.6124,1.60324,1.60984,149317.0
2011-02-10,1.60986,1.6137,1.60055,1.60949,154182.0
2011-02-11,1.60946,1.61122,1.59628,1.6005,151061.46
2011-02-12,1.6005,1.6005,1.6005,1.6005,0.0
2011-02-13,1.6005,1.60072,1.59808,1.60002,18864.56
2011-02-14,1.60002,1.60768,1.59808,1.60237,173236.0
2011-02-15,1.60237,1.61704,1.60068,1.6133,200284.0
2011-02-16,1.6133,1.61843,1.5986,1.60909,201966.0
2011-02-17,1.60907,1.61856,1.6075,1.61751,186716.0
2011-02-18,1.61751,1.62625,1.61478,1.62501,179185.77
2011-02-19,1.62501,1.62501,1.62501,1.62501,0.0
2011-02-20,1.62501,1.62573,1.62402,1.62477,14510.46
2011-02-21,1.62477,1.62516,1.62034,1.62267,119723.0
2011-02-22,1.62267,1.62279,1.61005,1.61574,197629.0
2011-02-23,1.61574,1.62731,1.61559,1.62318,189954.0
2011-02-24,1.62318,1.62539,1.60844,1.61421,205413.0
2011-02-25,1.61421,1.61599,1.60304,1.61163,172301.0
2011-02-26,1.61163,1.61163,1.61163,1.61163,0.0
2011-02-27,1.61163,1.61286,1.60797,1.60967,22815.25
2011-02-28,1.60967,1.62758,1.60714,1.62679,193226.0
2011-03-01,1.62679,1.63289,1.62508,1.62559,196919.0
2011-03-02,1.62559,1.63438,1.62144,1.63282,177329.0
2011-03-03,1.63289,1.63332,1.62526,1.62744,176925.0
2011-03-04,1.62744,1.6305,1.62349,1.62647,156710.0
2011-03-05,1.62647,1.62647,1.62647,1.62647,0.0
2011-03-06,1.62647,1.62819,1.62585,1.62641,16768.45
2011-03-07,1.62641,1.63409,1.61822,1.61945,160359.0
2011-03-08,1.61945,1.62077,1.6125,1.61592,117676.0
2011-03-09,1.61592,1.62426,1.61374,1.6201,161791.0
2011-03-10,1.62008,1.62123,1.60381,1.60638,193418.0
2011-03-11,1.60642,1.60869,1.59766,1.60796,184924.68
2011-03-12,1.60796,1.60796,1.60796,1.60796,0.0
2011-03-13,1.60796,1.60967,1.60624,1.60685,21208.09
2011-03-14,1.60685,1.61986,1.60268,1.617,181891.0
2011-03-15,1.617,1.61842,1.59774,1.60697,240958.0
2011-03-16,1.60697,1.61308,1.5981,1.59889,223677.0
2011-03-17,1.59889,1.61695,1.59823,1.61448,217939.0
2011-03-18,1.61448,1.62559,1.606,1.6231,202546.83
2011-03-19,1.6231,1.6231,1.6231,1.6231,0.0
2011-03-20,1.6231,1.62555,1.62109,1.62215,28170.73
2011-03-21,1.62215,1.6327,1.6203,1.6307,167698.0
2011-03-22,1.63076,1.64003,1.62921,1.63579,167528.0
2011-03-23,1.63579,1.63839,1.62181,1.62458,179077.0
2011-03-24,1.62462,1.62664,1.60912,1.61182,173563.0
2011-03-25,1.61181,1.6141,1.60072,1.60385,156983.86
2011-03-26,1.60385,1.60385,1.60385,1.60385,0.0
2011-03-27,1.60385,1.60388,1.59962,1.60108,17027.08
2011-03-28,1.60108,1.60372,1.5936,1.59801,160596.0
2011-03-29,1.59801,1.60423,1.59422,1.60181,162139.0
2011-03-30,1.60181,1.60827,1.59784,1.60806,180296.0
2011-03-31,1.60806,1.61504,1.60157,1.60219,179045.0
2011-04-01,1.6022,1.6132,1.59717,1.61096,172093.24
2011-04-02,1.61096,1.61096,1.61096,1.61096,0.0
2011-04-03,1.61096,1.61271,1.6097,1.61226,13149.77
2011-04-04,1.61227,1.6176,1.6107,1.61129,157641.0
2011-04-05,1.61124,1.63045,1.6091,1.63033,173887.0
2011-04-06,1.63033,1.63631,1.62566,1.63222,178818.0
2011-04-07,1.63222,1.63504,1.62626,1.63157,172635.0
2011-04-08,1.63156,1.64272,1.63151,1.63786,176916.26
2011-04-09,1.63786,1.63788,1.63786,1.63786,0.0
2011-04-10,1.63786,1.63922,1.63577,1.63912,10909.93
2011-04-11,1.63912,1.64256,1.6313,1.63371,158316.0
2011-04-12,1.63372,1.63427,1.6227,1.62591,193841.0
2011-04-13,1.62591,1.63089,1.62366,1.62767,164116.0
2011-04-14,1.62766,1.63843,1.62536,1.63678,179960.0
2011-04-15,1.63679,1.63719,1.62912,1.63223,151487.52
2011-04-16,1.63223,1.63223,1.63223,1.63223,0.0
2011-04-17,1.63223,1.63251,1.62936,1.6314,18622.71
2011-04-18,1.6314,1.63282,1.61653,1.62646,181946.0
2011-04-19,1.62646,1.63382,1.62295,1.63308,179891.0
2011-04-20,1.63307,1.64253,1.6307,1.63905,185429.0
2011-04-21,1.63904,1.65992,1.63874,1.65178,181507.0
2011-04-22,1.65178,1.65683,1.64993,1.65006,39557.34
2011-04-23,1.65006,1.65006,1.65006,1.65006,0.0
2011-04-24,1.65006,1.65515,1.64957,1.65462,9845.82
2011-04-25,1.65463,1.65475,1.64672,1.64912,110385.0
2011-04-26,1.64913,1.65316,1.64311,1.65082,178453.0
2011-04-27,1.65086,1.66686,1.64344,1.66459,199046.0
2011-04-28,1.66458,1.67453,1.66231,1.66449,163731.0
2011-04-29,1.66448,1.67218,1.6623,1.67045,111154.84
2011-04-30,1.67045,1.67045,1.67045,1.67045,0.0
2011-05-01,1.67045,1.673,1.66691,1.66944,18035.59
2011-05-02,1.66949,1.67376,1.6635,1.66419,125935.0
2011-05-03,1.66419,1.66467,1.64628,1.64878,172385.0
2011-05-04,1.64878,1.65736,1.64519,1.64863,201911.0
2011-05-05,1.64866,1.65433,1.63579,1.63998,208006.0
2011-05-06,1.64001,1.64634,1.63549,1.63643,215752.25
2011-05-07,1.63643,1.63643,1.63643,1.63643,0.0
2011-05-08,1.63643,1.63865,1.63417,1.63707,15660.2
2011-05-09,1.63707,1.6421,1.62697,1.64056,199164.0
2011-05-10,1.64056,1.64156,1.63158,1.63599,195315.0
2011-05-11,1.63597,1.65168,1.63215,1.63654,204074.0
2011-05-12,1.63649,1.63791,1.62341,1.6271,213797.0
2011-05-13,1.62715,1.63079,1.61463,1.61908,184621.24
2011-05-14,1.61908,1.61968,1.61908,1.61908,0.0
2011-05-15,1.61908,1.62159,1.61649,1.61712,18237.81
2011-05-16,1.61705,1.62541,1.61598,1.61971,180747.0
2011-05-17,1.61971,1.63027,1.61743,1.62496,193644.0
2011-05-18,1.62498,1.62876,1.61052,1.61555,184663.0
2011-05-19,1.61557,1.62425,1.61302,1.62276,184739.0
2011-05-20,1.62276,1.63047,1.61663,1.62271,168224.08
2011-05-21,1.62243,1.62243,1.62243,1.62243,0.0
2011-05-22,1.62243,1.62477,1.62098,1.62274,18565.3
2011-05-23,1.62274,1.62324,1.6058,1.60716,188353.0
2011-05-24,1.60716,1.62086,1.60681,1.61779,176970.0
2011-05-25,1.61779,1.62939,1.61322,1.62805,187194.0
2011-05-26,1.62805,1.6405,1.62739,1.63916,179076.0
2011-05-27,1.63916,1.65117,1.63826,1.65033,168800.68
2011-05-28,1.65033,1.65033,1.65033,1.65033,0.0
2011-05-29,1.65033,1.65116,1.64754,1.64844,19577.7
2011-05-30,1.64844,1.65078,1.64499,1.64992,79721.0
2011-05-31,1.64992,1.65464,1.64233,1.6465,165554.0
2011-06-01,1.6465,1.64952,1.63148,1.63369,169320.0
2011-06-02,1.63369,1.64174,1.6305,1.63721,159975.0
2011-06-03,1.63721,1.64375,1.62838,1.64221,162971.99
2011-06-04,1.64221,1.64221,1.64221,1.64221,0.0
2011-06-05,1.64221,1.64552,1.64012,1.64521,17821.47
2011-06-06,1.64521,1.64598,1.63404,1.63531,153940.0
2011-06-07,1.63532,1.64718,1.63237,1.64391,159373.0
2011-06-08,1.64391,1.64463,1.63477,1.6403,159595.0
2011-06-09,1.64031,1.64655,1.63576,1.63749,162843.0
2011-06-10,1.63749,1.63829,1.62112,1.6219,165992.44
2011-06-11,1.6219,1.6219,1.6219,1.6219,0.0
2011-06-12,1.6219,1.62432,1.62101,1.62298,12246.6
2011-06-13,1.62298,1.63894,1.62209,1.63666,162204.0
2011-06-14,1.63666,1.64411,1.63549,1.63702,169290.0
2011-06-15,1.63702,1.63772,1.6168,1.61996,174275.0
2011-06-16,1.61994,1.62246,1.60783,1.61623,195745.0
2011-06-17,1.61623,1.61988,1.60934,1.61893,165278.25
2011-06-18,1.61893,1.61893,1.61893,1.61893,0.0
2011-06-19,1.61893,1.61937,1.61497,1.61536,17133.33
2011-06-20,1.61536,1.62532,1.61088,1.62341,160254.0
2011-06-21,1.62341,1.62488,1.61669,1.6219,152334.0
2011-06-22,1.62186,1.62623,1.60425,1.60481,175012.0
2011-06-23,1.60481,1.60664,1.5938,1.60205,185820.0
2011-06-24,1.60201,1.60464,1.5951,1.59553,156749.36
2011-06-25,1.59553,1.59553,1.59553,1.59553,0.0
2011-06-26,1.59553,1.59656,1.59447,1.59521,17143.13
2011-06-27,1.59521,1.60115,1.59127,1.59864,175519.0
2011-06-28,1.59864,1.60434,1.5911,1.59861,180872.0
2011-06-29,1.59861,1.60798,1.59698,1.60651,176775.0
2011-06-30,1.60651,1.61178,1.59727,1.60188,174151.0
2011-07-01,1.60188,1.60956,1.59876,1.60683,153678.58
2011-07-02,1.60683,1.60683,1.60683,1.60683,0.0
2011-07-03,1.60683,1.60772,1.60524,1.60743,14500.2
2011-07-04,1.60748,1.61397,1.60539,1.60843,102892.0
2011-07-05,1.60845,1.61277,1.59903,1.60601,154919.0
2011-07-06,1.60602,1.60904,1.59474,1.60161,153014.0
2011-07-07,1.60159,1.60177,1.59429,1.59726,159874.0
2011-07-08,1.59726,1.60775,1.59313,1.60565,152088.65
2011-07-09,1.60565,1.60565,1.60565,1.60565,0.0
2011-07-10,1.60565,1.60567,1.60057,1.60294,16926.63
2011-07-11,1.60296,1.60416,1.58821,1.58994,176370.0
2011-07-12,1.58995,1.59481,1.578,1.59251,219846.0
2011-07-13,1.59251,1.61928,1.59038,1.61828,188797.0
2011-07-14,1.61829,1.61851,1.60943,1.61522,174590.0
2011-07-15,1.61522,1.61688,1.6076,1.61424,156246.91
2011-07-16,1.61424,1.61424,1.61424,1.61424,0.0
2011-07-17,1.61424,1.61468,1.61004,1.61181,19720.46
2011-07-18,1.61183,1.61279,1.60049,1.60678,158626.0
2011-07-19,1.6068,1.61778,1.60546,1.61256,160470.0
2011-07-20,1.61256,1.61729,1.60684,1.61647,161652.0
2011-07-21,1.61646,1.63387,1.61208,1.6321,188864.0
2011-07-22,1.63209,1.6327,1.62643,1.62962,161144.82
2011-07-23,1.62962,1.6299,1.62962,1.62962,0.0
2011-07-24,1.62962,1.63426,1.62961,1.62969,16985.31
2011-07-25,1.62969,1.63277,1.62613,1.62799,148056.0
2011-07-26,1.62799,1.64283,1.62654,1.64177,181777.0
2011-07-27,1.64177,1.64385,1.63118,1.63248,179775.0
2011-07-28,1.63248,1.63824,1.62938,1.63582,166058.0
2011-07-29,1.63582,1.647,1.62607,1.64207,174691.05
2011-07-30,1.64207,1.64207,1.64207,1.64207,0.0
2011-07-31,1.64207,1.64333,1.6386,1.64116,16687.49
2011-08-01,1.64116,1.64746,1.6237,1.6313,182560.0
2011-08-02,1.63132,1.63288,1.6224,1.62775,186292.0
2011-08-03,1.62775,1.6439,1.62504,1.64355,210357.0
2011-08-04,1.64355,1.6437,1.62278,1.62395,220990.0
2011-08-05,1.62396,1.63965,1.62328,1.63875,223364.08
2011-08-06,1.63875,1.63901,1.63875,1.63875,0.0
2011-08-07,1.63875,1.64749,1.63871,1.64218,25894.1
2011-08-08,1.64217,1.64715,1.62967,1.63183,247928.0
2011-08-09,1.63186,1.641,1.61753,1.63022,257932.0
2011-08-10,1.63022,1.63136,1.61107,1.61108,216077.0
2011-08-11,1.61108,1.62418,1.61108,1.62285,217843.0
2011-08-12,1.62284,1.63125,1.6166,1.62794,183098.69
2011-08-13,1.62794,1.62794,1.62794,1.62794,0.0
2011-08-14,1.62794,1.62939,1.62632,1.62825,12095.32
2011-08-15,1.6283,1.64093,1.62553,1.63775,162697.0
2011-08-16,1.63775,1.64756,1.63223,1.64407,174336.0
2011-08-17,1.64407,1.6591,1.63469,1.65325,180586.0
2011-08-18,1.65325,1.65542,1.64201,1.64758,184485.0
2011-08-19,1.64759,1.66175,1.64439,1.64664,199616.81
2011-08-20,1.64664,1.64664,1.64664,1.64664,0.0
2011-08-21,1.64664,1.64832,1.64537,1.64738,16119.41
2011-08-22,1.64738,1.65202,1.64354,1.64569,182223.0
2011-08-23,1.64567,1.65725,1.64536,1.64942,188673.0
2011-08-24,1.64942,1.65334,1.6352,1.63657,179009.0
2011-08-25,1.63655,1.63968,1.626,1.62904,167105.0
2011-08-26,1.62903,1.63784,1.62074,1.63673,167022.12
2011-08-27,1.63673,1.63673,1.63673,1.63673,0.0
2011-08-28,1.63673,1.63698,1.62867,1.63459,12272.47
2011-08-29,1.63459,1.64541,1.63403,1.63979,126235.0
2011-08-30,1.63978,1.6419,1.62549,1.63111,153191.0
2011-08-31,1.63115,1.63337,1.62306,1.62458,163046.0
2011-09-01,1.62458,1.62521,1.61315,1.61921,157233.0
2011-09-02,1.6192,1.62531,1.61717,1.62145,149749.59
2011-09-03,1.62145,1.62145,1.62145,1.62145,0.0
2011-09-04,1.62145,1.62177,1.61359,1.61637,16003.59
2011-09-05,1.61637,1.61854,1.60614,1.60891,135834.0
2011-09-06,1.60893,1.61999,1.59211,1.59505,175520.0
2011-09-07,1.59505,1.60389,1.5918,1.59693,186324.0
2011-09-08,1.59693,1.60825,1.59129,1.59555,185193.0
2011-09-09,1.59556,1.59903,1.58436,1.58801,197586.15
2011-09-10,1.58801,1.58801,1.58801,1.58801,0.0
2011-09-11,1.58801,1.58806,1.58233,1.58552,19973.65
2011-09-12,1.58554,1.58855,1.5773,1.58456,211248.0
2011-09-13,1.58456,1.58691,1.57615,1.57826,207700.0
2011-09-14,1.57828,1.58141,1.5706,1.57697,202137.0
2011-09-15,1.57696,1.58679,1.573,1.57962,174273.0
2011-09-16,1.5796,1.58406,1.57449,1.5787,158938.2
2011-09-17,1.5787,1.5787,1.5787,1.5787,0.0
2011-09-18,1.5787,1.5787,1.57061,1.57095,18669.14
2011-09-19,1.57095,1.57553,1.56328,1.56714,166587.0
2011-09-20,1.56712,1.57469,1.56583,1.57338,144542.0
2011-09-21,1.57339,1.57413,1.5483,1.54991,174689.0
2011-09-22,1.54987,1.55013,1.53274,1.53864,201020.0
2011-09-23,1.53865,1.54906,1.53744,1.54447,181180.39
2011-09-24,1.54447,1.54447,1.54447,1.54447,0.0
2011-09-25,1.54447,1.55122,1.54447,1.54745,18878.48
2011-09-26,1.54745,1.55701,1.54318,1.555,215429.0
2011-09-27,1.555,1.57051,1.55261,1.5632,199164.0
2011-09-28,1.5632,1.56772,1.55482,1.55499,178437.0
2011-09-29,1.55495,1.57152,1.55424,1.56087,177244.0
2011-09-30,1.56088,1.56651,1.55321,1.55792,156303.0
2011-10-01,1.55768,1.55792,1.55768,1.55792,3.74
2011-10-02,1.55815,1.55926,1.55444,1.557,21407.02
2011-10-03,1.557,1.55829,1.54195,1.54305,168161.0
2011-10-04,1.5431,1.54944,1.534,1.54641,194915.0
2011-10-05,1.54634,1.54924,1.53941,1.54652,178600.0
2011-10-06,1.54646,1.55011,1.52714,1.54374,189441.0
2011-10-07,1.54372,1.56457,1.54228,1.55535,166455.13
2011-10-08,1.55535,1.55535,1.55535,1.55535,0.0
2011-10-09,1.55535,1.55631,1.55181,1.55499,29741.6
2011-10-10,1.555,1.56883,1.55438,1.56455,187745.85
2011-10-11,1.56455,1.56633,1.5574,1.55794,194905.88
2011-10-12,1.55794,1.57976,1.55424,1.57342,201282.43
2011-10-13,1.57336,1.57839,1.56659,1.57427,206442.0
2011-10-14,1.57431,1.58518,1.5721,1.58175,172572.49
2011-10-15,1.58175,1.58175,1.58175,1.58175,0.0
2011-10-16,1.58175,1.58377,1.58065,1.58159,22051.7
2011-10-17,1.5816,1.58477,1.57305,1.5746,184558.36
2011-10-18,1.5746,1.58207,1.56314,1.5701,218909.04
2011-10-19,1.57011,1.58472,1.57,1.57709,207234.58
2011-10-20,1.57709,1.58031,1.56814,1.57995,211972.59
2011-10-21,1.57995,1.59731,1.57535,1.59455,189246.87
2011-10-22,1.59455,1.59455,1.59455,1.59455,0.0
2011-10-23,1.59455,1.59517,1.59097,1.59403,20851.65
2011-10-24,1.59404,1.60072,1.58999,1.5996,182155.99
2011-10-25,1.59965,1.60386,1.5956,1.60018,191343.74
2011-10-26,1.60018,1.60413,1.58904,1.59702,173553.0
2011-10-27,1.59701,1.61408,1.59672,1.60975,219529.76
2011-10-28,1.60974,1.61517,1.6071,1.61273,178077.67
2011-10-29,1.61273,1.61273,1.61273,1.61273,0.0
2011-10-30,1.61273,1.61346,1.61084,1.61097,6351.28
2011-10-31,1.61097,1.61659,1.59649,1.6075,233634.7
2011-11-01,1.6075,1.60921,1.58902,1.59398,246617.02
2011-11-02,1.59393,1.6047,1.58828,1.59057,215022.8
2011-11-03,1.5906,1.6061,1.5876,1.6034,223423.49
2011-11-04,1.60338,1.6063,1.59458,1.60315,187110.84
2011-11-05,1.60315,1.60315,1.60315,1.60315,0.0
2011-11-06,1.60315,1.60726,1.60104,1.60324,23114.38
2011-11-07,1.6033,1.60788,1.59794,1.60628,197067.68
2011-11-08,1.60628,1.61293,1.60353,1.60976,186794.5
2011-11-09,1.60974,1.61193,1.5901,1.59111,213989.29
2011-11-10,1.59111,1.59847,1.58682,1.5937,211873.68
2011-11-11,1.59368,1.60926,1.58953,1.6062,172445.04
2011-11-12,1.6062,1.6062,1.6062,1.6062,0.0
2011-11-13,1.6062,1.60899,1.60597,1.60754,19706.08
2011-11-14,1.60756,1.60916,1.58805,1.58973,194687.9
2011-11-15,1.58976,1.59315,1.57979,1.5802,208531.48
2011-11-16,1.58017,1.58155,1.56948,1.57051,235997.28
2011-11-17,1.57051,1.58116,1.56905,1.57479,242280.95
2011-11-18,1.57479,1.58876,1.57373,1.58051,235637.0
2011-11-19,1.58051,1.58051,1.58051,1.58051,0.0
2011-11-20,1.58051,1.58051,1.5757,1.57737,19878.92
2011-11-21,1.57737,1.57753,1.56122,1.56368,226038.55
2011-11-22,1.56368,1.56911,1.55821,1.56452,236132.91
2011-11-23,1.56452,1.56548,1.54944,1.55206,240417.48
2011-11-24,1.55196,1.55657,1.547,1.54751,185318.98
2011-11-25,1.54751,1.55179,1.54229,1.54356,189745.48
2011-11-26,1.54356,1.54356,1.54356,1.54356,0.0
2011-11-27,1.54356,1.55004,1.54356,1.54839,29745.44
2011-11-28,1.54839,1.55942,1.54589,1.54978,224063.82
2011-11-29,1.54978,1.56561,1.54689,1.55955,230911.36
2011-11-30,1.55955,1.57794,1.55257,1.57031,239978.65
2011-12-01,1.57032,1.57558,1.56364,1.56828,210507.73
2011-12-02,1.56826,1.57253,1.55763,1.55948,189556.56
2011-12-03,1.55948,1.55948,1.55948,1.55948,0.0
2011-12-04,1.55948,1.56327,1.55855,1.56044,12605.82
2011-12-05,1.56044,1.57167,1.55867,1.5642,184270.96
2011-12-06,1.56425,1.5664,1.5561,1.56019,214440.47
2011-12-07,1.56019,1.57231,1.55942,1.56982,203380.22
2011-12-08,1.56982,1.57694,1.56099,1.56351,216122.78
2011-12-09,1.56349,1.57345,1.55845,1.56623,209643.49
2011-12-10,1.56623,1.56623,1.56623,1.56623,0.0
2011-12-11,1.56623,1.56675,1.56281,1.56521,20082.94
2011-12-12,1.5652,1.56571,1.5537,1.55741,240131.55
2011-12-13,1.55739,1.56291,1.54505,1.54766,250416.82
2011-12-14,1.54766,1.5531,1.5409,1.54717,225318.02
2011-12-15,1.54717,1.55291,1.54332,1.55225,214857.72
2011-12-16,1.55229,1.55571,1.54831,1.55427,194113.95
2011-12-17,1.55427,1.55427,1.55427,1.55427,0.0
2011-12-18,1.55427,1.55435,1.55134,1.55203,17603.17
2011-12-19,1.55203,1.55446,1.54645,1.55071,205364.58
2011-12-20,1.55071,1.57005,1.55025,1.56681,203804.91
2011-12-21,1.56681,1.57737,1.56476,1.56661,222086.01
2011-12-22,1.56661,1.5728,1.56489,1.56774,170605.67
2011-12-23,1.5678,1.57073,1.55792,1.55845,122165.61
2011-12-24,1.55845,1.55845,1.55845,1.55845,0.0
2011-12-25,1.55845,1.55945,1.55805,1.55913,396.09
2011-12-26,1.5593,1.56455,1.55894,1.56259,21372.64
2011-12-27,1.56264,1.56974,1.55951,1.56613,88919.32
2011-12-28,1.56613,1.56915,1.54362,1.54362,165465.96
2011-12-29,1.54362,1.54758,1.53617,1.54137,166117.51
2011-12-30,1.5413,1.55716,1.54009,1.55441,145435.93
2011-12-31,1.55441,1.55441,1.55441,1.55441,0.0
2012-01-01,1.55441,1.55441,1.5484,1.55011,2159.76
2012-01-02,1.55011,1.55429,1.54671,1.55162,31981.31
2012-01-03,1.55163,1.56694,1.55047,1.56444,193994.71
2012-01-04,1.56444,1.56686,1.5579,1.56082,206958.3
2012-01-05,1.56085,1.56287,1.5467,1.54979,210198.58
2012-01-06,1.5498,1.55253,1.5375,1.54256,194409.08
2012-01-07,1.54256,1.54256,1.54256,1.54256,0.0
2012-01-08,1.54256,1.54291,1.53984,1.54159,15998.27
2012-01-09,1.54159,1.54695,1.5395,1.54558,201713.3
2012-01-10,1.54558,1.55002,1.5446,1.54707,204473.77
2012-01-11,1.54706,1.54875,1.5309,1.53335,214026.39
2012-01-12,1.53335,1.53672,1.5279,1.53401,228509.9
2012-01-13,1.53401,1.54093,1.52336,1.53163,232216.91
2012-01-14,1.53163,1.53163,1.53163,1.53163,0.0
2012-01-15,1.53163,1.53163,1.52696,1.53009,17850.56
2012-01-16,1.53009,1.53522,1.52817,1.53204,166760.95
2012-01-17,1.53204,1.54039,1.53162,1.53383,210262.24
2012-01-18,1.53382,1.54414,1.5327,1.54276,230916.5
2012-01-19,1.54276,1.54922,1.5415,1.54823,215722.93
2012-01-20,1.54825,1.55765,1.545,1.55728,195363.6
2012-01-21,1.55728,1.55728,1.55728,1.55728,0.0
2012-01-22,1.55728,1.55728,1.55139,1.55425,25357.04
2012-01-23,1.55426,1.56019,1.55164,1.55765,206875.18
2012-01-24,1.55772,1.56277,1.55327,1.56239,211740.64
2012-01-25,1.56235,1.56784,1.55314,1.56565,231480.83
2012-01-26,1.56565,1.57344,1.565,1.56749,217688.84
2012-01-27,1.56749,1.5739,1.5641,1.57288,203546.27
2012-01-28,1.57288,1.57288,1.57288,1.57288,0.0
2012-01-29,1.57288,1.57357,1.57124,1.57221,17028.2
2012-01-30,1.57221,1.57252,1.56536,1.5705,210281.21
2012-01-31,1.5705,1.57961,1.57002,1.57594,234746.39
2012-02-01,1.57594,1.58826,1.57061,1.58449,241221.3
2012-02-02,1.58449,1.58584,1.5795,1.58019,215370.84
2012-02-03,1.58019,1.586,1.575,1.58115,200844.85
2012-02-04,1.58115,1.58115,1.58115,1.58115,0.0
2012-02-05,1.58115,1.5823,1.57667,1.57995,18304.34
2012-02-06,1.57993,1.58405,1.57298,1.58111,181771.45
2012-02-07,1.5811,1.59046,1.57878,1.58903,192093.76
2012-02-08,1.58903,1.59281,1.57944,1.58084,174697.09
2012-02-09,1.58084,1.58849,1.57915,1.58112,183507.11
2012-02-10,1.58112,1.58489,1.57298,1.57533,161167.53
2012-02-11,1.57533,1.57533,1.57533,1.57533,0.0
2012-02-12,1.57533,1.57979,1.57533,1.57763,20705.15
2012-02-13,1.57764,1.58268,1.57157,1.57214,158038.91
2012-02-14,1.57216,1.57698,1.56442,1.56892,178901.48
2012-02-15,1.56892,1.57355,1.567,1.56838,186076.4
2012-02-16,1.56837,1.58162,1.5655,1.58045,183723.42
2012-02-17,1.58045,1.58618,1.5789,1.58211,154585.29
2012-02-18,1.58211,1.58211,1.58211,1.58211,0.0
2012-02-19,1.58211,1.58777,1.5821,1.58652,27765.86
2012-02-20,1.58652,1.58798,1.58194,1.58282,117037.75
2012-02-21,1.5828,1.58647,1.57723,1.579,169702.63
2012-02-22,1.579,1.58136,1.5648,1.5669,154675.39
2012-02-23,1.5669,1.57505,1.56498,1.57437,143563.84
2012-02-24,1.5743,1.58985,1.57211,1.58674,137024.51
2012-02-25,1.58674,1.58674,1.58674,1.58674,0.0
2012-02-26,1.58674,1.59008,1.58674,1.58832,31299.11
2012-02-27,1.58832,1.58872,1.58098,1.58296,157855.22
2012-02-28,1.58297,1.59226,1.5799,1.59209,148740.81
2012-02-29,1.59213,1.59916,1.59042,1.59204,172234.32
2012-03-01,1.59204,1.59748,1.5896,1.59579,158578.66
2012-03-02,1.59579,1.59658,1.58229,1.58325,139778.67
2012-03-03,1.58325,1.58325,1.58325,1.58325,0.0
2012-03-04,1.58325,1.58458,1.58279,1.58301,14517.84
2012-03-05,1.58297,1.58768,1.5785,1.5873,113257.95
2012-03-06,1.5873,1.58815,1.5696,1.57191,133298.51
2012-03-07,1.5719,1.57586,1.56974,1.573,124949.83
2012-03-08,1.57301,1.58329,1.57235,1.58209,130045.8
2012-03-09,1.58208,1.58282,1.56619,1.5673,133020.99
2012-03-10,1.5673,1.5673,1.5673,1.5673,0.0
2012-03-11,1.5673,1.56751,1.56557,1.56661,13070.58
2012-03-12,1.5666,1.56951,1.5602,1.56501,130233.9
2012-03-13,1.56502,1.57469,1.562,1.57031,145015.44
2012-03-14,1.57032,1.57434,1.56488,1.5651,144383.95
2012-03-15,1.5651,1.57364,1.56338,1.57018,136309.31
2012-03-16,1.57019,1.58607,1.56939,1.58403,127819.01
2012-03-17,1.58403,1.58403,1.58403,1.58403,0.0
2012-03-18,1.58403,1.58522,1.58139,1.58344,9762.4
2012-03-19,1.58344,1.59138,1.58205,1.58856,118336.69
2012-03-20,1.58856,1.58963,1.58306,1.58635,121338.27
2012-03-21,1.58635,1.59228,1.5816,1.58725,155728.22
2012-03-22,1.58727,1.58918,1.57699,1.58225,149611.56
2012-03-23,1.58225,1.59088,1.58056,1.5867,136968.1
2012-03-24,1.5867,1.5867,1.5867,1.5867,0.0
2012-03-25,1.5867,1.58831,1.5866,1.58776,9428.3
2012-03-26,1.58776,1.59731,1.58008,1.59594,136431.67
2012-03-27,1.59595,1.60006,1.5942,1.59521,133354.44
2012-03-28,1.59521,1.59637,1.5842,1.58903,146026.44
2012-03-29,1.58903,1.59632,1.58598,1.59563,136997.81
2012-03-30,1.59563,1.60367,1.59545,1.60158,133808.98
2012-03-31,1.60158,1.60158,1.60158,1.60158,0.0
2012-04-01,1.60158,1.60273,1.60047,1.60101,9988.65
2012-04-02,1.60101,1.60622,1.59785,1.60345,125911.17
2012-04-03,1.60345,1.60459,1.58912,1.59028,146206.07
2012-04-04,1.59028,1.59094,1.58325,1.59019,138284.03
2012-04-05,1.59017,1.5908,1.5805,1.58274,120808.01
2012-04-06,1.58274,1.58904,1.58243,1.58722,47120.54
2012-04-07,1.58722,1.58722,1.58722,1.58722,0.0
2012-04-08,1.58687,1.58913,1.5852,1.58756,10730.02
2012-04-09,1.58758,1.59133,1.58351,1.59054,63348.16
2012-04-10,1.59054,1.59298,1.58084,1.58525,157638.61
2012-04-11,1.58522,1.59377,1.58511,1.59229,141686.1
2012-04-12,1.5923,1.59842,1.59117,1.59567,138879.91
2012-04-13,1.5957,1.59687,1.58403,1.58444,133547.64
2012-04-14,1.58444,1.58444,1.58444,1.58444,0.0
2012-04-15,1.58444,1.58591,1.58338,1.58359,15508.38
2012-04-16,1.58359,1.59103,1.58187,1.58945,161110.39
2012-04-17,1.58945,1.597,1.58617,1.59392,145069.6
2012-04-18,1.59391,1.60418,1.58945,1.60187,155389.33
2012-04-19,1.60187,1.60771,1.60085,1.60578,157262.65
2012-04-20,1.60578,1.61496,1.60377,1.61181,138589.53
2012-04-21,1.61181,1.61181,1.61181,1.61181,0.0
2012-04-22,1.61181,1.61326,1.60981,1.61304,11912.54
2012-04-23,1.61302,1.61332,1.6076,1.61164,142634.99
2012-04-24,1.61164,1.61633,1.6109,1.61426,135848.83
2012-04-25,1.61426,1.6182,1.60812,1.61769,166580.33
2012-04-26,1.61771,1.62062,1.61578,1.61777,154233.8
2012-04-27,1.61777,1.62793,1.61527,1.62632,154483.32
2012-04-28,1.62632,1.62632,1.62632,1.62632,0.0
2012-04-29,1.62632,1.62799,1.62506,1.62782,11406.87
2012-04-30,1.62784,1.63008,1.6221,1.62296,136450.32
2012-05-01,1.62299,1.62467,1.61858,1.62199,109824.69
2012-05-02,1.62199,1.62385,1.61599,1.61917,146406.69
2012-05-03,1.61915,1.62149,1.61588,1.61896,130207.0
2012-05-04,1.61896,1.62021,1.61401,1.61453,126803.93
2012-05-05,1.61453,1.61453,1.61453,1.61453,0.0
2012-05-06,1.61453,1.61544,1.6116,1.61168,12709.01
2012-05-07,1.6117,1.61975,1.61138,1.61884,125616.41
2012-05-08,1.61884,1.6189,1.6124,1.61445,153915.81
2012-05-09,1.61445,1.6156,1.6066,1.61356,178091.59
2012-05-10,1.61354,1.61818,1.60911,1.61321,161803.14
2012-05-11,1.61321,1.61419,1.6061,1.60657,158480.81
2012-05-12,1.60657,1.60657,1.60657,1.60657,0.0
2012-05-13,1.60657,1.60786,1.60506,1.6072,11318.11
2012-05-14,1.60719,1.61226,1.60508,1.60973,143127.88
2012-05-15,1.60976,1.61137,1.5983,1.59836,151499.38
2012-05-16,1.59836,1.59889,1.5888,1.59211,196309.72
2012-05-17,1.59211,1.59318,1.578,1.57838,187180.33
2012-05-18,1.57838,1.58369,1.57319,1.58095,179789.35
2012-05-19,1.58095,1.58095,1.58095,1.58095,0.0
2012-05-20,1.58095,1.58323,1.57928,1.58107,10225.94
2012-05-21,1.58105,1.58403,1.57788,1.5828,169845.13
2012-05-22,1.5828,1.58477,1.57404,1.57561,168799.19
2012-05-23,1.5756,1.57666,1.56747,1.56791,200983.11
2012-05-24,1.56791,1.57259,1.5638,1.56567,181758.62
2012-05-25,1.56567,1.56993,1.563,1.56639,155786.7
2012-05-26,1.56639,1.56639,1.56639,1.56639,0.0
2012-05-27,1.56639,1.56946,1.56539,1.5678,10562.46
2012-05-28,1.56782,1.57162,1.56628,1.56655,97289.8
2012-05-29,1.56654,1.57162,1.56076,1.56312,155810.39
2012-05-30,1.56313,1.5637,1.54706,1.54801,184501.85
2012-05-31,1.54801,1.55257,1.53598,1.53961,191280.61
2012-06-01,1.53958,1.54355,1.52677,1.53607,205271.88
2012-06-02,1.53607,1.53607,1.53607,1.53607,0.0
2012-06-03,1.53607,1.53742,1.53425,1.53478,12021.09
2012-06-04,1.53478,1.54151,1.5341,1.53949,132042.17
2012-06-05,1.53949,1.54077,1.53207,1.53823,154368.32
2012-06-06,1.53821,1.55149,1.53759,1.54803,178913.3
2012-06-07,1.54799,1.56,1.54299,1.55211,184023.19
2012-06-08,1.55211,1.55244,1.5403,1.5469,167065.2
2012-06-09,1.5469,1.5469,1.5469,1.5469,0.0
2012-06-10,1.5469,1.55474,1.5468,1.55352,18502.41
2012-06-11,1.5535,1.55817,1.5461,1.54823,172092.57
2012-06-12,1.54822,1.55894,1.54538,1.55644,182760.83
2012-06-13,1.55646,1.55978,1.55032,1.55194,173999.99
2012-06-14,1.55193,1.55632,1.54724,1.55511,173523.18
2012-06-15,1.55511,1.57256,1.54758,1.57094,153108.03
2012-06-16,1.57094,1.57094,1.57094,1.57094,0.0
2012-06-17,1.57094,1.5786,1.56883,1.57125,14356.3
2012-06-18,1.57125,1.57304,1.56366,1.56842,174339.32
2012-06-19,1.56844,1.57569,1.56143,1.57173,185868.77
2012-06-20,1.57174,1.5777,1.565,1.5705,194025.31
2012-06-21,1.5705,1.57331,1.55773,1.5597,206603.51
2012-06-22,1.55969,1.56341,1.55564,1.55802,167786.15
2012-06-23,1.55802,1.55802,1.55802,1.55802,0.0
2012-06-24,1.55802,1.55938,1.55456,1.55808,11062.1
2012-06-25,1.5581,1.55897,1.5538,1.55637,146732.58
2012-06-26,1.55637,1.565,1.55633,1.56326,180915.13
2012-06-27,1.56327,1.56402,1.5545,1.55683,158552.94
2012-06-28,1.55685,1.56232,1.54846,1.55165,198330.76
2012-06-29,1.55166,1.57143,1.55124,1.57044,217378.42
2012-06-30,1.57044,1.57044,1.57044,1.57044,0.0
2012-07-01,1.57042,1.57115,1.56727,1.56779,15502.31
2012-07-02,1.56778,1.57216,1.5641,1.56891,173967.46
2012-07-03,1.56887,1.57128,1.56576,1.56878,152107.78
2012-07-04,1.56877,1.5689,1.55736,1.55817,125650.33
2012-07-05,1.55817,1.56225,1.54992,1.55283,184002.11
2012-07-06,1.55283,1.55503,1.546,1.54844,162289.72
2012-07-07,1.54844,1.54844,1.54844,1.54844,0.0
2012-07-08,1.54844,1.54866,1.54635,1.54787,13139.98
2012-07-09,1.54787,1.55339,1.547,1.55267,137310.68
2012-07-10,1.55269,1.55486,1.5478,1.55149,163434.85
2012-07-11,1.55149,1.55777,1.54854,1.55076,160889.26
2012-07-12,1.55076,1.55157,1.53924,1.54228,167176.22
2012-07-13,1.54228,1.55801,1.54136,1.55741,158083.54
2012-07-14,1.55741,1.55741,1.55741,1.55741,0.0
2012-07-15,1.55741,1.55925,1.55639,1.55797,13356.21
2012-07-16,1.55797,1.56541,1.55165,1.56243,153083.83
2012-07-17,1.56241,1.56774,1.55532,1.56629,180261.15
2012-07-18,1.56629,1.56676,1.55809,1.56454,174976.38
2012-07-19,1.56453,1.57369,1.56355,1.57153,180235.18
2012-07-20,1.57153,1.57189,1.5611,1.56178,166889.19
2012-07-21,1.56178,1.56178,1.56178,1.56178,0.0
2012-07-22,1.56178,1.56239,1.55953,1.56084,16117.63
2012-07-23,1.56082,1.56104,1.54844,1.55152,200831.91
2012-07-24,1.55151,1.55513,1.54863,1.54975,197451.41
2012-07-25,1.54975,1.5551,1.54581,1.54844,211702.14
2012-07-26,1.54846,1.5723,1.54704,1.56819,212408.73
2012-07-27,1.56817,1.57671,1.56661,1.57423,208871.22
2012-07-28,1.57423,1.57423,1.57423,1.57423,0.0
2012-07-29,1.57423,1.57504,1.57242,1.5725,7137.7
2012-07-30,1.57251,1.57313,1.56722,1.57108,167640.81
2012-07-31,1.5711,1.57297,1.56249,1.56664,187497.17
2012-08-01,1.56662,1.56902,1.55296,1.55419,174211.36
2012-08-02,1.55419,1.56783,1.54899,1.55121,194488.49
2012-08-03,1.5513,1.56564,1.55045,1.56377,178546.3
2012-08-04,1.56377,1.56377,1.56377,1.56377,0.0
2012-08-05,1.56377,1.56652,1.55984,1.56522,17529.81
2012-08-06,1.5652,1.56526,1.5546,1.55867,162285.91
2012-08-07,1.55867,1.56835,1.55638,1.56105,160809.69
2012-08-08,1.56107,1.56765,1.55719,1.56667,160182.71
2012-08-09,1.56665,1.56853,1.56052,1.56288,156497.4
2012-08-10,1.56288,1.57007,1.55769,1.5686,141707.13
2012-08-11,1.5686,1.5686,1.5686,1.5686,0.0
2012-08-12,1.5686,1.56866,1.56581,1.56649,7204.49
2012-08-13,1.56648,1.57167,1.5656,1.5675,133556.14
2012-08-14,1.5675,1.57282,1.56682,1.56736,136565.65
2012-08-15,1.56738,1.57011,1.56598,1.5678,121670.47
2012-08-16,1.56784,1.57439,1.56359,1.57341,135081.54
2012-08-17,1.57339,1.57383,1.56738,1.56934,119162.2
2012-08-18,1.56934,1.56934,1.56934,1.56934,0.0
2012-08-19,1.56934,1.57062,1.5683,1.56869,7515.68
2012-08-20,1.5687,1.57166,1.56773,1.57091,118075.49
2012-08-21,1.57089,1.58039,1.5705,1.57759,141510.9
2012-08-22,1.57759,1.5885,1.57648,1.58821,143681.65
2012-08-23,1.58819,1.59121,1.58523,1.58564,155124.21
2012-08-24,1.58564,1.58691,1.57992,1.58072,129010.55
2012-08-25,1.58072,1.58072,1.58072,1.58072,0.0
2012-08-26,1.58072,1.5821,1.57994,1.57994,10255.03
2012-08-27,1.57994,1.5828,1.57857,1.57898,84861.03
2012-08-28,1.57898,1.58357,1.57535,1.58244,138401.74
2012-08-29,1.58244,1.58547,1.58024,1.58258,118010.46
2012-08-30,1.58258,1.58745,1.577,1.57866,121381.2
2012-08-31,1.57866,1.58949,1.57777,1.58649,145961.89
2012-09-01,1.58649,1.58649,1.58649,1.58649,0.0
2012-09-02,1.58649,1.58845,1.58621,1.58648,12624.77
2012-09-03,1.5865,1.58979,1.58494,1.58788,96364.3
2012-09-04,1.5879,1.5909,1.58548,1.58635,128976.59
2012-09-05,1.58635,1.59336,1.58256,1.59023,161309.98
2012-09-06,1.59023,1.59422,1.58808,1.59308,158430.3
2012-09-07,1.59308,1.60336,1.59218,1.60095,149852.76
2012-09-08,1.60095,1.60095,1.60095,1.60095,0.0
2012-09-09,1.60095,1.60171,1.60046,1.60062,6416.18
2012-09-10,1.60063,1.60174,1.59583,1.59906,118976.69
2012-09-11,1.59906,1.60833,1.59905,1.60713,144588.36
2012-09-12,1.60713,1.61305,1.60633,1.6105,155768.8
2012-09-13,1.6105,1.61733,1.60728,1.61512,148351.44
2012-09-14,1.6151,1.6255,1.61501,1.6215,155673.17
2012-09-15,1.6215,1.6215,1.6215,1.6215,0.0
2012-09-16,1.6215,1.62356,1.62019,1.62219,8919.11
2012-09-17,1.62217,1.62728,1.62107,1.62397,122600.25
2012-09-18,1.62396,1.62668,1.62209,1.62424,135365.5
2012-09-19,1.62424,1.62705,1.61842,1.6231,140502.01
2012-09-20,1.62312,1.62356,1.61627,1.62206,147485.95
2012-09-21,1.62204,1.63089,1.62121,1.62275,137767.24
2012-09-22,1.62275,1.62275,1.62275,1.62275,0.0
2012-09-23,1.62275,1.62477,1.62216,1.62298,7982.44
2012-09-24,1.62298,1.62428,1.61812,1.62237,109445.5
2012-09-25,1.62237,1.62672,1.61823,1.61911,129569.64
2012-09-26,1.61911,1.62084,1.61369,1.61733,128510.09
2012-09-27,1.61733,1.62428,1.61655,1.62303,128973.7
2012-09-28,1.623,1.62717,1.61145,1.61676,158512.47
2012-09-29,1.61676,1.61676,1.61676,1.61676,0.0
2012-09-30,1.61676,1.61676,1.61174,1.6121,11869.64
2012-10-01,1.6121,1.6174,1.61084,1.61301,134182.02
2012-10-02,1.61301,1.61863,1.6124,1.61283,130659.35
2012-10-03,1.61283,1.61412,1.6066,1.60997,136233.97
2012-10-04,1.60997,1.62021,1.60823,1.6183,145517.65
2012-10-05,1.61829,1.62164,1.61224,1.61322,126336.7
2012-10-06,1.61322,1.61322,1.61322,1.61322,0.0
2012-10-07,1.61322,1.61413,1.61192,1.61353,14665.64
2012-10-08,1.61353,1.61353,1.6019,1.60303,123067.71
2012-10-09,1.60305,1.60457,1.59756,1.59935,149301.8
2012-10-10,1.59933,1.60339,1.59758,1.60047,139431.12
2012-10-11,1.60049,1.60536,1.59837,1.60434,114766.21
2012-10-12,1.60439,1.60963,1.60181,1.60629,124601.95
2012-10-13,1.60629,1.60629,1.60629,1.60629,0.0
2012-10-14,1.60629,1.60808,1.60553,1.6056,5825.63
2012-10-15,1.6056,1.6081,1.60204,1.60789,134984.52
2012-10-16,1.60789,1.61333,1.60601,1.61258,136894.78
2012-10-17,1.61259,1.61778,1.61147,1.61344,121231.07
2012-10-18,1.61344,1.617,1.604,1.60545,121985.45
2012-10-19,1.60545,1.6066,1.59949,1.59998,115782.6
2012-10-20,1.59998,1.59998,1.59998,1.59998,0.0
2012-10-21,1.59998,1.60125,1.59899,1.59969,6732.67
2012-10-22,1.59969,1.60519,1.59967,1.602,111868.4
2012-10-23,1.60199,1.60214,1.5913,1.59473,122593.28
2012-10-24,1.59473,1.60475,1.59353,1.6029,137567.45
2012-10-25,1.60291,1.61427,1.60278,1.61164,137204.67
2012-10-26,1.61163,1.61405,1.608,1.61028,123465.88
2012-10-27,1.61028,1.61028,1.61028,1.61028,0.0
2012-10-28,1.61028,1.61206,1.60763,1.60852,7482.86
2012-10-29,1.60857,1.60921,1.6006,1.60285,84050.42
2012-10-30,1.60285,1.60854,1.60203,1.60724,90879.31
2012-10-31,1.60724,1.61384,1.60678,1.61311,119820.49
2012-11-01,1.61311,1.61745,1.61195,1.61322,115735.62
2012-11-02,1.61322,1.61322,1.60074,1.60194,111345.92
2012-11-03,1.60194,1.60194,1.60194,1.60194,0.0
2012-11-04,1.60194,1.60215,1.60045,1.60175,7330.74
2012-11-05,1.60175,1.60385,1.59569,1.5984,101878.5
2012-11-06,1.59839,1.60072,1.5964,1.59894,103127.89
2012-11-07,1.59894,1.60418,1.59538,1.59756,140861.57
2012-11-08,1.59755,1.60045,1.59286,1.59749,113331.73
2012-11-09,1.59749,1.60188,1.58874,1.5893,117310.44
2012-11-10,1.5893,1.5893,1.5893,1.5893,0.0
2012-11-11,1.5893,1.59055,1.58884,1.58913,10834.17
2012-11-12,1.58913,1.59144,1.58637,1.58736,69691.83
2012-11-13,1.58736,1.59149,1.58568,1.58741,110806.4
2012-11-14,1.5874,1.59008,1.58375,1.58384,119501.3
2012-11-15,1.58382,1.58788,1.58267,1.58644,114143.63
2012-11-16,1.58645,1.59005,1.58352,1.58775,103693.12
2012-11-17,1.58775,1.58775,1.58775,1.58775,0.0
2012-11-18,1.58775,1.59066,1.58775,1.58966,12332.39
2012-11-19,1.58973,1.59229,1.58867,1.5892,93821.69
2012-11-20,1.58921,1.59356,1.58915,1.59222,100734.26
2012-11-21,1.59222,1.59688,1.58823,1.59675,104739.75
2012-11-22,1.59675,1.59779,1.59183,1.59359,81096.0
2012-11-23,1.59357,1.60507,1.59266,1.60239,89962.46
2012-11-24,1.60239,1.60239,1.60239,1.60239,0.0
2012-11-25,1.60239,1.60372,1.6019,1.60291,11842.31
2012-11-26,1.6029,1.60347,1.5996,1.60317,93478.22
2012-11-27,1.60316,1.60558,1.60088,1.60186,108554.69
2012-11-28,1.60189,1.60208,1.59618,1.60129,121316.21
2012-11-29,1.60129,1.60477,1.60018,1.60368,111535.38
2012-11-30,1.60368,1.6062,1.59885,1.60103,117869.02
2012-12-01,1.60103,1.60103,1.60103,1.60103,0.0
2012-12-02,1.60039,1.60247,1.59978,1.60218,8706.82
2012-12-03,1.60218,1.61155,1.60198,1.60962,101306.65
2012-12-04,1.60962,1.61305,1.60861,1.60982,93198.95
2012-12-05,1.60979,1.61177,1.60814,1.60908,104220.32
2012-12-06,1.60908,1.61275,1.60351,1.60475,110021.52
2012-12-07,1.60474,1.60603,1.60019,1.6032,108076.88
2012-12-08,1.6032,1.6032,1.6032,1.6032,0.0
2012-12-09,1.6032,1.60394,1.60193,1.60343,13084.64
2012-12-10,1.60342,1.60959,1.60135,1.60709,78076.64
2012-12-11,1.60709,1.61217,1.60685,1.6117,94352.62
2012-12-12,1.6117,1.61714,1.60949,1.61346,104815.98
2012-12-13,1.61346,1.61527,1.60837,1.61126,107528.13
2012-12-14,1.61124,1.61771,1.61031,1.61722,105502.06
2012-12-15,1.61722,1.61722,1.61722,1.61722,0.0
2012-12-16,1.61722,1.61988,1.61462,1.61732,13543.97
2012-12-17,1.61729,1.62159,1.61571,1.62032,108205.66
2012-12-18,1.62028,1.62689,1.6195,1.62493,108494.2
2012-12-19,1.62493,1.63061,1.62375,1.625,123157.9
2012-12-20,1.625,1.62957,1.62439,1.62712,120119.5
2012-12-21,1.62714,1.62729,1.61516,1.6166,138672.0
2012-12-22,1.6166,1.6166,1.6166,1.6166,0.0
2012-12-23,1.6166,1.61701,1.61478,1.615,10700.04
2012-12-24,1.615,1.62057,1.61006,1.61292,81307.4
2012-12-25,1.61275,1.61418,1.61127,1.61342,14864.05
2012-12-26,1.61342,1.61707,1.6108,1.61238,68316.42
2012-12-27,1.61238,1.6202,1.60663,1.61129,120802.12
2012-12-28,1.61129,1.61701,1.60785,1.61569,99557.06
2012-12-29,1.61569,1.61569,1.61569,1.61569,0.0
2012-12-30,1.61569,1.61741,1.61441,1.616,7226.33
2012-12-31,1.61599,1.62734,1.61333,1.62414,99761.12
2013-01-01,1.62414,1.62557,1.62291,1.62438,2047.97
2013-01-02,1.62437,1.63804,1.62245,1.62496,153682.77
2013-01-03,1.62496,1.62523,1.60547,1.60755,141402.14
2013-01-04,1.60755,1.60879,1.60092,1.60681,141673.89
2013-01-05,1.60681,1.60681,1.60681,1.60681,0.0
2013-01-06,1.60681,1.60812,1.60595,1.60665,4269.67
2013-01-07,1.60665,1.6128,1.602,1.61204,135698.7
2013-01-08,1.61206,1.61219,1.60283,1.60585,134534.59
2013-01-09,1.60585,1.60747,1.5992,1.60138,145057.32
2013-01-10,1.60138,1.61766,1.60035,1.61634,166039.11
2013-01-11,1.61634,1.61701,1.60885,1.61323,147388.99
2013-01-12,1.61323,1.61323,1.61323,1.61323,0.0
2013-01-13,1.61323,1.61385,1.61169,1.61212,5507.81
2013-01-14,1.61217,1.6154,1.6031,1.60755,144813.17
2013-01-15,1.60754,1.61003,1.60326,1.60729,164024.81
2013-01-16,1.60731,1.608,1.59753,1.59936,161250.62
2013-01-17,1.59934,1.60386,1.59548,1.59771,159293.23
2013-01-18,1.59771,1.5996,1.58536,1.58638,166598.28
2013-01-19,1.58638,1.58638,1.58638,1.58638,0.0
2013-01-20,1.58638,1.58638,1.58424,1.58549,4466.48
2013-01-21,1.58547,1.58929,1.5805,1.58344,95289.53
2013-01-22,1.58344,1.58831,1.58092,1.58349,172686.28
2013-01-23,1.58349,1.58918,1.58017,1.58292,157544.46
2013-01-24,1.58291,1.58509,1.57559,1.57797,164960.12
2013-01-25,1.57798,1.58267,1.57455,1.57959,170327.43
2013-01-26,1.57959,1.57959,1.57959,1.57959,0.0
2013-01-27,1.57959,1.57959,1.57603,1.57734,5938.71
2013-01-28,1.57734,1.57795,1.56738,1.56956,152393.12
2013-01-29,1.56956,1.57729,1.56919,1.57442,150156.93
2013-01-30,1.5744,1.5816,1.57245,1.57959,155994.16
2013-01-31,1.57957,1.58744,1.57747,1.58688,153545.59
2013-02-01,1.58688,1.5878,1.5689,1.5691,174424.26
2013-02-02,1.5691,1.5691,1.5691,1.5691,0.0
2013-02-03,1.5691,1.57098,1.5689,1.57007,4302.97
2013-02-04,1.57007,1.57715,1.56932,1.57563,139087.38
2013-02-05,1.57564,1.5804,1.563,1.56637,171548.42
2013-02-06,1.56637,1.56776,1.56311,1.56623,155115.87
2013-02-07,1.56623,1.57681,1.56449,1.57051,185551.13
2013-02-08,1.57051,1.58441,1.5705,1.57949,155073.73
2013-02-09,1.57949,1.57949,1.57949,1.57949,0.0
2013-02-10,1.57949,1.58024,1.57838,1.57984,4460.73
2013-02-11,1.57982,1.58096,1.56446,1.56546,133497.08
2013-02-12,1.56546,1.56826,1.55714,1.56751,158073.43
2013-02-13,1.5675,1.56883,1.55231,1.55312,156638.8
2013-02-14,1.55314,1.55422,1.54744,1.54843,151053.52
2013-02-15,1.54843,1.55499,1.54606,1.55162,167422.23
2013-02-16,1.55162,1.55162,1.55162,1.55162,0.0
2013-02-17,1.55162,1.55162,1.54714,1.54763,6315.07
2013-02-18,1.54763,1.55069,1.5437,1.54766,119628.5
2013-02-19,1.54766,1.55037,1.54135,1.54264,129096.01
2013-02-20,1.54266,1.54504,1.51922,1.52259,160247.18
2013-02-21,1.52257,1.52727,1.513,1.52595,180426.14
2013-02-22,1.52597,1.53195,1.51604,1.51605,141117.43
2013-02-23,1.51605,1.51605,1.51605,1.51605,0.0
2013-02-24,1.51605,1.51605,1.50714,1.50944,9594.39
2013-02-25,1.50943,1.5199,1.50864,1.51644,204314.85
2013-02-26,1.51644,1.52185,1.51123,1.51293,207758.85
2013-02-27,1.51294,1.51879,1.50801,1.5165,200320.37
2013-02-28,1.5165,1.52211,1.5148,1.51624,173008.18
2013-03-01,1.51624,1.51852,1.49853,1.50393,154155.15
2013-03-02,1.50393,1.50393,1.50393,1.50393,0.0
2013-03-03,1.50393,1.50421,1.50239,1.50311,4795.15
2013-03-04,1.50313,1.51396,1.49993,1.51275,127458.69
2013-03-05,1.51275,1.51984,1.50938,1.51351,143718.29
2013-03-06,1.51351,1.51548,1.49658,1.49941,139044.54
2013-03-07,1.49942,1.50822,1.49672,1.50251,170794.28
2013-03-08,1.50252,1.50468,1.48853,1.49222,142075.07
2013-03-09,1.49222,1.49222,1.49222,1.49222,0.0
2013-03-10,1.49222,1.49235,1.49008,1.49064,5634.99
2013-03-11,1.49065,1.49429,1.48657,1.49044,114019.89
2013-03-12,1.49044,1.49157,1.48287,1.49038,139381.84
2013-03-13,1.49037,1.49812,1.48965,1.4924,147369.9
2013-03-14,1.49239,1.51183,1.49148,1.50893,168866.71
2013-03-15,1.50891,1.51762,1.50683,1.51128,162621.79
2013-03-16,1.51128,1.51128,1.51128,1.51128,0.0
2013-03-17,1.51128,1.51381,1.51008,1.51017,16079.89
2013-03-18,1.51017,1.51437,1.5071,1.50949,166189.2
2013-03-19,1.50951,1.51441,1.50729,1.50948,173984.48
2013-03-20,1.50946,1.51858,1.50265,1.50933,186770.2
2013-03-21,1.5093,1.52089,1.50919,1.51795,171405.69
2013-03-22,1.51795,1.52474,1.51751,1.52305,148973.41
2013-03-23,1.52305,1.52305,1.52305,1.52305,0.0
2013-03-24,1.52305,1.52599,1.52239,1.52406,11947.61
2013-03-25,1.52406,1.52581,1.51431,1.51772,163930.44
2013-03-26,1.51772,1.5207,1.51347,1.51601,134790.16
2013-03-27,1.51603,1.5181,1.50923,1.51263,138935.54
2013-03-28,1.51263,1.52004,1.51115,1.51989,145917.63
2013-03-29,1.51988,1.5219,1.51771,1.51958,64686.53
2013-03-30,1.51958,1.51958,1.51958,1.51958,0.0
2013-03-31,1.51958,1.52026,1.51862,1.51947,3987.45
2013-04-01,1.51947,1.52414,1.51776,1.52211,60472.64
2013-04-02,1.52214,1.52583,1.50983,1.51075,134303.42
2013-04-03,1.51074,1.5158,1.5075,1.51375,121204.18
2013-04-04,1.51376,1.52453,1.50332,1.52231,162874.57
2013-04-05,1.52233,1.5363,1.5199,1.53353,136839.77
2013-04-06,1.53353,1.53353,1.53353,1.53353,0.0
2013-04-07,1.53353,1.53487,1.53013,1.53486,8492.23
2013-04-08,1.53485,1.53502,1.52383,1.52627,123847.99
2013-04-09,1.52627,1.53413,1.52499,1.53205,140140.33
2013-04-10,1.53204,1.5343,1.52927,1.53229,123668.1
2013-04-11,1.53229,1.54113,1.53184,1.53934,144772.13
2013-04-12,1.53935,1.54094,1.53372,1.53393,126202.23
2013-04-13,1.53393,1.53393,1.53393,1.53393,0.0
2013-04-14,1.53393,1.53532,1.53346,1.53524,6756.21
2013-04-15,1.53525,1.53847,1.52698,1.52958,163352.94
2013-04-16,1.52957,1.53788,1.52724,1.53574,172070.02
2013-04-17,1.53574,1.53688,1.5216,1.52443,175433.94
2013-04-18,1.52446,1.53124,1.52176,1.52824,164029.16
2013-04-19,1.52824,1.53675,1.52239,1.52288,141942.19
2013-04-20,1.52288,1.52288,1.52288,1.52288,0.0
2013-04-21,1.52288,1.52354,1.52197,1.52243,8936.55
2013-04-22,1.52242,1.52973,1.52032,1.52971,126688.72
2013-04-23,1.52969,1.52969,1.51963,1.52266,146077.91
2013-04-24,1.52266,1.52871,1.52265,1.52767,120270.85
2013-04-25,1.52767,1.54797,1.52725,1.54325,139073.74
2013-04-26,1.54325,1.54984,1.54185,1.54746,114068.83
2013-04-27,1.54746,1.54746,1.54746,1.54746,0.0
2013-04-28,1.54746,1.54917,1.54746,1.54893,5948.5
2013-04-29,1.54894,1.55457,1.54785,1.54888,102631.73
2013-04-30,1.54888,1.55673,1.54675,1.55353,116718.1
2013-05-01,1.55358,1.56051,1.55263,1.55696,108648.87
2013-05-02,1.55696,1.55904,1.54963,1.55334,132221.97
2013-05-03,1.55334,1.56014,1.54802,1.55723,119860.3
2013-05-04,1.55723,1.55723,1.55723,1.55723,0.0
2013-05-05,1.55723,1.55773,1.55572,1.5574,4917.19
2013-05-06,1.55741,1.55976,1.55205,1.5537,74482.9
2013-05-07,1.5537,1.55518,1.54461,1.54756,100397.01
2013-05-08,1.54761,1.55911,1.54703,1.55398,123045.6
2013-05-09,1.55396,1.55875,1.54256,1.54431,144619.14
2013-05-10,1.54433,1.54571,1.53138,1.53572,148903.25
2013-05-11,1.53572,1.53572,1.53572,1.53572,0.0
2013-05-12,1.53572,1.53576,1.53356,1.53435,7522.97
2013-05-13,1.53436,1.53845,1.52774,1.53053,147323.63
2013-05-14,1.53053,1.53306,1.52068,1.52252,163954.87
2013-05-15,1.52254,1.5272,1.5173,1.52376,172238.59
2013-05-16,1.52375,1.53219,1.5197,1.5276,161613.9
2013-05-17,1.52757,1.52798,1.51576,1.5169,138877.02
2013-05-18,1.5169,1.5169,1.5169,1.5169,0.0
2013-05-19,1.5169,1.52013,1.51656,1.51745,6229.47
2013-05-20,1.51744,1.52808,1.51676,1.52611,131928.65
2013-05-21,1.5261,1.5262,1.51124,1.51596,157347.27
2013-05-22,1.51595,1.51733,1.50194,1.50336,184161.52
2013-05-23,1.50338,1.51281,1.50133,1.50923,178041.88
2013-05-24,1.50923,1.51424,1.50636,1.51188,131135.08
2013-05-25,1.51188,1.51188,1.51188,1.51188,0.0
2013-05-26,1.51188,1.5133,1.51188,1.51286,5666.47
2013-05-27,1.51285,1.5156,1.50866,1.51078,63194.31
2013-05-28,1.51077,1.51345,1.50188,1.50244,137002.53
2013-05-29,1.50244,1.51454,1.50077,1.51294,148195.33
2013-05-30,1.51294,1.52393,1.51105,1.52266,162680.72
2013-05-31,1.52266,1.52394,1.514,1.5191,149512.12
2013-06-01,1.5191,1.5191,1.5191,1.5191,0.0
2013-06-02,1.5191,1.52091,1.5191,1.52061,4568.85
2013-06-03,1.52061,1.53754,1.51954,1.53212,146236.07
2013-06-04,1.53208,1.53424,1.5273,1.53012,135384.74
2013-06-05,1.53012,1.54129,1.52909,1.53977,163111.41
2013-06-06,1.53975,1.56837,1.53809,1.55996,177246.17
2013-06-07,1.55996,1.56175,1.54881,1.55553,170738.08
2013-06-08,1.55553,1.55553,1.55553,1.55553,0.0
2013-06-09,1.55553,1.55553,1.55131,1.55246,7666.12
2013-06-10,1.55248,1.5586,1.54942,1.55659,143850.61
2013-06-11,1.55657,1.56525,1.55203,1.56428,182373.84
2013-06-12,1.56428,1.5701,1.5633,1.56821,148138.62
2013-06-13,1.56821,1.57373,1.56443,1.57043,156941.52
2013-06-14,1.57043,1.57174,1.56161,1.57009,135791.84
2013-06-15,1.57009,1.57009,1.57009,1.57009,0.0
2013-06-16,1.57009,1.57315,1.57009,1.57307,4201.43
2013-06-17,1.57306,1.57515,1.56805,1.57157,83630.63
2013-06-18,1.57157,1.57197,1.5565,1.56307,89289.24
2013-06-19,1.56307,1.56771,1.54493,1.54729,96800.01
2013-06-20,1.5473,1.55219,1.54142,1.55122,130377.39
2013-06-21,1.55121,1.553,1.5368,1.54154,107988.2
2013-06-22,1.54154,1.54154,1.54154,1.54154,0.0
2013-06-23,1.54154,1.54154,1.53712,1.5387,4976.32
2013-06-24,1.53867,1.54649,1.5343,1.54532,114856.34
2013-06-25,1.54531,1.54772,1.53972,1.54082,105841.46
2013-06-26,1.54086,1.54401,1.52972,1.53175,101576.25
2013-06-27,1.53175,1.53458,1.52015,1.52558,94976.45
2013-06-28,1.52558,1.52788,1.51654,1.52112,93998.04
2013-06-29,1.52112,1.52112,1.52112,1.52112,0.0
2013-06-30,1.52112,1.52139,1.51988,1.52086,3035.59
2013-07-01,1.52081,1.52487,1.5183,1.52167,72201.13
2013-07-02,1.52168,1.5238,1.51362,1.51498,79737.94
2013-07-03,1.51498,1.53042,1.51295,1.52807,94468.86
2013-07-04,1.52806,1.5283,1.5027,1.50392,95853.86
2013-07-05,1.50392,1.5055,1.48565,1.48817,105325.13
2013-07-06,1.48817,1.48817,1.48817,1.48817,0.0
2013-07-07,1.48817,1.48817,1.48585,1.48589,3711.42
2013-07-08,1.48589,1.49659,1.48582,1.49333,76477.04
2013-07-09,1.4933,1.49807,1.4813,1.48462,101508.49
2013-07-10,1.4847,1.51942,1.4845,1.51265,127551.63
2013-07-11,1.51279,1.52219,1.50617,1.51713,132987.21
2013-07-12,1.51713,1.51883,1.50761,1.51066,85797.04
2013-07-13,1.51066,1.51066,1.51066,1.51066,0.0
2013-07-14,1.51066,1.51275,1.50983,1.51097,2787.1
2013-07-15,1.51097,1.51261,1.50276,1.50946,86805.64
2013-07-16,1.50946,1.51688,1.50444,1.51279,105191.37
2013-07-17,1.51279,1.52676,1.50791,1.52085,116259.69
2013-07-18,1.52085,1.52416,1.51574,1.52207,99539.18
2013-07-19,1.52207,1.52816,1.51965,1.52599,84343.47
2013-07-20,1.52599,1.52599,1.52599,1.52599,0.0
2013-07-21,1.52599,1.52855,1.52576,1.52851,3300.03
2013-07-22,1.52853,1.53842,1.52641,1.53644,82307.51
2013-07-23,1.53644,1.53916,1.5326,1.53712,82703.29
2013-07-24,1.53712,1.53895,1.52891,1.53066,93826.02
2013-07-25,1.53068,1.54344,1.52631,1.53799,104961.84
2013-07-26,1.53797,1.54165,1.53558,1.53776,75418.52
2013-07-27,1.53776,1.53776,1.53776,1.53776,0.0
2013-07-28,1.53776,1.53985,1.5375,1.53909,2746.85
2013-07-29,1.53909,1.54133,1.53283,1.534,75449.45
2013-07-30,1.534,1.53536,1.52238,1.52419,83490.86
2013-07-31,1.52419,1.5254,1.5126,1.51729,107940.83
2013-08-01,1.5173,1.52425,1.511,1.51176,108147.6
2013-08-02,1.51172,1.53086,1.5102,1.5291,103589.76
2013-08-03,1.5291,1.5291,1.5291,1.5291,0.0
2013-08-04,1.5291,1.52982,1.52797,1.5286,3855.48
2013-08-05,1.52861,1.53783,1.52591,1.53555,87616.2
2013-08-06,1.53555,1.53921,1.53316,1.53429,87184.27
2013-08-07,1.53429,1.55311,1.52047,1.54969,112717.43
2013-08-08,1.54969,1.55741,1.54847,1.55336,89812.68
2013-08-09,1.55336,1.55587,1.5495,1.5497,72440.91
2013-08-10,1.5497,1.5497,1.5497,1.5497,0.0
2013-08-11,1.5497,1.55219,1.54878,1.55143,3308.48
2013-08-12,1.55141,1.55189,1.54522,1.54556,71534.36
2013-08-13,1.54553,1.5512,1.5427,1.54481,97416.02
2013-08-14,1.54486,1.55466,1.54221,1.55161,103703.75
2013-08-15,1.55161,1.56519,1.55084,1.56388,124239.08
2013-08-16,1.56387,1.56565,1.56074,1.56238,90931.27
2013-08-17,1.56238,1.56238,1.56238,1.56238,0.0
2013-08-18,1.56238,1.56322,1.56107,1.56235,4969.77
2013-08-19,1.56239,1.56728,1.56095,1.56461,84882.39
2013-08-20,1.56461,1.56953,1.56284,1.56629,96811.31
2013-08-21,1.56627,1.57171,1.5615,1.56158,106629.2
2013-08-22,1.56159,1.56253,1.55629,1.55947,95209.93
2013-08-23,1.55947,1.56375,1.55389,1.55667,95326.77
2013-08-24,1.55667,1.55667,1.55667,1.55667,0.0
2013-08-25,1.55667,1.55835,1.55619,1.55791,2525.73
2013-08-26,1.55791,1.56115,1.55565,1.55819,57699.86
2013-08-27,1.55819,1.55921,1.54818,1.55444,94985.04
2013-08-28,1.55444,1.55523,1.54288,1.5526,99451.34
2013-08-29,1.5526,1.55481,1.5482,1.55045,89395.93
2013-08-30,1.55044,1.55275,1.54623,1.54969,76422.86
2013-08-31,1.54969,1.54969,1.54969,1.54969,0.0
2013-09-01,1.54969,1.55338,1.54969,1.55171,3553.55
2013-09-02,1.55172,1.55934,1.55054,1.55455,70534.42
2013-09-03,1.55463,1.56021,1.55215,1.55613,85767.16
2013-09-04,1.55614,1.56474,1.55554,1.56197,83395.28
2013-09-05,1.56196,1.56667,1.5572,1.55893,93209.53
2013-09-06,1.55893,1.56807,1.5563,1.56272,80238.99
2013-09-07,1.56272,1.56272,1.56272,1.56272,0.0
2013-09-08,1.56272,1.56373,1.5613,1.56322,3218.17
2013-09-09,1.56325,1.57326,1.5628,1.56968,63546.41
2013-09-10,1.56966,1.57441,1.56853,1.57303,68236.95
2013-09-11,1.57304,1.58287,1.57184,1.58239,91256.58
2013-09-12,1.58238,1.58393,1.57748,1.58028,80322.71
2013-09-13,1.58028,1.58844,1.57755,1.58721,74425.26
2013-09-14,1.58721,1.58721,1.58721,1.58721,0.0
2013-09-15,1.58721,1.59501,1.58721,1.59361,6160.9
2013-09-16,1.59361,1.59628,1.58935,1.59014,68895.91
2013-09-17,1.59014,1.5936,1.5885,1.59028,76698.35
2013-09-18,1.59028,1.61631,1.58918,1.61321,113398.98
2013-09-19,1.61319,1.61466,1.60228,1.60351,104173.98
2013-09-20,1.60351,1.60664,1.59862,1.60028,81585.28
2013-09-21,1.60028,1.60028,1.60028,1.60028,0.0
2013-09-22,1.60028,1.60169,1.59922,1.60164,2715.41
2013-09-23,1.60165,1.60724,1.60124,1.60399,71968.94
2013-09-24,1.60398,1.60412,1.59555,1.59938,72050.08
2013-09-25,1.59939,1.60878,1.59793,1.60741,79112.78
2013-09-26,1.60741,1.60959,1.59993,1.60377,73426.02
2013-09-27,1.60376,1.61468,1.60294,1.61363,76151.78
2013-09-28,1.61363,1.61363,1.61363,1.61363,0.0
2013-09-29,1.61363,1.61704,1.61363,1.61665,5790.92
2013-09-30,1.61665,1.62026,1.61281,1.61868,85698.82
2013-10-01,1.6187,1.626,1.6183,1.61916,95483.88
2013-10-02,1.61916,1.62503,1.61621,1.62357,94479.22
2013-10-03,1.62356,1.62408,1.61529,1.61567,84597.72
2013-10-04,1.61567,1.61774,1.60055,1.6006,75371.59
2013-10-05,1.6006,1.6006,1.6006,1.6006,0.0
2013-10-06,1.6006,1.60431,1.6006,1.60394,3052.64
2013-10-07,1.60393,1.61,1.6026,1.60977,68060.64
2013-10-08,1.60976,1.61243,1.60196,1.61188,79691.12
2013-10-09,1.61192,1.61197,1.5916,1.59549,99963.12
2013-10-10,1.59549,1.59789,1.59139,1.59746,86514.25
2013-10-11,1.59746,1.60013,1.59236,1.59485,68275.5
2013-10-12,1.59485,1.59485,1.59485,1.59485,0.0
2013-10-13,1.59485,1.59738,1.59485,1.59661,2115.15
2013-10-14,1.5966,1.6018,1.59542,1.59709,58619.16
2013-10-15,1.5971,1.60089,1.59149,1.59823,94131.03
2013-10-16,1.59826,1.60571,1.5894,1.59454,94470.27
2013-10-17,1.59454,1.6172,1.59399,1.61489,124246.99
2013-10-18,1.61487,1.6225,1.61417,1.6164,69425.24
2013-10-19,1.6164,1.6164,1.6164,1.6164,0.0
2013-10-20,1.6164,1.61784,1.6164,1.61698,2829.43
2013-10-21,1.61697,1.61805,1.6123,1.61311,56359.94
2013-10-22,1.61311,1.62477,1.61157,1.62307,74196.31
2013-10-23,1.62307,1.62565,1.61196,1.61632,91915.87
2013-10-24,1.61632,1.62229,1.61376,1.61978,101076.19
2013-10-25,1.61978,1.62467,1.61502,1.61626,89562.49
2013-10-26,1.61626,1.61626,1.61626,1.61626,0.0
2013-10-27,1.61626,1.61824,1.61605,1.61719,2517.35
2013-10-28,1.61719,1.6208,1.61244,1.6139,74191.53
2013-10-29,1.6139,1.6144,1.60225,1.60467,98710.26
2013-10-30,1.6047,1.6078,1.59984,1.60241,108691.97
2013-10-31,1.6024,1.60683,1.60056,1.60424,113129.6
2013-11-01,1.60424,1.60429,1.59087,1.59223,92373.96
2013-11-02,1.59223,1.59223,1.59223,1.59223,0.0
2013-11-03,1.59223,1.59327,1.59208,1.59216,2307.13
2013-11-04,1.59215,1.59779,1.59033,1.59705,70156.11
2013-11-05,1.59707,1.60626,1.59483,1.60444,95833.33
2013-11-06,1.60444,1.61177,1.60436,1.60832,87839.67
2013-11-07,1.60831,1.61139,1.60092,1.6087,121041.32
2013-11-08,1.60873,1.61049,1.59571,1.60178,101779.46
2013-11-09,1.60178,1.60178,1.60178,1.60178,0.0
2013-11-10,1.60178,1.60178,1.59978,1.60018,4389.65
2013-11-11,1.60019,1.60216,1.5965,1.59851,70888.9
2013-11-12,1.59853,1.59912,1.5854,1.58891,99173.8
2013-11-13,1.58891,1.60661,1.58781,1.6044,108628.1
2013-11-14,1.60439,1.61011,1.59882,1.60529,114457.54
2013-11-15,1.60529,1.61342,1.6048,1.6114,84914.01
2013-11-16,1.6114,1.6114,1.6114,1.6114,0.0
2013-11-17,1.6114,1.61239,1.61113,1.61121,2790.15
2013-11-18,1.61121,1.61485,1.60814,1.61119,83260.14
2013-11-19,1.61119,1.61426,1.6059,1.61351,105180.52
2013-11-20,1.61349,1.6178,1.60873,1.60979,118413.98
2013-11-21,1.60979,1.62015,1.60722,1.61794,119891.31
2013-11-22,1.61794,1.62259,1.61792,1.62238,92989.57
2013-11-23,1.62238,1.62238,1.62238,1.62238,0.0
2013-11-24,1.62238,1.624,1.62225,1.62317,4692.62
2013-11-25,1.62314,1.62358,1.61329,1.617,88114.19
2013-11-26,1.617,1.62191,1.61385,1.62086,84640.3
2013-11-27,1.62086,1.63305,1.61975,1.62833,104534.01
2013-11-28,1.62833,1.63574,1.62767,1.6339,81439.66
2013-11-29,1.63389,1.63841,1.63136,1.63612,101323.98
2013-11-30,1.63612,1.63612,1.63612,1.63612,0.0
2013-12-01,1.63612,1.63777,1.63612,1.63774,2608.99
2013-12-02,1.63772,1.64418,1.63428,1.63576,109165.21
2013-12-03,1.63576,1.64365,1.6346,1.63881,97768.76
2013-12-04,1.63882,1.64036,1.6327,1.63772,123077.16
2013-12-05,1.63772,1.64034,1.63,1.63305,121031.0
2013-12-06,1.63306,1.63928,1.62921,1.63447,105189.46
2013-12-07,1.63447,1.63447,1.63447,1.63447,0.0
2013-12-08,1.63447,1.63531,1.63258,1.63265,3562.72
2013-12-09,1.63265,1.64323,1.63226,1.64224,76190.8
2013-12-10,1.64224,1.64657,1.64189,1.64573,80806.29
2013-12-11,1.64573,1.64573,1.63392,1.63753,83234.78
2013-12-12,1.63753,1.6418,1.63207,1.63377,83859.16
2013-12-13,1.63379,1.63597,1.62625,1.62965,78179.44
2013-12-14,1.62965,1.62965,1.62965,1.62965,0.0
2013-12-15,1.62965,1.6308,1.62863,1.62979,2092.79
2013-12-16,1.62981,1.63486,1.6289,1.62982,78942.0
2013-12-17,1.62982,1.63359,1.62189,1.62746,78453.12
2013-12-18,1.62748,1.64836,1.62716,1.63833,113490.49
2013-12-19,1.63833,1.63953,1.6335,1.63644,83195.27
2013-12-20,1.63643,1.63948,1.63157,1.63285,83602.34
2013-12-21,1.63285,1.63285,1.63285,1.63285,0.0
2013-12-22,1.63285,1.63367,1.63231,1.6329,1343.08
2013-12-23,1.63289,1.63749,1.63286,1.63487,64196.62
2013-12-24,1.63487,1.63814,1.63222,1.63522,41968.38
2013-12-25,1.63523,1.63575,1.63351,1.63524,5434.79
2013-12-26,1.63512,1.64378,1.63503,1.64133,50875.92
2013-12-27,1.6413,1.65772,1.64068,1.64805,96084.91
2013-12-28,1.64805,1.64805,1.64805,1.64805,0.0
2013-12-29,1.64805,1.64975,1.64753,1.64792,3402.97
2013-12-30,1.64792,1.65324,1.64599,1.64917,70373.91
2013-12-31,1.64928,1.6579,1.64743,1.65501,64061.61
2014-01-01,1.65501,1.65921,1.65501,1.65756,1780.18
2014-01-02,1.65753,1.66031,1.64111,1.64484,107562.96
2014-01-03,1.64485,1.64737,1.6395,1.64171,104319.73
2014-01-04,1.64171,1.64171,1.64171,1.64171,0.0
2014-01-05,1.64171,1.64171,1.63969,1.64106,2435.98
2014-01-06,1.64108,1.64337,1.6337,1.64128,96490.41
2014-01-07,1.64128,1.6438,1.6374,1.63992,80974.44
2014-01-08,1.63992,1.64719,1.63763,1.64444,88658.23
2014-01-09,1.64444,1.64972,1.6441,1.64765,85856.03
2014-01-10,1.64769,1.6517,1.63805,1.64785,91504.33
2014-01-11,1.64785,1.64785,1.64785,1.64785,0.0
2014-01-12,1.64785,1.6494,1.64754,1.64938,2361.04
2014-01-13,1.6494,1.65076,1.63469,1.63886,84309.47
2014-01-14,1.63885,1.64642,1.63673,1.64325,85025.12
2014-01-15,1.64324,1.64375,1.63215,1.63606,89454.83
2014-01-16,1.63613,1.63831,1.63141,1.63463,84083.11
2014-01-17,1.63455,1.6458,1.6309,1.64206,81537.4
2014-01-18,1.64206,1.64206,1.64206,1.64206,0.0
2014-01-19,1.64206,1.64211,1.64109,1.64173,2861.74
2014-01-20,1.64172,1.64519,1.63949,1.64257,52639.78
2014-01-21,1.64258,1.64854,1.63993,1.64736,78446.17
2014-01-22,1.64736,1.65872,1.64505,1.65616,87439.84
2014-01-23,1.65615,1.66428,1.65566,1.66316,106759.25
2014-01-24,1.66316,1.66679,1.64772,1.64772,107024.77
2014-01-25,1.64772,1.64772,1.64772,1.64772,0.0
2014-01-26,1.64772,1.6506,1.64736,1.64919,3825.34
2014-01-27,1.64921,1.65883,1.64788,1.65731,87188.62
2014-01-28,1.65734,1.66253,1.65357,1.65671,82437.08
2014-01-29,1.65671,1.66065,1.65253,1.65573,94724.86
2014-01-30,1.65573,1.6564,1.64448,1.64962,97883.29
2014-01-31,1.6496,1.64976,1.64272,1.64352,102335.63
2014-02-01,1.64352,1.64352,1.64352,1.64352,0.0
2014-02-02,1.64352,1.64405,1.64179,1.64368,2609.24
2014-02-03,1.64367,1.64374,1.62902,1.63081,102865.29
2014-02-04,1.6308,1.63444,1.62566,1.63291,92727.4
2014-02-05,1.6329,1.63408,1.62522,1.63231,92993.4
2014-02-06,1.63234,1.63485,1.62724,1.63201,87128.5
2014-02-07,1.632,1.6418,1.62997,1.64077,85946.95
2014-02-08,1.64077,1.64077,1.64077,1.64077,0.0
2014-02-09,1.64077,1.64146,1.63965,1.64079,2674.83
2014-02-10,1.64077,1.64272,1.63827,1.64045,65093.21
2014-02-11,1.64045,1.64872,1.63922,1.64469,83514.51
2014-02-12,1.64465,1.66182,1.64255,1.66086,108461.95
2014-02-13,1.66086,1.66732,1.65999,1.66553,103174.22
2014-02-14,1.66553,1.67554,1.66441,1.67476,83613.43
2014-02-15,1.67476,1.67476,1.67476,1.67476,0.0
2014-02-16,1.67476,1.67687,1.67467,1.67629,2791.75
2014-02-17,1.67629,1.68223,1.66956,1.67185,79962.73
2014-02-18,1.67183,1.67413,1.66551,1.66819,95110.75
2014-02-19,1.66818,1.67339,1.66367,1.66761,88051.94
2014-02-20,1.6676,1.66999,1.6625,1.66611,85476.07
2014-02-21,1.66609,1.67249,1.66112,1.6615,82350.06
2014-02-22,1.6615,1.6615,1.6615,1.6615,0.0
2014-02-23,1.6615,1.66346,1.6615,1.66309,1915.32
2014-02-24,1.6631,1.66786,1.65834,1.66548,72921.58
2014-02-25,1.66548,1.6727,1.66421,1.66749,88005.41
2014-02-26,1.66749,1.67015,1.66216,1.66659,83868.37
2014-02-27,1.66657,1.66987,1.66163,1.66904,86830.26
2014-02-28,1.66903,1.6769,1.6676,1.67403,96072.98
2014-03-01,1.67403,1.67403,1.67403,1.67403,0.0
2014-03-02,1.67403,1.67457,1.67076,1.67339,6047.38
2014-03-03,1.67339,1.67511,1.6653,1.66647,86185.44
2014-03-04,1.66647,1.67163,1.6641,1.66645,76778.28
2014-03-05,1.66645,1.67416,1.66564,1.67132,77473.27
2014-03-06,1.67131,1.67774,1.66853,1.67409,89225.17
2014-03-07,1.67409,1.67857,1.67066,1.67135,75900.36
2014-03-08,1.67135,1.67135,1.67135,1.67135,0.0
2014-03-09,1.67135,1.67323,1.67135,1.67302,2658.03
2014-03-10,1.67297,1.67413,1.6622,1.66374,67221.08
2014-03-11,1.66374,1.6653,1.65962,1.66198,68933.89
2014-03-12,1.66192,1.66356,1.65685,1.66174,77359.46
2014-03-13,1.66174,1.67175,1.66066,1.66213,92809.47
2014-03-14,1.66212,1.66502,1.65872,1.66442,79808.87
2014-03-15,1.66442,1.66442,1.66442,1.66442,0.0
2014-03-16,1.66442,1.66476,1.66294,1.66406,3692.9
2014-03-17,1.66405,1.66657,1.66046,1.66388,57735.51
2014-03-18,1.66388,1.66476,1.65457,1.65952,79737.83
2014-03-19,1.65951,1.66542,1.65079,1.65319,95489.42
2014-03-20,1.65322,1.65681,1.648,1.6507,80122.28
2014-03-21,1.65065,1.65201,1.64754,1.64839,60289.1
2014-03-22,1.64839,1.64839,1.64839,1.64839,0.0
2014-03-23,1.64839,1.64966,1.64567,1.6493,4031.77
2014-03-24,1.6493,1.65359,1.64655,1.64966,67788.43
2014-03-25,1.64967,1.65493,1.64811,1.65321,83257.51
2014-03-26,1.65322,1.65968,1.65093,1.65775,85587.58
2014-03-27,1.65775,1.66467,1.65551,1.66069,97692.58
2014-03-28,1.66072,1.66511,1.65988,1.66363,76908.4
2014-03-29,1.66363,1.66363,1.66363,1.66363,0.0
2014-03-30,1.66363,1.66557,1.66363,1.66463,5262.09
2014-03-31,1.66461,1.66837,1.66114,1.6664,79814.34
2014-04-01,1.6664,1.66744,1.66183,1.66296,65403.37
2014-04-02,1.66296,1.66638,1.66204,1.66259,58088.63
2014-04-03,1.66259,1.66605,1.65701,1.6597,80919.09
2014-04-04,1.65972,1.66055,1.65539,1.65671,61686.8
2014-04-05,1.65671,1.65671,1.65671,1.65671,0.0
2014-04-06,1.65671,1.65823,1.65671,1.65788,2890.27
2014-04-07,1.65787,1.66237,1.65653,1.66078,55042.1
2014-04-08,1.6608,1.67541,1.66064,1.67472,79259.56
2014-04-09,1.6747,1.68013,1.67241,1.67991,70382.23
2014-04-10,1.6799,1.682,1.67543,1.67764,75704.14
2014-04-11,1.67765,1.6787,1.67171,1.67295,71541.36
2014-04-12,1.67295,1.67295,1.67295,1.67295,0.0
2014-04-13,1.67295,1.67392,1.67181,1.67281,4518.31
2014-04-14,1.67283,1.67436,1.66964,1.67261,65608.92
2014-04-15,1.67261,1.67488,1.66583,1.67237,75260.55
2014-04-16,1.67236,1.68177,1.67198,1.68026,76562.44
2014-04-17,1.68022,1.68418,1.67749,1.67821,71151.31
2014-04-18,1.67821,1.68035,1.67741,1.67905,30910.17
2014-04-19,1.67905,1.67905,1.67905,1.67905,0.0
2014-04-20,1.67905,1.68023,1.6783,1.67841,4487.93
2014-04-21,1.67838,1.68185,1.67837,1.67898,31427.47
2014-04-22,1.67899,1.68392,1.67857,1.68217,60101.84
2014-04-23,1.68217,1.68355,1.67626,1.67828,72388.62
2014-04-24,1.67824,1.68119,1.67652,1.68076,65999.82
2014-04-25,1.68076,1.68316,1.67897,1.67959,56000.37
2014-04-26,1.67959,1.67959,1.67959,1.67959,0.0
2014-04-27,1.67959,1.68065,1.67945,1.68039,2556.53
2014-04-28,1.68041,1.68576,1.67773,1.68085,72438.15
2014-04-29,1.68084,1.68466,1.67924,1.68241,64990.22
2014-04-30,1.6824,1.69008,1.6806,1.68743,77709.68
2014-05-01,1.68746,1.69196,1.68714,1.6894,53784.25
2014-05-02,1.68945,1.68949,1.68221,1.68688,73159.11
2014-05-03,1.68688,1.68688,1.68688,1.68688,0.0
2014-05-04,1.68688,1.68852,1.68688,1.68782,1472.09
2014-05-05,1.68782,1.6883,1.68531,1.68671,47305.68
2014-05-06,1.68672,1.69961,1.6866,1.69749,71202.67
2014-05-07,1.69748,1.69859,1.69509,1.69538,65179.27
2014-05-08,1.69538,1.69743,1.69237,1.69335,92078.41
2014-05-09,1.69335,1.69382,1.68321,1.68455,69524.32
2014-05-11,1.6838,1.68601,1.6838,1.68587,3134.34
2014-05-12,1.68587,1.69029,1.68473,1.6872,56847.17
2014-05-13,1.68718,1.68829,1.68187,1.68308,82496.98
2014-05-14,1.68308,1.68741,1.67534,1.67678,92641.2
2014-05-15,1.6768,1.68058,1.6732,1.67929,95331.24
2014-05-16,1.67927,1.68403,1.67831,1.68072,63927.54
2014-05-18,1.68147,1.68255,1.68127,1.68233,3451.28
2014-05-19,1.68232,1.68447,1.68052,1.68141,77679.55
2014-05-20,1.68141,1.68639,1.68021,1.68368,76766.88
2014-05-21,1.68371,1.69207,1.68316,1.68965,98500.93
2014-05-22,1.68965,1.69173,1.68514,1.68665,82056.0
2014-05-23,1.68661,1.6875,1.68128,1.68299,72694.97
2014-05-25,1.68308,1.68434,1.68185,1.68326,3079.76
2014-05-26,1.68326,1.68528,1.68262,1.68435,46732.22
2014-05-27,1.68435,1.6882,1.67825,1.68098,89132.53
2014-05-28,1.68099,1.68154,1.66976,1.67128,90602.06
2014-05-29,1.67128,1.67406,1.66928,1.67222,83049.84
2014-05-30,1.67223,1.67773,1.67165,1.67526,80261.95
2014-06-01,1.67634,1.67676,1.67501,1.67551,3863.59
2014-06-02,1.6755,1.67612,1.67241,1.67426,84196.89
2014-06-03,1.67425,1.6782,1.67305,1.67395,86771.67
2014-06-04,1.67395,1.67686,1.66986,1.67387,92538.46
2014-06-05,1.67387,1.68248,1.67225,1.68066,124260.81
2014-06-06,1.68066,1.68451,1.67807,1.67987,94911.85
2014-06-08,1.68057,1.68115,1.68,1.68064,5533.4
2014-06-09,1.68063,1.6832,1.67837,1.6802,81336.17
2014-06-10,1.6802,1.68172,1.67425,1.67473,97976.42
2014-06-11,1.67473,1.68108,1.67379,1.67898,99731.45
2014-06-12,1.67898,1.69582,1.67898,1.69549,122341.86
2014-06-13,1.69549,1.69919,1.69392,1.69626,121480.58
2014-06-15,1.69717,1.69777,1.69682,1.69766,6555.27
2014-06-16,1.69766,1.70105,1.69592,1.69767,95334.0
2014-06-17,1.69767,1.69891,1.69375,1.69602,98598.99
2014-06-18,1.69602,1.70018,1.69204,1.69972,110580.84
2014-06-19,1.69972,1.70625,1.69843,1.70382,101499.78
2014-06-20,1.70382,1.70603,1.70029,1.70113,79440.96
2014-06-22,1.70106,1.70232,1.70106,1.70202,4241.02
2014-06-23,1.70202,1.70493,1.70018,1.70237,88704.88
2014-06-24,1.70237,1.70317,1.69655,1.69799,84177.64
2014-06-25,1.69801,1.70043,1.69522,1.69812,89767.4
2014-06-26,1.69812,1.70397,1.6971,1.7022,90429.41
2014-06-27,1.7022,1.70509,1.70067,1.70332,69975.32
2014-06-29,1.70262,1.70394,1.70244,1.70351,3781.43
2014-06-30,1.70351,1.71149,1.70084,1.71078,91486.67
2014-07-01,1.71079,1.71657,1.70959,1.71462,94127.26
2014-07-02,1.71462,1.71769,1.71401,1.71605,91804.33
2014-07-03,1.71605,1.71637,1.70989,1.7151,98718.02
2014-07-04,1.71512,1.71791,1.71311,1.71577,63532.0
2014-07-06,1.71675,1.71678,1.71489,1.71529,6698.36
2014-07-07,1.71529,1.71561,1.71081,1.71321,78578.65
2014-07-08,1.71321,1.71475,1.70851,1.71368,83018.57
2014-07-09,1.71368,1.71609,1.70942,1.71566,97190.93
2014-07-10,1.71566,1.71675,1.71047,1.71291,94740.97
2014-07-11,1.71291,1.71505,1.70936,1.70996,79595.86
2014-07-13,1.71205,1.71238,1.71081,1.71214,5888.89
2014-07-14,1.71211,1.71437,1.70697,1.70871,82551.02
2014-07-15,1.7087,1.7191,1.70592,1.71428,107850.82
2014-07-16,1.71425,1.71508,1.71124,1.71379,85714.4
2014-07-17,1.71381,1.71437,1.70838,1.70915,98872.36
2014-07-18,1.70915,1.71173,1.70361,1.7084,91634.5
2014-07-20,1.70858,1.70919,1.7077,1.70884,6139.04
2014-07-21,1.70883,1.70992,1.70556,1.70679,96689.73
2014-07-22,1.7068,1.70829,1.70413,1.7063,103865.32
2014-07-23,1.70631,1.70952,1.7024,1.70388,108503.05
2014-07-24,1.70388,1.70533,1.69662,1.69895,112339.65
2014-07-25,1.69895,1.6998,1.6961,1.69738,98484.03
2014-07-27,1.69778,1.6982,1.69738,1.69808,5564.03
2014-07-28,1.69808,1.70006,1.69724,1.69823,100523.5
2014-07-29,1.69823,1.69946,1.69333,1.6946,117306.03
2014-07-30,1.6946,1.69548,1.68893,1.69083,118610.18
2014-07-31,1.69083,1.69263,1.68569,1.68908,136339.47
2014-08-01,1.68908,1.68911,1.6814,1.68225,150366.14
2014-08-03,1.68319,1.68337,1.68163,1.68248,6740.64
2014-08-04,1.68248,1.68665,1.68136,1.68658,88932.46
2014-08-05,1.68657,1.68882,1.68449,1.68766,97106.24
2014-08-06,1.68766,1.6883,1.68213,1.6853,105279.83
2014-08-07,1.6853,1.68637,1.68231,1.68265,119525.57
2014-08-08,1.68269,1.68312,1.67664,1.6773,122647.58
2014-08-10,1.67774,1.67802,1.67702,1.6776,5219.99
2014-08-11,1.6776,1.67958,1.67702,1.67809,80070.33
2014-08-12,1.67809,1.68154,1.67569,1.68047,96920.71
2014-08-13,1.68046,1.68434,1.66851,1.66875,126041.71
2014-08-14,1.66875,1.66968,1.66572,1.66851,90325.38
2014-08-15,1.6685,1.67015,1.66764,1.66888,92028.43
2014-08-17,1.6732,1.6732,1.67131,1.67179,5720.48
2014-08-18,1.67178,1.67373,1.67122,1.6722,73246.15
2014-08-19,1.67218,1.67255,1.66109,1.66196,99200.0
2014-08-20,1.66195,1.66786,1.65896,1.6599,99605.32
2014-08-21,1.6599,1.66011,1.65638,1.65782,78471.99
2014-08-22,1.65779,1.65972,1.65611,1.65669,82955.87
2014-08-24,1.65405,1.65543,1.65355,1.65481,8684.4
2014-08-25,1.6548,1.65981,1.6546,1.65686,81538.8
2014-08-26,1.65686,1.6595,1.65385,1.6546,86381.79
2014-08-27,1.6546,1.66052,1.65363,1.65747,109514.14
2014-08-28,1.65747,1.66132,1.65669,1.65879,122659.11
2014-08-29,1.65878,1.66133,1.65626,1.65958,124763.14
2014-08-31,1.65916,1.65954,1.65855,1.65905,5344.5
2014-09-01,1.65905,1.66435,1.65893,1.66135,88714.44
2014-09-02,1.66135,1.66136,1.64646,1.64673,123416.26
2014-09-03,1.64673,1.64972,1.64395,1.6459,122467.36
2014-09-04,1.64589,1.64652,1.62865,1.6292,148490.4
2014-09-05,1.6292,1.63401,1.62806,1.63241,132146.56
2014-09-07,1.61687,1.62231,1.61615,1.62131,11391.6
2014-09-08,1.62131,1.62323,1.60913,1.6092,200733.9
2014-09-09,1.6092,1.61565,1.60591,1.6122,187401.39
2014-09-10,1.6122,1.623,1.60518,1.61976,218010.24
2014-09-11,1.61976,1.62765,1.61854,1.62478,184351.08
2014-09-12,1.62477,1.62714,1.62044,1.62633,176135.15
2014-09-14,1.62754,1.62783,1.6253,1.6258,6709.13
2014-09-15,1.6258,1.62678,1.62203,1.62247,177869.99
2014-09-16,1.62248,1.63111,1.61618,1.6264,187332.28
2014-09-17,1.62642,1.63578,1.62461,1.62658,207015.76
2014-09-18,1.62658,1.64591,1.62507,1.64246,231630.46
2014-09-19,1.64247,1.65239,1.62829,1.62855,281115.0
2014-09-21,1.63057,1.63346,1.62876,1.63085,5821.16
2014-09-22,1.63085,1.63708,1.6308,1.63682,154467.89
2014-09-23,1.63682,1.64152,1.63025,1.63939,175381.01
2014-09-24,1.63935,1.64129,1.63148,1.6325,148627.53
2014-09-25,1.63248,1.63413,1.62758,1.633,194541.71
2014-09-26,1.633,1.63321,1.62375,1.62381,114088.28
2014-09-28,1.62304,1.62495,1.62132,1.62386,7485.81
2014-09-29,1.62386,1.6274,1.62138,1.62406,184887.76
2014-09-30,1.62406,1.62866,1.61664,1.62138,184474.21
2014-10-01,1.62139,1.62514,1.61613,1.61876,187088.79
2014-10-02,1.61875,1.62496,1.61122,1.61564,222930.12
2014-10-03,1.61562,1.61562,1.59516,1.5967,166723.98
2014-10-05,1.59563,1.59754,1.59535,1.59618,4279.63
2014-10-06,1.59618,1.60986,1.59594,1.60726,131657.71
2014-10-07,1.60726,1.61284,1.60255,1.60856,189606.26
2014-10-08,1.60856,1.6181,1.60316,1.61612,195232.11
2014-10-09,1.61611,1.62264,1.6104,1.61205,180901.57
2014-10-10,1.61206,1.61349,1.60083,1.60722,139841.98
2014-10-12,1.60727,1.60941,1.6062,1.60911,9056.9
2014-10-13,1.60908,1.6126,1.60505,1.60636,147206.03
2014-10-14,1.60636,1.60794,1.58825,1.58889,169374.45
2014-10-15,1.5889,1.6069,1.58747,1.59876,281933.61
2014-10-16,1.59876,1.61094,1.5941,1.6095,261164.06
2014-10-17,1.60951,1.61255,1.6029,1.60912,175570.37
2014-10-19,1.61029,1.61045,1.60825,1.60896,8342.88
2014-10-20,1.60895,1.6179,1.60797,1.61546,155686.45
2014-10-21,1.61545,1.61842,1.6106,1.61119,168098.55
2014-10-22,1.61117,1.61305,1.6011,1.60428,178203.64
2014-10-23,1.60428,1.60598,1.59944,1.60249,183820.29
2014-10-24,1.6025,1.60983,1.60163,1.60855,166604.97
2014-10-26,1.60779,1.61025,1.60751,1.60894,8153.78
2014-10-27,1.60896,1.61467,1.60857,1.61231,157724.42
2014-10-28,1.61231,1.6182,1.60878,1.61398,175737.78
2014-10-29,1.61398,1.61613,1.6002,1.60021,157722.58
2014-10-30,1.60021,1.60382,1.59513,1.59978,209516.63
2014-10-31,1.59979,1.60109,1.59415,1.59904,228931.11
2014-11-02,1.59619,1.59833,1.59619,1.59705,10234.72
2014-11-03,1.59705,1.60217,1.59262,1.59745,192690.19
2014-11-04,1.59745,1.60157,1.59649,1.60039,182013.79
2014-11-05,1.60039,1.60212,1.58683,1.59627,228663.53
2014-11-06,1.59631,1.60014,1.58238,1.584,276488.37
2014-11-07,1.58396,1.5886,1.579,1.5866,211732.6
2014-11-09,1.58829,1.5889,1.58701,1.58809,11136.36
2014-11-10,1.58807,1.5917,1.58395,1.58492,171097.49
2014-11-11,1.58493,1.59441,1.58348,1.59248,171649.05
2014-11-12,1.59247,1.59402,1.5759,1.57688,231810.96
2014-11-13,1.57688,1.57808,1.56935,1.57003,165799.84
2014-11-14,1.57003,1.57069,1.55923,1.56649,208135.32
2014-11-16,1.568,1.56858,1.56627,1.5664,8660.78
2014-11-17,1.56642,1.57352,1.56194,1.56377,176825.42
2014-11-18,1.56377,1.56784,1.56196,1.56268,183777.01
2014-11-19,1.56268,1.572,1.55897,1.56721,200909.49
2014-11-20,1.56721,1.57368,1.56316,1.5692,216957.95
2014-11-21,1.5692,1.57132,1.56258,1.56457,215155.56
2014-11-23,1.56353,1.56545,1.56353,1.56442,9035.64
2014-11-24,1.56443,1.57145,1.56281,1.56975,176511.06
2014-11-25,1.56975,1.57355,1.56482,1.57195,195911.96
2014-11-26,1.57194,1.58056,1.56788,1.57874,192861.73
2014-11-27,1.57875,1.58252,1.57164,1.57252,160115.58
2014-11-28,1.57252,1.5728,1.56139,1.564,169006.13
2014-11-30,1.56482,1.56482,1.56021,1.56112,8408.12
2014-12-01,1.56111,1.57636,1.55848,1.5734,236103.79
2014-12-02,1.57338,1.57423,1.56315,1.5646,217214.32
2014-12-03,1.56459,1.57192,1.56191,1.56909,236498.8
2014-12-04,1.56909,1.57254,1.56428,1.56779,288355.73
2014-12-05,1.56779,1.56949,1.55683,1.55768,249381.25
2014-12-07,1.55709,1.55776,1.55609,1.55654,10592.36
2014-12-08,1.55654,1.56791,1.55412,1.56501,215703.32
2014-12-09,1.56504,1.57165,1.56256,1.56834,296421.87
2014-12-10,1.56834,1.57518,1.5647,1.57478,233323.77
2014-12-11,1.57479,1.57565,1.56519,1.57178,303259.63
2014-12-12,1.57178,1.57462,1.56945,1.57142,258016.05
2014-12-14,1.57221,1.57359,1.57084,1.57226,16460.11
2014-12-15,1.57226,1.57468,1.5601,1.56419,228431.94
2014-12-16,1.56418,1.57853,1.56105,1.5742,287498.15
2014-12-17,1.57419,1.57426,1.55417,1.5572,275153.71
2014-12-18,1.5572,1.56773,1.55487,1.56665,269671.7
2014-12-19,1.56665,1.56821,1.56051,1.5617,216196.4
2014-12-21,1.56238,1.56284,1.56184,1.56272,7617.68
2014-12-22,1.56273,1.5665,1.55727,1.55773,162273.34
2014-12-23,1.55772,1.5608,1.54858,1.55199,154330.93
2014-12-24,1.55199,1.55678,1.55036,1.55528,99859.35
2014-12-25,1.55528,1.55683,1.55296,1.55568,14181.06
2014-12-26,1.55568,1.55667,1.5537,1.55512,89612.94
2014-12-28,1.55586,1.5569,1.55471,1.55511,7640.91
2014-12-29,1.55518,1.55855,1.55046,1.55135,136933.11
2014-12-30,1.55135,1.55735,1.55007,1.55647,147745.38
2014-12-31,1.55647,1.56203,1.55491,1.55711,140450.84
2015-01-01,1.55783,1.55871,1.55682,1.55786,9086.78
2015-01-02,1.55786,1.55821,1.5324,1.5324,205692.13
2015-01-04,1.53002,1.53003,1.51535,1.52844,12366.15
2015-01-05,1.52833,1.53193,1.5203,1.52569,202940.72
2015-01-06,1.52569,1.52739,1.51082,1.51341,218407.17
2015-01-07,1.51341,1.5155,1.5055,1.51049,234489.47
2015-01-08,1.51045,1.51176,1.50342,1.50851,189310.75
2015-01-09,1.50851,1.51755,1.50833,1.51554,199911.93
2015-01-11,1.51766,1.51933,1.51658,1.51889,6646.84
2015-01-12,1.51883,1.51892,1.50985,1.51699,206960.97
2015-01-13,1.51698,1.51916,1.50773,1.51672,207185.23
2015-01-14,1.51672,1.52689,1.51449,1.52335,256132.01
2015-01-15,1.52335,1.52666,1.51499,1.51793,302246.2
2015-01-16,1.51793,1.52344,1.50752,1.5137,190678.44
2015-01-18,1.5127,1.51454,1.51136,1.51404,5401.47
2015-01-19,1.51409,1.5179,1.50829,1.50887,134304.27
2015-01-20,1.50889,1.51995,1.50572,1.51445,184339.3
2015-01-21,1.51446,1.5179,1.50761,1.51428,261227.25
2015-01-22,1.51428,1.52122,1.4972,1.5006,291354.52
2015-01-23,1.50061,1.50356,1.49511,1.49855,294071.59
2015-01-25,1.50076,1.5018,1.49865,1.49921,13477.74
2015-01-26,1.4992,1.5103,1.4992,1.50851,212949.49
2015-01-27,1.50851,1.52235,1.50593,1.51883,254745.28
2015-01-28,1.51883,1.52185,1.51306,1.51393,225318.47
2015-01-29,1.51394,1.51622,1.50181,1.5077,241424.09
2015-01-30,1.50769,1.50959,1.49887,1.50594,219738.63
2015-02-01,1.50898,1.50969,1.50754,1.50836,8264.7
2015-02-02,1.50836,1.50878,1.50054,1.5026,217972.75
2015-02-03,1.5026,1.51975,1.49883,1.51406,240714.11
2015-02-04,1.51406,1.52506,1.51391,1.5178,238172.85
2015-02-05,1.5178,1.53431,1.51678,1.53186,231721.24
2015-02-06,1.53187,1.53521,1.52113,1.52363,220458.04
2015-02-08,1.52252,1.525,1.52194,1.52389,15172.9
2015-02-09,1.52389,1.52671,1.52004,1.52139,257095.58
2015-02-10,1.52139,1.52758,1.51961,1.52581,232467.1
2015-02-11,1.52579,1.52994,1.52188,1.52426,206708.25
2015-02-12,1.52426,1.54146,1.52088,1.53895,305363.1
2015-02-13,1.53895,1.5422,1.53708,1.53837,220837.13
2015-02-15,1.54225,1.54245,1.53927,1.54013,10380.03
2015-02-16,1.54013,1.54405,1.53391,1.5353,193991.34
2015-02-17,1.5353,1.54021,1.5316,1.53521,181938.88
2015-02-18,1.5352,1.54794,1.53415,1.54344,254238.83
2015-02-19,1.54341,1.54653,1.54038,1.5418,213427.96
2015-02-20,1.54183,1.54338,1.53434,1.53917,265212.96
2015-02-22,1.53955,1.5397,1.53852,1.53869,6233.06
2015-02-23,1.53863,1.54744,1.53323,1.54513,208332.27
2015-02-24,1.54513,1.54738,1.54016,1.54558,202587.32
2015-02-25,1.5456,1.55384,1.54526,1.55263,206175.87
2015-02-26,1.55264,1.55519,1.53938,1.54135,257259.69
2015-02-27,1.54137,1.54587,1.53841,1.54319,228667.37
2015-03-01,1.54165,1.5428,1.54036,1.54045,8342.67
2015-03-02,1.54046,1.54207,1.53513,1.53577,185720.35
2015-03-03,1.53577,1.53975,1.53443,1.53662,185813.32
2015-03-04,1.53662,1.53715,1.52517,1.5262,205854.4
2015-03-05,1.52619,1.52692,1.5215,1.52462,220914.32
2015-03-06,1.52462,1.52518,1.50317,1.50332,236196.17
2015-03-08,1.50337,1.50638,1.50304,1.5057,10783.79
2015-03-09,1.50573,1.51368,1.50507,1.51066,217593.89
2015-03-10,1.51066,1.51096,1.50283,1.50767,313019.8
2015-03-11,1.50765,1.50962,1.48926,1.49331,355233.27
2015-03-12,1.49332,1.50265,1.48497,1.48904,281581.39
2015-03-13,1.48905,1.48935,1.47,1.47412,254867.09
2015-03-15,1.47387,1.47551,1.47313,1.47537,9145.61
2015-03-16,1.47536,1.48529,1.47479,1.48238,197316.53
2015-03-17,1.48241,1.4845,1.47238,1.47499,210678.72
2015-03-18,1.47496,1.51611,1.46347,1.496,249202.74
2015-03-19,1.49605,1.50094,1.46878,1.47592,326988.0
2015-03-20,1.47591,1.49888,1.47218,1.49594,254978.66
2015-03-22,1.49676,1.49883,1.49393,1.49412,12802.26
2015-03-23,1.49413,1.49732,1.48383,1.49491,292878.25
2015-03-24,1.49491,1.49837,1.48306,1.48334,290381.34
2015-03-25,1.48335,1.49543,1.48332,1.48764,260922.77
2015-03-26,1.48764,1.49941,1.48065,1.48548,304747.09
2015-03-27,1.48548,1.49217,1.47963,1.48751,291439.05
2015-03-29,1.48838,1.49006,1.48796,1.48827,10183.17
2015-03-30,1.48826,1.48831,1.47522,1.48074,297486.98
2015-03-31,1.48072,1.48712,1.4755,1.48299,307041.31
2015-04-01,1.48299,1.48711,1.47394,1.48332,284530.77
2015-04-02,1.48332,1.48683,1.47755,1.48274,262963.34
2015-04-03,1.48275,1.49442,1.481,1.49089,128915.25
2015-04-05,1.49148,1.49333,1.49015,1.49193,10495.95
2015-04-06,1.49193,1.4981,1.48699,1.48886,125916.43
2015-04-07,1.48886,1.49203,1.48027,1.48205,255245.02
2015-04-08,1.48204,1.4972,1.48188,1.48755,261694.76
2015-04-09,1.48753,1.48858,1.4684,1.47153,252000.12
2015-04-10,1.47153,1.47245,1.45869,1.46318,221566.22
2015-04-12,1.46172,1.46443,1.4617,1.46361,9039.81
2015-04-13,1.46364,1.46811,1.45656,1.46673,243028.39
2015-04-14,1.46673,1.48014,1.46031,1.47714,275581.58
2015-04-15,1.47714,1.48531,1.47003,1.48282,245688.25
2015-04-16,1.48284,1.49698,1.48119,1.49259,279494.24
2015-04-17,1.49259,1.50535,1.49159,1.49584,292268.84
2015-04-19,1.49553,1.49716,1.49479,1.49635,13600.31
2015-04-20,1.49635,1.49834,1.48876,1.49092,255111.05
2015-04-21,1.49095,1.49726,1.48562,1.49294,229522.99
2015-04-22,1.49294,1.50794,1.49134,1.50363,294763.09
2015-04-23,1.50366,1.50699,1.49595,1.50507,282891.26
2015-04-24,1.50508,1.51876,1.50271,1.51865,260542.4
2015-04-26,1.51731,1.51818,1.5168,1.51731,6136.45
2015-04-27,1.51732,1.52611,1.51067,1.52224,234030.91
2015-04-28,1.52222,1.53426,1.51746,1.53308,249804.03
2015-04-29,1.53308,1.54978,1.53276,1.54254,330316.47
2015-04-30,1.54249,1.54919,1.53035,1.53536,356261.4
2015-05-01,1.53536,1.5397,1.5114,1.51344,227808.7
2015-05-03,1.51391,1.5164,1.51341,1.51524,13146.77
2015-05-04,1.51523,1.51744,1.50899,1.51205,152573.9
2015-05-05,1.51204,1.52182,1.50889,1.51682,299530.03
2015-05-06,1.5168,1.52911,1.51497,1.52394,302453.63
2015-05-07,1.52396,1.54476,1.51632,1.53949,346080.89
2015-05-08,1.53947,1.5522,1.53545,1.54435,370865.81
2015-05-10,1.5443,1.54549,1.54293,1.54372,12176.53
2015-05-11,1.5437,1.56127,1.53928,1.55769,297668.13
2015-05-12,1.55769,1.57102,1.55571,1.56687,279270.35
2015-05-13,1.56684,1.57687,1.56331,1.57356,311519.13
2015-05-14,1.57355,1.58144,1.5728,1.5771,295329.41
2015-05-15,1.57712,1.58082,1.57011,1.57253,284810.04
2015-05-17,1.5741,1.5745,1.57225,1.57381,7363.0
2015-05-18,1.57381,1.57382,1.56379,1.56618,216449.77
2015-05-19,1.5662,1.56695,1.54463,1.55117,295618.57
2015-05-20,1.55117,1.55875,1.54721,1.55411,257446.65
2015-05-21,1.55411,1.56996,1.55249,1.5657,153868.32
2015-05-22,1.56574,1.56896,1.54599,1.54789,145993.23
2015-05-24,1.54728,1.54861,1.5458,1.54718,6580.52
2015-05-25,1.54717,1.55073,1.54561,1.54699,88873.69
2015-05-26,1.54699,1.54701,1.53537,1.53938,147689.19
2015-05-27,1.53936,1.54371,1.5301,1.53483,145240.83
2015-05-28,1.53483,1.53855,1.526,1.53199,140577.31
2015-05-29,1.53199,1.5342,1.52361,1.52899,148839.05
2015-05-31,1.5292,1.52976,1.52704,1.52858,5039.03
2015-06-01,1.5286,1.53044,1.51699,1.5196,158844.48
2015-06-02,1.51964,1.53669,1.51795,1.53355,168414.36
2015-06-03,1.53354,1.53748,1.52507,1.53262,166456.7
2015-06-04,1.53262,1.54415,1.53038,1.53587,163757.22
2015-06-05,1.53586,1.53698,1.51899,1.52634,148270.37
2015-06-07,1.52553,1.52732,1.52541,1.52621,4143.33
2015-06-08,1.52621,1.53639,1.52211,1.53415,150678.89
2015-06-09,1.53413,1.53947,1.52571,1.53867,161036.67
2015-06-10,1.53867,1.55534,1.53687,1.55011,181215.8
2015-06-11,1.55008,1.55338,1.54212,1.55151,144010.06
2015-06-12,1.5515,1.55979,1.54662,1.55561,153466.93
2015-06-14,1.55446,1.55682,1.55446,1.5565,5699.32
2015-06-15,1.5565,1.56136,1.54872,1.55976,141021.48
2015-06-16,1.55975,1.56538,1.55416,1.56386,144442.24
2015-06-17,1.56385,1.58481,1.56251,1.58476,163612.75
2015-06-18,1.58476,1.59294,1.58056,1.58783,158341.06
2015-06-19,1.58783,1.58967,1.58351,1.58821,110890.38
2015-06-21,1.58679,1.58832,1.5867,1.58721,3815.97
2015-06-22,1.58719,1.59096,1.5805,1.58262,116705.48
2015-06-23,1.58262,1.58266,1.57085,1.57376,135114.54
2015-06-24,1.57374,1.58026,1.56666,1.57041,126197.97
2015-06-25,1.5704,1.57703,1.56765,1.57447,120680.87
2015-06-26,1.57448,1.57668,1.57083,1.57398,101780.04
2015-06-28,1.56934,1.57297,1.56621,1.56882,13287.33
2015-06-29,1.56882,1.57889,1.5683,1.57267,151650.11
2015-06-30,1.57267,1.57754,1.56748,1.5683,150000.02
2015-07-01,1.56826,1.57334,1.55878,1.56028,145163.29
2015-07-02,1.56031,1.56396,1.55618,1.56088,130764.86
2015-07-03,1.56088,1.56439,1.55545,1.55665,115416.39
2015-07-05,1.55477,1.55717,1.55302,1.55495,9669.35
2015-07-06,1.55498,1.56282,1.55318,1.5598,136257.47
2015-07-07,1.55981,1.56081,1.54135,1.54613,164847.01
2015-07-08,1.54613,1.54666,1.53298,1.53662,158149.88
2015-07-09,1.53662,1.54203,1.53432,1.53698,156090.78
2015-07-10,1.53696,1.55509,1.53637,1.55061,170969.87
2015-07-12,1.55001,1.55241,1.54924,1.55127,6425.63
2015-07-13,1.55125,1.55888,1.54769,1.54776,178718.92
2015-07-14,1.54783,1.56393,1.54504,1.56344,173195.38
2015-07-15,1.56344,1.56753,1.55765,1.56256,187077.13
2015-07-16,1.56256,1.56503,1.55601,1.56108,183904.62
2015-07-17,1.56107,1.56725,1.55531,1.56015,130486.19
2015-07-19,1.55871,1.56113,1.55871,1.56034,3789.46
2015-07-20,1.56033,1.56273,1.55378,1.55686,133236.71
2015-07-21,1.55684,1.55904,1.55289,1.55541,156899.07
2015-07-22,1.55539,1.56465,1.55504,1.56129,158201.49
2015-07-23,1.56128,1.56706,1.55008,1.55176,138271.55
2015-07-24,1.55178,1.55259,1.54667,1.55027,97216.47
2015-07-26,1.55118,1.55226,1.55037,1.55211,3295.94
2015-07-27,1.55213,1.55949,1.54905,1.5562,131994.15
2015-07-28,1.5562,1.5628,1.55279,1.56077,115454.02
2015-07-29,1.56075,1.56898,1.55877,1.55983,115511.57
2015-07-30,1.55985,1.56412,1.55625,1.56029,114817.73
2015-07-31,1.56029,1.56778,1.55491,1.56146,119376.34
2015-08-02,1.56314,1.56375,1.56183,1.56211,4357.06
2015-08-03,1.56211,1.56447,1.55651,1.55888,97508.58
2015-08-04,1.55888,1.56335,1.55576,1.55655,120254.92
2015-08-05,1.55655,1.5651,1.55258,1.56029,144463.31
2015-08-06,1.56029,1.56367,1.54666,1.55124,122231.39
2015-08-07,1.55119,1.55451,1.54245,1.54894,123902.09
2015-08-09,1.54868,1.54968,1.54853,1.54862,3261.62
2015-08-10,1.54862,1.56055,1.54581,1.55841,111089.44
2015-08-11,1.55841,1.5616,1.55549,1.55827,112818.76
2015-08-12,1.55825,1.56601,1.55339,1.56096,128044.15
2015-08-13,1.56102,1.56366,1.55735,1.56133,144767.24
2015-08-14,1.56132,1.56597,1.55886,1.56385,146382.5
2015-08-16,1.56526,1.56544,1.56451,1.56475,5869.48
2015-08-17,1.56478,1.5688,1.55788,1.55809,146138.66
2015-08-18,1.5581,1.57167,1.55621,1.56624,147836.11
2015-08-19,1.56629,1.57001,1.56349,1.56825,177321.74
2015-08-20,1.56818,1.57015,1.5606,1.56881,159943.58
2015-08-21,1.5688,1.57233,1.56577,1.56888,159636.01
2015-08-23,1.56765,1.56965,1.56682,1.56743,9420.92
2015-08-24,1.56742,1.58024,1.56302,1.57592,218991.04
2015-08-25,1.57596,1.58181,1.568,1.56965,163595.45
2015-08-26,1.56962,1.57196,1.54523,1.54787,200783.78
2015-08-27,1.54789,1.55083,1.53698,1.541,194344.95
2015-08-28,1.541,1.54429,1.5335,1.53831,145822.5
2015-08-30,1.54102,1.54178,1.54002,1.54145,7018.72
2015-08-31,1.54145,1.54368,1.53392,1.53617,106592.34
2015-09-01,1.53617,1.54074,1.52996,1.53015,146061.86
2015-09-02,1.53013,1.53254,1.52639,1.53047,140664.54
2015-09-03,1.53048,1.53129,1.52189,1.52577,122620.11
2015-09-04,1.52575,1.52737,1.51639,1.5165,108301.29
2015-09-06,1.51766,1.5202,1.51744,1.51949,7969.94
2015-09-07,1.51948,1.52882,1.51712,1.52742,130317.1
2015-09-08,1.52743,1.54121,1.52721,1.53951,126397.07
2015-09-09,1.53951,1.54043,1.53496,1.53565,127685.81
2015-09-10,1.53562,1.54754,1.53386,1.54398,152972.83
2015-09-11,1.54398,1.54615,1.53998,1.54263,109189.16
2015-09-13,1.543,1.54462,1.54255,1.54451,4333.75
2015-09-14,1.54451,1.54708,1.53728,1.54257,108675.39
2015-09-15,1.54257,1.54568,1.53295,1.53424,110122.67
2015-09-16,1.53425,1.55282,1.53299,1.55117,130704.81
2015-09-17,1.55116,1.56276,1.54859,1.55658,142642.89
2015-09-18,1.55662,1.56585,1.55138,1.55223,145085.35
2015-09-20,1.55217,1.55329,1.55139,1.55269,6530.86
2015-09-21,1.55268,1.55677,1.54805,1.55061,121093.01
2015-09-22,1.55064,1.55288,1.53404,1.53515,128785.66
2015-09-23,1.53516,1.53638,1.52206,1.52479,141321.33
2015-09-24,1.5248,1.52888,1.52004,1.52297,146257.09
2015-09-25,1.52297,1.52602,1.51352,1.51748,125288.0
2015-09-27,1.51792,1.52099,1.51705,1.52016,5036.88
2015-09-28,1.52013,1.52409,1.51573,1.51614,119319.81
2015-09-29,1.51614,1.52049,1.51286,1.51538,146631.76
2015-09-30,1.5154,1.52136,1.51072,1.5121,140437.99
2015-10-01,1.51209,1.51798,1.51069,1.51372,117336.6
2015-10-02,1.51369,1.52372,1.51351,1.51809,129061.75
2015-10-04,1.51889,1.51922,1.51679,1.51851,9832.87
2015-10-05,1.51846,1.52441,1.51367,1.51524,133698.54
2015-10-06,1.51524,1.52427,1.51397,1.52254,109380.68
2015-10-07,1.52258,1.53393,1.52241,1.53146,145015.9
2015-10-08,1.53146,1.53719,1.52614,1.5349,143423.56
2015-10-09,1.53493,1.53831,1.52998,1.53041,134847.77
2015-10-11,1.53055,1.53228,1.53055,1.53197,8153.99
2015-10-12,1.53196,1.53728,1.53153,1.5335,109553.99
2015-10-13,1.53351,1.53872,1.52003,1.52542,152650.21
2015-10-14,1.52542,1.54942,1.52536,1.54763,164679.19
2015-10-15,1.54764,1.55084,1.54151,1.54693,170097.62
2015-10-16,1.54693,1.54861,1.54301,1.5432,122439.33
2015-10-18,1.5437,1.54434,1.54321,1.54337,5386.26
2015-10-19,1.54337,1.54964,1.54273,1.54695,113500.3
2015-10-20,1.54695,1.55059,1.54351,1.54451,113427.29
2015-10-21,1.54452,1.5477,1.54114,1.542,118992.35
2015-10-22,1.542,1.55082,1.53689,1.53835,159009.36
2015-10-23,1.53839,1.54188,1.53058,1.53105,126804.84
2015-10-25,1.53162,1.53206,1.53047,1.53132,6739.16
2015-10-26,1.53132,1.53815,1.53092,1.53527,114710.05
2015-10-27,1.53525,1.53583,1.52826,1.53104,113224.84
2015-10-28,1.53105,1.5347,1.52484,1.52688,120194.51
2015-10-29,1.52685,1.53241,1.52421,1.53202,129350.57
2015-10-30,1.53202,1.54676,1.53087,1.54259,146812.77
2015-11-01,1.54488,1.54542,1.54265,1.54387,5061.6
2015-11-02,1.54386,1.54968,1.54039,1.54213,114205.28
2015-11-03,1.54216,1.54451,1.53594,1.54178,112203.1
2015-11-04,1.54178,1.54449,1.53606,1.53868,127105.17
2015-11-05,1.53866,1.54014,1.52048,1.52087,125920.41
2015-11-06,1.52089,1.52192,1.50268,1.50412,138651.04
2015-11-08,1.50506,1.50547,1.50414,1.50514,5589.58
2015-11-09,1.50514,1.51282,1.50482,1.51184,107182.32
2015-11-10,1.51184,1.51454,1.50912,1.51355,104057.04
2015-11-11,1.51355,1.52281,1.51294,1.52218,109878.76
2015-11-12,1.52214,1.52464,1.51739,1.52311,129678.54
2015-11-13,1.52311,1.52633,1.51874,1.52348,106997.94
2015-11-15,1.52273,1.52289,1.52103,1.5217,7588.21
2015-11-16,1.52171,1.52273,1.51813,1.51999,110781.48
2015-11-17,1.51997,1.52384,1.51542,1.52155,110328.39
2015-11-18,1.52157,1.52486,1.51878,1.52382,115178.43
2015-11-19,1.52382,1.53355,1.52355,1.52852,136806.94
2015-11-20,1.52852,1.53095,1.5182,1.51855,113263.91
2015-11-22,1.5181,1.51954,1.51781,1.51877,4231.5
2015-11-23,1.51877,1.51899,1.51088,1.51252,127532.02
2015-11-24,1.51253,1.51554,1.50533,1.50786,118076.27
2015-11-25,1.50789,1.5136,1.50558,1.51223,122905.24
2015-11-26,1.51224,1.51303,1.5066,1.5101,104518.01
2015-11-27,1.51007,1.51092,1.50297,1.50297,109185.05
2015-11-29,1.50335,1.5042,1.50318,1.50367,3603.21
2015-11-30,1.50367,1.50682,1.49936,1.50562,108163.46
2015-12-01,1.50562,1.51255,1.50503,1.50758,132337.91
2015-12-02,1.50759,1.50806,1.48946,1.49463,141354.7
2015-12-03,1.49463,1.5159,1.49044,1.51326,199229.82
2015-12-04,1.51324,1.51559,1.50778,1.51032,189346.98
2015-12-06,1.5107,1.51139,1.50992,1.51086,7028.98
2015-12-07,1.51088,1.51145,1.50441,1.50471,149122.75
2015-12-08,1.50472,1.5061,1.49567,1.50084,164064.2
2015-12-09,1.50086,1.51912,1.5004,1.51786,172613.14
2015-12-10,1.51788,1.52017,1.51108,1.51596,137928.55
2015-12-11,1.51596,1.52398,1.51251,1.52174,128713.13
2015-12-13,1.52308,1.52308,1.51791,1.51949,4632.25
2015-12-14,1.5195,1.52048,1.51074,1.51574,155958.27
2015-12-15,1.51576,1.51841,1.50292,1.50438,161089.14
2015-12-16,1.50436,1.50985,1.49589,1.49745,171528.31
2015-12-17,1.49746,1.50065,1.48648,1.49284,156818.31
2015-12-18,1.49284,1.49496,1.48847,1.48905,136178.37
2015-12-20,1.49006,1.49146,1.48892,1.49067,4576.29
2015-12-21,1.49064,1.4929,1.48771,1.4891,124740.65
2015-12-22,1.48914,1.49076,1.48052,1.48197,111368.61
2015-12-23,1.48202,1.49002,1.48199,1.48729,110644.4
2015-12-24,1.48729,1.49449,1.48692,1.49089,78977.75
2015-12-25,1.49089,1.49429,1.48952,1.49266,2655.45
2015-12-27,1.49042,1.49337,1.49042,1.49223,4032.11
2015-12-28,1.49226,1.49313,1.48738,1.48908,90799.18
2015-12-29,1.48908,1.49133,1.47852,1.48199,100655.58
2015-12-30,1.48199,1.48484,1.47927,1.48171,112660.25
2015-12-31,1.48171,1.48447,1.47266,1.47293,93465.23
2016-01-03,1.47336,1.47433,1.47262,1.47352,3597.93
2016-01-04,1.47352,1.4816,1.4663,1.47115,140671.79
2016-01-05,1.47121,1.47254,1.46381,1.46733,142324.42
2016-01-06,1.4673,1.46797,1.4602,1.46275,159362.37
2016-01-07,1.46276,1.46403,1.45329,1.46215,172327.64
2016-01-08,1.46214,1.46445,1.4506,1.45175,153487.39
2016-01-10,1.45239,1.45588,1.44921,1.45241,8575.95
2016-01-11,1.45241,1.46042,1.45104,1.45422,148564.83
2016-01-12,1.45422,1.456,1.43518,1.44346,159350.76
2016-01-13,1.44346,1.44757,1.43799,1.4409,164464.23
2016-01-14,1.44095,1.44452,1.43599,1.44228,167583.65
2016-01-15,1.44229,1.44277,1.42485,1.42485,158455.63
2016-01-17,1.42504,1.42735,1.42504,1.42715,6286.76
2016-01-18,1.42713,1.43231,1.42368,1.42504,136016.28
2016-01-19,1.42505,1.43396,1.41291,1.4179,169106.48
2016-01-20,1.4179,1.4219,1.41251,1.41977,180401.93
2016-01-21,1.41976,1.42487,1.40793,1.42251,183785.83
2016-01-22,1.42251,1.43627,1.42045,1.42619,158813.39
2016-01-24,1.42652,1.4272,1.42524,1.42525,4782.32
2016-01-25,1.42529,1.43092,1.42233,1.42401,145013.83
2016-01-26,1.42399,1.43668,1.41729,1.43417,160825.24
2016-01-27,1.43417,1.43549,1.42297,1.42432,169712.75
2016-01-28,1.42431,1.44073,1.42385,1.4358,171190.94
2016-01-29,1.43579,1.4413,1.41491,1.42409,172132.27
2016-01-31,1.425,1.425,1.42276,1.42436,6691.22
2016-02-01,1.42437,1.44447,1.42346,1.44236,166568.69
2016-02-02,1.44236,1.44456,1.43259,1.44059,166081.05
2016-02-03,1.4406,1.46488,1.43835,1.45847,195224.62
2016-02-04,1.45845,1.4668,1.45293,1.45779,196365.48
2016-02-05,1.45781,1.45901,1.44519,1.44999,165985.4
2016-02-07,1.44798,1.45095,1.44798,1.45078,4866.19
2016-02-08,1.45075,1.45467,1.43519,1.44331,194639.22
2016-02-09,1.44331,1.45152,1.4378,1.44606,216857.11
2016-02-10,1.44604,1.45783,1.44399,1.45213,201285.55
2016-02-11,1.45214,1.45633,1.43831,1.4478,213812.23
2016-02-12,1.4478,1.45695,1.44428,1.44996,173457.0
2016-02-14,1.45003,1.4519,1.44863,1.45182,9515.0
2016-02-15,1.45182,1.4535,1.44129,1.44531,143551.31
2016-02-16,1.44531,1.45158,1.42759,1.43019,166911.63
2016-02-17,1.43019,1.43387,1.42351,1.42803,178266.09
2016-02-18,1.42804,1.43944,1.42561,1.43284,171119.73
2016-02-19,1.43284,1.4408,1.42464,1.44014,166191.7
2016-02-21,1.42611,1.43056,1.42577,1.42618,11624.9
2016-02-22,1.42618,1.42972,1.4057,1.41479,184170.1
2016-02-23,1.41479,1.41556,1.40049,1.40049,169795.31
2016-02-24,1.40049,1.40169,1.38782,1.39286,189414.53
2016-02-25,1.39286,1.39961,1.38997,1.39659,167564.56
2016-02-26,1.39658,1.40424,1.38535,1.3869,166440.79
2016-02-28,1.38556,1.3867,1.38554,1.38606,7960.03
2016-02-29,1.38606,1.39461,1.38358,1.39264,182462.08
2016-03-01,1.39264,1.40183,1.39039,1.39589,195871.41
2016-03-02,1.39591,1.40931,1.39142,1.40781,193192.53
2016-03-03,1.40783,1.41938,1.40326,1.41709,189141.65
2016-03-04,1.41709,1.42484,1.41073,1.4229,185251.54
2016-03-06,1.42158,1.42254,1.42094,1.42094,6988.92
2016-03-07,1.42096,1.42832,1.41337,1.42589,165214.42
2016-03-08,1.42589,1.42751,1.41734,1.42043,163304.18
2016-03-09,1.42043,1.42407,1.4177,1.42057,154036.4
2016-03-10,1.42056,1.43167,1.41178,1.4283,206941.4
2016-03-11,1.42829,1.44361,1.42543,1.43821,168157.06
2016-03-13,1.43647,1.43848,1.43647,1.43779,11423.72
2016-03-14,1.43778,1.4389,1.42718,1.42794,141606.99
2016-03-15,1.42794,1.42836,1.41389,1.41551,163898.9
2016-03-16,1.41552,1.42732,1.40526,1.425,186688.59
2016-03-17,1.42499,1.4503,1.42213,1.4474,182069.24
2016-03-18,1.4474,1.45141,1.44101,1.4475,139989.55
2016-03-20,1.44339,1.44672,1.44339,1.44608,7424.46
2016-03-21,1.44608,1.44662,1.43647,1.43653,136327.09
2016-03-22,1.43653,1.43972,1.41903,1.42219,147582.15
2016-03-23,1.42221,1.4227,1.40816,1.41132,140227.67
2016-03-24,1.41132,1.41824,1.40568,1.41315,134964.56
2016-03-25,1.41315,1.41568,1.41083,1.41211,45562.4
2016-03-27,1.41273,1.41397,1.41204,1.4129,6297.75
2016-03-28,1.4129,1.42826,1.41199,1.42592,76593.15
2016-03-29,1.4259,1.44036,1.41945,1.43837,160337.75
2016-03-30,1.43839,1.44588,1.43605,1.43713,172462.73
2016-03-31,1.43712,1.44259,1.43256,1.43646,157777.56
2016-04-01,1.43648,1.43709,1.41705,1.42211,165775.85
2016-04-03,1.42201,1.42281,1.42138,1.42244,6464.89
2016-04-04,1.42244,1.43215,1.41906,1.42619,138147.58
2016-04-05,1.42618,1.42783,1.41216,1.41552,143611.16
2016-04-06,1.41552,1.41711,1.40048,1.41311,166797.59
2016-04-07,1.4131,1.41567,1.40469,1.40517,169817.91
2016-04-08,1.40517,1.41408,1.40403,1.41231,132306.26
2016-04-10,1.41132,1.41299,1.41048,1.41299,6050.61
2016-04-11,1.41299,1.42865,1.4107,1.42318,137497.12
2016-04-12,1.42316,1.43476,1.41962,1.42653,163609.47
2016-04-13,1.42651,1.4279,1.41868,1.41882,146064.63
2016-04-14,1.4188,1.41896,1.40903,1.41398,138734.25
2016-04-15,1.41398,1.42417,1.41325,1.41982,111979.89
2016-04-17,1.41969,1.41971,1.41698,1.41787,8913.0
2016-04-18,1.41788,1.42923,1.4131,1.42836,126290.18
2016-04-19,1.42836,1.44187,1.42832,1.43855,143395.85
2016-04-20,1.43855,1.44101,1.43296,1.43356,156385.43
2016-04-21,1.43356,1.44402,1.42992,1.43224,160523.02
2016-04-22,1.4322,1.44514,1.43185,1.43983,151346.05
2016-04-24,1.4462,1.44692,1.44378,1.44437,10098.72
2016-04-25,1.44436,1.45191,1.44025,1.44859,163871.66
2016-04-26,1.44858,1.46385,1.44846,1.45729,172008.21
2016-04-27,1.45729,1.46217,1.44728,1.45382,178935.3
2016-04-28,1.45383,1.46221,1.45225,1.46096,185730.52
2016-04-29,1.461,1.467,1.45764,1.46085,190964.32
2016-05-01,1.45825,1.46078,1.45825,1.46028,7368.27
2016-05-02,1.46028,1.4696,1.45998,1.46612,126227.3
2016-05-03,1.46612,1.47698,1.45289,1.45474,192063.18
2016-05-04,1.45475,1.45714,1.44613,1.45044,163984.56
2016-05-05,1.45043,1.45289,1.44436,1.44904,146666.07
2016-05-06,1.44906,1.45438,1.44147,1.44203,147247.11
2016-05-08,1.44108,1.44345,1.44108,1.44251,7064.31
2016-05-09,1.44249,1.44793,1.43747,1.44102,138045.07
2016-05-10,1.44102,1.44777,1.43885,1.44494,141901.4
2016-05-11,1.44495,1.44879,1.43945,1.44343,131662.79
2016-05-12,1.44342,1.45303,1.44061,1.44438,133712.94
2016-05-13,1.44438,1.44469,1.43403,1.43546,156777.78
2016-05-15,1.43437,1.436,1.43436,1.43504,5893.75
2016-05-16,1.43502,1.44683,1.43323,1.44426,102395.74
2016-05-17,1.44427,1.4524,1.4431,1.44554,133001.7
2016-05-18,1.44554,1.4634,1.44032,1.45934,165730.32
2016-05-19,1.45935,1.46629,1.45615,1.45974,182104.95
2016-05-20,1.45981,1.46128,1.44856,1.44988,116672.95
2016-05-22,1.45028,1.45056,1.44876,1.44883,4226.29
2016-05-23,1.44883,1.45489,1.44422,1.4478,126799.07
2016-05-24,1.4478,1.46419,1.44769,1.46126,154373.92
2016-05-25,1.46122,1.47288,1.46008,1.46952,150593.95
2016-05-26,1.46952,1.47394,1.464,1.46646,154518.78
2016-05-27,1.46644,1.46884,1.46045,1.46152,129421.78
2016-05-29,1.46064,1.46273,1.46061,1.46224,6427.44
2016-05-30,1.46221,1.46411,1.45871,1.46325,74286.05
2016-05-31,1.46326,1.47253,1.44646,1.44825,170373.12
2016-06-01,1.44827,1.45071,1.43857,1.44188,161239.9
2016-06-02,1.44189,1.44727,1.44018,1.4405,141543.04
2016-06-03,1.44052,1.45814,1.43986,1.45075,136750.65
2016-06-05,1.44627,1.44819,1.43517,1.4387,16174.8
2016-06-06,1.4387,1.44734,1.43547,1.44562,166441.34
2016-06-07,1.44565,1.46607,1.44518,1.45412,140462.3
2016-06-08,1.45412,1.46,1.45,1.45127,137543.37
2016-06-09,1.45127,1.45269,1.44452,1.4463,127385.46
2016-06-10,1.4463,1.44723,1.41794,1.42485,130422.35
2016-06-12,1.42647,1.42668,1.41582,1.41875,9791.61
2016-06-13,1.41874,1.43279,1.41149,1.42039,172866.87
2016-06-14,1.42039,1.42177,1.40888,1.4117,128960.8
2016-06-15,1.41167,1.42173,1.4106,1.41928,131043.77
2016-06-16,1.41931,1.42932,1.40123,1.42932,140003.85
2016-06-17,1.42922,1.43873,1.42213,1.43535,146069.05
2016-06-19,1.44694,1.46122,1.44336,1.45801,13701.98
2016-06-20,1.45801,1.47184,1.45297,1.46709,175844.46
2016-06-21,1.46709,1.47835,1.46156,1.46626,188018.4
2016-06-22,1.46626,1.4844,1.46409,1.47863,184042.87
2016-06-23,1.47865,1.50177,1.42848,1.45589,251725.31
2016-06-24,1.45583,1.46504,1.32271,1.36595,327664.64
2016-06-26,1.34251,1.34863,1.33643,1.34398,19638.64
2016-06-27,1.34398,1.34741,1.31208,1.32246,230355.01
2016-06-28,1.32245,1.34191,1.32184,1.33525,173159.41
2016-06-29,1.33524,1.35328,1.32865,1.34513,203113.8
2016-06-30,1.34508,1.34963,1.32052,1.33292,226451.05
2016-07-01,1.33292,1.33492,1.32438,1.32718,154669.78
2016-07-03,1.32448,1.3292,1.32439,1.32822,4567.15
2016-07-04,1.32824,1.33403,1.32406,1.32785,113131.12
2016-07-05,1.32786,1.32808,1.29496,1.29599,198736.37
2016-07-06,1.29597,1.30154,1.27971,1.29177,240398.41
2016-07-07,1.29179,1.30468,1.28782,1.29096,186199.64
2016-07-08,1.29093,1.3018,1.29059,1.29529,171251.93
2016-07-10,1.29461,1.29522,1.29333,1.29413,7022.31
2016-07-11,1.29414,1.30175,1.28502,1.29826,182596.63
2016-07-12,1.29821,1.32946,1.29754,1.32695,218537.14
2016-07-13,1.32694,1.33369,1.31048,1.31187,229982.26
2016-07-14,1.31187,1.34784,1.31067,1.33508,223088.75
2016-07-15,1.33511,1.34802,1.31316,1.31838,175352.04
2016-07-17,1.3195,1.327,1.31846,1.32318,10230.61
2016-07-18,1.32318,1.33144,1.32114,1.32639,155809.42
2016-07-19,1.32639,1.32712,1.30737,1.31046,152204.67
2016-07-20,1.31046,1.32745,1.30644,1.32441,470034.36
2016-07-21,1.3244,1.32686,1.3156,1.32349,526872.37
2016-07-22,1.32349,1.32911,1.30786,1.3109,581556.77
2016-07-24,1.31406,1.31446,1.31142,1.31224,22775.45
2016-07-25,1.31222,1.31645,1.30917,1.31039,407760.5
2016-07-26,1.31038,1.31754,1.30571,1.31472,580938.25
2016-07-27,1.31473,1.32396,1.30723,1.32273,550237.23
2016-07-28,1.32271,1.32481,1.31169,1.31614,556776.7
2016-07-29,1.31614,1.3301,1.31517,1.32224,483719.85
2016-07-31,1.3222,1.32413,1.31996,1.32159,18012.16
2016-08-01,1.32159,1.32719,1.31624,1.31841,486868.13
2016-08-02,1.31841,1.33653,1.31716,1.3336,497229.44
2016-08-03,1.33359,1.33714,1.32801,1.33262,420399.53
2016-08-04,1.33262,1.33455,1.31024,1.31268,533522.23
2016-08-05,1.31268,1.31748,1.30209,1.30677,376016.84
2016-08-07,1.30719,1.30853,1.30673,1.30741,10354.99
2016-08-08,1.30741,1.30965,1.30274,1.30317,303186.78
2016-08-09,1.30318,1.30318,1.29558,1.30123,307329.48
2016-08-10,1.30123,1.30939,1.29908,1.30195,376643.78
2016-08-11,1.30195,1.30276,1.29354,1.29537,291538.61
2016-08-12,1.29537,1.30346,1.29029,1.29148,273722.95
2016-08-14,1.29206,1.29222,1.29003,1.29076,14566.94
2016-08-15,1.29084,1.29448,1.28658,1.288,241634.53
2016-08-16,1.28798,1.30707,1.28789,1.30293,326114.54
2016-08-17,1.30294,1.30855,1.29794,1.3044,323119.6
2016-08-18,1.30442,1.31854,1.3041,1.31625,374075.78
2016-08-19,1.31623,1.31627,1.30226,1.30736,337918.35
2016-08-21,1.30515,1.30832,1.30513,1.30614,19986.53
2016-08-22,1.30614,1.31572,1.3034,1.31326,350756.79
2016-08-23,1.31325,1.32104,1.31282,1.31969,389413.48
2016-08-24,1.31969,1.3273,1.31611,1.32364,347892.72
2016-08-25,1.32362,1.32636,1.31687,1.31921,308861.87
2016-08-26,1.31921,1.32789,1.31216,1.31327,397865.02
2016-08-28,1.31061,1.31389,1.31061,1.31253,12730.6
2016-08-29,1.31253,1.31326,1.30593,1.31053,296097.07
2016-08-30,1.31053,1.31199,1.30592,1.30901,360771.45
2016-08-31,1.30901,1.31579,1.30658,1.31327,399744.51
2016-09-01,1.31327,1.33177,1.31282,1.32746,409121.39
2016-09-02,1.32746,1.33522,1.32524,1.32906,403309.58
2016-09-04,1.32934,1.33084,1.32895,1.32938,14353.94
2016-09-05,1.32938,1.33755,1.32879,1.33104,389822.33
2016-09-06,1.33105,1.34448,1.33021,1.3414,396134.63
2016-09-07,1.3414,1.34246,1.3319,1.33381,403995.5
2016-09-08,1.33382,1.33753,1.32831,1.33071,413913.34
2016-09-09,1.33072,1.33357,1.32391,1.32606,395141.15
2016-09-11,1.32623,1.32726,1.32534,1.32716,14202.97
2016-09-12,1.32717,1.33469,1.32349,1.33352,445602.48
2016-09-13,1.33352,1.33383,1.31673,1.31924,529675.93
2016-09-14,1.31925,1.32784,1.31382,1.32613,550189.45
2016-09-15,1.32611,1.32692,1.31796,1.32457,480292.23
2016-09-16,1.32458,1.32475,1.29953,1.29959,387875.43
2016-09-18,1.29959,1.30194,1.29959,1.30122,20220.59
2016-09-19,1.30122,1.30909,1.30107,1.30395,475057.04
2016-09-20,1.30394,1.30648,1.29468,1.29826,441953.81
2016-09-21,1.29826,1.30463,1.29445,1.3032,546963.59
2016-09-22,1.3032,1.31207,1.30313,1.3082,607582.03
2016-09-23,1.3082,1.30867,1.29145,1.29604,537866.71
2016-09-25,1.29615,1.29819,1.29533,1.29773,13610.26
2016-09-26,1.29773,1.29867,1.29161,1.29672,432239.18
2016-09-27,1.29672,1.30264,1.29367,1.30089,516213.59
2016-09-28,1.30089,1.3058,1.29799,1.3037,558869.14
2016-09-29,1.30363,1.30542,1.2954,1.29651,482937.33
2016-09-30,1.29652,1.30226,1.29368,1.29737,533704.68
2016-10-02,1.29184,1.29454,1.29166,1.29289,23885.8
2016-10-03,1.29289,1.2946,1.28171,1.28586,443220.0
2016-10-04,1.28586,1.28601,1.27195,1.27293,545131.48
2016-10-05,1.2729,1.27711,1.26854,1.27521,534829.36
2016-10-06,1.27521,1.27543,1.19198,1.23878,533158.48
2016-10-07,1.23881,1.24818,1.22272,1.24306,529281.47
2016-10-09,1.23904,1.24393,1.23904,1.24345,20890.21
2016-10-10,1.24345,1.24441,1.23378,1.23456,387729.76
2016-10-11,1.23456,1.23514,1.20893,1.2272,526447.6
2016-10-12,1.22717,1.23249,1.21656,1.21861,576993.24
2016-10-13,1.21861,1.22718,1.21327,1.22256,487798.26
2016-10-14,1.22256,1.22613,1.21678,1.2181,406635.73
2016-10-16,1.21546,1.21822,1.21515,1.21757,26138.61
2016-10-17,1.21757,1.22292,1.21356,1.22186,413298.21
2016-10-18,1.22185,1.23249,1.22169,1.23005,437613.41
2016-10-19,1.23007,1.23311,1.22536,1.22937,378205.75
2016-10-20,1.22937,1.22979,1.22098,1.22554,365106.02
2016-10-21,1.22554,1.2259,1.21711,1.22232,322961.06
2016-10-23,1.22157,1.22268,1.22129,1.22177,14947.18
2016-10-24,1.22175,1.2249,1.21853,1.22231,217957.7
2016-10-25,1.22233,1.22432,1.20825,1.21756,138162.71
2016-10-26,1.21754,1.22491,1.21566,1.22347,128466.44
2016-10-27,1.22346,1.22711,1.2149,1.21691,140069.38
2016-10-28,1.21692,1.22121,1.21138,1.21833,147253.05
2016-10-30,1.21729,1.22146,1.21729,1.22056,9529.95
2016-10-31,1.22056,1.22489,1.21436,1.2235,123696.7
2016-11-01,1.22349,1.22804,1.22057,1.22357,154879.77
2016-11-02,1.22358,1.23537,1.22203,1.23029,171265.44
2016-11-03,1.2303,1.2494,1.22989,1.2465,195841.42
2016-11-04,1.2465,1.25571,1.24489,1.25158,160286.05
2016-11-06,1.24515,1.24868,1.24515,1.24863,13901.35
2016-11-07,1.24863,1.24972,1.23792,1.23975,148674.19
2016-11-08,1.23975,1.24395,1.23596,1.23841,138838.57
2016-11-09,1.2384,1.2547,1.23528,1.24185,278436.79
2016-11-10,1.24185,1.25845,1.23772,1.25504,217906.05
2016-11-11,1.25504,1.26733,1.25252,1.25954,201482.55
2016-11-13,1.25625,1.25919,1.25608,1.25757,9897.54
2016-11-14,1.25757,1.25796,1.2444,1.25155,200408.84
2016-11-15,1.25154,1.25288,1.23802,1.24512,204714.27
2016-11-16,1.24514,1.25021,1.2409,1.24384,199534.99
2016-11-17,1.24383,1.25048,1.2407,1.24087,179826.16
2016-11-18,1.24085,1.2436,1.2302,1.23374,191248.61
2016-11-20,1.23423,1.2356,1.23187,1.23224,8682.24
2016-11-21,1.23223,1.25114,1.23123,1.24908,190718.6
2016-11-22,1.24909,1.25124,1.23844,1.24223,144450.83
2016-11-23,1.24223,1.24687,1.23601,1.2426,162580.31
2016-11-24,1.24256,1.24945,1.24015,1.24515,153270.3
2016-11-25,1.24514,1.24853,1.24155,1.24843,164164.23
2016-11-27,1.24783,1.24808,1.24466,1.2479,3759.3
2016-11-28,1.24787,1.25311,1.23854,1.24077,167353.8
2016-11-29,1.24077,1.25256,1.23878,1.24898,150720.99
2016-11-30,1.24898,1.2523,1.2419,1.25137,186971.32
2016-12-01,1.25134,1.26956,1.25068,1.25879,181142.09
2016-12-02,1.25879,1.27367,1.25699,1.27265,154826.92
2016-12-04,1.26776,1.26852,1.26254,1.26675,15134.05
2016-12-05,1.26675,1.27449,1.26554,1.27263,196206.43
2016-12-06,1.27258,1.27744,1.26562,1.26709,155104.78
2016-12-07,1.26707,1.26726,1.25698,1.26272,133648.78
2016-12-08,1.26273,1.27044,1.25492,1.25834,164024.43
2016-12-09,1.25836,1.26204,1.25522,1.25646,127112.12
2016-12-11,1.25724,1.25989,1.25722,1.25934,5073.58
2016-12-12,1.25934,1.26992,1.25668,1.26757,149500.66
2016-12-13,1.26756,1.27277,1.26532,1.26602,162163.64
2016-12-14,1.26601,1.27228,1.25139,1.2535,192969.49
2016-12-15,1.2535,1.25676,1.2376,1.2421,222871.94
2016-12-16,1.2421,1.25098,1.23826,1.24856,166742.63
2016-12-18,1.24756,1.24963,1.24737,1.2489,4827.67
2016-12-19,1.2489,1.25022,1.23551,1.23868,143374.12
2016-12-20,1.23868,1.24084,1.23126,1.23637,155955.43
2016-12-21,1.23637,1.23905,1.23237,1.23521,139336.74
2016-12-22,1.23522,1.23779,1.22765,1.22837,134126.08
2016-12-23,1.22835,1.22986,1.22284,1.22871,100568.14
2016-12-25,1.22562,1.22928,1.22534,1.22878,5374.92
2016-12-26,1.2287,1.23032,1.22575,1.22742,48116.73
2016-12-27,1.22742,1.22868,1.22406,1.2274,86782.81
2016-12-28,1.2274,1.2297,1.22006,1.22194,113211.11
2016-12-29,1.22195,1.23088,1.22195,1.22834,127245.21
2016-12-30,1.22834,1.23877,1.22696,1.23399,153262.07
2017-01-01,1.23202,1.2343,1.23155,1.23426,457.12
2017-01-02,1.23427,1.23547,1.22717,1.22804,61799.18
2017-01-03,1.22803,1.23067,1.21994,1.22436,144001.12
2017-01-04,1.22435,1.23524,1.2221,1.23242,156584.05
2017-01-05,1.23241,1.2432,1.22699,1.24208,199392.42
2017-01-06,1.24209,1.24234,1.2261,1.22798,156037.08
2017-01-08,1.22487,1.22702,1.22487,1.22571,4506.77
2017-01-09,1.22575,1.22707,1.21239,1.21699,169255.39
2017-01-10,1.217,1.21898,1.21069,1.21739,174254.35
2017-01-11,1.21739,1.2272,1.2038,1.22087,218695.85
2017-01-12,1.22087,1.23168,1.21522,1.21646,202019.17
2017-01-13,1.21652,1.22327,1.21211,1.2175,175354.23
2017-01-15,1.19972,1.20499,1.19925,1.20371,5660.14
2017-01-16,1.20374,1.20851,1.1987,1.20393,164958.0
2017-01-17,1.20393,1.2415,1.20384,1.23875,241063.41
2017-01-18,1.23873,1.24015,1.22524,1.22596,206361.69
2017-01-19,1.22598,1.23426,1.22526,1.23372,218017.31
2017-01-20,1.23372,1.23802,1.22605,1.23741,208473.95
2017-01-22,1.23751,1.23869,1.23704,1.23849,5316.47
2017-01-23,1.23847,1.25443,1.23809,1.2515,186512.13
2017-01-24,1.25149,1.25436,1.24185,1.25317,194917.11
2017-01-25,1.25317,1.26383,1.24908,1.26337,192441.93
2017-01-26,1.26338,1.26731,1.25564,1.25952,203739.28
2017-01-27,1.25947,1.26052,1.25173,1.25447,180633.48
2017-01-29,1.25834,1.26,1.2558,1.25946,5160.21
2017-01-30,1.25946,1.26002,1.24658,1.24997,156003.95
2017-01-31,1.24996,1.25963,1.24122,1.25866,195292.79
2017-02-01,1.25864,1.26796,1.25429,1.26595,184709.8
2017-02-02,1.2659,1.2706,1.25176,1.25187,177069.9
2017-02-03,1.25187,1.25377,1.24592,1.24765,164032.65
2017-02-05,1.24844,1.24884,1.24736,1.24826,2843.51
2017-02-06,1.24824,1.24985,1.24273,1.24676,157761.03
2017-02-07,1.24677,1.25462,1.23467,1.24956,169594.1
2017-02-08,1.24955,1.25496,1.24746,1.2523,168312.64
2017-02-09,1.25231,1.25821,1.24893,1.24949,157012.37
2017-02-10,1.24949,1.2521,1.24396,1.24835,161469.53
2017-02-12,1.24582,1.24915,1.24579,1.24813,4497.81
2017-02-13,1.24811,1.2539,1.24804,1.25219,145718.45
2017-02-14,1.2522,1.25483,1.24434,1.24692,162731.79
2017-02-15,1.24692,1.24808,1.23828,1.24671,167084.6
2017-02-16,1.24667,1.25234,1.24539,1.24857,157627.17
2017-02-17,1.24855,1.25107,1.23878,1.24069,152742.57
2017-02-19,1.24043,1.24406,1.24043,1.24287,5379.06
2017-02-20,1.24284,1.24825,1.24079,1.24712,123017.16
2017-02-21,1.24714,1.24894,1.24015,1.24862,143475.3
2017-02-22,1.24865,1.25077,1.24195,1.24521,158343.19
2017-02-23,1.2452,1.25612,1.24273,1.2554,144490.09
2017-02-24,1.2554,1.25698,1.24478,1.24561,131563.33
2017-02-26,1.24704,1.24731,1.23914,1.23995,12547.18
2017-02-27,1.23996,1.24785,1.23838,1.24373,134111.61
2017-02-28,1.24373,1.24703,1.23717,1.23781,147014.1
2017-03-01,1.23781,1.24043,1.227,1.22701,164866.22
2017-03-02,1.227,1.23076,1.22425,1.22735,139800.56
2017-03-03,1.22735,1.22998,1.22142,1.22915,141191.5
2017-03-05,1.22839,1.23004,1.22839,1.22998,3166.42
2017-03-06,1.22998,1.22998,1.22241,1.22388,121850.39
2017-03-07,1.2239,1.22522,1.21691,1.22031,134487.46
2017-03-08,1.22031,1.22137,1.21391,1.21735,135585.13
2017-03-09,1.21735,1.21951,1.21344,1.21555,153862.37
2017-03-10,1.21562,1.21883,1.21395,1.21636,133742.73
2017-03-12,1.21579,1.21709,1.21501,1.21701,7619.1
2017-03-13,1.21698,1.22508,1.21563,1.22058,151752.9
2017-03-14,1.22057,1.22141,1.21092,1.21565,130550.82
2017-03-15,1.21564,1.23091,1.21543,1.22822,172860.61
2017-03-16,1.22822,1.23769,1.22413,1.23498,169149.56
2017-03-17,1.23499,1.24047,1.23237,1.23945,131713.83
2017-03-19,1.2381,1.23915,1.23796,1.23833,4466.68
2017-03-20,1.23833,1.24354,1.2335,1.23667,120044.71
2017-03-21,1.23665,1.24944,1.23404,1.24818,148818.55
2017-03-22,1.24818,1.2506,1.24239,1.24708,137991.56
2017-03-23,1.24709,1.25307,1.2463,1.25161,140276.51
2017-03-24,1.25161,1.25174,1.2469,1.2471,112201.88
2017-03-26,1.24914,1.25204,1.24897,1.25131,9734.46
2017-03-27,1.25131,1.26151,1.25083,1.25572,131733.82
2017-03-28,1.25574,1.25962,1.24155,1.2416,133436.6
2017-03-29,1.24163,1.2476,1.23767,1.244,154242.78
2017-03-30,1.244,1.25241,1.24028,1.24766,128947.52
2017-03-31,1.24766,1.25581,1.24333,1.25512,139088.34
2017-04-02,1.25424,1.25558,1.25313,1.254,6001.19
2017-04-03,1.254,1.25538,1.24655,1.24902,119457.64
2017-04-04,1.24902,1.24952,1.24189,1.24391,124387.91
2017-04-05,1.24392,1.24979,1.24228,1.24867,137434.1
2017-04-06,1.24867,1.25057,1.24506,1.24683,125763.8
2017-04-07,1.2468,1.24775,1.23652,1.23678,151256.0
2017-04-09,1.23802,1.2384,1.23657,1.23741,10118.52
2017-04-10,1.2374,1.24286,1.23679,1.2423,115093.01
2017-04-11,1.24229,1.24944,1.24035,1.24893,141038.34
2017-04-12,1.24891,1.25496,1.24801,1.25486,153496.5
2017-04-13,1.25484,1.25742,1.2497,1.2504,145208.78
2017-04-14,1.2504,1.25346,1.25004,1.25172,91012.79
2017-04-16,1.25271,1.25355,1.2524,1.25352,7932.51
2017-04-17,1.25349,1.25959,1.25302,1.25565,100538.2
2017-04-18,1.25565,1.29053,1.25151,1.28435,199795.47
2017-04-19,1.28434,1.28591,1.27701,1.27814,166088.48
2017-04-20,1.27814,1.28471,1.27724,1.28001,147676.42
2017-04-21,1.27999,1.28345,1.27567,1.28022,125618.98
2017-04-23,1.28325,1.28394,1.28052,1.28229,12162.21
2017-04-24,1.28228,1.28332,1.27721,1.27772,150678.84
2017-04-25,1.27773,1.28456,1.2775,1.28319,151273.41
2017-04-26,1.28321,1.28633,1.28048,1.28481,160927.1
2017-04-27,1.28478,1.29171,1.28419,1.28919,155029.82
2017-04-28,1.28916,1.29648,1.28899,1.29476,157146.62
2017-04-30,1.29267,1.29431,1.29185,1.29315,11311.36
2017-05-01,1.29316,1.29363,1.28801,1.28969,86423.53
2017-05-02,1.28969,1.29408,1.28641,1.29407,114528.05
2017-05-03,1.29407,1.29474,1.28614,1.28723,134567.91
2017-05-04,1.28723,1.29319,1.28308,1.29248,136282.0
2017-05-05,1.2925,1.29837,1.29001,1.29753,130425.49
2017-05-07,1.29817,1.29888,1.29595,1.2968,10830.9
2017-05-08,1.29676,1.29862,1.29298,1.29409,136964.27
2017-05-09,1.29409,1.29608,1.29026,1.29482,156937.87
2017-05-10,1.2948,1.29879,1.29273,1.29294,144908.11
2017-05-11,1.29294,1.29484,1.28491,1.28884,163011.35
2017-05-12,1.28882,1.28995,1.28447,1.28848,150464.79
2017-05-14,1.28752,1.28923,1.28752,1.28836,15957.09
2017-05-15,1.28836,1.29405,1.28815,1.29017,138309.17
2017-05-16,1.29016,1.29571,1.28654,1.2916,158845.73
2017-05-17,1.29162,1.29906,1.29058,1.29703,170586.8
2017-05-18,1.29704,1.30476,1.28892,1.29544,186791.17
2017-05-19,1.29541,1.30398,1.29415,1.30349,141638.26
2017-05-21,1.29901,1.3025,1.29901,1.30094,6720.53
2017-05-22,1.30092,1.30429,1.29654,1.29918,157286.38
2017-05-23,1.29915,1.30335,1.29529,1.29558,157442.92
2017-05-24,1.29557,1.29988,1.2927,1.29776,142785.37
2017-05-25,1.29776,1.30149,1.29271,1.29297,120508.06
2017-05-26,1.29298,1.29301,1.27754,1.28032,134577.61
2017-05-28,1.28008,1.28168,1.27974,1.28134,5047.35
2017-05-29,1.28134,1.28499,1.28082,1.28141,88303.37
2017-05-30,1.28142,1.28882,1.27906,1.28082,126348.49
2017-05-31,1.28081,1.29208,1.27692,1.28756,148044.57
2017-06-01,1.28753,1.29157,1.28297,1.28861,126114.65
2017-06-02,1.28861,1.29034,1.28457,1.28894,107817.77
2017-06-04,1.2857,1.28766,1.2856,1.28672,9922.03
2017-06-05,1.28671,1.29407,1.28595,1.29057,94544.6
2017-06-06,1.29055,1.29493,1.28718,1.2906,110005.36
2017-06-07,1.29056,1.29687,1.28873,1.29631,124244.29
2017-06-08,1.29631,1.29774,1.27035,1.27234,152611.86
2017-06-09,1.27249,1.28023,1.26352,1.27365,183127.31
2017-06-11,1.27133,1.27462,1.27105,1.27429,8947.03
2017-06-12,1.27424,1.27693,1.26385,1.26693,136815.79
2017-06-13,1.26693,1.27565,1.26418,1.2748,125484.83
2017-06-14,1.2748,1.28177,1.27233,1.27534,161550.77
2017-06-15,1.27533,1.27953,1.26902,1.27599,146032.44
2017-06-16,1.27598,1.28052,1.27578,1.27726,119600.46
2017-06-18,1.27553,1.27798,1.27553,1.27743,9576.73
2017-06-19,1.27743,1.28144,1.27233,1.27304,128794.82
2017-06-20,1.27303,1.27577,1.26029,1.26317,171990.44
2017-06-21,1.26317,1.27098,1.2589,1.26743,135480.9
2017-06-22,1.26742,1.26911,1.26541,1.26777,135593.52
2017-06-23,1.26777,1.27444,1.26756,1.27159,110143.79
2017-06-25,1.2733,1.27448,1.27307,1.27446,4978.25
2017-06-26,1.27446,1.27594,1.27061,1.27234,119438.34
2017-06-27,1.27231,1.28608,1.2716,1.28127,148144.29
2017-06-28,1.28127,1.2972,1.27936,1.29394,177385.23
2017-06-29,1.29394,1.30152,1.29378,1.30081,153438.98
2017-06-30,1.30079,1.30298,1.29459,1.30183,134656.45
2017-07-02,1.30039,1.30232,1.30028,1.30151,7412.26
2017-07-03,1.30151,1.30223,1.29317,1.29483,132504.62
2017-07-04,1.29482,1.29587,1.29117,1.29351,153632.87
2017-07-05,1.29352,1.29476,1.2893,1.29305,133807.74
2017-07-06,1.29302,1.29834,1.29195,1.29682,127744.79
2017-07-07,1.29682,1.29745,1.28666,1.28864,115212.02
2017-07-09,1.28767,1.28912,1.28744,1.28902,7940.97
2017-07-10,1.289,1.29079,1.28546,1.28802,95496.26
2017-07-11,1.28799,1.29271,1.28308,1.28587,117589.93
2017-07-12,1.28587,1.29073,1.28116,1.2892,146020.12
2017-07-13,1.28917,1.29549,1.28901,1.29468,131291.5
2017-07-14,1.29467,1.31135,1.29352,1.30973,128144.43
2017-07-16,1.30968,1.31128,1.30964,1.31093,13864.57
2017-07-17,1.31093,1.31106,1.30465,1.30511,121289.14
2017-07-18,1.30511,1.31253,1.30049,1.30359,153921.0
2017-07-19,1.30359,1.30527,1.30106,1.30301,126890.11
2017-07-20,1.30302,1.30323,1.29329,1.29646,158445.85
2017-07-21,1.29648,1.30195,1.29531,1.29931,116781.61
2017-07-23,1.29878,1.3009,1.29873,1.30047,7100.36
2017-07-24,1.30047,1.30577,1.29894,1.30257,114477.97
2017-07-25,1.30258,1.30837,1.30074,1.30267,128400.36
2017-07-26,1.30265,1.31256,1.29996,1.31143,149850.48
2017-07-27,1.31143,1.31585,1.30506,1.30758,153189.33
2017-07-28,1.30757,1.31517,1.30686,1.31335,128197.14
2017-07-30,1.31227,1.31499,1.31222,1.3143,6012.13
2017-07-31,1.3143,1.32236,1.3097,1.31967,130091.52
2017-08-01,1.31968,1.32442,1.31957,1.32076,124926.1
2017-08-02,1.32073,1.32504,1.31908,1.32273,112272.15
2017-08-03,1.32273,1.32679,1.31123,1.31437,128026.25
2017-08-04,1.31438,1.3164,1.30238,1.30366,110001.26
2017-08-06,1.30354,1.30536,1.30343,1.30456,10167.75
2017-08-07,1.30457,1.30589,1.30138,1.30347,90594.89
2017-08-08,1.30346,1.30535,1.29523,1.29858,99972.3
2017-08-09,1.29858,1.30282,1.2968,1.3011,120525.3
2017-08-10,1.30108,1.30152,1.29513,1.29767,115907.77
2017-08-11,1.29764,1.30313,1.29393,1.30078,111030.08
2017-08-13,1.29801,1.30129,1.29794,1.30049,6190.12
2017-08-14,1.30048,1.30217,1.29534,1.29652,110698.68
2017-08-15,1.29652,1.297,1.2846,1.28672,129888.85
2017-08-16,1.28667,1.2903,1.28413,1.289,128933.78
2017-08-17,1.28898,1.29088,1.28525,1.28639,138069.72
2017-08-18,1.28639,1.29162,1.28313,1.28723,119980.25
2017-08-20,1.28563,1.28811,1.28502,1.28712,7875.31
2017-08-21,1.28712,1.29163,1.28501,1.28974,100890.93
2017-08-22,1.28973,1.29085,1.28107,1.2822,105033.89
2017-08-23,1.2822,1.28334,1.27795,1.28038,121826.8
2017-08-24,1.28037,1.28367,1.27738,1.27994,132050.77
2017-08-25,1.27996,1.28887,1.27941,1.28761,125003.16
2017-08-27,1.29246,1.29248,1.29014,1.29032,11908.66
2017-08-28,1.29032,1.29427,1.28734,1.2926,115722.76
2017-08-29,1.29266,1.29783,1.29146,1.29222,141154.8
2017-08-30,1.29223,1.29379,1.28785,1.29192,132713.88
2017-08-31,1.29193,1.29444,1.28526,1.2939,139817.25
2017-09-01,1.2939,1.29951,1.29051,1.29507,128975.7
2017-09-03,1.29602,1.29644,1.29434,1.29636,9211.73
2017-09-04,1.29634,1.29662,1.29125,1.29231,112420.8
2017-09-05,1.29231,1.30441,1.29088,1.30399,150422.69
2017-09-06,1.30399,1.30819,1.30183,1.30456,131665.54
2017-09-07,1.30455,1.31155,1.30325,1.31043,156814.22
2017-09-08,1.31044,1.3224,1.30981,1.31915,149765.86
2017-09-10,1.31811,1.31978,1.31806,1.31968,7277.48
2017-09-11,1.31968,1.32222,1.31587,1.31688,134423.18
2017-09-12,1.31687,1.32981,1.31605,1.32883,145075.08
2017-09-13,1.32882,1.33289,1.31836,1.32064,137591.13
2017-09-14,1.32065,1.34053,1.31488,1.33971,171714.79
2017-09-15,1.33971,1.36165,1.3382,1.35937,167141.07
2017-09-17,1.35556,1.35906,1.35556,1.35768,6677.88
2017-09-18,1.35768,1.36183,1.34647,1.35146,166124.01
2017-09-19,1.35145,1.35514,1.34683,1.35138,152817.82
2017-09-20,1.35136,1.36574,1.34516,1.34899,253053.47
2017-09-21,1.34899,1.35863,1.34707,1.35789,211352.39
2017-09-22,1.35784,1.35959,1.34496,1.34934,230620.72
2017-09-24,1.34855,1.35195,1.34842,1.35044,10570.98
2017-09-25,1.35044,1.35706,1.3431,1.34764,165584.63
2017-09-26,1.34764,1.3514,1.34094,1.34407,154771.38
2017-09-27,1.34407,1.34487,1.33635,1.33979,167505.28
2017-09-28,1.33979,1.34553,1.33429,1.34292,163242.99
2017-09-29,1.34293,1.34294,1.33496,1.33953,140308.88
2017-10-01,1.33689,1.34021,1.33689,1.3393,7051.47
2017-10-02,1.3393,1.33954,1.32563,1.32726,152680.72
2017-10-03,1.32727,1.32876,1.32219,1.32418,143100.98
2017-10-04,1.32419,1.32915,1.32313,1.32328,149909.44
2017-10-05,1.32328,1.32498,1.31076,1.31125,146329.63
2017-10-06,1.31125,1.31126,1.3027,1.30645,140228.23
2017-10-08,1.30886,1.30957,1.30747,1.30825,6260.55
2017-10-09,1.30823,1.31836,1.30751,1.31412,114786.88
2017-10-10,1.31413,1.32253,1.31396,1.32091,130734.26
2017-10-11,1.32091,1.32407,1.31752,1.32381,123822.97
2017-10-12,1.32381,1.32902,1.31213,1.32635,160133.57
2017-10-13,1.32634,1.33375,1.32467,1.32823,142147.68
2017-10-15,1.32858,1.33092,1.3273,1.32881,6371.68
2017-10-16,1.3288,1.33115,1.32252,1.32529,119369.78
2017-10-17,1.32529,1.32869,1.31545,1.31913,140435.98
2017-10-18,1.3191,1.32159,1.31399,1.32112,130918.44
2017-10-19,1.32112,1.32281,1.31288,1.3151,159050.34
2017-10-20,1.3151,1.32003,1.30876,1.31871,135272.99
2017-10-22,1.31817,1.3193,1.31799,1.31909,7863.1
2017-10-23,1.31907,1.32267,1.31576,1.32026,123359.43
2017-10-24,1.32026,1.32274,1.31132,1.313,128279.47
2017-10-25,1.313,1.32746,1.31099,1.32717,149445.13
2017-10-26,1.32715,1.3279,1.3122,1.31295,138771.07
2017-10-27,1.31293,1.31394,1.30697,1.31247,121652.24
2017-10-29,1.31087,1.31366,1.31087,1.3134,6119.94
2017-10-30,1.3134,1.32148,1.31269,1.32131,115477.35
2017-10-31,1.32128,1.32933,1.31914,1.329,120504.21
2017-11-01,1.329,1.33206,1.32403,1.32555,135965.83
2017-11-02,1.32555,1.32988,1.30425,1.30531,156324.81
2017-11-03,1.30531,1.31322,1.3039,1.30738,126602.7
2017-11-05,1.30678,1.30799,1.30674,1.30793,4290.04
2017-11-06,1.30793,1.31748,1.30583,1.31733,138476.3
2017-11-07,1.31731,1.31775,1.31088,1.3171,154803.76
2017-11-08,1.3171,1.31754,1.30861,1.3113,129037.04
2017-11-09,1.31129,1.31654,1.3085,1.31423,155268.86
2017-11-10,1.31423,1.32292,1.31121,1.31881,143947.34
2017-11-12,1.3162,1.31796,1.31181,1.31199,7688.96
2017-11-13,1.31197,1.31348,1.30619,1.312,136964.15
2017-11-14,1.31201,1.31869,1.30747,1.3157,139879.14
2017-11-15,1.3157,1.32137,1.31301,1.31723,168789.84
2017-11-16,1.31725,1.32074,1.31351,1.31992,147204.15
2017-11-17,1.31992,1.32601,1.31694,1.32156,160068.19
2017-11-19,1.32175,1.32225,1.31971,1.31987,7800.43
2017-11-20,1.31986,1.32793,1.31854,1.32415,150682.34
2017-11-21,1.32415,1.32673,1.32086,1.32468,140627.71
2017-11-22,1.32468,1.33291,1.32133,1.33146,134867.62
2017-11-23,1.33153,1.33367,1.32841,1.33054,111888.61
2017-11-24,1.33054,1.336,1.32783,1.33346,127204.45
2017-11-26,1.33219,1.33321,1.33179,1.33234,4844.95
2017-11-27,1.33235,1.3383,1.33094,1.33208,137849.09
2017-11-28,1.33208,1.33871,1.32208,1.33639,185128.43
2017-11-29,1.33639,1.34479,1.33524,1.34164,174597.7
2017-11-30,1.34164,1.35486,1.34091,1.35292,194399.78
2017-12-01,1.35292,1.35491,1.34445,1.34746,199312.65
2017-12-03,1.34338,1.35129,1.34336,1.34897,7649.09
2017-12-04,1.34897,1.35383,1.34136,1.34728,186770.02
2017-12-05,1.34728,1.34772,1.33704,1.34138,169739.72
2017-12-06,1.34138,1.34361,1.33576,1.3391,168411.23
2017-12-07,1.3391,1.34851,1.33198,1.3482,167343.37
2017-12-08,1.34818,1.35202,1.33556,1.33789,167832.7
2017-12-10,1.33735,1.33961,1.33697,1.33901,2959.72
2017-12-11,1.339,1.34313,1.33306,1.33468,152631.78
2017-12-12,1.33468,1.33799,1.33034,1.33192,158753.74
2017-12-13,1.33192,1.34299,1.33114,1.34089,181729.04
2017-12-14,1.34089,1.34658,1.33921,1.34321,202518.05
2017-12-15,1.34321,1.34474,1.33013,1.33269,185541.28
2017-12-17,1.33095,1.33225,1.33095,1.33152,5624.62
2017-12-18,1.33155,1.34182,1.33101,1.33784,163206.41
2017-12-19,1.33785,1.34021,1.33309,1.33853,187490.58
2017-12-20,1.33853,1.34199,1.33679,1.33697,166890.42
2017-12-21,1.33697,1.33872,1.33311,1.33776,157375.43
2017-12-22,1.3377,1.33971,1.3346,1.33541,152852.17
2017-12-24,1.33449,1.3348,1.33449,1.33478,352.2
2017-12-25,1.33478,1.3394,1.33478,1.33733,6076.9
2017-12-26,1.33734,1.3389,1.33473,1.33738,133331.62
2017-12-27,1.33737,1.34295,1.33672,1.34023,150756.99
2017-12-28,1.34023,1.34563,1.33974,1.34393,141593.43
2017-12-29,1.34402,1.3544,1.34382,1.34944,152945.89
2018-01-01,1.35065,1.3521,1.34945,1.35096,6558.7
2018-01-02,1.35095,1.36001,1.35075,1.35939,165390.93
2018-01-03,1.35938,1.36124,1.34948,1.35107,166332.63
2018-01-04,1.35106,1.35595,1.35052,1.35513,158121.68
2018-01-05,1.35513,1.35823,1.35231,1.3564,153145.99
2018-01-07,1.35556,1.35787,1.35553,1.35755,5527.36
2018-01-08,1.35755,1.35853,1.35229,1.35696,126245.47
2018-01-09,1.35697,1.35822,1.35063,1.35299,144613.12
2018-01-10,1.35298,1.35618,1.34816,1.35115,174917.9
2018-01-11,1.35115,1.35546,1.34579,1.35407,179144.65
2018-01-12,1.35408,1.3744,1.35376,1.37277,193463.69
2018-01-14,1.37279,1.37425,1.37253,1.37311,5306.32
2018-01-15,1.37317,1.38193,1.37294,1.37935,171239.7
2018-01-16,1.37936,1.38052,1.37417,1.37969,189740.84
2018-01-17,1.37969,1.3942,1.37566,1.38246,214328.02
2018-01-18,1.38246,1.3913,1.38044,1.38923,213342.16
2018-01-19,1.38924,1.39449,1.38383,1.38479,201856.41
2018-01-21,1.38879,1.38947,1.38741,1.38903,7511.76
2018-01-22,1.38903,1.39905,1.38569,1.39835,190158.63
2018-01-23,1.39835,1.40273,1.39158,1.40115,206762.86
2018-01-24,1.40117,1.42627,1.40005,1.42197,253503.72
2018-01-25,1.42197,1.43451,1.40827,1.4149,321622.59
2018-01-26,1.4149,1.42853,1.41364,1.41562,277595.73
2018-01-28,1.41347,1.41522,1.41289,1.41501,7050.13
2018-01-29,1.41501,1.41579,1.4025,1.40722,250293.25
2018-01-30,1.40722,1.41665,1.39798,1.41548,262060.66
2018-01-31,1.41548,1.42325,1.41216,1.41986,272869.36
2018-02-01,1.41987,1.42781,1.41594,1.42656,255628.85
2018-02-02,1.42656,1.42777,1.41013,1.41213,257639.7
2018-02-04,1.41001,1.41128,1.4082,1.411,9714.76
2018-02-05,1.41101,1.41501,1.39421,1.39435,269045.52
2018-02-06,1.39437,1.39992,1.38363,1.39572,319692.04
2018-02-07,1.39572,1.39937,1.38482,1.38787,252412.97
2018-02-08,1.38787,1.40671,1.38454,1.39354,331125.99
2018-02-09,1.39356,1.39871,1.37642,1.38239,291686.21
2018-02-11,1.38081,1.38272,1.38041,1.38234,7194.04
2018-02-12,1.38234,1.38758,1.37958,1.38484,216874.62
2018-02-13,1.38484,1.39239,1.38323,1.38836,225950.26
2018-02-14,1.38836,1.40164,1.37996,1.40144,263226.07
2018-02-15,1.40146,1.41088,1.39989,1.41042,253336.95
2018-02-16,1.41042,1.41444,1.39964,1.40298,227727.03
2018-02-18,1.40108,1.40378,1.40101,1.40313,6204.78
2018-02-19,1.40313,1.40488,1.39584,1.39919,182021.71
2018-02-20,1.39918,1.40242,1.39311,1.39989,218228.4
2018-02-21,1.39986,1.40082,1.39039,1.39101,250651.27
2018-02-22,1.391,1.39885,1.38565,1.39506,234922.08
2018-02-23,1.39507,1.40049,1.39044,1.39656,183429.34
2018-02-25,1.39844,1.39856,1.39634,1.3968,4975.42
2018-02-26,1.3968,1.40696,1.3928,1.39637,145875.61
2018-02-27,1.39637,1.39962,1.38574,1.39042,175690.39
2018-02-28,1.39042,1.39158,1.37488,1.37543,185031.3
2018-03-01,1.37543,1.37846,1.37115,1.37749,209570.42
2018-03-02,1.37749,1.38166,1.37554,1.3798,188234.61
2018-03-04,1.37886,1.38133,1.37775,1.37948,11881.16
2018-03-05,1.37948,1.38769,1.37664,1.38487,178152.48
2018-03-06,1.38489,1.39291,1.38163,1.38987,182879.18
2018-03-07,1.38985,1.39118,1.38459,1.39042,174116.29
2018-03-08,1.39041,1.39098,1.37807,1.38031,179294.44
2018-03-09,1.38031,1.38886,1.37878,1.38447,162799.35
2018-03-11,1.385,1.38576,1.38417,1.38552,5008.77
2018-03-12,1.38552,1.39174,1.3841,1.39045,127094.83
2018-03-13,1.39047,1.39938,1.38745,1.39709,153502.28
2018-03-14,1.3971,1.39955,1.39255,1.39691,146896.46
2018-03-15,1.39689,1.39884,1.39213,1.39368,183812.56
2018-03-16,1.39364,1.39807,1.38891,1.39432,128703.58
2018-03-18,1.39353,1.39485,1.39346,1.39427,4818.64
2018-03-19,1.39427,1.40881,1.39128,1.40242,170551.16
2018-03-20,1.40241,1.40664,1.39826,1.40036,142187.69
2018-03-21,1.40035,1.41504,1.40014,1.41425,176216.3
2018-03-22,1.41425,1.42175,1.40756,1.4112,190001.3
2018-03-23,1.41121,1.41717,1.40849,1.41305,150242.44
2018-03-25,1.41326,1.41564,1.41296,1.41476,4229.08
2018-03-26,1.41476,1.42442,1.41448,1.42374,125227.64
2018-03-27,1.42372,1.4244,1.40659,1.41761,148534.86
2018-03-28,1.41761,1.42001,1.40703,1.40824,147576.35
2018-03-29,1.40824,1.40959,1.40106,1.40237,149069.81
2018-03-30,1.40233,1.40594,1.40088,1.40088,93558.14
2018-04-01,1.40224,1.40379,1.40193,1.40355,6369.59
2018-04-02,1.40355,1.40775,1.40259,1.40464,97570.82
2018-04-03,1.40464,1.40883,1.40208,1.40688,132532.35
2018-04-04,1.40688,1.40962,1.40146,1.40874,142404.33
2018-04-05,1.40874,1.40968,1.39652,1.4006,150707.58
2018-04-06,1.4006,1.41055,1.39827,1.40814,138043.0
2018-04-08,1.40866,1.40916,1.40818,1.409,4043.22
2018-04-09,1.409,1.41644,1.40782,1.4133,122654.42
2018-04-10,1.41327,1.41878,1.41199,1.41812,129141.55
2018-04-11,1.41811,1.4223,1.41608,1.41872,120138.6
2018-04-12,1.41871,1.42464,1.41451,1.42389,128352.29
2018-04-13,1.42389,1.42961,1.42205,1.42372,100902.86
2018-04-15,1.42397,1.42476,1.42291,1.42454,5159.72
2018-04-16,1.42453,1.43438,1.42366,1.434,98592.04
2018-04-17,1.434,1.43763,1.42826,1.42964,122643.18
2018-04-18,1.42963,1.43142,1.41728,1.42018,122988.84
2018-04-19,1.42017,1.42454,1.40684,1.40838,140169.79
2018-04-20,1.40838,1.40873,1.39965,1.40002,126664.06
2018-04-22,1.3999,1.40073,1.39915,1.40014,6455.9
2018-04-23,1.40017,1.40307,1.39261,1.39371,112125.81
2018-04-24,1.39372,1.39965,1.39177,1.39937,110136.63
2018-04-25,1.39937,1.39937,1.3921,1.39354,102776.51
2018-04-26,1.39357,1.3998,1.38947,1.39175,136196.47
2018-04-27,1.39175,1.39342,1.3747,1.37785,124970.1
2018-04-29,1.37711,1.37779,1.37684,1.37688,5459.19
2018-04-30,1.37688,1.37922,1.37125,1.37718,112796.92
2018-05-01,1.37719,1.37725,1.3588,1.36082,122406.3
2018-05-02,1.36082,1.36656,1.35546,1.35717,169196.81
2018-05-03,1.35717,1.36293,1.35377,1.35713,165901.23
2018-05-04,1.35713,1.35856,1.34861,1.35253,127306.63
2018-05-06,1.35327,1.3539,1.35298,1.35311,3215.59
2018-05-07,1.35312,1.35751,1.35151,1.35679,110326.69
2018-05-08,1.35678,1.35926,1.34843,1.35527,153193.03
2018-05-09,1.35527,1.36068,1.3499,1.35429,141802.42
2018-05-10,1.35427,1.36174,1.34598,1.35213,179691.15
2018-05-11,1.35212,1.35957,1.35017,1.35407,121974.56
2018-05-13,1.35393,1.35517,1.35373,1.35497,3527.0
2018-05-14,1.35496,1.36079,1.35425,1.35606,105592.76
2018-05-15,1.35609,1.35718,1.34511,1.34994,157492.56
2018-05-16,1.34993,1.35515,1.34554,1.35468,158897.88
2018-05-17,1.35468,1.35688,1.34741,1.35102,694634.05
2018-05-18,1.35103,1.3528,1.34548,1.34679,118722.69
2018-05-20,1.3459,1.34825,1.34589,1.34758,3899.76
2018-05-21,1.34758,1.34758,1.33907,1.34309,125636.01
2018-05-22,1.34306,1.34911,1.34123,1.34405,136382.68
2018-05-23,1.34407,1.34422,1.3305,1.33695,187712.66
2018-05-24,1.33695,1.34216,1.33497,1.33823,174537.28
2018-05-25,1.33823,1.33837,1.32928,1.32946,155391.04
2018-05-27,1.33138,1.33201,1.33023,1.33077,7360.73
2018-05-28,1.33077,1.33408,1.32961,1.33118,124377.57
2018-05-29,1.3312,1.3325,1.32044,1.32535,192498.31
2018-05-30,1.32535,1.33069,1.32418,1.32838,171460.7
2018-05-31,1.32838,1.33478,1.32771,1.32887,182251.8
2018-06-01,1.32888,1.33617,1.32538,1.33449,149177.75
2018-06-03,1.3331,1.33542,1.33306,1.33528,4493.82
2018-06-04,1.33528,1.33985,1.32947,1.33155,111754.95
2018-06-05,1.33155,1.34155,1.33019,1.34061,150008.64
2018-06-06,1.34062,1.34429,1.33968,1.34195,133698.49
2018-06-07,1.34195,1.34722,1.33714,1.34154,156056.25
2018-06-08,1.3416,1.3439,1.33544,1.34081,131744.25
2018-06-10,1.34058,1.3414,1.34047,1.3413,2982.8
2018-06-11,1.3413,1.34413,1.33444,1.33711,109698.6
2018-06-12,1.33711,1.34243,1.33418,1.33734,141893.31
2018-06-13,1.33734,1.3389,1.33079,1.33811,139865.71
2018-06-14,1.33811,1.34463,1.32532,1.3254,174666.8
2018-06-15,1.32541,1.32978,1.3211,1.32763,145630.73
2018-06-17,1.32557,1.3279,1.32557,1.32755,11436.02
2018-06-18,1.32756,1.32757,1.32257,1.32577,121916.11
2018-06-19,1.32579,1.32726,1.31507,1.31728,163583.87
2018-06-20,1.31728,1.3217,1.31458,1.31718,152615.18
2018-06-21,1.31718,1.32698,1.31018,1.32446,209990.41
2018-06-22,1.32445,1.33146,1.32444,1.32593,157793.71
2018-06-24,1.3249,1.32711,1.32332,1.32611,8482.55
2018-06-25,1.32615,1.32904,1.32212,1.32771,153844.1
2018-06-26,1.32774,1.32918,1.31922,1.32201,183301.01
2018-06-27,1.322,1.32336,1.31063,1.31193,233645.77
2018-06-28,1.31191,1.31199,1.30495,1.30745,198516.36
2018-06-29,1.30743,1.32136,1.30686,1.3204,196900.9
2018-07-01,1.31825,1.32082,1.31825,1.32075,8887.89
2018-07-02,1.32073,1.32073,1.3095,1.31419,161919.56
2018-07-03,1.31417,1.32064,1.31145,1.31938,176420.56
2018-07-04,1.31937,1.32495,1.31705,1.32275,153949.52
2018-07-05,1.32275,1.32748,1.32036,1.32217,165260.36
2018-07-06,1.32215,1.32898,1.32031,1.32844,143013.24
2018-07-08,1.33179,1.33186,1.32855,1.32946,11744.56
2018-07-09,1.32947,1.33625,1.31889,1.32536,183502.73
2018-07-10,1.32535,1.33008,1.3223,1.3258,163884.62
2018-07-11,1.3258,1.32852,1.31994,1.32059,187972.68
2018-07-12,1.32059,1.32448,1.31695,1.31783,159569.61
2018-07-13,1.31785,1.32383,1.31025,1.32323,149157.4
2018-07-15,1.32272,1.32318,1.3224,1.32267,3224.8
2018-07-16,1.32266,1.32928,1.32167,1.32362,145653.26
2018-07-17,1.3236,1.32687,1.30689,1.31047,173378.27
2018-07-18,1.31049,1.31169,1.301,1.30772,172133.19
2018-07-19,1.30772,1.30831,1.29574,1.30227,183996.63
2018-07-20,1.30225,1.31401,1.29948,1.31287,171414.26
2018-07-22,1.31229,1.31478,1.31183,1.31456,6264.46
2018-07-23,1.31453,1.3158,1.30821,1.31031,139634.61
2018-07-24,1.31029,1.31591,1.30714,1.3149,152812.73
2018-07-25,1.31488,1.32013,1.31328,1.31988,160553.83
2018-07-26,1.31989,1.32132,1.31017,1.31083,153686.21
2018-07-27,1.31083,1.3131,1.30822,1.30967,120312.96
2018-07-29,1.30989,1.31192,1.30988,1.31098,10903.76
2018-07-30,1.31098,1.31521,1.3097,1.31355,106436.26
2018-07-31,1.31355,1.31726,1.30894,1.31185,149706.39
2018-08-01,1.31182,1.3144,1.30951,1.31242,126815.07
2018-08-02,1.31242,1.3126,1.30112,1.30158,142847.29
2018-08-03,1.30161,1.30429,1.29753,1.30011,129928.02
2018-08-05,1.29948,1.30074,1.29948,1.30014,3613.59
2018-08-06,1.30017,1.30049,1.29198,1.29433,99422.8
2018-08-07,1.29431,1.29736,1.29237,1.29452,108591.58
2018-08-08,1.29452,1.29597,1.28535,1.28771,126195.0
2018-08-09,1.28772,1.29117,1.28182,1.28283,138665.61
2018-08-10,1.28283,1.28366,1.27228,1.27663,202541.63
2018-08-12,1.27421,1.27794,1.27421,1.27595,8173.23
2018-08-13,1.27596,1.27913,1.27299,1.27588,154225.04
2018-08-14,1.27586,1.28271,1.27046,1.27175,151691.94
2018-08-15,1.27175,1.27352,1.26617,1.26923,144944.34
2018-08-16,1.26924,1.27539,1.26858,1.2712,145478.58
2018-08-17,1.27122,1.27524,1.26978,1.27466,128152.73
2018-08-19,1.2742,1.27504,1.27395,1.2746,3766.94
2018-08-20,1.2746,1.28044,1.27293,1.28039,107960.17
2018-08-21,1.28039,1.29242,1.27986,1.29049,150736.99
2018-08-22,1.29051,1.29362,1.28685,1.29052,132706.14
2018-08-23,1.29052,1.29093,1.28026,1.28091,124308.44
2018-08-24,1.2809,1.2881,1.27992,1.28452,123471.55
2018-08-26,1.28365,1.28648,1.28348,1.28578,6610.81
2018-08-27,1.28578,1.29009,1.28287,1.2897,115938.27
2018-08-28,1.2897,1.29317,1.28615,1.2869,123402.67
2018-08-29,1.2869,1.30361,1.28451,1.30352,162721.41
2018-08-30,1.30354,1.30433,1.29849,1.30109,143063.34
2018-08-31,1.30109,1.30287,1.29449,1.29528,135392.31
2018-09-02,1.29095,1.29309,1.29095,1.29213,5713.1
2018-09-03,1.29212,1.29336,1.28547,1.28679,126177.2
2018-09-04,1.28679,1.28708,1.281,1.28574,148393.01
2018-09-05,1.28577,1.29822,1.27851,1.2914,158898.97
2018-09-06,1.29139,1.29622,1.2896,1.29244,141837.22
2018-09-07,1.29244,1.30278,1.29081,1.29137,147071.4
2018-09-09,1.29179,1.29292,1.29155,1.29287,3685.63
2018-09-10,1.29287,1.30514,1.28967,1.30267,128623.25
2018-09-11,1.30267,1.30869,1.29641,1.30157,141095.62
2018-09-12,1.30154,1.30821,1.29791,1.30439,146581.75
2018-09-13,1.30439,1.31233,1.30261,1.31103,142441.46
2018-09-14,1.311,1.31435,1.30565,1.30664,130222.04
2018-09-16,1.30683,1.30761,1.30672,1.30707,3010.23
2018-09-17,1.30707,1.31646,1.30698,1.31451,144931.26
2018-09-18,1.31451,1.31753,1.31185,1.31662,146891.04
2018-09-19,1.31662,1.32146,1.30974,1.314,167900.86
2018-09-20,1.314,1.3298,1.31388,1.32698,157846.27
2018-09-21,1.32698,1.32765,1.30558,1.30764,167842.98
2018-09-23,1.30775,1.30841,1.30708,1.30792,4666.44
2018-09-24,1.30791,1.31667,1.30628,1.31157,133615.04
2018-09-25,1.31157,1.31933,1.30947,1.31793,138054.77
2018-09-26,1.31793,1.32171,1.31381,1.31698,149884.85
2018-09-27,1.31698,1.31779,1.3072,1.30758,142984.28
2018-09-28,1.30758,1.30899,1.30002,1.30278,123494.25
2018-09-30,1.30371,1.30389,1.30245,1.3038,3106.77
2018-10-01,1.30377,1.31153,1.30119,1.30428,141190.43
2018-10-02,1.30428,1.30482,1.29409,1.29788,154002.25
2018-10-03,1.29788,1.30226,1.29237,1.294,178916.6
2018-10-04,1.29398,1.30411,1.2922,1.30221,168097.51
2018-10-05,1.30221,1.31226,1.30032,1.31136,151387.52
2018-10-07,1.3123,1.31288,1.30898,1.31257,11356.9
2018-10-08,1.31257,1.31326,1.30279,1.3092,142199.48
2018-10-09,1.30921,1.31578,1.30328,1.31565,171164.76
2018-10-10,1.31564,1.32158,1.31361,1.32043,166754.97
2018-10-11,1.32043,1.32468,1.31816,1.32331,216600.23
2018-10-12,1.32331,1.32575,1.31458,1.31516,176984.46
2018-10-14,1.30854,1.31099,1.30811,1.31027,10288.16
2018-10-15,1.31026,1.31815,1.31013,1.31538,163665.93
2018-10-16,1.31538,1.32362,1.31407,1.31873,153231.32
2018-10-17,1.31873,1.31923,1.30911,1.31013,148736.24
2018-10-18,1.31013,1.31311,1.30137,1.30178,147940.72
2018-10-19,1.3018,1.31037,1.30109,1.30666,137176.03
2018-10-21,1.30703,1.30749,1.30512,1.30661,5791.76
2018-10-22,1.30661,1.30899,1.29532,1.29648,146823.83
2018-10-23,1.29649,1.30439,1.29368,1.29794,163361.8
2018-10-24,1.29793,1.29904,1.28668,1.28836,174961.76
2018-10-25,1.28838,1.29192,1.27968,1.28203,163397.94
2018-10-26,1.28203,1.28411,1.27772,1.2826,183535.44
2018-10-28,1.28212,1.28347,1.28212,1.28304,3464.28
2018-10-29,1.28304,1.28528,1.27908,1.28015,147509.87
2018-10-30,1.28016,1.28123,1.26905,1.27069,138466.05
2018-10-31,1.27069,1.28303,1.27005,1.2767,146330.87
2018-11-01,1.27669,1.30349,1.27642,1.30026,171999.96
2018-11-02,1.30024,1.30406,1.29513,1.29617,150686.21
2018-11-04,1.3021,1.30215,1.29988,1.30052,6814.63
2018-11-05,1.30053,1.30675,1.29641,1.30572,135929.84
2018-11-06,1.30573,1.31139,1.30208,1.31133,143830.8
2018-11-07,1.31129,1.31744,1.30731,1.31266,190030.58
2018-11-08,1.31264,1.31496,1.30447,1.30655,157835.75
2018-11-09,1.30653,1.30681,1.2958,1.29729,146777.1
2018-11-11,1.2913,1.29386,1.29105,1.29377,8690.69
2018-11-12,1.29378,1.29465,1.28271,1.28541,170152.15
2018-11-13,1.28542,1.30469,1.28515,1.3014,200992.98
2018-11-14,1.30141,1.30718,1.28798,1.29836,215815.28
2018-11-15,1.29836,1.30298,1.27232,1.27652,238890.38
2018-11-16,1.27653,1.28773,1.27643,1.28261,183990.15
2018-11-18,1.28443,1.28443,1.28234,1.28333,6297.15
2018-11-19,1.28332,1.28835,1.27939,1.28557,158400.93
2018-11-20,1.28557,1.28826,1.27741,1.27869,164303.43
2018-11-21,1.27871,1.28193,1.27638,1.2776,145251.24
2018-11-22,1.27758,1.2927,1.27716,1.28759,125357.27
2018-11-23,1.28757,1.28821,1.27981,1.28006,129966.76
2018-11-25,1.28215,1.28297,1.28096,1.28121,4422.56
2018-11-26,1.28122,1.28637,1.27955,1.28125,141163.85
2018-11-27,1.28126,1.28194,1.27249,1.27422,192232.91
2018-11-28,1.27423,1.28467,1.2732,1.28219,171906.76
2018-11-29,1.28219,1.28494,1.27551,1.27847,164826.93
2018-11-30,1.27844,1.28092,1.2735,1.27509,159534.66
2018-12-02,1.27644,1.27644,1.27326,1.27515,7846.17
2018-12-03,1.27515,1.28242,1.26985,1.27246,148990.77
2018-12-04,1.27246,1.28394,1.26582,1.27187,185457.42
2018-12-05,1.27185,1.2798,1.26717,1.27244,155839.5
2018-12-06,1.27243,1.28118,1.26992,1.27795,188417.02
2018-12-07,1.27792,1.279,1.271,1.27296,145338.97
2018-12-09,1.27048,1.27261,1.27033,1.27187,9126.5
2018-12-10,1.27186,1.27598,1.25065,1.25595,182767.59
2018-12-11,1.25595,1.26382,1.24796,1.24918,184319.22
2018-12-12,1.24918,1.26712,1.24766,1.26241,199337.35
2018-12-13,1.26241,1.26861,1.26097,1.26531,149506.86
2018-12-14,1.26531,1.26535,1.2529,1.25813,154669.53
2018-12-16,1.26008,1.26013,1.25629,1.25838,11240.52
2018-12-17,1.25837,1.2647,1.25734,1.26139,166060.22
2018-12-18,1.26146,1.27053,1.26099,1.2654,171722.28
2018-12-19,1.2654,1.26787,1.26064,1.26257,257250.2
2018-12-20,1.26256,1.27073,1.26129,1.26677,301695.27
2018-12-21,1.26676,1.26977,1.26173,1.26247,297348.58
2018-12-23,1.26452,1.26507,1.26383,1.26496,6651.52
2018-12-24,1.26491,1.27382,1.26344,1.26862,220566.25
2018-12-25,1.26861,1.27077,1.26465,1.26865,14237.34
2018-12-26,1.26865,1.27186,1.26287,1.26473,139015.5
2018-12-27,1.26473,1.26745,1.26157,1.26445,319871.72
2018-12-28,1.26445,1.2708,1.26348,1.26943,187850.3
2018-12-30,1.26918,1.27026,1.26875,1.26894,6301.01
2018-12-31,1.26892,1.28145,1.26799,1.27526,162940.22
2019-01-01,1.27459,1.27544,1.27227,1.27528,4664.13
2019-01-02,1.27528,1.27729,1.2425,1.25149,243214.01
2019-01-03,1.25151,1.26472,1.25143,1.26268,269597.7
2019-01-04,1.26268,1.27443,1.26157,1.2717,248206.8
2019-01-06,1.27187,1.27399,1.27113,1.27318,6445.49
2019-01-07,1.27319,1.2789,1.27202,1.27849,188017.67
2019-01-08,1.27849,1.2797,1.27066,1.27383,208100.33
2019-01-09,1.27383,1.28033,1.27157,1.27982,275205.04
2019-01-10,1.27984,1.28008,1.27278,1.27526,237027.21
2019-01-11,1.27526,1.28655,1.27096,1.28347,239359.64
2019-01-13,1.28516,1.28641,1.28476,1.28476,6176.34
2019-01-14,1.28476,1.29304,1.28187,1.28742,232670.62
2019-01-15,1.28742,1.29156,1.26688,1.28707,276486.02
2019-01-16,1.28708,1.28971,1.28247,1.28868,224243.41
2019-01-17,1.28868,1.30006,1.28319,1.29827,219321.75
2019-01-18,1.29828,1.2993,1.28567,1.28696,198648.03
2019-01-20,1.28724,1.28782,1.28474,1.28511,4342.07
2019-01-21,1.28511,1.29105,1.28301,1.28901,166378.16
2019-01-22,1.28901,1.29751,1.28549,1.29553,212460.52
2019-01-23,1.29553,1.30817,1.2942,1.30816,234408.72
2019-01-24,1.30815,1.31281,1.3012,1.31194,234682.57
2019-01-25,1.31194,1.32172,1.30616,1.31984,255693.14
2019-01-27,1.31837,1.32109,1.31836,1.32073,6701.55
2019-01-28,1.32074,1.32088,1.31367,1.31598,205897.13
2019-01-29,1.31598,1.31995,1.30559,1.30794,276646.06
2019-01-30,1.30794,1.31451,1.30539,1.31156,250098.22
2019-01-31,1.31156,1.31599,1.30972,1.31082,234974.14
2019-02-01,1.31081,1.31147,1.3043,1.30739,204780.62
2019-02-03,1.30618,1.30811,1.30571,1.30763,12012.11
2019-02-04,1.30763,1.31034,1.30262,1.30265,212457.11
2019-02-05,1.30265,1.30516,1.29245,1.29566,195888.44
2019-02-06,1.29568,1.29791,1.2925,1.29333,199566.66
2019-02-07,1.29333,1.29961,1.2854,1.29483,209442.68
2019-02-08,1.29483,1.29759,1.29211,1.29441,169066.57
2019-02-10,1.29277,1.29372,1.29248,1.29364,4382.4
2019-02-11,1.2936,1.29386,1.28447,1.28631,217290.74
2019-02-12,1.28632,1.29092,1.28325,1.28905,198802.15
2019-02-13,1.28902,1.29584,1.28426,1.28542,221003.89
2019-02-14,1.28542,1.28774,1.27727,1.27974,221484.96
2019-02-15,1.27973,1.28977,1.27844,1.28865,204577.14
2019-02-17,1.29028,1.29066,1.28996,1.29037,5926.94
2019-02-18,1.29037,1.29385,1.28913,1.29226,219997.59
2019-02-19,1.29224,1.30728,1.28959,1.30589,215572.14
2019-02-20,1.30591,1.31088,1.30117,1.30439,233665.14
2019-02-21,1.30437,1.3095,1.30246,1.30401,246223.01
2019-02-22,1.304,1.30799,1.2968,1.30494,205530.76
2019-02-24,1.30713,1.30761,1.30488,1.3064,10013.24
2019-02-25,1.3064,1.31485,1.30507,1.31268,229016.04
2019-02-26,1.31266,1.32878,1.31221,1.32581,303777.83
2019-02-27,1.32586,1.33499,1.3233,1.33172,287323.38
2019-02-28,1.33173,1.33192,1.32531,1.32639,252279.31
2019-03-01,1.32639,1.32864,1.31716,1.31983,233845.18
2019-03-03,1.32446,1.32469,1.32291,1.32375,10337.87
2019-03-04,1.32375,1.32541,1.31663,1.31779,218978.96
2019-03-05,1.31776,1.31985,1.30975,1.31553,223749.4
2019-03-06,1.31551,1.31833,1.31237,1.31802,197107.47
2019-03-07,1.31802,1.31847,1.30679,1.309,237033.65
2019-03-08,1.30899,1.31083,1.29896,1.30111,220635.7
2019-03-10,1.29646,1.29938,1.29608,1.29842,7522.05
2019-03-11,1.29843,1.32889,1.29604,1.32453,276467.78
2019-03-12,1.32453,1.32458,1.30046,1.30638,261180.48
2019-03-13,1.30636,1.33808,1.30627,1.32863,262538.58
2019-03-14,1.32862,1.3331,1.32071,1.3257,281495.47
2019-03-15,1.3257,1.33,1.32023,1.32884,231066.41
2019-03-17,1.3295,1.32999,1.32892,1.32956,4446.57
2019-03-18,1.32956,1.32998,1.31841,1.32642,210228.69
2019-03-19,1.32642,1.33105,1.32406,1.32688,204082.74
2019-03-20,1.32688,1.32689,1.31459,1.32042,279547.03
2019-03-21,1.32041,1.32269,1.30039,1.31293,261143.11
2019-03-22,1.31293,1.32236,1.30806,1.32058,242234.2
2019-03-24,1.32127,1.32173,1.31767,1.32053,4914.46
2019-03-25,1.32053,1.32456,1.31596,1.32119,235211.5
2019-03-26,1.32119,1.32613,1.3157,1.32091,220006.46
2019-03-27,1.32091,1.32687,1.3142,1.31514,284562.79
2019-03-28,1.31513,1.31982,1.3034,1.30535,265699.9
2019-03-29,1.30533,1.31353,1.29776,1.30294,228211.43
2019-03-31,1.30368,1.30428,1.30054,1.3021,5653.1
2019-04-01,1.30206,1.31496,1.30093,1.30669,235276.95
2019-04-02,1.3067,1.31492,1.30131,1.31262,262666.17
2019-04-03,1.31262,1.31956,1.31207,1.31755,225090.2
2019-04-04,1.31755,1.31907,1.30596,1.30728,227560.67
2019-04-05,1.30728,1.31216,1.29866,1.30338,184279.71
2019-04-07,1.30337,1.30398,1.30197,1.30378,7322.49
2019-04-08,1.30376,1.30739,1.3033,1.30603,194884.98
2019-04-09,1.30605,1.3121,1.30302,1.30543,199952.76
2019-04-10,1.30544,1.31198,1.30474,1.30971,196512.34
2019-04-11,1.30971,1.3109,1.30501,1.30544,170855.36
2019-04-12,1.30543,1.31325,1.30502,1.30634,143887.22
2019-04-14,1.30737,1.30831,1.30691,1.30829,4406.63
2019-04-15,1.30829,1.31188,1.30786,1.3099,138062.54
2019-04-16,1.3099,1.31003,1.30389,1.30435,148770.15
2019-04-17,1.30436,1.30669,1.30283,1.30377,142129.55
2019-04-18,1.30377,1.30522,1.29784,1.29909,195791.74
2019-04-19,1.29913,1.30092,1.29783,1.29815,293769.68
2019-04-21,1.29892,1.29969,1.29845,1.29918,3961.04
2019-04-22,1.29918,1.29976,1.2975,1.29803,68967.92
2019-04-23,1.29805,1.30188,1.29277,1.29369,151665.59
2019-04-24,1.29369,1.29635,1.28875,1.29024,168347.54
2019-04-25,1.29023,1.29163,1.28654,1.28938,162854.1
2019-04-26,1.28938,1.29433,1.28744,1.29106,139616.94
2019-04-28,1.29137,1.29244,1.29106,1.29183,3876.2
2019-04-29,1.29184,1.29467,1.29046,1.29313,129537.24
2019-04-30,1.29313,1.30485,1.2926,1.30393,155193.86
2019-05-01,1.3039,1.3102,1.30336,1.30527,142503.07
2019-05-02,1.30527,1.30801,1.30178,1.30312,192465.56
2019-05-03,1.30314,1.31762,1.2988,1.31694,150605.27
2019-05-05,1.31388,1.31704,1.31375,1.31499,8634.67
2019-05-06,1.31499,1.31503,1.3081,1.30968,138479.39
2019-05-07,1.3097,1.3131,1.30392,1.30671,139926.2
2019-05-08,1.30669,1.308,1.29868,1.30076,159823.23
2019-05-09,1.30076,1.30355,1.29673,1.30084,149615.11
2019-05-10,1.30087,1.30471,1.29908,1.29997,146965.48
2019-05-12,1.29924,1.30115,1.29924,1.30075,5957.12
2019-05-13,1.30076,1.30407,1.29409,1.2963,129250.3
2019-05-14,1.29629,1.29703,1.2903,1.29059,122851.29
2019-05-15,1.2906,1.29229,1.2826,1.2846,128006.62
2019-05-16,1.28459,1.28515,1.27878,1.27961,107236.09
2019-05-17,1.27961,1.27967,1.27118,1.2715,126561.83
2019-05-19,1.27331,1.27358,1.27239,1.27299,3815.26
2019-05-20,1.273,1.27571,1.27144,1.27273,103395.64
2019-05-21,1.27273,1.28137,1.26849,1.27066,142177.32
2019-05-22,1.27066,1.27193,1.26239,1.26631,138930.92
2019-05-23,1.26629,1.26836,1.26049,1.26626,156893.86
2019-05-24,1.26626,1.27323,1.26471,1.27111,132909.7
2019-05-26,1.27257,1.27302,1.27164,1.27225,4012.63
2019-05-27,1.27224,1.27476,1.2667,1.26804,131918.26
2019-05-28,1.26803,1.2702,1.265,1.26583,138662.36
2019-05-29,1.26582,1.2671,1.26115,1.26285,140831.77
2019-05-30,1.26287,1.26401,1.25803,1.26059,115083.48
2019-05-31,1.2606,1.26443,1.2559,1.26291,143541.17
2019-06-02,1.26277,1.26389,1.26168,1.26386,4387.29
2019-06-03,1.26382,1.26738,1.26102,1.26632,149582.05
2019-06-04,1.26631,1.27142,1.26418,1.27029,154933.41
2019-06-05,1.27029,1.27436,1.26755,1.26873,157224.75
2019-06-06,1.26872,1.27419,1.26685,1.26942,163505.39
2019-06-07,1.26942,1.27627,1.26882,1.27354,145580.46
2019-06-09,1.27197,1.27357,1.27197,1.27215,5989.13
2019-06-10,1.27215,1.2727,1.26527,1.26901,132854.25
2019-06-11,1.269,1.27319,1.26699,1.27237,174088.11
2019-06-12,1.27238,1.27583,1.26811,1.26921,171839.39
2019-06-13,1.2692,1.27077,1.26618,1.26788,155054.79
2019-06-14,1.26786,1.26818,1.25796,1.25891,174544.91
2019-06-16,1.25784,1.25951,1.25746,1.25933,6125.15
2019-06-17,1.25932,1.26054,1.25304,1.25408,121844.95
2019-06-18,1.2541,1.25686,1.25058,1.25655,191905.22
2019-06-19,1.25655,1.26733,1.25423,1.26526,169607.28
2019-06-20,1.26526,1.27264,1.26515,1.27071,208201.24
2019-06-21,1.27072,1.27462,1.26421,1.27403,204255.45
2019-06-23,1.2729,1.27514,1.2729,1.27514,5457.4
2019-06-24,1.27514,1.27665,1.27077,1.27383,138580.28
2019-06-25,1.27384,1.27836,1.26715,1.269,164515.94
2019-06-26,1.26897,1.27071,1.26622,1.26947,208256.97
2019-06-27,1.26947,1.27247,1.26596,1.26732,181835.09
2019-06-28,1.26732,1.27345,1.2665,1.26916,159626.42
2019-06-30,1.26968,1.27025,1.26888,1.2693,7288.34
2019-07-01,1.2693,1.27053,1.26316,1.2644,152508.97
2019-07-02,1.26443,1.26455,1.25837,1.25972,140317.06
2019-07-03,1.25972,1.26,1.2557,1.25824,135352.73
2019-07-04,1.25824,1.25911,1.25683,1.25825,100790.01
2019-07-05,1.25824,1.25873,1.24808,1.25209,144615.97
2019-07-07,1.25251,1.25291,1.25229,1.25239,3946.59
2019-07-08,1.25238,1.25396,1.24996,1.25151,108743.59
2019-07-09,1.25144,1.25181,1.24393,1.24573,127554.96
2019-07-10,1.24572,1.25206,1.24435,1.25056,158493.42
2019-07-11,1.25056,1.25713,1.25049,1.25202,167126.86
2019-07-12,1.25206,1.25786,1.25199,1.25705,146144.68
2019-07-14,1.25515,1.25781,1.25397,1.25704,7515.21
2019-07-15,1.25705,1.25759,1.25099,1.25158,99624.07
2019-07-16,1.2516,1.25192,1.23959,1.24093,160024.36
2019-07-17,1.24093,1.24562,1.23816,1.24335,137391.74
2019-07-18,1.24335,1.25581,1.24276,1.25422,156143.48
2019-07-19,1.25423,1.25545,1.24757,1.24972,106362.11
2019-07-21,1.24746,1.25193,1.24746,1.25111,7771.73
2019-07-22,1.2511,1.2513,1.24551,1.24717,99274.2
2019-07-23,1.2472,1.24815,1.24174,1.2437,123621.81
2019-07-24,1.24368,1.2522,1.24263,1.24848,122047.86
2019-07-25,1.24847,1.25174,1.24365,1.24525,168372.85
2019-07-26,1.24524,1.24591,1.23757,1.23805,119711.99
2019-07-28,1.23737,1.23828,1.23737,1.23746,2532.47
2019-07-29,1.23749,1.23809,1.2212,1.22161,143070.54
2019-07-30,1.22161,1.22212,1.21185,1.21569,176525.46
2019-07-31,1.21571,1.22491,1.21334,1.21526,223534.03
2019-08-01,1.21527,1.21713,1.20791,1.21231,249555.13
2019-08-02,1.21231,1.21692,1.20898,1.21572,239674.04
2019-08-04,1.21579,1.21579,1.2127,1.21496,8676.1
2019-08-05,1.21493,1.21882,1.21013,1.2156,222761.72
2019-08-06,1.21557,1.22093,1.21365,1.21698,212983.24
2019-08-07,1.21699,1.21906,1.21207,1.21394,213521.53
2019-08-08,1.21394,1.21825,1.20949,1.2142,180472.21
2019-08-09,1.2142,1.21475,1.20214,1.20214,149142.95
2019-08-11,1.20448,1.20501,1.20148,1.20191,18063.4
2019-08-12,1.20191,1.21063,1.20167,1.20767,206818.2
2019-08-13,1.20768,1.20975,1.20416,1.20622,224522.78
2019-08-14,1.20623,1.21006,1.20444,1.20594,209199.93
2019-08-15,1.20593,1.21503,1.20502,1.20902,235428.82
2019-08-16,1.20904,1.21753,1.2081,1.21425,170557.33
2019-08-18,1.21533,1.21608,1.21422,1.21581,4274.83
2019-08-19,1.21583,1.21725,1.21044,1.21275,149965.08
2019-08-20,1.21276,1.21796,1.20639,1.21613,168020.72
2019-08-21,1.21614,1.21748,1.2112,1.21314,150596.59
2019-08-22,1.21312,1.2273,1.21081,1.22509,189124.95
2019-08-23,1.22504,1.22935,1.21941,1.22824,199875.86
2019-08-25,1.22649,1.22856,1.22593,1.22602,15210.97
2019-08-26,1.22605,1.22846,1.22075,1.22214,223565.79
2019-08-27,1.22213,1.23097,1.22085,1.22802,181304.66
2019-08-28,1.22803,1.22874,1.21556,1.22174,210587.36
2019-08-29,1.22173,1.22321,1.21719,1.21831,179817.35
2019-08-30,1.21834,1.22255,1.21389,1.21573,175194.28
2019-09-01,1.21472,1.21637,1.21381,1.21578,5508.1
2019-09-02,1.21579,1.21743,1.20355,1.20642,166562.87
2019-09-03,1.20642,1.21052,1.19581,1.20901,219897.23
2019-09-04,1.20901,1.22592,1.20842,1.22454,199571.08
2019-09-05,1.22454,1.23537,1.22097,1.23241,202764.67
2019-09-06,1.23242,1.23431,1.22791,1.228,174584.19
2019-09-08,1.22703,1.22883,1.22679,1.22838,5397.6
2019-09-09,1.22836,1.23853,1.2233,1.23451,167261.18
2019-09-10,1.23449,1.23792,1.23066,1.23571,149476.67
2019-09-11,1.23569,1.23706,1.23121,1.2334,148167.53
2019-09-12,1.23337,1.23663,1.2283,1.23282,193397.1
2019-09-13,1.23288,1.25056,1.23267,1.24974,166339.8
2019-09-15,1.24741,1.25037,1.24741,1.24957,4976.26
2019-09-16,1.24954,1.24973,1.23988,1.24249,141276.05
2019-09-17,1.24248,1.25271,1.23921,1.2501,147811.09
2019-09-18,1.25009,1.2512,1.24388,1.24686,152167.03
2019-09-19,1.24688,1.256,1.24379,1.25225,171258.68
2019-09-20,1.25225,1.25821,1.24592,1.24751,203842.95
2019-09-22,1.24657,1.24738,1.24645,1.24694,4954.79
2019-09-23,1.24695,1.24903,1.24126,1.24327,170796.21
2019-09-24,1.24326,1.25028,1.24139,1.24848,168402.97
2019-09-25,1.24848,1.2487,1.23438,1.23581,183324.03
2019-09-26,1.23582,1.23801,1.23023,1.2328,166602.35
2019-09-27,1.2328,1.23362,1.22707,1.22851,150295.54
2019-09-29,1.22901,1.22993,1.22821,1.22919,3792.6
2019-09-30,1.22917,1.23458,1.22754,1.22888,152165.47
2019-10-01,1.22889,1.23389,1.22044,1.2291,191731.41
2019-10-02,1.22912,1.23241,1.22266,1.2304,199653.25
2019-10-03,1.23039,1.24127,1.22653,1.23408,188551.1
2019-10-04,1.23406,1.23567,1.22758,1.23291,142632.46
2019-10-06,1.23068,1.23358,1.23047,1.23342,6494.3
2019-10-07,1.23342,1.23364,1.22835,1.22868,139709.46
2019-10-08,1.22872,1.23021,1.21949,1.22194,186938.27
2019-10-09,1.22193,1.22913,1.21975,1.22113,161861.05
2019-10-10,1.22113,1.24687,1.22082,1.24298,209787.73
2019-10-11,1.24298,1.2707,1.24069,1.26408,231097.32
2019-10-13,1.26242,1.26449,1.26138,1.26164,8358.7
2019-10-14,1.26166,1.26496,1.25156,1.26082,177962.19
2019-10-15,1.26079,1.2799,1.26024,1.27592,221700.37
2019-10-16,1.27592,1.28772,1.26556,1.28187,224517.29
2019-10-17,1.28188,1.29892,1.2749,1.28641,220494.17
2019-10-18,1.28642,1.29849,1.28391,1.29802,170599.64
2019-10-20,1.29498,1.29505,1.28742,1.29026,20850.06
2019-10-21,1.29022,1.3012,1.28876,1.29709,180425.43
2019-10-22,1.29709,1.29999,1.28616,1.28829,226853.36
2019-10-23,1.28829,1.29214,1.28407,1.29203,184618.58
2019-10-24,1.29201,1.295,1.2788,1.28382,183850.18
2019-10-25,1.28382,1.28627,1.2804,1.28234,124541.47
2019-10-27,1.28111,1.28338,1.28107,1.28274,6735.9
2019-10-28,1.28272,1.28761,1.28106,1.28557,133166.72
2019-10-29,1.28555,1.29047,1.28062,1.28644,164456.17
2019-10-30,1.28644,1.29073,1.28448,1.2901,157069.64
2019-10-31,1.2901,1.29756,1.29009,1.29383,179090.47
2019-11-01,1.29383,1.29723,1.29269,1.29368,140404.67
2019-11-03,1.29268,1.29403,1.29268,1.29364,3902.8
2019-11-04,1.29364,1.29424,1.28758,1.28886,119991.71
2019-11-05,1.28883,1.29172,1.28587,1.28798,144447.16
2019-11-06,1.28797,1.2897,1.28437,1.28551,112937.79
2019-11-07,1.28551,1.28777,1.27938,1.28194,155078.39
2019-11-08,1.28193,1.28226,1.27684,1.27714,113416.06
2019-11-10,1.27978,1.27978,1.27883,1.27944,3526.24
2019-11-11,1.27943,1.28981,1.27853,1.28533,115943.05
2019-11-12,1.28533,1.28735,1.28151,1.28502,121004.64
2019-11-13,1.28501,1.28588,1.28216,1.2853,122553.99
2019-11-14,1.2853,1.28882,1.28245,1.28815,113677.8
2019-11-15,1.28813,1.29189,1.28671,1.28998,99158.38
2019-11-17,1.29239,1.2924,1.29093,1.2919,8982.58
2019-11-18,1.2919,1.29854,1.29156,1.29488,113283.08
2019-11-19,1.29484,1.29697,1.29101,1.2928,110544.9
2019-11-20,1.29279,1.29287,1.28872,1.29252,110635.51
2019-11-21,1.29252,1.29699,1.28929,1.29188,129976.32
2019-11-22,1.29187,1.29284,1.28232,1.28283,123966.4
2019-11-24,1.28554,1.28554,1.28431,1.28508,3490.32
2019-11-25,1.28506,1.29115,1.28406,1.28959,103797.42
2019-11-26,1.28957,1.29031,1.28348,1.286,107764.19
2019-11-27,1.286,1.29501,1.28271,1.2929,119415.09
2019-11-28,1.29295,1.29506,1.28991,1.29114,111840.01
2019-11-29,1.29111,1.29419,1.28787,1.29132,104760.19
2019-12-01,1.29093,1.29167,1.29092,1.29116,4049.19
2019-12-02,1.29115,1.29487,1.28959,1.29393,108629.81
2019-12-03,1.29392,1.30115,1.29302,1.29965,124000.2
2019-12-04,1.29966,1.31204,1.29822,1.31086,140268.81
2019-12-05,1.31088,1.31662,1.3105,1.31574,121407.3
2019-12-06,1.31576,1.3165,1.31003,1.31319,113012.38
2019-12-08,1.3134,1.31414,1.31327,1.31379,4257.08
2019-12-09,1.31378,1.31804,1.3133,1.31453,109505.86
2019-12-10,1.31452,1.32151,1.31067,1.31287,135329.06
2019-12-11,1.31287,1.32136,1.31114,1.31992,132610.6
2019-12-12,1.31992,1.35149,1.30503,1.34728,207775.07
2019-12-13,1.34728,1.35075,1.33053,1.33266,229301.4
2019-12-15,1.33349,1.33544,1.33348,1.33532,9463.87
2019-12-16,1.33532,1.34218,1.32351,1.3267,159393.73
2019-12-17,1.32672,1.33006,1.3099,1.31217,197631.97
2019-12-18,1.31218,1.31289,1.30594,1.30842,204312.06
2019-12-19,1.30842,1.3133,1.29897,1.30167,193399.63
2019-12-20,1.30166,1.30791,1.29783,1.29952,130652.23
2019-12-22,1.30019,1.30136,1.29856,1.30051,10892.79
2019-12-23,1.30053,1.30317,1.29045,1.29432,139765.83
2019-12-24,1.29432,1.29702,1.29085,1.29301,121942.97
2019-12-25,1.293,1.29733,1.29275,1.29694,4200.96
2019-12-26,1.29694,1.30156,1.29596,1.30008,84146.94
2019-12-27,1.30008,1.31169,1.2968,1.30758,130555.2
2019-12-29,1.30848,1.30976,1.30576,1.30897,3517.27
2019-12-30,1.30894,1.315,1.30854,1.31109,132584.95
2019-12-31,1.31107,1.3284,1.31054,1.32559,144708.48
2020-01-01,1.32463,1.32608,1.32457,1.32497,13073.34
2020-01-02,1.32497,1.32661,1.31152,1.31467,236676.69
2020-01-03,1.31466,1.316,1.30531,1.30787,172343.75
2020-01-05,1.30808,1.30855,1.30633,1.30768,6450.51
2020-01-06,1.30767,1.31785,1.30638,1.31711,146555.99
2020-01-07,1.31708,1.3212,1.30948,1.31134,173972.28
2020-01-08,1.31135,1.31694,1.30799,1.31051,200763.72
2020-01-09,1.31047,1.31233,1.30126,1.30691,188172.27
2020-01-10,1.30691,1.30968,1.30422,1.30569,144377.45
2020-01-12,1.30347,1.30441,1.30287,1.30432,3989.95
2020-01-13,1.30432,1.3045,1.29608,1.29859,148131.34
2020-01-14,1.29858,1.30329,1.29542,1.30211,148027.4
2020-01-15,1.30211,1.30582,1.2985,1.30392,138950.24
2020-01-16,1.30395,1.30828,1.30252,1.3076,138673.69
2020-01-17,1.30758,1.31184,1.3005,1.30058,146574.42
2020-01-19,1.29915,1.30071,1.29915,1.30051,4401.68
2020-01-20,1.30052,1.30132,1.29617,1.30035,95077.51
2020-01-21,1.30037,1.30831,1.29952,1.30451,137622.34
2020-01-22,1.30451,1.31525,1.30343,1.31435,165247.95
2020-01-23,1.31435,1.31508,1.30966,1.31186,134576.4
2020-01-24,1.31185,1.31739,1.30565,1.30701,147573.71
2020-01-26,1.30799,1.30799,1.30606,1.30606,8110.21
2020-01-27,1.30606,1.3105,1.30395,1.30588,117847.49
2020-01-28,1.30588,1.30649,1.29752,1.30231,115528.38
2020-01-29,1.3023,1.30273,1.29892,1.30207,97490.13
2020-01-30,1.30207,1.31099,1.29773,1.30846,149641.06
2020-01-31,1.30846,1.3209,1.30835,1.32014,144594.86
2020-02-02,1.31766,1.31837,1.31717,1.31807,6864.23
2020-02-03,1.31806,1.3182,1.29827,1.29963,159820.53
2020-02-04,1.29963,1.30464,1.2941,1.30302,165908.96
2020-02-05,1.30302,1.30697,1.2956,1.29949,166000.52
2020-02-06,1.29949,1.29986,1.29211,1.29299,129987.04
2020-02-07,1.29296,1.29589,1.28813,1.28818,150634.34
2020-02-09,1.28843,1.28916,1.28822,1.28893,5662.25
2020-02-10,1.28894,1.29459,1.28716,1.29154,131171.08
2020-02-11,1.29154,1.29679,1.28941,1.29557,129965.52
2020-02-12,1.29554,1.29914,1.29511,1.29573,815870.89
2020-02-13,1.29574,1.30693,1.29439,1.30447,901462.66
2020-02-14,1.30445,1.30634,1.30009,1.30455,618435.16
2020-02-16,1.30324,1.30537,1.30295,1.30509,3331.49
2020-02-17,1.30509,1.3051,1.29977,1.30055,101692.52
2020-02-18,1.30055,1.30486,1.29705,1.29987,155967.94
2020-02-19,1.29987,1.30229,1.29072,1.29255,147418.86
2020-02-20,1.29255,1.29281,1.28488,1.28803,121746.89
2020-02-21,1.28803,1.29806,1.28785,1.29529,155387.08
2020-02-23,1.29449,1.29543,1.29423,1.29513,5764.25
2020-02-24,1.29513,1.2954,1.28864,1.29239,171197.47
2020-02-25,1.29238,1.30179,1.2914,1.3002,184185.4
2020-02-26,1.3002,1.30077,1.28927,1.29054,192236.55
2020-02-27,1.29055,1.29462,1.28599,1.2887,214339.55
2020-02-28,1.2887,1.29195,1.27255,1.28125,246795.9
2020-03-01,1.27879,1.28219,1.27746,1.28038,10811.41
2020-03-02,1.28039,1.28503,1.27387,1.2766,260818.59
2020-03-03,1.2766,1.28438,1.27581,1.28194,268493.69
2020-03-04,1.28195,1.28725,1.27698,1.28707,190665.95
2020-03-05,1.28707,1.29683,1.28603,1.29487,168991.95
2020-03-06,1.29489,1.30517,1.29488,1.30459,261299.75
2020-03-08,1.30726,1.31053,1.30691,1.3096,16280.15
2020-03-09,1.30958,1.32003,1.30342,1.30726,353341.08
2020-03-10,1.30727,1.30884,1.28654,1.29048,319238.32
2020-03-11,1.29048,1.29765,1.28035,1.28168,236868.7
2020-03-12,1.28166,1.28487,1.24899,1.25708,330143.08
2020-03-13,1.25706,1.2624,1.22597,1.22673,345659.53
2020-03-15,1.22617,1.24214,1.22617,1.23971,45208.32
2020-03-16,1.23964,1.23991,1.22015,1.22655,394020.9
2020-03-17,1.22655,1.22695,1.20009,1.21152,428146.89
2020-03-18,1.21155,1.21294,1.14497,1.1608,395433.21
2020-03-19,1.16084,1.1793,1.14095,1.14901,434045.33
2020-03-20,1.149,1.19334,1.14755,1.16301,381377.6
2020-03-22,1.16693,1.16792,1.15314,1.16176,33325.89
2020-03-23,1.16178,1.17133,1.14462,1.15948,419719.62
2020-03-24,1.15945,1.17989,1.15792,1.17884,412168.52
2020-03-25,1.17884,1.1973,1.16383,1.18466,391413.63
2020-03-26,1.18466,1.22292,1.18182,1.21914,395433.53
2020-03-27,1.21924,1.24851,1.21436,1.24448,390271.48
2020-03-29,1.24283,1.24542,1.23914,1.24495,12543.96
2020-03-30,1.24496,1.24656,1.23166,1.23673,266488.04
2020-03-31,1.23673,1.24725,1.22419,1.24047,647622.37
2020-04-01,1.24047,1.2438,1.23297,1.23797,569216.64
2020-04-02,1.23797,1.24751,1.23482,1.23904,544035.73
2020-04-03,1.23904,1.23949,1.22051,1.2264,452838.31
2020-04-05,1.22296,1.22641,1.22102,1.22164,27719.66
2020-04-06,1.22164,1.23269,1.21645,1.22303,420476.53
2020-04-07,1.22303,1.23839,1.22177,1.2336,440425.2
2020-04-08,1.23359,1.24192,1.22876,1.23902,295191.24
2020-04-09,1.23902,1.24829,1.23602,1.24524,371797.98
2020-04-10,1.24524,1.24862,1.24419,1.24449,287717.73
2020-04-12,1.24506,1.24718,1.24455,1.24593,14050.07
2020-04-13,1.24583,1.25364,1.24527,1.25195,231375.12
2020-04-14,1.25193,1.2647,1.25088,1.26241,236174.15
2020-04-15,1.26242,1.26242,1.24365,1.25178,231271.5
2020-04-16,1.25177,1.25243,1.24075,1.24867,278376.42
2020-04-17,1.24864,1.25219,1.24065,1.24939,273550.88
2020-04-19,1.24935,1.24996,1.24843,1.24843,3990.24
2020-04-20,1.24844,1.24918,1.24162,1.24396,204279.69
2020-04-21,1.24395,1.24415,1.22469,1.23006,245054.73
2020-04-22,1.23004,1.23856,1.22742,1.23216,188038.25
2020-04-23,1.23216,1.24146,1.23076,1.23513,225367.83
2020-04-24,1.2351,1.23769,1.22978,1.23654,196431.43
2020-04-26,1.23627,1.23686,1.23626,1.23667,3425.04
2020-04-27,1.23667,1.24543,1.23593,1.24207,156230.82
2020-04-28,1.24204,1.2518,1.24034,1.24341,158083.32
2020-04-29,1.24342,1.24851,1.23886,1.24696,162539.58
2020-04-30,1.24696,1.26429,1.24284,1.25805,219867.34
2020-05-01,1.25805,1.25812,1.24828,1.24869,165516.43
2020-05-03,1.24851,1.24868,1.24488,1.24548,9466.39
2020-05-04,1.24548,1.24756,1.2405,1.24445,160600.1
2020-05-05,1.24446,1.24835,1.242,1.24432,174679.33
2020-05-06,1.24435,1.24498,1.2322,1.23236,228259.05
2020-05-07,1.23237,1.24181,1.22657,1.23732,193507.83
2020-05-08,1.23732,1.24667,1.23559,1.24033,122287.01
2020-05-10,1.23965,1.24169,1.2387,1.24163,6003.18
2020-05-11,1.24163,1.24372,1.22828,1.23311,194057.53
2020-05-12,1.23309,1.23778,1.22508,1.2251,201269.36
2020-05-13,1.22512,1.23396,1.22096,1.22379,225952.6
2020-05-14,1.22379,1.22408,1.21653,1.22331,213031.93
2020-05-15,1.2233,1.22385,1.20998,1.21003,202170.64
2020-05-17,1.20824,1.20981,1.20745,1.20844,16796.92
2020-05-18,1.20844,1.22271,1.20838,1.21994,191398.75
2020-05-19,1.21994,1.22961,1.21834,1.22551,195965.22
2020-05-20,1.22554,1.22874,1.2221,1.22359,173041.06
2020-05-21,1.22363,1.22494,1.21853,1.22217,169931.92
2020-05-22,1.22218,1.22334,1.21613,1.21665,152917.99
2020-05-24,1.21734,1.21876,1.2164,1.21854,5755.01
2020-05-25,1.21853,1.22032,1.21635,1.22015,168720.66
2020-05-26,1.22015,1.23628,1.21968,1.23313,199878.35
2020-05-27,1.23314,1.23538,1.22043,1.22625,266208.26
2020-05-28,1.22627,1.23443,1.22335,1.23182,227021.71
2020-05-29,1.23178,1.23939,1.22903,1.23454,287395.37
2020-05-31,1.23236,1.23538,1.23235,1.23448,9548.14
2020-06-01,1.23455,1.25065,1.2343,1.24856,208216.89
2020-06-02,1.24856,1.25831,1.24782,1.25801,232904.85
2020-06-03,1.25801,1.26149,1.25532,1.25734,323326.99
2020-06-04,1.25735,1.2633,1.25004,1.26054,364160.56
2020-06-05,1.26054,1.27309,1.25825,1.26656,343231.46
2020-06-07,1.26767,1.27294,1.2664,1.27184,8395.76
2020-06-08,1.27183,1.27403,1.26276,1.2734,238257.46
2020-06-09,1.2734,1.27554,1.2618,1.2709,302911.5
2020-06-10,1.27089,1.28127,1.27059,1.2711,416405.23
2020-06-11,1.27113,1.27502,1.25696,1.25724,470204.08
2020-06-12,1.25723,1.2653,1.24734,1.25396,452951.12
2020-06-14,1.25112,1.25204,1.24855,1.25083,29046.42
2020-06-15,1.25083,1.26379,1.2454,1.26373,423827.92
2020-06-16,1.26376,1.26871,1.25523,1.25816,467066.77
2020-06-17,1.25817,1.25885,1.25105,1.25495,364152.4
2020-06-18,1.25496,1.25625,1.24013,1.2424,352563.03
2020-06-19,1.24241,1.24556,1.23424,1.23476,277790.86
2020-06-21,1.23419,1.2359,1.23377,1.23454,11830.42
2020-06-22,1.23452,1.25071,1.2335,1.24999,273284.42
2020-06-23,1.24999,1.25317,1.24317,1.25241,312195.8
2020-06-24,1.25244,1.25425,1.24108,1.24118,344137.44
2020-06-25,1.2412,1.24639,1.23886,1.24239,283574.32
2020-06-26,1.24242,1.24365,1.23142,1.23343,205736.87
2020-06-28,1.23442,1.23482,1.23253,1.23401,6152.54
2020-06-29,1.23401,1.23892,1.22514,1.23104,207793.06
2020-06-30,1.23105,1.24015,1.22573,1.23874,241891.34
2020-07-01,1.23874,1.24902,1.23592,1.24637,233311.67
2020-07-02,1.24636,1.25298,1.2456,1.24656,215568.18
2020-07-03,1.24655,1.24879,1.24377,1.24798,193446.27
2020-07-05,1.2464,1.24775,1.24536,1.24736,3891.69
2020-07-06,1.24736,1.25201,1.24732,1.24944,188210.21
2020-07-07,1.24943,1.25921,1.24622,1.25404,216955.58
2020-07-08,1.25406,1.2623,1.25084,1.26125,214308.54
2020-07-09,1.26124,1.26691,1.2598,1.26049,227330.2
2020-07-10,1.26049,1.26638,1.25666,1.26202,202420.88
2020-07-12,1.26126,1.26373,1.2612,1.26259,5557.27
2020-07-13,1.26257,1.2666,1.255,1.25514,193297.29
2020-07-14,1.25513,1.25743,1.24797,1.25684,369047.5
2020-07-15,1.25686,1.26493,1.25633,1.25903,230683.01
2020-07-16,1.25902,1.26248,1.25196,1.2558,271123.04
2020-07-17,1.25583,1.25742,1.25115,1.25654,135836.69
2020-07-19,1.25449,1.25719,1.2533,1.25702,4238.34
2020-07-20,1.257,1.26652,1.25178,1.26607,179863.88
2020-07-21,1.26607,1.27679,1.26499,1.27317,205432.55
2020-07-22,1.27322,1.27435,1.26436,1.27266,255728.05
2020-07-23,1.27268,1.27598,1.26726,1.27294,247484.32
2020-07-24,1.27294,1.28033,1.27168,1.27926,222178.15
2020-07-26,1.27903,1.28013,1.2774,1.2794,8319.28
2020-07-27,1.27938,1.29028,1.27933,1.28878,255259.88
2020-07-28,1.28878,1.29525,1.28379,1.29238,233608.16
2020-07-29,1.29238,1.30133,1.29116,1.29786,248649.39
2020-07-30,1.29786,1.31199,1.29441,1.3115,285907.97
2020-07-31,1.3115,1.31699,1.30701,1.30836,322362.36
2020-08-02,1.30755,1.31043,1.30662,1.30987,13361.57
2020-08-03,1.30987,1.31124,1.30044,1.30776,297722.48
2020-08-04,1.30774,1.31078,1.29809,1.30843,215529.6
2020-08-05,1.30845,1.31612,1.30575,1.31247,238851.77
2020-08-06,1.31248,1.31855,1.31183,1.31368,325901.62
2020-08-07,1.31369,1.31472,1.30092,1.30509,266968.69
2020-08-09,1.30535,1.30654,1.30371,1.30501,6494.63
2020-08-10,1.30501,1.31031,1.30187,1.3076,253194.77
2020-08-11,1.3076,1.31316,1.30412,1.30507,271114.44
2020-08-12,1.30508,1.30674,1.3005,1.30456,272034.18
2020-08-13,1.30458,1.31246,1.30429,1.30695,229621.69
2020-08-14,1.30695,1.31423,1.30479,1.30829,197648.51
2020-08-16,1.3091,1.31062,1.30876,1.31046,4420.29
2020-08-17,1.31046,1.31216,1.30738,1.31058,182352.98
2020-08-18,1.31058,1.32542,1.31054,1.32524,259260.74
2020-08-19,1.32522,1.32671,1.3091,1.31092,276034.7
2020-08-20,1.31091,1.32245,1.30641,1.3218,286838.43
2020-08-21,1.32181,1.32549,1.30588,1.30881,346046.29
2020-08-23,1.30798,1.31011,1.30798,1.30921,5848.0
2020-08-24,1.30922,1.31489,1.30532,1.30702,221116.99
2020-08-25,1.30703,1.31703,1.30585,1.31496,236194.43
2020-08-26,1.31495,1.32195,1.31168,1.32187,218427.15
2020-08-27,1.32188,1.32844,1.31606,1.31998,379544.49
2020-08-28,1.31997,1.33562,1.31858,1.33488,315141.5
2020-08-30,1.33328,1.33578,1.33328,1.33548,7586.27
2020-08-31,1.33547,1.33952,1.33008,1.33629,710547.52
2020-09-01,1.33631,1.34821,1.3356,1.33996,396545.21
2020-09-02,1.33994,1.34004,1.32829,1.33474,327199.81
2020-09-03,1.33475,1.33477,1.32421,1.32632,329329.62
2020-09-04,1.32634,1.33187,1.31756,1.32782,341147.94
2020-09-06,1.32468,1.32657,1.32389,1.32462,10927.67
2020-09-07,1.32463,1.32573,1.31401,1.31603,205557.74
2020-09-08,1.31603,1.31654,1.29496,1.29641,337382.29
2020-09-09,1.29646,1.30231,1.28845,1.29981,324339.36
2020-09-10,1.2998,1.30347,1.27731,1.28066,438459.82
2020-09-11,1.28068,1.28654,1.27621,1.27942,274453.19
2020-09-13,1.27733,1.28117,1.27664,1.28065,5737.44
2020-09-14,1.28062,1.29191,1.27905,1.2848,208170.96
2020-09-15,1.28481,1.2926,1.28143,1.28829,230403.14
2020-09-16,1.28826,1.3007,1.28748,1.296,276512.2
2020-09-17,1.29601,1.29986,1.28645,1.29747,378443.3
2020-09-18,1.29746,1.29996,1.29139,1.29143,250996.84
2020-09-20,1.29237,1.29382,1.29088,1.2932,9776.95
2020-09-21,1.2932,1.29663,1.2775,1.28174,317234.48
2020-09-22,1.28174,1.28669,1.27105,1.27423,326173.0
2020-09-23,1.27423,1.27768,1.26748,1.27134,316722.11
2020-09-24,1.27133,1.2781,1.26903,1.27555,335422.47
2020-09-25,1.27554,1.28054,1.26871,1.27395,230613.05
2020-09-27,1.27617,1.27719,1.27536,1.2764,6057.31
2020-09-28,1.2764,1.29298,1.27508,1.28729,254124.38
2020-09-29,1.28731,1.29026,1.28222,1.28644,267958.15
2020-09-30,1.28643,1.29424,1.28052,1.29157,330165.95
2020-10-01,1.29159,1.29782,1.28191,1.28852,324701.85
2020-10-02,1.28853,1.29537,1.28365,1.29274,361666.06
2020-10-04,1.29337,1.29353,1.29128,1.29286,12462.52
2020-10-05,1.29287,1.29934,1.28994,1.29924,219244.43
2020-10-06,1.29924,1.3007,1.28662,1.28832,308503.07
2020-10-07,1.28832,1.29293,1.2845,1.29157,275557.56
2020-10-08,1.29157,1.297,1.28908,1.2939,224685.46
2020-10-09,1.29388,1.30486,1.29208,1.30433,214083.97
2020-10-11,1.30234,1.30372,1.3023,1.30301,7198.75
2020-10-12,1.30298,1.30825,1.30051,1.30641,183696.72
2020-10-13,1.30641,1.30676,1.29215,1.29342,244168.28
2020-10-14,1.29342,1.30641,1.28623,1.30113,266925.24
2020-10-15,1.30116,1.30297,1.28901,1.29031,256018.23
2020-10-16,1.29031,1.29619,1.28618,1.29082,324666.01
2020-10-18,1.28924,1.29282,1.2892,1.29254,8148.13
2020-10-19,1.29255,1.3024,1.29219,1.29471,288699.09
2020-10-20,1.29472,1.29796,1.2911,1.29556,227495.46
2020-10-21,1.29558,1.31766,1.29536,1.31288,418784.52
2020-10-22,1.31287,1.31497,1.30702,1.30774,707706.5
2020-10-23,1.30776,1.31223,1.30187,1.30391,533649.95
2020-10-25,1.30563,1.30578,1.30241,1.30527,29713.88
2020-10-26,1.30527,1.30745,1.29925,1.30151,824045.53
2020-10-27,1.30151,1.30794,1.30008,1.30302,528734.89
2020-10-28,1.30301,1.30632,1.29162,1.29887,490682.08
2020-10-29,1.29886,1.30254,1.28804,1.29307,504590.56
2020-10-30,1.29307,1.29879,1.28987,1.29472,495602.27
2020-11-01,1.29243,1.29387,1.29178,1.29254,9393.7
2020-11-02,1.29253,1.29424,1.28538,1.29215,412143.44
2020-11-03,1.29213,1.31307,1.29146,1.31189,307252.09
2020-11-04,1.31186,1.31397,1.2914,1.29653,901789.71
2020-11-05,1.29656,1.31567,1.29389,1.31378,678935.59
2020-11-06,1.31377,1.31769,1.30922,1.31477,661898.47
2020-11-08,1.31592,1.3182,1.31479,1.31793,28322.96
2020-11-09,1.31794,1.32078,1.31179,1.31684,881923.39
2020-11-10,1.31683,1.32778,1.31568,1.32607,595749.25
2020-11-11,1.32605,1.33132,1.31908,1.32232,289362.4
2020-11-12,1.32229,1.32281,1.31061,1.31204,255889.95
2020-11-13,1.31205,1.31996,1.31088,1.31983,193083.32
2020-11-15,1.3166,1.32236,1.3166,1.32189,7395.82
2020-11-16,1.32189,1.3242,1.31652,1.3221,206827.37
2020-11-17,1.32211,1.32725,1.31928,1.3256,167152.86
2020-11-18,1.3256,1.33121,1.32435,1.32512,145728.36
2020-11-19,1.32509,1.32787,1.31957,1.32468,206421.46
2020-11-20,1.3247,1.32975,1.3247,1.32817,160505.9
2020-11-22,1.32927,1.33045,1.328,1.33031,8308.25
2020-11-23,1.33028,1.33975,1.32633,1.33257,174456.96
2020-11-24,1.33256,1.33801,1.32927,1.33612,189387.67
2020-11-25,1.33612,1.33931,1.33038,1.33827,183348.31
2020-11-26,1.33829,1.33975,1.33217,1.33528,132935.57
2020-11-27,1.3353,1.33814,1.32875,1.33068,188968.66
2020-11-29,1.3331,1.33348,1.33049,1.33315,9263.2
2020-11-30,1.33317,1.33846,1.33052,1.33348,211828.96
2020-12-01,1.33351,1.3442,1.33153,1.3421,203744.3
2020-12-02,1.3422,1.34409,1.32872,1.33678,213261.48
2020-12-03,1.33681,1.34997,1.33528,1.34515,231095.34
2020-12-04,1.34515,1.35391,1.34098,1.34332,270251.48
2020-12-06,1.34092,1.34211,1.34092,1.34144,8847.19
2020-12-07,1.34143,1.34373,1.32243,1.33548,250870.22
2020-12-08,1.3355,1.33932,1.32896,1.33643,251844.27
2020-12-09,1.33642,1.34778,1.33235,1.3365,209274.32
2020-12-10,1.33652,1.33894,1.3245,1.33015,234506.87
2020-12-11,1.33016,1.33239,1.31339,1.32203,227040.32
2020-12-13,1.33603,1.33633,1.33146,1.33157,17310.87
2020-12-14,1.33156,1.34451,1.32897,1.33249,188449.33
2020-12-15,1.33248,1.34688,1.32798,1.34465,210231.6
2020-12-16,1.34466,1.35545,1.34339,1.35019,153767.1197
2020-12-17,1.35018,1.36244,1.34948,1.35681,113764.9394
2020-12-18,1.35691,1.3573,1.34712,1.35142,141717.2337
2020-12-20,1.34004,1.34409,1.33939,1.34005,10832.3937
2020-12-21,1.34016,1.34995,1.31875,1.34466,210471.187
2020-12-22,1.34465,1.34569,1.33036,1.3401,182231.112
2020-12-23,1.34009,1.35704,1.33704,1.35122,213420.6013
2020-12-24,1.35123,1.36188,1.35021,1.35357,235480.575
2020-12-25,1.35357,1.3587,1.35308,1.35408,550.49
2020-12-27,1.35452,1.35719,1.35424,1.35694,6577.27
2020-12-28,1.35702,1.35753,1.3429,1.3464,136778.9922
2020-12-29,1.34639,1.35224,1.34591,1.34967,170929.2525
2020-12-30,1.34967,1.363,1.34927,1.36286,186902.7833
2020-12-31,1.36286,1.36859,1.36037,1.3663,209155.505
2021-01-03,1.36455,1.36831,1.36454,1.36803,6797.55
2021-01-04,1.36809,1.37039,1.35412,1.35705,184628.8565
2021-01-05,1.35708,1.36417,1.3554,1.36268,153539.6225
2021-01-06,1.36269,1.36707,1.35384,1.36234,197215.2991
2021-01-07,1.36234,1.3633,1.35325,1.35684,145134.7757
2021-01-08,1.35683,1.36356,1.35378,1.35621,151513.581
2021-01-10,1.35588,1.35697,1.35095,1.35182,5840.5407
2021-01-11,1.35181,1.35347,1.34503,1.35225,121165.9609
2021-01-12,1.35225,1.367,1.3504,1.36664,111160.9035
2021-01-13,1.36665,1.37009,1.36113,1.36471,119561.2625
2021-01-14,1.36471,1.37107,1.3616,1.36822,115252.2775
2021-01-15,1.3682,1.36977,1.35721,1.35769,104933.465
2021-01-17,1.35922,1.35996,1.35691,1.35702,4989.4519
2021-01-18,1.35702,1.35894,1.35193,1.3582,84944.4925
2021-01-19,1.35822,1.36471,1.35809,1.36437,87480.01
2021-01-20,1.36436,1.37186,1.3623,1.36662,91201.825
2021-01-21,1.36663,1.37456,1.36583,1.37283,92710.9075
2021-01-22,1.37284,1.37359,1.36355,1.36784,81581.22
2021-01-24,1.36763,1.36909,1.36722,1.3685,3218.0478
2021-01-25,1.36853,1.37232,1.36484,1.36765,85915.755
2021-01-26,1.36768,1.37442,1.36092,1.3741,83007.5462
2021-01-27,1.37408,1.37585,1.36588,1.36705,130155.4279
2021-01-28,1.36702,1.37457,1.36298,1.37244,116671.4593
2021-01-29,1.37244,1.37512,1.3657,1.37023,134619.625
2021-01-31,1.37052,1.37078,1.36935,1.36971,6076.7434
2021-02-01,1.3697,1.37574,1.3656,1.36751,102433.5426
2021-02-02,1.36752,1.37101,1.36108,1.3659,89768.0825
2021-02-03,1.3659,1.36832,1.36189,1.36493,78772.5925
2021-02-04,1.36494,1.36978,1.35655,1.36719,107867.3734
2021-02-05,1.3672,1.37397,1.36657,1.37291,73448.8928
2021-02-07,1.37151,1.37398,1.37135,1.37372,13402.3375
2021-02-08,1.37371,1.37491,1.368,1.3745,61561.2225
2021-02-09,1.3745,1.38203,1.37419,1.3815,74776.8225
2021-02-10,1.38153,1.38658,1.38023,1.38302,80493.095
2021-02-11,1.38302,1.38593,1.38001,1.38109,59725.1744
2021-02-12,1.38107,1.38623,1.37754,1.38497,57293.18
2021-02-14,1.38482,1.38712,1.38482,1.38687,10427.5108
2021-02-15,1.38685,1.39188,1.38653,1.39138,60393.7075
2021-02-16,1.39135,1.39515,1.3869,1.3885,86157.295
2021-02-17,1.3885,1.39037,1.38294,1.38658,95753.5365
2021-02-18,1.38657,1.39859,1.38395,1.3967,88944.4586
2021-02-19,1.3967,1.40359,1.39511,1.40059,76386.8996
2021-02-21,1.4011,1.40312,1.40058,1.40272,5676.6767
2021-02-22,1.40273,1.40861,1.39803,1.40673,80633.3055
2021-02-23,1.40673,1.41203,1.40541,1.4119,79082.4175
2021-02-24,1.4119,1.42415,1.40819,1.41461,94423.8925
2021-02-25,1.41459,1.4182,1.4,1.40033,144933.2448
2021-02-26,1.40035,1.40214,1.38876,1.39244,168617.29
2021-02-28,1.3929,1.39792,1.39286,1.39734,11548.9465
2021-03-01,1.39735,1.3999,1.39035,1.39285,101784.315
2021-03-02,1.39285,1.39768,1.38587,1.39536,101734.6127
2021-03-03,1.39542,1.40061,1.39207,1.39208,125829.404
2021-03-04,1.39208,1.40171,1.38801,1.38933,150110.5942
2021-03-05,1.3893,1.39062,1.37784,1.38357,152501.545
2021-03-07,1.38114,1.38654,1.38059,1.38505,14828.8197
2021-03-08,1.38505,1.3859,1.37999,1.38212,118581.0018
2021-03-09,1.38213,1.39253,1.38016,1.3887,107522.485
2021-03-10,1.3887,1.39378,1.38453,1.393,111763.652
2021-03-11,1.393,1.39956,1.39186,1.39874,91013.6225
2021-03-12,1.39872,1.40045,1.38632,1.39129,97616.385
2021-03-14,1.39143,1.39318,1.39122,1.39294,4448.9447
2021-03-15,1.39298,1.39495,1.3853,1.38981,87446.7357
2021-03-16,1.38981,1.39059,1.38089,1.3902,81500.44
2021-03-17,1.3902,1.39759,1.38506,1.39749,99030.44
2021-03-18,1.3975,1.40012,1.38971,1.39227,117972.0654
2021-03-19,1.39228,1.39591,1.38301,1.38662,94703.93
2021-03-21,1.3835,1.3847,1.38292,1.38333,4967.78
2021-03-22,1.38334,1.38767,1.38174,1.38587,62495.4885
2021-03-23,1.38593,1.38619,1.37234,1.37311,87929.83
2021-03-24,1.37312,1.37424,1.36738,1.36883,82849.285
2021-03-25,1.36885,1.37482,1.367,1.37461,84052.88
2021-03-26,1.37469,1.38123,1.37418,1.37855,65359.94
2021-03-28,1.37904,1.37966,1.37777,1.379,2523.9261
2021-03-29,1.379,1.38469,1.37551,1.37739,75251.675
2021-03-30,1.37739,1.37831,1.37058,1.37457,79013.13
2021-03-31,1.37456,1.38116,1.3716,1.37854,74884.78
2021-04-01,1.37855,1.38373,1.37457,1.38332,76272.265
2021-04-02,1.38333,1.38521,1.38095,1.38272,127818.7437
2021-04-04,1.3821,1.38318,1.38169,1.38298,6068.05
2021-04-05,1.38295,1.39148,1.38126,1.39121,46745.96
2021-04-06,1.39121,1.39186,1.38017,1.38297,79045.02
2021-04-07,1.38299,1.38397,1.37241,1.37412,87371.7634
2021-04-08,1.37413,1.37822,1.37185,1.3733,71249.125
2021-04-09,1.37333,1.37503,1.36696,1.37054,68298.79
2021-04-11,1.37025,1.37138,1.36962,1.37076,3392.08
2021-04-12,1.37076,1.37766,1.36689,1.37532,66523.875
2021-04-13,1.37532,1.37688,1.36941,1.37586,70592.55
2021-04-14,1.37587,1.38085,1.37493,1.37775,65974.99
2021-04-15,1.37774,1.38088,1.37612,1.37831,68475.205
2021-04-16,1.37831,1.38437,1.37159,1.38261,71552.82
2021-04-18,1.3828,1.38365,1.38169,1.38173,2898.1874
2021-04-19,1.38175,1.39926,1.38094,1.39911,91561.89
2021-04-20,1.3991,1.40089,1.3926,1.39375,67853.18
2021-04-21,1.39377,1.39494,1.38853,1.39308,62855.79
2021-04-22,1.39305,1.39495,1.38234,1.38386,77937.65
2021-04-23,1.38387,1.38952,1.38352,1.38736,67547.6
2021-04-25,1.38668,1.38807,1.38642,1.38644,2834.56
2021-04-26,1.38645,1.39292,1.38645,1.38943,69611.855
2021-04-27,1.38943,1.39239,1.38582,1.39027,67216.995
2021-04-28,1.39028,1.39564,1.38607,1.39539,76003.7134
2021-04-29,1.39542,1.39764,1.39317,1.395,80940.9298
2021-04-30,1.39501,1.39581,1.38023,1.38077,79265.31
2021-05-02,1.38116,1.38224,1.38063,1.38183,2856.92
2021-05-03,1.38192,1.39315,1.38008,1.39028,66548.79
2021-05-04,1.39028,1.3905,1.38382,1.38869,96958.54
2021-05-05,1.38869,1.3926,1.38759,1.39083,62748.71
2021-05-06,1.39082,1.39405,1.38569,1.38953,87897.005
2021-05-07,1.38953,1.40056,1.38896,1.39811,94196.24
2021-05-09,1.40035,1.40442,1.39938,1.40402,3289.505
2021-05-10,1.404,1.41582,1.40148,1.41306,86578.52
2021-05-11,1.41307,1.41665,1.41036,1.41352,89495.615
2021-05-12,1.41351,1.41527,1.40499,1.40619,109916.57
2021-05-13,1.4062,1.40778,1.40053,1.40457,100851.5212
2021-05-14,1.40457,1.41108,1.40359,1.40945,68903.5
2021-05-16,1.40956,1.41041,1.40947,1.41006,1439.87
2021-05-17,1.41004,1.41477,1.40769,1.41475,73535.795
2021-05-18,1.41475,1.422,1.41451,1.41869,71244.56
2021-05-19,1.41869,1.42004,1.40995,1.41069,99147.61
2021-05-20,1.41068,1.41938,1.41009,1.41846,91711.52
2021-05-21,1.41848,1.42336,1.41401,1.41409,76232.94
2021-05-23,1.41468,1.4157,1.41386,1.41398,6265.665
2021-05-24,1.41397,1.41714,1.4111,1.41548,67262.355
2021-05-25,1.41549,1.42107,1.41153,1.41424,87218.0
2021-05-26,1.41424,1.41758,1.41119,1.41149,74154.3
2021-05-27,1.41146,1.42188,1.40913,1.42028,97522.91
2021-05-28,1.42029,1.42053,1.4136,1.41834,93966.55
2021-05-30,1.41793,1.41927,1.41788,1.4179,1538.9222
2021-05-31,1.41791,1.42284,1.41636,1.42266,61188.9821
2021-06-01,1.42265,1.42491,1.41452,1.41553,96331.86
2021-06-02,1.41552,1.4183,1.41115,1.41707,85712.655
2021-06-03,1.41709,1.42026,1.40861,1.41076,121994.625
2021-06-04,1.41077,1.42002,1.40827,1.41553,94464.43
2021-06-06,1.41544,1.41707,1.41474,1.41639,3031.5727
2021-06-07,1.41639,1.41906,1.4111,1.41753,82061.61
2021-06-08,1.41755,1.41843,1.41207,1.41487,78023.2295
2021-06-09,1.41485,1.4189,1.41094,1.41107,67611.615
2021-06-10,1.41108,1.4178,1.4073,1.417,111338.61
2021-06-11,1.417,1.41851,1.40953,1.41056,82762.95
2021-06-13,1.40994,1.41188,1.40994,1.41173,2938.9943
2021-06-14,1.41172,1.41237,1.40699,1.4109,75981.17
2021-06-15,1.4109,1.41286,1.40341,1.40804,79038.43
2021-06-16,1.40803,1.41324,1.39802,1.39886,116997.96
2021-06-17,1.39887,1.40085,1.38955,1.39374,116278.635
2021-06-18,1.39375,1.3944,1.37914,1.38003,127385.56
2021-06-20,1.38068,1.38229,1.37948,1.38158,3705.6011
2021-06-21,1.38159,1.39369,1.37859,1.39238,117383.3
2021-06-22,1.39237,1.39633,1.386,1.39488,87325.565
2021-06-23,1.39486,1.40011,1.39237,1.39663,86710.51
2021-06-24,1.39664,1.39863,1.38892,1.39157,98924.4337
2021-06-25,1.39158,1.39351,1.38711,1.38779,72175.59
2021-06-27,1.38794,1.38959,1.38744,1.38957,3086.8387
2021-06-28,1.38958,1.39393,1.38705,1.38782,71019.32
2021-06-29,1.38782,1.38802,1.38137,1.38398,80221.8748
2021-06-30,1.38397,1.38726,1.37982,1.38279,85312.2511
2021-07-01,1.3828,1.38342,1.37515,1.37585,99220.825
2021-07-02,1.37584,1.38444,1.37313,1.38244,99099.875
2021-07-04,1.38189,1.38369,1.38189,1.3831,3677.4885
2021-07-05,1.38309,1.38617,1.38167,1.38529,81255.6025
2021-07-06,1.38529,1.38981,1.37727,1.38037,100766.0961
2021-07-07,1.38038,1.38414,1.37537,1.37992,106233.83
2021-07-08,1.37996,1.38015,1.37414,1.37893,146099.3861
2021-07-09,1.37899,1.39088,1.37552,1.38924,149844.92
2021-07-11,1.38911,1.39008,1.38844,1.38982,4269.3233
2021-07-12,1.38982,1.39097,1.38387,1.38858,118281.6692
2021-07-13,1.38859,1.39051,1.37998,1.38052,111801.385
2021-07-14,1.38052,1.38917,1.38011,1.38558,108695.64
2021-07-15,1.38559,1.38988,1.38046,1.38277,99987.5875
2021-07-16,1.38278,1.38617,1.37565,1.37565,80998.26
2021-07-18,1.37677,1.37706,1.37569,1.37629,3630.0087
2021-07-19,1.37631,1.37636,1.36545,1.36684,126419.6
2021-07-20,1.36685,1.36892,1.35717,1.3634,104152.7722
2021-07-21,1.36339,1.37227,1.35908,1.37115,77052.8143
2021-07-22,1.37114,1.37869,1.36904,1.37722,83756.9558
2021-07-23,1.37722,1.37796,1.37196,1.37449,67872.15
2021-07-25,1.37503,1.37642,1.37491,1.37565,1885.0796
2021-07-26,1.37567,1.38333,1.37366,1.38257,70111.78
2021-07-27,1.38256,1.38941,1.37664,1.38817,88385.7587
2021-07-28,1.38816,1.39109,1.3843,1.39055,72214.3345
2021-07-29,1.39055,1.39816,1.38977,1.39632,53546.7652
2021-07-30,1.39632,1.39832,1.38877,1.38959,59197.195
2021-08-01,1.38963,1.39037,1.38921,1.3895,1209.6
2021-08-02,1.38952,1.39323,1.38753,1.38906,57140.82
2021-08-03,1.38905,1.39385,1.38823,1.39167,57672.347
2021-08-04,1.39166,1.39574,1.38849,1.38893,58890.77
2021-08-05,1.38892,1.39488,1.38719,1.3927,66086.84
2021-08-06,1.3927,1.39327,1.38608,1.38693,49586.5
2021-08-08,1.38702,1.38841,1.38578,1.38663,9008.4124
2021-08-09,1.38662,1.38942,1.38406,1.38465,48582.93
2021-08-10,1.38465,1.38721,1.38272,1.3835,44152.602
2021-08-11,1.3835,1.38875,1.38023,1.38661,51312.96
2021-08-12,1.38659,1.38782,1.37945,1.38106,41991.44
2021-08-13,1.38106,1.38749,1.37904,1.38576,33612.345
2021-08-15,1.38553,1.38727,1.38552,1.38634,2580.5387
2021-08-16,1.38631,1.38783,1.38277,1.38403,46770.81
2021-08-17,1.38404,1.38406,1.37231,1.37396,49121.73
2021-08-18,1.37395,1.37859,1.37309,1.37424,43584.475
2021-08-19,1.37431,1.37496,1.36275,1.36297,59130.28
2021-08-20,1.36298,1.3641,1.36019,1.36144,43484.21
2021-08-22,1.36156,1.36299,1.36096,1.3624,2194.1496
2021-08-23,1.36241,1.37319,1.3624,1.37228,45278.635
2021-08-24,1.37225,1.37474,1.36936,1.37243,44923.59
2021-08-25,1.37244,1.37664,1.36962,1.37639,42653.0622
2021-08-26,1.37638,1.37675,1.36891,1.36998,50984.615
2021-08-27,1.36997,1.37807,1.36796,1.37544,64037.305
2021-08-29,1.37553,1.37655,1.37497,1.37622,3766.4933
2021-08-30,1.3762,1.37749,1.37337,1.37584,33467.31
2021-08-31,1.37583,1.38077,1.37426,1.37518,64054.3
2021-09-01,1.3752,1.3798,1.37309,1.37708,53666.1583
2021-09-02,1.37708,1.38398,1.37668,1.38359,41166.4824
2021-09-03,1.38359,1.38915,1.38177,1.386,59701.76
2021-09-05,1.38553,1.38677,1.38464,1.38572,2125.3048
2021-09-06,1.38575,1.38592,1.38181,1.38382,54917.965
2021-09-07,1.38381,1.38564,1.37674,1.37786,63392.87
2021-09-08,1.37785,1.37903,1.37261,1.37665,59066.505
2021-09-09,1.37664,1.38625,1.3753,1.3838,65535.015
2021-09-10,1.38384,1.38883,1.38258,1.38299,57046.485
2021-09-12,1.38303,1.38411,1.38303,1.38383,2077.1025
2021-09-13,1.38391,1.38508,1.37968,1.3837,50479.69
2021-09-14,1.38368,1.3913,1.38033,1.38076,60922.58
2021-09-15,1.38073,1.38536,1.37922,1.38478,50989.1661
2021-09-16,1.38476,1.38493,1.37642,1.37974,50100.2722
2021-09-17,1.37973,1.38125,1.37256,1.37283,51731.76
2021-09-19,1.37346,1.37487,1.37238,1.3728,2526.0825
2021-09-20,1.3728,1.37297,1.36405,1.36617,65775.865
2021-09-21,1.36616,1.36927,1.3641,1.36569,59003.07
2021-09-22,1.3657,1.36893,1.3609,1.36157,76977.18
2021-09-23,1.36157,1.37505,1.36119,1.37203,68104.3174
2021-09-24,1.37204,1.37364,1.36576,1.3673,48827.79
2021-09-26,1.36617,1.36722,1.36603,1.36678,2563.5061
2021-09-27,1.36682,1.37287,1.36577,1.37002,60633.41
2021-09-28,1.37003,1.3717,1.35203,1.35411,88783.11
2021-09-29,1.35409,1.35544,1.34116,1.34267,74216.45
2021-09-30,1.34268,1.3517,1.34153,1.34683,78006.7
2021-10-01,1.34683,1.35753,1.34333,1.35423,82961.65
2021-10-03,1.35544,1.35754,1.35384,1.35696,2317.46
2021-10-04,1.35698,1.36401,1.35314,1.36063,74356.795
2021-10-05,1.36067,1.36477,1.35841,1.36256,65944.1721
2021-10-06,1.36255,1.36309,1.35436,1.35918,81535.57
2021-10-07,1.35917,1.36383,1.35702,1.36189,60258.55
2021-10-08,1.36192,1.36577,1.35832,1.36087,64762.22
2021-10-10,1.36171,1.36265,1.36085,1.36154,2426.581
2021-10-11,1.36156,1.36735,1.35841,1.35907,53384.7483
2021-10-12,1.35907,1.36371,1.35681,1.35763,60478.35
2021-10-13,1.35766,1.36686,1.35756,1.3668,68637.19
2021-10-14,1.36678,1.37341,1.36579,1.36679,46792.79
2021-10-15,1.36678,1.37731,1.36675,1.37439,55916.63
2021-10-17,1.37484,1.37649,1.37445,1.37603,6157.3703
2021-10-18,1.37604,1.37632,1.37088,1.37352,48187.53
2021-10-19,1.37355,1.38334,1.37353,1.3792,49403.1
2021-10-20,1.37922,1.38343,1.3742,1.38216,51238.5875
2021-10-21,1.38214,1.38328,1.37759,1.37911,57401.93
2021-10-22,1.37912,1.38149,1.37354,1.37514,77869.375
2021-10-24,1.37455,1.37644,1.3737,1.37615,2045.3248
2021-10-25,1.37617,1.37918,1.37413,1.3763,62857.5
2021-10-26,1.37632,1.38293,1.37565,1.37651,68360.23
2021-10-27,1.37652,1.37808,1.37092,1.37314,76659.3
2021-10-28,1.37316,1.38149,1.37219,1.37983,83383.22
2021-10-29,1.37982,1.38035,1.36678,1.36762,79854.25
2021-10-31,1.36764,1.36888,1.36698,1.3682,2225.77
2021-11-01,1.36821,1.3693,1.36416,1.3654,69062.9092
2021-11-02,1.3654,1.36676,1.36053,1.36156,64134.7661
2021-11-03,1.36158,1.36984,1.36072,1.36937,71896.26
2021-11-04,1.36935,1.36941,1.34707,1.35074,85029.7695
2021-11-05,1.35076,1.35086,1.3424,1.34928,71201.77
2021-11-07,1.34764,1.34924,1.34758,1.34901,7910.6159
2021-11-08,1.349,1.35795,1.34498,1.35632,61490.075
2021-11-09,1.35632,1.36071,1.35238,1.35594,63829.615
2021-11-10,1.35593,1.35645,1.34004,1.34118,90392.4875
2021-11-11,1.34114,1.34327,1.33581,1.33646,71905.895
2021-11-12,1.33645,1.3426,1.33528,1.3414,58397.955
2021-11-14,1.34127,1.34191,1.3409,1.3416,4244.2465
2021-11-15,1.3416,1.34493,1.34027,1.34098,63069.455
2021-11-16,1.34097,1.34725,1.34097,1.34246,72514.8148
2021-11-17,1.34246,1.3496,1.3396,1.34881,77111.2975
2021-11-18,1.34882,1.35133,1.34636,1.34984,67977.64
2021-11-19,1.34984,1.35094,1.34072,1.34486,89854.1311
2021-11-21,1.34495,1.34543,1.34295,1.34325,7209.15
2021-11-22,1.34324,1.34494,1.3384,1.3397,88002.0312
2021-11-23,1.33971,1.34091,1.33419,1.33745,82673.645
2021-11-24,1.33746,1.33896,1.33156,1.33292,84819.87
2021-11-25,1.33295,1.33533,1.33048,1.33124,77011.535
2021-11-26,1.33121,1.3365,1.3278,1.33283,190844.185
2021-11-28,1.33357,1.33433,1.33266,1.33401,3996.598
2021-11-29,1.33402,1.33628,1.32872,1.33138,86100.22
2021-11-30,1.33138,1.33702,1.31943,1.32952,157689.7113
2021-12-01,1.32954,1.33516,1.32613,1.32771,103739.83
2021-12-02,1.32772,1.33335,1.32711,1.32993,95684.57
2021-12-03,1.32994,1.33098,1.32084,1.32264,106951.096
2021-12-05,1.32136,1.32488,1.32136,1.32349,3921.0186
2021-12-06,1.32347,1.32861,1.3222,1.32619,74177.5874
2021-12-07,1.3262,1.32892,1.32088,1.32449,70211.3475
2021-12-08,1.32449,1.3261,1.31612,1.32085,99254.115
2021-12-09,1.32086,1.32243,1.31704,1.32237,64230.395
2021-12-10,1.32236,1.32751,1.31872,1.32683,68275.5525
2021-12-12,1.32399,1.32602,1.32399,1.32568,4402.19
2021-12-13,1.32567,1.32685,1.32069,1.32126,63630.5917
2021-12-14,1.32127,1.32563,1.31907,1.32291,57726.45
2021-12-15,1.32293,1.32824,1.31715,1.32616,81715.7854
2021-12-16,1.32615,1.33741,1.32411,1.3322,88983.89
2021-12-17,1.33225,1.33391,1.32303,1.3234,73527.03
2021-12-19,1.32366,1.32436,1.32217,1.32286,2534.755
2021-12-20,1.32285,1.32441,1.3173,1.32088,67392.825
2021-12-21,1.32087,1.32706,1.31974,1.32678,55703.7275
2021-12-22,1.32678,1.33631,1.32398,1.33501,52655.355
2021-12-23,1.33501,1.34377,1.33423,1.34029,51107.9525
2021-12-24,1.34032,1.3419,1.33772,1.33821,303696.875
2021-12-26,1.33865,1.34063,1.33865,1.34019,1667.8219
2021-12-27,1.34022,1.34452,1.33912,1.34406,37495.79
2021-12-28,1.34408,1.34614,1.34148,1.34329,36119.9261
2021-12-29,1.34329,1.34993,1.34082,1.34964,42330.025
2021-12-30,1.34962,1.35215,1.34538,1.34968,41152.735
2021-12-31,1.34969,1.355,1.34651,1.35177,47651.105
2022-01-02,1.35199,1.35338,1.35199,1.35216,1847.275
2022-01-03,1.35209,1.35291,1.34304,1.3482,58637.6678
2022-01-04,1.3482,1.3557,1.34592,1.35297,70428.44
2022-01-05,1.35296,1.35982,1.35221,1.35543,86190.26
2022-01-06,1.35543,1.35585,1.349,1.35323,82668.365
2022-01-07,1.35323,1.35969,1.3527,1.35827,67994.46
2022-01-09,1.35734,1.35934,1.35734,1.3591,3783.036
2022-01-10,1.3591,1.36032,1.35317,1.35791,78147.4825
2022-01-11,1.35791,1.36362,1.35612,1.36323,59044.921
2022-01-12,1.36321,1.37143,1.36205,1.37055,52374.355
2022-01-13,1.37054,1.37487,1.37004,1.37128,56466.135
2022-01-14,1.37128,1.37424,1.3653,1.36695,70311.04
2022-01-16,1.36744,1.36765,1.36654,1.36725,3731.8412
2022-01-17,1.36725,1.36895,1.36371,1.3647,51898.3087
2022-01-18,1.36469,1.36611,1.35725,1.35993,76927.5425
2022-01-19,1.35994,1.36486,1.35876,1.36082,66321.915
2022-01-20,1.36089,1.36616,1.35865,1.35964,69707.1275
2022-01-21,1.35964,1.36019,1.35452,1.35504,75504.615
2022-01-23,1.3545,1.3555,1.35447,1.35546,3495.58
2022-01-24,1.35549,1.3565,1.344,1.34882,98801.15
2022-01-25,1.34879,1.35184,1.34358,1.35092,93419.88
2022-01-26,1.35092,1.35245,1.34442,1.34667,104815.785
2022-01-27,1.34666,1.34668,1.33577,1.33872,109837.2
2022-01-28,1.33872,1.34327,1.33649,1.33901,105354.76
2022-01-30,1.33908,1.34045,1.33854,1.34022,2057.0658
2022-01-31,1.34022,1.346,1.33927,1.34441,89078.3288
2022-02-01,1.3444,1.35278,1.3434,1.35243,74624.63
2022-02-02,1.35239,1.35874,1.35164,1.35641,72087.44
2022-02-03,1.35641,1.36275,1.35377,1.35974,116676.78
2022-02-04,1.35972,1.36144,1.35046,1.35211,109009.17
2022-02-06,1.35374,1.35483,1.35297,1.35324,2012.11
2022-02-07,1.35325,1.35504,1.349,1.35366,91262.34
2022-02-08,1.35368,1.35636,1.35073,1.35464,80456.4
2022-02-09,1.35467,1.35891,1.35266,1.35322,55520.693
2022-02-10,1.35323,1.36432,1.3523,1.3549,109006.82
2022-02-11,1.35489,1.36094,1.35136,1.35557,128082.05
2022-02-13,1.35507,1.35711,1.35474,1.35685,5785.066
2022-02-14,1.35684,1.35715,1.34948,1.35319,124342.542
2022-02-15,1.35318,1.35666,1.34862,1.35401,102876.7734
2022-02-16,1.354,1.36009,1.35383,1.35815,84812.16
2022-02-17,1.35811,1.36378,1.35549,1.36141,112697.89
2022-02-18,1.36139,1.36425,1.35727,1.35839,96183.22
2022-02-20,1.35834,1.35971,1.35834,1.35907,2560.971
2022-02-21,1.35909,1.36381,1.35814,1.35945,91332.436
2022-02-22,1.35945,1.36047,1.35381,1.35878,105403.676
2022-02-23,1.35878,1.36203,1.35355,1.35445,87506.813
2022-02-24,1.35444,1.35463,1.32726,1.33711,203219.2658
2022-02-25,1.33712,1.34386,1.33665,1.34054,136501.53
2022-02-27,1.33093,1.33742,1.33069,1.33713,15145.28
2022-02-28,1.33712,1.34314,1.33412,1.34216,151699.1676
2022-03-01,1.34214,1.3437,1.33019,1.33348,121419.307
2022-03-02,1.33346,1.34073,1.32711,1.33963,145153.055
2022-03-03,1.33957,1.34176,1.33173,1.335,111797.97
2022-03-04,1.33497,1.33519,1.32019,1.32249,131893.55
2022-03-06,1.32241,1.32419,1.32006,1.32111,8531.62
2022-03-07,1.32112,1.32281,1.31015,1.31127,194620.54
2022-03-08,1.31129,1.31444,1.30817,1.30981,182502.6595
2022-03-09,1.3098,1.31896,1.30977,1.31843,120385.96
2022-03-10,1.31843,1.31945,1.3081,1.31018,149366.323
2022-03-11,1.31019,1.31246,1.30271,1.30343,132504.01
2022-03-13,1.30363,1.30523,1.30287,1.30491,6579.196
2022-03-14,1.30491,1.3079,1.30005,1.30095,106123.08
2022-03-15,1.30094,1.30883,1.3,1.30437,123656.504
2022-03-16,1.30436,1.31564,1.30356,1.31397,140246.235
2022-03-17,1.31399,1.32106,1.30874,1.31582,113585.91
2022-03-18,1.31587,1.31967,1.31105,1.31758,93757.38
2022-03-20,1.31677,1.31772,1.31585,1.31589,5102.97
2022-03-21,1.31589,1.321,1.31265,1.31687,95318.364
2022-03-22,1.31685,1.32735,1.31198,1.32656,123587.33
2022-03-23,1.32658,1.32984,1.31749,1.32049,96366.76
2022-03-24,1.3205,1.32139,1.31567,1.31936,109123.515
2022-03-25,1.31937,1.32246,1.3159,1.31787,114664.96
2022-03-27,1.31798,1.31866,1.31684,1.31727,4007.2162
2022-03-28,1.31726,1.31764,1.30665,1.30986,117208.9
2022-03-29,1.30985,1.31592,1.30506,1.30924,172025.37
2022-03-30,1.30925,1.31823,1.30881,1.31369,137495.395
2022-03-31,1.31369,1.31754,1.3106,1.31451,157205.7774
2022-04-01,1.3145,1.31467,1.30862,1.31112,100943.49
2022-04-03,1.30894,1.31158,1.30893,1.31039,2558.778
2022-04-04,1.31042,1.31367,1.30927,1.31123,99946.64
2022-04-05,1.31122,1.31666,1.30665,1.30763,116411.061
2022-04-06,1.30764,1.31078,1.30452,1.30688,120302.635
2022-04-07,1.30689,1.31063,1.30516,1.30684,103664.53
2022-04-08,1.30684,1.30769,1.29816,1.30305,82323.93
2022-04-10,1.3023,1.30394,1.3023,1.30295,3496.9852
2022-04-11,1.30294,1.30566,1.29885,1.30223,106040.22
2022-04-12,1.30224,1.30535,1.29937,1.30014,114767.17
2022-04-13,1.30015,1.31229,1.29728,1.31182,95882.775
2022-04-14,1.31184,1.31471,1.30332,1.30639,134983.3472
2022-04-15,1.30638,1.3074,1.30435,1.30538,213553.264
2022-04-17,1.30439,1.30641,1.30439,1.30566,4056.9446
2022-04-18,1.30566,1.30576,1.30007,1.30073,73730.5
2022-04-19,1.30077,1.30405,1.29804,1.30135,97616.28
2022-04-20,1.30135,1.30734,1.29961,1.30678,111229.499
2022-04-21,1.30676,1.30899,1.30221,1.30241,103950.96
2022-04-22,1.30242,1.30327,1.28225,1.28343,104156.74
2022-04-24,1.28304,1.28401,1.28256,1.28278,5230.3
2022-04-25,1.28277,1.28295,1.26971,1.27371,175514.406
2022-04-26,1.2737,1.27722,1.25597,1.25811,122481.03
2022-04-27,1.2581,1.26015,1.25024,1.25393,132346.75
2022-04-28,1.25392,1.25695,1.24108,1.24644,143059.64
2022-04-29,1.24644,1.26143,1.24644,1.25671,126490.06
2022-05-01,1.25794,1.25879,1.25691,1.25699,5720.31
2022-05-02,1.257,1.2597,1.24725,1.24991,112703.61
2022-05-03,1.24991,1.25669,1.24702,1.24981,124007.802
2022-05-04,1.24979,1.26378,1.24512,1.26161,151030.5626
2022-05-05,1.26161,1.26327,1.23247,1.2362,175435.39
2022-05-06,1.2362,1.238,1.22757,1.23386,208332.84
2022-05-08,1.23476,1.2349,1.23241,1.23252,6666.36
2022-05-09,1.2325,1.24056,1.22608,1.23355,159978.36
2022-05-10,1.23355,1.23755,1.22914,1.23068,163878.01
2022-05-11,1.23065,1.24001,1.22316,1.22332,183333.99
2022-05-12,1.22331,1.22481,1.2165,1.22042,199730.36
2022-05-13,1.22043,1.22613,1.2155,1.22585,121915.11
2022-05-15,1.22369,1.22656,1.22369,1.22566,6673.4
2022-05-16,1.22567,1.2329,1.22167,1.23254,126956.37
2022-05-17,1.23248,1.24988,1.23203,1.24867,152132.88
2022-05-18,1.24865,1.25008,1.23292,1.23437,120411.12
2022-05-19,1.23437,1.25244,1.23377,1.24624,153064.43
2022-05-20,1.24628,1.25,1.24373,1.24792,123606.49
2022-05-22,1.24707,1.25094,1.24707,1.25032,5619.76
2022-05-23,1.25032,1.26007,1.24995,1.25669,115619.71
2022-05-24,1.25666,1.25981,1.24713,1.25409,131744.72
2022-05-25,1.25409,1.25942,1.24807,1.25856,131072.88
2022-05-26,1.25852,1.26206,1.25515,1.26166,129252.91
2022-05-27,1.26165,1.26663,1.25858,1.26275,97387.92
2022-05-29,1.26093,1.2635,1.26093,1.26239,4477.88
2022-05-30,1.26239,1.26596,1.26159,1.26452,108114.65
2022-05-31,1.26452,1.26485,1.25601,1.26092,122065.65
2022-06-01,1.26092,1.26162,1.24584,1.24833,115661.078
2022-06-02,1.24833,1.25861,1.24691,1.2578,92186.85
2022-06-03,1.25779,1.25895,1.24845,1.24859,95447.79
2022-06-05,1.24913,1.25021,1.24862,1.24897,4184.9
2022-06-06,1.249,1.25773,1.24763,1.25229,102126.21
2022-06-07,1.25229,1.25992,1.24299,1.25869,143318.63
2022-06-08,1.2587,1.25889,1.25129,1.25399,110872.7
2022-06-09,1.25398,1.25584,1.2486,1.24922,128129.77
2022-06-10,1.24921,1.25174,1.23008,1.23077,138700.15
2022-06-12,1.2313,1.232,1.22712,1.22763,14320.66
2022-06-13,1.22763,1.23002,1.21067,1.21417,185833.11
2022-06-14,1.21419,1.22077,1.19332,1.20106,207813.97
2022-06-15,1.20106,1.22045,1.1989,1.21744,248461.8
2022-06-16,1.21741,1.2406,1.20403,1.23497,227027.49
2022-06-17,1.23497,1.23525,1.21723,1.22186,175075.37
2022-06-19,1.22189,1.22311,1.22069,1.22275,7624.77
2022-06-20,1.22275,1.228,1.21989,1.22477,128033.38
2022-06-21,1.22475,1.23242,1.22446,1.22635,126777.65
2022-06-22,1.22634,1.23143,1.21606,1.22517,166084.91
2022-06-23,1.22513,1.22942,1.21695,1.22593,166399.826
2022-06-24,1.22594,1.23202,1.22403,1.22622,124849.22
2022-06-26,1.225,1.22964,1.22499,1.22821,8504.78
2022-06-27,1.2282,1.23321,1.22378,1.22659,144267.09
2022-06-28,1.22658,1.22912,1.21746,1.21872,154092.16
2022-06-29,1.21871,1.22127,1.21056,1.21285,174238.07
2022-06-30,1.21284,1.2188,1.20916,1.21597,164568.25
2022-07-01,1.21597,1.2161,1.19757,1.20913,152115.12
2022-07-03,1.20989,1.21227,1.20958,1.20997,7371.1
2022-07-04,1.20996,1.21648,1.20842,1.2113,112939.06
2022-07-05,1.21128,1.21251,1.18985,1.19506,167610.9152
2022-07-06,1.19505,1.19891,1.18756,1.19214,198218.732
2022-07-07,1.19217,1.20333,1.19083,1.20286,161143.69
2022-07-08,1.20288,1.20554,1.19191,1.2029,163711.82
2022-07-10,1.20003,1.20369,1.20003,1.20168,6098.335
2022-07-11,1.20175,1.20193,1.1866,1.18986,174630.635
2022-07-12,1.18987,1.19156,1.18072,1.18774,187343.35
2022-07-13,1.18774,1.19668,1.18271,1.18635,227844.88
2022-07-14,1.18634,1.18838,1.17599,1.18403,259267.63
2022-07-15,1.18401,1.18743,1.18042,1.18613,183102.01
2022-07-17,1.18634,1.18905,1.18624,1.18895,7993.42
2022-07-18,1.18896,1.20334,1.18739,1.19484,159279.07
2022-07-19,1.19482,1.20452,1.19246,1.20018,176549.6268
2022-07-20,1.20017,1.2037,1.19532,1.19674,185002.74
2022-07-21,1.19673,1.20036,1.18896,1.19949,209052.44
2022-07-22,1.19948,1.20639,1.19161,1.19972,206153.44
2022-07-24,1.19863,1.201,1.19846,1.19849,6121.839
2022-07-25,1.19849,1.20864,1.196,1.20531,157327.77
2022-07-26,1.20535,1.20898,1.19635,1.2035,153083.81
2022-07-27,1.20352,1.21858,1.20203,1.21616,184455.2
2022-07-28,1.21616,1.21913,1.21029,1.21723,195109.11
2022-07-29,1.21724,1.22454,1.20627,1.21745,186121.03
2022-07-31,1.21616,1.21786,1.21561,1.21673,4056.596
2022-08-01,1.21675,1.22931,1.21622,1.22566,148501.96
2022-08-02,1.22566,1.2279,1.21401,1.21428,201221.0354
2022-08-03,1.21426,1.22075,1.20997,1.21375,156977.2
2022-08-04,1.21375,1.22147,1.20655,1.21578,145834.565
2022-08-05,1.21579,1.21687,1.2003,1.2067,140747.99
2022-08-07,1.2064,1.20713,1.20564,1.20605,5883.78
2022-08-08,1.20604,1.21373,1.2047,1.20848,128465.53
2022-08-09,1.20847,1.21299,1.20627,1.2071,105138.22
2022-08-10,1.20708,1.22766,1.20645,1.22106,130134.3712
2022-08-11,1.22106,1.22491,1.21818,1.21941,136605.768
2022-08-12,1.21942,1.22162,1.20993,1.21314,119786.28
2022-08-14,1.21294,1.21386,1.21262,1.21266,6309.65
2022-08-15,1.21268,1.2148,1.20497,1.20558,110753.52
2022-08-16,1.20557,1.21175,1.20073,1.2094,103627.35
2022-08-17,1.20939,1.2143,1.20277,1.20447,119413.61
2022-08-18,1.20451,1.20793,1.19223,1.19298,114785.66
2022-08-19,1.19298,1.19327,1.17916,1.18224,124883.04
2022-08-21,1.18169,1.18311,1.18105,1.18184,6478.87
2022-08-22,1.18183,1.18363,1.17416,1.17648,109572.67
2022-08-23,1.1765,1.18774,1.1717,1.18294,131608.07
2022-08-24,1.18294,1.18351,1.17552,1.17899,126866.45
2022-08-25,1.17898,1.18641,1.17832,1.18222,122790.57
2022-08-26,1.18224,1.19007,1.17317,1.17373,153807.91
2022-08-28,1.17293,1.17349,1.1683,1.1688,12025.1363
2022-08-29,1.16882,1.17438,1.16477,1.17211,136720.78
2022-08-30,1.17209,1.176,1.16212,1.16577,154928.8402
2022-08-31,1.16578,1.16933,1.15935,1.15967,171736.316
2022-09-01,1.15967,1.16162,1.14984,1.15463,134678.67
2022-09-02,1.15464,1.15884,1.14955,1.15005,145762.83
2022-09-04,1.14807,1.1495,1.14654,1.14721,9029.01
2022-09-05,1.14721,1.15666,1.14432,1.15639,115465.19
2022-09-06,1.15643,1.16089,1.14933,1.15103,168612.8
2022-09-07,1.15104,1.15409,1.14047,1.15215,171835.54
2022-09-08,1.15216,1.15605,1.14599,1.15198,234741.02
2022-09-09,1.15198,1.16477,1.15151,1.15876,191782.59
2022-09-11,1.16379,1.16389,1.16018,1.16195,11971.78
2022-09-12,1.16194,1.17102,1.16001,1.16884,168041.7
2022-09-13,1.16886,1.17379,1.14814,1.15018,192207.34
2022-09-14,1.15018,1.15893,1.14797,1.15439,196633.22
2022-09-15,1.15439,1.15473,1.14505,1.14513,145669.36
2022-09-16,1.14513,1.14799,1.135,1.14187,145149.4
2022-09-18,1.14137,1.14406,1.14108,1.14336,7172.42
2022-09-19,1.14336,1.14451,1.13549,1.14442,90120.24
2022-09-20,1.14443,1.14605,1.1357,1.13801,151421.76
2022-09-21,1.13802,1.13842,1.1235,1.12565,194062.58
2022-09-22,1.12566,1.13638,1.12113,1.12621,225713.95
2022-09-23,1.12619,1.12739,1.08387,1.08474,214771.22
2022-09-25,1.07935,1.08459,1.07795,1.07924,20017.78
2022-09-26,1.07923,1.09298,1.03261,1.07658,382982.8092
2022-09-27,1.07655,1.08374,1.06583,1.07251,216782.3
2022-09-28,1.0725,1.09156,1.05389,1.08303,341094.98
2022-09-29,1.08303,1.12038,1.07615,1.11707,285608.8276
2022-09-30,1.11706,1.12335,1.10246,1.11538,253468.25
2022-10-02,1.11504,1.11943,1.11271,1.11342,21819.419
2022-10-03,1.11345,1.13412,1.10851,1.13374,255367.0555
2022-10-04,1.13373,1.14894,1.128,1.14497,252399.994
2022-10-05,1.14498,1.14951,1.12264,1.13554,315720.41
2022-10-06,1.13556,1.13833,1.11124,1.11605,349783.3
2022-10-07,1.11603,1.12249,1.1055,1.10934,278079.84
2022-10-09,1.10891,1.1093,1.10609,1.10719,39503.91
2022-10-10,1.10721,1.11106,1.10191,1.10783,299064.26
2022-10-11,1.10788,1.11794,1.0952,1.09632,286439.75
2022-10-12,1.09637,1.11336,1.09227,1.11001,235494.424
2022-10-13,1.11,1.138,1.10565,1.13009,260288.4794
2022-10-14,1.13007,1.13661,1.11511,1.1178,404516.06
2022-10-16,1.12325,1.12476,1.1209,1.12408,38042.035
2022-10-17,1.12408,1.14392,1.12151,1.1351,327747.56
2022-10-18,1.13513,1.14106,1.12551,1.13417,389079.7
2022-10-19,1.13417,1.13504,1.11846,1.12062,335947.87
2022-10-20,1.1206,1.1336,1.11709,1.1221,394958.21
2022-10-21,1.12218,1.13144,1.10601,1.12956,469709.36
2022-10-23,1.13928,1.14081,1.1307,1.13351,41938.11
2022-10-24,1.13358,1.13818,1.12574,1.13051,438399.07
2022-10-25,1.13053,1.14988,1.12704,1.14578,247523.75
2022-10-26,1.1458,1.164,1.14299,1.16385,461532.04
2022-10-27,1.16383,1.16449,1.15483,1.15638,272177.89
2022-10-28,1.15638,1.16235,1.15035,1.16127,191617.61
2022-10-30,1.15783,1.16056,1.15764,1.15941,29253.71
2022-10-31,1.1594,1.1613,1.14578,1.14669,322035.16
2022-11-01,1.14667,1.15659,1.14365,1.14882,548474.18
2022-11-02,1.14889,1.15644,1.13744,1.1383,697355.63
2022-11-03,1.13831,1.14216,1.11487,1.11695,393444.17
2022-11-04,1.11697,1.13818,1.1145,1.13764,241849.98
2022-11-06,1.13054,1.13412,1.13027,1.13308,24017.53
2022-11-07,1.13307,1.15413,1.12899,1.15129,317295.25
2022-11-08,1.15129,1.15988,1.14297,1.15507,235041.47
2022-11-09,1.15508,1.15664,1.13334,1.13676,319167.03
2022-11-10,1.13673,1.17311,1.13626,1.16938,309304.17
2022-11-11,1.16937,1.18543,1.16466,1.18295,248898.63
2022-11-13,1.18099,1.18118,1.17637,1.17958,29163.04
2022-11-14,1.17958,1.18283,1.17098,1.17507,392887.77
2022-11-15,1.17511,1.20285,1.17404,1.18785,299340.71
2022-11-16,1.18787,1.19417,1.18309,1.19135,234794.94
2022-11-17,1.19136,1.19576,1.17622,1.18584,279609.0
2022-11-18,1.18582,1.19503,1.1858,1.18883,214234.3
2022-11-20,1.18948,1.18976,1.18761,1.18841,14872.35
2022-11-21,1.18837,1.18856,1.17779,1.18258,228327.73
2022-11-22,1.18257,1.19022,1.1822,1.1893,238178.17
2022-11-23,1.1893,1.20804,1.1872,1.20757,269450.2559
2022-11-24,1.20756,1.2153,1.20577,1.21115,189117.96
2022-11-25,1.21116,1.21269,1.20577,1.20867,366367.36
2022-11-27,1.20626,1.20748,1.20502,1.20534,32476.64
2022-11-28,1.20527,1.21175,1.19398,1.19588,287325.96
2022-11-29,1.1959,1.20639,1.19414,1.19455,273721.86
2022-11-30,1.19457,1.20879,1.18999,1.20744,417441.04
2022-12-01,1.20743,1.23098,1.20693,1.22578,281624.84
2022-12-02,1.22578,1.22997,1.21338,1.22772,285431.25
2022-12-04,1.22667,1.22959,1.22649,1.2295,7544.8
2022-12-05,1.22948,1.23441,1.2161,1.21915,313187.52
2022-12-06,1.21916,1.22689,1.21264,1.21321,354929.6
2022-12-07,1.2132,1.22343,1.21058,1.22089,217626.11
2022-12-08,1.22089,1.22467,1.21542,1.22334,154315.97
2022-12-09,1.22334,1.23221,1.22017,1.22654,204699.31
2022-12-11,1.22531,1.22637,1.22325,1.22349,7795.21
2022-12-12,1.22349,1.22983,1.22054,1.22686,167017.46
2022-12-13,1.22686,1.24432,1.22477,1.2354,273723.91
2022-12-14,1.2354,1.24464,1.23414,1.24179,217565.7
2022-12-15,1.24179,1.24256,1.21558,1.21902,254700.74
2022-12-16,1.21902,1.22225,1.21193,1.21345,227390.25
2022-12-18,1.21458,1.2169,1.21445,1.2159,13407.74
2022-12-19,1.2159,1.22416,1.212,1.21536,178491.32
2022-12-20,1.21536,1.22234,1.20847,1.21875,287642.5838
2022-12-21,1.21878,1.21896,1.20548,1.20759,231185.65
2022-12-22,1.20759,1.21473,1.19919,1.20366,367055.05
2022-12-23,1.20372,1.20899,1.2018,1.20335,333520.32
2022-12-25,1.20551,1.20648,1.20483,1.20604,272.73
2022-12-26,1.20601,1.20916,1.20475,1.20819,63925.82
2022-12-27,1.20818,1.2112,1.20021,1.20256,194542.53
2022-12-28,1.20261,1.21254,1.20018,1.20277,213778.47
2022-12-29,1.2028,1.20783,1.20141,1.20547,150861.81
2022-12-30,1.2055,1.21071,1.20093,1.20934,229672.91
2023-01-01,1.20615,1.20959,1.20494,1.20926,1737.73
2023-01-02,1.20921,1.21004,1.20325,1.20625,188909.6
2023-01-03,1.20624,1.20847,1.18999,1.19657,202102.56
2023-01-04,1.19658,1.20875,1.19651,1.20556,189431.32
2023-01-05,1.20556,1.20779,1.18729,1.19078,222530.24
2023-01-06,1.19075,1.20989,1.18408,1.20874,264998.91
2023-01-08,1.20793,1.212,1.20792,1.21195,8779.99
2023-01-09,1.21196,1.22096,1.2093,1.21832,169367.84
2023-01-10,1.21833,1.21978,1.21096,1.21527,155110.2
2023-01-11,1.21528,1.2178,1.20999,1.21578,162085.3
2023-01-12,1.2158,1.22465,1.20879,1.22159,284520.16
2023-01-13,1.22158,1.22483,1.21498,1.2223,205521.27
2023-01-15,1.22125,1.22332,1.22104,1.22222,15722.99
2023-01-16,1.22221,1.22887,1.21711,1.22075,175275.27
2023-01-17,1.2208,1.23001,1.21688,1.22826,187908.62
2023-01-18,1.22827,1.24355,1.22536,1.23458,238529.84
2023-01-19,1.23464,1.23977,1.23126,1.23916,167326.14
2023-01-20,1.23913,1.2404,1.2335,1.23942,147118.58
2023-01-22,1.24006,1.24139,1.23971,1.24058,5722.72
2023-01-23,1.24058,1.24476,1.23231,1.23779,133133.88
2023-01-24,1.23781,1.24134,1.22628,1.23309,139644.43
2023-01-25,1.23311,1.24179,1.22828,1.24097,132063.43
2023-01-26,1.24097,1.24302,1.23441,1.24134,138926.2
2023-01-27,1.24135,1.24184,1.2345,1.2396,111248.02
2023-01-29,1.23882,1.24005,1.2376,1.23995,6059.58
2023-01-30,1.23997,1.24173,1.23365,1.23493,129384.11
2023-01-31,1.23495,1.23708,1.22838,1.23078,139442.98
2023-02-01,1.23077,1.2401,1.22719,1.23866,210495.19
2023-02-02,1.23865,1.24,1.22188,1.22205,204303.79
2023-02-03,1.22205,1.22651,1.20471,1.20531,189028.92
2023-02-05,1.2033,1.20565,1.20301,1.20427,11612.93
2023-02-06,1.20428,1.20771,1.20051,1.20254,155017.73
2023-02-07,1.20254,1.20948,1.19608,1.20534,263041.0
2023-02-08,1.20534,1.21092,1.20379,1.20697,131989.0
2023-02-09,1.20698,1.21936,1.20562,1.2115,160907.71
2023-02-10,1.21151,1.2139,1.20468,1.20575,140501.68
2023-02-12,1.20656,1.20656,1.20458,1.20506,6240.1
2023-02-13,1.20505,1.21519,1.20305,1.21498,129846.95
2023-02-14,1.21498,1.22696,1.2117,1.21734,196026.89
2023-02-15,1.21735,1.21812,1.19894,1.20364,159065.06
2023-02-16,1.20364,1.20737,1.19651,1.19735,169982.16
2023-02-17,1.19737,1.20491,1.19145,1.20297,134912.4675
2023-02-19,1.20254,1.20365,1.20242,1.20282,14319.52
2023-02-20,1.20284,1.20564,1.20143,1.20378,149674.65
2023-02-21,1.20378,1.21473,1.19854,1.21086,212499.38
2023-02-22,1.21087,1.2135,1.20345,1.20463,209687.04
2023-02-23,1.20465,1.20744,1.19918,1.20163,204784.42
2023-02-24,1.20162,1.20414,1.19279,1.19363,211978.56
2023-02-26,1.19499,1.19541,1.19401,1.19489,14956.02
2023-02-27,1.19492,1.20672,1.1922,1.20616,205180.06
2023-02-28,1.20618,1.21428,1.20105,1.20326,263893.89
2023-03-01,1.20324,1.20884,1.19647,1.20259,229517.55
2023-03-02,1.20259,1.20362,1.19247,1.19486,220919.79
2023-03-03,1.19487,1.20482,1.19475,1.20437,163066.29
2023-03-05,1.20253,1.20371,1.2022,1.20269,11525.29
2023-03-06,1.20268,1.20487,1.19925,1.20244,159090.54
2023-03-07,1.20242,1.20649,1.18207,1.18264,244272.58
2023-03-08,1.18265,1.18586,1.18024,1.18486,208792.4745
2023-03-09,1.18488,1.19385,1.18316,1.19223,182352.46
2023-03-10,1.19223,1.21131,1.19072,1.20244,360337.34
2023-03-12,1.20816,1.2103,1.2064,1.20747,69170.5
2023-03-13,1.20749,1.21992,1.20459,1.21662,478704.98
2023-03-14,1.21664,1.22034,1.21352,1.21501,414161.95
2023-03-15,1.21502,1.21815,1.20097,1.20669,429566.67
2023-03-16,1.20669,1.21275,1.20265,1.21089,374950.43
2023-03-17,1.21088,1.22003,1.21015,1.21726,209321.63
2023-03-19,1.21998,1.22063,1.21767,1.21864,36144.53
2023-03-20,1.21863,1.22846,1.21666,1.22731,313595.57
2023-03-21,1.22731,1.2282,1.21784,1.22242,166767.2
2023-03-22,1.22241,1.23346,1.22079,1.22768,274530.96
2023-03-23,1.22767,1.23432,1.22612,1.22801,239680.0
2023-03-24,1.22802,1.22884,1.21898,1.22278,193312.39
2023-03-26,1.22224,1.22494,1.22224,1.22444,15550.62
2023-03-27,1.22443,1.22975,1.22186,1.22959,181194.39
2023-03-28,1.2296,1.23491,1.22807,1.23298,109560.8
2023-03-29,1.23299,1.23614,1.23023,1.23097,141039.7
2023-03-30,1.23097,1.23927,1.2293,1.23865,151117.61
2023-03-31,1.23862,1.24227,1.2324,1.23287,165768.21
2023-04-02,1.23274,1.23307,1.22836,1.22855,30652.02
2023-04-03,1.22856,1.2425,1.2274,1.24196,159313.96
2023-04-04,1.24198,1.2525,1.23947,1.24983,159473.09
2023-04-05,1.24984,1.25141,1.24323,1.24621,164335.28
2023-04-06,1.24617,1.24867,1.24123,1.24375,126181.63
2023-04-07,1.24376,1.24557,1.23888,1.24113,130275.925
2023-04-09,1.24168,1.24307,1.24167,1.24301,10949.99
2023-04-10,1.24303,1.24423,1.2344,1.23909,129761.25
2023-04-11,1.23907,1.24559,1.23863,1.2429,129973.11
2023-04-12,1.24288,1.24953,1.2398,1.24914,146241.42
2023-04-13,1.24915,1.25373,1.24774,1.2524,138859.1
2023-04-14,1.25238,1.25459,1.23988,1.24107,145705.2
2023-04-16,1.23985,1.24163,1.23976,1.24007,13066.26
2023-04-17,1.24008,1.24378,1.23528,1.23729,119253.29
2023-04-18,1.2373,1.24497,1.23672,1.24243,112423.73
2023-04-19,1.24242,1.2474,1.23922,1.24276,123075.35
2023-04-20,1.24278,1.24675,1.24044,1.24396,133628.7
2023-04-21,1.24396,1.24479,1.23666,1.24351,135685.3
2023-04-23,1.24359,1.24518,1.24341,1.24472,6207.57
2023-04-24,1.2447,1.24994,1.24102,1.24986,109819.35
2023-04-25,1.24985,1.25066,1.23863,1.24135,137409.73
2023-04-26,1.24139,1.2515,1.24022,1.24704,145874.74
2023-04-27,1.24704,1.24994,1.24359,1.24965,166358.5
2023-04-28,1.24965,1.25837,1.24462,1.25608,165295.98
2023-04-30,1.25538,1.25686,1.25538,1.25575,15544.13
2023-05-01,1.25574,1.25689,1.24802,1.24843,141290.97
2023-05-02,1.2484,1.2512,1.24352,1.24761,152744.8
2023-05-03,1.24762,1.25895,1.24676,1.25684,201942.1
2023-05-04,1.25685,1.25984,1.25478,1.25824,196914.27
2023-05-05,1.25826,1.26522,1.25581,1.2624,124250.6
2023-05-07,1.26263,1.26351,1.26247,1.26293,10627.48
2023-05-08,1.26294,1.26685,1.26103,1.26119,94765.18
2023-05-09,1.26121,1.26398,1.25777,1.26238,111048.62
2023-05-10,1.26238,1.26794,1.26022,1.26252,123378.0
2023-05-11,1.26251,1.26403,1.24962,1.25071,164220.99
2023-05-12,1.25072,1.25406,1.24437,1.24437,92308.99
2023-05-14,1.24542,1.24562,1.24432,1.24507,16677.54
2023-05-15,1.24506,1.25342,1.24449,1.25243,95298.75
2023-05-16,1.25243,1.25461,1.24651,1.24836,121523.87
2023-05-17,1.24837,1.25099,1.24212,1.2482,124849.56
2023-05-18,1.2482,1.24926,1.23911,1.24109,125248.58
2023-05-19,1.24109,1.24835,1.23916,1.24411,138790.12
2023-05-21,1.24354,1.24607,1.24352,1.24604,10576.48
2023-05-22,1.24605,1.24719,1.24135,1.24335,128241.73
2023-05-23,1.24336,1.24464,1.23723,1.24161,136145.88
2023-05-24,1.2416,1.24691,1.23575,1.23693,161460.38
2023-05-25,1.23697,1.23867,1.23076,1.23162,145979.28
2023-05-26,1.23163,1.23952,1.23105,1.23437,120945.6
2023-05-28,1.23326,1.23516,1.23325,1.23447,12804.53
2023-05-29,1.23448,1.23714,1.23348,1.2347,79651.2
2023-05-30,1.23471,1.24461,1.23267,1.24118,120566.15
2023-05-31,1.24119,1.24492,1.23476,1.24447,166841.49
2023-06-01,1.24445,1.25394,1.24006,1.25262,132333.1
2023-06-02,1.25261,1.25443,1.24412,1.24434,119584.13
2023-06-04,1.24474,1.24501,1.24266,1.24302,14112.05
2023-06-05,1.24301,1.24433,1.23681,1.24319,110293.06
2023-06-06,1.24318,1.24584,1.23915,1.24288,106786.17
2023-06-07,1.24287,1.24997,1.23946,1.24443,110473.99
2023-06-08,1.24441,1.25631,1.24411,1.25577,116827.0
2023-06-09,1.25577,1.259,1.25338,1.25754,107982.49
2023-06-11,1.25644,1.25827,1.25558,1.25793,5850.47
2023-06-12,1.25799,1.25992,1.24865,1.25143,102812.87
2023-06-13,1.25143,1.26244,1.25131,1.26061,137329.44
2023-06-14,1.26059,1.26987,1.26005,1.26704,145735.8
2023-06-15,1.26706,1.27901,1.26292,1.27844,148211.45
2023-06-16,1.27843,1.28481,1.27678,1.28173,136750.63
2023-06-18,1.28133,1.28325,1.28133,1.28308,10002.83
2023-06-19,1.28309,1.28368,1.27702,1.27926,98272.6125
2023-06-20,1.27926,1.28058,1.27132,1.27651,146475.63
2023-06-21,1.27651,1.28017,1.26908,1.27701,168035.22
2023-06-22,1.27702,1.28397,1.27252,1.27463,178624.49
2023-06-23,1.27462,1.27486,1.26851,1.27125,144231.64
2023-06-25,1.27057,1.27311,1.27034,1.27285,18325.21
2023-06-26,1.27285,1.27484,1.26877,1.27104,145479.83
2023-06-27,1.27105,1.27592,1.2703,1.2745,141644.74
2023-06-28,1.27452,1.27516,1.26064,1.26413,128981.55
2023-06-29,1.26415,1.26666,1.25908,1.26129,133161.95
2023-06-30,1.26129,1.27273,1.2599,1.26902,117396.31
2023-07-02,1.26892,1.27045,1.26892,1.26931,11307.63
2023-07-03,1.26931,1.27229,1.26582,1.26918,114177.01
2023-07-04,1.26917,1.27392,1.26831,1.2717,72616.2
2023-07-05,1.27169,1.27353,1.26879,1.27037,100768.9
2023-07-06,1.27041,1.27805,1.26732,1.27413,136491.59
2023-07-07,1.27412,1.28491,1.27255,1.28343,112149.68
2023-07-09,1.28307,1.28412,1.28296,1.28374,13417.2
2023-07-10,1.28375,1.28681,1.27502,1.28635,122457.53
2023-07-11,1.28634,1.29392,1.28575,1.29333,105595.67
2023-07-12,1.29334,1.30001,1.29058,1.29955,100447.98
2023-07-13,1.29956,1.31406,1.29828,1.31278,123376.39
2023-07-14,1.31278,1.31421,1.30859,1.30859,117638.09
2023-07-16,1.30893,1.31007,1.30827,1.30891,18052.75
2023-07-17,1.30892,1.31089,1.30506,1.30712,100324.33
2023-07-18,1.30712,1.31255,1.30278,1.30332,122179.65
2023-07-19,1.30331,1.30385,1.28674,1.2937,151983.2
2023-07-20,1.2937,1.29643,1.28395,1.28722,119257.82
2023-07-21,1.28724,1.29038,1.28156,1.28515,109865.17
2023-07-23,1.28455,1.28579,1.28454,1.28518,4060.2
2023-07-24,1.28519,1.28834,1.27976,1.28118,130445.85
2023-07-25,1.28116,1.29044,1.28091,1.28929,122963.74
2023-07-26,1.28927,1.296,1.2875,1.29267,165534.07
2023-07-27,1.29268,1.29953,1.27814,1.27928,171711.48
2023-07-28,1.27928,1.28875,1.27626,1.28455,170304.95
2023-07-30,1.28381,1.28581,1.28381,1.2853,9340.36
2023-07-31,1.28531,1.28724,1.2828,1.28312,109213.22
2023-08-01,1.28312,1.28385,1.27407,1.27941,144105.93
2023-08-02,1.27944,1.27986,1.26802,1.27185,132046.26
2023-08-03,1.27183,1.27278,1.26202,1.27151,147571.9
2023-08-04,1.27153,1.27918,1.26857,1.27426,139868.21
2023-08-06,1.27512,1.27618,1.27382,1.27483,12753.19
2023-08-07,1.27484,1.27888,1.27127,1.27809,100176.2
2023-08-08,1.2781,1.27853,1.26838,1.27429,124164.68
2023-08-09,1.27429,1.27819,1.27116,1.27192,103353.24
2023-08-10,1.2719,1.28185,1.26689,1.26697,143090.56
2023-08-11,1.26694,1.27382,1.26655,1.269,109493.83
2023-08-13,1.26916,1.27031,1.26861,1.26936,8876.97
2023-08-14,1.26937,1.27146,1.26163,1.26855,137317.78
2023-08-15,1.26853,1.27521,1.26748,1.27001,167756.02
2023-08-16,1.27001,1.27661,1.26866,1.27272,125229.7975
2023-08-17,1.27271,1.27871,1.27023,1.27468,134560.81
2023-08-18,1.27468,1.27655,1.26889,1.27278,116844.21
2023-08-20,1.27285,1.2741,1.27283,1.27407,11323.57
2023-08-21,1.27406,1.27665,1.271,1.27593,108538.69
2023-08-22,1.27593,1.28001,1.27182,1.27309,105241.82
2023-08-23,1.27309,1.27644,1.26143,1.27196,151317.82
2023-08-24,1.27195,1.27283,1.25855,1.25921,124897.09
2023-08-25,1.2592,1.26539,1.25476,1.25723,117726.56
2023-08-27,1.25809,1.25892,1.25756,1.2589,9062.3
2023-08-28,1.25888,1.26151,1.25653,1.26105,114513.01
2023-08-29,1.26104,1.26547,1.25624,1.26354,136256.22
2023-08-30,1.26353,1.2746,1.26184,1.27107,147432.6
2023-08-31,1.27107,1.2734,1.26522,1.26706,132527.46
2023-09-01,1.26705,1.27127,1.2577,1.25831,116312.52
2023-09-03,1.25893,1.25928,1.25859,1.25908,8245.31
2023-09-04,1.25905,1.26423,1.25873,1.26218,63161.3
2023-09-05,1.26219,1.26316,1.25276,1.25691,124395.77
2023-09-06,1.25692,1.25876,1.24815,1.24979,120729.21
2023-09-07,1.24978,1.25079,1.24455,1.24748,104843.46
2023-09-08,1.24749,1.2514,1.24508,1.24652,111845.39
2023-09-10,1.24922,1.24922,1.24661,1.24879,10515.4225
2023-09-11,1.24884,1.25477,1.24817,1.25073,121454.56
2023-09-12,1.25075,1.25298,1.24592,1.24905,102511.9
2023-09-13,1.24905,1.25114,1.24339,1.24891,133672.94
2023-09-14,1.24891,1.25058,1.2396,1.24004,155643.31
2023-09-15,1.24005,1.24455,1.23765,1.23765,122881.12
2023-09-17,1.23825,1.23975,1.23807,1.23968,3573.43
2023-09-18,1.23968,1.24102,1.237,1.23827,91342.18
2023-09-19,1.23827,1.24247,1.23697,1.23926,91697.28
2023-09-20,1.23926,1.24211,1.23234,1.23267,155021.01
2023-09-21,1.23267,1.23311,1.2233,1.22924,120322.12
2023-09-22,1.22925,1.22932,1.22303,1.22371,109723.6
2023-09-24,1.22467,1.22527,1.22361,1.22407,36672.69
2023-09-25,1.22406,1.22499,1.21932,1.22123,97305.93
2023-09-26,1.22124,1.22146,1.21434,1.21456,100906.72
2023-09-27,1.21456,1.21642,1.21101,1.21349,124833.54
2023-09-28,1.21351,1.22244,1.21198,1.2204,118062.73
2023-09-29,1.22038,1.22715,1.21799,1.21942,141745.43
2023-10-01,1.21936,1.22055,1.21799,1.21924,4968.34
2023-10-02,1.21927,1.22195,1.20838,1.20897,115182.39
2023-10-03,1.20897,1.21015,1.2052,1.20771,137880.4
2023-10-04,1.20772,1.21765,1.20369,1.21365,126896.08
2023-10-05,1.21365,1.21956,1.21074,1.21868,121684.49
2023-10-06,1.21868,1.2261,1.21053,1.22323,148115.94
2023-10-08,1.22017,1.2221,1.21988,1.22191,9125.48
2023-10-09,1.22191,1.22516,1.21628,1.22491,101745.99
2023-10-10,1.22489,1.22943,1.22114,1.22889,131723.91
2023-10-11,1.22889,1.23371,1.2268,1.23148,124525.23
2023-10-12,1.23146,1.23315,1.21702,1.21823,118079.095
2023-10-13,1.21823,1.2225,1.21223,1.21358,113527.61
2023-10-15,1.21416,1.21568,1.21319,1.21543,13591.39
2023-10-16,1.21545,1.22193,1.21423,1.22112,104912.33
2023-10-17,1.22112,1.22155,1.21326,1.21778,126730.63
2023-10-18,1.21776,1.22108,1.21368,1.21411,113000.63
2023-10-19,1.21411,1.21914,1.20897,1.21351,148027.96
2023-10-20,1.21351,1.217,1.20929,1.21559,106406.49
2023-10-22,1.215,1.21659,1.215,1.2163,5942.34
2023-10-23,1.2163,1.22582,1.2143,1.22487,105935.82
2023-10-24,1.22488,1.22885,1.21529,1.21618,115306.21
2023-10-25,1.21618,1.21756,1.20944,1.21017,103905.34
2023-10-26,1.2102,1.21393,1.20691,1.21358,115076.68
2023-10-27,1.21354,1.21622,1.21052,1.21178,91442.99
2023-10-29,1.21265,1.21265,1.21089,1.21125,6570.82
2023-10-30,1.21123,1.21743,1.20899,1.21633,87307.94
2023-10-31,1.21633,1.22003,1.21191,1.21502,108340.84
2023-11-01,1.21501,1.21812,1.20955,1.21812,135887.66
2023-11-02,1.21814,1.22253,1.21549,1.21889,118916.12
2023-11-03,1.2189,1.23892,1.21842,1.23772,116756.02
2023-11-05,1.23627,1.23769,1.23619,1.23717,3618.98
2023-11-06,1.23718,1.24282,1.23378,1.23432,89408.0
2023-11-07,1.23432,1.23467,1.22621,1.22908,92148.49
2023-11-08,1.22905,1.23011,1.22414,1.22848,114174.79
2023-11-09,1.22852,1.23083,1.22124,1.22157,126112.89
2023-11-10,1.22156,1.22376,1.21868,1.22237,102268.87
2023-11-12,1.21964,1.22315,1.21964,1.22293,3015.96
2023-11-13,1.22292,1.22804,1.22229,1.22794,81160.84
2023-11-14,1.22795,1.25058,1.2265,1.24928,105247.15
2023-11-15,1.2493,1.24973,1.24034,1.24213,115447.76
2023-11-16,1.24213,1.24557,1.23761,1.24139,98107.8
2023-11-17,1.24141,1.24645,1.23736,1.24564,102316.01
2023-11-19,1.24467,1.24619,1.24467,1.24528,7763.92
2023-11-20,1.2453,1.25172,1.24455,1.25078,97494.85
2023-11-21,1.25079,1.2559,1.25042,1.25426,113032.4
2023-11-22,1.25426,1.25493,1.24488,1.24887,128203.58
2023-11-23,1.24887,1.25683,1.24885,1.25324,76677.47
2023-11-24,1.25324,1.2615,1.2524,1.26016,101277.63
2023-11-26,1.25969,1.26047,1.25969,1.25992,2410.15
2023-11-27,1.25993,1.2644,1.25906,1.26342,92696.96
2023-11-28,1.26342,1.27147,1.26063,1.27121,123507.28
2023-11-29,1.26969,1.27027,1.2695,1.27015,714.43
2023-11-30,1.26946,1.27104,1.2603,1.26307,153817.91
2023-12-01,1.26305,1.27157,1.26137,1.27036,154269.82
2023-12-03,1.26843,1.2724,1.26843,1.27103,11528.61
2023-12-04,1.27105,1.27118,1.26034,1.26328,135211.75
2023-12-05,1.2633,1.26516,1.25769,1.25938,141464.77
2023-12-06,1.25939,1.26133,1.25512,1.25573,116067.27
2023-12-07,1.25574,1.26123,1.2544,1.25866,149608.5
2023-12-08,1.25867,1.2601,1.2502,1.25445,168746.84
2023-12-10,1.25306,1.25539,1.25261,1.25539,3869.55
2023-12-11,1.25538,1.25907,1.25344,1.25528,111145.16
2023-12-12,1.25529,1.26152,1.25137,1.25684,119174.18
2023-12-13,1.25685,1.26344,1.24999,1.26206,150012.05
2023-12-14,1.26206,1.27937,1.26118,1.27705,205280.5
2023-12-15,1.27704,1.27901,1.26681,1.26738,144600.21
2023-12-17,1.26746,1.26781,1.26659,1.26708,3177.58
2023-12-18,1.2671,1.27036,1.26284,1.26523,105585.51
2023-12-19,1.26525,1.27615,1.26491,1.27297,113555.34
2023-12-20,1.27297,1.27299,1.26245,1.26398,119355.71
2023-12-21,1.26397,1.26958,1.26119,1.26826,181710.65
2023-12-22,1.26825,1.27438,1.26785,1.26945,267219.7
2023-12-25,1.27061,1.27132,1.26733,1.27034,6876.0
2023-12-26,1.27035,1.27298,1.26841,1.27258,177299.43
2023-12-27,1.27255,1.28026,1.26983,1.27996,101934.0
2023-12-28,1.27995,1.28272,1.27121,1.27339,118656.62
2023-12-29,1.2734,1.27723,1.27,1.27292,153991.34
2024-01-01,1.27184,1.27347,1.27155,1.27274,3278.48
2024-01-02,1.27275,1.27596,1.26105,1.2622,133476.09
2024-01-03,1.26221,1.26761,1.26156,1.26727,149834.31
2024-01-04,1.26727,1.27296,1.26565,1.26807,126701.08
2024-01-05,1.26807,1.27707,1.26106,1.27173,158997.24
2024-01-07,1.27018,1.27192,1.27018,1.27169,2938.04
2024-01-08,1.27169,1.27668,1.26729,1.27411,95953.14
2024-01-09,1.27411,1.27647,1.2689,1.27102,97271.7
2024-01-10,1.27104,1.27448,1.26859,1.27442,92893.97
2024-01-11,1.27441,1.27849,1.26898,1.27782,172938.39
2024-01-12,1.27783,1.27854,1.27192,1.27473,136934.15
2024-01-14,1.27373,1.27508,1.27347,1.2735,4764.92
2024-01-15,1.27352,1.27649,1.27127,1.27151,106659.19
2024-01-16,1.27152,1.27164,1.2619,1.26376,155860.91
2024-01-17,1.26376,1.26958,1.25963,1.2677,152485.12
2024-01-18,1.26769,1.27118,1.26478,1.27109,127305.86
2024-01-19,1.27109,1.27143,1.26608,1.2702,107651.49
2024-01-21,1.26789,1.27083,1.26789,1.26992,6317.74
2024-01-22,1.26991,1.27325,1.26865,1.27057,100626.09
2024-01-23,1.27055,1.27467,1.26488,1.26907,121462.46
2024-01-24,1.26908,1.27745,1.26852,1.27173,120422.61
2024-01-25,1.27175,1.27424,1.26813,1.27057,122845.18
2024-01-26,1.27058,1.27582,1.26751,1.27025,100759.69
2024-01-28,1.26959,1.27037,1.26897,1.26962,6781.69
2024-01-29,1.26962,1.27184,1.26617,1.27118,89965.28
2024-01-30,1.27119,1.27207,1.26399,1.26943,112902.93
2024-01-31,1.26943,1.27505,1.26576,1.26794,170493.08
2024-02-01,1.26792,1.27554,1.26249,1.27457,152467.71
2024-02-02,1.27456,1.27721,1.26136,1.26284,124319.43
2024-02-04,1.26201,1.26366,1.26106,1.26211,7600.46
2024-02-05,1.26208,1.26292,1.25181,1.25333,107051.27
2024-02-06,1.25334,1.26054,1.2533,1.26033,103843.71
2024-02-07,1.26034,1.26416,1.25963,1.26261,103272.73
2024-02-08,1.26258,1.26383,1.25714,1.26201,93567.35
2024-02-09,1.262,1.26429,1.25987,1.26247,79997.13
2024-02-11,1.26206,1.2637,1.26206,1.26365,5374.24
2024-02-12,1.26363,1.26544,1.26058,1.26262,76322.76
2024-02-13,1.26262,1.26875,1.25727,1.25898,105806.01
2024-02-14,1.25897,1.26109,1.25352,1.25671,111876.25
2024-02-15,1.2567,1.26049,1.2541,1.25977,96477.45
2024-02-16,1.25979,1.26241,1.25504,1.25978,98400.47
2024-02-18,1.25987,1.26109,1.25974,1.26104,6835.5
2024-02-19,1.26106,1.26295,1.2583,1.25874,67764.47
2024-02-20,1.25873,1.26682,1.2579,1.26244,95230.51
2024-02-21,1.26244,1.26416,1.26023,1.26377,94715.26
2024-02-22,1.26379,1.27093,1.26112,1.26615,99601.27
2024-02-23,1.26616,1.2701,1.26479,1.26683,70723.62
2024-02-25,1.26727,1.26783,1.26685,1.267,2438.75
2024-02-26,1.26696,1.26993,1.26563,1.26834,56513.68
2024-02-27,1.26838,1.26965,1.26601,1.26796,69025.34
2024-02-28,1.26798,1.26838,1.26211,1.26611,73096.57
2024-02-29,1.26611,1.26813,1.26119,1.26266,84039.31
2024-03-01,1.26266,1.26636,1.25995,1.2653,80507.83
2024-03-03,1.26465,1.26621,1.26465,1.26601,3716.1
2024-03-04,1.26601,1.27062,1.26555,1.2689,58444.51
2024-03-05,1.26894,1.27347,1.26711,1.27039,68359.17
2024-03-06,1.27042,1.27613,1.26899,1.27357,69491.32
2024-03-07,1.27357,1.28132,1.27228,1.2813,75077.4
2024-03-08,1.2813,1.28934,1.28008,1.28548,84772.97
2024-03-10,1.28544,1.28607,1.28476,1.28552,3278.16
2024-03-11,1.28552,1.28618,1.27949,1.28177,67741.0
2024-03-12,1.28177,1.28231,1.27459,1.27947,99274.91
2024-03-13,1.27946,1.28111,1.27741,1.28008,74340.5
2024-03-14,1.28009,1.28227,1.27303,1.27448,88855.12
2024-03-15,1.27447,1.27585,1.27248,1.27313,72961.6
2024-03-17,1.2727,1.27374,1.27264,1.27307,3597.7
2024-03-18,1.27307,1.27465,1.27176,1.2726,61153.41
2024-03-19,1.27261,1.27326,1.26674,1.27174,88987.97
2024-03-20,1.27173,1.27981,1.26841,1.27977,122823.07
2024-03-21,1.27975,1.2803,1.26503,1.26602,133668.56
2024-03-22,1.26601,1.26751,1.25748,1.25984,88619.61
2024-03-24,1.25948,1.26018,1.25901,1.2597,4007.83
2024-03-25,1.25972,1.2652,1.25914,1.26358,61001.46
2024-03-26,1.26359,1.26676,1.26217,1.26274,70008.15
2024-03-27,1.26273,1.26408,1.26052,1.26165,76067.93
2024-03-28,1.26167,1.26544,1.25855,1.26211,90537.1
2024-03-29,1.26211,1.26448,1.26092,1.26158,44550.88
2024-03-31,1.26077,1.26415,1.26077,1.26372,11114.56
2024-04-01,1.26372,1.26416,1.25393,1.25458,67313.5
2024-04-02,1.25457,1.25806,1.25391,1.25757,80918.99
2024-04-03,1.25754,1.26559,1.25621,1.26509,94500.51
2024-04-04,1.26509,1.26833,1.26349,1.26387,82564.17
2024-04-05,1.26387,1.26483,1.25741,1.26361,104314.7
2024-04-07,1.26244,1.26339,1.26206,1.26235,5061.5
2024-04-08,1.26233,1.26636,1.2613,1.26572,90957.22
2024-04-09,1.2657,1.2709,1.26485,1.26767,76691.5
2024-04-10,1.26767,1.27078,1.252,1.25362,123786.0
2024-04-11,1.25363,1.25784,1.25105,1.25544,88046.32
2024-04-12,1.25541,1.25585,1.24263,1.24482,84897.31
2024-04-14,1.2441,1.24629,1.24362,1.24593,5882.72
2024-04-15,1.24594,1.24983,1.24355,1.24458,101014.73
2024-04-16,1.24459,1.24718,1.24055,1.24302,113751.45
2024-04-17,1.24301,1.24815,1.24168,1.24525,98699.5
2024-04-18,1.24529,1.24843,1.24318,1.24345,79133.27
2024-04-19,1.24344,1.24682,1.23666,1.23695,123925.12
2024-04-21,1.23694,1.23783,1.23655,1.2375,3362.31
2024-04-22,1.23756,1.23919,1.22991,1.23494,66231.38
2024-04-23,1.23494,1.24582,1.23315,1.24541,86095.53
2024-04-24,1.24541,1.24697,1.24223,1.24589,67300.46
2024-04-25,1.24588,1.2527,1.2454,1.2507,106176.69
2024-04-26,1.25068,1.25409,1.24489,1.24908,86076.8
2024-04-28,1.24632,1.25096,1.24623,1.25093,1826.36
2024-04-29,1.25093,1.25693,1.25072,1.25593,93411.9
2024-04-30,1.25592,1.25609,1.24876,1.24884,99746.55
2024-05-01,1.24888,1.25499,1.24659,1.25359,111501.06
2024-05-02,1.25359,1.25444,1.24717,1.25392,115334.96
2024-05-03,1.25395,1.2634,1.25292,1.25446,120883.93
2024-05-05,1.25324,1.25528,1.25324,1.25404,4314.48
2024-05-06,1.25404,1.25941,1.25381,1.2559,86663.84
2024-05-07,1.2559,1.25704,1.24983,1.25015,82336.31
2024-05-08,1.25011,1.25045,1.24675,1.24928,74588.42
2024-05-09,1.24929,1.25296,1.24457,1.25246,89960.35
2024-05-10,1.25245,1.2541,1.25023,1.25239,67656.18
2024-05-12,1.25155,1.25273,1.25124,1.25216,2324.76
2024-05-13,1.25218,1.25683,1.25172,1.25598,65272.25
2024-05-14,1.25597,1.25927,1.25092,1.25836,86095.33
2024-05-15,1.25835,1.2694,1.25831,1.26884,92606.33
2024-05-16,1.26883,1.27005,1.26432,1.26711,71247.1
2024-05-17,1.26711,1.27114,1.26447,1.26999,53856.56
2024-05-19,1.26953,1.27077,1.26878,1.27055,2010.7
2024-05-20,1.27055,1.27252,1.26889,1.27095,57867.3
2024-05-21,1.27096,1.27266,1.26863,1.27097,45820.63
2024-05-22,1.27098,1.2761,1.26998,1.27202,79158.94
2024-05-23,1.27201,1.27463,1.26852,1.26929,87184.3
2024-05-24,1.26927,1.27507,1.26753,1.27358,62628.52
2024-05-26,1.27299,1.27429,1.27299,1.27338,2885.24
2024-05-27,1.27336,1.27774,1.27336,1.27718,49192.94
2024-05-28,1.27718,1.28005,1.27537,1.27576,69840.96
2024-05-29,1.27575,1.27715,1.2696,1.2697,73853.32
2024-05-30,1.26973,1.27469,1.26806,1.27285,70396.06
2024-05-31,1.27286,1.2766,1.26999,1.27404,79331.74
2024-06-02,1.27336,1.27453,1.27336,1.27439,2506.76
2024-06-03,1.27439,1.28119,1.26941,1.28095,80611.56
2024-06-04,1.28096,1.28171,1.27425,1.27719,82775.9
2024-06-05,1.27722,1.27951,1.2755,1.27932,73501.53
2024-06-06,1.27932,1.28088,1.27622,1.27923,74464.22
2024-06-07,1.27922,1.28159,1.27142,1.27198,86026.81
2024-06-09,1.27288,1.2731,1.27128,1.27279,5515.81
2024-06-10,1.27278,1.2737,1.26876,1.27256,60800.23
2024-06-11,1.27256,1.27513,1.27057,1.27393,68546.66
2024-06-12,1.27391,1.28604,1.27325,1.27958,119989.15
2024-06-13,1.27959,1.28073,1.2738,1.27534,79820.99
2024-06-14,1.27533,1.27636,1.26568,1.26828,88549.68
2024-06-16,1.26835,1.26871,1.2678,1.26832,4811.69
2024-06-17,1.26831,1.27139,1.26588,1.27134,66683.53
2024-06-18,1.27133,1.27207,1.26687,1.27066,84301.02
2024-06-19,1.27065,1.27397,1.26998,1.27198,52589.32
2024-06-20,1.27198,1.27202,1.26531,1.26596,79244.71
2024-06-21,1.26594,1.26742,1.26218,1.26424,80137.03
2024-06-23,1.26343,1.26448,1.26343,1.26375,5613.71
2024-06-24,1.26377,1.26977,1.26323,1.26817,61199.27
2024-06-25,1.26817,1.27022,1.267,1.26835,59052.03
2024-06-26,1.26837,1.26932,1.26153,1.26206,70629.53
2024-06-27,1.26207,1.26705,1.26125,1.26437,71506.14
2024-06-28,1.2644,1.26632,1.26194,1.26427,83964.48
2024-06-30,1.26492,1.26571,1.26386,1.26482,3786.36
2024-07-01,1.26482,1.27101,1.26328,1.26449,91471.43
2024-07-02,1.2645,1.26913,1.26152,1.26873,74694.56
2024-07-03,1.26877,1.27769,1.26781,1.27471,83108.78
2024-07-04,1.27471,1.27673,1.27408,1.2755,41473.85
2024-07-05,1.2755,1.28169,1.27549,1.28114,97307.1
2024-07-07,1.27961,1.28154,1.27855,1.28057,5464.26
2024-07-08,1.28057,1.28454,1.27996,1.2815,78318.93
2024-07-09,1.2815,1.28248,1.27773,1.27879,81050.07
2024-07-10,1.2788,1.28542,1.27839,1.28537,73089.43
2024-07-11,1.28537,1.29491,1.2849,1.29234,111546.58
2024-07-12,1.29231,1.29905,1.29019,1.29845,110866.36
2024-07-14,1.29629,1.29831,1.29625,1.2967,5215.65
2024-07-15,1.2967,1.29947,1.29616,1.29692,97636.222
2024-07-16,1.29688,1.29795,1.2938,1.29773,97233.49
2024-07-17,1.29774,1.30443,1.29658,1.30082,105836.3
2024-07-18,1.30083,1.30127,1.29401,1.29488,94436.23
2024-07-19,1.29488,1.29488,1.29006,1.291,81685.76
2024-07-21,1.29073,1.29393,1.29073,1.29324,6488.27
2024-07-22,1.29323,1.29419,1.29052,1.29306,84173.53
2024-07-23,1.29307,1.29345,1.28875,1.29008,82427.33
2024-07-24,1.29007,1.29372,1.28771,1.28975,99826.68
2024-07-25,1.28976,1.29132,1.28478,1.28548,119688.65
2024-07-26,1.28551,1.28777,1.28495,1.28642,83252.92
2024-07-28,1.28558,1.28717,1.28558,1.28664,4793.64
2024-07-29,1.28663,1.28878,1.28064,1.28594,94560.09
2024-07-30,1.28593,1.28642,1.28196,1.28375,88057.71
2024-07-31,1.28375,1.28641,1.28207,1.28524,140356.98
2024-08-01,1.28525,1.28604,1.27266,1.27276,132281.41
2024-08-02,1.27273,1.284,1.27071,1.28033,138183.38
2024-08-04,1.28031,1.28118,1.27812,1.27873,9284.1007
2024-08-05,1.27873,1.28165,1.27098,1.27873,265189.67
2024-08-06,1.27874,1.28027,1.26724,1.26841,159671.96
2024-08-07,1.26836,1.27355,1.26779,1.26824,113276.8
2024-08-08,1.26827,1.27522,1.26648,1.27452,108215.32
2024-08-09,1.27452,1.27737,1.27258,1.27578,68315.26
2024-08-11,1.27544,1.27619,1.27483,1.27487,4009.05
2024-08-12,1.27487,1.27936,1.27469,1.27703,70024.43
2024-08-13,1.27704,1.28728,1.27632,1.28652,76240.88
2024-08-14,1.28653,1.28681,1.28168,1.28239,81374.82
2024-08-15,1.28242,1.28714,1.27984,1.28585,71502.5
2024-08-16,1.28586,1.29456,1.28571,1.29417,51164.59
2024-08-18,1.29325,1.29507,1.29313,1.2946,3308.95
2024-08-19,1.29462,1.2997,1.29396,1.2989,66296.46
2024-08-20,1.2989,1.3052,1.29738,1.30336,92254.83
2024-08-21,1.30331,1.31193,1.30104,1.30921,104935.62
2024-08-22,1.30921,1.31299,1.30763,1.30962,103989.67
2024-08-23,1.30961,1.32299,1.30916,1.32086,110062.5
2024-08-25,1.32179,1.32201,1.32026,1.32137,5979.18
2024-08-26,1.3214,1.32219,1.31794,1.31912,105022.97
2024-08-27,1.31913,1.32657,1.31796,1.32549,83759.55
2024-08-28,1.3255,1.32605,1.31673,1.31927,97657.33
2024-08-29,1.31927,1.32267,1.3145,1.31647,110829.72
2024-08-30,1.31652,1.31996,1.31091,1.31231,115063.18
2024-09-01,1.3127,1.31329,1.31251,1.31294,4408.79
2024-09-02,1.31294,1.31549,1.31198,1.314,49454.43
2024-09-03,1.31403,1.3147,1.30873,1.31126,125497.79
2024-09-04,1.31127,1.3175,1.31007,1.31435,98215.17
2024-09-05,1.31435,1.31852,1.31369,1.31756,113461.85
2024-09-06,1.31757,1.32383,1.31097,1.3126,157973.76
2024-09-08,1.3118,1.31381,1.31115,1.31312,5194.15
2024-09-09,1.31312,1.31428,1.30673,1.30705,89000.79
2024-09-10,1.30704,1.31074,1.30492,1.30795,91042.49
2024-09-11,1.30794,1.31111,1.30016,1.30378,119320.37
2024-09-12,1.30378,1.31325,1.30317,1.31323,106382.69
2024-09-13,1.31321,1.31576,1.31144,1.31191,93420.66
2024-09-15,1.31169,1.31366,1.31166,1.31349,4529.3
2024-09-16,1.31349,1.3218,1.31349,1.32101,92450.44
2024-09-17,1.32101,1.32295,1.31459,1.31669,108446.08
2024-09-18,1.31669,1.32978,1.31561,1.32027,213920.7
2024-09-19,1.32029,1.3314,1.3153,1.32809,163530.13
2024-09-20,1.32811,1.33402,1.32678,1.33165,145913.6
2024-09-22,1.33039,1.33224,1.33039,1.33117,3360.9
2024-09-23,1.33117,1.33591,1.32481,1.33484,141390.8
2024-09-24,1.33486,1.34272,1.33316,1.34267,137778.26
2024-09-25,1.3427,1.34296,1.33121,1.33132,132649.23
2024-09-26,1.33133,1.34341,1.33121,1.34105,129994.54
2024-09-27,1.34103,1.34272,1.33595,1.33714,139283.62
2024-09-29,1.3367,1.33838,1.3367,1.33824,3794.29
2024-09-30,1.33823,1.34227,1.33499,1.33771,133810.54
2024-10-01,1.33771,1.33894,1.32369,1.3274,203698.84
2024-10-02,1.32742,1.33051,1.32455,1.32626,121923.93
2024-10-03,1.32625,1.32648,1.30918,1.31283,171312.41
2024-10-04,1.31281,1.31747,1.30694,1.3111,151592.82
2024-10-06,1.30788,1.31246,1.30788,1.31224,12206.94
2024-10-07,1.31225,1.3134,1.30589,1.30839,128293.74
2024-10-08,1.3084,1.3113,1.30639,1.30929,125084.04
2024-10-09,1.30928,1.31028,1.30551,1.306612,112261.52
2024-10-10,1.306614,1.30937,1.302,1.3061,134175.33
2024-10-11,1.30611,1.30828,1.30414,1.30682,76816.6
2024-10-13,1.30609,1.30658,1.30459,1.30479,4433.37
2024-10-14,1.30479,1.30717,1.30299,1.30668,89168.57
2024-10-15,1.30669,1.31024,1.30351,1.30644,108809.4
2024-10-16,1.30642,1.3077,1.29766,1.29908,104918.9376
2024-10-17,1.29907,1.30228,1.29736,1.30143,125580.96
2024-10-18,1.30141,1.30706,1.30106,1.30467,102317.9
2024-10-20,1.30421,1.30579,1.30351,1.30516,4400.03
2024-10-21,1.30516,1.30529,1.29768,1.29822,98907.95
2024-10-22,1.29822,1.30149,1.29443,1.29804,104024.3
2024-10-23,1.29803,1.29945,1.2907,1.29153,128559.01
2024-10-24,1.29154,1.29876,1.29112,1.29716,124314.73
2024-10-25,1.29717,1.29981,1.29554,1.29585,110991.24
2024-10-27,1.2972,1.2972,1.29558,1.2957,11331.85
2024-10-28,1.2957,1.30011,1.29392,1.29741,101394.31
2024-10-29,1.29741,1.30165,1.29577,1.30108,113542.03
2024-10-30,1.30109,1.30432,1.29366,1.29577,150026.63
2024-10-31,1.29578,1.29996,1.28434,1.28969,148895.37
2024-11-01,1.28968,1.29801,1.28841,1.29178,125604.11
2024-11-03,1.29657,1.29687,1.29496,1.29521,5646.66
2024-11-04,1.29521,1.29985,1.29339,1.29529,146192.84
2024-11-05,1.2954,1.30475,1.29476,1.30419,144426.39
2024-11-06,1.3042,1.30432,1.28337,1.28823,516997.45
2024-11-07,1.28822,1.30089,1.28754,1.29827,218433.57
2024-11-08,1.29829,1.29839,1.28831,1.29147,156065.91
2024-11-10,1.29082,1.29173,1.29042,1.2915,5606.65
2024-11-11,1.29149,1.29256,1.28557,1.28733,130223.51
2024-11-12,1.28733,1.28734,1.27188,1.27361,182165.57
2024-11-13,1.27362,1.27691,1.26862,1.27068,188922.41
2024-11-14,1.27068,1.272,1.26293,1.26669,189381.77
2024-11-15,1.26669,1.26969,1.25967,1.26133,191322.87
2024-11-17,1.26117,1.26207,1.26076,1.26189,10075.77
2024-11-18,1.2619,1.26862,1.26129,1.26783,144272.03
2024-11-19,1.26783,1.26941,1.26128,1.2694,148948.45
2024-11-20,1.26939,1.27142,1.26305,1.26551,143975.29
2024-11-21,1.26551,1.26598,1.25766,1.25845,159327.05
2024-11-22,1.25846,1.25941,1.24869,1.25215,211070.18
2024-11-24,1.25914,1.25969,1.25635,1.25926,13161.86
2024-11-25,1.25927,1.26131,1.25293,1.25319,179781.59
2024-11-26,1.25317,1.26161,1.25065,1.25732,209057.16
2024-11-27,1.25736,1.26942,1.25664,1.26768,168531.87
2024-11-28,1.26772,1.26956,1.26447,1.26952,123769.06
2024-11-29,1.2695,1.27495,1.26715,1.27257,183701.98
2024-12-01,1.27223,1.27356,1.26956,1.27009,7084.42
2024-12-02,1.2701,1.27223,1.26167,1.26581,185656.76
2024-12-03,1.26581,1.26993,1.26362,1.26737,191918.41
2024-12-04,1.26737,1.27212,1.26295,1.27004,169388.0
2024-12-05,1.27004,1.27707,1.26923,1.27598,150513.46
2024-12-06,1.276,1.2811,1.27206,1.27369,144692.72
2024-12-08,1.27282,1.27508,1.27282,1.27478,5047.12
2024-12-09,1.27476,1.27986,1.27167,1.27481,139267.86
2024-12-10,1.27482,1.27792,1.27237,1.27791,136798.34
2024-12-11,1.27791,1.27813,1.27128,1.27491,157686.53
2024-12-12,1.2767,1.27876,1.26662,1.26764,174876.27
2024-12-13,1.26762,1.2679,1.26079,1.26143,120507.18
2024-12-15,1.26107,1.26269,1.26082,1.2626,6491.01
2024-12-16,1.26259,1.26986,1.26259,1.26897,101928.03
2024-12-17,1.26896,1.27284,1.26657,1.27098,93055.11
2024-12-18,1.27099,1.27258,1.25618,1.25667,172981.86
2024-12-19,1.25668,1.26666,1.24947,1.24967,188470.39
2024-12-20,1.24966,1.2614,1.24748,1.25636,153364.81
2024-12-22,1.25603,1.25742,1.25574,1.25701,9289.86
2024-12-23,1.25701,1.25877,1.25094,1.25321,112405.28
2024-12-24,1.25322,1.25745,1.25145,1.25184,90210.68
2024-12-25,1.25185,1.25559,1.25184,1.25428,6679.14
2024-12-26,1.25426,1.2548,1.25005,1.25273,112339.04
2024-12-27,1.25273,1.25922,1.25046,1.25714,156724.88
2024-12-29,1.25706,1.25876,1.25615,1.25775,4427.43
2024-12-30,1.25775,1.26071,1.25057,1.25477,112885.74
2024-12-31,1.25478,1.2569,1.25052,1.25107,107712.78
2025-01-01,1.25134,1.25194,1.25059,1.25193,9414.28
2025-01-02,1.2519,1.25402,1.23521,1.23793,145120.55
2025-01-03,1.23792,1.24338,1.23779,1.24168,96631.49
2025-01-05,1.2411,1.24335,1.2411,1.24241,5160.71
2025-01-06,1.24242,1.25507,1.24172,1.25095,167726.76
2025-01-07,1.25098,1.25756,1.24723,1.24754,198219.39
2025-01-08,1.24756,1.24939,1.23205,1.23582,162561.41
2025-01-09,1.23582,1.23649,1.22379,1.2298,148077.73
2025-01-10,1.2298,1.23214,1.21912,1.22044,182063.8
2025-01-12,1.21974,1.221,1.21974,1.22034,3966.95
2025-01-13,1.22034,1.22498,1.20992,1.22315,161392.2642
2025-01-14,1.22315,1.22457,1.21381,1.22104,156712.37
2025-01-15,1.22103,1.23059,1.21592,1.22419,150123.6
2025-01-16,1.22418,1.22599,1.21743,1.22337,156320.79
2025-01-17,1.22337,1.2244,1.21583,1.21583,127357.74
2025-01-19,1.21706,1.21761,1.21603,1.21747,4307.24
2025-01-20,1.21748,1.23442,1.21651,1.23312,144399.79
2025-01-21,1.23319,1.23598,1.22288,1.23377,183678.21
2025-01-22,1.23376,1.23756,1.23065,1.23134,141344.39
2025-01-23,1.23134,1.23751,1.2293,1.23538,203289.04
2025-01-24,1.23537,1.25016,1.2348,1.24757,195446.42
2025-01-26,1.24668,1.24725,1.24557,1.24574,5834.83
2025-01-27,1.24574,1.25229,1.24255,1.24506,223796.53
2025-01-28,1.24506,1.2465,1.24141,1.24406,177087.33
2025-01-29,1.24406,1.24631,1.23929,1.24542,195186.7
2025-01-30,1.24541,1.24765,1.24074,1.24216,177082.86
2025-01-31,1.24218,1.24715,1.23856,1.23919,206363.9
2025-02-02,1.22855,1.23232,1.22825,1.22895,14532.08
2025-02-03,1.22896,1.24547,1.22488,1.24333,278294.68
2025-02-04,1.24331,1.24929,1.23785,1.24748,172352.88
2025-02-05,1.2475,1.25496,1.2463,1.25008,151750.48
2025-02-06,1.25007,1.2509,1.23598,1.24339,143774.62
2025-02-07,1.24338,1.24932,1.23758,1.23965,163458.3
2025-02-09,1.23694,1.23942,1.23623,1.23889,6412.29
2025-02-10,1.2389,1.24219,1.23539,1.23595,127849.0
2025-02-11,1.23596,1.24544,1.23321,1.2451,111617.76
2025-02-12,1.2451,1.24831,1.23734,1.24502,145043.66
2025-02-13,1.24507,1.25692,1.2442,1.25644,177455.7
2025-02-14,1.25648,1.26299,1.25493,1.25832,101796.9
2025-02-16,1.25837,1.2588,1.25778,1.25838,2566.78
2025-02-17,1.25839,1.26346,1.25789,1.26204,33973.65
2025-02-18,1.26207,1.26398,1.25817,1.26243,52138.18
2025-02-19,1.26242,1.26359,1.25631,1.2583,90447.59
2025-02-20,1.25829,1.26738,1.258,1.26687,121259.74
2025-02-21,1.26691,1.26784,1.26246,1.26274,120666.34
2025-02-23,1.2626,1.26576,1.2626,1.26484,2493.12
2025-02-24,1.26483,1.26902,1.26117,1.26165,137977.69
2025-02-25,1.26166,1.26776,1.26054,1.26714,132105.22
2025-02-26,1.26712,1.27153,1.2635,1.26803,147963.09
2025-02-27,1.26801,1.26885,1.25955,1.25959,161005.51
2025-02-28,1.25961,1.26214,1.25589,1.25744,122800.35
2025-03-02,1.258,1.26082,1.25779,1.26021,7653.3
2025-03-03,1.26021,1.27235,1.25819,1.27011,151970.06
2025-03-04,1.27012,1.27993,1.26783,1.2795,173973.99
2025-03-05,1.2795,1.29004,1.27671,1.28895,195523.29
2025-03-06,1.28893,1.29234,1.28655,1.28828,161481.45
2025-03-07,1.28825,1.29443,1.28757,1.29167,126232.16
2025-03-09,1.29108,1.29381,1.28999,1.29315,11324.62
2025-03-10,1.29317,1.29462,1.28612,1.2875,124083.54
2025-03-11,1.28749,1.29657,1.2873,1.29433,164262.58
2025-03-12,1.29435,1.29887,1.29132,1.2964,137424.66
2025-03-13,1.29639,1.29732,1.29205,1.29562,96635.65
2025-03-14,1.29564,1.29586,1.29106,1.29274,125446.79
2025-03-16,1.29137,1.29353,1.29137,1.29267,7407.73
2025-03-17,1.29267,1.29984,1.29267,1.29832,73807.817
2025-03-18,1.29832,1.30096,1.29512,1.3,134848.2
2025-03-19,1.3,1.30113,1.29548,1.301,94331.06
2025-03-20,1.30099,1.30144,1.29357,1.29648,90430.98
2025-03-21,1.29648,1.29701,1.28873,1.29117,76696.91
2025-03-23,1.28962,1.29257,1.28874,1.2925,5739.1
2025-03-24,1.29248,1.2974,1.28953,1.29224,91414.55
2025-03-25,1.29225,1.29666,1.29017,1.29448,71126.39
2025-03-26,1.29445,1.29459,1.28704,1.28768,92421.47
2025-03-27,1.28766,1.29919,1.28761,1.29508,93608.49
2025-03-28,1.29508,1.2968,1.29213,1.29378,76610.88
2025-03-30,1.29319,1.2941,1.29218,1.29372,5997.53
2025-03-31,1.2937,1.29725,1.2886,1.2919,119022.63
2025-04-01,1.29192,1.29404,1.2879,1.29212,115701.09
2025-04-02,1.29213,1.3052,1.29002,1.30453,131923.47
2025-04-03,1.30453,1.32073,1.30255,1.30889,201564.0
2025-04-04,1.30888,1.31132,1.28527,1.28915,270240.3
2025-04-06,1.28344,1.29327,1.28236,1.29083,28434.8
2025-04-07,1.29083,1.29337,1.27079,1.27326,286101.61
2025-04-08,1.27327,1.28143,1.27241,1.27862,204423.08
2025-04-09,1.27863,1.28638,1.27427,1.28248,301144.08
2025-04-10,1.28247,1.29975,1.28217,1.29913,233867.61
2025-04-11,1.29911,1.31448,1.29847,1.3085,307061.19
2025-04-13,1.30827,1.30933,1.30627,1.30835,11043.59
2025-04-14,1.30836,1.32008,1.30833,1.31719,172982.11
2025-04-15,1.3172,1.32518,1.31638,1.32302,111968.06
2025-04-16,1.32304,1.32917,1.32117,1.32323,143507.33
2025-04-17,1.32325,1.3273,1.32021,1.32675,107279.86
2025-04-18,1.32674,1.32983,1.32567,1.32892,526018.68
2025-04-20,1.32698,1.33198,1.32698,1.3314,10570.5
2025-04-21,1.33141,1.34216,1.33141,1.33793,105282.51
2025-04-22,1.33795,1.34235,1.32331,1.32719,151560.12
2025-04-23,1.32716,1.33387,1.3244,1.32646,144022.41
2025-04-24,1.32646,1.33486,1.32585,1.33271,88954.64
2025-04-25,1.33269,1.33321,1.32735,1.33065,80496.64
2025-04-27,1.33006,1.33108,1.32881,1.32895,7493.11
2025-04-28,1.32897,1.34438,1.32797,1.34346,78784.61
2025-04-29,1.34346,1.34421,1.33801,1.34118,83576.56
2025-04-30,1.34119,1.34141,1.33089,1.33207,97653.61
2025-05-01,1.33206,1.33452,1.32601,1.32855,81687.04
2025-05-02,1.32857,1.33305,1.32596,1.32596,103693.71
2025-05-04,1.32612,1.32764,1.32593,1.32693,4694.14
2025-05-05,1.32693,1.33362,1.32612,1.32903,84321.16
2025-05-06,1.32903,1.34024,1.32599,1.33514,98325.5
2025-05-07,1.33516,1.3377,1.32797,1.32899,111227.9
2025-05-08,1.32903,1.33559,1.32327,1.32389,110123.01
2025-05-09,1.3239,1.33223,1.32117,1.32964,74207.07
2025-05-11,1.32578,1.32949,1.32578,1.32844,6643.89
2025-05-12,1.32845,1.3299,1.31394,1.31774,119770.618
2025-05-13,1.31774,1.33159,1.31729,1.33033,93117.36
2025-05-14,1.33033,1.336,1.3253,1.32631,100680.34
2025-05-15,1.32631,1.33194,1.3259,1.33028,96585.92
2025-05-16,1.33027,1.33323,1.32503,1.32756,86535.55
2025-05-18,1.32676,1.33046,1.32676,1.33046,4455.81
2025-05-19,1.33049,1.34035,1.32898,1.33585,88947.678
2025-05-20,1.33586,1.33977,1.33345,1.33967,87335.3934
2025-05-21,1.3397,1.34687,1.33883,1.34201,105225.34
2025-05-22,1.34204,1.34405,1.33905,1.34192,108869.94
2025-05-23,1.34193,1.35419,1.34181,1.35344,98973.0
2025-05-25,1.35218,1.35418,1.35218,1.35373,9159.4
2025-05-26,1.35374,1.35929,1.35357,1.35649,72344.12
2025-05-27,1.35648,1.35865,1.34999,1.35134,94804.38
2025-05-28,1.35137,1.35218,1.34148,1.34282,96215.51
2025-05-29,1.34281,1.35071,1.34184,1.34987,112280.88
2025-05-30,1.34984,1.35104,1.34478,1.34532,110090.13
2025-06-01,1.34625,1.34731,1.34514,1.34679,4371.71
2025-06-02,1.34678,1.35595,1.34672,1.35567,95929.24
2025-06-03,1.35564,1.35571,1.34914,1.353,86744.09
2025-06-04,1.35299,1.35797,1.35008,1.35502,85084.45
2025-06-05,1.35502,1.36161,1.35404,1.35786,100375.92
2025-06-06,1.35786,1.35844,1.35072,1.35194,91193.92
2025-06-08,1.35209,1.35395,1.35209,1.35368,2427.87
2025-06-09,1.35369,1.3581,1.35242,1.35542,80141.51
2025-06-10,1.35541,1.35639,1.3456,1.35071,73691.41
2025-06-11,1.35073,1.35724,1.34639,1.35673,75747.83
2025-06-12,1.35672,1.36302,1.35226,1.36282,92217.19
2025-06-13,1.3628,1.3632,1.35163,1.35671,112538.22
2025-06-15,1.35577,1.35607,1.35373,1.35484,5397.004
2025-06-16,1.35487,1.3622,1.35342,1.35681,83959.1816
2025-06-17,1.35682,1.35792,1.34094,1.34284,93463.3
2025-06-18,1.34285,1.34763,1.34004,1.34138,106529.66
2025-06-19,1.34137,1.34797,1.33824,1.3476,73660.38
2025-06-20,1.34761,1.3511,1.34405,1.3442,72402.23
2025-06-22,1.34067,1.34412,1.33964,1.34348,6924.35
2025-06-23,1.34349,1.35546,1.33701,1.35451,108886.78
2025-06-24,1.35451,1.3648,1.3535,1.36147,85500.71
2025-06-25,1.36146,1.36915,1.35903,1.36891,63959.26
2025-06-26,1.36895,1.37703,1.36766,1.3725,101534.6
2025-06-27,1.37254,1.37522,1.36827,1.37136,100867.75
2025-06-29,1.37011,1.3728,1.36984,1.37184,5432.05
2025-06-30,1.37182,1.37405,1.3674,1.37303,101674.76
2025-07-01,1.37305,1.37885,1.3703,1.37454,85554.245
2025-07-02,1.37453,1.37523,1.35622,1.3649,80334.74
2025-07-03,1.36488,1.36757,1.35853,1.36654,82871.504
2025-07-04,1.36654,1.36811,1.36345,1.36382,101696.57
2025-07-06,1.36392,1.36548,1.36392,1.36507,2811.55
2025-07-07,1.36508,1.36574,1.35749,1.36235,93946.98
2025-07-08,1.36234,1.36462,1.35256,1.35843,124567.7864
2025-07-09,1.35844,1.36193,1.35639,1.35978,74197.8682
2025-07-10,1.35977,1.36192,1.35329,1.35799,72149.6
2025-07-11,1.35799,1.35815,1.34807,1.34848,86944.24
2025-07-13,1.34859,1.34958,1.34795,1.34952,4324.11
2025-07-14,1.34952,1.35041,1.34208,1.34278,74563.49
2025-07-15,1.34273,1.34672,1.3377,1.33929,90979.02
2025-07-16,1.3393,1.34856,1.33646,1.34099,110953.5452
2025-07-17,1.34098,1.34344,1.33739,1.3431,73330.73
2025-07-18,1.34312,1.34751,1.34056,1.34061,61181.14
2025-07-20,1.34149,1.3429,1.34042,1.34149,5134.82
2025-07-21,1.34148,1.35105,1.34019,1.34889,68202.87
2025-07-22,1.34892,1.35345,1.34615,1.35211,64485.12
2025-07-23,1.35209,1.35869,1.35151,1.35786,75916.02
2025-07-24,1.35786,1.35883,1.35023,1.35083,109331.99
2025-07-25,1.35082,1.35119,1.34158,1.34337,81134.55
2025-07-27,1.34238,1.3447,1.34228,1.34376,4769.93
2025-07-28,1.34376,1.34522,1.33505,1.33592,94790.83
2025-07-29,1.33592,1.33637,1.33073,1.3353,82504.12
2025-07-30,1.33536,1.33854,1.32257,1.32556,119010.94
2025-07-31,1.32556,1.32819,1.31853,1.32076,91813.23
2025-08-01,1.32076,1.33103,1.3141,1.32784,129011.02
2025-08-03,1.327,1.32919,1.32685,1.32909,4040.95
2025-08-04,1.32908,1.33307,1.32533,1.32972,86001.39
2025-08-05,1.32972,1.33157,1.32593,1.3298,92649.3
2025-08-06,1.32979,1.3368,1.32814,1.33571,70102.04
2025-08-07,1.33571,1.34522,1.33456,1.34509,82002.1
2025-08-08,1.34514,1.34587,1.34177,1.34447,57680.44
2025-08-10,1.34396,1.34502,1.34244,1.3443,1412.76
2025-08-11,1.3443,1.34764,1.3399,1.34334,58386.72
2025-08-12,1.34332,1.35236,1.342,1.3504,90182.49
2025-08-13,1.3504,1.35851,1.34923,1.35849,56708.76
2025-08-14,1.35848,1.35945,1.35205,1.35296,79140.15
2025-08-15,1.35295,1.35747,1.35266,1.3553,55878.13
2025-08-17,1.35478,1.35636,1.35478,1.35558,1823.796
2025-08-18,1.35557,1.35646,1.34982,1.35076,57847.32
2025-08-19,1.35077,1.3531,1.34772,1.34847,62686.276
2025-08-20,1.34846,1.35093,1.34474,1.34659,77195.8
2025-08-21,1.34658,1.34824,1.34055,1.34176,69227.97
2025-08-22,1.34176,1.3544,1.33905,1.35201,85410.72
2025-08-24,1.35111,1.35244,1.35075,1.3508,4493.587
2025-08-25,1.3508,1.3527,1.3446,1.34542,66757.97
2025-08-26,1.34541,1.3493,1.34345,1.34766,94190.0
2025-08-27,1.34767,1.35057,1.34165,1.35035,83151.7
2025-08-28,1.35036,1.35305,1.34829,1.3508,82260.46
2025-08-29,1.3508,1.3517,1.34461,1.34977,90064.97
2025-08-31,1.34942,1.35074,1.34942,1.35031,1766.15
2025-09-01,1.35032,1.35496,1.35021,1.35461,55906.92
2025-09-02,1.3546,1.35479,1.334,1.33818,108282.3
2025-09-03,1.33814,1.34581,1.33331,1.34405,86631.7
2025-09-04,1.34407,1.3459,1.34162,1.34435,77227.28
2025-09-05,1.34437,1.35543,1.34415,1.35038,94418.94
2025-09-07,1.35017,1.3504,1.34819,1.34922,4519.574
2025-09-08,1.34922,1.35577,1.34831,1.35525,83051.69
2025-09-09,1.35526,1.35902,1.35151,1.35202,79410.45
2025-09-10,1.35203,1.35638,1.35126,1.35328,81794.1148
2025-09-11,1.35327,1.35827,1.34919,1.35737,89789.95
2025-09-12,1.35736,1.35754,1.35237,1.35567,78945.3
2025-09-14,1.35393,1.35645,1.35393,1.35524,2203.61
2025-09-15,1.35529,1.36196,1.35485,1.36008,59442.25
2025-09-16,1.36007,1.36717,1.35977,1.36524,80213.54
2025-09-17,1.36527,1.37261,1.36155,1.3629,88769.2
2025-09-18,1.36293,1.36605,1.35336,1.35546,145965.02
2025-09-19,1.35546,1.35594,1.34626,1.34666,112330.48
2025-09-21,1.34597,1.34725,1.34594,1.34624,5174.87
2025-09-22,1.34623,1.35203,1.34528,1.35138,79437.154
2025-09-23,1.35138,1.35362,1.34868,1.35239,93264.05
2025-09-24,1.3524,1.35257,1.34263,1.34491,90082.3
2025-09-25,1.34493,1.34669,1.33235,1.3335,96568.53
2025-09-26,1.33349,1.34127,1.33293,1.3399,72955.39
2025-09-28,1.3388,1.34106,1.33759,1.34069,1546.58
2025-09-29,1.34068,1.34565,1.34062,1.34347,65676.6642
2025-09-30,1.34346,1.34669,1.34131,1.34424,82244.08
2025-10-01,1.34423,1.35273,1.34346,1.34782,100036.61
2025-10-02,1.3478,1.35101,1.34007,1.34461,80067.25
2025-10-03,1.3446,1.3487,1.34288,1.34744,61173.24
2025-10-05,1.3444,1.34482,1.34223,1.34316,9344.13
2025-10-06,1.34319,1.34898,1.34162,1.34838,111910.21
2025-10-07,1.34842,1.34842,1.33921,1.34199,90212.8
2025-10-08,1.34203,1.34383,1.33707,1.34,78532.26
2025-10-09,1.33999,1.34186,1.32795,1.33027,91313.16
2025-10-10,1.33024,1.33708,1.32612,1.33533,109387.62
2025-10-12,1.33438,1.33532,1.33264,1.33353,6716.36
2025-10-13,1.33353,1.33661,1.33148,1.33318,74180.32
2025-10-14,1.33317,1.3352,1.32484,1.33217,117878.7
2025-10-15,1.33215,1.34077,1.33199,1.34028,100282.88
2025-10-16,1.34028,1.34544,1.33995,1.34436,112912.04
2025-10-17,1.34439,1.34714,1.33907,1.34189,123000.81
2025-10-19,1.34266,1.34306,1.34167,1.34247,3030.29
2025-10-20,1.34247,1.34427,1.33997,1.34038,87720.37
2025-10-21,1.34038,1.34159,1.33607,1.33648,119164.11
2025-10-22,1.3365,1.33866,1.33054,1.33503,100946.42
2025-10-23,1.33502,1.33569,1.33075,1.33265,81828.44
2025-10-24,1.33266,1.33716,1.3287,1.33043,102847.84
2025-10-26,1.33217,1.33271,1.3317,1.33214,4638.16
2025-10-27,1.33213,1.33528,1.33103,1.33401,89674.23
2025-10-28,1.33403,1.33694,1.32472,1.32781,95004.29
2025-10-29,1.3278,1.32804,1.31398,1.31945,136217.02
2025-10-30,1.31944,1.32185,1.31161,1.31583,107170.82
2025-10-31,1.31585,1.31646,1.30965,1.31474,85630.62
2025-11-02,1.31289,1.31418,1.31272,1.31332,6318.99
2025-11-03,1.31333,1.31621,1.3108,1.31342,86686.71
2025-11-04,1.31342,1.3139,1.30098,1.3021,114440.7227
2025-11-05,1.30209,1.30539,1.301,1.30518,80756.89
2025-11-06,1.30516,1.31423,1.30503,1.31394,89501.17
2025-11-07,1.31399,1.31748,1.30945,1.31571,89068.08
2025-11-09,1.31353,1.31597,1.31353,1.31412,2635.0
2025-11-10,1.31409,1.31909,1.31364,1.31718,78601.94
2025-11-11,1.31716,1.31843,1.3116,1.31519,67338.65
2025-11-12,1.31519,1.31551,1.30843,1.31274,72014.91
2025-11-13,1.31275,1.32157,1.31003,1.31525,91582.11
2025-11-14,1.31525,1.32005,1.31078,1.31673,89168.22
2025-11-16,1.31418,1.31718,1.31418,1.31583,1772.73
2025-11-17,1.31585,1.31929,1.31358,1.31551,70904.15
2025-11-18,1.31549,1.31767,1.31337,1.31468,85207.47
2025-11-19,1.31468,1.31549,1.30432,1.30596,79427.5
2025-11-20,1.30597,1.31235,1.30377,1.30828,89431.25
2025-11-21,1.30827,1.31093,1.30385,1.30931,110759.64
2025-11-23,1.30958,1.30995,1.30927,1.30956,1712.16
2025-11-24,1.30958,1.31179,1.30802,1.31054,81516.99
2025-11-25,1.31054,1.3214,1.30954,1.31578,97744.0
2025-11-26,1.31578,1.32487,1.31239,1.32443,111885.87
2025-11-27,1.32443,1.32684,1.32099,1.32401,58149.812
2025-11-28,1.32399,1.32545,1.32007,1.32279,244663.22
2025-11-30,1.32248,1.32485,1.32163,1.32388,2731.88
2025-12-01,1.32393,1.32757,1.32054,1.32087,100144.46
2025-12-02,1.32088,1.32215,1.31794,1.32196,83744.97
2025-12-03,1.32197,1.33538,1.32172,1.33474,79818.76
2025-12-04,1.33473,1.33852,1.33202,1.33218,74564.01
2025-12-05,1.33219,1.33623,1.33158,1.33225,63254.43
2025-12-07,1.33156,1.33316,1.33156,1.33257,4749.58
2025-12-08,1.33259,1.3346,1.33054,1.33267,66871.72
2025-12-09,1.33266,1.33559,1.3287,1.33026,74938.27
2025-12-10,1.33026,1.33911,1.32959,1.33881,97348.35
2025-12-11,1.33883,1.3438,1.33544,1.33931,86366.45
2025-12-12,1.33929,1.33995,1.33421,1.33648,84344.349
2025-12-14,1.33695,1.3374,1.33595,1.3367,2650.98
2025-12-15,1.33673,1.34015,1.33546,1.33786,71652.81
2025-12-16,1.33787,1.3456,1.33554,1.34252,123718.6
2025-12-17,1.34251,1.34267,1.33114,1.33733,96653.13
2025-12-18,1.33734,1.34463,1.33408,1.3383,104240.64
2025-12-19,1.33832,1.33938,1.33568,1.33748,81468.84
2025-12-21,1.33611,1.33836,1.33611,1.33777,9587.31
2025-12-22,1.33781,1.34772,1.33774,1.34676,85179.81
2025-12-23,1.3468,1.35234,1.34678,1.35127,75588.69
2025-12-24,1.35127,1.3534,1.34868,1.34913,83605.76
2025-12-25,1.34904,1.35273,1.34896,1.35076,8504.84
2025-12-26,1.35074,1.3527,1.34771,1.34896,85504.146
2025-12-28,1.34806,1.3501,1.34799,1.34966,4264.63
2025-12-29,1.34969,1.35155,1.3469,1.35085,94054.68
2025-12-30,1.35083,1.35306,1.34495,1.34661,60803.1
2025-12-31,1.34663,1.34833,1.34016,1.34724,72359.65
2026-01-01,1.34643,1.34762,1.34609,1.34735,2340.88
2026-01-02,1.34737,1.35019,1.34339,1.34497,73605.14
2026-01-04,1.34478,1.34568,1.34368,1.34376,2776.05
2026-01-05,1.34375,1.35479,1.34139,1.35321,91198.56
2026-01-06,1.35324,1.35674,1.34914,1.34993,68202.7
2026-01-07,1.34995,1.35165,1.34551,1.34581,86716.4
2026-01-08,1.34581,1.34651,1.34155,1.34355,60073.17
2026-01-09,1.34355,1.34506,1.33922,1.34003,81248.73
2026-01-11,1.33928,1.34018,1.33918,1.33934,1265.99
2026-01-12,1.33936,1.34858,1.33906,1.34656,73704.0
2026-01-13,1.34655,1.34943,1.34178,1.34254,66626.6
2026-01-14,1.34255,1.34637,1.34192,1.34397,73464.98
2026-01-15,1.34394,1.34448,1.33624,1.33807,75794.53
2026-01-16,1.33815,1.34128,1.3366,1.3376,76648.9
2026-01-18,1.33591,1.34069,1.33407,1.34018,5518.5
2026-01-19,1.34017,1.34347,1.33811,1.34188,75814.62
2026-01-20,1.3419,1.34911,1.34101,1.34401,127136.48
2026-01-21,1.34401,1.3459,1.34011,1.34178,114636.01
2026-01-22,1.34178,1.35083,1.34011,1.34992,89057.95
2026-01-23,1.34992,1.36451,1.34822,1.36348,107495.57
2026-01-25,1.36641,1.36821,1.36545,1.36644,4885.7
2026-01-26,1.36645,1.37131,1.36428,1.36746,112060.18
2026-01-27,1.36746,1.3869,1.36637,1.38265,138078.56
2026-01-28,1.38265,1.3831,1.37496,1.38267,159918.5709
2026-01-29,1.38266,1.38477,1.3742,1.38078,151570.23
2026-01-30,1.38077,1.38141,1.36789,1.36797,192003.09
2026-02-01,1.36787,1.36912,1.36617,1.36757,8311.64
2026-02-02,1.36759,1.3715,1.36228,1.36725,163080.42
2026-02-03,1.36726,1.37071,1.36503,1.36968,106866.78
2026-02-04,1.36964,1.3733,1.36423,1.36454,106492.66
2026-02-05,1.36455,1.36537,1.35172,1.35204,139275.45
2026-02-06,1.35207,1.36232,1.35083,1.36047,83557.4
2026-02-08,1.35973,1.36116,1.35876,1.36096,4471.04
2026-02-09,1.36095,1.36999,1.35859,1.36821,117034.95
2026-02-10,1.36819,1.36964,1.36313,1.36324,86034.99
2026-02-11,1.36324,1.37121,1.3609,1.36225,118102.59
2026-02-12,1.36227,1.36712,1.36038,1.36181,110666.57
2026-02-13,1.36179,1.3659,1.35902,1.36507,88849.16
2026-02-15,1.36428,1.36487,1.36351,1.36469,3900.78
2026-02-16,1.3647,1.36618,1.36189,1.36269,45496.24
2026-02-17,1.36272,1.36289,1.34956,1.35624,81850.77
2026-02-18,1.35625,1.35819,1.34888,1.34948,67932.25
2026-02-19,1.34949,1.35166,1.34337,1.34595,85158.15
2026-02-20,1.34598,1.35147,1.34348,1.34723,109392.65
2026-02-22,1.34844,1.3533,1.34787,1.3532,5106.37
2026-02-23,1.35324,1.35347,1.34755,1.34954,87378.84
2026-02-24,1.34953,1.35363,1.34699,1.34954,74886.55
2026-02-25,1.34956,1.35657,1.34908,1.35572,74912.56
2026-02-26,1.35574,1.35749,1.3445,1.3491,89356.74
2026-02-27,1.34911,1.35078,1.34394,1.34777,100728.936
2026-03-01,1.34141,1.34354,1.34021,1.3405,8733.72
2026-03-02,1.34048,1.34556,1.33137,1.34078,170768.49
2026-03-03,1.34079,1.34249,1.32528,1.3351,216966.52
2026-03-04,1.3351,1.3403,1.33029,1.33688,169707.766
2026-03-05,1.33687,1.33866,1.32973,1.33553,181488.27
2026-03-06,1.33555,1.34153,1.3311,1.34139,176520.855
2026-03-08,1.33334,1.33536,1.32994,1.33044,11163.15
2026-03-09,1.33045,1.34482,1.32828,1.34236,220188.32
2026-03-10,1.34236,1.34831,1.34099,1.34192,171055.87
2026-03-11,1.34193,1.34573,1.3376,1.33819,146171.57
2026-03-12,1.33818,1.34095,1.33345,1.33512,143976.78
2026-03-13,1.33514,1.33692,1.32181,1.32202,137157.7
2026-03-15,1.32321,1.3248,1.32216,1.32463,8093.83
2026-03-16,1.32462,1.33395,1.32299,1.33123,111317.802
2026-03-17,1.33123,1.33643,1.32732,1.3357,113619.01
2026-03-18,1.33571,1.33743,1.32509,1.32639,133641.91
2026-03-19,1.32639,1.3467,1.32457,1.34239,217519.384
2026-03-20,1.3424,1.34364,1.32985,1.33386,151554.59
2026-03-22,1.33056,1.33351,1.32999,1.33341,7385.45
2026-03-23,1.33345,1.3479,1.32566,1.34253,267405.57
2026-03-24,1.34256,1.34453,1.33519,1.34148,201806.42
2026-03-25,1.3415,1.34358,1.33579,1.33629,140515.2
2026-03-26,1.33629,1.33781,1.331,1.33345,124570.22
2026-03-27,1.33345,1.3347,1.32552,1.32553,127281.03
2026-03-29,1.32576,1.32645,1.32335,1.32375,8952.27
2026-03-30,1.32376,1.32822,1.31688,1.31717,131235.14
2026-03-31,1.31722,1.3264,1.31589,1.32432,188013.93
2026-04-01,1.32431,1.33461,1.32193,1.33017,161162.23
2026-04-02,1.33021,1.332,1.31815,1.32294,168090.02
2026-04-03,1.32296,1.32423,1.31859,1.31859,40831.51
2026-04-05,1.31888,1.31939,1.3177,1.31852,6718.69
2026-04-06,1.31851,1.32681,1.31851,1.32333,98045.3
2026-04-07,1.32334,1.34088,1.32112,1.34008,166637.5
2026-04-08,1.3401,1.34841,1.33791,1.33921,184453.51
2026-04-09,1.33922,1.34583,1.33807,1.3429,132387.72
2026-04-10,1.34291,1.34789,1.34104,1.34542,90192.33
2026-04-12,1.33883,1.34075,1.33806,1.33936,7827.31
2026-04-13,1.33937,1.35158,1.33857,1.35152,115650.37
2026-04-14,1.35152,1.35893,1.35033,1.35743,103325.77
2026-04-15,1.35742,1.35787,1.35432,1.35725,109330.26
2026-04-16,1.35726,1.35946,1.35162,1.35254,108450.51
2026-04-17,1.3525,1.3599,1.35042,1.35132,127974.12
2026-04-19,1.34832,1.34921,1.34747,1.34822,6771.96
2026-04-20,1.34826,1.35442,1.34782,1.35305,112423.24
2026-04-21,1.35306,1.35396,1.34743,1.35088,124143.4
2026-04-22,1.35087,1.35352,1.34917,1.34996,109366.4
2026-04-23,1.34998,1.35179,1.34474,1.34655,132384.07
2026-04-24,1.34655,1.35375,1.34531,1.35283,111831.77
2026-04-26,1.35001,1.35219,1.34963,1.3513,3433.44
2026-04-27,1.3513,1.35758,1.35117,1.35373,79141.59
2026-04-28,1.35373,1.35409,1.34628,1.35235,114021.9096
2026-04-29,1.35236,1.35277,1.34574,1.3488,118604.16
2026-04-30,1.34882,1.36119,1.34539,1.36017,179934.28
