date,open,high,low,close,tick_volume
2006-01-02,0.78983,0.79281,0.78976,0.79259,1133.2
2006-01-03,0.7923,0.7959,0.78388,0.79202,36715.6
2006-01-04,0.79185,0.79341,0.78619,0.78923,36649.4
2006-01-05,0.7892,0.79974,0.78473,0.79719,36078.2
2006-01-06,0.79703,0.80646,0.79327,0.80541,32918.2
2006-01-07,0.80541,0.80541,0.80541,0.80541,0.0
2006-01-08,0.80541,0.80549,0.80257,0.80457,1016.2
2006-01-09,0.8045,0.81165,0.80317,0.8087,34315.0
2006-01-10,0.80848,0.81264,0.80393,0.80754,34990.0
2006-01-11,0.80749,0.81051,0.80538,0.80717,34974.8
2006-01-12,0.80707,0.81086,0.80259,0.80461,34190.0
2006-01-13,0.80483,0.81146,0.80261,0.80993,31713.2
2006-01-14,0.80993,0.80993,0.80993,0.80993,0.0
2006-01-15,0.80993,0.81146,0.80844,0.81108,1048.6
2006-01-16,0.81085,0.81173,0.80304,0.80433,27846.6
2006-01-17,0.80427,0.80582,0.79669,0.7998,35600.6
2006-01-18,0.80023,0.80607,0.79622,0.80448,37860.8
2006-01-19,0.80436,0.80519,0.78759,0.79123,38161.0
2006-01-20,0.79157,0.7941,0.77927,0.78074,35483.8
2006-01-21,0.78074,0.78074,0.78074,0.78074,0.0
2006-01-22,0.78074,0.780873,0.78074,0.780873,0.0
2006-01-23,0.780873,0.78932,0.78047,0.78586,30027.2
2006-01-24,0.78576,0.78808,0.77673,0.78593,38373.2
2006-01-25,0.78628,0.79102,0.78313,0.78993,36412.2
2006-01-26,0.78994,0.7957,0.78324,0.78577,34474.6
2006-01-27,0.78591,0.78809,0.77737,0.78344,36186.2
2006-01-28,0.78344,0.78344,0.78344,0.78344,0.0
2006-01-29,0.78344,0.78356,0.77907,0.78216,1253.6
2006-01-30,0.7824,0.78424,0.77649,0.78076,34058.4
2006-01-31,0.78059,0.7851,0.77704,0.78285,35335.6
2006-02-01,0.78292,0.7856,0.77649,0.78133,35533.2
2006-02-02,0.78126,0.78999,0.77881,0.78957,34173.8
2006-02-03,0.78976,0.79229,0.7834,0.78461,32521.0
2006-02-04,0.78461,0.78461,0.78461,0.78461,0.0
2006-02-05,0.78461,0.78634,0.78312,0.78496,1120.6
2006-02-06,0.78516,0.78585,0.77742,0.78054,34196.4
2006-02-07,0.78038,0.78643,0.77831,0.78154,34212.2
2006-02-08,0.78167,0.78339,0.77365,0.77673,36052.4
2006-02-09,0.7768,0.78082,0.7734,0.78023,35949.0
2006-02-10,0.7804,0.78486,0.77575,0.78178,35537.0
2006-02-11,0.78178,0.78178,0.78178,0.78178,0.0
2006-02-12,0.78178,0.78256,0.78022,0.78223,1161.2
2006-02-13,0.78249,0.78596,0.77678,0.77878,33294.6
2006-02-14,0.7789,0.78114,0.77438,0.78065,35246.4
2006-02-15,0.78039,0.78448,0.77765,0.78044,33172.0
2006-02-16,0.78057,0.78114,0.77166,0.77652,33655.4
2006-02-17,0.77627,0.77651,0.7639,0.76605,34088.2
2006-02-18,0.76605,0.76605,0.76605,0.76605,0.0
2006-02-19,0.76605,0.7692,0.76591,0.7692,1210.4
2006-02-20,0.7692,0.77058,0.7652,0.76791,27377.0
2006-02-21,0.76822,0.76835,0.75561,0.75918,35000.0
2006-02-22,0.75908,0.75941,0.75275,0.75508,34605.0
2006-02-23,0.75504,0.76249,0.75373,0.76173,35514.6
2006-02-24,0.76195,0.76659,0.75826,0.76017,32595.4
2006-02-25,0.76017,0.76017,0.76017,0.76017,0.0
2006-02-26,0.76017,0.76017,0.75303,0.75579,1903.2
2006-02-27,0.75555,0.75806,0.75026,0.75192,33852.0
2006-02-28,0.75191,0.75435,0.74886,0.75279,35574.6
2006-03-01,0.75269,0.7585,0.75068,0.75416,34585.0
2006-03-02,0.75411,0.75696,0.75061,0.75412,34018.4
2006-03-03,0.75409,0.75626,0.75009,0.75351,32367.6
2006-03-04,0.75351,0.75351,0.75351,0.75351,0.0
2006-03-05,0.75351,0.75673,0.75313,0.7564,1715.0
2006-03-06,0.75663,0.75672,0.74561,0.74776,35105.6
2006-03-07,0.74724,0.74845,0.73841,0.74392,36835.2
2006-03-08,0.74375,0.7543,0.7437,0.75216,36776.8
2006-03-09,0.75228,0.75496,0.74697,0.7499,35878.0
2006-03-10,0.7498,0.7498,0.7405,0.7421,34858.0
2006-03-11,0.7421,0.7421,0.7421,0.7421,0.0
2006-03-12,0.7421,0.74608,0.7421,0.74608,1627.2
2006-03-13,0.74608,0.74688,0.73426,0.73729,33698.4
2006-03-14,0.73728,0.74462,0.7306,0.74226,35781.8
2006-03-15,0.74247,0.74589,0.73879,0.74429,34886.6
2006-03-16,0.74449,0.74501,0.73131,0.73768,35998.4
2006-03-17,0.73771,0.73857,0.72632,0.73369,34659.0
2006-03-18,0.73369,0.73369,0.73369,0.73369,0.0
2006-03-19,0.73369,0.73581,0.72895,0.73263,2054.2
2006-03-20,0.73262,0.73271,0.72115,0.72311,37570.8
2006-03-21,0.72319,0.72841,0.7201,0.72548,36436.8
2006-03-22,0.72553,0.73269,0.71945,0.73193,37913.2
2006-03-23,0.73185,0.7336,0.71576,0.71783,35869.4
2006-03-24,0.71756,0.71907,0.71024,0.71427,34423.0
2006-03-25,0.71427,0.71427,0.71427,0.71427,0.0
2006-03-26,0.71427,0.714504,0.70866,0.71287,1821.4
2006-03-27,0.71305,0.71343,0.70573,0.70936,36276.6
2006-03-28,0.70933,0.71449,0.70376,0.70705,37896.6
2006-03-29,0.7069,0.7106,0.69995,0.71045,36427.8
2006-03-30,0.71056,0.71259,0.70575,0.71028,36770.0
2006-03-31,0.71025,0.72033,0.70766,0.71936,34526.2
2006-04-01,0.71936,0.71936,0.71936,0.71936,0.0
2006-04-02,0.71936,0.71936,0.71563,0.7191,1957.0
2006-04-03,0.71895,0.72239,0.70722,0.71044,38176.2
2006-04-04,0.71046,0.71575,0.7019,0.71003,37334.0
2006-04-05,0.71,0.7155,0.70816,0.71327,35904.8
2006-04-06,0.71324,0.71659,0.70322,0.70542,35807.6
2006-04-07,0.70562,0.70983,0.69691,0.69971,33954.4
2006-04-08,0.69971,0.69971,0.69971,0.69971,0.0
2006-04-09,0.69971,0.699924,0.69543,0.69695,1879.6
2006-04-10,0.69688,0.7016,0.69302,0.69829,33589.2
2006-04-11,0.69819,0.70223,0.69541,0.70055,34630.8
2006-04-12,0.70024,0.71738,0.6996,0.71545,34178.4
2006-04-13,0.71564,0.71832,0.7058,0.71166,34966.0
2006-04-14,0.71167,0.71259,0.7067,0.7108,12982.6
2006-04-15,0.7108,0.7108,0.7108,0.7108,0.0
2006-04-16,0.7108,0.71157,0.70939,0.71002,1386.0
2006-04-17,0.71003,0.71678,0.70887,0.71605,30638.2
2006-04-18,0.71585,0.72043,0.71321,0.71911,35126.8
2006-04-19,0.71887,0.72378,0.71654,0.71896,35085.2
2006-04-20,0.71905,0.72202,0.70998,0.71269,34824.6
2006-04-21,0.71254,0.72167,0.71206,0.71922,31778.4
2006-04-22,0.71922,0.71922,0.71922,0.71922,0.0
2006-04-23,0.71922,0.72052,0.7192,0.71955,758.2
2006-04-24,0.71955,0.72283,0.70989,0.7147,33057.8
2006-04-25,0.71488,0.71632,0.70375,0.70738,33499.0
2006-04-26,0.70729,0.71448,0.70575,0.7109,36339.2
2006-04-27,0.71086,0.71284,0.70457,0.71074,34785.8
2006-04-28,0.71101,0.71421,0.70727,0.71135,29206.6
2006-04-29,0.71135,0.71135,0.71135,0.71135,0.0
2006-04-30,0.71135,0.71238,0.70764,0.71106,1526.2
2006-05-01,0.71129,0.71528,0.70571,0.70622,31863.2
2006-05-02,0.70646,0.70949,0.70343,0.70661,35469.2
2006-05-03,0.70658,0.7128,0.70373,0.70982,35748.2
2006-05-04,0.70983,0.71221,0.70519,0.70878,35769.4
2006-05-05,0.70886,0.7124,0.70644,0.70833,31935.8
2006-05-06,0.70833,0.70833,0.70833,0.70833,0.0
2006-05-07,0.70833,0.71022,0.70819,0.70939,1684.6
2006-05-08,0.70911,0.71009,0.6999,0.70424,33309.6
2006-05-09,0.70406,0.70436,0.68929,0.69361,35647.4
2006-05-10,0.69386,0.6944,0.6843,0.68741,37821.6
2006-05-11,0.68736,0.69768,0.68342,0.69523,36823.8
2006-05-12,0.6952,0.69866,0.68727,0.6966,34581.0
2006-05-13,0.6966,0.6966,0.6966,0.6966,0.0
2006-05-14,0.6966,0.6977,0.69358,0.69431,2356.8
2006-05-15,0.69442,0.69639,0.68731,0.69047,37824.8
2006-05-16,0.69065,0.69513,0.68914,0.69343,35486.2
2006-05-17,0.69321,0.69594,0.68652,0.69357,37387.6
2006-05-18,0.69331,0.70036,0.68999,0.69569,35788.6
2006-05-19,0.69546,0.69865,0.69117,0.69315,34841.8
2006-05-20,0.69315,0.69315,0.69315,0.69315,0.0
2006-05-21,0.69315,0.69486,0.69236,0.69398,1497.2
2006-05-22,0.69385,0.69532,0.68857,0.69351,36754.2
2006-05-23,0.6933,0.70739,0.68946,0.70051,37463.2
2006-05-24,0.70042,0.712,0.69848,0.71069,36926.6
2006-05-25,0.71042,0.71441,0.7047,0.70813,36932.8
2006-05-26,0.70804,0.70919,0.69896,0.70064,32918.8
2006-05-27,0.70064,0.70064,0.70064,0.70064,0.0
2006-05-28,0.70064,0.70155,0.69807,0.7012,1594.2
2006-05-29,0.70122,0.70264,0.69767,0.70044,22490.6
2006-05-30,0.70076,0.70527,0.69935,0.70202,35820.8
2006-05-31,0.70206,0.70632,0.69554,0.69669,36698.2
2006-06-01,0.69654,0.69883,0.68924,0.69217,36231.0
2006-06-02,0.69217,0.6949,0.68691,0.69327,32950.2
2006-06-03,0.69327,0.69327,0.69327,0.69327,0.0
2006-06-04,0.69327,0.69633,0.69325,0.69608,1780.4
2006-06-05,0.69581,0.70131,0.69082,0.69822,32163.4
2006-06-06,0.69834,0.70273,0.69455,0.69754,35991.2
2006-06-07,0.69743,0.70081,0.69258,0.69946,35700.8
2006-06-08,0.69918,0.70377,0.6961,0.70187,37607.2
2006-06-09,0.70188,0.70782,0.69725,0.69882,32841.0
2006-06-10,0.69882,0.69882,0.69882,0.69882,0.0
2006-06-11,0.69882,0.69932,0.69697,0.69873,1889.6
2006-06-12,0.69872,0.70007,0.68438,0.68657,35965.8
2006-06-13,0.68631,0.69184,0.68309,0.69093,37868.4
2006-06-14,0.69078,0.69623,0.687,0.69351,35314.8
2006-06-15,0.6932,0.69479,0.68935,0.69251,35233.2
2006-06-16,0.69274,0.69513,0.68928,0.69245,32156.4
2006-06-17,0.69245,0.69245,0.69245,0.69245,0.0
2006-06-18,0.69245,0.69335,0.68956,0.69329,1715.0
2006-06-19,0.69317,0.69345,0.68716,0.69052,32668.0
2006-06-20,0.69053,0.69798,0.68895,0.69265,33717.0
2006-06-21,0.6926,0.69424,0.68012,0.68368,35156.4
2006-06-22,0.6836,0.68414,0.67753,0.68197,36924.2
2006-06-23,0.68191,0.68435,0.67604,0.68132,33381.0
2006-06-24,0.68132,0.68132,0.68132,0.68132,0.0
2006-06-25,0.68132,0.68213,0.67827,0.68166,1941.4
2006-06-26,0.68184,0.68275,0.67387,0.67906,34490.0
2006-06-27,0.67889,0.68129,0.67292,0.67474,34964.4
2006-06-28,0.67492,0.67635,0.66571,0.66898,33614.2
2006-06-29,0.66948,0.67212,0.66107,0.67175,34977.8
2006-06-30,0.67143,0.67947,0.66965,0.67809,34612.8
2006-07-01,0.67809,0.67809,0.67809,0.67809,0.0
2006-07-02,0.67809,0.67984,0.67758,0.67817,1867.4
2006-07-03,0.67796,0.68079,0.67046,0.67531,32910.8
2006-07-04,0.67553,0.67873,0.67141,0.67448,31205.4
2006-07-05,0.67451,0.67604,0.66937,0.6716,34017.0
2006-07-06,0.67158,0.67337,0.66834,0.67099,32945.6
2006-07-07,0.67116,0.68047,0.66966,0.67969,31797.6
2006-07-08,0.67969,0.67969,0.67969,0.67969,0.0
2006-07-09,0.67969,0.68134,0.67865,0.68121,1562.4
2006-07-10,0.68093,0.68892,0.67805,0.68573,33406.8
2006-07-11,0.68598,0.69858,0.6844,0.69797,34446.8
2006-07-12,0.69787,0.70167,0.69478,0.70082,35770.0
2006-07-13,0.70052,0.70212,0.69582,0.69925,34449.2
2006-07-14,0.69899,0.70224,0.69509,0.69956,31934.2
2006-07-15,0.69956,0.69956,0.69956,0.69956,0.0
2006-07-16,0.69956,0.70161,0.69874,0.70098,1512.2
2006-07-17,0.70044,0.7071,0.69799,0.70487,33174.6
2006-07-18,0.70462,0.71389,0.70369,0.70851,36375.6
2006-07-19,0.70872,0.70931,0.70093,0.7088,35241.6
2006-07-20,0.7086,0.70888,0.69978,0.70496,34120.4
2006-07-21,0.70483,0.71131,0.69983,0.70952,30519.2
2006-07-22,0.70952,0.70952,0.70952,0.70952,0.0
2006-07-23,0.70952,0.7098,0.70733,0.70936,1520.6
2006-07-24,0.70903,0.71274,0.70536,0.71176,32978.8
2006-07-25,0.71147,0.71515,0.7085,0.71209,35872.0
2006-07-26,0.71242,0.7128,0.70359,0.70553,34783.8
2006-07-27,0.70551,0.70571,0.69926,0.70323,37041.0
2006-07-28,0.70305,0.70331,0.69459,0.69809,32526.2
2006-07-29,0.69809,0.69809,0.69809,0.69809,0.0
2006-07-30,0.69809,0.69912,0.69617,0.69802,1781.4
2006-07-31,0.69807,0.70086,0.69003,0.69873,33899.8
2006-08-01,0.69895,0.70208,0.6951,0.70102,35678.4
2006-08-02,0.7012,0.70148,0.69377,0.70035,30529.0
2006-08-03,0.70065,0.702,0.69333,0.69462,32871.8
2006-08-04,0.69473,0.7067,0.693,0.7047,32140.6
2006-08-05,0.7047,0.7047,0.7047,0.7047,0.0
2006-08-06,0.7047,0.70554,0.70316,0.70495,1578.8
2006-08-07,0.70486,0.70595,0.69467,0.6983,33765.8
2006-08-08,0.69832,0.70385,0.69186,0.70221,34691.6
2006-08-09,0.70225,0.70963,0.70003,0.70895,34541.4
2006-08-10,0.70884,0.71528,0.7044,0.71308,35037.4
2006-08-11,0.71346,0.71637,0.70726,0.71159,33547.6
2006-08-12,0.71159,0.71159,0.71159,0.71159,0.0
2006-08-13,0.71159,0.71585,0.70921,0.71308,1739.8
2006-08-14,0.71338,0.71654,0.706,0.7103,34367.4
2006-08-15,0.71039,0.71506,0.70775,0.71205,35500.0
2006-08-16,0.71215,0.71858,0.71078,0.71746,33517.0
2006-08-17,0.71719,0.71927,0.71361,0.71719,34957.0
2006-08-18,0.71719,0.71999,0.71435,0.71881,32481.8
2006-08-19,0.71881,0.71881,0.71881,0.71881,0.0
2006-08-20,0.71881,0.71961,0.71633,0.71837,1580.0
2006-08-21,0.71818,0.71904,0.71273,0.71587,34144.2
2006-08-22,0.7158,0.71696,0.70812,0.71057,32189.2
2006-08-23,0.71042,0.71378,0.70362,0.70529,34316.0
2006-08-24,0.70558,0.7095,0.70104,0.70263,33255.4
2006-08-25,0.70267,0.70628,0.70001,0.70514,32678.4
2006-08-26,0.70514,0.70514,0.70514,0.70514,0.0
2006-08-27,0.70514,0.70553,0.70295,0.70475,1184.0
2006-08-28,0.7047,0.70977,0.70214,0.70947,28306.4
2006-08-29,0.70938,0.71499,0.70559,0.71324,35433.6
2006-08-30,0.71322,0.72173,0.71169,0.71996,34390.6
2006-08-31,0.71975,0.72606,0.71871,0.72465,35736.0
2006-09-01,0.72438,0.72536,0.72027,0.72239,32660.4
2006-09-02,0.72239,0.72239,0.72239,0.72239,0.0
2006-09-03,0.72239,0.72358,0.72223,0.72295,825.6
2006-09-04,0.72273,0.72475,0.72078,0.72393,17238.0
2006-09-05,0.72426,0.72878,0.72259,0.72728,21675.0
2006-09-06,0.72724,0.72879,0.72135,0.7236,29790.4
2006-09-07,0.72363,0.72705,0.7207,0.72643,30715.8
2006-09-08,0.72626,0.7334,0.72428,0.73296,27185.0
2006-09-09,0.73296,0.73296,0.73296,0.73296,0.0
2006-09-10,0.73296,0.73385,0.73176,0.73287,1869.8
2006-09-11,0.73325,0.7346,0.72926,0.73395,30974.0
2006-09-12,0.73361,0.73416,0.72929,0.73231,30147.2
2006-09-13,0.73246,0.73512,0.73009,0.73238,29252.2
2006-09-14,0.73218,0.73301,0.72649,0.73152,30169.8
2006-09-15,0.73182,0.73427,0.72938,0.73139,28380.4
2006-09-16,0.73139,0.73139,0.73139,0.73139,0.0
2006-09-17,0.73139,0.73258,0.73041,0.73213,1355.6
2006-09-18,0.73192,0.73443,0.72887,0.73131,28563.4
2006-09-19,0.7311,0.73856,0.72948,0.73786,30917.0
2006-09-20,0.73818,0.73908,0.735,0.73803,29458.8
2006-09-21,0.73802,0.73848,0.72918,0.73305,29482.6
2006-09-22,0.73291,0.7333,0.72576,0.73125,25676.4
2006-09-23,0.73125,0.73125,0.73125,0.73125,0.0
2006-09-24,0.73125,0.73155,0.72931,0.73082,883.4
2006-09-25,0.73102,0.74786,0.72765,0.74715,25907.2
2006-09-26,0.74706,0.74849,0.73167,0.7337,29693.0
2006-09-27,0.73387,0.73573,0.7293,0.73253,29337.6
2006-09-28,0.7323,0.7331,0.72957,0.73159,29912.2
2006-09-29,0.73158,0.73739,0.7305,0.73159,29212.6
2006-09-30,0.73159,0.73159,0.73159,0.73159,0.0
2006-10-01,0.73159,0.76955,0.73159,0.73616,1833.0
2006-10-02,0.73619,0.73933,0.73254,0.73529,29672.2
2006-10-03,0.73498,0.74018,0.73278,0.73939,27474.0
2006-10-04,0.73935,0.74461,0.73742,0.74042,32694.8
2006-10-05,0.74025,0.74347,0.73851,0.74233,28819.8
2006-10-06,0.74208,0.74323,0.73584,0.74128,29199.4
2006-10-07,0.74128,0.74128,0.74128,0.74128,0.0
2006-10-08,0.74128,0.74205,0.73989,0.74187,1000.8
2006-10-09,0.74188,0.74189,0.73766,0.73998,23922.6
2006-10-10,0.74011,0.74765,0.73882,0.74743,29721.6
2006-10-11,0.74721,0.75087,0.74531,0.7505,32904.4
2006-10-12,0.75047,0.75086,0.74643,0.74781,25402.6
2006-10-13,0.74781,0.75069,0.74487,0.75024,26213.4
2006-10-14,0.75024,0.75024,0.75024,0.75024,0.0
2006-10-15,0.75024,0.750475,0.74763,0.74925,1222.0
2006-10-16,0.74941,0.75124,0.746,0.74814,27446.4
2006-10-17,0.74798,0.75076,0.74474,0.74974,31372.2
2006-10-18,0.74976,0.75068,0.74538,0.74693,28940.4
2006-10-19,0.74679,0.74796,0.73922,0.74204,31135.4
2006-10-20,0.74223,0.74246,0.73559,0.74011,28448.6
2006-10-21,0.74011,0.74011,0.74011,0.74011,0.0
2006-10-22,0.74011,0.74028,0.73908,0.73992,1490.8
2006-10-23,0.73995,0.74248,0.73753,0.74233,26605.6
2006-10-24,0.7423,0.74963,0.74002,0.74273,27908.2
2006-10-25,0.74284,0.74643,0.73406,0.73657,37928.8
2006-10-26,0.73664,0.74035,0.73485,0.73773,39414.0
2006-10-27,0.73784,0.74181,0.73578,0.73968,35509.6
2006-10-28,0.73968,0.73968,0.73968,0.73968,0.0
2006-10-29,0.73968,0.74126,0.73854,0.74108,1837.4
2006-10-30,0.74116,0.75041,0.73716,0.74881,39225.8
2006-10-31,0.74876,0.75502,0.74528,0.75265,39428.6
2006-11-01,0.75268,0.76345,0.74909,0.76134,41511.0
2006-11-02,0.76131,0.76658,0.75561,0.76339,39191.6
2006-11-03,0.76346,0.76483,0.75379,0.75593,33787.2
2006-11-04,0.75593,0.75593,0.75593,0.75593,0.0
2006-11-05,0.75593,0.7565,0.75393,0.75632,1578.2
2006-11-06,0.7562,0.75793,0.75037,0.75495,37737.8
2006-11-07,0.75482,0.75874,0.75167,0.75638,39071.0
2006-11-08,0.75644,0.75866,0.74943,0.75276,38946.0
2006-11-09,0.75251,0.75325,0.74765,0.75011,39667.6
2006-11-10,0.7501,0.75393,0.74738,0.75262,36221.2
2006-11-11,0.75262,0.75262,0.75262,0.75262,0.0
2006-11-12,0.75262,0.75276,0.7493,0.75155,1892.8
2006-11-13,0.75123,0.75411,0.74774,0.75013,38332.6
2006-11-14,0.74999,0.75469,0.74709,0.75379,39314.4
2006-11-15,0.75399,0.75405,0.74792,0.75031,38229.4
2006-11-16,0.75023,0.75932,0.74754,0.75819,38990.4
2006-11-17,0.75828,0.76232,0.75554,0.76106,36385.2
2006-11-18,0.76106,0.76106,0.76106,0.76106,0.0
2006-11-19,0.76106,0.76344,0.76106,0.76297,2207.8
2006-11-20,0.76277,0.76827,0.75822,0.76602,37411.6
2006-11-21,0.76586,0.76911,0.76286,0.76697,38095.0
2006-11-22,0.76702,0.76841,0.76002,0.76542,38094.4
2006-11-23,0.76536,0.76673,0.76109,0.76337,34578.0
2006-11-24,0.76363,0.76808,0.75564,0.76171,35557.4
2006-11-25,0.76171,0.76171,0.76171,0.76171,0.0
2006-11-26,0.76171,0.76196,0.75964,0.76137,1771.4
2006-11-27,0.76127,0.76292,0.75485,0.75714,36314.2
2006-11-28,0.75731,0.77016,0.75567,0.76685,38533.4
2006-11-29,0.76665,0.77334,0.7656,0.77183,36735.2
2006-11-30,0.77183,0.78255,0.76949,0.77997,39343.8
2006-12-01,0.77967,0.78779,0.77608,0.78722,37823.8
2006-12-02,0.78722,0.78722,0.78722,0.78722,0.0
2006-12-03,0.78722,0.78722,0.78438,0.78502,2559.2
2006-12-04,0.78509,0.79082,0.78233,0.78582,41304.4
2006-12-05,0.786,0.78701,0.77867,0.78394,38634.6
2006-12-06,0.78407,0.78813,0.77785,0.78655,39774.4
2006-12-07,0.78631,0.79401,0.78352,0.79042,39170.2
2006-12-08,0.79031,0.79587,0.78628,0.78836,36939.6
2006-12-09,0.78836,0.78836,0.78836,0.78836,0.0
2006-12-10,0.78836,0.78836,0.78395,0.78722,2025.8
2006-12-11,0.78691,0.79098,0.78487,0.78974,38888.6
2006-12-12,0.7895,0.79797,0.7867,0.79648,39718.6
2006-12-13,0.79684,0.80216,0.79259,0.80088,39104.0
2006-12-14,0.80091,0.80239,0.79167,0.7963,39569.8
2006-12-15,0.79633,0.80067,0.79127,0.79819,37651.6
2006-12-16,0.79819,0.79819,0.79819,0.79819,0.0
2006-12-17,0.79819,0.79819,0.79482,0.79738,1986.2
2006-12-18,0.79703,0.80034,0.7932,0.7987,37585.8
2006-12-19,0.79863,0.80343,0.79516,0.80225,39667.2
2006-12-20,0.80199,0.80517,0.79497,0.79754,40458.6
2006-12-21,0.79772,0.80498,0.79337,0.80474,40162.4
2006-12-22,0.80471,0.81114,0.80215,0.81022,36740.4
2006-12-23,0.81022,0.81022,0.81022,0.81022,0.0
2006-12-24,0.81022,0.810646,0.81022,0.810646,0.0
2006-12-25,0.810646,0.810646,0.810646,0.810646,0.0
2006-12-26,0.810646,0.81378,0.80867,0.81267,27369.4
2006-12-27,0.81256,0.81722,0.80988,0.81361,37253.0
2006-12-28,0.81345,0.81884,0.812,0.8174,37270.8
2006-12-29,0.81741,0.82278,0.81306,0.82068,35799.8
2006-12-30,0.82068,0.82068,0.82068,0.82068,0.0
2006-12-31,0.82068,0.821022,0.82068,0.821022,0.0
2007-01-01,0.821022,0.821022,0.821022,0.821022,0.0
2007-01-02,0.821022,0.82557,0.81945,0.82229,30304.0
2007-01-03,0.82209,0.82976,0.82112,0.82758,39725.6
2007-01-04,0.82734,0.82776,0.81612,0.81865,40486.8
2007-01-05,0.81859,0.81965,0.80274,0.80481,39379.2
2007-01-06,0.80481,0.80481,0.80481,0.80481,0.0
2007-01-07,0.80481,0.80706,0.80355,0.80491,2000.2
2007-01-08,0.80511,0.81157,0.80137,0.8113,40205.8
2007-01-09,0.81117,0.81637,0.80828,0.81383,40785.4
2007-01-10,0.81368,0.81407,0.80416,0.80666,39894.2
2007-01-11,0.80637,0.81529,0.80454,0.8108,40762.6
2007-01-12,0.81047,0.81405,0.8044,0.80761,36585.4
2007-01-13,0.80761,0.80761,0.80761,0.80761,0.0
2007-01-14,0.80761,0.8448,0.80731,0.80853,1621.0
2007-01-15,0.80856,0.81368,0.80653,0.81292,38660.6
2007-01-16,0.81302,0.8187,0.8078,0.8108,39758.4
2007-01-17,0.81079,0.81317,0.80798,0.81135,40251.6
2007-01-18,0.8112,0.81696,0.80848,0.81519,40101.6
2007-01-19,0.81529,0.81709,0.81183,0.81502,35949.6
2007-01-20,0.81502,0.81502,0.81502,0.81502,0.0
2007-01-21,0.81502,0.81502,0.81218,0.81394,1609.8
2007-01-22,0.81387,0.82667,0.81245,0.82522,39301.2
2007-01-23,0.82539,0.83245,0.8231,0.82693,39404.2
2007-01-24,0.82692,0.8289,0.81593,0.82453,41972.0
2007-01-25,0.82423,0.8284,0.82031,0.82401,40690.0
2007-01-26,0.82374,0.82548,0.81679,0.82028,37051.0
2007-01-27,0.82028,0.82028,0.82028,0.82028,0.0
2007-01-28,0.82028,0.82067,0.8173,0.82018,1970.0
2007-01-29,0.81993,0.82539,0.81769,0.82236,37598.2
2007-01-30,0.82262,0.82612,0.80783,0.80994,38658.8
2007-01-31,0.81008,0.81287,0.803,0.80925,40656.6
2007-02-01,0.80955,0.8103,0.79866,0.80427,40594.8
2007-02-02,0.80441,0.80777,0.79919,0.80591,37057.6
2007-02-03,0.80591,0.80591,0.80591,0.80591,0.0
2007-02-04,0.80591,0.81021,0.80591,0.8092,2163.8
2007-02-05,0.80924,0.81197,0.80527,0.80803,38146.8
2007-02-06,0.80809,0.80882,0.80091,0.80397,34906.8
2007-02-07,0.80397,0.81563,0.79938,0.81475,36959.8
2007-02-08,0.81446,0.81636,0.80544,0.80978,36514.2
2007-02-09,0.80942,0.81159,0.79736,0.79924,34549.0
2007-02-10,0.79924,0.79924,0.79924,0.79924,0.0
2007-02-11,0.79924,0.799792,0.79924,0.799792,0.0
2007-02-12,0.799792,0.80609,0.7988,0.80296,24006.8
2007-02-13,0.80264,0.80545,0.80005,0.80463,37206.4
2007-02-14,0.8045,0.81034,0.8022,0.80713,37255.0
2007-02-15,0.80717,0.81231,0.8037,0.80556,37608.6
2007-02-16,0.80534,0.81218,0.80509,0.81056,33270.4
2007-02-17,0.81056,0.81056,0.81056,0.81056,0.0
2007-02-18,0.81056,0.81565,0.81056,0.81414,1845.0
2007-02-19,0.81452,0.81764,0.81198,0.81498,32568.8
2007-02-20,0.81513,0.82124,0.81211,0.82073,34244.2
2007-02-21,0.81939,0.82472,0.81646,0.81848,37369.4
2007-02-22,0.81886,0.82096,0.81409,0.81807,36123.8
2007-02-23,0.81815,0.81927,0.81414,0.81846,33949.4
2007-02-24,0.81846,0.81846,0.81846,0.81846,0.0
2007-02-25,0.81846,0.82084,0.81836,0.82036,1943.4
2007-02-26,0.82006,0.82532,0.81776,0.82367,33830.8
2007-02-27,0.82358,0.82481,0.81191,0.81327,39195.6
2007-02-28,0.81365,0.82194,0.81214,0.81991,40578.4
2007-03-01,0.8197,0.82095,0.80911,0.81304,39939.6
2007-03-02,0.81324,0.81442,0.80258,0.80932,37782.2
2007-03-03,0.80932,0.82744,0.80932,0.82693,54.4
2007-03-04,0.82693,0.82784,0.80543,0.80599,2360.8
2007-03-05,0.80579,0.80637,0.79229,0.79459,40619.4
2007-03-06,0.79433,0.80472,0.79424,0.80442,40305.8
2007-03-07,0.80455,0.80717,0.79408,0.79746,39432.2
2007-03-08,0.7974,0.81106,0.79658,0.81065,39300.6
2007-03-09,0.81089,0.81263,0.80511,0.80874,36148.4
2007-03-10,0.80874,0.80874,0.80874,0.80874,0.0
2007-03-11,0.80874,0.81323,0.80874,0.81292,2038.2
2007-03-12,0.81284,0.81826,0.80432,0.81482,39101.2
2007-03-13,0.815,0.81575,0.80135,0.80355,42347.2
2007-03-14,0.80366,0.81621,0.80098,0.81519,42807.2
2007-03-15,0.81524,0.81946,0.80996,0.8177,41763.2
2007-03-16,0.8178,0.82128,0.81368,0.81861,39061.2
2007-03-17,0.81861,0.81861,0.81861,0.81861,0.0
2007-03-18,0.81861,0.82049,0.81495,0.81923,5581.0
2007-03-19,0.81909,0.82796,0.81705,0.8274,42451.8
2007-03-20,0.82747,0.82774,0.81714,0.81934,43025.2
2007-03-21,0.81881,0.82123,0.81402,0.82042,42503.6
2007-03-22,0.8207,0.82717,0.8172,0.82289,42112.6
2007-03-23,0.82248,0.82781,0.81991,0.82371,39224.4
2007-03-24,0.82371,0.82371,0.82371,0.82371,0.0
2007-03-25,0.82371,0.82623,0.82169,0.82439,4297.8
2007-03-26,0.82475,0.83365,0.82318,0.83146,21330.6
2007-03-27,0.83143,0.83358,0.82521,0.82831,21360.0
2007-03-28,0.82787,0.82979,0.81977,0.82424,21359.6
2007-03-29,0.82416,0.8291,0.82178,0.82651,21461.6
2007-03-30,0.82662,0.82717,0.8201,0.82455,19896.6
2007-03-31,0.82455,0.82455,0.82455,0.82455,0.0
2007-04-01,0.82388,0.82918,0.82044,0.82363,2443.0
2007-04-02,0.82286,0.83711,0.82191,0.83516,21517.2
2007-04-03,0.83463,0.83551,0.82982,0.83052,21242.6
2007-04-04,0.8307,0.83661,0.82841,0.8354,20910.8
2007-04-05,0.83537,0.83829,0.83049,0.83174,20529.4
2007-04-06,0.83134,0.83375,0.82753,0.82868,16278.2
2007-04-07,0.82868,0.82868,0.82868,0.82868,0.0
2007-04-08,0.829,0.83199,0.82693,0.82992,1658.4
2007-04-09,0.82883,0.83297,0.82762,0.83076,19518.2
2007-04-10,0.83088,0.83859,0.82935,0.83615,21178.8
2007-04-11,0.83559,0.83599,0.82743,0.82927,21291.2
2007-04-12,0.82935,0.8341,0.82168,0.8328,21169.2
2007-04-13,0.83286,0.83983,0.83159,0.83957,19400.8
2007-04-14,0.83957,0.83957,0.83957,0.83957,0.0
2007-04-15,0.83847,0.84256,0.8276,0.8408,2021.6
2007-04-16,0.84037,0.84098,0.83427,0.83619,20862.8
2007-04-17,0.83624,0.84558,0.83462,0.84386,21522.6
2007-04-18,0.8438,0.84622,0.83386,0.84216,21481.6
2007-04-19,0.84228,0.84234,0.82954,0.83968,21601.4
2007-04-20,0.83973,0.84129,0.83503,0.83955,19967.8
2007-04-21,0.83955,0.83955,0.83955,0.83955,0.0
2007-04-22,0.83988,0.84107,0.83311,0.83792,1952.4
2007-04-23,0.83801,0.83944,0.83355,0.83569,21298.0
2007-04-24,0.83574,0.83632,0.82757,0.83405,21456.0
2007-04-25,0.83402,0.83811,0.82682,0.82944,21264.8
2007-04-26,0.82951,0.83477,0.82322,0.82885,21695.8
2007-04-27,0.82886,0.83106,0.82383,0.82798,20248.6
2007-04-28,0.82798,0.82798,0.82798,0.82798,0.0
2007-04-29,0.82917,0.82917,0.8221,0.82384,2112.2
2007-04-30,0.82397,0.82662,0.81992,0.82139,21192.4
2007-05-01,0.82133,0.82431,0.819,0.82237,21352.4
2007-05-02,0.82184,0.82239,0.81561,0.81737,21617.8
2007-05-03,0.81695,0.81946,0.81249,0.8151,21423.0
2007-05-04,0.8151,0.81577,0.80935,0.8143,19943.4
2007-05-05,0.8143,0.8143,0.8143,0.8143,0.0
2007-05-06,0.81298,0.81536,0.81145,0.81261,1983.6
2007-05-07,0.8126,0.81663,0.81003,0.81243,21418.8
2007-05-08,0.81148,0.81607,0.81079,0.81237,21860.0
2007-05-09,0.81204,0.8158,0.80936,0.81008,21809.6
2007-05-10,0.80989,0.81419,0.80623,0.80796,22219.6
2007-05-11,0.80809,0.81761,0.80557,0.81608,20563.6
2007-05-12,0.81608,0.81608,0.81608,0.81608,0.0
2007-05-13,0.81542,0.82001,0.80911,0.81917,2257.4
2007-05-14,0.81847,0.82153,0.80624,0.81536,21904.4
2007-05-15,0.8149,0.81621,0.80425,0.81025,21595.8
2007-05-16,0.80966,0.81169,0.80645,0.80842,21817.0
2007-05-17,0.80833,0.80991,0.79991,0.8015,21932.4
2007-05-18,0.80157,0.80279,0.79366,0.7955,20361.2
2007-05-19,0.7955,0.7955,0.7955,0.7955,0.0
2007-05-20,0.79473,0.79755,0.79405,0.79582,2152.6
2007-05-21,0.79595,0.79653,0.78933,0.79138,21811.0
2007-05-22,0.79121,0.79142,0.78692,0.78931,22133.4
2007-05-23,0.78924,0.79163,0.78759,0.78882,22145.0
2007-05-24,0.78893,0.78988,0.78395,0.78619,22401.0
2007-05-25,0.78562,0.78842,0.78104,0.78388,20359.0
2007-05-26,0.78388,0.78388,0.78388,0.78388,0.0
2007-05-27,0.78296,0.78423,0.78215,0.78391,1838.8
2007-05-28,0.78333,0.78613,0.78227,0.78452,18478.2
2007-05-29,0.7837,0.78927,0.7771,0.78083,22193.2
2007-05-30,0.78094,0.78538,0.77657,0.78277,22173.2
2007-05-31,0.78275,0.78941,0.78152,0.78833,22299.8
2007-06-01,0.78837,0.79252,0.78637,0.79018,20753.2
2007-06-02,0.79018,0.79018,0.79018,0.79018,0.0
2007-06-03,0.7906,0.79073,0.78845,0.78935,2000.0
2007-06-04,0.78935,0.79146,0.78506,0.79066,22115.2
2007-06-05,0.79018,0.79843,0.78892,0.79694,22385.2
2007-06-06,0.79717,0.80083,0.79237,0.79674,22857.8
2007-06-07,0.79648,0.80168,0.79538,0.80003,22912.0
2007-06-08,0.80002,0.8105,0.79781,0.8097,21221.2
2007-06-09,0.8097,0.8097,0.8097,0.8097,0.0
2007-06-10,0.80937,0.80985,0.80647,0.80884,2467.8
2007-06-11,0.8089,0.80984,0.79175,0.79555,22721.2
2007-06-12,0.7953,0.80131,0.79366,0.79844,22662.2
2007-06-13,0.79843,0.80445,0.79726,0.79878,22939.4
2007-06-14,0.79879,0.80277,0.79824,0.80197,22446.6
2007-06-15,0.80218,0.806,0.79761,0.8059,20774.4
2007-06-16,0.8059,0.8059,0.8059,0.8059,0.0
2007-06-17,0.80537,0.8066,0.79931,0.80329,2372.8
2007-06-18,0.80326,0.81101,0.80156,0.8075,22536.2
2007-06-19,0.80762,0.80959,0.80406,0.80578,22425.4
2007-06-20,0.80552,0.81423,0.80426,0.8105,22808.2
2007-06-21,0.81047,0.82075,0.80938,0.81979,22706.8
2007-06-22,0.81922,0.82236,0.8133,0.81748,21029.0
2007-06-23,0.81748,0.81748,0.81748,0.81748,0.0
2007-06-24,0.81545,0.81919,0.81375,0.81863,2393.2
2007-06-25,0.81866,0.82198,0.81588,0.81851,22522.6
2007-06-26,0.81841,0.82275,0.81421,0.81873,23285.2
2007-06-27,0.81871,0.82012,0.80978,0.81682,23529.0
2007-06-28,0.81691,0.82005,0.8122,0.81395,23374.6
2007-06-29,0.81398,0.82344,0.80962,0.821,21487.0
2007-06-30,0.821,0.821,0.821,0.821,0.0
2007-07-01,0.82214,0.82397,0.81928,0.82097,2435.8
2007-07-02,0.8211,0.82633,0.82028,0.82428,23147.8
2007-07-03,0.82422,0.83019,0.82266,0.8283,22886.8
2007-07-04,0.82837,0.82967,0.82425,0.82628,21820.0
2007-07-05,0.82587,0.83354,0.82378,0.82622,22661.2
2007-07-06,0.8262,0.82725,0.81734,0.82038,21528.6
2007-07-07,0.82038,0.82038,0.82038,0.82038,0.0
2007-07-08,0.82038,0.82174,0.8187,0.81952,2596.8
2007-07-09,0.8195,0.81997,0.81486,0.81812,23345.2
2007-07-10,0.81748,0.82049,0.812,0.81855,23751.0
2007-07-11,0.81853,0.82632,0.81561,0.82399,23585.2
2007-07-12,0.82399,0.82473,0.81687,0.82291,23415.0
2007-07-13,0.82271,0.82444,0.81635,0.8237,21662.2
2007-07-14,0.8237,0.8237,0.8237,0.8237,0.0
2007-07-15,0.825,0.82669,0.82207,0.82505,2599.2
2007-07-16,0.8246,0.82905,0.82038,0.82753,23604.8
2007-07-17,0.82679,0.82731,0.82184,0.82446,23424.6
2007-07-18,0.82397,0.82883,0.82292,0.82807,23599.2
2007-07-19,0.82707,0.82885,0.82445,0.82739,23560.4
2007-07-20,0.82735,0.83672,0.82615,0.8339,21692.0
2007-07-21,0.8339,0.8339,0.8339,0.8339,0.0
2007-07-22,0.83488,0.8374,0.83226,0.83576,2608.8
2007-07-23,0.8358,0.84459,0.83272,0.84268,23961.0
2007-07-24,0.8428,0.84792,0.83188,0.83355,24149.4
2007-07-25,0.83366,0.83786,0.82995,0.83415,24082.8
2007-07-26,0.83421,0.83552,0.82093,0.8248,24028.8
2007-07-27,0.82481,0.82909,0.80807,0.81548,22284.0
2007-07-28,0.81548,0.81548,0.81548,0.81548,0.0
2007-07-29,0.81498,0.8152,0.80458,0.81152,2917.8
2007-07-30,0.811,0.82273,0.80714,0.82193,24026.0
2007-07-31,0.82188,0.82266,0.80972,0.81304,24082.2
2007-08-01,0.81288,0.81365,0.80304,0.80798,24093.8
2007-08-02,0.8079,0.81075,0.80351,0.80917,23945.8
2007-08-03,0.8084,0.81023,0.8011,0.8033,21737.6
2007-08-04,0.8033,0.8033,0.8033,0.8033,0.0
2007-08-05,0.80355,0.8036,0.79776,0.80144,2901.8
2007-08-06,0.80136,0.80632,0.799,0.80419,23941.2
2007-08-07,0.80429,0.80571,0.79756,0.8042,23660.4
2007-08-08,0.8042,0.80753,0.80033,0.80565,23824.0
2007-08-09,0.80537,0.80736,0.79065,0.79173,23971.2
2007-08-10,0.79184,0.79211,0.78051,0.78475,22259.2
2007-08-11,0.78475,0.78475,0.78475,0.78475,0.0
2007-08-12,0.78567,0.78738,0.7817,0.78405,2699.0
2007-08-13,0.78396,0.78774,0.7734,0.77472,24070.2
2007-08-14,0.77469,0.77686,0.77022,0.7752,24070.4
2007-08-15,0.7751,0.77534,0.75915,0.76015,24175.4
2007-08-16,0.76016,0.76062,0.72168,0.74281,24284.2
2007-08-17,0.74186,0.74334,0.71553,0.739,22275.6
2007-08-18,0.739,0.739,0.739,0.739,0.0
2007-08-19,0.7384,0.74065,0.73374,0.73496,2786.4
2007-08-20,0.73497,0.74393,0.72276,0.73636,24072.4
2007-08-21,0.7362,0.74279,0.7313,0.73982,24059.8
2007-08-22,0.73978,0.75202,0.73417,0.752,24079.4
2007-08-23,0.75096,0.75626,0.74675,0.75274,24051.0
2007-08-24,0.75284,0.759,0.74695,0.7577,22058.4
2007-08-25,0.7577,0.7577,0.7577,0.7577,0.0
2007-08-26,0.7588,0.76369,0.75763,0.76235,2828.0
2007-08-27,0.76233,0.76398,0.75207,0.7537,24032.6
2007-08-28,0.75253,0.75355,0.73569,0.73715,24254.6
2007-08-29,0.73751,0.75195,0.73258,0.74658,24244.4
2007-08-30,0.74654,0.74905,0.74027,0.74205,24103.0
2007-08-31,0.74198,0.74812,0.73688,0.74197,22290.8
2007-09-01,0.74197,0.74197,0.74197,0.74197,0.0
2007-09-02,0.74038,0.74186,0.73513,0.74073,2624.8
2007-09-03,0.74038,0.74307,0.73698,0.73712,23222.2
2007-09-04,0.73693,0.74178,0.72726,0.73127,24088.2
2007-09-05,0.73077,0.73254,0.72023,0.72136,24207.2
2007-09-06,0.72126,0.73123,0.72079,0.72678,23991.8
2007-09-07,0.72682,0.7303,0.72332,0.72877,22068.4
2007-09-08,0.72877,0.72877,0.72877,0.72877,0.0
2007-09-09,0.72858,0.729,0.72342,0.72444,2883.0
2007-09-10,0.72444,0.73481,0.72127,0.73041,24106.0
2007-09-11,0.73,0.73695,0.7255,0.73612,23989.0
2007-09-12,0.73627,0.74165,0.73287,0.73635,23880.6
2007-09-13,0.73567,0.7421,0.73156,0.73406,24013.8
2007-09-14,0.73418,0.73901,0.73108,0.7341,22044.0
2007-09-15,0.7341,0.7341,0.7341,0.7341,0.0
2007-09-16,0.7341,0.73569,0.7323,0.73375,2658.2
2007-09-17,0.73366,0.7356,0.72302,0.72584,23919.4
2007-09-18,0.72554,0.73722,0.71983,0.73357,24305.4
2007-09-19,0.73342,0.74762,0.73262,0.74596,24122.2
2007-09-20,0.74621,0.74852,0.73537,0.7436,24223.8
2007-09-21,0.74357,0.7468,0.73774,0.74237,22236.8
2007-09-22,0.74237,0.74237,0.74237,0.74237,0.0
2007-09-23,0.74238,0.74455,0.73867,0.74177,2666.6
2007-09-24,0.74157,0.75006,0.73991,0.74613,24111.8
2007-09-25,0.74614,0.74877,0.73373,0.74551,24267.8
2007-09-26,0.7455,0.74986,0.74411,0.74767,24118.0
2007-09-27,0.74762,0.75504,0.74658,0.75424,24256.2
2007-09-28,0.75419,0.75835,0.74958,0.75107,22349.0
2007-09-29,0.75107,0.75107,0.75107,0.75107,0.0
2007-09-30,0.75038,0.7556,0.74932,0.75435,2691.4
2007-10-01,0.75447,0.76164,0.75406,0.75862,24190.4
2007-10-02,0.75871,0.76064,0.75221,0.75633,24210.8
2007-10-03,0.75643,0.75992,0.74969,0.75267,24274.4
2007-10-04,0.75264,0.75491,0.74823,0.75271,24198.6
2007-10-05,0.75288,0.75487,0.74368,0.7458,22298.0
2007-10-06,0.7458,0.7458,0.7458,0.7458,0.0
2007-10-07,0.7458,0.75063,0.7454,0.74991,2747.6
2007-10-08,0.75002,0.75357,0.74937,0.75196,24253.6
2007-10-09,0.7517,0.75392,0.74707,0.74946,24323.0
2007-10-10,0.74946,0.75123,0.74486,0.74826,24297.2
2007-10-11,0.74816,0.75418,0.74788,0.75304,24245.4
2007-10-12,0.7531,0.75574,0.74995,0.7531,22287.0
2007-10-13,0.7531,0.7531,0.7531,0.7531,0.0
2007-10-14,0.7532,0.75618,0.75004,0.75204,2991.2
2007-10-15,0.75217,0.7529,0.74157,0.74387,24410.8
2007-10-16,0.74383,0.74524,0.72418,0.73328,24412.6
2007-10-17,0.73325,0.73522,0.72587,0.73078,24404.6
2007-10-18,0.73066,0.73555,0.72697,0.73295,24355.0
2007-10-19,0.73299,0.73428,0.72073,0.72217,22461.2
2007-10-20,0.72217,0.72217,0.72217,0.72217,0.0
2007-10-21,0.72208,0.7226,0.71485,0.71648,2992.4
2007-10-22,0.71669,0.73282,0.71463,0.73125,24340.4
2007-10-23,0.73105,0.73512,0.72463,0.72989,24393.4
2007-10-24,0.73008,0.73295,0.72443,0.73064,24425.6
2007-10-25,0.73066,0.73688,0.72789,0.7356,24291.6
2007-10-26,0.73564,0.73881,0.73149,0.7357,22346.6
2007-10-27,0.7357,0.7357,0.7357,0.7357,0.0
2007-10-28,0.736,0.74014,0.73571,0.73905,3060.8
2007-10-29,0.73906,0.74165,0.72937,0.73437,24279.0
2007-10-30,0.73433,0.73585,0.726,0.72984,24225.2
2007-10-31,0.72992,0.73204,0.72642,0.73085,24226.0
2007-11-01,0.73075,0.73184,0.71918,0.72139,24216.2
2007-11-02,0.72146,0.72449,0.7099,0.71567,22348.6
2007-11-03,0.71567,0.71567,0.71567,0.71567,0.0
2007-11-04,0.71337,0.71685,0.71271,0.71415,2752.8
2007-11-05,0.71423,0.72029,0.71039,0.71878,24231.8
2007-11-06,0.71879,0.72167,0.71428,0.71853,24151.2
2007-11-07,0.71859,0.72497,0.71085,0.7174,24229.6
2007-11-08,0.71747,0.7295,0.71308,0.72548,24198.8
2007-11-09,0.72545,0.72643,0.71691,0.71977,22989.2
2007-11-10,0.71977,0.71977,0.71977,0.71977,0.0
2007-11-11,0.71798,0.72088,0.71365,0.71806,2952.6
2007-11-12,0.71827,0.72473,0.71141,0.72413,24087.4
2007-11-13,0.72427,0.73122,0.72091,0.72925,24093.6
2007-11-14,0.72928,0.74024,0.72367,0.7342,24094.0
2007-11-15,0.73438,0.74521,0.73127,0.74466,24118.2
2007-11-16,0.74472,0.74672,0.73192,0.73658,22817.8
2007-11-17,0.73658,0.73658,0.73658,0.73658,0.0
2007-11-18,0.73717,0.74188,0.7353,0.73981,2610.4
2007-11-19,0.73957,0.74377,0.73608,0.73975,23964.4
2007-11-20,0.73977,0.7512,0.73781,0.74829,23919.4
2007-11-21,0.74839,0.74898,0.73522,0.74164,23945.0
2007-11-22,0.74083,0.74375,0.73684,0.74081,23836.2
2007-11-23,0.74065,0.75106,0.73768,0.74925,22615.0
2007-11-24,0.74925,0.74925,0.74925,0.74925,0.0
2007-11-25,0.75288,0.7529,0.74733,0.74997,2580.0
2007-11-26,0.75,0.75026,0.73989,0.74362,23877.0
2007-11-27,0.74344,0.75887,0.74198,0.75585,23960.8
2007-11-28,0.75616,0.76543,0.75385,0.76002,23837.4
2007-11-29,0.75996,0.77017,0.75868,0.76812,23867.8
2007-11-30,0.76808,0.77378,0.75905,0.76362,22662.6
2007-12-01,0.76362,0.76362,0.76362,0.76362,0.0
2007-12-02,0.76128,0.76311,0.75986,0.76258,2483.2
2007-12-03,0.76255,0.76887,0.7598,0.76403,23656.8
2007-12-04,0.76403,0.77438,0.76193,0.77071,23758.6
2007-12-05,0.77074,0.78288,0.76746,0.77982,23686.8
2007-12-06,0.77985,0.78686,0.77766,0.78346,23690.8
2007-12-07,0.78343,0.78871,0.77632,0.78118,22531.0
2007-12-08,0.78118,0.78118,0.78118,0.78118,0.0
2007-12-09,0.77807,0.77906,0.77551,0.77866,2342.6
2007-12-10,0.7786,0.78874,0.7762,0.78612,23227.4
2007-12-11,0.78611,0.79547,0.78236,0.78614,23469.2
2007-12-12,0.7862,0.80172,0.78382,0.79532,23433.8
2007-12-13,0.79525,0.79948,0.79096,0.79629,23358.2
2007-12-14,0.79623,0.79959,0.77377,0.77388,22266.8
2007-12-15,0.77388,0.77388,0.77388,0.77388,0.0
2007-12-16,0.77618,0.7834,0.77497,0.78189,2445.6
2007-12-17,0.78159,0.7823,0.75477,0.75683,23406.4
2007-12-18,0.75685,0.76638,0.75541,0.75909,23313.8
2007-12-19,0.75924,0.76431,0.75418,0.75572,23393.4
2007-12-20,0.75569,0.76294,0.75155,0.76077,23264.4
2007-12-21,0.76081,0.76507,0.75525,0.75682,22111.6
2007-12-22,0.75682,0.75682,0.75682,0.75682,0.0
2007-12-23,0.75788,0.75957,0.75562,0.75806,2202.2
2007-12-24,0.75814,0.76003,0.75293,0.75447,20733.8
2007-12-25,0.75432,0.7555,0.75215,0.75347,8911.2
2007-12-26,0.75348,0.7564,0.75028,0.75199,19186.4
2007-12-27,0.75214,0.75895,0.75028,0.75682,22985.2
2007-12-28,0.75659,0.76078,0.75272,0.7602,21785.0
2007-12-29,0.7602,0.7602,0.7602,0.7602,0.0
2007-12-30,0.75958,0.7605,0.7568,0.75992,1961.0
2007-12-31,0.75997,0.76439,0.75499,0.76347,22210.0
2008-01-01,0.76347,0.7639,0.75743,0.76233,8767.4
2008-01-02,0.76234,0.77078,0.76018,0.77005,23908.6
2008-01-03,0.77005,0.77251,0.75934,0.76368,23823.2
2008-01-04,0.7637,0.77145,0.75927,0.76722,22589.8
2008-01-05,0.76722,0.76722,0.76722,0.76722,0.0
2008-01-06,0.76917,0.7692,0.76595,0.76762,2378.6
2008-01-07,0.76768,0.77346,0.7628,0.77189,23908.8
2008-01-08,0.77189,0.77491,0.76824,0.77156,23904.6
2008-01-09,0.77171,0.78214,0.76916,0.78077,23955.2
2008-01-10,0.78088,0.79373,0.77786,0.79233,23830.6
2008-01-11,0.79232,0.80343,0.78913,0.79725,22656.4
2008-01-12,0.79725,0.79725,0.79725,0.79725,0.0
2008-01-13,0.79515,0.7987,0.79385,0.79807,2199.4
2008-01-14,0.79815,0.80611,0.79759,0.80206,23795.2
2008-01-15,0.8021,0.80762,0.78754,0.7915,23954.2
2008-01-16,0.7916,0.7948,0.78214,0.78553,23906.6
2008-01-17,0.78551,0.79433,0.7839,0.78499,23892.8
2008-01-18,0.78517,0.78767,0.7768,0.77788,22602.6
2008-01-19,0.77788,0.77788,0.77788,0.77788,0.0
2008-01-20,0.7784,0.78244,0.77512,0.7823,2975.4
2008-01-21,0.78165,0.78173,0.76601,0.76668,23649.4
2008-01-22,0.76687,0.78935,0.76406,0.78651,23757.0
2008-01-23,0.78643,0.78729,0.77469,0.78116,23718.4
2008-01-24,0.78105,0.78455,0.774,0.77732,23671.8
2008-01-25,0.77731,0.77975,0.77097,0.77432,22530.2
2008-01-26,0.77432,0.77432,0.77432,0.77432,0.0
2008-01-27,0.77195,0.77687,0.77105,0.77634,2327.0
2008-01-28,0.77631,0.78167,0.77402,0.78114,23503.2
2008-01-29,0.78105,0.78272,0.77423,0.77678,23568.0
2008-01-30,0.77574,0.78186,0.77189,0.77405,23693.4
2008-01-31,0.77312,0.79175,0.77311,0.78776,23532.2
2008-02-01,0.78746,0.7919,0.78493,0.7904,22457.4
2008-02-02,0.7904,0.7904,0.7904,0.7904,0.0
2008-02-03,0.78908,0.7894,0.78571,0.78745,1888.8
2008-02-04,0.78754,0.79438,0.78503,0.78751,23311.6
2008-02-05,0.78764,0.7936,0.78342,0.78746,23659.2
2008-02-06,0.78747,0.79311,0.78429,0.78969,23525.8
2008-02-07,0.78951,0.80042,0.78725,0.79325,23599.2
2008-02-08,0.79323,0.7978,0.78211,0.78755,22239.0
2008-02-09,0.78755,0.78755,0.78755,0.78755,0.0
2008-02-10,0.7872,0.7895,0.78557,0.78759,2111.4
2008-02-11,0.78717,0.79153,0.7854,0.78906,23036.2
2008-02-12,0.78904,0.79313,0.78732,0.78921,23088.8
2008-02-13,0.7893,0.79112,0.77933,0.78266,22899.2
2008-02-14,0.78274,0.79006,0.78156,0.78708,23090.2
2008-02-15,0.78625,0.7969,0.78295,0.79638,21912.6
2008-02-16,0.79638,0.79638,0.79638,0.79638,0.0
2008-02-17,0.7934,0.79782,0.79313,0.79708,2651.8
2008-02-18,0.79708,0.80317,0.79562,0.80217,22576.0
2008-02-19,0.80217,0.81257,0.79973,0.81128,23335.0
2008-02-20,0.81079,0.81161,0.80368,0.8089,23594.4
2008-02-21,0.80792,0.81198,0.8053,0.81009,23313.2
2008-02-22,0.80906,0.8204,0.8088,0.81972,22236.0
2008-02-23,0.81972,0.81972,0.81972,0.81972,0.0
2008-02-24,0.81907,0.81926,0.81475,0.81581,2211.2
2008-02-25,0.81587,0.81901,0.80441,0.80965,23297.4
2008-02-26,0.80965,0.81127,0.79661,0.80131,23599.6
2008-02-27,0.80156,0.80462,0.79709,0.79992,23580.2
2008-02-28,0.79991,0.80212,0.79003,0.79363,23384.8
2008-02-29,0.79371,0.79898,0.7814,0.78637,22548.0
2008-03-01,0.78637,0.78637,0.78637,0.78637,0.0
2008-03-02,0.78618,0.7881,0.78006,0.78243,2435.8
2008-03-03,0.78242,0.80024,0.78011,0.79701,23439.0
2008-03-04,0.79711,0.79852,0.78995,0.79442,23484.0
2008-03-05,0.79417,0.79494,0.78545,0.79126,23281.6
2008-03-06,0.79045,0.79287,0.78218,0.78463,23355.4
2008-03-07,0.78456,0.78936,0.77653,0.78485,22021.6
2008-03-08,0.78485,0.78485,0.78485,0.78485,0.0
2008-03-09,0.78308,0.78551,0.78099,0.78504,2561.0
2008-03-10,0.78488,0.78891,0.78102,0.78501,23102.2
2008-03-11,0.78491,0.79826,0.78426,0.79458,23370.0
2008-03-12,0.7945,0.80032,0.78841,0.79851,23271.4
2008-03-13,0.79856,0.80618,0.79266,0.8035,23268.0
2008-03-14,0.80332,0.81532,0.79937,0.8033,21348.0
2008-03-15,0.8033,0.8033,0.8033,0.8033,0.0
2008-03-16,0.8042,0.80685,0.79912,0.80685,2872.8
2008-03-17,0.80691,0.81286,0.79229,0.79613,23521.6
2008-03-18,0.79606,0.80842,0.79451,0.80113,23354.6
2008-03-19,0.80118,0.8136,0.80081,0.80867,23459.0
2008-03-20,0.80854,0.81985,0.80629,0.81103,23066.6
2008-03-21,0.80968,0.81442,0.80729,0.8098,17900.4
2008-03-22,0.8098,0.8098,0.8098,0.8098,0.0
2008-03-23,0.81025,0.81144,0.80846,0.81013,2130.4
2008-03-24,0.80996,0.81646,0.8063,0.81621,22924.6
2008-03-25,0.81619,0.82145,0.81192,0.82069,23421.2
2008-03-26,0.81992,0.82063,0.81309,0.81832,23462.4
2008-03-27,0.8184,0.823,0.81349,0.81868,23409.0
2008-03-28,0.8187,0.82028,0.80816,0.81317,21491.4
2008-03-29,0.81317,0.81317,0.81317,0.81317,0.0
2008-03-30,0.81288,0.8147,0.80658,0.80879,2720.8
2008-03-31,0.80881,0.81258,0.80245,0.80484,23585.8
2008-04-01,0.80484,0.80603,0.79917,0.80521,23545.4
2008-04-02,0.80468,0.80705,0.79797,0.79951,23484.0
2008-04-03,0.79955,0.80084,0.78674,0.78837,23258.6
2008-04-04,0.78842,0.79644,0.78511,0.79507,21307.4
2008-04-05,0.79507,0.79507,0.79507,0.79507,0.0
2008-04-06,0.79528,0.79695,0.79311,0.79372,2374.8
2008-04-07,0.79371,0.80809,0.79179,0.80639,23238.2
2008-04-08,0.80605,0.811,0.80216,0.80953,23324.0
2008-04-09,0.80945,0.81366,0.80435,0.81157,23312.2
2008-04-10,0.81157,0.81679,0.81052,0.81264,23257.2
2008-04-11,0.81268,0.81404,0.80757,0.8112,21631.2
2008-04-12,0.8112,0.8112,0.8112,0.8112,0.0
2008-04-13,0.81178,0.81512,0.80475,0.80727,2510.6
2008-04-14,0.8063,0.81246,0.80146,0.80525,23389.4
2008-04-15,0.80519,0.80831,0.79654,0.79852,23147.4
2008-04-16,0.79855,0.79932,0.78839,0.79175,23368.0
2008-04-17,0.79183,0.79986,0.78608,0.79858,23370.4
2008-04-18,0.79859,0.79987,0.79047,0.79327,21538.0
2008-04-19,0.79327,0.79327,0.79327,0.79327,0.0
2008-04-20,0.79338,0.79622,0.79159,0.79524,2404.4
2008-04-21,0.7951,0.79967,0.79223,0.79963,22908.2
2008-04-22,0.79955,0.80682,0.79658,0.80371,23471.8
2008-04-23,0.80373,0.81527,0.80111,0.80749,23672.4
2008-04-24,0.80696,0.80881,0.79649,0.79705,23364.4
2008-04-25,0.79705,0.79983,0.79019,0.7912,21845.4
2008-04-26,0.7912,0.7912,0.7912,0.7912,0.0
2008-04-27,0.7914,0.79408,0.79063,0.79101,2501.0
2008-04-28,0.79096,0.80013,0.78784,0.79234,23430.0
2008-04-29,0.79227,0.79343,0.78154,0.78249,23461.4
2008-04-30,0.78252,0.79043,0.78129,0.787,23451.4
2008-05-01,0.78702,0.79374,0.78352,0.79101,23334.4
2008-05-02,0.79068,0.79942,0.78969,0.79587,21315.8
2008-05-03,0.79587,0.79587,0.79587,0.79587,0.0
2008-05-04,0.79538,0.79658,0.79295,0.79442,2222.2
2008-05-05,0.79428,0.79836,0.79316,0.79396,23261.2
2008-05-06,0.794,0.79999,0.78991,0.79104,23968.0
2008-05-07,0.79106,0.79284,0.78077,0.78113,24039.0
2008-05-08,0.78102,0.78581,0.77733,0.78483,24161.8
2008-05-09,0.78503,0.78529,0.77035,0.7718,22317.8
2008-05-10,0.7718,0.7718,0.7718,0.7718,0.0
2008-05-11,0.7718,0.77298,0.76912,0.7699,2690.0
2008-05-12,0.76991,0.77556,0.76912,0.77275,23815.4
2008-05-13,0.77276,0.77567,0.76436,0.76576,23671.6
2008-05-14,0.76581,0.76719,0.75799,0.75948,23918.2
2008-05-15,0.75955,0.76435,0.75493,0.76315,23960.0
2008-05-16,0.76296,0.77399,0.76125,0.77122,22014.8
2008-05-17,0.77122,0.77122,0.77122,0.77122,0.0
2008-05-18,0.77317,0.77461,0.77043,0.77098,2519.2
2008-05-19,0.77124,0.77278,0.7633,0.76694,23579.4
2008-05-20,0.76644,0.7714,0.76376,0.76735,23786.8
2008-05-21,0.76733,0.77176,0.76206,0.7645,23745.0
2008-05-22,0.76456,0.77719,0.76279,0.77344,23866.0
2008-05-23,0.77293,0.77877,0.77181,0.77637,21930.4
2008-05-24,0.77637,0.77637,0.77637,0.77637,0.0
2008-05-25,0.77758,0.7777,0.77361,0.77466,2452.8
2008-05-26,0.7747,0.78153,0.77438,0.77991,23212.0
2008-05-27,0.77984,0.78581,0.77805,0.78297,24804.8
2008-05-28,0.78294,0.78427,0.7749,0.7774,24786.0
2008-05-29,0.77738,0.77798,0.76642,0.77178,24978.2
2008-05-30,0.77189,0.78018,0.76969,0.7774,23134.0
2008-05-31,0.7774,0.7774,0.7774,0.7774,0.0
2008-06-01,0.7778,0.7796,0.77633,0.77944,2531.0
2008-06-02,0.77915,0.7872,0.77784,0.78455,24951.2
2008-06-03,0.78458,0.78931,0.78191,0.78649,25045.8
2008-06-04,0.7864,0.79409,0.78072,0.78127,25166.0
2008-06-05,0.78148,0.78247,0.7757,0.77901,25049.6
2008-06-06,0.77895,0.7832,0.77418,0.78147,22992.8
2008-06-07,0.78147,0.78147,0.78147,0.78147,0.0
2008-06-08,0.78188,0.78321,0.78031,0.78139,2601.4
2008-06-09,0.78124,0.78459,0.77343,0.77646,25056.2
2008-06-10,0.77573,0.7787,0.76608,0.76991,25215.6
2008-06-11,0.76989,0.77417,0.76588,0.77031,24977.8
2008-06-12,0.77014,0.77105,0.76489,0.76659,25144.0
2008-06-13,0.76598,0.77224,0.7634,0.7702,23254.0
2008-06-14,0.7702,0.7702,0.7702,0.7702,0.0
2008-06-15,0.7701,0.7741,0.76988,0.77202,2709.0
2008-06-16,0.77206,0.77416,0.76686,0.77092,25120.6
2008-06-17,0.771,0.77345,0.76519,0.76943,25227.0
2008-06-18,0.76941,0.77269,0.76761,0.77151,25184.6
2008-06-19,0.77095,0.77484,0.76688,0.77236,25049.0
2008-06-20,0.77189,0.77741,0.77103,0.77268,23112.2
2008-06-21,0.77268,0.77268,0.77268,0.77268,0.0
2008-06-22,0.7723,0.774,0.77124,0.77329,2778.0
2008-06-23,0.77283,0.77537,0.76703,0.76869,25160.8
2008-06-24,0.7684,0.77008,0.76504,0.76853,24990.4
2008-06-25,0.76858,0.76876,0.76259,0.76364,25049.8
2008-06-26,0.76379,0.76616,0.76188,0.76475,24969.8
2008-06-27,0.76427,0.77186,0.76256,0.76917,23104.0
2008-06-28,0.76917,0.76917,0.76917,0.76917,0.0
2008-06-29,0.76807,0.76994,0.76726,0.76956,2754.2
2008-06-30,0.76957,0.77841,0.76826,0.77714,25094.0
2008-07-01,0.77712,0.77721,0.76964,0.77486,24857.2
2008-07-02,0.77406,0.77503,0.76748,0.76901,24737.8
2008-07-03,0.76904,0.77256,0.76735,0.76876,24363.0
2008-07-04,0.76849,0.77494,0.76674,0.7745,21880.6
2008-07-05,0.7745,0.7745,0.7745,0.7745,0.0
2008-07-06,0.77302,0.77387,0.77113,0.77207,2247.6
2008-07-07,0.77148,0.77289,0.76372,0.76588,24632.8
2008-07-08,0.76592,0.7687,0.76222,0.76697,24751.6
2008-07-09,0.76688,0.76919,0.76242,0.76482,24767.0
2008-07-10,0.7648,0.76848,0.76277,0.76517,24204.4
2008-07-11,0.76506,0.77447,0.76389,0.7667,22647.4
2008-07-12,0.7667,0.7667,0.7667,0.7667,0.0
2008-07-13,0.7676,0.76887,0.76313,0.76579,2715.2
2008-07-14,0.76577,0.77044,0.76442,0.76856,24523.8
2008-07-15,0.76804,0.77504,0.76708,0.77231,24963.6
2008-07-16,0.77228,0.77473,0.77046,0.77123,25065.6
2008-07-17,0.77124,0.77363,0.76252,0.76681,25135.2
2008-07-18,0.76634,0.76987,0.76345,0.76657,22814.6
2008-07-19,0.76657,0.76657,0.76657,0.76657,0.0
2008-07-20,0.76648,0.76668,0.76341,0.76495,2595.8
2008-07-21,0.76507,0.7665,0.7597,0.76088,24868.0
2008-07-22,0.76092,0.76689,0.75997,0.76441,25072.6
2008-07-23,0.76437,0.76518,0.75001,0.75216,25449.2
2008-07-24,0.75212,0.75491,0.7462,0.75363,25341.4
2008-07-25,0.75363,0.7579,0.75093,0.7557,23478.8
2008-07-26,0.7557,0.7557,0.7557,0.7557,0.0
2008-07-27,0.7558,0.75782,0.75485,0.7562,2659.4
2008-07-28,0.75606,0.76259,0.7545,0.76187,24932.8
2008-07-29,0.76186,0.76279,0.75263,0.75587,24861.2
2008-07-30,0.75607,0.75657,0.7481,0.75135,25145.2
2008-07-31,0.75113,0.75429,0.74707,0.74826,25236.6
2008-08-01,0.74829,0.74858,0.74304,0.74528,23497.6
2008-08-02,0.74528,0.74528,0.74528,0.74528,0.0
2008-08-03,0.7466,0.74878,0.74515,0.7487,2738.0
2008-08-04,0.74782,0.75741,0.74635,0.75391,24897.8
2008-08-05,0.75333,0.75829,0.75141,0.75686,25449.2
2008-08-06,0.75664,0.75771,0.75042,0.75513,25280.4
2008-08-07,0.75515,0.75534,0.7481,0.75001,25350.2
2008-08-08,0.74986,0.75326,0.73732,0.7516,23574.4
2008-08-09,0.7516,0.7516,0.7516,0.7516,0.0
2008-08-10,0.75177,0.7518,0.74605,0.74772,2689.0
2008-08-11,0.74671,0.75307,0.74342,0.74708,25325.6
2008-08-12,0.74723,0.74787,0.73557,0.73805,25435.2
2008-08-13,0.73793,0.74931,0.7278,0.74253,25335.4
2008-08-14,0.74221,0.74733,0.74036,0.74457,25457.0
2008-08-15,0.74464,0.75063,0.74041,0.74767,23462.6
2008-08-16,0.74767,0.74767,0.74767,0.74767,0.0
2008-08-17,0.74757,0.7485,0.74395,0.74613,2768.0
2008-08-18,0.74614,0.75733,0.74586,0.7548,25230.0
2008-08-19,0.75486,0.75902,0.75034,0.7578,25205.4
2008-08-20,0.75748,0.75942,0.75221,0.75509,24999.2
2008-08-21,0.75512,0.7566,0.74923,0.75064,25114.0
2008-08-22,0.75069,0.75136,0.74005,0.7419,23281.4
2008-08-23,0.7419,0.7419,0.7419,0.7419,0.0
2008-08-24,0.7418,0.74373,0.74021,0.74183,2760.4
2008-08-25,0.74185,0.74233,0.7324,0.73292,25040.2
2008-08-26,0.73266,0.73428,0.72286,0.7291,25146.6
2008-08-27,0.72906,0.73562,0.72853,0.73508,25192.6
2008-08-28,0.73512,0.74185,0.73343,0.73861,25235.6
2008-08-29,0.73865,0.7458,0.73716,0.74577,23287.2
2008-08-30,0.74577,0.74577,0.74577,0.74577,0.0
2008-08-31,0.74412,0.7461,0.74075,0.74312,2853.8
2008-09-01,0.74271,0.74436,0.7384,0.74037,24855.4
2008-09-02,0.73968,0.74091,0.72822,0.72905,25545.8
2008-09-03,0.72915,0.73345,0.72125,0.72622,25638.8
2008-09-04,0.7259,0.72911,0.70606,0.70953,25710.4
2008-09-05,0.70913,0.71571,0.70571,0.71,23861.8
2008-09-06,0.71,0.71,0.71,0.71,0.0
2008-09-07,0.71,0.72277,0.70857,0.71602,2940.2
2008-09-08,0.71562,0.72289,0.71065,0.71402,25583.0
2008-09-09,0.71416,0.72116,0.70465,0.71211,25687.8
2008-09-10,0.71223,0.71759,0.69899,0.7006,25637.8
2008-09-11,0.70053,0.70593,0.69227,0.70183,25736.4
2008-09-12,0.70189,0.7105,0.6992,0.7078,23688.6
2008-09-13,0.7078,0.7078,0.7078,0.7078,0.0
2008-09-14,0.7079,0.7116,0.7025,0.7091,2856.0
2008-09-15,0.70912,0.71178,0.69789,0.69961,25664.8
2008-09-16,0.69988,0.70805,0.69267,0.70688,25735.0
2008-09-17,0.70682,0.71385,0.69706,0.70654,25692.8
2008-09-18,0.70662,0.72227,0.70528,0.71521,25722.0
2008-09-19,0.71469,0.72534,0.7116,0.71977,23784.0
2008-09-20,0.71977,0.71977,0.71977,0.71977,0.0
2008-09-21,0.72023,0.72388,0.7143,0.71909,2865.8
2008-09-22,0.7195,0.72385,0.71164,0.71319,25600.2
2008-09-23,0.71344,0.7156,0.70304,0.7055,25543.8
2008-09-24,0.70552,0.71073,0.702,0.7089,25371.0
2008-09-25,0.70888,0.71404,0.70118,0.70881,25518.6
2008-09-26,0.7088,0.71219,0.70586,0.7073,23653.0
2008-09-27,0.7073,0.7073,0.7073,0.7073,0.0
2008-09-28,0.7086,0.71159,0.70576,0.71159,2877.0
2008-09-29,0.71145,0.71229,0.69637,0.70083,25435.2
2008-09-30,0.70081,0.71606,0.69948,0.70978,25590.6
2008-10-01,0.70991,0.71944,0.70857,0.71483,25628.8
2008-10-02,0.71527,0.71666,0.70573,0.70983,25589.6
2008-10-03,0.70988,0.71985,0.70779,0.7149,23683.8
2008-10-04,0.7149,0.7149,0.7149,0.7149,0.0
2008-10-05,0.7164,0.7164,0.70901,0.71039,2852.2
2008-10-06,0.71052,0.71292,0.68033,0.69592,25572.8
2008-10-07,0.69586,0.70564,0.68045,0.68895,25563.8
2008-10-08,0.68891,0.69046,0.64377,0.6726,25565.4
2008-10-09,0.67258,0.71084,0.66601,0.68917,25656.6
2008-10-10,0.6889,0.72175,0.68408,0.69857,23636.6
2008-10-11,0.69857,0.69857,0.69857,0.69857,0.0
2008-10-12,0.70008,0.7178,0.69399,0.7154,3610.2
2008-10-13,0.71561,0.71575,0.69333,0.70778,25532.0
2008-10-14,0.70833,0.72573,0.70319,0.71853,25664.8
2008-10-15,0.71879,0.73566,0.70315,0.71174,25644.6
2008-10-16,0.71197,0.73482,0.71189,0.72553,25616.0
2008-10-17,0.72535,0.73258,0.71994,0.72215,23522.8
2008-10-18,0.72215,0.72215,0.72215,0.72215,0.0
2008-10-19,0.72398,0.7284,0.71587,0.72333,2764.0
2008-10-20,0.72335,0.74652,0.72093,0.73958,25369.2
2008-10-21,0.73946,0.74992,0.73003,0.73681,25593.0
2008-10-22,0.73678,0.74908,0.72912,0.73889,25575.2
2008-10-23,0.73885,0.75609,0.72869,0.74086,25685.8
2008-10-24,0.74063,0.74093,0.69574,0.70938,23740.4
2008-10-25,0.70938,0.70938,0.70938,0.70938,0.0
2008-10-26,0.7118,0.71212,0.70413,0.71085,2742.0
2008-10-27,0.71251,0.71368,0.69037,0.71056,25594.4
2008-10-28,0.70927,0.73413,0.7036,0.73242,25625.0
2008-10-29,0.73066,0.73773,0.7067,0.71108,25773.4
2008-10-30,0.71121,0.71999,0.70256,0.70807,25607.0
2008-10-31,0.70768,0.71779,0.69752,0.70688,23724.0
2008-11-01,0.70688,0.70688,0.70688,0.70688,0.0
2008-11-02,0.70344,0.71261,0.70297,0.70935,1390.8
2008-11-03,0.70948,0.71196,0.69495,0.69607,25484.0
2008-11-04,0.69643,0.70986,0.69265,0.69783,25823.4
2008-11-05,0.69814,0.70676,0.69001,0.69814,25810.4
2008-11-06,0.69828,0.70619,0.69201,0.69894,25778.8
2008-11-07,0.70034,0.70644,0.6886,0.70212,24402.0
2008-11-08,0.70212,0.70212,0.70212,0.70212,0.0
2008-11-09,0.70577,0.70884,0.70104,0.70554,2838.8
2008-11-10,0.70582,0.71441,0.68942,0.69448,25613.6
2008-11-11,0.69578,0.70304,0.68517,0.68954,25687.0
2008-11-12,0.68947,0.6986,0.6858,0.68898,25631.6
2008-11-13,0.68911,0.6983,0.68273,0.69114,25676.8
2008-11-14,0.69092,0.69309,0.67782,0.68242,24422.2
2008-11-15,0.68242,0.68242,0.68242,0.68242,0.0
2008-11-16,0.68238,0.68521,0.67583,0.68236,2875.0
2008-11-17,0.68242,0.68959,0.67303,0.67639,25558.0
2008-11-18,0.67634,0.68101,0.66998,0.67889,25450.8
2008-11-19,0.67883,0.68491,0.67314,0.67842,25478.6
2008-11-20,0.6784,0.6865,0.66949,0.67408,25611.6
2008-11-21,0.67391,0.68594,0.67157,0.68137,24497.4
2008-11-22,0.68137,0.68137,0.68137,0.68137,0.0
2008-11-23,0.68088,0.68354,0.67772,0.68235,2590.4
2008-11-24,0.68097,0.68275,0.66736,0.67467,25618.6
2008-11-25,0.67469,0.67687,0.66226,0.669,25875.2
2008-11-26,0.66896,0.68181,0.66821,0.67856,25529.0
2008-11-27,0.67895,0.68384,0.67087,0.6806,24980.8
2008-11-28,0.67922,0.68398,0.67575,0.67917,24284.6
2008-11-29,0.67917,0.67917,0.67917,0.67917,0.0
2008-11-30,0.67798,0.6805,0.67265,0.67594,2566.6
2008-12-01,0.67562,0.67676,0.65385,0.65513,25499.0
2008-12-02,0.65529,0.66851,0.65453,0.66473,25595.2
2008-12-03,0.66473,0.67236,0.6585,0.66787,25687.4
2008-12-04,0.66782,0.68199,0.66449,0.67807,25728.4
2008-12-05,0.67797,0.68333,0.67471,0.67865,24367.8
2008-12-06,0.67865,0.67865,0.67865,0.67865,0.0
2008-12-07,0.67738,0.68354,0.67483,0.67961,2618.4
2008-12-08,0.67969,0.6879,0.67394,0.68278,25613.8
2008-12-09,0.68259,0.68962,0.67206,0.6815,25625.8
2008-12-10,0.68153,0.69166,0.68014,0.68375,25550.2
2008-12-11,0.68373,0.69118,0.67353,0.68058,25425.4
2008-12-12,0.68078,0.68385,0.67298,0.68177,24332.0
2008-12-13,0.68177,0.68177,0.68177,0.68177,0.0
2008-12-14,0.67988,0.683,0.67483,0.68178,2260.2
2008-12-15,0.68203,0.688,0.67564,0.68414,25364.2
2008-12-16,0.68424,0.6984,0.68214,0.69664,25645.4
2008-12-17,0.69674,0.71507,0.69352,0.70555,25497.6
2008-12-18,0.70563,0.72114,0.69834,0.70456,25389.4
2008-12-19,0.70476,0.71619,0.69472,0.6948,24171.2
2008-12-20,0.6948,0.6948,0.6948,0.6948,0.0
2008-12-21,0.69987,0.702,0.69682,0.69996,1718.4
2008-12-22,0.70007,0.7032,0.68984,0.69924,25166.4
2008-12-23,0.69954,0.70128,0.68594,0.69122,25191.0
2008-12-24,0.6912,0.70197,0.6887,0.69817,23420.6
2008-12-25,0.69417,0.6998,0.6918,0.69697,4821.2
2008-12-26,0.69492,0.70857,0.6941,0.70375,21035.0
2008-12-27,0.70375,0.70375,0.70375,0.70375,0.0
2008-12-28,0.70378,0.70918,0.69934,0.70163,2274.8
2008-12-29,0.69981,0.71323,0.69655,0.70433,25232.2
2008-12-30,0.70436,0.71703,0.69898,0.70147,25433.8
2008-12-31,0.70033,0.72101,0.69747,0.71238,23341.6
2009-01-01,0.71237,0.7139,0.70522,0.71224,8133.4
2009-01-02,0.71146,0.71302,0.70306,0.7058,24081.4
2009-01-03,0.7058,0.7058,0.7058,0.7058,0.0
2009-01-04,0.71028,0.71339,0.70522,0.71272,2634.2
2009-01-05,0.71268,0.71664,0.69772,0.69836,25866.0
2009-01-06,0.69859,0.70921,0.69428,0.70551,25866.6
2009-01-07,0.70541,0.71272,0.70112,0.70359,25919.4
2009-01-08,0.70363,0.71008,0.69852,0.70248,25921.8
2009-01-09,0.70133,0.70865,0.69705,0.70175,24623.2
2009-01-10,0.70175,0.70175,0.70175,0.70175,0.0
2009-01-11,0.70308,0.7031,0.69646,0.69947,2627.8
2009-01-12,0.69945,0.70574,0.68978,0.69537,25866.6
2009-01-13,0.69493,0.69635,0.67097,0.67601,26095.6
2009-01-14,0.67562,0.6783,0.66425,0.67609,26048.2
2009-01-15,0.67595,0.67975,0.66228,0.67596,26164.0
2009-01-16,0.6761,0.68389,0.67371,0.67892,24917.4
2009-01-17,0.67892,0.67892,0.67892,0.67892,0.0
2009-01-18,0.68035,0.68591,0.6787,0.68294,2240.0
2009-01-19,0.68307,0.68663,0.66961,0.67274,25775.6
2009-01-20,0.67423,0.67423,0.6535,0.6566,26017.0
2009-01-21,0.65668,0.67225,0.65476,0.66662,26148.2
2009-01-22,0.66653,0.67155,0.65732,0.66026,26034.0
2009-01-23,0.66042,0.66464,0.64904,0.65035,24802.8
2009-01-24,0.65035,0.65035,0.65035,0.65035,0.0
2009-01-25,0.65348,0.6541,0.64787,0.65071,2129.0
2009-01-26,0.65074,0.65529,0.6386,0.64608,25885.6
2009-01-27,0.64614,0.65109,0.64283,0.64682,25958.6
2009-01-28,0.6467,0.65173,0.63178,0.63421,26125.4
2009-01-29,0.63319,0.63508,0.62547,0.62746,26072.4
2009-01-30,0.62775,0.63098,0.62108,0.6236,24807.0
2009-01-31,0.6236,0.6236,0.6236,0.6236,0.0
2009-02-01,0.62518,0.6261,0.62125,0.62347,2195.8
2009-02-02,0.62352,0.62954,0.61474,0.62549,25778.8
2009-02-03,0.62539,0.63466,0.62525,0.62817,26011.4
2009-02-04,0.62808,0.63209,0.62175,0.62625,25880.2
2009-02-05,0.62613,0.63828,0.6233,0.63432,25892.8
2009-02-06,0.63435,0.65876,0.63131,0.64777,24778.6
2009-02-07,0.64777,0.64777,0.64777,0.64777,0.0
2009-02-08,0.64528,0.64993,0.6445,0.6491,2596.8
2009-02-09,0.64757,0.66427,0.63957,0.651,25948.0
2009-02-10,0.65123,0.65818,0.646,0.65089,25930.0
2009-02-11,0.65129,0.65845,0.6487,0.65056,25940.0
2009-02-12,0.6503,0.65849,0.64286,0.64887,25826.4
2009-02-13,0.649,0.65536,0.64267,0.64435,24347.2
2009-02-14,0.64435,0.64435,0.64435,0.64435,0.0
2009-02-15,0.64517,0.64772,0.64271,0.64583,2918.8
2009-02-16,0.64698,0.64821,0.64079,0.6457,25748.0
2009-02-17,0.64581,0.64609,0.63458,0.64158,26234.6
2009-02-18,0.64148,0.64814,0.63928,0.64316,26059.2
2009-02-19,0.64321,0.64781,0.63712,0.63892,25958.4
2009-02-20,0.63897,0.64362,0.63162,0.63985,24894.4
2009-02-21,0.63985,0.63985,0.63985,0.63985,0.0
2009-02-22,0.63568,0.64058,0.63505,0.63704,2734.8
2009-02-23,0.637,0.64258,0.63259,0.6329,26110.6
2009-02-24,0.63327,0.64204,0.63114,0.63765,26044.8
2009-02-25,0.63708,0.645,0.63595,0.63824,25970.8
2009-02-26,0.63802,0.64189,0.63336,0.63506,26126.4
2009-02-27,0.6353,0.63965,0.63046,0.63782,24874.0
2009-02-28,0.63782,0.63782,0.63782,0.63782,0.0
2009-03-01,0.63488,0.63869,0.63246,0.63329,2942.0
2009-03-02,0.6333,0.6374,0.62724,0.6352,26077.4
2009-03-03,0.63515,0.64615,0.63419,0.6387,25972.6
2009-03-04,0.63851,0.64797,0.63343,0.64259,26045.6
2009-03-05,0.64255,0.6458,0.63914,0.64166,25958.8
2009-03-06,0.64164,0.65004,0.64108,0.64555,24882.4
2009-03-07,0.64555,0.64555,0.64555,0.64555,0.0
2009-03-08,0.64578,0.64844,0.64494,0.6482,2345.4
2009-03-09,0.64731,0.64901,0.6382,0.64195,25912.0
2009-03-10,0.64192,0.64779,0.63996,0.6477,26020.0
2009-03-11,0.64687,0.6599,0.63945,0.6583,26086.2
2009-03-12,0.65838,0.66811,0.65544,0.66499,26106.6
2009-03-13,0.665,0.67142,0.66185,0.66687,23991.8
2009-03-14,0.66687,0.66687,0.66687,0.66687,0.0
2009-03-15,0.66507,0.6683,0.66377,0.66788,3148.8
2009-03-16,0.66692,0.67721,0.66555,0.67236,25927.0
2009-03-17,0.67243,0.67666,0.66959,0.67221,25699.8
2009-03-18,0.67245,0.68129,0.66787,0.67859,26229.6
2009-03-19,0.67854,0.69153,0.67338,0.69034,26229.6
2009-03-20,0.6904,0.69551,0.68838,0.6923,24070.4
2009-03-21,0.6923,0.6923,0.6923,0.6923,0.0
2009-03-22,0.69237,0.69466,0.69087,0.6932,3062.4
2009-03-23,0.69342,0.70239,0.69275,0.69802,26230.2
2009-03-24,0.69819,0.70089,0.68968,0.69143,26267.4
2009-03-25,0.69112,0.70111,0.6854,0.69867,26225.4
2009-03-26,0.69866,0.71384,0.69824,0.70979,26286.0
2009-03-27,0.71008,0.71012,0.703,0.70697,24179.8
2009-03-28,0.70697,0.70697,0.70697,0.70697,0.0
2009-03-29,0.70748,0.7077,0.70085,0.70278,2941.4
2009-03-30,0.70272,0.71081,0.69843,0.7082,26271.2
2009-03-31,0.70815,0.72067,0.70346,0.70625,26351.4
2009-04-01,0.70572,0.71746,0.70156,0.7125,26279.4
2009-04-02,0.71227,0.72768,0.70916,0.72647,26323.8
2009-04-03,0.72662,0.72877,0.71394,0.71957,24241.6
2009-04-04,0.71957,0.71957,0.71957,0.71957,0.0
2009-04-05,0.72027,0.72769,0.71821,0.72593,3010.0
2009-04-06,0.72589,0.73126,0.71944,0.72136,26234.4
2009-04-07,0.72109,0.72508,0.7094,0.71164,26264.4
2009-04-08,0.71167,0.717,0.70793,0.71534,26171.6
2009-04-09,0.71539,0.72045,0.711,0.71273,25907.6
2009-04-10,0.71273,0.71635,0.71085,0.714,19552.0
2009-04-11,0.714,0.714,0.714,0.714,0.0
2009-04-12,0.71477,0.7203,0.71265,0.7169,2677.0
2009-04-13,0.71694,0.72334,0.71415,0.72115,24328.8
2009-04-14,0.72116,0.72239,0.70568,0.70662,26282.2
2009-04-15,0.70666,0.70834,0.69121,0.69577,26260.6
2009-04-16,0.6957,0.69618,0.68484,0.69329,26299.6
2009-04-17,0.69285,0.69478,0.68511,0.6882,24317.8
2009-04-18,0.6882,0.6882,0.6882,0.6882,0.0
2009-04-19,0.68787,0.69155,0.68633,0.689,2628.2
2009-04-20,0.68898,0.69153,0.67881,0.68424,26247.2
2009-04-21,0.68425,0.69798,0.68342,0.69147,26247.2
2009-04-22,0.69132,0.69315,0.68623,0.68779,26223.6
2009-04-23,0.68795,0.69327,0.68306,0.68648,26244.0
2009-04-24,0.68632,0.69428,0.68552,0.69147,24351.0
2009-04-25,0.69147,0.69147,0.69147,0.69147,0.0
2009-04-26,0.69127,0.6923,0.68363,0.68697,2905.2
2009-04-27,0.68704,0.69319,0.68402,0.68529,26366.4
2009-04-28,0.68529,0.68555,0.6747,0.68493,26334.4
2009-04-29,0.68482,0.69353,0.6774,0.6786,26270.6
2009-04-30,0.67866,0.68319,0.67165,0.67537,26338.2
2009-05-01,0.67544,0.68128,0.67106,0.67507,24303.2
2009-05-02,0.67507,0.67507,0.67507,0.67507,0.0
2009-05-03,0.67718,0.68087,0.67392,0.67863,3015.8
2009-05-04,0.6784,0.68035,0.67316,0.67651,26309.2
2009-05-05,0.67651,0.68602,0.67396,0.68119,26236.6
2009-05-06,0.68034,0.68778,0.67853,0.68522,26333.8
2009-05-07,0.68595,0.69794,0.68208,0.69426,26405.4
2009-05-08,0.69434,0.69662,0.68571,0.693,24329.0
2009-05-09,0.693,0.693,0.693,0.693,0.0
2009-05-10,0.69317,0.69738,0.6921,0.69717,2639.6
2009-05-11,0.69732,0.70367,0.69416,0.69928,26272.2
2009-05-12,0.69917,0.70648,0.69596,0.70228,26217.8
2009-05-13,0.70224,0.70595,0.69082,0.6948,26249.0
2009-05-14,0.69475,0.69964,0.6896,0.69483,26226.0
2009-05-15,0.69459,0.69576,0.6867,0.68807,24237.2
2009-05-16,0.68807,0.68807,0.68807,0.68807,0.0
2009-05-17,0.68757,0.69119,0.68532,0.68912,2955.6
2009-05-18,0.68915,0.69467,0.68568,0.69246,26138.2
2009-05-19,0.69268,0.70103,0.69164,0.69567,26092.0
2009-05-20,0.69563,0.6992,0.68851,0.6917,26053.6
2009-05-21,0.69163,0.69774,0.6884,0.69664,26207.8
2009-05-22,0.6972,0.7003,0.69219,0.6934,24208.4
2009-05-23,0.6934,0.6934,0.6934,0.6934,0.0
2009-05-24,0.69198,0.69311,0.68622,0.69181,2898.8
2009-05-25,0.69165,0.69806,0.69068,0.69691,26033.6
2009-05-26,0.69685,0.69902,0.6904,0.69395,26091.6
2009-05-27,0.69402,0.69448,0.68754,0.68992,26101.0
2009-05-28,0.68984,0.69969,0.68557,0.69541,25985.8
2009-05-29,0.69546,0.70201,0.6936,0.6978,24124.6
2009-05-30,0.6978,0.6978,0.6978,0.6978,0.0
2009-05-31,0.69798,0.70087,0.69528,0.69712,2863.8
2009-06-01,0.69722,0.71229,0.69573,0.70617,26059.6
2009-06-02,0.70637,0.71265,0.70491,0.70803,26034.6
2009-06-03,0.70794,0.7092,0.69457,0.70438,26164.2
2009-06-04,0.70418,0.70602,0.69196,0.6942,26051.0
2009-06-05,0.69497,0.70627,0.69393,0.6998,24022.4
2009-06-06,0.6998,0.6998,0.6998,0.6998,0.0
2009-06-07,0.70008,0.70369,0.69813,0.70073,2821.2
2009-06-08,0.70073,0.70152,0.68991,0.69375,25901.2
2009-06-09,0.69335,0.6942,0.68595,0.69226,26104.6
2009-06-10,0.69174,0.70276,0.69038,0.70158,26070.8
2009-06-11,0.70163,0.71174,0.70015,0.71009,26054.8
2009-06-12,0.71019,0.72077,0.70861,0.72047,24097.8
2009-06-13,0.72047,0.72047,0.72047,0.72047,0.0
2009-06-14,0.71918,0.7192,0.71254,0.71532,2782.8
2009-06-15,0.71526,0.71747,0.71125,0.71311,26020.8
2009-06-16,0.713,0.72095,0.70821,0.71077,26104.0
2009-06-17,0.71061,0.71857,0.71047,0.71682,26140.4
2009-06-18,0.71667,0.72649,0.71379,0.72306,25995.6
2009-06-19,0.72327,0.73127,0.71896,0.7289,24062.8
2009-06-20,0.7289,0.7289,0.7289,0.7289,0.0
2009-06-21,0.73087,0.73228,0.72633,0.7281,2683.2
2009-06-22,0.72814,0.73236,0.72268,0.72416,25908.4
2009-06-23,0.72419,0.73731,0.72225,0.7341,25942.8
2009-06-24,0.73432,0.74134,0.73136,0.7375,26049.2
2009-06-25,0.73746,0.74666,0.73642,0.74137,25962.0
2009-06-26,0.74133,0.746,0.7341,0.74377,24043.0
2009-06-27,0.74377,0.74377,0.74377,0.74377,0.0
2009-06-28,0.74387,0.74638,0.74149,0.74589,2402.2
2009-06-29,0.74577,0.75541,0.7415,0.75425,25862.2
2009-06-30,0.75422,0.75554,0.74783,0.75138,25909.6
2009-07-01,0.75133,0.75143,0.73338,0.73664,25766.4
2009-07-02,0.73669,0.73678,0.72538,0.72931,25850.6
2009-07-03,0.72951,0.73451,0.72852,0.7304,23681.8
2009-07-04,0.7304,0.7304,0.7304,0.7304,0.0
2009-07-05,0.73097,0.73101,0.728,0.72908,2848.2
2009-07-06,0.72909,0.73921,0.72662,0.73785,26067.0
2009-07-07,0.73791,0.73956,0.73066,0.73177,25774.8
2009-07-08,0.73199,0.73312,0.72369,0.72743,26007.2
2009-07-09,0.72749,0.73539,0.72683,0.73429,25867.6
2009-07-10,0.73439,0.73457,0.7268,0.72968,24069.8
2009-07-11,0.72968,0.72968,0.72968,0.72968,0.0
2009-07-12,0.73028,0.73112,0.72778,0.72922,2632.8
2009-07-13,0.72934,0.7303,0.72117,0.72855,25859.4
2009-07-14,0.72868,0.72992,0.72002,0.72596,25967.2
2009-07-15,0.72603,0.72817,0.72055,0.72327,25977.4
2009-07-16,0.72322,0.7254,0.71513,0.72333,25975.6
2009-07-17,0.7232,0.72382,0.71622,0.71747,23917.2
2009-07-18,0.71747,0.71747,0.71747,0.71747,0.0
2009-07-19,0.71738,0.72088,0.71693,0.7207,2772.4
2009-07-20,0.72009,0.72795,0.71582,0.72671,25763.8
2009-07-21,0.72688,0.7272,0.72,0.72568,25699.4
2009-07-22,0.72572,0.72723,0.72003,0.72417,25808.6
2009-07-23,0.72418,0.72698,0.70981,0.71342,25795.0
2009-07-24,0.71362,0.71608,0.70775,0.7118,23887.2
2009-07-25,0.7118,0.7118,0.7118,0.7118,0.0
2009-07-26,0.71108,0.71472,0.70971,0.71078,2720.2
2009-07-27,0.71083,0.71447,0.70751,0.70819,25656.8
2009-07-28,0.70804,0.71616,0.70718,0.70915,25751.8
2009-07-29,0.7091,0.71506,0.70557,0.70753,25749.2
2009-07-30,0.70753,0.71092,0.70429,0.70657,25721.0
2009-07-31,0.7065,0.7137,0.70483,0.71267,23753.2
2009-08-01,0.71267,0.71267,0.71267,0.71267,0.0
2009-08-02,0.71297,0.7154,0.70854,0.71384,3014.2
2009-08-03,0.71365,0.71579,0.70986,0.71215,25608.0
2009-08-04,0.71231,0.72295,0.70925,0.72088,25758.2
2009-08-05,0.72093,0.72608,0.71749,0.71858,25740.8
2009-08-06,0.71857,0.72321,0.71629,0.72242,25605.4
2009-08-07,0.72234,0.73349,0.72045,0.72527,23631.8
2009-08-08,0.72527,0.72527,0.72527,0.72527,0.0
2009-08-09,0.72618,0.72779,0.72257,0.72776,2811.4
2009-08-10,0.72753,0.73674,0.7264,0.7353,25475.6
2009-08-11,0.73529,0.73771,0.73284,0.73386,25443.2
2009-08-12,0.73391,0.73457,0.7279,0.73084,25575.6
2009-08-13,0.731,0.73944,0.73065,0.73785,25565.2
2009-08-14,0.73788,0.74779,0.73692,0.7438,23475.0
2009-08-15,0.7438,0.7438,0.7438,0.7438,0.0
2009-08-16,0.74438,0.7444,0.73885,0.74221,2850.4
2009-08-17,0.74234,0.74331,0.73678,0.74001,25547.8
2009-08-18,0.74015,0.7451,0.73892,0.74413,25541.0
2009-08-19,0.74384,0.74455,0.73614,0.7386,25574.2
2009-08-20,0.73883,0.74214,0.73428,0.73606,25440.0
2009-08-21,0.73647,0.74084,0.73244,0.7373,23626.8
2009-08-22,0.7373,0.7373,0.7373,0.7373,0.0
2009-08-23,0.73758,0.74004,0.73703,0.73998,2776.0
2009-08-24,0.73998,0.74101,0.73561,0.73778,25245.0
2009-08-25,0.73771,0.74358,0.73632,0.74246,25395.6
2009-08-26,0.74275,0.74974,0.74229,0.74675,25324.8
2009-08-27,0.74668,0.74841,0.74362,0.74764,25540.0
2009-08-28,0.74754,0.74879,0.74071,0.74607,23413.4
2009-08-29,0.74607,0.74607,0.74607,0.74607,0.0
2009-08-30,0.74618,0.74803,0.74441,0.74609,2668.0
2009-08-31,0.74612,0.75402,0.74548,0.7496,24855.0
2009-09-01,0.74937,0.75174,0.74296,0.74502,25038.4
2009-09-02,0.74504,0.74617,0.74103,0.74449,24710.6
2009-09-03,0.7446,0.74963,0.74255,0.74788,24951.2
2009-09-04,0.74787,0.75174,0.74441,0.7457,22839.6
2009-09-05,0.7457,0.7457,0.7457,0.7457,0.0
2009-09-06,0.74757,0.74875,0.74545,0.74787,2673.4
2009-09-07,0.74761,0.74836,0.74292,0.74592,23974.4
2009-09-08,0.74589,0.75255,0.74311,0.75161,28197.0
2009-09-09,0.75142,0.75485,0.74674,0.7526,28452.6
2009-09-10,0.7525,0.75989,0.74952,0.75765,28344.0
2009-09-11,0.75753,0.76178,0.75516,0.75995,26450.6
2009-09-12,0.75995,0.75995,0.75995,0.75995,0.0
2009-09-13,0.76135,0.76298,0.75796,0.75945,3026.4
2009-09-14,0.75947,0.76345,0.75553,0.75869,28329.8
2009-09-15,0.75841,0.76157,0.7538,0.75629,28252.0
2009-09-16,0.75626,0.76263,0.75486,0.7608,28203.6
2009-09-17,0.76078,0.76194,0.75393,0.75637,28294.0
2009-09-18,0.75639,0.76243,0.7555,0.75645,26337.8
2009-09-19,0.75645,0.75645,0.75645,0.75645,0.0
2009-09-20,0.75775,0.75805,0.75586,0.75722,3056.2
2009-09-21,0.75711,0.77081,0.755,0.7691,28295.0
2009-09-22,0.76912,0.77868,0.76682,0.77735,28295.6
2009-09-23,0.77726,0.77758,0.77082,0.77248,28517.0
2009-09-24,0.77245,0.78491,0.77225,0.7768,28526.4
2009-09-25,0.77677,0.78553,0.77583,0.7839,26697.8
2009-09-26,0.7839,0.7839,0.7839,0.7839,0.0
2009-09-27,0.78447,0.78871,0.78028,0.78726,2949.0
2009-09-28,0.78712,0.78828,0.77521,0.7787,28457.4
2009-09-29,0.7786,0.78174,0.77297,0.77684,28597.2
2009-09-30,0.77672,0.78078,0.77074,0.77251,28476.2
2009-10-01,0.77253,0.77578,0.7702,0.77291,28517.4
2009-10-02,0.7727,0.77959,0.76892,0.77262,26478.4
2009-10-03,0.77262,0.77262,0.77262,0.77262,0.0
2009-10-04,0.77257,0.77481,0.77057,0.77091,3194.0
2009-10-05,0.77078,0.78269,0.77053,0.7803,28416.0
2009-10-06,0.78015,0.78565,0.77526,0.77823,28510.0
2009-10-07,0.77816,0.78418,0.77514,0.78307,28410.8
2009-10-08,0.78249,0.785,0.77786,0.77974,28540.6
2009-10-09,0.77979,0.78044,0.76215,0.76445,26529.6
2009-10-10,0.76445,0.76445,0.76445,0.76445,0.0
2009-10-11,0.76475,0.76608,0.76255,0.76412,3309.8
2009-10-12,0.76406,0.76525,0.75571,0.7624,28446.0
2009-10-13,0.76243,0.76414,0.75585,0.76157,28481.6
2009-10-14,0.76167,0.76319,0.75609,0.76046,28599.2
2009-10-15,0.76057,0.77228,0.7597,0.77105,28467.2
2009-10-16,0.77113,0.77149,0.76519,0.7662,26726.0
2009-10-17,0.7662,0.7662,0.7662,0.7662,0.0
2009-10-18,0.76597,0.76942,0.76307,0.76838,2731.8
2009-10-19,0.76827,0.77878,0.76714,0.77752,28527.2
2009-10-20,0.77742,0.7885,0.7733,0.78641,28513.2
2009-10-21,0.78653,0.79582,0.78426,0.7904,28626.0
2009-10-22,0.79038,0.79576,0.78521,0.79268,28450.6
2009-10-23,0.79266,0.79621,0.79083,0.7937,26671.0
2009-10-24,0.7937,0.7937,0.7937,0.7937,0.0
2009-10-25,0.79368,0.7942,0.79012,0.79382,2897.0
2009-10-26,0.79312,0.79925,0.79093,0.79688,28572.2
2009-10-27,0.79692,0.80236,0.79029,0.79216,28500.0
2009-10-28,0.79253,0.79374,0.77701,0.77701,28664.6
2009-10-29,0.77715,0.78503,0.77278,0.77877,28602.0
2009-10-30,0.77872,0.78649,0.77288,0.77705,26585.6
2009-10-31,0.77705,0.77705,0.77705,0.77705,0.0
2009-11-01,0.77855,0.7812,0.7678,0.77219,4040.8
2009-11-02,0.77207,0.78052,0.77064,0.77557,28658.6
2009-11-03,0.77574,0.7787,0.76642,0.77028,28686.6
2009-11-04,0.77068,0.77429,0.76452,0.76719,28695.8
2009-11-05,0.76704,0.76982,0.76303,0.76807,28648.8
2009-11-06,0.768,0.78,0.76627,0.7793,27455.6
2009-11-07,0.7793,0.7793,0.7793,0.7793,0.0
2009-11-08,0.78364,0.78809,0.78339,0.7866,3469.4
2009-11-09,0.78664,0.78842,0.78062,0.78532,28586.0
2009-11-10,0.78529,0.78538,0.77648,0.77777,28607.2
2009-11-11,0.7778,0.77963,0.77085,0.7729,28521.4
2009-11-12,0.77291,0.77533,0.76984,0.77356,28595.2
2009-11-13,0.77358,0.7821,0.77138,0.7807,27225.4
2009-11-14,0.7807,0.7807,0.7807,0.7807,0.0
2009-11-15,0.78155,0.78453,0.77925,0.77974,2504.2
2009-11-16,0.77959,0.78533,0.77612,0.78372,28499.2
2009-11-17,0.78355,0.78877,0.78109,0.78358,28526.8
2009-11-18,0.78338,0.7872,0.78055,0.78604,28492.2
2009-11-19,0.78588,0.78594,0.77293,0.77594,28540.6
2009-11-20,0.77588,0.77769,0.77101,0.77455,27299.4
2009-11-21,0.77455,0.77455,0.77455,0.77455,0.0
2009-11-22,0.77518,0.7756,0.77068,0.77409,2357.8
2009-11-23,0.77403,0.77676,0.77081,0.77246,28514.0
2009-11-24,0.77247,0.77328,0.76513,0.7672,28555.2
2009-11-25,0.76716,0.77217,0.76125,0.76429,28524.0
2009-11-26,0.764,0.76412,0.74753,0.7522,28529.4
2009-11-27,0.75226,0.7589,0.75162,0.75385,27141.2
2009-11-28,0.75385,0.75385,0.75385,0.75385,0.0
2009-11-29,0.75565,0.75832,0.75342,0.75609,3389.0
2009-11-30,0.75587,0.76162,0.75238,0.75626,28416.6
2009-12-01,0.75616,0.76167,0.75421,0.75985,28385.0
2009-12-02,0.75991,0.76171,0.75642,0.75958,28380.8
2009-12-03,0.75953,0.76409,0.7582,0.76229,28296.2
2009-12-04,0.76229,0.76508,0.75172,0.7569,26982.4
2009-12-05,0.7569,0.7569,0.7569,0.7569,0.0
2009-12-06,0.75338,0.7579,0.75292,0.75641,3192.4
2009-12-07,0.75627,0.7579,0.74797,0.7503,28246.6
2009-12-08,0.75063,0.75423,0.74802,0.75094,28344.6
2009-12-09,0.7511,0.76259,0.74786,0.76075,28438.0
2009-12-10,0.76104,0.76937,0.76049,0.76525,28422.8
2009-12-11,0.76532,0.76941,0.76121,0.76745,27254.4
2009-12-12,0.76745,0.76745,0.76745,0.76745,0.0
2009-12-13,0.76768,0.76885,0.76488,0.76645,2398.2
2009-12-14,0.76657,0.77274,0.76434,0.76967,28403.2
2009-12-15,0.76974,0.77019,0.76325,0.76465,28341.0
2009-12-16,0.76462,0.76554,0.75829,0.76358,28361.2
2009-12-17,0.76362,0.76467,0.75725,0.75861,28384.2
2009-12-18,0.75854,0.76041,0.75433,0.75785,27161.4
2009-12-19,0.75785,0.75785,0.75785,0.75785,0.0
2009-12-20,0.75688,0.75926,0.75656,0.75794,2770.8
2009-12-21,0.75793,0.75862,0.74649,0.74842,28249.6
2009-12-22,0.74795,0.74843,0.73614,0.73856,28217.2
2009-12-23,0.73854,0.74047,0.73375,0.73846,28099.6
2009-12-24,0.73853,0.74407,0.73599,0.74217,27597.8
2009-12-25,0.74214,0.7425,0.73878,0.7405,9528.8
2009-12-26,0.7405,0.7405,0.7405,0.7405,0.0
2009-12-27,0.73965,0.74027,0.73805,0.73957,2427.2
2009-12-28,0.74041,0.74377,0.73648,0.73754,28035.0
2009-12-29,0.73755,0.75035,0.73628,0.74783,28054.2
2009-12-30,0.7481,0.76284,0.74652,0.76227,28076.8
2009-12-31,0.76204,0.76519,0.75767,0.76277,27153.0
2010-01-01,0.76275,0.7634,0.76172,0.76265,8971.2
2010-01-02,0.76265,0.76265,0.76265,0.76265,0.0
2010-01-03,0.76068,0.76198,0.75695,0.75825,2146.8
2010-01-04,0.75721,0.76522,0.75244,0.76446,27908.4
2010-01-05,0.76412,0.76553,0.75978,0.7629,27864.4
2010-01-06,0.76222,0.76286,0.75797,0.76111,27897.6
2010-01-07,0.76112,0.76456,0.75479,0.75727,27866.4
2010-01-08,0.75719,0.76064,0.75336,0.75807,26561.4
2010-01-09,0.75807,0.75807,0.75807,0.75807,0.0
2010-01-10,0.75765,0.76228,0.75765,0.76027,3508.8
2010-01-11,0.76056,0.76828,0.7579,0.76651,27665.6
2010-01-12,0.76626,0.76917,0.76306,0.76679,27715.8
2010-01-13,0.76694,0.77004,0.76035,0.76258,27661.0
2010-01-14,0.7626,0.76608,0.75826,0.75984,27718.0
2010-01-15,0.75925,0.76044,0.75521,0.75967,26568.2
2010-01-16,0.75967,0.75967,0.75967,0.75967,0.0
2010-01-17,0.7568,0.75805,0.75486,0.75726,2772.8
2010-01-18,0.75667,0.75891,0.75425,0.75879,27392.4
2010-01-19,0.75876,0.76338,0.75496,0.7565,27403.6
2010-01-20,0.75639,0.75727,0.7474,0.75382,27496.4
2010-01-21,0.75369,0.75597,0.74606,0.74887,27443.6
2010-01-22,0.74883,0.75484,0.74558,0.7502,26279.6
2010-01-23,0.7502,0.7502,0.7502,0.7502,0.0
2010-01-24,0.74933,0.75366,0.74764,0.75294,3353.2
2010-01-25,0.7531,0.7569,0.75075,0.75426,26978.0
2010-01-26,0.7542,0.75617,0.7493,0.75103,27107.0
2010-01-27,0.75113,0.75457,0.74938,0.75053,27136.0
2010-01-28,0.75065,0.75495,0.74852,0.75096,27114.8
2010-01-29,0.75114,0.75488,0.74843,0.74897,26175.6
2010-01-30,0.74897,0.74897,0.74897,0.74897,0.0
2010-01-31,0.74962,0.75169,0.74759,0.75158,2824.2
2010-02-01,0.75085,0.75358,0.74835,0.75286,27130.0
2010-02-02,0.75232,0.75483,0.74635,0.75387,27072.6
2010-02-03,0.75373,0.75446,0.73939,0.74131,27094.4
2010-02-04,0.74142,0.74295,0.73565,0.7377,27084.8
2010-02-05,0.73749,0.74252,0.73204,0.73745,26204.6
2010-02-06,0.73745,0.73745,0.73745,0.73745,0.0
2010-02-07,0.73567,0.73737,0.73362,0.73592,2890.0
2010-02-08,0.73544,0.73819,0.73284,0.7333,26242.2
2010-02-09,0.73323,0.74303,0.73262,0.74158,26382.8
2010-02-10,0.74142,0.74289,0.7342,0.73713,26359.4
2010-02-11,0.73716,0.74121,0.73108,0.73237,26461.0
2010-02-12,0.73224,0.73417,0.72803,0.7316,25159.0
2010-02-13,0.7316,0.7316,0.7316,0.7316,0.0
2010-02-14,0.73145,0.73184,0.72978,0.73153,2493.8
2010-02-15,0.73159,0.73421,0.72863,0.73152,24601.2
2010-02-16,0.73094,0.7384,0.73064,0.7371,36422.6
2010-02-17,0.73685,0.73845,0.7331,0.73454,30434.4
2010-02-18,0.73495,0.7355,0.72795,0.7302,35827.4
2010-02-19,0.73005,0.7324,0.7243,0.72587,36150.8
2010-02-20,0.72587,0.72587,0.72587,0.72587,0.0
2010-02-21,0.72632,0.7277,0.72589,0.7271,3183.4
2010-02-22,0.7272,0.73205,0.727,0.73095,29772.4
2010-02-23,0.73075,0.7338,0.72895,0.73255,39694.2
2010-02-24,0.73255,0.7327,0.7265,0.73035,36117.6
2010-02-25,0.73055,0.73405,0.72577,0.7326,38395.6
2010-02-26,0.73285,0.739,0.7319,0.73385,34239.0
2010-02-27,0.73385,0.73385,0.73385,0.73385,0.0
2010-02-28,0.73347,0.73767,0.73347,0.7354,2169.6
2010-03-01,0.73545,0.73725,0.7273,0.7285,37365.6
2010-03-02,0.7285,0.72895,0.7172,0.721,39785.2
2010-03-03,0.72105,0.72245,0.7109,0.7155,35152.4
2010-03-04,0.71565,0.71575,0.7055,0.7075,35490.6
2010-03-05,0.70701,0.71865,0.70668,0.71515,28232.4
2010-03-06,0.71515,0.71515,0.71515,0.71515,0.0
2010-03-07,0.71535,0.7191,0.71185,0.71785,3454.0
2010-03-08,0.7177,0.72165,0.7173,0.719,34179.0
2010-03-09,0.71875,0.7229,0.71702,0.7221,36259.0
2010-03-10,0.722,0.72625,0.71672,0.71765,34960.4
2010-03-11,0.71785,0.72035,0.71423,0.71585,33402.2
2010-03-12,0.71585,0.7201,0.71135,0.71472,33303.4
2010-03-13,0.71472,0.71472,0.71472,0.71472,0.0
2010-03-14,0.71445,0.71735,0.71328,0.7152,2934.4
2010-03-15,0.71493,0.7173,0.71245,0.71615,36791.4
2010-03-16,0.7159,0.7233,0.7149,0.7216,33569.6
2010-03-17,0.7217,0.725,0.71929,0.721,32680.4
2010-03-18,0.72059,0.7253,0.72026,0.7244,30826.2
2010-03-19,0.7246,0.728,0.7146,0.71938,32039.0
2010-03-20,0.71938,0.71938,0.71938,0.71938,0.0
2010-03-21,0.72047,0.72047,0.71591,0.71805,3475.6
2010-03-22,0.71815,0.72035,0.715,0.71935,50396.4
2010-03-23,0.7194,0.72,0.7144,0.71635,45740.6
2010-03-24,0.71625,0.7211,0.7147,0.71975,59633.2
2010-03-25,0.71965,0.72415,0.71724,0.72095,55768.6
2010-03-26,0.7209,0.7255,0.71992,0.72145,50678.2
2010-03-27,0.72145,0.72145,0.72145,0.72145,0.0
2010-03-28,0.72035,0.72325,0.7191,0.72195,3399.6
2010-03-29,0.722,0.72725,0.72167,0.7243,47348.4
2010-03-30,0.72435,0.7265,0.72085,0.72325,47500.2
2010-03-31,0.7233,0.72405,0.71685,0.718,55831.0
2010-04-01,0.7181,0.7192,0.7108,0.71445,46175.8
2010-04-02,0.7145,0.71595,0.7117,0.71342,28018.2
2010-04-03,0.71342,0.71342,0.71342,0.71342,0.0
2010-04-04,0.71315,0.7136,0.71105,0.71205,3267.6
2010-04-05,0.71235,0.7125,0.70315,0.7052,30463.6
2010-04-06,0.70515,0.7079,0.6977,0.7066,50280.0
2010-04-07,0.70655,0.71175,0.70219,0.7101,45607.4
2010-04-08,0.71005,0.7106,0.7061,0.70825,42068.2
2010-04-09,0.7083,0.7206,0.70694,0.71692,40631.2
2010-04-10,0.71692,0.71692,0.71692,0.71692,0.0
2010-04-11,0.71632,0.7219,0.71592,0.7202,5894.4
2010-04-12,0.72015,0.72095,0.7126,0.7155,43924.0
2010-04-13,0.71555,0.7172,0.7094,0.7107,40185.2
2010-04-14,0.71065,0.71455,0.70805,0.71405,46565.2
2010-04-15,0.71395,0.71445,0.7099,0.71405,43816.8
2010-04-16,0.7141,0.72085,0.7117,0.71703,55816.8
2010-04-17,0.71703,0.71703,0.71703,0.71703,0.0
2010-04-18,0.71682,0.71925,0.7158,0.71915,4228.8
2010-04-19,0.71905,0.72465,0.7173,0.7198,55851.2
2010-04-20,0.7197,0.721,0.7079,0.709,53858.4
2010-04-21,0.70905,0.7103,0.70665,0.70925,54294.0
2010-04-22,0.7093,0.7118,0.70846,0.71095,61619.2
2010-04-23,0.7109,0.7174,0.7084,0.71603,58381.6
2010-04-24,0.71603,0.71603,0.71603,0.71603,0.0
2010-04-25,0.71603,0.7171,0.71325,0.71645,4020.0
2010-04-26,0.7165,0.7243,0.71639,0.72245,50596.8
2010-04-27,0.7224,0.72585,0.7199,0.72285,65468.0
2010-04-28,0.7229,0.72839,0.7206,0.72435,61099.2
2010-04-29,0.7243,0.72795,0.72243,0.72684,55243.4
2010-04-30,0.7264,0.7417,0.72563,0.73883,62859.2
2010-05-01,0.73883,0.73883,0.73883,0.73883,0.0
2010-05-02,0.73892,0.74125,0.73492,0.7399,4156.8
2010-05-03,0.7399,0.74195,0.73742,0.7386,65171.3
2010-05-04,0.7386,0.7404,0.73615,0.73795,129908.3
2010-05-05,0.73795,0.74995,0.7351,0.74845,152220.6
2010-05-06,0.74845,0.7571,0.74245,0.7488,154784.0
2010-05-07,0.7488,0.7494,0.7385,0.74485,148908.5
2010-05-08,0.74485,0.74485,0.74485,0.74485,0.0
2010-05-09,0.74412,0.74748,0.74015,0.74295,14441.4
2010-05-10,0.74295,0.74755,0.73625,0.73695,136528.1
2010-05-11,0.73695,0.73955,0.7301,0.73235,129199.0
2010-05-12,0.73235,0.7328,0.72485,0.72795,139863.7
2010-05-13,0.72805,0.7316,0.72525,0.727,116288.3
2010-05-14,0.727,0.73815,0.7265,0.7308,132372.8
2010-05-15,0.7308,0.7308,0.7308,0.7308,0.0
2010-05-16,0.73135,0.7328,0.72913,0.73075,11983.6
2010-05-17,0.73065,0.7333,0.71815,0.7202,153638.3
2010-05-18,0.72015,0.72335,0.7152,0.71545,164808.8
2010-05-19,0.71545,0.7181,0.699,0.7114,166688.2
2010-05-20,0.71135,0.71745,0.7053,0.71395,163961.0
2010-05-21,0.71395,0.72125,0.7107,0.71795,150436.8
2010-05-22,0.71795,0.71795,0.71795,0.71795,0.0
2010-05-23,0.7178,0.7197,0.7158,0.71685,13924.0
2010-05-24,0.71685,0.7178,0.71005,0.7143,169009.8
2010-05-25,0.71425,0.71925,0.71015,0.7137,201269.3
2010-05-26,0.7138,0.71715,0.70385,0.7112,171179.7
2010-05-27,0.7112,0.71885,0.7072,0.716,171387.8
2010-05-28,0.71605,0.7193,0.7094,0.71558,156972.2
2010-05-29,0.71558,0.71558,0.71558,0.71558,0.0
2010-05-30,0.71513,0.7157,0.71035,0.714,12501.3
2010-05-31,0.714,0.7177,0.7027,0.70855,63943.8
2010-06-01,0.70865,0.7159,0.7046,0.71345,144271.5
2010-06-02,0.71345,0.71465,0.70415,0.70885,130506.1
2010-06-03,0.70885,0.71475,0.7082,0.71165,113684.2
2010-06-04,0.71165,0.71335,0.70535,0.71165,131441.6
2010-06-05,0.71165,0.71165,0.71165,0.71165,0.0
2010-06-06,0.71122,0.71236,0.70725,0.7096,10862.2
2010-06-07,0.7096,0.71005,0.69665,0.69845,168139.9
2010-06-08,0.69845,0.70155,0.6948,0.69655,183049.9
2010-06-09,0.69655,0.70445,0.6938,0.70235,160084.1
2010-06-10,0.70235,0.7089,0.7004,0.7055,172426.0
2010-06-11,0.7055,0.71465,0.70245,0.71177,167599.7
2010-06-12,0.71177,0.71177,0.71177,0.71177,0.0
2010-06-13,0.7119,0.71465,0.71067,0.71285,13247.9
2010-06-14,0.71285,0.71945,0.71205,0.7182,168178.3
2010-06-15,0.71825,0.71875,0.71235,0.7159,154495.0
2010-06-16,0.7158,0.7171,0.71155,0.71455,130979.6
2010-06-17,0.71455,0.7261,0.7139,0.72345,128694.9
2010-06-18,0.72348,0.7252,0.7192,0.72047,106853.9
2010-06-19,0.72047,0.72047,0.72047,0.72047,0.0
2010-06-20,0.72113,0.7265,0.71865,0.72405,11692.5
2010-06-21,0.72405,0.72685,0.72095,0.72495,115105.5
2010-06-22,0.72495,0.7271,0.72025,0.7245,123008.6
2010-06-23,0.72455,0.74275,0.7236,0.74135,126922.8
2010-06-24,0.7413,0.74215,0.73235,0.7375,138502.9
2010-06-25,0.73745,0.74135,0.7292,0.73883,115673.0
2010-06-26,0.73883,0.73883,0.73883,0.73883,0.0
2010-06-27,0.73855,0.7406,0.7372,0.7379,9070.7
2010-06-28,0.7379,0.7393,0.73035,0.7311,111845.5
2010-06-29,0.7311,0.7321,0.72695,0.7298,160546.7
2010-06-30,0.72985,0.7329,0.72335,0.729,138144.4
2010-07-01,0.729,0.7332,0.7238,0.73145,120608.7
2010-07-02,0.7315,0.74005,0.72945,0.73107,92046.8
2010-07-03,0.73107,0.73107,0.73107,0.73107,0.0
2010-07-04,0.73055,0.7436,0.72896,0.7295,10171.3
2010-07-05,0.72955,0.73505,0.7285,0.7302,69369.6
2010-07-06,0.7302,0.7375,0.72785,0.731,94587.9
2010-07-07,0.731,0.73905,0.72865,0.7363,98616.7
2010-07-08,0.73625,0.74135,0.7349,0.73915,97989.7
2010-07-09,0.7391,0.74155,0.7295,0.7346,67828.1
2010-07-10,0.7346,0.7346,0.7346,0.7346,0.0
2010-07-11,0.73375,0.73446,0.7298,0.73255,7034.7
2010-07-12,0.7326,0.73925,0.72925,0.7369,77012.7
2010-07-13,0.7368,0.7447,0.73325,0.74015,87548.8
2010-07-14,0.74025,0.7485,0.73831,0.74525,79871.9
2010-07-15,0.74525,0.7576,0.74325,0.75065,104128.4
2010-07-16,0.7507,0.75275,0.7454,0.7495,90053.8
2010-07-17,0.7495,0.7495,0.7495,0.7495,0.0
2010-07-18,0.75053,0.75157,0.74425,0.74445,8059.8
2010-07-19,0.74445,0.7488,0.74175,0.744,76621.1
2010-07-20,0.744,0.7512,0.74375,0.74895,101358.9
2010-07-21,0.74895,0.74925,0.7431,0.74505,95695.7
2010-07-22,0.74505,0.7542,0.7445,0.75235,92508.9
2010-07-23,0.75235,0.7566,0.7508,0.753,73437.1
2010-07-24,0.753,0.753,0.753,0.753,0.0
2010-07-25,0.75255,0.7548,0.75158,0.7534,6744.8
2010-07-26,0.7534,0.7587,0.75205,0.7561,69547.3
2010-07-27,0.7561,0.76055,0.75537,0.75715,74620.2
2010-07-28,0.7572,0.7594,0.7474,0.75005,106771.2
2010-07-29,0.74995,0.752,0.7473,0.749,93326.4
2010-07-30,0.749,0.75005,0.74385,0.74618,86288.4
2010-07-31,0.74618,0.74618,0.74618,0.74618,0.0
2010-08-01,0.7472,0.7493,0.74452,0.74905,5097.5
2010-08-02,0.74905,0.75085,0.7468,0.74965,82500.0
2010-08-03,0.74975,0.7528,0.74792,0.7514,84335.1
2010-08-04,0.75145,0.75325,0.74015,0.74195,88115.1
2010-08-05,0.7419,0.74395,0.735,0.74145,91087.2
2010-08-06,0.7414,0.754,0.7392,0.75202,63475.8
2010-08-07,0.75202,0.75202,0.75202,0.75202,0.0
2010-08-08,0.753,0.7539,0.75045,0.7513,5127.9
2010-08-09,0.7513,0.75305,0.7472,0.7484,76818.1
2010-08-10,0.7484,0.7496,0.7426,0.74395,98630.7
2010-08-11,0.744,0.75085,0.742,0.74605,107628.8
2010-08-12,0.7462,0.74845,0.73705,0.74215,95230.8
2010-08-13,0.74215,0.7462,0.73365,0.73398,81071.8
2010-08-14,0.73398,0.73398,0.73398,0.73398,0.0
2010-08-15,0.73457,0.73685,0.73328,0.7346,7904.9
2010-08-16,0.73455,0.74115,0.72945,0.735,92106.6
2010-08-17,0.735,0.7401,0.73275,0.735,87856.5
2010-08-18,0.73485,0.74025,0.73155,0.73265,91451.6
2010-08-19,0.7327,0.73815,0.7291,0.73345,126889.8
2010-08-20,0.73345,0.74175,0.73185,0.73913,96165.1
2010-08-21,0.73913,0.73913,0.73913,0.73913,0.0
2010-08-22,0.74012,0.74152,0.7376,0.7404,8315.6
2010-08-23,0.7404,0.7465,0.7377,0.7431,76378.8
2010-08-24,0.7431,0.7503,0.7403,0.74485,104791.2
2010-08-25,0.74485,0.7473,0.7393,0.74275,123314.9
2010-08-26,0.7427,0.74735,0.7399,0.7431,99092.3
2010-08-27,0.7431,0.75215,0.74295,0.74647,85251.2
2010-08-28,0.74647,0.74647,0.74647,0.74647,0.0
2010-08-29,0.74683,0.75047,0.74565,0.74675,8726.4
2010-08-30,0.7467,0.75095,0.74315,0.7449,79572.9
2010-08-31,0.7449,0.74785,0.73925,0.7444,98465.4
2010-09-01,0.74435,0.7501,0.74385,0.74655,85691.0
2010-09-02,0.74655,0.75505,0.7463,0.7519,72806.6
2010-09-03,0.75185,0.7575,0.74738,0.74835,67709.4
2010-09-04,0.74835,0.74835,0.74835,0.74835,0.0
2010-09-05,0.74875,0.74913,0.74562,0.74755,6919.9
2010-09-06,0.7476,0.7518,0.74685,0.7487,60880.3
2010-09-07,0.74875,0.75495,0.74695,0.7534,88589.6
2010-09-08,0.75335,0.7553,0.7474,0.7479,88160.0
2010-09-09,0.74795,0.75225,0.747,0.74895,82130.9
2010-09-10,0.7489,0.75545,0.7474,0.7551,83388.3
2010-09-11,0.7551,0.7551,0.7551,0.7551,0.0
2010-09-12,0.75553,0.75754,0.752,0.75395,8126.7
2010-09-13,0.75395,0.75675,0.74905,0.75095,67812.8
2010-09-14,0.7508,0.7576,0.7471,0.7526,77484.1
2010-09-15,0.75255,0.75555,0.7438,0.74735,99216.4
2010-09-16,0.74725,0.7477,0.7414,0.74355,82315.3
2010-09-17,0.7436,0.75115,0.7433,0.74863,77451.0
2010-09-18,0.74863,0.74863,0.74863,0.74863,0.0
2010-09-19,0.7469,0.75125,0.7462,0.75085,6056.2
2010-09-20,0.75085,0.7535,0.7488,0.75115,65122.4
2010-09-21,0.75115,0.75475,0.74765,0.7532,70718.2
2010-09-22,0.7532,0.76165,0.7522,0.7542,77474.5
2010-09-23,0.75425,0.7567,0.7515,0.7533,84667.2
2010-09-24,0.7532,0.75495,0.7498,0.75105,63703.7
2010-09-25,0.75105,0.75105,0.75105,0.75105,0.0
2010-09-26,0.7515,0.755,0.7507,0.75345,4675.9
2010-09-27,0.75335,0.7567,0.75035,0.755,67097.6
2010-09-28,0.755,0.7631,0.7544,0.76085,82286.2
2010-09-29,0.76085,0.76215,0.75545,0.7605,83085.3
2010-09-30,0.7605,0.76365,0.75235,0.75755,91948.4
2010-10-01,0.75755,0.7637,0.7566,0.7578,78007.8
2010-10-02,0.75873,0.75873,0.75873,0.75873,0.0
2010-10-03,0.7578,0.76002,0.75675,0.7573,5915.0
2010-10-04,0.7573,0.75935,0.7551,0.75585,69344.0
2010-10-05,0.7559,0.76215,0.7538,0.7596,78332.0
2010-10-06,0.7596,0.7635,0.7579,0.7616,70299.0
2010-10-07,0.7616,0.76755,0.76,0.7638,75870.0
2010-10-08,0.7638,0.7658,0.75725,0.7634,62776.0
2010-10-09,0.76287,0.76287,0.76287,0.76287,0.0
2010-10-10,0.7634,0.7648,0.76235,0.76335,7630.2
2010-10-11,0.76335,0.76425,0.75945,0.76055,53576.0
2010-10-12,0.7605,0.76575,0.759,0.7634,88533.0
2010-10-13,0.76345,0.76545,0.7587,0.76105,88845.0
2010-10-14,0.761,0.76475,0.75895,0.75995,111440.0
2010-10-15,0.75995,0.7658,0.75965,0.7634,82066.0
2010-10-16,0.76283,0.76283,0.76283,0.76283,0.0
2010-10-17,0.7634,0.7654,0.76198,0.7636,10733.4
2010-10-18,0.7636,0.77065,0.763,0.7702,98904.0
2010-10-19,0.77015,0.7739,0.7663,0.7689,116297.0
2010-10-20,0.7688,0.7734,0.7672,0.77095,88560.0
2010-10-21,0.77095,0.77105,0.76485,0.76615,103628.0
2010-10-22,0.7661,0.76935,0.7634,0.7655,78128.5
2010-10-23,0.76512,0.76512,0.76512,0.76512,0.0
2010-10-24,0.7655,0.76874,0.76464,0.76701,55699.1
2010-10-25,0.76701,0.76967,0.7655,0.7665,198380.0
2010-10-26,0.7665,0.76833,0.76505,0.76555,138635.0
2010-10-27,0.76565,0.7691,0.76342,0.76798,154598.0
2010-10-28,0.76797,0.77395,0.76502,0.76877,142548.0
2010-10-29,0.76876,0.78209,0.76849,0.78073,117903.0
2010-10-30,0.78028,0.78028,0.78028,0.78028,0.0
2010-10-31,0.78073,0.78268,0.77659,0.77968,22022.0
2010-11-01,0.77966,0.78364,0.77617,0.77637,127826.0
2010-11-02,0.77637,0.78118,0.77294,0.77763,137042.0
2010-11-03,0.77774,0.79614,0.77723,0.79284,133886.0
2010-11-04,0.79284,0.79921,0.78897,0.79647,121652.0
2010-11-05,0.79647,0.79754,0.79136,0.79398,114673.4
2010-11-06,0.79461,0.79461,0.79461,0.79461,0.0
2010-11-07,0.79398,0.7951,0.7893,0.79219,19919.6
2010-11-08,0.79217,0.79304,0.78782,0.78933,130907.0
2010-11-09,0.78934,0.79053,0.77987,0.78137,123994.0
2010-11-10,0.78142,0.78543,0.77905,0.78169,134653.0
2010-11-11,0.78163,0.78688,0.77955,0.78062,121391.0
2010-11-12,0.78068,0.78588,0.77837,0.78027,113793.0
2010-11-13,0.78184,0.78184,0.78184,0.78184,0.0
2010-11-14,0.78027,0.78616,0.78027,0.78314,8813.2
2010-11-15,0.78314,0.78353,0.77727,0.77967,82896.0
2010-11-16,0.77967,0.78564,0.77679,0.78503,89257.0
2010-11-17,0.78503,0.78992,0.78193,0.78908,80586.0
2010-11-18,0.78919,0.79471,0.78754,0.79377,76984.0
2010-11-19,0.79382,0.79455,0.79008,0.7905,67761.6
2010-11-20,0.79066,0.79066,0.79066,0.79066,0.0
2010-11-21,0.7905,0.79351,0.79007,0.79302,6745.2
2010-11-22,0.79302,0.79452,0.78278,0.78555,75247.0
2010-11-23,0.78575,0.78671,0.77518,0.77656,97388.0
2010-11-24,0.77658,0.77821,0.76665,0.76907,94639.0
2010-11-25,0.76901,0.77,0.76321,0.76711,51855.0
2010-11-26,0.76715,0.76895,0.76305,0.76524,66840.8
2010-11-27,0.76473,0.76473,0.76473,0.76473,0.0
2010-11-28,0.76524,0.76615,0.76041,0.76485,8935.2
2010-11-29,0.76484,0.76638,0.75809,0.75854,157557.0
2010-11-30,0.75858,0.76555,0.75687,0.76062,252827.0
2010-12-01,0.76062,0.76404,0.75836,0.76148,234213.0
2010-12-02,0.76154,0.76537,0.75293,0.75882,223971.0
2010-12-03,0.75882,0.76957,0.75526,0.76847,192280.1
2010-12-04,0.76791,0.76791,0.76791,0.76791,0.0
2010-12-05,0.76847,0.76868,0.76441,0.76702,11328.9
2010-12-06,0.76706,0.76808,0.76256,0.76538,153587.0
2010-12-07,0.76533,0.76957,0.762,0.76479,199901.0
2010-12-08,0.76473,0.76538,0.75243,0.755,197701.0
2010-12-09,0.75494,0.75844,0.75256,0.75639,179507.0
2010-12-10,0.75646,0.75995,0.75282,0.75508,121434.2
2010-12-11,0.75361,0.75361,0.75361,0.75361,0.0
2010-12-12,0.75508,0.75508,0.75257,0.75499,15687.3
2010-12-13,0.75499,0.76259,0.75342,0.75718,135287.0
2010-12-14,0.7571,0.76187,0.75475,0.75484,190339.0
2010-12-15,0.75484,0.75596,0.74002,0.74308,198530.0
2010-12-16,0.74313,0.74566,0.73912,0.74431,163896.0
2010-12-17,0.74426,0.74766,0.74236,0.74667,138732.7
2010-12-18,0.74395,0.74395,0.74395,0.74395,0.0
2010-12-19,0.74667,0.74667,0.74343,0.74452,10464.0
2010-12-20,0.74452,0.7569,0.74363,0.7535,139280.0
2010-12-21,0.7535,0.7605,0.7534,0.75556,141871.0
2010-12-22,0.75556,0.75721,0.74766,0.75198,126199.0
2010-12-23,0.75195,0.7574,0.75123,0.7548,103596.0
2010-12-24,0.75487,0.75599,0.75023,0.75437,42870.89
2010-12-25,0.75391,0.75391,0.75391,0.75391,0.0
2010-12-26,0.75437,0.75437,0.75137,0.75322,4764.86
2010-12-27,0.75322,0.75629,0.75191,0.75457,84089.0
2010-12-28,0.7545,0.75992,0.7536,0.75619,124662.0
2010-12-29,0.75622,0.76937,0.75614,0.76632,119620.0
2010-12-30,0.76633,0.77234,0.76599,0.77112,107595.0
2010-12-31,0.77102,0.77808,0.77017,0.77763,86266.87
2011-01-01,0.77755,0.77755,0.77755,0.77755,0.0
2011-01-02,0.77763,0.77763,0.7696,0.77231,7808.53
2011-01-03,0.77231,0.77297,0.7659,0.76744,100775.0
2011-01-04,0.76744,0.76865,0.76092,0.76529,192632.0
2011-01-05,0.76525,0.76634,0.75221,0.75547,191575.0
2011-01-06,0.75547,0.75652,0.75177,0.75366,176189.0
2011-01-07,0.75363,0.7577,0.74898,0.75412,179455.5
2011-01-08,0.754,0.754,0.754,0.754,0.0
2011-01-09,0.75412,0.7551,0.75138,0.75286,12403.95
2011-01-10,0.75286,0.75928,0.75102,0.75742,154848.0
2011-01-11,0.75742,0.75775,0.74981,0.75059,187549.0
2011-01-12,0.75059,0.75369,0.74616,0.75183,184418.0
2011-01-13,0.75182,0.76408,0.74971,0.76322,170478.0
2011-01-14,0.76317,0.76482,0.75718,0.75847,171160.01
2011-01-15,0.75797,0.75797,0.75797,0.75797,0.0
2011-01-16,0.75847,0.76002,0.75572,0.75909,16193.29
2011-01-17,0.75909,0.76577,0.75762,0.76204,120593.0
2011-01-18,0.76198,0.76553,0.75931,0.76531,188868.0
2011-01-19,0.76531,0.7731,0.76047,0.76122,193068.0
2011-01-20,0.76115,0.76378,0.75164,0.75247,193539.0
2011-01-21,0.75247,0.75548,0.75005,0.75363,163033.27
2011-01-22,0.75361,0.75361,0.75361,0.75361,0.0
2011-01-23,0.75363,0.75458,0.75146,0.75359,10063.23
2011-01-24,0.75373,0.76043,0.75135,0.75914,138316.0
2011-01-25,0.75914,0.76633,0.75704,0.76488,171198.0
2011-01-26,0.7649,0.77028,0.75979,0.76902,157452.0
2011-01-27,0.76902,0.77188,0.76467,0.76822,165481.0
2011-01-28,0.76824,0.77525,0.76704,0.77428,150457.57
2011-01-29,0.77362,0.77362,0.77362,0.77362,0.0
2011-01-30,0.77428,0.77428,0.7692,0.77087,14622.57
2011-01-31,0.77087,0.77653,0.7677,0.77261,175500.0
2011-02-01,0.77265,0.77609,0.77032,0.77449,189454.0
2011-02-02,0.77444,0.77468,0.76113,0.76436,158537.0
2011-02-03,0.76436,0.76707,0.7612,0.76557,163416.0
2011-02-04,0.76557,0.76711,0.758,0.75952,146052.6
2011-02-05,0.75845,0.75845,0.75845,0.75845,0.0
2011-02-06,0.75952,0.76019,0.75753,0.76007,9906.0
2011-02-07,0.76007,0.7654,0.75823,0.76476,136446.0
2011-02-08,0.76472,0.77353,0.76233,0.77136,153330.0
2011-02-09,0.77131,0.77171,0.76549,0.76664,151477.0
2011-02-10,0.76661,0.7678,0.75611,0.7583,159618.0
2011-02-11,0.7583,0.75919,0.74944,0.75027,138822.47
2011-02-12,0.75043,0.75043,0.75043,0.75043,0.0
2011-02-13,0.75027,0.75108,0.74506,0.74739,12717.42
2011-02-14,0.74739,0.74975,0.74434,0.74737,120566.0
2011-02-15,0.74737,0.74908,0.74051,0.74383,141455.0
2011-02-16,0.74379,0.74643,0.74071,0.74344,129533.0
2011-02-17,0.74348,0.74878,0.73988,0.74638,116344.0
2011-02-18,0.74638,0.75455,0.74618,0.75085,111600.58
2011-02-19,0.75134,0.75134,0.75134,0.75134,0.0
2011-02-20,0.75085,0.75303,0.74935,0.75183,5678.75
2011-02-21,0.75183,0.75465,0.74715,0.74918,66467.0
2011-02-22,0.74913,0.74917,0.73504,0.73996,138565.0
2011-02-23,0.73994,0.74242,0.7355,0.73637,124908.0
2011-02-24,0.73641,0.73886,0.73219,0.73742,136968.0
2011-02-25,0.73742,0.73874,0.73238,0.73422,95505.54
2011-02-26,0.73394,0.73394,0.73394,0.73394,0.0
2011-02-27,0.73422,0.73604,0.73199,0.7348,14361.34
2011-02-28,0.7348,0.73851,0.72974,0.73062,114801.0
2011-03-01,0.73093,0.73222,0.72662,0.72799,115380.0
2011-03-02,0.72799,0.72868,0.7193,0.72256,122072.0
2011-03-03,0.72249,0.72726,0.71789,0.71932,96952.0
2011-03-04,0.71941,0.72017,0.71341,0.71808,66187.86
2011-03-05,0.71749,0.71749,0.71749,0.71749,0.0
2011-03-06,0.71808,0.71808,0.71374,0.7162,9599.64
2011-03-07,0.7162,0.71861,0.71428,0.71724,74503.0
2011-03-08,0.71727,0.72216,0.71692,0.71809,84248.0
2011-03-09,0.71809,0.71987,0.70963,0.71292,69476.0
2011-03-10,0.71296,0.71784,0.71174,0.71603,88565.0
2011-03-11,0.71601,0.72532,0.71421,0.72209,94648.44
2011-03-12,0.72137,0.72137,0.72137,0.72137,0.0
2011-03-13,0.72209,0.72249,0.71527,0.71979,11752.72
2011-03-14,0.71983,0.72187,0.71621,0.71969,75321.0
2011-03-15,0.71972,0.72522,0.71522,0.72,144423.0
2011-03-16,0.71999,0.72513,0.70483,0.71614,136718.0
2011-03-17,0.71611,0.71828,0.70588,0.71039,140851.0
2011-03-18,0.71041,0.72119,0.7089,0.71872,112391.31
2011-03-19,0.71886,0.71886,0.71886,0.71886,0.0
2011-03-20,0.71872,0.72077,0.71655,0.71977,20421.4
2011-03-21,0.71968,0.72079,0.71539,0.71968,84739.0
2011-03-22,0.71968,0.72866,0.71784,0.72582,94921.0
2011-03-23,0.72582,0.73008,0.72419,0.72895,85335.0
2011-03-24,0.72893,0.73383,0.72856,0.733,87748.0
2011-03-25,0.733,0.74149,0.72945,0.73797,78663.17
2011-03-26,0.73823,0.73823,0.73823,0.73823,0.0
2011-03-27,0.73797,0.73857,0.73489,0.73751,11229.61
2011-03-28,0.73751,0.73962,0.73163,0.73314,75568.0
2011-03-29,0.73314,0.73878,0.73194,0.73745,79806.0
2011-03-30,0.73745,0.74165,0.73506,0.73993,78564.0
2011-03-31,0.73986,0.74263,0.73594,0.73602,77781.0
2011-04-01,0.73605,0.74117,0.73482,0.73891,79774.56
2011-04-02,0.73794,0.73794,0.73794,0.73794,0.0
2011-04-03,0.73891,0.74096,0.73866,0.74006,4701.9
2011-04-04,0.74007,0.74347,0.73876,0.74216,59094.0
2011-04-05,0.74216,0.74528,0.73897,0.74017,70749.0
2011-04-06,0.74017,0.74903,0.73996,0.74746,77953.0
2011-04-07,0.74746,0.74947,0.74356,0.74456,83603.0
2011-04-08,0.74456,0.74897,0.74289,0.74757,72911.46
2011-04-09,0.74703,0.74703,0.74703,0.74703,0.0
2011-04-10,0.74757,0.74923,0.7465,0.74706,6700.49
2011-04-11,0.74707,0.75007,0.74446,0.7481,65998.0
2011-04-12,0.7481,0.75868,0.74566,0.75469,102730.0
2011-04-13,0.75478,0.76323,0.75457,0.75877,83805.0
2011-04-14,0.75876,0.76417,0.75816,0.76241,93321.0
2011-04-15,0.76242,0.76867,0.76024,0.76636,71427.6
2011-04-16,0.76623,0.76623,0.76623,0.76623,0.0
2011-04-17,0.76636,0.76699,0.76116,0.76208,10726.75
2011-04-18,0.7621,0.76546,0.75742,0.75875,91422.0
2011-04-19,0.75877,0.76067,0.75169,0.75481,76978.0
2011-04-20,0.75482,0.76116,0.75417,0.75866,84415.0
2011-04-21,0.75866,0.76497,0.75731,0.76347,72254.0
2011-04-22,0.76346,0.76517,0.76225,0.76457,16402.46
2011-04-23,0.7642,0.7642,0.7642,0.7642,0.0
2011-04-24,0.76457,0.76553,0.76252,0.76504,3715.59
2011-04-25,0.76495,0.76508,0.76036,0.76317,34347.0
2011-04-26,0.76317,0.76845,0.76206,0.76726,77743.0
2011-04-27,0.76726,0.77007,0.76037,0.76262,95190.0
2011-04-28,0.76257,0.76546,0.75816,0.76347,92470.0
2011-04-29,0.76356,0.76955,0.76087,0.76477,64111.22
2011-04-30,0.76424,0.76424,0.76424,0.76424,0.0
2011-05-01,0.76477,0.76566,0.75941,0.76387,9544.64
2011-05-02,0.76387,0.77003,0.76321,0.76517,70216.0
2011-05-03,0.76517,0.76627,0.75857,0.76016,96638.0
2011-05-04,0.76001,0.76066,0.75255,0.75757,104302.0
2011-05-05,0.75737,0.76176,0.7555,0.76038,113544.0
2011-05-06,0.7604,0.76737,0.75593,0.76367,110546.03
2011-05-07,0.76326,0.76326,0.76326,0.76326,0.0
2011-05-08,0.76367,0.76451,0.76053,0.76236,8697.88
2011-05-09,0.76236,0.76646,0.76122,0.76417,95665.0
2011-05-10,0.76417,0.76507,0.75946,0.75967,95119.0
2011-05-11,0.75959,0.76161,0.75571,0.75807,100534.0
2011-05-12,0.75807,0.76997,0.75649,0.76447,126358.0
2011-05-13,0.76447,0.76627,0.76009,0.76172,99124.5
2011-05-14,0.76148,0.76148,0.76148,0.76148,0.0
2011-05-15,0.76172,0.76326,0.75813,0.76117,9490.69
2011-05-16,0.76118,0.76267,0.75656,0.76018,114534.0
2011-05-17,0.76017,0.7644,0.75792,0.76345,120611.0
2011-05-18,0.76341,0.76836,0.76266,0.76551,104770.0
2011-05-19,0.76556,0.76827,0.76209,0.76547,102703.0
2011-05-20,0.76546,0.77652,0.76477,0.7745,96471.37
2011-05-21,0.7745,0.7745,0.7745,0.7745,0.0
2011-05-22,0.77506,0.77521,0.77173,0.77367,7065.85
2011-05-23,0.77367,0.77446,0.76952,0.77216,103158.0
2011-05-24,0.77216,0.78387,0.77196,0.77857,104121.0
2011-05-25,0.77852,0.78176,0.77531,0.78007,109137.0
2011-05-26,0.77999,0.79467,0.77999,0.79352,110209.0
2011-05-27,0.79356,0.8003,0.79021,0.79907,90971.9
2011-05-28,0.79836,0.79836,0.79836,0.79836,0.0
2011-05-29,0.79907,0.80247,0.79667,0.80169,7956.17
2011-05-30,0.80176,0.80237,0.79636,0.79948,38230.0
2011-05-31,0.79948,0.80487,0.79517,0.79766,99510.0
2011-06-01,0.79766,0.80113,0.79357,0.79687,110108.0
2011-06-02,0.79687,0.79809,0.79328,0.79546,100986.0
2011-06-03,0.79548,0.79957,0.79227,0.79706,97469.0
2011-06-04,0.79683,0.79683,0.79683,0.79683,0.0
2011-06-05,0.79706,0.79837,0.79592,0.79785,9138.98
2011-06-06,0.79788,0.80197,0.79558,0.79878,91910.0
2011-06-07,0.79878,0.80292,0.79836,0.79896,97160.0
2011-06-08,0.79896,0.80727,0.79616,0.80674,114892.0
2011-06-09,0.8068,0.8091,0.8011,0.80528,115601.0
2011-06-10,0.80528,0.80646,0.80147,0.80436,105944.41
2011-06-11,0.80321,0.80321,0.80321,0.80321,0.0
2011-06-12,0.80436,0.80437,0.79986,0.80317,8192.19
2011-06-13,0.80317,0.80387,0.79287,0.79747,101910.0
2011-06-14,0.79747,0.79967,0.79019,0.79237,100382.0
2011-06-15,0.79237,0.79355,0.78623,0.78897,115856.0
2011-06-16,0.78897,0.79182,0.78434,0.79028,133156.0
2011-06-17,0.79026,0.79706,0.78901,0.79557,107648.17
2011-06-18,0.79539,0.79539,0.79539,0.79539,0.0
2011-06-19,0.79557,0.79672,0.79265,0.79467,8082.47
2011-06-20,0.79467,0.79567,0.79117,0.79282,103013.0
2011-06-21,0.79282,0.79582,0.78797,0.7895,105019.0
2011-06-22,0.7895,0.79659,0.78949,0.79357,110141.0
2011-06-23,0.79356,0.79737,0.79046,0.79587,129574.0
2011-06-24,0.79587,0.80304,0.79476,0.80017,104275.33
2011-06-25,0.80043,0.80043,0.80043,0.80043,0.0
2011-06-26,0.80017,0.80116,0.79304,0.79384,10817.46
2011-06-27,0.79386,0.79604,0.79162,0.79256,129019.0
2011-06-28,0.79258,0.79835,0.79152,0.79609,127943.0
2011-06-29,0.79607,0.80337,0.79476,0.80116,107946.0
2011-06-30,0.80113,0.80502,0.79592,0.7965,121703.0
2011-07-01,0.79652,0.79668,0.79195,0.79232,95253.83
2011-07-02,0.79225,0.79225,0.79225,0.79225,0.0
2011-07-03,0.79232,0.79506,0.79232,0.79436,11029.08
2011-07-04,0.79437,0.80002,0.79307,0.79871,58389.0
2011-07-05,0.79871,0.79882,0.7932,0.79601,100893.0
2011-07-06,0.79607,0.80097,0.79501,0.79857,111497.0
2011-07-07,0.79858,0.8003,0.79362,0.79773,113675.0
2011-07-08,0.79777,0.80636,0.79571,0.80636,97685.05
2011-07-09,0.80546,0.80546,0.80546,0.80546,0.0
2011-07-10,0.80636,0.80636,0.80083,0.80319,10814.51
2011-07-11,0.80316,0.80776,0.79849,0.80067,126229.0
2011-07-12,0.80067,0.80087,0.78704,0.79158,127044.0
2011-07-13,0.79161,0.81317,0.7899,0.81187,145237.0
2011-07-14,0.81182,0.81296,0.80647,0.80897,141343.0
2011-07-15,0.80897,0.81007,0.80378,0.80539,115206.89
2011-07-16,0.80447,0.80447,0.80447,0.80447,0.0
2011-07-17,0.80539,0.80977,0.80275,0.80857,10652.65
2011-07-18,0.80859,0.81217,0.80495,0.80966,119721.0
2011-07-19,0.80966,0.81536,0.80877,0.81236,125184.0
2011-07-20,0.81236,0.81337,0.80811,0.81078,100979.0
2011-07-21,0.81081,0.81657,0.80917,0.81477,119965.0
2011-07-22,0.81477,0.82347,0.81106,0.81911,93141.79
2011-07-23,0.81865,0.81865,0.81865,0.81865,0.0
2011-07-24,0.81911,0.82147,0.81726,0.82117,9356.1
2011-07-25,0.82117,0.82387,0.81528,0.81697,90523.0
2011-07-26,0.81697,0.82387,0.81616,0.82237,100654.0
2011-07-27,0.82236,0.82823,0.82127,0.82821,120224.0
2011-07-28,0.82821,0.82917,0.82466,0.82651,114333.0
2011-07-29,0.82656,0.84157,0.82064,0.83992,124764.26
2011-07-30,0.83842,0.83842,0.83842,0.83842,0.0
2011-07-31,0.83992,0.84167,0.83672,0.83766,15526.98
2011-08-01,0.83766,0.8411,0.83616,0.83686,116467.0
2011-08-02,0.83686,0.83898,0.82817,0.82986,146086.0
2011-08-03,0.82986,0.83261,0.82396,0.83108,153896.0
2011-08-04,0.83116,0.83116,0.81148,0.81239,178328.0
2011-08-05,0.81237,0.82806,0.81113,0.82786,173891.94
2011-08-06,0.82715,0.82715,0.82715,0.82715,0.0
2011-08-07,0.82786,0.82967,0.81981,0.82093,19103.48
2011-08-08,0.82093,0.82459,0.8097,0.8115,201504.0
2011-08-09,0.81151,0.82342,0.79497,0.82016,218935.0
2011-08-10,0.82016,0.82586,0.80187,0.80404,178610.0
2011-08-11,0.80356,0.82136,0.80328,0.81667,177149.0
2011-08-12,0.81667,0.82527,0.80941,0.82128,117481.42
2011-08-13,0.82082,0.82082,0.82082,0.82082,0.0
2011-08-14,0.82128,0.82537,0.82087,0.82537,8510.13
2011-08-15,0.82537,0.82897,0.81375,0.81773,101695.0
2011-08-16,0.81773,0.82287,0.81314,0.81932,147982.0
2011-08-17,0.81936,0.82413,0.81736,0.82051,129466.0
2011-08-18,0.82051,0.82266,0.81111,0.81172,134656.0
2011-08-19,0.81172,0.81866,0.80758,0.80841,163041.78
2011-08-20,0.80917,0.80917,0.80917,0.80917,0.0
2011-08-21,0.80841,0.81197,0.80841,0.80957,10043.31
2011-08-22,0.80955,0.81735,0.80659,0.81393,144461.0
2011-08-23,0.81393,0.82677,0.81304,0.82174,146892.0
2011-08-24,0.82173,0.82252,0.81617,0.81792,121781.0
2011-08-25,0.81792,0.82081,0.81406,0.8198,136903.0
2011-08-26,0.81975,0.82827,0.81768,0.82454,128766.5
2011-08-27,0.82363,0.82363,0.82363,0.82363,0.0
2011-08-28,0.82454,0.82585,0.82039,0.82375,8055.23
2011-08-29,0.82366,0.82881,0.82351,0.82863,87613.0
2011-08-30,0.82863,0.83704,0.82856,0.83296,111532.0
2011-08-31,0.83296,0.83691,0.83108,0.8327,112509.0
2011-09-01,0.8327,0.83381,0.82788,0.83097,111934.0
2011-09-02,0.83099,0.8366,0.82921,0.83522,105109.41
2011-09-03,0.8339,0.8339,0.8339,0.8339,0.0
2011-09-04,0.83522,0.83549,0.82911,0.83118,9546.79
2011-09-05,0.83131,0.83341,0.81963,0.82114,82656.0
2011-09-06,0.8211,0.82759,0.81245,0.81573,146716.0
2011-09-07,0.81574,0.82273,0.81534,0.82062,118993.0
2011-09-08,0.82066,0.82622,0.81817,0.82476,122003.0
2011-09-09,0.82475,0.8261,0.81656,0.81886,121343.1
2011-09-10,0.81863,0.81863,0.81863,0.81863,0.0
2011-09-11,0.81886,0.82314,0.81466,0.81547,13753.48
2011-09-12,0.81545,0.82135,0.81196,0.81539,163898.0
2011-09-13,0.81531,0.81957,0.80767,0.81259,147529.0
2011-09-14,0.81262,0.81746,0.80756,0.81064,178982.0
2011-09-15,0.81066,0.81569,0.80719,0.80991,140079.0
2011-09-16,0.80991,0.82003,0.80841,0.81031,124761.31
2011-09-17,0.80933,0.80933,0.80933,0.80933,0.0
2011-09-18,0.81031,0.81267,0.8061,0.81156,24046.41
2011-09-19,0.81156,0.81895,0.80631,0.81396,137233.0
2011-09-20,0.81396,0.81969,0.81055,0.81572,113897.0
2011-09-21,0.81572,0.81953,0.80338,0.80517,147387.0
2011-09-22,0.8053,0.81023,0.79892,0.80571,209728.0
2011-09-23,0.80576,0.80757,0.79578,0.79717,177121.21
2011-09-24,0.79664,0.79664,0.79664,0.79664,0.0
2011-09-25,0.79717,0.80366,0.79349,0.7975,12831.47
2011-09-26,0.7975,0.80224,0.79192,0.79924,204380.0
2011-09-27,0.79919,0.81022,0.79638,0.80413,171939.0
2011-09-28,0.80413,0.80704,0.79856,0.79907,158570.0
2011-09-29,0.79916,0.80574,0.79398,0.79763,152899.0
2011-09-30,0.79758,0.79974,0.79342,0.79932,130291.0
2011-10-01,0.79821,0.79932,0.79817,0.79932,79.0
2011-10-02,0.79829,0.80146,0.79717,0.79797,13393.27
2011-10-03,0.79761,0.80051,0.7916,0.79299,161672.0
2011-10-04,0.79307,0.80304,0.79032,0.80056,188559.0
2011-10-05,0.80052,0.80312,0.79533,0.79697,162692.0
2011-10-06,0.79701,0.80415,0.79549,0.79883,148815.0
2011-10-07,0.79871,0.80489,0.79653,0.79917,131368.7
2011-10-08,0.7996,0.7996,0.7996,0.7996,0.0
2011-10-09,0.79917,0.80007,0.79634,0.79847,15757.5
2011-10-10,0.79857,0.80671,0.79778,0.80417,143196.83
2011-10-11,0.80417,0.8067,0.80036,0.80163,156776.16
2011-10-12,0.80169,0.81096,0.79884,0.80836,139794.11
2011-10-13,0.80836,0.81216,0.80751,0.81013,125920.93
2011-10-14,0.81013,0.81499,0.80798,0.81282,102116.97
2011-10-15,0.81249,0.81249,0.81249,0.81249,0.0
2011-10-16,0.81282,0.81466,0.80934,0.81142,6091.61
2011-10-17,0.81142,0.81254,0.80752,0.81091,114237.99
2011-10-18,0.81091,0.81126,0.80369,0.80542,138362.93
2011-10-19,0.80537,0.80862,0.80415,0.80806,121597.97
2011-10-20,0.80798,0.81078,0.80362,0.80631,132612.31
2011-10-21,0.80635,0.81045,0.8027,0.80783,104870.7
2011-10-22,0.80756,0.80756,0.80756,0.80756,0.0
2011-10-23,0.80783,0.81075,0.806,0.80807,8495.57
2011-10-24,0.80807,0.81347,0.80578,0.80739,115638.46
2011-10-25,0.80738,0.81272,0.80042,0.80844,128443.99
2011-10-26,0.80833,0.81078,0.79626,0.80246,140699.95
2011-10-27,0.8025,0.8161,0.80097,0.81597,141186.57
2011-10-28,0.816,0.81832,0.80986,0.81372,95065.8
2011-10-29,0.81333,0.81333,0.81333,0.81333,0.0
2011-10-30,0.81372,0.81527,0.81149,0.81421,6015.7
2011-10-31,0.81422,0.81666,0.80466,0.80717,121256.76
2011-11-01,0.80711,0.81169,0.80395,0.80932,131939.75
2011-11-02,0.80932,0.80998,0.79518,0.7965,126201.19
2011-11-03,0.79644,0.80277,0.79568,0.80163,133536.23
2011-11-04,0.80162,0.8094,0.80095,0.80797,111753.26
2011-11-05,0.80741,0.80741,0.80741,0.80741,0.0
2011-11-06,0.80797,0.81052,0.80625,0.80929,5417.1
2011-11-07,0.80929,0.81224,0.80581,0.80602,99253.57
2011-11-08,0.80621,0.80943,0.80396,0.80443,113389.31
2011-11-09,0.80443,0.80586,0.79756,0.7983,140252.46
2011-11-10,0.79831,0.79867,0.78681,0.78994,143218.99
2011-11-11,0.78994,0.79624,0.78927,0.79266,107268.18
2011-11-12,0.79225,0.79225,0.79225,0.79225,0.0
2011-11-13,0.79266,0.79917,0.79266,0.79782,6624.16
2011-11-14,0.79786,0.79956,0.78856,0.79038,88126.66
2011-11-15,0.79035,0.79054,0.78492,0.78629,104081.93
2011-11-16,0.78633,0.789,0.78148,0.78214,119158.41
2011-11-17,0.78214,0.78511,0.77746,0.78067,161080.02
2011-11-18,0.78065,0.78325,0.77536,0.77706,129160.77
2011-11-19,0.77597,0.77597,0.77597,0.77597,0.0
2011-11-20,0.77706,0.77841,0.77473,0.77653,9535.26
2011-11-21,0.77653,0.77899,0.77325,0.77845,102765.21
2011-11-22,0.77845,0.77916,0.77207,0.77665,89166.41
2011-11-23,0.77665,0.77956,0.77173,0.77464,99419.43
2011-11-24,0.77464,0.77847,0.77359,0.77661,54637.99
2011-11-25,0.77661,0.77886,0.77238,0.77396,66367.63
2011-11-26,0.77429,0.77429,0.77429,0.77429,0.0
2011-11-27,0.77396,0.78341,0.77396,0.78072,12903.63
2011-11-28,0.78076,0.78497,0.77865,0.78125,89755.21
2011-11-29,0.78114,0.78797,0.77805,0.78764,87196.97
2011-11-30,0.78756,0.79737,0.78349,0.79252,106043.57
2011-12-01,0.79257,0.79494,0.7882,0.79014,98672.86
2011-12-02,0.79018,0.79289,0.78717,0.79176,104181.71
2011-12-03,0.79123,0.79123,0.79123,0.79123,0.0
2011-12-04,0.79176,0.79397,0.79025,0.79301,6797.91
2011-12-05,0.79301,0.79465,0.78996,0.79309,97479.36
2011-12-06,0.79309,0.79417,0.78586,0.78701,144674.76
2011-12-07,0.78701,0.78867,0.7843,0.7873,148237.07
2011-12-08,0.7873,0.7923,0.78621,0.7896,171858.71
2011-12-09,0.7896,0.79076,0.7833,0.78818,168037.27
2011-12-10,0.787,0.787,0.787,0.787,0.0
2011-12-11,0.78818,0.78956,0.7874,0.78883,7354.91
2011-12-12,0.78883,0.78937,0.78184,0.78216,159328.24
2011-12-13,0.78203,0.78665,0.78124,0.78153,185039.38
2011-12-14,0.78154,0.78293,0.77745,0.77853,183292.48
2011-12-15,0.77853,0.78159,0.77563,0.78085,171208.9
2011-12-16,0.78085,0.79237,0.78085,0.79001,141723.36
2011-12-17,0.78985,0.78985,0.78985,0.78985,0.0
2011-12-18,0.79001,0.79288,0.79001,0.79083,9824.6
2011-12-19,0.79088,0.79154,0.78292,0.78503,137983.76
2011-12-20,0.78507,0.79385,0.78425,0.78999,127399.25
2011-12-21,0.78999,0.7949,0.78769,0.78915,158484.81
2011-12-22,0.78915,0.792,0.78754,0.79025,78735.07
2011-12-23,0.79021,0.79159,0.78547,0.78986,68341.35
2011-12-24,0.78973,0.78973,0.78973,0.78973,0.0
2011-12-25,0.78986,0.79101,0.7881,0.78966,715.3
2011-12-26,0.78961,0.79182,0.78703,0.78866,16953.41
2011-12-27,0.78936,0.79035,0.78468,0.78648,49586.59
2011-12-28,0.78653,0.79076,0.78529,0.78676,95388.9
2011-12-29,0.78674,0.78836,0.78373,0.78728,90060.84
2011-12-30,0.78731,0.79478,0.7871,0.79311,73918.19
2011-12-31,0.79269,0.79269,0.79269,0.79269,0.0
2012-01-01,0.79311,0.79388,0.79111,0.79125,1540.19
2012-01-02,0.7912,0.79582,0.78898,0.79383,15510.48
2012-01-03,0.79379,0.79921,0.79233,0.79891,113992.54
2012-01-04,0.79891,0.79999,0.79608,0.79696,127613.97
2012-01-05,0.79696,0.79828,0.79452,0.79609,152252.6
2012-01-06,0.79609,0.80279,0.7937,0.80217,130237.16
2012-01-07,0.80198,0.80198,0.80198,0.80198,0.0
2012-01-08,0.80217,0.80326,0.79934,0.80231,7782.45
2012-01-09,0.80233,0.80823,0.80077,0.80609,138312.23
2012-01-10,0.80609,0.81024,0.80542,0.80779,139182.08
2012-01-11,0.80779,0.81266,0.80598,0.81244,132067.93
2012-01-12,0.81244,0.81244,0.80709,0.80795,135789.04
2012-01-13,0.80799,0.81312,0.80479,0.81242,144991.19
2012-01-14,0.812,0.812,0.812,0.812,0.0
2012-01-15,0.81242,0.81351,0.80973,0.81232,8153.79
2012-01-16,0.81232,0.81309,0.80674,0.80793,99979.66
2012-01-17,0.80793,0.8132,0.80785,0.8125,159712.03
2012-01-18,0.8125,0.81922,0.81103,0.81257,175079.89
2012-01-19,0.81262,0.8135,0.80716,0.812,159417.44
2012-01-20,0.81197,0.81738,0.81164,0.81657,130068.3
2012-01-21,0.81567,0.81567,0.81567,0.81567,0.0
2012-01-22,0.81657,0.81975,0.81495,0.81693,12482.97
2012-01-23,0.81693,0.82054,0.81532,0.81716,125442.48
2012-01-24,0.81726,0.81942,0.81475,0.81855,129854.61
2012-01-25,0.81855,0.82208,0.81429,0.82101,164378.89
2012-01-26,0.82106,0.82387,0.81864,0.82274,132849.29
2012-01-27,0.82274,0.82737,0.8213,0.82482,134203.93
2012-01-28,0.82616,0.82616,0.82616,0.82616,0.0
2012-01-29,0.82482,0.8254,0.8231,0.82428,7519.2
2012-01-30,0.82428,0.82486,0.81916,0.82099,107117.93
2012-01-31,0.82099,0.82957,0.82049,0.82736,147959.54
2012-02-01,0.82736,0.83302,0.82493,0.83111,140414.4
2012-02-02,0.83112,0.83487,0.82979,0.83088,123285.39
2012-02-03,0.83088,0.8342,0.82815,0.82887,118825.45
2012-02-04,0.82946,0.82946,0.82946,0.82946,0.0
2012-02-05,0.82887,0.83009,0.82737,0.82813,7610.89
2012-02-06,0.82813,0.83137,0.82615,0.83035,116842.14
2012-02-07,0.8304,0.83358,0.82996,0.83081,140947.6
2012-02-08,0.8308,0.83555,0.82899,0.83056,121838.69
2012-02-09,0.8306,0.83312,0.82851,0.82914,135279.57
2012-02-10,0.82914,0.83044,0.82572,0.82701,117822.0
2012-02-11,0.8267,0.8267,0.8267,0.8267,0.0
2012-02-12,0.82701,0.83179,0.82682,0.8301,13767.99
2012-02-13,0.8301,0.8357,0.82927,0.83238,124636.51
2012-02-14,0.83238,0.83445,0.82899,0.83395,141190.45
2012-02-15,0.83395,0.83721,0.83186,0.83268,153697.37
2012-02-16,0.83268,0.83323,0.82673,0.833,164142.78
2012-02-17,0.83297,0.83457,0.82781,0.82902,115185.49
2012-02-18,0.83182,0.83182,0.83182,0.83182,0.0
2012-02-19,0.82902,0.83579,0.82902,0.83493,20315.45
2012-02-20,0.83493,0.83563,0.83233,0.83274,75739.04
2012-02-21,0.83273,0.83452,0.83017,0.83216,136770.98
2012-02-22,0.83216,0.83241,0.82701,0.82795,134021.27
2012-02-23,0.8279,0.83513,0.82674,0.83492,117091.95
2012-02-24,0.83492,0.83709,0.83387,0.83492,105306.76
2012-02-25,0.83518,0.83518,0.83518,0.83518,0.0
2012-02-26,0.83492,0.83653,0.83388,0.83539,15520.83
2012-02-27,0.83539,0.84028,0.83385,0.83867,118136.37
2012-02-28,0.83871,0.83892,0.83242,0.83483,123844.88
2012-02-29,0.8348,0.8381,0.82452,0.82526,144239.32
2012-03-01,0.82527,0.82787,0.82297,0.82602,125971.12
2012-03-02,0.826,0.82719,0.81889,0.81952,100947.05
2012-03-03,0.81946,0.81946,0.81946,0.81946,0.0
2012-03-04,0.81952,0.82181,0.81895,0.82016,9671.49
2012-03-05,0.82017,0.82116,0.81446,0.81646,127988.44
2012-03-06,0.81641,0.81712,0.81007,0.81436,145925.47
2012-03-07,0.81436,0.81961,0.81254,0.81297,134795.0
2012-03-08,0.81293,0.82373,0.81221,0.81599,144594.06
2012-03-09,0.81599,0.81868,0.81085,0.81337,117263.44
2012-03-10,0.813,0.813,0.813,0.813,0.0
2012-03-11,0.81337,0.81358,0.80937,0.81081,10917.27
2012-03-12,0.81082,0.81327,0.80801,0.81269,108052.22
2012-03-13,0.81269,0.81625,0.81138,0.81214,124778.89
2012-03-14,0.81211,0.81259,0.80007,0.8028,132089.3
2012-03-15,0.80277,0.8144,0.80149,0.81249,124623.18
2012-03-16,0.81249,0.81867,0.81196,0.81712,104750.54
2012-03-17,0.81743,0.81743,0.81743,0.81743,0.0
2012-03-18,0.81712,0.82007,0.81408,0.81901,7150.35
2012-03-19,0.81901,0.81932,0.81423,0.81506,103856.49
2012-03-20,0.81506,0.8166,0.80742,0.81017,123612.73
2012-03-21,0.81026,0.81239,0.80336,0.80629,121986.21
2012-03-22,0.80629,0.81061,0.80093,0.80979,137068.01
2012-03-23,0.80978,0.81832,0.80934,0.81602,112417.25
2012-03-24,0.81656,0.81656,0.81656,0.81656,0.0
2012-03-25,0.81602,0.81707,0.81461,0.8153,7387.01
2012-03-26,0.8153,0.8182,0.81355,0.81524,105796.12
2012-03-27,0.81523,0.81815,0.81415,0.81576,96820.51
2012-03-28,0.81576,0.8177,0.81242,0.81584,124300.99
2012-03-29,0.81581,0.81766,0.81222,0.81459,124821.04
2012-03-30,0.81464,0.82039,0.81389,0.81536,105944.94
2012-03-31,0.81719,0.81719,0.81719,0.81719,0.0
2012-04-01,0.81536,0.8208,0.81536,0.81859,6453.97
2012-04-02,0.81859,0.81917,0.81472,0.81647,113738.08
2012-04-03,0.81647,0.8176,0.80922,0.80922,136838.6
2012-04-04,0.80922,0.81288,0.80695,0.81261,135634.12
2012-04-05,0.81261,0.81533,0.80721,0.80995,117077.46
2012-04-06,0.80995,0.81752,0.80951,0.81621,42845.44
2012-04-07,0.81671,0.81671,0.81671,0.81671,0.0
2012-04-08,0.81671,0.817,0.81345,0.81578,9635.66
2012-04-09,0.81598,0.82156,0.81245,0.81785,53908.12
2012-04-10,0.81785,0.8199,0.81459,0.81794,145051.07
2012-04-11,0.81787,0.82327,0.81786,0.8218,127729.9
2012-04-12,0.8218,0.82752,0.81978,0.82641,129737.72
2012-04-13,0.82637,0.82666,0.82113,0.82216,119018.98
2012-04-14,0.82231,0.82231,0.82231,0.82231,0.0
2012-04-15,0.82216,0.82412,0.82065,0.82065,11038.11
2012-04-16,0.82061,0.82138,0.81681,0.81898,139173.4
2012-04-17,0.81898,0.81923,0.80844,0.813,126970.84
2012-04-18,0.81302,0.8135,0.80741,0.80958,126373.19
2012-04-19,0.80957,0.8107,0.80811,0.80986,141567.27
2012-04-20,0.80987,0.81232,0.80654,0.81156,112592.0
2012-04-21,0.81153,0.81153,0.81153,0.81153,0.0
2012-04-22,0.81156,0.81305,0.80954,0.81279,5208.45
2012-04-23,0.81279,0.81295,0.80382,0.80501,107452.13
2012-04-24,0.80503,0.80678,0.80082,0.80298,121035.03
2012-04-25,0.80298,0.80384,0.79822,0.80104,119395.72
2012-04-26,0.80104,0.80413,0.79943,0.80146,113592.86
2012-04-27,0.80143,0.80773,0.79959,0.80566,115514.16
2012-04-28,0.80622,0.80622,0.80622,0.80622,0.0
2012-04-29,0.80566,0.80768,0.80526,0.80755,7165.74
2012-04-30,0.80755,0.81027,0.80439,0.80802,100209.43
2012-05-01,0.80803,0.80864,0.80125,0.80317,92175.59
2012-05-02,0.80316,0.80346,0.7932,0.79599,124795.22
2012-05-03,0.79596,0.79688,0.78846,0.79099,120823.99
2012-05-04,0.79105,0.79219,0.78686,0.79216,115006.89
2012-05-05,0.79055,0.79055,0.79055,0.79055,0.0
2012-05-06,0.79216,0.79216,0.78814,0.79038,9459.77
2012-05-07,0.79038,0.7937,0.7878,0.79086,102988.24
2012-05-08,0.79088,0.791,0.78515,0.78515,114669.86
2012-05-09,0.78516,0.78842,0.78376,0.78549,163698.02
2012-05-10,0.78549,0.78904,0.78464,0.78614,155628.05
2012-05-11,0.78614,0.78934,0.78059,0.78282,139811.78
2012-05-12,0.78252,0.78252,0.78252,0.78252,0.0
2012-05-13,0.78282,0.78332,0.77986,0.7812,9447.45
2012-05-14,0.7812,0.78237,0.77817,0.77873,135505.94
2012-05-15,0.77873,0.7803,0.77273,0.77494,156924.4
2012-05-16,0.77494,0.77546,0.77143,0.77522,178012.62
2012-05-17,0.77522,0.78027,0.77323,0.77842,162060.78
2012-05-18,0.77847,0.77944,0.76835,0.77287,169099.73
2012-05-19,0.77065,0.77287,0.77065,0.77287,0.0
2012-05-20,0.77287,0.77416,0.77042,0.7738,11224.64
2012-05-21,0.7738,0.78059,0.77005,0.78053,145625.92
2012-05-22,0.78053,0.78064,0.76832,0.76883,166295.99
2012-05-23,0.76883,0.77083,0.76348,0.76852,192235.24
2012-05-24,0.76852,0.77466,0.76787,0.77387,189669.06
2012-05-25,0.77386,0.77879,0.77221,0.77517,134403.44
2012-05-26,0.77531,0.77531,0.77531,0.77531,0.0
2012-05-27,0.77517,0.78026,0.77517,0.77826,12700.28
2012-05-28,0.77825,0.78215,0.77774,0.77823,95909.82
2012-05-29,0.77823,0.7811,0.77726,0.77922,163670.73
2012-05-30,0.77923,0.78006,0.77399,0.77421,184222.64
2012-05-31,0.77421,0.78082,0.77323,0.77816,193854.92
2012-06-01,0.77816,0.78646,0.77536,0.78456,200027.79
2012-06-02,0.78456,0.78456,0.78456,0.78456,0.0
2012-06-03,0.78456,0.78462,0.78119,0.78408,12730.48
2012-06-04,0.78403,0.78937,0.78332,0.78763,146605.56
2012-06-05,0.78763,0.78845,0.78155,0.7866,174374.47
2012-06-06,0.78659,0.79229,0.78614,0.79209,187018.07
2012-06-07,0.79209,0.79422,0.78743,0.78902,178638.43
2012-06-08,0.78905,0.79283,0.78602,0.78972,176111.63
2012-06-09,0.78972,0.78978,0.78972,0.78978,0.0
2012-06-10,0.78972,0.79578,0.78972,0.79309,21645.49
2012-06-11,0.793,0.79555,0.79131,0.79227,162307.39
2012-06-12,0.79227,0.79856,0.79206,0.79757,177998.5
2012-06-13,0.79752,0.80072,0.79491,0.7988,157683.29
2012-06-14,0.7988,0.80161,0.79682,0.8009,148200.99
2012-06-15,0.8009,0.80838,0.79893,0.80342,122822.57
2012-06-16,0.80342,0.80342,0.80342,0.80342,0.0
2012-06-17,0.80342,0.80912,0.80342,0.80799,13208.89
2012-06-18,0.80799,0.81321,0.8064,0.80951,166467.99
2012-06-19,0.80951,0.8139,0.80906,0.80966,157725.5
2012-06-20,0.80965,0.81697,0.80853,0.81596,159620.16
2012-06-21,0.81604,0.8161,0.80813,0.80976,175441.14
2012-06-22,0.80982,0.81201,0.80731,0.80927,141309.04
2012-06-23,0.80927,0.80927,0.80927,0.80927,0.0
2012-06-24,0.80927,0.81124,0.80821,0.80839,6916.28
2012-06-25,0.80843,0.81075,0.80684,0.8098,129474.0
2012-06-26,0.8098,0.81327,0.80796,0.80822,147401.99
2012-06-27,0.80822,0.81242,0.80816,0.81121,132639.19
2012-06-28,0.81121,0.81477,0.81082,0.81316,165101.24
2012-06-29,0.81316,0.81947,0.81181,0.81416,161727.08
2012-06-30,0.81416,0.81416,0.81416,0.81416,0.0
2012-07-01,0.81309,0.81628,0.81238,0.81583,10637.88
2012-07-02,0.81583,0.81864,0.81522,0.81676,125913.69
2012-07-03,0.81672,0.81873,0.81276,0.81431,111632.55
2012-07-04,0.81431,0.81644,0.81282,0.81417,73986.68
2012-07-05,0.81416,0.8159,0.81164,0.81557,126101.12
2012-07-06,0.81561,0.81601,0.81086,0.81266,110394.53
2012-07-07,0.81266,0.81266,0.81266,0.81266,0.0
2012-07-08,0.81266,0.81406,0.80959,0.81252,10611.38
2012-07-09,0.81252,0.81315,0.80906,0.81175,92953.26
2012-07-10,0.81175,0.81332,0.80964,0.81192,113251.04
2012-07-11,0.81187,0.81426,0.80886,0.81012,117819.77
2012-07-12,0.81012,0.81136,0.80321,0.80529,128393.26
2012-07-13,0.80528,0.80782,0.80406,0.80691,102315.94
2012-07-14,0.80691,0.80691,0.80691,0.80691,0.0
2012-07-15,0.80691,0.80901,0.8068,0.80751,8729.22
2012-07-16,0.80751,0.81012,0.8056,0.80811,86316.42
2012-07-17,0.80811,0.81142,0.80061,0.80792,115797.04
2012-07-18,0.80786,0.80897,0.80384,0.80757,93927.47
2012-07-19,0.80757,0.8113,0.80695,0.80934,104968.07
2012-07-20,0.80932,0.81012,0.80716,0.80896,94824.58
2012-07-21,0.80896,0.80896,0.80896,0.80896,0.0
2012-07-22,0.80896,0.80927,0.80738,0.80775,8100.81
2012-07-23,0.80775,0.80797,0.80116,0.80336,111252.57
2012-07-24,0.80337,0.80692,0.79902,0.79971,116529.47
2012-07-25,0.79972,0.80357,0.7984,0.80206,136991.1
2012-07-26,0.80209,0.81044,0.80191,0.80782,131212.8
2012-07-27,0.80782,0.81342,0.80688,0.81207,128235.92
2012-07-28,0.81207,0.81207,0.81207,0.81207,0.0
2012-07-29,0.81207,0.81386,0.81172,0.81172,5515.33
2012-07-30,0.81172,0.81288,0.809,0.80997,98593.71
2012-07-31,0.80997,0.81385,0.8093,0.81154,106806.45
2012-08-01,0.81154,0.81485,0.81077,0.81337,97953.31
2012-08-02,0.8134,0.81754,0.81144,0.81489,94303.1
2012-08-03,0.81486,0.82072,0.81345,0.81946,84113.76
2012-08-04,0.81946,0.81946,0.81946,0.81946,0.0
2012-08-05,0.81946,0.81999,0.81787,0.81817,4459.85
2012-08-06,0.81818,0.82132,0.81735,0.82,64916.78
2012-08-07,0.82,0.82167,0.81019,0.81264,71975.58
2012-08-08,0.81265,0.81324,0.80666,0.80769,73769.48
2012-08-09,0.80771,0.81001,0.80365,0.80473,76902.43
2012-08-10,0.80472,0.80754,0.80312,0.80577,68477.06
2012-08-11,0.80577,0.80577,0.80577,0.80577,0.0
2012-08-12,0.80577,0.80577,0.8023,0.80409,4603.26
2012-08-13,0.80411,0.80527,0.80209,0.80331,62516.29
2012-08-14,0.80326,0.80541,0.79741,0.79828,69808.37
2012-08-15,0.79832,0.79988,0.79739,0.79817,58229.36
2012-08-16,0.79817,0.80112,0.7968,0.80061,63204.96
2012-08-17,0.80062,0.80082,0.79623,0.79801,55511.53
2012-08-18,0.79801,0.79801,0.79801,0.79801,0.0
2012-08-19,0.79801,0.79892,0.79666,0.79833,3455.73
2012-08-20,0.79833,0.80109,0.79751,0.79985,47590.8
2012-08-21,0.79981,0.80305,0.7998,0.80167,53975.99
2012-08-22,0.80165,0.80816,0.79976,0.80811,73732.19
2012-08-23,0.80811,0.81021,0.80615,0.8076,73499.82
2012-08-24,0.80758,0.80876,0.80274,0.80431,60333.87
2012-08-25,0.80431,0.80431,0.80431,0.80431,0.0
2012-08-26,0.80431,0.80586,0.80292,0.80397,3802.58
2012-08-27,0.80397,0.80402,0.80006,0.80051,33183.54
2012-08-28,0.80051,0.80103,0.79292,0.7954,53448.9
2012-08-29,0.79535,0.7962,0.79117,0.79262,52969.78
2012-08-30,0.79259,0.79537,0.7911,0.79176,56447.11
2012-08-31,0.79172,0.79517,0.78976,0.79132,63152.99
2012-09-01,0.79132,0.79132,0.79132,0.79132,0.0
2012-09-02,0.79132,0.79132,0.78746,0.78842,4786.25
2012-09-03,0.78838,0.79016,0.78552,0.78609,38611.97
2012-09-04,0.78612,0.78756,0.7809,0.78294,60422.3
2012-09-05,0.78294,0.78847,0.78216,0.78737,64542.26
2012-09-06,0.7874,0.78985,0.78502,0.7869,67328.77
2012-09-07,0.78689,0.79517,0.78686,0.79471,62106.89
2012-09-08,0.79471,0.79471,0.79471,0.79471,0.0
2012-09-09,0.79471,0.79471,0.79124,0.79322,2596.28
2012-09-10,0.79322,0.79521,0.78947,0.78947,50282.14
2012-09-11,0.78942,0.79706,0.78912,0.79523,63154.62
2012-09-12,0.79525,0.80129,0.79497,0.80053,68711.62
2012-09-13,0.80052,0.8072,0.8004,0.80482,66900.3
2012-09-14,0.80482,0.80697,0.80261,0.80432,71394.49
2012-09-15,0.80432,0.80432,0.80432,0.80432,0.0
2012-09-16,0.80432,0.80567,0.80242,0.80502,3151.68
2012-09-17,0.80506,0.80683,0.80257,0.80507,56411.61
2012-09-18,0.80511,0.80756,0.80286,0.80702,62215.47
2012-09-19,0.80702,0.80929,0.80349,0.80905,59463.99
2012-09-20,0.80905,0.80989,0.80476,0.80957,66954.26
2012-09-21,0.80957,0.81255,0.80765,0.80896,56816.16
2012-09-22,0.80896,0.80896,0.80896,0.80896,0.0
2012-09-23,0.80896,0.81066,0.80778,0.8083,3263.52
2012-09-24,0.80827,0.80885,0.80297,0.80368,48121.13
2012-09-25,0.80366,0.80892,0.80348,0.80361,57516.63
2012-09-26,0.80363,0.81271,0.80275,0.81201,63213.97
2012-09-27,0.81202,0.81653,0.81125,0.81459,67486.6
2012-09-28,0.8146,0.81802,0.81407,0.81612,60075.59
2012-09-29,0.81612,0.81612,0.81612,0.81612,0.0
2012-09-30,0.81612,0.81612,0.81383,0.81431,4015.78
2012-10-01,0.81431,0.81682,0.81232,0.81335,41345.68
2012-10-02,0.81335,0.81852,0.8115,0.81205,65260.1
2012-10-03,0.8121,0.81318,0.80767,0.81022,69868.05
2012-10-04,0.81022,0.81056,0.8032,0.80577,67424.26
2012-10-05,0.80577,0.80885,0.79855,0.80006,59560.15
2012-10-06,0.80006,0.80006,0.80006,0.80006,0.0
2012-10-07,0.80006,0.80006,0.79748,0.79973,6061.49
2012-10-08,0.79971,0.80221,0.79799,0.801,45475.75
2012-10-09,0.801,0.80285,0.79777,0.79871,62942.32
2012-10-10,0.7987,0.80244,0.79767,0.80165,66823.53
2012-10-11,0.80168,0.80309,0.79811,0.79851,58138.81
2012-10-12,0.79856,0.80311,0.79856,0.79951,53518.8
2012-10-13,0.79951,0.79951,0.79951,0.79951,0.0
2012-10-14,0.79951,0.80051,0.79816,0.79898,3893.88
2012-10-15,0.79902,0.80307,0.79646,0.80099,54721.93
2012-10-16,0.80099,0.8064,0.79882,0.80559,64353.1
2012-10-17,0.8056,0.80831,0.80279,0.80375,62758.16
2012-10-18,0.80375,0.80779,0.80232,0.80678,58006.86
2012-10-19,0.80681,0.81136,0.80598,0.81027,54176.12
2012-10-20,0.81027,0.81027,0.81027,0.81027,0.0
2012-10-21,0.81027,0.81304,0.80937,0.81076,5074.28
2012-10-22,0.81077,0.81466,0.81061,0.81153,40173.16
2012-10-23,0.81157,0.81322,0.80395,0.80508,64792.16
2012-10-24,0.80499,0.81672,0.80467,0.81579,70148.8
2012-10-25,0.8158,0.81807,0.81171,0.8153,61689.57
2012-10-26,0.81526,0.82172,0.81381,0.81991,63379.36
2012-10-27,0.81991,0.81991,0.81991,0.81991,0.0
2012-10-28,0.81991,0.82166,0.81927,0.8201,3603.19
2012-10-29,0.82016,0.82121,0.81801,0.82026,40250.23
2012-10-30,0.82024,0.82341,0.81944,0.82142,38621.69
2012-10-31,0.82141,0.82297,0.81937,0.82196,53773.5
2012-11-01,0.82196,0.82688,0.82129,0.82462,48147.91
2012-11-02,0.82465,0.82591,0.81977,0.82141,61053.25
2012-11-03,0.82141,0.82141,0.82141,0.82141,0.0
2012-11-04,0.82141,0.82141,0.81873,0.82067,3398.13
2012-11-05,0.82074,0.823,0.82003,0.82298,38270.08
2012-11-06,0.82294,0.8241,0.81917,0.82055,59374.66
2012-11-07,0.82048,0.82401,0.81411,0.81657,89603.13
2012-11-08,0.81655,0.8171,0.81258,0.81329,77544.18
2012-11-09,0.8133,0.81687,0.81308,0.81466,82612.11
2012-11-10,0.81466,0.81466,0.81466,0.81466,0.0
2012-11-11,0.81466,0.8156,0.81349,0.81474,6546.31
2012-11-12,0.81474,0.81817,0.81461,0.81764,47966.9
2012-11-13,0.81759,0.82137,0.81593,0.81764,61754.21
2012-11-14,0.81763,0.8185,0.81112,0.81349,63279.25
2012-11-15,0.81349,0.81462,0.80934,0.81087,61069.33
2012-11-16,0.81081,0.81331,0.80888,0.81331,59413.18
2012-11-17,0.81331,0.81331,0.81331,0.81331,0.0
2012-11-18,0.81331,0.81541,0.81076,0.81326,6831.15
2012-11-19,0.81326,0.81719,0.81261,0.81573,43009.21
2012-11-20,0.8157,0.81661,0.81225,0.81389,55002.22
2012-11-21,0.81392,0.81402,0.80954,0.81246,53069.06
2012-11-22,0.81242,0.81439,0.8107,0.81358,31786.65
2012-11-23,0.81366,0.81823,0.81334,0.81731,37425.4
2012-11-24,0.81731,0.81731,0.81731,0.81731,0.0
2012-11-25,0.81731,0.81873,0.81579,0.81816,3053.89
2012-11-26,0.81815,0.8187,0.81551,0.81643,36452.18
2012-11-27,0.81642,0.81754,0.81358,0.8156,50235.64
2012-11-28,0.81562,0.818,0.81536,0.81721,53553.91
2012-11-29,0.81717,0.81951,0.81528,0.81672,51036.08
2012-11-30,0.8167,0.81756,0.81244,0.81577,53108.0
2012-12-01,0.81577,0.81577,0.81577,0.81577,0.0
2012-12-02,0.81457,0.81569,0.81365,0.81396,4544.48
2012-12-03,0.81396,0.81733,0.81153,0.81662,47112.89
2012-12-04,0.81662,0.82145,0.81618,0.81891,50450.57
2012-12-05,0.81891,0.82273,0.81758,0.82215,52513.84
2012-12-06,0.82213,0.8269,0.82197,0.82431,55838.03
2012-12-07,0.82434,0.82631,0.82118,0.82262,42173.59
2012-12-08,0.82262,0.82262,0.82262,0.82262,0.0
2012-12-09,0.82262,0.82274,0.81903,0.8224,5327.55
2012-12-10,0.82236,0.82529,0.82186,0.82279,33669.58
2012-12-11,0.8228,0.82807,0.82242,0.82762,46483.73
2012-12-12,0.82758,0.83116,0.82698,0.82972,44719.51
2012-12-13,0.82977,0.83151,0.82934,0.83001,42143.54
2012-12-14,0.82997,0.8354,0.82656,0.83377,43997.97
2012-12-15,0.83377,0.83377,0.83377,0.83377,0.0
2012-12-16,0.83377,0.83524,0.83283,0.83345,7023.73
2012-12-17,0.83345,0.8349,0.8294,0.83062,35860.74
2012-12-18,0.83059,0.83111,0.82723,0.82841,39822.03
2012-12-19,0.82842,0.82865,0.82353,0.82557,48067.59
2012-12-20,0.82554,0.82694,0.82215,0.82357,45097.93
2012-12-21,0.82354,0.82361,0.81546,0.81606,43576.01
2012-12-22,0.81606,0.81606,0.81606,0.81606,0.0
2012-12-23,0.81606,0.81951,0.81606,0.81769,4119.66
2012-12-24,0.81776,0.81817,0.81338,0.81564,26182.39
2012-12-25,0.8155,0.81636,0.81266,0.8145,4317.63
2012-12-26,0.81451,0.81683,0.81032,0.81437,19754.21
2012-12-27,0.81437,0.81749,0.81192,0.81679,36990.23
2012-12-28,0.81675,0.81898,0.81441,0.81641,36972.54
2012-12-29,0.81641,0.81641,0.81641,0.81641,0.0
2012-12-30,0.81641,0.8188,0.81439,0.81812,4263.37
2012-12-31,0.81801,0.82408,0.81706,0.82066,24654.77
2013-01-01,0.82113,0.82185,0.81914,0.82152,1665.23
2013-01-02,0.8215,0.82928,0.81769,0.82135,60053.51
2013-01-03,0.82138,0.8227,0.81641,0.81651,44916.83
2013-01-04,0.81651,0.82157,0.81235,0.82035,51945.03
2013-01-05,0.82035,0.82035,0.82035,0.82035,0.0
2013-01-06,0.82035,0.8211,0.81851,0.8198,2297.12
2013-01-07,0.81983,0.82565,0.81858,0.82527,34379.05
2013-01-08,0.82525,0.82661,0.8225,0.82623,46906.68
2013-01-09,0.82618,0.82926,0.82496,0.8284,47281.12
2013-01-10,0.82837,0.83377,0.82808,0.82961,43406.48
2013-01-11,0.82962,0.82988,0.82263,0.82366,50631.49
2013-01-12,0.82366,0.82366,0.82366,0.82366,0.0
2013-01-13,0.82366,0.82547,0.82302,0.82354,2019.98
2013-01-14,0.82357,0.83034,0.82315,0.82816,49195.51
2013-01-15,0.82819,0.83053,0.82409,0.82836,75046.45
2013-01-16,0.8283,0.82961,0.82566,0.82799,63893.49
2013-01-17,0.82799,0.8308,0.82107,0.82507,67073.88
2013-01-18,0.82501,0.83052,0.82326,0.82921,65406.62
2013-01-19,0.82921,0.82921,0.82921,0.82921,0.0
2013-01-20,0.82921,0.83001,0.8287,0.82936,1641.79
2013-01-21,0.82936,0.83123,0.82696,0.82972,30633.21
2013-01-22,0.82967,0.83678,0.82967,0.83409,65775.9
2013-01-23,0.8341,0.84287,0.83357,0.8424,57679.29
2013-01-24,0.84241,0.84447,0.8379,0.83824,71461.88
2013-01-25,0.83822,0.84664,0.83789,0.84176,60729.59
2013-01-26,0.84176,0.84176,0.84176,0.84176,0.0
2013-01-27,0.84176,0.84236,0.84113,0.84229,725.59
2013-01-28,0.84209,0.84312,0.83556,0.83889,46782.34
2013-01-29,0.83886,0.84186,0.83821,0.83912,52607.03
2013-01-30,0.83908,0.83944,0.83128,0.83767,65746.56
2013-01-31,0.83767,0.84085,0.83602,0.83685,63146.18
2013-02-01,0.83692,0.84601,0.83679,0.84207,52621.74
2013-02-02,0.84207,0.84207,0.84207,0.84207,0.0
2013-02-03,0.84461,0.84531,0.84195,0.84328,1549.82
2013-02-04,0.84364,0.84536,0.84055,0.84092,38246.29
2013-02-05,0.84093,0.84407,0.83857,0.84194,53577.33
2013-02-06,0.84194,0.8426,0.83317,0.83445,50299.53
2013-02-07,0.83445,0.83532,0.82887,0.83144,48028.5
2013-02-08,0.83147,0.8403,0.83112,0.83692,49189.26
2013-02-09,0.83692,0.83692,0.83692,0.83692,0.0
2013-02-10,0.83838,0.83882,0.83766,0.8382,4199.44
2013-02-11,0.8388,0.84335,0.8362,0.84015,39362.91
2013-02-12,0.84015,0.84556,0.83926,0.842,49724.26
2013-02-13,0.84184,0.84736,0.84176,0.84688,45234.19
2013-02-14,0.84688,0.85393,0.84601,0.85154,54681.45
2013-02-15,0.85155,0.85464,0.84844,0.84982,44052.72
2013-02-16,0.84982,0.84982,0.84982,0.84982,0.0
2013-02-17,0.84982,0.85224,0.84929,0.85193,1791.35
2013-02-18,0.85187,0.85556,0.84796,0.85446,29134.18
2013-02-19,0.85442,0.85937,0.84937,0.85612,47401.73
2013-02-20,0.85617,0.85658,0.84724,0.84881,62068.77
2013-02-21,0.84882,0.85182,0.84778,0.84959,53264.81
2013-02-22,0.84961,0.85873,0.84902,0.85548,48223.98
2013-02-23,0.85548,0.85548,0.85548,0.85548,0.0
2013-02-24,0.85548,0.85557,0.85336,0.8553,2475.7
2013-02-25,0.85526,0.86152,0.85307,0.85438,51498.32
2013-02-26,0.85436,0.85581,0.84381,0.84725,64328.32
2013-02-27,0.84715,0.8477,0.84317,0.84527,60308.82
2013-02-28,0.84541,0.85412,0.84532,0.84955,57360.75
2013-03-01,0.84953,0.85407,0.84615,0.8464,57229.91
2013-03-02,0.8464,0.8464,0.8464,0.8464,0.0
2013-03-03,0.8464,0.84683,0.84475,0.84585,1756.2
2013-03-04,0.84585,0.85087,0.84409,0.84944,49918.89
2013-03-05,0.84947,0.8555,0.84771,0.85425,52250.88
2013-03-06,0.85426,0.86051,0.85244,0.85417,53602.9
2013-03-07,0.85418,0.85603,0.85096,0.85262,47507.18
2013-03-08,0.85257,0.85426,0.84102,0.84497,51090.83
2013-03-09,0.84497,0.84497,0.84497,0.84497,0.0
2013-03-10,0.84497,0.84497,0.84267,0.84377,3231.87
2013-03-11,0.84377,0.85,0.84153,0.84731,45206.12
2013-03-12,0.84733,0.84811,0.84497,0.8461,46664.41
2013-03-13,0.8461,0.84945,0.8393,0.84106,66915.82
2013-03-14,0.84107,0.84304,0.83771,0.83944,67856.08
2013-03-15,0.8394,0.84385,0.8374,0.84332,51577.95
2013-03-16,0.84332,0.84332,0.84332,0.84332,0.0
2013-03-17,0.84332,0.84332,0.84036,0.84165,3569.04
2013-03-18,0.84165,0.84511,0.84101,0.84446,61904.41
2013-03-19,0.84442,0.84794,0.84196,0.8457,58173.09
2013-03-20,0.8457,0.84939,0.84171,0.84726,65524.29
2013-03-21,0.84725,0.85501,0.84602,0.85226,63372.97
2013-03-22,0.85228,0.85532,0.85052,0.85481,43297.1
2013-03-23,0.85481,0.85481,0.85481,0.85481,0.0
2013-03-24,0.85481,0.85517,0.85242,0.8542,4334.01
2013-03-25,0.8542,0.85457,0.85085,0.85272,57769.12
2013-03-26,0.85275,0.85343,0.85082,0.85266,54123.65
2013-03-27,0.85271,0.85354,0.84839,0.85095,57418.63
2013-03-28,0.8509,0.85216,0.84852,0.85064,50587.51
2013-03-29,0.85063,0.85157,0.84878,0.85121,29370.2
2013-03-30,0.85121,0.85121,0.85121,0.85121,0.0
2013-03-31,0.85121,0.85171,0.8495,0.85164,1167.11
2013-04-01,0.85164,0.85247,0.84912,0.85192,25912.8
2013-04-02,0.85195,0.85594,0.8513,0.85302,44798.8
2013-04-03,0.85304,0.85623,0.85245,0.85366,45988.53
2013-04-04,0.85366,0.85441,0.84884,0.85191,61144.23
2013-04-05,0.8519,0.85942,0.84958,0.85717,60801.84
2013-04-06,0.85717,0.85717,0.85717,0.85717,0.0
2013-04-07,0.85717,0.85717,0.85444,0.85501,3851.95
2013-04-08,0.85501,0.86415,0.85488,0.86084,50096.19
2013-04-09,0.86086,0.86662,0.86042,0.86556,52158.85
2013-04-10,0.86549,0.87149,0.86537,0.87017,49976.34
2013-04-11,0.87019,0.87801,0.87008,0.87166,61157.47
2013-04-12,0.87162,0.87249,0.86686,0.87002,66684.22
2013-04-13,0.87002,0.87002,0.87002,0.87002,0.0
2013-04-14,0.87002,0.87028,0.86819,0.86946,2773.26
2013-04-15,0.86946,0.86952,0.85872,0.86302,84796.84
2013-04-16,0.86302,0.86895,0.86162,0.86798,69735.9
2013-04-17,0.86798,0.87026,0.86497,0.86687,66627.33
2013-04-18,0.86686,0.8683,0.86177,0.86285,75164.87
2013-04-19,0.86285,0.86919,0.86174,0.86372,58171.53
2013-04-20,0.86372,0.86372,0.86372,0.86372,0.0
2013-04-21,0.86372,0.86372,0.86047,0.86161,2561.45
2013-04-22,0.86161,0.86706,0.86159,0.86343,51060.65
2013-04-23,0.86343,0.86747,0.85923,0.86442,63347.36
2013-04-24,0.86442,0.87046,0.86405,0.86888,68441.7
2013-04-25,0.86888,0.87452,0.86626,0.86742,55690.85
2013-04-26,0.86742,0.87032,0.86146,0.86151,58850.64
2013-04-27,0.86151,0.86151,0.86151,0.86151,0.0
2013-04-28,0.86151,0.86459,0.86151,0.86379,2739.04
2013-04-29,0.86379,0.86888,0.86293,0.86474,59387.41
2013-04-30,0.86474,0.86714,0.86052,0.8621,68630.62
2013-05-01,0.86212,0.86351,0.85499,0.85698,48697.09
2013-05-02,0.85696,0.8599,0.85261,0.85972,57163.43
2013-05-03,0.85972,0.86354,0.85695,0.85956,43375.86
2013-05-04,0.85956,0.85956,0.85956,0.85956,0.0
2013-05-05,0.85956,0.86112,0.85893,0.86076,2166.75
2013-05-06,0.8607,0.86175,0.85606,0.85704,37642.55
2013-05-07,0.85704,0.85801,0.84615,0.84992,55662.55
2013-05-08,0.84992,0.85051,0.84024,0.84737,62622.22
2013-05-09,0.84735,0.85068,0.84155,0.84568,81465.58
2013-05-10,0.84568,0.84573,0.83616,0.83751,85983.38
2013-05-11,0.83751,0.83751,0.83751,0.83751,0.0
2013-05-12,0.83751,0.83851,0.83685,0.83712,4399.28
2013-05-13,0.83716,0.84167,0.8317,0.8345,74666.48
2013-05-14,0.8345,0.83845,0.83159,0.83624,85311.53
2013-05-15,0.83621,0.84087,0.83398,0.83808,94807.59
2013-05-16,0.83812,0.8398,0.82965,0.83212,90619.45
2013-05-17,0.83209,0.83418,0.826,0.82887,80394.79
2013-05-18,0.82887,0.82887,0.82887,0.82887,0.0
2013-05-19,0.82887,0.83364,0.82887,0.83348,5932.72
2013-05-20,0.83348,0.83965,0.83171,0.83783,77443.45
2013-05-21,0.83781,0.84131,0.83531,0.83851,89407.77
2013-05-22,0.83848,0.84187,0.83379,0.83469,113140.94
2013-05-23,0.83471,0.84293,0.83165,0.83523,129396.28
2013-05-24,0.83523,0.83837,0.83235,0.83366,98193.06
2013-05-25,0.83366,0.83366,0.83366,0.83366,0.0
2013-05-26,0.83366,0.83614,0.83366,0.83493,9241.54
2013-05-27,0.83493,0.8367,0.83259,0.83634,60886.26
2013-05-28,0.83633,0.84172,0.83487,0.83854,101639.3
2013-05-29,0.83856,0.84633,0.83614,0.83889,111199.38
2013-05-30,0.83887,0.84083,0.82935,0.8329,113701.04
2013-05-31,0.8329,0.8348,0.82183,0.82269,114588.33
2013-06-01,0.82269,0.82269,0.82269,0.82269,0.0
2013-06-02,0.82269,0.82623,0.82269,0.82623,6736.32
2013-06-03,0.82624,0.83517,0.82386,0.83165,119685.47
2013-06-04,0.83165,0.83189,0.82536,0.82927,112237.7
2013-06-05,0.82927,0.83288,0.82023,0.82187,123180.34
2013-06-06,0.82187,0.82673,0.81865,0.82194,145148.87
2013-06-07,0.82196,0.82222,0.80224,0.80224,127569.07
2013-06-08,0.80224,0.80224,0.80224,0.80224,0.0
2013-06-09,0.80224,0.80224,0.79893,0.80119,5487.52
2013-06-10,0.80121,0.80658,0.79904,0.80359,113310.0
2013-06-11,0.80359,0.80506,0.79475,0.80469,144770.69
2013-06-12,0.80472,0.81594,0.80328,0.81192,121357.59
2013-06-13,0.81192,0.82381,0.80692,0.82106,137755.78
2013-06-14,0.82105,0.82576,0.81714,0.8172,94573.59
2013-06-15,0.8172,0.8172,0.8172,0.8172,0.0
2013-06-16,0.8172,0.82011,0.8172,0.81822,5752.72
2013-06-17,0.81821,0.82224,0.8127,0.81442,87930.19
2013-06-18,0.81439,0.81783,0.81069,0.81559,104995.86
2013-06-19,0.81561,0.8206,0.80574,0.80905,125290.63
2013-06-20,0.80902,0.8109,0.79898,0.80571,155002.86
2013-06-21,0.80574,0.81385,0.80454,0.80913,126178.45
2013-06-22,0.80913,0.80913,0.80913,0.80913,0.0
2013-06-23,0.80913,0.81432,0.80913,0.81346,6291.08
2013-06-24,0.81343,0.81821,0.80951,0.8165,157393.32
2013-06-25,0.8165,0.8165,0.80944,0.81308,136700.27
2013-06-26,0.81308,0.82256,0.81017,0.81413,126849.78
2013-06-27,0.81413,0.8212,0.81369,0.81614,107866.75
2013-06-28,0.81614,0.8185,0.81109,0.81362,120916.86
2013-06-29,0.81362,0.81362,0.81362,0.81362,0.0
2013-06-30,0.81362,0.81575,0.81147,0.81492,5468.58
2013-07-01,0.81496,0.82226,0.81283,0.82184,91961.1
2013-07-02,0.82182,0.82189,0.81547,0.81711,109091.45
2013-07-03,0.81708,0.81942,0.81383,0.81834,125789.92
2013-07-04,0.81834,0.82642,0.81629,0.82386,115383.13
2013-07-05,0.82386,0.82621,0.81346,0.81537,107796.95
2013-07-06,0.81537,0.81537,0.81537,0.81537,0.0
2013-07-07,0.81537,0.81627,0.81361,0.81446,6265.79
2013-07-08,0.81446,0.82606,0.81443,0.82237,81783.49
2013-07-09,0.82232,0.83009,0.82052,0.82466,108183.71
2013-07-10,0.82468,0.82854,0.8173,0.82316,133358.63
2013-07-11,0.82318,0.82705,0.80697,0.81366,152159.04
2013-07-12,0.81362,0.81631,0.80557,0.80742,96443.41
2013-07-13,0.80742,0.80742,0.80742,0.80742,0.0
2013-07-14,0.80742,0.81136,0.80736,0.81047,4004.07
2013-07-15,0.81046,0.81559,0.80551,0.81402,97240.02
2013-07-16,0.81406,0.82144,0.81366,0.82002,95610.15
2013-07-17,0.82002,0.82485,0.81516,0.8225,116490.31
2013-07-18,0.82247,0.82297,0.81755,0.82043,94646.68
2013-07-19,0.82043,0.8284,0.81911,0.82147,85106.83
2013-07-20,0.82147,0.82147,0.82147,0.82147,0.0
2013-07-21,0.82147,0.82272,0.8179,0.8216,3661.15
2013-07-22,0.8216,0.82513,0.81865,0.82425,92992.8
2013-07-23,0.82425,0.82672,0.81937,0.82267,95844.9
2013-07-24,0.82267,0.82491,0.81575,0.82146,111277.84
2013-07-25,0.82146,0.83233,0.82136,0.82903,104450.22
2013-07-26,0.82913,0.83213,0.82816,0.82963,83339.83
2013-07-27,0.82963,0.82963,0.82963,0.82963,0.0
2013-07-28,0.82963,0.83108,0.82921,0.82942,3295.73
2013-07-29,0.82939,0.83127,0.82217,0.82362,85215.5
2013-07-30,0.82361,0.82451,0.81919,0.82307,94741.13
2013-07-31,0.82307,0.82355,0.81528,0.81869,102345.51
2013-08-01,0.81871,0.82064,0.81048,0.81737,93590.46
2013-08-02,0.81741,0.8212,0.8105,0.81262,94380.7
2013-08-03,0.81262,0.81262,0.81262,0.81262,0.0
2013-08-04,0.81262,0.81262,0.80468,0.80682,5375.39
2013-08-05,0.80677,0.81457,0.80479,0.81157,84380.56
2013-08-06,0.81161,0.82121,0.81049,0.81912,83290.11
2013-08-07,0.81911,0.83319,0.81886,0.82954,92812.61
2013-08-08,0.8295,0.83409,0.82481,0.82561,90242.38
2013-08-09,0.82561,0.83017,0.82462,0.82632,72907.91
2013-08-10,0.82632,0.82632,0.82632,0.82632,0.0
2013-08-11,0.82632,0.82739,0.82532,0.82532,2804.88
2013-08-12,0.82531,0.82869,0.82181,0.82291,66597.8
2013-08-13,0.82283,0.82654,0.82065,0.82537,85692.81
2013-08-14,0.82537,0.83237,0.82361,0.83181,83400.39
2013-08-15,0.83182,0.83531,0.82753,0.83161,98378.53
2013-08-16,0.83162,0.84085,0.82978,0.83691,87637.07
2013-08-17,0.83691,0.83691,0.83691,0.83691,0.0
2013-08-18,0.83691,0.83949,0.83655,0.83867,5271.37
2013-08-19,0.83872,0.84267,0.83326,0.83381,76693.83
2013-08-20,0.83377,0.8347,0.82436,0.82703,106433.34
2013-08-21,0.82698,0.82861,0.8209,0.8222,109504.13
2013-08-22,0.82221,0.82717,0.8192,0.82416,108074.4
2013-08-23,0.82409,0.82636,0.81835,0.81835,85946.68
2013-08-24,0.81835,0.81835,0.81835,0.81835,0.0
2013-08-25,0.81835,0.82182,0.81718,0.81919,4498.55
2013-08-26,0.81917,0.82793,0.81881,0.82328,67708.47
2013-08-27,0.82328,0.82361,0.81242,0.81453,96574.93
2013-08-28,0.81449,0.82106,0.81176,0.82002,97330.42
2013-08-29,0.82002,0.82206,0.81479,0.81796,87666.92
2013-08-30,0.81796,0.82078,0.81272,0.81336,71041.44
2013-08-31,0.81336,0.81336,0.81336,0.81336,0.0
2013-09-01,0.81336,0.81901,0.81336,0.81811,4587.3
2013-09-02,0.81811,0.82651,0.81699,0.82447,60686.05
2013-09-03,0.82447,0.82655,0.81942,0.82167,81697.93
2013-09-04,0.82166,0.83153,0.82126,0.82865,73202.33
2013-09-05,0.82867,0.83052,0.82446,0.82791,67150.64
2013-09-06,0.82791,0.83427,0.82761,0.83251,62789.69
2013-09-07,0.83251,0.83251,0.83251,0.83251,0.0
2013-09-08,0.83251,0.83437,0.83057,0.83074,4381.08
2013-09-09,0.83071,0.83296,0.82859,0.83139,56685.89
2013-09-10,0.83137,0.83655,0.831,0.83372,71498.68
2013-09-11,0.83372,0.84016,0.8315,0.83984,82564.96
2013-09-12,0.83984,0.84204,0.837,0.83938,89072.07
2013-09-13,0.83938,0.84394,0.83693,0.84096,62070.77
2013-09-14,0.84096,0.84096,0.84096,0.84096,0.0
2013-09-15,0.84096,0.84847,0.84096,0.84473,4717.29
2013-09-16,0.84476,0.84683,0.84177,0.84409,65233.04
2013-09-17,0.84413,0.84958,0.84279,0.84689,57233.16
2013-09-18,0.84689,0.85899,0.84449,0.85717,73318.32
2013-09-19,0.85721,0.86106,0.85531,0.86083,82398.47
2013-09-20,0.86084,0.86361,0.85967,0.86147,60070.93
2013-09-21,0.86147,0.86147,0.86147,0.86147,0.0
2013-09-22,0.86147,0.86164,0.85955,0.86101,2554.69
2013-09-23,0.861,0.86362,0.85949,0.85973,60146.62
2013-09-24,0.85974,0.85981,0.84873,0.84987,55161.25
2013-09-25,0.84987,0.85127,0.84724,0.85082,56153.63
2013-09-26,0.85087,0.8558,0.84986,0.85356,56109.63
2013-09-27,0.85356,0.85776,0.84968,0.85246,52936.88
2013-09-28,0.85246,0.85246,0.85246,0.85246,0.0
2013-09-29,0.85246,0.85397,0.85077,0.85241,4244.21
2013-09-30,0.85231,0.85686,0.85106,0.8565,59715.06
2013-10-01,0.85646,0.85867,0.85074,0.85373,73757.46
2013-10-02,0.85373,0.86196,0.84768,0.85821,76633.26
2013-10-03,0.85821,0.86125,0.8547,0.85564,66739.2
2013-10-04,0.85564,0.86083,0.85556,0.85581,49130.43
2013-10-05,0.85581,0.85581,0.85581,0.85581,0.0
2013-10-06,0.85581,0.85717,0.85497,0.85607,2824.52
2013-10-07,0.85607,0.85902,0.8534,0.85559,49860.13
2013-10-08,0.85561,0.86161,0.85376,0.86086,76777.45
2013-10-09,0.86086,0.86412,0.85801,0.86218,67503.48
2013-10-10,0.86216,0.86331,0.85652,0.86117,69554.43
2013-10-11,0.86117,0.86792,0.86003,0.86073,58753.6
2013-10-12,0.86073,0.86073,0.86073,0.86073,0.0
2013-10-13,0.86073,0.86317,0.86073,0.86239,2736.77
2013-10-14,0.86236,0.86729,0.86114,0.86569,47526.33
2013-10-15,0.86567,0.87197,0.86526,0.87157,64498.71
2013-10-16,0.87161,0.87438,0.86902,0.87048,65097.78
2013-10-17,0.8705,0.87734,0.86855,0.8712,73599.29
2013-10-18,0.8712,0.87596,0.86984,0.87356,45015.61
2013-10-19,0.87356,0.87356,0.87356,0.87356,0.0
2013-10-20,0.87356,0.87581,0.87237,0.87415,3706.34
2013-10-21,0.87421,0.87507,0.86861,0.87129,46424.37
2013-10-22,0.87129,0.87763,0.86843,0.87602,64319.05
2013-10-23,0.87602,0.87621,0.8632,0.8737,103916.84
2013-10-24,0.8737,0.87581,0.86686,0.86866,68603.17
2013-10-25,0.86862,0.86938,0.8643,0.86441,57139.02
2013-10-26,0.86441,0.86441,0.86441,0.86441,0.0
2013-10-27,0.86441,0.86629,0.86441,0.86602,2521.04
2013-10-28,0.866,0.87006,0.86405,0.86642,48393.57
2013-10-29,0.86642,0.86644,0.86002,0.86408,65724.88
2013-10-30,0.86407,0.86758,0.85945,0.86417,68171.55
2013-10-31,0.86401,0.86808,0.85966,0.86159,75755.92
2013-11-01,0.86161,0.86391,0.85715,0.86112,56633.43
2013-11-02,0.86112,0.86112,0.86112,0.86112,0.0
2013-11-03,0.86112,0.86148,0.85893,0.86086,1544.77
2013-11-04,0.86085,0.86477,0.85995,0.86412,43651.89
2013-11-05,0.86412,0.87517,0.86184,0.87372,77187.67
2013-11-06,0.87372,0.87818,0.87214,0.87255,56055.47
2013-11-07,0.87248,0.87457,0.86821,0.86931,76079.05
2013-11-08,0.86932,0.87287,0.86281,0.86356,73805.46
2013-11-09,0.86356,0.86356,0.86356,0.86356,0.0
2013-11-10,0.86356,0.86621,0.86356,0.86434,2231.98
2013-11-11,0.86434,0.86819,0.86166,0.8645,39624.69
2013-11-12,0.86452,0.86476,0.85733,0.86156,67107.07
2013-11-13,0.86156,0.86713,0.86006,0.86589,59585.54
2013-11-14,0.86587,0.87236,0.8642,0.86591,84350.4
2013-11-15,0.86591,0.87241,0.86526,0.86893,46659.76
2013-11-16,0.86893,0.86893,0.86893,0.86893,0.0
2013-11-17,0.86893,0.87212,0.86893,0.87108,1391.32
2013-11-18,0.8711,0.87693,0.86712,0.86743,51777.89
2013-11-19,0.86746,0.87753,0.86698,0.87553,61342.09
2013-11-20,0.87555,0.87617,0.86237,0.86437,67743.06
2013-11-21,0.86437,0.86697,0.85843,0.86503,80779.65
2013-11-22,0.86504,0.86753,0.85601,0.86094,66519.73
2013-11-23,0.86094,0.86094,0.86094,0.86094,0.0
2013-11-24,0.86094,0.86421,0.86023,0.86407,2496.57
2013-11-25,0.86407,0.86802,0.86356,0.86698,61844.15
2013-11-26,0.86696,0.87032,0.86027,0.86344,69884.84
2013-11-27,0.86344,0.86531,0.86001,0.86307,66183.64
2013-11-28,0.86361,0.86541,0.85776,0.85885,48987.48
2013-11-29,0.85885,0.86521,0.85666,0.85999,61424.29
2013-11-30,0.85999,0.85999,0.85999,0.85999,0.0
2013-12-01,0.85999,0.86786,0.85999,0.86706,2134.39
2013-12-02,0.86706,0.87302,0.86607,0.87171,61137.94
2013-12-03,0.87173,0.88017,0.86837,0.87644,68408.79
2013-12-04,0.87644,0.87707,0.86985,0.87637,91471.84
2013-12-05,0.87637,0.87775,0.86901,0.87492,61542.07
2013-12-06,0.87497,0.88395,0.86683,0.88063,68787.77
2013-12-07,0.88063,0.88063,0.88063,0.88063,0.0
2013-12-08,0.88063,0.88358,0.88063,0.88302,2407.07
2013-12-09,0.88296,0.88627,0.87867,0.88044,51355.3
2013-12-10,0.88048,0.88517,0.87916,0.8811,50700.63
2013-12-11,0.88111,0.88127,0.87056,0.87632,58228.27
2013-12-12,0.87626,0.87997,0.8697,0.87465,70686.48
2013-12-13,0.87465,0.87891,0.87388,0.87436,48141.22
2013-12-14,0.87436,0.87436,0.87436,0.87436,0.0
2013-12-15,0.87436,0.87622,0.87436,0.87477,905.73
2013-12-16,0.87481,0.87692,0.87275,0.87525,45789.62
2013-12-17,0.87528,0.87834,0.87351,0.87741,59450.76
2013-12-18,0.87752,0.88313,0.87296,0.87941,77083.03
2013-12-19,0.87941,0.88051,0.87137,0.87447,63612.93
2013-12-20,0.87447,0.87776,0.87006,0.87094,56521.47
2013-12-21,0.87094,0.87094,0.87094,0.87094,0.0
2013-12-22,0.87094,0.87406,0.87094,0.8738,1374.49
2013-12-23,0.8738,0.87437,0.86794,0.87007,38195.27
2013-12-24,0.87002,0.87136,0.86706,0.86987,23904.39
2013-12-25,0.86987,0.87007,0.86538,0.86946,876.31
2013-12-26,0.86946,0.86982,0.86586,0.86856,18808.89
2013-12-27,0.86856,0.87602,0.86719,0.87186,36111.97
2013-12-28,0.87186,0.87186,0.87186,0.87186,0.0
2013-12-29,0.87186,0.87396,0.87181,0.87267,1258.8
2013-12-30,0.87262,0.87596,0.87042,0.87439,31532.2
2013-12-31,0.87439,0.87591,0.87243,0.87243,29737.91
2014-01-01,0.87243,0.87472,0.8711,0.87371,647.81
2014-01-02,0.87371,0.87547,0.86636,0.87319,45485.62
2014-01-03,0.87329,0.88303,0.87272,0.87921,57734.24
2014-01-04,0.87921,0.87921,0.87921,0.87921,0.0
2014-01-05,0.87921,0.88002,0.87827,0.87866,2754.32
2014-01-06,0.87871,0.88472,0.87619,0.88351,59430.59
2014-01-07,0.88351,0.89318,0.88098,0.89207,72098.5
2014-01-08,0.89207,0.89833,0.89122,0.89407,65015.2
2014-01-09,0.89417,0.89756,0.89259,0.89416,61147.63
2014-01-10,0.89409,0.90612,0.89116,0.90372,65474.37
2014-01-11,0.90372,0.90372,0.90372,0.90372,0.0
2014-01-12,0.90372,0.90602,0.90351,0.90546,1458.15
2014-01-13,0.90551,0.91452,0.90392,0.91147,63964.16
2014-01-14,0.91136,0.92092,0.90996,0.91587,68747.86
2014-01-15,0.91586,0.91842,0.91075,0.91218,66384.61
2014-01-16,0.91211,0.91369,0.90628,0.91241,76710.37
2014-01-17,0.91237,0.91306,0.90379,0.9039,63219.22
2014-01-18,0.9039,0.9039,0.9039,0.9039,0.0
2014-01-19,0.9039,0.90623,0.90389,0.90498,1938.62
2014-01-20,0.90483,0.91261,0.89952,0.91051,46819.39
2014-01-21,0.91047,0.91531,0.91047,0.91166,56711.81
2014-01-22,0.91172,0.92227,0.91097,0.92201,66919.86
2014-01-23,0.92201,0.92842,0.9195,0.92057,89888.1
2014-01-24,0.92067,0.9216,0.90986,0.91021,80018.37
2014-01-25,0.91021,0.91021,0.91021,0.91021,0.0
2014-01-26,0.91021,0.91213,0.90992,0.91043,2006.89
2014-01-27,0.91056,0.91639,0.90692,0.91401,63146.55
2014-01-28,0.91401,0.92509,0.91331,0.92121,65124.31
2014-01-29,0.92116,0.92587,0.91271,0.91786,77063.92
2014-01-30,0.91779,0.91847,0.90707,0.91261,70886.97
2014-01-31,0.91261,0.91272,0.89767,0.89892,74743.61
2014-02-01,0.89892,0.89892,0.89892,0.89892,0.0
2014-02-02,0.89892,0.90181,0.89892,0.90117,2321.8
2014-02-03,0.90117,0.90357,0.89461,0.89668,74269.61
2014-02-04,0.89668,0.91448,0.89386,0.91141,82083.7
2014-02-05,0.91141,0.91269,0.90706,0.91126,70123.64
2014-02-06,0.91114,0.91777,0.90821,0.91247,62732.27
2014-02-07,0.91244,0.91602,0.90776,0.91439,65376.05
2014-02-08,0.91439,0.91439,0.91439,0.91439,0.0
2014-02-09,0.91439,0.91447,0.91351,0.91382,1998.53
2014-02-10,0.91382,0.91467,0.91016,0.91416,40653.52
2014-02-11,0.91411,0.92217,0.91406,0.91492,58298.91
2014-02-12,0.91482,0.91962,0.91341,0.91472,51204.72
2014-02-13,0.91476,0.91957,0.91278,0.91586,66642.84
2014-02-14,0.91591,0.92007,0.9127,0.91913,53291.97
2014-02-15,0.91913,0.91913,0.91913,0.91913,0.0
2014-02-16,0.91913,0.91927,0.91775,0.91916,1422.87
2014-02-17,0.91912,0.92008,0.91571,0.91631,36510.23
2014-02-18,0.91631,0.9175,0.90856,0.90857,58928.05
2014-02-19,0.90861,0.92052,0.90621,0.91612,67716.74
2014-02-20,0.91607,0.92281,0.91366,0.92187,65101.46
2014-02-21,0.92197,0.92762,0.91911,0.91916,59204.08
2014-02-22,0.91916,0.91916,0.91916,0.91916,0.0
2014-02-23,0.91916,0.92044,0.91851,0.91983,1562.37
2014-02-24,0.92002,0.92332,0.91857,0.92137,51391.71
2014-02-25,0.92141,0.92452,0.92018,0.92309,51845.65
2014-02-26,0.92309,0.92593,0.92072,0.92537,58403.06
2014-02-27,0.92527,0.93467,0.92316,0.93026,66922.2
2014-02-28,0.93022,0.93812,0.92535,0.92682,67165.79
2014-03-01,0.92682,0.92682,0.92682,0.92682,0.0
2014-03-02,0.92682,0.92772,0.92477,0.92496,2770.45
2014-03-03,0.9249,0.92957,0.92192,0.92642,55174.25
2014-03-04,0.92642,0.93202,0.92586,0.93043,59702.57
2014-03-05,0.9304,0.93374,0.92737,0.92778,58123.81
2014-03-06,0.92778,0.93549,0.92761,0.93091,65895.33
2014-03-07,0.93092,0.93973,0.93086,0.93789,66282.99
2014-03-08,0.93789,0.93789,0.93789,0.93789,0.0
2014-03-09,0.93789,0.94027,0.93734,0.93941,3500.74
2014-03-10,0.93941,0.94214,0.93766,0.94123,61373.37
2014-03-11,0.94126,0.94566,0.93911,0.93935,64240.28
2014-03-12,0.9394,0.94787,0.93712,0.94751,77903.93
2014-03-13,0.94752,0.95217,0.94175,0.94566,80444.99
2014-03-14,0.94565,0.9488,0.94513,0.94671,62596.61
2014-03-15,0.94671,0.94671,0.94671,0.94671,0.0
2014-03-16,0.94671,0.94808,0.9455,0.94697,4094.4
2014-03-17,0.94696,0.94952,0.94607,0.94666,60181.11
2014-03-18,0.94666,0.96191,0.94382,0.9596,72775.51
2014-03-19,0.9596,0.9655,0.95666,0.95933,87203.99
2014-03-20,0.95937,0.96212,0.95795,0.9589,68300.36
2014-03-21,0.9589,0.96278,0.95449,0.95711,63348.28
2014-03-22,0.95711,0.95711,0.95711,0.95711,0.0
2014-03-23,0.95711,0.95976,0.95676,0.95872,5514.63
2014-03-24,0.95871,0.96009,0.95521,0.95674,67657.11
2014-03-25,0.95674,0.95963,0.95396,0.95698,65144.4
2014-03-26,0.95698,0.96161,0.95283,0.95467,75270.65
2014-03-27,0.9547,0.96272,0.95301,0.95581,79958.23
2014-03-28,0.95585,0.95927,0.95476,0.95706,58186.24
2014-03-29,0.95706,0.95706,0.95706,0.95706,0.0
2014-03-30,0.95706,0.95916,0.95655,0.95827,5870.73
2014-03-31,0.95824,0.95971,0.95173,0.95851,65705.41
2014-04-01,0.95851,0.96233,0.94999,0.95015,63689.61
2014-04-02,0.95015,0.95056,0.94219,0.94567,63048.06
2014-04-03,0.94567,0.94648,0.9379,0.94391,61346.04
2014-04-04,0.94391,0.94517,0.93847,0.94351,55229.07
2014-04-05,0.94351,0.94351,0.94351,0.94351,0.0
2014-04-06,0.94351,0.94582,0.94165,0.94542,5981.02
2014-04-07,0.94544,0.94612,0.94215,0.94478,77483.67
2014-04-08,0.94481,0.94958,0.94432,0.94717,92380.76
2014-04-09,0.94715,0.9517,0.94125,0.9486,88476.75
2014-04-10,0.9486,0.95202,0.94702,0.94763,92956.24
2014-04-11,0.94766,0.95447,0.94336,0.95326,56044.52
2014-04-12,0.95326,0.95326,0.95326,0.95326,0.0
2014-04-13,0.95326,0.95327,0.95187,0.95287,3228.85
2014-04-14,0.95286,0.95434,0.94722,0.95241,43404.42
2014-04-15,0.95241,0.95297,0.94376,0.94447,57467.31
2014-04-16,0.94452,0.95115,0.94176,0.9501,61877.28
2014-04-17,0.95012,0.95158,0.94251,0.94387,42850.07
2014-04-18,0.94367,0.94643,0.94303,0.94404,13521.66
2014-04-19,0.94404,0.94404,0.94404,0.94404,0.0
2014-04-20,0.94404,0.94803,0.94404,0.9466,2205.86
2014-04-21,0.94658,0.94658,0.94211,0.94483,21795.46
2014-04-22,0.94481,0.95011,0.94424,0.94972,46123.66
2014-04-23,0.94971,0.95113,0.94491,0.95017,60552.46
2014-04-24,0.95012,0.95255,0.94241,0.94449,51776.4
2014-04-25,0.94446,0.94797,0.94306,0.94666,41035.53
2014-04-26,0.94666,0.94666,0.94666,0.94666,0.0
2014-04-27,0.94666,0.94707,0.94593,0.94683,1137.62
2014-04-28,0.94683,0.94755,0.93994,0.94062,52732.05
2014-04-29,0.94059,0.94087,0.93537,0.93773,59559.47
2014-04-30,0.93773,0.94552,0.93657,0.94401,1062619.17
2014-05-01,0.94397,0.94734,0.94318,0.94598,15041306.78
2014-05-02,0.94598,0.95195,0.94397,0.95045,53085.97
2014-05-03,0.95045,0.95045,0.95045,0.95045,0.0
2014-05-04,0.95045,0.95186,0.95007,0.95036,1750.3
2014-05-05,0.95036,0.95322,0.94794,0.95162,13560201.75
2014-05-06,0.95157,0.95903,0.94651,0.94837,68586.93
2014-05-08,0.94249,0.94375,0.93461,0.93631,69067607.9
2014-05-09,0.93631,0.94137,0.93273,0.93787,15057775.0
2014-05-11,0.93981,0.94008,0.93828,0.93985,2975.69
2014-05-13,0.93961,0.94417,0.93886,0.94086,64890.45
2014-05-14,0.94086,0.94588,0.94056,0.94292,96454132.74
2014-05-15,0.94287,0.94448,0.93864,0.94109,6049259.77
2014-05-16,0.94111,0.94112,0.93641,0.93641,46177760.04
2014-05-18,0.93766,0.93877,0.93706,0.93847,1783.88
2014-05-19,0.93846,0.94001,0.93691,0.93851,42081830.35
2014-05-20,0.93846,0.93861,0.93286,0.93416,22056798.09
2014-05-22,0.93487,0.93696,0.93146,0.93296,69351851.47
2014-05-23,0.93292,0.93392,0.92759,0.9276,43661.14
2014-05-25,0.92836,0.92942,0.92753,0.92837,2694.33
2014-05-26,0.92836,0.93002,0.92682,0.92947,55634577.1
2014-05-28,0.93007,0.93007,0.92002,0.92226,34055837.44
2014-05-29,0.92222,0.92502,0.91682,0.91981,99864588.22
2014-05-30,0.91987,0.92266,0.91802,0.92146,51563.11
2014-06-01,0.92071,0.92157,0.91921,0.92057,2889.4
2014-06-02,0.92056,0.9235,0.91801,0.92027,29302978.63
2014-06-03,0.92027,0.92392,0.91849,0.92094,20049316.02
2014-06-04,0.92093,0.92243,0.91833,0.92174,59134.0
2014-06-05,0.92173,0.92999,0.92168,0.92644,20066368.77
2014-06-06,0.92643,0.93518,0.92619,0.92853,54485.09
2014-06-08,0.92832,0.9305,0.92832,0.92963,1648.01
2014-06-09,0.92962,0.93183,0.92482,0.92628,50459.81
2014-06-10,0.92633,0.9302,0.92613,0.92925,24683873.07
2014-06-11,0.92925,0.93732,0.92568,0.93525,98355.25
2014-06-12,0.93526,0.94413,0.93526,0.94178,18748460.28
2014-06-13,0.94183,0.94233,0.93816,0.9406,27042963.99
2014-06-15,0.94068,0.94153,0.93975,0.94053,1975.84
2014-06-16,0.94053,0.94388,0.94012,0.94072,43418799.51
2014-06-17,0.94073,0.94232,0.93872,0.94053,38434079.66
2014-06-18,0.94051,0.94734,0.94012,0.94455,62369.5
2014-06-19,0.94455,0.94538,0.94167,0.94187,57412.32
2014-06-20,0.94187,0.94348,0.93393,0.93528,42589.2
2014-06-22,0.93603,0.93642,0.93376,0.93583,2135.58
2014-06-23,0.93578,0.93873,0.93383,0.93419,42866.05
2014-06-24,0.93415,0.93523,0.93082,0.93113,48345.11
2014-06-25,0.93112,0.93736,0.93072,0.93657,46698.54
2014-06-26,0.93658,0.94027,0.93657,0.93768,51122.82
2014-06-27,0.93767,0.93872,0.93477,0.93573,39083.11
2014-06-29,0.93618,0.93618,0.93516,0.93568,1911.46
2014-06-30,0.93569,0.93649,0.93202,0.93513,50650.51
2014-07-01,0.93512,0.93678,0.93163,0.93192,43442.38
2014-07-02,0.93188,0.93612,0.93077,0.93485,42549.04
2014-07-03,0.93488,0.93658,0.92992,0.93017,54089.11
2014-07-04,0.93018,0.93167,0.92853,0.93037,25347.64
2014-07-06,0.93123,0.93183,0.92987,0.93022,2062.15
2014-07-07,0.93022,0.93596,0.92888,0.93453,37476.36
2014-07-08,0.93453,0.94049,0.93433,0.93828,43329.67
2014-07-09,0.93827,0.94109,0.93702,0.93983,46880.29
2014-07-10,0.93978,0.94088,0.93762,0.93813,48397.73
2014-07-11,0.93813,0.9463,0.93687,0.94531,40072.76
2014-07-13,0.94533,0.94627,0.94498,0.94517,2808.35
2014-07-14,0.94517,0.94778,0.94217,0.94402,38743.62
2014-07-15,0.94408,0.94553,0.93768,0.93882,53295.55
2014-07-16,0.93879,0.94029,0.93463,0.93572,53597.6
2014-07-17,0.93568,0.93626,0.93108,0.93268,55865.62
2014-07-18,0.93268,0.93442,0.92931,0.93171,43797.95
2014-07-20,0.93362,0.93513,0.93302,0.93478,3289.71
2014-07-21,0.93478,0.93562,0.93192,0.93193,36984.85
2014-07-22,0.93192,0.93353,0.92942,0.93108,47998.1
2014-07-23,0.93108,0.93388,0.92267,0.92408,49801.83
2014-07-24,0.92407,0.92588,0.91953,0.92183,55131.73
2014-07-25,0.92182,0.92573,0.91869,0.92448,45312.37
2014-07-27,0.92507,0.92528,0.92427,0.92458,3395.8
2014-07-28,0.92453,0.92545,0.92188,0.92307,39886.01
2014-07-29,0.92312,0.92422,0.91948,0.92328,53192.86
2014-07-30,0.92328,0.92637,0.9226,0.92577,58007.35
2014-07-31,0.92573,0.92885,0.923,0.92742,56984.6
2014-08-01,0.92742,0.92965,0.92429,0.92822,59994.99
2014-08-03,0.92873,0.93028,0.92852,0.92937,3929.79
2014-08-04,0.92937,0.93093,0.92847,0.92938,38827.24
2014-08-05,0.92938,0.93255,0.92373,0.92522,60131.51
2014-08-06,0.92519,0.92734,0.92344,0.92488,56262.36
2014-08-07,0.92487,0.92775,0.92307,0.92408,54734.98
2014-08-08,0.92408,0.93081,0.92257,0.92802,49742.56
2014-08-10,0.92817,0.92919,0.92757,0.92847,3758.98
2014-08-11,0.92844,0.92993,0.92327,0.92388,37824.51
2014-08-12,0.92388,0.92403,0.92,0.92047,45779.54
2014-08-13,0.92052,0.92628,0.91964,0.92535,49530.24
2014-08-14,0.92533,0.92814,0.9234,0.92483,41901.81
2014-08-15,0.92483,0.92668,0.92209,0.92443,43891.0
2014-08-17,0.92398,0.92478,0.92317,0.92355,2194.87
2014-08-18,0.92355,0.92473,0.92068,0.92118,34375.91
2014-08-19,0.92116,0.92345,0.91782,0.92112,49692.14
2014-08-20,0.92108,0.92168,0.91702,0.9184,58977.23
2014-08-21,0.9184,0.92066,0.91678,0.91897,43547.07
2014-08-22,0.91897,0.9237,0.91812,0.91942,50929.32
2014-08-24,0.92063,0.92063,0.91363,0.91628,7062.87
2014-08-25,0.91624,0.91742,0.91317,0.91398,39546.58
2014-08-26,0.91397,0.91603,0.91127,0.91317,46899.12
2014-08-27,0.91317,0.9145,0.90691,0.90923,56133.4
2014-08-28,0.90923,0.91217,0.90811,0.909,52058.9
2014-08-29,0.90894,0.91103,0.90657,0.90863,47969.12
2014-08-31,0.90778,0.90898,0.90746,0.90848,4303.02
2014-09-01,0.90847,0.91213,0.90841,0.91148,38541.54
2014-09-02,0.91148,0.91153,0.90632,0.90733,57252.31
2014-09-03,0.90733,0.90947,0.90382,0.90603,58273.12
2014-09-04,0.90607,0.90778,0.90043,0.90072,62720.64
2014-09-05,0.90072,0.90792,0.90036,0.90561,54703.15
2014-09-07,0.90372,0.90556,0.90358,0.90508,2938.83
2014-09-08,0.90503,0.90923,0.90472,0.90808,61201.84
2014-09-09,0.90807,0.9097,0.90408,0.90583,88795.15
2014-09-10,0.90583,0.90608,0.89443,0.89763,92416.74
2014-09-11,0.89763,0.90433,0.89572,0.90296,91472.47
2014-09-12,0.90296,0.90498,0.90147,0.90317,71053.17
2014-09-14,0.90298,0.90369,0.90256,0.90333,3412.54
2014-09-15,0.90333,0.90548,0.90127,0.90338,71239.93
2014-09-16,0.90338,0.90518,0.89792,0.8988,79270.63
2014-09-17,0.8988,0.89883,0.88924,0.89144,98758.96
2014-09-18,0.89143,0.89383,0.88945,0.89169,80402.29
2014-09-19,0.89169,0.89448,0.88827,0.88993,74206.49
2014-09-21,0.89347,0.89398,0.8914,0.89152,4051.11
2014-09-22,0.89144,0.89695,0.8899,0.89538,65297.43
2014-09-23,0.89538,0.89748,0.88887,0.8941,82204.67
2014-09-24,0.89403,0.8963,0.89221,0.89275,70141.73
2014-09-25,0.89275,0.89339,0.87872,0.88246,108426.12
2014-09-26,0.88246,0.88323,0.87601,0.87667,75511.12
2014-09-28,0.87698,0.87801,0.87647,0.87764,6017.72
2014-09-29,0.87764,0.87798,0.86133,0.86648,105717.63
2014-09-30,0.86648,0.87603,0.86432,0.87507,90075.31
2014-10-01,0.87507,0.87748,0.86702,0.86761,95808.49
2014-10-02,0.86762,0.88281,0.86762,0.88033,110554.24
2014-10-03,0.88037,0.88038,0.87042,0.87322,75088.91
2014-10-05,0.87339,0.87368,0.86862,0.87008,3892.66
2014-10-06,0.87007,0.87516,0.86961,0.87274,68063.42
2014-10-07,0.87274,0.8784,0.87027,0.87293,83554.33
2014-10-08,0.87293,0.87897,0.87042,0.87767,88192.96
2014-10-09,0.87771,0.88381,0.87628,0.87882,107471.45
2014-10-10,0.87883,0.88168,0.87122,0.87498,87802.73
2014-10-12,0.87413,0.87614,0.87252,0.87591,7351.81
2014-10-13,0.87591,0.88493,0.87533,0.88152,87727.26
2014-10-14,0.88152,0.88624,0.88052,0.88592,84714.52
2014-10-15,0.88593,0.90034,0.88466,0.89725,137653.5
2014-10-16,0.89721,0.90068,0.88757,0.89437,147774.58
2014-10-17,0.89438,0.89518,0.89023,0.89247,86520.52
2014-10-19,0.89398,0.89548,0.89333,0.89488,5527.5
2014-10-20,0.89487,0.90058,0.8936,0.89911,73957.05
2014-10-21,0.89911,0.90512,0.89213,0.89458,80631.75
2014-10-22,0.89458,0.89698,0.88311,0.88352,87369.21
2014-10-23,0.88353,0.88478,0.87478,0.87843,84736.6
2014-10-24,0.87842,0.88341,0.87637,0.88137,63903.87
2014-10-26,0.88128,0.88332,0.88063,0.88221,5049.48
2014-10-27,0.88218,0.88869,0.88123,0.88758,63763.61
2014-10-28,0.88759,0.89155,0.88378,0.88483,73048.12
2014-10-29,0.88483,0.88798,0.86962,0.87083,81100.55
2014-10-30,0.87083,0.8794,0.87007,0.87744,92513.38
2014-10-31,0.87745,0.88428,0.87575,0.87698,101112.28
2014-11-02,0.87688,0.87768,0.87627,0.87763,3849.58
2014-11-03,0.87767,0.87954,0.87126,0.87817,94916.38
2014-11-04,0.87817,0.89383,0.87687,0.89093,106358.53
2014-11-05,0.89093,0.89297,0.87733,0.87872,121993.77
2014-11-06,0.87873,0.88407,0.87417,0.87883,128177.47
2014-11-07,0.87882,0.88241,0.87334,0.87723,125463.89
2014-11-09,0.87993,0.88017,0.87843,0.87922,5356.1
2014-11-10,0.8792,0.88549,0.87877,0.88177,87928.94
2014-11-11,0.88173,0.8878,0.87857,0.88656,111408.96
2014-11-12,0.88653,0.89293,0.88532,0.89023,131773.5
2014-11-13,0.89023,0.89808,0.88783,0.89558,110194.35
2014-11-14,0.89558,0.89626,0.8894,0.89197,114814.82
2014-11-16,0.89652,0.89751,0.89495,0.89537,5126.21
2014-11-17,0.89533,0.89888,0.89338,0.89522,102311.16
2014-11-18,0.89528,0.90108,0.89404,0.89482,97969.55
2014-11-19,0.89478,0.89507,0.88797,0.88963,122141.19
2014-11-20,0.88962,0.89145,0.8872,0.88884,130284.91
2014-11-21,0.88884,0.89618,0.88453,0.88486,124910.36
2014-11-23,0.88528,0.88628,0.88507,0.88603,4250.55
2014-11-24,0.88602,0.88828,0.88357,0.88702,85181.32
2014-11-25,0.88703,0.88783,0.87545,0.88062,118750.91
2014-11-26,0.88062,0.88665,0.87982,0.88638,107239.22
2014-11-27,0.88637,0.89335,0.88507,0.89102,96130.68
2014-11-28,0.89098,0.89889,0.88808,0.89351,99692.13
2014-11-30,0.89312,0.89445,0.89177,0.89234,8762.63
2014-12-01,0.89237,0.89763,0.88963,0.89013,126381.99
2014-12-02,0.89017,0.89352,0.88699,0.88939,100029.83
2014-12-03,0.88938,0.88973,0.87933,0.88088,111120.38
2014-12-04,0.88088,0.88902,0.87787,0.8856,125205.24
2014-12-05,0.88563,0.88672,0.88017,0.88088,108857.66
2014-12-07,0.88043,0.88093,0.87842,0.87868,4150.22
2014-12-08,0.87863,0.87998,0.87282,0.87863,110339.22
2014-12-09,0.87862,0.8846,0.87468,0.87977,148091.25
2014-12-10,0.87978,0.89864,0.8776,0.89576,148313.86
2014-12-11,0.89578,0.90172,0.89299,0.89778,164312.36
2014-12-12,0.89778,0.90462,0.89558,0.90037,121349.79
2014-12-14,0.90094,0.90133,0.89677,0.89677,8600.5
2014-12-15,0.89678,0.9039,0.89327,0.90208,115685.72
2014-12-16,0.90208,0.91495,0.89999,0.90608,146678.66
2014-12-17,0.90607,0.90623,0.89481,0.89548,131565.24
2014-12-18,0.89548,0.90253,0.89387,0.90089,132385.66
2014-12-19,0.90089,0.90518,0.89651,0.89817,93862.16
2014-12-21,0.89862,0.89982,0.89693,0.89918,4694.95
2014-12-22,0.89919,0.90236,0.89502,0.89898,81396.79
2014-12-23,0.89898,0.90188,0.89357,0.89597,74790.36
2014-12-24,0.89598,0.89932,0.89488,0.89893,32141.17
2014-12-25,0.89892,0.90013,0.89506,0.89813,3845.96
2014-12-26,0.89817,0.90235,0.89746,0.90198,32973.55
2014-12-28,0.90042,0.90153,0.89932,0.90102,2241.0
2014-12-29,0.90102,0.90702,0.90097,0.90563,71699.5
2014-12-30,0.90562,0.91164,0.90484,0.90877,67810.22
2014-12-31,0.90877,0.91013,0.90352,0.90496,54827.8
2015-01-01,0.90446,0.90563,0.90274,0.90493,7182.73
2015-01-02,0.90493,0.90741,0.89955,0.90627,85400.97
2015-01-04,0.90508,0.90923,0.90322,0.90343,5829.13
2015-01-05,0.90343,0.90972,0.89982,0.90513,93254.54
2015-01-06,0.90508,0.92204,0.9034,0.91668,107519.94
2015-01-07,0.91668,0.92166,0.91361,0.91803,114114.73
2015-01-08,0.91803,0.92584,0.91759,0.92343,96922.84
2015-01-09,0.92343,0.9308,0.92183,0.92873,96240.42
2015-01-11,0.93054,0.93183,0.92873,0.92913,5066.14
2015-01-12,0.92913,0.93213,0.92068,0.9298,100423.53
2015-01-13,0.92978,0.93218,0.92102,0.92537,120161.43
2015-01-14,0.92537,0.92928,0.92109,0.92113,148582.81
2015-01-15,0.92112,0.93758,0.92057,0.93738,161713.88
2015-01-16,0.93738,0.94045,0.92936,0.93195,116287.0
2015-01-18,0.93172,0.93295,0.92996,0.93248,3412.34
2015-01-19,0.93252,0.93383,0.92728,0.92746,70023.69
2015-01-20,0.92746,0.93162,0.92252,0.92612,95826.69
2015-01-21,0.92612,0.94457,0.92265,0.93447,125504.33
2015-01-22,0.93447,0.93578,0.92692,0.92928,147003.67
2015-01-23,0.92928,0.93101,0.9234,0.92452,126021.06
2015-01-25,0.92513,0.92518,0.92187,0.92387,5498.34
2015-01-26,0.92388,0.92983,0.91953,0.92787,98607.63
2015-01-27,0.92787,0.92962,0.92218,0.9235,105117.9
2015-01-28,0.9235,0.93235,0.91618,0.91692,126209.69
2015-01-29,0.91684,0.92003,0.91066,0.91778,119290.5
2015-01-30,0.91782,0.92486,0.91589,0.92312,107453.06
2015-02-01,0.92062,0.92248,0.91887,0.92144,7623.12
2015-02-02,0.92144,0.92901,0.91512,0.91847,115074.05
2015-02-03,0.91846,0.92013,0.90302,0.91243,143345.28
2015-02-04,0.91243,0.92983,0.90682,0.92532,135584.91
2015-02-05,0.92527,0.92873,0.91588,0.92073,120666.46
2015-02-06,0.92073,0.92583,0.91305,0.921,101568.94
2015-02-08,0.92237,0.92237,0.91914,0.92003,6824.37
2015-02-09,0.92003,0.92793,0.91873,0.92272,92919.93
2015-02-10,0.92273,0.93453,0.9217,0.93347,109264.71
2015-02-11,0.93347,0.93613,0.92853,0.93042,114456.32
2015-02-12,0.93042,0.93242,0.92162,0.92948,137344.24
2015-02-13,0.92948,0.93148,0.92455,0.92532,96037.4
2015-02-15,0.93043,0.93187,0.92966,0.93109,6569.06
2015-02-16,0.93109,0.93723,0.93067,0.93377,92447.74
2015-02-17,0.93378,0.93663,0.93147,0.9339,100877.53
2015-02-18,0.93393,0.94019,0.93285,0.93987,92316.51
2015-02-19,0.93987,0.94323,0.93729,0.93893,98422.88
2015-02-20,0.93893,0.94623,0.93698,0.94238,103646.56
2015-02-22,0.94283,0.94368,0.94172,0.94329,5583.72
2015-02-23,0.94329,0.94918,0.94097,0.94653,105039.16
2015-02-24,0.94653,0.94697,0.93358,0.93461,120528.66
2015-02-25,0.93468,0.94193,0.93442,0.94093,118705.01
2015-02-26,0.94093,0.94697,0.93858,0.94248,126278.7
2015-02-27,0.94248,0.94728,0.94083,0.94558,100619.8
2015-03-01,0.94427,0.94547,0.94303,0.94425,7047.98
2015-03-02,0.94425,0.94519,0.93958,0.94103,89211.43
2015-03-03,0.94103,0.94497,0.93893,0.94363,98607.55
2015-03-04,0.94362,0.95177,0.9411,0.94272,101625.17
2015-03-05,0.94277,0.94373,0.93107,0.93468,96396.15
2015-03-06,0.93464,0.93657,0.92768,0.92903,98350.45
2015-03-08,0.92878,0.93008,0.92757,0.92793,5754.98
2015-03-09,0.92793,0.93031,0.92393,0.92623,99853.98
2015-03-10,0.92623,0.92663,0.91772,0.92378,155151.3
2015-03-11,0.92382,0.93209,0.91689,0.9303,170193.78
2015-03-12,0.93032,0.94134,0.92943,0.93972,161651.2
2015-03-13,0.93972,0.93983,0.93161,0.93727,131493.31
2015-03-15,0.93613,0.9389,0.93565,0.93767,8617.55
2015-03-16,0.93771,0.94539,0.9376,0.94263,121903.56
2015-03-17,0.94263,0.94478,0.93268,0.93518,117062.82
2015-03-18,0.93513,0.94547,0.93148,0.94177,124607.15
2015-03-19,0.94173,0.94392,0.93558,0.94383,145698.07
2015-03-20,0.94393,0.95313,0.94203,0.94942,126612.43
2015-03-22,0.95038,0.95521,0.9501,0.95228,9825.74
2015-03-23,0.95228,0.96177,0.95042,0.95803,158782.0
2015-03-24,0.95803,0.96012,0.95304,0.95358,151180.56
2015-03-25,0.95358,0.96073,0.94847,0.94996,141123.79
2015-03-26,0.95003,0.95188,0.94338,0.94663,164650.04
2015-03-27,0.94663,0.95628,0.94462,0.95388,128117.78
2015-03-29,0.95183,0.95352,0.95104,0.95141,8022.26
2015-03-30,0.95141,0.95447,0.94925,0.95012,121334.89
2015-03-31,0.95007,0.95573,0.94417,0.94468,134562.57
2015-04-01,0.94468,0.94793,0.93763,0.93803,144445.34
2015-04-02,0.93813,0.94475,0.937,0.94288,128805.72
2015-04-03,0.94288,0.95008,0.94168,0.94647,54655.97
2015-04-05,0.94518,0.95022,0.94343,0.94963,6224.04
2015-04-06,0.94967,0.9506,0.93953,0.93982,69744.12
2015-04-07,0.93983,0.94208,0.9351,0.93837,129645.95
2015-04-08,0.93837,0.94898,0.93824,0.94693,131506.01
2015-04-09,0.94692,0.95302,0.94553,0.95258,115780.32
2015-04-10,0.95257,0.95562,0.94394,0.94637,96137.41
2015-04-12,0.94628,0.94748,0.94387,0.94681,5774.84
2015-04-13,0.94682,0.94863,0.93542,0.93943,112166.24
2015-04-14,0.93942,0.94224,0.93611,0.93742,119198.27
2015-04-15,0.93742,0.94645,0.93148,0.93387,137674.3
2015-04-16,0.93387,0.94028,0.93182,0.93348,151852.58
2015-04-17,0.93347,0.94279,0.92912,0.93988,130532.11
2015-04-19,0.94063,0.94264,0.93787,0.94063,8156.23
2015-04-20,0.94063,0.94195,0.9333,0.93623,117354.41
2015-04-21,0.93618,0.94453,0.93516,0.94082,125843.12
2015-04-22,0.94082,0.94558,0.93527,0.93547,126633.04
2015-04-23,0.93547,0.93558,0.91973,0.92073,131054.95
2015-04-24,0.92073,0.92567,0.91523,0.92513,123464.49
2015-04-26,0.92376,0.92641,0.9232,0.92547,5029.86
2015-04-27,0.92553,0.92837,0.92187,0.92232,117629.82
2015-04-28,0.92229,0.93088,0.92197,0.92942,132601.4
2015-04-29,0.92942,0.92998,0.91213,0.91407,155044.7
2015-04-30,0.91407,0.92395,0.91024,0.91797,156543.4
2015-05-01,0.91797,0.92038,0.91458,0.9158,104216.74
2015-05-03,0.91453,0.91619,0.91442,0.91499,8747.08
2015-05-04,0.91498,0.91717,0.90938,0.91137,94292.81
2015-05-05,0.91137,0.91498,0.90341,0.90508,133022.93
2015-05-06,0.90507,0.90628,0.89842,0.90107,130416.15
2015-05-07,0.90107,0.90619,0.89974,0.90068,137159.52
2015-05-08,0.90072,0.90654,0.89755,0.90363,120952.05
2015-05-10,0.90237,0.90237,0.89592,0.89723,6679.61
2015-05-11,0.89723,0.89763,0.88694,0.88788,108767.54
2015-05-12,0.88788,0.89089,0.87919,0.89033,131474.2
2015-05-13,0.89033,0.90361,0.88447,0.89992,131756.63
2015-05-14,0.89992,0.90263,0.89408,0.89772,132928.8
2015-05-15,0.89772,0.90148,0.89365,0.89768,108313.86
2015-05-17,0.89438,0.89578,0.89389,0.89528,4176.34
2015-05-18,0.89538,0.89962,0.89225,0.89568,104851.11
2015-05-19,0.89568,0.90419,0.89421,0.89978,125940.19
2015-05-20,0.89978,0.90068,0.88952,0.89132,135814.4
2015-05-21,0.89133,0.89728,0.89047,0.89658,114601.7
2015-05-22,0.89658,0.90073,0.89489,0.89653,104722.67
2015-05-24,0.89768,0.89903,0.89718,0.89753,6034.17
2015-05-25,0.89743,0.90108,0.89662,0.90012,60839.61
2015-05-26,0.90012,0.90249,0.89687,0.89977,107810.96
2015-05-27,0.89977,0.90543,0.89767,0.90193,112669.79
2015-05-28,0.90192,0.90478,0.89027,0.89231,136827.77
2015-05-29,0.89232,0.89238,0.88188,0.88437,115168.91
2015-05-31,0.88098,0.885,0.88028,0.88312,4323.09
2015-06-01,0.88312,0.89208,0.88278,0.88953,110952.82
2015-06-02,0.88952,0.89403,0.88772,0.88893,148734.09
2015-06-03,0.88893,0.89292,0.88742,0.89063,132935.05
2015-06-04,0.89063,0.89224,0.88612,0.89043,120992.86
2015-06-05,0.89042,0.89363,0.87498,0.87638,106360.05
2015-06-07,0.87582,0.87823,0.87481,0.87748,4536.57
2015-06-08,0.87757,0.88751,0.87687,0.885,112810.61
2015-06-09,0.88497,0.88617,0.87699,0.88192,128185.49
2015-06-10,0.88193,0.88632,0.85969,0.86467,149340.15
2015-06-11,0.86467,0.86528,0.85858,0.86213,118049.3
2015-06-12,0.86213,0.86268,0.85682,0.85968,105638.15
2015-06-14,0.86022,0.86147,0.85963,0.86033,3694.8
2015-06-15,0.86033,0.86473,0.85837,0.86162,98224.94
2015-06-16,0.86162,0.86338,0.85708,0.85827,87621.35
2015-06-17,0.85827,0.85912,0.84187,0.84217,115804.21
2015-06-18,0.84218,0.84906,0.84142,0.84572,109974.29
2015-06-19,0.84572,0.84856,0.84313,0.84688,83925.68
2015-06-21,0.84532,0.84708,0.84471,0.84653,4676.83
2015-06-22,0.84649,0.84838,0.84057,0.84562,85145.02
2015-06-23,0.84561,0.84678,0.84113,0.84552,95960.71
2015-06-24,0.84553,0.85563,0.84494,0.85308,91117.71
2015-06-25,0.85308,0.85687,0.84612,0.84877,85928.0
2015-06-26,0.84877,0.85098,0.83992,0.84213,68866.14
2015-06-28,0.84302,0.84339,0.83737,0.84231,10122.68
2015-06-29,0.84233,0.85173,0.84077,0.84833,96937.22
2015-06-30,0.84832,0.84973,0.83562,0.84628,114303.41
2015-07-01,0.84627,0.85143,0.84437,0.84493,94338.06
2015-07-02,0.84493,0.8466,0.83956,0.84323,105127.46
2015-07-03,0.84323,0.84478,0.83823,0.84063,77447.84
2015-07-05,0.83992,0.84368,0.83652,0.84287,4959.91
2015-07-06,0.84287,0.84831,0.84062,0.84458,101128.33
2015-07-07,0.84458,0.84985,0.84037,0.84738,125558.37
2015-07-08,0.84738,0.85878,0.84429,0.85448,129747.24
2015-07-09,0.85448,0.86012,0.85292,0.85697,113838.12
2015-07-10,0.85696,0.85947,0.84919,0.84925,94121.09
2015-07-12,0.85063,0.85238,0.85053,0.85183,4598.75
2015-07-13,0.85183,0.85623,0.85016,0.85168,121177.13
2015-07-14,0.85166,0.85808,0.85034,0.85333,109912.08
2015-07-15,0.85328,0.85762,0.84763,0.84928,130737.34
2015-07-16,0.84938,0.84943,0.84053,0.84558,116716.89
2015-07-17,0.84558,0.85088,0.84432,0.8448,82217.72
2015-07-19,0.84492,0.84688,0.84364,0.84592,4851.22
2015-07-20,0.84593,0.85553,0.84518,0.85482,115469.04
2015-07-21,0.85482,0.86153,0.85431,0.85723,139274.03
2015-07-22,0.85723,0.8667,0.8546,0.86298,117435.8
2015-07-23,0.86293,0.86942,0.85999,0.86148,115635.87
2015-07-24,0.86148,0.86162,0.85589,0.85773,92633.14
2015-07-26,0.85643,0.85818,0.85567,0.85783,4841.43
2015-07-27,0.85783,0.86435,0.857,0.86383,111169.25
2015-07-28,0.86378,0.87119,0.8598,0.86777,125008.09
2015-07-29,0.86787,0.86868,0.85947,0.86168,114205.84
2015-07-30,0.86167,0.86182,0.85578,0.85893,111764.62
2015-07-31,0.85893,0.86498,0.85166,0.86193,116441.32
2015-08-02,0.86437,0.86443,0.86082,0.86342,5745.83
2015-08-03,0.86347,0.86863,0.86138,0.86372,101260.68
2015-08-04,0.86374,0.86858,0.85981,0.86217,121893.06
2015-08-05,0.86218,0.86397,0.85587,0.8593,132453.1
2015-08-06,0.85929,0.86226,0.85772,0.85807,109974.03
2015-08-07,0.85808,0.87083,0.85652,0.86878,110995.02
2015-08-09,0.86782,0.86881,0.86661,0.86823,5428.89
2015-08-10,0.86828,0.87057,0.85863,0.86022,99017.71
2015-08-11,0.86028,0.86208,0.85266,0.85803,121020.78
2015-08-12,0.85802,0.86218,0.85062,0.85767,130770.44
2015-08-13,0.85767,0.86083,0.85346,0.85623,124539.36
2015-08-14,0.85623,0.85753,0.85162,0.85552,107603.45
2015-08-16,0.85563,0.85718,0.85516,0.85667,5404.06
2015-08-17,0.85668,0.86263,0.85542,0.86142,96509.86
2015-08-18,0.86137,0.86468,0.85826,0.86042,100228.27
2015-08-19,0.86042,0.86755,0.85763,0.86582,107635.6
2015-08-20,0.86582,0.86909,0.86482,0.86578,111078.7
2015-08-21,0.86577,0.88294,0.86513,0.88077,114132.56
2015-08-23,0.87788,0.88103,0.87404,0.87587,10984.5
2015-08-24,0.87588,0.87731,0.82808,0.85848,163866.14
2015-08-25,0.85843,0.86904,0.85707,0.86308,139756.64
2015-08-26,0.86302,0.86708,0.85262,0.85693,141167.73
2015-08-27,0.85693,0.85918,0.85107,0.85447,133426.73
2015-08-28,0.85443,0.85746,0.85158,0.85254,114986.42
2015-08-30,0.85344,0.85552,0.85088,0.85517,9177.76
2015-08-31,0.85518,0.85578,0.83089,0.83463,116793.1
2015-09-01,0.83463,0.84148,0.83195,0.83733,113337.73
2015-09-02,0.83733,0.84578,0.83717,0.84497,126669.55
2015-09-03,0.84498,0.84571,0.83962,0.84307,114900.44
2015-09-04,0.84307,0.84373,0.83168,0.83326,99637.18
2015-09-06,0.83496,0.83548,0.83207,0.83508,8422.78
2015-09-07,0.83508,0.83583,0.83037,0.83342,115746.52
2015-09-08,0.83337,0.84233,0.83071,0.84132,105261.41
2015-09-09,0.84128,0.84913,0.83063,0.83157,128433.8
2015-09-10,0.83155,0.83573,0.82902,0.83498,140109.4
2015-09-11,0.83497,0.8385,0.83143,0.83693,87791.7
2015-09-13,0.83667,0.83834,0.83584,0.83728,4557.49
2015-09-14,0.83727,0.84083,0.83392,0.84013,89375.06
2015-09-15,0.84012,0.84346,0.83454,0.84043,99166.7
2015-09-16,0.84043,0.84248,0.83312,0.83642,102862.83
2015-09-17,0.83643,0.84346,0.83281,0.83933,125526.86
2015-09-18,0.83932,0.84683,0.83599,0.84548,123842.71
2015-09-20,0.84568,0.84576,0.84253,0.84338,6481.69
2015-09-21,0.8434,0.84452,0.83453,0.83819,109020.62
2015-09-22,0.8382,0.83868,0.83276,0.83437,91857.71
2015-09-23,0.83438,0.83714,0.83067,0.83698,104656.1
2015-09-24,0.83698,0.85021,0.83605,0.84415,113240.73
2015-09-25,0.84415,0.85122,0.84182,0.85102,89347.57
2015-09-27,0.84843,0.8499,0.84803,0.84973,8725.03
2015-09-28,0.84974,0.853,0.84387,0.84442,93787.38
2015-09-29,0.84443,0.85611,0.84297,0.85278,101249.26
2015-09-30,0.85287,0.85823,0.85057,0.85077,107200.49
2015-10-01,0.85073,0.85574,0.84688,0.84742,91952.37
2015-10-02,0.84743,0.85198,0.84517,0.84697,75806.07
2015-10-04,0.84883,0.84953,0.84778,0.84953,5274.22
2015-10-05,0.84953,0.85463,0.84777,0.84967,85710.49
2015-10-06,0.84968,0.85443,0.84792,0.85332,79533.07
2015-10-07,0.85333,0.86459,0.85247,0.86278,97899.68
2015-10-08,0.86277,0.86999,0.86043,0.86673,97645.65
2015-10-09,0.86677,0.87079,0.86427,0.86562,90225.91
2015-10-11,0.86558,0.86568,0.86462,0.86502,7365.01
2015-10-12,0.86498,0.87453,0.86422,0.87212,84189.37
2015-10-13,0.87213,0.87608,0.86177,0.86488,108321.82
2015-10-14,0.86482,0.88079,0.86482,0.87933,108718.81
2015-10-15,0.87932,0.88791,0.87707,0.87882,116473.53
2015-10-16,0.87877,0.88079,0.87518,0.87855,83692.76
2015-10-18,0.87737,0.87956,0.87718,0.87753,4491.54
2015-10-19,0.87752,0.88653,0.87671,0.88633,69554.62
2015-10-20,0.88627,0.89018,0.87303,0.87703,73735.52
2015-10-21,0.87708,0.88434,0.87122,0.88273,95722.47
2015-10-22,0.88273,0.89367,0.88217,0.89018,99129.95
2015-10-23,0.89013,0.89646,0.88673,0.88818,92494.8
2015-10-25,0.88737,0.88988,0.88589,0.88877,5721.55
2015-10-26,0.88883,0.8939,0.88801,0.89233,83351.75
2015-10-27,0.89237,0.90078,0.89108,0.89873,77935.99
2015-10-28,0.89868,0.89888,0.87303,0.88102,94360.24
2015-10-29,0.88108,0.88613,0.87802,0.88163,105606.16
2015-10-30,0.88192,0.89033,0.88192,0.88602,106269.59
2015-11-01,0.88047,0.8851,0.88038,0.88493,10333.02
2015-11-02,0.88487,0.88678,0.88097,0.88428,85774.33
2015-11-03,0.88428,0.88673,0.86807,0.87027,94741.86
2015-11-04,0.87028,0.87038,0.86206,0.86667,98059.96
2015-11-05,0.86662,0.87467,0.86597,0.86958,85246.91
2015-11-06,0.86952,0.87498,0.86408,0.86768,86849.24
2015-11-08,0.86652,0.86913,0.86626,0.86873,4637.16
2015-11-09,0.86872,0.87188,0.8658,0.86712,76866.51
2015-11-10,0.86713,0.86983,0.86303,0.86857,76627.36
2015-11-11,0.86853,0.87238,0.86772,0.86853,75870.29
2015-11-12,0.86853,0.87093,0.86677,0.86968,104936.89
2015-11-13,0.86967,0.871,0.86635,0.87037,83183.82
2015-11-15,0.87067,0.87143,0.86808,0.86997,5716.64
2015-11-16,0.86997,0.87063,0.86227,0.86422,97762.52
2015-11-17,0.86423,0.86448,0.85942,0.86235,109445.12
2015-11-18,0.86234,0.86573,0.85833,0.86328,97970.5
2015-11-19,0.86323,0.87423,0.86238,0.87198,123545.48
2015-11-20,0.87202,0.87758,0.87167,0.87517,105513.64
2015-11-22,0.87456,0.87545,0.87333,0.87347,4071.12
2015-11-23,0.87353,0.87386,0.86822,0.86968,100024.05
2015-11-24,0.86969,0.87322,0.86837,0.87233,101564.01
2015-11-25,0.87228,0.875,0.87143,0.87407,88264.0
2015-11-26,0.87408,0.87738,0.87113,0.87393,91928.25
2015-11-27,0.87387,0.87453,0.87006,0.87327,73734.18
2015-11-29,0.87278,0.87318,0.87068,0.87203,3889.21
2015-11-30,0.87208,0.88128,0.87107,0.88033,82184.48
2015-12-01,0.88038,0.89418,0.87992,0.89102,98337.28
2015-12-02,0.89105,0.89207,0.88487,0.88647,106762.12
2015-12-03,0.88648,0.89478,0.88297,0.89117,117755.36
2015-12-04,0.89113,0.90427,0.88812,0.90103,119665.87
2015-12-06,0.90082,0.90132,0.89873,0.90079,5745.98
2015-12-07,0.90077,0.90083,0.89468,0.89598,84854.96
2015-12-08,0.89593,0.90412,0.89587,0.90127,107666.62
2015-12-09,0.90128,0.91711,0.894,0.91203,111747.04
2015-12-10,0.91207,0.92173,0.91103,0.92167,97805.15
2015-12-11,0.92169,0.92443,0.91713,0.92307,86280.74
2015-12-13,0.92128,0.92283,0.91963,0.92243,4963.12
2015-12-14,0.92242,0.93253,0.91937,0.93057,102489.89
2015-12-15,0.93058,0.93485,0.92383,0.92878,89208.58
2015-12-16,0.92873,0.94,0.92598,0.93278,102146.15
2015-12-17,0.93279,0.93662,0.92739,0.93312,93160.06
2015-12-18,0.93313,0.94018,0.93194,0.93862,92098.43
2015-12-20,0.93733,0.93883,0.93622,0.93847,2466.48
2015-12-21,0.93848,0.94768,0.93813,0.94513,70720.52
2015-12-22,0.94508,0.95255,0.94489,0.94712,86766.25
2015-12-23,0.94714,0.95002,0.93781,0.94037,70190.1
2015-12-24,0.94038,0.94822,0.94038,0.94222,41852.62
2015-12-25,0.94193,0.94453,0.94183,0.94343,840.62
2015-12-27,0.94343,0.94676,0.94338,0.94633,6999.21
2015-12-28,0.94623,0.95248,0.94453,0.95227,48405.46
2015-12-29,0.95228,0.95718,0.94907,0.94942,60930.55
2015-12-30,0.94942,0.95277,0.94643,0.94903,72149.17
2015-12-31,0.94898,0.95293,0.94351,0.94423,70635.05
2016-01-03,0.94323,0.94738,0.94312,0.94713,3866.82
2016-01-04,0.94712,0.94743,0.93622,0.93952,101075.53
2016-01-05,0.93953,0.94023,0.93196,0.93672,101971.77
2016-01-06,0.93673,0.93728,0.92945,0.93413,124265.05
2016-01-07,0.93413,0.94178,0.93138,0.93403,135608.9
2016-01-08,0.93403,0.93973,0.92296,0.92718,110433.35
2016-01-10,0.92732,0.92818,0.92297,0.92397,4943.1
2016-01-11,0.92398,0.93338,0.92292,0.93205,114603.16
2016-01-12,0.932,0.93423,0.92766,0.93213,135002.17
2016-01-13,0.93208,0.93837,0.92897,0.93047,142049.3
2016-01-14,0.93044,0.93348,0.92375,0.93092,158684.69
2016-01-15,0.93093,0.93988,0.92454,0.93857,163081.69
2016-01-17,0.93637,0.93963,0.93467,0.93889,7381.72
2016-01-18,0.9389,0.94067,0.93431,0.93812,137047.9
2016-01-19,0.93812,0.94547,0.93064,0.93153,157285.1
2016-01-20,0.93148,0.93773,0.92608,0.93583,183988.24
2016-01-21,0.93588,0.93632,0.92278,0.93332,185037.16
2016-01-22,0.93332,0.93442,0.91502,0.91546,137480.04
2016-01-24,0.91757,0.91802,0.91443,0.91483,8680.33
2016-01-25,0.91483,0.92343,0.91378,0.92053,135672.03
2016-01-26,0.92053,0.92323,0.91244,0.91913,146043.6
2016-01-27,0.91912,0.92057,0.90433,0.90563,154381.75
2016-01-28,0.90563,0.91219,0.90514,0.90902,159707.14
2016-01-29,0.90903,0.91562,0.90403,0.90497,146538.37
2016-01-31,0.90603,0.90668,0.90333,0.90403,5236.4
2016-02-01,0.90403,0.91423,0.90283,0.91323,141847.72
2016-02-02,0.91322,0.91814,0.90704,0.91634,137004.13
2016-02-03,0.91634,0.92573,0.91512,0.91667,171074.81
2016-02-04,0.91668,0.92553,0.91482,0.92497,154902.36
2016-02-05,0.92497,0.92705,0.91422,0.92126,129378.61
2016-02-07,0.91953,0.92138,0.91827,0.92012,9283.75
2016-02-08,0.92007,0.92474,0.91922,0.92134,146927.62
2016-02-09,0.92133,0.92248,0.91288,0.922,180056.63
2016-02-10,0.922,0.93173,0.91817,0.93033,171988.38
2016-02-11,0.93033,0.9378,0.9199,0.93377,204563.44
2016-02-12,0.93383,0.93398,0.91533,0.91724,151399.64
2016-02-14,0.91612,0.91898,0.91578,0.91837,7314.25
2016-02-15,0.91837,0.92326,0.91608,0.91892,130494.72
2016-02-16,0.91893,0.92008,0.90499,0.91188,173125.83
2016-02-17,0.91187,0.9137,0.90553,0.90662,176139.41
2016-02-18,0.90659,0.91258,0.90412,0.91193,159668.03
2016-02-19,0.91193,0.91438,0.90795,0.91258,124830.92
2016-02-21,0.91548,0.91573,0.91302,0.91333,5608.0
2016-02-22,0.91333,0.92095,0.91257,0.91949,143268.67
2016-02-23,0.91952,0.92253,0.91391,0.91552,140846.28
2016-02-24,0.91553,0.91628,0.91061,0.91308,153309.93
2016-02-25,0.91313,0.91473,0.90716,0.91377,151972.17
2016-02-26,0.91377,0.91687,0.89532,0.89548,133516.99
2016-02-28,0.89023,0.89386,0.88957,0.89278,8191.18
2016-02-29,0.89273,0.89767,0.88856,0.89363,152646.43
2016-03-01,0.89358,0.8951,0.88507,0.89103,160624.27
2016-03-02,0.89102,0.89708,0.88762,0.89443,149882.91
2016-03-03,0.89443,0.90518,0.89366,0.90137,139518.48
2016-03-04,0.90133,0.91154,0.90117,0.90781,133939.07
2016-03-06,0.90428,0.90637,0.90428,0.90478,8481.4
2016-03-07,0.90473,0.90798,0.89902,0.90128,122169.76
2016-03-08,0.90132,0.90793,0.89952,0.90452,133388.62
2016-03-09,0.90447,0.90919,0.87837,0.87923,144626.31
2016-03-10,0.87923,0.8926,0.87768,0.89127,178530.53
2016-03-11,0.89128,0.89392,0.88342,0.89084,127068.45
2016-03-13,0.88873,0.89216,0.88762,0.89193,15897.7
2016-03-14,0.89195,0.89313,0.88328,0.88702,121672.02
2016-03-15,0.88702,0.89168,0.87987,0.88282,124460.3
2016-03-16,0.88283,0.88896,0.87752,0.88364,141961.25
2016-03-17,0.88366,0.89133,0.88135,0.88768,171963.99
2016-03-18,0.8876,0.89154,0.88127,0.88349,126092.94
2016-03-20,0.88252,0.88483,0.88252,0.88328,12311.12
2016-03-21,0.88327,0.88657,0.88182,0.88502,116742.16
2016-03-22,0.88502,0.88567,0.87882,0.88068,103009.07
2016-03-23,0.88067,0.88778,0.87522,0.88737,115236.52
2016-03-24,0.88737,0.89103,0.8842,0.8862,99726.94
2016-03-25,0.88627,0.88938,0.88478,0.88564,24974.7
2016-03-27,0.88502,0.88796,0.88502,0.88603,2570.48
2016-03-28,0.88603,0.88915,0.88256,0.88769,60718.72
2016-03-29,0.88769,0.89815,0.88623,0.89634,109983.36
2016-03-30,0.89633,0.90569,0.89417,0.89547,118346.1
2016-03-31,0.89543,0.89938,0.89257,0.89844,111361.25
2016-04-01,0.89847,0.90191,0.89648,0.89788,104021.07
2016-04-03,0.89748,0.89923,0.89667,0.89893,4087.25
2016-04-04,0.89894,0.89963,0.88778,0.89017,90710.72
2016-04-05,0.89017,0.89691,0.88812,0.89338,125000.37
2016-04-06,0.89337,0.89603,0.8913,0.89323,163392.87
2016-04-07,0.89328,0.89383,0.88957,0.89088,171207.57
2016-04-08,0.89088,0.89158,0.883,0.88301,133616.15
2016-04-10,0.88387,0.88518,0.88302,0.88443,5789.62
2016-04-11,0.88447,0.8883,0.88327,0.88513,138054.8
2016-04-12,0.88507,0.89046,0.88131,0.88375,138055.3
2016-04-13,0.88373,0.88773,0.88142,0.88588,158094.4
2016-04-14,0.88588,0.88588,0.87861,0.88077,128841.57
2016-04-15,0.88077,0.89191,0.87843,0.8864,126858.78
2016-04-17,0.89093,0.89903,0.88531,0.89393,15696.86
2016-04-18,0.89393,0.8971,0.88792,0.89137,161813.72
2016-04-19,0.89137,0.89666,0.88841,0.89258,129284.0
2016-04-20,0.89263,0.8929,0.88044,0.88198,139614.76
2016-04-21,0.88203,0.88261,0.87844,0.87873,141909.97
2016-04-22,0.87868,0.88088,0.86717,0.86778,135543.41
2016-04-24,0.86608,0.86988,0.86587,0.86972,7340.47
2016-04-25,0.86978,0.87278,0.86747,0.87058,123771.25
2016-04-26,0.87058,0.873,0.86803,0.86886,136253.79
2016-04-27,0.86887,0.87368,0.85829,0.87158,165209.2
2016-04-28,0.87159,0.87677,0.86872,0.87363,167029.38
2016-04-29,0.87362,0.87733,0.87108,0.87572,151970.54
2016-05-01,0.87568,0.87809,0.87389,0.87803,7842.35
2016-05-02,0.87802,0.88152,0.87612,0.88113,145312.57
2016-05-03,0.88113,0.88226,0.87332,0.87963,171731.79
2016-05-04,0.87962,0.88724,0.87523,0.88567,173235.63
2016-05-05,0.88568,0.88692,0.88262,0.88513,151671.46
2016-05-06,0.88513,0.88628,0.87802,0.88172,146844.06
2016-05-08,0.88227,0.88466,0.88089,0.88445,5772.12
2016-05-09,0.88443,0.88524,0.87588,0.87717,147907.56
2016-05-10,0.87717,0.88113,0.87132,0.87792,149948.91
2016-05-11,0.87794,0.8807,0.87528,0.87643,140215.98
2016-05-12,0.87642,0.87869,0.87138,0.87545,164087.27
2016-05-13,0.87546,0.87769,0.87285,0.87537,143483.03
2016-05-15,0.87503,0.87693,0.87488,0.87613,5838.66
2016-05-16,0.87614,0.87936,0.87376,0.87495,130129.68
2016-05-17,0.87496,0.88187,0.87453,0.87773,149177.61
2016-05-18,0.87771,0.88062,0.8746,0.87962,172186.95
2016-05-19,0.87962,0.88623,0.87822,0.88458,172481.29
2016-05-20,0.88457,0.889,0.8837,0.88677,114506.92
2016-05-22,0.88693,0.88888,0.88593,0.88783,4530.22
2016-05-23,0.88787,0.89278,0.88718,0.88735,133740.67
2016-05-24,0.88735,0.88782,0.88247,0.88583,144589.63
2016-05-25,0.88583,0.88743,0.87365,0.87436,142835.14
2016-05-26,0.87436,0.87643,0.86932,0.87568,125774.98
2016-05-27,0.87568,0.87948,0.87103,0.87103,113165.96
2016-05-29,0.87137,0.87473,0.87093,0.87332,6399.56
2016-05-30,0.87328,0.87612,0.87243,0.87467,93078.53
2016-05-31,0.87467,0.88928,0.87437,0.88678,144806.97
2016-06-01,0.88673,0.89254,0.88547,0.89147,151946.71
2016-06-02,0.89147,0.8948,0.88776,0.89228,138134.54
2016-06-03,0.89228,0.90056,0.89168,0.89918,134578.6
2016-06-05,0.89852,0.89988,0.89712,0.89838,7443.74
2016-06-06,0.89838,0.89964,0.88445,0.88569,136101.87
2016-06-07,0.88573,0.89313,0.88462,0.88647,128377.2
2016-06-08,0.88648,0.90503,0.88598,0.90348,136454.14
2016-06-09,0.90348,0.90935,0.90147,0.90589,151293.41
2016-06-10,0.90593,0.90634,0.89768,0.90118,122769.15
2016-06-12,0.90188,0.90228,0.89937,0.90056,6112.71
2016-06-13,0.90056,0.90635,0.8997,0.90287,118839.07
2016-06-14,0.90285,0.90413,0.89728,0.89848,153530.61
2016-06-15,0.89848,0.91484,0.89618,0.91347,160628.25
2016-06-16,0.91347,0.91693,0.90936,0.91163,191389.95
2016-06-17,0.91173,0.91298,0.90641,0.9089,155401.81
2016-06-19,0.90842,0.91028,0.90593,0.91003,9670.32
2016-06-20,0.91006,0.91411,0.90883,0.91017,172549.73
2016-06-21,0.91018,0.91576,0.90813,0.91226,139272.97
2016-06-22,0.91226,0.92121,0.91214,0.91763,78429.76
2016-06-23,0.91761,0.92977,0.91743,0.92428,116527.57
2016-06-24,0.92414,0.92867,0.90573,0.92492,203136.04
2016-06-26,0.92207,0.92593,0.92102,0.92308,11441.52
2016-06-27,0.92303,0.92498,0.91352,0.91597,157462.31
2016-06-28,0.91598,0.92344,0.91558,0.92098,103411.26
2016-06-29,0.92093,0.92739,0.91902,0.92113,128487.32
2016-06-30,0.92111,0.92668,0.9168,0.92409,103432.73
2016-07-01,0.92406,0.92884,0.92259,0.92527,72166.68
2016-07-03,0.92483,0.92867,0.92444,0.92573,3923.87
2016-07-04,0.92573,0.93032,0.92448,0.92817,61032.75
2016-07-05,0.92817,0.93068,0.92443,0.92688,92204.08
2016-07-06,0.92691,0.92828,0.92172,0.92417,112827.76
2016-07-07,0.92417,0.94077,0.92373,0.93995,102834.36
2016-07-08,0.93997,0.95482,0.93986,0.95193,90371.6
2016-07-10,0.9513,0.953,0.94996,0.95196,5925.27
2016-07-11,0.95196,0.95239,0.94538,0.94881,99168.0
2016-07-12,0.94883,0.95444,0.94783,0.95203,99249.04
2016-07-13,0.95205,0.9551,0.94187,0.94187,107773.35
2016-07-14,0.94187,0.94388,0.92372,0.92415,107431.19
2016-07-15,0.92415,0.92727,0.91856,0.92258,96366.73
2016-07-17,0.92337,0.92593,0.91543,0.91636,8106.74
2016-07-18,0.91635,0.92421,0.91053,0.91252,82858.61
2016-07-19,0.91252,0.91932,0.91047,0.91744,81949.24
2016-07-20,0.91744,0.92098,0.90857,0.90983,108017.72
2016-07-21,0.90983,0.91729,0.90826,0.91553,143820.26
2016-07-22,0.91555,0.92123,0.91305,0.91832,109444.66
2016-07-24,0.91757,0.92101,0.91732,0.92012,6069.18
2016-07-25,0.92013,0.92608,0.91442,0.92498,98455.71
2016-07-26,0.92497,0.93643,0.92376,0.93077,129152.23
2016-07-27,0.93076,0.93359,0.92403,0.93221,157960.13
2016-07-28,0.93219,0.93463,0.92978,0.93222,124021.38
2016-07-29,0.93218,0.94303,0.93183,0.93968,140938.32
2016-07-31,0.93837,0.94038,0.93732,0.93889,6561.1
2016-08-01,0.9389,0.94266,0.93801,0.94089,157928.78
2016-08-02,0.94088,0.94945,0.93986,0.9445,165938.33
2016-08-03,0.94448,0.94651,0.93407,0.93518,125984.62
2016-08-04,0.93518,0.94082,0.93327,0.93448,128610.58
2016-08-05,0.93449,0.94428,0.93423,0.93987,117375.17
2016-08-07,0.93998,0.94038,0.93754,0.93834,5639.85
2016-08-08,0.93833,0.94158,0.93411,0.94062,82568.25
2016-08-09,0.94062,0.94181,0.93724,0.93959,94362.33
2016-08-10,0.93963,0.95753,0.93782,0.95134,125952.76
2016-08-11,0.95133,0.954,0.93179,0.93632,109130.5
2016-08-12,0.93633,0.93829,0.93133,0.93133,97769.98
2016-08-14,0.93042,0.93286,0.93023,0.93182,3346.62
2016-08-15,0.93183,0.93352,0.9292,0.93267,80454.08
2016-08-16,0.93273,0.9408,0.92982,0.93642,122390.46
2016-08-17,0.93642,0.93816,0.92852,0.93282,119604.88
2016-08-18,0.93281,0.93681,0.92948,0.93018,109511.41
2016-08-19,0.93015,0.93588,0.92762,0.93538,106280.54
2016-08-21,0.93378,0.93582,0.9328,0.93423,6343.98
2016-08-22,0.93423,0.94789,0.93147,0.94303,116862.35
2016-08-23,0.94302,0.94773,0.93928,0.93977,122831.83
2016-08-24,0.93977,0.94775,0.9394,0.94554,124443.64
2016-08-25,0.94554,0.94796,0.94203,0.94268,97206.19
2016-08-26,0.94268,0.94773,0.93896,0.94018,155527.68
2016-08-28,0.93842,0.94127,0.93787,0.94004,5291.38
2016-08-29,0.94004,0.94556,0.93882,0.94418,129197.3
2016-08-30,0.94418,0.9482,0.94229,0.94753,126327.76
2016-08-31,0.94756,0.95328,0.94678,0.94952,138002.74
2016-09-01,0.94953,0.95534,0.94932,0.95452,149192.71
2016-09-02,0.9545,0.95815,0.94604,0.94604,163453.53
2016-09-04,0.94573,0.94792,0.94407,0.94746,5844.4
2016-09-05,0.94747,0.95123,0.9434,0.9447,82115.76
2016-09-06,0.9447,0.9531,0.94398,0.95263,124829.76
2016-09-07,0.95263,0.96481,0.95108,0.95938,127429.35
2016-09-08,0.95936,0.9619,0.9537,0.957,139123.67
2016-09-09,0.957,0.95795,0.95069,0.95457,122429.21
2016-09-11,0.95528,0.95723,0.95299,0.95677,10695.72
2016-09-12,0.95677,0.95993,0.9543,0.95867,178068.31
2016-09-13,0.9587,0.96097,0.95257,0.95332,204951.62
2016-09-14,0.95329,0.96334,0.95313,0.95932,164106.56
2016-09-15,0.95939,0.96394,0.95784,0.9632,199592.94
2016-09-16,0.96321,0.96584,0.95842,0.95952,145110.85
2016-09-18,0.95927,0.9608,0.95846,0.95996,5402.74
2016-09-19,0.95996,0.96523,0.95975,0.96413,112327.76
2016-09-20,0.96413,0.97338,0.96337,0.96442,135131.57
2016-09-21,0.96442,0.96782,0.95828,0.96066,188927.56
2016-09-22,0.96063,0.96305,0.95123,0.95387,158192.57
2016-09-23,0.95388,0.9541,0.94592,0.95338,153563.54
2016-09-25,0.95313,0.95393,0.95041,0.95108,7506.11
2016-09-26,0.95107,0.96287,0.95087,0.96238,127893.55
2016-09-27,0.96243,0.96845,0.95902,0.96318,163850.6
2016-09-28,0.96319,0.9635,0.94994,0.9515,185321.24
2016-09-29,0.95151,0.9564,0.94899,0.95264,201736.5
2016-09-30,0.95264,0.95747,0.95137,0.95602,156517.45
2016-10-02,0.95255,0.95617,0.95255,0.95345,7368.41
2016-10-03,0.95345,0.95718,0.95047,0.95673,119998.93
2016-10-04,0.95672,0.95926,0.94677,0.94829,175353.52
2016-10-05,0.94829,0.95042,0.94355,0.9448,132720.34
2016-10-06,0.94481,0.94843,0.94158,0.94668,136817.26
2016-10-07,0.94673,0.95324,0.94332,0.95173,143575.5
2016-10-09,0.95058,0.95198,0.946,0.9502,5675.43
2016-10-10,0.9502,0.95021,0.93692,0.93856,84747.23
2016-10-11,0.93856,0.93856,0.93105,0.93662,146247.27
2016-10-12,0.93662,0.93803,0.93393,0.93528,168514.16
2016-10-13,0.93528,0.93868,0.93413,0.93521,141634.2
2016-10-14,0.93521,0.94065,0.93027,0.93053,115619.83
2016-10-16,0.93207,0.93207,0.9301,0.93132,6328.86
2016-10-17,0.93132,0.94312,0.93117,0.94049,110489.61
2016-10-18,0.94053,0.9462,0.9394,0.94467,101885.11
2016-10-19,0.94468,0.94986,0.93873,0.94955,108591.56
2016-10-20,0.94953,0.95406,0.94857,0.95068,100618.96
2016-10-21,0.95068,0.95527,0.94763,0.95432,92544.92
2016-10-23,0.95378,0.95558,0.95293,0.95533,3474.62
2016-10-24,0.95528,0.9571,0.94663,0.95191,73299.2
2016-10-25,0.9519,0.95716,0.9509,0.95669,72445.81
2016-10-26,0.95667,0.95888,0.95413,0.95609,76855.08
2016-10-27,0.95612,0.95849,0.95123,0.95374,76706.86
2016-10-28,0.95373,0.96053,0.95342,0.95967,92443.19
2016-10-30,0.95993,0.96038,0.95626,0.95998,6758.94
2016-10-31,0.96002,0.96009,0.95638,0.96001,81748.22
2016-11-01,0.95999,0.96672,0.95739,0.9649,108182.08
2016-11-02,0.96488,0.97898,0.96421,0.97533,112467.38
2016-11-03,0.97532,0.98322,0.97499,0.98138,101660.89
2016-11-04,0.98136,0.98338,0.9784,0.98142,100172.77
2016-11-06,0.97993,0.98038,0.97659,0.9778,6641.71
2016-11-07,0.9778,0.98243,0.97662,0.98104,91638.97
2016-11-08,0.98112,0.98459,0.97807,0.97978,91334.77
2016-11-09,0.97972,0.99248,0.97496,0.97758,206651.58
2016-11-10,0.9776,0.97929,0.96854,0.97125,147196.47
2016-11-11,0.97127,0.97351,0.96091,0.96239,154788.4
2016-11-13,0.96363,0.96528,0.96005,0.96194,7247.59
2016-11-14,0.96193,0.96645,0.95904,0.96478,136300.0
2016-11-15,0.96478,0.96656,0.95329,0.95411,125637.54
2016-11-16,0.95411,0.95562,0.94647,0.95237,124212.96
2016-11-17,0.95237,0.95436,0.94654,0.95036,112917.42
2016-11-18,0.95036,0.95329,0.94582,0.94586,118679.69
2016-11-20,0.94308,0.94617,0.94308,0.94504,4982.96
2016-11-21,0.9451,0.95003,0.94261,0.94898,116297.98
2016-11-22,0.94903,0.95038,0.94405,0.94929,101421.28
2016-11-23,0.94929,0.95061,0.94325,0.9447,101930.57
2016-11-24,0.94471,0.94584,0.94226,0.94548,87297.07
2016-11-25,0.94548,0.95313,0.94349,0.95153,103433.05
2016-11-27,0.94982,0.95308,0.94887,0.95258,3191.86
2016-11-28,0.95262,0.95683,0.94596,0.94942,106292.6
2016-11-29,0.94943,0.95843,0.94776,0.95828,101222.14
2016-11-30,0.95823,0.96322,0.94938,0.95008,114225.29
2016-12-01,0.95002,0.95204,0.93957,0.94429,103734.98
2016-12-02,0.9443,0.94993,0.94197,0.94811,90022.01
2016-12-04,0.94648,0.95017,0.94347,0.94457,13521.84
2016-12-05,0.94453,0.94834,0.94006,0.94779,106737.25
2016-12-06,0.94779,0.95069,0.94222,0.94567,83052.03
2016-12-07,0.94565,0.95032,0.94286,0.94991,79879.33
2016-12-08,0.94991,0.95441,0.94488,0.94758,104182.45
2016-12-09,0.94758,0.94778,0.93852,0.93918,81399.08
2016-12-11,0.93637,0.93817,0.93355,0.93558,6585.37
2016-12-12,0.93558,0.94627,0.93473,0.94484,98153.68
2016-12-13,0.94482,0.94848,0.94264,0.94563,91137.8
2016-12-14,0.94564,0.95028,0.94304,0.94547,121593.63
2016-12-15,0.94542,0.94593,0.93783,0.93978,149636.39
2016-12-16,0.93967,0.93983,0.92704,0.92731,107237.39
2016-12-18,0.92873,0.92942,0.92767,0.9283,7654.74
2016-12-19,0.92833,0.93172,0.92744,0.92864,90147.95
2016-12-20,0.92867,0.92927,0.92257,0.92578,87961.79
2016-12-21,0.92578,0.92839,0.92274,0.92702,80048.86
2016-12-22,0.92703,0.93405,0.92542,0.93082,89191.74
2016-12-23,0.93077,0.93258,0.92853,0.93079,64475.87
2016-12-25,0.92968,0.93065,0.9279,0.92968,3717.5
2016-12-26,0.92968,0.93452,0.92905,0.93071,51603.38
2016-12-27,0.93071,0.93624,0.9305,0.9361,51687.43
2016-12-28,0.9361,0.94073,0.93595,0.93819,75683.76
2016-12-29,0.93824,0.94146,0.93627,0.93892,77825.83
2016-12-30,0.93892,0.93973,0.93053,0.93061,109597.75
2017-01-02,0.92895,0.93329,0.92615,0.93126,85073.38
2017-01-03,0.93125,0.93496,0.92526,0.92863,72111.69
2017-01-04,0.92864,0.93115,0.92308,0.92632,89372.77
2017-01-05,0.92636,0.93141,0.92406,0.92857,119755.34
2017-01-06,0.92855,0.93153,0.92042,0.92078,116355.22
2017-01-08,0.92217,0.92264,0.92114,0.92236,3534.25
2017-01-09,0.92236,0.92947,0.92095,0.92676,94583.54
2017-01-10,0.92675,0.93049,0.92172,0.92476,113772.5
2017-01-11,0.92475,0.93118,0.92313,0.92992,149495.22
2017-01-12,0.92998,0.93883,0.92703,0.93517,133563.18
2017-01-13,0.93521,0.93705,0.93018,0.93458,120962.99
2017-01-15,0.93317,0.93794,0.93288,0.93558,7262.82
2017-01-16,0.93558,0.93652,0.93022,0.93527,86112.97
2017-01-17,0.93533,0.94154,0.93527,0.94067,144769.8
2017-01-18,0.94067,0.94928,0.93916,0.94543,127873.52
2017-01-19,0.94548,0.95857,0.94389,0.95812,139648.9
2017-01-20,0.95808,0.96019,0.95281,0.95411,135252.27
2017-01-22,0.95413,0.95681,0.95378,0.95619,4656.74
2017-01-23,0.95619,0.96122,0.95339,0.95771,123370.72
2017-01-24,0.95769,0.96271,0.95266,0.95398,115648.22
2017-01-25,0.95401,0.95552,0.94689,0.95387,123162.15
2017-01-26,0.95389,0.95438,0.94601,0.94818,110122.98
2017-01-27,0.94813,0.95548,0.94765,0.95435,100155.44
2017-01-29,0.95437,0.95577,0.95303,0.95483,4500.62
2017-01-30,0.95478,0.95573,0.95189,0.9557,107813.81
2017-01-31,0.9557,0.95698,0.94947,0.95072,135669.69
2017-02-01,0.95074,0.9529,0.94477,0.94669,118934.51
2017-02-02,0.9467,0.95358,0.94657,0.94913,118698.1
2017-02-03,0.94912,0.95303,0.94622,0.95201,112498.54
2017-02-05,0.95137,0.95283,0.95048,0.95201,2780.58
2017-02-06,0.952,0.95888,0.95054,0.95733,101183.2
2017-02-07,0.95724,0.96524,0.9563,0.96243,108335.18
2017-02-08,0.96243,0.96403,0.9506,0.95083,109214.64
2017-02-09,0.95083,0.95178,0.94183,0.94442,102416.05
2017-02-10,0.94443,0.94636,0.9386,0.94129,94846.77
2017-02-12,0.94182,0.94375,0.94145,0.94316,5252.66
2017-02-13,0.9432,0.94474,0.93645,0.93837,83850.01
2017-02-14,0.93837,0.93935,0.93462,0.93808,98158.46
2017-02-15,0.93806,0.94506,0.93647,0.94363,99344.59
2017-02-16,0.94373,0.94588,0.93942,0.94324,102191.71
2017-02-17,0.94323,0.94348,0.9394,0.93993,83609.97
2017-02-19,0.94202,0.94237,0.93968,0.93973,3841.63
2017-02-20,0.93974,0.94254,0.9389,0.93999,62030.64
2017-02-21,0.94003,0.94284,0.9372,0.94143,79795.59
2017-02-22,0.94148,0.94682,0.93941,0.94513,84921.77
2017-02-23,0.94513,0.94917,0.9443,0.94716,86114.35
2017-02-24,0.94715,0.94802,0.9415,0.94226,74309.63
2017-02-26,0.94238,0.94351,0.94233,0.9431,3445.24
2017-02-27,0.94307,0.94802,0.94208,0.94692,72202.96
2017-02-28,0.94693,0.96088,0.94632,0.95464,93582.58
2017-03-01,0.95463,0.95646,0.94603,0.95029,108089.4
2017-03-02,0.95027,0.9539,0.94432,0.94513,86076.24
2017-03-03,0.94517,0.94571,0.93947,0.94168,88422.63
2017-03-05,0.93907,0.94171,0.93907,0.94162,2747.86
2017-03-06,0.94163,0.94213,0.93667,0.93726,73649.97
2017-03-07,0.93718,0.93923,0.93228,0.93363,77081.51
2017-03-08,0.93363,0.93543,0.93087,0.93273,82135.99
2017-03-09,0.93273,0.93502,0.92966,0.93126,97882.05
2017-03-10,0.93124,0.93408,0.93027,0.93208,86106.97
2017-03-12,0.93332,0.93397,0.93127,0.93162,3653.62
2017-03-13,0.93163,0.93456,0.92976,0.93062,78603.65
2017-03-14,0.93063,0.93552,0.92868,0.93324,79054.12
2017-03-15,0.93325,0.93798,0.92984,0.934,96332.82
2017-03-16,0.93398,0.93568,0.92715,0.93001,97566.58
2017-03-17,0.93,0.93797,0.92984,0.93663,70365.89
2017-03-19,0.93594,0.93716,0.93521,0.93688,3521.35
2017-03-20,0.93689,0.9421,0.93683,0.94017,68915.86
2017-03-21,0.94014,0.94211,0.93646,0.94042,75641.72
2017-03-22,0.94043,0.94409,0.93764,0.93833,75779.23
2017-03-23,0.93833,0.94067,0.93681,0.9381,67022.55
2017-03-24,0.93808,0.94186,0.93499,0.93963,62290.17
2017-03-26,0.93913,0.94013,0.93761,0.93884,5573.2
2017-03-27,0.93882,0.94473,0.93821,0.94317,62844.13
2017-03-28,0.94316,0.94327,0.93662,0.93733,63136.34
2017-03-29,0.93731,0.94051,0.93624,0.93753,58971.32
2017-03-30,0.93753,0.93797,0.93102,0.9335,59906.1
2017-03-31,0.93353,0.93378,0.92773,0.93222,60416.41
2017-04-02,0.93153,0.93335,0.93084,0.93317,2285.07
2017-04-03,0.9331,0.93959,0.93095,0.93906,47519.98
2017-04-04,0.93905,0.9392,0.93408,0.9347,52684.43
2017-04-05,0.93472,0.93821,0.93135,0.937,56989.37
2017-04-06,0.93699,0.93838,0.93432,0.93545,54413.06
2017-04-07,0.93546,0.93657,0.92812,0.92882,69085.96
2017-04-09,0.92863,0.93099,0.92862,0.93031,3793.26
2017-04-10,0.93038,0.93224,0.92707,0.92747,63349.77
2017-04-11,0.92745,0.92783,0.92437,0.9268,55901.08
2017-04-12,0.9268,0.92743,0.91706,0.92575,72707.93
2017-04-13,0.92576,0.93351,0.92434,0.93228,68046.61
2017-04-14,0.93223,0.93412,0.92902,0.93204,49651.87
2017-04-16,0.93047,0.93393,0.93038,0.93356,4372.01
2017-04-17,0.93358,0.93538,0.9314,0.93423,47111.12
2017-04-18,0.93422,0.94313,0.93319,0.94265,71739.92
2017-04-19,0.94263,0.94956,0.94089,0.94878,68862.04
2017-04-20,0.94877,0.94976,0.94078,0.94165,64468.48
2017-04-21,0.94164,0.94959,0.94157,0.94781,48986.06
2017-04-23,0.94788,0.94952,0.94647,0.9493,6036.03
2017-04-24,0.94933,0.95058,0.94283,0.95,56266.4
2017-04-25,0.95002,0.95059,0.94169,0.94321,64687.05
2017-04-26,0.9432,0.94343,0.93202,0.93995,73084.39
2017-04-27,0.93992,0.94203,0.93168,0.93763,69139.85
2017-04-28,0.93761,0.93976,0.93528,0.93669,58749.94
2017-04-30,0.93692,0.93808,0.93615,0.93755,3844.86
2017-05-01,0.9375,0.94653,0.9362,0.94638,41965.33
2017-05-02,0.9464,0.95515,0.94404,0.95419,57966.92
2017-05-03,0.95421,0.95455,0.94204,0.94499,64899.4
2017-05-04,0.94498,0.94586,0.93847,0.94507,69033.48
2017-05-05,0.94509,0.952,0.94349,0.94349,70693.15
2017-05-07,0.94227,0.94383,0.94208,0.94311,3814.49
2017-05-08,0.94311,0.94936,0.94141,0.94773,65658.95
2017-05-09,0.94774,0.94824,0.9418,0.94504,67396.04
2017-05-10,0.94508,0.95247,0.93274,0.93643,73351.83
2017-05-11,0.93645,0.94106,0.93588,0.93743,63247.49
2017-05-12,0.93743,0.94116,0.93519,0.94053,53257.54
2017-05-14,0.93893,0.94193,0.93873,0.94168,4633.74
2017-05-15,0.94168,0.94257,0.93718,0.93895,59277.78
2017-05-16,0.93892,0.94067,0.93442,0.93773,64316.35
2017-05-17,0.93775,0.94572,0.93688,0.94356,77704.0
2017-05-18,0.9436,0.94672,0.93731,0.93766,84001.99
2017-05-19,0.93767,0.93885,0.93359,0.93568,59984.29
2017-05-21,0.93578,0.9371,0.93375,0.93697,2305.25
2017-05-22,0.93699,0.94521,0.93612,0.94501,49843.46
2017-05-23,0.94504,0.94913,0.94317,0.9474,59046.17
2017-05-24,0.94739,0.95101,0.94212,0.94467,68737.41
2017-05-25,0.94468,0.9495,0.94158,0.94607,69501.87
2017-05-26,0.9461,0.95254,0.94511,0.9491,63408.01
2017-05-28,0.94695,0.94923,0.94678,0.94838,2935.32
2017-05-29,0.94843,0.9535,0.94697,0.94983,43357.85
2017-05-30,0.94984,0.95605,0.94787,0.95424,50670.4
2017-05-31,0.95428,0.96003,0.95263,0.95528,63686.25
2017-06-01,0.95528,0.95583,0.95174,0.95425,61720.73
2017-06-02,0.95429,0.9661,0.95424,0.96278,55069.45
2017-06-04,0.96198,0.96383,0.96084,0.9631,4200.47
2017-06-05,0.96313,0.96424,0.95879,0.96072,49430.49
2017-06-06,0.96075,0.97026,0.96033,0.96532,59691.16
2017-06-07,0.96536,0.97348,0.96437,0.97096,59281.53
2017-06-08,0.97098,0.97511,0.97096,0.97311,65001.12
2017-06-09,0.97309,0.97568,0.96609,0.97073,55914.03
2017-06-11,0.9689,0.97087,0.9685,0.96963,1804.5
2017-06-12,0.96966,0.97001,0.95774,0.95895,58926.26
2017-06-13,0.95895,0.96049,0.95287,0.95399,53871.98
2017-06-14,0.95399,0.96776,0.95387,0.95929,80345.49
2017-06-15,0.95933,0.96054,0.95315,0.95472,69580.5
2017-06-16,0.95475,0.96208,0.95462,0.95757,46678.07
2017-06-18,0.95783,0.95991,0.95763,0.9596,2476.05
2017-06-19,0.95959,0.96478,0.95445,0.9555,52704.57
2017-06-20,0.95551,0.96231,0.95482,0.96026,51283.02
2017-06-21,0.96026,0.96964,0.95782,0.96562,61471.34
2017-06-22,0.96564,0.96767,0.95973,0.96079,53604.0
2017-06-23,0.96079,0.96897,0.95893,0.96588,53537.31
2017-06-25,0.96547,0.96611,0.96408,0.9657,2480.89
2017-06-26,0.96568,0.96764,0.96185,0.96539,57874.07
2017-06-27,0.96539,0.97157,0.95705,0.9577,75766.0
2017-06-28,0.95771,0.9587,0.9502,0.95189,89375.36
2017-06-29,0.95189,0.95473,0.94668,0.94959,89613.47
2017-06-30,0.9496,0.95249,0.9489,0.94947,76439.49
2017-07-02,0.95038,0.95278,0.94919,0.95141,2823.26
2017-07-03,0.95142,0.9521,0.94434,0.94672,59592.02
2017-07-04,0.94673,0.94681,0.94151,0.9427,72442.79
2017-07-05,0.9427,0.94564,0.94001,0.9436,67271.77
2017-07-06,0.9436,0.9454,0.93678,0.94526,58933.8
2017-07-07,0.94526,0.94687,0.93491,0.93691,60552.63
2017-07-09,0.93633,0.93767,0.93591,0.93742,3723.69
2017-07-10,0.93742,0.94058,0.93429,0.93511,50101.56
2017-07-11,0.93516,0.93572,0.93041,0.93214,54754.29
2017-07-12,0.93214,0.94,0.92087,0.92487,79054.86
2017-07-13,0.92482,0.93958,0.9244,0.93179,83002.07
2017-07-14,0.93181,0.93681,0.92616,0.92863,67363.33
2017-07-16,0.92837,0.93058,0.92837,0.92991,4615.15
2017-07-17,0.92993,0.9304,0.92233,0.92389,66974.62
2017-07-18,0.92392,0.9333,0.92178,0.92883,82678.17
2017-07-19,0.92883,0.93293,0.92518,0.92772,62497.18
2017-07-20,0.92771,0.93329,0.92499,0.93212,76254.41
2017-07-21,0.93213,0.93753,0.93085,0.93407,69959.09
2017-07-23,0.93171,0.93487,0.93171,0.93397,3314.83
2017-07-24,0.93398,0.93434,0.92872,0.93012,70711.01
2017-07-25,0.93015,0.93094,0.92606,0.9279,76158.72
2017-07-26,0.92788,0.93711,0.92712,0.93696,93435.0
2017-07-27,0.93697,0.9416,0.93554,0.94063,88069.49
2017-07-28,0.94066,0.9411,0.93072,0.93369,76670.13
2017-07-30,0.93166,0.93701,0.93147,0.93665,4857.23
2017-07-31,0.93667,0.93911,0.9322,0.93888,74114.97
2017-08-01,0.93887,0.94019,0.9311,0.93165,78419.7
2017-08-02,0.93167,0.93605,0.93043,0.93141,74558.84
2017-08-03,0.93143,0.93696,0.93023,0.93561,70223.27
2017-08-04,0.93563,0.9387,0.93345,0.9371,67215.93
2017-08-06,0.93573,0.93718,0.93555,0.93612,7255.6
2017-08-07,0.93613,0.93682,0.9319,0.93254,55171.82
2017-08-08,0.93256,0.93471,0.92722,0.92807,63231.49
2017-08-09,0.92809,0.93567,0.92748,0.93346,76348.39
2017-08-10,0.93347,0.93358,0.92228,0.92633,84529.59
2017-08-11,0.92634,0.92883,0.9243,0.92739,74320.46
2017-08-13,0.92522,0.92934,0.92521,0.9269,4373.58
2017-08-14,0.92691,0.92873,0.92489,0.92867,60926.61
2017-08-15,0.92872,0.93036,0.92212,0.92242,65338.75
2017-08-16,0.92244,0.92588,0.92117,0.92335,76093.44
2017-08-17,0.92336,0.92538,0.92048,0.92353,74330.14
2017-08-18,0.92352,0.9274,0.91901,0.91967,73766.81
2017-08-20,0.91907,0.92029,0.91825,0.91984,2681.68
2017-08-21,0.91986,0.92341,0.91944,0.92012,56100.96
2017-08-22,0.92013,0.92076,0.91199,0.9147,57214.96
2017-08-23,0.91474,0.91494,0.90443,0.90729,75411.82
2017-08-24,0.90728,0.90741,0.90071,0.90146,64235.43
2017-08-25,0.90148,0.90689,0.90054,0.90333,64076.19
2017-08-27,0.90292,0.90462,0.90228,0.90453,4138.25
2017-08-28,0.90454,0.90774,0.90099,0.90637,57161.22
2017-08-29,0.90637,0.91124,0.90212,0.90831,80714.99
2017-08-30,0.90831,0.90991,0.90549,0.90969,71887.22
2017-08-31,0.90972,0.90972,0.89491,0.89532,88537.34
2017-09-01,0.89531,0.89543,0.88586,0.88631,76249.39
2017-09-03,0.88698,0.88825,0.8859,0.88684,4849.17
2017-09-04,0.88686,0.89142,0.88633,0.8888,58160.0
2017-09-05,0.88881,0.8978,0.88819,0.89767,83095.31
2017-09-06,0.89767,0.89799,0.87557,0.88113,87143.22
2017-09-07,0.88115,0.88277,0.87544,0.87764,85565.7
2017-09-08,0.87765,0.88528,0.87738,0.88233,89666.03
2017-09-10,0.88268,0.88268,0.87921,0.87922,5035.62
2017-09-11,0.87923,0.88404,0.87714,0.87813,76221.38
2017-09-12,0.87813,0.8883,0.874,0.88592,84581.94
2017-09-13,0.88594,0.88801,0.88067,0.88208,78208.43
2017-09-14,0.88209,0.88359,0.87638,0.87923,92815.25
2017-09-15,0.87925,0.89203,0.87815,0.8886,71490.52
2017-09-17,0.88673,0.8896,0.88643,0.88898,3332.71
2017-09-18,0.88897,0.89421,0.88689,0.89188,73292.07
2017-09-19,0.89189,0.90006,0.89175,0.89886,74273.09
2017-09-20,0.89887,0.90832,0.89686,0.90511,105589.29
2017-09-21,0.90514,0.90593,0.89928,0.89928,99236.96
2017-09-22,0.89928,0.90611,0.89625,0.9049,69989.88
2017-09-24,0.89968,0.90406,0.89968,0.89987,4490.6
2017-09-25,0.89986,0.9002,0.89432,0.89951,76217.78
2017-09-26,0.8995,0.89958,0.88833,0.89036,81444.37
2017-09-27,0.89037,0.90105,0.88789,0.90099,103460.46
2017-09-28,0.90098,0.90223,0.89608,0.89794,90780.53
2017-09-29,0.89796,0.90499,0.89599,0.89837,69577.02
2017-10-01,0.90018,0.90099,0.89612,0.90015,4192.1
2017-10-02,0.90014,0.90179,0.89718,0.9,70705.28
2017-10-03,0.89998,0.90031,0.89256,0.89437,73957.1
2017-10-04,0.89433,0.89764,0.89237,0.89311,65841.17
2017-10-05,0.8931,0.89602,0.89148,0.89395,66416.89
2017-10-06,0.89398,0.89504,0.88701,0.88781,71521.67
2017-10-08,0.88492,0.88652,0.88398,0.8862,4041.86
2017-10-09,0.88621,0.88853,0.88557,0.88678,43913.52
2017-10-10,0.88679,0.88751,0.8816,0.88483,72846.59
2017-10-11,0.88485,0.88707,0.88106,0.88351,72455.7
2017-10-12,0.88355,0.89095,0.88264,0.8894,68219.83
2017-10-13,0.88941,0.90069,0.88786,0.89322,67737.53
2017-10-15,0.89458,0.89585,0.89367,0.89537,2993.43
2017-10-16,0.89539,0.90231,0.89499,0.89965,64268.43
2017-10-17,0.89966,0.90112,0.89644,0.89671,67679.32
2017-10-18,0.8967,0.89671,0.88998,0.89183,70253.41
2017-10-19,0.89184,0.89294,0.87394,0.8773,87611.64
2017-10-20,0.87735,0.87958,0.87116,0.87762,72116.27
2017-10-22,0.87692,0.8775,0.87642,0.87685,5243.62
2017-10-23,0.87694,0.88311,0.87593,0.88253,57426.23
2017-10-24,0.88253,0.88415,0.87259,0.87475,70812.28
2017-10-25,0.87475,0.88181,0.86883,0.88132,83139.91
2017-10-26,0.88136,0.8824,0.87694,0.87881,74210.56
2017-10-27,0.8788,0.88568,0.87749,0.88033,75857.63
2017-10-29,0.88157,0.88272,0.87968,0.8802,3261.08
2017-10-30,0.88022,0.88285,0.87662,0.88228,56089.97
2017-10-31,0.88228,0.8911,0.87792,0.88993,65518.49
2017-11-01,0.88993,0.89284,0.88493,0.88689,71216.57
2017-11-02,0.88691,0.89082,0.88487,0.8852,55466.97
2017-11-03,0.88522,0.88991,0.88078,0.88112,54509.72
2017-11-05,0.88162,0.88245,0.88088,0.88145,2697.31
2017-11-06,0.88144,0.88414,0.87776,0.88229,52433.36
2017-11-07,0.88228,0.884,0.88038,0.88187,57206.3
2017-11-08,0.88189,0.88719,0.87964,0.88522,60976.55
2017-11-09,0.88522,0.8869,0.87865,0.88024,63831.84
2017-11-10,0.88027,0.88194,0.87748,0.87883,51532.82
2017-11-12,0.87798,0.87894,0.87773,0.87879,4629.79
2017-11-13,0.8788,0.87956,0.87678,0.87839,45973.34
2017-11-14,0.8784,0.87868,0.87249,0.876,58752.84
2017-11-15,0.87598,0.882,0.87406,0.87751,69742.88
2017-11-16,0.87752,0.87776,0.87226,0.87448,54204.49
2017-11-17,0.87452,0.87568,0.8641,0.86953,61507.22
2017-11-19,0.86831,0.87049,0.86817,0.86985,6432.6
2017-11-20,0.86987,0.87409,0.86904,0.87256,56105.04
2017-11-21,0.87257,0.87449,0.87012,0.87433,61493.86
2017-11-22,0.87434,0.87506,0.87012,0.87314,61600.47
2017-11-23,0.87314,0.87716,0.87239,0.87566,48122.31
2017-11-24,0.87565,0.87667,0.87252,0.87407,47207.83
2017-11-26,0.87393,0.87405,0.87277,0.87368,2696.95
2017-11-27,0.87365,0.8836,0.87169,0.8828,56483.81
2017-11-28,0.88282,0.88847,0.88228,0.88408,67723.37
2017-11-29,0.8841,0.88875,0.8825,0.88525,71176.68
2017-11-30,0.88526,0.88526,0.87916,0.88056,73397.55
2017-12-01,0.88055,0.88297,0.87265,0.87317,84955.92
2017-12-03,0.87141,0.87279,0.87071,0.87153,4607.29
2017-12-04,0.87151,0.8734,0.86812,0.87027,59265.55
2017-12-05,0.87028,0.87477,0.86841,0.87251,62972.76
2017-12-06,0.87252,0.88048,0.87108,0.88045,63401.65
2017-12-07,0.88049,0.88115,0.87564,0.87757,52975.98
2017-12-08,0.8776,0.88221,0.87713,0.87794,50074.63
2017-12-10,0.87858,0.88025,0.87827,0.87975,2369.48
2017-12-11,0.87978,0.89006,0.87963,0.88777,52782.97
2017-12-12,0.88778,0.8937,0.88732,0.89269,57639.87
2017-12-13,0.89267,0.90112,0.89233,0.89942,61712.91
2017-12-14,0.89943,0.90013,0.89027,0.89405,76488.01
2017-12-15,0.89407,0.90148,0.89261,0.89854,64227.9
2017-12-17,0.90028,0.9013,0.89996,0.90078,4181.37
2017-12-18,0.90077,0.9035,0.89911,0.89972,50577.79
2017-12-19,0.89968,0.90241,0.8969,0.89752,54865.06
2017-12-20,0.89756,0.90004,0.89428,0.8996,55585.58
2017-12-21,0.8996,0.90002,0.89073,0.89318,57618.89
2017-12-22,0.89321,0.8964,0.89004,0.89298,46044.93
2017-12-25,0.89153,0.89485,0.89072,0.8933,3947.19
2017-12-26,0.89328,0.89504,0.89091,0.89199,33604.44
2017-12-27,0.892,0.89497,0.89162,0.89378,61917.38
2017-12-28,0.89378,0.89457,0.88958,0.89116,55147.63
2017-12-29,0.89107,0.89408,0.88821,0.89146,57648.58
2018-01-01,0.89058,0.89138,0.88796,0.88973,4536.7
2018-01-02,0.88975,0.89303,0.88753,0.88762,54205.35
2018-01-03,0.88759,0.89097,0.88602,0.88901,53978.18
2018-01-04,0.88902,0.89585,0.88785,0.89364,56990.37
2018-01-05,0.89365,0.89575,0.88581,0.88929,60239.4
2018-01-07,0.88778,0.88952,0.88778,0.88867,2872.47
2018-01-08,0.88869,0.89282,0.88774,0.89055,51361.82
2018-01-09,0.89057,0.89493,0.88953,0.89103,63520.04
2018-01-10,0.89105,0.9048,0.89049,0.9029,83621.57
2018-01-11,0.90289,0.9113,0.90148,0.90919,79899.52
2018-01-12,0.90918,0.91045,0.90306,0.90315,76681.97
2018-01-14,0.90142,0.90365,0.90083,0.90302,3925.04
2018-01-15,0.90299,0.90809,0.90297,0.90652,85785.54
2018-01-16,0.90652,0.90801,0.90112,0.90268,69558.33
2018-01-17,0.90271,0.91135,0.89997,0.90471,92848.89
2018-01-18,0.90472,0.91218,0.9024,0.90514,82261.27
2018-01-19,0.90516,0.91071,0.9049,0.90838,72885.74
2018-01-21,0.90857,0.90997,0.90784,0.90974,3107.74
2018-01-22,0.90975,0.91223,0.90762,0.91129,59130.69
2018-01-23,0.91127,0.9173,0.91095,0.91377,72155.7
2018-01-24,0.91379,0.91707,0.90437,0.90612,88579.07
2018-01-25,0.90607,0.90965,0.90271,0.90474,119239.0
2018-01-26,0.90474,0.90811,0.90232,0.90542,97884.02
2018-01-28,0.90402,0.90679,0.90382,0.90649,3605.74
2018-01-29,0.90646,0.90661,0.90063,0.90332,85718.56
2018-01-30,0.90335,0.90583,0.90087,0.90516,83363.19
2018-01-31,0.90516,0.91085,0.90444,0.90714,107121.5
2018-02-01,0.90712,0.90911,0.90376,0.90687,97375.82
2018-02-02,0.90686,0.90778,0.9033,0.90678,98126.45
2018-02-04,0.90613,0.90714,0.90467,0.90518,4644.28
2018-02-05,0.90517,0.91255,0.90436,0.91062,110488.2
2018-02-06,0.91067,0.91887,0.91023,0.91652,143183.46
2018-02-07,0.91648,0.91737,0.90608,0.90832,108601.59
2018-02-08,0.90832,0.91218,0.90181,0.90958,116713.32
2018-02-09,0.9096,0.9174,0.90749,0.91189,120898.43
2018-02-11,0.91136,0.91303,0.91109,0.91211,2745.21
2018-02-12,0.91209,0.91424,0.90966,0.91348,71149.15
2018-02-13,0.9135,0.91961,0.91238,0.91658,77220.11
2018-02-14,0.91659,0.92329,0.91491,0.92038,104955.49
2018-02-15,0.92034,0.92523,0.92011,0.92319,89514.71
2018-02-16,0.92321,0.9286,0.92254,0.92719,77898.78
2018-02-18,0.92628,0.92797,0.9259,0.92773,2830.88
2018-02-19,0.92771,0.92829,0.92504,0.92525,61455.87
2018-02-20,0.92526,0.92922,0.92444,0.9283,71843.23
2018-02-21,0.9283,0.93237,0.92766,0.92877,86184.75
2018-02-22,0.9288,0.93476,0.92759,0.93069,78687.88
2018-02-23,0.93069,0.93125,0.91949,0.9208,69208.03
2018-02-25,0.92106,0.92225,0.92041,0.92079,3567.09
2018-02-26,0.92082,0.9289,0.9208,0.92467,60596.68
2018-02-27,0.92467,0.92595,0.92233,0.92393,78590.01
2018-02-28,0.92398,0.92593,0.92036,0.92481,77346.36
2018-03-01,0.92482,0.93228,0.92305,0.9316,96881.52
2018-03-02,0.93157,0.93446,0.9296,0.93243,92158.55
2018-03-04,0.93038,0.93327,0.92907,0.93176,5355.96
2018-03-05,0.93175,0.93949,0.92938,0.93761,84521.04
2018-03-06,0.93761,0.9437,0.93749,0.94271,99889.68
2018-03-07,0.94272,0.94451,0.93856,0.94027,108500.13
2018-03-08,0.94028,0.94092,0.93519,0.9361,104249.08
2018-03-09,0.9361,0.93863,0.93246,0.9333,94845.95
2018-03-11,0.93406,0.93654,0.93296,0.93614,3342.64
2018-03-12,0.93616,0.93795,0.93458,0.93732,68515.81
2018-03-13,0.93738,0.95033,0.93721,0.9497,90756.02
2018-03-14,0.94971,0.95148,0.94604,0.94715,98205.69
2018-03-15,0.94711,0.95169,0.94524,0.94879,95511.94
2018-03-16,0.94878,0.94913,0.9435,0.94517,76221.45
2018-03-18,0.94451,0.94627,0.94371,0.94626,3517.35
2018-03-19,0.94629,0.94788,0.94202,0.94731,94093.47
2018-03-20,0.94733,0.94758,0.93682,0.93847,78035.7
2018-03-21,0.93842,0.93879,0.92875,0.93214,104950.88
2018-03-22,0.93214,0.93518,0.93064,0.9328,108420.06
2018-03-23,0.93279,0.93747,0.92985,0.93274,97622.0
2018-03-25,0.93148,0.93341,0.93141,0.93256,3397.63
2018-03-26,0.93257,0.94159,0.93249,0.93714,75896.54
2018-03-27,0.93717,0.93725,0.93378,0.93592,95132.66
2018-03-28,0.93593,0.93638,0.92983,0.93139,91893.44
2018-03-29,0.93139,0.9325,0.92693,0.93127,86379.47
2018-03-30,0.93126,0.93376,0.93042,0.93249,82282.07
2018-04-01,0.93186,0.93319,0.93186,0.9326,1959.22
2018-04-02,0.93262,0.93368,0.93025,0.93056,88653.86
2018-04-03,0.93056,0.93501,0.92781,0.92996,75205.8
2018-04-04,0.92996,0.93711,0.92868,0.93322,91478.17
2018-04-05,0.93323,0.93389,0.92633,0.92721,74310.69
2018-04-06,0.92722,0.92986,0.92377,0.9283,92870.11
2018-04-08,0.9275,0.92983,0.9275,0.92958,2762.72
2018-04-09,0.92958,0.93363,0.92721,0.92795,74828.64
2018-04-10,0.92797,0.93207,0.92688,0.92799,75920.22
2018-04-11,0.928,0.92965,0.92409,0.92592,74786.07
2018-04-12,0.92595,0.93106,0.92569,0.92873,75889.13
2018-04-13,0.92875,0.93023,0.92515,0.92702,57323.38
2018-04-15,0.92618,0.92678,0.92506,0.9259,3397.05
2018-04-16,0.92591,0.92823,0.9236,0.9255,60006.37
2018-04-17,0.92551,0.92594,0.91958,0.92158,59385.41
2018-04-18,0.9216,0.92738,0.91945,0.9246,75008.19
2018-04-19,0.92459,0.92519,0.91885,0.91885,81603.71
2018-04-20,0.91887,0.92022,0.91228,0.92022,78356.04
2018-04-22,0.91967,0.92088,0.91935,0.91948,3128.79
2018-04-23,0.91948,0.91961,0.9169,0.91815,69155.61
2018-04-24,0.91818,0.91836,0.9116,0.9123,73325.32
2018-04-25,0.91229,0.91246,0.90683,0.90796,70685.02
2018-04-26,0.90796,0.91064,0.90597,0.90899,77644.89
2018-04-27,0.90901,0.91029,0.90694,0.90842,64104.87
2018-04-29,0.90862,0.90956,0.90859,0.90928,3672.02
2018-04-30,0.9093,0.90972,0.90218,0.90298,69287.92
2018-05-01,0.90296,0.90351,0.89814,0.89909,76549.92
2018-05-02,0.89909,0.90243,0.89869,0.90093,90603.01
2018-05-03,0.90094,0.90613,0.90033,0.90449,87343.62
2018-05-04,0.90451,0.90527,0.90071,0.90119,65067.05
2018-05-06,0.90163,0.90238,0.90122,0.90224,2650.06
2018-05-07,0.90224,0.90478,0.90111,0.90449,59057.88
2018-05-08,0.90449,0.90822,0.90122,0.902,82874.71
2018-05-09,0.90201,0.90267,0.89016,0.89043,86778.66
2018-05-10,0.89042,0.89098,0.8849,0.88911,103294.69
2018-05-11,0.88913,0.89165,0.88768,0.89046,72880.74
2018-05-13,0.88828,0.89081,0.88787,0.89046,2420.52
2018-05-14,0.89048,0.89099,0.88444,0.88528,74718.07
2018-05-15,0.8853,0.88726,0.88189,0.88333,94455.1
2018-05-16,0.88336,0.88687,0.88137,0.88228,95627.96
2018-05-17,0.88228,0.88496,0.87858,0.88334,94040.55
2018-05-18,0.88333,0.89181,0.88252,0.8907,80219.5
2018-05-20,0.89008,0.89244,0.88931,0.8901,4320.4
2018-05-21,0.89013,0.89059,0.88611,0.8881,75090.68
2018-05-22,0.88812,0.89009,0.88514,0.88947,82000.7
2018-05-23,0.88948,0.89113,0.88574,0.88886,103245.28
2018-05-24,0.88887,0.89421,0.88779,0.89292,89009.13
2018-05-25,0.89293,0.89881,0.89268,0.89719,78360.14
2018-05-27,0.89718,0.89857,0.89607,0.89784,4259.12
2018-05-28,0.89786,0.90364,0.8977,0.90128,69639.22
2018-05-29,0.90131,0.90265,0.89663,0.89736,101139.14
2018-05-30,0.89734,0.90661,0.89695,0.90007,106120.94
2018-05-31,0.90012,0.91071,0.8975,0.90673,115898.87
2018-06-01,0.90677,0.90845,0.90283,0.90478,90836.93
2018-06-03,0.90378,0.90484,0.90343,0.90404,3097.12
2018-06-04,0.90404,0.91048,0.90401,0.90843,84702.85
2018-06-05,0.90846,0.91479,0.9077,0.90942,82668.15
2018-06-06,0.90943,0.91259,0.906,0.91104,79931.55
2018-06-07,0.91106,0.91442,0.91008,0.91104,80788.4
2018-06-08,0.91105,0.91591,0.90806,0.90823,72516.4
2018-06-10,0.91242,0.91278,0.91069,0.91186,2514.62
2018-06-11,0.91186,0.91729,0.91082,0.91098,63490.91
2018-06-12,0.91104,0.9151,0.91032,0.9115,80026.81
2018-06-13,0.91152,0.91667,0.90976,0.91125,78813.02
2018-06-14,0.91125,0.91556,0.9107,0.9129,90341.96
2018-06-15,0.91291,0.91752,0.91081,0.91486,75478.77
2018-06-17,0.91322,0.91588,0.91313,0.91548,3412.76
2018-06-18,0.91546,0.91793,0.91274,0.9155,65536.14
2018-06-19,0.91552,0.91734,0.91139,0.91666,86082.34
2018-06-20,0.91667,0.91803,0.91223,0.91364,88065.05
2018-06-21,0.91365,0.91605,0.90917,0.91462,92195.67
2018-06-22,0.91464,0.92267,0.91451,0.91576,78312.99
2018-06-24,0.91702,0.91857,0.91682,0.91806,4076.59
2018-06-25,0.91808,0.91892,0.9149,0.91601,98958.64
2018-06-26,0.91602,0.91675,0.90916,0.91098,81794.12
2018-06-27,0.91101,0.91107,0.90291,0.90464,92691.03
2018-06-28,0.90465,0.90492,0.89452,0.89494,88172.53
2018-06-29,0.89496,0.89677,0.88893,0.88893,78898.19
2018-07-01,0.89253,0.89257,0.89049,0.89121,5504.38
2018-07-02,0.89117,0.89264,0.88416,0.88475,71841.6
2018-07-03,0.88479,0.88954,0.88307,0.88733,77058.34
2018-07-04,0.88732,0.89059,0.88694,0.88806,84846.59
2018-07-05,0.88805,0.89302,0.88739,0.89253,89229.31
2018-07-06,0.89254,0.89775,0.89158,0.89403,77575.9
2018-07-08,0.89452,0.89581,0.89447,0.89496,3967.42
2018-07-09,0.89499,0.89787,0.89391,0.89763,70704.21
2018-07-10,0.89764,0.89916,0.89374,0.89587,78454.14
2018-07-11,0.8959,0.89638,0.88805,0.89171,105225.05
2018-07-12,0.89173,0.89354,0.88952,0.89127,85951.35
2018-07-13,0.89131,0.89252,0.88748,0.88966,70744.28
2018-07-15,0.88933,0.89044,0.88893,0.88968,3569.33
2018-07-16,0.88973,0.8928,0.88742,0.89115,81498.7
2018-07-17,0.89119,0.8972,0.88937,0.89392,94135.69
2018-07-18,0.89395,0.8976,0.89306,0.89426,90538.99
2018-07-19,0.89428,0.89567,0.88973,0.89457,100324.09
2018-07-20,0.8946,0.89652,0.8907,0.89426,98511.8
2018-07-22,0.89217,0.89472,0.89152,0.89456,7234.16
2018-07-23,0.89457,0.89642,0.89165,0.89304,82677.57
2018-07-24,0.89306,0.8961,0.89237,0.89422,86374.44
2018-07-25,0.89424,0.89516,0.89023,0.89218,90486.41
2018-07-26,0.89216,0.89264,0.88588,0.88676,83543.28
2018-07-27,0.88677,0.88835,0.88258,0.8869,73221.38
2018-07-29,0.88648,0.888,0.88628,0.88746,2920.21
2018-07-30,0.88744,0.88991,0.88532,0.88887,64848.72
2018-07-31,0.88889,0.89231,0.88531,0.88539,87784.18
2018-08-01,0.88543,0.88663,0.881,0.8829,74162.91
2018-08-02,0.88292,0.88313,0.87678,0.87725,59856.36
2018-08-03,0.87729,0.87932,0.87406,0.87589,63454.06
2018-08-05,0.87522,0.87788,0.87522,0.87742,3717.6
2018-08-06,0.87744,0.87768,0.87463,0.87481,52281.55
2018-08-07,0.8748,0.88018,0.87376,0.88003,58685.98
2018-08-08,0.88005,0.88256,0.87111,0.87134,73634.54
2018-08-09,0.87138,0.87141,0.86104,0.86179,79408.96
2018-08-10,0.86182,0.86657,0.85963,0.86359,92196.34
2018-08-12,0.86497,0.86646,0.86347,0.86564,6624.89
2018-08-13,0.86569,0.8669,0.8629,0.86312,80474.2
2018-08-14,0.86313,0.86625,0.85768,0.85781,80812.67
2018-08-15,0.85782,0.86366,0.85607,0.86193,89174.51
2018-08-16,0.86193,0.86798,0.86186,0.86638,85908.34
2018-08-17,0.86638,0.86897,0.86285,0.86633,71419.85
2018-08-19,0.86673,0.86728,0.86491,0.86492,5389.56
2018-08-20,0.86495,0.86705,0.86402,0.86579,68485.77
2018-08-21,0.86583,0.87607,0.86563,0.87353,77644.07
2018-08-22,0.87353,0.87507,0.86923,0.87114,77254.02
2018-08-23,0.87117,0.8718,0.86633,0.86776,82124.55
2018-08-24,0.86777,0.87239,0.86748,0.87078,72222.84
2018-08-26,0.86918,0.87184,0.86917,0.87154,6498.0
2018-08-27,0.87158,0.87187,0.86694,0.86877,69552.87
2018-08-28,0.86877,0.86936,0.8658,0.86787,77727.7
2018-08-29,0.86788,0.86836,0.86461,0.86587,89487.66
2018-08-30,0.86589,0.8663,0.85876,0.86324,88324.44
2018-08-31,0.86327,0.86653,0.86152,0.86262,88103.23
2018-09-02,0.86428,0.86485,0.86218,0.86286,5034.61
2018-09-03,0.86287,0.86537,0.86144,0.86491,59435.02
2018-09-04,0.86487,0.8653,0.8598,0.86284,86949.19
2018-09-05,0.86286,0.86976,0.86064,0.8692,92573.34
2018-09-06,0.86921,0.87194,0.86472,0.86566,91451.77
2018-09-07,0.86566,0.86641,0.85962,0.85962,93905.53
2018-09-09,0.85953,0.86086,0.85932,0.8608,4219.17
2018-09-10,0.86081,0.86253,0.85779,0.85816,71797.06
2018-09-11,0.85818,0.85931,0.85065,0.85082,80020.58
2018-09-12,0.85079,0.85379,0.84939,0.85278,89855.23
2018-09-13,0.8528,0.85576,0.85078,0.85461,89175.75
2018-09-14,0.85457,0.85701,0.85247,0.85247,74771.0
2018-09-16,0.85338,0.85473,0.85297,0.85308,5042.45
2018-09-17,0.85305,0.85966,0.8528,0.85707,79964.41
2018-09-18,0.85705,0.86077,0.85319,0.85434,105572.17
2018-09-19,0.85439,0.85916,0.85286,0.85789,112134.63
2018-09-20,0.85787,0.86396,0.85767,0.86238,103727.26
2018-09-21,0.86238,0.86447,0.86073,0.8621,88593.21
2018-09-23,0.86182,0.86309,0.86103,0.8628,5125.81
2018-09-24,0.86279,0.86385,0.85892,0.85986,88229.29
2018-09-25,0.85989,0.86258,0.85921,0.8607,86529.02
2018-09-26,0.8607,0.86927,0.86033,0.86836,102532.66
2018-09-27,0.86831,0.86856,0.86079,0.86245,99834.27
2018-09-28,0.86246,0.86259,0.85365,0.85388,76652.81
2018-09-30,0.85012,0.8529,0.84973,0.84995,6536.38
2018-10-01,0.85,0.85147,0.8446,0.84594,79552.35
2018-10-02,0.84594,0.84727,0.84356,0.8445,70916.45
2018-10-03,0.84449,0.84475,0.83654,0.83691,80055.88
2018-10-04,0.83691,0.83774,0.83476,0.83718,73963.52
2018-10-05,0.83719,0.83766,0.83199,0.83199,61669.33
2018-10-07,0.83352,0.83416,0.83275,0.83345,6489.48
2018-10-08,0.83347,0.83905,0.83207,0.83547,75160.7
2018-10-09,0.83547,0.83956,0.83398,0.83898,71051.36
2018-10-10,0.83896,0.84324,0.83638,0.8429,85766.07
2018-10-11,0.8429,0.8512,0.84284,0.85029,97985.91
2018-10-12,0.85035,0.85133,0.84626,0.84626,72923.13
2018-10-14,0.84577,0.84677,0.84552,0.84642,7282.24
2018-10-15,0.84643,0.85626,0.84602,0.85385,99843.49
2018-10-16,0.85385,0.85466,0.85043,0.85141,93346.37
2018-10-17,0.85143,0.85458,0.8506,0.85225,112399.54
2018-10-18,0.85228,0.85753,0.85135,0.85486,111073.69
2018-10-19,0.85488,0.86577,0.85433,0.8633,96077.25
2018-10-21,0.86517,0.86571,0.86382,0.86402,7617.03
2018-10-22,0.86402,0.86416,0.8577,0.85836,110492.8
2018-10-23,0.85836,0.86003,0.85592,0.85715,115382.58
2018-10-24,0.85719,0.85871,0.84673,0.84924,118093.1
2018-10-25,0.84923,0.85597,0.84813,0.85306,104218.47
2018-10-26,0.8531,0.85523,0.84773,0.85446,111279.42
2018-10-28,0.85418,0.85471,0.85272,0.85442,3571.88
2018-10-29,0.85441,0.85799,0.85375,0.85683,79605.73
2018-10-30,0.85685,0.86302,0.8559,0.8599,78413.69
2018-10-31,0.85994,0.8618,0.85655,0.85836,73015.82
2018-11-01,0.85836,0.87182,0.85833,0.87025,83551.55
2018-11-02,0.87023,0.8747,0.86983,0.87074,80163.31
2018-11-04,0.86851,0.87187,0.86837,0.87092,6244.85
2018-11-05,0.87092,0.87467,0.8692,0.87273,63661.78
2018-11-06,0.87273,0.88448,0.87147,0.88382,74794.98
2018-11-07,0.88383,0.89296,0.88192,0.88909,109681.73
2018-11-08,0.88907,0.89132,0.8862,0.88714,94773.69
2018-11-09,0.88716,0.89151,0.88701,0.88934,78458.19
2018-11-11,0.88797,0.88894,0.88756,0.88766,6055.55
2018-11-12,0.88768,0.89166,0.88568,0.88947,87016.85
2018-11-13,0.88944,0.8961,0.88839,0.89507,91534.45
2018-11-14,0.89506,0.90055,0.89471,0.89928,97550.39
2018-11-15,0.89927,0.90282,0.89849,0.89887,96509.04
2018-11-16,0.89889,0.90601,0.89483,0.9036,97597.08
2018-11-18,0.90296,0.90392,0.9018,0.90193,7227.11
2018-11-19,0.90192,0.90409,0.89831,0.90088,148020.64
2018-11-20,0.90087,0.9048,0.90055,0.90333,173673.06
2018-11-21,0.90333,0.90999,0.90266,0.90298,91022.52
2018-11-22,0.90296,0.90399,0.89675,0.8981,60087.34
2018-11-23,0.89812,0.90027,0.89273,0.89638,69259.67
2018-11-25,0.89372,0.89585,0.89318,0.89555,4915.5
2018-11-26,0.89552,0.89934,0.89474,0.89785,56710.0
2018-11-27,0.89787,0.90374,0.89557,0.90371,65954.23
2018-11-28,0.90369,0.91337,0.90244,0.91162,76939.75
2018-11-29,0.91162,0.9129,0.90796,0.91116,77770.47
2018-11-30,0.91119,0.91483,0.91074,0.91383,88477.89
2018-12-02,0.91548,0.91617,0.91432,0.91601,7360.27
2018-12-03,0.91604,0.91604,0.91083,0.91424,128460.11
2018-12-04,0.91425,0.91995,0.91382,0.91977,94190.13
2018-12-05,0.91976,0.92508,0.91722,0.92072,68165.59
2018-12-06,0.92072,0.92557,0.91858,0.92142,96488.35
2018-12-07,0.92142,0.92258,0.91078,0.91358,74311.0
2018-12-09,0.91608,0.91623,0.91159,0.91199,5564.13
2018-12-10,0.91198,0.92222,0.91156,0.92083,77445.68
2018-12-11,0.92084,0.92503,0.91969,0.92112,78248.3
2018-12-12,0.92113,0.92252,0.91281,0.91534,80127.55
2018-12-13,0.91536,0.91882,0.9121,0.91519,67183.45
2018-12-14,0.91519,0.91582,0.90757,0.90883,64226.26
2018-12-16,0.90944,0.91019,0.9083,0.90901,9689.35
2018-12-17,0.90901,0.91339,0.90761,0.91282,62914.2
2018-12-18,0.91351,0.92392,0.91351,0.92181,82714.7
2018-12-19,0.92184,0.92501,0.91138,0.91262,107654.0
2018-12-20,0.91263,0.91737,0.90755,0.91475,134837.07
2018-12-21,0.91472,0.91646,0.90954,0.91206,135051.73
2018-12-23,0.91432,0.91432,0.91183,0.91311,4738.3
2018-12-24,0.91315,0.91604,0.9116,0.91466,105131.63
2018-12-25,0.91467,0.91676,0.91274,0.91412,9798.96
2018-12-26,0.91408,0.91668,0.91211,0.91452,79880.9
2018-12-27,0.91451,0.91653,0.91042,0.91243,127347.94
2018-12-28,0.91243,0.91585,0.91097,0.91411,109866.03
2018-12-30,0.91498,0.91553,0.91352,0.91353,2848.49
2018-12-31,0.91358,0.91638,0.91303,0.91542,83416.8
2019-01-01,0.91523,0.91615,0.91401,0.91453,2601.67
2019-01-02,0.91453,0.91528,0.89747,0.90362,126125.61
2019-01-03,0.90362,0.90597,0.8989,0.90137,132501.94
2019-01-04,0.90137,0.90464,0.89644,0.90015,101568.14
2019-01-06,0.9017,0.90178,0.89958,0.90129,3835.42
2019-01-07,0.90128,0.90365,0.89714,0.89785,90498.22
2019-01-08,0.89787,0.89801,0.8915,0.89295,98123.06
2019-01-09,0.89294,0.8999,0.89249,0.89696,105008.67
2019-01-10,0.89701,0.89961,0.89608,0.89817,84072.84
2019-01-11,0.89815,0.90679,0.8973,0.90606,76575.26
2019-01-13,0.90487,0.90543,0.90447,0.90465,2145.69
2019-01-14,0.90467,0.90695,0.90275,0.90621,71399.0
2019-01-15,0.9062,0.90831,0.9029,0.90439,84226.91
2019-01-16,0.90441,0.90527,0.89677,0.89778,80098.56
2019-01-17,0.89782,0.8993,0.89348,0.89811,85808.2
2019-01-18,0.89809,0.89897,0.8936,0.8936,78229.2
2019-01-20,0.89467,0.89485,0.89337,0.89463,3432.57
2019-01-21,0.89466,0.89519,0.89074,0.89456,74020.64
2019-01-22,0.89456,0.90217,0.89351,0.9015,86899.01
2019-01-23,0.90151,0.90745,0.90126,0.90608,90310.08
2019-01-24,0.9061,0.90765,0.90182,0.90266,100234.0
2019-01-25,0.90268,0.90704,0.90069,0.90347,84246.57
2019-01-27,0.90263,0.90448,0.90257,0.90408,4351.81
2019-01-28,0.90408,0.90912,0.90382,0.90601,68090.1
2019-01-29,0.90602,0.90993,0.90488,0.90543,85751.34
2019-01-30,0.90543,0.9083,0.90094,0.9062,109457.08
2019-01-31,0.90619,0.9119,0.90594,0.90744,98075.46
2019-02-01,0.90746,0.91038,0.90222,0.90242,85465.81
2019-02-03,0.90258,0.90353,0.90207,0.90341,2824.91
2019-02-04,0.90342,0.90403,0.90137,0.90182,73053.52
2019-02-05,0.90184,0.90621,0.90086,0.90574,72548.04
2019-02-06,0.90574,0.9066,0.89314,0.89478,82300.26
2019-02-07,0.89477,0.89936,0.89294,0.89771,75625.07
2019-02-08,0.89771,0.9006,0.89342,0.89466,73752.21
2019-02-10,0.89413,0.89797,0.89393,0.89736,2446.52
2019-02-11,0.8974,0.89979,0.8942,0.89606,68484.2
2019-02-12,0.89606,0.89611,0.8909,0.89154,63919.89
2019-02-13,0.89153,0.90485,0.88997,0.90243,74481.19
2019-02-14,0.90236,0.91184,0.90207,0.9084,76550.19
2019-02-15,0.9084,0.91121,0.90622,0.90851,69039.41
2019-02-17,0.90814,0.90918,0.90808,0.90883,2222.49
2019-02-18,0.90886,0.91176,0.90488,0.90724,62695.84
2019-02-19,0.90724,0.90986,0.90316,0.90839,68519.65
2019-02-20,0.90839,0.90874,0.90217,0.90309,75381.13
2019-02-21,0.90308,0.9053,0.8955,0.90095,96784.73
2019-02-22,0.90094,0.90319,0.89467,0.89845,88917.65
2019-02-24,0.90115,0.90213,0.89988,0.90142,5429.44
2019-02-25,0.90143,0.90877,0.90078,0.90767,76426.7
2019-02-26,0.90766,0.91091,0.90601,0.90777,79002.53
2019-02-27,0.90777,0.90854,0.89847,0.90045,167863.82
2019-02-28,0.90038,0.90232,0.89424,0.89769,94159.25
2019-03-01,0.89773,0.90434,0.89475,0.90302,87433.89
2019-03-03,0.90596,0.90652,0.90397,0.90609,4867.74
2019-03-04,0.9061,0.90859,0.90382,0.90802,83247.35
2019-03-05,0.90803,0.90855,0.90393,0.9081,75509.56
2019-03-06,0.9081,0.91096,0.90297,0.90991,86617.77
2019-03-07,0.90992,0.91262,0.90718,0.90936,94466.99
2019-03-08,0.90937,0.91414,0.90829,0.91233,88811.27
2019-03-10,0.91058,0.91336,0.91047,0.91296,3503.01
2019-03-11,0.91297,0.91633,0.9117,0.91532,70525.62
2019-03-12,0.91534,0.91968,0.9148,0.91532,76594.58
2019-03-13,0.91533,0.91579,0.91052,0.9118,79497.32
2019-03-14,0.9118,0.91232,0.90732,0.91075,82051.48
2019-03-15,0.91075,0.91529,0.91018,0.91219,66863.78
2019-03-17,0.91238,0.91343,0.9116,0.91292,3778.91
2019-03-18,0.91292,0.91574,0.91203,0.91286,58626.43
2019-03-19,0.91289,0.91476,0.90987,0.91297,72857.34
2019-03-20,0.91297,0.92022,0.91032,0.91916,92061.7
2019-03-21,0.91918,0.92188,0.91784,0.91996,111490.47
2019-03-22,0.91999,0.92414,0.91816,0.92293,109842.77
2019-03-24,0.92212,0.92431,0.92151,0.9231,3461.95
2019-03-25,0.92312,0.92807,0.92178,0.92568,98758.71
2019-03-26,0.9257,0.92696,0.92329,0.92419,97593.26
2019-03-27,0.92421,0.92522,0.9097,0.91155,102729.69
2019-03-28,0.91154,0.91526,0.90931,0.91069,123290.36
2019-03-29,0.91069,0.91352,0.90802,0.90825,72300.68
2019-03-31,0.91028,0.9112,0.90905,0.91073,4259.66
2019-04-01,0.91074,0.91312,0.90149,0.90385,73244.21
2019-04-02,0.90386,0.90477,0.89879,0.90058,68842.09
2019-04-03,0.90058,0.90578,0.89992,0.90578,69545.5
2019-04-04,0.90578,0.90719,0.90131,0.90286,62765.36
2019-04-05,0.90288,0.90384,0.89916,0.9005,59725.68
2019-04-07,0.90028,0.90129,0.89978,0.89996,2871.54
2019-04-08,0.89997,0.90122,0.89672,0.89704,51127.82
2019-04-09,0.89705,0.90017,0.89593,0.89979,57768.33
2019-04-10,0.89978,0.90143,0.89853,0.9012,63605.17
2019-04-11,0.9012,0.90303,0.89863,0.89948,63686.68
2019-04-12,0.8995,0.90342,0.89851,0.90073,59298.15
2019-04-14,0.90103,0.90245,0.90043,0.90218,2713.05
2019-04-15,0.90214,0.90493,0.89866,0.90452,55021.65
2019-04-16,0.90452,0.90549,0.89086,0.89599,66614.06
2019-04-17,0.89601,0.89947,0.89401,0.89763,67459.64
2019-04-18,0.89763,0.8981,0.89233,0.89405,71840.92
2019-04-19,0.89404,0.89556,0.89282,0.89482,81285.79
2019-04-21,0.89352,0.89493,0.89287,0.89446,4950.41
2019-04-22,0.89449,0.89456,0.89028,0.89154,37212.12
2019-04-23,0.89158,0.89423,0.88932,0.89332,54155.92
2019-04-24,0.89335,0.89399,0.88756,0.88967,76053.39
2019-04-25,0.88969,0.89514,0.88875,0.89384,57224.05
2019-04-26,0.89386,0.89898,0.89325,0.89521,62473.51
2019-04-28,0.89463,0.89725,0.89463,0.89724,2847.77
2019-04-29,0.89725,0.89887,0.89516,0.89729,42169.8
2019-04-30,0.89728,0.89882,0.88797,0.89051,66492.62
2019-05-01,0.8905,0.89388,0.88867,0.89046,57125.64
2019-05-02,0.89047,0.89215,0.88893,0.89088,76319.92
2019-05-03,0.89088,0.89223,0.8902,0.89142,55544.54
2019-05-05,0.88853,0.89186,0.88842,0.88991,8299.86
2019-05-06,0.88995,0.89386,0.88728,0.88858,58912.58
2019-05-07,0.88858,0.89009,0.88517,0.88842,75086.22
2019-05-08,0.88845,0.8893,0.87913,0.88691,75666.74
2019-05-09,0.88693,0.88926,0.88543,0.88673,80370.37
2019-05-10,0.88675,0.8893,0.88425,0.88509,93912.01
2019-05-12,0.88453,0.88601,0.88407,0.88563,5946.06
2019-05-13,0.88564,0.88604,0.88307,0.88582,72743.58
2019-05-14,0.88582,0.88771,0.88425,0.88428,60796.01
2019-05-15,0.88431,0.88492,0.881,0.88192,67211.7
2019-05-16,0.88193,0.88284,0.87882,0.87963,62049.72
2019-05-17,0.87964,0.88227,0.87582,0.87685,77822.05
2019-05-19,0.87682,0.87857,0.87657,0.87757,4082.24
2019-05-20,0.87759,0.87922,0.87669,0.87784,53463.87
2019-05-21,0.87787,0.87827,0.87112,0.87191,62366.43
2019-05-22,0.87191,0.87291,0.86905,0.8726,58257.53
2019-05-23,0.87261,0.87948,0.87169,0.8786,77128.8
2019-05-24,0.87861,0.88239,0.87771,0.88018,71124.4
2019-05-26,0.88002,0.88121,0.88002,0.8807,2149.12
2019-05-27,0.88068,0.8813,0.87895,0.87953,38254.86
2019-05-28,0.87954,0.88328,0.87952,0.88274,69110.17
2019-05-29,0.88275,0.88376,0.87884,0.8802,80774.33
2019-05-30,0.88022,0.88148,0.87674,0.87998,68150.06
2019-05-31,0.87998,0.88536,0.87985,0.88286,91522.5
2019-06-02,0.88242,0.88399,0.88212,0.88323,7143.24
2019-06-03,0.88324,0.88779,0.88323,0.88577,95566.32
2019-06-04,0.88578,0.88733,0.88417,0.88495,97600.71
2019-06-05,0.88495,0.89198,0.88487,0.88928,100722.99
2019-06-06,0.88929,0.88978,0.8838,0.88388,105079.02
2019-06-07,0.8839,0.88712,0.88292,0.88343,85886.86
2019-06-09,0.88183,0.8832,0.8805,0.88302,4080.12
2019-06-10,0.88303,0.88367,0.87599,0.87681,63481.66
2019-06-11,0.87682,0.87695,0.87088,0.87426,67638.21
2019-06-12,0.87426,0.87724,0.87263,0.87677,71815.11
2019-06-13,0.87677,0.87791,0.87245,0.87393,69892.05
2019-06-14,0.87391,0.87459,0.86888,0.86989,67753.03
2019-06-16,0.87087,0.87155,0.87035,0.87119,2659.23
2019-06-17,0.87121,0.8736,0.87059,0.87114,43473.03
2019-06-18,0.87114,0.87508,0.86997,0.87398,69547.0
2019-06-19,0.87396,0.87404,0.86687,0.86957,80429.67
2019-06-20,0.86954,0.87175,0.86678,0.86765,89145.33
2019-06-21,0.86766,0.87098,0.86455,0.87034,76169.8
2019-06-23,0.87052,0.87114,0.87017,0.87084,3041.78
2019-06-24,0.87084,0.87441,0.86944,0.8731,55310.53
2019-06-25,0.87309,0.8771,0.87309,0.87395,83406.79
2019-06-26,0.87404,0.87951,0.86977,0.87632,80551.76
2019-06-27,0.87634,0.87877,0.87538,0.87745,66105.08
2019-06-28,0.87745,0.87992,0.87622,0.87922,70298.74
2019-06-30,0.87883,0.88014,0.87838,0.87988,5315.47
2019-07-01,0.87988,0.87994,0.87473,0.87617,66926.48
2019-07-02,0.87617,0.8771,0.87327,0.8747,68458.9
2019-07-03,0.87472,0.87849,0.87408,0.87568,68856.98
2019-07-04,0.87568,0.87725,0.87193,0.873,44061.11
2019-07-05,0.87303,0.87375,0.86541,0.86601,65280.62
2019-07-07,0.86603,0.86701,0.86552,0.86698,1901.48
2019-07-08,0.86697,0.86918,0.86612,0.86818,49314.34
2019-07-09,0.86819,0.86889,0.86634,0.86636,56000.16
2019-07-10,0.86638,0.87244,0.86225,0.86844,78339.71
2019-07-11,0.86848,0.87326,0.86828,0.87049,75129.72
2019-07-12,0.87049,0.87284,0.86848,0.87198,65862.3
2019-07-14,0.87093,0.8725,0.87073,0.87227,6714.26
2019-07-15,0.8723,0.87747,0.8723,0.87693,57111.55
2019-07-16,0.87695,0.87921,0.87334,0.87689,66925.62
2019-07-17,0.87688,0.87963,0.87598,0.87864,61018.69
2019-07-18,0.87864,0.88476,0.87819,0.88327,73160.86
2019-07-19,0.88327,0.88683,0.88207,0.88218,97541.77
2019-07-21,0.88318,0.88348,0.88201,0.88233,4514.42
2019-07-22,0.88233,0.88888,0.88232,0.88468,93907.28
2019-07-23,0.88468,0.88555,0.87941,0.87993,102652.29
2019-07-24,0.87993,0.88198,0.87891,0.88042,97029.54
2019-07-25,0.88043,0.88093,0.87544,0.87627,114077.66
2019-07-26,0.87627,0.87664,0.87302,0.87322,86461.32
2019-07-28,0.87248,0.87419,0.87248,0.87382,3181.64
2019-07-29,0.87387,0.87398,0.87059,0.87262,63663.49
2019-07-30,0.87262,0.87368,0.86903,0.86985,78709.82
2019-07-31,0.86985,0.86993,0.86388,0.86428,132969.44
2019-08-01,0.86428,0.86798,0.86352,0.8657,155431.28
2019-08-02,0.86569,0.86702,0.86227,0.86253,180527.44
2019-08-04,0.86242,0.86298,0.86072,0.86088,5348.45
2019-08-05,0.86086,0.86997,0.85748,0.86643,138561.25
2019-08-06,0.86644,0.86748,0.85991,0.86725,108751.23
2019-08-07,0.86728,0.87037,0.84902,0.85848,142348.86
2019-08-08,0.85848,0.86128,0.85575,0.85784,100984.63
2019-08-09,0.85783,0.8611,0.8528,0.85411,70734.09
2019-08-11,0.85357,0.85453,0.85293,0.85395,7916.87
2019-08-12,0.85394,0.85585,0.85143,0.85337,90787.86
2019-08-13,0.85338,0.85598,0.85148,0.85372,107163.06
2019-08-14,0.85374,0.85788,0.85158,0.85699,109441.5
2019-08-15,0.85697,0.85998,0.85566,0.85678,117567.35
2019-08-16,0.85678,0.85825,0.85189,0.85209,68733.61
2019-08-18,0.85248,0.85333,0.85127,0.85252,5576.25
2019-08-19,0.85253,0.85455,0.84991,0.85362,53067.25
2019-08-20,0.85363,0.85663,0.85314,0.85341,58443.07
2019-08-21,0.85344,0.85415,0.8497,0.85092,56965.57
2019-08-22,0.85089,0.85169,0.84578,0.84943,71069.8
2019-08-23,0.84944,0.85362,0.84792,0.84937,95556.19
2019-08-25,0.84857,0.84923,0.84377,0.84686,13580.0
2019-08-26,0.84685,0.85033,0.84574,0.84613,113653.93
2019-08-27,0.84613,0.84621,0.84168,0.84534,78583.56
2019-08-28,0.84533,0.84604,0.8416,0.84307,72945.51
2019-08-29,0.84306,0.84373,0.83782,0.83898,80412.43
2019-08-30,0.83898,0.83998,0.83466,0.8391,76539.34
2019-09-01,0.83908,0.84012,0.83872,0.83888,6206.24
2019-09-02,0.83889,0.84201,0.83761,0.84051,53729.36
2019-09-03,0.84051,0.84547,0.83653,0.84532,79801.8
2019-09-04,0.84532,0.84718,0.84021,0.84043,62493.31
2019-09-05,0.84045,0.84447,0.84029,0.84284,66903.59
2019-09-06,0.84283,0.84911,0.84242,0.8459,63821.52
2019-09-08,0.84533,0.84658,0.84453,0.84611,5184.74
2019-09-09,0.84612,0.84768,0.84429,0.84639,50011.09
2019-09-10,0.84637,0.8485,0.84307,0.84316,57838.42
2019-09-11,0.84316,0.84721,0.84236,0.84648,55348.51
2019-09-12,0.84646,0.85015,0.84508,0.84559,69153.06
2019-09-13,0.84562,0.84749,0.84374,0.84678,47933.06
2019-09-15,0.84248,0.84453,0.84208,0.84361,7862.62
2019-09-16,0.84363,0.84703,0.83902,0.83963,63458.66
2019-09-17,0.83962,0.84256,0.83753,0.84216,65249.06
2019-09-18,0.84216,0.84231,0.83797,0.84006,65693.83
2019-09-19,0.84005,0.84032,0.83428,0.83436,63638.19
2019-09-20,0.83437,0.83599,0.8297,0.82974,59892.3
2019-09-22,0.83063,0.83163,0.83052,0.83128,2271.38
2019-09-23,0.83129,0.83513,0.83099,0.83487,52830.09
2019-09-24,0.83486,0.83913,0.83347,0.83614,58669.17
2019-09-25,0.83615,0.84138,0.83082,0.83162,67860.16
2019-09-26,0.83163,0.83809,0.83134,0.83548,62417.53
2019-09-27,0.83549,0.8362,0.83217,0.83342,73670.7
2019-09-29,0.83213,0.83307,0.83168,0.83177,2553.37
2019-09-30,0.83188,0.83198,0.82692,0.8291,64577.18
2019-10-01,0.8291,0.82992,0.82369,0.82513,82345.41
2019-10-02,0.82512,0.83584,0.82365,0.83504,71685.23
2019-10-03,0.83504,0.84161,0.83317,0.84058,79861.85
2019-10-04,0.84058,0.84374,0.83962,0.84017,73976.02
2019-10-06,0.84003,0.84153,0.83958,0.84034,6360.74
2019-10-07,0.84034,0.84213,0.83602,0.83689,69527.8
2019-10-08,0.8369,0.84211,0.8366,0.83873,72077.85
2019-10-09,0.83878,0.84191,0.83732,0.83829,65681.41
2019-10-10,0.83828,0.84281,0.83789,0.84037,68742.97
2019-10-11,0.84033,0.84279,0.83509,0.83588,84876.93
2019-10-13,0.83583,0.83613,0.83483,0.83544,2884.96
2019-10-14,0.83543,0.83601,0.83023,0.83371,50839.19
2019-10-15,0.8337,0.83489,0.82769,0.83118,64148.58
2019-10-16,0.83117,0.83117,0.82458,0.83,67695.75
2019-10-17,0.82996,0.83472,0.82966,0.83453,67609.39
2019-10-18,0.83453,0.83863,0.83444,0.83805,46562.56
2019-10-20,0.83797,0.83863,0.83683,0.83819,4729.07
2019-10-21,0.83819,0.84113,0.83639,0.83903,50252.39
2019-10-22,0.83903,0.84185,0.83743,0.83945,63643.06
2019-10-23,0.83945,0.84061,0.83701,0.83943,55271.95
2019-10-24,0.83943,0.83977,0.83323,0.83356,71434.08
2019-10-25,0.83354,0.83412,0.82857,0.82873,49770.87
2019-10-27,0.82952,0.83049,0.82891,0.83046,2151.09
2019-10-28,0.83046,0.83063,0.82722,0.82939,47351.29
2019-10-29,0.82941,0.8325,0.82734,0.83131,59976.84
2019-10-30,0.83134,0.84417,0.83003,0.84348,91276.01
2019-10-31,0.84358,0.84588,0.84214,0.84448,88212.3
2019-11-01,0.84444,0.84973,0.84377,0.84382,83142.92
2019-11-03,0.84523,0.84557,0.84452,0.84554,2453.11
2019-11-04,0.84554,0.84909,0.84027,0.84188,60638.37
2019-11-05,0.84186,0.84354,0.83768,0.83816,84469.49
2019-11-06,0.83817,0.84126,0.83746,0.83914,67271.01
2019-11-07,0.83918,0.84067,0.83589,0.83976,75564.08
2019-11-08,0.83978,0.84064,0.83487,0.8366,68625.68
2019-11-10,0.83708,0.8378,0.83627,0.83729,1405.28
2019-11-11,0.83729,0.84251,0.83725,0.84203,44947.88
2019-11-12,0.84201,0.84293,0.83661,0.83864,64894.31
2019-11-13,0.83864,0.85034,0.83818,0.84994,74298.15
2019-11-14,0.84994,0.85046,0.84298,0.84534,62554.38
2019-11-15,0.84534,0.84794,0.84376,0.84612,59449.77
2019-11-17,0.84653,0.84658,0.84593,0.84628,1629.57
2019-11-18,0.84626,0.84709,0.84345,0.8446,54227.29
2019-11-19,0.84461,0.85364,0.84283,0.8535,59651.15
2019-11-20,0.8535,0.85503,0.85154,0.85255,70951.04
2019-11-21,0.85255,0.8568,0.84957,0.8505,76691.2
2019-11-22,0.85049,0.85284,0.84969,0.85113,60527.43
2019-11-24,0.85217,0.85262,0.85178,0.85213,1597.66
2019-11-25,0.85208,0.85477,0.8509,0.85318,56371.43
2019-11-26,0.85318,0.85538,0.85207,0.85273,66551.92
2019-11-27,0.85273,0.85408,0.85062,0.85188,58378.02
2019-11-28,0.85203,0.85472,0.85161,0.85244,47690.18
2019-11-29,0.85241,0.85563,0.85103,0.85107,55902.7
2019-12-01,0.85363,0.85453,0.85341,0.85441,6544.29
2019-12-02,0.85438,0.86579,0.85422,0.86446,65386.62
2019-12-03,0.86446,0.86819,0.86437,0.86626,66708.11
2019-12-04,0.86625,0.86775,0.86074,0.8638,68699.58
2019-12-05,0.86379,0.86501,0.85823,0.8621,56047.35
2019-12-06,0.8621,0.87173,0.86202,0.86981,48933.83
2019-12-08,0.86867,0.87002,0.86862,0.86896,4836.53
2019-12-09,0.86897,0.86975,0.86557,0.86682,51059.28
2019-12-10,0.86681,0.86889,0.86452,0.86586,89406.93
2019-12-11,0.86586,0.86926,0.86322,0.86678,139475.66
2019-12-12,0.86672,0.87374,0.8658,0.87053,110642.42
2019-12-13,0.87054,0.87225,0.86745,0.86809,100897.23
2019-12-15,0.86987,0.86988,0.86812,0.86911,15618.93
2019-12-16,0.86911,0.86962,0.86633,0.86752,63525.98
2019-12-17,0.86774,0.86944,0.86355,0.86436,67462.59
2019-12-18,0.86435,0.86677,0.86138,0.86327,66746.17
2019-12-19,0.86328,0.86759,0.86223,0.86748,64384.87
2019-12-20,0.86748,0.87077,0.8655,0.86737,56938.98
2019-12-22,0.86732,0.86853,0.86689,0.86849,5294.04
2019-12-23,0.8685,0.87293,0.8681,0.87195,69765.55
2019-12-24,0.87193,0.87452,0.87017,0.87156,60944.76
2019-12-25,0.87157,0.87408,0.87076,0.87369,2846.77
2019-12-26,0.87367,0.87527,0.87314,0.87471,34682.53
2019-12-27,0.87471,0.87812,0.87358,0.87621,76004.83
2019-12-29,0.87502,0.87653,0.87477,0.87618,1831.09
2019-12-30,0.87622,0.87997,0.87512,0.87932,79554.48
2019-12-31,0.87931,0.87978,0.87318,0.87356,56140.84
2020-01-01,0.87226,0.87418,0.87027,0.87393,5099.37
2020-01-02,0.87393,0.87429,0.86838,0.86962,78171.66
2020-01-03,0.86964,0.86969,0.86293,0.86565,80955.82
2020-01-05,0.8646,0.86478,0.8637,0.86423,4151.85
2020-01-06,0.86422,0.8665,0.86234,0.8644,69505.3
2020-01-07,0.86439,0.86587,0.86162,0.86196,72485.29
2020-01-08,0.86196,0.86781,0.86004,0.86732,97478.94
2020-01-09,0.86733,0.86759,0.86201,0.86299,68719.44
2020-01-10,0.863,0.86729,0.86221,0.86556,66117.3
2020-01-12,0.86647,0.86724,0.86602,0.86713,2152.17
2020-01-13,0.86713,0.86809,0.8638,0.8649,69275.24
2020-01-14,0.86489,0.86678,0.86272,0.86325,66132.67
2020-01-15,0.86323,0.86533,0.8607,0.86306,62098.75
2020-01-16,0.86306,0.86893,0.863,0.86548,68910.92
2020-01-17,0.86542,0.86718,0.86313,0.86349,56895.45
2020-01-19,0.86333,0.86476,0.86328,0.86462,5273.38
2020-01-20,0.86462,0.86519,0.8607,0.86183,40109.81
2020-01-21,0.86183,0.86416,0.86099,0.86213,62530.42
2020-01-22,0.86213,0.867,0.86092,0.8666,73023.64
2020-01-23,0.8666,0.8694,0.86512,0.86873,77660.23
2020-01-24,0.86872,0.86995,0.8671,0.86789,62321.89
2020-01-26,0.86582,0.86752,0.86464,0.86502,5212.72
2020-01-27,0.86501,0.86648,0.86241,0.86304,72958.57
2020-01-28,0.86303,0.86345,0.85954,0.86075,63028.03
2020-01-29,0.86075,0.86239,0.85781,0.8614,64364.13
2020-01-30,0.86139,0.86175,0.85568,0.85656,76456.47
2020-01-31,0.85656,0.85707,0.85403,0.85532,82061.39
2020-02-02,0.85638,0.85647,0.85476,0.85501,5269.89
2020-02-03,0.85501,0.85973,0.8547,0.85879,81223.52
2020-02-04,0.85879,0.86315,0.85699,0.86227,75578.84
2020-02-05,0.86226,0.8629,0.85905,0.86098,80977.54
2020-02-06,0.86098,0.86135,0.8574,0.85821,63292.2
2020-02-07,0.85821,0.85828,0.85087,0.85141,73274.31
2020-02-09,0.85144,0.8527,0.85125,0.85158,4791.49
2020-02-10,0.85157,0.85341,0.84965,0.85061,70138.05
2020-02-11,0.85063,0.85261,0.8488,0.85123,63241.94
2020-02-12,0.85123,0.86063,0.85091,0.85438,49849.0
2020-02-13,0.85436,0.85674,0.85324,0.85441,54048.97
2020-02-14,0.8544,0.8545,0.85066,0.8522,48078.48
2020-02-16,0.85387,0.85421,0.85282,0.8536,2310.22
2020-02-17,0.8536,0.85361,0.84932,0.85205,39702.63
2020-02-18,0.85204,0.85206,0.84572,0.84734,64513.1
2020-02-19,0.84743,0.84803,0.84199,0.84453,61241.56
2020-02-20,0.84451,0.84484,0.83855,0.8397,53486.43
2020-02-21,0.8397,0.8405,0.83516,0.83928,93945.6
2020-02-23,0.83628,0.83845,0.83619,0.83774,7668.58
2020-02-24,0.83777,0.84356,0.8369,0.8426,134066.55
2020-02-25,0.84263,0.8445,0.83839,0.83937,125949.69
2020-02-26,0.83937,0.83991,0.83663,0.8388,142280.31
2020-02-27,0.83886,0.84615,0.83825,0.84475,168991.23
2020-02-28,0.84474,0.84533,0.83134,0.8366,256961.06
2020-03-01,0.83234,0.83617,0.8323,0.8347,6372.51
2020-03-02,0.8347,0.83918,0.83017,0.83491,173776.79
2020-03-03,0.83485,0.84468,0.83341,0.83864,190724.37
2020-03-04,0.83864,0.84349,0.83728,0.84326,135282.95
2020-03-05,0.84326,0.84873,0.84144,0.84532,99165.26
2020-03-06,0.84531,0.85517,0.84387,0.85261,162537.85
2020-03-08,0.85456,0.86259,0.85375,0.86184,21242.52
2020-03-09,0.86186,0.87364,0.82511,0.86563,309744.14
2020-03-10,0.86564,0.86845,0.85662,0.86007,221416.55
2020-03-11,0.85998,0.87005,0.85865,0.8626,174025.98
2020-03-12,0.86258,0.86479,0.84402,0.85253,286453.44
2020-03-13,0.85256,0.85788,0.83459,0.83698,285198.83
2020-03-15,0.83601,0.84674,0.82641,0.83413,23560.39
2020-03-16,0.8341,0.85674,0.83151,0.84652,309593.06
2020-03-17,0.8465,0.85225,0.83726,0.84678,260549.31
2020-03-18,0.84678,0.84829,0.82333,0.82728,300527.8
2020-03-19,0.82733,0.85431,0.80168,0.82392,353021.31
2020-03-20,0.82393,0.83973,0.81393,0.81665,237623.9
2020-03-22,0.81322,0.81642,0.80863,0.81347,32583.13
2020-03-23,0.81347,0.83272,0.80842,0.8309,364954.71
2020-03-24,0.83091,0.84468,0.83048,0.84075,283215.77
2020-03-25,0.84076,0.8458,0.82285,0.82547,266772.04
2020-03-26,0.82552,0.84049,0.82221,0.83878,223614.44
2020-03-27,0.8388,0.84888,0.83251,0.84371,247166.94
2020-03-29,0.84516,0.85106,0.84302,0.84956,19015.01
2020-03-30,0.84961,0.85332,0.84339,0.85204,215317.47
2020-03-31,0.85201,0.85557,0.83501,0.83743,250375.78
2020-04-01,0.83742,0.84742,0.83468,0.83973,199107.45
2020-04-02,0.8397,0.84276,0.8325,0.83561,186117.08
2020-04-03,0.83561,0.83824,0.8266,0.82991,167708.34
2020-04-05,0.83518,0.83637,0.83237,0.83403,14806.09
2020-04-06,0.83403,0.84218,0.83183,0.83912,167252.99
2020-04-07,0.83912,0.84296,0.83329,0.83537,165303.93
2020-04-08,0.83539,0.84676,0.83382,0.84206,152378.94
2020-04-09,0.84207,0.85107,0.84079,0.84891,178791.83
2020-04-10,0.8489,0.85168,0.84625,0.84839,69039.59
2020-04-12,0.84514,0.85013,0.84494,0.84858,7966.83
2020-04-13,0.84859,0.85023,0.84366,0.84624,113568.18
2020-04-14,0.84625,0.85014,0.84355,0.84671,136261.71
2020-04-15,0.84673,0.84752,0.83882,0.84632,151354.4
2020-04-16,0.84632,0.84641,0.83692,0.8421,159150.25
2020-04-17,0.84209,0.85001,0.84095,0.844,133141.45
2020-04-19,0.84486,0.84958,0.84479,0.84495,5505.58
2020-04-20,0.84497,0.85542,0.84416,0.85362,123933.33
2020-04-21,0.85364,0.85389,0.84408,0.846,180518.78
2020-04-22,0.84601,0.85011,0.83932,0.83993,152714.33
2020-04-23,0.83992,0.85067,0.83879,0.84455,149471.61
2020-04-24,0.84457,0.84886,0.84225,0.84729,117077.9
2020-04-26,0.84722,0.84995,0.84657,0.8495,5152.0
2020-04-27,0.8495,0.85425,0.84455,0.84551,128317.42
2020-04-28,0.8455,0.85018,0.84257,0.84951,149370.93
2020-04-29,0.84951,0.85314,0.84738,0.85183,162242.1
2020-04-30,0.85181,0.85747,0.84837,0.85367,183938.19
2020-05-01,0.85367,0.85566,0.84931,0.85317,143639.6
2020-05-03,0.85277,0.85339,0.84993,0.85015,9385.14
2020-05-04,0.85015,0.85492,0.84755,0.85197,150519.27
2020-05-05,0.85197,0.85378,0.84802,0.8497,141674.7
2020-05-06,0.84971,0.8552,0.8487,0.85077,163521.62
2020-05-07,0.85077,0.85453,0.84593,0.85147,149314.84
2020-05-08,0.85146,0.85682,0.85047,0.85424,123085.06
2020-05-10,0.85633,0.85638,0.85349,0.85511,7026.89
2020-05-11,0.85511,0.85598,0.84915,0.85189,153847.49
2020-05-12,0.85189,0.85656,0.84938,0.85414,141694.17
2020-05-13,0.85415,0.85704,0.84337,0.84478,165448.2
2020-05-14,0.8448,0.84599,0.83968,0.84362,137523.59
2020-05-15,0.84363,0.84428,0.83431,0.83609,160664.28
2020-05-17,0.83693,0.83805,0.83564,0.83636,6073.12
2020-05-18,0.83637,0.84433,0.83566,0.84179,128169.66
2020-05-19,0.84178,0.84856,0.84112,0.84809,144851.16
2020-05-20,0.84809,0.85492,0.84804,0.85464,136238.39
2020-05-21,0.85464,0.85503,0.85042,0.85376,149110.97
2020-05-22,0.85375,0.85741,0.85177,0.85324,145554.92
2020-05-24,0.85297,0.85376,0.85207,0.8535,5362.38
2020-05-25,0.85348,0.85395,0.85154,0.85323,98604.54
2020-05-26,0.85325,0.85948,0.85235,0.85409,149634.28
2020-05-27,0.85408,0.85597,0.84856,0.85093,168709.88
2020-05-28,0.85093,0.85699,0.84965,0.85359,156232.85
2020-05-29,0.85363,0.85686,0.85285,0.85392,185142.08
2020-05-31,0.85362,0.85453,0.85238,0.85379,7038.85
2020-06-01,0.85379,0.85715,0.85278,0.85307,141476.18
2020-06-02,0.85306,0.8631,0.84808,0.86225,169242.92
2020-06-03,0.86224,0.869,0.86217,0.86721,161477.8
2020-06-04,0.86721,0.8739,0.86508,0.87248,160369.24
2020-06-05,0.87247,0.87791,0.87143,0.8726,163962.8
2020-06-07,0.87203,0.87559,0.87147,0.87516,6360.13
2020-06-08,0.87516,0.8781,0.87277,0.87789,148450.11
2020-06-09,0.8779,0.87918,0.87145,0.87205,166239.02
2020-06-10,0.87207,0.87782,0.87182,0.87413,187282.86
2020-06-11,0.87413,0.87846,0.87231,0.87443,217387.89
2020-06-12,0.87446,0.87731,0.87107,0.87512,229943.67
2020-06-14,0.87613,0.87758,0.87449,0.87498,11111.45
2020-06-15,0.875,0.87973,0.87292,0.87947,175574.57
2020-06-16,0.87947,0.87961,0.87079,0.87413,171696.4
2020-06-17,0.87416,0.87811,0.87188,0.87501,144725.61
2020-06-18,0.87501,0.87568,0.87247,0.87363,147491.77
2020-06-19,0.87363,0.87523,0.87096,0.87123,158473.38
2020-06-21,0.86893,0.87182,0.86858,0.87131,7177.81
2020-06-22,0.87134,0.87884,0.87119,0.87675,113684.58
2020-06-23,0.87674,0.88203,0.87253,0.88021,152644.27
2020-06-24,0.88021,0.88117,0.87122,0.87351,146600.83
2020-06-25,0.8735,0.87803,0.87312,0.8769,146590.64
2020-06-26,0.87689,0.88016,0.87559,0.87833,148938.59
2020-06-28,0.87548,0.87824,0.87548,0.87773,5784.96
2020-06-29,0.87774,0.87961,0.87511,0.87767,127189.57
2020-06-30,0.87766,0.8785,0.87447,0.87544,143032.95
2020-07-01,0.87544,0.88167,0.87466,0.88048,124465.12
2020-07-02,0.88047,0.8876,0.88042,0.88312,144361.06
2020-07-03,0.88314,0.88679,0.8803,0.88351,91836.57
2020-07-05,0.88458,0.88603,0.88363,0.88569,3794.93
2020-07-06,0.88569,0.88885,0.88503,0.88778,124453.68
2020-07-07,0.88778,0.8928,0.88478,0.8908,131064.84
2020-07-08,0.89081,0.89208,0.88724,0.8884,122856.32
2020-07-09,0.88842,0.89285,0.88707,0.89198,143197.14
2020-07-10,0.89201,0.89483,0.8903,0.89298,142509.91
2020-07-12,0.89298,0.89388,0.89278,0.89365,5893.79
2020-07-13,0.89366,0.89375,0.88883,0.88942,145060.35
2020-07-14,0.88943,0.8903,0.88602,0.88975,168793.32
2020-07-15,0.88977,0.89285,0.88683,0.88775,161190.97
2020-07-16,0.88774,0.88886,0.88427,0.88759,128473.75
2020-07-17,0.88761,0.89099,0.88685,0.88973,93612.99
2020-07-19,0.88917,0.89084,0.88782,0.89056,3743.54
2020-07-20,0.89059,0.89098,0.88841,0.88988,94354.97
2020-07-21,0.88989,0.89397,0.88625,0.89372,135719.59
2020-07-22,0.89375,0.89788,0.89007,0.893,135866.71
2020-07-23,0.893,0.89543,0.88756,0.88909,139151.33
2020-07-24,0.88909,0.89114,0.88807,0.89047,141271.95
2020-07-26,0.88911,0.89188,0.88862,0.89144,7484.83
2020-07-27,0.89145,0.89653,0.88942,0.89198,129891.33
2020-07-28,0.89197,0.89363,0.88711,0.89088,128931.19
2020-07-29,0.89087,0.89153,0.88751,0.88773,135135.27
2020-07-30,0.88773,0.89951,0.88589,0.89803,140812.67
2020-07-31,0.89808,0.90103,0.88684,0.88853,178194.03
2020-08-02,0.88788,0.88946,0.88748,0.88893,8013.97
2020-08-03,0.88893,0.89073,0.88294,0.88582,132880.01
2020-08-04,0.88582,0.88701,0.88127,0.88343,132346.08
2020-08-05,0.88342,0.88389,0.88001,0.88162,118871.37
2020-08-06,0.8816,0.89038,0.87969,0.88995,127842.71
2020-08-07,0.88997,0.89138,0.88247,0.88283,149807.95
2020-08-09,0.88478,0.88492,0.88236,0.88334,5393.92
2020-08-10,0.88333,0.88408,0.8782,0.88022,95578.71
2020-08-11,0.88019,0.88278,0.87317,0.87428,133175.75
2020-08-12,0.87428,0.87542,0.86898,0.87087,136615.58
2020-08-13,0.87087,0.87298,0.86417,0.86527,126346.46
2020-08-14,0.86527,0.86893,0.863,0.86758,98825.73
2020-08-16,0.86497,0.86853,0.86406,0.8671,4050.46
2020-08-17,0.86711,0.86748,0.86254,0.86625,91563.82
2020-08-18,0.86624,0.86985,0.86189,0.86953,124209.8
2020-08-19,0.86953,0.87455,0.86556,0.86672,143328.31
2020-08-20,0.86674,0.86838,0.85757,0.86155,119002.41
2020-08-21,0.86154,0.86403,0.85996,0.86123,127545.1
2020-08-23,0.86008,0.86193,0.85963,0.86147,4014.85
2020-08-24,0.86142,0.8652,0.8588,0.86258,103432.81
2020-08-25,0.86258,0.86465,0.86078,0.86242,93253.43
2020-08-26,0.86242,0.87158,0.86209,0.87133,95916.06
2020-08-27,0.87132,0.87488,0.86798,0.87183,167495.79
2020-08-28,0.87181,0.88349,0.87136,0.88268,142082.4
2020-08-30,0.88083,0.88228,0.88073,0.88214,4000.19
2020-08-31,0.88213,0.88278,0.87674,0.87774,146636.32
2020-09-01,0.87772,0.88533,0.87728,0.88343,167208.29
2020-09-02,0.88339,0.8867,0.88089,0.88253,138843.66
2020-09-03,0.88251,0.88408,0.87771,0.87875,126009.63
2020-09-04,0.87875,0.88078,0.87511,0.87765,156017.13
2020-09-06,0.87602,0.87803,0.87567,0.87752,5975.8
2020-09-07,0.87751,0.8791,0.87534,0.8761,73059.86
2020-09-08,0.8761,0.87856,0.87373,0.87522,163281.86
2020-09-09,0.87522,0.88173,0.87511,0.87842,145046.38
2020-09-10,0.87842,0.88014,0.87562,0.87648,145529.68
2020-09-11,0.87649,0.88103,0.87647,0.87798,112969.14
2020-09-13,0.87762,0.88127,0.87762,0.88125,4668.3
2020-09-14,0.88126,0.88486,0.88014,0.88245,97898.58
2020-09-15,0.88246,0.88616,0.88057,0.88508,117171.47
2020-09-16,0.88509,0.8896,0.88446,0.88605,164533.0
2020-09-17,0.88603,0.88995,0.88397,0.8893,187513.44
2020-09-18,0.88931,0.89389,0.88897,0.89172,138838.39
2020-09-20,0.89123,0.89323,0.89082,0.89183,5473.62
2020-09-21,0.89183,0.89318,0.88446,0.88642,150918.71
2020-09-22,0.88648,0.8889,0.8815,0.88158,170342.38
2020-09-23,0.88158,0.88377,0.87412,0.87578,194202.52
2020-09-24,0.87578,0.87676,0.87245,0.87411,204636.53
2020-09-25,0.87411,0.87972,0.87383,0.876,153225.75
2020-09-27,0.87537,0.87696,0.87502,0.87642,4224.7
2020-09-28,0.87643,0.87804,0.87552,0.87698,113131.22
2020-09-29,0.87698,0.8836,0.87691,0.88338,111769.6
2020-09-30,0.8834,0.88468,0.8794,0.88107,146888.18
2020-10-01,0.88108,0.88458,0.88011,0.88357,124459.45
2020-10-02,0.88356,0.88421,0.88087,0.88264,140962.94
2020-10-04,0.88263,0.88367,0.88211,0.88236,4149.33
2020-10-05,0.88237,0.88367,0.87968,0.88203,91462.23
2020-10-06,0.88201,0.8826,0.8757,0.87772,120761.02
2020-10-07,0.87772,0.87834,0.87096,0.87139,101684.97
2020-10-08,0.87141,0.87317,0.86546,0.86908,75783.05
2020-10-09,0.86906,0.87548,0.86906,0.87418,84599.53
2020-10-11,0.87378,0.87519,0.87295,0.87498,3642.37
2020-10-12,0.87498,0.87532,0.87049,0.87163,66519.02
2020-10-13,0.87163,0.87438,0.87064,0.87435,78497.73
2020-10-14,0.87434,0.87799,0.87336,0.87532,109745.45
2020-10-15,0.87531,0.87588,0.86987,0.87269,118228.29
2020-10-16,0.8727,0.87361,0.86998,0.87048,92523.16
2020-10-18,0.87182,0.87213,0.87022,0.87208,3778.19
2020-10-19,0.87207,0.87535,0.86904,0.86943,95092.97
2020-10-20,0.86939,0.86964,0.86246,0.86317,98858.97
2020-10-21,0.86318,0.87628,0.86288,0.87388,115878.33
2020-10-22,0.87387,0.87836,0.87308,0.8764,121590.31
2020-10-23,0.8764,0.8793,0.87555,0.87751,105696.72
2020-10-25,0.87667,0.87894,0.87662,0.87863,5107.4
2020-10-26,0.8786,0.88351,0.87842,0.88147,105686.04
2020-10-27,0.88148,0.88503,0.88053,0.88372,91110.64
2020-10-28,0.88373,0.88708,0.88192,0.88488,125686.89
2020-10-29,0.88488,0.88599,0.88169,0.88253,111386.12
2020-10-30,0.88253,0.88625,0.87961,0.88063,119140.94
2020-11-01,0.88013,0.88198,0.87881,0.88193,4822.19
2020-11-02,0.88193,0.88202,0.87538,0.87664,99221.64
2020-11-03,0.87663,0.88237,0.87594,0.88147,87431.53
2020-11-04,0.88147,0.88317,0.87626,0.87922,163236.0
2020-11-05,0.87921,0.88511,0.87882,0.88484,141336.83
2020-11-06,0.88481,0.88832,0.88222,0.88368,104429.12
2020-11-08,0.88513,0.88582,0.88466,0.885,3765.89
2020-11-09,0.88501,0.88841,0.88278,0.88758,137220.07
2020-11-10,0.88758,0.89055,0.88573,0.88955,114040.15
2020-11-11,0.88957,0.90118,0.88794,0.90103,93407.39
2020-11-12,0.90101,0.90295,0.89715,0.89828,86029.18
2020-11-13,0.89829,0.90055,0.89482,0.89877,71148.23
2020-11-15,0.89912,0.90181,0.89843,0.90155,3330.6
2020-11-16,0.90152,0.90411,0.89799,0.90298,66252.76
2020-11-17,0.90299,0.90405,0.90007,0.90298,69803.05
2020-11-18,0.90298,0.90669,0.9016,0.90546,77091.11
2020-11-19,0.90547,0.90547,0.90197,0.90363,74746.7
2020-11-20,0.90357,0.90918,0.90317,0.90661,71254.21
2020-11-22,0.90599,0.90869,0.90589,0.90861,3664.47
2020-11-23,0.90862,0.90993,0.90392,0.9059,77645.8
2020-11-24,0.90587,0.91218,0.90502,0.90677,90393.56
2020-11-25,0.9068,0.91213,0.90577,0.91045,75904.55
2020-11-26,0.91046,0.91288,0.9094,0.91173,54492.49
2020-11-27,0.91171,0.91378,0.91088,0.91125,59254.07
2020-11-29,0.91362,0.91413,0.91284,0.91327,1776.39
2020-11-30,0.91331,0.91486,0.90961,0.91178,96558.2
2020-12-01,0.91177,0.91543,0.91091,0.91419,85323.91
2020-12-02,0.91418,0.91524,0.91037,0.91318,80527.05
2020-12-03,0.91318,0.91619,0.90928,0.90975,75924.63
2020-12-04,0.90976,0.9104,0.8987,0.89968,80416.21
2020-12-06,0.89998,0.90093,0.89953,0.89977,2776.84
2020-12-07,0.89978,0.90438,0.89857,0.90106,77133.98
2020-12-08,0.90108,0.90388,0.89886,0.90215,79161.17
2020-12-09,0.90215,0.90655,0.89873,0.89984,78107.96
2020-12-10,0.89985,0.90458,0.89836,0.90357,95750.78
2020-12-11,0.90359,0.90603,0.90265,0.90409,75562.3
2020-12-13,0.90482,0.90587,0.90387,0.90498,2182.61
2020-12-14,0.90503,0.90753,0.90312,0.90389,75820.3
2020-12-15,0.90387,0.90462,0.89942,0.89987,70343.85
2020-12-16,0.89985,0.90721,0.89974,0.90602,82573.99
2020-12-17,0.90603,0.911,0.90478,0.90975,55406.66
2020-12-18,0.90976,0.91284,0.9073,0.91228,63859.2
2020-12-20,0.91013,0.91133,0.90938,0.90993,2475.3
2020-12-21,0.90992,0.91348,0.90534,0.91188,112238.97
2020-12-22,0.9119,0.91224,0.90716,0.90933,90716.22
2020-12-23,0.90938,0.91298,0.90742,0.91172,79767.53
2020-12-24,0.91171,0.91398,0.90819,0.91193,65903.42
2020-12-25,0.91141,0.91503,0.91066,0.91298,615.0
2020-12-27,0.91378,0.91395,0.91202,0.91358,2313.88
2020-12-28,0.91357,0.91574,0.91045,0.91263,63080.97
2020-12-29,0.91263,0.91703,0.91238,0.91643,68834.01
2020-12-30,0.91645,0.92087,0.91627,0.91983,77489.56
2020-12-31,0.91983,0.92226,0.91353,0.91353,71766.76
2021-01-03,0.91433,0.91577,0.91422,0.91547,2982.06
2021-01-04,0.91549,0.91768,0.91307,0.91736,106929.47
2021-01-05,0.91735,0.92134,0.91636,0.91938,110300.85
2021-01-06,0.91939,0.92563,0.91815,0.92501,156265.95
2021-01-07,0.92502,0.92509,0.91897,0.92155,103049.25
2021-01-08,0.92155,0.92278,0.91762,0.91808,120780.36
2021-01-10,0.91857,0.91857,0.91573,0.91628,4371.88
2021-01-11,0.91627,0.92008,0.91437,0.91619,102327.73
2021-01-12,0.91618,0.91927,0.9139,0.91838,93227.13
2021-01-13,0.91838,0.91968,0.91037,0.91284,88089.76
2021-01-14,0.91283,0.91412,0.90982,0.91265,80943.54
2021-01-15,0.91263,0.91346,0.90772,0.9081,97071.2
2021-01-17,0.90883,0.90916,0.90785,0.90891,3036.87
2021-01-18,0.90892,0.91076,0.90562,0.90707,82886.87
2021-01-19,0.90708,0.90859,0.90471,0.90689,84231.02
2021-01-20,0.90691,0.90794,0.90378,0.90719,86114.83
2021-01-21,0.90719,0.91274,0.90599,0.91238,80357.67
2021-01-22,0.91242,0.91431,0.90981,0.9137,74041.16
2021-01-24,0.91263,0.91402,0.91086,0.91364,3555.33
2021-01-25,0.91363,0.91803,0.91317,0.91693,96328.86
2021-01-26,0.91694,0.92067,0.91593,0.91861,79249.6
2021-01-27,0.91861,0.92028,0.91351,0.91526,136463.51
2021-01-28,0.91526,0.92073,0.91378,0.92028,134585.84
2021-01-29,0.92025,0.92165,0.91699,0.91699,150220.71
2021-01-31,0.91503,0.91738,0.91493,0.91695,6795.31
2021-02-01,0.91698,0.92068,0.91678,0.92044,113337.09
2021-02-02,0.92043,0.92125,0.91564,0.91964,107325.07
2021-02-03,0.91966,0.92314,0.9184,0.92311,100312.39
2021-02-04,0.9231,0.92363,0.91681,0.91798,89630.44
2021-02-05,0.91798,0.91989,0.91347,0.91853,80248.23
2021-02-07,0.91707,0.92002,0.91666,0.91998,4359.18
2021-02-08,0.92,0.92194,0.91703,0.92049,76564.61
2021-02-09,0.92052,0.92318,0.91817,0.91937,81705.48
2021-02-10,0.91937,0.91942,0.91458,0.91637,86967.47
2021-02-11,0.91635,0.91873,0.91529,0.91822,66025.75
2021-02-12,0.91825,0.91866,0.91495,0.91499,63951.43
2021-02-14,0.91368,0.91615,0.91368,0.91574,2999.51
2021-02-15,0.91574,0.91804,0.91233,0.91378,45910.92
2021-02-16,0.91374,0.91866,0.91285,0.91366,82032.65
2021-02-17,0.91366,0.9156,0.91041,0.91344,92081.3
2021-02-18,0.91344,0.91606,0.91228,0.91522,90175.64
2021-02-19,0.91521,0.92154,0.91457,0.91904,90251.63
2021-02-21,0.91927,0.92162,0.91927,0.92074,3903.15
2021-02-22,0.92075,0.92603,0.92019,0.92397,98498.01
2021-02-23,0.92397,0.92507,0.92036,0.92404,106891.73
2021-02-24,0.92405,0.93283,0.92062,0.931,129253.68
2021-02-25,0.931,0.93238,0.92687,0.92846,187903.8
2021-02-26,0.92846,0.92935,0.91876,0.92077,237879.53
2021-02-28,0.92128,0.92364,0.92027,0.92303,6053.17
2021-03-01,0.92302,0.9255,0.91706,0.91938,181533.83
2021-03-02,0.91937,0.92183,0.91323,0.92127,193737.34
2021-03-03,0.9213,0.92215,0.9151,0.91593,173270.77
2021-03-04,0.91593,0.91913,0.90883,0.90984,245680.95
2021-03-05,0.90985,0.9108,0.90395,0.90597,225224.68
2021-03-07,0.90608,0.90775,0.90603,0.90647,6325.82
2021-03-08,0.90648,0.90774,0.89857,0.90262,187151.57
2021-03-09,0.90263,0.90773,0.90022,0.90773,189159.55
2021-03-10,0.90769,0.90886,0.90406,0.9077,184871.31
2021-03-11,0.90772,0.9111,0.90205,0.90565,143917.55
2021-03-12,0.90565,0.90591,0.89395,0.89447,173164.16
2021-03-14,0.89498,0.89662,0.89444,0.89598,5102.09
2021-03-15,0.89598,0.89878,0.89541,0.89848,148466.21
2021-03-16,0.89847,0.89896,0.89282,0.89489,142224.84
2021-03-17,0.89488,0.90137,0.8925,0.89826,151661.56
2021-03-18,0.89828,0.89949,0.8933,0.89522,190487.63
2021-03-19,0.89523,0.89727,0.89367,0.89481,148451.88
2021-03-21,0.89443,0.89591,0.89238,0.89555,4144.68
2021-03-22,0.89556,0.8995,0.89199,0.89281,95195.04
2021-03-23,0.89281,0.89299,0.87938,0.88016,123423.34
2021-03-24,0.88019,0.88086,0.87354,0.87645,96448.72
2021-03-25,0.87645,0.87856,0.87478,0.87788,112038.87
2021-03-26,0.87788,0.8804,0.87653,0.87941,99262.91
2021-03-28,0.87761,0.87999,0.87761,0.87997,2687.0
2021-03-29,0.87995,0.88393,0.87849,0.88232,90764.24
2021-03-30,0.88237,0.88495,0.87986,0.88229,86169.04
2021-03-31,0.88228,0.88255,0.87659,0.8772,77562.78
2021-04-01,0.87719,0.88235,0.87477,0.88096,81445.67
2021-04-02,0.88097,0.88473,0.8805,0.88273,34840.95
2021-04-04,0.88295,0.8839,0.8818,0.88317,3685.91
2021-04-05,0.88314,0.88566,0.88273,0.88457,53417.53
2021-04-06,0.88456,0.88798,0.87996,0.88781,72780.92
2021-04-07,0.88782,0.88861,0.88292,0.8844,85268.64
2021-04-08,0.88443,0.88875,0.88393,0.88692,84911.01
2021-04-09,0.88692,0.88708,0.88033,0.88033,92138.35
2021-04-11,0.88009,0.88237,0.8797,0.88184,4057.76
2021-04-12,0.88189,0.88385,0.88035,0.88322,86977.51
2021-04-13,0.88319,0.88684,0.88111,0.88509,92651.71
2021-04-14,0.88509,0.89597,0.88402,0.89347,95801.2
2021-04-15,0.89348,0.90037,0.89342,0.89997,87982.63
2021-04-16,0.89997,0.90034,0.89107,0.89307,76306.36
2021-04-18,0.89133,0.8928,0.8907,0.89196,2918.87
2021-04-19,0.89195,0.9004,0.89159,0.90024,96428.31
2021-04-20,0.90024,0.90621,0.89976,0.9035,110610.27
2021-04-21,0.90352,0.90818,0.89833,0.90064,96698.73
2021-04-22,0.90062,0.90132,0.89344,0.89433,102481.07
2021-04-23,0.89437,0.89859,0.89429,0.89741,78488.18
2021-04-25,0.8969,0.89835,0.8952,0.89801,2641.04
2021-04-26,0.89801,0.89987,0.89514,0.89604,88404.03
2021-04-27,0.89604,0.89674,0.89289,0.89355,83049.33
2021-04-28,0.89358,0.89605,0.89184,0.8942,94884.14
2021-04-29,0.8942,0.89527,0.88826,0.88948,100800.7
2021-04-30,0.8895,0.89041,0.87874,0.87949,95811.86
2021-05-02,0.88038,0.88134,0.87932,0.88023,2407.22
2021-05-03,0.88026,0.8852,0.87971,0.88367,85051.34
2021-05-04,0.88365,0.88384,0.87741,0.88082,106873.63
2021-05-05,0.88082,0.88588,0.87964,0.88546,86278.25
2021-05-06,0.88547,0.88626,0.87795,0.87904,100299.31
2021-05-07,0.87899,0.8857,0.8778,0.88218,99339.18
2021-05-09,0.88262,0.88433,0.88207,0.88377,3870.37
2021-05-10,0.88374,0.8843,0.87813,0.87922,92509.98
2021-05-11,0.87924,0.88194,0.87748,0.87838,116739.8
2021-05-12,0.87837,0.87874,0.86645,0.86811,134549.88
2021-05-13,0.8681,0.87487,0.86653,0.87387,131832.37
2021-05-14,0.87387,0.87838,0.87248,0.87712,96568.84
2021-05-16,0.87492,0.87779,0.87458,0.87722,3149.19
2021-05-17,0.87723,0.87738,0.86777,0.87057,98057.49
2021-05-18,0.87058,0.8746,0.87033,0.87361,86204.76
2021-05-19,0.87359,0.87416,0.8663,0.86861,133449.5
2021-05-20,0.86865,0.87118,0.86694,0.86795,89933.4
2021-05-21,0.86794,0.8691,0.86338,0.86419,97547.79
2021-05-23,0.8646,0.8666,0.8629,0.86543,3498.1
2021-05-24,0.86542,0.87069,0.86446,0.86914,76676.42
2021-05-25,0.86911,0.8733,0.86888,0.87157,97638.31
2021-05-26,0.87155,0.88514,0.87135,0.88263,105694.22
2021-05-27,0.88262,0.88436,0.87876,0.87905,96436.96
2021-05-28,0.87907,0.87967,0.87349,0.87464,91706.56
2021-05-30,0.87423,0.87582,0.87395,0.87462,2199.13
2021-05-31,0.87461,0.87962,0.87356,0.8775,72279.39
2021-06-01,0.87744,0.87809,0.87112,0.87532,84915.68
2021-06-02,0.87532,0.87677,0.87013,0.87074,76533.84
2021-06-03,0.87077,0.87131,0.86292,0.86527,90067.29
2021-06-04,0.86529,0.87149,0.8644,0.8706,83765.97
2021-06-06,0.86817,0.87124,0.86683,0.8704,3321.8
2021-06-07,0.87039,0.87482,0.87019,0.87312,63619.26
2021-06-08,0.87313,0.87354,0.86922,0.87074,74425.52
2021-06-09,0.87077,0.87209,0.86661,0.8687,66715.89
2021-06-10,0.86869,0.87129,0.86829,0.86954,90694.6
2021-06-11,0.86951,0.87113,0.86422,0.86613,75773.86
2021-06-13,0.86653,0.86799,0.86653,0.86788,2168.93
2021-06-14,0.86786,0.86915,0.86614,0.86726,74209.02
2021-06-15,0.86726,0.86944,0.86566,0.86772,89995.41
2021-06-16,0.8677,0.87109,0.86387,0.86803,119239.53
2021-06-17,0.86803,0.87153,0.86339,0.86585,131200.92
2021-06-18,0.86588,0.86599,0.85982,0.86297,125395.56
2021-06-20,0.86406,0.86511,0.86368,0.86497,4513.54
2021-06-21,0.86496,0.86806,0.8628,0.86397,115691.3
2021-06-22,0.86395,0.86651,0.86228,0.8637,89737.68
2021-06-23,0.86368,0.86762,0.86223,0.86673,84718.18
2021-06-24,0.86675,0.87082,0.86649,0.87014,81210.48
2021-06-25,0.87012,0.87213,0.86815,0.86853,69791.66
2021-06-27,0.86855,0.86943,0.86635,0.86872,3290.72
2021-06-28,0.86872,0.87087,0.86726,0.86929,78135.08
2021-06-29,0.8693,0.86956,0.86368,0.8663,82255.39
2021-06-30,0.86632,0.86792,0.86299,0.86696,88827.27
2021-07-01,0.86696,0.86768,0.8651,0.86614,79470.55
2021-07-02,0.86612,0.86707,0.86263,0.86636,83303.9
2021-07-04,0.86506,0.86673,0.86502,0.86611,2614.51
2021-07-05,0.86607,0.87117,0.86386,0.87002,75047.3
2021-07-06,0.87002,0.87804,0.86997,0.87407,106761.0
2021-07-07,0.87407,0.878,0.87325,0.8752,102179.62
2021-07-08,0.87522,0.87631,0.86855,0.87056,157652.7
2021-07-09,0.87058,0.87371,0.86872,0.87007,116402.82
2021-07-11,0.87077,0.87258,0.8685,0.87188,3616.63
2021-07-12,0.87191,0.87216,0.86845,0.87002,99214.17
2021-07-13,0.87006,0.87253,0.86644,0.86929,114941.88
2021-07-14,0.86929,0.88127,0.86893,0.88073,131042.14
2021-07-15,0.88069,0.88477,0.87597,0.88262,123173.81
2021-07-16,0.8826,0.8839,0.87953,0.88248,95979.25
2021-07-18,0.88216,0.88352,0.88163,0.88233,3411.31
2021-07-19,0.88233,0.89116,0.8812,0.88321,145897.63
2021-07-20,0.88323,0.88538,0.8763,0.87739,118540.11
2021-07-21,0.8774,0.87924,0.87326,0.87472,104026.1
2021-07-22,0.87472,0.87719,0.87368,0.87686,102754.6
2021-07-23,0.87685,0.87908,0.87551,0.87579,71133.59
2021-07-25,0.87422,0.87771,0.87409,0.87746,2642.79
2021-07-26,0.87746,0.87869,0.8744,0.878,84781.52
2021-07-27,0.87799,0.8784,0.87308,0.87654,106786.1
2021-07-28,0.87654,0.8769,0.8691,0.87124,120175.34
2021-07-29,0.87122,0.87356,0.86943,0.8726,92420.95
2021-07-30,0.87255,0.87297,0.86819,0.86861,100164.9
2021-08-01,0.86788,0.87024,0.86747,0.86933,2990.15
2021-08-02,0.86937,0.87358,0.8682,0.87325,90660.27
2021-08-03,0.87326,0.88358,0.87299,0.88286,104639.46
2021-08-04,0.88286,0.88881,0.88231,0.88343,84026.82
2021-08-05,0.88341,0.88496,0.8808,0.88095,80464.77
2021-08-06,0.88094,0.88336,0.87952,0.87968,77481.96
2021-08-08,0.87814,0.88041,0.87799,0.87887,6488.46
2021-08-09,0.87887,0.88216,0.87857,0.87915,78964.86
2021-08-10,0.87907,0.87978,0.87625,0.87695,73114.37
2021-08-11,0.87695,0.88225,0.87642,0.88058,79139.61
2021-08-12,0.88054,0.88145,0.87539,0.87682,70866.42
2021-08-13,0.87683,0.8818,0.87604,0.88029,54544.55
2021-08-15,0.88097,0.88154,0.87942,0.88105,3708.38
2021-08-16,0.88103,0.88379,0.88046,0.88341,72522.56
2021-08-17,0.88341,0.88409,0.87105,0.8746,99177.15
2021-08-18,0.87462,0.87663,0.86791,0.87035,98029.39
2021-08-19,0.8703,0.87679,0.86784,0.87494,136394.94
2021-08-20,0.87493,0.88217,0.87436,0.87597,96671.05
2021-08-22,0.87439,0.87683,0.87417,0.87588,3625.75
2021-08-23,0.87591,0.87628,0.87056,0.87208,86578.06
2021-08-24,0.87208,0.87777,0.87055,0.87375,86573.36
2021-08-25,0.87378,0.8798,0.87347,0.87753,86137.69
2021-08-26,0.87755,0.88175,0.87611,0.88082,79149.43
2021-08-27,0.88083,0.88533,0.87972,0.88413,83628.52
2021-08-29,0.88326,0.88465,0.88262,0.8842,3211.91
2021-08-30,0.88417,0.88478,0.88057,0.88219,64573.38
2021-08-31,0.88222,0.89048,0.88208,0.88948,95891.53
2021-09-01,0.88958,0.8925,0.88663,0.89158,85152.65
2021-09-02,0.89155,0.89595,0.89108,0.89219,71973.51
2021-09-03,0.8922,0.89731,0.89216,0.89541,88884.58
2021-09-05,0.89405,0.89667,0.89405,0.89583,3058.47
2021-09-06,0.89586,0.89677,0.89331,0.89428,79701.63
2021-09-07,0.89429,0.89796,0.89206,0.89739,100577.25
2021-09-08,0.8975,0.90317,0.89701,0.90082,105707.46
2021-09-09,0.90082,0.90407,0.89874,0.89966,111721.99
2021-09-10,0.89968,0.90287,0.8982,0.90188,109918.35
2021-09-12,0.90166,0.90315,0.90154,0.90217,3027.42
2021-09-13,0.90217,0.90235,0.89916,0.89968,103534.88
2021-09-14,0.89969,0.90161,0.89841,0.90021,119027.5
2021-09-15,0.90024,0.90094,0.8965,0.89972,98673.57
2021-09-16,0.89971,0.90039,0.89547,0.89653,95889.51
2021-09-17,0.89647,0.89852,0.8943,0.89745,105151.82
2021-09-19,0.89665,0.89822,0.89561,0.8977,3307.01
2021-09-20,0.89769,0.90344,0.89736,0.89828,133532.53
2021-09-21,0.89828,0.89982,0.8956,0.89669,123859.72
2021-09-22,0.89665,0.89946,0.89251,0.89366,131800.2
2021-09-23,0.89367,0.89731,0.89023,0.89443,123354.11
2021-09-24,0.8944,0.89616,0.88642,0.88648,101438.75
2021-09-26,0.88516,0.88759,0.88441,0.88735,2544.53
2021-09-27,0.88736,0.88789,0.88257,0.8846,105153.55
2021-09-28,0.88459,0.88519,0.87985,0.8821,154386.13
2021-09-29,0.88209,0.88234,0.8749,0.87628,141288.0
2021-09-30,0.87629,0.87777,0.87139,0.87462,156734.97
2021-10-01,0.87461,0.87913,0.87419,0.87716,153138.93
2021-10-03,0.87656,0.87737,0.87535,0.8763,4966.95
2021-10-04,0.8763,0.87928,0.87472,0.87628,137116.4
2021-10-05,0.87628,0.87794,0.87412,0.87515,112615.82
2021-10-06,0.87515,0.8781,0.86914,0.87038,151589.34
2021-10-07,0.87039,0.87273,0.86829,0.87037,104619.35
2021-10-08,0.87037,0.87147,0.86285,0.86285,114838.58
2021-10-10,0.86273,0.86399,0.86244,0.86392,4413.42
2021-10-11,0.86393,0.86759,0.86337,0.86639,93570.95
2021-10-12,0.86638,0.86816,0.8621,0.86375,112109.33
2021-10-13,0.86371,0.86723,0.86178,0.86709,115058.57
2021-10-14,0.86709,0.87158,0.86637,0.87049,92081.26
2021-10-15,0.87046,0.87633,0.8698,0.87401,102669.78
2021-10-17,0.87309,0.87768,0.8726,0.87645,7853.67
2021-10-18,0.87646,0.87759,0.87387,0.87726,101144.75
2021-10-19,0.87725,0.88609,0.87686,0.88392,101411.73
2021-10-20,0.8839,0.88816,0.88288,0.88709,100211.2
2021-10-21,0.88709,0.88743,0.88245,0.88507,110042.51
2021-10-22,0.88513,0.88643,0.88035,0.88429,108963.5
2021-10-24,0.88305,0.88481,0.88223,0.88443,3716.88
2021-10-25,0.88446,0.88792,0.8817,0.88692,99333.24
2021-10-26,0.8869,0.88848,0.88581,0.88801,96960.75
2021-10-27,0.88804,0.89082,0.882,0.88589,124277.94
2021-10-28,0.88591,0.89032,0.88495,0.88819,129116.62
2021-10-29,0.88816,0.88818,0.88374,0.88707,119028.26
2021-10-31,0.88658,0.8885,0.88462,0.8885,3428.8
2021-11-01,0.8885,0.89066,0.88709,0.88815,95273.81
2021-11-02,0.88816,0.8894,0.88012,0.884,102147.94
2021-11-03,0.88395,0.8885,0.88318,0.8881,116151.43
2021-11-04,0.88811,0.88856,0.88328,0.88514,112364.49
2021-11-05,0.88512,0.88692,0.88198,0.8862,106968.61
2021-11-07,0.88489,0.88639,0.88412,0.88495,2616.32
2021-11-08,0.88495,0.894,0.8847,0.89104,88338.34
2021-11-09,0.89103,0.89186,0.88521,0.88583,101270.65
2021-11-10,0.88588,0.88698,0.88031,0.88225,120290.25
2021-11-11,0.8822,0.88553,0.87875,0.88357,106936.79
2021-11-12,0.88356,0.88535,0.88104,0.88297,89374.87
2021-11-14,0.88223,0.88407,0.88182,0.88341,2737.14
2021-11-15,0.88338,0.8866,0.87983,0.88125,84355.18
2021-11-16,0.88126,0.88293,0.87681,0.87822,98092.7
2021-11-17,0.87818,0.88341,0.87765,0.88302,100265.59
2021-11-18,0.883,0.88873,0.88236,0.88735,103907.87
2021-11-19,0.88733,0.88747,0.8838,0.8838,117651.24
2021-11-21,0.88498,0.88499,0.88355,0.88442,4181.03
2021-11-22,0.88435,0.8865,0.88194,0.8825,112636.82
2021-11-23,0.8825,0.88364,0.87943,0.88113,128135.58
2021-11-24,0.88114,0.88164,0.86844,0.87024,121715.87
2021-11-25,0.87029,0.87194,0.86509,0.86659,74718.13
2021-11-26,0.86661,0.87318,0.86589,0.87096,167027.38
2021-11-28,0.87079,0.87089,0.86752,0.86837,6607.22
2021-11-29,0.86839,0.87131,0.86688,0.86994,131997.39
2021-11-30,0.86995,0.87501,0.86728,0.8716,191527.11
2021-12-01,0.87159,0.87469,0.8707,0.87274,160561.57
2021-12-02,0.87276,0.87556,0.87032,0.87294,164466.02
2021-12-03,0.87294,0.87296,0.86332,0.86616,153087.05
2021-12-05,0.86611,0.86668,0.86441,0.86592,4804.96
2021-12-06,0.86593,0.86689,0.86036,0.86116,109088.13
2021-12-07,0.8611,0.86215,0.85508,0.85804,100980.68
2021-12-08,0.85797,0.86278,0.85479,0.86117,129344.08
2021-12-09,0.86117,0.86411,0.86066,0.86324,97720.53
2021-12-10,0.86326,0.86516,0.86035,0.86401,99681.08
2021-12-12,0.86465,0.86545,0.86402,0.8643,3227.91
2021-12-13,0.8643,0.86569,0.86296,0.86457,99420.04
2021-12-14,0.86467,0.86825,0.86375,0.86653,103566.45
2021-12-15,0.86645,0.87137,0.86455,0.86991,133579.33
2021-12-16,0.8699,0.87288,0.86764,0.86842,142587.15
2021-12-17,0.86842,0.86899,0.86517,0.86805,140847.01
2021-12-19,0.86857,0.86885,0.86652,0.86807,5103.54
2021-12-20,0.86809,0.8705,0.8666,0.86822,156935.16
2021-12-21,0.8682,0.8747,0.86732,0.87416,108360.73
2021-12-22,0.87415,0.87696,0.87047,0.87441,97379.94
2021-12-23,0.8744,0.87669,0.8726,0.87302,84606.62
2021-12-24,0.87291,0.87529,0.87068,0.87087,244020.97
2021-12-26,0.87281,0.87342,0.87108,0.87309,1807.98
2021-12-27,0.87312,0.87394,0.86971,0.87146,49775.03
2021-12-28,0.87145,0.87292,0.8698,0.87196,63538.7
2021-12-29,0.87195,0.87571,0.8704,0.87408,83112.63
2021-12-30,0.87407,0.87645,0.86843,0.8703,75204.86
2021-12-31,0.8703,0.87123,0.86294,0.86369,84328.39
2022-01-02,0.86188,0.86574,0.86068,0.86569,1861.9
2022-01-03,0.86569,0.86721,0.86313,0.86553,90601.05
2022-01-04,0.86547,0.86653,0.86252,0.86541,86645.81
2022-01-05,0.86542,0.86876,0.86391,0.86658,102747.87
2022-01-06,0.86659,0.86708,0.85673,0.85785,120326.92
2022-01-07,0.85782,0.85905,0.85552,0.85585,98014.2
2022-01-09,0.85584,0.85708,0.85377,0.85678,5093.26
2022-01-10,0.85672,0.85757,0.8538,0.8568,113211.69
2022-01-11,0.85681,0.85755,0.85158,0.85306,118561.89
2022-01-12,0.85308,0.85745,0.84905,0.85587,111330.26
2022-01-13,0.85587,0.85941,0.85573,0.8581,111739.25
2022-01-14,0.85806,0.85873,0.85332,0.85361,127153.49
2022-01-16,0.85285,0.85435,0.85184,0.85361,3710.59
2022-01-17,0.85361,0.85388,0.84941,0.85047,82946.17
2022-01-18,0.85046,0.85064,0.84589,0.84609,143170.37
2022-01-19,0.8461,0.85085,0.84559,0.84808,139705.8
2022-01-20,0.84807,0.8485,0.84358,0.84369,126844.3
2022-01-21,0.84368,0.84505,0.84039,0.84404,163855.97
2022-01-23,0.84415,0.84474,0.84305,0.84417,5576.03
2022-01-24,0.84418,0.847,0.84253,0.8463,226705.48
2022-01-25,0.8463,0.84663,0.84163,0.84397,229216.13
2022-01-26,0.84397,0.84465,0.84,0.84286,217130.01
2022-01-27,0.84287,0.84302,0.83701,0.83909,250122.81
2022-01-28,0.83913,0.83915,0.83453,0.83492,212850.3
2022-01-30,0.83519,0.83741,0.83429,0.83581,4550.16
2022-01-31,0.83576,0.84129,0.83429,0.83633,178667.05
2022-02-01,0.83632,0.84305,0.83472,0.84207,162377.59
2022-02-02,0.84204,0.84349,0.83829,0.83864,138315.36
2022-02-03,0.83858,0.84612,0.83858,0.84502,180058.36
2022-02-04,0.845,0.84654,0.84167,0.84353,180648.71
2022-02-06,0.84212,0.844,0.8402,0.84353,3257.32
2022-02-07,0.84355,0.84422,0.83915,0.8405,155246.38
2022-02-08,0.84044,0.84492,0.84029,0.84473,130657.09
2022-02-09,0.84471,0.84955,0.84357,0.84646,111742.31
2022-02-10,0.84658,0.85141,0.84525,0.84862,188539.99
2022-02-11,0.84863,0.84899,0.84461,0.84556,220651.68
2022-02-13,0.84558,0.84637,0.84451,0.84546,6453.0
2022-02-14,0.84543,0.84621,0.84057,0.84219,208249.59
2022-02-15,0.84219,0.84659,0.84103,0.84469,161387.26
2022-02-16,0.8447,0.84859,0.84083,0.84797,148986.34
2022-02-17,0.84799,0.85283,0.84766,0.85002,184120.03
2022-02-18,0.85003,0.85425,0.84986,0.85332,152925.9
2022-02-20,0.85267,0.85368,0.85231,0.85315,4727.92
2022-02-21,0.8531,0.85748,0.8523,0.854,131641.43
2022-02-22,0.85406,0.86101,0.85373,0.86051,207386.58
2022-02-23,0.86051,0.86416,0.85955,0.86198,164185.26
2022-02-24,0.86196,0.86217,0.85317,0.85648,352969.96
2022-02-25,0.85654,0.86142,0.85593,0.85605,221842.32
2022-02-27,0.85126,0.85368,0.85053,0.85348,12830.19
2022-02-28,0.85349,0.85962,0.85276,0.85697,235047.25
2022-03-01,0.85699,0.86145,0.85581,0.8609,196676.34
2022-03-02,0.86095,0.8628,0.85609,0.85755,198456.42
2022-03-03,0.85756,0.86272,0.85361,0.86268,176050.99
2022-03-04,0.86267,0.87494,0.86017,0.87293,210790.64
2022-03-06,0.8707,0.87591,0.87058,0.87381,9212.2
2022-03-07,0.87382,0.88069,0.8713,0.87489,270502.09
2022-03-08,0.87494,0.87904,0.87212,0.87688,280582.9
2022-03-09,0.87691,0.87895,0.87488,0.87501,199193.7
2022-03-10,0.87501,0.8791,0.87377,0.87666,182828.82
2022-03-11,0.87668,0.87684,0.86538,0.86692,171073.19
2022-03-13,0.86563,0.86766,0.86522,0.8674,8538.03
2022-03-14,0.86744,0.8678,0.86372,0.86511,178006.75
2022-03-15,0.86513,0.87066,0.8631,0.86315,170481.86
2022-03-16,0.86314,0.86909,0.86094,0.86644,190493.68
2022-03-17,0.86643,0.87178,0.86595,0.87045,158843.45
2022-03-18,0.87042,0.87209,0.86692,0.87004,145389.6
2022-03-20,0.86896,0.87011,0.86841,0.86943,5944.12
2022-03-21,0.86943,0.87195,0.86501,0.86578,137933.16
2022-03-22,0.86575,0.87653,0.8647,0.8761,135727.42
2022-03-23,0.87606,0.87792,0.87253,0.87596,127192.5
2022-03-24,0.87598,0.87623,0.87037,0.87178,136061.14
2022-03-25,0.87177,0.87509,0.86712,0.86785,141316.22
2022-03-27,0.86652,0.86862,0.86652,0.86855,6132.16
2022-03-28,0.86856,0.86908,0.86206,0.86449,152682.56
2022-03-29,0.86448,0.86823,0.86019,0.86751,163583.55
2022-03-30,0.86748,0.87203,0.86714,0.86997,146757.54
2022-03-31,0.8699,0.87212,0.86485,0.86636,142043.97
2022-04-01,0.86637,0.86831,0.86307,0.8654,132188.9
2022-04-03,0.86451,0.86607,0.86426,0.86508,2612.09
2022-04-04,0.86508,0.86996,0.86492,0.86713,106058.19
2022-04-05,0.86712,0.8729,0.86481,0.86718,135524.55
2022-04-06,0.86716,0.87022,0.86553,0.86813,166776.52
2022-04-07,0.86813,0.86902,0.86513,0.86638,133077.72
2022-04-08,0.86628,0.86678,0.85987,0.85996,124894.04
2022-04-10,0.85923,0.86142,0.85803,0.85944,4942.96
2022-04-11,0.85947,0.8632,0.8594,0.86166,123507.13
2022-04-12,0.86167,0.86858,0.86108,0.86621,138765.25
2022-04-13,0.8662,0.87084,0.85206,0.85445,151177.57
2022-04-14,0.85447,0.85746,0.85361,0.85409,165185.68
2022-04-15,0.85406,0.85518,0.8515,0.85214,272315.73
2022-04-17,0.85319,0.85434,0.85259,0.85269,4287.34
2022-04-18,0.85267,0.85312,0.84745,0.84848,113505.73
2022-04-19,0.84849,0.85129,0.84668,0.85013,143262.27
2022-04-20,0.85013,0.85303,0.84503,0.84683,153715.02
2022-04-21,0.84682,0.8482,0.84333,0.84627,159263.01
2022-04-22,0.84629,0.84729,0.84131,0.84269,181093.19
2022-04-24,0.84283,0.84386,0.84197,0.84246,5731.09
2022-04-25,0.84244,0.84437,0.83854,0.84273,184343.72
2022-04-26,0.84271,0.84734,0.8408,0.84181,165644.94
2022-04-27,0.84182,0.84553,0.83775,0.83788,177838.33
2022-04-28,0.83802,0.83839,0.82793,0.83124,168569.63
2022-04-29,0.83126,0.83316,0.82778,0.82933,156171.06
2022-05-01,0.82927,0.83075,0.82926,0.82957,7981.11
2022-05-02,0.82958,0.83168,0.82634,0.82918,153989.18
2022-05-03,0.82918,0.83119,0.82512,0.82538,151247.19
2022-05-04,0.82537,0.83507,0.82452,0.83411,170686.19
2022-05-05,0.83413,0.8361,0.82191,0.82464,197631.44
2022-05-06,0.82467,0.8293,0.82235,0.82613,221601.36
2022-05-08,0.82498,0.82728,0.8243,0.82507,10425.92
2022-05-09,0.82506,0.82558,0.81981,0.82201,212051.3
2022-05-10,0.82206,0.82463,0.8181,0.81923,230877.44
2022-05-11,0.81927,0.82451,0.81598,0.81648,242294.22
2022-05-12,0.81645,0.81747,0.81149,0.8132,261809.89
2022-05-13,0.81323,0.81366,0.80855,0.81068,170024.3
2022-05-15,0.80924,0.81172,0.80918,0.81172,9281.43
2022-05-16,0.81167,0.81343,0.80719,0.81084,186295.04
2022-05-17,0.81083,0.81701,0.80967,0.8143,171899.09
2022-05-18,0.81426,0.81661,0.8106,0.81082,158534.45
2022-05-19,0.81078,0.82099,0.80956,0.81787,213326.94
2022-05-20,0.81788,0.82325,0.81627,0.82159,171501.95
2022-05-22,0.82055,0.8234,0.81997,0.82264,6967.22
2022-05-23,0.82263,0.82917,0.82258,0.82406,161087.43
2022-05-24,0.82401,0.82841,0.82262,0.82655,174485.32
2022-05-25,0.82655,0.83519,0.82302,0.83058,194125.73
2022-05-26,0.83059,0.83222,0.82512,0.82777,157765.76
2022-05-27,0.82776,0.83419,0.82721,0.83106,137056.41
2022-05-29,0.83062,0.8315,0.82975,0.83118,6558.42
2022-05-30,0.83119,0.83289,0.82711,0.8297,90257.85
2022-05-31,0.82972,0.83046,0.82074,0.82365,173129.11
2022-06-01,0.82366,0.82545,0.81786,0.82063,158202.99
2022-06-02,0.82062,0.82534,0.81939,0.82441,140489.69
2022-06-03,0.82446,0.82587,0.8182,0.81892,132939.92
2022-06-05,0.81933,0.81976,0.81809,0.81887,5857.36
2022-06-06,0.81888,0.82081,0.81523,0.81561,128310.87
2022-06-07,0.81562,0.81641,0.80929,0.8123,170592.8
2022-06-08,0.81229,0.81255,0.80782,0.80874,154494.7
2022-06-09,0.80874,0.81157,0.80806,0.81094,186703.22
2022-06-10,0.81094,0.81839,0.81055,0.81193,188455.31
2022-06-12,0.8108,0.81253,0.81055,0.81075,11689.55
2022-06-13,0.81076,0.81306,0.80502,0.8085,235285.45
2022-06-14,0.80848,0.81041,0.80284,0.80584,242146.72
2022-06-15,0.80583,0.81305,0.80523,0.80961,252820.98
2022-06-16,0.80956,0.82538,0.80742,0.82362,253899.71
2022-06-17,0.82368,0.82387,0.81922,0.82198,215649.66
2022-06-19,0.82045,0.82275,0.82045,0.82209,8840.5
2022-06-20,0.82207,0.8267,0.82071,0.8224,129629.52
2022-06-21,0.8224,0.82258,0.81622,0.81638,166240.4
2022-06-22,0.81649,0.81688,0.81048,0.8127,195999.21
2022-06-23,0.81271,0.81689,0.81055,0.81613,208374.82
2022-06-24,0.81616,0.81847,0.81305,0.81348,169305.8
2022-06-26,0.81332,0.81513,0.81284,0.81428,10470.11
2022-06-27,0.81425,0.81507,0.80963,0.80981,187133.68
2022-06-28,0.80982,0.81099,0.80177,0.80258,188517.19
2022-06-29,0.80257,0.8049,0.79945,0.80163,231358.18
2022-06-30,0.80163,0.80566,0.7999,0.80305,205872.29
2022-07-01,0.80301,0.80371,0.79602,0.79912,196238.08
2022-07-03,0.79599,0.80044,0.79599,0.79985,8500.14
2022-07-04,0.79984,0.80303,0.79566,0.79888,115586.43
2022-07-05,0.79883,0.80436,0.7944,0.80338,207399.75
2022-07-06,0.80338,0.8059,0.79948,0.80153,219249.18
2022-07-07,0.80153,0.80541,0.80004,0.80104,173245.14
2022-07-08,0.80106,0.80373,0.79865,0.80012,185919.35
2022-07-10,0.79818,0.80171,0.79818,0.80066,8392.03
2022-07-11,0.80066,0.80168,0.79252,0.79519,167635.64
2022-07-12,0.79517,0.79974,0.7948,0.79767,198702.66
2022-07-13,0.79762,0.7996,0.79028,0.79395,234933.85
2022-07-14,0.79398,0.80419,0.79346,0.80352,278727.78
2022-07-15,0.80354,0.80496,0.80104,0.80164,203914.66
2022-07-17,0.8005,0.80524,0.80005,0.80493,10620.12
2022-07-18,0.80494,0.80604,0.79663,0.79848,178992.06
2022-07-19,0.7985,0.80731,0.79725,0.80223,189772.99
2022-07-20,0.80222,0.80661,0.80133,0.80174,203437.5
2022-07-21,0.80173,0.80463,0.79899,0.80401,219857.86
2022-07-22,0.80396,0.80898,0.80088,0.80697,190703.54
2022-07-24,0.80664,0.80794,0.80543,0.8055,8129.63
2022-07-25,0.80551,0.80765,0.8034,0.80398,162701.49
2022-07-26,0.80401,0.80571,0.80168,0.80326,149931.04
2022-07-27,0.80328,0.8043,0.79811,0.80214,174791.26
2022-07-28,0.80215,0.80648,0.80164,0.80591,182341.49
2022-07-29,0.8059,0.80935,0.79877,0.80413,163006.42
2022-07-31,0.80238,0.80515,0.80135,0.80427,6798.29
2022-08-01,0.80429,0.81424,0.80429,0.81314,131662.54
2022-08-02,0.81318,0.81423,0.80135,0.80148,184011.6
2022-08-03,0.80151,0.80637,0.80076,0.80539,149340.48
2022-08-04,0.80544,0.81102,0.80534,0.81014,140578.65
2022-08-05,0.81014,0.81187,0.80593,0.80645,129068.51
2022-08-07,0.80711,0.80775,0.80562,0.80751,4056.3
2022-08-08,0.80746,0.81135,0.80541,0.80846,104369.8
2022-08-09,0.80846,0.81018,0.80672,0.80964,109405.66
2022-08-10,0.80971,0.82152,0.80893,0.81803,140319.11
2022-08-11,0.81807,0.82357,0.81631,0.82084,135340.37
2022-08-12,0.82088,0.82518,0.82023,0.82363,113890.27
2022-08-14,0.82253,0.82461,0.82126,0.82391,5492.14
2022-08-15,0.82394,0.82435,0.81947,0.82066,124591.48
2022-08-16,0.8207,0.82144,0.81411,0.81442,124887.86
2022-08-17,0.81447,0.81973,0.80852,0.81061,152742.39
2022-08-18,0.81063,0.81303,0.80806,0.80807,122535.8
2022-08-19,0.80814,0.80927,0.80109,0.80152,100762.12
2022-08-21,0.80119,0.80317,0.8009,0.80251,7675.89
2022-08-22,0.80253,0.80689,0.80222,0.80574,119230.76
2022-08-23,0.80582,0.80843,0.80307,0.8041,130780.85
2022-08-24,0.80414,0.80445,0.80136,0.80141,114269.92
2022-08-25,0.80146,0.80643,0.80126,0.80403,119535.78
2022-08-26,0.80407,0.80456,0.79891,0.79909,139109.06
2022-08-28,0.79806,0.79932,0.79758,0.79762,12546.01
2022-08-29,0.7976,0.80148,0.79735,0.80047,150706.97
2022-08-30,0.80043,0.80477,0.79839,0.80226,157496.06
2022-08-31,0.80228,0.80479,0.80161,0.8029,161906.05
2022-09-01,0.80293,0.80545,0.79792,0.79974,160601.36
2022-09-02,0.79973,0.80411,0.79608,0.8018,151117.27
2022-09-04,0.79836,0.80048,0.79738,0.79937,9110.61
2022-09-05,0.7994,0.80246,0.79763,0.80131,101850.7
2022-09-06,0.80131,0.80274,0.79312,0.79339,160543.38
2022-09-07,0.79341,0.79746,0.79106,0.79587,171403.67
2022-09-08,0.79588,0.79689,0.79097,0.7939,196890.07
2022-09-09,0.79388,0.79893,0.79317,0.79427,155888.25
2022-09-11,0.79354,0.79649,0.79267,0.79587,9215.94
2022-09-12,0.79588,0.7997,0.79443,0.79761,134782.61
2022-09-13,0.79765,0.79832,0.78745,0.79011,166309.95
2022-09-14,0.79011,0.79263,0.78841,0.79176,177615.5
2022-09-15,0.79174,0.79244,0.7871,0.78897,173546.69
2022-09-16,0.78899,0.79559,0.78846,0.79405,140323.06
2022-09-18,0.79357,0.79528,0.79183,0.79457,8999.12
2022-09-19,0.79461,0.79503,0.78808,0.7897,133108.53
2022-09-20,0.78972,0.79039,0.78353,0.78874,142913.48
2022-09-21,0.78877,0.79057,0.78424,0.78559,205958.18
2022-09-22,0.78563,0.78991,0.78513,0.78748,245436.74
2022-09-23,0.78746,0.78866,0.77917,0.77984,188800.09
2022-09-25,0.781,0.781,0.77891,0.77925,13460.68
2022-09-26,0.77932,0.78207,0.77236,0.77662,295171.33
2022-09-27,0.77659,0.78114,0.77139,0.77239,257828.14
2022-09-28,0.77239,0.78035,0.76681,0.77877,376313.17
2022-09-29,0.77876,0.78589,0.77515,0.78488,268362.45
2022-09-30,0.78491,0.78511,0.77237,0.7732,259474.38
2022-10-02,0.77347,0.77507,0.77202,0.77443,16674.42
2022-10-03,0.77444,0.78236,0.77413,0.77922,222390.25
2022-10-04,0.77926,0.7821,0.7707,0.77463,221621.54
2022-10-05,0.77465,0.78593,0.77363,0.78513,219310.73
2022-10-06,0.78514,0.78847,0.77455,0.77766,236284.0
2022-10-07,0.77766,0.77908,0.7688,0.76931,208052.14
2022-10-09,0.76979,0.77015,0.76861,0.76974,9987.67
2022-10-10,0.76973,0.77212,0.76235,0.7673,199873.1
2022-10-11,0.76734,0.77574,0.7656,0.76975,283561.85
2022-10-12,0.76977,0.77567,0.76873,0.77501,272299.39
2022-10-13,0.77494,0.77748,0.77006,0.77543,288304.7
2022-10-14,0.77547,0.77911,0.77009,0.77112,253812.03
2022-10-16,0.77132,0.77252,0.77121,0.77227,11403.11
2022-10-17,0.77232,0.77594,0.76918,0.77557,210722.11
2022-10-18,0.77557,0.78364,0.77518,0.78135,275080.56
2022-10-19,0.78135,0.78442,0.77812,0.77957,246623.4
2022-10-20,0.77958,0.78497,0.77584,0.78075,282213.17
2022-10-21,0.78078,0.78732,0.77489,0.78559,281776.13
2022-10-23,0.78447,0.78817,0.78444,0.78603,35725.61
2022-10-24,0.78603,0.78749,0.77652,0.78106,351924.78
2022-10-25,0.78104,0.78619,0.779,0.78171,231990.08
2022-10-26,0.78172,0.7922,0.78058,0.79132,293345.69
2022-10-27,0.79133,0.79482,0.78734,0.79017,309716.03
2022-10-28,0.79017,0.79449,0.78769,0.78996,267633.88
2022-10-30,0.78836,0.79014,0.78836,0.78921,11581.17
2022-10-31,0.7892,0.79445,0.7884,0.79262,200615.87
2022-11-01,0.79261,0.79904,0.79219,0.79609,269791.94
2022-11-02,0.79613,0.80488,0.79531,0.79696,238877.56
2022-11-03,0.79698,0.79899,0.79185,0.79241,227351.45
2022-11-04,0.7924,0.79965,0.79041,0.7991,251760.62
2022-11-06,0.79585,0.7963,0.79266,0.79611,8148.0
2022-11-07,0.79611,0.80146,0.79521,0.80111,241741.33
2022-11-08,0.8011,0.80347,0.79753,0.79969,202848.13
2022-11-09,0.79971,0.80028,0.79169,0.79589,274005.85
2022-11-10,0.79588,0.80399,0.79149,0.80196,278225.43
2022-11-11,0.80197,0.81176,0.79926,0.81039,249654.67
2022-11-13,0.8078,0.81035,0.80507,0.8092,8466.59
2022-11-14,0.80921,0.81303,0.80592,0.81121,245091.24
2022-11-15,0.81118,0.82046,0.8107,0.81808,324491.54
2022-11-16,0.81807,0.82092,0.81458,0.81985,286588.62
2022-11-17,0.81986,0.82108,0.81053,0.81613,234080.99
2022-11-18,0.81613,0.82771,0.81613,0.82308,198315.47
2022-11-20,0.82309,0.82505,0.82077,0.82451,5830.17
2022-11-21,0.82451,0.82451,0.81819,0.81974,189135.46
2022-11-22,0.81976,0.82481,0.81865,0.82237,160617.56
2022-11-23,0.82234,0.8348,0.81907,0.83391,193210.17
2022-11-24,0.83391,0.83792,0.83255,0.83458,123638.52
2022-11-25,0.8346,0.83649,0.83153,0.83433,143876.08
2022-11-27,0.83262,0.83396,0.83081,0.83329,5996.15
2022-11-28,0.8333,0.83846,0.83042,0.83122,179025.78
2022-11-29,0.8312,0.84537,0.83091,0.84151,229177.07
2022-11-30,0.84149,0.84781,0.83806,0.8467,237755.88
2022-12-01,0.8467,0.85908,0.84602,0.85546,262210.31
2022-12-02,0.85546,0.86365,0.85413,0.86284,244801.51
2022-12-04,0.86027,0.86119,0.85832,0.86083,6625.48
2022-12-05,0.8608,0.86297,0.85401,0.85898,215390.35
2022-12-06,0.85896,0.8647,0.85741,0.86296,205752.69
2022-12-07,0.86298,0.87074,0.86151,0.86705,203188.02
2022-12-08,0.86706,0.86981,0.86324,0.86691,204409.96
2022-12-09,0.86689,0.87575,0.86634,0.87471,206431.0
2022-12-11,0.87327,0.87466,0.87163,0.87268,4272.44
2022-12-12,0.87269,0.87711,0.86882,0.87044,167639.88
2022-12-13,0.87044,0.88173,0.86796,0.87456,254597.57
2022-12-14,0.87457,0.87568,0.87042,0.87421,235934.44
2022-12-15,0.87421,0.87515,0.86332,0.86609,231017.85
2022-12-16,0.86611,0.87556,0.86544,0.87328,205112.12
2022-12-18,0.87217,0.87328,0.87124,0.87198,3609.69
2022-12-19,0.872,0.87353,0.86719,0.86775,183410.11
2022-12-20,0.86774,0.87087,0.85892,0.86266,276885.27
2022-12-21,0.86265,0.86302,0.85434,0.85592,203626.41
2022-12-22,0.8559,0.85947,0.8499,0.85223,193142.37
2022-12-23,0.85228,0.85721,0.85086,0.85364,203134.04
2022-12-25,0.85273,0.85363,0.85187,0.85363,25.96
2022-12-26,0.85352,0.85617,0.84868,0.85484,38580.78
2022-12-27,0.85484,0.85524,0.84597,0.84829,151425.34
2022-12-28,0.8483,0.85988,0.84703,0.85907,173617.98
2022-12-29,0.85905,0.86223,0.85615,0.85991,132193.81
2022-12-30,0.85992,0.86244,0.85587,0.85965,183120.44
2023-01-02,0.85592,0.86088,0.85404,0.85788,51971.07
2023-01-03,0.85789,0.86184,0.84553,0.85391,242666.31
2023-01-04,0.85392,0.86252,0.84679,0.84737,251355.7
2023-01-05,0.84736,0.85138,0.84298,0.84419,246818.18
2023-01-06,0.84424,0.85458,0.8433,0.85297,248897.32
2023-01-08,0.85023,0.85462,0.85006,0.85449,5902.88
2023-01-09,0.85451,0.85806,0.8507,0.8529,221815.96
2023-01-10,0.8529,0.85586,0.85073,0.85581,234476.24
2023-01-11,0.8558,0.85678,0.8512,0.85493,179980.6
2023-01-12,0.85495,0.85695,0.84717,0.85433,248705.34
2023-01-13,0.85435,0.85542,0.85064,0.85457,214832.86
2023-01-15,0.85312,0.85675,0.85089,0.85494,4288.5
2023-01-16,0.85493,0.85817,0.85336,0.85585,133648.68
2023-01-17,0.85585,0.86154,0.85528,0.86118,213385.1
2023-01-18,0.86119,0.87334,0.86032,0.86964,271356.99
2023-01-19,0.86963,0.87005,0.85819,0.86089,208433.63
2023-01-20,0.8609,0.86786,0.86048,0.86546,172674.26
2023-01-22,0.8652,0.86774,0.86354,0.86742,3129.58
2023-01-23,0.86744,0.86883,0.8629,0.86759,165182.63
2023-01-24,0.8676,0.87202,0.86486,0.86835,162855.54
2023-01-25,0.86837,0.86881,0.86199,0.86718,178955.47
2023-01-26,0.8672,0.87007,0.86083,0.86414,168588.94
2023-01-27,0.86419,0.86757,0.8615,0.86368,143683.0
2023-01-29,0.86306,0.86386,0.86214,0.86366,4129.85
2023-01-30,0.86368,0.86679,0.8633,0.86563,160843.68
2023-01-31,0.86562,0.86678,0.85385,0.85652,184173.29
2023-02-01,0.85654,0.86537,0.8546,0.86474,203148.17
2023-02-02,0.86475,0.86799,0.86062,0.86216,231064.18
2023-02-03,0.86216,0.8655,0.84702,0.84719,214851.86
2023-02-05,0.84567,0.84899,0.84482,0.84762,7830.32
2023-02-06,0.84763,0.84867,0.84393,0.84782,174131.34
2023-02-07,0.84784,0.851,0.84462,0.84642,228808.13
2023-02-08,0.84644,0.84883,0.84544,0.84879,168777.99
2023-02-09,0.84876,0.85456,0.84808,0.85066,155408.04
2023-02-10,0.85068,0.85193,0.84081,0.84138,176850.05
2023-02-12,0.84186,0.84307,0.84108,0.84292,3991.37
2023-02-13,0.84292,0.84905,0.84095,0.84794,129655.46
2023-02-14,0.84794,0.84902,0.84073,0.84493,212996.5
2023-02-15,0.84496,0.84499,0.83944,0.84072,166958.69
2023-02-16,0.84073,0.84382,0.83835,0.84127,184625.87
2023-02-17,0.84127,0.84166,0.83691,0.84097,161894.63
2023-02-19,0.83995,0.84101,0.83971,0.84056,3549.07
2023-02-20,0.84056,0.84239,0.83789,0.84168,100385.36
2023-02-21,0.84166,0.84299,0.8374,0.84116,177080.03
2023-02-22,0.84117,0.84586,0.83905,0.84286,178881.64
2023-02-23,0.84286,0.84514,0.84116,0.84366,164098.96
2023-02-24,0.84368,0.84498,0.83801,0.83812,174076.98
2023-02-26,0.83819,0.83878,0.83691,0.83798,3922.17
2023-02-27,0.83801,0.83909,0.83368,0.83668,139427.79
2023-02-28,0.83666,0.84477,0.83422,0.84404,144737.36
2023-03-01,0.84405,0.85275,0.84201,0.84976,184209.62
2023-03-02,0.84977,0.84986,0.84305,0.84556,166518.24
2023-03-03,0.84555,0.84846,0.84388,0.84536,138447.61
2023-03-05,0.84473,0.84584,0.84453,0.84453,3047.32
2023-03-06,0.84456,0.84603,0.84046,0.84378,124642.71
2023-03-07,0.84379,0.84676,0.83776,0.84011,181726.4
2023-03-08,0.84012,0.84506,0.83789,0.84357,151518.87
2023-03-09,0.84356,0.84723,0.84184,0.84372,147402.61
2023-03-10,0.84373,0.85155,0.84347,0.84736,257450.48
2023-03-12,0.84719,0.84977,0.84612,0.84788,20165.42
2023-03-13,0.84788,0.85706,0.84558,0.85371,368601.19
2023-03-14,0.85372,0.85488,0.84848,0.85264,279132.61
2023-03-15,0.85263,0.85583,0.84513,0.84799,310223.15
2023-03-16,0.84799,0.85108,0.84551,0.85105,259046.02
2023-03-17,0.85106,0.86133,0.84996,0.86002,181733.63
2023-03-19,0.86138,0.86146,0.85906,0.86007,12915.69
2023-03-20,0.86006,0.86027,0.85199,0.85327,182251.37
2023-03-21,0.85328,0.85347,0.84473,0.84889,135326.67
2023-03-22,0.84884,0.85815,0.84639,0.85462,159998.19
2023-03-23,0.85462,0.85981,0.8539,0.85674,172197.78
2023-03-24,0.85672,0.85696,0.85102,0.85172,157100.94
2023-03-26,0.84988,0.85263,0.84988,0.85254,6689.42
2023-03-27,0.85253,0.85256,0.84471,0.84684,112865.78
2023-03-28,0.84686,0.85249,0.84678,0.84994,100100.06
2023-03-29,0.84994,0.85273,0.84237,0.84347,102799.17
2023-03-30,0.84346,0.84764,0.84228,0.84761,99844.05
2023-03-31,0.84761,0.8506,0.84448,0.84534,110186.87
2023-04-02,0.84406,0.84428,0.84024,0.84041,10908.85
2023-04-03,0.8404,0.84753,0.8396,0.84639,125672.41
2023-04-04,0.8464,0.84887,0.84353,0.8487,121457.1
2023-04-05,0.84868,0.85637,0.84679,0.84988,123915.12
2023-04-06,0.84988,0.85024,0.83971,0.84266,96654.87
2023-04-07,0.84264,0.84637,0.83982,0.84449,66292.08
2023-04-09,0.84328,0.84471,0.84313,0.84452,5206.41
2023-04-10,0.84454,0.84479,0.83817,0.8407,75414.54
2023-04-11,0.84069,0.84139,0.8321,0.83383,90887.01
2023-04-12,0.83378,0.83893,0.83247,0.83551,123748.06
2023-04-13,0.8355,0.84241,0.8332,0.84068,107878.01
2023-04-14,0.84067,0.84116,0.82872,0.82872,118928.65
2023-04-16,0.82804,0.82969,0.8277,0.82879,2951.53
2023-04-17,0.82877,0.82928,0.8253,0.82784,98245.83
2023-04-18,0.82786,0.83245,0.82716,0.83206,95449.75
2023-04-19,0.83206,0.83626,0.82905,0.8299,94493.78
2023-04-20,0.82992,0.83446,0.82835,0.8328,81416.92
2023-04-21,0.8328,0.83287,0.82887,0.83025,70350.06
2023-04-23,0.8296,0.83182,0.82923,0.83146,2566.83
2023-04-24,0.83143,0.83568,0.8303,0.83564,65175.73
2023-04-25,0.83564,0.8384,0.83497,0.837,74261.65
2023-04-26,0.83698,0.83779,0.83266,0.8341,93344.47
2023-04-27,0.83408,0.83899,0.83351,0.83569,89148.0
2023-04-28,0.83569,0.8405,0.83542,0.83653,98436.04
2023-04-30,0.83481,0.83742,0.83366,0.83675,4480.74
2023-05-01,0.83676,0.84042,0.83395,0.83528,69641.62
2023-05-02,0.83525,0.84842,0.83517,0.84772,95661.57
2023-05-03,0.84774,0.85101,0.84578,0.84614,107425.86
2023-05-04,0.84615,0.8538,0.84593,0.85059,117233.87
2023-05-05,0.85059,0.85302,0.84053,0.84073,82047.72
2023-05-07,0.84063,0.84305,0.84061,0.84261,3726.61
2023-05-08,0.84261,0.84919,0.84214,0.84724,59703.25
2023-05-09,0.84722,0.84858,0.84564,0.84761,59498.56
2023-05-10,0.84764,0.852,0.84578,0.8517,85180.83
2023-05-11,0.85173,0.85347,0.84835,0.84917,86786.16
2023-05-12,0.84913,0.84981,0.83747,0.83828,68248.36
2023-05-14,0.83685,0.83979,0.83684,0.83972,4779.0
2023-05-15,0.8397,0.84204,0.83792,0.84072,61243.37
2023-05-16,0.84073,0.84234,0.83673,0.84038,69704.15
2023-05-17,0.84036,0.84461,0.83957,0.84086,73992.44
2023-05-18,0.84087,0.8439,0.83662,0.84161,77617.1
2023-05-19,0.8416,0.85085,0.84106,0.84633,78460.33
2023-05-21,0.84379,0.8476,0.84379,0.84743,3659.14
2023-05-22,0.84743,0.84938,0.84565,0.84866,79018.35
2023-05-23,0.84866,0.85029,0.84049,0.84355,84234.41
2023-05-24,0.84354,0.84436,0.82782,0.82939,94913.92
2023-05-25,0.82938,0.82978,0.82417,0.82581,91549.28
2023-05-26,0.8258,0.82917,0.82247,0.82249,77373.57
2023-05-28,0.82203,0.82419,0.82008,0.82396,3761.54
2023-05-29,0.82393,0.82525,0.8212,0.82213,37513.47
2023-05-30,0.8221,0.8237,0.8195,0.82215,79789.6
2023-05-31,0.82214,0.8227,0.81351,0.81698,91002.78
2023-06-01,0.81697,0.81848,0.81316,0.8152,89887.82
2023-06-02,0.81517,0.81982,0.81288,0.81288,85468.84
2023-06-04,0.81085,0.81339,0.81074,0.81326,3451.94
2023-06-05,0.81325,0.81743,0.81172,0.8163,69476.31
2023-06-06,0.81631,0.81801,0.81222,0.81435,74391.23
2023-06-07,0.81432,0.81587,0.80539,0.8077,77448.98
2023-06-08,0.8077,0.81555,0.80723,0.81415,76067.85
2023-06-09,0.81416,0.81874,0.81198,0.8174,66996.39
2023-06-11,0.81484,0.81761,0.81483,0.81743,2278.53
2023-06-12,0.81748,0.8198,0.81569,0.81884,60948.89
2023-06-13,0.81883,0.82251,0.81648,0.82004,86898.94
2023-06-14,0.82004,0.8294,0.81775,0.82585,97580.3
2023-06-15,0.82587,0.8265,0.82037,0.82429,91196.66
2023-06-16,0.82429,0.82592,0.82006,0.82288,77884.67
2023-06-18,0.82014,0.82261,0.82002,0.82221,4360.97
2023-06-19,0.82223,0.82266,0.81714,0.81906,67187.01
2023-06-20,0.81905,0.81948,0.81346,0.81543,96443.13
2023-06-21,0.81543,0.81811,0.81355,0.81666,102507.91
2023-06-22,0.81666,0.8184,0.8108,0.81255,96244.23
2023-06-23,0.81256,0.81362,0.80799,0.80888,96444.8
2023-06-25,0.80837,0.81016,0.80762,0.8093,4900.92
2023-06-26,0.80929,0.81242,0.80774,0.81041,83665.39
2023-06-27,0.81042,0.81567,0.80963,0.81247,93823.43
2023-06-28,0.81245,0.81249,0.80418,0.80474,88488.64
2023-06-29,0.80474,0.80877,0.80196,0.80357,98055.67
2023-06-30,0.80357,0.81307,0.80308,0.81273,84760.3
2023-07-02,0.81006,0.81274,0.81006,0.81222,2821.8
2023-07-03,0.81221,0.81645,0.81202,0.81543,79762.33
2023-07-04,0.81547,0.82112,0.81383,0.8195,51741.72
2023-07-05,0.81951,0.82289,0.81874,0.82051,78868.25
2023-07-06,0.82051,0.82632,0.81954,0.82336,108571.97
2023-07-07,0.82338,0.82688,0.82158,0.82393,93795.91
2023-07-09,0.82269,0.82435,0.82128,0.82394,3843.52
2023-07-10,0.82393,0.82596,0.81984,0.82365,79347.37
2023-07-11,0.82365,0.82534,0.81837,0.81992,86040.54
2023-07-12,0.81991,0.83206,0.81727,0.83107,101444.96
2023-07-13,0.83108,0.84056,0.83071,0.83803,101215.31
2023-07-14,0.83805,0.84271,0.83561,0.84165,94093.99
2023-07-16,0.84,0.84223,0.83795,0.84175,3772.62
2023-07-17,0.84174,0.84182,0.83212,0.83438,74943.32
2023-07-18,0.83436,0.83637,0.82518,0.82864,105548.27
2023-07-19,0.82863,0.82936,0.82046,0.82424,96270.87
2023-07-20,0.82421,0.8288,0.81754,0.82074,101775.09
2023-07-21,0.82072,0.82111,0.81457,0.81543,83007.52
2023-07-23,0.81476,0.81605,0.81455,0.81556,3351.25
2023-07-24,0.81558,0.81928,0.81369,0.81664,97771.69
2023-07-25,0.81666,0.82152,0.8155,0.81955,85297.06
2023-07-26,0.81957,0.82284,0.81604,0.82012,116189.91
2023-07-27,0.8201,0.82589,0.81548,0.81844,118146.56
2023-07-28,0.81843,0.81846,0.81024,0.81516,119267.12
2023-07-30,0.81482,0.81657,0.81247,0.81598,4257.25
2023-07-31,0.81599,0.82109,0.81556,0.81837,79995.65
2023-08-01,0.8184,0.81971,0.81415,0.8146,88697.87
2023-08-02,0.81463,0.815,0.80918,0.81195,86205.88
2023-08-03,0.81195,0.81336,0.80943,0.8119,103539.72
2023-08-04,0.81188,0.81849,0.81113,0.81556,91558.4
2023-08-06,0.8119,0.81586,0.8119,0.81569,4771.26
2023-08-07,0.81572,0.81731,0.81461,0.81644,62713.15
2023-08-08,0.81645,0.8165,0.81014,0.8132,81979.21
2023-08-09,0.81321,0.81698,0.80999,0.8132,74877.78
2023-08-10,0.81316,0.81807,0.80811,0.80811,99808.89
2023-08-11,0.80811,0.80872,0.80317,0.80399,77739.85
2023-08-13,0.80343,0.80531,0.80343,0.80409,4199.24
2023-08-14,0.80409,0.80547,0.80104,0.80391,81766.02
2023-08-15,0.80393,0.80682,0.80268,0.80351,101573.95
2023-08-16,0.8035,0.80818,0.80109,0.80278,92176.37
2023-08-17,0.80281,0.80494,0.79935,0.80254,95422.88
2023-08-18,0.80255,0.80537,0.80154,0.80201,78131.57
2023-08-20,0.80229,0.80332,0.80151,0.80244,2973.73
2023-08-21,0.80242,0.80341,0.79907,0.80308,71111.76
2023-08-22,0.80309,0.80743,0.80243,0.80476,75094.85
2023-08-23,0.80472,0.81018,0.8045,0.8078,80060.65
2023-08-24,0.80787,0.80812,0.80272,0.80414,78430.01
2023-08-25,0.80412,0.80689,0.80141,0.80276,85496.79
2023-08-27,0.80144,0.80349,0.79995,0.80332,3052.05
2023-08-28,0.80328,0.80501,0.79941,0.8033,60529.51
2023-08-29,0.8033,0.81033,0.80247,0.80894,79675.7
2023-08-30,0.80894,0.8125,0.80396,0.80566,83532.13
2023-08-31,0.80565,0.80808,0.80291,0.80696,82928.81
2023-09-01,0.80694,0.81393,0.80354,0.80704,90978.96
2023-09-03,0.8058,0.80806,0.8058,0.80774,2413.71
2023-09-04,0.80773,0.80968,0.80516,0.8072,41510.32
2023-09-05,0.80719,0.80743,0.79959,0.80238,84487.74
2023-09-06,0.80236,0.80479,0.79881,0.80054,81575.11
2023-09-07,0.80053,0.80542,0.79999,0.80422,70637.17
2023-09-08,0.80425,0.80778,0.80167,0.80167,67467.33
2023-09-10,0.80285,0.80446,0.80113,0.80401,6458.35
2023-09-11,0.80401,0.80687,0.79996,0.80319,71689.22
2023-09-12,0.80318,0.8038,0.79818,0.80074,64763.35
2023-09-13,0.80074,0.80278,0.7985,0.80215,88548.21
2023-09-14,0.80213,0.80445,0.79701,0.79771,90620.01
2023-09-15,0.79777,0.80161,0.79694,0.79724,72129.1
2023-09-17,0.79586,0.79861,0.79586,0.79839,2113.03
2023-09-18,0.7984,0.79986,0.79472,0.79831,57989.47
2023-09-19,0.79833,0.80031,0.79408,0.79973,64417.19
2023-09-20,0.7997,0.80233,0.79545,0.79825,91550.92
2023-09-21,0.79823,0.80037,0.79613,0.79925,87734.18
2023-09-22,0.79928,0.80496,0.79781,0.80326,80003.65
2023-09-24,0.80167,0.80329,0.80158,0.80266,6358.57
2023-09-25,0.80264,0.80432,0.80113,0.80245,62484.68
2023-09-26,0.80248,0.80583,0.80103,0.80396,76369.58
2023-09-27,0.80397,0.80459,0.79645,0.79844,85238.46
2023-09-28,0.79845,0.80558,0.79832,0.8045,105897.3
2023-09-29,0.80451,0.81423,0.80445,0.81342,99633.77
2023-10-01,0.81279,0.81409,0.81101,0.81367,4607.57
2023-10-02,0.81366,0.81495,0.81131,0.81235,88562.32
2023-10-03,0.81235,0.81252,0.80752,0.81048,116503.49
2023-10-04,0.81047,0.8138,0.80519,0.8133,119850.76
2023-10-05,0.81331,0.81844,0.81289,0.81778,105685.35
2023-10-06,0.81778,0.81947,0.81244,0.81817,108999.37
2023-10-08,0.815,0.81673,0.815,0.81581,8482.19
2023-10-09,0.81581,0.81921,0.81433,0.81895,84222.53
2023-10-10,0.81895,0.82142,0.81608,0.82053,99015.0
2023-10-11,0.82051,0.82175,0.81601,0.81816,92130.25
2023-10-12,0.81817,0.81851,0.81006,0.81008,85938.26
2023-10-13,0.81009,0.81106,0.80309,0.80312,81773.17
2023-10-15,0.80548,0.80657,0.80376,0.80579,5456.26
2023-10-16,0.8058,0.80878,0.80293,0.80328,75928.82
2023-10-17,0.80327,0.8053,0.80205,0.8047,83203.64
2023-10-18,0.80468,0.80659,0.80138,0.8026,95375.78
2023-10-19,0.80261,0.80318,0.79844,0.801,114039.21
2023-10-20,0.80103,0.80106,0.79656,0.79863,74939.01
2023-10-22,0.79659,0.79935,0.79614,0.79877,2993.71
2023-10-23,0.79875,0.80103,0.79695,0.8008,70719.29
2023-10-24,0.80081,0.80336,0.80021,0.80334,78554.85
2023-10-25,0.80337,0.80589,0.79862,0.79932,78897.35
2023-10-26,0.7993,0.80553,0.79734,0.80512,88098.93
2023-10-27,0.80511,0.80853,0.80313,0.80537,72498.09
2023-10-29,0.80478,0.80647,0.80407,0.80509,4607.89
2023-10-30,0.80509,0.80853,0.80486,0.80744,65901.64
2023-10-31,0.80742,0.80955,0.80369,0.80583,77549.27
2023-11-01,0.80583,0.81324,0.80391,0.81324,95838.45
2023-11-02,0.81326,0.81594,0.8095,0.81037,72936.45
2023-11-03,0.81041,0.82002,0.80958,0.81852,83822.12
2023-11-05,0.81746,0.81901,0.81746,0.81889,2429.39
2023-11-06,0.81888,0.81908,0.81482,0.81646,62883.6
2023-11-07,0.81648,0.81736,0.8126,0.81699,64096.24
2023-11-08,0.817,0.81813,0.81437,0.81518,66601.03
2023-11-09,0.81517,0.81954,0.81262,0.81308,80534.17
2023-11-10,0.81307,0.8154,0.8124,0.81244,55635.18
2023-11-12,0.81093,0.81399,0.8104,0.81307,3171.64
2023-11-13,0.81307,0.81438,0.80889,0.81172,51952.08
2023-11-14,0.81175,0.82333,0.80944,0.82241,81617.58
2023-11-15,0.82243,0.82738,0.82137,0.82475,81306.24
2023-11-16,0.82475,0.82561,0.81844,0.82018,84139.51
2023-11-17,0.82018,0.82296,0.81767,0.82161,75623.42
2023-11-19,0.81923,0.82302,0.81877,0.82241,4539.35
2023-11-20,0.82238,0.82897,0.8219,0.82894,78387.68
2023-11-21,0.82891,0.83515,0.82552,0.82932,82557.43
2023-11-22,0.82935,0.83019,0.82249,0.82428,84675.66
2023-11-23,0.82429,0.82855,0.82422,0.82825,43785.02
2023-11-24,0.82825,0.83122,0.82686,0.82801,54871.98
2023-11-26,0.82827,0.8293,0.82819,0.82825,1910.01
2023-11-27,0.82825,0.83176,0.82747,0.83031,64762.63
2023-11-28,0.83027,0.8341,0.82715,0.83357,82538.69
2023-11-29,0.83614,0.83671,0.83611,0.83637,1167.0
2023-11-30,0.83639,0.83928,0.83234,0.83457,119056.8
2023-12-01,0.83457,0.83814,0.83129,0.83738,97795.11
2023-12-03,0.83563,0.83853,0.83563,0.83828,6119.37
2023-12-04,0.83828,0.83939,0.83267,0.83459,93077.23
2023-12-05,0.83456,0.83581,0.83152,0.83344,90997.64
2023-12-06,0.83344,0.8376,0.83316,0.83441,80411.64
2023-12-07,0.83443,0.8415,0.83153,0.83754,89965.0
2023-12-08,0.83755,0.83855,0.83043,0.83058,98783.47
2023-12-10,0.83027,0.83204,0.82994,0.83165,3018.47
2023-12-11,0.83164,0.83275,0.82915,0.83122,64883.0
2023-12-12,0.83121,0.83572,0.83077,0.83361,73906.14
2023-12-13,0.83363,0.83842,0.82723,0.83628,99112.31
2023-12-14,0.83628,0.84141,0.82855,0.83278,120777.61
2023-12-15,0.83285,0.83312,0.82781,0.82993,92732.2
2023-12-17,0.82761,0.83081,0.8265,0.8308,4042.12
2023-12-18,0.83082,0.83561,0.83043,0.83252,71405.37
2023-12-19,0.83255,0.83669,0.83221,0.83568,66782.37
2023-12-20,0.83568,0.83964,0.83281,0.83528,69341.51
2023-12-21,0.83528,0.83859,0.83287,0.83597,85193.55
2023-12-22,0.83596,0.8372,0.83294,0.83485,91934.86
2023-12-25,0.83178,0.83567,0.83097,0.83523,1827.64
2023-12-26,0.83524,0.83809,0.83179,0.83522,34114.65
2023-12-27,0.83522,0.83813,0.83389,0.83806,47890.64
2023-12-28,0.83807,0.8403,0.8356,0.83794,60330.43
2023-12-29,0.83793,0.84142,0.83358,0.83668,51352.76
2024-01-01,0.83525,0.83737,0.8346,0.83619,2883.59
2024-01-02,0.83621,0.83677,0.83172,0.83269,75601.7
2024-01-03,0.83269,0.83608,0.83081,0.83433,94752.3
2024-01-04,0.83433,0.83715,0.82981,0.83207,83538.7
2024-01-05,0.83206,0.83574,0.82797,0.83333,106512.25
2024-01-07,0.83107,0.8348,0.83107,0.83461,2449.95
2024-01-08,0.83462,0.83587,0.83154,0.83435,70495.56
2024-01-09,0.83437,0.8366,0.83291,0.83509,71951.0
2024-01-10,0.83511,0.83616,0.83072,0.83325,68432.04
2024-01-11,0.83326,0.83632,0.83141,0.83508,95864.41
2024-01-12,0.8351,0.83804,0.83334,0.83598,78231.16
2024-01-14,0.83529,0.83621,0.83464,0.83531,5243.75
2024-01-15,0.83532,0.83549,0.82946,0.83151,46173.46
2024-01-16,0.8315,0.83298,0.82659,0.82826,108795.9
2024-01-17,0.82828,0.82939,0.823,0.8253,96058.2
2024-01-18,0.82532,0.82739,0.82317,0.82516,88149.02
2024-01-19,0.82517,0.82602,0.82032,0.82038,75640.87
2024-01-21,0.82021,0.82199,0.81896,0.82163,4472.54
2024-01-22,0.82164,0.82385,0.81702,0.81848,63649.28
2024-01-23,0.81847,0.82294,0.81765,0.82104,72198.47
2024-01-24,0.82105,0.82718,0.8204,0.82602,83864.32
2024-01-25,0.82601,0.8276,0.82248,0.82324,85053.05
2024-01-26,0.82326,0.82333,0.81881,0.81893,59839.68
2024-01-28,0.8189,0.81961,0.81836,0.81945,4125.63
2024-01-29,0.81943,0.82414,0.81905,0.82247,52817.9
2024-01-30,0.82249,0.82429,0.82046,0.82167,64928.09
2024-01-31,0.82165,0.82601,0.81957,0.82095,116689.28
2024-02-01,0.82095,0.82405,0.817,0.82233,99912.34
2024-02-02,0.82231,0.82393,0.8157,0.81579,80994.33
2024-02-04,0.81585,0.81712,0.81506,0.81648,4900.53
2024-02-05,0.8165,0.81989,0.81548,0.81963,75825.09
2024-02-06,0.81965,0.82333,0.81814,0.82265,76511.19
2024-02-07,0.82265,0.82462,0.82174,0.82231,75338.91
2024-02-08,0.82231,0.82346,0.81818,0.82275,66750.91
2024-02-09,0.82275,0.82829,0.82179,0.82757,61761.01
2024-02-11,0.82728,0.82774,0.82497,0.82724,4817.83
2024-02-12,0.82722,0.82753,0.82317,0.82435,50954.38
2024-02-13,0.82437,0.82446,0.81856,0.82161,83589.06
2024-02-14,0.82161,0.82504,0.82101,0.82425,68045.21
2024-02-15,0.82425,0.8273,0.82149,0.82276,67477.95
2024-02-16,0.82275,0.82705,0.8208,0.82561,65003.86
2024-02-18,0.82414,0.82693,0.82405,0.82673,2786.66
2024-02-19,0.82671,0.82972,0.82649,0.82911,35847.34
2024-02-20,0.82913,0.8367,0.82795,0.8339,73615.69
2024-02-21,0.83391,0.83735,0.8324,0.83401,66942.69
2024-02-22,0.83402,0.83629,0.83331,0.83505,71115.06
2024-02-23,0.83503,0.83701,0.83416,0.83661,49817.31
2024-02-25,0.83536,0.83654,0.83441,0.83553,3620.5
2024-02-26,0.83554,0.83595,0.83231,0.83248,49961.4
2024-02-27,0.8325,0.8353,0.83107,0.83464,55121.55
2024-02-28,0.83468,0.83561,0.82554,0.82762,66406.81
2024-02-29,0.82764,0.82899,0.82342,0.82586,73852.89
2024-03-01,0.82586,0.82918,0.82555,0.82731,56282.85
2024-03-03,0.82713,0.82796,0.82633,0.82693,3277.11
2024-03-04,0.82695,0.82822,0.82647,0.82731,46042.92
2024-03-05,0.82732,0.82825,0.82514,0.82713,59449.43
2024-03-06,0.82714,0.82981,0.82504,0.82794,63904.18
2024-03-07,0.82793,0.83239,0.82793,0.83111,60487.53
2024-03-08,0.8311,0.83461,0.82918,0.83257,70202.83
2024-03-10,0.83189,0.83328,0.83136,0.83295,3125.33
2024-03-11,0.83295,0.8334,0.83055,0.83146,52841.27
2024-03-12,0.83148,0.83316,0.8273,0.82961,71904.5
2024-03-13,0.82958,0.83221,0.82792,0.82997,51950.56
2024-03-14,0.82995,0.83134,0.82824,0.82886,61332.38
2024-03-15,0.82888,0.82896,0.82301,0.82323,45876.7
2024-03-17,0.82312,0.82449,0.82252,0.82442,3266.55
2024-03-18,0.82443,0.82543,0.82215,0.82312,38762.18
2024-03-19,0.82314,0.82372,0.81929,0.82078,56002.28
2024-03-20,0.8208,0.82191,0.81491,0.82038,72743.84
2024-03-21,0.82041,0.82179,0.81695,0.81778,65392.01
2024-03-22,0.81777,0.81822,0.81427,0.81457,48149.46
2024-03-24,0.81509,0.81557,0.81332,0.81522,3674.47
2024-03-25,0.81524,0.81697,0.81477,0.81508,41986.61
2024-03-26,0.81506,0.81816,0.81452,0.81525,41026.74
2024-03-27,0.81577,0.81684,0.8134,0.81398,45601.36
2024-03-28,0.81397,0.81474,0.80737,0.80847,59800.66
2024-03-29,0.8085,0.81108,0.80724,0.80882,20809.71
2024-03-31,0.80761,0.80999,0.80747,0.80932,5547.25
2024-04-01,0.80934,0.81026,0.80653,0.80776,36088.3
2024-04-02,0.80775,0.81028,0.80695,0.80952,43006.79
2024-04-03,0.80951,0.81348,0.80777,0.81322,44424.74
2024-04-04,0.81321,0.81719,0.81314,0.81614,44733.98
2024-04-05,0.81617,0.81865,0.81419,0.81667,59300.22
2024-04-07,0.81611,0.81731,0.81453,0.81668,3184.26
2024-04-08,0.8167,0.8201,0.81639,0.81883,47139.7
2024-04-09,0.81882,0.82362,0.81875,0.82313,48076.14
2024-04-10,0.82312,0.82482,0.81613,0.81775,101403.04
2024-04-11,0.81778,0.82192,0.81704,0.82131,78084.72
2024-04-12,0.82129,0.82235,0.81685,0.81723,63924.49
2024-04-14,0.81702,0.81841,0.81684,0.81778,5273.87
2024-04-15,0.8178,0.81886,0.81324,0.81365,70465.74
2024-04-16,0.81362,0.81537,0.81016,0.81406,89638.67
2024-04-17,0.81407,0.81699,0.81254,0.81417,66490.56
2024-04-18,0.81416,0.81585,0.81177,0.81265,65750.67
2024-04-19,0.81266,0.81289,0.80774,0.80934,87272.91
2024-04-21,0.80749,0.81058,0.8074,0.81046,3648.24
2024-04-22,0.81045,0.8131,0.80923,0.81112,50536.5
2024-04-23,0.81109,0.81236,0.80913,0.81073,58118.01
2024-04-24,0.8107,0.81379,0.8107,0.81335,57594.4
2024-04-25,0.81335,0.8155,0.80944,0.81358,66539.13
2024-04-26,0.81359,0.81478,0.81119,0.81163,57825.79
2024-04-28,0.81198,0.81247,0.811,0.8121,2073.38
2024-04-29,0.81213,0.81696,0.81153,0.81588,67207.54
2024-04-30,0.81588,0.81608,0.80878,0.80967,69417.08
2024-05-01,0.80968,0.81517,0.80966,0.81358,78274.76
2024-05-02,0.81356,0.81569,0.81177,0.81492,77515.26
2024-05-03,0.81492,0.82392,0.81431,0.82196,94647.0
2024-05-05,0.82157,0.82276,0.81988,0.82237,2858.64
2024-05-06,0.82236,0.8241,0.82021,0.82136,35250.75
2024-05-07,0.82137,0.82459,0.82117,0.82342,50294.93
2024-05-08,0.82344,0.82445,0.82224,0.82408,41787.11
2024-05-09,0.82408,0.82573,0.82275,0.82538,46139.27
2024-05-10,0.82537,0.82553,0.82035,0.8226,39423.29
2024-05-12,0.82141,0.82346,0.82016,0.82291,2859.67
2024-05-13,0.82291,0.82425,0.82103,0.82305,36350.95
2024-05-14,0.82306,0.82499,0.82029,0.82488,47273.76
2024-05-15,0.8249,0.8335,0.82469,0.83328,58469.9
2024-05-16,0.83328,0.83441,0.83097,0.83369,47412.48
2024-05-17,0.83369,0.83552,0.83209,0.83468,32528.43
2024-05-19,0.83437,0.83509,0.83383,0.83482,1903.97
2024-05-20,0.8348,0.83483,0.83042,0.83185,40877.1
2024-05-21,0.83183,0.83377,0.82974,0.83095,47930.09
2024-05-22,0.83093,0.83821,0.82993,0.8349,74957.74
2024-05-23,0.83489,0.83788,0.83481,0.83702,59012.38
2024-05-24,0.83703,0.83828,0.83541,0.83577,43274.19
2024-05-26,0.83466,0.83696,0.8339,0.83661,2972.97
2024-05-27,0.8366,0.83904,0.83649,0.83826,27483.78
2024-05-28,0.83824,0.84046,0.83679,0.83784,53766.96
2024-05-29,0.83785,0.83923,0.83717,0.83855,52935.91
2024-05-30,0.83837,0.8384,0.83551,0.83671,62310.61
2024-05-31,0.83672,0.83984,0.83591,0.8368,68524.11
2024-06-02,0.83464,0.83755,0.83462,0.83723,3956.73
2024-06-03,0.8372,0.84407,0.83683,0.84385,66454.0
2024-06-04,0.84382,0.84548,0.84261,0.84438,83965.44
2024-06-05,0.84438,0.84866,0.84402,0.84815,63602.09
2024-06-06,0.84816,0.84944,0.84539,0.84684,56902.9
2024-06-07,0.84686,0.84753,0.83938,0.83946,78091.84
2024-06-09,0.83937,0.84042,0.83907,0.83989,3088.41
2024-06-10,0.83991,0.84369,0.83952,0.84321,44181.76
2024-06-11,0.84321,0.84548,0.8421,0.84521,53296.02
2024-06-12,0.84518,0.85181,0.84325,0.8487,93692.27
2024-06-13,0.84871,0.85015,0.84611,0.84639,62638.35
2024-06-14,0.8464,0.84662,0.84202,0.84278,67740.45
2024-06-16,0.83977,0.84308,0.83977,0.84264,4674.96
2024-06-17,0.84264,0.84285,0.83863,0.84123,50314.26
2024-06-18,0.84123,0.84334,0.83748,0.84211,65460.9
2024-06-19,0.84212,0.84256,0.83818,0.84114,28409.4
2024-06-20,0.84114,0.84141,0.83626,0.83765,58994.43
2024-06-21,0.83766,0.83983,0.837,0.83718,52556.54
2024-06-23,0.83599,0.83759,0.83584,0.83711,2521.21
2024-06-24,0.83712,0.83877,0.83428,0.83568,44411.24
2024-06-25,0.83567,0.83736,0.83291,0.83559,47438.22
2024-06-26,0.83557,0.83639,0.83007,0.83307,54928.54
2024-06-27,0.83308,0.83574,0.83192,0.83337,50524.2
2024-06-28,0.83337,0.83527,0.83111,0.83292,59038.17
2024-06-30,0.83217,0.83435,0.83047,0.83385,3405.15
2024-07-01,0.83386,0.83523,0.83296,0.83296,48691.11
2024-07-02,0.83296,0.83325,0.83036,0.83171,51652.58
2024-07-03,0.83174,0.83453,0.82916,0.83249,46576.61
2024-07-04,0.8325,0.83378,0.83134,0.83217,24331.56
2024-07-05,0.83217,0.83836,0.83032,0.83797,55281.02
2024-07-07,0.83658,0.83844,0.83654,0.8375,3628.74
2024-07-08,0.83751,0.83852,0.8336,0.83545,40839.04
2024-07-09,0.83547,0.83605,0.83374,0.83509,46202.76
2024-07-10,0.83507,0.83563,0.82722,0.82888,45761.22
2024-07-11,0.8289,0.83392,0.82694,0.83031,79266.65
2024-07-12,0.83031,0.83455,0.82831,0.83397,61034.92
2024-07-14,0.83302,0.83329,0.83078,0.83176,5360.34
2024-07-15,0.83178,0.83316,0.82986,0.83097,51572.94
2024-07-16,0.83096,0.83096,0.82466,0.82978,62423.56
2024-07-17,0.82979,0.83288,0.82923,0.83155,62856.12
2024-07-18,0.83153,0.83186,0.82675,0.82794,59748.46
2024-07-19,0.82795,0.82809,0.82419,0.82419,52174.36
2024-07-21,0.82389,0.82618,0.82353,0.8256,5781.42
2024-07-22,0.8256,0.82562,0.82116,0.82232,43909.77
2024-07-23,0.82232,0.82266,0.81933,0.82043,41555.04
2024-07-24,0.82044,0.82055,0.81582,0.81827,57966.24
2024-07-25,0.81829,0.81891,0.81225,0.8137,77890.82
2024-07-26,0.8137,0.81592,0.81276,0.81403,43452.48
2024-07-28,0.81396,0.81507,0.81396,0.81428,3072.96
2024-07-29,0.81428,0.81531,0.81136,0.81416,41225.61
2024-07-30,0.81414,0.81789,0.8133,0.81732,52219.21
2024-07-31,0.81731,0.82221,0.81586,0.8216,84789.93
2024-08-01,0.82159,0.82568,0.8209,0.82382,80765.25
2024-08-02,0.82384,0.82856,0.82344,0.82578,100767.66
2024-08-04,0.82347,0.82598,0.82277,0.82544,10730.43
2024-08-05,0.82542,0.82671,0.81562,0.82128,223108.51
2024-08-06,0.82129,0.82574,0.81797,0.8235,138010.82
2024-08-07,0.8235,0.82865,0.82286,0.82354,96723.22
2024-08-08,0.82355,0.82589,0.82214,0.82482,90238.83
2024-08-09,0.8248,0.82838,0.82313,0.82318,54955.32
2024-08-11,0.82356,0.82372,0.82212,0.823,4302.0
2024-08-12,0.82303,0.8281,0.82303,0.8275,47189.52
2024-08-13,0.8275,0.83368,0.82705,0.83324,53414.28
2024-08-14,0.83324,0.83392,0.82182,0.82264,68676.54
2024-08-15,0.82268,0.82403,0.82045,0.82123,52298.34
2024-08-16,0.82123,0.82879,0.82117,0.82738,33494.64
2024-08-18,0.82535,0.82897,0.82524,0.82841,2812.2
2024-08-19,0.82838,0.8338,0.82764,0.83378,38908.92
2024-08-20,0.83379,0.83875,0.83335,0.83821,43172.13
2024-08-21,0.83817,0.83919,0.83443,0.83687,52673.73
2024-08-22,0.83689,0.83735,0.83406,0.83539,49111.89
2024-08-23,0.8354,0.84242,0.83529,0.84128,56304.6
2024-08-25,0.83966,0.84169,0.83914,0.84065,6024.09
2024-08-26,0.84063,0.84161,0.83343,0.83644,49148.98
2024-08-27,0.83645,0.84112,0.83536,0.83934,51892.08
2024-08-28,0.83937,0.84211,0.83798,0.8417,51881.61
2024-08-29,0.84172,0.84732,0.8417,0.84471,55206.73
2024-08-30,0.84472,0.84587,0.84138,0.84288,41360.37
2024-09-01,0.84056,0.84331,0.84049,0.84263,2848.47
2024-09-02,0.84264,0.84316,0.83974,0.84079,21537.06
2024-09-03,0.84082,0.8413,0.83633,0.83774,59549.34
2024-09-04,0.83775,0.83978,0.83311,0.83547,54181.68
2024-09-05,0.83549,0.84104,0.83466,0.84001,50025.87
2024-09-06,0.83999,0.84258,0.83578,0.83757,84033.87
2024-09-08,0.83648,0.83763,0.83607,0.83668,2966.88
2024-09-09,0.83674,0.83842,0.83094,0.83296,41668.71
2024-09-10,0.83293,0.83776,0.83193,0.83683,41152.47
2024-09-11,0.83683,0.83698,0.83027,0.83247,69504.06
2024-09-12,0.83249,0.84003,0.83199,0.83978,53270.82
2024-09-13,0.83977,0.84016,0.83603,0.83613,42638.83
2024-09-15,0.83568,0.83732,0.83564,0.83675,2913.66
2024-09-16,0.83675,0.84247,0.83552,0.84166,37396.44
2024-09-17,0.84165,0.84352,0.83945,0.84161,43118.79
2024-09-18,0.84163,0.84908,0.84107,0.8449,91623.77
2024-09-19,0.84489,0.84874,0.84309,0.84576,87685.69
2024-09-20,0.84577,0.84845,0.8434,0.84582,59201.76
2024-09-22,0.84301,0.84643,0.84271,0.84578,2994.09
2024-09-23,0.84575,0.84859,0.84488,0.84781,54442.05
2024-09-24,0.8478,0.85285,0.84628,0.85237,60865.52
2024-09-25,0.85238,0.85293,0.84325,0.84329,54302.61
2024-09-26,0.84331,0.85379,0.84233,0.85303,86204.31
2024-09-27,0.85302,0.85842,0.84952,0.85638,75906.7
2024-09-29,0.85548,0.85838,0.85517,0.85768,4161.21
2024-09-30,0.8577,0.86127,0.85672,0.85806,80124.18
2024-10-01,0.85808,0.85855,0.84601,0.84762,88223.81
2024-10-02,0.8476,0.85073,0.84301,0.84517,66748.5
2024-10-03,0.84517,0.84519,0.83902,0.84215,76606.11
2024-10-04,0.84214,0.84251,0.83466,0.83567,71824.2
2024-10-06,0.8343,0.83796,0.83327,0.83623,4733.88
2024-10-07,0.83624,0.83759,0.83148,0.83452,66933.18
2024-10-08,0.83459,0.83809,0.83256,0.83701,76544.28
2024-10-09,0.83699,0.83799,0.82737,0.83091,77518.18
2024-10-10,0.83161,0.83786,0.83122,0.8378,91370.16
2024-10-11,0.8378,0.84186,0.83585,0.84029,44572.08
2024-10-13,0.83744,0.83997,0.83742,0.83932,4361.13
2024-10-14,0.8393,0.8411,0.83729,0.84049,51432.36
2024-10-15,0.84046,0.84325,0.83388,0.8339,61456.58
2024-10-16,0.83389,0.83769,0.83201,0.83323,55109.03
2024-10-17,0.83322,0.83669,0.83303,0.83597,66922.05
2024-10-18,0.83588,0.83847,0.83563,0.83708,50963.66
2024-10-20,0.83729,0.83864,0.83637,0.83841,2396.52
2024-10-21,0.83843,0.83966,0.8327,0.8331,52787.43
2024-10-22,0.83307,0.83788,0.83299,0.83497,51660.78
2024-10-23,0.83497,0.83619,0.82923,0.83081,51130.66
2024-10-24,0.83078,0.83358,0.83003,0.83214,60039.26
2024-10-25,0.83217,0.83292,0.82937,0.82993,50264.48
2024-10-27,0.82848,0.83133,0.82848,0.83067,4387.67
2024-10-28,0.83065,0.83265,0.82817,0.83162,49461.36
2024-10-29,0.8316,0.83169,0.8281,0.83055,65798.03
2024-10-30,0.83055,0.83445,0.82847,0.83033,71427.29
2024-10-31,0.83036,0.833,0.8264,0.83193,74546.13
2024-11-01,0.8319,0.83411,0.82994,0.83144,64199.65
2024-11-03,0.83468,0.83468,0.83101,0.83317,5733.96
2024-11-04,0.83317,0.8356,0.82927,0.8302,60616.83
2024-11-05,0.83019,0.83332,0.82793,0.83211,57932.31
2024-11-06,0.83209,0.83271,0.82373,0.82808,181196.4
2024-11-07,0.82807,0.83669,0.82667,0.835,101535.59
2024-11-08,0.83502,0.83533,0.8281,0.82956,80040.24
2024-11-10,0.82732,0.82995,0.8256,0.82956,3134.94
2024-11-11,0.82955,0.83198,0.8282,0.83085,59781.46
2024-11-12,0.83086,0.83143,0.82367,0.82582,79056.09
2024-11-13,0.82582,0.82872,0.82205,0.82301,86485.06
2024-11-14,0.82302,0.82446,0.81975,0.82241,101720.88
2024-11-15,0.82243,0.82641,0.82154,0.82597,91338.26
2024-11-17,0.82536,0.82602,0.82524,0.8259,2955.06
2024-11-18,0.82589,0.82697,0.82241,0.82582,66728.88
2024-11-19,0.82581,0.82674,0.82367,0.82591,85694.13
2024-11-20,0.82591,0.82609,0.81966,0.82119,57901.83
2024-11-21,0.8212,0.82198,0.81667,0.81888,77294.49
2024-11-22,0.81887,0.8189,0.81364,0.81537,94085.34
2024-11-24,0.8161,0.81767,0.81548,0.81654,5044.83
2024-11-25,0.81651,0.81956,0.81484,0.81906,86462.91
2024-11-26,0.81907,0.82606,0.81846,0.82006,101443.32
2024-11-27,0.82006,0.82991,0.81865,0.82634,96646.1
2024-11-28,0.82637,0.82694,0.82303,0.82577,47781.39
2024-11-29,0.82579,0.83109,0.82527,0.82697,101989.41
2024-12-01,0.82632,0.82799,0.82632,0.82751,3984.3
2024-12-02,0.8275,0.82923,0.82429,0.82634,90524.94
2024-12-03,0.82631,0.82788,0.82431,0.82719,69946.5
2024-12-04,0.82717,0.82742,0.8196,0.82403,82496.64
2024-12-05,0.82406,0.82661,0.82275,0.82461,59555.49
2024-12-06,0.82458,0.82714,0.82035,0.82529,81644.61
2024-12-08,0.82601,0.82661,0.82548,0.82587,3556.98
2024-12-09,0.82588,0.83113,0.82228,0.8302,66252.6
2024-12-10,0.83021,0.83021,0.82041,0.8222,68326.32
2024-12-11,0.82219,0.82233,0.81691,0.81876,94565.64
2024-12-12,0.8189,0.82219,0.81794,0.8201,94684.49
2024-12-13,0.82009,0.8214,0.81876,0.81984,61494.24
2024-12-15,0.81821,0.82132,0.81821,0.82066,3209.13
2024-12-16,0.82063,0.82432,0.82007,0.82426,60228.18
2024-12-17,0.82426,0.8246,0.82127,0.82387,50129.49
2024-12-18,0.82386,0.82394,0.81086,0.81207,88061.32
2024-12-19,0.81206,0.81447,0.80971,0.81023,108921.28
2024-12-20,0.81023,0.81341,0.80917,0.8118,85999.44
2024-12-22,0.81061,0.81218,0.8101,0.81147,2997.78
2024-12-23,0.81147,0.81377,0.80943,0.81133,71258.22
2024-12-24,0.81131,0.8132,0.80723,0.8096,62913.15
2024-12-25,0.80842,0.81114,0.80791,0.8108,6387.42
2024-12-26,0.8108,0.81205,0.80919,0.8104,68103.87
2024-12-27,0.81042,0.81264,0.80874,0.81145,63104.25
2024-12-29,0.81073,0.81305,0.81039,0.81191,3420.06
2024-12-30,0.81191,0.81519,0.80763,0.80892,91484.16
2024-12-31,0.80889,0.80991,0.80383,0.80383,88333.56
2025-01-01,0.80251,0.80524,0.80243,0.80447,3102.69
2025-01-02,0.80445,0.81017,0.80361,0.80554,96776.28
2025-01-03,0.80556,0.81102,0.80517,0.81053,53763.49
2025-01-05,0.80963,0.81123,0.80921,0.81087,2871.0
2025-01-06,0.8109,0.81333,0.80747,0.80835,89143.68
2025-01-07,0.80838,0.8141,0.80833,0.80922,70976.76
2025-01-08,0.80921,0.80979,0.8046,0.80563,78300.47
2025-01-09,0.80565,0.80651,0.80235,0.80537,49502.34
2025-01-10,0.80537,0.80654,0.79943,0.8008,91822.91
2025-01-12,0.79964,0.80225,0.79964,0.80182,3853.47
2025-01-13,0.80181,0.80571,0.79944,0.80452,63241.29
2025-01-14,0.8045,0.80857,0.80293,0.80394,65632.65
2025-01-15,0.80393,0.80814,0.80232,0.80596,64961.44
2025-01-16,0.80596,0.80872,0.80248,0.80704,73393.14
2025-01-17,0.80702,0.80849,0.8041,0.80801,60041.01
2025-01-19,0.80804,0.80926,0.80734,0.80864,2966.58
2025-01-20,0.80866,0.81275,0.80853,0.81237,95608.98
2025-01-21,0.81237,0.81777,0.81038,0.81159,118506.92
2025-01-22,0.81158,0.81547,0.80982,0.81493,58435.77
2025-01-23,0.81494,0.81631,0.81297,0.81572,84816.91
2025-01-24,0.81574,0.82012,0.81525,0.81889,79750.98
2025-01-26,0.81688,0.81911,0.81688,0.81902,5002.26
2025-01-27,0.81901,0.81912,0.81555,0.81586,104949.39
2025-01-28,0.81584,0.81621,0.81303,0.81561,76069.95
2025-01-29,0.81559,0.81689,0.81265,0.81538,88222.86
2025-01-30,0.81542,0.8214,0.81296,0.81653,82235.97
2025-01-31,0.81653,0.82053,0.81505,0.81868,125263.71
2025-02-02,0.82256,0.82362,0.81916,0.8192,19944.29
2025-02-03,0.81918,0.81969,0.80663,0.81137,258956.27
2025-02-04,0.81137,0.81246,0.80727,0.80945,106997.71
2025-02-05,0.80947,0.81464,0.80908,0.814,85991.19
2025-02-06,0.81404,0.81438,0.81053,0.81168,62865.65
2025-02-07,0.81166,0.81406,0.80736,0.80841,82684.81
2025-02-09,0.80812,0.8117,0.80809,0.80894,7677.18
2025-02-10,0.80894,0.81215,0.80658,0.80771,58851.56
2025-02-11,0.80773,0.81025,0.80705,0.80821,55300.53
2025-02-12,0.80818,0.80982,0.80197,0.80644,80608.99
2025-02-13,0.80642,0.80707,0.80174,0.80591,86966.44
2025-02-14,0.80593,0.81299,0.80568,0.81245,60060.57
2025-02-16,0.80922,0.8132,0.80916,0.81282,5669.04
2025-02-17,0.81284,0.81412,0.8116,0.81281,38325.51
2025-02-18,0.81283,0.81287,0.80812,0.80927,56009.58
2025-02-19,0.8093,0.81309,0.80592,0.81163,55773.12
2025-02-20,0.81165,0.8178,0.81072,0.81699,66952.56
2025-02-21,0.817,0.81776,0.81571,0.8165,63062.64
2025-02-23,0.81534,0.81822,0.81534,0.81689,3476.34
2025-02-24,0.81689,0.8182,0.81565,0.8174,71246.18
2025-02-25,0.81743,0.81985,0.81418,0.81932,70528.65
2025-02-26,0.81935,0.81963,0.8153,0.81686,73527.47
2025-02-27,0.81683,0.8172,0.81186,0.81258,81814.07
2025-02-28,0.81258,0.81277,0.8069,0.80945,68643.21
2025-03-02,0.80839,0.80995,0.80809,0.80924,3898.56
2025-03-03,0.80924,0.81539,0.80817,0.8133,86519.2
2025-03-04,0.81331,0.8179,0.81069,0.81491,137799.2
2025-03-05,0.8149,0.82241,0.81409,0.82116,150367.31
2025-03-06,0.82115,0.82502,0.8182,0.8197,152670.83
2025-03-07,0.81969,0.82254,0.81664,0.82024,114112.48
2025-03-09,0.81759,0.82127,0.81727,0.82036,10378.35
2025-03-10,0.82034,0.82793,0.81954,0.82145,111300.38
2025-03-11,0.82147,0.8273,0.81998,0.82431,132036.72
2025-03-12,0.82431,0.82607,0.82039,0.82364,105815.65
2025-03-13,0.82362,0.82459,0.81768,0.82252,118040.79
2025-03-14,0.82251,0.82754,0.82216,0.82557,72748.26
2025-03-16,0.82506,0.8276,0.82448,0.82655,7414.62
2025-03-17,0.82658,0.83268,0.82562,0.8324,55223.9
2025-03-18,0.83241,0.8331,0.82916,0.83184,63895.84
2025-03-19,0.83186,0.83397,0.82669,0.83324,77892.75
2025-03-20,0.83324,0.83324,0.82254,0.82508,60034.62
2025-03-21,0.82507,0.82663,0.82172,0.82217,55434.45
2025-03-23,0.82165,0.82332,0.82136,0.82325,4913.22
2025-03-24,0.82323,0.82367,0.81692,0.81967,55724.76
2025-03-25,0.81967,0.82119,0.81736,0.81811,54909.21
2025-03-26,0.81813,0.82119,0.81616,0.81718,60024.45
2025-03-27,0.81721,0.82311,0.81721,0.8204,73922.01
2025-03-28,0.82039,0.82042,0.81732,0.81808,55890.96
2025-03-30,0.81691,0.81781,0.81546,0.81634,8308.62
2025-03-31,0.81641,0.81948,0.81215,0.81564,71114.13
2025-04-01,0.81565,0.81874,0.81354,0.81629,71329.62
2025-04-02,0.81627,0.82397,0.80998,0.81392,108497.19
2025-04-03,0.8139,0.82268,0.81352,0.81492,180305.67
2025-04-04,0.81491,0.81503,0.79035,0.79555,241969.41
2025-04-06,0.79502,0.79541,0.788,0.78888,51288.75
2025-04-07,0.7889,0.80073,0.78335,0.78816,392020.1
2025-04-08,0.78814,0.79696,0.78547,0.786,228211.2
2025-04-09,0.78602,0.79882,0.78281,0.79456,323260.39
2025-04-10,0.79459,0.80516,0.79375,0.80162,351566.2
2025-04-11,0.80162,0.80982,0.80042,0.80717,370177.96
2025-04-13,0.80592,0.8103,0.80525,0.80938,17076.03
2025-04-14,0.80938,0.81678,0.80787,0.81508,153771.27
2025-04-15,0.81511,0.82631,0.81508,0.82232,110777.05
2025-04-16,0.82235,0.82507,0.8191,0.8224,142055.32
2025-04-17,0.82242,0.82758,0.81911,0.82561,89095.11
2025-04-18,0.8256,0.82683,0.81975,0.82044,466127.19
2025-04-20,0.81857,0.82383,0.81856,0.82374,10932.6
2025-04-21,0.82373,0.83165,0.82328,0.82989,74859.2
2025-04-22,0.82986,0.83164,0.8223,0.82499,99190.09
2025-04-23,0.82501,0.83168,0.8241,0.82538,114292.7
2025-04-24,0.82539,0.83187,0.82407,0.82948,77837.64
2025-04-25,0.82946,0.83145,0.82475,0.82557,64441.32
2025-04-27,0.82395,0.82658,0.82387,0.82504,4326.0
2025-04-28,0.82505,0.82763,0.82321,0.8257,65202.89
2025-04-29,0.82572,0.82715,0.8192,0.82089,73547.53
2025-04-30,0.82087,0.8221,0.81539,0.81857,75569.42
2025-05-01,0.81855,0.82017,0.81527,0.81865,68987.48
2025-05-02,0.81863,0.82348,0.81733,0.821,79561.92
2025-05-04,0.81882,0.82339,0.81868,0.8223,6110.24
2025-05-05,0.8223,0.82786,0.82129,0.82377,62627.18
2025-05-06,0.82376,0.82891,0.8224,0.82779,77079.3
2025-05-07,0.82778,0.82942,0.82031,0.8215,80976.82
2025-05-08,0.82152,0.82565,0.82036,0.82132,81477.9
2025-05-09,0.82131,0.82465,0.81833,0.82324,49867.31
2025-05-11,0.82214,0.82488,0.82065,0.82416,8983.32
2025-05-12,0.82416,0.8264,0.81678,0.81886,89882.46
2025-05-13,0.81886,0.82925,0.81758,0.82694,63212.22
2025-05-14,0.82695,0.83016,0.82107,0.82396,72721.45
2025-05-15,0.82398,0.82561,0.81773,0.81948,63637.44
2025-05-16,0.81946,0.82527,0.81841,0.82089,48987.64
2025-05-18,0.82106,0.82219,0.81946,0.82109,3784.05
2025-05-19,0.82111,0.82765,0.82103,0.82736,53513.21
2025-05-20,0.82741,0.82757,0.8213,0.82429,61213.88
2025-05-21,0.82431,0.82664,0.82096,0.82213,71318.05
2025-05-22,0.82213,0.82293,0.81534,0.81719,72483.76
2025-05-23,0.81716,0.82388,0.81694,0.82136,59327.32
2025-05-25,0.8202,0.82306,0.81903,0.82291,6364.29
2025-05-26,0.82289,0.82603,0.82169,0.82322,44473.33
2025-05-27,0.82323,0.82414,0.81761,0.82127,63705.18
2025-05-28,0.82126,0.82641,0.81885,0.82485,75951.06
2025-05-29,0.82483,0.8261,0.82065,0.82498,86201.8
2025-05-30,0.82494,0.82656,0.81904,0.81913,66953.54
2025-06-01,0.8177,0.82041,0.81768,0.8197,5576.65
2025-06-02,0.81973,0.82915,0.81972,0.82911,64740.95
2025-06-03,0.8291,0.8305,0.82037,0.8235,58258.6
2025-06-04,0.82351,0.82525,0.82239,0.82416,55201.87
2025-06-05,0.82419,0.8292,0.82411,0.82555,68352.97
2025-06-06,0.82557,0.82636,0.82224,0.82364,59418.05
2025-06-08,0.82252,0.8253,0.82194,0.82437,3413.55
2025-06-09,0.82439,0.82922,0.82344,0.82862,47659.11
2025-06-10,0.82859,0.82979,0.8248,0.82807,62222.8
2025-06-11,0.82804,0.82826,0.82281,0.82459,64106.45
2025-06-12,0.82459,0.82674,0.82097,0.82443,73450.35
2025-06-13,0.82444,0.82454,0.81631,0.81665,108998.82
2025-06-15,0.81482,0.81722,0.81482,0.81716,15263.54
2025-06-16,0.81712,0.82438,0.81666,0.8212,67947.33
2025-06-17,0.82122,0.82467,0.81961,0.82331,71598.47
2025-06-18,0.8233,0.82754,0.82165,0.82536,90681.6
2025-06-19,0.82538,0.82568,0.8174,0.82156,59238.42
2025-06-20,0.82154,0.82281,0.81892,0.81901,56255.78
2025-06-22,0.81693,0.81976,0.81544,0.81901,11557.65
2025-06-23,0.81901,0.8235,0.81132,0.82275,88951.15
2025-06-24,0.82277,0.82788,0.82112,0.82496,64291.05
2025-06-25,0.82497,0.83016,0.8248,0.82983,49053.36
2025-06-26,0.82986,0.83106,0.82268,0.82643,59733.84
2025-06-27,0.82644,0.83142,0.82596,0.82821,56830.14
2025-06-29,0.82558,0.83025,0.82558,0.82937,9027.6
2025-06-30,0.82935,0.83155,0.82553,0.82865,56213.18
2025-07-01,0.82863,0.83224,0.82722,0.83198,52504.74
2025-07-02,0.83198,0.83287,0.82504,0.82726,59539.26
2025-07-03,0.82724,0.82762,0.82101,0.82502,54076.79
2025-07-04,0.82501,0.82535,0.82192,0.82192,98035.76
2025-07-06,0.8216,0.82389,0.8216,0.82279,3979.8
2025-07-07,0.82275,0.82292,0.81761,0.82072,53502.08
2025-07-08,0.82075,0.82292,0.81638,0.81905,57854.1
2025-07-09,0.81904,0.82228,0.81778,0.8208,48263.44
2025-07-10,0.82083,0.82502,0.82068,0.82474,44942.55
2025-07-11,0.82474,0.8258,0.82095,0.82172,57790.12
2025-07-13,0.82087,0.82228,0.82018,0.82185,6243.3
2025-07-14,0.82187,0.82259,0.81628,0.81818,41569.53
2025-07-15,0.81821,0.82146,0.81465,0.81657,51090.24
2025-07-16,0.81658,0.81786,0.81247,0.8135,64703.12
2025-07-17,0.8135,0.8164,0.81087,0.81626,57622.13
2025-07-18,0.81624,0.82073,0.81616,0.81761,40179.49
2025-07-20,0.81782,0.81866,0.81563,0.81666,6516.66
2025-07-21,0.81666,0.81877,0.81437,0.81616,39392.22
2025-07-22,0.81615,0.81707,0.81267,0.81588,43280.57
2025-07-23,0.81587,0.82282,0.81532,0.82235,60361.61
2025-07-24,0.82233,0.82426,0.82127,0.82313,60811.84
2025-07-25,0.82315,0.82464,0.82106,0.82393,51283.0
2025-07-27,0.82301,0.82493,0.82299,0.82456,5428.01
2025-07-28,0.82457,0.82573,0.8178,0.8201,54489.67
2025-07-29,0.82011,0.82068,0.81777,0.82007,49256.71
2025-07-30,0.82009,0.82162,0.81353,0.81653,66115.15
2025-07-31,0.8165,0.81991,0.81374,0.81571,67323.81
2025-08-01,0.81568,0.81756,0.81228,0.81517,83649.98
2025-08-03,0.81251,0.81551,0.81251,0.81474,5904.77
2025-08-04,0.81472,0.81602,0.81184,0.81449,53082.75
2025-08-05,0.81447,0.815,0.81054,0.81346,52943.12
2025-08-06,0.81347,0.81614,0.81316,0.81421,39783.32
2025-08-07,0.8142,0.81999,0.81382,0.81955,58926.58
2025-08-08,0.81958,0.82012,0.81726,0.81845,37315.26
2025-08-10,0.81814,0.81857,0.8172,0.81781,3081.43
2025-08-11,0.81783,0.81899,0.8156,0.81794,38298.07
2025-08-12,0.81789,0.8205,0.81557,0.82024,57889.6
2025-08-13,0.82025,0.82455,0.81906,0.82217,39274.72
2025-08-14,0.82218,0.82334,0.81599,0.81772,50374.36
2025-08-15,0.81768,0.8195,0.8159,0.81805,32410.19
2025-08-17,0.81716,0.81903,0.81674,0.8189,3240.66
2025-08-18,0.8189,0.82004,0.8155,0.81743,36851.57
2025-08-19,0.81741,0.8194,0.8153,0.8176,47858.72
2025-08-20,0.81758,0.8177,0.80564,0.80828,53091.92
2025-08-21,0.80828,0.80965,0.80678,0.80911,52508.56
2025-08-22,0.80908,0.81277,0.80703,0.81109,49660.61
2025-08-24,0.8095,0.81132,0.8095,0.8109,4285.62
2025-08-25,0.81091,0.81264,0.80927,0.81041,39165.22
2025-08-26,0.81043,0.81158,0.80766,0.81017,44211.33
2025-08-27,0.81017,0.81055,0.80403,0.80739,42494.07
2025-08-28,0.80738,0.80959,0.80657,0.80895,56302.36
2025-08-29,0.80892,0.81099,0.80867,0.81004,35430.43
2025-08-31,0.80702,0.81036,0.80702,0.80994,2956.24
2025-09-01,0.80994,0.81247,0.80979,0.81165,28178.1
2025-09-02,0.81164,0.81203,0.80492,0.80779,54782.84
2025-09-03,0.80779,0.81113,0.80635,0.81089,45585.3
2025-09-04,0.81089,0.81228,0.80499,0.80815,49158.03
2025-09-05,0.80815,0.81691,0.80811,0.81457,47002.74
2025-09-07,0.81394,0.81517,0.8121,0.8145,4333.92
2025-09-08,0.81452,0.82093,0.81414,0.82001,39730.75
2025-09-09,0.82002,0.82235,0.81899,0.82046,40090.55
2025-09-10,0.82044,0.82527,0.82043,0.82348,44457.27
2025-09-11,0.82349,0.82704,0.82124,0.82678,48093.33
2025-09-12,0.82676,0.82706,0.82294,0.82416,31455.95
2025-09-14,0.82161,0.82434,0.82136,0.82386,5536.31
2025-09-15,0.82387,0.82531,0.81863,0.82189,34417.87
2025-09-16,0.82189,0.82328,0.8188,0.82264,43241.66
2025-09-17,0.82265,0.82457,0.81675,0.81693,66053.91
2025-09-18,0.81693,0.81732,0.80988,0.81213,66842.16
2025-09-19,0.81218,0.81241,0.80624,0.8066,49855.72
2025-09-21,0.80616,0.80764,0.80615,0.80619,2895.54
2025-09-22,0.80617,0.81157,0.80586,0.81123,39784.9
2025-09-23,0.81121,0.81137,0.8073,0.81039,44330.81
2025-09-24,0.81039,0.81176,0.80692,0.8079,42251.29
2025-09-25,0.80788,0.8099,0.8005,0.80326,54980.99
2025-09-26,0.80323,0.80502,0.8025,0.80465,33525.82
2025-09-28,0.80269,0.80522,0.80262,0.80515,2154.36
2025-09-29,0.80516,0.80656,0.80171,0.80429,41030.29
2025-09-30,0.80426,0.80818,0.8037,0.80682,48386.95
2025-10-01,0.80682,0.81194,0.80572,0.81126,50701.67
2025-10-02,0.81125,0.81402,0.80986,0.81228,41429.53
2025-10-03,0.8123,0.81485,0.81195,0.81308,32031.46
2025-10-05,0.80988,0.81337,0.80914,0.8131,8082.45
2025-10-06,0.81313,0.81545,0.81088,0.81428,39971.13
2025-10-07,0.81432,0.81444,0.80706,0.80874,41739.76
2025-10-08,0.80872,0.80912,0.80108,0.80681,43354.83
2025-10-09,0.80682,0.80892,0.804,0.80632,52885.1
2025-10-10,0.80633,0.80713,0.80023,0.801,54047.14
2025-10-12,0.80186,0.80376,0.79946,0.80143,9615.55
2025-10-13,0.8014,0.80468,0.80105,0.80249,41313.6
2025-10-14,0.80251,0.80354,0.79938,0.80222,52377.98
2025-10-15,0.8022,0.80432,0.80135,0.80256,41096.33
2025-10-16,0.80259,0.80688,0.80209,0.80416,58762.57
2025-10-17,0.80416,0.8056,0.80197,0.80221,59512.12
2025-10-19,0.80129,0.80374,0.80106,0.80308,3789.24
2025-10-20,0.80304,0.807,0.80276,0.80585,39077.97
2025-10-21,0.80583,0.8069,0.80176,0.80486,55155.48
2025-10-22,0.80486,0.80613,0.80171,0.80219,57520.3
2025-10-23,0.80217,0.80509,0.80118,0.80478,51511.72
2025-10-24,0.80477,0.80861,0.804,0.80416,53121.88
2025-10-26,0.80865,0.80876,0.80561,0.80584,6278.39
2025-10-27,0.80581,0.80786,0.80382,0.80779,46765.45
2025-10-28,0.80781,0.80871,0.8051,0.80587,53149.65
2025-10-29,0.80585,0.80714,0.80124,0.80324,74529.45
2025-10-30,0.80326,0.80604,0.80174,0.80299,71984.06
2025-10-31,0.80302,0.80306,0.79988,0.8018,45442.13
2025-11-02,0.80003,0.80212,0.7998,0.80179,4725.1
2025-11-03,0.8018,0.80323,0.80004,0.80191,46984.25
2025-11-04,0.80189,0.80195,0.79421,0.79544,62061.12
2025-11-05,0.79543,0.79927,0.79483,0.79885,58959.77
2025-11-06,0.79887,0.7991,0.79383,0.79548,68085.76
2025-11-07,0.79549,0.79567,0.78936,0.78976,66582.33
2025-11-09,0.78885,0.79044,0.7887,0.79005,6382.43
2025-11-10,0.79007,0.79167,0.78902,0.79131,58898.88
2025-11-11,0.79131,0.79386,0.7899,0.79266,45372.5
2025-11-12,0.79266,0.79364,0.79131,0.79294,44266.24
2025-11-13,0.79294,0.79545,0.7893,0.79287,56152.49
2025-11-14,0.79288,0.79783,0.79258,0.79608,47784.29
2025-11-16,0.795,0.79645,0.79487,0.79548,2415.93
2025-11-17,0.79549,0.7973,0.79358,0.79426,46582.55
2025-11-18,0.79427,0.79571,0.79028,0.79125,56273.69
2025-11-19,0.79126,0.79137,0.78568,0.78832,52080.09
2025-11-20,0.78829,0.7918,0.78526,0.78762,69351.03
2025-11-21,0.78761,0.7914,0.78708,0.79052,61530.5
2025-11-23,0.78969,0.79132,0.78943,0.79091,2525.43
2025-11-24,0.79088,0.79188,0.78944,0.79167,41687.09
2025-11-25,0.79166,0.79326,0.78955,0.7932,58112.3
2025-11-26,0.79319,0.80173,0.79269,0.80058,78192.36
2025-11-27,0.80058,0.80394,0.80052,0.80344,52974.83
2025-11-28,0.80344,0.80375,0.79864,0.80084,416686.22
2025-12-01,0.80183,0.80275,0.79922,0.80149,37772.0
2025-12-02,0.8015,0.80275,0.79979,0.80185,49176.18
2025-12-03,0.8019,0.80581,0.80004,0.80529,60171.01
2025-12-04,0.80528,0.8066,0.80276,0.80376,100175.93
2025-12-05,0.80377,0.80586,0.79751,0.79751,59741.4
2025-12-07,0.79724,0.79895,0.79688,0.79878,9682.25
2025-12-08,0.7988,0.80042,0.79649,0.79973,63840.23
2025-12-09,0.79973,0.80193,0.79841,0.80002,70925.13
2025-12-10,0.80002,0.80293,0.79819,0.80177,91012.33
2025-12-11,0.80178,0.80284,0.79891,0.80012,117697.51
2025-12-12,0.80015,0.80125,0.79803,0.7992,86790.34
2025-12-14,0.79642,0.79889,0.79604,0.79858,3606.77
2025-12-15,0.7986,0.79931,0.79373,0.79648,82107.79
2025-12-16,0.79647,0.79769,0.79308,0.79544,100581.7
2025-12-17,0.79545,0.79742,0.79447,0.79494,89084.87
2025-12-18,0.79495,0.79673,0.79313,0.79549,126280.96
2025-12-19,0.79549,0.79638,0.79089,0.79385,80588.17
2025-12-21,0.79177,0.79401,0.79087,0.79364,11184.72
2025-12-22,0.79365,0.79717,0.79359,0.79653,77501.95
2025-12-23,0.79653,0.80028,0.79642,0.79948,110054.12
2025-12-24,0.79948,0.80032,0.79602,0.79626,50489.66
2025-12-25,0.79626,0.79873,0.79606,0.79778,10007.8
2025-12-26,0.79775,0.79844,0.79428,0.79428,49360.33
2025-12-28,0.79402,0.79687,0.79386,0.7962,3618.66
2025-12-29,0.79619,0.79716,0.79132,0.79458,97823.61
2025-12-30,0.7946,0.79594,0.79221,0.79273,52653.87
2025-12-31,0.79273,0.79287,0.78728,0.7896,97139.55
2026-01-01,0.78931,0.79007,0.78777,0.78962,2163.38
2026-01-02,0.78962,0.79376,0.78873,0.79182,56263.76
2026-01-04,0.79063,0.79257,0.78854,0.79098,5578.65
2026-01-05,0.79099,0.79709,0.79011,0.79672,98635.96
2026-01-06,0.79673,0.79911,0.79566,0.79857,76793.53
2026-01-07,0.79857,0.80014,0.79774,0.79984,68769.66
2026-01-08,0.79985,0.79994,0.79547,0.79705,90005.91
2026-01-09,0.79703,0.79759,0.79301,0.79709,70686.17
2026-01-11,0.79614,0.79751,0.79576,0.79689,2600.87
2026-01-12,0.79688,0.80121,0.79666,0.80094,82599.34
2026-01-13,0.80093,0.80192,0.79601,0.79673,83804.12
2026-01-14,0.79672,0.79858,0.7959,0.79727,90872.07
2026-01-15,0.79725,0.79974,0.79627,0.79765,99171.08
2026-01-16,0.79766,0.80091,0.79765,0.79959,62596.07
2026-01-18,0.79835,0.8011,0.79813,0.801,5606.8
2026-01-19,0.80098,0.80474,0.79989,0.80353,79593.76
2026-01-20,0.80354,0.80893,0.80321,0.80589,101553.78
2026-01-21,0.8059,0.80954,0.80512,0.8079,68217.64
2026-01-22,0.8079,0.817,0.80721,0.81532,82317.54
2026-01-23,0.81535,0.81643,0.8123,0.81484,48908.2
2026-01-25,0.81222,0.81801,0.81222,0.81661,5449.72
2026-01-26,0.8166,0.82194,0.81442,0.81858,64075.93
2026-01-27,0.81859,0.82107,0.8172,0.81937,73450.84
2026-01-28,0.81936,0.82189,0.81668,0.8208,99293.65
2026-01-29,0.82077,0.82354,0.81699,0.81954,124608.58
2026-01-30,0.81955,0.82166,0.81663,0.81956,110212.32
2026-02-01,0.81716,0.82127,0.81593,0.81931,11172.63
2026-02-02,0.81929,0.82218,0.81868,0.8219,110099.57
2026-02-03,0.82191,0.82718,0.82144,0.82379,79395.41
2026-02-04,0.82377,0.8245,0.81865,0.81963,69237.85
2026-02-05,0.81959,0.82064,0.81399,0.8141,89501.42
2026-02-06,0.81407,0.82264,0.81341,0.82169,44790.65
2026-02-08,0.82155,0.82394,0.82065,0.82378,5881.16
2026-02-09,0.82376,0.8238,0.81875,0.8206,49707.38
2026-02-10,0.82058,0.82091,0.81533,0.81856,36772.28
2026-02-11,0.81853,0.82297,0.8184,0.82081,74281.1
2026-02-12,0.82082,0.82491,0.82014,0.82089,76840.68
2026-02-13,0.82087,0.82308,0.81922,0.82163,49738.28
2026-02-15,0.81851,0.8224,0.81797,0.82143,5288.68
2026-02-16,0.82139,0.82336,0.82058,0.82236,22615.96
2026-02-17,0.82238,0.82524,0.82119,0.82467,46602.38
2026-02-18,0.8247,0.82514,0.8152,0.81693,38618.56
2026-02-19,0.81695,0.8193,0.81519,0.81704,48094.34
2026-02-20,0.81709,0.81845,0.8135,0.81696,68073.74
2026-02-22,0.8164,0.8193,0.81627,0.8193,3707.37
2026-02-23,0.81925,0.81931,0.81376,0.81597,43797.35
2026-02-24,0.81601,0.81841,0.81458,0.81709,36666.83
2026-02-25,0.8171,0.82083,0.81668,0.82035,37603.65
2026-02-26,0.82034,0.82129,0.81541,0.81768,57693.44
2026-02-27,0.81769,0.81913,0.81638,0.81777,42231.93
2026-03-01,0.81174,0.81553,0.81124,0.81401,9311.27
2026-03-02,0.81402,0.81762,0.81046,0.81286,82176.93
2026-03-03,0.81287,0.81351,0.80225,0.80503,112072.87
2026-03-04,0.80508,0.81098,0.80266,0.80978,93445.6
2026-03-05,0.80978,0.81057,0.80422,0.80591,168050.83
2026-03-06,0.80589,0.80766,0.79935,0.80017,98520.22
2026-03-08,0.7973,0.79886,0.79349,0.79572,14030.79
2026-03-09,0.79574,0.80615,0.79522,0.80507,110560.28
2026-03-10,0.80505,0.80927,0.80297,0.80453,96772.05
2026-03-11,0.80455,0.80669,0.80126,0.80163,72394.87
2026-03-12,0.80165,0.80304,0.79673,0.79779,78785.78
2026-03-13,0.79776,0.79987,0.79161,0.79165,57488.73
2026-03-15,0.79348,0.79476,0.79244,0.79457,6510.72
2026-03-16,0.79459,0.80227,0.79454,0.80096,50524.54
2026-03-17,0.80092,0.80345,0.79657,0.80175,48211.45
2026-03-18,0.80177,0.80463,0.79347,0.79545,78025.89
2026-03-19,0.79544,0.80784,0.79533,0.80586,106111.97
2026-03-20,0.80583,0.80895,0.79786,0.79973,67911.48
2026-03-22,0.79623,0.80035,0.79558,0.79945,6895.49
2026-03-23,0.79948,0.80669,0.79238,0.80366,185191.8
2026-03-24,0.80363,0.8043,0.79852,0.80279,106143.66
2026-03-25,0.80278,0.80406,0.80009,0.80182,70384.79
2026-03-26,0.80183,0.80247,0.79662,0.79786,83638.29
2026-03-27,0.79781,0.80009,0.7969,0.7978,51657.41
2026-03-29,0.79745,0.79753,0.79569,0.79587,6730.91
2026-03-30,0.7959,0.79852,0.79453,0.79609,55738.18
2026-03-31,0.79612,0.80001,0.7947,0.79987,72777.8
2026-04-01,0.79988,0.80229,0.79671,0.79763,87277.29
2026-04-02,0.79761,0.79858,0.79244,0.79544,81350.17
2026-04-03,0.79548,0.79585,0.79094,0.79205,26705.4
2026-04-05,0.79153,0.79357,0.79112,0.79278,4962.9
2026-04-06,0.79278,0.79699,0.79271,0.79472,42414.06
2026-04-07,0.79472,0.80566,0.79179,0.80384,77401.76
2026-04-08,0.80387,0.81079,0.80106,0.80655,80226.54
2026-04-09,0.80657,0.81134,0.80564,0.80859,48188.43
2026-04-10,0.80864,0.80989,0.80698,0.80765,30396.3
2026-04-12,0.80235,0.80556,0.8023,0.80496,6042.2
2026-04-13,0.80497,0.80987,0.80476,0.80928,39154.23
2026-04-14,0.80931,0.81353,0.80751,0.81243,44988.92
2026-04-15,0.81243,0.81352,0.80996,0.81151,49848.27
2026-04-16,0.81152,0.81216,0.80557,0.80619,44807.62
2026-04-17,0.80618,0.80963,0.80446,0.80488,52986.35
2026-04-19,0.80019,0.8043,0.80017,0.80374,5675.91
2026-04-20,0.80376,0.80686,0.79975,0.80565,40327.1
2026-04-21,0.80566,0.80766,0.80268,0.8053,49649.08
2026-04-22,0.80528,0.80827,0.80528,0.80698,34543.51
2026-04-23,0.80699,0.80737,0.79969,0.8016,64902.03
2026-04-24,0.80164,0.80437,0.80072,0.80324,42925.96
2026-04-26,0.79998,0.80311,0.79939,0.80274,4141.62
2026-04-27,0.80277,0.80591,0.80263,0.80516,35475.82
2026-04-28,0.80517,0.8056,0.80188,0.80533,41404.41
2026-04-29,0.80536,0.80584,0.79527,0.79811,51519.82
2026-04-30,0.79813,0.80296,0.7965,0.80189,156149.09
