date,open,high,low,close,tick_volume
2007-03-20,0.70331,0.70338,0.70194,0.70258,4331.8
2007-03-27,0.71608,0.71996,0.71178,0.71655,106498.2
2007-03-28,0.71644,0.7174,0.71197,0.71382,28470.0
2010-01-01,0.72537,0.72614,0.72469,0.72559,72643.4
2010-01-03,0.7256,0.72567,0.72266,0.72355,3430.2
2010-01-04,0.72355,0.7353,0.7193,0.7341,115982.4
2010-01-05,0.73405,0.739,0.73155,0.73345,125111.6
2010-01-06,0.7334,0.73855,0.73025,0.7378,127501.6
2010-01-07,0.7378,0.74285,0.73092,0.7324,131586.4
2010-01-08,0.7324,0.738,0.7286,0.73635,108832.97
2010-01-10,0.73649,0.7403,0.73649,0.73995,6423.5
2010-01-11,0.73995,0.74355,0.73825,0.7415,111744.8
2010-01-12,0.7415,0.7432,0.73635,0.73795,141691.0
2010-01-13,0.7381,0.74255,0.73705,0.73995,119272.8
2010-01-14,0.73995,0.7442,0.7383,0.7419,105349.4
2010-01-15,0.74195,0.7423,0.73595,0.7372,101283.5
2010-01-17,0.73679,0.7368,0.7327,0.73525,9139.2
2010-01-18,0.73535,0.7408,0.73285,0.74055,65767.2
2010-01-19,0.74055,0.7406,0.7321,0.73345,112461.3
2010-01-20,0.73345,0.73425,0.71845,0.7214,137627.9
2010-01-21,0.7213,0.7233,0.70955,0.713,147559.01
2010-01-22,0.713,0.7177,0.709,0.70915,131274.3
2010-01-24,0.70957,0.7139,0.70957,0.71295,4348.6
2010-01-25,0.71295,0.71685,0.71125,0.7138,132661.35
2010-01-26,0.7138,0.7169,0.70215,0.7073,157715.5
2010-01-27,0.7073,0.7106,0.70295,0.7058,155164.9
2010-01-28,0.7058,0.7138,0.7026,0.7048,150934.1
2010-01-29,0.7048,0.7089,0.70039,0.70065,159767.3
2010-01-31,0.70056,0.70405,0.69929,0.70325,6783.0
2010-02-01,0.70325,0.7097,0.69945,0.70865,122258.9
2010-02-02,0.70865,0.71345,0.70315,0.7132,139173.1
2010-02-03,0.7132,0.71495,0.69655,0.6985,131689.6
2010-02-04,0.6985,0.6999,0.68435,0.68845,156255.6
2010-02-05,0.68845,0.6932,0.6807,0.68875,127582.1
2010-02-07,0.68911,0.69022,0.6856,0.6866,5402.9
2010-02-08,0.6866,0.6921,0.68165,0.68245,122099.46
2010-02-09,0.68245,0.69665,0.6824,0.6949,137968.75
2010-02-10,0.6949,0.69675,0.6895,0.6942,113944.02
2010-02-11,0.6942,0.70235,0.6942,0.6975,138303.76
2010-02-12,0.69745,0.6993,0.68985,0.69738,130353.4
2010-02-14,0.6969,0.6969,0.69453,0.6964,6584.1
2010-02-15,0.6964,0.69885,0.69545,0.6968,76995.7
2010-02-16,0.6968,0.70795,0.69645,0.70615,139961.88
2010-02-17,0.7062,0.70795,0.7009,0.7026,152501.57
2010-02-18,0.70265,0.7061,0.6945,0.69545,152363.3
2010-02-19,0.6954,0.69945,0.69305,0.6991,134434.9
2010-02-21,0.69938,0.70095,0.6991,0.7001,5696.7
2010-02-22,0.7001,0.70365,0.69945,0.70155,141135.4
2010-02-23,0.70155,0.7058,0.68945,0.69455,151528.06
2010-02-24,0.6946,0.69475,0.68705,0.6939,155188.32
2010-02-25,0.6939,0.6945,0.68465,0.6905,164948.89
2010-02-26,0.6905,0.70175,0.6904,0.6976,122823.6
2010-02-28,0.69801,0.7007,0.69783,0.69965,5281.52
2010-03-01,0.6997,0.70165,0.69305,0.69945,137408.2
2010-03-02,0.69945,0.69955,0.6923,0.69695,149173.76
2010-03-03,0.69695,0.69855,0.6892,0.69335,138642.3
2010-03-04,0.69335,0.6935,0.68459,0.68595,124029.3
2010-03-05,0.68595,0.6976,0.6859,0.6965,102514.2
2010-03-07,0.69629,0.7003,0.69338,0.69925,5995.7
2010-03-08,0.69925,0.7035,0.69845,0.69955,156440.7
2010-03-09,0.69955,0.7043,0.69615,0.70325,167772.1
2010-03-10,0.7033,0.70975,0.7,0.7002,175757.35
2010-03-11,0.7002,0.70185,0.6963,0.69945,143075.6
2010-03-12,0.6994,0.70495,0.6981,0.7011,155017.0
2010-03-14,0.70209,0.7036,0.70209,0.70355,5726.9
2010-03-15,0.70355,0.70545,0.69865,0.70265,169767.6
2010-03-16,0.70265,0.71325,0.7024,0.7121,185164.1
2010-03-17,0.71205,0.71785,0.71024,0.71375,188248.4
2010-03-18,0.7137,0.71735,0.71175,0.71495,149806.5
2010-03-19,0.71495,0.7156,0.7065,0.70777,147518.7
2010-03-21,0.70718,0.70728,0.70481,0.7063,6536.6
2010-03-22,0.7063,0.70767,0.70005,0.7072,171834.3
2010-03-23,0.7073,0.70785,0.70295,0.705,161562.5
2010-03-24,0.70505,0.70565,0.69935,0.70325,158081.5
2010-03-25,0.70325,0.71005,0.7015,0.70455,179006.0
2010-03-26,0.70455,0.70925,0.7015,0.70364,177168.8
2010-03-28,0.70508,0.70528,0.7032,0.7037,3587.5
2010-03-29,0.70365,0.71165,0.70319,0.7093,171983.1
2010-03-30,0.70925,0.71315,0.7081,0.71085,159847.0
2010-03-31,0.7108,0.71168,0.7059,0.70835,174947.9
2010-04-01,0.70835,0.7102,0.7035,0.7078,162723.3
2010-04-02,0.7079,0.7081,0.70465,0.70599,69614.2
2010-04-04,0.70652,0.7068,0.70535,0.70589,4049.4
2010-04-05,0.70645,0.7072,0.70195,0.7039,71886.96
2010-04-06,0.7039,0.7073,0.6965,0.70545,164833.11
2010-04-07,0.70545,0.70945,0.70265,0.70635,134113.5
2010-04-08,0.70635,0.7079,0.7007,0.70775,127713.8
2010-04-09,0.70775,0.71745,0.70618,0.7151,147682.2
2010-04-11,0.71655,0.71935,0.7163,0.7179,7205.6
2010-04-12,0.7179,0.7185,0.71085,0.7135,214160.14
2010-04-13,0.7135,0.71465,0.7084,0.70975,192306.2
2010-04-14,0.70975,0.71585,0.7093,0.71545,178798.0
2010-04-15,0.71545,0.716,0.7102,0.7126,185253.92
2010-04-16,0.7126,0.71555,0.7065,0.7082,175707.8
2010-04-18,0.70715,0.7091,0.7064,0.7085,6281.6
2010-04-19,0.7085,0.7144,0.7053,0.70955,225850.7
2010-04-20,0.70945,0.7125,0.70845,0.7103,188808.2
2010-04-21,0.7103,0.7131,0.7075,0.7099,212006.42
2010-04-22,0.7099,0.7139,0.7069,0.70905,198397.03
2010-04-23,0.70905,0.7177,0.709,0.71692,249691.3
2010-04-25,0.71635,0.7179,0.71605,0.7167,6310.5
2010-04-26,0.7168,0.7255,0.7167,0.72225,171757.3
2010-04-27,0.72225,0.72325,0.7098,0.71225,203110.7
2010-04-28,0.71225,0.72295,0.7111,0.71665,191730.42
2010-04-29,0.7166,0.7249,0.7151,0.72395,154745.5
2010-04-30,0.72395,0.7325,0.72325,0.72658,136101.9
2010-05-02,0.7272,0.72945,0.72612,0.72835,5867.0
2010-05-03,0.72835,0.7323,0.7266,0.7302,114378.42
2010-05-04,0.7302,0.7308,0.71875,0.72065,177490.58
2010-05-05,0.7206,0.72725,0.7142,0.72605,204917.12
2010-05-06,0.72605,0.7276,0.7005,0.71415,185486.58
2010-05-07,0.71415,0.71665,0.7038,0.71407,172689.51
2010-05-09,0.72035,0.7216,0.71385,0.7165,6403.2
2010-05-10,0.7165,0.7296,0.71435,0.7192,146216.63
2010-05-11,0.7192,0.72225,0.71516,0.7177,164496.18
2010-05-12,0.7177,0.71985,0.7105,0.71505,171938.11
2010-05-13,0.71505,0.71925,0.71134,0.7118,139132.35
2010-05-14,0.7118,0.7152,0.706,0.70625,146983.2
2010-05-16,0.70653,0.7077,0.7053,0.70575,6643.4
2010-05-17,0.70565,0.70735,0.6915,0.6971,164562.6
2010-05-18,0.6971,0.7039,0.6862,0.68635,180142.3
2010-05-19,0.68635,0.68925,0.6658,0.68095,181467.32
2010-05-20,0.68095,0.68755,0.66195,0.6677,172224.7
2010-05-21,0.6677,0.6818,0.66475,0.67766,127857.57
2010-05-23,0.67756,0.67764,0.6742,0.67455,6407.8
2010-05-24,0.67455,0.6787,0.6683,0.67195,152268.2
2010-05-25,0.67195,0.6725,0.656,0.66815,189284.3
2010-05-26,0.6682,0.6743,0.6603,0.66545,142653.13
2010-05-27,0.66535,0.6858,0.6626,0.6824,150677.85
2010-05-28,0.6824,0.68615,0.67535,0.67897,120115.2
2010-05-30,0.67655,0.67815,0.67521,0.6773,8162.9
2010-05-31,0.6773,0.6846,0.66985,0.67995,64914.3
2010-06-01,0.67995,0.68385,0.67015,0.67725,139930.1
2010-06-02,0.67725,0.68265,0.67195,0.68225,132072.9
2010-06-03,0.6822,0.68985,0.67835,0.68415,121203.6
2010-06-04,0.68415,0.6864,0.66825,0.67016,109574.9
2010-06-06,0.66745,0.6711,0.66605,0.6673,5372.3
2010-06-07,0.66725,0.6693,0.65755,0.65935,134473.8
2010-06-08,0.65935,0.66835,0.65725,0.66435,148186.75
2010-06-09,0.66435,0.67515,0.6612,0.6733,128867.9
2010-06-10,0.6734,0.6876,0.6707,0.685,111299.1
2010-06-11,0.68491,0.69095,0.68015,0.68956,77391.8
2010-06-13,0.69055,0.69265,0.6898,0.69235,7306.8
2010-06-14,0.6924,0.7019,0.69104,0.6951,93897.2
2010-06-15,0.69515,0.6993,0.68865,0.6978,101605.93
2010-06-16,0.69785,0.7001,0.69295,0.69695,84473.8
2010-06-17,0.69695,0.7065,0.69495,0.70345,81875.45
2010-06-18,0.70342,0.7074,0.70185,0.70559,62968.3
2010-06-19,0.70559,0.70559,0.70559,0.70559,0.0
2010-06-20,0.71305,0.7137,0.70885,0.71175,3183.5
2010-06-21,0.71175,0.7152,0.70675,0.70865,76181.4
2010-06-22,0.70895,0.71185,0.70315,0.7045,81675.49
2010-06-23,0.7046,0.71595,0.70265,0.71315,81183.07
2010-06-24,0.71315,0.7143,0.70355,0.7074,85757.63
2010-06-25,0.7074,0.71555,0.69945,0.71389,77805.61
2010-06-27,0.7145,0.71556,0.71155,0.71295,3702.9
2010-06-28,0.71295,0.7146,0.7047,0.7064,85710.96
2010-06-29,0.7064,0.70685,0.69083,0.6923,106553.0
2010-06-30,0.6923,0.69545,0.68405,0.68575,96651.3
2010-07-01,0.68575,0.6927,0.67935,0.6909,114716.3
2010-07-02,0.6909,0.69705,0.6872,0.68809,82626.9
2010-07-04,0.68748,0.68882,0.6852,0.68565,4797.1
2010-07-05,0.68565,0.6939,0.685,0.68525,70477.94
2010-07-06,0.68525,0.69735,0.68235,0.6944,103328.8
2010-07-07,0.6944,0.7052,0.68845,0.70265,122606.2
2010-07-08,0.70265,0.71025,0.7026,0.7084,88655.1
2010-07-09,0.7084,0.71155,0.7062,0.71052,77191.7
2010-07-11,0.71055,0.711,0.70785,0.70975,4314.8
2010-07-12,0.70975,0.7136,0.7056,0.71215,86190.0
2010-07-13,0.71215,0.7206,0.70755,0.71805,110168.8
2010-07-14,0.71815,0.7254,0.7159,0.72135,102357.7
2010-07-15,0.72135,0.73025,0.7174,0.7227,129384.7
2010-07-16,0.7227,0.72445,0.70913,0.71018,109742.78
2010-07-18,0.70865,0.70925,0.70395,0.70395,5210.45
2010-07-19,0.70395,0.7113,0.70287,0.70595,101191.3
2010-07-20,0.70595,0.71835,0.70545,0.71825,108692.9
2010-07-21,0.71825,0.7195,0.71105,0.71145,86634.02
2010-07-22,0.71185,0.7272,0.70945,0.72595,82335.31
2010-07-23,0.72595,0.72895,0.7226,0.72733,72110.09
2010-07-25,0.72669,0.72744,0.72442,0.72675,3840.8
2010-07-26,0.72675,0.73535,0.72545,0.7326,90738.9
2010-07-27,0.7326,0.73955,0.731,0.73125,102945.62
2010-07-28,0.73125,0.73385,0.72005,0.723,119025.8
2010-07-29,0.72305,0.72855,0.72055,0.72306,95995.65
2010-07-30,0.7233,0.72675,0.7191,0.72557,98063.6
2010-08-01,0.7254,0.72815,0.7251,0.72795,6640.5
2010-08-02,0.72795,0.73405,0.72731,0.73305,94206.75
2010-08-03,0.73305,0.7355,0.7298,0.73415,101863.34
2010-08-04,0.73415,0.73555,0.7274,0.72875,99777.7
2010-08-05,0.72875,0.7317,0.72465,0.729,110388.6
2010-08-06,0.72895,0.73445,0.7271,0.73293,87134.5
2010-08-08,0.733,0.7339,0.73015,0.73065,4157.4
2010-08-09,0.73065,0.73305,0.72665,0.72825,117774.0
2010-08-10,0.72825,0.72845,0.71665,0.72175,161754.17
2010-08-11,0.72175,0.72255,0.7113,0.71265,152213.55
2010-08-12,0.71265,0.716,0.7065,0.71215,160158.36
2010-08-13,0.71215,0.7182,0.70451,0.70459,112192.3
2010-08-15,0.70527,0.70837,0.70505,0.70515,4544.4
2010-08-16,0.7053,0.7104,0.6997,0.7047,132644.94
2010-08-17,0.7047,0.71475,0.70445,0.71185,110194.96
2010-08-18,0.7118,0.7192,0.7102,0.7118,117283.2
2010-08-19,0.7118,0.71555,0.70455,0.7055,134284.78
2010-08-20,0.70555,0.7082,0.7002,0.70616,111087.3
2010-08-22,0.70542,0.70615,0.70385,0.7056,4171.7
2010-08-23,0.7056,0.7123,0.7041,0.70505,93948.2
2010-08-24,0.70505,0.70785,0.69925,0.7027,125297.4
2010-08-25,0.70265,0.70625,0.69485,0.7012,163222.2
2010-08-26,0.7012,0.70885,0.69825,0.70235,127527.49
2010-08-27,0.70235,0.714,0.70184,0.71042,99845.5
2010-08-29,0.71129,0.71386,0.71085,0.71175,3767.7
2010-08-30,0.71175,0.7135,0.7026,0.7027,107146.26
2010-08-31,0.70295,0.7051,0.6965,0.6991,149048.2
2010-09-01,0.69915,0.71305,0.69865,0.71005,117934.2
2010-09-02,0.71,0.71775,0.70964,0.7135,108185.3
2010-09-03,0.7135,0.72185,0.71325,0.71982,88033.6
2010-09-05,0.71895,0.7198,0.71808,0.7196,6766.9
2010-09-06,0.7196,0.7256,0.71916,0.72145,74486.75
2010-09-07,0.72145,0.7241,0.71725,0.71915,131489.55
2010-09-08,0.71915,0.724,0.71595,0.7211,152008.6
2010-09-09,0.7211,0.72865,0.72005,0.7244,114426.0
2010-09-10,0.7244,0.73,0.72256,0.72866,98308.55
2010-09-12,0.73118,0.7316,0.72852,0.73055,4204.25
2010-09-13,0.73055,0.7346,0.7284,0.73005,102855.4
2010-09-14,0.73005,0.73935,0.72685,0.73315,123219.1
2010-09-15,0.73315,0.7357,0.72545,0.72835,130045.05
2010-09-16,0.72835,0.72845,0.72145,0.72395,133786.5
2010-09-17,0.72395,0.7332,0.72388,0.72493,124134.4
2010-09-19,0.72562,0.72715,0.72495,0.72598,3996.4
2010-09-20,0.7262,0.732,0.7249,0.7289,99638.9
2010-09-21,0.7289,0.7357,0.72585,0.73545,116206.69
2010-09-22,0.73545,0.7416,0.7306,0.7323,116322.68
2010-09-23,0.73235,0.73355,0.7263,0.72765,150833.0
2010-09-24,0.7277,0.736,0.7272,0.73376,110701.5
2010-09-26,0.7353,0.7375,0.73465,0.73555,4797.3
2010-09-27,0.7356,0.7368,0.73255,0.73295,130027.9
2010-09-28,0.73295,0.7403,0.7304,0.7384,161249.5
2010-09-29,0.7384,0.7406,0.7345,0.73635,162304.56
2010-09-30,0.73635,0.74075,0.73045,0.73505,131888.18
2010-10-01,0.73505,0.7462,0.7345,0.7427,119942.55
2010-10-02,0.7427,0.7427,0.7427,0.7427,0.0
2010-10-03,0.7427,0.74445,0.7427,0.7429,1950.0
2010-10-04,0.7429,0.74365,0.73805,0.7385,108887.0
2010-10-05,0.7385,0.7497,0.73565,0.748,133496.0
2010-10-06,0.7479,0.75485,0.7458,0.753,139797.0
2010-10-07,0.753,0.75915,0.74675,0.75055,134194.0
2010-10-08,0.75055,0.7561,0.7427,0.7552,105301.0
2010-10-09,0.7552,0.7552,0.7552,0.7552,0.0
2010-10-10,0.7552,0.7573,0.75475,0.7564,3350.0
2010-10-11,0.7564,0.7571,0.7493,0.75015,98919.0
2010-10-12,0.75015,0.757,0.7479,0.7561,144884.0
2010-10-13,0.7561,0.76325,0.75525,0.759,178428.0
2010-10-14,0.75905,0.7643,0.7555,0.75565,193706.0
2010-10-15,0.75565,0.7618,0.7533,0.7561,134035.0
2010-10-16,0.7561,0.7561,0.7561,0.7561,0.0
2010-10-17,0.7561,0.75635,0.75305,0.75335,5221.0
2010-10-18,0.75335,0.75965,0.75,0.75715,168888.0
2010-10-19,0.7572,0.75995,0.7426,0.7433,148019.0
2010-10-20,0.74315,0.7568,0.7429,0.7537,116012.0
2010-10-21,0.75375,0.75375,0.74345,0.74625,147805.0
2010-10-22,0.7462,0.75085,0.74375,0.7464,111134.0
2010-10-23,0.7464,0.7464,0.7464,0.7464,0.0
2010-10-24,0.7464,0.74963,0.7464,0.74805,22314.0
2010-10-25,0.74805,0.75605,0.74778,0.75152,135687.0
2010-10-26,0.75152,0.75427,0.74704,0.74772,83226.0
2010-10-27,0.74755,0.75,0.74045,0.74782,107153.0
2010-10-28,0.74779,0.75553,0.74691,0.75439,106415.0
2010-10-29,0.75436,0.76684,0.75209,0.76601,80753.0
2010-10-30,0.76601,0.76601,0.76601,0.76601,0.0
2010-10-31,0.76601,0.76701,0.76463,0.76589,9606.0
2010-11-01,0.76583,0.76918,0.76337,0.76677,82339.0
2010-11-02,0.76677,0.77414,0.76334,0.77093,84712.0
2010-11-03,0.77093,0.78845,0.77032,0.78626,88917.0
2010-11-04,0.78626,0.79755,0.78282,0.79444,87239.0
2010-11-05,0.79444,0.79732,0.78819,0.79404,75921.0
2010-11-06,0.79404,0.79404,0.79404,0.79404,0.0
2010-11-07,0.79404,0.79481,0.78988,0.79232,9008.4
2010-11-08,0.79232,0.79303,0.78413,0.78594,84916.0
2010-11-09,0.78591,0.79124,0.77376,0.77622,89944.0
2010-11-10,0.77622,0.78495,0.77384,0.78141,90210.0
2010-11-11,0.78141,0.78728,0.77663,0.77749,86378.0
2010-11-12,0.77749,0.78097,0.76981,0.77231,76559.0
2010-11-13,0.77231,0.77231,0.77231,0.77231,0.0
2010-11-14,0.77231,0.77782,0.77231,0.77502,3539.7
2010-11-15,0.77505,0.77762,0.76826,0.77216,34699.0
2010-11-16,0.77213,0.77552,0.76518,0.7683,33789.0
2010-11-17,0.76826,0.77252,0.7631,0.77125,29009.0
2010-11-18,0.77127,0.77942,0.77045,0.77941,27402.0
2010-11-19,0.77945,0.78001,0.77467,0.77787,25124.0
2010-11-20,0.77787,0.77787,0.77787,0.77787,0.0
2010-11-21,0.77787,0.78143,0.77787,0.7806,2664.1
2010-11-22,0.78055,0.78364,0.76938,0.77087,30338.0
2010-11-23,0.77087,0.77205,0.75769,0.76023,37631.0
2010-11-24,0.76027,0.76437,0.75812,0.76172,30031.0
2010-11-25,0.76171,0.76273,0.75588,0.76063,19039.0
2010-11-26,0.76062,0.76107,0.74793,0.74918,23209.0
2010-11-27,0.74918,0.74918,0.74918,0.74918,0.0
2010-11-28,0.74918,0.75264,0.74918,0.75097,2780.1
2010-11-29,0.75094,0.75348,0.74283,0.74437,49386.0
2010-11-30,0.74437,0.74702,0.73969,0.74165,86206.0
2010-12-01,0.7417,0.75101,0.73988,0.74795,74082.0
2010-12-02,0.74795,0.75635,0.74543,0.75622,69796.0
2010-12-03,0.75622,0.7673,0.75409,0.76569,58703.0
2010-12-04,0.76569,0.76569,0.76569,0.76569,0.0
2010-12-05,0.76569,0.76569,0.76172,0.76506,3530.0
2010-12-06,0.76505,0.7654,0.75857,0.76103,50620.0
2010-12-07,0.76103,0.76652,0.75605,0.75648,82389.0
2010-12-08,0.75648,0.75758,0.74347,0.74688,75699.0
2010-12-09,0.74688,0.75151,0.74506,0.74875,72269.0
2010-12-10,0.74877,0.75283,0.74606,0.74631,49239.0
2010-12-11,0.74631,0.74631,0.74631,0.74631,0.0
2010-12-12,0.74631,0.74752,0.74578,0.74702,4975.8
2010-12-13,0.74702,0.75756,0.74587,0.75151,60605.0
2010-12-14,0.75151,0.75749,0.74917,0.75026,65092.0
2010-12-15,0.75024,0.7506,0.73726,0.74017,90361.0
2010-12-16,0.74013,0.74149,0.73426,0.74014,81870.0
2010-12-17,0.74014,0.7425,0.73498,0.73511,73078.0
2010-12-18,0.73511,0.73511,0.73511,0.73511,0.0
2010-12-19,0.73511,0.73668,0.73452,0.73556,3924.6
2010-12-20,0.73556,0.74362,0.7346,0.74034,81185.0
2010-12-21,0.74034,0.74835,0.74021,0.74252,89494.0
2010-12-22,0.74251,0.74501,0.7386,0.74264,78564.0
2010-12-23,0.74264,0.75009,0.74243,0.74826,65330.0
2010-12-24,0.74826,0.74948,0.74656,0.74756,13558.0
2010-12-25,0.74756,0.74756,0.74756,0.74756,0.0
2010-12-26,0.74756,0.74809,0.7453,0.74615,5412.45
2010-12-27,0.74616,0.75067,0.7455,0.75025,35197.0
2010-12-28,0.75024,0.7605,0.74978,0.75464,54371.0
2010-12-29,0.75463,0.7687,0.75463,0.76657,59073.0
2010-12-30,0.76655,0.7726,0.76646,0.77131,51068.0
2010-12-31,0.77127,0.78127,0.77071,0.77899,33022.0
2011-01-01,0.77899,0.77899,0.77899,0.77899,0.0
2011-01-02,0.77899,0.77921,0.77461,0.77804,2233.97
2011-01-03,0.77804,0.77829,0.77272,0.77341,50961.0
2011-01-04,0.77345,0.77411,0.764,0.76759,80695.0
2011-01-05,0.76789,0.76803,0.75613,0.75816,85356.0
2011-01-06,0.75816,0.76038,0.75498,0.75557,76791.0
2011-01-07,0.75557,0.76366,0.75549,0.75961,71789.0
2011-01-08,0.75961,0.75961,0.75961,0.75961,0.0
2011-01-09,0.75961,0.76074,0.75708,0.75905,3712.66
2011-01-10,0.75903,0.76451,0.75718,0.76308,80066.0
2011-01-11,0.76313,0.76323,0.75603,0.75896,94058.0
2011-01-12,0.75895,0.76419,0.75623,0.76213,91290.0
2011-01-13,0.76213,0.77261,0.76085,0.77163,87312.0
2011-01-14,0.77162,0.7719,0.76342,0.76573,86789.0
2011-01-15,0.76573,0.76573,0.76573,0.76573,0.0
2011-01-16,0.76573,0.76922,0.76572,0.76879,4527.05
2011-01-17,0.76891,0.77474,0.76709,0.77199,65116.0
2011-01-18,0.77191,0.77408,0.76925,0.77136,92929.0
2011-01-19,0.77136,0.77863,0.76418,0.76471,70194.0
2011-01-20,0.76477,0.76588,0.75319,0.75491,89300.0
2011-01-21,0.75491,0.75926,0.75247,0.75829,69183.0
2011-01-22,0.75829,0.75829,0.75829,0.75829,0.0
2011-01-23,0.75829,0.75953,0.75663,0.75867,4051.08
2011-01-24,0.75865,0.76564,0.75663,0.7642,65794.0
2011-01-25,0.7642,0.76911,0.76215,0.76724,75819.0
2011-01-26,0.76724,0.77343,0.76438,0.77319,49510.0
2011-01-27,0.77319,0.77463,0.76711,0.77189,63747.0
2011-01-28,0.7719,0.77927,0.77049,0.77349,53731.0
2011-01-29,0.77349,0.77349,0.77349,0.77349,0.0
2011-01-30,0.77349,0.7735,0.76843,0.76912,4905.87
2011-01-31,0.76912,0.77427,0.76837,0.77263,55679.0
2011-02-01,0.77257,0.78237,0.77111,0.78206,64768.0
2011-02-02,0.78206,0.78239,0.77152,0.77382,60971.0
2011-02-03,0.77382,0.77445,0.76894,0.77259,65753.0
2011-02-04,0.7726,0.77464,0.76662,0.76959,63733.0
2011-02-05,0.76959,0.76959,0.76959,0.76959,0.0
2011-02-06,0.76959,0.76998,0.76719,0.7698,2905.51
2011-02-07,0.7698,0.77306,0.76773,0.77232,53798.0
2011-02-08,0.77229,0.77863,0.76953,0.77534,65692.0
2011-02-09,0.77523,0.77545,0.77018,0.77119,57277.0
2011-02-10,0.77119,0.77214,0.7596,0.76159,63440.0
2011-02-11,0.7616,0.76266,0.75527,0.76017,50895.0
2011-02-12,0.76017,0.76017,0.76017,0.76017,0.0
2011-02-13,0.76017,0.76024,0.75513,0.75727,5341.04
2011-02-14,0.7573,0.75932,0.75436,0.7553,51645.0
2011-02-15,0.7553,0.75864,0.75045,0.75191,73742.0
2011-02-16,0.7519,0.75648,0.75058,0.75524,70018.0
2011-02-17,0.75524,0.76052,0.75368,0.75866,57094.0
2011-02-18,0.75866,0.76548,0.75857,0.76152,52346.0
2011-02-19,0.76152,0.76152,0.76152,0.76152,0.0
2011-02-20,0.76152,0.76445,0.76089,0.76329,4396.84
2011-02-21,0.76329,0.7652,0.76064,0.76257,38155.0
2011-02-22,0.76257,0.76257,0.74321,0.74766,100803.0
2011-02-23,0.74763,0.75121,0.74272,0.74496,81837.0
2011-02-24,0.74497,0.75161,0.74293,0.75097,90128.0
2011-02-25,0.75093,0.75269,0.74758,0.75145,61767.0
2011-02-26,0.75145,0.75145,0.75145,0.75145,0.0
2011-02-27,0.75145,0.75226,0.74827,0.75162,7565.74
2011-02-28,0.75162,0.75533,0.74945,0.75264,68042.0
2011-03-01,0.75267,0.75303,0.74594,0.74705,77895.0
2011-03-02,0.74707,0.74786,0.7383,0.74268,93908.0
2011-03-03,0.74268,0.74728,0.73875,0.73957,78828.0
2011-03-04,0.73957,0.74013,0.73382,0.73692,68613.0
2011-03-05,0.73692,0.73692,0.73692,0.73692,0.0
2011-03-06,0.73692,0.738,0.73559,0.73721,4876.28
2011-03-07,0.73721,0.74017,0.73499,0.73713,67582.0
2011-03-08,0.73713,0.7417,0.73663,0.73973,77861.0
2011-03-09,0.73971,0.74158,0.73273,0.73598,68806.0
2011-03-10,0.736,0.73782,0.7322,0.73438,88498.0
2011-03-11,0.73437,0.74552,0.73263,0.74251,84845.0
2011-03-12,0.74251,0.74251,0.74251,0.74251,0.0
2011-03-13,0.74251,0.74251,0.73631,0.73934,5860.64
2011-03-14,0.7395,0.74127,0.73624,0.73882,69002.0
2011-03-15,0.73882,0.73951,0.72656,0.73214,130283.0
2011-03-16,0.7321,0.73573,0.71131,0.72179,125583.0
2011-03-17,0.72178,0.7253,0.71623,0.72195,97334.0
2011-03-18,0.72191,0.73205,0.72092,0.72963,77076.0
2011-03-19,0.72963,0.72963,0.72963,0.72963,0.0
2011-03-20,0.72963,0.73238,0.72906,0.73193,2667.0
2011-03-21,0.73191,0.73603,0.73081,0.73538,63210.0
2011-03-22,0.73541,0.74465,0.73368,0.73926,78933.0
2011-03-23,0.73926,0.74476,0.73748,0.74336,75790.0
2011-03-24,0.74339,0.75205,0.74335,0.75072,80065.0
2011-03-25,0.7507,0.75752,0.74858,0.75279,63466.0
2011-03-26,0.75279,0.75279,0.75279,0.75279,0.0
2011-03-27,0.75279,0.75303,0.74995,0.7516,4358.0
2011-03-28,0.7516,0.75534,0.7489,0.74978,65232.0
2011-03-29,0.74978,0.75812,0.74936,0.75736,71747.0
2011-03-30,0.75736,0.76362,0.75471,0.76136,70199.0
2011-03-31,0.76136,0.76468,0.75823,0.7591,72871.0
2011-04-01,0.7591,0.76822,0.7581,0.76714,67128.72
2011-04-02,0.76714,0.76714,0.76714,0.76714,0.0
2011-04-03,0.76714,0.76934,0.76714,0.76836,2206.0
2011-04-04,0.76836,0.77041,0.76602,0.7673,71867.0
2011-04-05,0.7673,0.77235,0.76688,0.76811,73975.0
2011-04-06,0.76811,0.78067,0.76804,0.77831,77602.0
2011-04-07,0.77835,0.78059,0.77366,0.77643,82798.0
2011-04-08,0.77643,0.78341,0.77629,0.7824,67480.23
2011-04-09,0.7824,0.7824,0.7824,0.7824,0.0
2011-04-10,0.7824,0.78301,0.78114,0.78216,3083.0
2011-04-11,0.78216,0.78473,0.77836,0.78213,63498.0
2011-04-12,0.78214,0.78839,0.77459,0.78537,99472.0
2011-04-13,0.78539,0.79285,0.78364,0.78829,78562.0
2011-04-14,0.78829,0.79562,0.78642,0.79436,88485.0
2011-04-15,0.79435,0.79988,0.7924,0.79892,71788.81
2011-04-16,0.79892,0.79892,0.79892,0.79892,0.0
2011-04-17,0.79892,0.80016,0.79282,0.79386,6296.0
2011-04-18,0.79387,0.79567,0.78394,0.78685,89457.0
2011-04-19,0.78686,0.79131,0.78218,0.79039,81946.0
2011-04-20,0.79039,0.80076,0.7899,0.79707,85706.0
2011-04-21,0.79704,0.80374,0.79646,0.80171,74560.0
2011-04-22,0.80171,0.80353,0.80049,0.80114,14993.16
2011-04-23,0.80114,0.80114,0.80114,0.80114,0.0
2011-04-24,0.80114,0.80366,0.80028,0.80327,1352.0
2011-04-25,0.80324,0.80336,0.7974,0.79912,35990.0
2011-04-26,0.7991,0.80866,0.79755,0.80834,76045.0
2011-04-27,0.8083,0.81056,0.80029,0.80277,86794.0
2011-04-28,0.80277,0.80826,0.797,0.80345,88035.0
2011-04-29,0.80345,0.81073,0.80024,0.80946,49702.42
2011-04-30,0.80946,0.80946,0.80946,0.80946,0.0
2011-05-01,0.80946,0.81055,0.80281,0.80778,4449.0
2011-05-02,0.80778,0.81207,0.80398,0.80424,53761.0
2011-05-03,0.80424,0.80623,0.79704,0.79848,79776.0
2011-05-04,0.79842,0.79878,0.7865,0.79002,107509.0
2011-05-05,0.79002,0.79348,0.78155,0.78752,113905.0
2011-05-06,0.78752,0.79731,0.78541,0.78987,117141.0
2011-05-07,0.78987,0.78987,0.78987,0.78987,0.0
2011-05-08,0.78987,0.79166,0.78902,0.79156,4347.0
2011-05-09,0.79157,0.79589,0.78866,0.79225,90771.0
2011-05-10,0.79228,0.7961,0.78892,0.79391,94760.0
2011-05-11,0.79389,0.79732,0.78707,0.78905,98035.0
2011-05-12,0.78905,0.79908,0.78408,0.7937,124896.0
2011-05-13,0.79367,0.79653,0.78355,0.78657,96420.0
2011-05-14,0.78657,0.78676,0.78657,0.78657,0.0
2011-05-15,0.78657,0.7868,0.78375,0.78465,3504.0
2011-05-16,0.78465,0.78669,0.77551,0.77951,103413.0
2011-05-17,0.77957,0.78659,0.77644,0.78551,111436.0
2011-05-18,0.7855,0.7911,0.78463,0.78977,95062.0
2011-05-19,0.78978,0.79371,0.78605,0.79166,100789.0
2011-05-20,0.79165,0.79983,0.79053,0.79538,86692.0
2011-05-21,0.79538,0.79538,0.79538,0.79538,0.0
2011-05-22,0.79538,0.79538,0.79263,0.79447,4472.0
2011-05-23,0.7945,0.7951,0.7858,0.78915,104004.0
2011-05-24,0.78914,0.80147,0.78911,0.7973,107000.0
2011-05-25,0.79727,0.80122,0.79013,0.79666,109759.0
2011-05-26,0.79666,0.81232,0.79666,0.81063,111735.0
2011-05-27,0.81062,0.81967,0.80689,0.81858,101010.0
2011-05-28,0.81858,0.81858,0.81858,0.81858,0.0
2011-05-29,0.81858,0.82161,0.81653,0.82083,4537.0
2011-05-30,0.82083,0.82121,0.81523,0.81906,39994.0
2011-05-31,0.81906,0.82631,0.81871,0.82448,100115.0
2011-06-01,0.82448,0.82517,0.81282,0.81562,104444.0
2011-06-02,0.81562,0.81801,0.81083,0.81539,106144.0
2011-06-03,0.81552,0.81935,0.80724,0.8154,101624.99
2011-06-04,0.8154,0.8154,0.8154,0.8154,0.0
2011-06-05,0.8154,0.81697,0.8141,0.81679,3877.0
2011-06-06,0.81683,0.81825,0.81187,0.81543,82611.0
2011-06-07,0.81542,0.82311,0.81448,0.8199,89055.0
2011-06-08,0.81992,0.82415,0.81384,0.82347,97154.0
2011-06-09,0.82345,0.83008,0.81753,0.82613,98926.0
2011-06-10,0.82615,0.82811,0.82053,0.82066,84374.0
2011-06-11,0.82066,0.82066,0.82066,0.82066,0.0
2011-06-12,0.82066,0.82127,0.81964,0.82008,2480.0
2011-06-13,0.82008,0.82182,0.81147,0.81677,93572.0
2011-06-14,0.81678,0.82141,0.81378,0.81769,94519.0
2011-06-15,0.8177,0.8182,0.80318,0.80673,104376.0
2011-06-16,0.80672,0.80741,0.79719,0.80547,117461.0
2011-06-17,0.80545,0.81367,0.80133,0.81252,95741.02
2011-06-18,0.81252,0.81252,0.81252,0.81252,0.0
2011-06-19,0.81252,0.81252,0.80952,0.80965,3631.0
2011-06-20,0.80965,0.81176,0.80446,0.81017,89086.0
2011-06-21,0.81017,0.81462,0.80832,0.81193,88318.0
2011-06-22,0.81188,0.8194,0.81147,0.81485,104122.0
2011-06-23,0.81477,0.81772,0.80818,0.81375,127897.0
2011-06-24,0.81376,0.81733,0.80913,0.80949,109344.44
2011-06-25,0.80949,0.80949,0.80949,0.80949,0.0
2011-06-26,0.80949,0.80949,0.80192,0.80264,7010.0
2011-06-27,0.80266,0.80666,0.80079,0.80429,110281.0
2011-06-28,0.80429,0.81237,0.80247,0.81159,104304.0
2011-06-29,0.81159,0.82905,0.81051,0.82746,107567.0
2011-06-30,0.82746,0.83177,0.82508,0.82608,98719.0
2011-07-01,0.82608,0.82858,0.82404,0.82702,90890.53
2011-07-02,0.82702,0.82702,0.82702,0.82702,0.0
2011-07-03,0.82702,0.8297,0.82686,0.82875,3937.0
2011-07-04,0.8288,0.83308,0.82763,0.83201,64406.0
2011-07-05,0.83202,0.83202,0.82329,0.82697,86457.0
2011-07-06,0.82697,0.83008,0.82368,0.82779,89644.0
2011-07-07,0.8278,0.83432,0.82553,0.83275,87632.0
2011-07-08,0.83278,0.8383,0.82892,0.8373,79113.0
2011-07-09,0.8373,0.8373,0.8373,0.8373,0.0
2011-07-10,0.8373,0.8373,0.83371,0.83419,5232.0
2011-07-11,0.83421,0.83592,0.82477,0.82637,115906.0
2011-07-12,0.8264,0.82653,0.81099,0.82084,145901.0
2011-07-13,0.82086,0.85051,0.81927,0.84899,117501.0
2011-07-14,0.84899,0.8493,0.83938,0.84328,121461.0
2011-07-15,0.84328,0.84709,0.83798,0.84407,113241.86
2011-07-16,0.84407,0.84407,0.84407,0.84407,0.0
2011-07-17,0.84407,0.84898,0.84407,0.8472,4387.0
2011-07-18,0.8472,0.84727,0.84123,0.8448,108018.0
2011-07-19,0.84479,0.85723,0.84358,0.85463,105026.0
2011-07-20,0.85464,0.8587,0.85264,0.85707,90657.0
2011-07-21,0.85709,0.8642,0.85382,0.86292,95854.0
2011-07-22,0.86292,0.86738,0.85823,0.86412,87776.9
2011-07-23,0.86412,0.86418,0.86412,0.86412,0.0
2011-07-24,0.86412,0.86593,0.86261,0.86321,4970.0
2011-07-25,0.86321,0.86763,0.86117,0.86254,84256.0
2011-07-26,0.86254,0.8742,0.86167,0.87136,107030.0
2011-07-27,0.87137,0.87653,0.86771,0.87205,116276.0
2011-07-28,0.87205,0.8753,0.86796,0.86985,99103.0
2011-07-29,0.86985,0.87973,0.86219,0.87912,112768.0
2011-07-30,0.87912,0.87912,0.87912,0.87912,0.0
2011-07-31,0.87912,0.8825,0.87829,0.88009,7999.0
2011-08-01,0.88009,0.88426,0.87322,0.87618,92867.0
2011-08-02,0.87617,0.87831,0.86135,0.86273,122950.0
2011-08-03,0.86276,0.86778,0.85749,0.86484,135490.0
2011-08-04,0.86484,0.86484,0.82738,0.82884,152371.0
2011-08-05,0.82885,0.8466,0.82797,0.8431,153808.87
2011-08-06,0.8431,0.84317,0.8431,0.8431,0.0
2011-08-07,0.8431,0.8431,0.83433,0.83479,8406.0
2011-08-08,0.83482,0.83899,0.81548,0.81723,157290.0
2011-08-09,0.81723,0.84142,0.79632,0.83612,169541.0
2011-08-10,0.8361,0.83828,0.80633,0.81004,128576.0
2011-08-11,0.81003,0.83309,0.8092,0.82809,152943.0
2011-08-12,0.82803,0.8342,0.81794,0.83193,136273.4
2011-08-13,0.83193,0.83193,0.83193,0.83193,0.0
2011-08-14,0.83193,0.83548,0.81603,0.83533,6314.0
2011-08-15,0.83532,0.83893,0.82726,0.83338,106535.0
2011-08-16,0.83339,0.83802,0.82712,0.83346,114853.0
2011-08-17,0.83347,0.84245,0.83118,0.83676,100124.0
2011-08-18,0.83679,0.83724,0.81802,0.81807,115399.0
2011-08-19,0.81807,0.8289,0.8169,0.81691,124396.94
2011-08-20,0.81691,0.81691,0.81691,0.81691,0.0
2011-08-21,0.81691,0.81933,0.8161,0.81758,6994.0
2011-08-22,0.81754,0.82784,0.81612,0.82195,101141.0
2011-08-23,0.82196,0.83673,0.82127,0.83185,107618.0
2011-08-24,0.83185,0.83232,0.82612,0.82836,102446.0
2011-08-25,0.82836,0.83288,0.8257,0.83051,103608.0
2011-08-26,0.83049,0.84172,0.82859,0.84037,98797.0
2011-08-27,0.84037,0.84037,0.84037,0.84037,0.0
2011-08-28,0.84037,0.84178,0.83846,0.84045,4114.0
2011-08-29,0.84044,0.8489,0.83995,0.84853,72414.0
2011-08-30,0.84853,0.85583,0.84773,0.85144,88237.0
2011-08-31,0.85144,0.85722,0.85032,0.85107,93697.0
2011-09-01,0.85106,0.85273,0.84731,0.85143,91260.0
2011-09-02,0.85143,0.85444,0.84352,0.84776,96881.0
2011-09-03,0.84776,0.84776,0.84776,0.84776,0.0
2011-09-04,0.84776,0.84776,0.84074,0.84248,6053.0
2011-09-05,0.84248,0.84494,0.82696,0.82838,87679.0
2011-09-06,0.82839,0.83878,0.82056,0.82474,123916.0
2011-09-07,0.82473,0.83392,0.8244,0.83362,96949.0
2011-09-08,0.83369,0.83822,0.83043,0.8334,104340.0
2011-09-09,0.8334,0.83706,0.81923,0.82154,96966.0
2011-09-10,0.82154,0.82154,0.82154,0.82154,0.0
2011-09-11,0.82154,0.82166,0.81616,0.81706,6994.0
2011-09-12,0.81705,0.82608,0.81183,0.82147,131980.0
2011-09-13,0.82146,0.8271,0.81799,0.8237,119148.0
2011-09-14,0.82371,0.8265,0.81414,0.81865,135626.0
2011-09-15,0.81867,0.82808,0.812,0.82298,112493.0
2011-09-16,0.82299,0.83411,0.82079,0.82841,92552.58
2011-09-17,0.82841,0.82841,0.82841,0.82841,0.0
2011-09-18,0.82841,0.82841,0.82301,0.82617,6907.0
2011-09-19,0.82619,0.82865,0.81706,0.82021,109633.0
2011-09-20,0.82023,0.82643,0.81631,0.82167,85954.0
2011-09-21,0.8216,0.8238,0.79757,0.79871,106189.0
2011-09-22,0.79869,0.80057,0.77516,0.78566,149893.0
2011-09-23,0.78563,0.78931,0.77236,0.7755,122381.0
2011-09-24,0.7755,0.7755,0.7755,0.7755,0.0
2011-09-25,0.7755,0.77747,0.77187,0.77656,7996.0
2011-09-26,0.77654,0.78259,0.76374,0.77912,147238.0
2011-09-27,0.77913,0.79578,0.77671,0.78767,125352.0
2011-09-28,0.78767,0.79013,0.77123,0.77163,112753.0
2011-09-29,0.77189,0.78325,0.76507,0.7694,100399.0
2011-09-30,0.76924,0.77048,0.76067,0.76114,73594.0
2011-10-01,0.76114,0.76114,0.76114,0.76114,0.0
2011-10-02,0.7623,0.7637,0.76117,0.76204,3862.0
2011-10-03,0.76195,0.76421,0.75066,0.75224,97611.0
2011-10-04,0.7524,0.76287,0.74679,0.7593,116783.0
2011-10-05,0.7593,0.76806,0.75527,0.76511,99069.0
2011-10-06,0.76507,0.77244,0.76242,0.76985,89276.0
2011-10-07,0.76977,0.77967,0.76742,0.76875,81788.0
2011-10-08,0.76875,0.76875,0.76875,0.76875,0.0
2011-10-09,0.76875,0.77092,0.76744,0.77089,3647.49
2011-10-10,0.77091,0.78572,0.77044,0.78263,97210.28
2011-10-11,0.78263,0.78413,0.77605,0.77862,103822.78
2011-10-12,0.77862,0.79954,0.77416,0.79441,98415.54
2011-10-13,0.79441,0.79662,0.78895,0.79264,98467.42
2011-10-14,0.79264,0.80568,0.79073,0.80502,79846.35
2011-10-15,0.80502,0.80502,0.80502,0.80502,0.0
2011-10-16,0.80502,0.80502,0.80146,0.80303,3143.99
2011-10-17,0.80305,0.80673,0.7907,0.79347,93975.75
2011-10-18,0.79347,0.80083,0.78601,0.79348,115769.64
2011-10-19,0.79344,0.80065,0.78988,0.79353,103403.13
2011-10-20,0.79353,0.79904,0.78719,0.79392,118420.58
2011-10-21,0.7939,0.80316,0.78995,0.80243,85707.49
2011-10-22,0.80243,0.80243,0.80243,0.80243,0.0
2011-10-23,0.80243,0.80244,0.80013,0.80166,3379.15
2011-10-24,0.80166,0.81084,0.80057,0.80472,89991.2
2011-10-25,0.80474,0.80762,0.79409,0.79559,99931.83
2011-10-26,0.79556,0.80127,0.79136,0.79991,105340.73
2011-10-27,0.79991,0.82347,0.79842,0.8234,119344.56
2011-10-28,0.82341,0.82416,0.81652,0.82042,87141.28
2011-10-29,0.82042,0.82042,0.82042,0.82042,0.0
2011-10-30,0.82042,0.82132,0.81756,0.81942,3922.18
2011-10-31,0.81942,0.82269,0.806,0.80814,105036.53
2011-11-01,0.80809,0.81061,0.79108,0.79301,138057.28
2011-11-02,0.79298,0.7981,0.78171,0.78249,125945.31
2011-11-03,0.78248,0.79685,0.78056,0.79533,129211.11
2011-11-04,0.79532,0.79649,0.78782,0.79316,99833.63
2011-11-05,0.79316,0.79316,0.79316,0.79316,0.0
2011-11-06,0.79316,0.79775,0.79316,0.79611,2301.55
2011-11-07,0.79614,0.79975,0.79162,0.79516,104719.28
2011-11-08,0.79516,0.79902,0.79228,0.79707,108002.65
2011-11-09,0.79707,0.79862,0.77885,0.77983,129641.01
2011-11-10,0.77983,0.78212,0.77318,0.77731,135073.47
2011-11-11,0.7773,0.7871,0.77451,0.78486,90985.25
2011-11-12,0.78486,0.78486,0.78486,0.78486,0.0
2011-11-13,0.78486,0.79272,0.78486,0.79049,4233.31
2011-11-14,0.79049,0.79052,0.7761,0.77739,127945.76
2011-11-15,0.77738,0.77751,0.76703,0.7689,158078.27
2011-11-16,0.7689,0.77232,0.76235,0.76301,164966.12
2011-11-17,0.76301,0.76846,0.75656,0.7584,174532.52
2011-11-18,0.7584,0.76493,0.7553,0.75599,152013.1
2011-11-19,0.75599,0.75599,0.75599,0.75599,0.0
2011-11-20,0.75599,0.75757,0.75371,0.75575,6410.41
2011-11-21,0.75574,0.75712,0.74485,0.74922,161086.28
2011-11-22,0.74921,0.75134,0.74409,0.74842,148581.23
2011-11-23,0.74842,0.75038,0.73854,0.73929,159732.05
2011-11-24,0.73928,0.74547,0.73918,0.74116,116927.03
2011-11-25,0.74119,0.74416,0.73701,0.73947,126485.04
2011-11-26,0.73947,0.73947,0.73947,0.73947,0.0
2011-11-27,0.73947,0.75141,0.73947,0.74993,7878.08
2011-11-28,0.74991,0.75736,0.7487,0.75494,150009.44
2011-11-29,0.75494,0.76516,0.75104,0.76313,156687.26
2011-11-30,0.76315,0.78221,0.75761,0.77865,170332.49
2011-12-01,0.77864,0.78135,0.77232,0.77924,146983.01
2011-12-02,0.77924,0.7839,0.77615,0.77656,111597.71
2011-12-03,0.77656,0.77656,0.77656,0.77656,0.0
2011-12-04,0.77656,0.78102,0.77656,0.77979,4910.39
2011-12-05,0.7798,0.78362,0.77609,0.77993,100781.07
2011-12-06,0.77993,0.78178,0.77387,0.77998,133529.79
2011-12-07,0.77996,0.78282,0.77502,0.78003,127277.83
2011-12-08,0.78003,0.78785,0.77105,0.77223,143542.68
2011-12-09,0.77221,0.77588,0.76365,0.77516,137542.73
2011-12-10,0.77516,0.77516,0.77516,0.77516,0.0
2011-12-11,0.77516,0.77516,0.77288,0.77461,3113.13
2011-12-12,0.77461,0.77478,0.76098,0.76111,130932.31
2011-12-13,0.76111,0.76743,0.75519,0.75561,154506.04
2011-12-14,0.75561,0.75753,0.74869,0.74934,152514.8
2011-12-15,0.74934,0.75633,0.7461,0.7556,124916.2
2011-12-16,0.75562,0.7645,0.7556,0.76161,119674.23
2011-12-17,0.76161,0.76161,0.76161,0.76161,0.0
2011-12-18,0.76161,0.764,0.76097,0.76151,2924.09
2011-12-19,0.76151,0.76279,0.75417,0.75652,135292.14
2011-12-20,0.75649,0.77163,0.75576,0.76804,124895.75
2011-12-21,0.76802,0.77746,0.76525,0.76802,145501.39
2011-12-22,0.76802,0.7751,0.76656,0.77393,106121.17
2011-12-23,0.77393,0.77566,0.77177,0.77408,49068.5
2011-12-24,0.77408,0.77408,0.77408,0.77408,0.0
2011-12-25,0.77408,0.77416,0.77094,0.7739,351.56
2011-12-26,0.77385,0.77478,0.773,0.77388,14969.72
2011-12-27,0.77388,0.77445,0.7704,0.77164,31761.64
2011-12-28,0.77166,0.77819,0.7671,0.76713,82572.77
2011-12-29,0.7671,0.77192,0.76526,0.77159,81967.85
2011-12-30,0.77158,0.7811,0.77099,0.77695,56122.61
2011-12-31,0.77695,0.77695,0.77695,0.77695,0.0
2012-01-01,0.77695,0.77852,0.77623,0.77754,493.12
2012-01-02,0.77745,0.78184,0.77364,0.78052,16194.51
2012-01-03,0.78052,0.79076,0.77992,0.78996,96220.93
2012-01-04,0.78994,0.79012,0.78528,0.78632,128929.41
2012-01-05,0.78629,0.78759,0.77922,0.78072,145967.74
2012-01-06,0.78072,0.78376,0.77736,0.7802,127788.06
2012-01-07,0.7802,0.7802,0.7802,0.7802,0.0
2012-01-08,0.7802,0.78055,0.77869,0.77982,5828.67
2012-01-09,0.77983,0.78871,0.77751,0.78841,129587.74
2012-01-10,0.78838,0.79645,0.78779,0.79412,130785.22
2012-01-11,0.7941,0.79796,0.79245,0.79795,130178.19
2012-01-12,0.79795,0.79808,0.7909,0.79353,131370.11
2012-01-13,0.7935,0.79541,0.78649,0.79442,138592.77
2012-01-14,0.79442,0.79442,0.79442,0.79442,0.0
2012-01-15,0.79442,0.79442,0.79187,0.79307,5442.03
2012-01-16,0.79307,0.79659,0.79169,0.79402,107771.93
2012-01-17,0.79402,0.8031,0.79391,0.80059,145604.49
2012-01-18,0.8006,0.80814,0.79995,0.80318,169302.67
2012-01-19,0.80318,0.80433,0.80012,0.80253,155012.22
2012-01-20,0.80253,0.80629,0.79953,0.80589,105701.42
2012-01-21,0.80589,0.80589,0.80589,0.80589,0.0
2012-01-22,0.80589,0.80701,0.80456,0.80485,3642.36
2012-01-23,0.80484,0.81415,0.80455,0.81123,126109.1
2012-01-24,0.81127,0.81191,0.80549,0.81114,132312.02
2012-01-25,0.81114,0.8193,0.80409,0.81728,158358.71
2012-01-26,0.81727,0.82354,0.81622,0.82051,140295.72
2012-01-27,0.82051,0.82496,0.81881,0.82416,132124.56
2012-01-28,0.82416,0.82416,0.82416,0.82416,0.0
2012-01-29,0.82416,0.82416,0.8225,0.82324,3766.33
2012-01-30,0.82323,0.82329,0.81548,0.81919,141231.17
2012-01-31,0.81919,0.83011,0.81884,0.82477,153784.18
2012-02-01,0.82477,0.83564,0.82127,0.83317,151183.0
2012-02-02,0.83316,0.83696,0.83102,0.83157,152192.38
2012-02-03,0.83156,0.83791,0.82953,0.83537,149869.4
2012-02-04,0.83537,0.83537,0.83537,0.83537,0.0
2012-02-05,0.83537,0.83537,0.83312,0.83391,3271.87
2012-02-06,0.83369,0.83482,0.8286,0.83347,132047.63
2012-02-07,0.83347,0.8373,0.83138,0.83499,155668.85
2012-02-08,0.83498,0.84066,0.83201,0.8335,135674.27
2012-02-09,0.8335,0.83776,0.83204,0.833,144572.73
2012-02-10,0.833,0.83421,0.825,0.82622,124630.65
2012-02-11,0.82622,0.82622,0.82622,0.82622,0.0
2012-02-12,0.82622,0.83208,0.82622,0.8301,7022.26
2012-02-13,0.83004,0.83742,0.82889,0.83157,131197.91
2012-02-14,0.83155,0.83541,0.82729,0.83507,149245.65
2012-02-15,0.83507,0.84213,0.83205,0.83233,148252.09
2012-02-16,0.83233,0.83575,0.82443,0.83568,158778.62
2012-02-17,0.8357,0.83835,0.83163,0.83214,112814.62
2012-02-18,0.83214,0.83214,0.83214,0.83214,0.0
2012-02-19,0.83214,0.84282,0.83214,0.84201,6729.64
2012-02-20,0.84201,0.84226,0.83684,0.83727,85321.39
2012-02-21,0.83727,0.8404,0.83257,0.83516,136129.18
2012-02-22,0.83514,0.83576,0.82632,0.82846,136723.6
2012-02-23,0.82846,0.83735,0.82636,0.83721,127807.3
2012-02-24,0.83721,0.83963,0.83499,0.83575,110728.57
2012-02-25,0.83575,0.83575,0.83575,0.83575,0.0
2012-02-26,0.83575,0.83719,0.83553,0.83571,5807.24
2012-02-27,0.83571,0.84173,0.83223,0.84024,123537.14
2012-02-28,0.84023,0.84178,0.83492,0.84014,127649.18
2012-02-29,0.84018,0.84709,0.83305,0.83497,143836.54
2012-03-01,0.83498,0.84062,0.8322,0.83861,133575.24
2012-03-02,0.83857,0.83974,0.82853,0.82884,116811.02
2012-03-03,0.82884,0.82884,0.82884,0.82884,0.0
2012-03-04,0.82884,0.8307,0.82872,0.82899,3393.14
2012-03-05,0.82898,0.83027,0.8202,0.82151,125619.33
2012-03-06,0.82151,0.82236,0.80999,0.81338,150366.28
2012-03-07,0.81338,0.82016,0.81158,0.81436,138173.56
2012-03-08,0.81436,0.82799,0.81396,0.82388,133491.4
2012-03-09,0.8239,0.82757,0.81931,0.82119,119382.09
2012-03-10,0.82119,0.82119,0.82119,0.82119,0.0
2012-03-11,0.82119,0.82119,0.81787,0.81877,4177.35
2012-03-12,0.81877,0.81987,0.81363,0.81971,118005.95
2012-03-13,0.81971,0.82464,0.81816,0.82163,134807.71
2012-03-14,0.82163,0.82213,0.80683,0.80771,142349.57
2012-03-15,0.80771,0.82143,0.80607,0.81882,136969.6
2012-03-16,0.81882,0.82575,0.81779,0.82405,109054.2
2012-03-17,0.82405,0.82405,0.82405,0.82405,0.0
2012-03-18,0.82405,0.82762,0.82405,0.82649,5175.72
2012-03-19,0.82647,0.82878,0.8233,0.82523,100333.62
2012-03-20,0.82523,0.8268,0.81377,0.81757,129870.1
2012-03-21,0.81758,0.82178,0.81003,0.81275,127995.05
2012-03-22,0.81273,0.81534,0.80584,0.81087,149300.12
2012-03-23,0.81087,0.81886,0.80986,0.81797,120433.74
2012-03-24,0.81797,0.81797,0.81797,0.81797,0.0
2012-03-25,0.81797,0.81925,0.81707,0.81813,3588.4
2012-03-26,0.81813,0.8237,0.81423,0.8224,117261.61
2012-03-27,0.82239,0.82636,0.81927,0.81945,115907.36
2012-03-28,0.81945,0.82148,0.81496,0.81817,136868.64
2012-03-29,0.81821,0.81951,0.81158,0.81728,129502.12
2012-03-30,0.81728,0.82288,0.81665,0.81755,111952.24
2012-03-31,0.81755,0.81755,0.81755,0.81755,0.0
2012-04-01,0.81755,0.82451,0.81755,0.82172,6581.64
2012-04-02,0.82173,0.82554,0.81845,0.82457,118922.96
2012-04-03,0.82462,0.82627,0.81648,0.81648,133509.73
2012-04-04,0.81648,0.81806,0.81242,0.81562,137206.73
2012-04-05,0.8156,0.81877,0.81246,0.8155,101869.68
2012-04-06,0.8155,0.82043,0.81407,0.81914,39402.81
2012-04-07,0.81914,0.81914,0.81914,0.81914,0.0
2012-04-08,0.81754,0.8192,0.81703,0.81833,2725.39
2012-04-09,0.81833,0.8237,0.81516,0.82058,47237.16
2012-04-10,0.82058,0.82392,0.812,0.8141,145694.83
2012-04-11,0.81407,0.82203,0.81396,0.81912,126628.93
2012-04-12,0.81909,0.83181,0.81795,0.83088,131130.37
2012-04-13,0.83088,0.83169,0.82258,0.82267,119566.1
2012-04-14,0.82267,0.82267,0.82267,0.82267,0.0
2012-04-15,0.82267,0.82498,0.8214,0.8214,6961.94
2012-04-16,0.82137,0.82195,0.81713,0.81921,145453.0
2012-04-17,0.81921,0.82348,0.81497,0.82208,122902.59
2012-04-18,0.82208,0.82271,0.8146,0.81698,133715.27
2012-04-19,0.81698,0.81966,0.81216,0.81444,137075.48
2012-04-20,0.81444,0.8189,0.8119,0.81784,103908.89
2012-04-21,0.81784,0.81784,0.81784,0.81784,0.0
2012-04-22,0.81784,0.8188,0.81638,0.81848,3720.8
2012-04-23,0.81848,0.81855,0.80875,0.81221,114562.12
2012-04-24,0.81221,0.81582,0.80976,0.81372,121152.55
2012-04-25,0.81372,0.81763,0.81054,0.81527,117966.28
2012-04-26,0.81527,0.8189,0.8116,0.81311,103234.1
2012-04-27,0.81311,0.82322,0.81056,0.82174,139074.75
2012-04-28,0.82174,0.82174,0.82174,0.82174,0.0
2012-04-29,0.82174,0.82347,0.82103,0.82324,5263.71
2012-04-30,0.82324,0.82326,0.81587,0.8182,111068.52
2012-05-01,0.81821,0.81852,0.81209,0.81491,96830.08
2012-05-02,0.8149,0.81532,0.80375,0.8067,137600.65
2012-05-03,0.80671,0.80816,0.79874,0.80066,127864.12
2012-05-04,0.80066,0.8019,0.79373,0.79532,117736.6
2012-05-05,0.79532,0.79532,0.79532,0.79532,0.0
2012-05-06,0.79532,0.79532,0.79095,0.79193,12049.76
2012-05-07,0.79191,0.79728,0.79062,0.79691,123324.18
2012-05-08,0.79691,0.79694,0.78545,0.78545,146502.29
2012-05-09,0.78546,0.78781,0.7813,0.78398,166852.57
2012-05-10,0.78395,0.79018,0.78279,0.78377,157063.93
2012-05-11,0.78374,0.78788,0.78104,0.78233,139977.12
2012-05-12,0.78233,0.78233,0.78233,0.78233,0.0
2012-05-13,0.78233,0.78242,0.77948,0.78084,10142.41
2012-05-14,0.78084,0.78239,0.77576,0.77705,140631.22
2012-05-15,0.77702,0.77973,0.76807,0.76958,156185.02
2012-05-16,0.76958,0.76958,0.76234,0.76622,182545.28
2012-05-17,0.7662,0.76808,0.76219,0.76415,186949.9
2012-05-18,0.76415,0.76485,0.75215,0.7556,188260.47
2012-05-19,0.7556,0.7556,0.7556,0.7556,0.0
2012-05-20,0.7556,0.75791,0.75406,0.75778,10214.14
2012-05-21,0.75778,0.76706,0.75481,0.76698,178111.36
2012-05-22,0.76698,0.76763,0.75145,0.75221,186083.12
2012-05-23,0.75221,0.75279,0.74577,0.74893,209276.58
2012-05-24,0.74895,0.75742,0.74813,0.75398,203751.45
2012-05-25,0.75395,0.75852,0.75137,0.75302,163838.98
2012-05-26,0.75302,0.75302,0.75302,0.75302,0.0
2012-05-27,0.75302,0.75994,0.75302,0.7586,8730.67
2012-05-28,0.7586,0.76454,0.75851,0.75881,118692.32
2012-05-29,0.75879,0.7648,0.75777,0.76117,184822.86
2012-05-30,0.76118,0.76192,0.75139,0.75152,203451.16
2012-05-31,0.75153,0.75756,0.75,0.75323,202219.48
2012-06-01,0.7533,0.75628,0.74554,0.75358,206841.94
2012-06-02,0.75358,0.75358,0.75358,0.75358,0.0
2012-06-03,0.75358,0.75505,0.75077,0.75092,10891.09
2012-06-04,0.75095,0.75946,0.75005,0.75899,166936.18
2012-06-05,0.75899,0.76034,0.75199,0.75867,187118.43
2012-06-06,0.75867,0.7709,0.7583,0.77026,203955.21
2012-06-07,0.77022,0.77532,0.76627,0.76819,185224.47
2012-06-08,0.76819,0.77196,0.76179,0.76988,182601.74
2012-06-09,0.76988,0.76988,0.76988,0.76988,0.0
2012-06-10,0.76988,0.77849,0.76988,0.77632,10823.83
2012-06-11,0.77632,0.7777,0.76696,0.76853,189392.29
2012-06-12,0.76853,0.7788,0.76819,0.77687,202243.25
2012-06-13,0.77691,0.78091,0.77208,0.77665,196330.01
2012-06-14,0.77665,0.78355,0.7749,0.78264,188467.77
2012-06-15,0.78266,0.79012,0.78134,0.78712,160596.4
2012-06-16,0.78712,0.78712,0.78712,0.78712,0.0
2012-06-17,0.78712,0.79356,0.78712,0.79172,7890.48
2012-06-18,0.79172,0.79432,0.78873,0.79188,168680.77
2012-06-19,0.79188,0.79896,0.79078,0.7953,188028.71
2012-06-20,0.79529,0.80161,0.79153,0.80024,184746.3
2012-06-21,0.80024,0.80036,0.78525,0.78723,194002.34
2012-06-22,0.78727,0.79186,0.78462,0.78979,163560.71
2012-06-23,0.78979,0.78979,0.78979,0.78979,0.0
2012-06-24,0.78979,0.78991,0.78727,0.78746,8729.56
2012-06-25,0.78759,0.78849,0.78435,0.78711,155624.52
2012-06-26,0.78707,0.79316,0.78692,0.78916,169307.21
2012-06-27,0.78915,0.7927,0.78752,0.79127,146994.44
2012-06-28,0.79127,0.7963,0.78395,0.78674,186484.24
2012-06-29,0.78676,0.80411,0.78529,0.8009,177561.47
2012-06-30,0.8009,0.8009,0.8009,0.8009,0.0
2012-07-01,0.80026,0.80192,0.80013,0.80142,10608.13
2012-07-02,0.80142,0.805,0.80007,0.80305,157576.29
2012-07-03,0.80304,0.80615,0.8013,0.80459,130804.86
2012-07-04,0.80458,0.80631,0.80236,0.80336,105587.29
2012-07-05,0.80336,0.80751,0.80054,0.80405,159940.25
2012-07-06,0.80406,0.80474,0.79562,0.7976,147854.28
2012-07-07,0.7976,0.7976,0.7976,0.7976,0.0
2012-07-08,0.7976,0.79787,0.79527,0.79685,9268.81
2012-07-09,0.79685,0.79783,0.79283,0.79635,135909.85
2012-07-10,0.79635,0.79873,0.79294,0.79421,142148.41
2012-07-11,0.79421,0.79983,0.79311,0.79477,154571.43
2012-07-12,0.79477,0.79579,0.7861,0.78949,152762.96
2012-07-13,0.7895,0.79655,0.78885,0.79567,132618.95
2012-07-14,0.79567,0.79567,0.79567,0.79567,0.0
2012-07-15,0.79567,0.79829,0.79567,0.79645,6382.46
2012-07-16,0.79644,0.79867,0.7936,0.79619,134739.01
2012-07-17,0.79619,0.80045,0.793,0.79836,158696.89
2012-07-18,0.79832,0.8006,0.79238,0.79961,145014.29
2012-07-19,0.7996,0.80542,0.79921,0.80312,150435.94
2012-07-20,0.80311,0.80348,0.79783,0.7991,147545.08
2012-07-21,0.7991,0.7991,0.7991,0.7991,0.0
2012-07-22,0.7991,0.7991,0.79612,0.79637,6402.73
2012-07-23,0.79638,0.79672,0.7866,0.78911,156062.94
2012-07-24,0.78911,0.79224,0.78187,0.78212,170168.22
2012-07-25,0.78212,0.79162,0.78074,0.78951,181944.83
2012-07-26,0.78954,0.80286,0.78921,0.79984,177549.5
2012-07-27,0.79984,0.81045,0.79905,0.80895,179910.01
2012-07-28,0.80895,0.80895,0.80895,0.80895,0.0
2012-07-29,0.80895,0.81078,0.80825,0.80831,8472.12
2012-07-30,0.80831,0.80999,0.80714,0.80883,153479.08
2012-07-31,0.80882,0.81213,0.8078,0.80882,161496.19
2012-08-01,0.80883,0.81437,0.80679,0.80963,161199.1
2012-08-02,0.80963,0.81713,0.80704,0.80913,167134.37
2012-08-03,0.80911,0.81981,0.80858,0.81856,161719.67
2012-08-04,0.81856,0.81856,0.81856,0.81856,0.0
2012-08-05,0.81856,0.81899,0.81745,0.81781,8995.56
2012-08-06,0.8178,0.82235,0.81621,0.81949,148598.5
2012-08-07,0.81948,0.82199,0.81344,0.8148,147037.45
2012-08-08,0.81481,0.81628,0.81104,0.81177,150237.53
2012-08-09,0.81177,0.81515,0.80979,0.81175,149036.04
2012-08-10,0.81176,0.81384,0.8083,0.81308,128189.65
2012-08-11,0.81308,0.81308,0.81308,0.81308,0.0
2012-08-12,0.81308,0.81308,0.81087,0.81089,7503.85
2012-08-13,0.8109,0.81279,0.80765,0.80917,130649.57
2012-08-14,0.80917,0.81138,0.8037,0.80474,140604.85
2012-08-15,0.80474,0.80745,0.80368,0.80671,126441.24
2012-08-16,0.80673,0.81239,0.80545,0.81166,132990.74
2012-08-17,0.81164,0.81179,0.80609,0.80685,121847.64
2012-08-18,0.80685,0.80685,0.80685,0.80685,0.0
2012-08-19,0.80685,0.80786,0.80602,0.80765,5360.84
2012-08-20,0.80763,0.81052,0.80651,0.80903,112367.14
2012-08-21,0.80904,0.81434,0.80901,0.81016,127521.86
2012-08-22,0.81018,0.81586,0.80757,0.81578,132282.66
2012-08-23,0.81578,0.81861,0.81181,0.81267,155750.38
2012-08-24,0.81265,0.81408,0.80806,0.81051,140104.19
2012-08-25,0.81051,0.81051,0.81051,0.81051,0.0
2012-08-26,0.81051,0.81257,0.81021,0.81035,6218.87
2012-08-27,0.81035,0.81181,0.80813,0.80831,74432.49
2012-08-28,0.8083,0.80877,0.8033,0.8051,139805.16
2012-08-29,0.80507,0.80567,0.80003,0.80096,134117.77
2012-08-30,0.80084,0.8031,0.79691,0.79755,133858.09
2012-08-31,0.79757,0.80421,0.79746,0.80284,144089.29
2012-09-01,0.80284,0.80284,0.80284,0.80284,0.0
2012-09-02,0.80284,0.80284,0.79928,0.79943,7006.49
2012-09-03,0.79939,0.80157,0.79691,0.79718,108373.65
2012-09-04,0.79718,0.79962,0.79209,0.79343,149549.35
2012-09-05,0.79344,0.79579,0.79144,0.79489,159536.52
2012-09-06,0.79487,0.8031,0.79364,0.80067,171796.54
2012-09-07,0.80066,0.81248,0.80065,0.81212,136273.93
2012-09-08,0.81212,0.81212,0.81212,0.81212,0.0
2012-09-09,0.81212,0.81212,0.80997,0.81091,7439.43
2012-09-10,0.8109,0.8133,0.80795,0.80816,122147.39
2012-09-11,0.80817,0.81935,0.80817,0.817,140571.35
2012-09-12,0.817,0.82365,0.81698,0.82014,150457.12
2012-09-13,0.82016,0.83226,0.81967,0.83114,137609.52
2012-09-14,0.83112,0.83525,0.82833,0.82833,139205.66
2012-09-15,0.82833,0.82833,0.82833,0.82833,0.0
2012-09-16,0.82833,0.83004,0.82833,0.82857,6218.04
2012-09-17,0.82857,0.83041,0.825,0.82612,119073.73
2012-09-18,0.82611,0.82844,0.82346,0.82792,133907.76
2012-09-19,0.82786,0.82995,0.82509,0.82987,127189.27
2012-09-20,0.82988,0.83023,0.82073,0.82935,141190.53
2012-09-21,0.82933,0.8336,0.82783,0.82867,125290.36
2012-09-22,0.82867,0.82867,0.82867,0.82867,0.0
2012-09-23,0.82867,0.83067,0.82653,0.82682,4209.4
2012-09-24,0.82682,0.82735,0.81828,0.82167,115897.02
2012-09-25,0.82167,0.82832,0.81919,0.81924,136293.92
2012-09-26,0.81929,0.82549,0.8184,0.8249,133206.43
2012-09-27,0.82491,0.83253,0.8241,0.83061,122314.38
2012-09-28,0.83063,0.83558,0.82758,0.82961,128055.24
2012-09-29,0.82961,0.82961,0.82961,0.82961,0.0
2012-09-30,0.82961,0.82961,0.82648,0.82739,8918.26
2012-10-01,0.82739,0.83229,0.8266,0.82839,132520.75
2012-10-02,0.8284,0.83364,0.82459,0.82517,152231.59
2012-10-03,0.82519,0.82627,0.81737,0.82115,151816.04
2012-10-04,0.82114,0.82332,0.81658,0.82147,147925.44
2012-10-05,0.82148,0.82649,0.81519,0.81759,116949.14
2012-10-06,0.81759,0.81759,0.81759,0.81759,0.0
2012-10-07,0.81759,0.8186,0.81624,0.81836,6356.77
2012-10-08,0.81835,0.82224,0.81494,0.82065,128563.33
2012-10-09,0.82063,0.82378,0.81451,0.8156,152064.91
2012-10-10,0.8156,0.82059,0.81463,0.81638,148125.86
2012-10-11,0.81639,0.81905,0.81531,0.81616,132076.11
2012-10-12,0.8162,0.82094,0.81597,0.81604,115538.05
2012-10-13,0.81604,0.81604,0.81604,0.81604,0.0
2012-10-14,0.81604,0.81754,0.81472,0.81489,6735.1
2012-10-15,0.81488,0.81947,0.8129,0.81656,102370.68
2012-10-16,0.81654,0.81808,0.81084,0.81732,116097.4
2012-10-17,0.81732,0.82257,0.81617,0.82154,121469.54
2012-10-18,0.82152,0.82297,0.8175,0.81931,112578.99
2012-10-19,0.81932,0.82057,0.81482,0.81542,98131.79
2012-10-20,0.81542,0.81542,0.81542,0.81542,0.0
2012-10-21,0.81542,0.81749,0.81468,0.81542,5472.11
2012-10-22,0.81541,0.81883,0.81536,0.81807,104495.8
2012-10-23,0.81807,0.81807,0.81006,0.81104,117516.11
2012-10-24,0.81101,0.82103,0.81101,0.82048,130192.07
2012-10-25,0.82047,0.82421,0.81558,0.8195,120353.63
2012-10-26,0.8195,0.82364,0.81695,0.82243,115364.86
2012-10-27,0.82243,0.82243,0.82243,0.82243,0.0
2012-10-28,0.82243,0.82296,0.82025,0.8207,4165.85
2012-10-29,0.82068,0.82231,0.81821,0.81963,80626.56
2012-10-30,0.81963,0.82336,0.81945,0.82166,72958.15
2012-10-31,0.82165,0.8228,0.81988,0.82197,100596.34
2012-11-01,0.82198,0.82791,0.82106,0.82769,106505.42
2012-11-02,0.82771,0.82874,0.82385,0.82494,100780.32
2012-11-03,0.82494,0.82494,0.82494,0.82494,0.0
2012-11-04,0.82494,0.82503,0.82317,0.82423,2523.56
2012-11-05,0.82424,0.8265,0.82302,0.82639,95990.39
2012-11-06,0.82639,0.82912,0.8248,0.82719,94922.84
2012-11-07,0.82716,0.83087,0.8174,0.81938,132658.1
2012-11-08,0.81936,0.81995,0.81292,0.81305,112448.78
2012-11-09,0.81308,0.81764,0.81234,0.81322,108431.93
2012-11-10,0.81322,0.81322,0.81322,0.81322,0.0
2012-11-11,0.81322,0.81566,0.81322,0.81471,2717.13
2012-11-12,0.81471,0.81855,0.81445,0.8176,69482.09
2012-11-13,0.8176,0.82027,0.81566,0.81629,91664.87
2012-11-14,0.81628,0.81808,0.80868,0.81031,98078.28
2012-11-15,0.81031,0.81299,0.8079,0.81038,91350.88
2012-11-16,0.81034,0.81264,0.8052,0.81234,89614.91
2012-11-17,0.81234,0.81234,0.81234,0.81234,0.0
2012-11-18,0.81234,0.8147,0.81234,0.81314,4656.64
2012-11-19,0.81316,0.82023,0.81202,0.81829,77196.68
2012-11-20,0.81829,0.81981,0.81448,0.81671,78543.56
2012-11-21,0.81671,0.81696,0.81117,0.81575,81740.96
2012-11-22,0.81573,0.81653,0.81337,0.81557,52199.92
2012-11-23,0.81557,0.82498,0.8152,0.82337,57078.14
2012-11-24,0.82337,0.82337,0.82337,0.82337,0.0
2012-11-25,0.82337,0.82455,0.82259,0.82377,2544.05
2012-11-26,0.82374,0.82436,0.82131,0.82233,67287.81
2012-11-27,0.82233,0.82378,0.81925,0.82034,84447.34
2012-11-28,0.82034,0.82402,0.81943,0.82382,85585.63
2012-11-29,0.82381,0.82671,0.82081,0.82252,78869.03
2012-11-30,0.82252,0.8237,0.81736,0.82019,75283.51
2012-12-01,0.82019,0.82019,0.82019,0.82019,0.0
2012-12-02,0.82067,0.82067,0.81857,0.81909,3331.01
2012-12-03,0.81909,0.82247,0.81704,0.82133,72611.6
2012-12-04,0.82132,0.82597,0.82004,0.8245,75751.15
2012-12-05,0.8245,0.8294,0.82372,0.82887,83569.79
2012-12-06,0.82889,0.83486,0.82829,0.83151,86997.66
2012-12-07,0.83148,0.83352,0.83099,0.8324,65122.35
2012-12-08,0.8324,0.8324,0.8324,0.8324,0.0
2012-12-09,0.8324,0.83363,0.83192,0.83332,3755.43
2012-12-10,0.83332,0.83537,0.8323,0.83414,61526.3
2012-12-11,0.83412,0.83966,0.83344,0.83933,75486.13
2012-12-12,0.83935,0.84527,0.83859,0.84259,74531.71
2012-12-13,0.84259,0.84595,0.8421,0.84329,65232.97
2012-12-14,0.84328,0.84757,0.83946,0.84623,73157.36
2012-12-15,0.84623,0.84623,0.84623,0.84623,0.0
2012-12-16,0.84623,0.84739,0.8453,0.8455,5560.36
2012-12-17,0.8455,0.84675,0.84251,0.84432,62369.64
2012-12-18,0.84432,0.84514,0.83947,0.84012,71720.9
2012-12-19,0.84012,0.8406,0.83293,0.83498,81637.77
2012-12-20,0.83503,0.83661,0.8318,0.83388,73839.3
2012-12-21,0.83389,0.83396,0.82134,0.82263,69996.62
2012-12-22,0.82263,0.82263,0.82263,0.82263,0.0
2012-12-23,0.82263,0.82496,0.82263,0.82296,4614.7
2012-12-24,0.82297,0.82359,0.8211,0.82164,45093.23
2012-12-25,0.82164,0.82317,0.82094,0.82194,6507.33
2012-12-26,0.82194,0.8239,0.81549,0.8194,46976.71
2012-12-27,0.8194,0.82262,0.81629,0.82098,58273.34
2012-12-28,0.82098,0.82261,0.81807,0.81953,59579.24
2012-12-29,0.81953,0.81953,0.81953,0.81953,0.0
2012-12-30,0.81953,0.82331,0.81953,0.82273,3626.01
2012-12-31,0.82272,0.82926,0.82106,0.82815,60134.39
2013-01-01,0.82815,0.82842,0.82603,0.82668,3839.29
2013-01-02,0.82671,0.83958,0.82646,0.83329,98081.11
2013-01-03,0.83327,0.8351,0.82606,0.82615,77665.49
2013-01-04,0.82615,0.83231,0.8213,0.83157,77337.2
2013-01-05,0.83157,0.83157,0.83157,0.83157,0.0
2013-01-06,0.83157,0.83238,0.82982,0.83146,4561.91
2013-01-07,0.83145,0.83757,0.8286,0.83721,75488.9
2013-01-08,0.83721,0.83811,0.83345,0.83749,85977.29
2013-01-09,0.83749,0.84089,0.83498,0.83876,90073.33
2013-01-10,0.83877,0.84595,0.83833,0.84379,101784.02
2013-01-11,0.84379,0.84426,0.83621,0.83634,90646.3
2013-01-12,0.83634,0.83634,0.83634,0.83634,0.0
2013-01-13,0.83634,0.83889,0.83634,0.83662,2561.17
2013-01-14,0.83661,0.84397,0.83611,0.84205,89852.05
2013-01-15,0.84205,0.84393,0.83721,0.84191,108289.48
2013-01-16,0.84189,0.84292,0.83671,0.83958,87805.25
2013-01-17,0.83957,0.84258,0.83256,0.83687,89555.19
2013-01-18,0.83684,0.83811,0.83344,0.83647,76879.42
2013-01-19,0.83647,0.83647,0.83647,0.83647,0.0
2013-01-20,0.83647,0.8367,0.83576,0.83602,2088.2
2013-01-21,0.83598,0.83724,0.83333,0.83568,42401.04
2013-01-22,0.83564,0.84294,0.83551,0.84093,84124.16
2013-01-23,0.84093,0.84399,0.84005,0.84253,67369.58
2013-01-24,0.84254,0.84464,0.836,0.83614,93586.45
2013-01-25,0.83614,0.83936,0.83542,0.83719,78460.18
2013-01-26,0.83719,0.83719,0.83719,0.83719,0.0
2013-01-27,0.83719,0.83719,0.8351,0.83554,2740.51
2013-01-28,0.83557,0.83648,0.828,0.83392,82005.02
2013-01-29,0.83392,0.83959,0.8338,0.83799,84660.45
2013-01-30,0.83798,0.83808,0.82942,0.83575,92518.53
2013-01-31,0.83573,0.84221,0.83429,0.83963,101389.54
2013-02-01,0.83963,0.84704,0.83953,0.84515,104302.7
2013-02-02,0.84515,0.84515,0.84515,0.84515,0.0
2013-02-03,0.84515,0.84824,0.84485,0.84577,4781.29
2013-02-04,0.8458,0.84706,0.8418,0.84288,76591.15
2013-02-05,0.84288,0.84648,0.84107,0.8458,96789.93
2013-02-06,0.8458,0.84601,0.83686,0.83815,95504.89
2013-02-07,0.83815,0.83878,0.82969,0.8332,105651.16
2013-02-08,0.83322,0.83884,0.83252,0.83526,80223.34
2013-02-09,0.83526,0.83526,0.83526,0.83526,0.0
2013-02-10,0.83526,0.83637,0.8349,0.83517,6353.61
2013-02-11,0.83517,0.83791,0.83094,0.83568,69140.92
2013-02-12,0.83569,0.84365,0.83328,0.8406,87327.47
2013-02-13,0.84061,0.84621,0.83939,0.84559,83003.42
2013-02-14,0.84562,0.85333,0.84513,0.85071,98028.9
2013-02-15,0.85072,0.85186,0.8433,0.845,74668.28
2013-02-16,0.845,0.845,0.845,0.845,0.0
2013-02-17,0.845,0.84637,0.84317,0.84558,3943.34
2013-02-18,0.84558,0.84633,0.8419,0.84552,62335.88
2013-02-19,0.84555,0.84886,0.84033,0.84615,78147.27
2013-02-20,0.84614,0.84685,0.8327,0.83439,85893.96
2013-02-21,0.83438,0.83631,0.83134,0.8349,77034.12
2013-02-22,0.83488,0.83973,0.83397,0.83789,64426.32
2013-02-23,0.83789,0.83789,0.83789,0.83789,0.0
2013-02-24,0.83789,0.83789,0.83471,0.83664,4359.87
2013-02-25,0.83665,0.84165,0.83203,0.83289,103803.34
2013-02-26,0.8329,0.83523,0.82235,0.82612,112650.24
2013-02-27,0.82612,0.82838,0.82256,0.82598,102138.92
2013-02-28,0.826,0.83237,0.82383,0.82428,80469.43
2013-03-01,0.82426,0.82944,0.8215,0.82504,72126.67
2013-03-02,0.82504,0.82504,0.82504,0.82504,0.0
2013-03-03,0.82504,0.82504,0.82264,0.82348,3833.85
2013-03-04,0.82345,0.82786,0.81924,0.82739,65731.95
2013-03-05,0.8274,0.83315,0.82551,0.83202,67154.89
2013-03-06,0.832,0.83489,0.82632,0.82741,66643.07
2013-03-07,0.82741,0.83133,0.826,0.8282,68417.8
2013-03-08,0.82819,0.8294,0.81866,0.82201,65862.28
2013-03-09,0.82201,0.82201,0.82201,0.82201,0.0
2013-03-10,0.82201,0.82201,0.81962,0.8205,5168.22
2013-03-11,0.82047,0.82843,0.81913,0.82542,55163.99
2013-03-12,0.82542,0.82736,0.82308,0.82466,59994.0
2013-03-13,0.82467,0.8276,0.81617,0.81824,79617.41
2013-03-14,0.81825,0.82345,0.81646,0.82125,90757.14
2013-03-15,0.82127,0.8278,0.8193,0.82717,62125.74
2013-03-16,0.82717,0.82717,0.82717,0.82717,0.0
2013-03-17,0.82717,0.82717,0.82206,0.82239,7841.91
2013-03-18,0.82241,0.82673,0.82165,0.82598,81256.32
2013-03-19,0.82595,0.82687,0.82273,0.8235,85928.26
2013-03-20,0.8235,0.82786,0.821,0.82601,84652.71
2013-03-21,0.82601,0.83449,0.82495,0.83193,94469.0
2013-03-22,0.83194,0.83621,0.83074,0.83537,63847.42
2013-03-23,0.83537,0.83537,0.83537,0.83537,0.0
2013-03-24,0.83537,0.83615,0.83358,0.83551,9465.92
2013-03-25,0.83551,0.83706,0.83345,0.83473,75447.04
2013-03-26,0.83474,0.83954,0.83382,0.83866,73350.84
2013-03-27,0.83867,0.83961,0.83429,0.83725,68676.79
2013-03-28,0.83723,0.83849,0.8351,0.83735,72525.7
2013-03-29,0.83735,0.8377,0.83483,0.83674,29407.52
2013-03-30,0.83674,0.83674,0.83674,0.83674,0.0
2013-03-31,0.83674,0.83736,0.83553,0.83734,3938.44
2013-04-01,0.83734,0.83845,0.83509,0.83795,46338.11
2013-04-02,0.83801,0.84446,0.83775,0.84106,79209.48
2013-04-03,0.84105,0.84479,0.83964,0.84161,75232.47
2013-04-04,0.84161,0.84367,0.83632,0.84094,95257.74
2013-04-05,0.84094,0.84355,0.83735,0.84277,84054.57
2013-04-06,0.84277,0.84277,0.84277,0.84277,0.0
2013-04-07,0.84277,0.84277,0.8405,0.84067,6386.96
2013-04-08,0.84067,0.84746,0.84053,0.84666,84332.08
2013-04-09,0.84666,0.85362,0.84647,0.85195,77934.3
2013-04-10,0.85195,0.85922,0.85141,0.85735,78662.7
2013-04-11,0.85735,0.86759,0.8572,0.86285,79568.48
2013-04-12,0.86285,0.86428,0.85462,0.85847,60572.86
2013-04-13,0.85847,0.85847,0.85847,0.85847,0.0
2013-04-14,0.85847,0.85847,0.85606,0.85683,6548.43
2013-04-15,0.85683,0.85767,0.83771,0.84346,116349.81
2013-04-16,0.84346,0.85089,0.84126,0.84945,107110.56
2013-04-17,0.8494,0.8495,0.84264,0.84466,103371.14
2013-04-18,0.84466,0.84686,0.84016,0.84122,122746.82
2013-04-19,0.84126,0.84904,0.84022,0.84171,92564.44
2013-04-20,0.84171,0.84171,0.84171,0.84171,0.0
2013-04-21,0.84171,0.84171,0.83935,0.83994,6112.19
2013-04-22,0.83995,0.84607,0.83929,0.84183,92788.31
2013-04-23,0.84186,0.84567,0.836,0.8416,120486.96
2013-04-24,0.8416,0.84867,0.8416,0.84744,103833.29
2013-04-25,0.84744,0.85621,0.84724,0.85017,92984.45
2013-04-26,0.85017,0.85379,0.8469,0.84746,90938.59
2013-04-27,0.84746,0.84746,0.84746,0.84746,0.0
2013-04-28,0.84746,0.85059,0.84746,0.84978,6245.77
2013-04-29,0.84978,0.85755,0.84907,0.85458,80285.47
2013-04-30,0.85458,0.85854,0.85414,0.85633,82345.01
2013-05-01,0.85633,0.8582,0.84806,0.85064,81338.75
2013-05-02,0.85061,0.85113,0.84549,0.85047,86433.55
2013-05-03,0.85044,0.85487,0.84729,0.85299,64537.61
2013-05-04,0.85299,0.85299,0.85299,0.85299,0.0
2013-05-05,0.85299,0.85453,0.85148,0.85362,5149.09
2013-05-06,0.8536,0.85561,0.8485,0.85122,59172.87
2013-05-07,0.85119,0.8523,0.84226,0.84547,86468.81
2013-05-08,0.84547,0.8466,0.83602,0.84498,101457.99
2013-05-09,0.845,0.84804,0.83519,0.8397,104400.88
2013-05-10,0.8397,0.83974,0.82583,0.82965,113397.93
2013-05-11,0.82965,0.82965,0.82965,0.82965,0.0
2013-05-12,0.82965,0.82965,0.82699,0.82708,9668.33
2013-05-13,0.8271,0.83174,0.82284,0.826,104976.69
2013-05-14,0.82599,0.83014,0.81804,0.82121,112736.99
2013-05-15,0.82121,0.82637,0.81741,0.82522,128314.6
2013-05-16,0.82522,0.8271,0.81387,0.81694,115073.09
2013-05-17,0.81692,0.81701,0.80596,0.80613,102495.18
2013-05-18,0.80613,0.80613,0.80613,0.80613,0.0
2013-05-19,0.80613,0.81078,0.80613,0.81062,10460.13
2013-05-20,0.81061,0.81912,0.80795,0.81787,104142.65
2013-05-21,0.81787,0.82122,0.81174,0.81697,120659.89
2013-05-22,0.81695,0.8205,0.80325,0.80433,138911.03
2013-05-23,0.80433,0.81708,0.80059,0.80939,142824.43
2013-05-24,0.80939,0.81158,0.8066,0.80864,95236.68
2013-05-25,0.80864,0.80864,0.80864,0.80864,0.0
2013-05-26,0.80864,0.81086,0.80836,0.80905,12109.02
2013-05-27,0.80905,0.81068,0.80614,0.80857,77295.44
2013-05-28,0.80857,0.81263,0.80489,0.80569,119899.36
2013-05-29,0.8057,0.81607,0.80521,0.81056,133316.03
2013-05-30,0.81056,0.81243,0.80035,0.80845,140895.66
2013-05-31,0.80845,0.81012,0.79328,0.79328,132518.57
2013-06-01,0.79328,0.79328,0.79328,0.79328,0.0
2013-06-02,0.79328,0.79769,0.79328,0.79758,10263.9
2013-06-03,0.79758,0.81176,0.7942,0.80864,148362.19
2013-06-04,0.80863,0.80902,0.79671,0.80125,135474.3
2013-06-05,0.80121,0.80605,0.79276,0.79439,158829.04
2013-06-06,0.7944,0.81032,0.79025,0.79993,161084.59
2013-06-07,0.79992,0.80162,0.78582,0.7876,143139.98
2013-06-08,0.7876,0.7876,0.7876,0.7876,0.0
2013-06-09,0.7876,0.7876,0.78209,0.78485,7655.64
2013-06-10,0.78485,0.79226,0.7835,0.78794,135571.89
2013-06-11,0.78791,0.79072,0.77599,0.78972,180765.52
2013-06-12,0.78972,0.80228,0.78642,0.79549,150897.48
2013-06-13,0.79549,0.81097,0.7895,0.80759,173738.06
2013-06-14,0.80758,0.81363,0.80374,0.80398,123231.04
2013-06-15,0.80398,0.80398,0.80398,0.80398,0.0
2013-06-16,0.80398,0.80644,0.80398,0.80536,13713.15
2013-06-17,0.80536,0.80986,0.79666,0.79944,97487.49
2013-06-18,0.7994,0.80205,0.79475,0.79785,108272.64
2013-06-19,0.79785,0.80525,0.78411,0.78688,126162.45
2013-06-20,0.78688,0.78886,0.77117,0.77618,159877.64
2013-06-21,0.7762,0.78062,0.76997,0.77428,133244.06
2013-06-22,0.77428,0.77428,0.77428,0.77428,0.0
2013-06-23,0.77428,0.77694,0.77241,0.77624,8598.6
2013-06-24,0.77621,0.77892,0.76825,0.7777,159022.96
2013-06-25,0.77769,0.77951,0.76964,0.77254,132193.77
2013-06-26,0.77254,0.78605,0.77169,0.77763,119732.47
2013-06-27,0.77763,0.78527,0.7772,0.77824,114815.91
2013-06-28,0.77824,0.78214,0.77064,0.77354,125062.39
2013-06-29,0.77354,0.77354,0.77354,0.77354,0.0
2013-06-30,0.77354,0.77568,0.77102,0.77465,7438.12
2013-07-01,0.77461,0.783,0.77266,0.78268,108997.66
2013-07-02,0.78268,0.78277,0.77362,0.77448,127948.92
2013-07-03,0.77448,0.77963,0.77099,0.77933,143484.11
2013-07-04,0.77938,0.78586,0.77625,0.78291,121956.82
2013-07-05,0.78291,0.78416,0.76871,0.77046,99060.76
2013-07-06,0.77046,0.77046,0.77046,0.77046,0.0
2013-07-07,0.77046,0.77187,0.76919,0.76993,6600.19
2013-07-08,0.76992,0.78195,0.76992,0.77853,83362.9
2013-07-09,0.77853,0.78842,0.7762,0.78269,103938.45
2013-07-10,0.78265,0.79581,0.77789,0.79154,133080.74
2013-07-11,0.79156,0.79689,0.77644,0.78411,146249.65
2013-07-12,0.7841,0.78779,0.77515,0.77829,93115.53
2013-07-13,0.77829,0.77829,0.77829,0.77829,0.0
2013-07-14,0.77829,0.78082,0.77766,0.78014,5146.89
2013-07-15,0.78011,0.78261,0.7731,0.77994,97076.27
2013-07-16,0.77994,0.79008,0.77991,0.79005,107064.67
2013-07-17,0.79004,0.79389,0.78404,0.79047,132532.88
2013-07-18,0.79047,0.79108,0.78478,0.79055,114896.52
2013-07-19,0.79056,0.79894,0.78863,0.79264,95944.35
2013-07-20,0.79264,0.79264,0.79264,0.79264,0.0
2013-07-21,0.79264,0.79448,0.78932,0.79346,5309.73
2013-07-22,0.79347,0.79826,0.79074,0.7974,97869.34
2013-07-23,0.79738,0.8012,0.79544,0.79941,119388.42
2013-07-24,0.79943,0.80112,0.79048,0.79611,137751.86
2013-07-25,0.79611,0.81052,0.79611,0.80593,123439.25
2013-07-26,0.80594,0.8104,0.80541,0.80763,87072.61
2013-07-27,0.80763,0.80763,0.80763,0.80763,0.0
2013-07-28,0.80763,0.80945,0.80713,0.80769,5406.59
2013-07-29,0.80769,0.80985,0.80091,0.80259,105809.99
2013-07-30,0.80259,0.80349,0.7957,0.79914,99090.8
2013-07-31,0.79914,0.80149,0.79246,0.79621,121815.85
2013-08-01,0.79621,0.7982,0.7852,0.79001,96946.51
2013-08-02,0.79002,0.79345,0.78159,0.78344,93970.44
2013-08-03,0.78344,0.78344,0.78344,0.78344,0.0
2013-08-04,0.78344,0.78344,0.77467,0.77664,6487.51
2013-08-05,0.77664,0.78629,0.77361,0.78356,103035.84
2013-08-06,0.78356,0.79171,0.7826,0.78957,117866.95
2013-08-07,0.78957,0.79979,0.78826,0.79596,101287.46
2013-08-08,0.79586,0.80463,0.79333,0.79941,104311.08
2013-08-09,0.79941,0.80563,0.79831,0.80339,75259.51
2013-08-10,0.80339,0.80339,0.80339,0.80339,0.0
2013-08-11,0.80339,0.80477,0.80237,0.80237,3555.86
2013-08-12,0.80237,0.80571,0.79704,0.79794,66970.66
2013-08-13,0.79794,0.80067,0.7934,0.79779,86548.68
2013-08-14,0.79779,0.80545,0.79571,0.80513,88629.74
2013-08-15,0.8051,0.81034,0.79944,0.80723,106598.15
2013-08-16,0.80723,0.81274,0.80533,0.8096,90176.9
2013-08-17,0.8096,0.8096,0.8096,0.8096,0.0
2013-08-18,0.8096,0.81249,0.80908,0.81171,5514.45
2013-08-19,0.81175,0.81627,0.80566,0.80593,80749.93
2013-08-20,0.80593,0.80689,0.79413,0.7955,101618.06
2013-08-21,0.7955,0.79666,0.78391,0.78423,108517.42
2013-08-22,0.78421,0.78647,0.78042,0.7836,98158.87
2013-08-23,0.78356,0.7849,0.77613,0.77973,81270.11
2013-08-24,0.77973,0.77973,0.77973,0.77973,0.0
2013-08-25,0.77973,0.782,0.77838,0.77987,4886.83
2013-08-26,0.77989,0.78728,0.77938,0.78402,66281.39
2013-08-27,0.78404,0.78413,0.77469,0.77627,94564.51
2013-08-28,0.77627,0.78271,0.77435,0.78142,93659.51
2013-08-29,0.7814,0.78402,0.77398,0.77613,85171.94
2013-08-30,0.77616,0.77967,0.77204,0.77225,67032.07
2013-08-31,0.77225,0.77225,0.77225,0.77225,0.0
2013-09-01,0.77225,0.77721,0.77225,0.77648,6007.32
2013-09-02,0.77648,0.78394,0.77557,0.78135,70901.16
2013-09-03,0.78136,0.78378,0.77753,0.77992,86564.06
2013-09-04,0.77992,0.7927,0.7793,0.78939,81479.88
2013-09-05,0.78939,0.79143,0.78547,0.78854,70362.79
2013-09-06,0.78853,0.80212,0.7885,0.79949,62010.13
2013-09-07,0.79949,0.79949,0.79949,0.79949,0.0
2013-09-08,0.79949,0.80134,0.79762,0.79775,6182.65
2013-09-09,0.79776,0.80309,0.79608,0.80158,56408.1
2013-09-10,0.80154,0.80756,0.80123,0.80526,76215.49
2013-09-11,0.80527,0.81495,0.8037,0.8146,72701.45
2013-09-12,0.8146,0.8157,0.81077,0.81311,79156.92
2013-09-13,0.8131,0.81693,0.80948,0.81247,56635.55
2013-09-14,0.81247,0.81247,0.81247,0.81247,0.0
2013-09-15,0.81247,0.8226,0.81247,0.81916,6259.2
2013-09-16,0.81915,0.82239,0.81557,0.81805,66455.63
2013-09-17,0.81802,0.82481,0.81583,0.82247,59021.03
2013-09-18,0.82247,0.84061,0.82056,0.83853,77234.23
2013-09-19,0.83853,0.84353,0.83521,0.83848,83136.8
2013-09-20,0.83848,0.84004,0.83541,0.83609,54140.76
2013-09-21,0.83609,0.83609,0.83609,0.83609,0.0
2013-09-22,0.83609,0.83662,0.83424,0.83606,3231.0
2013-09-23,0.83607,0.83895,0.83474,0.8359,49379.72
2013-09-24,0.8359,0.83595,0.82361,0.82462,61275.15
2013-09-25,0.8246,0.82685,0.82167,0.82433,60626.61
2013-09-26,0.82433,0.83015,0.82352,0.82778,61915.85
2013-09-27,0.82779,0.83188,0.82479,0.82747,64913.87
2013-09-28,0.82747,0.82747,0.82747,0.82747,0.0
2013-09-29,0.82747,0.82796,0.82502,0.82655,6594.13
2013-09-30,0.82655,0.83333,0.82508,0.82977,72162.52
2013-10-01,0.82977,0.83412,0.8245,0.82586,74671.69
2013-10-02,0.82584,0.83395,0.81931,0.83113,89707.8
2013-10-03,0.83113,0.83393,0.82761,0.82849,75719.79
2013-10-04,0.82851,0.83501,0.82847,0.83139,47083.32
2013-10-05,0.83139,0.83139,0.83139,0.83139,0.0
2013-10-06,0.83139,0.83218,0.8304,0.83121,3772.11
2013-10-07,0.83123,0.8336,0.82703,0.82954,52358.77
2013-10-08,0.82956,0.83325,0.82692,0.83131,65612.01
2013-10-09,0.83136,0.83198,0.8272,0.82955,66290.98
2013-10-10,0.82955,0.83068,0.82315,0.82731,84066.44
2013-10-11,0.82731,0.83539,0.82663,0.83158,63255.66
2013-10-12,0.83158,0.83158,0.83158,0.83158,0.0
2013-10-13,0.83158,0.83263,0.83038,0.83204,4331.25
2013-10-14,0.83204,0.83807,0.83075,0.83629,67217.05
2013-10-15,0.83629,0.84062,0.8358,0.84062,70465.72
2013-10-16,0.84063,0.84445,0.83745,0.8428,63870.35
2013-10-17,0.84279,0.85242,0.84158,0.84582,75080.21
2013-10-18,0.84582,0.85123,0.84474,0.84944,49501.46
2013-10-19,0.84944,0.84944,0.84944,0.84944,0.0
2013-10-20,0.84944,0.85082,0.84834,0.84916,5504.17
2013-10-21,0.84915,0.85016,0.84374,0.84529,51147.03
2013-10-22,0.84528,0.85435,0.8435,0.8513,56677.09
2013-10-23,0.8513,0.85181,0.83571,0.8416,87231.87
2013-10-24,0.84159,0.84449,0.83195,0.8337,78374.68
2013-10-25,0.8337,0.83371,0.82728,0.82731,61033.16
2013-10-26,0.82731,0.82731,0.82731,0.82731,0.0
2013-10-27,0.82731,0.82961,0.82731,0.8293,3174.44
2013-10-28,0.82928,0.83321,0.82718,0.8296,60289.01
2013-10-29,0.82957,0.82957,0.82337,0.82526,79776.13
2013-10-30,0.82526,0.82867,0.81921,0.82483,77909.53
2013-10-31,0.8246,0.83101,0.82319,0.8261,85301.41
2013-11-01,0.82606,0.82853,0.821,0.82613,64799.32
2013-11-02,0.82613,0.82613,0.82613,0.82613,0.0
2013-11-03,0.82613,0.8269,0.82468,0.82648,2557.87
2013-11-04,0.82648,0.83121,0.82487,0.82921,60580.98
2013-11-05,0.82922,0.83759,0.8259,0.83607,81163.88
2013-11-06,0.83607,0.84147,0.83513,0.83736,65917.31
2013-11-07,0.83733,0.83951,0.83065,0.83181,88822.72
2013-11-08,0.83181,0.83487,0.82246,0.82433,90928.79
2013-11-09,0.82433,0.82433,0.82433,0.82433,0.0
2013-11-10,0.82433,0.82622,0.82428,0.82444,4262.23
2013-11-11,0.82441,0.82877,0.82278,0.82571,71285.15
2013-11-12,0.82571,0.82587,0.81683,0.82114,108074.5
2013-11-13,0.82112,0.83002,0.81947,0.82871,91089.6
2013-11-14,0.82875,0.83552,0.82313,0.82707,96407.72
2013-11-15,0.82706,0.83408,0.8268,0.83355,63637.47
2013-11-16,0.83355,0.83355,0.83355,0.83355,0.0
2013-11-17,0.83355,0.83565,0.83343,0.83452,4181.36
2013-11-18,0.83447,0.8405,0.83141,0.83153,79953.84
2013-11-19,0.83153,0.83937,0.83088,0.83745,86792.3
2013-11-20,0.83745,0.83764,0.82528,0.82662,99920.68
2013-11-21,0.8266,0.82721,0.8175,0.82242,114745.23
2013-11-22,0.82239,0.82414,0.81238,0.81887,90535.74
2013-11-23,0.81887,0.81887,0.81887,0.81887,0.0
2013-11-24,0.81887,0.81937,0.81724,0.81923,4458.82
2013-11-25,0.81923,0.82391,0.81837,0.82373,91491.95
2013-11-26,0.82374,0.8265,0.81532,0.81905,106044.03
2013-11-27,0.81905,0.82113,0.81152,0.8149,108715.28
2013-11-28,0.81516,0.81763,0.81038,0.81123,86438.13
2013-11-29,0.81123,0.81647,0.80838,0.81105,86453.15
2013-11-30,0.81105,0.81105,0.81105,0.81105,0.0
2013-12-01,0.81105,0.81702,0.81105,0.81625,4798.38
2013-12-02,0.81625,0.82239,0.81528,0.81907,83443.37
2013-12-03,0.81907,0.82591,0.81554,0.82375,90496.05
2013-12-04,0.82374,0.82415,0.81656,0.82081,106675.77
2013-12-05,0.8208,0.82306,0.81517,0.82184,94758.44
2013-12-06,0.82184,0.8292,0.8141,0.82767,78755.92
2013-12-07,0.82767,0.82767,0.82767,0.82767,0.0
2013-12-08,0.82767,0.82982,0.82767,0.82875,4719.66
2013-12-09,0.82875,0.83207,0.8257,0.82782,53692.72
2013-12-10,0.82783,0.83344,0.82708,0.83079,52079.81
2013-12-11,0.83079,0.83088,0.82005,0.82728,65294.05
2013-12-12,0.82728,0.83198,0.81851,0.8217,76071.67
2013-12-13,0.82169,0.82705,0.82036,0.82589,48464.69
2013-12-14,0.82589,0.82589,0.82589,0.82589,0.0
2013-12-15,0.82589,0.82709,0.82589,0.82602,1712.13
2013-12-16,0.82602,0.82872,0.82441,0.82627,57558.09
2013-12-17,0.82628,0.82876,0.82388,0.82753,49861.93
2013-12-18,0.82753,0.82871,0.81725,0.82059,92864.01
2013-12-19,0.82059,0.82202,0.8152,0.81941,57881.14
2013-12-20,0.81941,0.82232,0.81493,0.81923,58167.69
2013-12-21,0.81923,0.81923,0.81923,0.81923,0.0
2013-12-22,0.81923,0.82118,0.81894,0.82095,3913.62
2013-12-23,0.82095,0.8216,0.81881,0.81952,42630.73
2013-12-24,0.81949,0.81961,0.8168,0.81843,31711.33
2013-12-25,0.81843,0.81843,0.81683,0.8171,3185.41
2013-12-26,0.8171,0.81777,0.81498,0.81559,34237.08
2013-12-27,0.81559,0.81936,0.81408,0.81438,55799.03
2013-12-28,0.81438,0.81438,0.81438,0.81438,0.0
2013-12-29,0.81438,0.8166,0.81432,0.81504,1906.45
2013-12-30,0.81496,0.82227,0.81173,0.82139,40773.23
2013-12-31,0.82139,0.82428,0.82039,0.82111,28577.03
2014-01-01,0.82111,0.82207,0.81906,0.82053,1152.68
2014-01-02,0.82055,0.82332,0.81387,0.81847,55858.45
2014-01-03,0.81848,0.83163,0.81778,0.82691,103223.13
2014-01-04,0.82691,0.82691,0.82691,0.82691,0.0
2014-01-05,0.82691,0.82757,0.82588,0.82645,3821.17
2014-01-06,0.82645,0.83055,0.82515,0.82874,82505.06
2014-01-07,0.82874,0.83022,0.82536,0.82783,85512.26
2014-01-08,0.82783,0.83177,0.82507,0.826,96371.51
2014-01-09,0.82603,0.8272,0.82315,0.82435,91942.9
2014-01-10,0.82435,0.83081,0.82048,0.82973,92949.91
2014-01-11,0.82973,0.82973,0.82973,0.82973,0.0
2014-01-12,0.82973,0.83062,0.82851,0.83019,2683.84
2014-01-13,0.8302,0.83894,0.8283,0.83753,85020.93
2014-01-14,0.8375,0.84311,0.83585,0.83655,64039.16
2014-01-15,0.83655,0.83749,0.8323,0.8331,55351.79
2014-01-16,0.8331,0.83594,0.82963,0.83462,62925.53
2014-01-17,0.83465,0.83567,0.82477,0.82523,64606.03
2014-01-18,0.82523,0.82523,0.82523,0.82523,0.0
2014-01-19,0.82523,0.82649,0.82455,0.82528,3199.5
2014-01-20,0.82528,0.83374,0.82111,0.83131,54694.55
2014-01-21,0.83131,0.83413,0.82962,0.83107,49790.08
2014-01-22,0.83107,0.83457,0.82933,0.83038,47658.4
2014-01-23,0.83038,0.83381,0.8261,0.82841,65048.36
2014-01-24,0.82841,0.8296,0.82098,0.82098,62362.86
2014-01-25,0.82098,0.82098,0.82098,0.82098,0.0
2014-01-26,0.82098,0.82428,0.82098,0.82313,3395.69
2014-01-27,0.82314,0.82612,0.81958,0.82219,55621.42
2014-01-28,0.8222,0.83035,0.82207,0.82648,53683.88
2014-01-29,0.82645,0.82983,0.81768,0.8208,67098.43
2014-01-30,0.8208,0.82146,0.8126,0.81796,63287.9
2014-01-31,0.81797,0.81802,0.80619,0.80797,58896.14
2014-02-01,0.80797,0.80797,0.80797,0.80797,0.0
2014-02-02,0.80797,0.81098,0.80797,0.81008,3663.97
2014-02-03,0.81008,0.81374,0.80683,0.8072,57324.76
2014-02-04,0.80717,0.82574,0.80512,0.82214,71101.77
2014-02-05,0.82214,0.82442,0.81872,0.8225,60528.09
2014-02-06,0.8225,0.82826,0.82087,0.8243,51213.83
2014-02-07,0.8243,0.82963,0.82115,0.82889,46468.17
2014-02-08,0.82889,0.82889,0.82889,0.82889,0.0
2014-02-09,0.82889,0.82889,0.82719,0.82794,2048.89
2014-02-10,0.82794,0.8287,0.82566,0.82674,32928.34
2014-02-11,0.82674,0.83438,0.82668,0.83087,47498.36
2014-02-12,0.83071,0.83682,0.83034,0.83176,44788.13
2014-02-13,0.83176,0.83574,0.82927,0.83437,52980.75
2014-02-14,0.83438,0.83847,0.83316,0.83662,40690.42
2014-02-15,0.83662,0.83662,0.83662,0.83662,0.0
2014-02-16,0.83662,0.83783,0.83592,0.8377,2313.36
2014-02-17,0.83761,0.83921,0.83527,0.83631,36620.51
2014-02-18,0.8363,0.83806,0.82955,0.82955,58142.98
2014-02-19,0.82955,0.8343,0.82642,0.82725,60236.75
2014-02-20,0.82724,0.83146,0.82425,0.83031,63818.33
2014-02-21,0.83033,0.83151,0.82648,0.82775,42616.17
2014-02-22,0.82775,0.82775,0.82775,0.82775,0.0
2014-02-23,0.82775,0.82851,0.82701,0.82774,2647.43
2014-02-24,0.82774,0.83414,0.82604,0.83305,48675.02
2014-02-25,0.83305,0.83448,0.83168,0.83283,42209.78
2014-02-26,0.8328,0.83446,0.82811,0.83088,48243.81
2014-02-27,0.83079,0.83915,0.82908,0.83643,58675.28
2014-02-28,0.83645,0.84249,0.83645,0.8378,49564.6
2014-03-01,0.8378,0.8378,0.8378,0.8378,0.0
2014-03-02,0.8378,0.8378,0.83537,0.83599,4620.8
2014-03-03,0.83599,0.83843,0.83425,0.83615,47032.28
2014-03-04,0.83615,0.83997,0.8352,0.83924,54778.71
2014-03-05,0.83914,0.84319,0.83756,0.84114,68094.4
2014-03-06,0.84114,0.85031,0.84062,0.8473,75609.69
2014-03-07,0.8473,0.85227,0.84445,0.84635,60445.86
2014-03-08,0.84635,0.84635,0.84635,0.84635,0.0
2014-03-09,0.84635,0.84804,0.84491,0.84713,4943.36
2014-03-10,0.84713,0.8475,0.84401,0.84678,48671.37
2014-03-11,0.84678,0.85055,0.84505,0.84563,45394.48
2014-03-12,0.84557,0.85249,0.84356,0.85214,58028.55
2014-03-13,0.85214,0.86052,0.85166,0.85363,65907.35
2014-03-14,0.85371,0.8564,0.85235,0.85277,44871.46
2014-03-15,0.85277,0.85277,0.85277,0.85277,0.0
2014-03-16,0.85277,0.85403,0.85188,0.85349,3706.87
2014-03-17,0.85349,0.85821,0.85287,0.856,41465.89
2014-03-18,0.856,0.864,0.85412,0.86235,59099.73
2014-03-19,0.86235,0.86355,0.85283,0.8533,83586.9
2014-03-20,0.85329,0.85482,0.85013,0.85301,69234.96
2014-03-21,0.85301,0.85681,0.85247,0.85293,57913.47
2014-03-22,0.85293,0.85293,0.85293,0.85293,0.0
2014-03-23,0.85293,0.85598,0.85293,0.85399,7759.33
2014-03-24,0.85397,0.85661,0.8515,0.85439,71428.09
2014-03-25,0.85438,0.8588,0.85321,0.85707,67151.6
2014-03-26,0.85707,0.86197,0.857,0.86013,71664.67
2014-03-27,0.86013,0.86855,0.85907,0.86652,72308.93
2014-03-28,0.86654,0.86966,0.865,0.8656,53597.11
2014-03-29,0.8656,0.8656,0.8656,0.8656,0.0
2014-03-30,0.8656,0.86717,0.8652,0.86705,12286.39
2014-03-31,0.86705,0.86842,0.86409,0.86717,49792.48
2014-04-01,0.86717,0.87012,0.86132,0.86151,45632.71
2014-04-02,0.86147,0.86168,0.85468,0.85729,59494.03
2014-04-03,0.85731,0.858,0.85139,0.85538,49525.59
2014-04-04,0.85536,0.8603,0.85309,0.85945,40087.09
2014-04-05,0.85945,0.85945,0.85945,0.85945,0.0
2014-04-06,0.85945,0.86144,0.85775,0.86107,5343.68
2014-04-07,0.86109,0.8614,0.8579,0.86077,44656.45
2014-04-08,0.86077,0.86811,0.86053,0.86659,57063.4
2014-04-09,0.86657,0.87257,0.86459,0.87182,53821.63
2014-04-10,0.87181,0.87452,0.86629,0.86678,72147.21
2014-04-11,0.86678,0.87056,0.86235,0.86853,61639.11
2014-04-12,0.86853,0.86853,0.86853,0.86853,0.0
2014-04-13,0.86853,0.86891,0.86764,0.86832,5723.68
2014-04-14,0.86832,0.86941,0.86302,0.86835,47769.36
2014-04-15,0.86835,0.86895,0.8593,0.85961,69823.57
2014-04-16,0.85962,0.86367,0.85781,0.86297,74062.25
2014-04-17,0.86297,0.8648,0.85618,0.85751,50641.7
2014-04-18,0.8575,0.85917,0.85646,0.85682,27987.49
2014-04-19,0.85682,0.85682,0.85682,0.85682,0.0
2014-04-20,0.85682,0.86013,0.85682,0.85891,4004.22
2014-04-21,0.85891,0.85891,0.85552,0.85745,30107.91
2014-04-22,0.85743,0.86203,0.85667,0.86121,46370.5
2014-04-23,0.8612,0.86233,0.85655,0.86119,62242.0
2014-04-24,0.86119,0.86365,0.85459,0.85698,53455.49
2014-04-25,0.85697,0.85934,0.85522,0.8575,32863.58
2014-04-26,0.8575,0.8575,0.8575,0.8575,0.0
2014-04-27,0.8575,0.85817,0.85717,0.858,1624.53
2014-04-28,0.85799,0.85873,0.85252,0.8532,52649.21
2014-04-29,0.85321,0.85624,0.85166,0.85615,45906.02
2014-04-30,0.85614,0.86322,0.8548,0.86082,10483975.87
2014-05-01,0.86082,0.86397,0.86003,0.86281,23853709.14
2014-05-02,0.86281,0.86695,0.85923,0.86598,54613.04
2014-05-03,0.86598,0.86598,0.86598,0.86598,0.0
2014-05-04,0.86598,0.86703,0.86552,0.86582,3297.35
2014-05-05,0.86582,0.86863,0.86482,0.86841,7041509.49
2014-05-06,0.8684,0.87789,0.86812,0.87084,64997.85
2014-05-08,0.86486,0.86716,0.86249,0.86452,83616746.54
2014-05-09,0.86452,0.86515,0.86039,0.86077,10692458.39
2014-05-11,0.86231,0.86269,0.86158,0.86233,3664.03
2014-05-13,0.86216,0.86685,0.86088,0.86275,52707.15
2014-05-14,0.86275,0.86778,0.86237,0.86596,48809953.41
2014-05-15,0.86596,0.86949,0.86265,0.86535,8807944.44
2014-05-16,0.86535,0.86539,0.86238,0.86242,63068559.87
2014-05-18,0.8634,0.86398,0.8629,0.86372,3637.08
2014-05-19,0.86371,0.86547,0.86207,0.86315,25315153.45
2014-05-20,0.86315,0.86318,0.85606,0.85619,22057788.36
2014-05-22,0.85641,0.85884,0.85511,0.85649,57559934.98
2014-05-23,0.85649,0.85744,0.85307,0.85417,45050.15
2014-05-25,0.85404,0.85495,0.85378,0.854,5845.01
2014-05-26,0.85399,0.85658,0.85267,0.85609,60176475.02
2014-05-27,0.85608,0.85789,0.85295,0.85673,86503839.99
2014-05-28,0.85673,0.85673,0.84698,0.84819,41305347.54
2014-05-29,0.84817,0.85078,0.84516,0.84863,87425069.9
2014-05-30,0.84863,0.85165,0.8472,0.84955,52239.29
2014-06-01,0.84866,0.84974,0.84778,0.84888,4574.38
2014-06-02,0.84888,0.84908,0.84397,0.84407,18996520.97
2014-06-03,0.84407,0.84766,0.84179,0.84346,10064302.33
2014-06-04,0.84345,0.84427,0.8402,0.84238,65807.62
2014-06-05,0.84233,0.85135,0.84219,0.8483,34403142.75
2014-06-06,0.8483,0.85538,0.84809,0.84935,62761.36
2014-06-08,0.84971,0.85092,0.8497,0.8501,4039.33
2014-06-09,0.8501,0.85303,0.84803,0.84934,53506.96
2014-06-10,0.84935,0.85313,0.84931,0.85271,12871103.83
2014-06-11,0.85271,0.86263,0.85169,0.86059,73590.49
2014-06-12,0.86058,0.86995,0.86057,0.86749,25850731.27
2014-06-13,0.86749,0.86795,0.86446,0.8666,53800956.42
2014-06-15,0.86656,0.86759,0.8661,0.86621,4601.55
2014-06-16,0.86621,0.86993,0.86594,0.86708,81997020.5
2014-06-17,0.86708,0.86764,0.86417,0.86596,52853711.5
2014-06-18,0.86595,0.87356,0.86541,0.8717,67601.77
2014-06-19,0.87169,0.87321,0.87033,0.87077,65431.67
2014-06-20,0.87076,0.87227,0.8681,0.86946,39381.74
2014-06-22,0.87004,0.87061,0.86966,0.87033,5365.41
2014-06-23,0.87033,0.87481,0.86993,0.87063,53675.57
2014-06-24,0.8706,0.87228,0.86623,0.86668,53481.71
2014-06-25,0.86668,0.87409,0.86619,0.87339,55928.02
2014-06-26,0.87342,0.87931,0.87342,0.87704,55865.61
2014-06-27,0.87703,0.87892,0.87536,0.87745,41804.09
2014-06-29,0.87772,0.87782,0.87688,0.87723,5403.56
2014-06-30,0.87723,0.87814,0.87278,0.87631,53018.78
2014-07-01,0.87631,0.87907,0.87498,0.87614,60982.87
2014-07-02,0.87614,0.87757,0.87473,0.8764,58093.86
2014-07-03,0.8764,0.87769,0.87172,0.87445,68516.45
2014-07-04,0.87442,0.87566,0.8731,0.87339,39175.18
2014-07-06,0.87453,0.87483,0.87303,0.87326,5615.78
2014-07-07,0.87327,0.87676,0.87136,0.87473,52211.31
2014-07-08,0.87473,0.88055,0.87469,0.8792,55384.16
2014-07-09,0.8792,0.88286,0.87809,0.88247,59044.91
2014-07-10,0.88245,0.88352,0.87939,0.88096,63253.71
2014-07-11,0.88096,0.88333,0.87988,0.88073,47437.66
2014-07-13,0.88093,0.88193,0.88062,0.88102,6707.07
2014-07-14,0.88102,0.88224,0.87941,0.88097,52537.71
2014-07-15,0.88096,0.88178,0.87171,0.87261,73514.14
2014-07-16,0.87259,0.87293,0.86892,0.87141,58069.55
2014-07-17,0.8714,0.87186,0.865,0.86654,74326.35
2014-07-18,0.86656,0.86937,0.86532,0.86895,51089.92
2014-07-20,0.86973,0.87111,0.869,0.87046,5610.26
2014-07-21,0.87046,0.8719,0.86778,0.86778,45519.79
2014-07-22,0.86778,0.86968,0.86525,0.86699,56639.18
2014-07-23,0.86699,0.87078,0.8599,0.86115,56890.34
2014-07-24,0.86117,0.86236,0.85596,0.85794,63010.88
2014-07-25,0.85794,0.85861,0.85386,0.85505,56847.07
2014-07-27,0.85521,0.85569,0.85502,0.85518,8270.52
2014-07-28,0.85518,0.85608,0.853,0.85484,62116.79
2014-07-29,0.85484,0.85566,0.84935,0.85086,71304.95
2014-07-30,0.85086,0.85146,0.84628,0.84874,69331.78
2014-07-31,0.84874,0.85186,0.84717,0.8504,76272.72
2014-08-01,0.8504,0.85346,0.84615,0.85067,78395.96
2014-08-03,0.85042,0.85204,0.85037,0.85087,7470.44
2014-08-04,0.85087,0.85278,0.84956,0.85214,54535.15
2014-08-05,0.85214,0.85307,0.8429,0.84399,75076.23
2014-08-06,0.84394,0.8486,0.84229,0.84704,64113.44
2014-08-07,0.84703,0.84936,0.84518,0.84524,65385.56
2014-08-08,0.84525,0.84892,0.84309,0.84562,53153.62
2014-08-10,0.846,0.84712,0.84566,0.84628,4045.82
2014-08-11,0.84629,0.84746,0.84508,0.84541,36657.56
2014-08-12,0.84539,0.84549,0.84084,0.84245,50812.31
2014-08-13,0.84244,0.84884,0.84189,0.84782,59079.73
2014-08-14,0.84782,0.85143,0.84555,0.84805,50696.37
2014-08-15,0.84805,0.85019,0.84669,0.84838,43362.0
2014-08-17,0.84879,0.84946,0.84756,0.84789,3261.69
2014-08-18,0.84789,0.85006,0.8455,0.84584,38711.17
2014-08-19,0.84582,0.84642,0.84142,0.842,56270.22
2014-08-20,0.842,0.84245,0.83643,0.83725,66808.35
2014-08-21,0.83727,0.84126,0.83479,0.83958,53020.29
2014-08-22,0.83957,0.84297,0.83803,0.84013,50379.11
2014-08-24,0.83915,0.83968,0.83348,0.83544,10494.44
2014-08-25,0.83541,0.837,0.83121,0.83129,53740.04
2014-08-26,0.83128,0.83497,0.83106,0.83391,56778.86
2014-08-27,0.83389,0.83812,0.83314,0.83662,61854.21
2014-08-28,0.83662,0.84075,0.83657,0.83741,61369.1
2014-08-29,0.8374,0.83974,0.83544,0.83549,46893.11
2014-08-31,0.83481,0.83626,0.83476,0.83523,7629.15
2014-09-01,0.83525,0.83905,0.83518,0.83855,48199.61
2014-09-02,0.83854,0.83861,0.82913,0.83007,69593.92
2014-09-03,0.83007,0.83322,0.82871,0.83201,65849.04
2014-09-04,0.83201,0.83504,0.82699,0.82733,72618.03
2014-09-05,0.82734,0.83471,0.82696,0.83245,61174.87
2014-09-07,0.83014,0.832,0.83014,0.83142,6129.65
2014-09-08,0.83142,0.83287,0.82615,0.82694,68009.49
2014-09-09,0.82694,0.82852,0.82229,0.82548,95542.59
2014-09-10,0.82548,0.82662,0.81804,0.8196,110036.6
2014-09-11,0.81957,0.82223,0.81607,0.81818,104930.97
2014-09-12,0.81818,0.81918,0.81406,0.81415,79278.71
2014-09-14,0.81463,0.81514,0.81387,0.81472,5638.6
2014-09-15,0.81471,0.81813,0.81229,0.8175,88591.49
2014-09-16,0.81749,0.82295,0.8145,0.81896,96542.5
2014-09-17,0.81896,0.81984,0.8077,0.80967,108097.84
2014-09-18,0.80967,0.81787,0.80928,0.81496,79373.22
2014-09-19,0.81496,0.81731,0.81104,0.81226,74259.9
2014-09-21,0.81461,0.8157,0.8142,0.81438,4701.93
2014-09-22,0.81437,0.81698,0.80984,0.81109,69784.19
2014-09-23,0.81108,0.81462,0.80415,0.80763,87099.29
2014-09-24,0.80763,0.80935,0.80438,0.80603,71120.02
2014-09-25,0.80602,0.80725,0.79124,0.7946,103629.15
2014-09-26,0.7946,0.79561,0.78587,0.78606,76541.17
2014-09-28,0.78602,0.78679,0.78566,0.78616,5679.72
2014-09-29,0.78616,0.7868,0.77073,0.7766,96065.18
2014-09-30,0.7766,0.783,0.77384,0.78079,97632.47
2014-10-01,0.78078,0.78602,0.77598,0.77803,105298.33
2014-10-02,0.77803,0.79288,0.77798,0.789,112531.57
2014-10-03,0.789,0.789,0.7737,0.77645,80227.34
2014-10-05,0.77596,0.77644,0.77134,0.77273,5640.0
2014-10-06,0.77273,0.7867,0.77273,0.78312,84119.51
2014-10-07,0.78311,0.78726,0.77822,0.78225,100264.16
2014-10-08,0.78225,0.7914,0.77827,0.79039,116687.32
2014-10-09,0.79038,0.79741,0.78445,0.786,113648.8
2014-10-10,0.786,0.7878,0.78,0.7814,82491.87
2014-10-12,0.78214,0.78305,0.7795,0.78295,9005.13
2014-10-13,0.78296,0.78977,0.78154,0.7867,84605.0
2014-10-14,0.78672,0.7917,0.78203,0.78298,78590.33
2014-10-15,0.78298,0.79949,0.78056,0.79646,125352.28
2014-10-16,0.79648,0.79967,0.78761,0.79421,136861.21
2014-10-17,0.79421,0.79683,0.79122,0.79122,71914.01
2014-10-19,0.79245,0.79357,0.79148,0.79264,6416.79
2014-10-20,0.79264,0.79802,0.79251,0.79609,67664.69
2014-10-21,0.79609,0.80342,0.79445,0.79664,86534.6
2014-10-22,0.79664,0.79909,0.78514,0.78514,81325.59
2014-10-23,0.78514,0.78693,0.77942,0.78263,93894.52
2014-10-24,0.78262,0.78806,0.78051,0.78512,57153.4
2014-10-26,0.78454,0.78624,0.78434,0.78505,6300.98
2014-10-27,0.78505,0.79025,0.78459,0.7891,55262.83
2014-10-28,0.7891,0.79581,0.78849,0.79222,62188.54
2014-10-29,0.79218,0.79769,0.77679,0.77807,86895.48
2014-10-30,0.77807,0.78598,0.77653,0.78384,92356.88
2014-10-31,0.78384,0.78799,0.7775,0.7787,86940.63
2014-11-02,0.77709,0.77783,0.77697,0.77755,3654.05
2014-11-03,0.77757,0.77926,0.76972,0.77313,85909.43
2014-11-04,0.77313,0.78413,0.77096,0.78213,88591.24
2014-11-05,0.78213,0.78331,0.76846,0.77107,113356.25
2014-11-06,0.77108,0.77583,0.76676,0.76916,132279.82
2014-11-07,0.76918,0.77677,0.76601,0.77472,135238.19
2014-11-09,0.777,0.77762,0.77593,0.77618,6231.27
2014-11-10,0.77618,0.78224,0.77395,0.77539,86716.71
2014-11-11,0.77542,0.78411,0.77125,0.78217,128335.3
2014-11-12,0.78217,0.79057,0.78022,0.78618,137514.12
2014-11-13,0.7862,0.79278,0.784,0.78684,108419.42
2014-11-14,0.78684,0.79387,0.78232,0.79017,121363.14
2014-11-16,0.79454,0.79557,0.79271,0.7931,6422.21
2014-11-17,0.7931,0.79749,0.79,0.79252,105292.63
2014-11-18,0.7925,0.79732,0.79014,0.79041,102484.94
2014-11-19,0.79042,0.79061,0.78249,0.78388,131255.56
2014-11-20,0.78385,0.78813,0.78064,0.78594,139224.38
2014-11-21,0.78594,0.79461,0.78467,0.78808,131131.25
2014-11-23,0.7881,0.78896,0.7877,0.78888,5235.45
2014-11-24,0.78887,0.79104,0.78456,0.78568,95382.71
2014-11-25,0.78568,0.78638,0.77656,0.78287,138227.99
2014-11-26,0.78287,0.78927,0.78022,0.78757,133423.45
2014-11-27,0.78761,0.79262,0.78353,0.78579,104474.45
2014-11-28,0.78586,0.78677,0.78259,0.78307,106063.12
2014-11-30,0.78154,0.78256,0.77877,0.7792,8055.16
2014-12-01,0.77919,0.79105,0.77761,0.78628,133506.03
2014-12-02,0.78627,0.78902,0.77838,0.78003,114462.83
2014-12-03,0.78003,0.78063,0.77362,0.77504,120593.33
2014-12-04,0.77503,0.78217,0.7729,0.7778,133936.59
2014-12-05,0.77779,0.77836,0.76993,0.77046,98246.52
2014-12-07,0.76993,0.77025,0.76755,0.76766,7208.66
2014-12-08,0.76765,0.76895,0.76232,0.76525,93423.63
2014-12-09,0.76526,0.77613,0.76084,0.76906,121634.53
2014-12-10,0.76906,0.78316,0.76613,0.78132,118133.65
2014-12-11,0.78132,0.78701,0.77779,0.77862,129317.83
2014-12-12,0.7786,0.78398,0.7757,0.77746,80891.91
2014-12-14,0.77729,0.77932,0.77544,0.77544,6307.9
2014-12-15,0.77546,0.77752,0.77261,0.77405,88480.28
2014-12-16,0.77406,0.78483,0.77205,0.77885,109810.0
2014-12-17,0.77884,0.77979,0.76848,0.76954,102230.2
2014-12-18,0.76955,0.77788,0.7681,0.77777,87379.28
2014-12-19,0.77777,0.77959,0.77361,0.77417,57501.61
2014-12-21,0.77477,0.77483,0.77367,0.77451,2673.16
2014-12-22,0.77451,0.77701,0.77143,0.77211,44892.19
2014-12-23,0.7721,0.77555,0.76937,0.77117,41310.24
2014-12-24,0.77118,0.77357,0.77084,0.7731,30940.12
2014-12-25,0.7731,0.77419,0.7722,0.77287,6493.25
2014-12-26,0.77287,0.77621,0.77278,0.77588,57232.67
2014-12-28,0.77531,0.77567,0.77404,0.77464,4279.89
2014-12-29,0.77466,0.77991,0.77466,0.77789,44978.7
2014-12-30,0.77788,0.78478,0.77705,0.78312,49236.8
2014-12-31,0.78313,0.78469,0.77858,0.77895,34680.0
2015-01-01,0.77988,0.78009,0.77823,0.77919,3624.28
2015-01-02,0.77921,0.77972,0.76893,0.76906,58160.65
2015-01-04,0.7681,0.76859,0.76517,0.76623,7230.87
2015-01-05,0.76623,0.77193,0.76189,0.76989,62268.67
2015-01-06,0.76986,0.78097,0.76843,0.77424,76282.88
2015-01-07,0.77424,0.77942,0.77133,0.77688,73579.17
2015-01-08,0.7769,0.78288,0.7762,0.78079,64566.92
2015-01-09,0.78078,0.785,0.77888,0.78326,71731.55
2015-01-11,0.7846,0.78642,0.784,0.78446,3995.28
2015-01-12,0.78447,0.7865,0.77359,0.77687,68689.39
2015-01-13,0.77688,0.78027,0.77116,0.77413,78684.13
2015-01-14,0.77413,0.77798,0.76896,0.77114,100382.71
2015-01-15,0.77114,0.78899,0.77005,0.78394,128964.0
2015-01-16,0.78394,0.78556,0.77455,0.77821,61846.7
2015-01-18,0.77811,0.77943,0.77732,0.77912,2880.72
2015-01-19,0.77913,0.78076,0.77553,0.77588,47801.5
2015-01-20,0.77588,0.77816,0.76221,0.76461,69483.4
2015-01-21,0.76461,0.77093,0.75495,0.75702,98335.8
2015-01-22,0.75706,0.7583,0.74803,0.75034,99330.17
2015-01-23,0.75036,0.75272,0.74314,0.74464,88689.42
2015-01-25,0.74357,0.74363,0.74056,0.74164,4706.53
2015-01-26,0.74164,0.74689,0.73981,0.74365,74414.05
2015-01-27,0.74362,0.74778,0.74079,0.74513,77584.15
2015-01-28,0.7451,0.74942,0.7313,0.7322,94664.56
2015-01-29,0.73215,0.73475,0.72332,0.72775,85994.73
2015-01-30,0.72775,0.72949,0.72149,0.72529,69061.48
2015-02-01,0.72509,0.72638,0.72436,0.72627,4121.62
2015-02-02,0.72627,0.73233,0.72524,0.73005,64093.8
2015-02-03,0.73003,0.74371,0.71761,0.73343,117893.82
2015-02-04,0.73338,0.74488,0.72874,0.73567,95805.23
2015-02-05,0.73568,0.7427,0.73411,0.74045,78056.61
2015-02-06,0.74045,0.74444,0.73325,0.73547,65292.66
2015-02-08,0.73582,0.7362,0.7343,0.73509,3933.24
2015-02-09,0.73509,0.74391,0.7341,0.73965,62376.71
2015-02-10,0.73965,0.74395,0.73833,0.74183,73269.64
2015-02-11,0.74183,0.74464,0.73515,0.73743,70331.58
2015-02-12,0.7374,0.74855,0.73134,0.74304,89852.31
2015-02-13,0.74301,0.7471,0.74112,0.74411,54788.42
2015-02-15,0.7478,0.74852,0.74699,0.74766,3508.69
2015-02-16,0.74766,0.75283,0.7476,0.74855,68493.7
2015-02-17,0.74855,0.75552,0.74847,0.75374,65567.1
2015-02-18,0.75374,0.75735,0.75016,0.75466,68547.08
2015-02-19,0.75466,0.75725,0.75065,0.75177,65540.41
2015-02-20,0.75177,0.75533,0.75138,0.75199,70691.47
2015-02-22,0.75248,0.75295,0.75191,0.75266,5513.24
2015-02-23,0.75266,0.75472,0.74869,0.75289,69950.88
2015-02-24,0.75287,0.75347,0.74213,0.74804,83736.31
2015-02-25,0.74804,0.7576,0.74783,0.7569,76120.56
2015-02-26,0.75687,0.76131,0.75147,0.75368,81858.51
2015-02-27,0.75368,0.75702,0.75331,0.75594,64568.06
2015-03-01,0.75532,0.7562,0.75375,0.75458,5480.27
2015-03-02,0.75458,0.75556,0.75011,0.75043,62417.21
2015-03-03,0.75043,0.75732,0.75015,0.75598,67230.28
2015-03-04,0.75598,0.76101,0.75445,0.75877,64849.82
2015-03-05,0.75877,0.75961,0.74532,0.74874,66399.47
2015-03-06,0.74876,0.75137,0.73571,0.73593,67699.43
2015-03-08,0.73617,0.73731,0.73525,0.73623,4775.14
2015-03-09,0.73623,0.739,0.73224,0.73398,69916.37
2015-03-10,0.73398,0.73405,0.72534,0.72887,107421.9
2015-03-11,0.72885,0.73213,0.71891,0.73025,118220.94
2015-03-12,0.73025,0.74434,0.72875,0.74059,119351.87
2015-03-13,0.74058,0.74059,0.73124,0.73371,79691.19
2015-03-15,0.73201,0.73411,0.73155,0.73171,7994.97
2015-03-16,0.73171,0.74092,0.73171,0.73783,73343.94
2015-03-17,0.73783,0.7404,0.72996,0.73131,75113.05
2015-03-18,0.73131,0.75461,0.72749,0.75012,106275.43
2015-03-19,0.7501,0.75374,0.73726,0.74318,117500.7
2015-03-20,0.74319,0.75915,0.74204,0.75651,93626.4
2015-03-22,0.75763,0.75974,0.75554,0.75677,9344.37
2015-03-23,0.75676,0.76751,0.75479,0.76514,126274.71
2015-03-24,0.76514,0.76961,0.76118,0.76243,119226.8
2015-03-25,0.76243,0.76915,0.75723,0.75842,102509.26
2015-03-26,0.75842,0.76642,0.75552,0.75859,122035.5
2015-03-27,0.75859,0.75981,0.75427,0.75634,93670.36
2015-03-29,0.7553,0.75656,0.75434,0.75465,9974.4
2015-03-30,0.75465,0.7548,0.74865,0.74969,89983.98
2015-03-31,0.74968,0.75103,0.74393,0.74467,92132.12
2015-04-01,0.74467,0.74905,0.73909,0.74383,101320.36
2015-04-02,0.74387,0.75169,0.74243,0.75057,94728.31
2015-04-03,0.75057,0.76295,0.74963,0.75999,51581.01
2015-04-05,0.75714,0.76177,0.75674,0.76124,4980.16
2015-04-06,0.76124,0.76218,0.75172,0.75336,53061.43
2015-04-07,0.75336,0.75605,0.74862,0.75058,94493.68
2015-04-08,0.75058,0.76078,0.75048,0.75494,96865.16
2015-04-09,0.75492,0.7607,0.75259,0.75729,84650.24
2015-04-10,0.75729,0.75976,0.75132,0.75283,67870.68
2015-04-12,0.75259,0.75372,0.75189,0.75307,5330.06
2015-04-13,0.75303,0.75365,0.74215,0.74596,83174.02
2015-04-14,0.74595,0.75526,0.74378,0.75094,85337.39
2015-04-15,0.75096,0.76174,0.74862,0.75894,98296.73
2015-04-16,0.75894,0.76976,0.75848,0.765,111725.75
2015-04-17,0.76501,0.77402,0.7645,0.76714,92371.73
2015-04-19,0.77,0.77137,0.76792,0.77028,10269.91
2015-04-20,0.77028,0.77237,0.76418,0.76586,85940.93
2015-04-21,0.76586,0.77127,0.7634,0.76691,100494.65
2015-04-22,0.76691,0.7737,0.76393,0.76395,99249.42
2015-04-23,0.76393,0.76402,0.75362,0.75806,115036.87
2015-04-24,0.75805,0.76089,0.75425,0.75947,91966.53
2015-04-26,0.75821,0.76115,0.75791,0.76045,5167.18
2015-04-27,0.76045,0.76653,0.75914,0.76273,87723.49
2015-04-28,0.76273,0.77402,0.76156,0.77215,102672.36
2015-04-29,0.77213,0.77438,0.75932,0.76047,133610.36
2015-04-30,0.76045,0.76406,0.75745,0.76011,121598.05
2015-05-01,0.76009,0.7609,0.75061,0.7536,80576.71
2015-05-03,0.75254,0.75396,0.75216,0.75241,8857.5
2015-05-04,0.75241,0.75575,0.75078,0.75369,80795.74
2015-05-05,0.75369,0.75768,0.74789,0.74962,115352.28
2015-05-06,0.74965,0.75517,0.74589,0.74837,105791.4
2015-05-07,0.74838,0.75281,0.74255,0.74405,112038.02
2015-05-08,0.74405,0.75002,0.74206,0.74859,99024.79
2015-05-10,0.74723,0.74724,0.7412,0.74222,10536.25
2015-05-11,0.74222,0.74281,0.73318,0.73417,90680.15
2015-05-12,0.73417,0.74175,0.73176,0.74165,115433.44
2015-05-13,0.74165,0.75629,0.73613,0.7527,114930.61
2015-05-14,0.7527,0.75635,0.74801,0.74908,115002.4
2015-05-15,0.74909,0.74947,0.74299,0.74718,82333.8
2015-05-17,0.74506,0.74576,0.74374,0.74524,6661.28
2015-05-18,0.74524,0.74533,0.73674,0.73742,86611.94
2015-05-19,0.73742,0.74443,0.73373,0.73593,100515.27
2015-05-20,0.73593,0.73716,0.72814,0.73008,107148.24
2015-05-21,0.73009,0.73567,0.72923,0.73508,100087.9
2015-05-22,0.7351,0.73948,0.72971,0.72979,81685.08
2015-05-24,0.73062,0.73156,0.72971,0.72998,4928.45
2015-05-25,0.73,0.73205,0.72923,0.73079,51947.36
2015-05-26,0.73078,0.73217,0.72211,0.72427,92889.37
2015-05-27,0.72427,0.72705,0.7212,0.72404,92637.72
2015-05-28,0.72405,0.72664,0.71285,0.71826,111188.54
2015-05-29,0.71827,0.71837,0.70814,0.71021,95610.62
2015-05-31,0.70812,0.71045,0.70766,0.70901,4157.43
2015-06-01,0.709,0.71499,0.7082,0.71019,88783.55
2015-06-02,0.7102,0.72004,0.70932,0.71609,122507.2
2015-06-03,0.71608,0.71924,0.71168,0.71507,109782.0
2015-06-04,0.71506,0.71677,0.7103,0.71259,101511.57
2015-06-05,0.71259,0.71517,0.70243,0.70428,83724.85
2015-06-07,0.70411,0.70511,0.70401,0.70422,4166.76
2015-06-08,0.7042,0.71567,0.70399,0.71311,81228.3
2015-06-09,0.7131,0.71791,0.70866,0.7146,91925.03
2015-06-10,0.71459,0.7232,0.70164,0.70435,122927.04
2015-06-11,0.70434,0.70539,0.69661,0.70131,100068.56
2015-06-12,0.7013,0.70234,0.6943,0.69789,78274.11
2015-06-14,0.69853,0.69966,0.69825,0.69879,3139.92
2015-06-15,0.69878,0.70088,0.69591,0.69961,75139.56
2015-06-16,0.69961,0.70089,0.69717,0.69814,62777.69
2015-06-17,0.69811,0.70113,0.68796,0.68862,88990.85
2015-06-18,0.68862,0.69818,0.68797,0.69179,91172.11
2015-06-19,0.69179,0.6938,0.68895,0.69063,67294.78
2015-06-21,0.69029,0.69073,0.68961,0.68962,4035.87
2015-06-22,0.68962,0.69297,0.68597,0.6868,73608.63
2015-06-23,0.68677,0.68739,0.68145,0.68633,81502.26
2015-06-24,0.68627,0.69068,0.68497,0.68884,82343.39
2015-06-25,0.68875,0.69236,0.68631,0.68839,70102.82
2015-06-26,0.68839,0.68962,0.68175,0.68364,59919.63
2015-06-28,0.6834,0.68362,0.67862,0.68204,8068.25
2015-06-29,0.68206,0.68816,0.68079,0.68346,85688.02
2015-06-30,0.68345,0.6849,0.67468,0.67823,93222.07
2015-07-01,0.67824,0.68105,0.67079,0.67116,84696.94
2015-07-02,0.67116,0.67339,0.66623,0.67207,87607.83
2015-07-03,0.67207,0.67313,0.66765,0.66778,62467.71
2015-07-05,0.6667,0.66978,0.6646,0.66847,4756.33
2015-07-06,0.66837,0.67146,0.66651,0.66707,73828.98
2015-07-07,0.66707,0.66831,0.66203,0.66617,98273.71
2015-07-08,0.66616,0.67497,0.66214,0.67128,97841.45
2015-07-09,0.67128,0.67703,0.6698,0.67439,84230.67
2015-07-10,0.67439,0.67684,0.66834,0.67149,62766.33
2015-07-12,0.66957,0.67165,0.66953,0.67097,4090.71
2015-07-13,0.67096,0.6753,0.66741,0.668,87259.19
2015-07-14,0.66803,0.67427,0.66671,0.67009,72116.7
2015-07-15,0.67009,0.6723,0.65621,0.65696,89958.75
2015-07-16,0.65699,0.65703,0.64976,0.65207,88537.53
2015-07-17,0.65207,0.6556,0.65174,0.65194,56797.16
2015-07-19,0.6513,0.65257,0.65108,0.65144,4059.61
2015-07-20,0.65143,0.66004,0.65045,0.65779,88312.7
2015-07-21,0.65776,0.66537,0.65734,0.6625,106456.29
2015-07-22,0.66246,0.66523,0.65596,0.66174,87600.66
2015-07-23,0.66172,0.66943,0.65963,0.66169,86083.9
2015-07-24,0.66169,0.66201,0.65551,0.65716,63323.88
2015-07-26,0.65676,0.65799,0.65663,0.6578,4938.22
2015-07-27,0.65774,0.66387,0.65723,0.66264,81932.55
2015-07-28,0.66263,0.67374,0.66213,0.67131,89865.5
2015-07-29,0.67128,0.67216,0.66379,0.66549,83044.8
2015-07-30,0.66547,0.66553,0.65656,0.66056,82193.76
2015-07-31,0.66056,0.66732,0.65347,0.65899,83651.6
2015-08-02,0.6603,0.66055,0.6577,0.65796,3927.89
2015-08-03,0.65797,0.66127,0.65496,0.65641,76619.81
2015-08-04,0.65646,0.66158,0.6524,0.65354,99817.47
2015-08-05,0.65352,0.65651,0.64901,0.65248,98369.78
2015-08-06,0.6525,0.65573,0.65204,0.65428,73360.82
2015-08-07,0.65427,0.66366,0.65288,0.66164,82607.48
2015-08-09,0.66115,0.66155,0.66027,0.66045,5585.78
2015-08-10,0.66045,0.66262,0.65561,0.66117,72999.33
2015-08-11,0.66118,0.66325,0.65194,0.65502,83228.75
2015-08-12,0.655,0.66495,0.64671,0.66086,99688.98
2015-08-13,0.66086,0.66407,0.65404,0.65552,102493.92
2015-08-14,0.6555,0.65709,0.6514,0.65318,82108.98
2015-08-16,0.65344,0.65488,0.65332,0.65393,4012.93
2015-08-17,0.65393,0.65835,0.65277,0.65775,72336.04
2015-08-18,0.65775,0.66054,0.6556,0.65886,80271.01
2015-08-19,0.65888,0.66235,0.65501,0.65978,81897.88
2015-08-20,0.65978,0.66461,0.65784,0.66216,81105.56
2015-08-21,0.66214,0.67078,0.66058,0.66787,81118.25
2015-08-23,0.66583,0.66859,0.66063,0.66258,8409.9
2015-08-24,0.66256,0.66281,0.60685,0.64619,118814.92
2015-08-25,0.6462,0.65613,0.64504,0.64676,93622.53
2015-08-26,0.64675,0.65126,0.64084,0.6443,91449.21
2015-08-27,0.6443,0.64894,0.64304,0.64779,89720.08
2015-08-28,0.64779,0.65051,0.64357,0.64562,62305.09
2015-08-30,0.64581,0.64662,0.64305,0.64586,6459.0
2015-08-31,0.64585,0.64668,0.63198,0.63498,74436.91
2015-09-01,0.63498,0.63884,0.63113,0.63196,86926.45
2015-09-02,0.63186,0.63728,0.63184,0.63698,70962.88
2015-09-03,0.63698,0.64142,0.63304,0.63929,71551.06
2015-09-04,0.63926,0.64023,0.62693,0.62799,63194.99
2015-09-06,0.62993,0.63009,0.62812,0.62898,5625.7
2015-09-07,0.62897,0.62942,0.62434,0.62678,70046.96
2015-09-08,0.62678,0.63796,0.62588,0.6374,68639.03
2015-09-09,0.6374,0.64247,0.62562,0.62622,83520.91
2015-09-10,0.62623,0.63375,0.62561,0.63113,86063.36
2015-09-11,0.63115,0.63265,0.62826,0.63107,47825.63
2015-09-13,0.63084,0.63242,0.63039,0.63208,3843.52
2015-09-14,0.63208,0.63442,0.62978,0.63401,56416.15
2015-09-15,0.63402,0.63685,0.62928,0.6345,61218.89
2015-09-16,0.63449,0.63783,0.63329,0.63513,67295.93
2015-09-17,0.63513,0.64455,0.63111,0.63702,85409.78
2015-09-18,0.63702,0.64565,0.63448,0.63932,77829.72
2015-09-20,0.63903,0.63996,0.63786,0.63808,4340.61
2015-09-21,0.63808,0.63923,0.62991,0.6327,67036.15
2015-09-22,0.63269,0.6332,0.62714,0.62858,59114.73
2015-09-23,0.62858,0.63052,0.6236,0.62811,65721.62
2015-09-24,0.6281,0.63736,0.62678,0.63287,78441.09
2015-09-25,0.63288,0.63901,0.63095,0.63809,55561.83
2015-09-27,0.63573,0.63772,0.63573,0.63728,4415.62
2015-09-28,0.63728,0.64022,0.63025,0.63031,74815.55
2015-09-29,0.6303,0.6393,0.62885,0.6355,79527.99
2015-09-30,0.63544,0.64066,0.63544,0.63877,75229.11
2015-10-01,0.63877,0.64495,0.6387,0.63988,76159.41
2015-10-02,0.63983,0.64551,0.63831,0.64414,67863.54
2015-10-04,0.6457,0.64581,0.64369,0.64496,4268.07
2015-10-05,0.64493,0.65308,0.64434,0.64935,75217.16
2015-10-06,0.64932,0.65555,0.64782,0.65427,71415.51
2015-10-07,0.65427,0.66474,0.65356,0.66031,93247.53
2015-10-08,0.66034,0.66992,0.65851,0.66685,90027.02
2015-10-09,0.66685,0.67211,0.66591,0.66866,79026.16
2015-10-11,0.66777,0.66854,0.66762,0.66783,4864.76
2015-10-12,0.66783,0.674,0.66719,0.67031,75615.19
2015-10-13,0.67029,0.67105,0.66181,0.66445,93531.14
2015-10-14,0.66444,0.68144,0.66421,0.68082,95527.36
2015-10-15,0.68076,0.68973,0.6804,0.68369,107542.92
2015-10-16,0.68369,0.6841,0.67843,0.68,77043.77
2015-10-18,0.67972,0.68123,0.67934,0.67942,4453.21
2015-10-19,0.67941,0.68198,0.67819,0.68066,63002.83
2015-10-20,0.6807,0.68457,0.67348,0.67542,67481.24
2015-10-21,0.67543,0.67588,0.6698,0.67208,79077.96
2015-10-22,0.67205,0.68205,0.67134,0.67923,89454.68
2015-10-23,0.67921,0.68648,0.67344,0.6748,76918.82
2015-10-25,0.67412,0.6758,0.6738,0.67475,6431.52
2015-10-26,0.67474,0.68054,0.67456,0.67825,67132.76
2015-10-27,0.67825,0.68129,0.67564,0.67725,72631.28
2015-10-28,0.67724,0.67742,0.6621,0.66765,91667.37
2015-10-29,0.66767,0.67126,0.66478,0.67018,97607.96
2015-10-30,0.67027,0.67917,0.67003,0.67736,96429.4
2015-11-01,0.67324,0.67705,0.67324,0.67686,10270.71
2015-11-02,0.67684,0.67852,0.67243,0.67541,77269.28
2015-11-03,0.67538,0.67786,0.6651,0.66608,90977.28
2015-11-04,0.66608,0.66662,0.65729,0.6588,91795.49
2015-11-05,0.65879,0.66424,0.65802,0.66067,84063.32
2015-11-06,0.66067,0.6625,0.64986,0.65204,90834.29
2015-11-08,0.65147,0.65357,0.65147,0.65336,5665.97
2015-11-09,0.65334,0.65666,0.65212,0.65363,61964.13
2015-11-10,0.65362,0.65579,0.65,0.65481,64848.71
2015-11-11,0.6548,0.65881,0.65413,0.65525,64364.12
2015-11-12,0.65524,0.65785,0.64998,0.6547,80569.05
2015-11-13,0.6547,0.65537,0.65093,0.65346,55634.39
2015-11-15,0.65469,0.6547,0.65211,0.65332,4867.08
2015-11-16,0.65331,0.65432,0.64685,0.64826,57235.14
2015-11-17,0.64823,0.6492,0.64518,0.64762,73200.29
2015-11-18,0.64762,0.65089,0.64278,0.64913,79295.24
2015-11-19,0.64912,0.65927,0.64909,0.65591,89893.84
2015-11-20,0.65592,0.66054,0.65512,0.65603,77052.06
2015-11-22,0.65601,0.6561,0.65392,0.65401,2654.6
2015-11-23,0.65396,0.6542,0.64927,0.6509,69850.94
2015-11-24,0.65087,0.65651,0.65026,0.65561,69254.48
2015-11-25,0.6556,0.65824,0.65466,0.65744,70978.71
2015-11-26,0.65745,0.65964,0.65563,0.65739,60484.04
2015-11-27,0.65736,0.65782,0.65204,0.65296,61929.08
2015-11-29,0.65338,0.65357,0.652,0.65229,2956.49
2015-11-30,0.65235,0.66032,0.6514,0.65953,64041.45
2015-12-01,0.65953,0.66875,0.65912,0.66699,90551.03
2015-12-02,0.66701,0.66795,0.66129,0.66413,96055.31
2015-12-03,0.66414,0.67057,0.66075,0.66768,110152.33
2015-12-04,0.66767,0.67875,0.66345,0.67431,99865.23
2015-12-06,0.67381,0.67422,0.67208,0.67286,9154.02
2015-12-07,0.67286,0.67286,0.66267,0.66323,83628.94
2015-12-08,0.66328,0.66583,0.66111,0.66376,94112.18
2015-12-09,0.66375,0.67587,0.65684,0.67232,99033.53
2015-12-10,0.67233,0.67816,0.67193,0.67615,81276.12
2015-12-11,0.67616,0.67812,0.67027,0.67116,67116.97
2015-12-13,0.67153,0.67192,0.66962,0.67146,4222.31
2015-12-14,0.67146,0.67895,0.6691,0.67791,71996.9
2015-12-15,0.67787,0.68258,0.67403,0.67653,87279.39
2015-12-16,0.67654,0.68346,0.67144,0.67632,93426.42
2015-12-17,0.67633,0.67759,0.66839,0.66998,84672.68
2015-12-18,0.66998,0.67523,0.6681,0.67257,81089.67
2015-12-20,0.6726,0.6736,0.67212,0.67317,3040.33
2015-12-21,0.67314,0.678,0.67205,0.67752,48208.19
2015-12-22,0.67751,0.68358,0.67726,0.68052,61160.94
2015-12-23,0.6805,0.68287,0.67614,0.67889,50848.39
2015-12-24,0.67883,0.68419,0.67883,0.68191,28925.24
2015-12-25,0.68192,0.68379,0.68192,0.68284,1359.06
2015-12-27,0.68307,0.68432,0.6829,0.68387,5833.7
2015-12-28,0.68386,0.6854,0.68239,0.68537,33616.42
2015-12-29,0.68537,0.68828,0.68535,0.68619,42821.75
2015-12-30,0.68625,0.68718,0.68296,0.68409,52128.38
2015-12-31,0.6841,0.68668,0.68216,0.68257,40117.13
2016-01-03,0.68278,0.68348,0.68236,0.68273,3510.22
2016-01-04,0.68273,0.68317,0.67189,0.67424,63342.29
2016-01-05,0.67419,0.67574,0.66766,0.66977,64023.84
2016-01-06,0.66977,0.66991,0.66259,0.66404,85533.64
2016-01-07,0.66404,0.66665,0.65902,0.66227,93412.86
2016-01-08,0.66227,0.66772,0.65395,0.65426,80934.84
2016-01-10,0.65513,0.65541,0.65104,0.65151,3149.47
2016-01-11,0.65151,0.65794,0.65084,0.65536,90324.86
2016-01-12,0.65535,0.65682,0.65146,0.65379,90059.23
2016-01-13,0.65379,0.65899,0.6471,0.64835,90449.9
2016-01-14,0.64835,0.65071,0.64182,0.64907,102821.22
2016-01-15,0.64906,0.64906,0.63808,0.64596,101863.39
2016-01-17,0.64074,0.64462,0.64074,0.64407,5279.34
2016-01-18,0.64407,0.64795,0.64284,0.64502,87727.24
2016-01-19,0.64498,0.65131,0.63883,0.63952,113905.37
2016-01-20,0.63952,0.64762,0.6347,0.64673,119260.4
2016-01-21,0.64674,0.65584,0.64109,0.65417,119488.9
2016-01-22,0.65412,0.65505,0.6466,0.64835,81780.96
2016-01-24,0.64869,0.64932,0.64686,0.64687,6372.88
2016-01-25,0.64686,0.65327,0.64381,0.64387,76133.18
2016-01-26,0.64387,0.65114,0.64243,0.65091,83872.6
2016-01-27,0.65092,0.65308,0.64163,0.64247,114755.45
2016-01-28,0.64244,0.65137,0.64178,0.6477,98880.14
2016-01-29,0.6477,0.65429,0.64582,0.64762,106258.22
2016-01-31,0.64858,0.64877,0.64603,0.64702,4563.92
2016-02-01,0.647,0.65576,0.64486,0.65444,98174.76
2016-02-02,0.65443,0.65538,0.6462,0.65145,89277.2
2016-02-03,0.65148,0.66974,0.65075,0.6646,108688.79
2016-02-04,0.66458,0.67474,0.66458,0.6724,105071.62
2016-02-05,0.67236,0.67524,0.66154,0.66208,92184.78
2016-02-07,0.66158,0.66377,0.66139,0.66266,5527.26
2016-02-08,0.66263,0.66589,0.65922,0.66151,95074.98
2016-02-09,0.66155,0.66682,0.65628,0.66418,123902.08
2016-02-10,0.66415,0.66942,0.66042,0.66815,123261.78
2016-02-11,0.66815,0.67379,0.65849,0.67095,145952.11
2016-02-12,0.67095,0.67106,0.66132,0.66227,91313.08
2016-02-14,0.66137,0.66376,0.66128,0.66369,6001.42
2016-02-15,0.66364,0.66758,0.66229,0.66485,117675.51
2016-02-16,0.66485,0.66754,0.65446,0.65794,115565.62
2016-02-17,0.65793,0.66491,0.65527,0.66281,110674.11
2016-02-18,0.66277,0.66677,0.66052,0.66384,106194.83
2016-02-19,0.66383,0.66423,0.65646,0.66285,85404.81
2016-02-21,0.6647,0.66481,0.66228,0.66234,5302.25
2016-02-22,0.66234,0.67253,0.66214,0.67107,92603.48
2016-02-23,0.67109,0.67142,0.66294,0.66359,83568.16
2016-02-24,0.66359,0.66738,0.65865,0.6663,103994.35
2016-02-25,0.66627,0.67552,0.66418,0.67473,95248.1
2016-02-26,0.67468,0.67744,0.66174,0.66266,89829.64
2016-02-28,0.6589,0.66002,0.6582,0.65889,7500.33
2016-02-29,0.6589,0.66203,0.6565,0.66009,105184.51
2016-03-01,0.66007,0.66402,0.65706,0.66366,106731.53
2016-03-02,0.66367,0.66782,0.65928,0.6661,115168.66
2016-03-03,0.66609,0.67555,0.66546,0.67226,110238.99
2016-03-04,0.67225,0.68193,0.67207,0.68098,103503.28
2016-03-06,0.67822,0.68032,0.67822,0.67846,6913.25
2016-03-07,0.67843,0.6815,0.67495,0.67824,90070.5
2016-03-08,0.6782,0.67877,0.67313,0.67408,95532.87
2016-03-09,0.6741,0.68093,0.6631,0.66364,116560.29
2016-03-10,0.66361,0.67092,0.66183,0.66827,139937.98
2016-03-11,0.66825,0.67732,0.66723,0.67431,99095.67
2016-03-13,0.67186,0.67406,0.67161,0.67384,15011.29
2016-03-14,0.67386,0.6755,0.66571,0.66821,105732.39
2016-03-15,0.66821,0.66841,0.65866,0.66101,109600.94
2016-03-16,0.66102,0.67802,0.65749,0.67365,123823.09
2016-03-17,0.67365,0.68586,0.67261,0.68351,152514.12
2016-03-18,0.68351,0.68735,0.6783,0.67954,101406.75
2016-03-20,0.67838,0.679,0.67688,0.67701,15214.17
2016-03-21,0.677,0.67913,0.6746,0.67599,102529.72
2016-03-22,0.67598,0.67758,0.67207,0.67485,102677.35
2016-03-23,0.6749,0.67698,0.66823,0.67181,101429.16
2016-03-24,0.67181,0.67185,0.66709,0.66935,91338.38
2016-03-25,0.66932,0.67143,0.66744,0.66791,51879.28
2016-03-27,0.66749,0.66948,0.66731,0.66758,3104.03
2016-03-28,0.66759,0.67392,0.66674,0.67376,54353.9
2016-03-29,0.67376,0.68703,0.67278,0.68617,107093.74
2016-03-30,0.68616,0.6965,0.68406,0.69008,138973.59
2016-03-31,0.69005,0.69658,0.68813,0.69168,125088.26
2016-04-01,0.69169,0.6936,0.68348,0.69017,114068.15
2016-04-03,0.6886,0.68967,0.68858,0.68951,4369.53
2016-04-04,0.68952,0.69034,0.67898,0.68072,99477.65
2016-04-05,0.68072,0.68206,0.67587,0.67991,111131.98
2016-04-06,0.67993,0.68438,0.67732,0.68285,105272.6
2016-04-07,0.68284,0.68619,0.67621,0.67787,109063.94
2016-04-08,0.67787,0.68292,0.67733,0.6804,68671.76
2016-04-10,0.6804,0.68182,0.68007,0.68148,2625.55
2016-04-11,0.6815,0.68784,0.67906,0.68566,84454.01
2016-04-12,0.68562,0.69259,0.6853,0.69225,89706.74
2016-04-13,0.69222,0.6952,0.68976,0.69118,94309.81
2016-04-14,0.69116,0.69117,0.68235,0.68594,96013.42
2016-04-15,0.68594,0.69268,0.68465,0.6917,77376.71
2016-04-17,0.68764,0.69298,0.68438,0.68899,9029.55
2016-04-18,0.68897,0.69916,0.68824,0.698,90638.34
2016-04-19,0.69801,0.7054,0.69726,0.7031,85949.61
2016-04-20,0.70307,0.70374,0.69696,0.69747,93789.39
2016-04-21,0.69745,0.69832,0.68999,0.69055,99004.45
2016-04-22,0.69054,0.69361,0.68345,0.68514,89122.5
2016-04-24,0.68407,0.68665,0.68406,0.68648,4119.87
2016-04-25,0.68644,0.68775,0.68404,0.68677,70566.62
2016-04-26,0.68675,0.69101,0.68656,0.68906,84417.06
2016-04-27,0.68907,0.69405,0.68065,0.6928,115582.16
2016-04-28,0.6928,0.69896,0.68963,0.69614,99627.24
2016-04-29,0.69615,0.69984,0.69509,0.69776,88634.03
2016-05-01,0.69731,0.70024,0.69725,0.70015,3326.77
2016-05-02,0.70015,0.70384,0.69853,0.70323,70013.37
2016-05-03,0.7032,0.70532,0.69032,0.69271,95158.59
2016-05-04,0.6927,0.69402,0.68594,0.68856,98372.1
2016-05-05,0.68855,0.69172,0.68711,0.68869,79954.69
2016-05-06,0.68868,0.68909,0.6807,0.68341,80179.26
2016-05-08,0.68222,0.68448,0.68208,0.684,2666.19
2016-05-09,0.684,0.68476,0.67596,0.67689,74153.35
2016-05-10,0.67685,0.6825,0.67159,0.6798,84196.86
2016-05-11,0.67975,0.68453,0.67794,0.6814,80788.16
2016-05-12,0.68139,0.68475,0.68044,0.68177,77705.91
2016-05-13,0.68176,0.68193,0.67554,0.67655,82921.69
2016-05-15,0.6762,0.67715,0.67579,0.67635,3042.43
2016-05-16,0.67633,0.68089,0.6746,0.67837,60240.04
2016-05-17,0.67832,0.68424,0.67787,0.68003,74589.0
2016-05-18,0.68003,0.68012,0.67245,0.6753,80733.36
2016-05-19,0.67526,0.67689,0.67103,0.6759,95301.78
2016-05-20,0.6759,0.67811,0.67478,0.67627,59755.78
2016-05-22,0.67636,0.67756,0.67628,0.67649,2558.95
2016-05-23,0.67649,0.68063,0.67476,0.67494,80532.8
2016-05-24,0.67493,0.67639,0.67053,0.67485,83882.7
2016-05-25,0.67486,0.67728,0.67041,0.67093,86713.92
2016-05-26,0.67093,0.67661,0.6692,0.67494,79183.46
2016-05-27,0.67489,0.67576,0.66869,0.66927,66876.22
2016-05-29,0.669,0.67025,0.66897,0.66929,3666.52
2016-05-30,0.66928,0.67088,0.66752,0.67073,43438.04
2016-05-31,0.67072,0.67992,0.67068,0.67825,81507.51
2016-06-01,0.67824,0.68295,0.67732,0.68184,94899.22
2016-06-02,0.68185,0.68338,0.6779,0.68135,81084.96
2016-06-03,0.68134,0.696,0.68083,0.69533,81019.25
2016-06-05,0.69423,0.6951,0.69285,0.69337,4737.23
2016-06-06,0.69337,0.69486,0.69026,0.69126,82367.34
2016-06-07,0.69124,0.69818,0.68925,0.69481,71964.66
2016-06-08,0.69481,0.71384,0.69451,0.71218,80424.63
2016-06-09,0.71214,0.71472,0.70915,0.71162,91662.79
2016-06-10,0.71159,0.71159,0.70398,0.7051,67773.79
2016-06-12,0.70518,0.706,0.7041,0.70475,5370.11
2016-06-13,0.70475,0.70815,0.70309,0.70376,69184.34
2016-06-14,0.70376,0.70533,0.69768,0.69856,64127.51
2016-06-15,0.69856,0.70928,0.69631,0.70761,67766.9
2016-06-16,0.70755,0.7087,0.69683,0.70623,75745.67
2016-06-17,0.70624,0.70718,0.70323,0.7048,56924.87
2016-06-19,0.70712,0.70886,0.70501,0.70827,7048.26
2016-06-20,0.70827,0.71303,0.70801,0.71115,58615.77
2016-06-21,0.71115,0.71689,0.71033,0.71244,53601.11
2016-06-22,0.71244,0.71879,0.712,0.716,54854.24
2016-06-23,0.716,0.72971,0.71599,0.72095,81565.94
2016-06-24,0.72094,0.72265,0.69707,0.71223,117302.59
2016-06-26,0.70704,0.71129,0.70702,0.70878,5721.99
2016-06-27,0.70875,0.71006,0.69801,0.70099,84312.93
2016-06-28,0.70098,0.70852,0.70054,0.70746,64457.23
2016-06-29,0.70742,0.71361,0.70571,0.7121,66186.34
2016-06-30,0.71208,0.71409,0.70571,0.71307,80632.34
2016-07-01,0.71305,0.71975,0.71192,0.71654,53416.49
2016-07-03,0.71601,0.71914,0.716,0.71696,5043.58
2016-07-04,0.71696,0.72404,0.71696,0.72125,44048.37
2016-07-05,0.72127,0.72205,0.71203,0.71281,67769.36
2016-07-06,0.7128,0.71379,0.70796,0.71294,78241.22
2016-07-07,0.71296,0.72358,0.71157,0.72317,73647.47
2016-07-08,0.72319,0.73063,0.72134,0.7302,64044.56
2016-07-10,0.72914,0.73043,0.7285,0.7295,4549.12
2016-07-11,0.72944,0.72983,0.72101,0.72312,64834.71
2016-07-12,0.72312,0.73243,0.72179,0.72899,65756.77
2016-07-13,0.729,0.73174,0.72381,0.72589,70553.52
2016-07-14,0.72588,0.72936,0.7155,0.71591,79784.24
2016-07-15,0.71591,0.71903,0.71073,0.71086,69675.45
2016-07-17,0.71406,0.71536,0.70682,0.70729,7671.03
2016-07-18,0.70728,0.71247,0.70275,0.70428,61599.55
2016-07-19,0.70428,0.70589,0.70098,0.70436,60925.42
2016-07-20,0.70434,0.70678,0.69524,0.69615,94998.4
2016-07-21,0.69614,0.70135,0.69514,0.70033,161403.07
2016-07-22,0.70036,0.70162,0.69736,0.6997,107694.22
2016-07-24,0.69886,0.70157,0.69886,0.70046,9303.09
2016-07-25,0.70046,0.70118,0.69564,0.69951,106753.74
2016-07-26,0.69951,0.70858,0.69835,0.70656,142908.26
2016-07-27,0.70656,0.70972,0.70038,0.70957,180950.91
2016-07-28,0.70957,0.71209,0.7062,0.70877,157670.86
2016-07-29,0.70877,0.72289,0.70798,0.72077,186843.74
2016-07-31,0.72018,0.72079,0.71879,0.71896,11987.82
2016-08-01,0.71896,0.72294,0.71621,0.71696,146162.97
2016-08-02,0.71696,0.72562,0.71622,0.72071,222320.83
2016-08-03,0.72071,0.7219,0.71405,0.7154,174081.6
2016-08-04,0.71538,0.72007,0.71465,0.71798,197657.49
2016-08-05,0.71798,0.7219,0.71216,0.7136,174847.14
2016-08-07,0.71323,0.71376,0.71128,0.71182,9844.66
2016-08-08,0.71182,0.71591,0.70869,0.71502,129565.89
2016-08-09,0.71499,0.71798,0.71106,0.71632,142595.03
2016-08-10,0.71632,0.73391,0.71632,0.7286,195856.78
2016-08-11,0.72859,0.73083,0.71938,0.721,178018.83
2016-08-12,0.72099,0.72545,0.71853,0.7193,165987.22
2016-08-14,0.71837,0.71977,0.71837,0.71906,5288.59
2016-08-15,0.71905,0.72264,0.71645,0.72142,123487.22
2016-08-16,0.72142,0.73214,0.71987,0.72783,182589.56
2016-08-17,0.72783,0.72988,0.72023,0.72627,183310.79
2016-08-18,0.72627,0.73106,0.72509,0.728,200867.08
2016-08-19,0.72798,0.72821,0.72416,0.72687,154276.5
2016-08-21,0.72457,0.72671,0.72452,0.7248,16761.52
2016-08-22,0.7248,0.73249,0.7209,0.72878,176542.78
2016-08-23,0.72878,0.73441,0.72707,0.72742,181613.0
2016-08-24,0.72742,0.73345,0.72689,0.73117,177001.42
2016-08-25,0.73115,0.73359,0.72862,0.72995,150987.43
2016-08-26,0.72995,0.738,0.72207,0.72315,198842.52
2016-08-28,0.7225,0.72352,0.72204,0.7222,10230.67
2016-08-29,0.7222,0.7264,0.72102,0.72557,203828.26
2016-08-30,0.72556,0.72647,0.7204,0.72404,184388.48
2016-08-31,0.72406,0.72654,0.72229,0.72425,197009.17
2016-09-01,0.72425,0.72952,0.72269,0.72898,204858.23
2016-09-02,0.72898,0.73596,0.72684,0.72915,211115.92
2016-09-04,0.72769,0.72975,0.72769,0.72913,8630.35
2016-09-05,0.72911,0.73429,0.72911,0.73066,145827.72
2016-09-06,0.73066,0.74217,0.73015,0.74142,207422.0
2016-09-07,0.74142,0.74853,0.73968,0.74471,202240.75
2016-09-08,0.74471,0.74821,0.73836,0.74063,229762.63
2016-09-09,0.74063,0.7413,0.73142,0.73155,220543.8
2016-09-11,0.73178,0.73351,0.73162,0.73324,11652.15
2016-09-12,0.73324,0.73605,0.72907,0.7357,237911.64
2016-09-13,0.73569,0.73638,0.72347,0.72453,259727.07
2016-09-14,0.72452,0.73126,0.72398,0.72715,242949.88
2016-09-15,0.72715,0.73306,0.72406,0.73207,248848.34
2016-09-16,0.73207,0.73224,0.72534,0.72608,194699.52
2016-09-18,0.7257,0.72764,0.72543,0.72723,9715.41
2016-09-19,0.72723,0.73252,0.72712,0.73029,171863.93
2016-09-20,0.73029,0.73581,0.72958,0.73164,174964.74
2016-09-21,0.73161,0.7368,0.72779,0.73434,226989.18
2016-09-22,0.73434,0.73687,0.72922,0.73105,174395.35
2016-09-23,0.73105,0.73127,0.72233,0.72405,199703.26
2016-09-25,0.72409,0.72478,0.72212,0.7232,15402.39
2016-09-26,0.7232,0.7287,0.72223,0.7275,207017.02
2016-09-27,0.72749,0.733,0.72594,0.72917,190606.43
2016-09-28,0.72917,0.72924,0.72326,0.72827,198208.35
2016-09-29,0.72827,0.7303,0.7236,0.7244,220744.06
2016-09-30,0.72442,0.72971,0.72281,0.72844,197160.47
2016-10-02,0.72724,0.72869,0.72613,0.7262,15166.52
2016-10-03,0.7262,0.7298,0.72532,0.7293,164214.46
2016-10-04,0.72932,0.73107,0.71759,0.71861,232208.23
2016-10-05,0.71862,0.71996,0.71481,0.71701,181701.85
2016-10-06,0.71701,0.71746,0.71351,0.71593,198114.24
2016-10-07,0.71593,0.72001,0.71093,0.71567,225513.73
2016-10-09,0.71795,0.71823,0.71472,0.71722,11174.26
2016-10-10,0.71722,0.71737,0.71217,0.71274,143597.83
2016-10-11,0.71271,0.71271,0.7047,0.70799,208549.93
2016-10-12,0.70799,0.70944,0.70363,0.70452,202617.66
2016-10-13,0.70451,0.71017,0.70343,0.70841,210847.26
2016-10-14,0.7084,0.71326,0.70767,0.70835,179952.4
2016-10-16,0.70907,0.70939,0.70768,0.70871,11335.52
2016-10-17,0.70871,0.71839,0.70843,0.71714,157273.7
2016-10-18,0.71713,0.72177,0.71711,0.72066,142730.28
2016-10-19,0.72065,0.72482,0.71913,0.72308,150629.13
2016-10-20,0.72307,0.72654,0.71817,0.71873,173566.36
2016-10-21,0.71873,0.71886,0.71434,0.71581,129906.67
2016-10-23,0.71564,0.71626,0.71471,0.7155,6159.98
2016-10-24,0.71549,0.71761,0.7109,0.71314,85890.71
2016-10-25,0.71314,0.71727,0.71238,0.71652,60300.05
2016-10-26,0.71649,0.71835,0.71444,0.71493,54760.33
2016-10-27,0.71493,0.71668,0.71079,0.71251,57009.7
2016-10-28,0.71252,0.71663,0.71131,0.71615,68443.66
2016-10-30,0.71504,0.71661,0.7145,0.71619,3353.18
2016-10-31,0.7162,0.71621,0.71372,0.71541,52769.08
2016-11-01,0.71541,0.72205,0.71523,0.72048,73618.05
2016-11-02,0.72045,0.73097,0.71998,0.72819,85547.82
2016-11-03,0.72819,0.73398,0.7278,0.73278,78627.8
2016-11-04,0.73281,0.73313,0.72988,0.73227,77708.14
2016-11-06,0.7346,0.7346,0.73131,0.73194,5231.31
2016-11-07,0.73195,0.73477,0.72925,0.73365,69983.21
2016-11-08,0.73366,0.7403,0.73172,0.73686,71401.17
2016-11-09,0.73684,0.73924,0.72643,0.72901,174828.22
2016-11-10,0.72899,0.73067,0.71765,0.72095,128524.97
2016-11-11,0.72095,0.72283,0.71079,0.71079,121492.05
2016-11-13,0.71373,0.71404,0.70996,0.71121,8787.53
2016-11-14,0.71119,0.71378,0.70695,0.71265,105086.1
2016-11-15,0.71265,0.71442,0.70707,0.70911,100421.17
2016-11-16,0.7091,0.71137,0.70352,0.70933,92475.28
2016-11-17,0.70936,0.71102,0.70132,0.70212,86031.91
2016-11-18,0.70209,0.70602,0.70002,0.70049,91770.73
2016-11-20,0.69908,0.70148,0.69837,0.69964,5959.64
2016-11-21,0.69964,0.70784,0.69946,0.7077,94755.65
2016-11-22,0.70773,0.70854,0.70313,0.70679,75110.8
2016-11-23,0.70681,0.70792,0.69909,0.69967,79636.42
2016-11-24,0.69967,0.70112,0.69716,0.70086,73552.71
2016-11-25,0.70086,0.7062,0.69837,0.70397,79244.2
2016-11-27,0.70395,0.70526,0.70325,0.70462,2886.69
2016-11-28,0.70457,0.71012,0.70441,0.70839,85374.3
2016-11-29,0.70839,0.71364,0.70656,0.71348,89039.86
2016-11-30,0.71347,0.71695,0.70699,0.70769,109634.06
2016-12-01,0.70767,0.71048,0.70431,0.70962,100230.62
2016-12-02,0.7096,0.71482,0.70852,0.71373,86799.8
2016-12-04,0.71244,0.71308,0.70732,0.70885,12905.29
2016-12-05,0.70886,0.71567,0.70691,0.71405,95098.86
2016-12-06,0.71407,0.71605,0.70948,0.7123,79030.31
2016-12-07,0.7123,0.71839,0.71008,0.71831,69039.42
2016-12-08,0.71831,0.72222,0.71458,0.71802,94162.72
2016-12-09,0.71801,0.71885,0.71251,0.71298,72852.87
2016-12-11,0.71265,0.7131,0.7115,0.71243,4574.15
2016-12-12,0.71243,0.72071,0.71148,0.71978,100056.04
2016-12-13,0.71976,0.7232,0.71799,0.71993,111743.89
2016-12-14,0.71992,0.72386,0.71003,0.71166,134445.24
2016-12-15,0.71165,0.71189,0.70098,0.70478,155202.12
2016-12-16,0.70476,0.70477,0.6931,0.69598,125462.03
2016-12-18,0.69658,0.69687,0.69551,0.69598,7424.55
2016-12-19,0.69598,0.69886,0.69233,0.69278,95293.1
2016-12-20,0.69278,0.69324,0.68822,0.69242,103218.94
2016-12-21,0.69242,0.69475,0.68908,0.69017,94863.12
2016-12-22,0.69017,0.69251,0.68879,0.69045,92573.56
2016-12-23,0.69044,0.69124,0.68617,0.68771,72597.48
2016-12-25,0.68608,0.68817,0.68608,0.6879,2240.31
2016-12-26,0.6879,0.69276,0.68721,0.68821,41337.96
2016-12-27,0.68822,0.69038,0.68787,0.68956,71051.09
2016-12-28,0.68956,0.69315,0.68946,0.69241,92720.47
2016-12-29,0.69241,0.69786,0.69156,0.69658,90597.89
2016-12-30,0.69658,0.69749,0.69203,0.69203,94611.69
2017-01-02,0.69213,0.69518,0.69107,0.69294,62557.05
2017-01-03,0.69293,0.69741,0.68848,0.69195,102606.82
2017-01-04,0.69194,0.69746,0.68895,0.69665,120171.06
2017-01-05,0.69666,0.70429,0.69533,0.70191,143223.89
2017-01-06,0.70191,0.70429,0.69538,0.69568,130208.36
2017-01-08,0.69627,0.69672,0.69558,0.69668,5861.56
2017-01-09,0.69667,0.70321,0.69487,0.70129,115825.93
2017-01-10,0.70127,0.70473,0.69584,0.69824,124907.12
2017-01-11,0.69822,0.70874,0.69608,0.70641,161992.17
2017-01-12,0.70641,0.71443,0.70459,0.71116,136247.85
2017-01-13,0.71117,0.71405,0.70708,0.71258,135122.34
2017-01-15,0.71044,0.7148,0.71019,0.71271,9294.78
2017-01-16,0.71272,0.71283,0.70759,0.70984,95866.49
2017-01-17,0.70984,0.72194,0.70957,0.72011,143653.22
2017-01-18,0.72012,0.72101,0.71209,0.71283,116282.35
2017-01-19,0.71284,0.72,0.71168,0.71927,147846.78
2017-01-20,0.71928,0.72247,0.71289,0.71648,124828.53
2017-01-22,0.71616,0.71887,0.71592,0.71875,4781.16
2017-01-23,0.71876,0.72639,0.71769,0.72347,106981.01
2017-01-24,0.72348,0.72768,0.72086,0.72519,107896.09
2017-01-25,0.72521,0.73119,0.72236,0.72992,118852.95
2017-01-26,0.72992,0.73069,0.7222,0.72435,112148.58
2017-01-27,0.72434,0.72841,0.72313,0.72587,109334.87
2017-01-29,0.72657,0.72769,0.72656,0.72722,7048.64
2017-01-30,0.72722,0.72957,0.72361,0.72937,97666.6
2017-01-31,0.72937,0.73497,0.72699,0.72918,120053.73
2017-02-01,0.72919,0.72948,0.72418,0.72564,113131.71
2017-02-02,0.7256,0.73373,0.7255,0.7285,114975.1
2017-02-03,0.72851,0.73303,0.72475,0.73109,106880.15
2017-02-05,0.73039,0.73192,0.72983,0.73127,4014.69
2017-02-06,0.73127,0.73268,0.72848,0.73163,91712.24
2017-02-07,0.73163,0.73757,0.72784,0.72961,98125.58
2017-02-08,0.7296,0.73337,0.72318,0.72336,102557.62
2017-02-09,0.72335,0.72379,0.71729,0.7189,93004.31
2017-02-10,0.71891,0.72101,0.71736,0.71974,89633.15
2017-02-12,0.72005,0.72082,0.71868,0.719,4214.82
2017-02-13,0.719,0.7218,0.7156,0.7179,78452.12
2017-02-14,0.7179,0.71975,0.71341,0.71716,92999.76
2017-02-15,0.71715,0.72301,0.71459,0.72212,92541.87
2017-02-16,0.72211,0.72425,0.72053,0.72139,98193.34
2017-02-17,0.72137,0.72202,0.71794,0.71803,81305.7
2017-02-19,0.71932,0.71951,0.71799,0.71799,2739.81
2017-02-20,0.71797,0.71909,0.71697,0.71736,56520.78
2017-02-21,0.71738,0.71766,0.71297,0.71616,70661.53
2017-02-22,0.71616,0.71986,0.71462,0.71802,79877.56
2017-02-23,0.71797,0.72464,0.71732,0.72294,84300.02
2017-02-24,0.72295,0.72378,0.71924,0.71987,82976.02
2017-02-26,0.71977,0.72015,0.7187,0.71887,3667.23
2017-02-27,0.71884,0.72272,0.71791,0.71817,82092.4
2017-02-28,0.71817,0.7237,0.71655,0.71713,87080.67
2017-03-01,0.71713,0.71866,0.70999,0.71162,116219.18
2017-03-02,0.71162,0.7146,0.705,0.70593,93073.13
2017-03-03,0.70593,0.70658,0.7002,0.7043,103754.72
2017-03-05,0.70187,0.70374,0.70187,0.70369,4600.88
2017-03-06,0.70371,0.70453,0.6988,0.69945,77825.83
2017-03-07,0.69946,0.7018,0.69502,0.69617,89632.09
2017-03-08,0.69616,0.69777,0.69045,0.69149,83303.48
2017-03-09,0.69149,0.69171,0.689,0.68954,87067.3
2017-03-10,0.68953,0.69473,0.68912,0.69194,78961.62
2017-03-12,0.6936,0.69383,0.69173,0.69219,4868.21
2017-03-13,0.69219,0.69494,0.6912,0.69185,71257.85
2017-03-14,0.69184,0.69397,0.68936,0.69285,72398.86
2017-03-15,0.69286,0.70485,0.69247,0.70252,96311.42
2017-03-16,0.70252,0.70424,0.69684,0.69816,96376.47
2017-03-17,0.69816,0.704,0.69788,0.70163,75534.29
2017-03-19,0.70121,0.70274,0.70095,0.70263,3794.59
2017-03-20,0.70263,0.70733,0.7024,0.70484,74041.51
2017-03-21,0.70484,0.70897,0.7032,0.70403,89417.02
2017-03-22,0.70402,0.70726,0.7016,0.70385,82417.58
2017-03-23,0.70383,0.70549,0.70238,0.7028,86572.17
2017-03-24,0.7028,0.70426,0.69945,0.70255,73647.31
2017-03-26,0.70302,0.70444,0.70264,0.70438,7174.14
2017-03-27,0.70439,0.70677,0.70374,0.70458,81518.8
2017-03-28,0.70459,0.70477,0.69985,0.70065,65804.37
2017-03-29,0.70067,0.70438,0.69921,0.70332,51112.89
2017-03-30,0.70332,0.70366,0.69896,0.70028,50502.78
2017-03-31,0.70027,0.70167,0.69759,0.69992,68240.76
2017-04-02,0.69978,0.70126,0.69971,0.70026,4162.39
2017-04-03,0.70026,0.70219,0.69855,0.70163,64757.03
2017-04-04,0.70164,0.70178,0.69694,0.69751,69799.1
2017-04-05,0.6975,0.69863,0.69391,0.69745,83378.8
2017-04-06,0.69744,0.69897,0.69602,0.69713,83255.14
2017-04-07,0.69711,0.6993,0.69299,0.69313,89310.55
2017-04-09,0.69325,0.69428,0.69301,0.694,4340.76
2017-04-10,0.69398,0.6969,0.69205,0.69625,65094.44
2017-04-11,0.69622,0.69651,0.693,0.69558,63549.84
2017-04-12,0.69558,0.69974,0.69091,0.69904,83115.58
2017-04-13,0.69903,0.70149,0.69853,0.69925,78674.22
2017-04-14,0.69926,0.70129,0.69831,0.69962,53136.87
2017-04-16,0.69901,0.70161,0.69879,0.70127,3953.96
2017-04-17,0.70125,0.70358,0.69998,0.70119,61648.74
2017-04-18,0.70118,0.70491,0.69992,0.70443,79554.52
2017-04-19,0.70442,0.70525,0.69961,0.70376,81539.87
2017-04-20,0.70374,0.70515,0.69831,0.69887,79020.22
2017-04-21,0.69885,0.70362,0.69878,0.70265,58707.79
2017-04-23,0.70409,0.70524,0.70213,0.7041,7516.85
2017-04-24,0.70409,0.70472,0.701,0.70118,56178.33
2017-04-25,0.70117,0.70145,0.69408,0.69495,72745.42
2017-04-26,0.69494,0.69516,0.68718,0.6902,86541.95
2017-04-27,0.69017,0.69203,0.68477,0.68816,70401.39
2017-04-28,0.68815,0.68854,0.68514,0.68637,66066.27
2017-04-30,0.68554,0.68783,0.68552,0.6873,5899.1
2017-05-01,0.6873,0.69231,0.68516,0.69213,54613.68
2017-05-02,0.69212,0.69684,0.69036,0.69622,63683.43
2017-05-03,0.69622,0.69624,0.68668,0.68847,74161.39
2017-05-04,0.68847,0.68909,0.68392,0.68724,71635.24
2017-05-05,0.68726,0.69283,0.68609,0.6914,71907.9
2017-05-07,0.69032,0.69087,0.68967,0.68997,4741.19
2017-05-08,0.68995,0.69453,0.68879,0.6922,70949.91
2017-05-09,0.69219,0.69248,0.68799,0.68944,75527.87
2017-05-10,0.68943,0.69508,0.68176,0.683,76368.49
2017-05-11,0.683,0.68631,0.68199,0.6842,75049.51
2017-05-12,0.68416,0.68703,0.68264,0.68596,70124.92
2017-05-14,0.68545,0.68699,0.68519,0.6865,8013.08
2017-05-15,0.68649,0.69178,0.68638,0.68893,61243.21
2017-05-16,0.68893,0.69062,0.68625,0.68887,68619.4
2017-05-17,0.68886,0.69495,0.68774,0.69388,80351.35
2017-05-18,0.69393,0.69453,0.68863,0.68928,89008.09
2017-05-19,0.68928,0.69386,0.6881,0.69193,68400.53
2017-05-21,0.69222,0.69373,0.69103,0.69322,3079.23
2017-05-22,0.6932,0.70061,0.69201,0.70045,59703.05
2017-05-23,0.70044,0.70463,0.69919,0.7007,65373.86
2017-05-24,0.70067,0.70584,0.69882,0.70434,72958.6
2017-05-25,0.70432,0.70545,0.70148,0.70166,64974.13
2017-05-26,0.70165,0.70767,0.70065,0.70604,63713.12
2017-05-28,0.70439,0.70581,0.70438,0.70499,5355.98
2017-05-29,0.70497,0.70882,0.70376,0.70499,43281.22
2017-05-30,0.70499,0.71013,0.70349,0.70844,53083.39
2017-05-31,0.70843,0.71219,0.70754,0.70819,62298.43
2017-06-01,0.70819,0.7089,0.70573,0.70607,57076.36
2017-06-02,0.70607,0.71463,0.70604,0.71427,51702.74
2017-06-04,0.71255,0.71415,0.71255,0.71356,4973.44
2017-06-05,0.7135,0.71492,0.71137,0.7129,43203.76
2017-06-06,0.7129,0.72049,0.71258,0.71783,57092.97
2017-06-07,0.71784,0.72061,0.71692,0.71875,57098.02
2017-06-08,0.71871,0.72226,0.71871,0.71964,66555.51
2017-06-09,0.71964,0.72202,0.71898,0.72099,47732.0
2017-06-11,0.72019,0.72121,0.71996,0.72067,3475.43
2017-06-12,0.72069,0.72129,0.71704,0.72045,58472.02
2017-06-13,0.72044,0.72272,0.71985,0.7205,44202.43
2017-06-14,0.72049,0.73189,0.72049,0.7245,81708.03
2017-06-15,0.72451,0.72625,0.71853,0.72025,76233.01
2017-06-16,0.72023,0.72587,0.72009,0.72466,51711.9
2017-06-18,0.72465,0.7264,0.72465,0.72628,3624.34
2017-06-19,0.72628,0.72982,0.72198,0.72247,53614.38
2017-06-20,0.72244,0.72672,0.72195,0.72369,48417.1
2017-06-21,0.72365,0.72743,0.71963,0.72464,52857.49
2017-06-22,0.72464,0.72737,0.72439,0.72621,44632.8
2017-06-23,0.7262,0.72963,0.72492,0.72798,41923.19
2017-06-25,0.72803,0.72842,0.7276,0.72836,3166.0
2017-06-26,0.72835,0.73103,0.72616,0.72825,54520.15
2017-06-27,0.72822,0.73436,0.72587,0.7265,63598.61
2017-06-28,0.72648,0.73139,0.72535,0.73024,73790.44
2017-06-29,0.73023,0.73318,0.72754,0.73094,66685.38
2017-06-30,0.73093,0.7346,0.73067,0.73258,65965.21
2017-07-02,0.73281,0.73451,0.73225,0.73329,5103.51
2017-07-03,0.73329,0.73385,0.72725,0.72881,59715.45
2017-07-04,0.72881,0.7299,0.72619,0.72898,66382.21
2017-07-05,0.72898,0.72965,0.72545,0.72807,62365.2
2017-07-06,0.72807,0.72872,0.7244,0.72837,65287.52
2017-07-07,0.72837,0.73099,0.72605,0.72787,66811.27
2017-07-09,0.72702,0.72791,0.72651,0.72775,5268.01
2017-07-10,0.72775,0.7283,0.72472,0.72525,54950.77
2017-07-11,0.72524,0.72574,0.72015,0.72204,64123.35
2017-07-12,0.72204,0.72805,0.72176,0.72555,81985.69
2017-07-13,0.72554,0.73685,0.72541,0.73215,89354.81
2017-07-14,0.73214,0.73651,0.72991,0.73448,79565.06
2017-07-16,0.73374,0.73605,0.73374,0.73559,8401.67
2017-07-17,0.73559,0.73573,0.72628,0.72774,79721.3
2017-07-18,0.72774,0.73726,0.72703,0.73529,91331.24
2017-07-19,0.73529,0.73877,0.73404,0.73628,71163.75
2017-07-20,0.73628,0.74151,0.73336,0.73999,87465.55
2017-07-21,0.74,0.74585,0.73939,0.74522,71627.31
2017-07-23,0.74317,0.74559,0.74317,0.74527,5277.07
2017-07-24,0.74526,0.74542,0.74217,0.7438,74955.89
2017-07-25,0.74381,0.74508,0.74011,0.7419,84032.05
2017-07-26,0.74187,0.75286,0.74091,0.75257,105235.34
2017-07-27,0.75256,0.75581,0.74796,0.7502,100614.61
2017-07-28,0.75021,0.75244,0.74606,0.75099,80029.44
2017-07-30,0.74948,0.75196,0.74947,0.75165,5035.17
2017-07-31,0.75164,0.75222,0.74675,0.75075,73653.78
2017-08-01,0.75075,0.75246,0.7419,0.74254,83911.31
2017-08-02,0.74254,0.74583,0.7401,0.74095,76465.72
2017-08-03,0.74095,0.74507,0.73907,0.74441,67251.88
2017-08-04,0.74441,0.74548,0.73923,0.74108,70773.84
2017-08-06,0.74021,0.74165,0.73971,0.7405,9320.17
2017-08-07,0.74048,0.74161,0.73478,0.73574,63026.41
2017-08-08,0.73573,0.73698,0.7318,0.7324,63852.28
2017-08-09,0.73241,0.73691,0.73081,0.73539,76876.38
2017-08-10,0.73541,0.73549,0.72516,0.72729,89786.12
2017-08-11,0.72728,0.73276,0.72523,0.73144,82707.99
2017-08-13,0.73031,0.73304,0.73031,0.73144,9283.55
2017-08-14,0.73138,0.73221,0.72809,0.72959,90447.29
2017-08-15,0.7296,0.73117,0.7229,0.72333,95328.01
2017-08-16,0.72328,0.73182,0.72232,0.73148,101687.08
2017-08-17,0.73148,0.7335,0.72755,0.72808,98896.64
2017-08-18,0.72811,0.7335,0.72793,0.73105,84616.24
2017-08-20,0.7311,0.73137,0.73046,0.73091,3555.18
2017-08-21,0.73091,0.73371,0.73061,0.73263,73719.34
2017-08-22,0.73263,0.73349,0.72727,0.72794,77634.6
2017-08-23,0.72793,0.72811,0.71973,0.72339,103794.88
2017-08-24,0.72338,0.72356,0.71914,0.72047,108348.45
2017-08-25,0.7205,0.72583,0.71972,0.72377,97398.04
2017-08-27,0.72361,0.72557,0.72325,0.72518,9705.96
2017-08-28,0.72518,0.72631,0.72206,0.72433,91290.81
2017-08-29,0.72434,0.72984,0.72176,0.72588,116447.45
2017-08-30,0.72588,0.72775,0.71889,0.72034,115171.4
2017-08-31,0.72036,0.72046,0.71309,0.71773,117240.07
2017-09-01,0.71774,0.72065,0.7147,0.71532,102396.88
2017-09-03,0.71439,0.71715,0.71439,0.71652,7208.98
2017-09-04,0.71652,0.71822,0.71561,0.7159,85936.73
2017-09-05,0.7159,0.72631,0.71577,0.72581,113066.27
2017-09-06,0.72579,0.72598,0.71864,0.7202,107330.81
2017-09-07,0.7202,0.72502,0.71721,0.72475,119722.79
2017-09-08,0.72475,0.73373,0.72447,0.72612,131238.81
2017-09-10,0.72591,0.72613,0.7236,0.72361,6150.68
2017-09-11,0.72361,0.72942,0.72248,0.72529,97024.95
2017-09-12,0.7253,0.73206,0.72165,0.72765,102707.04
2017-09-13,0.72766,0.73033,0.72199,0.72499,95017.4
2017-09-14,0.72495,0.72626,0.71832,0.7229,142598.59
2017-09-15,0.7229,0.73102,0.72118,0.72892,97237.9
2017-09-17,0.72743,0.73001,0.72731,0.72883,5554.62
2017-09-18,0.72885,0.73437,0.72478,0.72626,95919.42
2017-09-19,0.72625,0.73266,0.72624,0.7312,96397.03
2017-09-20,0.73118,0.74337,0.73031,0.73331,138415.97
2017-09-21,0.73331,0.73411,0.7297,0.7297,129027.14
2017-09-22,0.7297,0.73437,0.728,0.73372,90902.93
2017-09-24,0.72951,0.7328,0.72869,0.72893,10841.26
2017-09-25,0.72891,0.7295,0.72465,0.72732,101356.98
2017-09-26,0.72732,0.72735,0.71676,0.72017,115886.53
2017-09-27,0.72016,0.72392,0.71768,0.72184,126437.93
2017-09-28,0.72184,0.72392,0.71665,0.72214,126586.94
2017-09-29,0.72214,0.7244,0.72004,0.72021,81982.34
2017-10-01,0.72084,0.72258,0.71922,0.72174,7770.32
2017-10-02,0.72175,0.72179,0.71675,0.71904,98185.75
2017-10-03,0.71905,0.71906,0.71466,0.71617,101584.87
2017-10-04,0.71617,0.72051,0.71512,0.71566,97981.74
2017-10-05,0.71565,0.71653,0.71078,0.71131,104977.94
2017-10-06,0.71131,0.71158,0.70588,0.70882,95074.57
2017-10-08,0.70613,0.70725,0.70578,0.70695,7145.03
2017-10-09,0.70694,0.70856,0.70557,0.70642,72021.4
2017-10-10,0.70642,0.70878,0.70567,0.70725,102543.31
2017-10-11,0.70726,0.71015,0.70622,0.70972,105898.75
2017-10-12,0.70972,0.71454,0.70884,0.71293,104776.51
2017-10-13,0.71292,0.71964,0.71211,0.71728,100204.02
2017-10-15,0.71701,0.7178,0.71655,0.71759,3679.66
2017-10-16,0.71759,0.72051,0.71619,0.71836,93141.91
2017-10-17,0.71835,0.71868,0.71467,0.71753,99383.95
2017-10-18,0.71751,0.71774,0.71189,0.71548,99734.84
2017-10-19,0.71548,0.71709,0.70091,0.703,126958.46
2017-10-20,0.70302,0.7031,0.69518,0.69518,97810.26
2017-10-22,0.6946,0.69504,0.69379,0.69392,7778.1
2017-10-23,0.69398,0.69897,0.69311,0.69824,84386.73
2017-10-24,0.69826,0.7004,0.68859,0.69037,101986.81
2017-10-25,0.69037,0.6912,0.68608,0.68879,112858.34
2017-10-26,0.68879,0.69036,0.68307,0.68399,99363.19
2017-10-27,0.68394,0.68754,0.68181,0.68735,98698.79
2017-10-29,0.68773,0.68873,0.68576,0.68607,6016.66
2017-10-30,0.68608,0.68823,0.68332,0.68799,85964.95
2017-10-31,0.68798,0.69135,0.68277,0.69039,95460.77
2017-11-01,0.69035,0.69303,0.68814,0.68902,105604.46
2017-11-02,0.689,0.69423,0.68898,0.69121,80193.14
2017-11-03,0.69121,0.69501,0.68977,0.69069,78890.1
2017-11-05,0.69008,0.69141,0.69008,0.69074,4686.36
2017-11-06,0.69074,0.69575,0.68746,0.69399,84255.95
2017-11-07,0.694,0.69536,0.68909,0.69105,88368.14
2017-11-08,0.69102,0.69729,0.68972,0.69561,84881.81
2017-11-09,0.69561,0.69798,0.69292,0.69428,107608.44
2017-11-10,0.69429,0.69575,0.69209,0.69254,71138.29
2017-11-12,0.69213,0.69273,0.69164,0.69241,4807.8
2017-11-13,0.69242,0.69373,0.68932,0.68969,63969.33
2017-11-14,0.68969,0.69005,0.68445,0.6878,78773.58
2017-11-15,0.6878,0.69188,0.68617,0.68746,87950.29
2017-11-16,0.68748,0.68759,0.68355,0.68555,73857.97
2017-11-17,0.68552,0.68832,0.67802,0.68124,87674.41
2017-11-19,0.6803,0.68125,0.67935,0.67997,5703.53
2017-11-20,0.67998,0.68398,0.67967,0.68103,69376.61
2017-11-21,0.68102,0.68463,0.6789,0.68463,77116.39
2017-11-22,0.68463,0.6894,0.682,0.68724,76574.46
2017-11-23,0.68723,0.69052,0.6866,0.68887,57526.22
2017-11-24,0.68886,0.68939,0.6851,0.68687,60892.96
2017-11-26,0.68781,0.68795,0.68707,0.68715,2894.65
2017-11-27,0.68715,0.6926,0.68533,0.69198,70667.04
2017-11-28,0.69199,0.69448,0.68928,0.68996,97008.7
2017-11-29,0.68996,0.69291,0.6875,0.68828,89590.77
2017-11-30,0.68819,0.68819,0.68166,0.68301,104213.2
2017-12-01,0.683,0.69118,0.68203,0.68799,108029.16
2017-12-03,0.686,0.6868,0.68526,0.68529,4442.33
2017-12-04,0.68528,0.68707,0.68395,0.68662,82721.44
2017-12-05,0.68658,0.69072,0.6851,0.68734,92281.48
2017-12-06,0.68734,0.69167,0.68701,0.6886,92754.67
2017-12-07,0.68862,0.68885,0.68232,0.68259,89981.36
2017-12-08,0.68259,0.68696,0.68223,0.68352,78548.51
2017-12-10,0.68361,0.68446,0.68344,0.6841,3177.62
2017-12-11,0.68409,0.69301,0.68399,0.69077,108595.4
2017-12-12,0.69076,0.6953,0.69007,0.69368,83950.46
2017-12-13,0.69368,0.70278,0.69338,0.70176,88103.13
2017-12-14,0.70176,0.70227,0.6978,0.6988,100910.69
2017-12-15,0.69879,0.70336,0.69847,0.69863,91573.32
2017-12-17,0.69968,0.70015,0.69931,0.69969,4129.81
2017-12-18,0.69969,0.70278,0.69907,0.69933,81310.53
2017-12-19,0.69933,0.70186,0.6966,0.69694,96790.07
2017-12-20,0.69692,0.70173,0.69536,0.70145,81808.96
2017-12-21,0.70145,0.70206,0.69864,0.70123,83113.41
2017-12-22,0.70125,0.70272,0.70024,0.70187,69283.17
2017-12-24,0.70005,0.70019,0.70004,0.70007,310.18
2017-12-25,0.70009,0.70292,0.70006,0.70254,3913.81
2017-12-26,0.70254,0.70425,0.70096,0.70307,43988.64
2017-12-27,0.70307,0.70761,0.70289,0.70681,67476.73
2017-12-28,0.70681,0.70983,0.70678,0.70937,58870.88
2017-12-29,0.70933,0.71235,0.70795,0.70877,59264.88
2018-01-01,0.71024,0.71054,0.70556,0.70867,3822.6
2018-01-02,0.70867,0.71306,0.70867,0.7098,81143.78
2018-01-03,0.70979,0.71104,0.7073,0.70865,79249.17
2018-01-04,0.70865,0.7163,0.70728,0.71549,83001.31
2018-01-05,0.7155,0.71864,0.71443,0.71657,88558.78
2018-01-07,0.71629,0.71721,0.7159,0.71706,3998.76
2018-01-08,0.71706,0.7184,0.71551,0.71739,79164.6
2018-01-09,0.71738,0.71967,0.71396,0.71442,88203.79
2018-01-10,0.71442,0.72297,0.71417,0.72049,105820.52
2018-01-11,0.72049,0.72712,0.7182,0.72611,109902.9
2018-01-12,0.72611,0.72759,0.72192,0.725,103473.64
2018-01-14,0.72352,0.72561,0.72352,0.72472,3187.36
2018-01-15,0.72472,0.73143,0.72469,0.72949,98699.62
2018-01-16,0.72949,0.73072,0.72589,0.72656,94639.95
2018-01-17,0.72658,0.7331,0.72346,0.72715,126962.66
2018-01-18,0.72717,0.73207,0.72455,0.72938,113097.7
2018-01-19,0.72938,0.73232,0.72704,0.72704,105518.15
2018-01-21,0.7282,0.72885,0.72745,0.72865,3727.46
2018-01-22,0.72865,0.73291,0.72673,0.73183,89725.98
2018-01-23,0.73183,0.73645,0.73059,0.73612,116026.77
2018-01-24,0.73612,0.74358,0.73252,0.73375,126864.18
2018-01-25,0.73374,0.7392,0.72891,0.73091,162370.07
2018-01-26,0.73097,0.73743,0.73059,0.7354,144623.24
2018-01-28,0.73415,0.73638,0.7341,0.73629,3374.1
2018-01-29,0.73628,0.73632,0.73011,0.73238,131406.59
2018-01-30,0.73241,0.73549,0.72791,0.7339,134149.48
2018-01-31,0.7339,0.74197,0.73346,0.7373,134396.16
2018-02-01,0.7373,0.74054,0.73338,0.73986,130962.47
2018-02-02,0.73984,0.73997,0.72946,0.72967,163525.04
2018-02-04,0.72861,0.72921,0.72775,0.72806,6265.56
2018-02-05,0.72807,0.73303,0.72599,0.72664,154800.56
2018-02-06,0.72666,0.73509,0.72565,0.73296,193179.51
2018-02-07,0.73292,0.73371,0.72091,0.72286,134667.49
2018-02-08,0.72286,0.72424,0.71766,0.72258,156437.65
2018-02-09,0.72256,0.72587,0.71981,0.72511,149104.29
2018-02-11,0.7242,0.72514,0.72382,0.7246,3489.93
2018-02-12,0.72459,0.7277,0.72317,0.7262,101957.67
2018-02-13,0.7262,0.73144,0.72469,0.72817,114923.44
2018-02-14,0.72816,0.7379,0.72397,0.73743,149176.23
2018-02-15,0.73742,0.74115,0.73668,0.73965,141158.13
2018-02-16,0.73965,0.74369,0.73732,0.73863,117239.8
2018-02-18,0.73713,0.73934,0.73713,0.73883,2572.78
2018-02-19,0.73881,0.74091,0.7353,0.73629,94696.25
2018-02-20,0.73629,0.73728,0.73358,0.73398,124027.36
2018-02-21,0.73397,0.73856,0.73073,0.73148,133663.97
2018-02-22,0.73148,0.7365,0.73074,0.73207,123482.61
2018-02-23,0.73206,0.73269,0.72705,0.72942,97712.43
2018-02-25,0.72882,0.72941,0.72763,0.72808,3591.96
2018-02-26,0.72808,0.73448,0.72804,0.729,103617.74
2018-02-27,0.729,0.73023,0.723,0.72349,125806.44
2018-02-28,0.72349,0.72422,0.72019,0.72061,119982.73
2018-03-01,0.72061,0.72676,0.71856,0.72609,148591.8
2018-03-02,0.72607,0.72794,0.72186,0.7239,143330.11
2018-03-04,0.72332,0.72442,0.72256,0.72308,5239.84
2018-03-05,0.72308,0.72419,0.72025,0.72235,116194.42
2018-03-06,0.72234,0.73105,0.7221,0.72812,135355.02
2018-03-07,0.72812,0.72997,0.72539,0.72871,145939.57
2018-03-08,0.72871,0.72971,0.72451,0.72592,138038.52
2018-03-09,0.72594,0.72975,0.72492,0.72855,120493.78
2018-03-11,0.72911,0.731,0.72838,0.7307,4970.42
2018-03-12,0.7307,0.73229,0.72856,0.7299,114147.74
2018-03-13,0.7299,0.73546,0.72972,0.73305,130150.44
2018-03-14,0.73305,0.73536,0.73032,0.73114,129446.77
2018-03-15,0.73114,0.7334,0.72669,0.72693,124057.7
2018-03-16,0.72692,0.72706,0.72077,0.72157,112674.42
2018-03-18,0.72163,0.72275,0.72138,0.72275,5418.95
2018-03-19,0.72275,0.72601,0.71956,0.72418,121088.45
2018-03-20,0.72418,0.72487,0.71677,0.71785,96722.08
2018-03-21,0.71783,0.72453,0.7153,0.72285,104993.06
2018-03-22,0.72286,0.72623,0.72015,0.72149,112487.49
2018-03-23,0.7215,0.72734,0.72137,0.72338,106686.47
2018-03-25,0.72295,0.72467,0.72294,0.72404,3462.43
2018-03-26,0.72404,0.73032,0.72399,0.73015,73339.21
2018-03-27,0.73015,0.73015,0.72578,0.72679,76350.99
2018-03-28,0.72678,0.72743,0.72031,0.72115,79125.85
2018-03-29,0.72113,0.7236,0.71878,0.72275,80734.09
2018-03-30,0.72275,0.72472,0.72199,0.72285,72086.88
2018-04-01,0.72263,0.72384,0.72263,0.72336,2678.53
2018-04-02,0.72334,0.724,0.72003,0.72022,58724.06
2018-04-03,0.7202,0.72705,0.71948,0.72619,75400.75
2018-04-04,0.7262,0.73208,0.72548,0.73178,82976.35
2018-04-05,0.7318,0.73222,0.72549,0.72613,78580.14
2018-04-06,0.72613,0.72821,0.72427,0.72667,107954.04
2018-04-08,0.72649,0.72784,0.72643,0.72728,2988.87
2018-04-09,0.7273,0.73239,0.7272,0.73058,89679.93
2018-04-10,0.73056,0.73758,0.73052,0.73693,89150.28
2018-04-11,0.73693,0.73783,0.73443,0.73674,79499.95
2018-04-12,0.73674,0.73891,0.73555,0.73786,79071.54
2018-04-13,0.73786,0.7395,0.73451,0.73509,59448.56
2018-04-15,0.73519,0.73551,0.73467,0.73472,2788.64
2018-04-16,0.73471,0.73707,0.73333,0.73651,61801.02
2018-04-17,0.7365,0.73721,0.73263,0.73389,58670.0
2018-04-18,0.73389,0.73432,0.73033,0.73232,69074.4
2018-04-19,0.73234,0.73309,0.72548,0.72548,76237.54
2018-04-20,0.72547,0.72549,0.72006,0.72075,73264.27
2018-04-22,0.7214,0.72176,0.72015,0.72015,3069.39
2018-04-23,0.72016,0.72097,0.7145,0.71487,64117.92
2018-04-24,0.71487,0.71501,0.71052,0.71162,81376.43
2018-04-25,0.71162,0.71162,0.70579,0.70739,74377.41
2018-04-26,0.70739,0.70948,0.70557,0.70624,79087.53
2018-04-27,0.70623,0.70952,0.7039,0.70836,74102.12
2018-04-29,0.7079,0.70855,0.70745,0.70812,2073.35
2018-04-30,0.70812,0.7089,0.70319,0.70369,66941.89
2018-05-01,0.7037,0.70409,0.69901,0.69999,75092.94
2018-05-02,0.69999,0.70313,0.69847,0.69934,84068.14
2018-05-03,0.69933,0.70468,0.69912,0.70392,82905.08
2018-05-04,0.70392,0.70525,0.69939,0.70133,62772.64
2018-05-06,0.70181,0.70234,0.70136,0.70185,1512.75
2018-05-07,0.70182,0.70413,0.69946,0.70227,64034.72
2018-05-08,0.70227,0.70306,0.69532,0.69672,80158.62
2018-05-09,0.69675,0.69966,0.69283,0.69304,75466.45
2018-05-10,0.69304,0.69772,0.69023,0.69625,90304.11
2018-05-11,0.69625,0.69867,0.69539,0.69616,67332.36
2018-05-13,0.69562,0.69711,0.6954,0.69676,2089.81
2018-05-14,0.69676,0.69742,0.6911,0.69167,59133.69
2018-05-15,0.69168,0.69243,0.68539,0.68629,79670.38
2018-05-16,0.68629,0.69169,0.68507,0.69026,81866.78
2018-05-17,0.69026,0.69374,0.68717,0.68829,85757.85
2018-05-18,0.68826,0.69217,0.68799,0.69112,73466.08
2018-05-20,0.69154,0.69322,0.69055,0.69128,3837.86
2018-05-21,0.69129,0.69578,0.68837,0.69519,69804.4
2018-05-22,0.6952,0.69743,0.69184,0.69407,75829.74
2018-05-23,0.69408,0.6944,0.6884,0.69257,98369.37
2018-05-24,0.69256,0.69369,0.6906,0.69299,91910.36
2018-05-25,0.69299,0.69382,0.69054,0.69099,85702.31
2018-05-27,0.69215,0.6928,0.69152,0.69192,2513.85
2018-05-28,0.69192,0.6959,0.69177,0.69376,64912.63
2018-05-29,0.69378,0.6949,0.68822,0.6888,93396.67
2018-05-30,0.68878,0.69978,0.68856,0.69818,100299.31
2018-05-31,0.69819,0.70233,0.69684,0.70059,97760.58
2018-06-01,0.70059,0.702,0.69604,0.69786,83100.93
2018-06-03,0.6975,0.69864,0.69743,0.69782,1368.47
2018-06-04,0.6978,0.70481,0.69775,0.70301,67516.16
2018-06-05,0.70301,0.70444,0.69982,0.7028,78406.29
2018-06-06,0.7028,0.70598,0.70257,0.70378,73662.67
2018-06-07,0.70378,0.70563,0.70163,0.70183,72221.27
2018-06-08,0.70184,0.70421,0.70081,0.70265,67955.95
2018-06-10,0.70172,0.70338,0.70167,0.70321,1857.72
2018-06-11,0.70318,0.70532,0.70152,0.70154,56211.45
2018-06-12,0.70153,0.70457,0.69965,0.70042,72910.14
2018-06-13,0.70041,0.70525,0.69742,0.70238,69733.2
2018-06-14,0.70239,0.70443,0.69554,0.69606,99597.5
2018-06-15,0.69605,0.69618,0.69274,0.69348,79923.3
2018-06-17,0.6928,0.69396,0.6928,0.69374,2854.14
2018-06-18,0.69372,0.69556,0.69198,0.69302,73638.6
2018-06-19,0.69299,0.69435,0.68847,0.6904,115003.17
2018-06-20,0.6904,0.69166,0.68585,0.68666,101869.76
2018-06-21,0.68667,0.68828,0.68257,0.68677,122632.16
2018-06-22,0.68678,0.69203,0.68677,0.69064,104976.88
2018-06-24,0.691,0.69215,0.691,0.69143,2633.04
2018-06-25,0.69143,0.69154,0.68831,0.68893,104813.68
2018-06-26,0.68892,0.69015,0.68463,0.68497,85459.36
2018-06-27,0.68499,0.68499,0.6778,0.67877,113701.77
2018-06-28,0.67879,0.67905,0.6746,0.67523,106108.54
2018-06-29,0.67523,0.67842,0.67358,0.67678,89858.4
2018-07-01,0.67885,0.67899,0.67733,0.67784,3982.57
2018-07-02,0.67777,0.67814,0.66894,0.67095,79618.26
2018-07-03,0.67095,0.67611,0.66875,0.67517,100105.43
2018-07-04,0.67516,0.67834,0.67494,0.67592,71129.88
2018-07-05,0.67591,0.68006,0.67501,0.67942,79601.63
2018-07-06,0.67942,0.68441,0.67815,0.68368,69781.27
2018-07-08,0.68341,0.68413,0.68297,0.68346,2393.73
2018-07-09,0.68346,0.68587,0.68292,0.68472,59671.81
2018-07-10,0.68472,0.68568,0.68059,0.6816,59479.59
2018-07-11,0.68159,0.68223,0.6749,0.67524,70005.84
2018-07-12,0.67522,0.67858,0.67479,0.67708,65201.31
2018-07-13,0.67709,0.67861,0.6725,0.67631,67706.73
2018-07-15,0.6759,0.67675,0.6757,0.67625,2078.77
2018-07-16,0.67623,0.67927,0.67552,0.67841,66294.97
2018-07-17,0.67841,0.68403,0.67667,0.6771,86107.31
2018-07-18,0.6771,0.68047,0.67424,0.67915,74207.65
2018-07-19,0.67915,0.68052,0.67137,0.67466,91259.08
2018-07-20,0.67467,0.68171,0.67195,0.68048,91908.61
2018-07-22,0.67946,0.68208,0.67919,0.68189,3915.37
2018-07-23,0.68189,0.68243,0.6776,0.67809,64616.5
2018-07-24,0.67809,0.68182,0.67687,0.67995,73197.26
2018-07-25,0.67994,0.68466,0.67852,0.68431,73622.34
2018-07-26,0.68431,0.68503,0.67769,0.67856,72137.94
2018-07-27,0.67856,0.68003,0.67621,0.67924,60557.56
2018-07-29,0.67911,0.67991,0.67907,0.67934,1315.19
2018-07-30,0.67934,0.68342,0.67914,0.68236,50059.61
2018-07-31,0.68236,0.68316,0.68006,0.68013,68363.27
2018-08-01,0.68013,0.68103,0.67815,0.67932,63462.32
2018-08-02,0.67932,0.6797,0.6734,0.67359,54186.61
2018-08-03,0.6736,0.67657,0.67201,0.67368,61848.77
2018-08-05,0.67423,0.67463,0.67362,0.67427,2128.47
2018-08-06,0.67427,0.67554,0.6724,0.67293,51699.41
2018-08-07,0.67293,0.67553,0.67247,0.67399,52746.58
2018-08-08,0.674,0.6762,0.6691,0.66928,56664.29
2018-08-09,0.66928,0.66936,0.66,0.66064,66608.75
2018-08-10,0.66062,0.66181,0.65699,0.65729,78626.65
2018-08-12,0.65702,0.65937,0.65616,0.65841,3262.17
2018-08-13,0.65842,0.65947,0.65678,0.65735,74425.11
2018-08-14,0.65735,0.66098,0.65666,0.65698,68815.88
2018-08-15,0.65698,0.65706,0.65443,0.65568,68291.45
2018-08-16,0.65567,0.6608,0.65558,0.65838,74519.04
2018-08-17,0.6584,0.66358,0.65793,0.66322,63194.17
2018-08-19,0.66351,0.66404,0.66231,0.66231,3174.35
2018-08-20,0.66232,0.66499,0.66105,0.66395,55412.1
2018-08-21,0.66395,0.67212,0.66361,0.67024,69525.67
2018-08-22,0.67022,0.67136,0.66813,0.66978,68821.21
2018-08-23,0.66978,0.66998,0.662,0.66252,73034.64
2018-08-24,0.66252,0.66961,0.66223,0.66864,74453.12
2018-08-26,0.66801,0.67021,0.66773,0.66997,3409.4
2018-08-27,0.66997,0.67034,0.66699,0.67027,75602.88
2018-08-28,0.67028,0.67266,0.66765,0.67142,72146.72
2018-08-29,0.67142,0.67191,0.66848,0.67107,85287.65
2018-08-30,0.67107,0.67108,0.66339,0.66478,86881.05
2018-08-31,0.66478,0.66595,0.66068,0.66162,91298.21
2018-09-02,0.66111,0.66214,0.66004,0.6606,2976.41
2018-09-03,0.6606,0.6621,0.65931,0.66052,57687.78
2018-09-04,0.66053,0.66067,0.654,0.65499,79277.28
2018-09-05,0.65499,0.6599,0.65297,0.65985,86734.01
2018-09-06,0.65983,0.66158,0.65718,0.65809,95328.37
2018-09-07,0.65811,0.65893,0.65278,0.65288,84592.73
2018-09-09,0.65301,0.65358,0.65292,0.65357,2413.26
2018-09-10,0.65356,0.65468,0.65122,0.65201,63856.8
2018-09-11,0.65202,0.65407,0.65007,0.6514,70941.68
2018-09-12,0.65139,0.65655,0.65022,0.65599,78220.05
2018-09-13,0.65598,0.65895,0.65424,0.65718,75597.8
2018-09-14,0.65717,0.65951,0.65393,0.65398,65537.19
2018-09-16,0.65472,0.6555,0.65399,0.65404,3047.99
2018-09-17,0.65404,0.65967,0.65384,0.65613,71514.4
2018-09-18,0.65613,0.66077,0.65612,0.65864,98546.53
2018-09-19,0.65864,0.66514,0.65725,0.66414,103323.43
2018-09-20,0.66415,0.66928,0.66374,0.66809,86090.11
2018-09-21,0.66808,0.66988,0.66671,0.66764,81080.56
2018-09-23,0.66664,0.66828,0.66663,0.66813,3738.5
2018-09-24,0.66813,0.66881,0.66331,0.66406,68807.27
2018-09-25,0.66407,0.66585,0.66297,0.66431,67043.94
2018-09-26,0.6643,0.66955,0.66402,0.66618,82307.68
2018-09-27,0.66614,0.66659,0.6606,0.66168,78893.78
2018-09-28,0.66167,0.66392,0.65981,0.6614,67935.49
2018-09-30,0.66167,0.66283,0.66131,0.66221,4068.27
2018-10-01,0.66223,0.6628,0.65927,0.66032,73822.84
2018-10-02,0.66032,0.66121,0.65751,0.65879,67308.42
2018-10-03,0.65879,0.65932,0.64964,0.64987,74152.24
2018-10-04,0.64988,0.65102,0.64736,0.64799,72648.89
2018-10-05,0.64799,0.64857,0.64321,0.64338,64187.2
2018-10-07,0.6438,0.64448,0.64312,0.64376,2832.3
2018-10-08,0.64376,0.64652,0.64241,0.64493,61163.35
2018-10-09,0.6449,0.64894,0.6427,0.64848,76291.57
2018-10-10,0.64849,0.64963,0.64416,0.64594,74206.91
2018-10-11,0.64594,0.65331,0.64567,0.65258,111181.3
2018-10-12,0.65258,0.65324,0.64994,0.64994,78826.22
2018-10-14,0.64998,0.65035,0.6494,0.64997,3580.21
2018-10-15,0.64997,0.65949,0.64958,0.65715,98229.1
2018-10-16,0.65714,0.65966,0.65596,0.65822,79773.19
2018-10-17,0.65827,0.66012,0.65362,0.6544,91750.43
2018-10-18,0.65438,0.65777,0.65233,0.65369,94548.93
2018-10-19,0.65369,0.6607,0.65341,0.6585,101677.5
2018-10-21,0.66075,0.661,0.65928,0.6594,7112.46
2018-10-22,0.65941,0.65999,0.65435,0.65535,107915.99
2018-10-23,0.65534,0.65686,0.65348,0.65528,104503.05
2018-10-24,0.65528,0.6567,0.65022,0.65095,109992.04
2018-10-25,0.65097,0.65442,0.6506,0.65269,106126.9
2018-10-26,0.65269,0.65326,0.64648,0.65206,105473.99
2018-10-28,0.6523,0.65268,0.65099,0.65242,2249.33
2018-10-29,0.65241,0.65553,0.65142,0.65263,80376.83
2018-10-30,0.65264,0.65726,0.65213,0.65571,76944.34
2018-10-31,0.6557,0.65704,0.65129,0.65238,68344.2
2018-11-01,0.65237,0.66619,0.65209,0.66485,78756.74
2018-11-02,0.66483,0.66893,0.66336,0.66392,78727.82
2018-11-04,0.66344,0.66568,0.66334,0.66485,4631.43
2018-11-05,0.66485,0.66756,0.66321,0.6657,68223.04
2018-11-06,0.6657,0.67425,0.66456,0.67391,74792.48
2018-11-07,0.67391,0.68138,0.67117,0.67795,101135.66
2018-11-08,0.67795,0.67965,0.67409,0.67498,84835.57
2018-11-09,0.67498,0.6763,0.67271,0.67336,78261.61
2018-11-11,0.67253,0.67321,0.67226,0.67284,3848.22
2018-11-12,0.67284,0.6757,0.67055,0.67166,81585.14
2018-11-13,0.67166,0.67756,0.67087,0.67687,95324.29
2018-11-14,0.67686,0.68084,0.67634,0.67891,108304.74
2018-11-15,0.67891,0.68395,0.67872,0.68239,115356.54
2018-11-16,0.68238,0.68833,0.67979,0.68719,66381.13
2018-11-18,0.68647,0.68734,0.68585,0.68609,4041.74
2018-11-19,0.68608,0.68717,0.68158,0.68398,63937.45
2018-11-20,0.68399,0.6869,0.67817,0.67893,82000.45
2018-11-21,0.67892,0.68533,0.67812,0.68271,57368.38
2018-11-22,0.68271,0.68334,0.67885,0.6809,50598.65
2018-11-23,0.68091,0.68199,0.67648,0.67751,58416.31
2018-11-25,0.6759,0.67736,0.67554,0.67708,4569.86
2018-11-26,0.67708,0.68156,0.67655,0.67746,60495.07
2018-11-27,0.67746,0.68097,0.67534,0.67965,67466.83
2018-11-28,0.67965,0.68866,0.67835,0.6867,70139.46
2018-11-29,0.6867,0.68839,0.68378,0.68642,71795.92
2018-11-30,0.68642,0.68853,0.68513,0.68762,75602.35
2018-12-02,0.69157,0.69174,0.68978,0.6911,5491.61
2018-12-03,0.6911,0.69395,0.68886,0.69269,69637.47
2018-12-04,0.69269,0.69691,0.69174,0.69384,84874.34
2018-12-05,0.69383,0.69438,0.68865,0.68909,61607.09
2018-12-06,0.6891,0.68962,0.68563,0.68812,97145.23
2018-12-07,0.68812,0.68981,0.68459,0.68565,75216.75
2018-12-09,0.68711,0.68711,0.68399,0.68422,4565.68
2018-12-10,0.68424,0.69043,0.68421,0.68732,88250.07
2018-12-11,0.68732,0.69111,0.6862,0.68852,78832.71
2018-12-12,0.68852,0.68998,0.68244,0.68573,76871.21
2018-12-13,0.68573,0.68792,0.68401,0.68552,63672.51
2018-12-14,0.68551,0.68618,0.67775,0.67913,63637.88
2018-12-16,0.67958,0.68008,0.67863,0.67906,6971.79
2018-12-17,0.67908,0.68175,0.67843,0.68063,57702.04
2018-12-18,0.68131,0.68796,0.68093,0.68514,78173.13
2018-12-19,0.68517,0.68699,0.676,0.67738,106917.91
2018-12-20,0.67737,0.67903,0.67244,0.67781,129738.71
2018-12-21,0.67781,0.67899,0.67053,0.67056,120979.85
2018-12-23,0.67247,0.67247,0.67116,0.67158,5791.46
2018-12-24,0.6716,0.67437,0.6711,0.67258,103143.86
2018-12-25,0.67258,0.67408,0.67155,0.67285,5586.16
2018-12-26,0.67283,0.67456,0.67156,0.67382,56497.29
2018-12-27,0.67383,0.67384,0.66925,0.66996,147620.82
2018-12-28,0.66994,0.67197,0.66923,0.67046,105919.81
2018-12-30,0.67093,0.67157,0.67054,0.67054,6050.47
2018-12-31,0.67056,0.67218,0.6691,0.6714,112177.53
2019-01-01,0.67149,0.6724,0.67096,0.6712,4593.98
2019-01-02,0.67119,0.672,0.65652,0.663,139012.72
2019-01-03,0.66299,0.66994,0.66131,0.6687,153727.07
2019-01-04,0.66867,0.67515,0.66707,0.67297,130493.27
2019-01-06,0.67401,0.67418,0.67261,0.67418,4734.13
2019-01-07,0.67417,0.67667,0.67296,0.67531,100674.3
2019-01-08,0.67529,0.67563,0.6707,0.67426,107732.76
2019-01-09,0.67425,0.68158,0.67351,0.67892,113830.82
2019-01-10,0.67892,0.6794,0.67707,0.67845,116901.48
2019-01-11,0.67845,0.68434,0.67832,0.68282,99514.11
2019-01-13,0.68248,0.68288,0.68183,0.68183,4628.57
2019-01-14,0.68183,0.6832,0.67961,0.68255,85891.05
2019-01-15,0.68254,0.68483,0.67995,0.68203,98161.65
2019-01-16,0.68202,0.683,0.6755,0.67725,87330.72
2019-01-17,0.67726,0.67863,0.67273,0.67623,100250.47
2019-01-18,0.67623,0.6784,0.67346,0.67346,67161.56
2019-01-20,0.67475,0.67512,0.67365,0.6739,3784.33
2019-01-21,0.67391,0.67424,0.67131,0.67278,66336.54
2019-01-22,0.67277,0.67568,0.67065,0.67498,93914.8
2019-01-23,0.67498,0.67981,0.67485,0.67923,107332.9
2019-01-24,0.67922,0.68062,0.67527,0.6762,124645.75
2019-01-25,0.6762,0.68505,0.67467,0.68362,95863.46
2019-01-27,0.68266,0.68421,0.68266,0.68378,4097.29
2019-01-28,0.68379,0.68719,0.68254,0.68323,88411.57
2019-01-29,0.68324,0.68615,0.68151,0.68227,110287.69
2019-01-30,0.68226,0.69114,0.68205,0.68956,126356.03
2019-01-31,0.68955,0.69386,0.6893,0.69132,112518.62
2019-02-01,0.69133,0.69414,0.68887,0.68893,116749.06
2019-02-03,0.68943,0.69023,0.68911,0.68969,2639.82
2019-02-04,0.68969,0.69055,0.68697,0.68758,95011.62
2019-02-05,0.68759,0.69056,0.68708,0.69002,98818.32
2019-02-06,0.69001,0.69046,0.67628,0.6771,110388.17
2019-02-07,0.6771,0.67776,0.67358,0.67443,96512.27
2019-02-08,0.67442,0.6766,0.67292,0.67385,96188.3
2019-02-10,0.67387,0.67642,0.67386,0.67591,4719.71
2019-02-11,0.67591,0.67729,0.67267,0.67359,89579.13
2019-02-12,0.6736,0.67453,0.67193,0.67391,87908.06
2019-02-13,0.67391,0.68516,0.67267,0.68067,110704.04
2019-02-14,0.68063,0.68556,0.68025,0.68316,108480.07
2019-02-15,0.68316,0.6874,0.6809,0.68616,90932.37
2019-02-17,0.68537,0.68643,0.6852,0.68643,4982.99
2019-02-18,0.68643,0.68932,0.6839,0.68549,78019.75
2019-02-19,0.6855,0.68871,0.68145,0.68766,99292.04
2019-02-20,0.68767,0.68844,0.68496,0.68567,98482.6
2019-02-21,0.68568,0.68764,0.67971,0.68122,133487.75
2019-02-22,0.68122,0.68535,0.67573,0.68397,116653.07
2019-02-24,0.68613,0.68687,0.68523,0.68648,6049.11
2019-02-25,0.68646,0.69016,0.68599,0.68843,108412.58
2019-02-26,0.68843,0.69027,0.68706,0.68961,110902.88
2019-02-27,0.68961,0.69016,0.68343,0.68509,126265.07
2019-02-28,0.68505,0.68531,0.67958,0.68195,132030.63
2019-03-01,0.68195,0.68387,0.67923,0.67924,107863.57
2019-03-03,0.68247,0.68276,0.6811,0.68208,6935.38
2019-03-04,0.68208,0.68271,0.67958,0.68213,109046.2
2019-03-05,0.68213,0.68223,0.67684,0.67996,103934.24
2019-03-06,0.67994,0.68011,0.67528,0.67691,103864.07
2019-03-07,0.67692,0.67924,0.67443,0.67644,111035.21
2019-03-08,0.67644,0.68101,0.6753,0.68009,109686.29
2019-03-10,0.67869,0.68081,0.67869,0.68022,3064.82
2019-03-11,0.6802,0.68397,0.67899,0.68335,81749.39
2019-03-12,0.68335,0.68726,0.68262,0.6852,84260.95
2019-03-13,0.6852,0.68649,0.68287,0.68562,80156.19
2019-03-14,0.68562,0.68593,0.68082,0.68353,102866.08
2019-03-15,0.6835,0.68582,0.68333,0.68415,71945.26
2019-03-17,0.68459,0.68487,0.68393,0.68428,3683.25
2019-03-18,0.68428,0.68738,0.68395,0.68441,73067.82
2019-03-19,0.68441,0.68711,0.68406,0.68523,83328.06
2019-03-20,0.68523,0.69235,0.68274,0.69172,90696.8
2019-03-21,0.69172,0.69381,0.68569,0.68809,197682.92
2019-03-22,0.6881,0.68972,0.68651,0.68724,122730.19
2019-03-24,0.68688,0.6885,0.68688,0.6876,3678.11
2019-03-25,0.6876,0.69184,0.68718,0.69112,121635.84
2019-03-26,0.69111,0.69243,0.6894,0.69071,101034.52
2019-03-27,0.6907,0.69138,0.67867,0.67966,153310.12
2019-03-28,0.67964,0.68277,0.67735,0.67812,134933.09
2019-03-29,0.67811,0.68233,0.67763,0.67993,99689.22
2019-03-31,0.68186,0.68264,0.68116,0.68226,5004.25
2019-04-01,0.68226,0.68369,0.67745,0.67892,144704.98
2019-04-02,0.67891,0.67989,0.6739,0.67501,103781.22
2019-04-03,0.67499,0.67996,0.67434,0.67879,92645.37
2019-04-04,0.67881,0.67992,0.67478,0.67557,78586.72
2019-04-05,0.67557,0.67651,0.6718,0.6727,74151.24
2019-04-07,0.67261,0.67362,0.67261,0.67302,3043.02
2019-04-08,0.67301,0.67533,0.67217,0.67381,74829.34
2019-04-09,0.67381,0.67582,0.67362,0.67507,77786.6
2019-04-10,0.67506,0.67735,0.67376,0.6767,92167.81
2019-04-11,0.6767,0.67708,0.67212,0.67243,79567.4
2019-04-12,0.67243,0.67814,0.67133,0.676,87030.19
2019-04-14,0.676,0.67716,0.676,0.67665,3806.99
2019-04-15,0.67666,0.67826,0.67501,0.67658,80562.77
2019-04-16,0.67657,0.6776,0.66657,0.67083,104333.07
2019-04-17,0.67084,0.6748,0.66981,0.67241,97369.45
2019-04-18,0.67241,0.6728,0.66722,0.66858,73501.9
2019-04-19,0.66857,0.66938,0.66777,0.66777,39656.51
2019-04-21,0.66794,0.66893,0.66755,0.66848,3528.12
2019-04-22,0.66849,0.66857,0.66724,0.66807,46029.57
2019-04-23,0.66808,0.6681,0.6629,0.66531,76131.48
2019-04-24,0.6653,0.66554,0.65812,0.65942,93475.25
2019-04-25,0.65944,0.66404,0.65797,0.66316,84169.03
2019-04-26,0.66316,0.66814,0.66261,0.66538,95861.71
2019-04-28,0.66483,0.66659,0.66482,0.66652,3419.12
2019-04-29,0.66653,0.66803,0.66564,0.66692,53226.78
2019-04-30,0.66692,0.66846,0.66278,0.66515,82121.97
2019-05-01,0.66515,0.66651,0.66118,0.66268,67636.44
2019-05-02,0.66268,0.66391,0.66077,0.66137,76907.27
2019-05-03,0.66138,0.66526,0.66059,0.66433,71743.85
2019-05-05,0.65991,0.66281,0.65991,0.66063,9360.22
2019-05-06,0.66063,0.66291,0.66,0.66072,73254.01
2019-05-07,0.66072,0.66302,0.65877,0.65951,94684.09
2019-05-08,0.65951,0.66038,0.65256,0.65831,104264.51
2019-05-09,0.65832,0.65971,0.6569,0.65853,89880.86
2019-05-10,0.65853,0.66141,0.65825,0.65945,111690.49
2019-05-12,0.6589,0.66029,0.6589,0.6589,4421.98
2019-05-13,0.65888,0.65927,0.65626,0.65722,85150.58
2019-05-14,0.65722,0.65911,0.65698,0.65698,72952.04
2019-05-15,0.65699,0.65744,0.65503,0.65615,79726.84
2019-05-16,0.65615,0.65822,0.65317,0.65342,75853.3
2019-05-17,0.65337,0.65467,0.65132,0.65132,74266.47
2019-05-19,0.65255,0.65319,0.65199,0.65271,4640.36
2019-05-20,0.65271,0.65461,0.65254,0.6538,73038.67
2019-05-21,0.6538,0.65421,0.64991,0.65051,84427.22
2019-05-22,0.65051,0.65102,0.64913,0.64941,67107.77
2019-05-23,0.64941,0.65258,0.64813,0.65209,89522.58
2019-05-24,0.6521,0.65553,0.65119,0.65493,82409.93
2019-05-26,0.65499,0.65584,0.65493,0.65548,2434.52
2019-05-27,0.65545,0.65589,0.65397,0.6546,44812.07
2019-05-28,0.65459,0.65582,0.65389,0.65441,81152.07
2019-05-29,0.65442,0.6552,0.6504,0.65139,85903.42
2019-05-30,0.65141,0.65272,0.64946,0.65033,70717.19
2019-05-31,0.65032,0.65471,0.64972,0.65315,105861.76
2019-06-02,0.65267,0.65379,0.65258,0.65327,6214.41
2019-06-03,0.65327,0.66041,0.65322,0.65903,99292.7
2019-06-04,0.65904,0.66192,0.6575,0.66083,109541.77
2019-06-05,0.66083,0.66662,0.66078,0.66258,113228.78
2019-06-06,0.6626,0.66439,0.66155,0.66174,112838.84
2019-06-07,0.66176,0.66812,0.66138,0.66609,90692.14
2019-06-09,0.66601,0.66623,0.66523,0.66551,3521.46
2019-06-10,0.66551,0.66612,0.6602,0.66101,83942.1
2019-06-11,0.66101,0.66111,0.65682,0.65832,94748.44
2019-06-12,0.65832,0.65923,0.65656,0.65757,95301.85
2019-06-13,0.65755,0.65873,0.65556,0.65574,82368.62
2019-06-14,0.65575,0.65598,0.64878,0.64881,80048.31
2019-06-16,0.6495,0.64988,0.64907,0.64968,2947.96
2019-06-17,0.64967,0.65142,0.64912,0.64962,54369.15
2019-06-18,0.64962,0.65374,0.649,0.65354,84523.81
2019-06-19,0.65353,0.65626,0.65134,0.65529,82728.27
2019-06-20,0.6553,0.65956,0.65528,0.65811,105531.54
2019-06-21,0.65811,0.66038,0.65539,0.65865,83935.16
2019-06-23,0.65879,0.6598,0.65862,0.65975,4419.83
2019-06-24,0.65975,0.66262,0.65898,0.66227,59304.66
2019-06-25,0.66227,0.66609,0.66227,0.66326,104293.28
2019-06-26,0.66326,0.66925,0.65947,0.66789,101574.27
2019-06-27,0.66789,0.67031,0.6671,0.67009,82649.69
2019-06-28,0.67011,0.67208,0.669,0.67153,70781.12
2019-06-30,0.67193,0.67265,0.67153,0.67218,5607.24
2019-07-01,0.67218,0.6724,0.66643,0.66708,75572.13
2019-07-02,0.66708,0.66809,0.66561,0.66773,66821.87
2019-07-03,0.66774,0.67195,0.66732,0.6707,69522.39
2019-07-04,0.67069,0.67198,0.66768,0.66905,40523.62
2019-07-05,0.66904,0.66932,0.66018,0.66213,70721.21
2019-07-07,0.66253,0.66308,0.66217,0.66296,2122.53
2019-07-08,0.66296,0.66527,0.66174,0.66259,52506.96
2019-07-09,0.66259,0.66314,0.65997,0.66,59332.29
2019-07-10,0.66002,0.66567,0.65665,0.66432,81368.38
2019-07-11,0.66434,0.66888,0.66434,0.66608,83892.8
2019-07-12,0.66609,0.66981,0.66596,0.66903,71097.16
2019-07-14,0.66847,0.66976,0.66816,0.66926,5053.43
2019-07-15,0.66929,0.67343,0.66929,0.6721,60737.76
2019-07-16,0.6721,0.67378,0.66951,0.67009,75566.23
2019-07-17,0.67009,0.67464,0.67002,0.67312,68018.8
2019-07-18,0.6731,0.67905,0.67282,0.6776,87037.21
2019-07-19,0.67761,0.67882,0.67569,0.67582,77148.62
2019-07-21,0.67622,0.67662,0.67564,0.67597,3125.19
2019-07-22,0.67596,0.67866,0.67363,0.67383,54711.33
2019-07-23,0.67383,0.67454,0.66961,0.66972,57996.72
2019-07-24,0.66971,0.6723,0.66915,0.66996,59741.53
2019-07-25,0.66997,0.67072,0.66535,0.66583,83526.46
2019-07-26,0.66583,0.66627,0.66256,0.66331,55676.45
2019-07-28,0.66307,0.66391,0.66302,0.66354,1738.59
2019-07-29,0.66359,0.66414,0.66155,0.66287,40969.69
2019-07-30,0.66287,0.6634,0.66019,0.6616,54934.9
2019-07-31,0.66159,0.66186,0.65424,0.65505,121652.75
2019-08-01,0.65505,0.65772,0.65337,0.6552,133562.71
2019-08-02,0.6552,0.65603,0.65048,0.65334,152490.38
2019-08-04,0.65268,0.65322,0.65198,0.65208,3821.92
2019-08-05,0.65206,0.65875,0.64881,0.65566,133193.47
2019-08-06,0.65565,0.65702,0.65139,0.65301,128913.66
2019-08-07,0.65301,0.65569,0.63772,0.64485,157327.56
2019-08-08,0.64489,0.64917,0.64328,0.64844,116625.87
2019-08-09,0.64842,0.64982,0.64605,0.64614,71674.59
2019-08-11,0.64662,0.6467,0.64598,0.64605,12409.71
2019-08-12,0.64605,0.64745,0.64368,0.64472,89394.31
2019-08-13,0.64472,0.64712,0.64214,0.64605,115501.4
2019-08-14,0.64605,0.64683,0.64206,0.64381,106971.03
2019-08-15,0.64383,0.64589,0.64271,0.64338,110541.46
2019-08-16,0.64338,0.64451,0.64215,0.64215,77548.18
2019-08-18,0.64277,0.644,0.64209,0.64255,9975.29
2019-08-19,0.64256,0.6429,0.64027,0.6404,69151.07
2019-08-20,0.64039,0.64292,0.64027,0.6408,69434.19
2019-08-21,0.64083,0.64223,0.63944,0.64037,57258.77
2019-08-22,0.64037,0.64071,0.63611,0.63888,70336.61
2019-08-23,0.63886,0.64095,0.63684,0.63943,104133.58
2019-08-25,0.63817,0.63852,0.63416,0.636,14892.03
2019-08-26,0.63602,0.64031,0.63599,0.63847,147148.43
2019-08-27,0.63847,0.63855,0.63543,0.63629,88930.89
2019-08-28,0.6363,0.63664,0.63257,0.6336,85125.87
2019-08-29,0.63363,0.6347,0.63039,0.63159,94132.1
2019-08-30,0.63158,0.63201,0.62829,0.63063,80748.06
2019-09-01,0.63005,0.63067,0.62965,0.6299,8846.99
2019-09-02,0.6299,0.63184,0.629,0.63035,64271.46
2019-09-03,0.63035,0.63387,0.62687,0.63371,82087.41
2019-09-04,0.63371,0.63643,0.63252,0.6355,67246.52
2019-09-05,0.6355,0.63954,0.6355,0.63707,79969.67
2019-09-06,0.63706,0.64437,0.63692,0.64204,68887.51
2019-09-08,0.64147,0.64284,0.64135,0.64253,9752.95
2019-09-09,0.64253,0.64444,0.64127,0.64271,58831.4
2019-09-10,0.64272,0.64416,0.64089,0.64138,62172.1
2019-09-11,0.64137,0.64391,0.6405,0.64206,61349.22
2019-09-12,0.64204,0.64502,0.63973,0.64008,73373.32
2019-09-13,0.64005,0.64091,0.63717,0.63743,47599.87
2019-09-15,0.63709,0.63896,0.63687,0.6384,6396.16
2019-09-16,0.63839,0.63913,0.63387,0.6341,52496.7
2019-09-17,0.6341,0.63619,0.63216,0.636,56098.06
2019-09-18,0.636,0.63606,0.62993,0.63173,65744.4
2019-09-19,0.63172,0.63203,0.62927,0.62928,78287.63
2019-09-20,0.62928,0.63046,0.62546,0.62583,70899.85
2019-09-22,0.62599,0.62678,0.62599,0.62658,4852.48
2019-09-23,0.62657,0.62988,0.6258,0.62959,77054.63
2019-09-24,0.62959,0.6331,0.62871,0.63152,80228.7
2019-09-25,0.63152,0.63483,0.62629,0.62723,94412.91
2019-09-26,0.62722,0.63267,0.62703,0.62971,84923.33
2019-09-27,0.62972,0.63097,0.62787,0.62934,96688.82
2019-09-29,0.62859,0.62942,0.62837,0.62852,5267.55
2019-09-30,0.62853,0.62854,0.6249,0.62612,100726.01
2019-10-01,0.62611,0.62713,0.62034,0.62427,124261.71
2019-10-02,0.62426,0.62718,0.62188,0.62656,119059.32
2019-10-03,0.62658,0.63159,0.6255,0.63024,121683.05
2019-10-04,0.63024,0.63379,0.63017,0.63164,102206.77
2019-10-06,0.63035,0.63182,0.63016,0.63153,9608.98
2019-10-07,0.63154,0.63216,0.62829,0.62908,111081.05
2019-10-08,0.62907,0.63267,0.62876,0.62963,103584.21
2019-10-09,0.62964,0.63247,0.62767,0.62863,90077.98
2019-10-10,0.62863,0.63347,0.6284,0.63245,98568.9
2019-10-11,0.63245,0.63537,0.63158,0.63329,95088.87
2019-10-13,0.63302,0.6335,0.6324,0.63279,4935.03
2019-10-14,0.63278,0.63337,0.62807,0.63036,71539.89
2019-10-15,0.63035,0.63203,0.62582,0.62947,94816.59
2019-10-16,0.62945,0.62945,0.62403,0.62861,88332.89
2019-10-17,0.62859,0.63548,0.62835,0.63534,84495.71
2019-10-18,0.63533,0.63899,0.6353,0.63812,58529.88
2019-10-20,0.63796,0.63874,0.63701,0.63832,8340.1
2019-10-21,0.63832,0.6416,0.63831,0.64114,65225.43
2019-10-22,0.64114,0.64355,0.6396,0.64111,77490.88
2019-10-23,0.64111,0.64262,0.63857,0.64202,67845.59
2019-10-24,0.64202,0.64245,0.6374,0.63772,85657.2
2019-10-25,0.63772,0.6382,0.63465,0.63479,60599.59
2019-10-27,0.63474,0.63572,0.63473,0.63569,3149.77
2019-10-28,0.6357,0.63597,0.63336,0.6353,65654.36
2019-10-29,0.63529,0.63752,0.63383,0.63507,76480.11
2019-10-30,0.63507,0.64147,0.63327,0.64073,99686.98
2019-10-31,0.64074,0.64329,0.63916,0.64131,102562.36
2019-11-01,0.6413,0.64563,0.64065,0.64251,92448.5
2019-11-03,0.64339,0.64347,0.64269,0.64344,2482.8
2019-11-04,0.64344,0.64656,0.63898,0.64013,75879.82
2019-11-05,0.64011,0.64308,0.637,0.63721,102054.03
2019-11-06,0.63722,0.63888,0.63598,0.63643,71210.12
2019-11-07,0.63645,0.63858,0.63416,0.63743,96635.97
2019-11-08,0.63744,0.63816,0.63216,0.63235,69066.63
2019-11-10,0.63349,0.63384,0.63262,0.63306,2142.72
2019-11-11,0.63306,0.63722,0.63304,0.63628,53485.92
2019-11-12,0.63627,0.63675,0.63245,0.63362,74069.24
2019-11-13,0.63361,0.64186,0.63298,0.64139,89704.32
2019-11-14,0.64139,0.64183,0.63585,0.63803,74799.95
2019-11-15,0.63803,0.64098,0.63716,0.63986,60591.72
2019-11-17,0.64,0.64027,0.63984,0.63996,4564.62
2019-11-18,0.63994,0.64117,0.63897,0.63953,62999.1
2019-11-19,0.63953,0.64325,0.63816,0.64313,58885.71
2019-11-20,0.6431,0.64358,0.64036,0.64087,74492.08
2019-11-21,0.64086,0.64371,0.63968,0.64042,83390.26
2019-11-22,0.64042,0.6425,0.63989,0.64007,65938.1
2019-11-24,0.64078,0.64117,0.64049,0.64084,2232.04
2019-11-25,0.64084,0.64287,0.63944,0.64139,61351.9
2019-11-26,0.64138,0.64308,0.64054,0.64261,67450.35
2019-11-27,0.64261,0.64329,0.64021,0.64126,61613.05
2019-11-28,0.64138,0.643,0.6408,0.64191,48156.17
2019-11-29,0.64188,0.64377,0.64087,0.64154,49545.16
2019-12-01,0.64312,0.64329,0.64238,0.64313,2974.33
2019-12-02,0.64313,0.65106,0.64312,0.64968,68637.35
2019-12-03,0.64968,0.65332,0.64963,0.65177,88720.0
2019-12-04,0.65186,0.65538,0.65031,0.65478,72994.73
2019-12-05,0.65477,0.65617,0.65194,0.65428,62374.84
2019-12-06,0.65429,0.65758,0.65408,0.65616,63983.95
2019-12-08,0.65552,0.65639,0.6554,0.65576,2956.19
2019-12-09,0.65576,0.65671,0.65396,0.65483,73671.16
2019-12-10,0.65482,0.65677,0.65281,0.65428,80131.4
2019-12-11,0.65426,0.66029,0.65221,0.65801,89567.08
2019-12-12,0.65801,0.66354,0.65738,0.66181,107038.17
2019-12-13,0.66182,0.66263,0.65814,0.65922,124819.47
2019-12-15,0.66021,0.66023,0.65876,0.65915,7449.26
2019-12-16,0.65915,0.66137,0.65878,0.659,70604.51
2019-12-17,0.65903,0.66048,0.65644,0.65678,76351.92
2019-12-18,0.65678,0.66138,0.6554,0.6583,68354.41
2019-12-19,0.65829,0.66112,0.65724,0.66102,67964.47
2019-12-20,0.66102,0.66135,0.65884,0.65976,65578.43
2019-12-22,0.65978,0.66075,0.65971,0.66072,3364.35
2019-12-23,0.66072,0.66387,0.66008,0.6633,66426.57
2019-12-24,0.6633,0.66484,0.662,0.66277,60648.31
2019-12-25,0.66276,0.66452,0.662,0.66425,2902.33
2019-12-26,0.66424,0.66764,0.66399,0.66726,26764.66
2019-12-27,0.66727,0.67103,0.66664,0.66961,64825.89
2019-12-29,0.66937,0.67095,0.66937,0.67032,2547.41
2019-12-30,0.67032,0.67362,0.67032,0.67327,73770.41
2019-12-31,0.67328,0.67554,0.6719,0.67304,59272.92
2020-01-01,0.67167,0.67369,0.6716,0.67356,3966.02
2020-01-02,0.67357,0.6739,0.66841,0.66979,80975.63
2020-01-03,0.6698,0.66987,0.66438,0.66625,82064.78
2020-01-05,0.66578,0.66589,0.66509,0.66537,5149.8
2020-01-06,0.66536,0.66797,0.66439,0.66678,77498.22
2020-01-07,0.66678,0.66788,0.66247,0.66304,71077.26
2020-01-08,0.66302,0.66719,0.6617,0.66535,99079.17
2020-01-09,0.66537,0.6658,0.65997,0.66065,65407.32
2020-01-10,0.66066,0.66446,0.66013,0.66289,65986.85
2020-01-12,0.6638,0.6641,0.66333,0.66364,3073.63
2020-01-13,0.66364,0.66525,0.66199,0.66244,67307.32
2020-01-14,0.66244,0.66339,0.6603,0.66061,67133.46
2020-01-15,0.66061,0.66203,0.65835,0.66188,55246.59
2020-01-16,0.66187,0.6665,0.66177,0.66365,63965.99
2020-01-17,0.66364,0.66503,0.66068,0.66083,52308.66
2020-01-19,0.66121,0.66196,0.66081,0.6618,3299.33
2020-01-20,0.66181,0.6624,0.65917,0.66062,37707.89
2020-01-21,0.66062,0.66147,0.65874,0.65946,62888.07
2020-01-22,0.65946,0.66103,0.6581,0.65943,51693.54
2020-01-23,0.65942,0.66238,0.65806,0.66178,77676.19
2020-01-24,0.66176,0.6629,0.65987,0.66005,51221.24
2020-01-26,0.65828,0.65965,0.65702,0.65725,6482.39
2020-01-27,0.65725,0.65899,0.65409,0.65444,60652.16
2020-01-28,0.65443,0.65539,0.65204,0.65389,56399.34
2020-01-29,0.65387,0.65427,0.65053,0.65269,54018.52
2020-01-30,0.65268,0.65284,0.64796,0.6483,65411.78
2020-01-31,0.64831,0.64946,0.64537,0.64622,61471.92
2020-02-02,0.64681,0.64691,0.64555,0.64576,5010.95
2020-02-03,0.64574,0.64767,0.64522,0.64596,68640.37
2020-02-04,0.64595,0.65019,0.64491,0.64917,71980.35
2020-02-05,0.64917,0.65027,0.64688,0.64804,72174.99
2020-02-06,0.64804,0.64837,0.64535,0.64592,60562.14
2020-02-07,0.64593,0.64601,0.63976,0.64005,60795.74
2020-02-09,0.64017,0.64074,0.63967,0.63975,5147.43
2020-02-10,0.63975,0.6417,0.63805,0.63874,66367.38
2020-02-11,0.63875,0.6421,0.63779,0.6405,61602.76
2020-02-12,0.64049,0.64871,0.6403,0.64452,141472.99
2020-02-13,0.64455,0.64661,0.64314,0.64408,182453.35
2020-02-14,0.64408,0.6444,0.64227,0.6428,69221.71
2020-02-16,0.64448,0.64472,0.64382,0.6445,2819.32
2020-02-17,0.6445,0.6445,0.642,0.6437,44492.74
2020-02-18,0.64369,0.64369,0.63811,0.63935,60399.93
2020-02-19,0.6394,0.64105,0.63706,0.63883,53255.32
2020-02-20,0.63883,0.63946,0.63245,0.63322,62967.77
2020-02-21,0.6332,0.63566,0.63028,0.63425,70947.0
2020-02-23,0.63117,0.63269,0.63113,0.63212,8259.3
2020-02-24,0.6321,0.63559,0.63032,0.63418,90235.81
2020-02-25,0.63418,0.6358,0.63107,0.63207,91036.73
2020-02-26,0.63207,0.63211,0.62831,0.6287,102333.1
2020-02-27,0.62869,0.63343,0.62838,0.631,110139.03
2020-02-28,0.63103,0.63138,0.61911,0.6245,141289.47
2020-03-01,0.61934,0.62328,0.61933,0.62269,5190.65
2020-03-02,0.62269,0.62787,0.62037,0.62661,126186.27
2020-03-03,0.62661,0.63252,0.62461,0.62695,133725.37
2020-03-04,0.62695,0.63052,0.62695,0.62998,84139.93
2020-03-05,0.62996,0.6334,0.62799,0.63124,73991.93
2020-03-06,0.63121,0.63721,0.62938,0.63535,108883.87
2020-03-08,0.63098,0.63396,0.63088,0.6326,15726.71
2020-03-09,0.63262,0.64476,0.60038,0.63364,229117.46
2020-03-10,0.63373,0.63426,0.6242,0.62633,147856.44
2020-03-11,0.62633,0.63423,0.62566,0.62635,130418.05
2020-03-12,0.62632,0.62756,0.60844,0.61135,278952.24
2020-03-13,0.61138,0.61597,0.60171,0.60574,159849.03
2020-03-15,0.59904,0.61498,0.59864,0.605,23183.35
2020-03-16,0.60499,0.61307,0.59839,0.60417,187438.84
2020-03-17,0.60416,0.60955,0.59147,0.59466,152255.41
2020-03-18,0.59461,0.59678,0.56845,0.57135,201923.61
2020-03-19,0.57136,0.59162,0.54684,0.56831,244926.51
2020-03-20,0.56833,0.58811,0.56471,0.5702,190125.19
2020-03-22,0.56666,0.56809,0.55871,0.56245,29462.02
2020-03-23,0.56246,0.57516,0.55944,0.57395,221738.21
2020-03-24,0.57394,0.5846,0.57342,0.58226,173738.2
2020-03-25,0.58221,0.59122,0.57866,0.58041,181922.06
2020-03-26,0.5804,0.59882,0.57765,0.59739,171658.2
2020-03-27,0.59742,0.60686,0.5909,0.60338,153651.49
2020-03-29,0.60289,0.60596,0.59935,0.60483,11948.73
2020-03-30,0.60484,0.60629,0.59832,0.60085,146566.36
2020-03-31,0.60085,0.60383,0.59087,0.59485,189281.3
2020-04-01,0.59484,0.59774,0.58785,0.59343,128815.64
2020-04-02,0.59341,0.59729,0.58798,0.59142,127506.7
2020-04-03,0.59141,0.59166,0.58429,0.5848,119035.24
2020-04-05,0.58705,0.58764,0.58505,0.58518,6897.13
2020-04-06,0.58518,0.59629,0.58496,0.59462,122243.52
2020-04-07,0.59463,0.60152,0.59342,0.59607,147727.18
2020-04-08,0.59607,0.60305,0.59395,0.60139,103023.54
2020-04-09,0.60137,0.60961,0.59849,0.60696,110025.5
2020-04-10,0.60696,0.61026,0.60557,0.60653,55725.0
2020-04-12,0.6077,0.60907,0.60633,0.60746,3165.75
2020-04-13,0.60749,0.6111,0.60592,0.60995,60481.45
2020-04-14,0.60994,0.61303,0.60647,0.61,92850.4
2020-04-15,0.61003,0.61011,0.59547,0.59947,115396.9
2020-04-16,0.5995,0.60225,0.5921,0.59989,139453.34
2020-04-17,0.59989,0.6051,0.59666,0.60265,119613.15
2020-04-19,0.60317,0.60503,0.60125,0.60128,4335.16
2020-04-20,0.60128,0.60915,0.60084,0.60411,101320.22
2020-04-21,0.60412,0.60442,0.59332,0.5962,117032.57
2020-04-22,0.5962,0.60034,0.59201,0.59215,80474.79
2020-04-23,0.59221,0.60414,0.59101,0.60042,101514.22
2020-04-24,0.60045,0.60182,0.59753,0.60111,66815.96
2020-04-26,0.59988,0.6024,0.59978,0.60208,3000.32
2020-04-27,0.60207,0.60749,0.60157,0.60238,71803.44
2020-04-28,0.60238,0.60815,0.59916,0.60758,75958.28
2020-04-29,0.60758,0.61431,0.60746,0.61395,64649.97
2020-04-30,0.61394,0.61755,0.60979,0.61188,91327.38
2020-05-01,0.61189,0.61232,0.60464,0.60557,57455.76
2020-05-03,0.60542,0.60562,0.60132,0.60148,6191.23
2020-05-04,0.60147,0.60599,0.6008,0.60491,66318.55
2020-05-05,0.60492,0.60768,0.60326,0.60519,66526.91
2020-05-06,0.60522,0.60726,0.59943,0.6007,99554.47
2020-05-07,0.60072,0.60992,0.60072,0.60938,85980.04
2020-05-08,0.60936,0.61477,0.60894,0.61353,64772.79
2020-05-10,0.61452,0.61461,0.61225,0.61403,4273.67
2020-05-11,0.61403,0.61558,0.60536,0.60764,60926.71
2020-05-12,0.60766,0.61231,0.60406,0.60649,84459.94
2020-05-13,0.60649,0.60981,0.59797,0.59953,131516.45
2020-05-14,0.59958,0.60159,0.59567,0.60116,110901.87
2020-05-15,0.60116,0.6014,0.59206,0.59284,90060.69
2020-05-17,0.5935,0.59437,0.59232,0.5935,5616.25
2020-05-18,0.5935,0.60493,0.59288,0.60391,74492.82
2020-05-19,0.60391,0.6119,0.60337,0.6085,78020.65
2020-05-20,0.6085,0.61577,0.60837,0.61463,82188.74
2020-05-21,0.61462,0.61494,0.61055,0.6122,91608.14
2020-05-22,0.6122,0.61264,0.60806,0.60943,81104.43
2020-05-24,0.60967,0.61058,0.60866,0.61027,4564.98
2020-05-25,0.61033,0.6108,0.60833,0.61074,61428.98
2020-05-26,0.61076,0.62283,0.60989,0.61963,88043.65
2020-05-27,0.61964,0.62322,0.61489,0.61868,116607.24
2020-05-28,0.61868,0.62278,0.61693,0.61965,107915.29
2020-05-29,0.61964,0.62395,0.61681,0.61992,118584.55
2020-05-31,0.61948,0.62054,0.6185,0.61969,4851.01
2020-06-01,0.61967,0.63014,0.61958,0.62809,100494.95
2020-06-02,0.62809,0.63894,0.62625,0.63821,108794.33
2020-06-03,0.63823,0.64434,0.63656,0.6427,127358.08
2020-06-04,0.64269,0.64776,0.64034,0.64615,115236.36
2020-06-05,0.64614,0.65276,0.64586,0.65048,120188.37
2020-06-07,0.65024,0.65359,0.65023,0.65327,4445.4
2020-06-08,0.65328,0.65684,0.65077,0.6566,77930.06
2020-06-09,0.65657,0.658,0.64685,0.6497,99932.26
2020-06-10,0.64976,0.65844,0.64946,0.65101,119090.86
2020-06-11,0.65101,0.65383,0.64049,0.64118,156965.47
2020-06-12,0.64121,0.64766,0.63934,0.64433,169260.69
2020-06-14,0.64409,0.64527,0.6412,0.64169,10441.96
2020-06-15,0.64169,0.65004,0.63804,0.64997,166034.12
2020-06-16,0.64995,0.65061,0.64116,0.64578,153305.13
2020-06-17,0.64579,0.64786,0.64288,0.64446,117185.28
2020-06-18,0.64447,0.6466,0.6418,0.64272,126280.75
2020-06-19,0.64275,0.64574,0.64001,0.64052,117594.59
2020-06-21,0.63812,0.64036,0.63803,0.63979,5323.25
2020-06-22,0.63983,0.64969,0.6394,0.64925,90740.81
2020-06-23,0.64926,0.65326,0.64359,0.64998,114192.91
2020-06-24,0.65005,0.65136,0.64001,0.64015,119170.25
2020-06-25,0.64015,0.64423,0.63985,0.643,103281.78
2020-06-26,0.64297,0.64502,0.64019,0.64191,80840.06
2020-06-28,0.64002,0.64219,0.64002,0.64168,4352.97
2020-06-29,0.6417,0.64427,0.64036,0.64269,88735.31
2020-06-30,0.64269,0.6461,0.63848,0.64494,93503.95
2020-07-01,0.64494,0.64922,0.64399,0.64779,83525.45
2020-07-02,0.64778,0.65364,0.64744,0.65078,87235.29
2020-07-03,0.65078,0.65438,0.65009,0.6518,56448.29
2020-07-05,0.65227,0.65393,0.65166,0.65368,2701.8
2020-07-06,0.6537,0.65656,0.65317,0.65573,77836.97
2020-07-07,0.65573,0.65799,0.65189,0.65481,91003.99
2020-07-08,0.65481,0.65791,0.65293,0.65725,90318.84
2020-07-09,0.65725,0.66001,0.65506,0.6568,106710.4
2020-07-10,0.65686,0.65881,0.65459,0.65716,91171.52
2020-07-12,0.65694,0.65798,0.65692,0.65718,4605.97
2020-07-13,0.65719,0.65929,0.65346,0.65346,99931.44
2020-07-14,0.65347,0.65443,0.65024,0.65431,135111.33
2020-07-15,0.65431,0.65837,0.65401,0.65725,103550.22
2020-07-16,0.65724,0.65724,0.65274,0.6539,96909.87
2020-07-17,0.65393,0.65652,0.65321,0.65547,57786.57
2020-07-19,0.65498,0.65632,0.65409,0.65611,2874.18
2020-07-20,0.65612,0.65819,0.65382,0.65795,94702.11
2020-07-21,0.65794,0.66495,0.65589,0.66468,85088.44
2020-07-22,0.66469,0.6689,0.66321,0.66552,129942.94
2020-07-23,0.66552,0.66896,0.6625,0.66332,104511.69
2020-07-24,0.6633,0.66534,0.66144,0.66402,136444.79
2020-07-26,0.66241,0.66491,0.66235,0.66426,5038.13
2020-07-27,0.66427,0.66928,0.66427,0.6687,92260.72
2020-07-28,0.66871,0.67022,0.66328,0.66585,102828.41
2020-07-29,0.66585,0.66793,0.66407,0.66535,92353.74
2020-07-30,0.66535,0.67012,0.66197,0.66945,109939.76
2020-07-31,0.66948,0.67152,0.66225,0.66275,124837.92
2020-08-02,0.66225,0.66393,0.66219,0.66337,7534.84
2020-08-03,0.66338,0.66423,0.6575,0.66132,85146.97
2020-08-04,0.66132,0.66461,0.65889,0.66441,72029.04
2020-08-05,0.66439,0.66733,0.66297,0.66458,80253.41
2020-08-06,0.66458,0.669,0.66278,0.66821,92047.79
2020-08-07,0.66824,0.669,0.65882,0.65952,97213.74
2020-08-09,0.66054,0.66092,0.65912,0.65983,4350.21
2020-08-10,0.65989,0.66117,0.65773,0.65915,55980.55
2020-08-11,0.65916,0.66264,0.65635,0.6568,91712.79
2020-08-12,0.6568,0.66,0.65236,0.65765,86949.52
2020-08-13,0.65761,0.65981,0.65362,0.65449,77538.9
2020-08-14,0.65448,0.65588,0.65259,0.654,57512.97
2020-08-16,0.65429,0.65522,0.6534,0.65425,3565.35
2020-08-17,0.65425,0.65733,0.6519,0.65517,66872.18
2020-08-18,0.65516,0.66103,0.65337,0.66085,111266.99
2020-08-19,0.66086,0.66509,0.6553,0.65604,116134.5
2020-08-20,0.65605,0.65707,0.64884,0.65398,107769.61
2020-08-21,0.65394,0.6549,0.65163,0.65359,115727.62
2020-08-23,0.65303,0.65431,0.65287,0.6536,3821.62
2020-08-24,0.65359,0.65644,0.65213,0.6526,105379.85
2020-08-25,0.6526,0.65581,0.65147,0.65506,151970.03
2020-08-26,0.65504,0.66331,0.65431,0.66309,136696.58
2020-08-27,0.66308,0.66747,0.65998,0.66437,197655.53
2020-08-28,0.66437,0.67435,0.66368,0.67377,161583.45
2020-08-30,0.67279,0.67447,0.67186,0.67431,3207.28
2020-08-31,0.67431,0.67629,0.67186,0.67322,655765.94
2020-09-01,0.67323,0.67789,0.67295,0.67671,113403.49
2020-09-02,0.67671,0.67886,0.67412,0.67642,91736.12
2020-09-03,0.67643,0.67725,0.66877,0.66889,101296.43
2020-09-04,0.6689,0.67348,0.66671,0.67165,128339.4
2020-09-06,0.6714,0.67218,0.6706,0.67109,5300.23
2020-09-07,0.67109,0.67162,0.66882,0.66901,56142.3
2020-09-08,0.669,0.67066,0.66006,0.66105,99873.29
2020-09-09,0.66109,0.6687,0.66104,0.66786,87513.32
2020-09-10,0.66787,0.67082,0.66385,0.66455,109198.95
2020-09-11,0.66457,0.66948,0.66407,0.66616,81439.46
2020-09-13,0.66583,0.66863,0.66583,0.66859,3524.43
2020-09-14,0.66859,0.67177,0.66761,0.66971,59733.21
2020-09-15,0.66971,0.67361,0.66833,0.67084,72937.29
2020-09-16,0.67084,0.67587,0.67021,0.67228,145374.88
2020-09-17,0.67226,0.67683,0.66745,0.67629,106191.86
2020-09-18,0.67625,0.67973,0.6754,0.6754,86520.72
2020-09-20,0.67526,0.67693,0.67526,0.67575,7076.68
2020-09-21,0.67574,0.67775,0.66513,0.66638,119724.58
2020-09-22,0.66638,0.66871,0.6622,0.663,114917.54
2020-09-23,0.66299,0.66475,0.65351,0.65419,123660.96
2020-09-24,0.65418,0.65612,0.6511,0.65474,99725.59
2020-09-25,0.65475,0.65919,0.65272,0.65435,97987.6
2020-09-27,0.65442,0.6556,0.65418,0.65497,4623.2
2020-09-28,0.65499,0.65682,0.65392,0.65654,81822.36
2020-09-29,0.65655,0.66023,0.65519,0.66005,72690.38
2020-09-30,0.66006,0.66285,0.6569,0.66207,108056.3
2020-10-01,0.66208,0.66568,0.6616,0.66503,91189.49
2020-10-02,0.66503,0.66542,0.6613,0.66381,116285.09
2020-10-04,0.66355,0.66438,0.66318,0.66379,5234.89
2020-10-05,0.6638,0.66542,0.66291,0.66528,76123.37
2020-10-06,0.66529,0.66575,0.65765,0.65893,104418.31
2020-10-07,0.65896,0.66002,0.65706,0.65721,71799.58
2020-10-08,0.65722,0.65963,0.65462,0.65883,72140.17
2020-10-09,0.65883,0.66721,0.65878,0.66641,59676.43
2020-10-11,0.6652,0.66671,0.66514,0.66634,4620.21
2020-10-12,0.66634,0.66699,0.66405,0.66478,59784.16
2020-10-13,0.66478,0.66707,0.6628,0.66539,66222.23
2020-10-14,0.66539,0.66816,0.66438,0.66559,73053.59
2020-10-15,0.66557,0.66622,0.65758,0.65975,80386.93
2020-10-16,0.65975,0.66187,0.65864,0.66002,80454.39
2020-10-18,0.66103,0.66177,0.66002,0.66165,4633.42
2020-10-19,0.66167,0.6646,0.65858,0.65917,60624.36
2020-10-20,0.65918,0.65953,0.65524,0.65794,58992.65
2020-10-21,0.65794,0.66772,0.65774,0.66431,73532.06
2020-10-22,0.66433,0.66884,0.66318,0.66717,74539.81
2020-10-23,0.66716,0.67045,0.66558,0.66833,57736.84
2020-10-25,0.66758,0.66909,0.66751,0.66828,7438.18
2020-10-26,0.66826,0.6697,0.66699,0.6675,85218.79
2020-10-27,0.66753,0.67238,0.66746,0.66994,61392.06
2020-10-28,0.66994,0.67194,0.66281,0.6648,93043.05
2020-10-29,0.6648,0.66594,0.65965,0.66283,85543.07
2020-10-30,0.66282,0.66707,0.65976,0.661,102065.25
2020-11-01,0.66097,0.66102,0.65916,0.6597,6471.44
2020-11-02,0.65969,0.66348,0.65888,0.66309,75826.79
2020-11-03,0.66308,0.67313,0.66209,0.67273,83934.68
2020-11-04,0.67274,0.67434,0.66134,0.66985,164029.62
2020-11-05,0.66986,0.67775,0.66785,0.67633,120920.99
2020-11-06,0.67633,0.68018,0.67599,0.67714,94610.78
2020-11-08,0.67866,0.68001,0.6783,0.6796,4092.56
2020-11-09,0.67961,0.68546,0.6789,0.68238,138565.98
2020-11-10,0.68239,0.68397,0.68031,0.68266,103245.0
2020-11-11,0.68265,0.69035,0.68083,0.69007,89655.09
2020-11-12,0.69005,0.69142,0.68286,0.68376,70941.67
2020-11-13,0.68381,0.68485,0.68102,0.68447,56723.75
2020-11-15,0.68422,0.68746,0.68404,0.68693,2835.36
2020-11-16,0.68691,0.69092,0.68618,0.69062,63225.54
2020-11-17,0.69061,0.69185,0.68749,0.68903,61969.92
2020-11-18,0.68903,0.69449,0.68752,0.69182,63413.65
2020-11-19,0.69181,0.69281,0.68784,0.69043,80899.14
2020-11-20,0.69043,0.69504,0.69043,0.69224,72107.59
2020-11-22,0.69266,0.69456,0.69266,0.69445,4500.61
2020-11-23,0.69444,0.69673,0.68964,0.69289,67127.38
2020-11-24,0.69288,0.70045,0.69235,0.69778,80653.35
2020-11-25,0.69778,0.70147,0.69598,0.70026,72624.63
2020-11-26,0.70025,0.70137,0.69926,0.7002,47518.16
2020-11-27,0.70021,0.70391,0.70016,0.70145,63016.94
2020-11-29,0.70268,0.70426,0.70246,0.70344,1963.49
2020-11-30,0.70343,0.70507,0.70072,0.70183,79596.1
2020-12-01,0.70184,0.70727,0.70183,0.70686,68152.36
2020-12-02,0.70685,0.70837,0.70314,0.70704,73797.13
2020-12-03,0.70704,0.71039,0.70503,0.707,64165.83
2020-12-04,0.70701,0.70788,0.70272,0.70376,70170.53
2020-12-06,0.70412,0.70485,0.70391,0.70397,2445.59
2020-12-07,0.70393,0.70636,0.70053,0.70379,66379.49
2020-12-08,0.70379,0.70536,0.7023,0.70393,69456.17
2020-12-09,0.70394,0.70943,0.70105,0.7015,74089.16
2020-12-10,0.70151,0.70992,0.70135,0.70918,82732.44
2020-12-11,0.70922,0.71134,0.70736,0.70828,67643.26
2020-12-13,0.70987,0.71023,0.70896,0.70975,2501.39
2020-12-14,0.70975,0.71198,0.70747,0.70832,57671.03
2020-12-15,0.70834,0.70979,0.70589,0.70862,61451.81
2020-12-16,0.70863,0.71205,0.70536,0.71079,69657.12
2020-12-17,0.7108,0.71711,0.71012,0.7146,57838.33
2020-12-18,0.71454,0.71522,0.71097,0.71347,65315.51
2020-12-20,0.71108,0.71232,0.71019,0.71034,2647.56
2020-12-21,0.71034,0.71133,0.70021,0.70953,109815.77
2020-12-22,0.70953,0.70991,0.70307,0.70544,78479.09
2020-12-23,0.70544,0.7104,0.70293,0.70994,80148.87
2020-12-24,0.70993,0.71174,0.70796,0.70859,56024.25
2020-12-25,0.7093,0.71147,0.70828,0.71063,503.53
2020-12-27,0.71047,0.71176,0.70997,0.71153,3513.44
2020-12-28,0.71155,0.71388,0.7083,0.71064,56545.92
2020-12-29,0.71064,0.71642,0.71051,0.71488,54349.78
2020-12-30,0.71489,0.7215,0.71456,0.72136,62302.05
2020-12-31,0.72137,0.72408,0.71806,0.71819,63313.5
2021-01-03,0.7191,0.71978,0.71837,0.71953,2547.35
2021-01-04,0.71953,0.72303,0.71523,0.71777,113710.64
2021-01-05,0.71774,0.7259,0.71721,0.72531,118545.98
2021-01-06,0.72535,0.7315,0.7235,0.7304,171171.59
2021-01-07,0.7304,0.73044,0.72243,0.72648,139288.71
2021-01-08,0.7265,0.7281,0.72039,0.72357,152805.76
2021-01-10,0.72302,0.72323,0.71944,0.72,5252.47
2021-01-11,0.72001,0.72081,0.7146,0.7173,115640.72
2021-01-12,0.71731,0.72313,0.71567,0.72279,97756.7
2021-01-13,0.72278,0.72393,0.71655,0.71894,104114.77
2021-01-14,0.71895,0.72403,0.71706,0.72163,86081.5
2021-01-15,0.72163,0.7229,0.71182,0.71293,96557.45
2021-01-17,0.714,0.71402,0.71169,0.71169,2495.79
2021-01-18,0.71173,0.71352,0.70959,0.71148,67123.72
2021-01-19,0.71147,0.71404,0.71021,0.7129,85065.69
2021-01-20,0.7129,0.71946,0.71156,0.71839,87002.7
2021-01-21,0.71838,0.72226,0.7175,0.72133,91849.45
2021-01-22,0.72135,0.72251,0.71664,0.71786,97125.96
2021-01-24,0.71778,0.71856,0.71712,0.71793,2064.95
2021-01-25,0.71795,0.72165,0.71704,0.71988,94941.23
2021-01-26,0.71986,0.72472,0.71668,0.72376,74545.94
2021-01-27,0.72376,0.72445,0.71361,0.71406,131838.58
2021-01-28,0.71411,0.71953,0.71051,0.71731,123058.21
2021-01-29,0.7173,0.72253,0.71504,0.71782,146619.08
2021-01-31,0.71556,0.71712,0.71501,0.71638,5215.7
2021-02-01,0.71638,0.72025,0.71524,0.71638,109653.19
2021-02-02,0.71638,0.72064,0.71346,0.71924,96257.87
2021-02-03,0.71922,0.72249,0.71832,0.72211,89499.77
2021-02-04,0.72213,0.72248,0.71464,0.71579,80605.34
2021-02-05,0.71579,0.72062,0.71357,0.71992,73653.4
2021-02-07,0.71881,0.72121,0.71872,0.72102,3083.93
2021-02-08,0.72101,0.7232,0.71776,0.72261,67587.87
2021-02-09,0.72261,0.72538,0.72154,0.72404,88406.91
2021-02-10,0.72406,0.7245,0.71991,0.72171,92872.53
2021-02-11,0.72171,0.72504,0.7204,0.72304,64169.51
2021-02-12,0.72303,0.72323,0.71751,0.72144,46435.64
2021-02-14,0.7205,0.72224,0.72049,0.72173,2360.07
2021-02-15,0.72173,0.7249,0.7215,0.7232,38247.68
2021-02-16,0.72319,0.7268,0.71828,0.71874,75316.31
2021-02-17,0.71875,0.72134,0.71574,0.71927,86722.44
2021-02-18,0.71922,0.72253,0.71756,0.72175,97759.85
2021-02-19,0.72175,0.73143,0.72031,0.72908,85127.6
2021-02-21,0.72884,0.73162,0.72884,0.73074,2552.96
2021-02-22,0.73072,0.73428,0.72807,0.73269,84211.48
2021-02-23,0.73268,0.73465,0.73065,0.73373,90265.38
2021-02-24,0.73372,0.74544,0.73139,0.74406,110714.73
2021-02-25,0.74406,0.74642,0.73541,0.73614,137834.6
2021-02-26,0.73616,0.73739,0.72223,0.72304,183864.56
2021-02-28,0.72366,0.72761,0.72302,0.72696,4101.32
2021-03-01,0.72695,0.72925,0.72249,0.72734,113856.52
2021-03-02,0.72734,0.73068,0.72088,0.72914,122828.38
2021-03-03,0.72915,0.73042,0.72266,0.72269,110072.74
2021-03-04,0.7227,0.72724,0.71719,0.71764,130203.2
2021-03-05,0.71762,0.71848,0.70984,0.71588,139501.47
2021-03-07,0.71602,0.7191,0.71602,0.71769,3856.53
2021-03-08,0.71767,0.71879,0.71041,0.71316,106013.39
2021-03-09,0.71315,0.71822,0.71026,0.71781,102051.72
2021-03-10,0.71781,0.71992,0.7131,0.71925,96419.42
2021-03-11,0.71927,0.72404,0.7185,0.72245,97274.64
2021-03-12,0.72244,0.72322,0.71503,0.71709,92991.07
2021-03-14,0.71716,0.71878,0.71634,0.71863,2937.25
2021-03-15,0.71862,0.72159,0.71671,0.72011,76019.42
2021-03-16,0.72011,0.7205,0.71671,0.71924,64980.15
2021-03-17,0.71922,0.72639,0.71529,0.72516,84545.84
2021-03-18,0.72517,0.72692,0.71592,0.71659,106403.52
2021-03-19,0.71658,0.71875,0.71421,0.71585,86281.35
2021-03-21,0.71395,0.71564,0.71395,0.71512,2291.53
2021-03-22,0.71512,0.71824,0.71227,0.71311,56034.39
2021-03-23,0.71311,0.71335,0.69855,0.69919,69259.21
2021-03-24,0.69922,0.70009,0.69553,0.69679,52206.73
2021-03-25,0.69681,0.69859,0.69427,0.69647,59990.58
2021-03-26,0.6965,0.70015,0.69609,0.69953,49161.03
2021-03-28,0.69926,0.6995,0.69896,0.69927,1724.92
2021-03-29,0.69927,0.70175,0.69712,0.70084,46396.22
2021-03-30,0.70085,0.70331,0.69725,0.69907,49672.66
2021-03-31,0.69908,0.70252,0.69629,0.6982,40590.66
2021-04-01,0.69823,0.70263,0.69448,0.70217,48366.53
2021-04-02,0.70217,0.7047,0.70125,0.70153,21332.47
2021-04-04,0.7022,0.70308,0.70147,0.70296,2554.52
2021-04-05,0.70294,0.70692,0.70155,0.70653,28740.58
2021-04-06,0.70652,0.7069,0.70075,0.70623,47569.72
2021-04-07,0.70623,0.70683,0.69967,0.7012,55013.0
2021-04-08,0.70121,0.70634,0.70039,0.706,56511.94
2021-04-09,0.706,0.70653,0.7009,0.70293,59897.2
2021-04-11,0.70275,0.70426,0.7023,0.70361,2282.25
2021-04-12,0.70362,0.7049,0.70134,0.70306,61180.23
2021-04-13,0.70308,0.7066,0.70035,0.70599,61764.55
2021-04-14,0.70598,0.71499,0.70468,0.71385,66227.46
2021-04-15,0.71385,0.71801,0.71376,0.71743,59689.4
2021-04-16,0.71742,0.71778,0.71315,0.71418,49854.92
2021-04-18,0.71252,0.71351,0.7124,0.71255,2227.32
2021-04-19,0.71255,0.71978,0.71215,0.71888,63014.63
2021-04-20,0.71888,0.72295,0.71622,0.71641,65513.03
2021-04-21,0.71643,0.7218,0.7162,0.72027,53264.08
2021-04-22,0.72027,0.72133,0.71455,0.71535,65671.67
2021-04-23,0.71538,0.7203,0.71524,0.71934,47256.42
2021-04-25,0.71862,0.71982,0.71862,0.71905,1468.42
2021-04-26,0.71908,0.72429,0.71892,0.72289,51929.66
2021-04-27,0.72288,0.72365,0.71989,0.72026,50932.95
2021-04-28,0.72029,0.727,0.7188,0.7269,53742.8
2021-04-29,0.7269,0.72862,0.72221,0.72461,67829.48
2021-04-30,0.7246,0.72542,0.71502,0.71566,53332.07
2021-05-02,0.71743,0.71754,0.71597,0.71685,1928.78
2021-05-03,0.71686,0.72122,0.71551,0.71963,44826.94
2021-05-04,0.71963,0.71986,0.7115,0.71608,72769.53
2021-05-05,0.71605,0.72229,0.71489,0.72179,56655.52
2021-05-06,0.72179,0.72385,0.71841,0.72313,68526.84
2021-05-07,0.72313,0.72992,0.72047,0.72802,76986.95
2021-05-09,0.72832,0.72977,0.72759,0.72942,2184.3
2021-05-10,0.72941,0.73046,0.72587,0.72702,60874.23
2021-05-11,0.72704,0.72892,0.72513,0.72613,75379.89
2021-05-12,0.72615,0.72665,0.7151,0.71629,87039.02
2021-05-13,0.71627,0.71939,0.71344,0.71804,88012.9
2021-05-14,0.71804,0.72542,0.71685,0.72453,59424.55
2021-05-16,0.72332,0.72498,0.72277,0.72425,1373.36
2021-05-17,0.72425,0.72428,0.71809,0.72177,56887.23
2021-05-18,0.72176,0.72706,0.72144,0.72364,51197.16
2021-05-19,0.72366,0.7247,0.7151,0.71606,89175.13
2021-05-20,0.71606,0.72163,0.71561,0.71954,55630.31
2021-05-21,0.71955,0.72221,0.71537,0.71643,62150.41
2021-05-23,0.71647,0.71798,0.71615,0.71708,2152.51
2021-05-24,0.71704,0.72195,0.71577,0.72131,62819.54
2021-05-25,0.72131,0.72496,0.72079,0.72234,68637.53
2021-05-26,0.72233,0.73159,0.72226,0.72766,75619.48
2021-05-27,0.72766,0.73107,0.72655,0.72827,67174.21
2021-05-28,0.72829,0.72843,0.72123,0.72429,68007.81
2021-05-30,0.72547,0.72569,0.72408,0.72414,1506.91
2021-05-31,0.72416,0.72832,0.7231,0.7276,40063.39
2021-06-01,0.72758,0.72877,0.7246,0.72517,57779.53
2021-06-02,0.72518,0.72719,0.72084,0.72321,54239.29
2021-06-03,0.72322,0.72413,0.71252,0.71457,69073.62
2021-06-04,0.71461,0.72154,0.7132,0.72083,61995.07
2021-06-06,0.72084,0.72132,0.71807,0.72082,2753.14
2021-06-07,0.7208,0.72422,0.7191,0.7224,45008.26
2021-06-08,0.72241,0.72324,0.7187,0.71887,57380.05
2021-06-09,0.7189,0.72138,0.7167,0.71708,48227.08
2021-06-10,0.71709,0.72123,0.71647,0.71888,63536.59
2021-06-11,0.71889,0.721,0.71155,0.71211,52819.88
2021-06-13,0.71321,0.71399,0.7126,0.71375,2974.69
2021-06-14,0.71376,0.71523,0.71255,0.71423,57386.31
2021-06-15,0.71426,0.71604,0.71045,0.71209,66236.75
2021-06-16,0.7121,0.71542,0.70419,0.70697,81752.59
2021-06-17,0.70698,0.7102,0.69914,0.70139,91192.73
2021-06-18,0.70139,0.70155,0.69224,0.69255,87021.58
2021-06-20,0.69341,0.69515,0.69313,0.69476,2791.46
2021-06-21,0.69474,0.69988,0.69423,0.69848,79340.35
2021-06-22,0.69848,0.70355,0.69631,0.7016,62804.46
2021-06-23,0.70157,0.70687,0.69949,0.70441,52413.4
2021-06-24,0.70442,0.70729,0.70411,0.70617,56894.82
2021-06-25,0.70616,0.70948,0.70555,0.70622,45476.43
2021-06-27,0.70676,0.70732,0.7051,0.70682,2945.46
2021-06-28,0.70683,0.70859,0.70323,0.70478,62167.22
2021-06-29,0.70479,0.70508,0.69788,0.69885,64587.65
2021-06-30,0.69886,0.70059,0.69644,0.69954,59010.55
2021-07-01,0.69953,0.70096,0.69612,0.69624,56747.16
2021-07-02,0.69623,0.70366,0.69467,0.70284,61142.57
2021-07-04,0.70194,0.70339,0.70168,0.70244,1763.48
2021-07-05,0.70242,0.70651,0.70105,0.70506,59906.92
2021-07-06,0.70506,0.71049,0.69876,0.70161,73115.88
2021-07-07,0.7016,0.70606,0.6989,0.7012,71539.53
2021-07-08,0.70122,0.70128,0.69341,0.69475,105294.34
2021-07-09,0.69476,0.70035,0.69226,0.69979,78068.54
2021-07-11,0.69849,0.70081,0.69816,0.70044,2401.15
2021-07-12,0.70044,0.70049,0.69477,0.6985,64407.12
2021-07-13,0.69853,0.70091,0.69169,0.69425,79667.75
2021-07-14,0.6942,0.70439,0.69384,0.7037,97174.65
2021-07-15,0.70369,0.70396,0.69647,0.70104,82837.37
2021-07-16,0.70103,0.70286,0.69898,0.69948,65105.0
2021-07-18,0.70005,0.70032,0.69915,0.69933,2652.8
2021-07-19,0.69933,0.69973,0.69155,0.69275,101752.32
2021-07-20,0.69276,0.69535,0.68804,0.69222,74673.09
2021-07-21,0.69222,0.69767,0.68936,0.69586,65240.29
2021-07-22,0.69586,0.69857,0.69462,0.69794,68131.71
2021-07-23,0.69794,0.69921,0.69598,0.69756,48739.13
2021-07-25,0.69698,0.69851,0.6964,0.69819,1657.4
2021-07-26,0.6982,0.70094,0.6947,0.70001,58946.1
2021-07-27,0.7,0.70054,0.69391,0.69619,73596.59
2021-07-28,0.6962,0.69691,0.69008,0.69591,94079.05
2021-07-29,0.69592,0.70191,0.69479,0.70095,71484.37
2021-07-30,0.70094,0.70208,0.69586,0.69645,67397.99
2021-08-01,0.69611,0.69777,0.69584,0.69731,1416.47
2021-08-02,0.69733,0.69928,0.69521,0.69858,61415.59
2021-08-03,0.69855,0.70505,0.69823,0.70444,69217.32
2021-08-04,0.70444,0.70882,0.7035,0.70426,59091.33
2021-08-05,0.70427,0.70733,0.70363,0.7047,52345.81
2021-08-06,0.70472,0.70624,0.70009,0.70065,50613.36
2021-08-08,0.70027,0.70116,0.69804,0.69905,3747.55
2021-08-09,0.69907,0.70255,0.69844,0.69912,50553.04
2021-08-10,0.69912,0.7013,0.69682,0.70049,49187.46
2021-08-11,0.70051,0.70614,0.69909,0.70405,56124.95
2021-08-12,0.70403,0.70466,0.69953,0.70035,44889.12
2021-08-13,0.70036,0.70472,0.6994,0.70361,36420.38
2021-08-15,0.70417,0.70436,0.70371,0.70383,3155.21
2021-08-16,0.70381,0.70426,0.70104,0.70273,47025.97
2021-08-17,0.70275,0.70286,0.68998,0.69265,70691.33
2021-08-18,0.69266,0.69511,0.68683,0.68731,71210.6
2021-08-19,0.68731,0.68739,0.68082,0.68189,94625.49
2021-08-20,0.6819,0.68423,0.68046,0.68285,55611.86
2021-08-22,0.68206,0.68374,0.68206,0.68294,2994.06
2021-08-23,0.68295,0.69041,0.68289,0.68926,58376.82
2021-08-24,0.68925,0.69655,0.68785,0.69367,57376.74
2021-08-25,0.69366,0.69825,0.69293,0.6971,62027.3
2021-08-26,0.6971,0.69762,0.69398,0.69439,52076.65
2021-08-27,0.6944,0.70184,0.69325,0.70066,55452.95
2021-08-29,0.69991,0.7014,0.69963,0.7011,2461.89
2021-08-30,0.70107,0.70145,0.69861,0.69967,41244.16
2021-08-31,0.69966,0.70683,0.69958,0.70504,68770.3
2021-09-01,0.70511,0.7077,0.70341,0.70642,56542.78
2021-09-02,0.70642,0.71192,0.70566,0.71077,54313.94
2021-09-03,0.71077,0.71698,0.71058,0.71473,64712.61
2021-09-05,0.71525,0.71579,0.71472,0.71491,5425.61
2021-09-06,0.71494,0.71508,0.71266,0.7135,64857.87
2021-09-07,0.71352,0.71525,0.70863,0.70961,70219.27
2021-09-08,0.70971,0.71144,0.70754,0.70969,82471.02
2021-09-09,0.70969,0.71335,0.70818,0.71033,115333.45
2021-09-10,0.71037,0.7156,0.70894,0.71071,96263.88
2021-09-12,0.71101,0.71201,0.711,0.7115,3941.37
2021-09-13,0.71149,0.71254,0.7097,0.7113,86507.52
2021-09-14,0.71129,0.71505,0.70824,0.70934,95317.52
2021-09-15,0.70936,0.71384,0.70729,0.71306,57012.01
2021-09-16,0.71304,0.71304,0.70589,0.70696,63482.05
2021-09-17,0.70694,0.70867,0.70253,0.70297,67972.7
2021-09-19,0.70322,0.7039,0.70232,0.70323,2577.86
2021-09-20,0.70323,0.70421,0.70051,0.70165,106997.01
2021-09-21,0.70164,0.70558,0.6993,0.69965,81323.55
2021-09-22,0.69963,0.70556,0.69858,0.69894,89559.92
2021-09-23,0.69896,0.70928,0.69814,0.70638,80095.69
2021-09-24,0.70636,0.70801,0.69964,0.70047,64462.29
2021-09-26,0.70025,0.70178,0.69976,0.70149,3320.5
2021-09-27,0.70154,0.70328,0.69897,0.7006,82812.56
2021-09-28,0.7006,0.70265,0.69425,0.69586,106937.67
2021-09-29,0.69586,0.69604,0.6859,0.68707,95394.07
2021-09-30,0.68708,0.69212,0.68594,0.68954,105067.91
2021-10-01,0.68955,0.69503,0.68762,0.69371,108586.46
2021-10-03,0.69355,0.69523,0.69294,0.69403,5322.62
2021-10-04,0.69403,0.69815,0.6926,0.69605,85072.55
2021-10-05,0.69605,0.69757,0.69273,0.69549,74238.0
2021-10-06,0.6955,0.69792,0.68758,0.69158,104394.82
2021-10-07,0.6916,0.69434,0.69083,0.69367,70851.27
2021-10-08,0.69367,0.69598,0.6908,0.69272,78586.38
2021-10-10,0.69185,0.69256,0.6914,0.69202,3576.79
2021-10-11,0.692,0.69641,0.69189,0.69416,64858.6
2021-10-12,0.69416,0.69692,0.69216,0.69227,77595.21
2021-10-13,0.69231,0.69715,0.69112,0.69712,85053.65
2021-10-14,0.69709,0.70414,0.69676,0.70343,76905.48
2021-10-15,0.70341,0.70769,0.7028,0.70676,70537.33
2021-10-17,0.70652,0.7105,0.70591,0.7083,8492.78
2021-10-18,0.70833,0.70905,0.70489,0.70905,70528.9
2021-10-19,0.70905,0.7172,0.70898,0.71542,82026.56
2021-10-20,0.71541,0.7208,0.71496,0.71976,75780.94
2021-10-21,0.71975,0.72181,0.71405,0.71546,91115.73
2021-10-22,0.7155,0.71886,0.71311,0.71511,103835.85
2021-10-24,0.71408,0.71531,0.71368,0.7149,2857.96
2021-10-25,0.71489,0.71776,0.71297,0.71649,79647.63
2021-10-26,0.71649,0.71934,0.71503,0.71666,80391.09
2021-10-27,0.71669,0.71887,0.7131,0.71619,93198.25
2021-10-28,0.7162,0.72168,0.71512,0.71936,103104.87
2021-10-29,0.71938,0.71962,0.71354,0.71633,93811.86
2021-10-31,0.71562,0.71758,0.71479,0.71749,2841.17
2021-11-01,0.71754,0.71973,0.71605,0.71778,74528.41
2021-11-02,0.71779,0.71855,0.70924,0.71248,86350.35
2021-11-03,0.71245,0.71755,0.71126,0.71749,96261.58
2021-11-04,0.7175,0.71783,0.70945,0.71082,93048.63
2021-11-05,0.71082,0.71268,0.70719,0.71144,85649.72
2021-11-07,0.71049,0.71168,0.71049,0.71075,3192.91
2021-11-08,0.71077,0.71767,0.71033,0.71615,67210.48
2021-11-09,0.71616,0.71737,0.7109,0.71229,75033.22
2021-11-10,0.71234,0.7132,0.70546,0.70653,87347.93
2021-11-11,0.70649,0.70708,0.70121,0.70189,72773.07
2021-11-12,0.70188,0.70472,0.69964,0.70388,66096.47
2021-11-14,0.70343,0.7046,0.70291,0.70417,1884.49
2021-11-15,0.70414,0.70799,0.70316,0.7042,59047.85
2021-11-16,0.70421,0.70637,0.69844,0.6989,81021.17
2021-11-17,0.69889,0.702,0.69795,0.70023,79717.12
2021-11-18,0.70021,0.70522,0.69939,0.70405,82315.41
2021-11-19,0.70406,0.70455,0.69907,0.69907,92736.15
2021-11-21,0.70058,0.70059,0.6988,0.69892,2031.34
2021-11-22,0.6989,0.70133,0.69474,0.6948,93633.2
2021-11-23,0.69481,0.6959,0.69154,0.69513,93649.88
2021-11-24,0.69516,0.69558,0.68554,0.68735,89872.66
2021-11-25,0.68736,0.68933,0.68397,0.68429,59696.19
2021-11-26,0.68431,0.68503,0.68036,0.68142,121167.77
2021-11-28,0.68306,0.68328,0.68054,0.68241,4253.99
2021-11-29,0.6824,0.68385,0.67874,0.68296,82212.46
2021-11-30,0.68297,0.68558,0.6772,0.68232,168565.54
2021-12-01,0.68232,0.68674,0.68006,0.68124,108435.62
2021-12-02,0.68124,0.68306,0.67987,0.68107,96950.72
2021-12-03,0.68106,0.68172,0.67405,0.67423,95140.17
2021-12-05,0.67496,0.67581,0.67445,0.67558,3626.13
2021-12-06,0.67559,0.67635,0.67395,0.67478,66431.11
2021-12-07,0.6748,0.67923,0.6736,0.67853,69342.97
2021-12-08,0.67853,0.68184,0.67661,0.68067,84580.26
2021-12-09,0.68068,0.68226,0.67803,0.6794,61782.69
2021-12-10,0.67946,0.68066,0.67691,0.67897,72022.69
2021-12-12,0.67949,0.67993,0.67896,0.67946,2480.46
2021-12-13,0.67945,0.6801,0.67454,0.67504,59835.61
2021-12-14,0.67511,0.677,0.67323,0.67345,65013.19
2021-12-15,0.67344,0.67895,0.67008,0.67766,96725.62
2021-12-16,0.67764,0.68334,0.67567,0.67949,88909.86
2021-12-17,0.67953,0.67993,0.67285,0.67295,78128.42
2021-12-19,0.67422,0.67427,0.67253,0.673,3825.51
2021-12-20,0.673,0.67398,0.67018,0.67115,85358.54
2021-12-21,0.67117,0.67732,0.67027,0.67645,63455.98
2021-12-22,0.67643,0.68215,0.67396,0.68042,59007.47
2021-12-23,0.68041,0.68414,0.67949,0.68091,57278.71
2021-12-24,0.68091,0.68322,0.67991,0.67991,168429.73
2021-12-26,0.68076,0.68167,0.67951,0.68129,1602.08
2021-12-27,0.68131,0.68249,0.67884,0.68148,38878.02
2021-12-28,0.68148,0.68281,0.67883,0.68043,55465.05
2021-12-29,0.68042,0.68419,0.67883,0.68382,61195.83
2021-12-30,0.68381,0.68564,0.68155,0.68288,54623.4
2021-12-31,0.68284,0.68515,0.682,0.68366,63791.44
2022-01-02,0.68176,0.68454,0.68156,0.68386,1237.09
2022-01-03,0.68384,0.68561,0.67741,0.6788,54312.49
2022-01-04,0.67877,0.68239,0.67644,0.68118,58032.6
2022-01-05,0.6812,0.68368,0.67876,0.67915,77779.12
2022-01-06,0.67915,0.67937,0.67327,0.6739,82032.65
2022-01-07,0.67389,0.67828,0.67347,0.67726,64248.04
2022-01-09,0.67722,0.67785,0.67571,0.67745,4368.02
2022-01-10,0.67744,0.67827,0.67354,0.6765,86160.88
2022-01-11,0.6765,0.67904,0.67394,0.67825,77652.12
2022-01-12,0.67823,0.6857,0.67729,0.68455,75900.35
2022-01-13,0.68454,0.68902,0.6842,0.68605,74864.6
2022-01-14,0.68605,0.68732,0.67917,0.68025,82801.12
2022-01-16,0.68063,0.68102,0.67975,0.68066,2297.77
2022-01-17,0.68066,0.68179,0.67868,0.67954,56958.39
2022-01-18,0.67954,0.68075,0.67521,0.677,95707.16
2022-01-19,0.67701,0.68112,0.67641,0.67791,93529.09
2022-01-20,0.6779,0.68053,0.67442,0.67493,93222.46
2022-01-21,0.67497,0.67532,0.67073,0.67109,117235.95
2022-01-23,0.67133,0.67216,0.67046,0.6721,5493.61
2022-01-24,0.6721,0.67273,0.66597,0.6703,143648.01
2022-01-25,0.67032,0.67099,0.66597,0.66894,145162.26
2022-01-26,0.66893,0.67018,0.66378,0.66597,142544.07
2022-01-27,0.66597,0.66599,0.65696,0.65832,173057.22
2022-01-28,0.65834,0.65886,0.65289,0.65366,147104.76
2022-01-30,0.65376,0.65624,0.65376,0.65505,3208.02
2022-01-31,0.65505,0.65966,0.65419,0.65765,124304.14
2022-02-01,0.65765,0.6647,0.65656,0.66358,135396.96
2022-02-02,0.66357,0.66617,0.6609,0.66106,96898.42
2022-02-03,0.66104,0.66807,0.66104,0.6665,129404.07
2022-02-04,0.66651,0.6683,0.65894,0.66123,133436.32
2022-02-06,0.66022,0.66256,0.65985,0.66182,2703.09
2022-02-07,0.66183,0.66411,0.66027,0.66363,123933.59
2022-02-08,0.66362,0.66535,0.66265,0.66484,97691.86
2022-02-09,0.66482,0.66974,0.66406,0.6678,82772.24
2022-02-10,0.6678,0.67325,0.66528,0.66648,151838.75
2022-02-11,0.6665,0.66932,0.66266,0.6638,174152.78
2022-02-13,0.66405,0.66496,0.66331,0.66452,5661.27
2022-02-14,0.66452,0.66476,0.65921,0.66165,159878.71
2022-02-15,0.66164,0.66478,0.66017,0.66384,124146.94
2022-02-16,0.66383,0.66909,0.66326,0.66792,115283.58
2022-02-17,0.66791,0.67172,0.66581,0.6689,139641.91
2022-02-18,0.6689,0.67291,0.66865,0.66871,118081.79
2022-02-20,0.66863,0.6694,0.66856,0.66882,3911.76
2022-02-21,0.66881,0.67332,0.66799,0.66944,109363.7
2022-02-22,0.66948,0.67544,0.66912,0.67404,153987.37
2022-02-23,0.67403,0.6809,0.67338,0.67694,124874.53
2022-02-24,0.67694,0.67724,0.66301,0.66874,275035.13
2022-02-25,0.66877,0.67508,0.66857,0.67431,172352.84
2022-02-27,0.66727,0.66973,0.66726,0.66912,9948.14
2022-02-28,0.66912,0.67764,0.66752,0.67656,181406.58
2022-03-01,0.67658,0.67902,0.67405,0.6766,157832.06
2022-03-02,0.67665,0.67994,0.67439,0.67814,165802.24
2022-03-03,0.67816,0.68092,0.67612,0.68085,130276.44
2022-03-04,0.68082,0.68717,0.67673,0.68571,158891.56
2022-03-06,0.68416,0.68792,0.68382,0.68727,6772.1
2022-03-07,0.68728,0.69252,0.6819,0.6836,190688.69
2022-03-08,0.68364,0.685,0.67982,0.68028,215908.08
2022-03-09,0.6803,0.6852,0.67959,0.68368,138050.95
2022-03-10,0.68368,0.68745,0.68104,0.68729,145529.55
2022-03-11,0.68728,0.68739,0.67974,0.67974,122783.26
2022-03-13,0.6805,0.68141,0.67954,0.68112,5594.93
2022-03-14,0.68115,0.68132,0.67424,0.67477,130902.65
2022-03-15,0.67476,0.67919,0.6728,0.67593,118465.51
2022-03-16,0.67593,0.68442,0.67412,0.68293,144006.25
2022-03-17,0.68293,0.68988,0.68229,0.68911,120040.89
2022-03-18,0.68911,0.69129,0.6866,0.69035,109680.48
2022-03-20,0.68954,0.69048,0.68799,0.68972,4984.88
2022-03-21,0.68973,0.69227,0.68726,0.68782,103517.89
2022-03-22,0.68781,0.69734,0.68636,0.6963,94288.02
2022-03-23,0.69629,0.69883,0.6935,0.69747,94647.94
2022-03-24,0.69746,0.69772,0.69399,0.69633,120986.78
2022-03-25,0.69632,0.69868,0.69437,0.6957,104245.57
2022-03-27,0.69424,0.69592,0.69337,0.6956,3440.17
2022-03-28,0.69558,0.69631,0.68874,0.69042,110146.85
2022-03-29,0.69041,0.69478,0.68756,0.69415,124347.55
2022-03-30,0.69415,0.69981,0.69364,0.69692,104957.2
2022-03-31,0.69691,0.69772,0.69256,0.69304,98363.94
2022-04-01,0.69304,0.69477,0.68956,0.69179,94264.19
2022-04-03,0.69057,0.69211,0.69037,0.6906,2697.39
2022-04-04,0.69062,0.69677,0.69045,0.69451,82261.3
2022-04-05,0.69451,0.70336,0.69208,0.69463,107144.06
2022-04-06,0.69462,0.69668,0.68962,0.69101,123371.75
2022-04-07,0.691,0.69194,0.68806,0.68833,90718.47
2022-04-08,0.68832,0.68913,0.68216,0.68503,74112.32
2022-04-10,0.68361,0.6855,0.68318,0.68318,4923.42
2022-04-11,0.6832,0.68521,0.6813,0.68172,91005.97
2022-04-12,0.68169,0.68892,0.68057,0.68555,101119.62
2022-04-13,0.68553,0.6901,0.67537,0.67991,119544.5
2022-04-14,0.67991,0.6834,0.67671,0.67749,112096.5
2022-04-15,0.67749,0.67861,0.67536,0.67603,168808.36
2022-04-17,0.67654,0.6776,0.67585,0.67599,3813.57
2022-04-18,0.67596,0.67603,0.67148,0.67339,73213.88
2022-04-19,0.67339,0.67637,0.67193,0.67449,108261.53
2022-04-20,0.67449,0.6813,0.67347,0.67816,118924.68
2022-04-21,0.67816,0.68037,0.67213,0.67214,116718.56
2022-04-22,0.67213,0.67266,0.66252,0.66317,136236.24
2022-04-24,0.66276,0.66394,0.66203,0.66216,5630.97
2022-04-25,0.66215,0.66336,0.65816,0.66159,148838.74
2022-04-26,0.66158,0.66449,0.65587,0.65735,121963.47
2022-04-27,0.65736,0.65905,0.65274,0.65396,144906.43
2022-04-28,0.65395,0.65399,0.64512,0.64926,135223.63
2022-04-29,0.64927,0.65426,0.64494,0.64494,119982.91
2022-05-01,0.6464,0.64684,0.64502,0.64535,8077.59
2022-05-02,0.64535,0.64734,0.64119,0.64425,100410.89
2022-05-03,0.64429,0.6475,0.64102,0.64315,107965.34
2022-05-04,0.64314,0.65556,0.64222,0.65486,126844.96
2022-05-05,0.65486,0.65678,0.63926,0.64289,153401.0
2022-05-06,0.64292,0.64574,0.63941,0.64018,177884.77
2022-05-08,0.63959,0.64112,0.63861,0.63868,11351.62
2022-05-09,0.63868,0.63893,0.63127,0.63186,165993.52
2022-05-10,0.63184,0.63474,0.62757,0.62869,195946.5
2022-05-11,0.62868,0.63795,0.62805,0.62831,189446.33
2022-05-12,0.62829,0.62969,0.62154,0.62436,210430.04
2022-05-13,0.62438,0.62891,0.62244,0.62848,134833.31
2022-05-15,0.62667,0.62902,0.626,0.62901,5386.47
2022-05-16,0.62898,0.632,0.62279,0.63103,157573.35
2022-05-17,0.63103,0.63751,0.63055,0.63591,146847.12
2022-05-18,0.63587,0.63696,0.62901,0.62915,128493.42
2022-05-19,0.62918,0.64167,0.62913,0.63804,180312.46
2022-05-20,0.63804,0.6414,0.63631,0.64048,142152.67
2022-05-22,0.63924,0.6425,0.63755,0.64196,5094.31
2022-05-23,0.64195,0.64912,0.64182,0.6445,138954.88
2022-05-24,0.64451,0.64659,0.64227,0.6446,149655.44
2022-05-25,0.6446,0.65138,0.64185,0.6479,193241.28
2022-05-26,0.64789,0.64998,0.64463,0.64799,142245.33
2022-05-27,0.64799,0.65493,0.6472,0.65328,109532.43
2022-05-29,0.65189,0.65348,0.65189,0.65319,5699.82
2022-05-30,0.65319,0.65603,0.65311,0.65556,96541.65
2022-05-31,0.65557,0.65635,0.64823,0.6518,153363.8
2022-06-01,0.65183,0.65397,0.64646,0.64782,134976.6
2022-06-02,0.64783,0.65643,0.64598,0.65584,112374.33
2022-06-03,0.65583,0.65758,0.65006,0.65028,105056.31
2022-06-05,0.6506,0.65136,0.65011,0.65055,3968.21
2022-06-06,0.65056,0.65362,0.64778,0.64826,95466.11
2022-06-07,0.64826,0.64985,0.64222,0.64797,131251.18
2022-06-08,0.64795,0.64853,0.64345,0.6442,116632.59
2022-06-09,0.64422,0.64606,0.63793,0.63846,127898.84
2022-06-10,0.63844,0.64345,0.6348,0.63502,153383.81
2022-06-12,0.6343,0.63497,0.63351,0.63362,8399.6
2022-06-13,0.63362,0.63482,0.62455,0.62722,188251.06
2022-06-14,0.62721,0.6293,0.61962,0.62241,196643.16
2022-06-15,0.62241,0.63124,0.62138,0.62901,213682.15
2022-06-16,0.629,0.63952,0.62326,0.63576,195542.31
2022-06-17,0.63577,0.63604,0.62688,0.63093,228741.07
2022-06-19,0.62947,0.63294,0.62935,0.63239,6905.1
2022-06-20,0.63239,0.63637,0.63048,0.63342,118477.53
2022-06-21,0.63341,0.63631,0.63122,0.63133,148077.52
2022-06-22,0.63142,0.63172,0.62435,0.62703,171355.94
2022-06-23,0.62701,0.63099,0.62472,0.62835,182022.89
2022-06-24,0.62834,0.6327,0.62758,0.63123,166635.57
2022-06-26,0.62969,0.63263,0.62968,0.63131,7092.61
2022-06-27,0.6313,0.63244,0.62815,0.62919,184534.75
2022-06-28,0.62919,0.63129,0.62342,0.62351,177865.84
2022-06-29,0.62349,0.62594,0.62045,0.62222,186474.33
2022-06-30,0.62221,0.6254,0.61977,0.62386,182686.59
2022-07-01,0.62384,0.62461,0.61473,0.62008,193370.4
2022-07-03,0.61793,0.62148,0.61793,0.6206,5747.93
2022-07-04,0.62055,0.62514,0.61902,0.62131,110501.63
2022-07-05,0.6213,0.6226,0.61241,0.61649,217669.89
2022-07-06,0.61648,0.61912,0.61313,0.61484,202584.8
2022-07-07,0.61483,0.61948,0.61397,0.61775,158566.48
2022-07-08,0.61777,0.62064,0.61313,0.61813,171063.15
2022-07-10,0.6166,0.6192,0.61651,0.61839,8108.37
2022-07-11,0.6184,0.61846,0.60966,0.61184,174331.87
2022-07-12,0.61183,0.61453,0.60997,0.61207,189054.86
2022-07-13,0.61205,0.61713,0.60805,0.61076,233086.41
2022-07-14,0.61076,0.61338,0.60601,0.61302,296326.27
2022-07-15,0.61302,0.61767,0.61173,0.61587,211364.91
2022-07-17,0.61464,0.61899,0.61447,0.61884,8599.76
2022-07-18,0.61882,0.62001,0.61442,0.6152,165972.21
2022-07-19,0.61521,0.62406,0.61405,0.62318,159285.78
2022-07-20,0.62321,0.62715,0.62166,0.62213,191048.91
2022-07-21,0.62212,0.62536,0.61842,0.62425,202721.83
2022-07-22,0.62425,0.63037,0.62109,0.62467,195634.94
2022-07-24,0.62404,0.6254,0.62315,0.62319,6278.47
2022-07-25,0.6232,0.62791,0.62137,0.62563,156542.29
2022-07-26,0.62565,0.62797,0.62229,0.62394,115912.06
2022-07-27,0.62393,0.62775,0.61909,0.62583,172692.89
2022-07-28,0.62586,0.62977,0.62503,0.6293,184219.46
2022-07-29,0.62931,0.63285,0.62172,0.62836,165963.1
2022-07-31,0.62588,0.62863,0.62588,0.6277,10589.9
2022-08-01,0.6277,0.6352,0.6277,0.63317,188748.42
2022-08-02,0.6332,0.63428,0.62188,0.62197,247333.25
2022-08-03,0.62194,0.62807,0.62121,0.62667,223349.25
2022-08-04,0.62666,0.63145,0.62652,0.62956,171404.51
2022-08-05,0.62955,0.63089,0.62118,0.62374,159495.08
2022-08-07,0.62415,0.62461,0.62338,0.62387,8966.12
2022-08-08,0.62389,0.63038,0.62295,0.62889,130380.26
2022-08-09,0.62892,0.63025,0.62696,0.62844,115229.78
2022-08-10,0.62842,0.64337,0.62746,0.64045,166007.91
2022-08-11,0.64045,0.64622,0.63837,0.64323,247879.13
2022-08-12,0.64322,0.6468,0.64219,0.64421,148553.8
2022-08-14,0.64409,0.64555,0.64376,0.64471,5431.72
2022-08-15,0.64473,0.64528,0.63551,0.63604,134149.39
2022-08-16,0.63605,0.63699,0.6316,0.63419,144062.7
2022-08-17,0.63409,0.63827,0.62577,0.62754,224011.81
2022-08-18,0.62756,0.63124,0.62366,0.6242,164025.45
2022-08-19,0.6242,0.62476,0.61651,0.61674,150658.61
2022-08-21,0.61744,0.61811,0.61665,0.61735,10299.35
2022-08-22,0.61737,0.62142,0.61565,0.61753,178217.53
2022-08-23,0.61754,0.62441,0.6159,0.62054,254107.59
2022-08-24,0.62053,0.6209,0.61623,0.61794,167978.53
2022-08-25,0.61794,0.62506,0.61757,0.62147,163791.87
2022-08-26,0.62146,0.62318,0.61316,0.61332,183232.46
2022-08-28,0.61219,0.61324,0.6107,0.61071,7854.07
2022-08-29,0.6107,0.61668,0.61014,0.61568,212723.41
2022-08-30,0.61569,0.61938,0.61192,0.61287,213192.2
2022-08-31,0.61286,0.61541,0.61065,0.61096,241289.39
2022-09-01,0.61098,0.61159,0.606,0.60831,195294.27
2022-09-02,0.60829,0.61404,0.60497,0.61014,186379.43
2022-09-04,0.60782,0.60922,0.60747,0.60832,9656.84
2022-09-05,0.60832,0.61076,0.60673,0.61034,118424.7
2022-09-06,0.61034,0.6128,0.60293,0.60318,224268.43
2022-09-07,0.60318,0.60784,0.59959,0.60621,197407.8
2022-09-08,0.60622,0.60771,0.60307,0.6069,195462.5
2022-09-09,0.6069,0.61518,0.60663,0.61017,158026.85
2022-09-11,0.60843,0.61165,0.608,0.61113,7539.2
2022-09-12,0.61113,0.61571,0.60966,0.61448,178903.8
2022-09-13,0.61447,0.61607,0.5986,0.60011,181415.34
2022-09-14,0.60011,0.60251,0.59758,0.60168,193694.77
2022-09-15,0.60165,0.60199,0.59545,0.59555,149151.56
2022-09-16,0.59553,0.59969,0.594,0.59969,155936.92
2022-09-18,0.59865,0.60014,0.59776,0.59936,9652.94
2022-09-19,0.59936,0.59993,0.59286,0.59636,150444.12
2022-09-20,0.59636,0.5975,0.58847,0.59025,149916.92
2022-09-21,0.59024,0.59105,0.58269,0.58291,244881.55
2022-09-22,0.58293,0.58872,0.58034,0.58453,320492.86
2022-09-23,0.58453,0.58557,0.57293,0.57389,237892.2
2022-09-25,0.57469,0.57501,0.5728,0.57393,20307.67
2022-09-26,0.57393,0.57544,0.56244,0.56639,351882.95
2022-09-27,0.56639,0.57212,0.5619,0.56294,268416.63
2022-09-28,0.56295,0.5733,0.55644,0.57143,395830.54
2022-09-29,0.57144,0.57501,0.56476,0.57403,309509.4
2022-09-30,0.57404,0.57419,0.55902,0.55934,337757.23
2022-10-02,0.55931,0.56244,0.55931,0.56192,14431.56
2022-10-03,0.56193,0.57303,0.56136,0.57194,260523.29
2022-10-04,0.57195,0.57578,0.56794,0.57358,252221.12
2022-10-05,0.57361,0.58048,0.56598,0.57754,247519.76
2022-10-06,0.57753,0.58132,0.56395,0.56595,271450.44
2022-10-07,0.56595,0.5673,0.55974,0.55974,233235.77
2022-10-09,0.55951,0.56068,0.55913,0.56059,12060.63
2022-10-10,0.56059,0.56288,0.55437,0.55719,233099.87
2022-10-11,0.5572,0.56562,0.55351,0.55817,292085.53
2022-10-12,0.55817,0.56318,0.55594,0.56089,318606.3
2022-10-13,0.56086,0.56541,0.55118,0.56346,242229.53
2022-10-14,0.56347,0.56811,0.55495,0.5558,279256.48
2022-10-16,0.55624,0.5576,0.55586,0.55747,12562.98
2022-10-17,0.55749,0.56641,0.55504,0.56557,182882.04
2022-10-18,0.56557,0.57189,0.56452,0.56923,215308.39
2022-10-19,0.56923,0.57068,0.56491,0.56608,163762.47
2022-10-20,0.56608,0.57413,0.56223,0.56676,218819.22
2022-10-21,0.56677,0.57701,0.55989,0.57593,265590.47
2022-10-23,0.57631,0.57916,0.57418,0.57603,42462.36
2022-10-24,0.57603,0.57669,0.56563,0.57027,264705.78
2022-10-25,0.57029,0.57792,0.56716,0.57405,220038.78
2022-10-26,0.57406,0.58447,0.57247,0.58405,250830.84
2022-10-27,0.58404,0.58697,0.57875,0.58267,255792.23
2022-10-28,0.58269,0.58728,0.57823,0.58116,203039.94
2022-10-30,0.57807,0.58087,0.57807,0.58003,14007.7
2022-10-31,0.58002,0.58347,0.57744,0.58238,148569.96
2022-11-01,0.58241,0.5902,0.58181,0.58459,213347.58
2022-11-02,0.58459,0.59413,0.58014,0.58118,195272.84
2022-11-03,0.58118,0.58379,0.57401,0.57671,203086.31
2022-11-04,0.57671,0.5936,0.57563,0.59271,236668.57
2022-11-06,0.58662,0.58944,0.58476,0.58925,9487.0
2022-11-07,0.58925,0.59451,0.58721,0.59381,181085.28
2022-11-08,0.59381,0.59993,0.58982,0.59615,159143.36
2022-11-09,0.59617,0.5962,0.58723,0.58844,200677.53
2022-11-10,0.58843,0.60397,0.584,0.60161,238148.83
2022-11-11,0.60164,0.61289,0.59839,0.61139,237138.39
2022-11-13,0.6088,0.61092,0.60624,0.61011,12285.33
2022-11-14,0.6101,0.6121,0.60609,0.60886,204530.23
2022-11-15,0.60886,0.62028,0.60846,0.61638,283200.65
2022-11-16,0.6164,0.61934,0.61281,0.61485,205046.62
2022-11-17,0.61486,0.61677,0.60637,0.6126,150661.62
2022-11-18,0.61259,0.62059,0.61259,0.6146,127794.96
2022-11-20,0.6153,0.61686,0.61395,0.61635,5511.71
2022-11-21,0.61635,0.61637,0.60867,0.60967,143815.61
2022-11-22,0.60967,0.61624,0.6095,0.61548,119104.09
2022-11-23,0.61548,0.62531,0.61318,0.62521,152117.7
2022-11-24,0.62524,0.62885,0.62366,0.62579,96336.27
2022-11-25,0.6258,0.62768,0.62182,0.62326,87361.11
2022-11-27,0.62156,0.6227,0.62126,0.62148,4637.04
2022-11-28,0.62149,0.62441,0.61554,0.61622,139424.24
2022-11-29,0.61622,0.62529,0.61608,0.61952,132830.56
2022-11-30,0.61954,0.63164,0.61895,0.63127,182602.74
2022-12-01,0.63126,0.63991,0.63057,0.63681,197897.81
2022-12-02,0.63681,0.64134,0.63275,0.64084,179831.87
2022-12-04,0.63748,0.64037,0.63676,0.64027,5228.53
2022-12-05,0.64027,0.64421,0.63017,0.6322,153789.11
2022-12-06,0.6322,0.63538,0.63028,0.63228,137834.35
2022-12-07,0.63228,0.63835,0.63089,0.63514,170169.74
2022-12-08,0.63515,0.63884,0.63259,0.63757,156267.41
2022-12-09,0.63756,0.64264,0.63559,0.64089,161578.35
2022-12-11,0.6397,0.64108,0.63894,0.63911,3721.63
2022-12-12,0.63908,0.64212,0.63646,0.63859,155690.01
2022-12-13,0.63859,0.65131,0.63727,0.64515,216679.34
2022-12-14,0.64516,0.64693,0.64007,0.64521,217859.98
2022-12-15,0.6452,0.64633,0.63188,0.63421,192018.49
2022-12-16,0.63423,0.63949,0.63411,0.63814,159801.7
2022-12-18,0.63786,0.63835,0.63695,0.63702,3875.47
2022-12-19,0.637,0.6409,0.63421,0.63606,144498.11
2022-12-20,0.63605,0.63953,0.63,0.63429,250709.84
2022-12-21,0.6343,0.63467,0.62765,0.62864,160752.62
2022-12-22,0.62863,0.633,0.62301,0.62494,166067.79
2022-12-23,0.62496,0.63041,0.6233,0.62808,182316.25
2022-12-25,0.62542,0.62679,0.62542,0.62629,23.4
2022-12-26,0.62627,0.63143,0.62419,0.63055,22263.57
2022-12-27,0.63054,0.63174,0.62676,0.62722,128518.53
2022-12-28,0.62722,0.63546,0.62572,0.6317,140035.69
2022-12-29,0.6317,0.63569,0.62979,0.63445,134984.19
2022-12-30,0.63446,0.63718,0.63094,0.63468,161149.8
2023-01-02,0.63346,0.63406,0.62993,0.63252,19356.71
2023-01-03,0.63252,0.63613,0.61995,0.62456,206777.17
2023-01-04,0.62455,0.63523,0.62445,0.62838,215501.77
2023-01-05,0.62837,0.63086,0.62106,0.62246,215295.19
2023-01-06,0.62246,0.63594,0.61908,0.63462,214394.46
2023-01-08,0.63277,0.63606,0.63265,0.63598,8362.62
2023-01-09,0.63598,0.64111,0.6343,0.6368,191538.96
2023-01-10,0.63679,0.6389,0.63419,0.63705,179058.38
2023-01-11,0.63705,0.63877,0.63341,0.63662,153676.53
2023-01-12,0.63662,0.64172,0.63047,0.63862,217522.57
2023-01-13,0.63862,0.64152,0.63346,0.6386,191347.29
2023-01-15,0.63765,0.63988,0.63671,0.63811,4686.66
2023-01-16,0.63811,0.6426,0.63606,0.63882,116530.04
2023-01-17,0.63883,0.64372,0.63659,0.64312,186692.78
2023-01-18,0.64311,0.65299,0.64174,0.64438,243690.49
2023-01-19,0.64439,0.64485,0.63647,0.6394,185145.3
2023-01-20,0.63941,0.64758,0.6391,0.64725,157662.91
2023-01-22,0.64647,0.64911,0.64432,0.64876,3453.97
2023-01-23,0.64878,0.64993,0.64372,0.64885,160308.02
2023-01-24,0.64887,0.65248,0.64631,0.64941,152002.68
2023-01-25,0.6494,0.64973,0.64489,0.64807,165174.5
2023-01-26,0.64808,0.65138,0.64565,0.64892,152063.42
2023-01-27,0.64892,0.65113,0.64606,0.64905,132865.95
2023-01-29,0.6484,0.64921,0.64801,0.64911,4271.84
2023-01-30,0.64912,0.65078,0.64611,0.64675,141913.05
2023-01-31,0.64675,0.64787,0.64126,0.64364,166075.72
2023-02-01,0.64366,0.65243,0.64165,0.65149,188493.68
2023-02-02,0.65149,0.65375,0.64525,0.6474,198042.68
2023-02-03,0.6474,0.64808,0.63224,0.63242,194654.98
2023-02-05,0.63051,0.63329,0.63017,0.63246,6825.38
2023-02-06,0.63247,0.63342,0.62696,0.63073,157687.26
2023-02-07,0.63075,0.63589,0.62723,0.63213,221357.6
2023-02-08,0.63213,0.63478,0.62963,0.6313,158854.89
2023-02-09,0.6313,0.6389,0.63023,0.63254,145623.5
2023-02-10,0.63255,0.63459,0.6298,0.63042,160359.84
2023-02-12,0.63114,0.63146,0.63048,0.63107,3418.65
2023-02-13,0.63108,0.63652,0.62887,0.63594,110207.99
2023-02-14,0.63594,0.63899,0.6296,0.63339,208301.88
2023-02-15,0.63339,0.63341,0.62517,0.6278,160509.58
2023-02-16,0.62779,0.63088,0.6232,0.62441,181418.11
2023-02-17,0.62442,0.6249,0.61934,0.62419,156716.87
2023-02-19,0.6234,0.62419,0.62309,0.62347,3290.92
2023-02-20,0.62349,0.62619,0.62211,0.62562,90137.67
2023-02-21,0.62561,0.62607,0.62022,0.62158,167057.26
2023-02-22,0.62159,0.62512,0.62027,0.62227,163573.46
2023-02-23,0.62227,0.62505,0.62027,0.62296,156873.07
2023-02-24,0.62297,0.62435,0.61509,0.61629,154369.24
2023-02-26,0.61553,0.6168,0.61553,0.61633,3921.46
2023-02-27,0.61634,0.61796,0.61305,0.61632,125350.91
2023-02-28,0.61632,0.62077,0.61323,0.61857,130943.52
2023-03-01,0.61857,0.62753,0.61653,0.6253,177785.58
2023-03-02,0.62532,0.62553,0.61984,0.62187,156557.89
2023-03-03,0.62187,0.6241,0.6192,0.62189,124742.19
2023-03-05,0.62112,0.62192,0.62069,0.62078,4087.59
2023-03-06,0.62078,0.62249,0.6172,0.61973,108654.66
2023-03-07,0.61974,0.62216,0.61017,0.61099,178019.18
2023-03-08,0.61101,0.61376,0.60838,0.61135,136767.06
2023-03-09,0.61133,0.61508,0.60904,0.61003,131269.45
2023-03-10,0.61003,0.61764,0.60917,0.613,252930.08
2023-03-12,0.61393,0.61723,0.61332,0.61588,18882.59
2023-03-13,0.61588,0.6264,0.61419,0.62131,338134.94
2023-03-14,0.62131,0.62473,0.6188,0.62286,255880.16
2023-03-15,0.62287,0.62643,0.61393,0.61605,283800.57
2023-03-16,0.61603,0.62052,0.61449,0.62031,215600.01
2023-03-17,0.62032,0.62766,0.61923,0.62631,162537.69
2023-03-19,0.62793,0.62812,0.62674,0.62718,19805.62
2023-03-20,0.62719,0.62791,0.62285,0.62408,167483.67
2023-03-21,0.62409,0.62454,0.61667,0.61922,127680.3
2023-03-22,0.6192,0.62822,0.6171,0.62291,152786.26
2023-03-23,0.62292,0.62941,0.62261,0.62456,154200.5
2023-03-24,0.62456,0.62484,0.61894,0.61996,142171.31
2023-03-26,0.61936,0.62106,0.61936,0.62097,6962.18
2023-03-27,0.62096,0.62113,0.61804,0.62019,113657.14
2023-03-28,0.62021,0.62545,0.62005,0.62527,99951.68
2023-03-29,0.62528,0.62703,0.62143,0.6218,103704.43
2023-03-30,0.62178,0.62697,0.6203,0.62685,95344.89
2023-03-31,0.62685,0.62972,0.62366,0.62476,103686.19
2023-04-02,0.62544,0.62545,0.62221,0.62235,8870.62
2023-04-03,0.62234,0.63073,0.62073,0.62991,120310.1
2023-04-04,0.6299,0.63162,0.62733,0.63156,125680.43
2023-04-05,0.63155,0.63805,0.62847,0.63168,126516.17
2023-04-06,0.63168,0.63204,0.6225,0.62445,90698.33
2023-04-07,0.62444,0.62697,0.62086,0.6235,52605.21
2023-04-09,0.62406,0.62554,0.62406,0.62537,5075.33
2023-04-10,0.62536,0.6256,0.61932,0.62261,76142.0
2023-04-11,0.6226,0.62335,0.61837,0.61934,90759.54
2023-04-12,0.61933,0.62417,0.61817,0.62171,113194.95
2023-04-13,0.62171,0.63144,0.62028,0.63023,99210.66
2023-04-14,0.63022,0.63143,0.61946,0.62038,110409.06
2023-04-16,0.61994,0.62102,0.6198,0.62011,3152.75
2023-04-17,0.62011,0.62104,0.61607,0.61807,90352.16
2023-04-18,0.61809,0.62243,0.6179,0.62136,86162.84
2023-04-19,0.62136,0.62255,0.61551,0.61617,85986.22
2023-04-20,0.61618,0.62028,0.61488,0.6178,67993.56
2023-04-21,0.61779,0.61781,0.6126,0.61344,60499.45
2023-04-23,0.61344,0.61453,0.61343,0.61407,2150.19
2023-04-24,0.61405,0.61753,0.6125,0.61747,60525.0
2023-04-25,0.61747,0.6187,0.61321,0.61461,69454.43
2023-04-26,0.61459,0.61484,0.61112,0.61195,81699.78
2023-04-27,0.61195,0.61608,0.61142,0.61449,78657.55
2023-04-28,0.6145,0.6187,0.61233,0.61768,88244.47
2023-04-30,0.61687,0.61855,0.61668,0.61704,4109.48
2023-05-01,0.61705,0.61991,0.61608,0.61634,62108.16
2023-05-02,0.61633,0.623,0.61626,0.62241,83021.01
2023-05-03,0.62242,0.62602,0.62064,0.62078,92394.49
2023-05-04,0.62079,0.62979,0.62067,0.62897,103033.95
2023-05-05,0.62898,0.63157,0.62629,0.62874,75782.64
2023-05-07,0.62846,0.6303,0.62846,0.62979,2974.24
2023-05-08,0.6298,0.6359,0.6294,0.63361,55727.76
2023-05-09,0.6336,0.63441,0.63179,0.63376,56284.74
2023-05-10,0.63378,0.63805,0.63238,0.63697,82831.6
2023-05-11,0.63696,0.63842,0.62886,0.62925,80276.61
2023-05-12,0.62923,0.62998,0.61819,0.61848,60657.56
2023-05-14,0.61865,0.61957,0.61861,0.61949,4697.87
2023-05-15,0.61947,0.62457,0.61862,0.62434,53769.02
2023-05-16,0.62434,0.62593,0.6223,0.62357,72532.96
2023-05-17,0.62356,0.62728,0.62278,0.62445,68634.59
2023-05-18,0.62445,0.62687,0.62034,0.62352,66460.87
2023-05-19,0.6235,0.63049,0.62287,0.62682,82153.67
2023-05-21,0.62568,0.62836,0.62529,0.62824,3165.0
2023-05-22,0.62826,0.62918,0.62614,0.62851,81081.89
2023-05-23,0.62851,0.63022,0.62278,0.62485,73790.99
2023-05-24,0.62483,0.62562,0.60925,0.61037,108429.93
2023-05-25,0.61036,0.61036,0.60436,0.60527,81118.83
2023-05-26,0.60526,0.60959,0.60327,0.60419,71901.35
2023-05-28,0.60489,0.60571,0.60374,0.60548,3705.03
2023-05-29,0.60546,0.60704,0.60422,0.60435,30942.56
2023-05-30,0.60432,0.60661,0.60248,0.60455,71364.63
2023-05-31,0.60453,0.60469,0.59849,0.60227,77519.65
2023-06-01,0.60227,0.60767,0.599,0.60638,75121.87
2023-06-02,0.60639,0.61107,0.60535,0.60535,77268.92
2023-06-04,0.6045,0.60583,0.6045,0.60562,2441.71
2023-06-05,0.60565,0.60849,0.60407,0.60698,57145.55
2023-06-06,0.607,0.60999,0.60454,0.60783,66272.72
2023-06-07,0.60781,0.60966,0.60289,0.60412,62712.59
2023-06-08,0.60412,0.60987,0.60399,0.60931,63893.17
2023-06-09,0.60932,0.61386,0.60844,0.61272,55226.29
2023-06-11,0.61132,0.61304,0.61037,0.61291,2001.13
2023-06-12,0.61294,0.61521,0.61051,0.61273,48747.3
2023-06-13,0.61273,0.61774,0.6106,0.61592,73693.2
2023-06-14,0.61593,0.62357,0.61419,0.61972,87496.45
2023-06-15,0.61975,0.62423,0.61533,0.62341,74813.24
2023-06-16,0.62339,0.6247,0.62097,0.62351,68100.22
2023-06-18,0.62237,0.62363,0.62146,0.62296,5632.2
2023-06-19,0.62295,0.62329,0.6191,0.62005,64986.26
2023-06-20,0.62003,0.62052,0.61336,0.61658,85458.5
2023-06-21,0.61659,0.62173,0.61556,0.62056,97304.75
2023-06-22,0.62055,0.62223,0.61669,0.61806,80696.25
2023-06-23,0.61806,0.619,0.61165,0.61398,80355.23
2023-06-25,0.61348,0.6153,0.61304,0.61474,5313.08
2023-06-26,0.61474,0.61766,0.61374,0.61622,75074.4
2023-06-27,0.61623,0.62,0.61553,0.61566,83011.16
2023-06-28,0.61569,0.61573,0.60686,0.6073,71239.07
2023-06-29,0.60729,0.61017,0.60501,0.60643,81225.34
2023-06-30,0.60645,0.61414,0.60587,0.61321,72920.58
2023-07-02,0.61232,0.61368,0.61232,0.613,2563.78
2023-07-03,0.61302,0.617,0.6126,0.61553,69108.59
2023-07-04,0.61555,0.62123,0.61407,0.61969,45879.02
2023-07-05,0.6197,0.62064,0.61708,0.61764,68287.86
2023-07-06,0.61765,0.6219,0.6132,0.61608,85302.69
2023-07-07,0.61607,0.62192,0.61536,0.62042,87211.5
2023-07-09,0.62022,0.62101,0.61907,0.62053,3213.24
2023-07-10,0.62052,0.62175,0.6166,0.62051,73050.14
2023-07-11,0.62051,0.62242,0.61666,0.61982,83588.88
2023-07-12,0.61979,0.63086,0.61842,0.63042,85982.35
2023-07-13,0.63043,0.63961,0.63004,0.63911,90182.63
2023-07-14,0.63912,0.64114,0.63639,0.63676,87542.62
2023-07-16,0.63599,0.63682,0.63532,0.63641,3561.19
2023-07-17,0.6364,0.63649,0.6308,0.63205,69893.2
2023-07-18,0.63206,0.63436,0.62593,0.62937,109252.16
2023-07-19,0.62937,0.62993,0.62248,0.6262,119453.88
2023-07-20,0.62619,0.63075,0.62126,0.62301,107850.37
2023-07-21,0.62301,0.62379,0.61633,0.61647,98012.42
2023-07-23,0.61677,0.61735,0.61573,0.61667,3687.93
2023-07-24,0.61669,0.62147,0.61553,0.61985,107995.45
2023-07-25,0.61986,0.62298,0.61894,0.62148,99981.94
2023-07-26,0.6215,0.62343,0.61817,0.6211,115952.24
2023-07-27,0.62111,0.62732,0.61707,0.61876,137215.99
2023-07-28,0.61875,0.61885,0.61204,0.61525,143305.94
2023-07-30,0.61396,0.61645,0.61364,0.6158,5813.79
2023-07-31,0.61579,0.62252,0.61549,0.62029,95110.32
2023-08-01,0.62031,0.62167,0.61308,0.61392,97166.98
2023-08-02,0.61392,0.61393,0.60679,0.60852,92699.2
2023-08-03,0.60852,0.6097,0.60599,0.60814,105660.07
2023-08-04,0.60811,0.61326,0.60695,0.60931,101751.81
2023-08-06,0.60771,0.6101,0.60771,0.60989,4753.34
2023-08-07,0.60988,0.61166,0.60843,0.61062,73073.71
2023-08-08,0.61063,0.61074,0.6034,0.60571,85885.52
2023-08-09,0.60572,0.60942,0.604,0.60603,76854.33
2023-08-10,0.606,0.61179,0.6011,0.60111,107521.04
2023-08-11,0.6011,0.60231,0.59746,0.59787,75555.42
2023-08-13,0.59833,0.59916,0.5982,0.59829,6164.13
2023-08-14,0.59826,0.59899,0.59434,0.59732,88943.35
2023-08-15,0.59734,0.59963,0.59471,0.59562,98488.22
2023-08-16,0.59564,0.59927,0.59242,0.59307,95288.37
2023-08-17,0.59308,0.59635,0.59026,0.5925,89941.5
2023-08-18,0.5925,0.59465,0.59089,0.59189,65994.05
2023-08-20,0.59243,0.59317,0.59211,0.59263,3414.15
2023-08-21,0.59262,0.59337,0.58962,0.59287,70051.95
2023-08-22,0.59286,0.59715,0.59228,0.59393,77134.28
2023-08-23,0.59392,0.59846,0.59267,0.59736,75006.3
2023-08-24,0.59741,0.59796,0.59159,0.59188,85924.42
2023-08-25,0.59187,0.59421,0.58856,0.59012,82223.03
2023-08-27,0.59022,0.59109,0.58937,0.5909,3587.18
2023-08-28,0.5909,0.59254,0.58834,0.59067,65117.18
2023-08-29,0.59066,0.59773,0.58869,0.59662,86085.51
2023-08-30,0.59661,0.60062,0.59391,0.59531,93165.68
2023-08-31,0.5953,0.59779,0.59302,0.59731,87190.11
2023-09-01,0.59729,0.60148,0.59341,0.59361,97049.73
2023-09-03,0.59357,0.59442,0.59357,0.59418,3048.0
2023-09-04,0.5942,0.59606,0.59252,0.59359,51495.86
2023-09-05,0.59359,0.59383,0.58586,0.58829,82940.69
2023-09-06,0.58826,0.59035,0.58591,0.58697,84025.37
2023-09-07,0.58696,0.58939,0.5862,0.58778,78295.83
2023-09-08,0.58781,0.59173,0.58771,0.58805,62194.04
2023-09-10,0.58898,0.59033,0.58799,0.58997,8418.51
2023-09-11,0.58996,0.59346,0.58961,0.59146,77147.83
2023-09-12,0.59145,0.59213,0.58887,0.59086,65505.13
2023-09-13,0.59086,0.59266,0.58797,0.59191,85899.45
2023-09-14,0.59191,0.59443,0.5901,0.59024,98860.32
2023-09-15,0.59025,0.59371,0.58923,0.58933,92032.56
2023-09-17,0.58892,0.59061,0.58892,0.59043,2168.01
2023-09-18,0.59043,0.59229,0.58935,0.592,54773.38
2023-09-19,0.59199,0.59534,0.59112,0.59493,85618.58
2023-09-20,0.59492,0.59849,0.59191,0.59234,114200.92
2023-09-21,0.59232,0.5941,0.58951,0.59304,103861.12
2023-09-22,0.59306,0.59882,0.59187,0.59559,98940.08
2023-09-24,0.59588,0.59623,0.59543,0.59558,6747.35
2023-09-25,0.59558,0.59737,0.59426,0.5966,74207.25
2023-09-26,0.59663,0.59732,0.59357,0.59468,86799.56
2023-09-27,0.59471,0.59563,0.58992,0.59146,102657.3
2023-09-28,0.59145,0.59729,0.59138,0.59633,117277.02
2023-09-29,0.59631,0.60484,0.59622,0.59928,118858.1
2023-10-01,0.59935,0.59999,0.59828,0.59951,5113.95
2023-10-02,0.59949,0.60076,0.59369,0.59401,97913.21
2023-10-03,0.59399,0.59399,0.58871,0.59123,129040.18
2023-10-04,0.59121,0.59246,0.58705,0.59178,132826.18
2023-10-05,0.59179,0.59703,0.59107,0.59662,127727.84
2023-10-06,0.59663,0.60031,0.59228,0.59854,131624.34
2023-10-08,0.59643,0.5976,0.59615,0.59715,9107.96
2023-10-09,0.59716,0.60328,0.596,0.60305,101057.18
2023-10-10,0.60308,0.60483,0.59983,0.60405,112918.01
2023-10-11,0.60406,0.60551,0.60064,0.60181,107579.14
2023-10-12,0.6018,0.60253,0.59194,0.59198,101450.17
2023-10-13,0.592,0.59282,0.58807,0.58812,109113.04
2023-10-15,0.59145,0.5915,0.58988,0.59062,7568.28
2023-10-16,0.59064,0.59291,0.58981,0.58997,96176.36
2023-10-17,0.58999,0.59138,0.58706,0.58941,102115.55
2023-10-18,0.5894,0.59193,0.58498,0.58531,119380.72
2023-10-19,0.58532,0.58661,0.58152,0.58403,143257.91
2023-10-20,0.58401,0.58403,0.58164,0.58228,94733.95
2023-10-22,0.58185,0.58314,0.58171,0.58282,4525.82
2023-10-23,0.5828,0.58572,0.58071,0.58504,83832.12
2023-10-24,0.58504,0.58722,0.58284,0.58461,89970.77
2023-10-25,0.58462,0.58695,0.57859,0.57914,103714.39
2023-10-26,0.57912,0.58291,0.57729,0.58274,105226.77
2023-10-27,0.58278,0.58436,0.5805,0.58069,88982.91
2023-10-29,0.58091,0.58157,0.58038,0.58073,6748.11
2023-10-30,0.58072,0.58447,0.58052,0.58386,92471.27
2023-10-31,0.58383,0.58568,0.57937,0.58067,93461.13
2023-11-01,0.58067,0.58788,0.57886,0.58788,113610.61
2023-11-02,0.5879,0.59167,0.58728,0.5895,87125.23
2023-11-03,0.58953,0.60003,0.58841,0.5995,101174.14
2023-11-05,0.59882,0.59961,0.59882,0.59946,2464.73
2023-11-06,0.59947,0.60016,0.59572,0.59607,72638.88
2023-11-07,0.59607,0.59654,0.59107,0.59341,75496.98
2023-11-08,0.59338,0.59418,0.59056,0.59117,81351.97
2023-11-09,0.59118,0.59543,0.58858,0.58883,85937.76
2023-11-10,0.58883,0.59044,0.5878,0.58879,75937.85
2023-11-12,0.58813,0.58983,0.58803,0.58932,3250.98
2023-11-13,0.58933,0.5897,0.58698,0.58818,56279.99
2023-11-14,0.5882,0.60131,0.58615,0.60033,107311.73
2023-11-15,0.60034,0.60541,0.59972,0.60278,95340.93
2023-11-16,0.60279,0.60289,0.5963,0.5964,107189.88
2023-11-17,0.59643,0.59969,0.59399,0.59854,101732.54
2023-11-19,0.59836,0.60004,0.59783,0.5994,5047.09
2023-11-20,0.59939,0.60429,0.59882,0.60392,91983.85
2023-11-21,0.6039,0.60858,0.6036,0.60533,105490.98
2023-11-22,0.60531,0.60639,0.59959,0.60203,107460.19
2023-11-23,0.60202,0.60659,0.60201,0.60475,59404.33
2023-11-24,0.60477,0.60888,0.60441,0.60787,60194.13
2023-11-26,0.60779,0.60835,0.60759,0.60762,2274.61
2023-11-27,0.60763,0.61068,0.60604,0.61027,86408.21
2023-11-28,0.61029,0.61497,0.60797,0.61448,109687.97
2023-11-29,0.61564,0.61616,0.61555,0.61609,982.86
2023-11-30,0.61538,0.61818,0.61205,0.61562,148473.16
2023-12-01,0.61564,0.62096,0.61505,0.62072,131493.73
2023-12-03,0.61905,0.62185,0.61905,0.62146,6398.79
2023-12-04,0.62146,0.62221,0.61507,0.61642,115626.21
2023-12-05,0.61643,0.61737,0.61252,0.61326,121259.74
2023-12-06,0.61328,0.61763,0.61328,0.61394,98644.35
2023-12-07,0.61391,0.61929,0.61128,0.616,129055.3
2023-12-08,0.61601,0.61746,0.61034,0.61186,141261.16
2023-12-10,0.61096,0.61264,0.61096,0.61237,2776.35
2023-12-11,0.61235,0.61319,0.61044,0.61219,95408.01
2023-12-12,0.61218,0.61692,0.61045,0.61363,119848.73
2023-12-13,0.61366,0.6213,0.60837,0.61907,138345.22
2023-12-14,0.61905,0.62489,0.61823,0.62131,205069.54
2023-12-15,0.62132,0.6229,0.61773,0.62054,130646.87
2023-12-17,0.61969,0.62128,0.6179,0.62087,4143.09
2023-12-18,0.62089,0.62507,0.62018,0.6214,93152.7
2023-12-19,0.62141,0.62722,0.6214,0.62654,80986.74
2023-12-20,0.62656,0.62981,0.6232,0.62531,91881.45
2023-12-21,0.62532,0.62975,0.62384,0.62933,135986.17
2023-12-22,0.62932,0.63173,0.62751,0.6295,182666.55
2023-12-25,0.62789,0.63049,0.62704,0.63029,1642.51
2023-12-26,0.63028,0.63341,0.6294,0.63293,146762.7
2023-12-27,0.63293,0.63485,0.63155,0.63476,74771.12
2023-12-28,0.63476,0.6369,0.63237,0.63337,165572.82
2023-12-29,0.63338,0.63583,0.6304,0.63158,170237.7
2024-01-01,0.63183,0.63245,0.63126,0.63139,2428.46
2024-01-02,0.63141,0.63205,0.62473,0.62508,113643.41
2024-01-03,0.62508,0.62758,0.62184,0.6251,122932.13
2024-01-04,0.6251,0.6285,0.62207,0.623,111293.37
2024-01-05,0.62301,0.62772,0.61805,0.62412,141979.13
2024-01-07,0.62314,0.62486,0.62314,0.62474,3001.11
2024-01-08,0.62474,0.62606,0.6212,0.62495,76918.73
2024-01-09,0.62493,0.62665,0.62255,0.62373,88128.84
2024-01-10,0.62375,0.62538,0.62153,0.62282,88352.8
2024-01-11,0.62282,0.62632,0.61952,0.62422,143972.1
2024-01-12,0.62427,0.62776,0.62298,0.62385,98668.69
2024-01-14,0.62368,0.62405,0.62258,0.62306,5191.96
2024-01-15,0.62306,0.62416,0.61828,0.61892,61931.33
2024-01-16,0.61894,0.61901,0.61262,0.61403,133274.93
2024-01-17,0.61406,0.61514,0.60877,0.6113,136100.07
2024-01-18,0.61129,0.61356,0.60941,0.61194,110929.48
2024-01-19,0.61193,0.61262,0.60891,0.61105,86128.23
2024-01-21,0.6112,0.61194,0.61054,0.61172,2782.96
2024-01-22,0.61173,0.61386,0.60649,0.60729,83030.52
2024-01-23,0.60728,0.61167,0.60615,0.61021,100752.08
2024-01-24,0.6102,0.61484,0.60884,0.61075,112562.01
2024-01-25,0.61074,0.61322,0.60995,0.61075,124630.57
2024-01-26,0.61077,0.61203,0.60891,0.60896,86632.05
2024-01-28,0.60898,0.6094,0.60853,0.609,4944.62
2024-01-29,0.609,0.61433,0.60874,0.61328,69656.64
2024-01-30,0.61329,0.61489,0.61049,0.61312,89850.08
2024-01-31,0.61313,0.61734,0.61011,0.61125,153030.36
2024-02-01,0.61124,0.61461,0.60795,0.61442,123868.64
2024-02-02,0.61441,0.61602,0.60583,0.60642,103901.03
2024-02-04,0.60636,0.60685,0.60491,0.60622,4844.12
2024-02-05,0.60619,0.60814,0.60379,0.60523,92568.04
2024-02-06,0.60525,0.61061,0.60464,0.60985,87723.9
2024-02-07,0.60984,0.61244,0.60918,0.61086,91629.39
2024-02-08,0.61085,0.61234,0.60786,0.61127,82949.67
2024-02-09,0.61127,0.61582,0.61061,0.61441,85005.01
2024-02-11,0.61394,0.61496,0.61345,0.61472,5048.13
2024-02-12,0.6147,0.61515,0.61199,0.61266,69538.38
2024-02-13,0.61269,0.61287,0.60492,0.60566,105867.14
2024-02-14,0.60566,0.60916,0.60506,0.60887,83554.92
2024-02-15,0.60888,0.61269,0.60797,0.61102,84896.28
2024-02-16,0.61104,0.61354,0.60857,0.61223,80061.95
2024-02-18,0.6119,0.61355,0.61187,0.61339,3813.72
2024-02-19,0.61341,0.6152,0.61319,0.61419,53100.34
2024-02-20,0.61422,0.61905,0.61286,0.61665,95217.75
2024-02-21,0.61666,0.61976,0.61617,0.61805,82867.65
2024-02-22,0.61804,0.62175,0.61762,0.61938,82703.9
2024-02-23,0.61937,0.62109,0.61803,0.6196,53573.08
2024-02-25,0.6193,0.61964,0.6184,0.61845,3532.85
2024-02-26,0.61844,0.61876,0.61621,0.61661,51816.6
2024-02-27,0.6166,0.61775,0.61509,0.61691,54885.5
2024-02-28,0.6169,0.61774,0.60816,0.60959,68192.9
2024-02-29,0.60961,0.61116,0.60743,0.60866,79122.47
2024-03-01,0.60866,0.61117,0.60783,0.61046,59669.83
2024-03-03,0.61064,0.61094,0.61016,0.61023,4404.02
2024-03-04,0.61025,0.61111,0.60878,0.60942,43056.69
2024-03-05,0.60943,0.61096,0.60705,0.60866,68957.44
2024-03-06,0.60865,0.61438,0.60684,0.61277,64106.55
2024-03-07,0.61277,0.61782,0.61265,0.6178,67424.33
2024-03-08,0.61779,0.62163,0.61608,0.61749,76591.23
2024-03-10,0.61733,0.61796,0.61693,0.6179,3225.6
2024-03-11,0.61791,0.61821,0.616,0.61696,57292.86
2024-03-12,0.61696,0.61839,0.61351,0.61486,82704.94
2024-03-13,0.61484,0.61694,0.61448,0.6164,65740.98
2024-03-14,0.61639,0.61747,0.61211,0.61231,71350.4
2024-03-15,0.61232,0.61241,0.60802,0.60824,55407.93
2024-03-17,0.60854,0.60883,0.60801,0.60866,3531.23
2024-03-18,0.60866,0.60998,0.60772,0.60814,53791.91
2024-03-19,0.60815,0.60824,0.60336,0.60466,62137.97
2024-03-20,0.60468,0.60925,0.60242,0.60894,83842.32
2024-03-21,0.60894,0.61065,0.60379,0.60455,84575.92
2024-03-22,0.60455,0.60515,0.59891,0.59914,62867.52
2024-03-24,0.59959,0.59997,0.59854,0.59892,4566.23
2024-03-25,0.59892,0.60126,0.5986,0.59999,54561.8
2024-03-26,0.6,0.60306,0.59958,0.60068,58455.48
2024-03-27,0.60068,0.60102,0.59874,0.59919,59837.11
2024-03-28,0.59921,0.60039,0.5956,0.5973,64141.46
2024-03-29,0.59729,0.59879,0.59662,0.59774,10944.46
2024-03-31,0.59796,0.59895,0.59745,0.59855,4619.89
2024-04-01,0.59857,0.59922,0.59392,0.5951,47705.94
2024-04-02,0.59509,0.5974,0.5943,0.59679,70461.44
2024-04-03,0.59681,0.60158,0.59519,0.60137,65607.85
2024-04-04,0.60137,0.60461,0.60117,0.60261,67940.66
2024-04-05,0.60262,0.60309,0.5985,0.60113,80243.45
2024-04-07,0.60059,0.60108,0.59961,0.60034,3900.6
2024-04-08,0.60035,0.60381,0.59994,0.60341,59052.32
2024-04-09,0.60341,0.60763,0.60335,0.60648,58771.64
2024-04-10,0.6065,0.60823,0.59657,0.59744,109704.4
2024-04-11,0.59745,0.60145,0.59688,0.6001,94604.07
2024-04-12,0.60008,0.60099,0.59332,0.59332,64771.43
2024-04-14,0.59355,0.59495,0.59326,0.59436,5408.65
2024-04-15,0.59437,0.59533,0.58981,0.5902,74667.74
2024-04-16,0.59019,0.5907,0.58591,0.58912,93393.62
2024-04-17,0.58912,0.59247,0.58911,0.5913,72905.46
2024-04-18,0.59128,0.59325,0.5898,0.59014,72045.0
2024-04-19,0.59017,0.59057,0.58517,0.58862,97189.72
2024-04-21,0.58808,0.59002,0.58808,0.58991,3327.23
2024-04-22,0.58991,0.59282,0.58941,0.5921,57890.94
2024-04-23,0.59209,0.59478,0.5902,0.5935,57050.26
2024-04-24,0.59348,0.59517,0.592,0.59355,62660.37
2024-04-25,0.59358,0.59688,0.59196,0.59565,69091.28
2024-04-26,0.59567,0.59694,0.59286,0.59384,65145.06
2024-04-28,0.59479,0.59494,0.59396,0.59471,3140.34
2024-04-29,0.59472,0.59843,0.59415,0.59696,70692.62
2024-04-30,0.59695,0.59729,0.58737,0.5877,70394.22
2024-05-01,0.58772,0.59395,0.58762,0.59284,84011.35
2024-05-02,0.59285,0.59675,0.5914,0.59633,82116.39
2024-05-03,0.59634,0.60478,0.59556,0.60097,94912.29
2024-05-05,0.60114,0.60131,0.59973,0.60065,3619.68
2024-05-06,0.60063,0.60315,0.59952,0.60085,40967.4
2024-05-07,0.60086,0.60245,0.59949,0.5996,56349.08
2024-05-08,0.5996,0.60072,0.59806,0.60031,44456.96
2024-05-09,0.6003,0.60395,0.59921,0.60348,46239.6
2024-05-10,0.60349,0.60362,0.60084,0.60185,42912.26
2024-05-12,0.60121,0.60224,0.60048,0.60166,3024.16
2024-05-13,0.60165,0.60306,0.59998,0.60228,45592.85
2024-05-14,0.60229,0.60429,0.59937,0.60418,52538.52
2024-05-15,0.60418,0.61315,0.60413,0.61285,62457.82
2024-05-16,0.61286,0.61401,0.60949,0.61234,46957.94
2024-05-17,0.61237,0.61392,0.61007,0.61334,46072.08
2024-05-19,0.61309,0.61372,0.61264,0.61346,2138.46
2024-05-20,0.61348,0.61367,0.60961,0.61065,50454.45
2024-05-21,0.61065,0.61102,0.60843,0.60921,38396.49
2024-05-22,0.60922,0.61519,0.60815,0.6099,53715.74
2024-05-23,0.60989,0.61334,0.60916,0.60954,64601.35
2024-05-24,0.60953,0.6126,0.60871,0.61202,48907.11
2024-05-26,0.61103,0.61265,0.61074,0.61203,2836.92
2024-05-27,0.61204,0.61531,0.61198,0.61509,32512.28
2024-05-28,0.61511,0.61697,0.61364,0.61397,54714.42
2024-05-29,0.61397,0.61472,0.61109,0.6113,59285.28
2024-05-30,0.61122,0.61309,0.60884,0.61152,70904.14
2024-05-31,0.61149,0.61653,0.61139,0.61425,75378.37
2024-06-02,0.6126,0.6149,0.6126,0.61476,4590.13
2024-06-03,0.61475,0.61938,0.61333,0.61917,76243.88
2024-06-04,0.61917,0.61979,0.61553,0.61742,87220.64
2024-06-05,0.61742,0.61978,0.617,0.61957,67392.01
2024-06-06,0.61959,0.62148,0.61733,0.6196,65332.03
2024-06-07,0.61958,0.62031,0.61014,0.61015,85605.41
2024-06-09,0.61025,0.61078,0.60999,0.6105,2959.44
2024-06-10,0.6105,0.61324,0.60991,0.61281,48728.75
2024-06-11,0.61281,0.61496,0.61173,0.6145,61365.4
2024-06-12,0.6145,0.62215,0.61343,0.61858,110498.78
2024-06-13,0.61856,0.61984,0.61581,0.61583,79460.47
2024-06-14,0.61585,0.6162,0.61155,0.61405,82190.2
2024-06-16,0.61197,0.61404,0.61197,0.61359,3801.99
2024-06-17,0.61359,0.61375,0.61043,0.61342,71963.1
2024-06-18,0.61341,0.61481,0.60968,0.61396,88068.76
2024-06-19,0.61396,0.61474,0.61205,0.61374,42141.86
2024-06-20,0.61373,0.61382,0.61112,0.61216,64060.08
2024-06-21,0.61217,0.61341,0.61084,0.61176,64407.92
2024-06-23,0.61115,0.61179,0.6106,0.61102,2777.88
2024-06-24,0.61103,0.61399,0.61044,0.61189,61272.79
2024-06-25,0.61187,0.613,0.61073,0.6117,56193.25
2024-06-26,0.61172,0.61274,0.60737,0.60796,74480.48
2024-06-27,0.60794,0.61081,0.60682,0.60834,61452.53
2024-06-28,0.60836,0.61044,0.60572,0.60905,72389.1
2024-06-30,0.60896,0.61034,0.60846,0.6098,3767.53
2024-07-01,0.60981,0.61075,0.60634,0.60638,79867.61
2024-07-02,0.60638,0.60834,0.60472,0.60812,80235.84
2024-07-03,0.60812,0.61286,0.60692,0.6107,61832.33
2024-07-04,0.6107,0.61223,0.61056,0.61124,31370.22
2024-07-05,0.61125,0.61484,0.61047,0.61439,73303.36
2024-07-07,0.61357,0.61473,0.61326,0.61403,4342.77
2024-07-08,0.61401,0.61532,0.61179,0.61301,47989.26
2024-07-09,0.61303,0.61326,0.61117,0.61265,51236.85
2024-07-10,0.61265,0.61315,0.60645,0.6087,71392.35
2024-07-11,0.6087,0.61341,0.60816,0.60946,116113.66
2024-07-12,0.60946,0.61257,0.60759,0.61179,82752.39
2024-07-14,0.61049,0.61119,0.60924,0.60952,5004.09
2024-07-15,0.6095,0.6102,0.60707,0.60756,64950.69
2024-07-16,0.60757,0.60762,0.60334,0.60701,73331.43
2024-07-17,0.60701,0.60971,0.60635,0.60795,81830.39
2024-07-18,0.60796,0.60816,0.60418,0.60421,72993.53
2024-07-19,0.6042,0.60421,0.60049,0.60086,69716.1
2024-07-21,0.60063,0.60274,0.60055,0.60231,5176.29
2024-07-22,0.6023,0.60231,0.59714,0.59762,58149.2
2024-07-23,0.59761,0.598,0.59502,0.59515,49557.72
2024-07-24,0.59515,0.59521,0.59134,0.5925,64756.75
2024-07-25,0.5925,0.59267,0.58802,0.58886,97037.8
2024-07-26,0.58886,0.59052,0.58825,0.58872,67461.15
2024-07-28,0.58873,0.58952,0.58858,0.58879,4573.2
2024-07-29,0.58878,0.59001,0.58574,0.58762,50660.77
2024-07-30,0.58761,0.5907,0.58674,0.59023,55634.34
2024-07-31,0.59025,0.59613,0.58874,0.5951,101569.08
2024-08-01,0.59509,0.59817,0.59335,0.59351,90022.61
2024-08-02,0.59353,0.59843,0.59301,0.59557,106510.53
2024-08-04,0.59526,0.59574,0.59394,0.5946,11898.21
2024-08-05,0.59461,0.59708,0.58493,0.59495,240547.02
2024-08-06,0.59498,0.59921,0.59126,0.5973,164758.14
2024-08-07,0.59731,0.60248,0.59706,0.59891,119424.29
2024-08-08,0.59891,0.60143,0.59768,0.60053,96380.04
2024-08-09,0.60051,0.60345,0.59939,0.59966,72064.6
2024-08-11,0.59975,0.59988,0.5989,0.59922,3827.52
2024-08-12,0.59923,0.60324,0.59915,0.60221,56204.61
2024-08-13,0.60222,0.60812,0.60168,0.6078,67793.82
2024-08-14,0.60781,0.60835,0.59924,0.5998,91758.94
2024-08-15,0.59977,0.60143,0.59739,0.59796,71333.9
2024-08-16,0.598,0.60551,0.59795,0.60511,46537.71
2024-08-18,0.60368,0.60595,0.60366,0.60564,3351.99
2024-08-19,0.60569,0.61169,0.60541,0.61169,55647.46
2024-08-20,0.6117,0.61581,0.61107,0.61558,64928.51
2024-08-21,0.61558,0.61778,0.61319,0.61614,66389.13
2024-08-22,0.61614,0.61693,0.61275,0.6141,62676.46
2024-08-23,0.61411,0.62362,0.61402,0.62319,73630.55
2024-08-25,0.62231,0.62313,0.62194,0.62233,6214.45
2024-08-26,0.62234,0.62323,0.61944,0.62045,62234.28
2024-08-27,0.62047,0.62544,0.6194,0.62422,66009.94
2024-08-28,0.62423,0.62524,0.62237,0.62465,69915.29
2024-08-29,0.62467,0.62985,0.62464,0.62623,80268.63
2024-08-30,0.62624,0.62739,0.62294,0.62484,67409.6
2024-09-01,0.62369,0.62528,0.62338,0.62462,2660.66
2024-09-02,0.6246,0.62521,0.62206,0.62293,39181.7
2024-09-03,0.62295,0.62354,0.61796,0.61858,102717.0
2024-09-04,0.61857,0.62163,0.61687,0.61857,83076.51
2024-09-05,0.61857,0.62259,0.61778,0.62233,65885.59
2024-09-06,0.62232,0.62538,0.61555,0.61711,110315.15
2024-09-08,0.61724,0.61766,0.61656,0.6169,3463.15
2024-09-09,0.6169,0.61856,0.61239,0.61413,61051.8
2024-09-10,0.61417,0.61648,0.61315,0.61491,60872.34
2024-09-11,0.6149,0.61566,0.61059,0.61315,116280.34
2024-09-12,0.61316,0.61879,0.61278,0.61869,88049.26
2024-09-13,0.61868,0.61934,0.61516,0.61562,69953.81
2024-09-15,0.61559,0.61656,0.61544,0.61626,3701.11
2024-09-16,0.61627,0.62024,0.61538,0.61952,61306.37
2024-09-17,0.61951,0.62105,0.61755,0.61916,65646.99
2024-09-18,0.61917,0.62672,0.61875,0.62092,173574.43
2024-09-19,0.62094,0.62683,0.61807,0.62359,120072.58
2024-09-20,0.62359,0.62599,0.62096,0.62365,100996.81
2024-09-22,0.62225,0.62403,0.62225,0.6235,3119.96
2024-09-23,0.6235,0.62799,0.62247,0.62664,77106.94
2024-09-24,0.62665,0.63521,0.62588,0.63516,95067.63
2024-09-25,0.63518,0.63553,0.62549,0.6255,79424.43
2024-09-26,0.6255,0.63347,0.62521,0.63302,111319.34
2024-09-27,0.63299,0.63671,0.62955,0.63401,104556.64
2024-09-29,0.63343,0.63543,0.63329,0.6349,3722.33
2024-09-30,0.63491,0.63784,0.63369,0.63444,102698.97
2024-10-01,0.63444,0.63471,0.62643,0.62818,115167.23
2024-10-02,0.62819,0.6313,0.62572,0.62579,86555.53
2024-10-03,0.62579,0.62579,0.62048,0.62161,99043.74
2024-10-04,0.62163,0.62191,0.61452,0.61568,88530.69
2024-10-06,0.61468,0.61729,0.61468,0.61581,6436.8
2024-10-07,0.6158,0.61695,0.6111,0.61272,88417.39
2024-10-08,0.61273,0.61445,0.61068,0.61302,93349.32
2024-10-09,0.61299,0.61377,0.60523,0.606815,93246.22
2024-10-10,0.606807,0.60974,0.6053,0.6095,117605.56
2024-10-11,0.60951,0.61194,0.60833,0.61088,46417.37
2024-10-13,0.60906,0.61032,0.60871,0.609,4827.16
2024-10-14,0.60899,0.61025,0.60698,0.60896,62983.45
2024-10-15,0.60896,0.61055,0.60514,0.60515,69021.88
2024-10-16,0.60514,0.60793,0.60394,0.60578,66461.18
2024-10-17,0.60577,0.60753,0.60442,0.60596,78002.55
2024-10-18,0.60596,0.60796,0.6056,0.60697,57672.55
2024-10-20,0.60653,0.60774,0.60635,0.60758,2584.56
2024-10-21,0.6076,0.60837,0.60213,0.60226,76046.43
2024-10-22,0.60227,0.60608,0.60207,0.60431,70862.14
2024-10-23,0.60431,0.60525,0.59908,0.60051,64575.34
2024-10-24,0.60051,0.60317,0.59995,0.60073,74633.73
2024-10-25,0.60074,0.60131,0.59737,0.59755,69752.35
2024-10-27,0.59736,0.5985,0.59697,0.5978,4865.33
2024-10-28,0.5978,0.59973,0.59575,0.59883,61464.33
2024-10-29,0.59881,0.59893,0.5953,0.59689,78902.48
2024-10-30,0.59688,0.60014,0.59503,0.59706,85882.83
2024-10-31,0.59707,0.5983,0.59396,0.59703,90072.11
2024-11-01,0.59702,0.59987,0.59581,0.59612,79635.19
2024-11-03,0.59958,0.59981,0.59728,0.59857,6210.54
2024-11-04,0.59859,0.6015,0.59673,0.59744,85919.18
2024-11-05,0.59727,0.60189,0.59662,0.60152,95486.23
2024-11-06,0.60154,0.60204,0.59115,0.59376,301448.15
2024-11-07,0.59375,0.60372,0.59305,0.60212,148645.29
2024-11-08,0.60212,0.60238,0.59468,0.59663,142654.23
2024-11-10,0.59631,0.59678,0.59374,0.59638,2860.8
2024-11-11,0.59637,0.59771,0.59515,0.59689,86651.39
2024-11-12,0.59688,0.59721,0.59092,0.59222,112878.66
2024-11-13,0.59222,0.59469,0.58757,0.58826,122311.62
2024-11-14,0.58827,0.58838,0.58388,0.58489,130469.18
2024-11-15,0.5849,0.588,0.58397,0.58642,136308.81
2024-11-17,0.58629,0.58649,0.58588,0.58634,2822.93
2024-11-18,0.58633,0.58977,0.58358,0.58896,92442.99
2024-11-19,0.58895,0.59198,0.58738,0.59186,119603.08
2024-11-20,0.59186,0.59215,0.58635,0.58794,76538.45
2024-11-21,0.58796,0.58857,0.5849,0.5856,113662.72
2024-11-22,0.58559,0.58571,0.5816,0.58334,120360.96
2024-11-24,0.58525,0.58688,0.5849,0.58605,7607.65
2024-11-25,0.58604,0.58674,0.57979,0.581,111225.53
2024-11-26,0.58103,0.58655,0.57965,0.58357,133869.63
2024-11-27,0.58358,0.59078,0.58263,0.58921,131738.08
2024-11-28,0.58922,0.59047,0.58799,0.58954,58936.73
2024-11-29,0.58953,0.59284,0.58923,0.59195,100695.14
2024-12-01,0.59082,0.59148,0.58992,0.59053,4030.02
2024-12-02,0.59052,0.59109,0.58634,0.58832,128863.89
2024-12-03,0.58832,0.59045,0.58641,0.58812,100438.12
2024-12-04,0.58813,0.58841,0.58286,0.58566,125129.26
2024-12-05,0.58566,0.58887,0.58516,0.58823,90307.89
2024-12-06,0.58824,0.58829,0.58208,0.58247,112058.57
2024-12-08,0.58343,0.58396,0.58306,0.58378,3699.92
2024-12-09,0.58377,0.58876,0.58039,0.58575,94206.49
2024-12-10,0.58576,0.58577,0.5791,0.58007,97327.46
2024-12-11,0.58008,0.58079,0.5761,0.57855,122818.93
2024-12-12,0.57902,0.58172,0.57591,0.57694,112814.77
2024-12-13,0.57693,0.5778,0.57534,0.57579,82744.18
2024-12-15,0.57556,0.57742,0.57528,0.5769,4002.9
2024-12-16,0.57689,0.57915,0.57585,0.5791,76271.34
2024-12-17,0.57912,0.57925,0.57495,0.57577,84303.54
2024-12-18,0.57577,0.57583,0.56125,0.5616,144178.87
2024-12-19,0.56161,0.56618,0.56075,0.5626,127957.9
2024-12-20,0.56259,0.56721,0.56123,0.56468,144998.14
2024-12-22,0.56496,0.56565,0.56401,0.56517,4641.45
2024-12-23,0.56518,0.56606,0.56314,0.56452,89929.7
2024-12-24,0.56448,0.56625,0.56152,0.56249,65153.48
2024-12-25,0.56249,0.56534,0.56208,0.565,8332.5
2024-12-26,0.56501,0.56594,0.56198,0.56244,79139.86
2024-12-27,0.56244,0.5643,0.56135,0.56232,116169.28
2024-12-29,0.56269,0.56462,0.56243,0.56385,3148.67
2024-12-30,0.56386,0.56641,0.56276,0.56384,91446.4
2024-12-31,0.56383,0.56462,0.55874,0.55935,120268.42
2025-01-01,0.55941,0.56035,0.55886,0.55971,4618.55
2025-01-02,0.55971,0.56241,0.55862,0.55926,109306.22
2025-01-03,0.55928,0.56138,0.55925,0.56097,70903.22
2025-01-05,0.5611,0.56198,0.56081,0.56164,3355.53
2025-01-06,0.56165,0.56842,0.56135,0.5637,113596.21
2025-01-07,0.56373,0.56923,0.56314,0.56334,105409.93
2025-01-08,0.56336,0.56413,0.5589,0.56043,85433.64
2025-01-09,0.56044,0.56062,0.55715,0.55926,66457.75
2025-01-10,0.55927,0.56025,0.55422,0.5548,122382.25
2025-01-12,0.55514,0.55668,0.55491,0.55627,3304.17
2025-01-13,0.55627,0.5617,0.5541,0.56011,109329.41
2025-01-14,0.56011,0.56308,0.55833,0.56019,99422.94
2025-01-15,0.56018,0.56506,0.55959,0.56273,89223.03
2025-01-16,0.56272,0.56326,0.55817,0.56071,101329.11
2025-01-17,0.56071,0.5615,0.55627,0.55769,95832.01
2025-01-19,0.55918,0.55929,0.55788,0.55885,2749.54
2025-01-20,0.55886,0.56837,0.55878,0.56804,131896.91
2025-01-21,0.56806,0.56887,0.56162,0.56598,135276.14
2025-01-22,0.56599,0.56875,0.56486,0.56618,92776.0
2025-01-23,0.5662,0.56854,0.56461,0.56744,92034.62
2025-01-24,0.56743,0.5723,0.56709,0.5701,113129.64
2025-01-26,0.56943,0.5701,0.56905,0.56935,4049.23
2025-01-27,0.56934,0.57048,0.56589,0.5664,132546.31
2025-01-28,0.56641,0.56722,0.56478,0.56632,90960.8
2025-01-29,0.56631,0.56679,0.56337,0.56647,97836.88
2025-01-30,0.56647,0.56672,0.56217,0.56345,109324.66
2025-01-31,0.56345,0.56836,0.56232,0.56352,113251.22
2025-02-02,0.55816,0.55934,0.55665,0.55683,14573.42
2025-02-03,0.55682,0.56405,0.55158,0.56268,190790.22
2025-02-04,0.56268,0.56544,0.55814,0.56461,98797.76
2025-02-05,0.56462,0.5702,0.56454,0.56871,94442.61
2025-02-06,0.56873,0.56907,0.56513,0.56734,68612.9
2025-02-07,0.56733,0.56945,0.56401,0.56586,96067.62
2025-02-09,0.56332,0.56509,0.56332,0.56445,6090.19
2025-02-10,0.56444,0.56634,0.56282,0.56335,69131.53
2025-02-11,0.56336,0.56607,0.56291,0.56574,56428.02
2025-02-12,0.56574,0.56714,0.56001,0.56403,95041.65
2025-02-13,0.56402,0.568,0.56224,0.56786,86414.14
2025-02-14,0.56785,0.57378,0.56752,0.57261,85454.76
2025-02-16,0.57152,0.57325,0.57147,0.57322,5614.49
2025-02-17,0.57321,0.57498,0.57273,0.57304,41896.79
2025-02-18,0.57305,0.57318,0.56936,0.57033,67921.85
2025-02-19,0.57034,0.57314,0.56773,0.57002,73962.48
2025-02-20,0.57003,0.57719,0.56931,0.57641,80494.66
2025-02-21,0.57641,0.57713,0.57346,0.57363,76365.29
2025-02-23,0.57405,0.57556,0.57335,0.57487,4072.87
2025-02-24,0.57489,0.57695,0.57247,0.57256,89326.91
2025-02-25,0.57256,0.57381,0.57059,0.57295,82349.06
2025-02-26,0.57295,0.57323,0.56875,0.56978,94780.65
2025-02-27,0.56977,0.5698,0.56246,0.56253,94632.17
2025-02-28,0.56253,0.56281,0.55847,0.55967,87381.29
2025-03-02,0.55985,0.56081,0.55978,0.56032,3934.82
2025-03-03,0.5603,0.56399,0.5593,0.56118,101896.79
2025-03-04,0.56117,0.56685,0.55949,0.566,135418.98
2025-03-05,0.56599,0.57313,0.56371,0.57272,137153.23
2025-03-06,0.57271,0.57592,0.57196,0.57352,130267.39
2025-03-07,0.57352,0.57409,0.56919,0.57078,94640.58
2025-03-09,0.57131,0.57143,0.56866,0.5708,8425.54
2025-03-10,0.57078,0.57421,0.56856,0.56944,94169.91
2025-03-11,0.56942,0.57263,0.56771,0.57109,105155.47
2025-03-12,0.57111,0.57379,0.56974,0.5737,86267.15
2025-03-13,0.57368,0.57414,0.5682,0.57017,78432.34
2025-03-14,0.57016,0.5755,0.56956,0.57423,59225.3
2025-03-16,0.57411,0.57623,0.57406,0.57508,10667.89
2025-03-17,0.57507,0.58269,0.57456,0.58221,54477.52
2025-03-18,0.58223,0.58308,0.57975,0.58176,71062.61
2025-03-19,0.58177,0.58251,0.57752,0.58186,82451.08
2025-03-20,0.58186,0.58201,0.57225,0.57603,72731.8
2025-03-21,0.57601,0.5767,0.57242,0.5732,55855.15
2025-03-23,0.57283,0.57449,0.57265,0.5744,4032.77
2025-03-24,0.57438,0.57492,0.57092,0.5726,63861.07
2025-03-25,0.57259,0.57501,0.57107,0.57322,62128.05
2025-03-26,0.57324,0.57622,0.57112,0.57171,70533.54
2025-03-27,0.57171,0.57551,0.57169,0.57346,74358.9
2025-03-28,0.57346,0.57359,0.57097,0.57097,60938.49
2025-03-30,0.57147,0.57167,0.56933,0.57057,6405.01
2025-03-31,0.57059,0.5722,0.56482,0.56684,71686.57
2025-04-01,0.56685,0.57141,0.56624,0.57111,80598.44
2025-04-02,0.5711,0.5779,0.5681,0.5726,92150.78
2025-04-03,0.57259,0.58527,0.5719,0.5787,152754.73
2025-04-04,0.5787,0.57965,0.55509,0.55931,236532.22
2025-04-06,0.5576,0.55788,0.55371,0.55397,38065.45
2025-04-07,0.55398,0.56436,0.5506,0.55357,316978.92
2025-04-08,0.55357,0.56254,0.55068,0.55138,185765.24
2025-04-09,0.55139,0.56677,0.54851,0.56356,307807.94
2025-04-10,0.56356,0.57651,0.56275,0.57464,231708.91
2025-04-11,0.57463,0.58395,0.57424,0.5823,271263.98
2025-04-13,0.58141,0.58431,0.58138,0.58343,16207.1
2025-04-14,0.58345,0.58912,0.583,0.58641,141344.25
2025-04-15,0.58642,0.59436,0.58642,0.58937,117958.93
2025-04-16,0.58937,0.59429,0.58892,0.5935,143993.98
2025-04-17,0.59351,0.59774,0.58994,0.59699,102016.94
2025-04-18,0.59697,0.5973,0.59239,0.59301,389820.86
2025-04-20,0.59179,0.59598,0.5915,0.59589,13804.81
2025-04-21,0.5959,0.60185,0.59582,0.59996,83614.0
2025-04-22,0.59998,0.60288,0.59362,0.59586,107608.52
2025-04-23,0.59589,0.60133,0.59413,0.595,119453.67
2025-04-24,0.59501,0.60005,0.5941,0.59872,77893.85
2025-04-25,0.59872,0.59993,0.59479,0.5961,80448.77
2025-04-27,0.59471,0.5965,0.59467,0.59486,4699.29
2025-04-28,0.59487,0.59819,0.59279,0.59701,78826.62
2025-04-29,0.59701,0.59864,0.59257,0.5938,72174.42
2025-04-30,0.59377,0.59495,0.58979,0.59353,87023.46
2025-05-01,0.59353,0.59507,0.58933,0.59118,67410.71
2025-05-02,0.59119,0.59772,0.59069,0.5943,92942.4
2025-05-04,0.59388,0.59598,0.59365,0.5949,8194.26
2025-05-05,0.5949,0.59955,0.59404,0.59602,70527.68
2025-05-06,0.59606,0.60213,0.59434,0.60116,88012.36
2025-05-07,0.60115,0.60223,0.5933,0.59383,97610.7
2025-05-08,0.59386,0.59741,0.58968,0.58994,87975.21
2025-05-09,0.58993,0.59202,0.58702,0.59071,61985.05
2025-05-11,0.59206,0.59257,0.59078,0.59177,9767.77
2025-05-12,0.59179,0.59399,0.58462,0.58605,112634.99
2025-05-13,0.58605,0.59418,0.58465,0.59357,76170.04
2025-05-14,0.59356,0.59685,0.58856,0.58959,86842.18
2025-05-15,0.58959,0.59155,0.58603,0.58719,73798.14
2025-05-16,0.58719,0.59177,0.58647,0.58764,62518.38
2025-05-18,0.58781,0.58917,0.58729,0.58855,4277.25
2025-05-19,0.58857,0.59322,0.58797,0.59281,70623.99
2025-05-20,0.5928,0.59316,0.58938,0.59271,90897.39
2025-05-21,0.59271,0.59675,0.59234,0.59326,120709.17
2025-05-22,0.59328,0.59413,0.58896,0.5897,89258.18
2025-05-23,0.58968,0.59893,0.58954,0.59824,81970.02
2025-05-25,0.59842,0.59961,0.59776,0.59912,8701.42
2025-05-26,0.59911,0.60311,0.59892,0.59937,58298.1
2025-05-27,0.59937,0.60062,0.59396,0.59476,81715.49
2025-05-28,0.59475,0.59791,0.59233,0.59553,97896.63
2025-05-29,0.59555,0.59917,0.59247,0.59758,98892.95
2025-05-30,0.5976,0.59893,0.59468,0.5954,90654.13
2025-06-01,0.59566,0.59794,0.59562,0.59729,6709.79
2025-06-02,0.59729,0.60479,0.59726,0.60476,75510.32
2025-06-03,0.60475,0.60542,0.59872,0.60048,69453.73
2025-06-04,0.60049,0.60389,0.59914,0.6025,72644.69
2025-06-05,0.60252,0.60797,0.6025,0.60409,86048.27
2025-06-06,0.60408,0.60501,0.60061,0.60115,84535.77
2025-06-08,0.60114,0.60276,0.60019,0.60215,5370.51
2025-06-09,0.60214,0.60651,0.60131,0.60487,71794.61
2025-06-10,0.60488,0.60616,0.60274,0.6059,78969.67
2025-06-11,0.60592,0.60656,0.60213,0.6035,73801.15
2025-06-12,0.60356,0.6071,0.60054,0.60645,90917.62
2025-06-13,0.60644,0.60655,0.59947,0.60128,116595.67
2025-06-15,0.60013,0.60176,0.60003,0.60168,24193.99
2025-06-16,0.60168,0.60875,0.60034,0.60521,87319.01
2025-06-17,0.60522,0.60793,0.60087,0.60181,83781.24
2025-06-18,0.6018,0.60564,0.60159,0.60275,108796.28
2025-06-19,0.60274,0.603,0.59585,0.59994,88919.04
2025-06-20,0.59993,0.60088,0.59626,0.59643,74561.0
2025-06-22,0.59441,0.5966,0.59277,0.59606,8739.22
2025-06-23,0.59608,0.60012,0.58826,0.5993,112221.18
2025-06-24,0.5993,0.60407,0.59876,0.60106,83383.36
2025-06-25,0.60105,0.60555,0.60093,0.60528,60612.11
2025-06-26,0.6053,0.60745,0.60286,0.60587,86632.63
2025-06-27,0.60587,0.60778,0.60365,0.60504,86202.32
2025-06-29,0.60466,0.60674,0.60423,0.60619,6912.66
2025-06-30,0.60617,0.60983,0.60566,0.60908,77026.3
2025-07-01,0.60906,0.612,0.60748,0.60989,73903.39
2025-07-02,0.6099,0.61059,0.60495,0.60883,73580.53
2025-07-03,0.60883,0.60925,0.60298,0.60782,71979.32
2025-07-04,0.6078,0.60816,0.60498,0.60543,90201.43
2025-07-06,0.60499,0.60618,0.60467,0.60489,3634.85
2025-07-07,0.60489,0.60521,0.5988,0.60068,73071.09
2025-07-08,0.60069,0.60349,0.59789,0.59925,91915.71
2025-07-09,0.59924,0.6014,0.59755,0.59985,67624.03
2025-07-10,0.59983,0.60428,0.59961,0.60402,57166.92
2025-07-11,0.60402,0.60414,0.60004,0.60059,80048.89
2025-07-13,0.59938,0.60064,0.59908,0.60052,4320.01
2025-07-14,0.60051,0.60143,0.59655,0.59701,55479.98
2025-07-15,0.59702,0.60056,0.59381,0.59537,76569.58
2025-07-16,0.59539,0.59693,0.59122,0.59437,86927.56
2025-07-17,0.59437,0.59446,0.59045,0.5943,74229.95
2025-07-18,0.59429,0.59907,0.5942,0.59534,62119.83
2025-07-20,0.59684,0.5969,0.59409,0.59513,7213.39
2025-07-21,0.59513,0.59846,0.59382,0.59683,49282.29
2025-07-22,0.59683,0.60081,0.59403,0.59977,81746.22
2025-07-23,0.59976,0.60511,0.59938,0.60469,72421.23
2025-07-24,0.60467,0.6059,0.60241,0.60352,62474.27
2025-07-25,0.60353,0.60388,0.59975,0.60139,60444.89
2025-07-27,0.6009,0.60227,0.60074,0.60182,3497.76
2025-07-28,0.60181,0.60325,0.59624,0.59716,69822.12
2025-07-29,0.59716,0.59759,0.59421,0.5954,62165.93
2025-07-30,0.59541,0.5971,0.58881,0.59068,105364.28
2025-07-31,0.59068,0.59367,0.58836,0.58866,104652.53
2025-08-01,0.58864,0.59286,0.58562,0.59104,110580.33
2025-08-03,0.59063,0.59196,0.59039,0.59138,4951.16
2025-08-04,0.59138,0.593,0.58944,0.59158,75269.04
2025-08-05,0.59158,0.59222,0.58809,0.59073,78564.64
2025-08-06,0.5907,0.59409,0.59043,0.5927,58840.22
2025-08-07,0.5927,0.59716,0.59225,0.59684,71141.4
2025-08-08,0.59683,0.59705,0.5947,0.59497,48938.85
2025-08-10,0.59516,0.59549,0.59452,0.59469,2820.74
2025-08-11,0.59469,0.59586,0.59238,0.59385,49473.4
2025-08-12,0.59384,0.59656,0.59127,0.5957,75801.95
2025-08-13,0.59571,0.59956,0.59446,0.59796,53742.33
2025-08-14,0.59794,0.59906,0.59083,0.59202,99711.68
2025-08-15,0.592,0.59386,0.59071,0.59189,42560.89
2025-08-17,0.59196,0.59297,0.59169,0.59282,1837.55
2025-08-18,0.59282,0.59422,0.59094,0.59227,57947.17
2025-08-19,0.59226,0.59302,0.58851,0.58967,60456.96
2025-08-20,0.58966,0.58976,0.58121,0.58271,77291.96
2025-08-21,0.58272,0.58324,0.58102,0.58209,58441.13
2025-08-22,0.58207,0.58758,0.57995,0.58651,63358.48
2025-08-24,0.5864,0.587,0.58583,0.58639,3482.89
2025-08-25,0.5864,0.58803,0.58451,0.58479,51748.39
2025-08-26,0.5848,0.58678,0.5819,0.58566,68484.08
2025-08-27,0.58566,0.58647,0.58179,0.58604,57027.45
2025-08-28,0.58602,0.58915,0.58531,0.58825,61745.68
2025-08-29,0.58826,0.59053,0.58802,0.58945,52929.08
2025-08-31,0.58822,0.58989,0.58822,0.58957,2452.4
2025-09-01,0.58958,0.5914,0.58894,0.59043,38004.05
2025-09-02,0.59044,0.59075,0.58375,0.58608,95847.31
2025-09-03,0.58605,0.58833,0.58409,0.58803,77446.24
2025-09-04,0.58805,0.58897,0.58324,0.58503,60754.08
2025-09-05,0.58504,0.59175,0.58495,0.58908,60763.99
2025-09-07,0.58904,0.58927,0.58787,0.58877,3647.88
2025-09-08,0.58877,0.59452,0.58818,0.59444,48542.54
2025-09-09,0.59444,0.59592,0.59217,0.5926,56948.18
2025-09-10,0.5926,0.59635,0.59208,0.59424,63059.47
2025-09-11,0.5942,0.59793,0.59133,0.59767,62842.65
2025-09-12,0.59764,0.59777,0.59397,0.59518,42096.84
2025-09-14,0.59379,0.59559,0.59378,0.59534,4733.5
2025-09-15,0.59536,0.59743,0.59493,0.59673,43865.24
2025-09-16,0.59671,0.59905,0.59551,0.5988,53248.31
2025-09-17,0.59883,0.6007,0.59317,0.59335,77544.08
2025-09-18,0.59336,0.5935,0.58711,0.5889,111169.28
2025-09-19,0.58893,0.58913,0.58533,0.58539,57529.73
2025-09-21,0.58544,0.58632,0.58498,0.58499,2685.32
2025-09-22,0.58498,0.5871,0.58423,0.58682,52660.87
2025-09-23,0.58685,0.58689,0.58371,0.58563,50681.99
2025-09-24,0.58564,0.5866,0.5808,0.58147,60996.01
2025-09-25,0.58146,0.58309,0.57565,0.57624,77974.0
2025-09-26,0.57622,0.57756,0.57538,0.57727,62877.16
2025-09-28,0.57642,0.5779,0.5761,0.5777,1540.29
2025-09-29,0.57768,0.57956,0.5764,0.57796,55086.08
2025-09-30,0.57797,0.58073,0.5773,0.5795,69702.47
2025-10-01,0.5795,0.58308,0.57857,0.58206,81775.12
2025-10-02,0.58204,0.58426,0.57967,0.58188,65045.58
2025-10-03,0.5819,0.5838,0.58134,0.58303,50996.17
2025-10-05,0.58151,0.58248,0.5805,0.58232,7286.47
2025-10-06,0.58232,0.58446,0.581,0.58397,50834.6
2025-10-07,0.58404,0.58409,0.57883,0.57967,53614.81
2025-10-08,0.57966,0.57987,0.57365,0.57831,77846.91
2025-10-09,0.57835,0.5806,0.57335,0.57514,69702.14
2025-10-10,0.57515,0.5758,0.57154,0.5721,69889.14
2025-10-12,0.57376,0.5745,0.57171,0.57253,10969.39
2025-10-13,0.57253,0.57448,0.57155,0.57164,56223.48
2025-10-14,0.57163,0.5726,0.56823,0.57119,79281.94
2025-10-15,0.57117,0.57314,0.57053,0.57149,52710.39
2025-10-16,0.57149,0.57549,0.57125,0.57257,73667.7
2025-10-17,0.57257,0.57426,0.57114,0.5722,68461.98
2025-10-19,0.57248,0.57342,0.57173,0.57302,3777.36
2025-10-20,0.57299,0.57528,0.57249,0.57428,48656.43
2025-10-21,0.57427,0.57517,0.57094,0.57413,62456.6
2025-10-22,0.57414,0.57606,0.57323,0.57356,60066.26
2025-10-23,0.57354,0.57561,0.57239,0.57544,47525.9
2025-10-24,0.57543,0.57775,0.57377,0.57456,68110.59
2025-10-26,0.57753,0.57761,0.57513,0.5759,5085.82
2025-10-27,0.57589,0.57775,0.57514,0.57741,58573.22
2025-10-28,0.5774,0.57892,0.57585,0.57821,60549.56
2025-10-29,0.5782,0.58012,0.57486,0.5763,83713.04
2025-10-30,0.57629,0.57878,0.57253,0.57439,71953.21
2025-10-31,0.57441,0.57446,0.57135,0.57226,49322.57
2025-11-02,0.57197,0.57246,0.57143,0.57212,3837.95
2025-11-03,0.57211,0.57297,0.56919,0.57057,46592.31
2025-11-04,0.57056,0.57057,0.56347,0.56414,67719.14
2025-11-05,0.56414,0.56663,0.56302,0.56659,56269.75
2025-11-06,0.56659,0.56697,0.56254,0.56377,70659.06
2025-11-07,0.56376,0.56385,0.56057,0.5621,59741.71
2025-11-09,0.56238,0.563,0.56213,0.56257,5030.73
2025-11-10,0.56256,0.56502,0.56202,0.56422,48001.73
2025-11-11,0.56423,0.56685,0.56309,0.56559,45036.83
2025-11-12,0.56558,0.56704,0.56452,0.5661,49700.22
2025-11-13,0.56612,0.56823,0.5634,0.56489,64512.86
2025-11-14,0.5649,0.5691,0.56453,0.568,68031.72
2025-11-16,0.56751,0.56804,0.56745,0.56749,2395.5
2025-11-17,0.5675,0.56888,0.56483,0.56533,54992.15
2025-11-18,0.56533,0.56747,0.56379,0.56581,72914.61
2025-11-19,0.56581,0.56592,0.55896,0.56144,68383.93
2025-11-20,0.56144,0.56384,0.55792,0.55899,77867.72
2025-11-21,0.55898,0.56152,0.55824,0.56125,77796.77
2025-11-23,0.56088,0.56144,0.56064,0.56116,2223.55
2025-11-24,0.56116,0.56141,0.55951,0.56114,47523.75
2025-11-25,0.56114,0.56281,0.5591,0.56244,69992.66
2025-11-26,0.56245,0.57058,0.5623,0.57037,92094.78
2025-11-27,0.57038,0.57314,0.57034,0.57286,46160.09
2025-11-28,0.57287,0.57433,0.57036,0.57276,269299.18
2025-11-30,0.57242,0.57391,0.57242,0.57354,3950.29
2025-12-01,0.57353,0.57513,0.57165,0.57248,58765.77
2025-12-02,0.57248,0.57443,0.57106,0.57404,49704.49
2025-12-03,0.57405,0.57772,0.57344,0.57725,50707.0
2025-12-04,0.57726,0.57783,0.57571,0.57585,58878.87
2025-12-05,0.57587,0.57867,0.57587,0.5774,45507.56
2025-12-07,0.57732,0.57768,0.57669,0.57743,6837.94
2025-12-08,0.57744,0.57922,0.57582,0.57754,48625.11
2025-12-09,0.57753,0.57944,0.57662,0.57785,67671.78
2025-12-10,0.57788,0.58242,0.57609,0.58155,70953.18
2025-12-11,0.58158,0.5831,0.57877,0.58091,65096.21
2025-12-12,0.5809,0.58203,0.57873,0.58014,61110.55
2025-12-14,0.57928,0.58034,0.57871,0.5801,3455.09
2025-12-15,0.5801,0.58081,0.57653,0.57848,59027.61
2025-12-16,0.57849,0.58067,0.57577,0.57834,84827.33
2025-12-17,0.57832,0.57938,0.57668,0.57683,66541.33
2025-12-18,0.57683,0.57874,0.57542,0.57744,68246.22
2025-12-19,0.5775,0.57829,0.57357,0.57533,54721.97
2025-12-21,0.57373,0.5757,0.57373,0.57555,10786.96
2025-12-22,0.57555,0.58011,0.57554,0.57951,58540.13
2025-12-23,0.5795,0.58429,0.57943,0.58425,74914.9
2025-12-24,0.58424,0.5853,0.58243,0.58266,62921.08
2025-12-25,0.58253,0.58419,0.58233,0.58351,3523.75
2025-12-26,0.58352,0.58419,0.58175,0.58237,61029.19
2025-12-28,0.58225,0.58298,0.58215,0.58257,3591.7
2025-12-29,0.58257,0.58332,0.57898,0.58074,82525.56
2025-12-30,0.58072,0.58191,0.5788,0.57899,47840.04
2025-12-31,0.57899,0.57917,0.57394,0.57557,54420.71
2026-01-01,0.57546,0.57605,0.57515,0.5757,1951.76
2026-01-02,0.57571,0.57775,0.57508,0.57645,46328.92
2026-01-04,0.57566,0.5769,0.57253,0.57543,5132.29
2026-01-05,0.57543,0.57916,0.57413,0.57851,70428.72
2026-01-06,0.57852,0.581,0.57681,0.57804,73282.84
2026-01-07,0.57806,0.5793,0.57672,0.57729,69798.48
2026-01-08,0.57729,0.57738,0.5737,0.57493,66842.04
2026-01-09,0.57493,0.57493,0.57108,0.57252,73438.25
2026-01-11,0.57266,0.57332,0.57226,0.57287,2612.76
2026-01-12,0.57286,0.57745,0.57259,0.57725,58922.94
2026-01-13,0.57724,0.57821,0.57322,0.57377,69779.47
2026-01-14,0.57375,0.57557,0.573,0.57424,63777.41
2026-01-15,0.57422,0.57519,0.5725,0.57429,56829.98
2026-01-16,0.57431,0.5767,0.57413,0.57499,49979.07
2026-01-18,0.5741,0.57634,0.57403,0.57632,5199.22
2026-01-19,0.57633,0.58027,0.57528,0.57921,62098.74
2026-01-20,0.57924,0.5851,0.57884,0.58262,103577.01
2026-01-21,0.58261,0.58659,0.58203,0.5837,101950.24
2026-01-22,0.58371,0.59282,0.58357,0.59154,68290.77
2026-01-23,0.59152,0.59509,0.5891,0.59468,63395.21
2026-01-25,0.59356,0.59748,0.59356,0.59608,6444.48
2026-01-26,0.59607,0.59987,0.59514,0.59695,79742.41
2026-01-27,0.59693,0.60505,0.59545,0.60285,104386.42
2026-01-28,0.60286,0.60702,0.60074,0.60639,121768.55
2026-01-29,0.60639,0.60922,0.6022,0.6075,145259.0
2026-01-30,0.60751,0.60796,0.60094,0.60184,159346.46
2026-02-01,0.60101,0.6024,0.59926,0.60081,10472.56
2026-02-02,0.60081,0.60333,0.599,0.60117,170984.48
2026-02-03,0.60115,0.6063,0.60058,0.60408,124833.9
2026-02-04,0.60406,0.60486,0.59871,0.5997,106273.62
2026-02-05,0.59968,0.60084,0.59368,0.59377,123404.26
2026-02-06,0.59377,0.60267,0.5928,0.60133,73111.05
2026-02-08,0.60114,0.60337,0.60093,0.60317,5778.1
2026-02-09,0.60316,0.60595,0.59966,0.60515,81456.85
2026-02-10,0.60515,0.6061,0.60316,0.60398,65562.89
2026-02-11,0.604,0.6073,0.60231,0.60475,101963.18
2026-02-12,0.60473,0.60757,0.60254,0.60311,88692.99
2026-02-13,0.60309,0.60504,0.6014,0.60377,88798.62
2026-02-15,0.60273,0.60388,0.60194,0.60328,3013.08
2026-02-16,0.60326,0.60479,0.60274,0.60312,34805.54
2026-02-17,0.60314,0.60528,0.6004,0.6047,78744.34
2026-02-18,0.60469,0.60502,0.59572,0.59656,62778.91
2026-02-19,0.59657,0.59902,0.59453,0.59696,75892.19
2026-02-20,0.59698,0.59848,0.59377,0.59714,106343.48
2026-02-22,0.59748,0.6003,0.59728,0.6003,3933.47
2026-02-23,0.60029,0.60029,0.59475,0.59589,82615.26
2026-02-24,0.59589,0.59736,0.59421,0.59632,66384.78
2026-02-25,0.59633,0.60022,0.59592,0.59996,66756.92
2026-02-26,0.59995,0.60125,0.59568,0.59792,70957.24
2026-02-27,0.59793,0.60043,0.59701,0.59905,64081.11
2026-03-01,0.59478,0.59757,0.59474,0.5956,8299.15
2026-03-02,0.59561,0.59943,0.59156,0.5946,129202.95
2026-03-03,0.59461,0.59552,0.58356,0.58874,180225.99
2026-03-04,0.58875,0.5943,0.58609,0.59365,142635.35
2026-03-05,0.59365,0.59481,0.58726,0.58953,144433.63
2026-03-06,0.58952,0.59154,0.5857,0.5897,143453.32
2026-03-08,0.58641,0.58755,0.5848,0.5851,17172.28
2026-03-09,0.58509,0.59389,0.58493,0.59257,181197.02
2026-03-10,0.59256,0.5964,0.5907,0.59235,132218.33
2026-03-11,0.59236,0.5948,0.5892,0.58943,102509.84
2026-03-12,0.58944,0.59133,0.58475,0.58526,101256.67
2026-03-13,0.58525,0.58617,0.57705,0.57705,94893.15
2026-03-15,0.57905,0.57971,0.57776,0.5795,8912.77
2026-03-16,0.57949,0.58687,0.57944,0.58525,84333.44
2026-03-17,0.58525,0.58682,0.58164,0.58571,78632.67
2026-03-18,0.58571,0.5872,0.57845,0.57944,111830.14
2026-03-19,0.57944,0.5892,0.57935,0.58665,152757.78
2026-03-20,0.58664,0.58914,0.58174,0.58305,111422.98
2026-03-22,0.58144,0.58341,0.58044,0.58318,8029.9
2026-03-23,0.5832,0.58868,0.57617,0.58536,263795.47
2026-03-24,0.58538,0.58604,0.57933,0.58354,177350.37
2026-03-25,0.58355,0.58431,0.58011,0.58054,115703.98
2026-03-26,0.58053,0.58084,0.575,0.57596,100628.28
2026-03-27,0.57594,0.57775,0.57375,0.57438,94097.54
2026-03-29,0.5746,0.57469,0.57246,0.57265,8135.39
2026-03-30,0.57268,0.5749,0.5699,0.5716,92431.57
2026-03-31,0.57162,0.57562,0.56974,0.57548,128729.6
2026-04-01,0.57548,0.57771,0.57303,0.57484,103164.31
2026-04-02,0.57482,0.57585,0.56993,0.57163,115914.13
2026-04-03,0.57163,0.57198,0.56794,0.56819,28520.61
2026-04-05,0.56867,0.5693,0.56808,0.56851,5009.22
2026-04-06,0.56851,0.57292,0.56846,0.57131,83700.1
2026-04-07,0.5713,0.5818,0.56891,0.5808,122903.71
2026-04-08,0.58081,0.58587,0.57848,0.58241,125847.64
2026-04-09,0.58243,0.58731,0.58159,0.58501,75881.78
2026-04-10,0.58505,0.58687,0.58322,0.58334,58684.28
2026-04-12,0.57941,0.58146,0.57917,0.58028,13989.4
2026-04-13,0.58027,0.5873,0.58001,0.58707,68402.36
2026-04-14,0.58707,0.59197,0.58564,0.59021,71299.77
2026-04-15,0.5902,0.59191,0.58913,0.59109,65145.36
2026-04-16,0.59113,0.59218,0.58814,0.58847,63657.36
2026-04-17,0.58847,0.59288,0.58776,0.58788,77094.28
2026-04-19,0.58515,0.58689,0.58492,0.58647,7154.96
2026-04-20,0.58649,0.59157,0.58626,0.59049,64552.83
2026-04-21,0.59052,0.59202,0.58716,0.58967,98994.72
2026-04-22,0.58965,0.59224,0.58965,0.59046,55898.64
2026-04-23,0.59046,0.59096,0.58399,0.58524,92115.35
2026-04-24,0.58526,0.58826,0.58398,0.5879,62725.48
2026-04-26,0.5856,0.58738,0.5853,0.58694,4283.73
2026-04-27,0.58695,0.59234,0.58695,0.59112,60640.23
2026-04-28,0.59113,0.59176,0.58647,0.58871,71740.29
2026-04-29,0.58873,0.58917,0.58146,0.58389,79091.32
2026-04-30,0.5839,0.59102,0.58209,0.59056,111973.37
